time_ms,acc_x,acc_y,acc_z,gyro_x,gyro_y,gyro_z,temp_c,label
50,-7.3933,-4.7118,-2.8395,-16.5954,57.9237,-3.3893,41.47,In Hand
100,-7.8338,-4.7214,-2.6552,-7.6947,52.8702,-12.5954,41.57,In Hand
150,-8.3199,-4.5442,-2.6863,-4.1527,35.5878,-13.1298,41.75,In Hand
200,-8.3366,-4.4365,-3.0095,-8.9008,16.5038,-11.5725,41.61,In Hand
250,-8.4539,-4.6926,-3.6176,-13.7557,5.6489,-20.8550,41.61,In Hand
300,-7.9895,-4.3120,-4.0845,-28.8397,17.4656,-41.8473,41.71,In Hand
350,-7.0437,-4.1276,-3.7445,-43.3893,30.6412,-54.0153,41.42,In Hand
400,-8.0876,-4.8387,-3.8044,-51.3130,33.9695,-41.4504,41.61,In Hand
450,-7.9224,-5.0230,-3.3758,-40.9313,18.9466,-17.6489,41.89,In Hand
500,-7.2808,-4.8315,-2.8970,-20.8092,2.8244,-0.4275,41.89,In Hand
550,-7.6064,-4.6448,-3.3303,3.9389,-21.0229,9.3588,41.47,In Hand
600,-7.6231,-4.7860,-3.9983,13.5725,-35.2672,23.7099,41.38,In Hand
650,-7.5322,-4.6687,-4.1444,24.7023,-38.5496,18.6412,41.42,In Hand
700,-7.2329,-4.2521,-3.9863,27.5114,-45.4809,26.5038,41.42,In Hand
750,-6.8115,-3.9983,-3.8930,23.1908,-45.8168,32.1832,41.47,In Hand
800,-6.6463,-4.0079,-3.9073,15.2672,-40.4580,37.7252,41.75,In Hand
850,-6.6559,-4.1899,-3.7469,9.7252,-31.9695,41.9695,41.57,In Hand
900,-7.0725,-4.6328,-4.0007,11.3435,-19.6641,30.7481,41.42,In Hand
950,-7.3717,-4.6567,-3.9552,12.7634,-6.6412,9.5878,41.71,In Hand
1000,-7.2042,-4.4077,-3.8810,11.1603,11.9847,-21.3893,41.61,In Hand
1050,-7.5513,-4.3263,-3.6631,3.6489,23.4504,-43.9695,41.80,In Hand
1100,-7.8650,-4.4460,-3.5721,1.3282,23.9695,-58.7176,41.57,In Hand
1150,-7.8075,-4.4939,-3.3734,0.7176,19.4504,-63.5573,41.61,In Hand
1200,-7.0557,-4.2234,-3.0358,0.4580,12.1527,-49.6794,41.80,In Hand
1250,-7.2042,-4.2569,-2.9137,-0.6260,4.2443,-35.5267,41.47,In Hand
1300,-7.0413,-3.9504,-2.7533,-14.3511,1.9695,-23.6183,41.57,In Hand
1350,-7.2472,-4.3622,-2.7821,-28.5802,-11.5878,-0.8397,41.57,In Hand
1400,-7.0533,-4.7549,-2.6336,-33.3282,-27.9084,14.8855,41.47,In Hand
1450,-7.4388,-5.3223,-2.9281,-29.4962,-44.7634,16.3511,41.71,In Hand
1500,-7.2856,-5.2361,-2.6911,-28.2137,-58.9313,18.5191,41.71,In Hand
1550,-7.5513,-5.5929,-2.9353,-34.1069,-58.4122,5.4504,41.71,In Hand
1600,-7.5441,-5.3127,-2.5355,-40.0611,-57.6947,-1.0840,41.71,In Hand
1650,-7.8721,-4.9344,-2.6360,-51.6489,-47.0382,-12.7176,41.47,In Hand
1700,-7.7069,-5.0709,-3.0885,-56.3359,-24.5038,-30.1679,41.61,In Hand
1750,-7.4340,-4.8076,-3.3088,-53.4198,-2.2137,-27.1298,41.38,In Hand
1800,-8.1068,-5.4851,-3.2729,-38.7786,5.7863,-14.9924,41.61,In Hand
1850,-7.4244,-4.9871,-3.2465,-24.2901,25.1756,-20.2901,41.75,In Hand
1900,-7.2832,-4.7070,-3.0598,-11.6489,40.3969,-21.7252,41.61,In Hand
1950,-7.8482,-5.0063,-3.1460,9.0382,34.7176,-11.3435,41.75,In Hand
2000,-7.3574,-4.0941,-2.6480,17.3893,23.0382,-1.0229,41.80,In Hand
2050,-6.8594,-3.5027,-2.2984,9.3435,4.3359,23.6031,41.38,In Hand
2100,-6.3686,-3.3112,-2.4588,-4.8397,-10.5954,39.8015,41.80,In Hand
2150,-7.4508,-3.1173,-3.1364,-41.7863,-4.5038,43.5573,41.57,In Hand
2200,-7.6543,-4.1444,-3.2417,-54.4427,-9.8015,27.6183,41.61,In Hand
2250,-7.2089,-4.0606,-2.9640,-62.7939,-14.1985,10.1069,41.47,In Hand
2300,-7.8889,-4.9105,-3.3950,-59.8626,-16.9771,-8.3817,41.71,In Hand
2350,-7.4795,-4.9105,-3.3734,-49.8321,-2.9466,-42.8855,41.75,In Hand
2400,-7.4867,-4.7932,-3.2322,-40.1527,17.6489,-71.5267,41.57,In Hand
2450,-7.3167,-4.6376,-2.9042,-30.8550,27.6183,-78.0153,41.47,In Hand
2500,-8.4731,-5.1356,-3.1580,-18.0763,24.9771,-69.2824,41.71,In Hand
2550,-8.3725,-4.6807,-3.0885,-9.3740,8.0763,-38.6260,41.61,In Hand
2600,-6.9025,-4.0630,-2.5283,-13.6031,5.1298,-10.5496,41.71,In Hand
2650,-7.8530,-4.9512,-2.9664,-5.6336,-7.4809,19.3740,41.75,In Hand
2700,-8.1283,-5.1595,-3.0502,14.4580,-30.1527,54.4275,41.71,In Hand
2750,-8.7053,-5.5761,-3.5099,30.6107,-51.4504,80.3664,41.38,In Hand
2800,-8.7053,-5.8131,-4.0606,43.7557,-65.5420,91.7557,41.47,In Hand
2850,-6.8115,-4.9153,-3.5099,47.0076,-47.5267,73.2214,41.75,In Hand
2900,-7.8626,-5.5761,-4.0079,49.4656,-15.0840,40.8702,41.71,In Hand
2950,-7.8650,-5.2433,-3.5075,53.4656,11.1908,12.3511,41.42,In Hand
3000,-7.6686,-4.8985,-2.8299,52.9771,32.4885,-8.7023,41.57,In Hand
3050,-9.8593,-5.9903,-3.1891,60.1374,32.4885,-19.4504,41.61,In Hand
3100,-8.8250,-5.0566,-2.5929,70.5038,16.5954,-16.3053,41.38,In Hand
3150,-8.9016,-4.8578,-2.6217,65.5115,5.3282,2.6107,41.47,In Hand
3200,-9.1435,-4.8722,-2.3511,60.2595,-20.9313,39.6641,41.75,In Hand
3250,-10.2544,-6.5434,-2.7366,52.0153,-36.0916,60.4275,41.42,In Hand
3300,-7.9248,-5.4779,-1.6448,59.6641,-30.7481,31.8931,41.71,In Hand
3350,-8.4898,-6.1052,-1.3096,63.1450,-23.6794,1.0687,41.71,In Hand
3400,-6.7708,-5.0422,-0.4477,54.1679,-16.3511,-14.5649,41.57,In Hand
3450,-8.3821,-5.1356,-0.3735,53.8321,-21.1908,-38.1221,41.61,In Hand
3500,-7.8219,-4.4843,-0.1508,38.8702,-37.8321,-48.2901,41.61,In Hand
3550,-7.9080,-4.8195,-0.3448,34.8702,-44.9924,-61.1450,41.75,In Hand
3600,-7.6495,-4.5586,-0.3352,32.4122,-51.2672,-58.0611,41.57,In Hand
3650,-6.9264,-4.3886,-0.4477,33.5115,-41.0534,-55.4809,41.61,In Hand
3700,-6.7421,-4.0294,-0.1532,27.9847,-29.6489,-39.4504,41.89,In Hand
3750,-6.0382,-4.1037,0.1652,7.0076,-6.6565,-16.6260,41.47,In Hand
3800,-4.9153,-4.2928,0.7398,-0.0305,19.5420,-4.1679,41.75,In Hand
3850,-5.1068,-4.8483,0.7135,2.6260,44.4122,16.2137,41.28,In Hand
3900,-5.7844,-5.1212,1.1013,11.6336,69.6336,25.0534,41.57,In Hand
3950,-6.5457,-5.3702,1.2713,23.8321,78.1069,26.4580,41.28,In Hand
4000,-8.2576,-5.5905,1.6209,30.8244,76.9466,16.6718,41.38,In Hand
4050,-9.2440,-4.0630,2.8252,17.3130,50.0000,16.9313,41.61,In Hand
4100,-9.7755,-4.3694,2.0327,2.1069,16.4733,32.6870,41.38,In Hand
4150,-8.4443,-4.9273,1.1756,-2.3053,9.5573,59.4198,41.42,In Hand
4200,-8.1139,-5.6790,0.7422,3.2672,19.1603,68.5802,41.61,In Hand
4250,-8.8059,-6.2584,0.2011,39.7405,28.1221,18.9160,42.08,In Hand
4300,-7.8913,-4.5442,0.7278,54.7786,26.3817,-23.6489,41.71,In Hand
4350,-6.7253,-3.2417,0.7254,29.0076,29.3282,-8.0153,41.24,In Hand
4400,-7.9895,-4.9464,-0.1652,31.5267,22.7176,11.9542,41.71,In Hand
4450,-7.3909,-5.0566,-0.0383,39.1756,36.1069,11.0382,41.38,In Hand
4500,-9.2249,-7.6207,-1.6759,72.9618,40.6107,-3.4504,41.75,In Hand
4550,-8.8178,-4.7142,0.3735,96.9008,46.5802,-28.1832,41.42,In Hand
4600,-8.4467,-4.7357,0.1939,134.7939,20.9618,3.2061,41.75,In Hand
4650,-9.7109,-1.3551,0.9170,97.8931,25.1756,2.7634,41.71,In Hand
4700,-8.6095,-2.0566,0.2035,43.6336,-4.4122,-6.1985,41.47,In Hand
4750,-7.2903,-2.8850,0.7422,-2.6718,12.9466,0.6260,41.80,In Hand
4800,-8.0996,-4.4365,0.6536,-22.5191,11.1756,0.9924,41.61,In Hand
4850,-7.7524,-4.9847,0.6991,-27.5420,22.9618,-1.9237,41.61,In Hand
4900,-8.3318,-5.9137,0.6464,-9.3893,29.8015,-7.5420,41.42,In Hand
4950,-8.2384,-4.4963,1.0319,11.7863,35.9084,-2.6412,41.42,In Hand
5000,-8.7724,-5.0925,0.5291,20.6412,35.7252,11.0382,41.75,In Hand
5050,-7.6447,-5.4396,0.4046,30.3206,44.5802,12.2748,41.61,In Hand
5100,-7.4939,-4.6567,-0.0263,32.1527,47.8626,8.9618,41.71,In Hand
5150,-7.3334,-4.2042,-0.0886,29.9695,50.2595,10.8702,41.57,In Hand
5200,-7.9559,-4.8291,0.0599,29.2519,50.3969,9.2519,41.61,In Hand
5250,-9.1842,-4.2689,0.6919,41.0076,34.9924,12.8092,41.61,In Hand
5300,-8.6933,-4.3551,0.0934,44.1527,16.6260,16.3664,41.42,In Hand
5350,-8.0637,-5.1739,-0.4046,48.9924,1.7252,13.5115,41.71,In Hand
5400,-8.0182,-6.0525,-1.0319,75.4046,-7.1603,2.1527,41.47,In Hand
5450,-7.4962,-5.0302,-0.8859,90.9618,-14.2443,-13.6947,41.47,In Hand
5500,-6.9695,-4.4915,-1.0965,78.3664,-14.9466,-27.1145,41.42,In Hand
5550,-7.0988,-5.1332,-1.8818,76.7634,1.2061,-49.3740,41.42,In Hand
5600,-7.2616,-4.7022,-1.3431,70.2595,22.5191,-62.3511,41.57,In Hand
5650,-6.8546,-4.6040,-1.3503,48.2137,39.9695,-62.0000,41.57,In Hand
5700,-7.6758,-6.5960,-2.6312,48.3817,66.8092,-64.3664,41.61,In Hand
5750,-8.2337,-5.2529,-1.4126,44.4580,82.8855,-56.4275,41.38,In Hand
5800,-9.8474,-4.6663,0.6680,21.4656,53.5420,-23.8931,41.42,In Hand
5850,-9.4523,-6.7205,-0.5004,13.7863,21.0840,2.9160,41.57,In Hand
5900,-8.0613,-6.7253,-1.1181,30.3817,5.7252,17.0687,41.75,In Hand
5950,-8.3965,-6.5625,-1.2546,36.3664,-3.6641,18.0763,41.75,In Hand
6000,-7.3310,-5.2457,-0.9457,23.0534,-5.5725,15.9847,41.61,In Hand
6050,-7.2568,-5.0996,-0.3352,-4.2137,-0.6412,19.5878,41.57,In Hand
6100,-7.1802,-5.9161,-0.7398,-10.3511,11.8779,22.5496,41.42,In Hand
6150,-7.5154,-5.4372,-0.1748,-16.1374,17.7710,24.6412,41.28,In Hand
6200,-8.3079,-5.1499,1.6209,-36.6718,3.4656,19.9084,41.75,In Hand
6250,-9.6199,-5.5186,2.1476,-33.9847,-36.8244,25.1298,41.80,In Hand
6300,-8.5736,-5.7150,0.9266,-23.0076,-55.5115,33.2366,41.42,In Hand
6350,-7.2927,-5.9256,0.0215,-21.8015,-48.3206,22.7786,41.71,In Hand
6400,-7.1539,-5.3774,0.5914,-18.9771,-29.5420,11.1298,41.80,In Hand
6450,-7.5729,-4.7860,1.1588,-19.8015,-23.8168,8.5191,41.80,In Hand
6500,-7.7381,-4.9608,1.2809,-18.9313,-18.6870,10.0611,41.75,In Hand
6550,-7.5010,-4.8626,1.3886,-17.9847,-13.3740,10.7023,41.47,In Hand
6600,-7.3765,-5.5426,1.0343,-10.4427,-3.7557,5.5878,41.71,In Hand
6650,-7.7740,-5.4875,1.4150,1.0992,3.7252,-3.3740,41.47,In Hand
6700,-8.1163,-5.0470,1.4892,6.5038,4.0000,-8.1527,41.42,In Hand
6750,-7.9847,-4.7692,1.2402,6.1069,4.5802,-6.7176,41.71,In Hand
6800,-7.8602,-4.6950,1.0798,2.5191,7.2519,-4.7176,41.71,In Hand
6850,-8.2432,-4.9225,1.3695,0.9618,6.8092,-4.0916,41.71,In Hand
6900,-8.1762,-4.7262,1.3791,-0.4885,3.7557,-3.4351,41.57,In Hand
6950,-8.0900,-5.2122,1.1061,-1.3282,2.9618,-5.9847,41.71,In Hand
7000,-8.2600,-4.8626,1.3934,-0.4427,1.2824,-4.5496,41.57,In Hand
7050,-8.0972,-4.9752,1.1349,-2.2443,-2.0305,-1.5115,41.57,In Hand
7100,-7.9296,-4.7333,1.2905,-6.3053,-4.2290,1.2214,41.47,In Hand
7150,-8.0469,-5.3151,1.3503,-6.3511,-3.4809,0.0153,41.57,In Hand
7200,-7.9559,-4.9297,1.3910,-2.5038,-4.8550,-2.5496,41.42,In Hand
7250,-7.6734,-5.0350,1.2306,-4.7786,-1.3435,-2.5038,41.75,In Hand
7300,-8.0134,-5.3439,1.3815,-2.5496,0.7023,-4.8397,41.47,In Hand
7350,-8.1403,-5.0278,1.3384,-1.0229,-3.3740,-3.0687,41.75,In Hand
7400,-7.6160,-4.9656,1.1516,-4.9924,-2.8244,-0.1069,41.61,In Hand
7450,-7.8554,-5.2888,1.3503,-5.8931,0.6260,0.3511,41.47,In Hand
7500,-7.9176,-5.2457,1.5323,-2.8855,-0.1374,0.2748,41.61,In Hand
7550,-7.6950,-5.3486,1.2474,-2.5802,2.6107,0.4427,41.75,In Hand
7600,-7.9368,-5.2672,1.3767,-0.3969,2.0763,-0.8244,41.75,In Hand
7650,-7.9487,-5.1739,1.3623,-1.4656,1.6947,0.1069,41.57,In Hand
7700,-7.6303,-5.1188,1.2929,-0.8550,1.2366,0.2748,41.57,In Hand
7750,-7.7716,-5.3726,1.2737,-0.8244,3.2519,0.0458,41.61,In Hand
7800,-8.1211,-5.3510,1.4150,3.8931,2.6718,-2.0611,41.42,In Hand
7850,-7.6806,-4.7836,1.2809,1.0229,1.7710,-0.8550,41.71,In Hand
7900,-7.9511,-5.3941,1.2115,-1.6489,3.3130,-1.2977,41.75,In Hand
7950,-8.1882,-5.0877,1.4700,0.0458,0.7939,-0.7786,41.71,In Hand
8000,-7.9990,-5.0973,1.2737,-0.3817,-1.6183,-0.0305,41.38,In Hand
8050,-7.8266,-4.7333,1.3120,-2.9771,-1.4504,2.5191,41.47,In Hand
8100,-7.8075,-5.2265,1.3144,-4.6870,-1.3893,1.8931,41.42,In Hand
8150,-8.1499,-5.1547,1.4461,-1.6489,-1.9542,-2.1527,41.71,In Hand
8200,-7.8075,-4.8866,1.3312,-4.0763,-3.2366,-2.0611,41.47,In Hand
8250,-7.8650,-5.0518,1.2641,-8.0000,-1.3435,0.4122,41.42,In Hand
8300,-7.8578,-5.3463,1.4126,-7.9389,-1.9084,2.6718,41.38,In Hand
8350,-7.8338,-5.3056,1.4317,-3.6641,-2.0611,1.0687,41.28,In Hand
8400,-7.6734,-5.2289,1.3288,-2.9771,1.1756,0.6260,41.71,In Hand
8450,-7.8434,-5.1332,1.4916,-2.6870,1.1450,-1.6489,41.42,In Hand
8500,-7.7141,-5.1715,1.4485,-3.3130,2.1527,-0.4122,41.61,In Hand
8550,-7.8410,-5.4181,1.3599,-1.3588,3.6641,-2.1374,41.57,In Hand
8600,-7.9487,-5.3917,1.5036,1.5573,4.9008,-2.5191,41.71,In Hand
8650,-7.8027,-5.0637,1.4245,1.5420,4.7176,-0.9771,41.38,In Hand
8700,-7.8219,-5.1978,1.3312,0.5802,4.6107,-3.4351,41.75,In Hand
8750,-7.8147,-5.1404,1.3982,-2.7176,6.0000,-6.9313,41.47,In Hand
8800,-8.0373,-5.5713,1.2665,-0.6107,7.1908,-12.1527,41.47,In Hand
8850,-7.9080,-4.9991,1.1827,-3.5267,9.6489,-23.0687,41.47,In Hand
8900,-7.9679,-5.1978,0.5890,-6.2748,17.4656,-29.3588,41.57,In Hand
8950,-8.5952,-5.1092,0.2777,-5.8168,20.1985,-31.4046,41.47,In Hand
9000,-8.8538,-4.8530,0.2586,-14.4580,13.9695,-24.4580,41.47,In Hand
9050,-9.4332,-5.0973,-0.4190,-23.7252,-0.2595,-8.0916,41.61,In Hand
9100,-9.6055,-5.2170,-0.5315,-36.9160,-15.6947,10.9008,41.42,In Hand
9150,-9.0477,-4.9177,-0.8835,-50.2443,-30.5344,36.9924,41.71,In Hand
9200,-8.6359,-4.9177,-0.6321,-65.1908,-38.8244,59.0534,41.57,In Hand
9250,-7.8673,-5.3486,-0.8739,-77.9695,-37.2366,79.5420,41.42,In Hand
9300,-7.4412,-5.7676,-0.5986,-77.1908,-25.5267,85.3130,41.71,In Hand
9350,-7.1443,-5.9304,-0.2274,-68.9618,-14.5191,76.9008,41.80,In Hand
9400,-6.8666,-5.8179,0.1077,-64.5191,-1.5115,50.6870,41.57,In Hand
9450,-6.9815,-6.0478,0.0527,-51.7099,9.8473,6.3359,41.38,In Hand
9500,-7.5154,-5.8299,-0.1724,-25.9237,14.5649,-41.7710,41.57,In Hand
9550,-8.2911,-4.6112,-0.6369,-10.3969,13.8931,-74.1832,41.75,In Hand
9600,-9.0597,-4.0797,-0.5459,-5.4504,-1.3130,-83.5115,41.38,In Hand
9650,-9.0764,-3.0502,-0.2514,-14.5802,-19.9542,-67.3740,41.75,In Hand
9700,-9.5409,-3.3208,-0.5243,-27.5573,-40.7786,-38.2595,41.47,In Hand
9750,-9.9335,-3.6344,0.2586,-43.9084,-70.7786,-1.1298,41.47,In Hand
9800,-9.4810,-4.5298,-0.6656,-56.0305,-90.3969,25.9542,41.38,In Hand
9850,-8.1139,-5.0015,0.4764,-61.9542,-92.4580,33.6031,41.61,In Hand
9900,-7.4412,-5.4971,0.8164,-47.0687,-74.5954,31.1145,41.38,In Hand
9950,-7.4388,-5.0230,1.0487,-41.3130,-62.3053,17.1756,41.75,In Hand
10000,-7.6375,-5.0015,1.4892,-42.3359,-57.6183,4.1069,41.75,In Hand
10050,-6.9887,-4.6878,2.2841,-34.1679,-62.7634,-9.2366,41.28,In Hand
10100,-6.9863,-5.5115,2.8802,-27.0229,-53.5573,-13.4962,41.80,In Hand
10150,-5.9664,-5.2026,2.4612,2.4122,-20.0916,-11.3588,41.71,In Hand
10200,-6.8115,-4.5801,1.7214,7.9542,-0.1069,-14.5038,41.61,In Hand
10250,-6.8378,-3.7445,1.5993,-8.6107,12.9008,-14.7786,41.75,In Hand
10300,-8.2289,-4.3503,2.2027,-26.1221,16.0611,-13.6336,41.61,In Hand
10350,-7.0246,-2.0590,2.0758,-64.2443,20.7939,-28.7023,41.47,In Hand
10400,-10.9846,-3.1364,0.5195,-108.0000,2.2290,-10.1985,41.38,In Hand
10450,-9.6774,-3.6272,1.2474,-142.4427,-25.9084,18.4580,41.47,In Hand
10500,-7.1587,-4.8459,-0.2227,-143.1603,-21.7405,15.4198,41.75,In Hand
10550,-7.7213,-7.3789,-1.8962,-117.4657,4.8397,8.9771,41.57,In Hand
10600,-7.6351,-7.8338,-1.8771,-78.6870,30.6260,-21.5878,41.57,In Hand
10650,-8.1906,-7.4436,-1.7071,-41.5115,39.3282,-34.1069,41.71,In Hand
10700,-8.7819,-7.3334,-1.1971,-6.6107,30.5344,-38.0611,41.71,In Hand
10750,-8.2863,-6.1435,-0.7207,11.2824,20.0763,-33.7252,41.47,In Hand
10800,-8.9160,-6.3255,-1.2402,39.1756,-11.8626,-8.2901,41.38,In Hand
10850,-6.6583,-4.4987,-0.3567,47.4809,-21.8168,4.6260,41.57,In Hand
10900,-6.7181,-4.6112,-0.5148,50.3511,-24.9618,11.5115,41.57,In Hand
10950,-6.9288,-4.2880,-0.4645,38.0000,-30.3817,37.2366,41.57,In Hand
11000,-7.3406,-4.4652,-0.6823,15.1145,-25.8168,37.3282,41.71,In Hand
11050,-7.4627,-4.6232,-0.8547,-4.4580,-17.3588,34.5802,41.80,In Hand
11100,-6.5290,-4.2760,-0.6393,-18.3817,-3.1450,17.3435,41.61,In Hand
11150,-8.2049,-5.3846,-0.9960,-22.2137,7.9084,3.3740,41.75,In Hand
11200,-6.7301,-4.6543,-0.4932,-16.3817,5.6947,4.4275,41.75,In Hand
11250,-7.5753,-4.8507,-0.5387,-10.5954,1.0840,4.4885,41.57,In Hand
11300,-8.8442,-5.4061,-0.9864,-21.0534,-8.8550,26.0763,41.57,In Hand
11350,-9.5840,-5.9065,-1.0271,-46.1374,0.8550,49.4656,41.75,In Hand
11400,-9.9838,-6.6822,-0.6560,-68.1679,6.1069,67.3282,41.61,In Hand
11450,-9.4810,-7.1419,0.0048,-71.3282,7.7099,57.0534,41.42,In Hand
11500,-9.2919,-8.1762,1.1037,-40.4885,-6.7023,12.9924,41.71,In Hand
11550,-9.2584,-8.1523,1.5107,0.3511,-24.7023,-27.1603,41.75,In Hand
11600,-10.2161,-7.8841,1.0534,27.3588,-55.6183,-55.4962,41.75,In Hand
11650,-9.1051,-6.9863,1.1037,51.4046,-70.9160,-71.3893,41.57,In Hand
11700,-7.8769,-6.2704,0.0718,62.9924,-58.7481,-75.3130,41.38,In Hand
11750,-7.5968,-6.0861,-0.1030,60.7023,-33.4351,-78.9008,41.28,In Hand
11800,-5.9903,-5.4133,0.0958,50.4580,2.7939,-73.0076,41.75,In Hand
11850,-6.5003,-6.0956,0.1389,53.1145,42.1374,-65.2061,41.80,In Hand
11900,-5.8275,-5.2146,0.8308,62.6565,62.6718,-52.5344,41.57,In Hand
11950,-6.6870,-5.9544,0.8260,73.0076,77.2824,-33.4198,41.71,In Hand
12000,-6.4811,-5.1930,0.8954,86.4427,82.7023,-26.0153,41.42,In Hand
12050,-6.5625,-4.5921,1.2809,80.0916,75.6183,-14.7786,41.57,In Hand
12100,-7.1060,-3.8259,1.1803,65.4962,72.7023,1.0840,41.28,In Hand
12150,-7.9176,-4.5825,2.0327,46.8550,59.4046,-0.3664,41.47,In Hand
12200,-6.7564,-4.7190,1.8076,38.7786,51.8779,-14.4427,41.38,In Hand
12250,-7.4148,-6.0262,1.9034,32.1527,40.4580,-7.9847,41.71,In Hand
12300,-8.1044,-4.5586,1.6233,12.8550,26.8092,-8.0611,41.61,In Hand
12350,-7.4436,-5.6862,2.0207,-10.0916,18.4580,14.2595,41.71,In Hand
12400,-6.5194,-6.7636,1.8866,-15.1298,7.1298,-9.1908,41.75,In Hand
12450,-6.2800,-6.1675,0.9122,-6.1985,7.0992,-12.1374,41.75,In Hand
12500,-6.3662,-2.6863,3.4692,-21.2977,-16.5954,38.6260,41.61,In Hand
12550,-5.3103,-5.8179,-0.8452,-19.0534,40.3053,-45.7557,41.47,In Hand
12600,-7.1970,-6.2704,0.8356,-19.6794,11.7710,-20.8702,41.75,In Hand
12650,-5.9352,-7.3981,1.4102,-14.5344,16.9008,-19.8168,41.57,In Hand
12700,-6.0549,-6.9983,1.1684,-2.7634,22.3817,-42.2290,41.57,In Hand
12750,-6.0980,-6.4308,0.5076,-7.2824,27.2214,-57.7099,41.71,In Hand
12800,-6.0142,-7.5082,1.0223,-15.6031,23.2824,-50.8855,41.71,In Hand
12850,-5.7413,-7.2927,1.1732,-6.7634,18.3969,-53.5420,41.71,In Hand
12900,-4.1515,-9.2680,0.3328,3.6947,15.4351,-62.7023,41.42,In Hand
12950,-4.4460,-7.7812,0.4980,9.6794,14.4122,-85.0687,41.71,In Hand
13000,-2.9209,-8.0565,0.2969,-17.4351,13.7099,-89.6794,41.61,In Hand
13050,-1.6233,-7.9487,0.8188,-26.9771,8.5954,-113.7252,41.42,In Hand
13100,-0.0455,-8.2768,0.0646,-29.0076,21.0992,-122.2290,41.71,In Hand
13150,0.4477,-7.6614,0.5291,-10.7939,20.1221,-130.4275,41.42,In Hand
13200,2.9616,-7.5226,0.1101,-2.3969,34.5191,-148.7176,41.75,In Hand
13250,2.3367,-7.8530,1.4222,3.0229,43.5878,-138.9466,41.42,In Hand
13300,4.2042,-8.9184,1.0654,21.5878,45.6031,-134.0305,41.47,In Hand
13350,5.7772,-9.1195,0.7159,24.6718,52.7023,-118.2290,41.80,In Hand
13400,7.4412,-9.9742,0.6488,26.0611,73.2061,-116.0153,41.94,In Hand
13450,7.3143,-9.7181,0.6249,44.9466,73.4809,-116.0916,41.61,In Hand
13500,7.3430,-7.8147,0.4812,25.4351,70.3511,-91.7405,41.61,In Hand
13550,7.0150,-7.3334,0.7230,-17.2977,74.8397,-82.8702,41.38,In Hand
13600,7.0988,-7.9487,1.1157,-36.1374,46.4427,-81.3893,41.61,In Hand
13650,7.4699,-6.3662,0.8667,-46.7176,36.7023,-74.3206,41.38,In Hand
13700,8.6335,-7.3406,0.8116,-56.6107,34.3206,-61.8626,41.57,In Hand
13750,8.5114,-7.1467,0.9098,-53.9389,41.1298,-60.5344,41.57,In Hand
13800,8.1139,-6.6463,1.1947,-48.1985,29.2366,-56.0458,41.42,In Hand
13850,8.4611,-6.0262,1.2929,-49.7099,20.0305,-40.3664,41.75,In Hand
13900,8.7532,-6.2393,1.4940,-52.4122,12.2137,-32.0916,41.42,In Hand
13950,9.3637,-6.2920,1.4820,-54.6870,10.4885,-36.0305,41.71,In Hand
14000,9.6486,-6.5793,1.3240,-49.9847,17.2214,-43.1145,41.75,In Hand
14050,8.9016,-6.1962,1.6017,-37.7863,22.2748,-41.1603,41.80,In Hand
14100,8.4084,-5.5067,1.7478,-26.1221,15.8931,-32.0153,41.47,In Hand
14150,9.0621,-5.0685,1.5131,-21.6641,17.7557,-22.0763,41.47,In Hand
14200,8.6072,-4.2784,1.5634,-30.2595,20.2290,-6.2443,41.75,In Hand
14250,9.0453,-4.2689,1.3982,-40.6260,25.1756,8.6870,41.61,In Hand
14300,8.7963,-4.2162,1.5155,-51.3588,27.2366,27.0534,41.61,In Hand
14350,8.7364,-4.6974,1.6209,-56.2290,25.2977,38.9313,41.61,In Hand
14400,8.7029,-4.7022,1.6568,-58.5344,20.8397,49.5267,41.42,In Hand
14450,7.8961,-5.0015,1.9130,-52.3664,8.3817,51.1145,41.42,In Hand
14500,8.3462,-4.8818,1.7023,-49.2366,0.3511,41.4656,41.61,In Hand
14550,8.7867,-5.1164,1.5538,-52.7939,8.7939,25.5114,41.61,In Hand
14600,7.7716,-6.4308,1.0151,-46.6260,14.2748,1.5725,41.71,In Hand
14650,7.3646,-6.1459,1.9537,-44.8855,23.5725,-8.0611,41.38,In Hand
14700,8.3222,-6.1818,1.7909,-34.0611,30.9313,-16.2290,41.47,In Hand
14750,8.2289,-5.4779,1.6328,-23.6489,33.3130,-22.3053,41.71,In Hand
14800,8.5952,-6.0190,1.8076,-15.8168,32.6870,-25.3435,41.61,In Hand
14850,8.4515,-5.5450,2.0806,-7.8015,30.1527,-24.9618,41.47,In Hand
14900,8.6646,-5.0996,1.8747,-11.4504,23.3130,-18.3511,41.61,In Hand
14950,8.7556,-5.3367,2.2027,-17.6489,23.1908,-17.8168,41.71,In Hand
15000,8.2025,-5.0039,2.1452,-27.9389,20.2748,-18.8092,41.57,In Hand
15050,8.4228,-5.2433,2.1907,-33.6794,20.7176,-17.7863,41.71,In Hand
15100,8.3151,-5.5091,2.0207,-31.0687,22.1221,-14.7023,41.42,In Hand
15150,8.0134,-5.6288,1.9800,-28.4733,20.1679,-10.5802,41.57,In Hand
15200,7.8841,-5.7964,1.8747,-18.7634,15.9847,-6.6412,41.38,In Hand
15250,7.5729,-5.5593,2.0279,-8.0916,7.7863,-4.1679,41.75,In Hand
15300,7.8985,-5.2361,1.8747,-7.4809,3.1756,-1.4504,41.71,In Hand
15350,7.8266,-5.1691,2.0925,-12.2290,-0.0153,-3.8626,41.61,In Hand
15400,8.1092,-5.1978,1.9752,-16.5344,0.0763,-4.9924,41.71,In Hand
15450,7.9416,-5.3032,1.8962,-15.3282,0.0458,-4.4427,41.57,In Hand
15500,8.1547,-5.4684,2.0542,-7.6794,-6.7023,1.5420,41.42,In Hand
15550,8.1594,-5.1619,1.9345,-0.9313,-11.4809,6.2748,41.42,In Hand
15600,8.1858,-5.1236,1.9824,-3.0229,-17.6947,5.2214,41.28,In Hand
15650,8.8969,-5.1284,1.6735,-5.0840,-16.5802,2.6412,41.89,In Hand
15700,8.7891,-5.2696,1.6496,-4.0153,-9.9237,2.8397,41.71,In Hand
15750,8.4922,-5.0230,1.5562,4.2748,-11.3130,4.7481,41.80,In Hand
15800,8.4252,-4.7740,1.4054,6.4885,-11.5267,8.7481,41.71,In Hand
15850,7.9416,-4.3718,1.3479,8.7939,-15.6489,8.2748,41.71,In Hand
15900,8.5497,-4.7070,1.1564,8.4580,-14.8397,8.1679,41.47,In Hand
15950,9.4164,-5.6695,0.9074,17.4504,-8.4427,-3.8015,41.47,In Hand
16000,9.0716,-5.3726,0.7494,23.0382,0.1832,-21.4504,41.80,In Hand
16050,8.4204,-5.1020,1.1325,24.2748,-0.8550,-34.9008,41.61,In Hand
16100,8.4683,-4.4269,0.8715,24.7481,-1.6947,-37.4656,41.47,In Hand
16150,7.8482,-4.3024,1.0965,23.6794,-3.4351,-31.1756,41.47,In Hand
16200,8.4443,-4.7669,0.9146,27.3588,-6.3053,-25.8626,41.38,In Hand
16250,8.5928,-4.8866,0.9744,34.9466,-9.4351,-20.5496,41.75,In Hand
16300,10.0317,-5.6024,0.8715,42.9771,-14.8702,-14.3511,41.38,In Hand
16350,10.2975,-5.7078,0.5411,51.5878,-14.8244,-11.4351,41.80,In Hand
16400,9.4834,-5.2505,0.3687,52.8855,-8.3969,-12.8855,41.38,In Hand
16450,8.0996,-4.4029,0.6584,51.5573,-15.0534,-3.3282,41.38,In Hand
16500,8.4635,-3.9169,1.0343,42.6412,-30.2901,25.5114,41.42,In Hand
16550,9.2560,-4.3479,0.8116,40.5802,-38.8855,56.1832,41.71,In Hand
16600,10.0269,-4.6160,0.6249,33.7557,-37.6183,70.5802,41.71,In Hand
16650,10.2496,-5.4636,0.6440,29.2672,-29.0534,63.0534,41.47,In Hand
16700,9.5840,-5.1811,0.7925,24.2595,-21.5114,43.7405,41.61,In Hand
16750,9.0812,-5.0015,0.9816,17.4656,-17.7557,31.6794,41.71,In Hand
16800,9.1913,-4.9129,0.8260,17.2519,-14.4885,28.4733,41.61,In Hand
16850,9.0860,-5.0518,1.0654,21.4198,-13.9847,27.5114,41.47,In Hand
16900,9.3350,-5.0685,0.8164,22.5191,-8.0611,22.3206,41.71,In Hand
16950,8.6143,-4.7214,1.0606,18.9771,-7.2672,15.6336,41.75,In Hand
17000,8.7436,-4.7262,1.0534,14.1832,-8.8550,11.7557,41.38,In Hand
17050,8.9567,-4.4580,1.0870,3.6947,-4.5191,9.8015,41.38,In Hand
17100,8.9399,-4.6448,1.1372,-9.9237,4.9160,2.6870,41.71,In Hand
17150,8.5856,-4.8626,1.3024,-23.9695,19.9542,-11.0382,41.42,In Hand
17200,7.9344,-4.8530,1.8196,-38.2443,16.9160,-27.5725,41.61,In Hand
17250,9.6486,-5.6479,1.0343,-42.9924,32.0458,-37.7405,41.28,In Hand
17300,7.6064,-4.4748,1.3934,-49.2672,38.2901,-35.3893,41.47,In Hand
17350,6.6295,-5.3606,1.8794,-49.0992,15.0840,-35.1298,41.47,In Hand
17400,8.1379,-5.6407,1.6424,-28.0153,-1.2824,-33.1145,41.57,In Hand
17450,9.2703,-5.5881,1.3408,-14.9466,3.0992,-14.0000,41.47,In Hand
17500,8.9184,-6.0382,1.8675,9.5420,5.7710,5.8473,41.61,In Hand
17550,8.1355,-4.9656,1.5443,26.1221,-1.2977,25.8931,41.61,In Hand
17600,8.1954,-4.6639,1.9058,19.2519,-6.5649,39.8779,41.71,In Hand
17650,8.9112,-4.2090,1.3743,-1.0076,-1.9695,45.7863,41.57,In Hand
17700,9.4236,-4.8411,1.4030,-24.1832,9.4198,47.5573,41.75,In Hand
17750,9.5050,-6.1962,1.4461,-28.0000,15.4198,33.0076,41.71,In Hand
17800,7.3119,-5.1188,1.4844,-24.3664,18.5496,9.8779,41.61,In Hand
17850,7.4651,-4.9991,1.2689,-26.0458,19.6031,-12.6260,41.57,In Hand
17900,8.1307,-5.2888,1.1444,-27.6336,28.6412,-26.7481,41.61,In Hand
17950,7.9607,-5.8730,1.3312,-21.0534,24.4275,-44.1832,41.99,In Hand
18000,7.3550,-5.4684,1.4054,-10.3206,23.3282,-56.5802,41.61,In Hand
18050,8.2959,-6.3063,1.4389,12.2748,16.7634,-60.2595,41.61,In Hand
18100,8.4276,-5.2050,1.9968,21.6336,1.5878,-53.7099,41.61,In Hand
18150,9.5050,-4.8674,1.5012,8.1832,8.1985,-40.5496,41.61,In Hand
18200,8.9016,-4.6160,1.7765,-7.6489,11.8626,-33.4504,41.75,In Hand
18250,9.0908,-5.1643,1.7406,-20.0458,12.2290,-28.0153,41.61,In Hand
18300,8.7077,-5.5306,1.9225,-15.7863,6.4885,-24.0153,41.71,In Hand
18350,8.1834,-5.3558,1.7765,-5.0992,-2.2443,-17.6947,41.61,In Hand
18400,8.9232,-5.7365,1.5227,12.6260,-6.1679,-3.4198,41.75,In Hand
18450,8.5641,-6.0358,1.7430,43.9847,-21.1298,5.3282,41.47,In Hand
18500,8.7340,-4.7453,1.1516,58.6718,-23.7099,17.0534,41.75,In Hand
18550,8.6933,-4.4724,1.1899,57.3282,-14.7481,30.8702,41.47,In Hand
18600,8.8083,-4.1013,1.1851,49.1908,-17.6641,53.0076,41.71,In Hand
18650,8.9830,-5.5737,1.6424,61.1603,-26.1985,76.4733,41.47,In Hand
18700,9.8402,-5.1308,1.6759,82.3206,-46.2290,96.1679,41.61,In Hand
18750,9.0836,-5.2888,2.0542,80.8397,-56.1985,119.1603,41.75,In Hand
18800,9.3087,-5.6910,1.4653,78.2901,-58.0153,95.2519,41.75,In Hand
18850,8.5641,-4.9608,1.6520,49.3282,-45.1298,52.8397,41.61,In Hand
18900,8.4324,-5.4708,1.1803,11.6947,-25.3893,3.2519,41.38,In Hand
18950,7.4627,-4.7956,1.4365,-11.4656,-9.1450,-29.4809,41.47,In Hand
19000,7.6662,-5.6431,1.0750,-16.7023,-7.5725,-33.0076,41.71,In Hand
19050,6.8953,-5.4564,1.1612,-10.1221,-5.5267,-13.5267,41.61,In Hand
19100,7.2329,-5.9328,1.2594,1.8779,-20.3664,12.2137,41.57,In Hand
19150,7.7045,-5.5258,1.0678,1.2366,-24.5649,30.6260,41.89,In Hand
19200,8.1810,-6.6224,1.2019,3.0229,-29.8321,31.5114,41.75,In Hand
19250,8.3103,-6.4667,0.8643,-2.1832,-27.5725,21.7405,41.47,In Hand
19300,7.8386,-7.6495,1.2833,-0.5649,-31.7557,10.4122,41.61,In Hand
19350,8.9447,-8.8466,0.2298,18.4886,-33.0382,10.5496,41.47,In Hand
19400,6.7947,-7.4579,1.0032,31.4504,-56.3206,7.9237,41.61,In Hand
19450,7.7333,-7.4843,0.1604,22.1985,-58.5649,26.6107,41.71,In Hand
19500,6.9959,-8.3175,0.5794,26.3664,-73.3893,45.0076,41.42,In Hand
19550,7.1874,-8.4132,0.2921,40.0611,-86.5954,55.6031,41.57,In Hand
19600,7.1443,-7.8841,0.2969,49.3435,-83.1756,52.7939,41.57,In Hand
19650,6.2177,-7.3622,0.3615,42.1069,-64.8092,48.0916,41.61,In Hand
19700,6.4117,-8.6790,0.1604,51.9084,-54.5954,40.5496,41.61,In Hand
19750,5.3798,-7.4747,0.2107,73.6947,-47.9847,38.5954,41.71,In Hand
19800,5.0877,-8.0541,0.5770,79.6183,-45.0076,36.5038,41.57,In Hand
19850,4.8914,-6.6319,0.6297,77.3893,-41.7099,31.3740,41.42,In Hand
19900,4.7621,-8.0349,1.2833,79.6794,-41.8015,19.3130,41.61,In Hand
19950,4.6136,-7.3957,1.6759,91.1756,-46.2290,8.8244,41.61,In Hand
20000,4.4867,-7.4843,3.2825,83.6183,-58.3969,4.7481,41.61,In Hand
20050,5.0494,-7.0174,4.0031,59.6794,-32.7176,-4.2443,41.61,In Hand
20100,4.8890,-7.7021,3.9887,47.7405,-11.4809,-5.1603,41.71,In Hand
20150,4.7022,-7.0581,3.3902,43.3588,-7.4656,-6.8702,41.47,In Hand
20200,4.0175,-6.8785,2.9999,18.9618,-8.6260,-5.7405,41.61,In Hand
20250,4.2928,-7.0174,3.7397,-8.0153,-20.4580,19.1756,41.80,In Hand
20300,4.1061,-7.9583,3.6799,-37.6489,-5.1908,40.4580,41.42,In Hand
20350,4.5203,-9.0405,4.0677,-40.9160,6.7634,57.8931,41.57,In Hand
20400,4.0127,-9.2895,3.5338,-34.0305,14.0458,55.1298,41.61,In Hand
20450,2.5211,-9.8785,2.8778,-29.7863,2.2595,67.4809,41.42,In Hand
20500,2.6887,-8.8801,3.1651,-24.7634,0.5649,77.8779,41.61,In Hand
20550,1.8172,-10.1466,1.8627,-30.2137,6.5038,89.2824,41.42,In Hand
20600,1.9800,-9.4834,2.8563,-10.0458,7.1603,73.5267,41.61,In Hand
20650,-0.6776,-8.0996,1.6735,-33.4046,7.8168,86.0000,41.61,In Hand
20700,-0.9146,-10.0173,1.2354,-54.7786,-1.4809,106.7023,41.57,In Hand
20750,-0.6464,-9.2560,1.2689,-38.4122,7.2672,105.2366,41.71,In Hand
20800,-1.7502,-9.7588,1.5490,-2.1221,10.0916,111.3740,41.57,In Hand
20850,-2.1907,-9.5744,1.6424,9.6489,18.7786,91.1603,41.47,In Hand
20900,-2.8826,-9.9599,1.2953,5.2824,7.0076,94.8092,41.61,In Hand
20950,-3.1771,-8.8514,1.8172,29.8931,28.0153,83.3588,41.57,In Hand
21000,-4.4604,-8.7891,1.4222,60.4122,37.8779,92.5038,41.57,In Hand
21050,-4.5897,-7.0916,1.6328,68.6565,54.0763,85.0687,41.75,In Hand
21100,-5.3319,-5.8419,1.7071,75.2672,70.3664,92.8397,41.47,In Hand
21150,-6.0214,-4.3527,2.1907,72.5802,73.9084,93.8473,41.75,In Hand
21200,-6.3877,-3.5554,1.8244,57.9389,64.8397,86.5191,41.42,In Hand
21250,-8.1547,-3.5362,2.0399,20.2290,50.7481,69.0076,41.75,In Hand
21300,-8.2815,-4.7525,1.5826,4.6412,26.9618,60.3206,41.71,In Hand
21350,-10.6614,-5.6671,2.2122,12.8397,22.8855,58.6870,41.42,In Hand
21400,-10.0221,-5.5713,2.3296,30.6718,15.0229,56.1527,41.57,In Hand
21450,-11.6023,-3.8116,4.0438,21.3588,-7.6947,45.2061,41.61,In Hand
21500,-10.4890,-4.6448,3.2250,12.9924,-41.4046,52.1221,41.47,In Hand
21550,-10.4172,-4.6232,4.2258,28.3664,-75.0687,37.1603,41.42,In Hand
21600,-8.3031,-2.3463,4.1994,46.1985,-82.7481,34.7176,41.75,In Hand
21650,-9.2703,-3.7517,3.2034,40.1832,-79.8168,23.2672,41.80,In Hand
21700,-8.2815,-2.9090,3.0071,41.5420,-74.1527,12.0458,41.47,In Hand
21750,-7.0078,-1.8531,4.3862,23.3130,-52.8244,-19.1298,41.71,In Hand
21800,-7.0246,-2.2601,4.0007,33.9237,-44.7939,-27.6947,41.89,In Hand
21850,-5.9137,-2.6935,3.3926,45.3893,-20.0000,-25.2977,41.47,In Hand
21900,-7.1132,-2.5043,3.2465,60.5191,18.3359,-28.5802,41.57,In Hand
21950,-7.4651,-2.8299,3.7038,59.9237,51.5878,-26.1527,41.42,In Hand
22000,-10.1083,0.1700,4.4101,63.6336,55.1756,-23.3282,41.28,In Hand
22050,-11.3964,1.9106,5.4013,27.9542,22.7939,-19.7405,41.71,In Hand
22100,-9.0621,-1.1109,5.1523,27.4504,-0.5954,8.8244,41.80,In Hand
22150,-8.0756,-1.3264,4.8650,32.4275,1.6641,17.3130,41.75,In Hand
22200,-7.6160,-0.5339,5.3486,21.3130,5.6794,20.4886,41.61,In Hand
22250,-9.8426,0.3112,6.4021,-0.9008,-28.4275,8.4580,41.71,In Hand
22300,-8.1834,0.2490,6.0813,-13.9847,-38.3206,0.9008,41.75,In Hand
22350,-9.1866,-0.6153,6.3039,-42.4580,-73.3740,-18.8397,41.57,In Hand
22400,-7.5010,-1.3503,6.5314,-53.2061,-79.3282,-36.4122,41.71,In Hand
22450,-7.5178,-1.9130,6.1339,-63.8015,-88.9466,-52.0916,41.75,In Hand
22500,-5.2960,-1.5467,6.4212,-85.3435,-73.8931,-74.7023,41.47,In Hand
22550,-5.1547,-2.8443,5.9544,-111.2672,-65.0992,-93.9389,41.71,In Hand
22600,-3.5698,-4.4388,6.5745,-93.6183,-37.3893,-95.2366,41.80,In Hand
22650,-4.9823,-5.3367,7.0390,-65.2519,-14.4733,-76.1679,41.80,In Hand
22700,-5.4468,-4.9536,7.7093,-19.9084,6.5038,-31.7557,41.71,In Hand
22750,-5.3103,-5.2984,7.6926,0.8550,7.3588,16.9160,41.61,In Hand
22800,-5.7245,-6.9959,5.1140,5.8168,11.5420,42.8397,41.75,In Hand
22850,-6.1100,-5.5330,7.7452,6.0611,1.2977,49.9237,41.75,In Hand
22900,-6.0454,-5.5976,7.0126,2.4580,-5.8015,39.9084,41.80,In Hand
22950,-5.9735,-5.0877,6.8019,-9.0534,-18.5954,22.6412,41.38,In Hand
23000,-5.5210,-5.1475,6.8211,-16.9771,-25.4198,9.7252,41.61,In Hand
23050,-5.6048,-4.8315,6.9384,-22.8550,-30.3664,11.1298,41.47,In Hand
23100,-4.3886,-4.6017,6.9336,-30.5954,-24.4427,16.1374,41.80,In Hand
23150,-5.1930,-5.0733,7.7285,-43.3893,-30.4427,23.0992,41.71,In Hand
23200,-4.1061,-5.8490,6.2608,-32.1527,-27.7710,9.2366,41.80,In Hand
23250,-4.2832,-7.0581,6.2680,4.9771,2.1069,-8.1374,41.75,In Hand
23300,-5.1691,-5.2768,6.8618,27.7405,14.0763,-13.5878,41.57,In Hand
23350,-5.1739,-4.4796,7.3957,15.3130,13.0229,-6.9008,41.57,In Hand
23400,-5.5498,-5.0781,7.7141,9.7557,0.5954,3.8168,41.61,In Hand
23450,-4.7645,-5.2529,8.0278,8.4275,-13.1908,7.2519,41.61,In Hand
23500,-4.8602,-5.5162,8.0445,14.0916,-24.6260,6.0000,41.71,In Hand
23550,-4.9560,-4.5203,7.5130,9.5878,-29.4809,7.2366,41.75,In Hand
23600,-4.1204,-4.8411,7.2449,-7.4046,-26.3969,8.7939,41.75,In Hand
23650,-4.4891,-5.0326,7.2161,-11.6947,-21.2519,9.2977,41.61,In Hand
23700,-3.8331,-4.4939,7.6926,-17.0382,-13.5725,9.0534,41.61,In Hand
23750,-3.7493,-4.1755,7.2233,-10.6107,-7.4198,8.9924,41.38,In Hand
23800,-4.0199,-5.1619,7.4340,-14.2443,1.8626,5.4656,41.61,In Hand
23850,-4.8746,-5.3870,8.1475,-11.8931,6.2137,6.0000,41.61,In Hand
23900,-5.2002,-5.3917,8.0278,-17.4351,2.5038,7.2519,41.42,In Hand
23950,-4.8985,-4.5801,8.2073,-22.9160,-16.7939,11.6489,41.71,In Hand
24000,-4.8315,-4.5514,7.6351,-26.4733,-37.1603,15.6031,41.75,In Hand
24050,-2.7869,-6.1818,6.2153,13.4198,-5.7557,-6.4427,41.71,In Hand
24100,-4.3096,-3.1388,8.2313,12.5954,-12.5191,-1.9084,41.61,In Hand
24150,-2.9544,-5.2194,5.6647,-33.0687,-8.4580,11.7863,41.71,In Hand
24200,-3.3064,-5.2170,6.5050,-6.1985,36.2901,-10.3206,41.75,In Hand
24250,-3.8810,-2.9832,7.4484,-47.8779,36.7634,6.1985,41.61,In Hand
24300,-4.3958,-5.0637,5.7820,-79.0840,21.3282,12.4122,41.71,In Hand
24350,-3.6536,-3.5626,5.5641,-86.5649,32.7939,22.9771,41.80,In Hand
24400,-4.9895,-4.3167,3.0909,-142.6412,41.8626,43.4198,41.71,In Hand
24450,-5.0709,-3.8642,0.8428,-155.5420,62.9771,51.8473,41.42,In Hand
24500,-7.5920,-8.1355,-0.8428,-139.1145,122.1374,56.3511,41.71,In Hand
24550,-9.6750,-9.4284,0.4453,-128.0916,138.7786,25.2061,41.75,In Hand
24600,-10.1969,-8.8394,2.3942,-93.1145,120.2443,2.2595,41.47,In Hand
24650,-11.5209,-7.2880,5.1308,-67.3282,29.8473,-4.1374,41.47,In Hand
24700,-9.8450,-7.3095,1.8986,-59.8473,-58.8092,-18.5649,41.57,In Hand
24750,-8.4443,-6.2177,0.8691,-54.3969,-103.6947,-13.7557,41.61,In Hand
24800,-8.6814,-6.0286,-0.1963,-54.9313,-134.0458,-6.1527,41.42,In Hand
24850,-8.0613,-6.1244,-0.7638,-62.8397,-149.7710,-4.4275,41.42,In Hand
24900,-8.4874,-6.7828,-1.2043,-65.3588,-145.5725,-17.4351,41.42,In Hand
24950,-7.9272,-5.7461,-0.9002,-71.9695,-129.9542,-38.7939,41.61,In Hand
25000,-8.2720,-6.0023,-0.7230,-84.5649,-114.5496,-44.7481,41.71,In Hand
25050,-6.9863,-5.4708,-0.3591,-78.4275,-108.2443,-37.7863,41.38,In Hand
25100,-6.7708,-5.3582,-0.2849,-69.7099,-101.2977,-16.2595,41.57,In Hand
25150,-6.3111,-5.6551,-0.2442,-58.9771,-99.1603,17.7557,41.61,In Hand
25200,-5.1332,-5.0135,-0.1724,-44.3969,-80.2595,41.1145,41.89,In Hand
25250,-5.8227,-5.0685,-0.1221,-41.5878,-70.2748,64.2748,41.75,In Hand
25300,-5.3846,-4.9584,-0.1915,-39.2214,-53.1298,71.8321,41.80,In Hand
25350,-5.7317,-4.1611,-0.1700,-42.0763,-47.2519,76.2137,41.38,In Hand
25400,-7.1539,-5.1427,-0.2849,-61.9542,-36.9008,87.8473,41.61,In Hand
25450,-5.6527,-5.3989,-0.3998,-57.4198,-17.7252,82.1221,41.80,In Hand
25500,-6.1268,-5.0637,-0.5339,-37.8779,4.1985,77.7557,41.75,In Hand
25550,-7.3885,-5.5833,-0.8212,-22.0611,20.0000,51.2824,41.47,In Hand
25600,-8.8346,-6.1483,-1.3982,-6.3206,39.2519,24.4580,41.42,In Hand
25650,-8.8274,-5.6862,-1.6735,0.2901,52.8092,39.3130,41.42,In Hand
25700,-7.5154,-4.8291,-1.6688,-18.3206,95.6947,82.0611,41.42,In Hand
25750,-10.1897,-6.3015,-2.2889,-18.8092,126.3511,105.6489,41.47,In Hand
25800,-10.0820,-6.3111,-2.3032,-5.5878,155.5267,87.4046,41.61,In Hand
25850,-10.9918,-6.6152,-2.0686,9.9847,169.8015,45.5420,41.71,In Hand
25900,-11.2767,-6.6894,-1.8986,49.8779,134.4886,4.5191,41.75,In Hand
25950,-9.6343,-5.4803,-1.5036,74.6870,93.0229,-17.8931,41.38,In Hand
26000,-9.3877,-5.0829,-1.5155,87.7405,54.7786,-22.0611,41.24,In Hand
26050,-9.5672,-5.1667,-1.8124,95.4046,16.3511,-9.1603,41.42,In Hand
26100,-8.8178,-5.0254,-1.7765,92.6718,-5.7557,15.7405,41.71,In Hand
26150,-9.5816,-5.6144,-2.2218,102.1527,-29.5573,28.4275,41.71,In Hand
26200,-9.4786,-5.5905,-2.5786,110.9924,-53.0687,41.2519,41.75,In Hand
26250,-10.4555,-6.0597,-2.9305,108.8702,-56.7328,33.2366,41.57,In Hand
26300,-8.8107,-4.7573,-2.4373,99.5267,-63.2061,15.9695,41.57,In Hand
26350,-9.0070,-4.9584,-2.3966,77.2061,-48.8702,-4.5802,41.47,In Hand
26400,-9.0668,-4.6376,-1.9130,54.0763,-39.6794,-18.9466,41.47,In Hand
26450,-9.1770,-5.0302,-1.5682,26.3206,-27.8931,-29.8473,41.42,In Hand
26500,-9.5984,-5.4995,-1.4126,15.6794,-26.0305,-34.3511,41.42,In Hand
26550,-9.3111,-4.9967,-1.2761,9.7099,-28.6565,-25.2672,41.61,In Hand
26600,-9.8234,-5.9735,-0.9385,4.8702,-26.5954,-21.4351,41.42,In Hand
26650,-10.0748,-6.3662,-0.9960,28.2901,-40.7786,-51.8626,41.47,In Hand
26700,-8.4898,-4.7692,0.2753,17.7863,-30.6107,-47.7405,41.57,In Hand
26750,-6.8953,-4.8123,-0.0359,12.2595,-25.3740,-39.3740,41.57,In Hand
26800,-4.9752,-4.4125,0.4070,31.0534,-21.2519,-27.6794,41.42,In Hand
26850,-5.5498,-4.1300,0.3663,55.6641,-23.9237,-2.9008,41.71,In Hand
26900,-5.6120,-3.6990,0.1963,56.6412,-19.9084,21.5573,41.61,In Hand
26950,-5.6455,-3.3926,0.4070,40.7786,-6.3359,26.5344,41.57,In Hand
27000,-6.3303,-3.8116,0.5866,24.2901,10.2137,20.6260,41.47,In Hand
27050,-6.3255,-3.3184,1.4988,1.7710,19.7863,4.3359,41.47,In Hand
27100,-7.1371,-4.1324,1.5443,-15.2977,25.7252,-10.4275,41.71,In Hand
27150,-6.9336,-3.6248,2.3080,-32.1985,24.0611,-13.3588,41.57,In Hand
27200,-7.0222,-4.0941,2.2194,-44.0458,23.7710,12.3511,41.42,In Hand
27250,-8.2337,-5.4779,2.0782,-43.1756,35.2672,36.5954,41.61,In Hand
27300,-9.1842,-5.3582,2.0159,-49.3282,33.5573,49.4809,41.75,In Hand
27350,-9.1674,-5.3989,0.8619,-69.5878,30.5038,51.9542,41.42,In Hand
27400,-6.5074,-4.1851,1.2354,-70.3969,29.9084,31.3130,41.61,In Hand
27450,-6.2896,-4.2066,0.2729,-70.5954,37.5725,24.5038,41.38,In Hand
27500,-7.1204,-5.0781,-0.5363,-50.0153,33.0840,34.0305,41.57,In Hand
27550,-8.1427,-5.3271,-1.2498,-21.1756,9.3893,50.3511,41.47,In Hand
27600,-8.6694,-5.2313,-1.7693,-12.3359,0.9771,67.3740,41.57,In Hand
27650,-8.2624,-5.0853,-2.0327,-7.8779,9.3130,43.5878,41.75,In Hand
27700,-7.8937,-4.6663,-1.8723,-14.6565,28.3817,5.1145,41.42,In Hand
27750,-9.2392,-5.0829,-2.1380,-26.7481,42.7481,-41.3130,41.61,In Hand
27800,-9.2105,-4.9464,-1.8627,-34.2901,30.9008,-67.0382,41.61,In Hand
27850,-10.5848,-5.6168,-2.3391,-28.3359,-5.5878,-81.0076,41.47,In Hand
27900,-9.5481,-4.2904,-2.2577,-27.9695,-58.6412,-71.7099,41.42,In Hand
27950,-7.8147,-3.0095,-2.2482,-50.4885,-91.0687,-56.2290,41.47,In Hand
28000,-6.9264,-2.8276,-2.6121,-88.1374,-88.1527,-39.7557,41.57,In Hand
28050,-6.3997,-3.2537,-2.6001,-104.5343,-94.0458,-7.4962,41.61,In Hand
28100,-6.4356,-3.3854,-2.9113,-110.5954,-99.3435,13.2061,41.75,In Hand
28150,-5.8634,-2.8443,-2.7701,-139.2977,-73.3130,30.7023,41.47,In Hand
28200,-5.9520,-3.7230,-3.0933,-160.7939,-45.6947,52.3359,41.71,In Hand
28250,-6.5960,-4.6687,-3.2394,-154.7023,-17.6794,48.7328,41.61,In Hand
28300,-6.9456,-5.5282,-3.0909,-137.2672,22.2748,37.8473,41.42,In Hand
28350,-8.2289,-6.6080,-3.0909,-102.7328,64.2748,1.3588,41.38,In Hand
28400,-9.3757,-7.1467,-3.0622,-62.7634,97.1450,-51.2214,41.57,In Hand
28450,-14.2431,-9.3948,-4.7333,-12.9466,99.4657,-94.4580,41.57,In Hand
28500,-14.0444,-7.1012,-4.8171,20.7176,58.9466,-84.8550,41.57,In Hand
28550,-6.4667,-2.4780,-1.7573,-37.2061,87.6489,-49.5725,41.47,In Hand
28600,-8.0397,-4.8291,-2.4517,-58.6107,96.8702,-18.3511,41.61,In Hand
28650,-8.2576,-5.5138,-2.3487,-0.7939,32.7481,41.9389,41.61,In Hand
28700,-7.4244,-4.7645,-1.7119,48.1527,-14.6870,90.2443,41.75,In Hand
28750,-8.5904,-6.5074,-2.7725,120.6565,-73.8779,102.4733,41.47,In Hand
28800,-8.4755,-6.2968,-3.7876,189.7557,-123.0840,97.2519,41.57,In Hand
28850,-9.6941,-6.5960,-4.9416,227.5267,-146.9771,83.9237,41.57,In Hand
28900,-9.4643,-6.0071,-5.1284,241.6183,-158.4886,76.7939,41.61,In Hand
28950,-10.1203,-5.8131,-4.5945,222.4427,-143.0840,65.1603,41.57,In Hand
29000,-8.8873,-4.2617,-3.5099,163.2672,-88.0000,30.7786,41.38,In Hand
29050,-9.2632,-3.6727,-2.7701,91.1756,-17.0076,-30.9160,41.47,In Hand
29100,-6.5122,-1.7861,-1.3336,5.7099,53.0840,-71.0076,41.42,In Hand
29150,-4.1994,-1.4222,-0.4980,-74.5496,127.5573,-111.5725,41.75,In Hand
29200,-8.0014,-4.4293,-1.7071,-109.1450,158.5038,-144.6718,41.71,In Hand
29250,-7.8219,-4.7142,-1.4676,-87.5420,97.5115,-88.8244,41.38,In Hand
29300,-4.8195,-2.6695,-0.5914,-86.3206,67.5420,-18.6107,41.57,In Hand
29350,-6.3159,-3.7158,-0.7518,-94.7481,50.0763,14.8244,41.42,In Hand
29400,-8.4707,-5.1451,-1.4174,-77.6947,8.8397,44.5954,41.57,In Hand
29450,-7.1156,-5.0901,-1.3288,-67.9847,3.0382,-0.8855,41.61,In Hand
29500,-7.7141,-6.2920,-2.2410,-35.1298,1.8779,-69.0992,41.47,In Hand
29550,-7.6183,-5.6695,-2.1021,-22.7939,24.2137,-107.5115,41.47,In Hand
29600,-8.4180,-6.1363,-2.3966,-18.2137,25.1298,-93.5420,41.24,In Hand
29650,-8.5976,-5.8730,-2.5163,-18.0611,11.6947,-54.4427,41.42,In Hand
29700,-9.3925,-5.6814,-2.9281,-42.0153,-20.7176,45.6489,41.28,In Hand
29750,-7.2712,-5.7700,-2.6336,-83.7710,9.8626,69.7710,41.75,In Hand
29800,-7.5944,-6.8905,-2.6624,-62.2901,29.7099,75.4809,41.42,In Hand
29850,-9.4834,-9.0381,-3.1556,25.9695,0.6412,112.2901,41.61,In Hand
29900,-7.2137,-6.7253,-2.2960,92.8702,-5.9389,111.3588,41.57,In Hand
29950,-9.6319,-7.5729,-3.0742,139.8931,-41.9389,122.3664,41.57,In Hand
30000,-7.2712,-5.6312,-2.5067,160.1679,-74.7481,120.9466,41.57,In Hand
30050,-10.3070,-7.6519,-4.4724,163.9084,-82.3206,104.3969,41.42,In Hand
30100,-9.1004,-6.5697,-3.3232,128.1069,-52.4580,49.5420,41.19,In Hand
30150,-9.8090,-6.1220,-3.0335,99.8779,-28.1985,-21.2366,41.75,In Hand
30200,-12.1649,-6.6774,-3.2537,80.0153,-34.1832,-42.7634,41.71,In Hand
30250,-8.4779,-3.4644,-1.6089,32.7328,-41.5725,-29.0534,41.42,In Hand
30300,-6.9839,-3.8547,-0.8739,-19.9084,-2.0153,-48.5954,41.61,In Hand
30350,-7.9009,-4.8435,-0.8284,-9.9237,17.6183,-71.2366,41.71,In Hand
30400,-6.9504,-5.3079,-0.8882,26.4275,12.0305,-47.3282,41.42,In Hand
30450,-7.2520,-4.9440,-0.0311,63.2519,-0.5191,-25.8473,41.19,In Hand
30500,-6.7804,-3.7517,0.7111,74.7481,-29.8779,10.0458,41.42,In Hand
30550,-6.4189,-4.4341,0.0862,72.3969,-46.1679,24.7176,41.57,In Hand
30600,-6.5074,-4.9225,-0.5171,78.7328,-32.1374,6.1221,41.47,In Hand
30650,-6.1866,-4.0821,0.0503,62.9160,-16.4886,-30.0763,41.57,In Hand
30700,-6.6870,-4.3263,0.9313,36.2137,11.2366,-63.0076,41.47,In Hand
30750,-7.2257,-5.6647,1.6017,32.8092,20.2748,-75.8473,41.47,In Hand
30800,-7.8314,-5.6599,2.4900,47.6641,29.2519,-72.7481,41.57,In Hand
30850,-7.8961,-6.4045,2.2314,67.5878,26.0916,-56.4275,41.42,In Hand
30900,-7.3358,-4.9249,1.3551,86.4733,26.6565,-28.8702,41.47,In Hand
30950,-7.2951,-4.2904,2.1524,83.3130,48.1832,27.7405,41.61,In Hand
31000,-6.8187,-6.2058,2.5666,70.1527,46.5954,13.3130,41.42,In Hand
31050,-6.5434,-6.5793,2.3990,61.8626,48.9924,-7.0687,41.47,In Hand
31100,-7.0437,-3.6871,2.5738,52.6870,46.0153,-20.6870,41.42,In Hand
31150,-6.7205,-4.2473,2.8994,51.6641,47.6489,-5.5725,41.57,In Hand
31200,-7.2185,-5.4947,2.3343,43.2977,49.7252,-25.2672,41.38,In Hand
31250,-7.0677,-5.4803,2.9161,30.0763,50.0763,-24.7176,41.57,In Hand
31300,-7.7117,-5.7126,3.8283,19.3893,32.6412,-29.3130,41.42,In Hand
31350,-6.8618,-6.9192,3.1532,31.1298,27.4046,-29.5267,41.42,In Hand
31400,-7.5010,-6.4141,1.4700,59.5115,59.6947,-29.5114,41.71,In Hand
31450,-8.0756,-5.2265,2.8060,31.3282,44.3817,-25.2061,41.38,In Hand
31500,-5.1188,-5.4540,2.9042,9.7099,35.2672,-38.0458,41.47,In Hand
31550,-7.0198,-6.8714,4.0965,27.3740,32.9008,-85.2672,41.61,In Hand
31600,-4.0773,-6.7421,2.7222,39.9695,31.2824,-130.0305,41.24,In Hand
31650,-3.4764,-6.2656,2.2960,8.4275,40.8397,-162.5191,41.42,In Hand
31700,-1.1516,-7.5824,2.4205,-24.9771,52.0611,-168.8702,41.24,In Hand
31750,-0.5195,-8.2983,2.2314,-43.2977,67.5573,-186.9618,41.47,In Hand
31800,0.9026,-9.6079,1.8220,-50.9008,71.7710,-175.5420,41.42,In Hand
31850,1.6975,-10.9200,0.8930,-17.0076,83.6947,-138.2748,41.42,In Hand
31900,3.4333,-8.3438,1.6257,19.6641,89.6641,-137.8321,41.42,In Hand
31950,5.7054,-7.9799,1.0822,25.2977,115.4809,-160.3359,41.61,In Hand
32000,5.8203,-8.1810,1.5179,15.0076,128.0916,-171.4657,41.42,In Hand
32050,7.2520,-7.7021,1.1133,-5.4656,144.0000,-165.9847,41.61,In Hand
32100,8.5952,-7.5034,0.7614,-27.1145,144.3969,-151.9237,41.61,In Hand
32150,8.7795,-7.3047,0.6512,-54.6870,165.6641,-132.1985,41.61,In Hand
32200,9.6989,-7.4460,0.3807,-58.7023,153.8779,-103.5878,41.75,In Hand
32250,8.4013,-8.4276,1.5897,-60.1527,140.8244,-102.0763,41.61,In Hand
32300,8.4731,-6.2249,2.4062,-62.3206,110.1221,-90.5496,41.42,In Hand
32350,9.5313,-7.6854,2.0470,-65.2977,101.9847,-87.1603,41.38,In Hand
32400,9.0621,-6.5793,1.5538,-76.0458,100.1221,-103.5420,41.28,In Hand
32450,7.4939,-5.6168,2.3870,-96.7939,83.7252,-94.0305,41.57,In Hand
32500,8.3534,-6.8450,2.1691,-100.4733,54.4122,-82.0916,41.38,In Hand
32550,7.3933,-6.4883,2.1739,-87.4198,36.9771,-80.9771,41.42,In Hand
32600,7.0988,-6.5601,2.3224,-56.5344,10.0458,-70.2595,41.42,In Hand
32650,7.8913,-6.4620,2.2697,-24.9313,-7.5267,-52.3817,41.42,In Hand
32700,8.0948,-6.1507,2.4062,-3.8168,-19.1908,-40.9618,41.57,In Hand
32750,8.5425,-6.3829,2.3822,5.7710,-19.4656,-34.9771,41.42,In Hand
32800,8.6311,-5.3463,2.2410,0.4275,-17.9237,-32.4275,41.28,In Hand
32850,8.1427,-4.9440,2.3774,-17.0534,-18.3511,-20.9618,41.42,In Hand
32900,7.8602,-5.0542,2.6073,-33.3588,-28.9160,-6.3817,41.38,In Hand
32950,8.5449,-5.8323,2.5211,-36.6718,-37.2366,4.2290,41.42,In Hand
33000,9.8450,-6.2680,2.3296,-33.9542,-33.2977,20.2901,41.47,In Hand
33050,9.6582,-5.9975,2.1955,-23.3893,-25.0534,40.9924,41.47,In Hand
33100,9.3015,-5.9472,2.0207,-14.9008,-16.5649,57.0229,41.42,In Hand
33150,9.1243,-5.9903,1.9848,-2.5802,-8.0458,63.5573,41.28,In Hand
33200,8.5449,-5.9017,2.0159,10.2443,-3.9542,62.7176,41.47,In Hand
33250,8.2097,-6.1028,2.2194,19.1145,-3.6183,54.5038,41.42,In Hand
33300,7.8506,-5.4899,2.2936,29.7557,-9.6336,50.6107,41.71,In Hand
33350,8.2720,-4.5370,2.1141,13.8473,0.0000,43.0534,41.42,In Hand
33400,8.1714,-5.7078,2.3415,3.6336,7.1908,23.4351,41.57,In Hand
33450,7.5154,-5.0422,2.5738,5.9542,1.6336,0.9008,41.42,In Hand
33500,8.0709,-4.6352,2.5019,-5.8168,-1.1603,-19.6794,41.24,In Hand
33550,8.5425,-4.0438,2.0901,-30.3969,11.4656,-38.5038,41.71,In Hand
33600,8.7484,-4.2138,1.9872,-62.1679,27.6031,-54.9008,41.71,In Hand
33650,10.0485,-5.5857,1.5969,-86.9160,38.7939,-95.6336,41.42,In Hand
33700,10.3645,-5.7221,1.2330,-101.8626,67.0382,-121.0382,41.28,In Hand
33750,11.6095,-6.7421,1.6257,-98.3817,84.0458,-126.1221,41.42,In Hand
33800,11.6550,-6.4452,1.2091,-85.5725,104.9924,-103.2672,41.28,In Hand
33850,8.4324,-5.1811,1.7837,-87.8779,108.3969,-77.1603,41.61,In Hand
33900,7.3478,-4.6831,1.9106,-96.9618,87.6183,-57.8931,41.71,In Hand
33950,6.2944,-4.5849,2.1548,-95.3893,60.3817,-40.5191,41.38,In Hand
34000,6.9983,-3.9911,1.9010,-93.1450,32.4733,-11.1908,41.57,In Hand
34050,7.0725,-4.0223,2.4373,-87.6336,9.7557,27.8779,41.75,In Hand
34100,9.1147,-5.0661,2.0662,-94.8702,-7.0382,40.1374,41.42,In Hand
34150,9.2105,-5.2960,2.0207,-110.3511,15.8473,6.9008,41.57,In Hand
34200,7.0509,-4.6160,2.0949,-119.3435,5.7863,-1.6336,41.38,In Hand
34250,6.5841,-5.5306,2.1524,-98.3664,-17.6947,7.9237,41.47,In Hand
34300,6.8331,-6.0166,2.1308,-54.5954,-44.9771,22.0000,41.75,In Hand
34350,7.3047,-5.6503,1.6688,-20.5191,-49.0687,34.6412,41.28,In Hand
34400,7.2856,-5.8442,1.6257,9.2366,-49.3893,41.6183,41.28,In Hand
34450,7.9751,-6.3566,1.4916,49.0382,-49.1145,33.0687,41.24,In Hand
34500,8.4515,-5.3750,1.1468,66.4275,-37.8015,15.7710,41.38,In Hand
34550,11.0468,-5.6072,1.5371,60.0153,-23.0992,5.8168,41.24,In Hand
34600,12.7204,-8.0589,1.4748,61.2824,-0.0763,-17.2519,41.42,In Hand
34650,8.8538,-6.8929,1.3384,69.6336,12.7634,-73.2672,41.57,In Hand
34700,5.7126,-5.6288,1.8531,75.7405,-6.7023,-114.8092,41.61,In Hand
34750,6.8738,-4.8363,2.2529,82.0763,-44.1985,-99.2824,41.47,In Hand
34800,8.9495,-4.5490,1.5802,92.1832,-68.8397,-43.1756,41.47,In Hand
34850,10.6638,-4.8770,0.7805,100.4580,-46.3817,3.9847,41.57,In Hand
34900,10.1394,-4.6400,1.0199,106.8092,-19.5573,43.5573,41.47,In Hand
34950,9.7444,-3.6703,0.9074,107.3893,-2.2595,73.0534,41.24,In Hand
35000,9.1291,-3.6224,1.3982,98.6107,6.8702,94.7176,41.61,In Hand
35050,9.3829,-3.4764,1.4078,81.1145,8.6565,104.4275,41.61,In Hand
35100,8.9352,-4.1156,2.0279,57.7557,5.9389,102.3053,41.38,In Hand
35150,9.7205,-5.1834,2.3415,42.0153,-4.1832,81.4657,41.42,In Hand
35200,10.2663,-4.9153,2.2697,21.8168,-1.9847,57.1756,41.42,In Hand
35250,9.5122,-5.3439,2.5666,-3.3893,8.0611,23.1756,41.38,In Hand
35300,10.4291,-5.2864,3.0550,-23.8931,1.3740,7.7252,41.38,In Hand
35350,10.8146,-5.7485,2.3655,-33.7405,20.5649,3.4198,41.38,In Hand
35400,6.6966,-3.8092,2.8491,-48.5191,22.7634,-8.9924,41.47,In Hand
35450,5.6360,-4.0342,2.5594,-52.3359,8.1832,-26.6870,41.38,In Hand
35500,5.8466,-4.6639,2.3343,-34.5802,-12.4580,-43.4046,41.19,In Hand
35550,8.1906,-4.6424,2.1811,-21.8015,-22.3053,-37.2061,41.61,In Hand
35600,8.6550,-4.7118,1.6616,-6.3206,-0.2137,-26.8397,41.42,In Hand
35650,7.5178,-3.3136,2.3391,-21.4046,7.2672,-24.9771,41.42,In Hand
35700,7.3741,-3.3495,2.5019,-40.6718,4.1527,-29.7099,41.57,In Hand
35750,6.9480,-4.5131,2.5953,-36.2137,2.2443,-30.9924,41.57,In Hand
35800,7.5848,-4.5610,2.8539,-35.6794,-0.9771,-30.2137,41.57,In Hand
35850,8.3653,-4.2665,1.8220,-41.0229,2.8550,-40.4427,41.47,In Hand
35900,8.6191,-4.8147,2.0327,-56.0458,-0.0611,-59.6641,41.42,In Hand
35950,9.7013,-6.2632,1.8340,-54.0305,-5.7099,-70.7939,41.38,In Hand
36000,12.0596,-6.8642,1.5203,-32.2748,-6.7176,-57.9389,41.38,In Hand
36050,12.0620,-6.9240,1.2977,-11.2214,12.0153,-39.9237,41.75,In Hand
36100,9.0812,-6.1555,1.7693,4.2901,17.6641,-35.9542,41.42,In Hand
36150,6.2321,-5.0661,2.6456,22.7939,-8.3511,-33.1908,41.47,In Hand
36200,7.4771,-5.1116,2.2601,54.8550,-36.1221,-3.0229,41.42,In Hand
36250,10.2304,-6.8043,1.4174,84.1679,-34.6718,18.0916,41.75,In Hand
36300,10.2568,-6.4476,0.7949,106.9313,-5.0382,9.5725,41.71,In Hand
36350,8.7508,-4.9991,0.8212,111.9389,14.7176,18.4580,41.47,In Hand
36400,8.4228,-4.3622,1.1923,114.3206,13.8626,48.1374,41.61,In Hand
36450,9.3613,-4.7573,0.8643,109.7863,8.4580,72.1069,41.57,In Hand
36500,9.5936,-4.6136,1.0415,96.3511,17.0229,75.6794,41.42,In Hand
36550,9.9407,-4.2186,1.6592,57.5878,13.3282,76.5038,41.38,In Hand
36600,10.0820,-5.6144,2.2984,20.3206,6.2901,65.6336,41.28,In Hand
36650,13.0723,-5.8442,2.2936,-12.9313,-1.3282,65.1298,41.19,In Hand
36700,11.9207,-5.6743,2.0446,-37.2824,19.9847,53.8779,41.47,In Hand
36750,7.9775,-5.3415,2.9161,-75.6641,10.2290,16.9160,41.57,In Hand
36800,7.0868,-5.1763,2.3200,-63.5573,-8.9924,13.7863,41.28,In Hand
36850,5.9783,-4.6735,2.3846,-29.3130,-28.6718,40.4733,41.28,In Hand
36900,7.1946,-4.5226,1.7262,-8.9466,-22.1069,71.0992,41.42,In Hand
36950,8.1475,-4.9201,1.0894,4.4275,9.4198,74.1374,41.47,In Hand
37000,7.2257,-4.5442,0.8930,-2.0153,27.6489,53.1908,41.38,In Hand
37050,6.2920,-5.5115,1.4676,-8.1679,26.5496,18.3206,41.57,In Hand
37100,5.8826,-4.6448,1.4150,-21.2214,21.8626,-11.5115,41.42,In Hand
37150,6.3231,-5.9089,1.3455,-33.9389,13.6641,-25.4809,41.38,In Hand
37200,5.8347,-6.9983,2.5259,-24.1679,-14.1832,-38.1221,41.24,In Hand
37250,7.4316,-7.2472,1.9609,-10.1527,-53.0687,-45.9847,41.47,In Hand
37300,7.5753,-7.0653,1.7813,-4.6565,-64.6718,-40.7786,41.61,In Hand
37350,9.6798,-5.5067,1.0822,-9.6641,-58.8397,-8.1985,41.38,In Hand
37400,9.7492,-8.3773,1.0487,4.4733,-32.1832,19.2824,41.42,In Hand
37450,8.2145,-6.4117,0.6871,15.6489,-30.6870,16.5954,41.47,In Hand
37500,6.7325,-5.1284,0.5195,-4.0611,-13.0992,0.3206,41.61,In Hand
37550,6.9073,-5.9783,0.6105,-9.0534,-11.3893,-6.2290,41.57,In Hand
37600,8.1044,-7.0294,0.5986,2.0305,-12.9160,-15.2824,41.38,In Hand
37650,7.9607,-5.5761,0.3687,-0.5649,-4.4580,-23.8321,41.38,In Hand
37700,6.9695,-5.9472,0.7757,-20.4275,8.7786,-31.6336,41.38,In Hand
37750,6.6990,-7.1132,0.8715,-34.0153,9.8473,-44.4733,41.42,In Hand
37800,6.9983,-8.0732,0.6464,6.2748,-2.1527,-50.8550,41.38,In Hand
37850,6.2058,-6.0837,1.0582,27.7405,-12.1985,-34.2443,41.28,In Hand
37900,8.4324,-5.6838,1.2498,14.7634,-5.3893,-6.3969,41.38,In Hand
37950,9.1171,-6.1699,1.4940,-10.0611,12.7328,9.8931,41.47,In Hand
38000,10.7548,-7.0749,1.4341,-31.8321,39.3130,10.8702,41.42,In Hand
38050,11.1235,-6.9312,1.7430,-42.5344,54.8702,34.2748,41.61,In Hand
38100,10.8170,-8.3270,1.9680,-26.7023,55.7863,45.3588,41.47,In Hand
38150,8.3199,-6.5505,1.9489,-9.0992,59.2824,21.0076,41.57,In Hand
38200,6.9599,-3.9480,1.5299,-32.8092,73.0534,21.1298,41.47,In Hand
38250,7.5920,-4.2808,1.4269,-49.2977,79.8015,45.9847,41.57,In Hand
38300,8.4060,-4.8890,1.2689,-55.4351,93.4504,64.6412,41.71,In Hand
38350,7.1371,-5.3582,1.4964,-52.5496,85.3740,65.1603,41.28,In Hand
38400,6.3207,-5.4348,1.1827,-52.8702,84.3359,42.8397,41.38,In Hand
38450,4.5418,-5.2026,1.7693,-47.4198,66.1832,14.5038,41.28,In Hand
38500,4.3191,-4.8937,1.5299,-33.1756,41.3435,-4.4885,41.42,In Hand
38550,4.8937,-5.2026,1.2402,-20.3664,34.9160,-21.1603,41.24,In Hand
38600,5.8778,-6.0525,1.3862,-1.9237,30.3206,-39.6031,41.38,In Hand
38650,6.6966,-5.9185,1.6975,15.7863,29.0076,-58.3969,41.38,In Hand
38700,9.1746,-5.5952,1.6999,16.7023,12.6260,-53.1145,41.42,In Hand
38750,10.2975,-6.0382,1.7549,1.9084,25.6489,-63.7252,41.28,In Hand
38800,8.5329,-5.3510,1.7406,-17.2824,21.9847,-84.9466,41.28,In Hand
38850,8.2815,-4.5657,1.8842,-47.4809,10.3817,-102.9160,41.24,In Hand
38900,10.6518,-5.2170,1.8890,-67.5878,7.2977,-88.8244,41.47,In Hand
38950,12.3948,-7.8937,2.0159,-46.6870,4.3053,-79.3282,41.42,In Hand
39000,12.5743,-7.3646,0.5914,-10.9771,29.5114,-93.4046,41.38,In Hand
39050,8.9711,-5.2744,1.6712,-2.2290,40.4427,-98.1221,41.24,In Hand
39100,7.9823,-3.9672,2.1093,-9.6489,18.1374,-79.8779,41.61,In Hand
39150,8.1044,-3.2705,2.0087,-27.5114,-3.9695,-45.3893,41.42,In Hand
39200,8.7005,-3.8307,2.1524,-52.0153,-17.0229,-13.7710,41.42,In Hand
39250,9.9527,-3.8571,2.1691,-78.2748,-33.6641,2.3206,41.38,In Hand
39300,11.4898,-4.7022,0.4764,-108.4122,-0.1832,19.5267,41.61,In Hand
39350,10.0269,-6.7038,1.6831,-101.0840,5.1145,19.4351,41.71,In Hand
39400,8.8226,-5.0470,1.7382,-73.5267,-7.5573,36.3053,41.61,In Hand
39450,12.7563,-6.7780,0.3160,-39.4504,18.5802,72.0153,41.38,In Hand
39500,8.7843,-5.3295,1.4078,-0.9313,44.2595,77.0992,41.47,In Hand
39550,6.1579,-3.3112,1.9489,-11.5573,33.6947,62.5344,41.28,In Hand
39600,6.6702,-4.6040,2.2505,-14.9466,27.9847,46.7328,41.42,In Hand
39650,8.5449,-5.0805,2.0303,11.1450,14.1374,60.1679,41.28,In Hand
39700,8.8921,-5.7437,2.1428,64.2595,21.5878,83.0992,41.38,In Hand
39750,8.0852,-3.2944,2.3727,81.6794,15.0076,85.5573,41.61,In Hand
39800,6.8498,-2.0135,2.6647,41.5725,19.7099,77.6031,41.61,In Hand
39850,7.1251,-3.6607,2.5642,2.5191,13.7710,43.8779,41.09,In Hand
39900,6.9408,-3.6057,2.5929,-24.0153,11.5878,-5.2061,41.42,In Hand
39950,7.3741,-4.0462,2.2913,-53.0840,15.1908,-54.2595,41.28,In Hand
40000,7.3933,-4.4748,2.4205,-74.2595,12.7786,-94.5343,41.38,In Hand
40050,9.2751,-5.8083,2.1691,-77.3740,16.8092,-118.0458,41.24,In Hand
40100,8.7436,-5.4300,2.6336,-80.0305,8.3664,-130.1832,41.47,In Hand
40150,11.2097,-6.1914,2.2721,-81.5573,1.2061,-133.1298,41.38,In Hand
40200,12.4882,-6.1818,1.9106,-79.5573,8.0000,-114.9160,41.42,In Hand
40250,11.4970,-6.6128,1.8890,-68.8397,15.3740,-95.2824,41.19,In Hand
40300,8.7652,-5.9256,2.2338,-51.9389,4.0916,-89.0687,41.42,In Hand
40350,6.9839,-5.0159,2.2098,-32.3969,-21.7557,-80.8397,41.61,In Hand
40400,7.4316,-4.2473,1.7549,-10.5496,-41.7099,-43.8626,41.28,In Hand
40450,9.7229,-5.0278,1.5610,17.7710,-57.6336,5.9237,41.57,In Hand
40500,12.3206,-5.6934,0.3687,48.2748,-39.3130,62.5802,41.28,In Hand
40550,11.6167,-5.1020,0.4669,83.1908,-1.6336,106.9160,41.61,In Hand
40600,10.9391,-4.2593,0.5315,98.2443,27.4046,134.8397,41.71,In Hand
40650,10.4411,-3.9816,0.4094,98.2901,54.4580,146.6565,41.42,In Hand
40700,10.3573,-3.3543,1.4796,78.2137,58.0305,149.9847,41.47,In Hand
40750,11.1163,-4.4724,1.0175,52.1679,61.9847,142.4275,41.47,In Hand
40800,9.4020,-3.9816,1.8148,20.1069,65.3130,111.8626,41.38,In Hand
40850,9.1937,-4.8961,1.6712,4.1679,69.0687,69.6794,41.57,In Hand
40900,7.4292,-4.7645,1.9154,-8.7481,59.1145,21.3893,41.28,In Hand
40950,6.9504,-3.6440,1.6448,-16.5496,57.8779,-25.4962,41.24,In Hand
41000,6.5721,-3.6583,2.0183,-43.3588,45.9084,-73.4962,41.24,In Hand
41050,8.6957,-5.3606,1.4557,-61.5115,47.2824,-118.4122,41.61,In Hand
41100,11.4634,-6.3111,1.1181,-70.0000,61.0992,-151.6641,41.42,In Hand
41150,11.6981,-7.1371,1.2474,-73.3282,83.6031,-176.9618,41.42,In Hand
41200,10.0676,-4.9656,1.7573,-95.7099,93.3588,-201.0382,41.38,In Hand
41250,10.1155,-5.5234,1.9824,-129.9389,84.8702,-197.3282,41.42,In Hand
41300,9.3494,-4.9177,2.0614,-144.9313,66.7481,-177.6336,41.47,In Hand
41350,9.3829,-4.5059,1.7909,-151.5267,59.8473,-143.0534,41.42,In Hand
41400,8.5784,-4.1899,2.0231,-144.3206,62.7786,-101.2214,41.24,In Hand
41450,8.5952,-4.2904,1.8004,-135.1603,56.2290,-62.5649,41.57,In Hand
41500,7.7428,-4.6448,2.1859,-110.2443,48.3053,-38.0458,41.38,In Hand
41550,7.5848,-4.2641,2.6073,-85.6947,16.2901,-14.3969,41.42,In Hand
41600,7.1922,-4.2210,2.7390,-61.0840,-9.6489,-4.6870,41.28,In Hand
41650,6.9743,-3.5027,3.1915,-47.6031,-39.3130,-2.5954,41.42,In Hand
41700,8.9280,-3.6200,2.8108,-44.6718,-54.2595,6.7939,41.42,In Hand
41750,10.4196,-4.2114,3.2178,-42.7634,-57.3893,22.3359,41.42,In Hand
41800,10.4411,-4.2641,3.0287,-43.7099,-51.3435,17.8931,41.57,In Hand
41850,10.1610,-3.9983,3.0526,-50.8702,-55.1450,1.2824,41.38,In Hand
41900,10.5872,-3.6320,2.2841,-56.0305,-41.5573,-4.0000,41.42,In Hand
41950,9.5912,-3.4477,2.3655,-64.2595,-32.8244,-10.5038,41.42,In Hand
42000,10.1921,-3.6536,1.8603,-68.0458,-16.2595,-17.1145,41.61,In Hand
42050,9.3446,-4.3048,2.2769,-69.1756,-5.8473,-35.8015,41.38,In Hand
42100,9.1267,-3.7038,2.1428,-70.4427,-3.6489,-51.0076,41.61,In Hand
42150,9.1818,-4.5849,2.0446,-61.9237,4.3817,-51.5878,41.42,In Hand
42200,9.4882,-5.5569,1.5323,-29.4198,17.5878,-43.6947,41.42,In Hand
42250,7.3717,-2.7342,2.5067,-3.1145,12.8550,1.0840,41.24,In Hand
42300,9.2823,-4.2593,1.4748,33.7863,5.2977,39.0076,41.38,In Hand
42350,9.5720,-2.6217,1.2881,46.8702,9.2672,68.3053,41.38,In Hand
42400,10.2687,-3.0071,0.9457,32.7939,24.6260,69.0382,41.38,In Hand
42450,9.6462,-2.4876,0.9529,9.8015,53.4809,51.1756,41.38,In Hand
42500,10.2137,-3.0358,0.5650,-13.3130,68.2443,40.7176,41.24,In Hand
42550,8.8442,-2.9281,1.5969,-32.7176,65.5725,44.0611,41.42,In Hand
42600,8.3031,-3.6583,2.3104,-43.1450,36.8702,25.0076,41.28,In Hand
42650,9.2536,-2.6576,1.9058,-80.4885,15.3435,0.5344,41.42,In Hand
42700,9.6055,-3.8475,1.9680,-105.6947,14.2443,-18.4427,41.28,In Hand
42750,9.9790,-3.6129,1.1995,-100.4580,27.0382,-41.7252,41.61,In Hand
42800,9.4284,-4.2928,1.7310,-91.4809,33.4809,-46.2290,41.61,In Hand
42850,9.3254,-4.5298,1.7214,-81.4504,36.9160,-32.4275,41.38,In Hand
42900,8.6479,-4.6088,1.7813,-64.1679,29.1450,-19.8626,41.28,In Hand
42950,9.5409,-5.2912,1.4030,-44.8702,26.4886,-14.5191,41.42,In Hand
43000,9.0621,-4.8195,1.7885,-28.0611,22.7786,-16.2748,41.61,In Hand
43050,9.0142,-4.6735,1.8364,-25.6641,20.3817,-16.9771,41.24,In Hand
43100,8.7508,-4.4819,1.9704,-25.8321,12.3206,-14.4275,41.38,In Hand
43150,8.5569,-4.3503,2.1596,-27.5420,1.6031,-9.2824,41.38,In Hand
43200,8.8155,-4.4772,2.1189,-22.8702,-7.6031,-2.2290,41.57,In Hand
43250,8.7173,-4.3479,2.2601,-17.3740,-15.2061,-0.3359,41.38,In Hand
43300,8.7436,-4.1492,2.2553,-15.6794,-19.6794,2.5496,41.47,In Hand
43350,8.6550,-4.3694,2.1835,-7.0992,-23.4351,3.1298,41.28,In Hand
43400,8.4324,-4.0654,2.2098,-0.7023,-25.9237,-3.1756,41.57,In Hand
43450,8.5449,-4.0486,2.0207,1.7710,-30.5038,-10.3664,41.28,In Hand
43500,8.4851,-4.1659,2.2625,1.7252,-30.6870,-16.4122,41.09,In Hand
43550,10.0149,-4.8914,2.0853,6.5954,-31.9389,-17.6794,41.28,In Hand
43600,9.5696,-4.9752,1.7382,15.5573,-22.4580,-21.1298,41.42,In Hand
43650,8.7795,-3.7637,1.4485,17.4351,-10.1679,-17.4351,41.38,In Hand
43700,8.9878,-3.7397,1.0726,21.0534,1.3588,1.8779,41.47,In Hand
43750,10.3693,-4.7836,0.9457,37.3282,3.2977,17.5573,41.42,In Hand
43800,10.9774,-5.1715,0.4908,49.8168,40.1374,24.1069,41.57,In Hand
43850,8.7676,-3.7445,1.1588,52.5802,42.4733,18.5038,41.38,In Hand
43900,10.5417,-4.8937,0.9242,49.8015,43.4656,24.9466,41.38,In Hand
43950,9.8521,-4.6711,1.1588,55.0534,45.7405,27.6489,41.47,In Hand
44000,10.3477,-4.6280,0.9697,52.7786,42.7939,27.7099,41.28,In Hand
44050,8.6742,-3.2825,1.5921,37.5115,43.9237,28.7176,41.38,In Hand
44100,8.3582,-3.4285,1.6975,12.4733,29.7557,30.3359,41.19,In Hand
44150,8.1977,-3.6631,1.8292,1.5267,22.0000,29.5267,41.38,In Hand
44200,8.8274,-4.4005,1.9058,-5.2519,1.5878,23.5420,41.57,In Hand
44250,9.0740,-4.7333,2.0949,-3.8626,-14.9771,11.8321,41.71,In Hand
44300,8.7005,-4.4628,2.1213,-5.3282,-36.7023,-6.4885,41.61,In Hand
44350,9.2057,-4.1420,1.9369,-7.6031,-45.4046,-18.9466,41.24,In Hand
44400,9.2536,-3.9792,1.6065,-12.2443,-47.8931,-25.8626,41.61,In Hand
44450,9.1482,-3.8930,1.4916,-18.8244,-50.2290,-33.7252,41.42,In Hand
44500,9.1842,-3.0813,1.6113,-45.0382,-60.0153,-52.5954,41.42,In Hand
44550,9.7396,-4.3215,1.1468,-78.5343,-57.5573,-69.5115,41.42,In Hand
44600,11.4251,-4.8507,1.1444,-82.2290,-45.1450,-82.1069,41.47,In Hand
44650,11.0899,-5.7748,1.5802,-67.6641,-21.6794,-78.5191,41.75,In Hand
44700,9.9359,-4.9704,1.7262,-45.8779,-10.8702,-75.8931,41.47,In Hand
44750,7.8769,-4.3718,2.6288,-26.7481,-19.9389,-64.1221,41.19,In Hand
44800,7.6830,-3.5314,2.2673,-4.8855,-33.9695,-36.9618,41.38,In Hand
44850,8.8442,-3.5817,1.1636,22.3511,-22.6565,-3.8779,41.47,In Hand
44900,9.6103,-3.8355,0.4741,41.9847,3.8321,24.9313,41.61,In Hand
44950,10.8194,-4.9608,-0.4262,70.6107,33.7710,42.0000,41.57,In Hand
45000,8.9735,-4.3766,0.7685,103.0840,38.2443,49.4198,41.28,In Hand
45050,8.5665,-3.7900,0.5698,128.7939,18.7023,64.9313,41.24,In Hand
45100,9.4571,-5.0374,0.4310,154.5496,16.6412,75.4657,41.42,In Hand
45150,10.0892,-4.9440,0.3735,181.7710,16.0000,69.2824,41.47,In Hand
45200,8.6550,-4.5059,1.0127,183.8473,9.3435,49.6489,41.57,In Hand
45250,9.1913,-4.4580,0.9337,176.3969,-13.4046,32.7176,41.42,In Hand
45300,8.1954,-3.9049,1.7190,159.6183,-34.0305,23.9847,41.57,In Hand
45350,9.1650,-3.5243,1.4293,131.0687,-48.2443,24.8244,41.47,In Hand
45400,8.7724,-3.2992,1.7119,98.4122,-39.3130,31.5420,41.24,In Hand
45450,10.4459,-3.8044,1.0151,66.4427,-28.1221,37.3893,41.47,In Hand
45500,9.7707,-5.6790,1.5419,47.7099,-11.8626,23.7099,41.61,In Hand
45550,8.6455,-4.0797,1.3862,28.9466,-17.5114,7.2824,41.38,In Hand
45600,6.9863,-4.8985,1.3168,38.5496,-21.3740,9.4046,41.42,In Hand
45650,8.9352,-4.1468,1.2115,29.4198,-32.5954,12.6260,41.24,In Hand
45700,10.3549,-6.7062,0.7590,55.8168,-23.4351,30.2901,41.28,In Hand
45750,10.3525,-3.8738,1.3312,56.0305,-35.3435,41.9084,41.38,In Hand
45800,11.3389,-3.5195,0.9960,-4.4275,1.6183,44.2443,41.42,In Hand
45850,8.8801,-2.7701,1.9201,-84.5954,12.7786,25.4351,41.28,In Hand
45900,8.7077,-4.5825,1.7693,-122.2901,20.6718,21.3893,41.24,In Hand
45950,8.3749,-4.7669,2.0279,-128.6565,10.2595,26.8397,41.38,In Hand
46000,8.6574,-5.8610,1.3695,-110.6260,11.3588,32.1374,41.38,In Hand
46050,8.6622,-5.7868,1.4126,-82.0153,17.0382,32.9008,41.38,In Hand
46100,8.8131,-6.1459,0.8787,-57.5420,30.3053,33.1908,41.19,In Hand
46150,7.7692,-6.3686,1.3599,-22.4275,39.2977,22.8702,41.57,In Hand
46200,9.1818,-6.4212,0.6656,9.1145,35.6183,12.5038,41.28,In Hand
46250,9.2608,-6.5864,0.6201,36.8244,55.9695,5.8168,41.38,In Hand
46300,8.9040,-5.9783,0.9026,41.4351,55.8779,-15.0382,41.38,In Hand
46350,6.7421,-5.2816,1.6903,21.8015,43.9389,-38.1985,41.24,In Hand
46400,5.5857,-3.7948,2.0375,-0.3969,15.0534,-38.5954,41.42,In Hand
46450,7.2880,-5.0206,1.7741,-14.2137,-8.9313,-11.6336,41.24,In Hand
46500,8.5162,-6.0789,1.6951,-14.2443,-26.1527,9.7405,41.47,In Hand
46550,8.9591,-6.0861,0.9864,-7.7252,-26.3511,25.9542,41.24,In Hand
46600,7.0629,-5.8012,1.3144,-15.2824,-25.8321,30.3206,41.47,In Hand
46650,7.1778,-6.7516,1.3024,-12.8855,-35.3740,22.7023,41.47,In Hand
46700,8.0661,-7.4867,0.6105,19.7863,-39.9389,16.5649,41.42,In Hand
46750,7.6399,-7.1108,0.7087,36.1985,-40.6260,31.8321,41.28,In Hand
46800,7.8506,-8.2241,0.5387,70.6870,-54.3206,55.9542,41.42,In Hand
46850,8.3582,-8.6862,0.1748,109.5115,-72.7176,71.4657,41.38,In Hand
46900,9.0812,-8.4803,-0.4693,128.4580,-80.5954,83.7099,41.38,In Hand
46950,8.0014,-8.1714,-0.0982,135.1450,-83.0840,82.5649,41.24,In Hand
47000,6.6272,-6.9121,-0.0168,109.6336,-96.1832,86.2748,41.28,In Hand
47050,5.0326,-6.7253,0.5052,81.2672,-117.2977,90.8244,41.28,In Hand
47100,5.0278,-6.7924,0.3807,39.3130,-126.7481,93.6336,41.38,In Hand
47150,5.1811,-7.3861,0.2945,5.6336,-131.6947,73.4504,41.24,In Hand
47200,5.6360,-7.9176,-0.1221,-12.1374,-122.4122,41.2824,41.38,In Hand
47250,4.7405,-9.1889,0.7207,17.4046,-125.5420,13.2672,41.47,In Hand
47300,3.9672,-7.3167,0.4118,58.8244,-127.2672,4.8244,41.19,In Hand
47350,4.4149,-5.4324,2.1644,55.1298,-114.6260,5.7557,41.24,In Hand
47400,4.8171,-6.8881,1.9848,4.0305,-78.2443,2.1069,41.28,In Hand
47450,3.2298,-9.5289,0.4932,3.8779,-75.1603,20.1069,41.61,In Hand
47500,2.4828,-10.7380,-0.8547,8.3053,-92.6870,80.1527,41.38,In Hand
47550,3.7781,-7.8650,-0.7638,-12.3664,-82.2901,122.9160,41.38,In Hand
47600,-0.0910,-7.8578,-0.1389,-25.0229,-95.1450,141.6336,41.24,In Hand
47650,-0.1628,-6.0166,-0.7925,-20.9313,-83.8015,155.9237,41.19,In Hand
47700,-2.3870,-6.0765,-1.1277,-31.4046,-82.9618,246.1527,41.42,In Hand
47750,-4.6902,-10.2735,-2.8515,-24.7634,-56.5649,260.2137,41.47,In Hand
47800,-5.3247,-11.1809,-2.2625,-8.7634,-19.7252,210.2595,41.61,In Hand
47850,-5.7988,-9.6031,-2.0087,-22.3511,4.1832,146.9160,41.28,In Hand
47900,-5.4684,-9.7109,-1.9345,-33.4504,12.0000,100.4122,41.42,In Hand
47950,-7.3550,-8.8131,-0.8523,-36.5649,14.4733,73.7405,41.42,In Hand
48000,-7.8937,-8.2528,-0.7877,-39.3588,5.4962,54.1832,41.42,In Hand
48050,-8.2911,-7.5824,-0.8835,-46.1527,-6.2748,40.1374,41.28,In Hand
48100,-8.1092,-7.0102,-0.9218,-49.9389,-19.7405,32.0000,41.24,In Hand
48150,-8.1211,-6.2776,-0.8499,-64.4275,-31.6794,37.2672,41.28,In Hand
48200,-7.7500,-5.9376,-0.8021,-73.3740,-41.0229,34.4580,41.42,In Hand
48250,-7.3598,-6.6559,-0.6967,-74.5649,-36.1374,6.6412,41.57,In Hand
48300,-8.3797,-6.6846,-0.1844,-54.3206,-42.3969,-20.0916,41.57,In Hand
48350,-8.4803,-5.4516,0.3448,-55.2366,-51.7710,-52.3511,41.38,In Hand
48400,-7.4364,-4.4245,0.3424,-61.0076,-65.9847,-64.1679,41.42,In Hand
48450,-7.5776,-4.5179,0.0742,-74.3817,-69.3893,-66.1985,41.28,In Hand
48500,-6.0406,-2.9616,0.3232,-82.7786,-62.1527,-75.5267,41.28,In Hand
48550,-6.0071,-4.0821,0.2514,-97.3893,-47.1450,-73.7710,41.42,In Hand
48600,-6.8522,-5.6024,-0.0934,-64.5649,-40.6107,-50.8244,41.42,In Hand
48650,-6.1555,-5.3678,-0.0575,-17.3435,-18.0153,-46.9313,41.42,In Hand
48700,-7.6495,-6.5290,-1.0343,19.6336,-0.6870,23.5267,41.28,In Hand
48750,-7.3430,-5.7820,-0.6033,70.6107,-2.2137,73.3740,41.38,In Hand
48800,-7.5106,-4.9033,0.0048,87.5573,-11.1298,102.1679,41.38,In Hand
48850,-10.0676,-7.6710,-1.6305,78.5038,-15.7099,121.6641,41.24,In Hand
48900,-7.4986,-4.9225,-0.2945,45.9389,30.4580,58.6412,41.38,In Hand
48950,-7.7045,-4.8387,-0.1556,18.5496,32.1069,15.2519,41.19,In Hand
49000,-6.6319,-5.3870,-0.6680,25.7863,29.9389,-2.6718,41.28,In Hand
49050,-6.9408,-6.0549,-1.8172,60.3664,56.9924,-6.3664,41.42,In Hand
49100,-6.4548,-5.1427,-2.4253,85.4046,88.6870,-11.6336,41.24,In Hand
49150,-5.9664,-3.7110,-2.7342,98.9924,117.6947,-18.4733,41.57,In Hand
49200,-6.5625,-3.5554,-2.2218,64.8702,124.1221,-28.9160,41.28,In Hand
49250,-7.5393,-4.8937,-2.0327,50.9924,109.6641,-33.8931,41.19,In Hand
49300,-7.6160,-5.1236,-2.1021,61.8015,89.6031,-23.7557,41.19,In Hand
49350,-9.1889,-5.4277,-2.0518,89.2519,68.3511,10.9160,41.47,In Hand
49400,-6.3542,-4.9344,-3.0335,115.7405,47.2061,43.0534,41.38,In Hand
49450,-6.1339,-4.7549,-3.1316,112.5496,50.6565,48.1374,41.42,In Hand
49500,-7.9942,-6.9360,-3.2178,112.1221,54.7023,49.4962,41.42,In Hand
49550,-6.7995,-6.1603,-3.0071,112.3511,63.4809,24.2901,41.42,In Hand
49600,-6.5170,-5.6479,-2.9808,129.3588,66.8244,12.5496,41.38,In Hand
49650,-7.0270,-4.5705,-1.7430,103.6947,68.9924,-10.7176,41.71,In Hand
49700,-6.5864,-5.0206,-2.3966,98.2901,58.7786,-3.0534,41.38,In Hand
49750,-6.1244,-3.5985,-1.3934,82.9771,47.8015,12.3664,41.47,In Hand
49800,-7.0581,-5.2026,-2.2913,53.6641,42.1374,27.8626,41.47,In Hand
49850,-6.7516,-5.1332,-1.7286,42.9313,38.6718,32.9160,41.57,In Hand
49900,-7.7883,-7.3646,-2.9473,48.6412,44.9466,33.1145,41.38,In Hand
49950,-7.3789,-6.1746,-2.4253,57.4809,54.9618,16.5344,41.38,In Hand
50000,-7.9511,-6.9528,-3.2729,44.9771,68.5954,-9.8931,41.38,In Hand
50050,-8.3486,-5.9616,-2.4588,45.6641,68.0153,-27.5420,41.28,In Hand
50100,-8.8274,-6.2752,-2.6001,23.4198,57.2519,-26.4427,41.71,In Hand
50150,-9.1075,-6.6535,-2.9688,20.9313,41.6641,-14.7939,41.28,In Hand
50200,-8.9902,-6.2130,-1.9776,6.7481,26.0000,-10.2748,41.28,In Hand
50250,-9.6343,-7.5776,-2.9233,10.5191,12.5496,-9.7710,41.42,In Hand
50300,-8.7340,-6.4021,-2.3870,4.7786,6.7176,-1.4962,41.24,In Hand
50350,-8.8131,-6.9456,-2.5211,2.9771,-0.2901,11.8626,41.42,In Hand
50400,-8.4563,-6.4955,-2.4086,-5.1908,-9.5420,14.5038,41.38,In Hand
50450,-8.2241,-6.9623,-2.9999,-10.1221,-12.2290,8.5496,41.19,In Hand
50500,-8.2337,-6.3231,-2.4588,-18.4275,-15.1603,1.4198,41.42,In Hand
50550,-7.8051,-6.3805,-2.8180,-28.4733,-22.2137,0.5802,41.47,In Hand
50600,-7.6279,-5.8490,-2.2434,-40.3664,-31.0687,7.7405,41.42,In Hand
50650,-7.4005,-6.5721,-3.1819,-45.2519,-35.1756,4.2137,41.47,In Hand
50700,-6.5936,-5.5689,-2.5714,-48.5496,-31.9084,4.6412,41.47,In Hand
50750,-6.7852,-6.2991,-3.2130,-50.8397,-22.3817,-2.4580,41.42,In Hand
50800,-5.2912,-4.3072,-2.0183,-46.4275,-11.2824,4.3511,41.28,In Hand
50850,-6.8546,-5.9017,-2.1452,-54.6412,6.0916,0.6870,41.61,In Hand
50900,-6.1100,-4.7429,-1.8747,-28.4275,6.7481,9.2977,41.47,In Hand
50950,-6.5242,-4.0534,-0.9146,-37.1908,5.7099,13.4962,41.09,In Hand
51000,-5.9448,-3.8858,-1.1851,-38.6412,-7.9695,21.2824,41.19,In Hand
51050,-6.8115,-4.4604,-1.3575,-30.6565,-25.6183,24.2595,41.38,In Hand
51100,-6.3327,-3.8906,-1.5514,-31.0840,-45.0382,14.7786,41.38,In Hand
51150,-6.5553,-4.2306,-2.0638,-38.2443,-55.6031,-6.6565,41.42,In Hand
51200,-6.6463,-4.4125,-2.4181,-36.9160,-60.8397,-30.0763,41.38,In Hand
51250,-6.5050,-4.1515,-2.5642,-36.0763,-55.6641,-49.4198,41.38,In Hand
51300,-6.7325,-4.2449,-2.6647,-32.7328,-42.4885,-58.3359,41.19,In Hand
51350,-7.1227,-4.4245,-2.8778,-24.5191,-26.9771,-53.8015,41.38,In Hand
51400,-8.1523,-5.2026,-2.8635,-17.2366,-15.4351,-38.8855,41.38,In Hand
51450,-7.5992,-4.7860,-2.5570,-9.4962,-8.6107,-15.4809,41.24,In Hand
51500,-7.6088,-4.7980,-2.3870,-9.4351,-1.0076,-4.1374,41.24,In Hand
51550,-7.4220,-4.3096,-1.9393,-16.0153,3.2519,-5.1603,41.61,In Hand
51600,-7.9057,-5.0805,-1.8483,-29.1908,8.2290,-14.8855,41.28,In Hand
51650,-7.8243,-5.9999,-2.0830,-11.5267,7.7557,-14.3206,41.71,In Hand
51700,-8.6335,-6.3422,-2.3727,21.0076,0.3206,-5.9237,41.24,In Hand
51750,-8.2839,-5.2792,-2.0949,34.9160,-11.5420,-2.7939,41.42,In Hand
51800,-8.1235,-5.1236,-2.3918,25.9542,-17.7252,2.3969,41.42,In Hand
51850,-7.8003,-5.2170,-2.6240,25.1908,-19.0382,15.9542,41.42,In Hand
51900,-6.7062,-4.3766,-2.1237,4.7481,-0.8244,26.2901,41.42,In Hand
51950,-7.0294,-5.1715,-2.1476,-7.8931,19.0992,33.6947,41.28,In Hand
52000,-7.2065,-5.1284,-1.3838,-23.6336,37.0840,37.3435,41.28,In Hand
52050,-7.3023,-5.4348,-1.0774,-31.7863,39.8473,44.9466,41.19,In Hand
52100,-8.4204,-6.6080,-0.8068,-29.9389,32.3359,42.9008,41.38,In Hand
52150,-8.3797,-6.5601,-0.3711,-18.2443,12.3206,24.2595,41.28,In Hand
52200,-7.7668,-5.7628,-0.2538,-15.3893,-8.1985,-3.1450,41.19,In Hand
52250,-7.4915,-5.4731,-0.5315,-7.8473,-22.8855,-28.6412,41.42,In Hand
52300,-7.0773,-4.9033,-0.5674,-3.1756,-23.9695,-46.1221,41.28,In Hand
52350,-6.8163,-4.6160,-0.9098,3.4962,-15.6947,-51.4809,41.42,In Hand
52400,-7.0390,-4.5226,-1.0511,10.8397,-4.9160,-46.0000,41.38,In Hand
52450,-7.5585,-4.5945,-1.2546,15.3893,3.1145,-36.1832,41.42,In Hand
52500,-7.1395,-4.0414,-1.3312,15.6031,8.4733,-25.6031,41.42,In Hand
52550,-7.4531,-4.3814,-1.3240,7.5573,14.2748,-15.0534,41.38,In Hand
52600,-7.8530,-4.6950,-1.1684,-2.1832,17.0229,-5.6489,41.24,In Hand
52650,-7.9080,-5.0973,-1.4629,-5.4656,14.4733,4.9160,41.28,In Hand
52700,-8.1211,-5.1475,-1.6113,-3.0534,6.3053,19.1908,41.42,In Hand
52750,-7.9535,-5.0446,-1.7980,-14.0916,-0.9008,37.1908,41.42,In Hand
52800,-9.0429,-6.1052,-2.5331,-17.5725,-15.1450,53.4962,41.24,In Hand
52850,-8.3749,-5.6072,-2.7318,-29.7863,-18.9313,50.1527,41.24,In Hand
52900,-8.3845,-6.7804,-3.1915,-24.0000,-11.3435,47.8779,41.24,In Hand
52950,-6.6655,-5.6168,-2.6887,-2.0153,0.2748,50.8855,41.28,In Hand
53000,-6.4572,-5.2265,-2.1213,11.7557,9.8168,53.0840,41.38,In Hand
53050,-7.2377,-5.7150,-1.6616,25.6947,3.1298,53.5420,41.09,In Hand
53100,-7.0677,-5.7365,-1.5251,32.9466,-11.2672,41.8168,41.28,In Hand
53150,-5.9256,-4.7645,-1.2522,41.8168,-22.5038,24.5038,41.42,In Hand
53200,-6.2345,-6.0525,-2.1213,56.0305,-15.5573,-0.6565,41.42,In Hand
53250,-6.3901,-5.3917,-1.5706,77.4657,-6.4427,-20.5802,41.38,In Hand
53300,-6.7924,-5.8131,-2.1835,75.5725,9.3130,-44.7176,41.47,In Hand
53350,-7.5226,-5.8969,-1.9369,91.2519,20.1832,-56.9466,41.24,In Hand
53400,-7.6279,-5.5210,-1.5131,89.1450,24.7328,-63.8321,41.28,In Hand
53450,-9.1698,-6.7924,-2.1476,76.5649,30.0763,-71.5725,41.38,In Hand
53500,-8.1547,-6.8187,-2.6001,86.5191,46.5038,-65.1603,41.42,In Hand
53550,-8.9304,-7.4005,-2.9329,93.4504,72.4427,-49.8473,41.47,In Hand
53600,-7.6614,-6.5434,-2.8395,102.0611,91.2977,-20.2595,41.24,In Hand
53650,-8.8681,-7.9607,-3.6224,116.5649,109.8473,-0.1679,41.47,In Hand
53700,-7.3861,-4.9704,-2.4301,110.2443,121.3588,-5.2214,41.38,In Hand
53750,-7.6567,-4.8387,-1.7023,75.0840,123.0382,-10.0305,41.24,In Hand
53800,-7.7812,-5.3151,-1.1995,48.2137,116.5954,-6.1069,41.61,In Hand
53850,-7.4675,-5.0566,-0.8571,45.8015,103.0840,9.5420,41.42,In Hand
53900,-7.6423,-4.8626,-0.5411,38.2748,81.4657,30.8550,41.28,In Hand
53950,-7.8578,-5.0685,-0.3807,26.1985,51.5573,49.2824,41.61,In Hand
54000,-8.3582,-5.6336,-0.3448,9.7252,18.6107,50.5344,41.28,In Hand
54050,-8.0685,-5.9616,-0.3017,-7.0992,-10.1679,33.3893,41.38,In Hand
54100,-7.5872,-6.3614,-0.6967,-12.8702,-25.9847,9.1603,41.57,In Hand
54150,-6.6774,-5.9256,-0.6704,-10.6718,-27.1450,-12.2748,41.71,In Hand
54200,-6.6559,-5.9711,-0.9864,-2.1985,-18.6718,-18.7939,41.24,In Hand
54250,-6.4955,-5.3295,-0.8643,-2.5802,-7.9847,-18.6260,41.42,In Hand
54300,-6.7636,-5.6000,-0.8787,-5.0534,3.3893,-12.1832,41.28,In Hand
54350,-6.9288,-5.3630,-0.6728,-4.6718,8.8244,-2.9618,41.47,In Hand
54400,-7.0581,-5.5378,-0.5363,-12.0153,9.4656,3.8626,41.47,In Hand
54450,-7.0964,-5.6312,-0.3208,-15.3740,6.9771,9.5420,41.28,In Hand
54500,-7.2544,-5.8754,-0.4357,-10.6107,-0.5954,14.4885,41.42,In Hand
54550,-7.1395,-5.7509,-0.6632,-13.6336,-8.3359,12.1679,41.42,In Hand
54600,-6.6942,-5.5785,-0.9074,-20.9618,-11.0992,4.9160,41.24,In Hand
54650,-6.7109,-5.9711,-1.3072,-19.4809,-6.4427,2.7634,41.24,In Hand
54700,-6.7157,-5.8035,-1.3934,-13.4198,-1.1756,2.0763,41.38,In Hand
54750,-6.7277,-5.4588,-1.2761,-20.4733,4.1985,1.9237,41.24,In Hand
54800,-6.8570,-5.9903,-1.3671,-23.6641,9.6336,3.9542,41.19,In Hand
54850,-7.0030,-6.0645,-1.4222,-20.8397,16.0305,5.6794,41.61,In Hand
54900,-7.3717,-6.0142,-1.4676,-12.8092,15.1908,5.5725,41.42,In Hand
54950,-7.5369,-5.7006,-1.5467,-17.8626,6.5954,0.8397,41.09,In Hand
55000,-7.4891,-5.9424,-1.8435,-19.4046,-0.8855,-3.4351,41.38,In Hand
55050,-7.2927,-5.8730,-1.8986,-14.3206,-4.6870,-2.8855,41.24,In Hand
55100,-7.2544,-5.6838,-1.9561,-10.4885,-6.7481,-0.6260,41.47,In Hand
55150,-6.8833,-5.5258,-1.9249,-13.9237,-4.6412,2.0305,41.28,In Hand
55200,-7.1611,-6.2010,-2.0782,-9.0534,-0.9008,4.9160,41.61,In Hand
55250,-7.2065,-6.2513,-2.2529,-0.6870,1.7405,3.3435,41.42,In Hand
55300,-7.3095,-6.1124,-2.2362,3.1756,1.4504,-2.9618,41.47,In Hand
55350,-7.0485,-5.8035,-2.3080,-0.8702,1.6794,-11.4046,40.95,In Hand
55400,-7.2784,-5.9328,-2.3535,-0.1374,1.8168,-15.7252,41.42,In Hand
55450,-7.3358,-5.7748,-2.3511,1.0229,0.7023,-18.6412,41.38,In Hand
55500,-7.1826,-5.6048,-2.4229,1.2214,1.2519,-15.2519,41.38,In Hand
55550,-7.0222,-5.3798,-2.4038,-1.1145,5.0687,-11.8015,41.57,In Hand
55600,-6.9791,-5.3822,-2.3990,0.0763,8.3053,-4.7939,41.28,In Hand
55650,-7.1754,-5.4660,-2.3439,-1.5878,9.8015,1.1908,41.19,In Hand
55700,-7.4460,-5.7676,-2.3990,-1.9084,8.8397,4.6107,41.42,In Hand
55750,-7.3191,-5.5785,-2.3655,-3.4656,5.7252,5.5115,41.57,In Hand
55800,-7.3023,-5.5498,-2.4062,-7.3282,2.0611,6.1221,41.28,In Hand
55850,-7.2137,-5.6527,-2.4995,-10.7481,0.8244,7.0534,41.57,In Hand
55900,-6.9815,-5.6503,-2.4253,-8.0153,0.2595,11.2977,41.38,In Hand
55950,-6.9456,-5.6814,-2.4517,-7.6641,1.0687,13.3893,41.61,In Hand
56000,-6.8666,-5.7868,-2.5379,-3.3893,1.7405,16.1527,41.19,In Hand
56050,-6.9001,-5.6216,-2.5067,-4.3969,2.0611,11.5878,41.38,In Hand
56100,-7.0820,-5.9831,-2.6791,-5.2519,3.9084,3.4504,41.28,In Hand
56150,-7.0629,-5.8131,-2.6528,-2.6107,3.2824,-3.9237,41.42,In Hand
56200,-6.9815,-5.6982,-2.5474,-4.1527,5.3435,-9.9237,41.57,In Hand
56250,-6.8450,-5.4037,-2.6169,-0.2901,4.6718,-8.2137,41.28,In Hand
56300,-7.0725,-5.4133,-2.5762,-0.7023,3.7405,-5.0992,41.38,In Hand
56350,-7.0485,-5.3415,-2.5594,-0.9466,-0.1527,-3.6794,41.42,In Hand
56400,-7.1036,-5.5665,-2.6719,-3.0382,-1.2824,-3.1756,41.42,In Hand
56450,-7.0653,-5.5809,-2.7533,-1.9084,-0.7786,-3.1908,41.24,In Hand
56500,-6.8474,-5.4492,-2.7342,-2.8244,2.8855,-1.9237,41.24,In Hand
56550,-6.8833,-5.5234,-2.7701,-0.5954,6.7634,3.6336,41.38,In Hand
56600,-7.0629,-5.5929,-2.7007,0.1069,7.9084,8.0916,41.42,In Hand
56650,-7.1874,-5.7557,-2.7749,1.5115,5.4046,9.6336,41.38,In Hand
56700,-7.2065,-5.7724,-2.7246,1.5573,3.2977,7.0840,41.42,In Hand
56750,-7.0461,-5.8012,-2.8347,4.3969,2.7481,6.5344,41.47,In Hand
56800,-7.0342,-5.7413,-2.7390,4.4427,4.9924,5.5725,41.38,In Hand
56850,-7.0557,-5.8634,-2.7533,9.1298,6.9160,9.2214,41.28,In Hand
56900,-7.0437,-5.7293,-2.8084,11.2672,9.6183,13.9084,41.47,In Hand
56950,-7.0916,-5.7533,-2.7390,11.4809,11.5420,18.2290,41.47,In Hand
57000,-7.2161,-5.9448,-2.7916,13.3893,15.3893,20.7023,41.28,In Hand
57050,-7.0557,-5.8514,-2.7821,16.6870,18.4886,22.1221,41.19,In Hand
57100,-7.0557,-5.7533,-2.6121,19.2519,22.3817,21.5267,41.47,In Hand
57150,-7.0605,-5.8514,-2.7078,27.3130,24.4122,23.3893,41.38,In Hand
57200,-7.4077,-5.6383,-2.5857,31.7557,21.4351,20.5649,41.28,In Hand
57250,-7.1946,-5.4061,-2.4445,29.2366,15.2824,17.6336,41.42,In Hand
57300,-7.4101,-5.7820,-2.4397,28.9466,10.1527,13.4198,41.24,In Hand
57350,-7.4603,-5.7197,-2.3990,31.2214,4.7023,10.0458,41.42,In Hand
57400,-7.1371,-5.5617,-2.4253,33.1450,4.2901,11.9847,41.28,In Hand
57450,-7.6351,-5.9616,-2.3176,39.5878,6.2443,8.9160,41.24,In Hand
57500,-7.1922,-5.2792,-2.1859,42.0458,8.6412,3.6947,41.42,In Hand
57550,-7.3358,-5.0733,-2.0279,42.5038,9.3740,2.3359,41.28,In Hand
57600,-7.3334,-5.0661,-2.0782,43.1908,8.9924,-1.2519,41.38,In Hand
57650,-6.9025,-4.5131,-1.9130,46.8855,6.0611,0.5344,41.24,In Hand
57700,-7.2880,-4.3239,-1.5562,32.3969,0.6260,4.7328,41.38,In Hand
57750,-6.7181,-5.0015,-1.6400,15.3282,6.6870,7.6794,41.28,In Hand
57800,-6.4236,-5.1906,-1.6424,25.2214,18.7786,6.9313,41.42,In Hand
57850,-6.7660,-4.8171,-1.2905,17.8473,28.2137,-5.0076,41.47,In Hand
57900,-6.6272,-4.8363,-1.2378,11.0229,29.4656,-15.2977,41.47,In Hand
57950,-6.4524,-4.5394,-1.0894,13.2214,23.6031,-23.1298,41.42,In Hand
58000,-6.8785,-4.6400,-1.3527,12.2137,11.5725,-33.9695,41.42,In Hand
58050,-7.5513,-4.5921,-1.5419,6.2901,-5.6794,-51.7557,41.57,In Hand
58100,-7.2257,-4.2042,-1.8196,-4.1985,-22.8855,-65.2824,41.42,In Hand
58150,-7.4843,-3.9361,-1.4868,-17.7557,-40.7481,-65.0534,41.28,In Hand
58200,-7.1299,-3.9528,-1.7693,-38.0305,-55.4351,-58.0916,41.24,In Hand
58250,-6.5577,-4.2449,-2.3655,-41.6336,-63.4809,-24.0458,41.38,In Hand
58300,-6.6750,-4.7597,-2.8180,-46.6718,-61.9084,10.7786,41.42,In Hand
58350,-7.0581,-5.4540,-3.0933,-60.0000,-51.4504,37.6489,41.28,In Hand
58400,-6.9935,-6.0645,-3.1627,-65.6336,-37.9542,60.2290,41.28,In Hand
58450,-6.7253,-6.3877,-2.8276,-64.2290,-18.6565,66.5802,41.38,In Hand
58500,-7.5226,-8.1283,-3.2298,-46.0916,5.6183,61.5725,41.28,In Hand
58550,-6.3039,-6.2920,-2.2338,-21.1603,19.7863,46.9160,41.42,In Hand
58600,-6.4260,-6.5003,-2.1763,-14.2137,28.4886,29.1603,41.28,In Hand
58650,-7.0868,-6.6870,-2.2553,7.3282,24.6870,19.2366,41.38,In Hand
58700,-6.9216,-6.1292,-2.2386,16.4427,18.0611,8.2443,41.19,In Hand
58750,-7.0342,-6.0382,-2.5594,22.4427,11.9695,-1.9695,41.28,In Hand
58800,-7.5010,-6.1603,-2.6552,14.6718,6.5496,-13.9695,41.24,In Hand
58850,-7.6710,-6.1770,-2.8443,5.9084,1.9389,-32.9313,41.42,In Hand
58900,-8.0206,-6.1938,-2.8635,-4.8855,0.6107,-46.8855,41.42,In Hand
58950,-7.7812,-6.0238,-3.0430,-15.9695,3.4656,-51.7099,41.38,In Hand
59000,-7.3670,-5.8083,-2.9066,-22.0611,9.4809,-45.5725,41.38,In Hand
59050,-7.8769,-6.4811,-2.9521,-23.7557,14.0763,-37.5878,41.42,In Hand
59100,-7.8147,-6.1723,-2.8515,-16.7176,7.2672,-24.4580,41.24,In Hand
59150,-8.1427,-6.5434,-2.8922,-25.1145,-2.3969,-15.0382,41.24,In Hand
59200,-8.1259,-6.9049,-3.3016,-18.0763,-15.2214,-12.3817,41.57,In Hand
59250,-8.2600,-6.9288,-3.7110,-10.9924,-27.2061,-12.9466,41.57,In Hand
59300,-7.8051,-6.3207,-3.7158,-13.4504,-33.3435,-13.2672,41.28,In Hand
59350,-8.1618,-6.3925,-3.5578,-19.3740,-39.0076,-11.8626,41.57,In Hand
59400,-7.8602,-5.9065,-2.8084,-31.7863,-49.3130,-1.1450,41.38,In Hand
59450,-7.5800,-5.9113,-2.6217,-39.8015,-62.6870,25.3893,41.09,In Hand
59500,-7.7500,-6.7804,-3.3567,-57.2672,-58.1832,27.9542,41.38,In Hand
59550,-7.2712,-7.5992,-3.8235,-46.7481,-37.7863,27.7099,41.24,In Hand
59600,-6.8283,-6.8570,-3.0430,-37.1908,-15.0992,19.4351,41.19,In Hand
59650,-6.4308,-6.6870,-2.7126,-35.6794,5.7252,-3.7405,41.42,In Hand
59700,-6.1866,-6.0286,-2.1021,-19.6183,10.1679,-19.6183,41.28,In Hand
59750,-6.2153,-5.4827,-1.8459,-9.7405,0.5649,-29.7557,41.38,In Hand
59800,-6.2058,-5.4229,-1.9345,4.3664,-16.7328,-30.7634,41.42,In Hand
59850,-5.3558,-4.5873,-2.0470,11.8321,-27.2061,-23.4504,41.42,In Hand
59900,-5.3319,-5.0973,-2.3583,19.7710,-26.4886,-11.6947,41.28,In Hand
59950,-4.6160,-4.7070,-2.6719,29.2519,-14.4580,-3.4809,41.38,In Hand
60000,-4.9249,-4.7333,-2.6671,25.7557,2.9008,-0.5038,41.38,In Hand
60050,-5.0685,-4.7022,-2.5450,14.7328,19.6489,-5.0076,41.24,In Hand
60100,-5.8035,-5.2074,-2.6025,1.9542,32.8702,-10.1069,41.19,In Hand
60150,-5.9735,-5.0326,-2.4205,-9.4198,40.9771,-11.5725,41.38,In Hand
60200,-6.4955,-5.2984,-2.1237,-22.5344,43.8015,-6.0458,41.24,In Hand
60250,-6.8091,-5.7245,-2.1141,-28.3511,40.6718,8.4885,41.38,In Hand
60300,-6.6367,-6.0047,-1.9728,-21.7252,35.2061,31.8015,41.57,In Hand
60350,-6.8522,-6.3015,-2.1524,-14.3053,29.7405,45.6183,41.42,In Hand
60400,-6.4859,-6.3973,-2.2266,-5.6336,26.6718,50.8092,41.47,In Hand
60450,-6.8402,-6.7708,-2.4636,12.0153,22.3511,47.7405,41.42,In Hand
60500,-6.5912,-6.3351,-2.3894,16.3053,18.6412,33.8168,41.57,In Hand
60550,-6.1172,-6.2417,-2.4972,26.4427,15.1145,20.9924,41.57,In Hand
60600,-5.9544,-5.7988,-2.6145,38.1985,10.9160,11.9695,41.42,In Hand
60650,-6.1196,-5.4947,-2.6671,45.0840,4.2901,1.5725,41.71,In Hand
60700,-6.7612,-5.5545,-2.7246,44.6870,-4.9008,-11.2672,41.47,In Hand
60750,-6.6008,-5.5569,-3.0981,49.7405,-16.6260,-6.5649,41.42,In Hand
60800,-6.6128,-5.4300,-3.3734,43.3588,-17.8626,1.7557,41.28,In Hand
60850,-6.6990,-6.3901,-4.2928,40.7634,-2.6107,8.2137,41.42,In Hand
60900,-6.6391,-6.1603,-4.3191,41.7252,21.8931,3.2214,41.42,In Hand
60950,-6.5625,-6.0717,-4.3646,32.4427,52.3359,-15.2214,41.42,In Hand
61000,-7.4675,-6.0573,-4.1683,25.1145,68.9008,-32.8397,41.38,In Hand
61050,-7.8075,-5.6838,-3.6368,9.5267,68.5038,-42.6260,41.42,In Hand
61100,-8.2720,-5.1763,-3.0095,-8.2748,48.2137,-34.8244,41.28,In Hand
61150,-7.8554,-5.5402,-2.8515,-23.2977,21.4962,-20.2443,41.38,In Hand
61200,-7.1587,-5.1523,-2.7581,-23.0992,-6.9160,8.7634,41.38,In Hand
61250,-6.5338,-5.3510,-2.8467,-31.0992,-22.7939,28.7634,41.42,In Hand
61300,-6.5697,-6.1962,-3.3902,-21.8015,-32.0763,39.9542,41.47,In Hand
61350,-6.0382,-6.3327,-3.5985,-10.8092,-26.5802,40.0458,41.42,In Hand
61400,-5.9879,-6.7229,-3.9648,7.1145,-14.1069,33.0534,41.38,In Hand
61450,-5.8131,-6.1411,-3.9456,14.3511,2.3969,18.4580,41.38,In Hand
61500,-5.9089,-5.9520,-3.9600,11.4809,17.3588,4.6565,41.57,In Hand
61550,-6.3877,-6.0813,-3.7900,7.6947,25.8168,-4.8397,41.38,In Hand
61600,-6.5625,-5.8012,-3.5243,4.1527,22.6412,-9.4504,41.24,In Hand
61650,-6.8474,-5.7341,-3.2968,-3.5420,11.2824,-14.2443,41.57,In Hand
61700,-6.7421,-5.6790,-3.2537,-9.4962,-0.5649,-18.3817,41.38,In Hand
61750,-6.4452,-5.6240,-3.2537,-13.0076,-8.7023,-17.7863,41.71,In Hand
61800,-6.2034,-5.6503,-3.3519,-12.5954,-10.4122,-13.3282,41.42,In Hand
61850,-6.3087,-6.0023,-3.5769,-3.7252,-7.6031,-4.6565,41.71,In Hand
61900,-6.0693,-5.6216,-3.5075,4.4275,-2.0305,3.3588,41.38,In Hand
61950,-6.2968,-5.6000,-3.5482,2.3969,2.4885,7.3282,41.38,In Hand
62000,-6.4212,-5.7389,-3.5386,-0.7481,4.5191,10.7634,41.42,In Hand
62050,-6.2991,-5.6790,-3.3902,-4.9313,3.0382,10.4733,41.28,In Hand
62100,-6.5553,-6.0597,-3.5003,-5.4962,-0.6870,10.9008,41.28,In Hand
62150,-6.3111,-5.8682,-3.4261,-5.4046,-3.6489,5.4046,41.42,In Hand
62200,-6.3518,-6.0597,-3.4979,-7.3130,-2.0458,1.7099,41.47,In Hand
62250,-6.3542,-6.1627,-3.4668,-3.4198,-0.2290,-0.7786,41.28,In Hand
62300,-6.3877,-6.0789,-3.5075,-0.1679,3.3435,-3.1756,41.42,In Hand
62350,-6.3734,-5.9041,-3.5123,1.3130,5.3740,-6.2595,41.38,In Hand
62400,-6.3135,-5.6623,-3.4429,0.5802,5.7557,-9.8321,41.42,In Hand
62450,-6.3829,-5.6240,-3.3088,0.1527,4.5954,-8.5802,41.42,In Hand
62500,-6.6702,-5.8083,-3.4692,0.9466,0.9924,-6.6260,41.42,In Hand
62550,-6.5290,-5.6168,-3.4692,0.5344,-2.2748,-3.6794,41.24,In Hand
62600,-6.3255,-5.4947,-3.4931,-2.9313,-3.0687,3.3740,41.42,In Hand
62650,-6.3303,-5.6719,-3.4955,-5.7252,0.3206,7.3740,41.57,In Hand
62700,-6.2848,-5.7533,-3.5889,-3.6031,4.5191,9.3740,41.47,In Hand
62750,-7.0725,-4.6663,-3.8116,-3.9695,13.8931,12.6107,41.38,In Hand
62800,-9.8665,-4.1324,-2.7198,-13.5725,7.9847,30.9618,41.38,In Hand
62850,-7.2042,-5.4564,-3.1173,-13.4656,-14.9466,36.2748,41.47,In Hand
62900,-6.5386,-5.9472,-3.4453,-11.6336,-19.9389,28.7328,41.38,In Hand
62950,-5.6312,-5.8179,-3.2825,-13.0840,-15.3893,15.0534,41.42,In Hand
63000,-5.4013,-6.2082,-3.5147,5.2672,-7.0076,8.9160,41.47,In Hand
63050,-5.7293,-5.9376,-3.8571,22.7939,0.6718,-1.5420,41.19,In Hand
63100,-6.1507,-5.5641,-3.9049,16.9313,8.0611,-20.2901,41.42,In Hand
63150,-6.3662,-5.4827,-3.7014,3.2519,13.8779,-37.4351,41.42,In Hand
63200,-6.7301,-6.0430,-3.9289,3.6336,15.7099,-37.0840,41.61,In Hand
63250,-7.0102,-5.8514,-3.9528,14.2595,12.2901,-27.3740,41.42,In Hand
63300,-6.5793,-4.8267,-3.5243,2.9618,7.6489,-15.8321,41.61,In Hand
63350,-6.3829,-4.9201,-3.3567,-20.8550,5.8015,-6.1832,41.42,In Hand
63400,-6.6559,-5.7868,-3.4596,-24.0763,4.9313,1.4809,41.42,In Hand
63450,-6.5577,-6.0286,-3.3567,-10.6718,1.9542,7.6031,41.28,In Hand
63500,-6.3949,-5.5617,-3.1723,-1.9084,-1.5725,12.0458,41.38,In Hand
63550,-6.2872,-5.5115,-3.1484,-6.3817,-4.9771,15.8168,41.42,In Hand
63600,-6.4021,-6.0023,-3.3543,-0.4733,-8.0458,17.1298,41.75,In Hand
63650,-6.5960,-5.9975,-3.4141,3.2519,-9.4351,13.5725,41.38,In Hand
63700,-6.5697,-6.2345,-3.6057,4.5802,-7.3893,9.6183,41.47,In Hand
63750,-6.1148,-5.8634,-3.4357,6.9466,-3.5420,7.2366,41.28,In Hand
63800,-6.3566,-6.0645,-3.5889,8.1374,0.6718,2.7939,41.47,In Hand
63850,-6.2680,-5.8969,-3.5817,9.4809,4.8855,-5.1908,41.42,In Hand
63900,-6.4763,-5.8227,-3.4931,8.4885,7.0076,-13.6336,41.42,In Hand
63950,-6.4835,-5.7078,-3.5243,6.5038,8.8855,-20.2443,41.42,In Hand
64000,-6.5793,-5.5881,-3.4500,6.5344,8.6260,-17.9695,41.38,In Hand
64050,-6.6200,-5.4205,-3.4429,3.6641,8.2595,-13.4656,41.19,In Hand
64100,-6.6152,-5.2840,-3.3255,-4.0611,7.3893,-7.6794,41.42,In Hand
64150,-6.6774,-5.6431,-3.3639,-7.2672,6.4427,0.3969,41.42,In Hand
64200,-6.6655,-5.6336,-3.1795,-5.9389,4.5649,8.4275,41.28,In Hand
64250,-6.7660,-5.7772,-3.3112,-4.1527,0.1527,13.8321,41.42,In Hand
64300,-6.4189,-5.4516,-3.1699,-7.8015,-3.8779,15.8321,41.42,In Hand
64350,-6.5242,-5.9807,-3.3327,-8.5954,-6.2137,14.3664,41.38,In Hand
64400,-6.5218,-6.0525,-3.4117,-2.2595,-7.5115,11.0229,41.61,In Hand
64450,-6.4093,-6.0406,-3.5099,-0.4580,-5.8168,5.2061,41.61,In Hand
64500,-6.3877,-5.9879,-3.5291,3.5115,-2.4580,2.3359,41.42,In Hand
64550,-6.5984,-5.9520,-3.5578,3.5115,2.3053,-0.4733,41.57,In Hand
64600,-6.5170,-5.7652,-3.4022,1.2214,6.1679,-0.3969,41.42,In Hand
64650,-7.1587,-6.2776,-3.4860,4.9160,7.6336,1.2977,41.42,In Hand
64700,-7.2760,-6.2489,-3.3758,8.4122,8.3664,7.1450,41.38,In Hand
64750,-7.5513,-6.4141,-3.3902,13.8931,9.2214,9.0992,41.38,In Hand
64800,-7.2927,-6.0262,-3.2394,18.3053,10.1679,15.0840,41.38,In Hand
64850,-6.9408,-6.0023,-3.2657,20.4427,15.8779,32.5496,41.38,In Hand
64900,-7.5058,-6.4811,-3.5793,34.7176,19.8321,50.5344,41.61,In Hand
64950,-6.7229,-5.9233,-3.3782,30.3359,34.0153,61.7557,41.57,In Hand
65000,-7.0318,-6.3039,-3.3998,34.3969,49.6641,65.8321,41.42,In Hand
65050,-7.2353,-6.3183,-2.9233,36.3053,63.2977,59.0992,41.38,In Hand
65100,-7.5106,-6.6080,-2.9042,48.1985,68.3206,50.7176,41.24,In Hand
65150,-7.0581,-5.7868,-2.7126,62.5038,68.9313,42.6565,41.57,In Hand
65200,-7.3167,-5.5354,-2.6264,77.6183,63.6183,37.9389,41.57,In Hand
65250,-7.1491,-4.3503,-2.2482,80.9618,48.4122,32.8244,41.19,In Hand
65300,-6.9791,-3.7685,-2.0159,60.3053,30.1679,29.2519,41.47,In Hand
65350,-7.5705,-4.3215,-2.2769,51.4809,-0.7481,32.1679,41.57,In Hand
65400,-7.0413,-4.3503,-2.6671,45.4809,-30.2137,42.9771,41.28,In Hand
65450,-7.0270,-4.8554,-3.1915,50.2748,-53.2824,52.1527,41.42,In Hand
65500,-7.0390,-5.3486,-3.5554,55.2672,-61.6489,43.0992,41.57,In Hand
65550,-6.2082,-4.9608,-3.7158,58.9771,-55.1298,20.5344,41.57,In Hand
65600,-5.7054,-4.0630,-3.0382,49.8473,-37.5725,-3.5725,41.28,In Hand
65650,-5.6934,-4.5059,-3.2441,39.4809,-4.3359,-26.9160,41.38,In Hand
65700,-5.9759,-4.7381,-3.3974,48.4122,35.5267,-35.5573,41.28,In Hand
65750,-6.6966,-4.7357,-3.1580,51.8779,72.2748,-35.6031,41.42,In Hand
65800,-7.1347,-4.4604,-2.8156,51.3740,92.5496,-27.6489,41.28,In Hand
65850,-7.6758,-4.6711,-2.6839,51.5115,98.6565,-16.2748,41.42,In Hand
65900,-8.3797,-4.9536,-2.6959,51.0076,94.5038,-8.1527,41.42,In Hand
65950,-8.5186,-4.8626,-2.7940,49.0076,82.1985,-2.1374,41.57,In Hand
66000,-8.4036,-4.6687,-2.7485,40.3053,69.3435,1.0076,41.61,In Hand
66050,-8.3462,-4.8961,-2.9640,39.5420,54.5649,6.0000,41.47,In Hand
66100,-8.7221,-4.9895,-2.8467,40.6412,36.6718,14.2901,41.42,In Hand
66150,-8.5042,-5.0470,-3.0670,34.8244,21.2061,22.6870,41.42,In Hand
66200,-8.3725,-5.0422,-3.0454,30.2290,7.8168,35.4198,41.42,In Hand
66250,-8.8131,-6.0861,-3.5291,26.7786,2.5344,48.8397,41.19,In Hand
66300,-8.4348,-6.1507,-3.5458,33.0076,5.5725,50.9008,41.71,In Hand
66350,-7.5154,-4.8219,-2.8850,21.5725,15.6031,46.2748,41.42,In Hand
66400,-6.8570,-3.7230,-2.1907,-2.3359,18.5954,41.7252,41.75,In Hand
66450,-7.2065,-4.2545,-2.1691,-27.1603,17.7252,46.8855,41.47,In Hand
66500,-7.4795,-5.1763,-2.8180,-21.1756,13.7863,48.7786,41.61,In Hand
66550,-7.2233,-4.8315,-2.5498,-8.8397,14.7481,44.7328,41.42,In Hand
66600,-7.3813,-4.5681,-2.8060,-1.2824,11.2977,30.5649,41.71,In Hand
66650,-7.1658,-3.7350,-2.6767,-7.6947,8.4427,9.5267,41.24,In Hand
66700,-6.7133,-3.4381,-2.9090,-23.0382,12.7634,-8.6260,41.38,In Hand
66750,-6.8474,-3.5674,-3.3926,-24.5649,17.7252,-17.2519,41.24,In Hand
66800,-7.1180,-3.5291,-3.7254,-24.7939,26.1985,-17.7099,41.47,In Hand
66850,-7.4555,-3.4500,-3.9241,-30.6107,32.9313,-16.8397,41.38,In Hand
66900,-7.9918,-3.9265,-4.5083,-40.5344,37.6794,-17.1450,41.28,In Hand
66950,-7.1970,-3.8140,-4.3574,-46.2443,47.6336,-11.7863,41.42,In Hand
67000,-7.5968,-4.5633,-4.8818,-33.4198,41.8626,9.2519,41.38,In Hand
67050,-7.4005,-3.6248,-4.0510,-32.1679,22.8244,15.0534,41.38,In Hand
67100,-6.7133,-3.2777,-3.9361,-48.7939,-11.8168,11.3740,41.47,In Hand
67150,-7.1132,-3.4836,-4.6304,-63.4198,-48.5954,-7.2824,41.57,In Hand
67200,-6.1483,-3.8427,-5.1499,-78.2748,-58.2595,-33.1145,41.38,In Hand
67250,-6.4572,-4.3910,-5.6527,-61.1603,-53.0534,-54.5038,41.42,In Hand
67300,-6.2201,-3.2178,-5.1020,-51.7405,-39.4962,-67.0992,41.47,In Hand
67350,-7.1108,-3.2010,-5.6671,-42.6107,-28.4886,-72.4580,41.42,In Hand
67400,-6.9911,-1.7741,-5.0422,-50.3359,-27.8626,-68.6412,41.57,In Hand
67450,-8.2504,-2.7294,-5.9496,-59.3588,-33.3893,-50.0916,41.24,In Hand
67500,-8.2983,-2.5139,-5.6623,-63.9695,-45.4198,-23.0992,41.38,In Hand
67550,-8.6167,-2.4684,-5.5067,-78.7328,-49.6794,-0.5191,41.24,In Hand
67600,-8.9016,-2.4804,-5.0949,-94.7023,-60.0611,12.4427,41.28,In Hand
67650,-8.4659,-2.7390,-4.2401,-111.6794,-64.6870,8.0153,41.28,In Hand
67700,-8.0373,-3.0622,-2.9832,-100.7328,-74.9924,-4.8092,41.38,In Hand
67750,-8.1810,-3.5219,-2.6959,-78.5954,-77.8779,-30.9160,41.24,In Hand
67800,-7.4244,-2.6145,-2.1452,-46.1832,-77.5573,-48.8702,41.38,In Hand
67850,-7.6495,-1.7334,-1.8507,-36.1527,-72.8244,-62.8092,41.57,In Hand
67900,-7.8697,-1.8076,-2.2027,-48.3206,-49.6947,-64.2443,41.61,In Hand
67950,-8.2672,-2.4517,-2.2146,-47.8473,-25.2366,-54.3206,41.57,In Hand
68000,-8.3558,-2.6025,-1.5514,-33.9695,-11.0534,-29.3893,41.28,In Hand
68050,-8.6526,-2.4852,-0.9098,-24.9466,-17.8931,-15.9847,41.47,In Hand
68100,-9.2392,-2.5522,-0.4214,-36.9313,-27.1298,-7.9847,41.42,In Hand
68150,-8.2432,-3.0502,-0.8787,-48.4275,-23.8626,-8.4122,41.38,In Hand
68200,-8.1163,-3.6033,-0.7350,-33.8321,-19.6641,-0.8244,41.57,In Hand
68250,-7.6614,-3.6943,-0.1341,-21.2366,-4.7786,-1.3588,41.42,In Hand
68300,-8.2384,-4.5322,-0.4381,7.9084,9.3588,1.3130,41.61,In Hand
68350,-8.9088,-4.5705,-0.2538,31.5725,16.9008,-1.8931,41.24,In Hand
68400,-9.5792,-4.0917,-0.3759,36.9618,14.0458,-13.0229,41.38,In Hand
68450,-10.5560,-4.3694,-0.4836,42.6107,-5.6794,-16.5191,41.75,In Hand
68500,-10.6853,-3.8666,-0.2394,49.8321,-38.0611,-11.2519,41.42,In Hand
68550,-10.5943,-3.1987,-0.3687,40.9313,-73.1756,5.4198,41.57,In Hand
68600,-10.0173,-2.2553,-0.2849,10.7634,-97.7710,19.8931,41.47,In Hand
68650,-8.3462,-2.3846,-0.8835,-20.0000,-88.5802,28.9924,41.61,In Hand
68700,-7.7093,-2.3439,-0.3831,-38.8092,-64.2137,41.2214,41.28,In Hand
68750,-10.0221,-2.9688,4.8387,-76.0305,-73.8168,32.1374,41.42,In Hand
68800,-8.6335,-4.2114,1.8603,-46.3359,-141.2977,8.8092,41.42,In Hand
68850,-6.7301,-2.6671,1.4676,-18.5038,-85.2672,29.7252,41.42,In Hand
68900,-8.0325,-2.9928,1.9441,-14.4427,-40.5649,46.7328,41.38,In Hand
68950,-10.0604,-3.8451,6.6343,-25.1908,-61.1298,25.6489,41.42,In Hand
69000,-9.5648,-1.3288,5.8419,-44.1374,-96.2290,24.7634,41.38,In Hand
69050,-6.2177,-0.5171,3.2729,-49.0382,-77.8626,49.8779,41.42,In Hand
69100,-7.4124,-3.7900,7.5250,-65.0687,-115.4351,28.0611,41.42,In Hand
69150,-7.7428,-4.2784,6.8331,-21.9542,-98.8702,41.8168,41.42,In Hand
69200,-8.9974,-4.2258,9.5960,-5.0992,-107.2672,31.0687,41.38,In Hand
69250,-8.4204,-1.9800,8.3797,-7.4198,-110.7023,37.8931,41.28,In Hand
69300,-4.7381,-0.6009,7.2329,-1.5573,-112.6718,71.6031,41.57,In Hand
69350,-4.6902,-0.4621,8.0996,-13.8779,-108.0000,97.6489,41.42,In Hand
69400,-4.0845,-1.2091,7.3119,-37.0992,-101.6336,83.1908,41.47,In Hand
69450,-2.7605,-0.6488,8.5258,-48.2137,-88.4580,96.7176,41.47,In Hand
69500,-2.0470,-2.4995,8.8873,-57.2824,-64.5038,49.9237,41.57,In Hand
69550,-0.3543,-1.0606,8.8346,-45.4656,-43.9542,-10.2443,41.28,In Hand
69600,-1.0247,-0.1628,8.7580,-74.3969,-12.0000,23.0229,41.57,In Hand
69650,-2.3966,-3.5314,9.1626,-73.1450,-14.0763,56.9771,41.24,In Hand
69700,-2.0039,-4.5514,9.4116,-41.5878,-23.7099,43.7405,41.42,In Hand
69750,-1.3288,-2.6600,9.2608,-6.3053,-22.0763,84.7939,41.57,In Hand
69800,-2.7701,-2.8874,9.1554,7.4962,-23.3282,128.9008,41.57,In Hand
69850,-3.3806,-2.8706,9.4906,21.1756,-42.7634,122.3664,41.38,In Hand
69900,-3.4620,-1.5371,9.8833,28.8702,-55.8779,114.5191,41.38,In Hand
69950,-2.6815,-1.3192,10.5800,13.1756,-52.4122,119.5267,41.42,In Hand
70000,-3.0239,-2.3511,9.9479,4.9924,-35.7405,109.7405,41.38,In Hand
70050,-2.1620,-2.3152,9.7229,22.0000,-32.8397,116.5802,41.47,In Hand
70100,-2.3343,-2.6360,9.0621,26.9313,-6.0305,136.8550,41.38,In Hand
70150,-2.9497,-2.0997,8.8849,47.0382,-3.7099,138.6412,41.38,In Hand
70200,-2.7653,-0.9409,9.3254,54.0763,-4.9313,154.5496,41.47,In Hand
70250,-3.3926,-2.1596,11.1929,63.1603,-22.0611,134.5954,41.38,In Hand
70300,-1.7406,-1.8555,11.3677,78.4427,-39.4809,68.7786,41.57,In Hand
70350,-0.0575,1.4437,11.1450,82.0611,-24.5954,39.6183,41.61,In Hand
70400,-0.1053,2.9113,10.1634,46.5038,-5.8626,16.7634,41.38,In Hand
70450,-0.2370,3.5530,9.8330,34.9313,-3.7710,-41.4504,41.28,In Hand
70500,0.9673,5.4013,9.4523,22.9466,4.5802,-36.1069,41.38,In Hand
70550,-0.1628,3.6200,9.4260,27.1298,18.9466,11.8626,41.57,In Hand
70600,-0.7997,4.2784,8.6503,38.5649,6.9160,15.8626,41.47,In Hand
70650,-1.2067,4.8578,8.8394,35.2672,-3.8473,20.2290,41.47,In Hand
70700,0.6967,6.5697,8.1044,12.0000,2.6260,-35.8168,41.42,In Hand
70750,-0.1269,6.8331,9.7995,-34.0000,3.1298,-33.5267,41.42,In Hand
70800,-0.8404,3.8738,9.2249,-48.2901,14.1527,-25.4656,41.28,In Hand
70850,-0.5267,0.9553,9.3087,-38.2595,26.3359,-36.9924,41.47,In Hand
70900,-1.6999,1.8818,8.8969,-18.1832,34.2595,-80.9466,41.61,In Hand
70950,-2.1907,3.8259,9.5768,-17.0840,48.5191,-84.4580,41.38,In Hand
71000,-2.9113,3.5506,9.8857,-39.4656,59.2061,-63.0076,41.57,In Hand
71050,-4.6160,2.1213,9.4954,-50.1679,46.0000,-44.0305,41.71,In Hand
71100,-4.0965,2.4900,10.7715,-38.4275,18.4580,-39.0382,41.47,In Hand
71150,-3.9097,1.5945,10.8840,-35.6336,10.5038,-35.8321,41.47,In Hand
71200,-2.2338,1.0415,6.9504,1.9389,39.4504,-7.6031,41.42,In Hand
71250,-2.5809,0.1221,6.2824,16.2137,56.9924,0.0305,41.61,In Hand
71300,-6.7373,2.0973,10.7356,33.5115,17.3282,16.3053,41.61,In Hand
71350,-3.4429,2.8874,4.7573,44.3969,47.7557,27.9237,41.75,In Hand
71400,-6.2896,4.8315,9.4954,15.0534,73.0992,21.8931,41.42,In Hand
71450,-4.3311,4.1827,8.9543,-20.7481,42.9618,24.0916,41.42,In Hand
71500,-4.8411,2.8994,8.2073,-35.5420,45.5115,0.0916,41.47,In Hand
71550,-8.8442,-1.7717,14.2766,-33.2061,-47.9389,-24.2137,41.57,In Hand
71600,-3.3495,-0.1556,7.9775,81.1298,-24.2901,3.2214,41.42,In Hand
71650,-4.6232,5.3343,8.2408,110.4275,-20.3969,34.2595,41.57,In Hand
71700,-5.2840,7.3167,6.8259,68.3664,1.5573,50.1527,41.38,In Hand
71750,-4.6471,6.4021,6.3231,40.1679,-6.4427,60.1374,41.28,In Hand
71800,-4.4819,6.1627,6.4835,76.4580,-27.5114,63.3893,41.42,In Hand
71850,-3.3184,9.3637,6.4835,63.0076,-23.7099,90.1069,41.38,In Hand
71900,-3.6871,7.5393,7.0916,32.0458,0.2137,120.3206,41.28,In Hand
71950,-2.4253,7.7189,5.7245,65.7252,4.5496,100.3664,41.61,In Hand
72000,-2.3918,8.7364,4.7166,46.0611,29.7405,89.2977,41.38,In Hand
72050,-3.0287,5.7581,5.2816,60.5344,55.6947,58.0763,41.42,In Hand
72100,-3.2010,8.4396,4.5562,58.4427,69.6336,43.4809,41.42,In Hand
72150,-3.8906,7.7093,5.1691,19.7099,78.5802,34.1679,41.42,In Hand
72200,-3.1771,7.4795,5.1595,22.4580,59.2977,18.8397,41.42,In Hand
72250,-2.5857,8.9256,4.7980,22.1221,37.0076,17.1145,41.75,In Hand
72300,-1.5323,8.3031,5.4133,-8.4580,21.0076,20.4427,41.61,In Hand
72350,-1.7980,7.4771,6.4284,22.0153,-4.3664,17.3130,41.47,In Hand
72400,0.6488,10.9200,7.5681,21.5420,14.8092,-5.0840,41.28,In Hand
72450,-2.5642,9.4499,5.6216,3.1450,23.0840,-14.3969,41.47,In Hand
72500,-3.4716,8.0182,4.9033,-1.2977,-14.6718,-11.1908,41.71,In Hand
72550,-2.2242,9.4739,5.6934,2.4885,-43.4809,2.1527,41.57,In Hand
72600,-0.8763,8.8346,5.5043,-22.6870,-24.4275,-10.8397,41.57,In Hand
72650,-4.1037,8.9543,5.9903,13.3282,-40.3359,-18.8397,41.38,In Hand
72700,-1.0104,10.8026,4.9967,8.3359,-51.0382,-17.9542,41.24,In Hand
72750,-2.0207,10.3597,4.2689,3.2977,-37.0076,7.1908,41.28,In Hand
72800,-2.6863,8.9184,2.9832,11.5420,-34.5954,16.4275,41.42,In Hand
72850,-4.1228,8.6550,1.7573,32.7939,-53.2519,14.6870,41.42,In Hand
72900,-2.6264,9.3111,2.3008,29.9237,-57.5115,6.6870,41.47,In Hand
72950,-0.5243,9.3494,3.1723,6.7176,-35.5573,-0.7023,41.42,In Hand
73000,-0.2610,8.2791,3.9049,-7.7557,-3.3435,-6.4885,41.28,In Hand
73050,-2.6600,7.6040,3.8068,-8.3053,1.0687,-15.8168,41.57,In Hand
73100,-2.7461,7.3741,3.9025,8.8550,-13.0382,-27.3588,41.57,In Hand
73150,-1.4724,8.9447,4.2306,24.0763,-12.5344,-32.3817,41.61,In Hand
73200,-1.2019,10.4674,4.0534,24.5954,-11.6794,-21.0382,41.57,In Hand
73250,-1.2378,10.8002,3.6152,9.4504,-11.7557,-0.5954,41.61,In Hand
73300,-1.6855,9.7899,4.7429,0.3664,-13.0840,7.1908,41.47,In Hand
73350,-3.0478,9.1842,5.2625,-5.3435,-20.7939,3.2672,41.38,In Hand
73400,-2.9161,9.1051,5.4923,0.2901,-36.7023,3.8931,41.38,In Hand
73450,-2.9544,10.9702,5.3534,-0.9313,-46.6565,13.4656,41.47,In Hand
73500,-1.0151,12.3613,4.8195,-19.5573,-29.2214,24.0153,41.42,In Hand
73550,-2.4253,10.2807,3.7828,0.3511,-10.9924,2.5802,41.57,In Hand
73600,-0.0575,10.6494,0.8811,8.0611,-16.6565,9.6489,41.28,In Hand
73650,-1.5203,7.5010,-0.3998,3.4962,-38.7023,25.8321,41.38,In Hand
73700,-0.4022,6.6631,-0.5387,22.6565,-60.2443,29.1145,41.57,In Hand
73750,1.2594,9.1267,0.8930,32.7023,-25.5725,15.8779,41.57,In Hand
73800,2.0853,11.0109,0.5722,7.1145,28.0916,-24.5649,41.38,In Hand
73850,1.9297,10.0485,0.5411,-28.6718,62.6412,-19.7099,41.42,In Hand
73900,-0.6009,7.7524,1.1756,-24.5496,61.7710,0.6412,41.71,In Hand
73950,0.0000,7.8554,2.1261,-7.9695,41.4809,-0.2443,41.38,In Hand
74000,1.1660,9.4906,2.9592,-13.1756,54.5191,-16.0916,41.47,In Hand
74050,-0.4453,9.4643,5.1260,-17.6947,43.4656,-11.2672,41.38,In Hand
74100,-2.5905,9.8162,6.0214,-14.2443,19.9237,-3.4962,41.28,In Hand
74150,-1.0582,11.0875,3.3806,-16.0611,-7.7710,-1.2519,41.57,In Hand
74200,2.8515,12.8138,3.4955,-27.9695,-9.9695,18.0763,41.47,In Hand
74250,3.0191,12.0955,3.6703,-48.7786,23.1450,27.6183,41.38,In Hand
74300,-3.8786,10.5153,2.6097,-25.6947,50.2595,-9.7863,41.47,In Hand
74350,-2.5618,10.0365,3.1747,-17.6183,19.9389,-3.2672,41.42,In Hand
74400,-1.1971,7.7955,2.3511,-40.0916,21.6183,25.1145,41.38,In Hand
74450,-2.9377,5.4013,3.0406,-12.0000,16.9008,25.5420,41.47,In Hand
74500,-3.0861,7.2712,3.1723,26.6260,15.0382,-1.1450,41.42,In Hand
74550,0.0096,9.4786,3.3136,6.6260,33.9237,-30.2137,41.42,In Hand
74600,0.7518,7.8506,3.3519,-9.6183,69.6947,-26.2290,41.42,In Hand
74650,-2.0135,9.3565,4.3359,16.3359,66.4275,2.7481,41.42,In Hand
74700,-2.8539,10.6159,4.5490,-7.5573,51.8779,15.1908,41.24,In Hand
74750,-1.9992,9.7564,5.2002,-30.3664,52.3664,24.0611,41.38,In Hand
74800,-2.7629,9.0884,6.1459,-28.9466,46.8855,35.3282,40.95,In Hand
74850,-2.6576,9.9647,6.5745,-12.1985,38.5344,42.2137,41.38,In Hand
74900,-1.5275,12.6007,5.6072,-18.9771,33.8931,48.7176,41.61,In Hand
74950,-0.8691,12.7395,6.4715,-23.5573,54.5344,40.1527,41.57,In Hand
75000,-3.8355,10.6326,4.9488,-41.9084,33.2519,36.0763,41.47,In Hand
75050,-1.6544,4.6807,2.5833,-32.7786,-17.1756,23.9695,41.42,In Hand
75100,-0.2897,4.0558,0.8882,19.6641,-74.9313,23.0229,41.38,In Hand
75150,0.2705,7.0126,3.1723,37.7863,-66.7328,13.4962,41.05,In Hand
75200,1.9728,9.6391,4.9704,20.2901,2.0916,-40.8855,41.42,In Hand
75250,1.9489,9.0190,3.4860,-29.5114,42.3969,-58.5802,41.42,In Hand
75300,-1.0798,8.2480,3.7230,-42.1527,32.0153,-35.6336,41.38,In Hand
75350,-1.9944,6.9552,5.7197,-20.5496,-23.6489,-17.0840,41.42,In Hand
75400,-0.0814,8.1283,7.9487,11.2061,-40.1374,-17.9542,41.38,In Hand
75450,-0.2035,11.8800,7.2449,-3.6031,-38.6565,-24.9771,41.57,In Hand
75500,-1.4988,10.2232,7.1323,-32.7023,-53.4809,-17.3435,41.47,In Hand
75550,0.1580,10.5919,7.0078,-17.8931,-55.6794,-16.3817,41.47,In Hand
75600,-6.0071,11.6167,6.7660,15.4656,-46.7023,-55.9389,41.42,In Hand
75650,-1.7214,10.2759,2.8252,-9.6947,-82.6412,-31.1298,41.42,In Hand
75700,-3.2058,6.0286,2.7078,-10.7634,-90.0916,-0.2901,41.47,In Hand
75750,-2.9425,5.4277,2.8132,26.0305,-109.6641,-1.0992,41.38,In Hand
75800,0.7302,9.3709,3.0837,40.4427,-77.1145,-26.5802,41.38,In Hand
75850,1.1372,10.2975,2.6073,-9.9542,-38.0611,-41.8321,41.42,In Hand
75900,-0.4956,8.6048,3.0311,-30.5954,-30.3359,-25.5267,41.38,In Hand
75950,0.0263,9.4140,5.1260,-42.4733,-13.4809,-0.8244,41.42,In Hand
76000,1.1325,7.8482,6.4189,-23.4504,7.2366,10.9924,41.24,In Hand
76050,1.4988,9.1530,6.0430,-15.9695,32.3969,19.6336,41.28,In Hand
76100,-0.0287,10.7835,6.5098,-9.3130,40.4580,34.4580,41.38,In Hand
76150,1.3575,11.8537,5.8203,-24.6412,59.4962,41.0076,41.24,In Hand
76200,-3.7469,7.9895,5.2481,-3.7557,106.8702,18.1679,41.24,In Hand
76250,-0.8164,7.1946,2.1835,34.5344,80.0305,15.4656,41.47,In Hand
76300,-1.1037,7.8434,1.5826,53.4656,58.5038,23.8321,41.38,In Hand
76350,-3.0358,9.7420,4.4891,33.8168,65.7405,25.8626,41.28,In Hand
76400,-0.5938,8.3151,6.3590,5.4962,86.2595,-2.6718,41.38,In Hand
76450,0.2227,6.3901,5.4540,15.6947,100.7786,-17.6641,41.57,In Hand
76500,-3.2226,8.2911,3.8259,-2.5802,73.5573,-0.9160,41.57,In Hand
76550,-1.6185,7.5130,5.3846,-14.8855,33.3435,8.1679,41.42,In Hand
76600,-0.5219,9.8306,6.4428,-16.8855,24.4122,7.7405,41.28,In Hand
76650,-2.4469,9.6055,7.3454,-39.3588,26.4580,-22.8855,41.24,In Hand
76700,-3.9241,8.5904,7.5561,-33.4656,-3.0992,-13.0840,41.75,In Hand
76750,-1.8316,10.1634,7.7381,-32.7634,-11.3893,-5.4046,41.42,In Hand
76800,-7.8793,10.0556,7.4891,24.4733,-11.8168,-53.4656,41.42,In Hand
76850,-6.9647,10.4124,3.6129,12.0611,-68.8397,-44.2443,41.28,In Hand
76900,-2.8299,7.0174,3.1747,-10.8092,-102.8702,-9.4504,41.24,In Hand
76950,-4.2258,4.4843,3.5985,6.0305,-122.5191,28.0763,41.42,In Hand
77000,-3.5291,5.6695,4.2832,65.3435,-135.3435,30.1985,41.38,In Hand
77050,-2.1907,8.6455,4.3263,93.6031,-114.0763,-17.6947,41.61,In Hand
77100,-0.2011,9.4236,2.6193,57.2824,-89.3740,-45.4962,41.61,In Hand
77150,-0.3400,8.2959,2.5498,15.0382,-59.9695,-10.2595,41.47,In Hand
77200,0.4453,9.1291,3.2441,13.3435,-31.3130,3.1756,41.42,In Hand
77250,0.0455,10.4818,2.8635,1.3435,2.9466,-6.6260,41.38,In Hand
77300,0.0144,10.5872,2.9880,-12.0000,32.4427,0.0000,41.24,In Hand
77350,0.1748,11.9926,3.3902,-15.0382,58.6870,7.3893,41.42,In Hand
77400,-2.7916,13.8241,3.9337,-14.1374,96.8244,-10.5344,41.38,In Hand
77450,-5.3750,11.7460,4.5346,-47.8168,63.6947,-6.0611,41.28,In Hand
77500,-2.2817,6.2058,2.8108,-52.8702,8.8855,17.3893,41.47,In Hand
77550,-2.1979,4.3144,2.5618,-4.2443,-48.9466,33.2519,41.57,In Hand
77600,-1.8842,6.5960,4.5346,26.3206,-57.8931,32.0763,41.42,In Hand
77650,0.3328,9.5768,5.5665,28.1221,-8.6870,-30.6565,41.42,In Hand
77700,1.9680,10.3286,4.2665,-21.9237,27.5267,-54.4427,41.47,In Hand
77750,-1.3599,7.1132,3.5243,-29.9847,22.7023,-37.0076,41.42,In Hand
77800,-2.6193,6.6846,5.6455,10.6565,-16.8092,-22.8855,41.28,In Hand
77850,-2.0901,8.9998,6.3901,20.0153,-31.8473,-22.0458,41.57,In Hand
77900,-2.5019,9.9982,6.7828,2.1985,-40.1832,-38.7023,41.57,In Hand
77950,-3.6272,8.5066,6.1555,-4.9771,-68.9160,-36.9618,41.28,In Hand
78000,-2.4349,8.9663,6.4452,7.5267,-95.2977,-21.9695,41.57,In Hand
78050,-3.6488,10.0461,5.8921,-1.9695,-91.6031,-29.7863,41.42,In Hand
78100,-7.1084,9.5624,5.5138,22.6870,-102.1069,-58.6260,41.42,In Hand
78150,-5.7174,9.2775,3.2370,22.5954,-124.1985,-62.7634,41.05,In Hand
78200,-3.5889,7.3598,2.4660,15.7252,-134.5343,-47.3588,41.42,In Hand
78250,-3.7781,6.4476,2.1715,29.2366,-141.2672,-28.9008,41.42,In Hand
78300,-4.5921,7.8075,2.5977,54.8702,-136.5496,-34.8092,41.42,In Hand
78350,-4.5633,10.1466,2.6408,26.4580,-126.4275,-59.0687,41.42,In Hand
78400,-2.5235,7.9679,3.2226,0.4275,-107.9084,-70.3359,41.75,In Hand
78450,-1.4724,7.6830,3.4429,15.9695,-79.8931,-65.4351,41.42,In Hand
78500,-2.8778,8.7340,3.7565,26.2443,-69.0076,-66.0458,41.28,In Hand
78550,-4.1061,9.8186,4.2976,18.6412,-70.7176,-63.4809,41.75,In Hand
78600,-3.5769,9.4188,4.9464,14.2901,-67.7252,-56.8397,41.28,In Hand
78650,-3.5123,9.2296,4.4053,18.5496,-63.4809,-43.7710,41.38,In Hand
78700,-4.3934,8.6143,4.1851,24.0305,-68.2443,-36.5954,41.42,In Hand
78750,-4.4173,7.8530,4.5083,31.1756,-76.1374,-36.0458,41.38,In Hand
78800,-4.2353,7.9966,4.6974,42.7939,-79.1756,-33.6336,41.28,In Hand
78850,-4.2042,8.9064,4.5011,39.6641,-81.8626,-27.3588,41.71,In Hand
78900,-4.0055,8.8298,4.4819,28.3817,-83.5725,-19.4656,41.47,In Hand
78950,-4.0175,8.3701,4.3790,25.2061,-83.2977,-14.5191,41.42,In Hand
79000,-4.2162,8.9208,4.2928,32.0153,-88.3511,-11.9847,41.57,In Hand
79050,-3.1292,9.7444,4.1156,25.7557,-87.2366,-8.9618,41.38,In Hand
79100,-2.7150,9.8928,4.1061,21.9237,-79.2519,-8.1221,41.42,In Hand
79150,-2.3200,9.6223,3.4165,14.7939,-79.6641,-4.1832,41.38,In Hand
79200,-1.6783,8.3390,3.1173,7.2824,-85.5267,4.0458,41.61,In Hand
79250,-1.7454,7.7979,3.7014,9.1908,-84.1069,2.7023,41.42,In Hand
79300,-2.1931,8.3534,3.7326,7.8015,-78.5496,-10.4885,41.47,In Hand
79350,-1.4844,8.9878,2.8204,3.0382,-80.2443,-33.1756,41.38,In Hand
79400,-1.0965,9.4691,2.2697,10.0305,-85.9847,-49.8931,41.47,In Hand
79450,-1.5036,10.2903,2.7031,24.1221,-86.0763,-45.4656,41.28,In Hand
79500,-0.2370,10.3645,2.3679,21.5267,-82.9924,-32.8550,41.47,In Hand
79550,-0.0215,9.2153,2.5163,17.4046,-71.1603,-17.9847,41.24,In Hand
79600,-0.8954,8.4707,2.8898,26.0458,-58.1069,-15.1145,41.38,In Hand
79650,-1.4245,8.5473,2.9066,28.1069,-53.0229,-26.1069,41.19,In Hand
79700,-0.7470,8.8035,3.4572,21.9389,-48.4580,-40.2748,41.24,In Hand
79750,-0.7015,9.2177,3.9433,19.1908,-41.4656,-42.6260,41.42,In Hand
79800,-1.2402,9.7755,4.0199,9.2061,-39.7252,-35.8321,41.47,In Hand
79850,-1.4030,9.8067,4.0534,3.9847,-52.5038,-22.4122,41.28,In Hand
79900,-1.5802,11.0923,4.3359,-5.6641,-67.5573,-11.7557,41.28,In Hand
79950,-0.2682,11.4874,4.1348,-29.0076,-70.0000,-12.7176,41.42,In Hand
80000,-5.4971,9.9311,4.3479,-33.4198,-53.5725,-20.8397,41.38,In Hand
80050,-5.3391,8.8035,3.4596,2.9771,-79.0992,-41.5115,41.19,In Hand
80100,-1.8603,9.5529,2.9880,2.9618,-69.8168,-36.0611,41.24,In Hand
80150,-0.2107,9.3781,2.4756,-8.2443,-48.9160,-19.2366,41.38,In Hand
80200,-2.4349,7.5633,2.7390,-34.7939,-24.6107,-17.2977,41.28,In Hand
80250,-4.7262,5.5019,3.8690,-7.7863,-49.4198,-21.9847,41.24,In Hand
80300,-6.0071,6.7804,3.8547,74.4427,-103.2977,-54.1679,41.71,In Hand
80350,-2.5977,9.2560,4.4173,82.7176,-108.8702,-53.0687,41.42,In Hand
80400,-0.4094,7.6231,4.4604,72.5191,-43.0229,-20.8855,41.38,In Hand
80450,-2.0662,9.0525,2.7749,66.7328,-5.5420,-15.3130,41.38,In Hand
80500,-3.3016,9.7564,2.2242,55.4351,-12.9618,-11.9542,41.28,In Hand
80550,-2.7533,10.8457,2.5905,8.4275,-13.2824,4.1832,41.42,In Hand
80600,-2.1045,9.0429,4.7525,-8.5344,12.2748,6.7023,41.42,In Hand
80650,-2.6887,9.8952,5.6503,9.3588,31.7405,1.2061,41.47,In Hand
80700,-3.5123,11.0708,4.3742,9.9847,18.7328,11.8321,41.38,In Hand
80750,-4.2066,11.4132,3.6224,-14.8702,5.6794,29.2672,41.42,In Hand
80800,-6.1172,10.0580,2.9353,3.4046,-7.4046,-2.0611,41.38,In Hand
80850,-1.4676,9.8881,1.9800,8.1985,-23.9237,-21.0687,41.47,In Hand
80900,-0.9457,7.4340,0.5842,-1.0992,-34.7481,4.5038,41.28,In Hand
80950,-2.3391,5.7293,0.3783,27.7405,-63.8626,36.9313,41.61,In Hand
81000,-1.8962,7.5800,1.5634,70.4885,-55.2366,26.0763,41.57,In Hand
81050,-1.0630,10.9846,1.6568,55.3130,-31.3282,-35.8473,41.19,In Hand
81100,-1.3240,11.2504,0.3041,-6.0916,-16.8702,-49.9237,41.42,In Hand
81150,-3.0765,8.0469,0.3328,-14.5191,-41.2061,-22.3664,41.09,In Hand
81200,-1.6089,9.0980,0.7733,10.9466,-54.4885,-7.1145,41.38,In Hand
81250,0.1365,10.7332,0.8954,-4.4122,-36.0305,-9.8626,41.57,In Hand
81300,-0.6704,10.6805,1.2905,-37.3740,-7.4962,-14.0153,41.47,In Hand
81350,-1.7765,9.2536,2.7078,-60.9466,1.8015,-12.6107,41.09,In Hand
81400,-2.0016,7.5106,4.8004,-46.3053,4.9313,-14.0153,41.42,In Hand
81450,-2.6408,9.4260,5.2146,-18.8702,6.9160,-44.1985,41.38,In Hand
81500,-2.2601,10.4172,4.9249,-45.2061,9.2061,-69.9237,41.24,In Hand
81550,-3.9935,10.1754,3.6919,-56.8550,40.7481,-75.5573,41.42,In Hand
81600,-7.4436,9.3494,2.2314,-43.3130,59.2824,-64.9618,41.28,In Hand
81650,-7.4340,8.4803,-0.6464,5.2366,29.0382,-60.4427,41.28,In Hand
81700,-6.6200,8.9376,-1.4150,5.2977,7.9237,-33.6336,41.47,In Hand
81750,-5.2337,9.2320,-0.7470,-13.4656,-15.5725,12.0153,41.28,In Hand
81800,-4.5729,7.2832,1.0008,-12.4275,-27.2366,40.2443,41.28,In Hand
81850,-4.0486,6.9911,1.4940,-8.0611,-15.4962,43.7710,41.71,In Hand
81900,-3.9025,7.8458,2.0494,11.8321,8.3664,32.1221,41.19,In Hand
81950,-3.0813,8.2624,1.5874,-3.6031,48.3206,24.6565,41.19,In Hand
82000,-2.8347,8.1403,1.8818,-3.3435,73.0229,16.1832,41.19,In Hand
82050,-1.5969,10.1682,2.2170,-13.1908,82.8092,-4.0763,41.24,In Hand
82100,-2.6360,11.9207,2.8898,-62.3053,108.7939,3.5725,41.61,In Hand
82150,-4.6567,10.7141,4.0366,-108.5496,131.3435,22.3664,41.28,In Hand
82200,-5.9616,9.5672,4.3981,-109.0840,142.7634,41.5573,41.38,In Hand
82250,-5.0326,10.8457,2.3655,-110.0153,155.1145,61.4046,41.61,In Hand
82300,-5.5522,10.4244,2.6767,-113.6489,179.8168,75.5115,41.28,In Hand
82350,-5.5809,8.9376,3.4046,-130.1985,193.5114,97.0229,41.42,In Hand
82400,-3.3639,8.1594,2.6911,-98.7023,145.0687,79.0534,41.42,In Hand
82450,-2.7222,6.7876,1.4533,-93.7557,140.5954,72.5954,41.42,In Hand
82500,-3.9456,8.0613,2.7869,-57.4809,116.8397,58.2901,41.42,In Hand
82550,-2.6025,9.1842,2.8323,-66.3817,106.7023,58.0458,41.42,In Hand
82600,-3.0382,7.5441,3.6847,-73.2366,94.8244,47.3893,41.24,In Hand
82650,-3.1101,7.4316,4.2521,-57.1145,73.0534,32.8855,41.42,In Hand
82700,-2.9688,7.6016,3.9887,-53.8931,74.3664,28.9313,41.42,In Hand
82750,-3.4500,6.5194,3.7541,-40.1985,75.9084,31.7252,41.28,In Hand
82800,-3.2657,6.7924,4.1803,-4.3969,62.1527,17.9542,41.09,In Hand
82850,-3.9959,7.8745,3.9935,4.1679,48.6870,5.6336,41.28,In Hand
82900,-3.8930,8.0397,3.8475,14.0305,27.7557,-3.5420,41.38,In Hand
82950,-3.9145,8.9064,3.8116,10.0458,4.5802,-13.4504,41.42,In Hand
83000,-3.8235,8.1834,3.8954,6.1679,-12.3053,-22.2901,41.28,In Hand
83050,-2.7007,8.5832,3.1915,20.5038,-27.4351,-21.5420,41.28,In Hand
83100,-3.8068,9.1363,3.1843,39.9084,-31.6947,-4.6870,41.47,In Hand
83150,-3.5338,10.1490,2.6097,33.4809,-49.1756,8.5038,41.57,In Hand
83200,-2.8395,10.0054,2.0399,10.5649,-52.0000,25.1908,41.42,In Hand
83250,-4.0534,8.0541,1.7837,7.0992,-54.8397,22.7481,41.28,In Hand
83300,-2.1189,9.7468,0.8332,23.5267,-74.5802,45.2977,41.42,In Hand
83350,-1.2330,9.7276,0.2011,-1.5878,-63.2214,63.5115,41.47,In Hand
83400,-0.2203,8.7484,-0.1772,3.3893,-59.6641,76.5954,41.24,In Hand
83450,0.1437,8.3318,0.1604,6.0763,-50.8855,50.6718,41.28,In Hand
83500,-0.2370,8.1211,1.3982,20.2748,-62.3053,26.6412,41.42,In Hand
83550,-0.2658,9.7947,2.0877,22.3817,-70.9008,22.7634,41.42,In Hand
83600,0.0431,10.3501,3.0430,7.7863,-79.7099,31.0992,41.38,In Hand
83650,-0.2394,10.3166,3.7565,2.8702,-88.2137,37.3435,41.38,In Hand
83700,1.5443,9.8713,4.5705,36.5802,-92.8550,12.9618,41.57,In Hand
83750,2.5618,13.0723,4.5538,33.2672,-85.9084,-4.6412,41.61,In Hand
83800,1.5347,11.7316,4.7764,7.9389,-70.4580,4.7328,41.42,In Hand
83850,1.9704,11.4515,3.1484,-0.3664,-64.4733,14.9618,41.28,In Hand
83900,2.5642,11.4371,1.5658,-14.9160,-55.0229,22.3053,41.28,In Hand
83950,2.9640,11.7507,1.0654,-21.8473,-65.4198,32.9313,41.28,In Hand
84000,3.7254,10.4291,1.3264,-47.3435,-64.0458,39.0382,41.28,In Hand
84050,3.5434,8.4324,1.9561,-43.0840,-61.5420,26.8244,41.28,In Hand
84100,3.6943,8.4946,2.3008,-26.6870,-60.5802,7.8015,41.38,In Hand
84150,3.6871,9.0692,2.1907,-29.0534,-48.5649,-12.8397,41.71,In Hand
84200,2.9975,8.7771,2.3176,-26.8397,-32.1221,-23.3740,41.38,In Hand
84250,2.6145,8.7987,2.3176,-21.5420,-31.3893,-29.6794,41.42,In Hand
84300,1.6352,8.8897,2.8946,-15.9695,-54.4122,-29.4198,41.38,In Hand
84350,1.1157,9.0190,2.7390,-27.5114,-78.0153,-30.5191,41.38,In Hand
84400,0.4142,8.8921,3.1029,-30.6870,-91.0076,-35.5267,41.28,In Hand
84450,0.0766,7.8626,3.4979,-29.9084,-105.9237,-50.3817,41.24,In Hand
84500,0.7207,7.0653,3.8259,-9.1450,-125.7710,-72.7023,41.42,In Hand
84550,0.8116,8.6359,3.6320,1.9695,-131.8015,-92.7634,41.09,In Hand
84600,1.1779,9.6678,3.7278,-13.0840,-116.1221,-89.8931,41.42,In Hand
84650,0.9313,9.8521,3.1460,-18.4275,-102.6718,-74.9618,41.24,In Hand
84700,1.3048,10.1945,2.9999,-17.1145,-82.3359,-59.8779,41.47,In Hand
84750,1.5945,11.0229,2.3463,-8.9008,-38.4580,-78.3359,41.24,In Hand
84800,-0.8452,9.4427,1.3719,17.4351,-45.2672,-92.3206,41.28,In Hand
84850,-2.8443,10.9894,1.4030,-1.1908,-58.9924,-43.4962,41.28,In Hand
84900,-3.0909,9.5026,2.4828,-3.5420,-70.8702,-20.6260,41.57,In Hand
84950,-1.4724,10.1131,3.0885,8.8397,-65.5725,-24.5496,41.38,In Hand
85000,-2.2721,10.8002,2.7653,-8.0305,-58.2901,-13.2824,41.24,In Hand
85050,-3.0023,8.6598,3.1388,-17.6031,-61.3893,-5.1298,41.42,In Hand
85100,-2.8443,8.3869,2.5642,3.1450,-70.9466,4.5038,41.24,In Hand
85150,-2.2529,9.7229,1.9465,21.8931,-79.9542,8.1069,41.28,In Hand
85200,-1.7526,10.6638,1.8292,37.2061,-71.8931,-6.0458,41.28,In Hand
85250,-0.4621,11.8202,1.8794,15.6031,-51.5573,-10.7481,41.42,In Hand
85300,0.5746,10.3070,2.0159,-16.7176,-30.1221,6.2443,41.24,In Hand
85350,0.2131,8.0589,2.0710,-16.6565,-17.2061,21.2977,41.24,In Hand
85400,-0.8188,8.0134,2.3918,4.9771,-9.2824,12.5802,41.38,In Hand
85450,-2.1380,12.1578,3.9720,-1.3893,-6.0611,-6.4275,41.38,In Hand
85500,-1.4772,11.2264,3.9433,-42.4885,-10.1069,-8.0458,41.42,In Hand
85550,0.3472,8.3127,3.4668,-22.7786,-18.8244,9.1603,41.24,In Hand
85600,0.8140,8.4539,2.6001,5.3282,-24.2748,25.3435,41.24,In Hand
85650,0.5698,8.8921,2.7677,14.9771,-18.7939,19.7863,41.38,In Hand
85700,0.1413,9.2033,2.8515,9.3740,-7.5267,2.6565,41.47,In Hand
85750,0.0886,8.8370,2.9832,5.4351,6.4580,-17.0534,41.38,In Hand
85800,0.0910,9.3494,2.9928,10.0763,14.1221,-23.0534,41.05,In Hand
85850,0.4741,9.9958,2.8371,4.0458,20.6107,-20.6412,41.24,In Hand
85900,-0.1077,9.5146,2.9449,-0.8855,26.2290,-17.6489,41.24,In Hand
85950,-1.1420,8.7364,3.3112,9.4198,25.2061,-18.6260,41.24,In Hand
86000,-1.6041,9.9766,3.8403,20.3206,14.2748,-16.9924,41.38,In Hand
86050,-1.6616,10.8505,3.7086,-0.9924,-1.4046,-14.1221,41.42,In Hand
86100,-1.9800,9.2081,4.0630,-9.7405,-18.9008,-11.4962,41.28,In Hand
86150,-1.8866,8.9064,4.1492,-0.7939,-34.9313,-12.7176,41.28,In Hand
86200,-2.1691,9.2249,4.0582,-1.9542,-47.5573,-17.1756,41.38,In Hand
86250,-2.0375,9.3158,3.9816,-5.2672,-59.0534,-20.8244,41.09,In Hand
86300,-1.8507,9.0405,3.9025,-2.8550,-64.3359,-21.6183,41.57,In Hand
86350,-1.6137,9.4188,4.0414,2.8397,-64.0305,-21.9542,41.24,In Hand
86400,-1.5754,9.8210,3.9600,1.4809,-58.8855,-20.9466,41.42,In Hand
86450,-2.3391,9.6798,4.1204,4.3053,-60.8702,-17.0382,41.38,In Hand
86500,-2.6217,9.9838,4.0247,4.0611,-73.4351,-9.6794,41.47,In Hand
86550,-2.4732,9.4810,4.0677,-0.6870,-85.6031,-4.3206,41.47,In Hand
86600,-2.7653,9.4140,4.3431,7.8168,-99.0840,0.8855,41.28,In Hand
86650,-2.8204,9.8809,3.9768,4.2290,-110.9466,4.7328,41.57,In Hand
86700,-2.0566,9.9383,3.6703,-5.7863,-118.5496,7.9389,41.38,In Hand
86750,-1.7334,8.3390,3.4189,-6.7481,-112.1221,2.6870,41.42,In Hand
86800,-1.0726,7.8889,3.3830,15.5573,-107.6947,-3.2824,41.42,In Hand
86850,-0.7566,8.8490,3.0478,10.4427,-96.2443,-5.2519,41.19,In Hand
86900,-0.4669,8.2768,3.0311,16.0763,-83.3282,-12.4427,41.38,In Hand
86950,-0.1389,9.0046,3.0478,23.4962,-68.9313,-16.6412,41.42,In Hand
87000,-0.0359,9.6127,2.0446,29.3893,-49.5878,-13.8168,41.57,In Hand
87050,0.5291,10.3837,1.2186,39.1756,-36.1832,-20.4733,41.57,In Hand
87100,1.4916,10.8864,0.1772,31.7252,-26.5038,-15.5573,41.28,In Hand
87150,1.7238,10.8601,-0.0766,19.6336,1.7405,-6.8092,41.38,In Hand
87200,1.0894,11.0923,-0.5578,4.7939,33.4046,-1.2672,41.38,In Hand
87250,1.0080,12.2416,-0.8164,-10.0305,60.9313,-1.1908,41.42,In Hand
87300,1.9704,11.0947,-1.2163,-35.9542,88.4427,-4.9313,41.38,In Hand
87350,2.3990,9.6486,-0.9697,-37.3282,120.9160,3.2061,41.28,In Hand
87400,1.6424,9.9383,-0.6608,-32.2290,147.8321,11.1450,41.61,In Hand
87450,0.6895,9.8881,0.0359,-38.7634,167.9695,14.5496,41.47,In Hand
87500,-1.4222,9.7037,1.1133,-31.7863,172.0611,18.7328,41.05,In Hand
87550,-2.4732,10.0126,2.2649,-24.7786,159.2366,27.4351,41.24,In Hand
87600,-1.6185,10.7236,2.8036,-61.5725,148.4427,28.0611,41.57,In Hand
87650,-2.5355,8.3438,3.0622,-49.0687,132.0305,13.5725,41.09,In Hand
87700,-3.1891,8.1379,2.7054,-36.2290,116.6718,-5.1298,41.38,In Hand
87750,-3.2896,6.7612,3.1412,-25.4198,108.9466,-6.0305,41.28,In Hand
87800,-3.6224,7.9918,2.8730,-20.1985,100.6870,15.1145,41.42,In Hand
87850,-3.3351,7.1060,3.0167,-7.2214,83.8168,20.2137,41.38,In Hand
87900,-1.4533,6.2537,2.1883,27.4046,68.4733,21.0840,41.57,In Hand
87950,-4.9129,8.4731,4.0270,55.3588,52.7023,45.5115,41.75,In Hand
88000,-4.0845,12.5648,2.5786,26.7176,34.5954,36.0305,41.24,In Hand
88050,-3.6536,10.3310,3.2394,15.4351,26.9618,2.5649,41.28,In Hand
88100,-3.5027,9.1291,4.1731,33.2672,33.5573,-6.2290,41.24,In Hand
88150,-1.9249,10.7284,3.4620,20.6260,31.3893,2.4733,41.24,In Hand
88200,-1.3216,11.1809,2.8826,36.6718,49.8473,30.4886,41.38,In Hand
88250,-2.0183,11.8633,3.5434,48.7328,31.3282,11.0992,41.28,In Hand
88300,0.3065,10.5273,2.2027,14.7176,-12.7634,-13.9237,41.47,In Hand
88350,-1.3431,6.8354,2.0877,38.0611,4.3053,1.4962,41.42,In Hand
88400,-1.1684,12.5073,-0.8404,37.2214,-6.4427,6.1985,41.28,In Hand
88450,-0.8428,10.4674,-0.7925,1.1450,-21.0534,-12.8397,41.38,In Hand
88500,-0.2394,8.5281,-0.3065,17.6947,-20.9924,-12.9160,41.24,In Hand
88550,-0.8164,9.6055,-0.4070,19.9847,-2.4580,-0.6718,41.24,In Hand
88600,-2.3487,9.3182,-0.6800,16.4427,-6.7328,-4.0611,41.38,In Hand
88650,-2.7054,10.0269,-0.9026,5.9084,-21.5267,-3.6641,41.24,In Hand
88700,-2.1452,8.6550,-0.7254,11.8931,-26.4733,-6.8702,41.42,In Hand
88750,-1.9800,9.8928,-0.5818,21.0382,-29.2519,-2.9008,41.47,In Hand
88800,-3.1101,10.2472,-0.7853,4.5649,-44.6870,3.5725,41.38,In Hand
88850,-3.2561,9.6726,0.0359,-6.0458,-64.1374,16.5954,41.28,In Hand
88900,-3.9361,10.7308,-0.4525,-20.0763,-79.2672,18.1069,41.24,In Hand
88950,-4.7477,8.6383,-0.2370,-29.5573,-94.3664,15.4809,41.28,In Hand
89000,-5.8299,8.7987,0.5746,-8.9008,-112.8397,13.1908,41.24,In Hand
89050,-5.6886,9.8162,0.5531,-14.2443,-135.7557,-3.6641,41.42,In Hand
89100,-6.1459,10.0173,0.2442,-10.9466,-148.1374,-3.6031,41.28,In Hand
89150,-5.3965,11.0971,-0.1532,4.9313,-150.8550,-13.3282,41.19,In Hand
89200,-3.6009,11.1019,-0.5674,-1.3130,-162.9618,-33.8931,41.42,In Hand
89250,-1.0870,8.9280,-0.5914,-4.8702,-175.2824,-41.0992,41.47,In Hand
89300,-2.3224,6.8570,0.7709,12.8397,-165.6488,-24.0000,41.38,In Hand
89350,-3.1364,9.2775,-0.3998,7.5573,-160.5191,-16.5649,41.42,In Hand
89400,-5.6623,9.7659,-0.0910,-10.7634,-143.5267,-29.6336,41.42,In Hand
89450,-6.2441,7.4771,-0.5052,7.7863,-122.8550,-75.7710,41.24,In Hand
89500,-6.0789,7.8793,-0.7518,36.8550,-128.1221,-95.6183,41.61,In Hand
89550,-5.1787,8.8322,-0.0575,32.6565,-143.3893,-75.6183,41.09,In Hand
89600,-3.8092,7.3310,-0.4214,29.3282,-145.3893,-64.2137,41.24,In Hand
89650,-2.6288,8.7221,0.5004,41.7863,-123.8168,-56.1679,41.38,In Hand
89700,-2.5833,9.2895,0.2825,31.7863,-85.3740,-44.1985,41.38,In Hand
89750,-4.5586,9.4858,1.7190,34.0458,-82.5343,-32.4122,41.24,In Hand
89800,-3.4093,9.7324,1.7597,23.0076,-80.4885,-39.4809,41.42,In Hand
89850,-3.9361,9.1889,3.4405,18.3817,-75.5267,-33.3893,41.38,In Hand
89900,-3.3303,9.9024,4.5993,8.0763,-66.4122,-26.2595,41.19,In Hand
89950,-2.5187,11.2120,5.7413,-25.7710,-69.9847,-3.5267,41.38,In Hand
90000,-4.7118,8.0732,3.3543,-29.8779,-51.0992,-10.9313,41.24,In Hand
90050,-8.5329,6.3829,2.9066,67.6489,-91.0992,-39.8015,41.38,In Hand
90100,-6.8881,7.2496,2.3894,107.1298,-130.9008,-28.5802,41.38,In Hand
90150,-5.5426,6.7445,1.6065,109.1756,-140.3359,-9.9695,41.28,In Hand
90200,-4.5777,7.5513,1.4102,88.4885,-142.7481,-8.9466,41.24,In Hand
90250,-4.8985,6.1723,2.7821,95.9847,-118.5191,-10.0153,41.38,In Hand
90300,-4.7357,9.5361,1.9585,82.5191,-95.2977,-20.7939,41.24,In Hand
90350,-1.9561,11.7507,2.2218,37.4809,-75.3130,-52.8702,41.28,In Hand
90400,-1.8866,8.0852,2.4062,16.1832,-30.3206,-39.0687,41.09,In Hand
90450,-4.7333,8.8849,1.8028,35.7557,-36.2595,2.4885,41.38,In Hand
90500,-4.8147,9.7444,2.1835,26.2748,-47.8473,18.9618,41.19,In Hand
90550,-4.7118,9.4595,3.0718,21.7405,-56.4275,12.9008,41.28,In Hand
90600,-3.5003,7.5561,2.3535,25.7863,-46.4580,-5.9695,41.24,In Hand
90650,-3.2729,7.8889,2.9904,43.6947,-20.6107,-11.0229,41.24,In Hand
90700,-3.9025,12.7204,2.6121,36.9618,-27.0076,19.5573,41.28,In Hand
90750,-3.7828,12.8281,2.9281,-16.4580,-35.9542,45.8321,41.24,In Hand
90800,-3.8954,10.8074,3.1268,-21.4046,-9.2519,34.2595,41.38,In Hand
90850,-5.1284,10.6997,1.7980,-25.0076,-20.5649,18.0458,41.38,In Hand
90900,-3.4093,7.9033,1.1253,-46.6412,-54.2443,19.6031,41.42,In Hand
90950,-2.3918,4.5921,-0.2394,-7.8626,-86.2443,27.8931,41.38,In Hand
91000,-0.3376,7.1563,0.6895,40.3359,-93.2519,31.1756,41.24,In Hand
91050,-0.3184,10.2496,2.2146,37.6031,-48.0763,-16.1679,41.19,In Hand
91100,-0.5004,10.7284,2.3391,3.7405,-16.5191,-36.7634,41.42,In Hand
91150,-1.4988,8.4467,2.0255,-22.0611,-18.0763,-14.3817,41.38,In Hand
91200,-2.1644,7.3454,2.8395,-5.9695,-38.6412,-9.2366,41.24,In Hand
91250,-1.0726,8.9878,3.2537,12.2137,-47.4046,-21.7252,41.38,In Hand
91300,-1.5012,9.7229,3.6775,-8.9313,-40.1527,-25.6947,41.38,In Hand
91350,-2.5786,9.2727,3.9504,-8.0763,-42.8550,-21.9389,41.42,In Hand
91400,-2.4253,9.7157,3.9528,-8.4580,-52.8397,-24.2748,41.42,In Hand
91450,-2.3415,10.5105,4.9919,-23.3130,-55.1298,-22.4580,41.42,In Hand
91500,-0.3328,10.9678,4.8004,-52.7634,-43.7252,-24.0763,41.05,In Hand
91550,-4.6735,8.5353,4.3574,-6.1527,-14.8092,-55.2061,41.28,In Hand
91600,-9.4523,8.3486,1.8651,25.5114,-55.2366,-67.8626,41.24,In Hand
91650,-3.4261,8.2624,1.8483,45.3740,-106.9008,-47.1756,41.42,In Hand
91700,-2.0016,7.6399,2.6073,48.2290,-88.5038,-9.0687,41.38,In Hand
91750,-6.1052,7.1156,2.3152,81.0076,-91.1450,14.5038,41.19,In Hand
91800,-5.6407,10.5752,1.7933,70.3206,-112.0916,-2.0763,41.09,In Hand
91850,-2.5259,9.7205,2.1524,23.7099,-96.7939,-26.6565,41.28,In Hand
91900,-2.2482,7.4986,2.1237,23.0382,-80.6107,-8.0153,41.24,In Hand
91950,-1.9106,8.4803,1.9058,39.5573,-61.2061,6.1221,41.38,In Hand
92000,-1.9824,10.5129,1.9345,21.7252,-32.4122,3.8321,41.57,In Hand
92050,-1.7526,10.2113,2.1835,3.6489,-13.4656,0.7939,41.19,In Hand
92100,-1.8100,10.1466,2.4876,3.6489,10.2748,15.8931,41.19,In Hand
92150,-1.4892,11.8681,2.4469,-15.0840,33.5573,29.7099,41.38,In Hand
92200,-1.6137,12.8138,2.4373,-35.4504,66.5191,33.8168,41.28,In Hand
92250,-4.3862,10.4914,2.0399,-35.3130,75.1603,14.2137,41.05,In Hand
92300,-3.7302,7.3095,0.7829,-17.6489,36.8550,-7.4504,41.24,In Hand
92350,-2.5881,6.4380,-0.3903,14.1069,-38.5802,15.0076,41.24,In Hand
92400,0.0048,8.9399,2.0806,31.5420,-43.2061,32.9008,41.38,In Hand
92450,-0.0120,12.1099,3.5602,12.6107,1.7863,-5.6489,41.61,In Hand
92500,-0.4788,10.5632,1.7741,-46.4427,27.6031,-19.4046,41.38,In Hand
92550,-1.3001,7.1467,2.4660,-56.3206,8.5191,2.8092,41.61,In Hand
92600,-0.6345,5.7628,2.6336,-13.1145,-11.4198,13.0992,41.24,In Hand
92650,1.2737,8.3462,2.7342,4.1679,-4.5038,1.9237,41.42,In Hand
92700,-0.5124,9.9958,4.0270,-11.1298,16.0458,-10.4885,41.38,In Hand
92750,-3.0454,11.3964,5.2553,-12.4580,1.0687,-1.5115,41.28,In Hand
92800,-0.7087,13.3309,5.2816,-40.2290,-27.7710,19.1298,40.95,In Hand
92850,1.4844,12.2870,5.6168,-68.7176,-21.5878,45.9237,41.24,In Hand
92900,-2.9497,12.8521,4.5370,-53.6336,2.3969,19.9389,41.28,In Hand
92950,-3.6607,8.5258,1.7717,-63.3740,-29.9084,1.8779,41.47,In Hand
93000,1.7957,4.8219,1.3240,-22.4580,-46.1374,23.4504,41.38,In Hand
93050,0.6369,5.5402,2.8108,29.7863,-23.4351,23.9847,41.38,In Hand
93100,-3.5985,8.9759,2.5522,52.7634,-21.3282,2.0611,41.28,In Hand
93150,-0.2107,10.9798,3.1843,31.2214,-11.6489,-27.0687,41.28,In Hand
93200,3.3040,9.2320,2.4565,-3.4198,36.9313,-20.9160,41.24,In Hand
93250,1.1947,8.5593,3.0430,8.7786,60.0458,17.4351,41.24,In Hand
93300,-1.0080,9.9407,4.5681,20.2748,65.5115,27.8168,41.05,In Hand
93350,-1.3120,10.9080,5.7413,13.0687,58.9466,31.8321,41.24,In Hand
93400,-0.6057,9.7875,5.6958,-15.2977,40.0611,45.1908,41.38,In Hand
93450,-0.0144,8.0373,6.3518,-4.6260,18.2595,53.5420,41.09,In Hand
93500,0.4501,10.0652,5.7365,22.6107,7.7557,54.3359,41.09,In Hand
93550,5.5402,13.6685,4.9560,-6.5496,28.1069,40.1069,41.38,In Hand
93600,-1.4916,9.6558,3.8044,-7.4504,75.6031,41.0229,41.28,In Hand
93650,-0.2825,7.2664,1.3719,4.5802,49.0229,-1.5725,41.24,In Hand
93700,-0.0814,7.0485,-0.9673,6.8397,12.0611,-5.0687,41.28,In Hand
93750,1.2474,6.9863,3.0454,8.0305,-0.0916,2.6565,41.42,In Hand
93800,3.4931,9.5409,5.5306,36.9008,55.3435,-44.8702,41.38,In Hand
93850,0.5124,12.0883,4.1013,-21.4046,88.3664,-59.3435,41.05,In Hand
93900,-4.3551,9.1243,6.6224,-43.0076,24.0763,-27.0992,41.28,In Hand
93950,-1.2426,8.7771,5.7988,-18.9008,-56.7328,18.3511,41.38,In Hand
94000,0.9218,7.7764,4.4197,-8.2290,-84.3053,27.0229,41.38,In Hand
94050,1.0295,7.5920,4.4269,9.1908,-74.8244,6.4427,41.38,In Hand
94100,0.5746,8.6886,3.7278,11.9389,-65.6947,-13.9542,41.05,In Hand
94150,1.9178,8.8418,4.2880,-5.4504,-51.9695,-30.8092,41.38,In Hand
94200,2.8347,9.1339,6.1579,-15.2519,-20.5496,-39.4198,41.42,In Hand
94250,1.8004,9.8450,7.2209,-38.9771,7.9389,-42.2595,41.47,In Hand
94300,-5.4827,8.0469,5.8371,-0.9771,9.1908,-95.7099,41.42,In Hand
94350,-9.2033,9.8761,4.9297,25.6031,-86.5343,-103.8015,41.38,In Hand
94400,-2.5690,9.8090,2.6432,36.1679,-150.9771,-65.0534,41.24,In Hand
94450,-2.7054,8.9807,2.2865,55.4504,-165.2366,-18.7786,41.24,In Hand
94500,-4.2066,9.1004,1.5467,79.9695,-170.9466,-1.3893,41.05,In Hand
94550,-2.1165,10.5776,1.1636,58.9008,-154.4427,-20.8702,41.38,In Hand
94600,-2.0590,10.3453,1.5275,25.0229,-128.5191,-34.1069,41.24,In Hand
94650,-1.4245,8.7747,0.9864,-1.1298,-117.5878,-7.8015,41.24,In Hand
94700,0.3424,7.9248,1.3384,4.6718,-91.3282,-4.5191,41.28,In Hand
94750,1.2234,8.8825,1.2833,15.7405,-37.3893,-31.7710,41.28,In Hand
94800,0.7159,10.1658,0.4693,14.7786,10.6565,-39.2214,41.09,In Hand
94850,-0.1772,10.4244,-0.0527,12.0763,46.9618,-27.7099,41.42,In Hand
94900,-0.2155,12.4858,-0.2179,6.0305,78.6260,-18.1069,41.28,In Hand
94950,-3.5003,11.7843,0.0982,9.3282,134.5802,-23.8168,41.28,In Hand
95000,-4.3335,11.2958,-0.9290,9.3740,135.8473,-34.1832,41.28,In Hand
95050,-5.2768,9.4523,-0.7877,-20.5344,103.6641,-5.6489,41.09,In Hand
95100,-4.7740,7.3119,-1.1253,-23.6183,42.1985,32.8702,41.24,In Hand
95150,-0.7638,8.0349,-0.8811,-3.8779,29.0687,44.7786,41.28,In Hand
95200,1.8196,11.9231,-0.5866,13.3740,110.6718,-16.5496,41.42,In Hand
95250,-0.1700,12.3373,-2.1620,-62.8244,180.4580,-27.9084,41.28,In Hand
95300,-4.7669,8.5186,-1.6376,-102.8855,173.0534,11.1450,41.19,In Hand
95350,-4.1108,7.9320,0.8260,-51.9389,119.9695,24.3511,41.42,In Hand
95400,0.0072,10.2089,2.3320,-64.9160,141.8626,17.6641,41.28,In Hand
95450,-2.7078,8.5617,2.5522,-78.2443,153.0992,7.8779,41.24,In Hand
95500,-4.5562,7.7021,3.2441,-74.3664,114.7634,-1.3893,41.19,In Hand
95550,-2.9832,7.4220,4.7549,-49.4046,78.9924,-2.1832,41.38,In Hand
95600,-0.8475,10.1442,5.4061,-54.3511,79.8779,-0.0763,41.38,In Hand
95650,-1.4629,10.1035,5.1380,-80.5802,88.2595,-5.7557,41.05,In Hand
95700,-4.5825,8.8035,4.5921,-56.2595,92.1527,-29.6031,41.42,In Hand
95750,-7.4292,9.8354,3.5841,-34.2290,44.0000,-25.9695,41.38,In Hand
95800,-2.3870,9.5648,4.3503,-39.7252,18.1832,-7.2366,40.95,In Hand
95850,-2.2098,8.2361,3.8283,-32.0458,14.8397,25.1908,41.19,In Hand
95900,-4.9656,7.1587,3.2298,-12.1374,-13.3282,41.2977,41.28,In Hand
95950,-7.2520,7.1347,2.6887,14.6412,-46.2443,38.7939,41.28,In Hand
96000,-5.3870,8.3653,3.1340,44.3511,-67.5573,12.2290,41.38,In Hand
96050,-0.4070,11.2192,3.3710,19.1756,-25.8473,-5.4504,41.38,In Hand
96100,-0.9218,9.8138,2.0351,-15.3893,-0.5802,16.7023,41.38,In Hand
96150,-1.3024,7.7524,2.5355,-2.7023,5.9084,37.0382,41.28,In Hand
96200,-1.9369,8.9783,3.1053,22.6107,21.1145,33.7252,41.47,In Hand
96250,-2.1021,10.3837,3.4405,6.6107,44.9160,19.4656,41.24,In Hand
96300,-1.9201,9.4691,3.5147,-15.6641,58.1985,19.8779,41.42,In Hand
96350,-1.7286,8.5976,3.9792,-15.6183,60.5802,30.9008,41.09,In Hand
96400,-1.4509,9.6223,4.2808,-8.7481,63.6641,32.8855,41.28,In Hand
96450,-1.5060,10.4722,4.1563,-25.2672,72.1832,37.8473,41.28,In Hand
96500,-1.7430,9.3230,3.5267,-24.4122,97.5573,29.8168,41.28,In Hand
96550,-2.3080,9.4451,2.8563,-14.2290,102.4885,21.4046,41.09,In Hand
96600,-1.9321,9.2799,2.5833,-33.0840,93.3435,23.9084,41.38,In Hand
96650,-4.5729,7.2520,2.9712,-12.3817,50.6565,34.7939,41.24,In Hand
96700,-3.3950,7.6567,3.2298,11.9237,7.1603,38.1985,41.24,In Hand
96750,0.1437,9.7252,2.8539,29.6947,2.5802,22.8244,41.57,In Hand
96800,1.7262,12.0500,2.2098,15.9084,39.7099,8.3969,41.05,In Hand
96850,-0.7566,10.8266,2.0734,-3.2672,60.5191,11.3130,41.28,In Hand
96900,-1.0750,9.3757,2.7509,-9.9389,46.6870,15.6031,41.24,In Hand
96950,-0.4094,8.0828,3.3662,-13.5878,35.0534,18.7481,41.28,In Hand
97000,-0.1460,8.2097,3.9720,-18.1985,35.0076,17.9542,41.24,In Hand
97050,-2.4948,9.1123,3.4931,-16.0458,37.7405,-0.4122,41.24,In Hand
97100,-3.5650,11.1857,4.2928,2.2443,13.9389,-17.9695,41.09,In Hand
97150,-0.5507,11.3533,3.3495,-26.0763,3.1756,-0.8244,41.19,In Hand
97200,-0.7350,8.2911,3.5051,-28.4886,-5.4962,23.3282,41.28,In Hand
97250,-1.3048,7.9942,3.7373,-3.6031,-9.6031,26.3206,41.42,In Hand
97300,-2.6217,9.9359,3.1005,6.3664,-17.2672,10.2137,41.19,In Hand
97350,-0.8332,9.3709,2.8515,-10.7939,-25.6947,-0.3206,41.47,In Hand
97400,0.5962,7.8530,3.0981,6.9466,-16.8092,-0.3206,41.42,In Hand
97450,0.6871,9.6486,3.1340,25.6489,-2.7176,-3.6947,41.38,In Hand
97500,-0.5531,10.7404,3.4022,7.3588,8.1374,-9.9542,41.28,In Hand
97550,-1.4126,9.8402,3.4500,-2.5191,4.4275,-10.9466,41.42,In Hand
97600,-0.9649,9.4930,3.2801,1.9847,-2.7176,-5.3282,41.38,In Hand
97650,-0.5028,9.7875,3.0047,2.6870,-4.0611,-1.7557,41.42,In Hand
97700,-0.7949,9.6343,3.0358,0.6565,-3.3130,-0.3664,41.57,In Hand
97750,-1.0151,9.3948,2.9999,0.7481,-1.3282,-1.2519,41.24,In Hand
97800,-0.8116,9.6822,3.1723,-1.0687,1.0534,-1.7710,41.28,In Hand
97850,-0.8428,9.5098,3.1939,-0.1221,1.9084,-0.9160,41.28,In Hand
97900,-0.9840,9.6678,3.2657,1.0076,-1.3282,-0.9924,41.28,In Hand
97950,-0.7997,9.5289,3.1580,1.6031,-4.0611,-1.4046,41.47,In Hand
98000,-0.8595,9.6223,3.0670,2.4580,-3.5267,-1.7710,41.42,In Hand
98050,-0.9218,9.6798,2.9473,3.5115,-4.9160,-1.0992,41.42,In Hand
98100,-0.8116,9.6175,2.8323,2.5496,-5.2824,0.0611,41.38,In Hand
98150,-0.8643,9.5936,2.7845,2.8550,-4.5802,-0.8550,41.57,In Hand
98200,-0.8116,9.7348,2.7605,0.3817,-4.1985,-1.1450,41.38,In Hand
98250,-0.7733,9.6845,2.7725,-1.4504,-2.2443,-0.7328,41.38,In Hand
98300,-0.7949,9.7396,2.6121,-2.4885,0.6565,-0.9618,41.24,In Hand
98350,-0.8452,9.6965,2.5977,-3.8321,3.1145,-0.2595,41.24,In Hand
98400,-0.7422,9.6750,2.6600,-4.5496,4.3511,0.3359,41.42,In Hand
98450,-0.7135,9.6893,2.7701,-5.5878,6.1527,0.4275,41.28,In Hand
98500,-0.9337,9.4595,2.9497,-5.5115,7.7252,-0.9160,41.38,In Hand
98550,-0.9625,9.7013,2.9305,-3.4198,7.9847,-2.4275,41.28,In Hand
98600,-1.0080,9.7396,2.9832,-3.2061,5.0687,-1.3893,41.28,In Hand
98650,-0.9098,9.6007,3.0646,-1.9389,3.6031,-0.0153,41.19,In Hand
98700,-0.9912,9.6343,2.9473,-0.0458,2.3817,1.0076,41.24,In Hand
98750,-1.1205,9.7252,2.9832,-1.5267,-1.1756,1.8321,41.24,In Hand
98800,-1.0247,9.5648,2.8970,-1.0992,-3.1756,1.4351,41.42,In Hand
98850,-0.8116,9.6774,2.7797,-1.9237,-2.6718,1.7710,41.24,In Hand
98900,-0.7685,9.6798,2.9425,-2.3053,-1.3130,1.3130,41.24,In Hand
98950,-0.6464,9.6869,2.6767,-3.5725,0.5954,0.8855,41.19,In Hand
99000,-0.8571,9.6582,2.7438,-4.2443,2.2443,0.7634,41.57,In Hand
99050,-0.8188,9.5912,2.8012,-4.4733,2.4733,0.4733,41.19,In Hand
99100,-0.7709,9.4834,2.8204,-3.3282,3.6031,-0.2443,41.38,In Hand
99150,-0.7614,9.7396,2.8874,-4.0458,4.9313,-0.3817,41.28,In Hand
99200,-0.8691,9.5505,2.9832,-4.1069,4.1679,-0.1069,41.05,In Hand
99250,-0.9553,9.7300,3.0478,-2.7939,3.4046,0.3817,41.19,In Hand
99300,-0.8930,9.7324,3.0837,-4.1527,3.0534,0.7023,41.19,In Hand
99350,-0.9744,9.6774,3.0095,-3.2061,1.7557,1.6489,41.38,In Hand
99400,-0.9074,9.7085,2.8754,-3.0992,0.1374,3.5267,41.38,In Hand
99450,-0.7661,9.4882,2.8108,-0.0763,0.3206,4.1985,41.38,In Hand
99500,-0.8140,9.6247,2.6887,-3.2977,2.2748,3.3740,41.09,In Hand
99550,-0.8212,9.3733,2.8132,-3.8931,3.8779,0.8702,41.38,In Hand
99600,-0.6105,9.6055,2.8778,-3.3130,6.2443,-0.9313,41.24,In Hand
99650,-0.6871,9.6774,2.8994,-5.4504,7.8168,-0.5038,41.38,In Hand
99700,-0.7877,9.6462,3.0430,-5.1145,7.2519,-0.4122,41.38,In Hand
99750,-0.8715,9.6223,3.0023,-4.8244,6.5344,0.3206,41.19,In Hand
99800,-0.8332,9.5050,3.0430,-4.8092,6.2901,-0.0916,41.24,In Hand
99850,-0.8739,9.5720,3.0358,-3.8626,5.9542,-0.1679,41.24,In Hand
99900,-1.0127,9.5265,3.0789,-2.6718,3.8779,0.3511,41.24,In Hand
99950,-0.8715,9.6678,3.1005,-2.5344,3.3893,-0.4122,41.24,In Hand
100000,-0.8667,9.6247,3.1149,-1.6183,2.1832,-0.5038,41.28,In Hand
100050,-1.3527,9.7612,2.9473,-2.6870,-0.0153,-0.5191,41.42,In Hand
100100,-1.3001,9.5337,2.9113,-1.1145,-1.9542,-1.9847,41.42,In Hand
100150,-1.1851,9.3805,2.6336,2.7939,-1.7252,-1.9542,41.38,In Hand
100200,-1.3503,9.3805,2.3822,7.4504,-2.0763,-0.1374,41.09,In Hand
100250,-0.8859,10.2280,1.8459,13.4198,2.1832,8.1221,41.38,In Hand
100300,-0.2370,10.2711,1.6161,7.2366,13.7710,9.8931,41.24,In Hand
100350,-0.4860,9.6678,1.7861,6.5344,26.9008,2.9008,41.38,In Hand
100400,-0.6033,9.5050,1.9872,7.7252,31.0992,3.1908,41.38,In Hand
100450,-0.2370,9.5026,2.5498,6.4427,33.5725,3.3740,41.38,In Hand
100500,0.1006,10.0916,2.8228,-1.0840,42.1374,0.4427,41.28,In Hand
100550,-1.0558,10.2544,2.8323,-12.8550,41.0229,-4.7481,41.38,In Hand
100600,-0.9649,9.6510,2.8611,-15.9695,31.4656,-2.0916,41.47,In Hand
100650,-0.5004,9.8162,2.6791,-13.2214,22.0916,3.7252,41.38,In Hand
100700,-0.5674,9.5553,2.7031,-12.9771,14.7023,5.2366,41.28,In Hand
100750,-0.6177,9.4188,2.7318,-12.0763,8.8702,1.6031,41.38,In Hand
100800,-0.6105,9.2823,2.7557,-11.5115,5.4198,-3.6947,41.24,In Hand
100850,-0.2705,9.7109,2.2218,-7.0840,4.0153,-4.6107,41.38,In Hand
100900,0.2107,10.2161,1.7478,-4.3206,5.8015,1.9084,41.19,In Hand
100950,0.1676,10.3813,1.8531,-6.1221,10.6718,7.6489,41.05,In Hand
101000,-0.7135,10.0892,2.5905,-7.6031,18.6260,2.9466,41.42,In Hand
101050,-1.5443,9.9024,2.8874,-12.4427,19.9847,-4.6870,41.19,In Hand
101100,-1.5586,9.0644,2.9281,-18.1679,13.7863,-8.2443,41.28,In Hand
101150,-1.2905,7.7428,3.5674,3.6947,13.9389,-7.2672,41.42,In Hand
101200,-1.4006,9.9982,3.6057,12.0305,9.1450,-10.9313,41.24,In Hand
101250,-1.9513,10.1993,3.2920,-6.5038,3.1450,-15.9847,41.42,In Hand
101300,-2.3511,9.1411,3.3591,-9.8779,-7.4962,-11.4198,41.38,In Hand
101350,-2.2218,9.1411,3.4237,2.4885,-19.3130,-2.2137,41.28,In Hand
101400,-2.6169,9.4332,3.5314,3.1756,-28.4122,-0.3511,41.09,In Hand
101450,-2.7007,8.9519,3.5530,0.7023,-37.3588,-4.6107,41.57,In Hand
101500,-2.0231,8.6119,3.5386,1.0840,-40.5344,-8.7939,41.47,In Hand
101550,-1.6975,8.3701,3.5698,1.1756,-36.0458,-16.8855,41.38,In Hand
101600,-2.5402,8.7077,3.6607,-2.1374,-32.3359,-30.9924,41.28,In Hand
101650,-3.3734,8.5305,3.9792,-0.0305,-28.2748,-44.3817,41.47,In Hand
101700,-2.9544,10.2208,3.8020,14.9771,-33.6794,-33.8473,41.42,In Hand
101750,-2.3822,10.8793,3.0909,2.2748,-41.3282,-13.6031,41.38,In Hand
101800,-2.0183,9.7564,2.9209,-5.0534,-40.9008,-0.1832,41.28,In Hand
101850,-2.1380,9.5624,2.8347,2.0611,-31.8626,3.6489,41.42,In Hand
101900,-2.6025,9.4355,2.4684,4.4885,-22.6718,0.1832,41.28,In Hand
101950,-1.4676,9.3470,2.2266,2.8244,-20.9466,-0.3053,41.38,In Hand
102000,-0.8499,8.9567,2.4565,4.5649,-13.8626,6.0000,41.38,In Hand
102050,-2.0494,9.1746,2.8491,8.3511,-7.4656,7.6336,41.24,In Hand
102100,-2.6217,9.9718,3.3303,3.7557,-2.9160,0.0458,41.28,In Hand
102150,-2.3415,9.8354,3.0694,-14.2901,2.9924,-6.8702,41.19,In Hand
102200,-2.1835,8.5736,2.8802,-9.6489,-0.8855,-7.3130,41.24,In Hand
102250,-1.3815,8.7340,2.7845,1.0076,-6.5344,-6.9313,41.28,In Hand
102300,-1.3791,9.3470,3.0550,7.0382,-1.4198,-8.5038,41.42,In Hand
102350,-2.3367,10.1801,3.2777,6.1069,2.5802,-5.3588,41.47,In Hand
102400,-2.5402,10.2544,3.1292,-3.2519,1.8779,1.1145,41.24,In Hand
102450,-2.1356,9.5313,2.6791,-10.6565,3.0229,4.5954,41.42,In Hand
102500,-1.5874,9.0621,2.6671,-7.9237,6.3206,4.4885,41.24,In Hand
102550,-1.7765,9.0022,3.0119,-4.6412,11.3588,4.0000,41.38,In Hand
102600,-2.1859,9.2847,3.2657,-5.6489,12.4885,1.2977,40.77,In Hand
102650,-2.6695,9.8593,3.6919,-13.0840,6.1679,-0.5191,41.42,In Hand
102700,-1.9680,9.6941,3.4836,-25.0229,-0.2901,1.1450,41.61,In Hand
102750,-2.2290,9.1770,3.8954,-27.9237,-0.1374,2.1832,41.19,In Hand
102800,-2.2098,8.3797,3.7350,-19.2061,-2.5802,1.3588,41.38,In Hand
102850,-1.9130,8.3246,3.8499,1.0534,-2.9618,-1.5725,41.19,In Hand
102900,-1.7382,9.3182,3.6320,3.8321,-1.9084,-2.7939,41.24,In Hand
102950,-1.7406,8.9304,3.4692,0.7481,0.7481,-5.5573,41.47,In Hand
103000,-1.7262,8.5569,3.4453,4.9466,6.1069,-10.5496,41.19,In Hand
103050,-2.3104,7.1227,2.8611,2.7176,14.7176,-35.5878,41.28,In Hand
103100,-2.6360,9.2656,2.9975,20.0305,27.4962,-46.5496,41.61,In Hand
103150,-3.0071,11.3222,3.4668,0.6107,21.6336,-27.2824,40.95,In Hand
103200,-3.4884,10.5536,3.9073,-13.5115,7.2061,-2.4885,41.28,In Hand
103250,-3.6488,9.6223,3.8762,-13.0687,-9.4198,11.6794,41.38,In Hand
103300,-3.7757,11.2432,4.2856,-9.5420,-31.1756,35.7557,41.19,In Hand
103350,-2.4708,8.4851,3.1436,-22.0611,-32.8855,33.3435,41.47,In Hand
103400,-1.6688,8.7939,2.0806,-27.6336,-19.0840,26.1374,41.24,In Hand
103450,-2.2649,8.4755,4.4963,-39.2214,-14.8550,25.5573,41.28,In Hand
103500,-1.6448,6.6415,5.5857,-18.0763,-12.9618,6.2290,41.24,In Hand
103550,-1.9130,6.8402,5.1739,22.8855,-21.0687,-3.2824,41.28,In Hand
103600,-2.1213,8.6072,3.9480,34.6565,-23.4962,-12.3206,41.57,In Hand
103650,-0.9481,8.7987,3.6416,13.0687,-19.7405,-23.2214,41.28,In Hand
103700,-2.8706,9.8282,4.3622,9.3588,-16.6412,-23.4809,41.42,In Hand
103750,-0.3998,8.8322,2.9568,12.3969,-17.7099,-18.9313,41.09,In Hand
103800,-2.5379,9.0070,4.2162,13.0229,-26.0458,-4.8397,41.28,In Hand
103850,-2.2889,10.3501,3.9145,19.7252,-23.3588,6.1527,41.42,In Hand
103900,-0.8021,10.1682,3.4333,-15.6947,-25.3282,10.6107,41.28,In Hand
103950,-1.9992,9.9431,2.2027,-40.7481,10.1679,15.8626,41.42,In Hand
104000,-0.3903,10.5225,3.3327,-36.0305,19.6183,19.0992,41.42,In Hand
104050,-0.6153,10.8816,2.8946,-61.2977,39.7099,33.6641,41.24,In Hand
104100,-0.6895,9.0836,3.6248,-56.0305,53.3740,31.7863,41.57,In Hand
104150,-2.1811,8.4084,4.3120,-33.0534,66.5802,31.9389,41.19,In Hand
104200,-2.1452,8.5066,4.8219,-18.7176,69.4198,8.8855,41.47,In Hand
104250,-3.7158,8.0206,5.2050,-5.0076,67.5267,1.0840,41.28,In Hand
104300,-3.4381,6.0214,4.5610,-1.1908,77.8168,-13.0534,41.42,In Hand
104350,-3.9241,10.0772,4.3862,-17.4198,52.9618,-15.7405,41.28,In Hand
104400,-2.9999,8.2097,4.1348,-58.2137,27.4351,10.3969,41.24,In Hand
104450,-3.6440,7.0006,5.1140,-87.9847,12.6565,18.5496,41.57,In Hand
104500,-3.8451,2.8443,6.9001,-27.2519,-17.6336,6.3969,41.47,In Hand
104550,-4.6591,5.0182,6.7636,103.8168,-33.0687,-26.2443,41.05,In Hand
104600,-0.6177,13.1298,5.2361,0.4580,-4.0763,-28.4886,41.38,In Hand
104650,-2.1691,6.7277,7.9368,-60.0153,26.4275,-29.3130,41.42,In Hand
104700,-1.7549,6.5769,6.7780,11.2061,22.9160,-36.7634,41.47,In Hand
104750,-3.5386,7.2137,5.3319,20.9160,11.4504,-26.0153,41.57,In Hand
104800,-4.3598,7.7644,5.7461,15.2977,1.4351,-25.6336,41.42,In Hand
104850,-3.9217,7.3119,6.1842,13.6947,-6.7328,-36.6718,41.19,In Hand
104900,-4.3120,7.3215,5.0733,12.0305,-9.7252,-36.7634,41.38,In Hand
104950,-4.6184,8.5449,5.1954,4.7023,-7.7557,-38.4885,41.38,In Hand
105000,-3.8283,8.2025,4.6687,-9.6031,-0.8702,-42.3817,41.38,In Hand
105050,-4.2210,8.3965,4.7549,-5.4504,12.2137,-23.0840,41.38,In Hand
105100,-5.2864,7.5202,5.1691,-5.2824,10.7023,-11.2672,41.09,In Hand
105150,-5.1763,8.0804,5.4181,1.1450,4.8702,0.1069,41.28,In Hand
105200,-4.9584,7.3813,5.4684,-4.4122,-0.1374,6.3511,41.28,In Hand
105250,-5.0925,6.6870,5.3822,3.3588,-2.7328,9.5267,41.42,In Hand
105300,-5.3127,7.4627,5.4061,-1.0840,-10.2595,3.4504,41.28,In Hand
105350,-4.3886,7.0126,5.0996,-1.7405,-14.6107,6.0611,41.28,In Hand
105400,-4.4197,7.4939,5.0302,-1.3282,-14.3511,7.4046,41.42,In Hand
105450,-4.9392,7.4651,5.3391,-5.9695,-12.0916,8.7481,41.19,In Hand
105500,-4.4748,7.6399,5.3056,-4.3511,-12.0611,9.3435,41.28,In Hand
105550,-4.0486,7.7524,5.0925,-11.4809,-9.0534,11.9847,41.38,In Hand
105600,-3.8930,7.3789,5.1212,-6.3359,-2.5191,12.7481,41.38,In Hand
105650,-3.9504,7.4364,5.1092,-11.3588,2.9313,9.8931,41.24,In Hand
105700,-3.8355,6.8283,5.2218,-6.8702,10.5038,5.3588,41.42,In Hand
105750,-4.2258,7.2903,5.3941,-5.1908,12.5802,-0.3817,41.24,In Hand
105800,-4.2641,7.2425,5.6719,-5.5725,9.1298,-2.5802,41.42,In Hand
105850,-4.3048,7.3167,5.7604,-1.0076,5.9847,-3.2519,41.38,In Hand
105900,-4.3622,7.5561,5.7269,-3.9695,0.3206,-3.0534,41.38,In Hand
105950,-4.3383,7.3717,5.6695,-1.4046,-4.5802,-3.4962,41.47,In Hand
106000,-4.2186,7.3574,5.4588,-2.9618,-6.6260,-4.6412,41.24,In Hand
106050,-4.1659,7.1491,5.4564,0.0000,-4.6718,-4.8550,41.38,In Hand
106100,-4.2282,7.5034,5.3870,-0.5191,-2.9771,-4.6412,41.57,In Hand
106150,-4.1659,7.2449,5.4851,0.5191,-1.6183,-4.4427,41.28,In Hand
106200,-4.2856,7.2281,5.4300,1.8626,0.1374,-4.8244,41.38,In Hand
106250,-4.4053,7.2592,5.5881,3.7405,-1.3130,-4.8855,41.57,In Hand
106300,-4.3215,7.5753,5.4875,1.8473,-2.7939,-5.0229,41.38,In Hand
106350,-4.3503,7.3430,5.6048,2.3664,-3.8931,-3.3588,41.24,In Hand
106400,-4.3598,7.4579,5.5905,1.2366,-3.8473,-1.6183,41.24,In Hand
106450,-4.3431,7.2664,5.4516,-0.4275,-4.2595,-1.8931,41.28,In Hand
106500,-4.2018,7.2760,5.5545,0.9618,-2.5191,-0.9618,41.38,In Hand
106550,-4.3694,7.3287,5.3989,0.0458,-2.3969,-2.1679,41.57,In Hand
106600,-4.4125,7.1635,5.4348,0.6565,-4.2137,-2.8397,41.38,In Hand
106650,-4.5490,7.2664,5.4588,3.2519,-4.7786,-4.4885,41.42,In Hand
106700,-4.5394,7.4101,5.4660,0.7786,-7.3130,-6.2748,41.42,In Hand
106750,-4.3048,7.4077,5.4731,-0.1832,-7.8473,-5.2977,41.38,In Hand
106800,-4.2880,7.5609,5.3510,-2.5344,-6.2443,-3.8321,41.38,In Hand
106850,-4.1779,7.3670,5.3463,-1.9695,-4.7786,-1.9542,41.38,In Hand
106900,-4.2784,7.4316,5.3774,-1.4198,-1.5725,-0.9160,41.38,In Hand
106950,-4.3838,7.2401,5.3439,-3.2824,-1.8015,-1.1298,41.05,In Hand
107000,-4.3790,7.2257,5.4420,-2.4122,-1.0229,-2.2748,41.42,In Hand
107050,-4.3335,7.3310,5.4636,-3.8321,-0.0305,-2.0763,41.42,In Hand
107100,-4.2473,7.4029,5.5617,-3.8168,0.9924,-1.2672,41.24,In Hand
107150,-4.2904,7.3574,5.4061,-4.4275,2.2137,0.9924,41.28,In Hand
107200,-4.3694,7.3334,5.5210,-4.6718,2.2748,1.2977,41.38,In Hand
107250,-4.3120,7.3885,5.6000,-5.4962,3.4351,1.9389,41.38,In Hand
107300,-4.3024,7.2760,5.5713,-6.1985,3.9389,2.9160,41.28,In Hand
107350,-4.4125,7.2640,5.5785,-5.5573,3.1450,2.6565,41.42,In Hand
107400,-4.3024,7.1060,5.5785,-4.2595,3.5267,1.8473,41.38,In Hand
107450,-4.3407,7.2951,5.6192,-3.8779,2.2748,1.5115,41.42,In Hand
107500,-4.3838,7.2209,5.6671,-3.5267,0.3969,1.1145,41.42,In Hand
107550,-4.2880,7.2544,5.4803,-2.3817,0.3817,0.8702,41.42,In Hand
107600,-4.2665,7.3143,5.5905,-3.0534,1.4351,1.0534,41.42,In Hand
107650,-4.3910,7.2856,5.6455,-3.4351,1.8015,0.7634,41.19,In Hand
107700,-4.2784,7.2329,5.5545,-3.6183,1.9084,0.6718,41.57,In Hand
107750,-4.2306,7.2353,5.6144,-3.0992,2.8550,0.6412,41.38,In Hand
107800,-4.3263,7.2042,5.6599,-3.7405,2.7176,0.7328,41.38,In Hand
107850,-4.3479,7.1754,5.6695,-1.9084,1.7863,-0.2137,41.47,In Hand
107900,-4.3551,7.2042,5.6383,-0.4733,0.7481,-0.9618,41.24,In Hand
107950,-4.4652,7.1850,5.6024,-0.4275,-0.7023,-1.9542,41.28,In Hand
108000,-4.4700,7.2832,5.4684,0.8092,-1.7710,-2.8244,41.28,In Hand
108050,-4.2521,7.2832,5.4229,1.2519,-1.0076,-2.4733,41.42,In Hand
108100,-4.1899,7.3239,5.5833,-0.1374,1.7099,-2.0916,41.28,In Hand
108150,-4.1875,7.1611,5.5474,-1.8626,3.8626,-0.6412,41.38,In Hand
108200,-3.9025,7.0342,5.6336,-1.5573,7.3740,0.2748,41.28,In Hand
108250,-4.0079,6.7732,5.6719,-2.2443,12.2290,-0.7481,41.38,In Hand
108300,-4.6424,6.3710,5.5282,3.9695,8.2137,-6.2137,41.57,In Hand
108350,-5.1882,6.4596,5.7844,14.1221,-1.2214,-13.9084,41.42,In Hand
108400,-5.3103,7.0557,6.0071,18.4427,-11.4198,-22.6107,41.42,In Hand
108450,-4.9560,7.3670,6.1507,14.8702,-21.4351,-25.3740,41.19,In Hand
108500,-4.5849,7.1611,5.8730,10.6412,-26.3817,-22.5496,41.42,In Hand
108550,-4.9943,6.9815,5.3606,13.2977,-30.4733,-20.3817,41.47,In Hand
108600,-4.8722,7.0150,5.2816,17.4504,-32.0305,-20.0458,41.19,In Hand
108650,-5.1236,7.0485,5.1044,10.8550,-27.7863,-20.5802,41.28,In Hand
108700,-5.5450,7.3334,5.0302,7.8626,-23.0992,-18.9466,41.19,In Hand
108750,-5.2289,7.3071,4.8339,8.0458,-20.2290,-14.5344,41.61,In Hand
108800,-5.2337,7.6878,5.1595,10.9924,-14.8702,-7.4962,41.57,In Hand
108850,-4.7573,7.8362,5.1260,6.7176,-11.9084,3.2061,41.38,In Hand
108900,-4.6424,7.1347,5.2648,3.7099,-6.3053,13.3588,41.57,In Hand
108950,-5.0254,6.8594,5.4205,2.5344,-0.2748,16.8550,41.38,In Hand
109000,-5.3032,6.7038,5.5282,-2.2290,2.6870,14.6718,41.38,In Hand
109050,-5.2289,6.3853,5.5689,-3.0382,3.6336,9.1450,41.38,In Hand
109100,-5.2577,6.8019,5.8083,2.3206,0.2137,5.8168,41.28,In Hand
109150,-5.4372,7.8362,5.7557,-2.5802,-5.9084,3.9695,41.28,In Hand
109200,-4.0031,7.5178,5.0733,-2.0916,-16.8244,5.7252,41.42,In Hand
109250,-2.8730,7.5274,4.9895,1.8321,-11.5878,13.4656,41.38,In Hand
109300,-3.7517,6.9767,4.8267,2.2137,-4.9771,17.2519,41.57,In Hand
109350,-4.5993,7.1539,5.1499,1.9389,-4.1221,12.8397,41.42,In Hand
109400,-4.1851,7.9176,5.2481,-6.8550,4.5038,5.4046,41.28,In Hand
109450,-4.1348,8.2768,4.9536,-10.1221,13.2824,3.8626,41.57,In Hand
109500,-3.5578,8.5138,4.7262,-1.2824,12.7328,10.6412,41.61,In Hand
109550,-3.3208,8.1092,4.8602,2.2443,14.6870,18.9160,41.24,In Hand
109600,-3.9145,7.7261,5.0566,0.7023,14.7328,22.5496,41.09,In Hand
109650,-4.1468,7.8027,4.8937,-6.1527,16.0000,20.7481,41.19,In Hand
109700,-3.9217,7.9511,4.5562,-9.5725,21.5420,14.8702,41.38,In Hand
109750,-3.0167,8.4443,4.1611,-8.7634,25.4046,16.9313,41.61,In Hand
109800,-2.9784,8.3366,4.3311,-7.8473,32.0458,21.7405,41.38,In Hand
109850,-3.6296,8.2169,4.5825,-7.9084,36.0611,24.1832,41.38,In Hand
109900,-3.6679,8.5760,4.7884,-16.9618,40.5038,21.6183,41.38,In Hand
109950,-3.2585,8.5688,4.7357,-23.6336,44.0763,19.5267,41.47,In Hand
110000,-2.9856,8.4683,4.6711,-22.1374,46.1679,22.3359,41.24,In Hand
110050,-3.0047,8.4731,4.8004,-21.1603,46.6870,24.0458,41.24,In Hand
110100,-3.1149,8.2552,5.2170,-22.7634,48.1985,24.6565,41.42,In Hand
110150,-3.0742,8.2097,5.2289,-25.6183,47.9847,22.7328,41.42,In Hand
110200,-2.9688,7.7596,5.2241,-26.5344,43.7405,22.4733,41.38,In Hand
110250,-3.1963,7.5298,5.5091,-21.8321,38.3206,19.6641,41.57,In Hand
110300,-3.5099,7.4795,5.5258,-22.3053,31.1908,12.8702,41.47,In Hand
110350,-3.7086,7.4915,5.7940,-18.8397,24.0611,4.4427,41.47,In Hand
110400,-4.0055,7.7524,5.8682,-13.6794,16.8092,-2.3206,41.42,In Hand
110450,-4.2377,7.8889,5.7604,-8.2901,3.4504,-6.0611,41.24,In Hand
110500,-4.0151,7.7620,5.2505,-3.9084,-14.2748,-6.7023,41.38,In Hand
110550,-3.4860,7.6136,5.0494,2.5038,-22.0305,-7.2824,41.47,In Hand
110600,-3.2298,8.0709,5.3079,0.3053,-15.4198,-8.5954,41.24,In Hand
110650,-3.5578,8.0278,5.1691,-6.8702,-7.4046,-8.6260,41.57,In Hand
110700,-3.6919,7.8338,5.0877,-6.8244,-5.2366,-8.5802,41.47,In Hand
110750,-3.4931,7.7668,5.1140,-3.7710,-3.3130,-7.6031,41.42,In Hand
110800,-3.6105,7.6806,5.3199,-3.0382,0.3969,-8.1069,41.42,In Hand
110850,-4.1204,7.4962,5.4253,-1.0840,-2.9466,-7.5878,41.38,In Hand
110900,-4.4173,7.5729,5.5785,2.3969,-10.5496,-8.8397,41.28,In Hand
110950,-4.0438,7.9272,5.5665,1.3282,-19.5114,-10.7634,41.42,In Hand
111000,-3.5410,7.5561,5.3582,2.9313,-21.2672,-8.1374,41.28,In Hand
111050,-3.6703,7.6112,5.3127,10.5954,-17.2977,-8.1221,41.57,In Hand
111100,-3.8666,7.8721,5.5258,9.5573,-13.9237,-8.2290,41.38,In Hand
111150,-3.9552,7.5968,5.4468,8.0305,-12.3664,-10.0763,41.28,In Hand
111200,-3.9624,7.6734,5.2864,10.0000,-13.1603,-11.0534,41.61,In Hand
111250,-3.9409,7.7883,5.3319,9.3740,-14.7328,-10.5344,41.28,In Hand
111300,-3.8499,7.7309,5.2122,9.7557,-16.0611,-8.9466,41.38,In Hand
111350,-3.8379,7.8338,5.1380,10.3206,-16.1679,-7.3893,41.38,In Hand
111400,-3.7781,7.9990,5.1906,7.9695,-13.9084,-7.0229,41.42,In Hand
111450,-3.7828,8.0182,5.1930,5.0534,-12.1832,-5.6489,41.61,In Hand
111500,-3.8858,7.9224,5.1739,3.6489,-10.6107,-3.8473,41.28,In Hand
111550,-3.7086,7.8865,5.1020,1.3740,-9.2977,-2.7634,41.28,In Hand
111600,-3.6703,7.8386,5.1068,-0.1527,-6.4275,-1.4046,41.61,In Hand
111650,-3.7565,7.9057,5.1068,-2.8550,-4.5344,-0.6107,41.42,In Hand
111700,-3.7014,7.8769,5.1188,-4.2290,-1.4809,-0.2137,41.28,In Hand
111750,-3.7158,8.0469,5.1858,-6.2901,2.4122,1.2519,41.42,In Hand
111800,-3.6344,8.0110,5.2194,-6.7939,4.9618,3.0992,41.24,In Hand
111850,-3.7038,7.8266,5.2218,-7.7099,6.6565,4.9618,41.38,In Hand
111900,-3.8020,7.8434,5.3079,-7.8931,7.6336,5.2061,41.42,In Hand
111950,-3.7397,7.6303,5.2744,-8.5038,7.1298,5.1908,41.42,In Hand
112000,-3.7685,7.6638,5.3630,-7.5267,7.4962,3.8473,41.38,In Hand
112050,-3.6655,7.7141,5.3582,-7.2519,8.3664,2.8550,41.57,In Hand
112100,-3.6871,7.7692,5.4755,-7.6947,9.3130,3.2366,41.42,In Hand
112150,-3.7876,7.7955,5.4851,-6.9466,8.9313,3.1450,41.24,In Hand
112200,-3.7373,7.6519,5.4803,-5.3588,7.7099,3.6947,41.28,In Hand
112250,-3.8523,7.5082,5.4923,-3.5573,5.6641,2.4733,41.09,In Hand
112300,-3.8499,7.4723,5.5162,-1.4351,2.3206,1.0687,41.75,In Hand
112350,-3.9097,7.6591,5.5138,-1.9695,-0.6260,-1.1603,41.42,In Hand
112400,-3.8235,7.7237,5.3846,-2.7176,-3.2214,-1.3893,41.42,In Hand
112450,-3.7086,7.7644,5.2648,-2.8855,-1.9847,-0.3511,41.42,In Hand
112500,-3.6464,7.8410,5.2218,-2.1221,0.3969,0.0000,41.61,In Hand
112550,-3.6799,7.8314,5.3534,-3.3588,3.6031,1.2061,41.24,In Hand
112600,-3.7302,7.7883,5.3774,-5.0840,4.7786,1.4504,41.42,In Hand
112650,-3.7350,7.6183,5.2960,-5.7557,4.5496,1.1145,41.42,In Hand
112700,-3.7661,7.6471,5.3534,-3.6336,5.2366,0.1527,41.42,In Hand
112750,-3.7757,7.6878,5.4540,-4.6107,5.0840,-0.2595,41.38,In Hand
112800,-3.8020,7.6423,5.4133,-2.8702,5.1908,-0.2290,41.61,In Hand
112850,-3.7972,7.9368,5.5761,-3.1756,5.2824,-0.7481,41.28,In Hand
112900,-3.8858,7.7500,5.4253,-3.9084,3.0992,0.2137,41.57,In Hand
112950,-3.8020,7.6734,5.3558,-1.7863,2.0458,0.5954,41.38,In Hand
113000,-3.9337,7.6734,5.4468,-1.2824,1.9542,0.5191,41.57,In Hand
113050,-3.9121,7.6926,5.2792,-1.2977,0.1985,-0.3206,41.28,In Hand
113100,-3.7972,7.7596,5.3798,-1.2977,0.3969,-0.2748,41.47,In Hand
113150,-3.7350,7.8003,5.2577,-1.6641,0.9008,0.3206,41.47,In Hand
113200,-3.7996,7.7548,5.3199,-1.9389,1.6031,1.1908,41.28,In Hand
113250,-3.8355,7.7620,5.2768,-2.2137,1.9084,1.8168,41.24,In Hand
113300,-3.8379,7.6255,5.3175,-1.6641,2.7634,1.0229,41.42,In Hand
113350,-3.8786,7.7596,5.3008,-2.7786,2.3817,0.7939,41.42,In Hand
113400,-3.7948,7.7788,5.2529,-3.1450,1.9847,0.2901,41.42,In Hand
113450,-3.8164,7.6686,5.2505,-1.3435,1.8473,0.6565,41.09,In Hand
113500,-3.8786,7.7931,5.3702,-1.2672,1.4962,0.7481,41.28,In Hand
113550,-3.8403,7.7213,5.3199,-1.9695,0.3206,0.6565,41.57,In Hand
113600,-3.8547,7.7285,5.2840,-1.4046,-0.2443,-0.2443,41.61,In Hand
113650,-3.7469,7.7572,5.2002,-2.0611,0.1069,-0.3511,41.61,In Hand
113700,-3.7421,7.7764,5.2409,-1.6947,1.2519,-0.2443,41.57,In Hand
113750,-3.8259,7.8219,5.2241,-2.2748,1.9237,0.4427,41.71,In Hand
113800,-3.8164,7.7883,5.2816,-2.9008,2.6107,0.2595,41.42,In Hand
113850,-3.8930,7.7979,5.3271,-2.9466,1.8931,-0.0916,41.71,In Hand
113900,-3.8571,7.6543,5.2241,-2.7939,0.9466,-0.3206,41.57,In Hand
113950,-3.8978,7.7548,5.2768,-1.4198,-0.1985,-0.6565,41.47,In Hand
114000,-3.8499,7.8362,5.2648,-1.9847,-0.4733,-0.2137,41.57,In Hand
114050,-3.8307,7.8195,5.2194,-1.9847,-0.4275,-0.2137,41.42,In Hand
114100,-3.8427,7.7189,5.2098,-1.1450,0.3511,-0.0153,41.38,In Hand
114150,-3.7781,7.7740,5.2672,-1.8779,0.9160,-0.1374,41.47,In Hand
114200,-3.8786,7.7357,5.3103,-2.1679,1.2977,0.0305,41.42,In Hand
114250,-3.8403,7.7524,5.1404,-1.7557,0.5038,-0.2137,41.61,In Hand
114300,-3.7828,7.7381,5.3367,-1.5573,0.9924,-0.4122,41.38,In Hand
114350,-3.9025,7.8266,5.2960,-2.6412,0.2290,-0.3511,41.57,In Hand
114400,-3.7900,7.7644,5.1763,-2.1679,-0.1221,-0.2137,41.47,In Hand
114450,-3.8307,7.8506,5.1930,-2.6107,0.8855,0.8092,41.47,In Hand
114500,-3.8068,7.7596,5.1188,-2.5191,2.3511,0.5191,41.42,In Hand
114550,-3.8666,7.7788,5.2816,-2.9618,2.8702,0.5496,41.38,In Hand
114600,-3.9552,7.7261,5.2385,-2.0000,2.2748,1.0382,41.75,In Hand
114650,-3.8307,7.8386,5.1739,-1.3130,2.3969,0.2595,41.38,In Hand
114700,-3.9073,7.8554,5.2265,-3.5267,1.2214,0.2290,41.75,In Hand
114750,-3.8188,7.7261,5.2720,-2.4275,1.1603,0.2137,41.24,In Hand
114800,-3.8786,7.7261,5.2337,-2.0916,1.2366,0.1374,41.28,In Hand
114850,-3.8499,7.9440,5.2744,-1.7252,1.5115,0.0611,41.57,In Hand
114900,-3.9002,8.2145,5.2385,-3.9389,0.7939,3.4046,41.38,In Hand
114950,-3.9169,7.9224,5.0350,-7.1603,1.8321,5.1603,41.57,In Hand
115000,-3.8355,7.6686,4.8147,-8.8092,3.1756,4.5954,41.75,In Hand
115050,-3.5410,7.4962,4.6783,-3.6336,7.4198,2.9924,41.42,In Hand
115100,-3.5554,7.6447,4.9919,2.4122,10.9771,2.6565,41.61,In Hand
115150,-3.8523,7.7572,5.3223,9.6489,7.1298,2.8855,41.24,In Hand
115200,-4.0462,7.9535,5.8347,12.0763,0.4733,3.6641,41.42,In Hand
115250,-4.1180,8.1092,5.8778,5.7099,-6.6565,2.2595,41.42,In Hand
115300,-4.0031,7.8506,5.4085,-5.5725,-11.9389,-0.3053,41.28,In Hand
115350,-3.7589,7.7835,4.8243,-10.2595,-10.2748,-3.9695,41.57,In Hand
115400,-3.4955,7.9320,4.5562,-9.9847,-4.2290,-4.7481,41.28,In Hand
115450,-3.4141,8.0325,4.5633,-5.8931,2.5496,-2.6260,41.42,In Hand
115500,-3.5075,8.2648,4.9153,-4.5954,7.7405,1.1603,41.57,In Hand
115550,-3.7086,7.9487,4.8890,-9.5115,10.0611,2.5191,41.75,In Hand
115600,-3.6703,7.7309,4.9704,-4.0000,11.8473,3.5878,41.80,In Hand
115650,-3.6152,7.8147,5.0302,1.0229,12.1679,4.3664,41.38,In Hand
115700,-3.7086,7.4747,5.1834,10.1985,8.2901,5.4656,41.42,In Hand
115750,-4.1779,7.3694,5.2720,17.7405,-2.5954,2.3206,41.38,In Hand
115800,-4.4341,7.5848,5.4684,21.8931,-15.4656,-1.5267,41.57,In Hand
115850,-4.2449,8.3151,5.4660,15.6031,-26.9771,-4.9466,41.24,In Hand
115900,-3.4046,8.5808,5.1906,0.6565,-27.9389,-6.6870,41.28,In Hand
115950,-3.2968,8.4467,4.8746,-5.0534,-17.5878,-5.9695,41.24,In Hand
116000,-3.4524,8.3773,4.4412,-5.7710,-10.1679,-3.4809,41.57,In Hand
116050,-3.3088,8.1283,4.2377,-4.6260,-1.3588,-2.3817,41.47,In Hand
116100,-3.3806,8.1523,4.5179,-1.4962,7.4351,-2.0611,41.38,In Hand
116150,-3.8618,8.3941,4.8842,-3.8626,12.1374,2.1985,41.57,In Hand
116200,-3.7876,8.4060,5.2122,-4.7176,18.5496,7.2824,41.47,In Hand
116250,-4.1827,8.8035,4.4245,-28.9771,17.0382,3.8473,41.28,In Hand
116300,-4.1683,7.7069,4.1372,-31.1298,11.8168,3.4962,41.42,In Hand
116350,-3.7469,8.4084,3.8882,-18.5344,15.8931,4.8244,41.47,In Hand
116400,-3.0837,8.7005,4.0079,-18.2901,26.8244,11.4504,41.61,In Hand
116450,-3.1939,8.4204,4.1132,-16.3664,40.9618,21.9847,41.38,In Hand
116500,-3.7493,8.2073,4.6807,-12.8855,52.6107,28.0153,41.42,In Hand
116550,-3.9073,8.1523,4.8746,-20.1069,54.5802,28.9008,41.61,In Hand
116600,-3.5985,7.7979,5.0087,-27.0382,55.2977,30.8702,41.61,In Hand
116650,-3.7086,7.7620,4.8028,-25.0229,56.6260,31.2977,41.38,In Hand
116700,-3.7685,8.6167,5.1164,-25.8473,55.7557,30.7634,41.42,In Hand
116750,-3.5841,8.4874,5.0949,-26.5496,56.0458,33.9389,41.42,In Hand
116800,-3.6296,8.3199,4.9847,-24.1985,51.0840,35.4656,41.61,In Hand
116850,-3.3136,7.7788,4.9081,-19.6183,46.3969,35.2366,41.47,In Hand
116900,-3.5913,7.8219,5.0254,-14.3206,41.4198,30.7939,41.61,In Hand
116950,-3.4548,8.3845,5.0039,-17.1908,32.6870,30.1221,41.28,In Hand
117000,-2.9808,8.5377,4.7381,-14.6260,27.7863,31.2214,41.28,In Hand
117050,-2.7821,8.8897,3.8618,-18.6870,31.1145,34.5344,41.47,In Hand
117100,-2.4349,8.4108,4.6448,-16.2443,40.0000,39.0687,41.47,In Hand
117150,-2.0111,8.0804,4.5753,-25.7405,45.7863,35.2061,41.57,In Hand
117200,-2.0566,7.7883,4.7621,-27.4809,52.9924,28.9466,41.28,In Hand
117250,-1.8531,7.2616,5.4324,-37.2366,59.8931,15.6031,41.42,In Hand
117300,-1.3503,7.1227,5.8706,-23.1450,62.0611,11.6947,41.57,In Hand
117350,-2.6767,7.2592,7.0270,-24.3359,56.7176,6.9618,41.42,In Hand
117400,-3.6847,9.1243,8.2313,-9.2061,30.2595,-2.3359,41.61,In Hand
117450,-2.5642,11.5472,11.0947,-88.4427,-35.8321,14.8550,41.47,In Hand
117500,1.2378,2.9999,10.7955,-70.9771,-55.8626,7.5420,41.47,In Hand
117550,-1.9249,7.1635,9.4715,-20.0305,-66.9924,24.9466,41.71,In Hand
117600,-4.4987,4.5131,8.5617,-50.7023,-57.0992,-4.7023,41.38,In Hand
117650,-5.8371,3.2274,8.2600,-38.1527,-45.8473,-6.1221,41.42,In Hand
117700,-6.4524,6.9983,7.2616,-19.6183,-44.8855,-46.0153,41.28,In Hand
117750,-4.2377,5.5593,8.4539,-64.2901,-43.8931,-54.0000,41.47,In Hand
117800,-0.0718,6.5003,10.2424,-94.3053,-31.0840,-24.0611,41.47,In Hand
117850,0.1030,6.4332,11.8561,-85.1450,17.4198,-2.0611,41.42,In Hand
117900,1.1205,5.6120,11.6023,-61.8015,38.6565,-6.3969,41.28,In Hand
117950,1.6305,8.5545,7.8721,-11.5267,107.1756,-17.8015,41.28,In Hand
118000,2.5666,6.6870,5.3750,2.9618,181.6794,25.8015,41.28,In Hand
118050,-1.1947,8.2720,1.4174,31.5725,253.5725,80.2901,41.42,In Hand
118100,-2.9688,9.5912,-0.2107,13.2366,220.5802,92.0153,41.61,In Hand
118150,-6.4524,7.0102,1.8890,11.6641,156.8702,55.9389,41.61,In Hand
118200,-7.6040,11.1259,2.5594,-30.9618,111.6947,51.5725,41.57,In Hand
118250,-8.0517,9.0261,4.8100,-56.1374,74.3206,41.1756,41.28,In Hand
118300,-6.5146,10.0245,4.9225,-106.1221,77.0840,8.1832,41.38,In Hand
118350,-7.9918,4.8818,5.3032,-135.4046,121.0229,-18.7481,41.28,In Hand
118400,-7.6878,3.2609,4.7381,-61.1145,97.8779,-36.2901,41.75,In Hand
118450,-7.9583,0.7111,4.9967,-83.0229,77.8626,-8.3664,41.75,In Hand
118500,-8.7245,-2.0351,5.5354,-21.1603,37.4046,-34.2137,41.71,In Hand
118550,-10.1634,-1.8340,5.1595,-12.4275,30.9771,-64.5649,41.57,In Hand
118600,-13.6134,-1.6592,6.2465,35.6641,4.3817,-84.6412,41.38,In Hand
118650,-14.7579,5.0542,5.4324,29.4198,-37.1603,-13.1450,41.24,In Hand
118700,-11.4778,7.5800,2.2003,-6.9008,-61.1450,65.7252,41.57,In Hand
118750,-6.8714,6.5218,1.5467,16.2443,-81.7557,82.7176,41.42,In Hand
118800,-2.0614,4.8650,-2.8060,44.9771,-53.8626,63.1450,41.38,In Hand
118850,-2.6887,8.9878,-0.7087,55.0534,-25.8473,55.1145,41.38,In Hand
118900,-1.7502,7.1682,0.6081,-12.5496,-9.6947,67.6031,41.42,In Hand
118950,0.2083,8.3222,0.9960,-14.5802,0.4733,47.1145,41.61,In Hand
119000,-3.3686,10.1490,3.7709,-56.5191,59.2824,45.3740,41.38,In Hand
119050,-5.7030,9.7971,7.1994,-66.3969,86.3053,88.5954,41.42,In Hand
119100,-7.5154,8.4707,6.7516,-33.7405,76.0763,80.1069,41.24,In Hand
119150,-7.8362,7.1204,6.4835,-67.0687,122.5954,79.6489,41.38,In Hand
119200,-7.7021,4.8794,3.9768,-56.0305,122.6412,51.0992,41.09,In Hand
119250,-8.8418,0.4812,4.0318,-67.3435,106.1527,-39.9695,41.38,In Hand
119300,-11.3054,-1.9609,4.2952,-39.5725,59.6336,-116.9466,41.75,In Hand
119350,-15.3971,1.2019,3.6320,19.6031,-7.1603,-149.5267,41.42,In Hand
119400,-18.7155,3.6344,2.6647,55.9389,-34.0458,-85.7252,41.42,In Hand
119450,-14.8129,8.6503,0.8045,109.4962,-84.3511,-13.0534,41.38,In Hand
119500,-7.1898,12.6222,0.0575,41.6947,-103.9542,28.0458,41.47,In Hand
119550,-2.4948,4.3646,1.9249,33.3435,-106.3053,24.8397,41.42,In Hand
119600,3.6464,7.5824,-0.7877,66.9618,-49.0992,9.0687,41.42,In Hand
119650,4.2210,7.1132,-0.0527,5.5573,18.3206,4.4427,41.38,In Hand
119700,3.4955,7.4124,0.4956,-12.9313,41.0229,12.3969,41.57,In Hand
119750,0.7230,11.3437,-0.3400,-54.2137,93.0992,57.0534,41.57,In Hand
119800,-7.8721,9.4978,3.0430,12.0916,135.0687,130.5191,41.38,In Hand
119850,-5.6743,17.7817,3.2609,1.2519,76.3511,134.0305,41.57,In Hand
119900,-10.3908,13.4985,3.4453,-80.1374,80.0611,121.1603,41.47,In Hand
119950,-9.9671,8.3031,3.2753,-10.3206,58.3359,61.4504,41.42,In Hand
