time_ms,acc_x,acc_y,acc_z,gyro_x,gyro_y,gyro_z,temp_c,label
50,1.8004,9.1435,2.2673,6.1221,11.1298,-13.9847,42.22,On Head
100,0.7757,10.0892,2.1428,5.0992,20.0153,-21.0534,42.32,On Head
150,0.1006,10.6111,2.1261,-6.1374,20.3817,-12.4885,42.22,On Head
200,-0.1341,10.1538,2.5905,-14.0763,20.3359,-3.3435,42.27,On Head
250,0.1676,9.6750,2.9640,-15.1603,21.5725,2.5802,42.41,On Head
300,-0.1389,9.3996,3.4836,-8.2443,17.3740,1.2519,42.32,On Head
350,-0.2155,9.4954,3.3327,-2.1069,11.3130,0.6718,41.99,On Head
400,-1.0223,9.1913,3.9696,5.6183,-1.1756,-1.3282,41.94,On Head
450,-2.0087,10.6662,3.6416,3.1603,-46.1679,10.9160,42.27,On Head
500,-0.8164,9.8976,3.2154,-7.6031,-77.7405,2.1985,42.41,On Head
550,-0.2394,9.9216,2.8539,-7.8321,-95.6947,11.2061,42.32,On Head
600,0.4477,9.6845,2.6193,-6.9466,-107.2672,19.3435,42.51,On Head
650,2.0853,9.1650,2.2889,-2.2595,-94.2901,17.0229,42.41,On Head
700,2.8683,9.0932,1.9010,7.7405,-67.0229,12.3969,42.27,On Head
750,2.4157,9.7061,1.7142,11.5420,-41.0840,12.0000,42.27,On Head
800,2.4181,9.7205,1.6017,9.2977,-26.2290,9.8321,41.80,On Head
850,2.2960,9.9982,1.4844,4.8092,-13.6641,12.6260,41.80,On Head
900,2.3008,9.5768,1.6137,2.1985,-7.5725,13.8931,42.41,On Head
950,2.4804,9.5960,1.3958,5.8015,-4.4733,10.0916,42.32,On Head
1000,2.7629,9.9120,1.1301,4.5344,10.4427,12.6260,41.99,On Head
1050,2.4469,9.8330,1.1684,4.6565,17.3130,16.7023,42.32,On Head
1100,2.5379,9.8186,0.9194,5.1908,17.0382,17.4198,42.22,On Head
1150,2.9401,9.9982,0.6943,-1.2214,16.9466,20.0000,42.41,On Head
1200,3.4500,9.5313,0.8763,-7.6947,22.0000,17.5114,42.22,On Head
1250,3.2729,9.2680,1.2067,-7.4656,28.1679,13.3130,42.41,On Head
1300,3.2394,9.5337,1.4868,-11.7557,26.3969,6.7939,42.27,On Head
1350,3.0023,9.3518,1.6352,-12.9160,27.4962,9.0687,42.51,On Head
1400,3.3591,8.9950,2.0830,-15.8626,29.0687,2.1374,42.27,On Head
1450,2.9784,9.0908,2.5857,-19.1450,29.3588,-7.4656,42.32,On Head
1500,2.4229,8.9423,3.2920,-17.9389,20.7634,-5.0840,42.60,On Head
1550,2.8587,8.8394,3.1364,-11.8321,15.8473,-8.2137,42.51,On Head
1600,3.2513,9.6654,3.0765,-11.2977,20.8702,-6.5038,42.60,On Head
1650,2.6863,8.9998,3.4716,-16.7481,19.0687,-15.4351,42.51,On Head
1700,2.3296,9.3015,3.4117,-22.5191,10.2137,-30.3359,42.22,On Head
1750,1.9321,9.1075,3.6009,-26.3664,8.6870,-39.3740,42.22,On Head
1800,1.6209,8.8801,3.8618,-26.8092,13.6031,-44.4427,42.13,On Head
1850,1.4940,8.8274,3.9983,-25.6031,23.0229,-51.0229,42.32,On Head
1900,0.5267,9.0525,4.5849,-23.4046,30.1985,-56.1832,42.41,On Head
1950,-0.0287,8.9256,4.8291,-16.1069,35.5267,-34.8092,42.46,On Head
2000,-0.4525,8.4443,5.3893,-5.0687,26.0305,-41.9389,42.22,On Head
2050,-0.9697,7.5896,5.3678,10.3664,27.5878,-53.4198,42.27,On Head
2100,-1.8699,8.6455,4.6424,26.5191,21.5725,-65.4046,42.32,On Head
2150,-2.5809,9.2656,4.0127,26.2290,20.0916,-56.4275,42.41,On Head
2200,-3.5075,9.4786,3.6320,20.2137,10.6260,-54.4733,42.41,On Head
2250,-3.8690,9.9695,3.2968,7.3130,6.8397,-31.9389,42.08,On Head
2300,-4.0989,9.7755,3.3519,-4.5802,-0.0153,-14.7023,42.27,On Head
2350,-3.5650,9.1387,3.6033,-11.8168,-0.6412,-7.4656,42.08,On Head
2400,-3.4237,9.0764,3.8930,-14.7939,-2.8092,-3.0076,42.46,On Head
2450,-3.2513,8.6598,4.2066,-15.2519,-3.9695,1.2824,42.27,On Head
2500,-2.9904,8.5545,4.2545,-10.7176,-6.4580,-0.2901,42.22,On Head
2550,-3.2729,8.2624,4.2162,-0.2137,-10.5649,-2.7939,42.32,On Head
2600,-3.1125,9.7468,3.3040,-5.7557,-9.3740,0.9924,42.41,On Head
2650,-4.1061,9.4427,4.4317,-24.6260,-4.3969,11.0534,42.32,On Head
2700,-3.7182,8.7795,4.8961,-21.1145,-14.3511,27.6183,42.27,On Head
2750,-2.9473,8.7053,5.1523,-19.0687,-17.9389,39.1908,42.27,On Head
2800,-2.5187,8.4731,5.5306,-12.6260,-16.6718,31.9389,42.32,On Head
2850,-2.3918,8.7652,5.5498,-6.9160,-16.9924,28.9618,42.27,On Head
2900,-2.3798,8.8226,5.5569,1.5878,-16.5649,33.0229,42.46,On Head
2950,-1.5323,8.8753,5.0326,6.1374,-15.4351,36.5344,42.22,On Head
3000,-0.8715,8.2217,4.4628,13.9695,-12.3359,35.8321,42.32,On Head
3050,0.0766,9.0477,3.3950,14.9313,-4.3053,28.6565,42.22,On Head
3100,-0.0982,9.6534,3.6703,0.8244,8.1985,21.5267,42.27,On Head
3150,-0.3400,9.4332,4.0462,-6.5954,6.5802,21.3282,42.46,On Head
3200,0.7518,9.1866,3.8283,-11.8626,3.2824,12.8244,42.41,On Head
3250,0.4166,9.1171,4.1420,-19.8321,1.6031,12.7939,42.32,On Head
3300,0.6991,8.7628,4.5346,-21.7863,9.5878,-2.8092,42.41,On Head
3350,-0.4860,8.8490,4.8387,-9.3588,3.4504,11.3588,42.41,On Head
3400,0.2466,9.0118,4.7621,-8.8855,6.8244,10.0458,41.99,On Head
3450,-0.9002,9.2105,5.0206,2.2595,1.4198,28.7328,41.99,On Head
3500,0.5148,9.6774,4.2018,0.5344,-3.7405,40.5191,42.32,On Head
3550,1.2617,9.2943,4.1013,-5.4198,3.3130,39.1603,42.22,On Head
3600,1.5395,9.0166,4.4245,-11.6336,9.6031,38.9160,42.32,On Head
3650,1.9034,8.7293,4.7836,-12.7634,9.1756,34.4733,42.22,On Head
3700,2.3439,8.0134,5.2625,-9.0382,10.7786,32.0153,42.46,On Head
3750,2.6025,8.3270,4.9919,-3.9847,17.5573,31.7099,42.22,On Head
3800,3.9744,9.1842,3.5410,-13.1603,40.3664,16.7634,42.22,On Head
3850,1.6448,8.0469,5.5474,-15.4809,63.5267,22.0763,42.41,On Head
3900,1.9704,8.1930,5.9424,-9.0229,47.8931,21.5420,42.46,On Head
3950,1.4748,8.5928,5.8323,-5.2214,42.6565,14.7634,41.99,On Head
4000,1.6975,8.4204,5.7988,-13.2214,21.6489,14.2137,42.41,On Head
4050,2.4038,8.0373,5.7940,-10.3053,27.0687,15.5420,42.22,On Head
4100,1.6999,7.9392,6.1986,-5.6031,21.8168,14.1527,42.41,On Head
4150,1.2522,8.1451,6.4620,-0.5496,9.7863,18.3969,42.46,On Head
4200,2.4181,8.3222,5.7557,-5.8931,-0.5038,21.5878,42.46,On Head
4250,2.7294,8.0469,5.9927,-10.3664,10.4275,21.4809,42.51,On Head
4300,1.7119,7.0126,6.7229,1.7863,-0.1527,5.9542,42.32,On Head
4350,2.3727,7.6112,6.0334,12.9924,-14.2443,-16.3969,42.22,On Head
4400,1.8124,8.0445,5.7964,12.2595,-15.9237,-30.7786,42.27,On Head
4450,1.1540,9.5265,5.3199,4.9466,-18.6870,-21.7710,42.32,On Head
4500,2.1284,8.7915,5.1020,5.8626,-12.9313,-0.7481,42.32,On Head
4550,2.3894,8.2432,5.4372,7.9237,-4.4122,-0.9008,42.22,On Head
4600,1.9992,7.9009,5.6958,14.2595,-4.7634,-10.1832,42.27,On Head
4650,1.6951,8.2959,5.4492,18.7481,-14.6718,-16.7176,42.22,On Head
4700,1.6161,9.5984,4.3790,15.2366,-15.4198,-24.9313,42.51,On Head
4750,1.0822,9.6295,4.7142,2.9160,-15.0840,-9.5573,42.41,On Head
4800,1.7669,8.9974,4.7333,-4.2137,-10.0153,1.0992,42.41,On Head
4850,1.4820,8.4348,5.5330,6.0458,-12.2290,-2.7481,42.22,On Head
4900,1.5371,8.1906,5.7676,13.6947,-23.4809,-6.7176,42.46,On Head
4950,1.4868,8.1690,5.8490,15.4504,-32.6107,-23.2977,42.51,On Head
5000,0.3352,8.9136,5.2792,19.8168,-73.1756,-24.7786,42.32,On Head
5050,0.8643,9.0190,4.1659,13.5725,-104.2290,-36.0000,42.32,On Head
5100,1.1516,9.6917,3.0837,9.7405,-120.2290,-36.1985,42.32,On Head
5150,2.5450,9.8569,2.2362,-2.3206,-115.3130,-33.3588,42.27,On Head
5200,2.9568,9.4140,1.9297,-6.5649,-90.2137,-34.7023,42.22,On Head
5250,3.0191,9.7755,1.8794,-3.7710,-63.3740,-28.7023,42.46,On Head
5300,2.5786,9.7971,2.2482,-10.7786,-38.2290,-21.3282,42.13,On Head
5350,2.4110,9.6750,2.4325,-7.6336,-27.6641,-16.3053,42.22,On Head
5400,2.7821,9.5193,2.4612,-16.6107,-13.9847,-14.5344,42.32,On Head
5450,2.4972,9.0860,2.9808,-19.6183,-4.2901,-19.1145,42.41,On Head
5500,2.4924,9.2392,2.9640,-23.4656,-3.3282,-23.1756,42.32,On Head
5550,2.2266,8.9567,3.3423,-31.5725,0.1679,-25.9542,42.46,On Head
5600,1.9321,8.7628,3.4309,-29.9389,2.5649,-30.0000,42.51,On Head
5650,0.8523,9.1123,3.9552,-29.8321,5.0840,-25.5573,42.41,On Head
5700,-0.6249,9.5792,4.6304,-24.0305,0.6412,3.3893,42.22,On Head
5750,0.9146,8.6503,4.2425,-15.6183,-18.9313,21.4962,42.32,On Head
5800,3.4213,8.7460,3.0287,-23.3740,-7.7099,-7.7099,42.41,On Head
5850,2.0853,8.7029,3.7804,-43.0840,16.0305,-27.5420,41.99,On Head
5900,-0.2849,9.5026,5.9975,-52.3053,2.7176,-29.4656,42.32,On Head
5950,-2.3008,9.7971,7.4891,-53.8321,-0.1374,-32.9008,42.32,On Head
6000,-1.9609,8.8873,8.4324,-24.5038,-21.1603,-22.9466,42.46,On Head
6050,-1.5467,9.9958,8.6886,-43.3588,-22.8855,-20.3817,42.32,On Head
6100,-1.7597,8.3989,9.4379,-14.1374,-24.5649,-5.7557,42.22,On Head
6150,-1.6113,9.4308,9.1147,-15.6947,-17.0840,-16.0153,42.32,On Head
6200,-0.7254,9.4523,8.4467,1.7252,-22.7328,-3.8473,42.41,On Head
6250,-2.3750,9.5481,9.5433,-5.9237,-18.4886,-9.1145,42.22,On Head
6300,-1.6161,8.4946,9.5050,7.8015,-36.8244,4.6260,42.22,On Head
6350,-0.8068,8.7939,9.0549,21.8626,-43.5725,8.1374,42.41,On Head
6400,-1.4940,8.8897,8.2456,46.3359,-41.6183,13.7863,42.22,On Head
6450,-0.1508,8.8274,6.0358,55.2519,-46.6718,9.1756,42.32,On Head
6500,0.7111,9.7300,4.9608,35.5267,-31.7863,-10.3359,42.32,On Head
6550,1.1420,7.8602,5.6671,24.7481,-10.3664,6.1832,42.22,On Head
6600,0.9505,5.1020,5.5785,43.2519,-13.7557,-9.9389,42.27,On Head
6650,3.0885,6.7684,2.6456,47.5725,3.7099,-20.3511,42.27,On Head
6700,3.5650,6.1483,0.9864,35.9695,59.4504,-31.0687,42.41,On Head
6750,1.6041,5.3774,0.9864,36.4733,92.5802,-54.1221,42.32,On Head
6800,1.1229,7.8003,0.9529,43.0534,111.9847,-34.1832,42.32,On Head
6850,-0.0072,8.1331,1.1660,41.3282,131.6794,-9.6489,42.51,On Head
6900,-1.9273,9.7348,1.4150,35.6641,118.0305,11.5573,42.46,On Head
6950,-0.8404,10.0437,1.5874,3.6031,93.6031,19.0840,42.22,On Head
7000,-1.3719,9.7468,2.0782,-2.1221,81.0840,21.7099,42.13,On Head
7050,-0.3615,10.1107,1.4198,-7.2672,73.1298,20.8550,42.51,On Head
7100,-0.5602,9.7827,2.0997,-19.8931,75.4351,6.8244,42.41,On Head
7150,-0.4764,9.3948,2.3774,-18.6565,67.6947,2.5496,42.22,On Head
7200,-0.9098,9.1482,2.9951,-23.6489,63.9237,-4.2290,42.22,On Head
7250,-1.4269,9.0357,3.6847,-14.2443,41.4351,-3.0840,42.41,On Head
7300,-0.5267,9.2105,3.3686,-11.7710,31.6031,-6.9771,42.46,On Head
7350,-1.0511,9.1075,3.6583,-3.1450,22.5344,-14.7786,42.22,On Head
7400,-1.1947,9.2919,3.5027,0.5191,14.2290,-20.4275,42.22,On Head
7450,-1.9178,9.7157,3.5195,4.1985,2.5496,-20.2290,42.32,On Head
7500,-2.5187,11.0301,3.0071,-9.7099,-20.0916,-3.5267,42.08,On Head
7550,-0.8212,8.9687,3.1460,-15.1450,-28.1374,-8.9466,42.32,On Head
7600,-0.8188,9.7612,2.7988,-3.2519,-11.4962,-4.8092,42.22,On Head
7650,-0.2514,9.2368,2.9999,-0.1374,2.1069,3.6641,42.32,On Head
7700,-0.5124,8.7867,3.0382,11.8168,8.3511,-6.0000,42.22,On Head
7750,-0.8164,9.3853,2.5522,15.4962,5.8626,-12.2595,42.46,On Head
7800,-0.9840,9.7348,2.3008,12.3053,5.9847,-14.4733,42.27,On Head
7850,-1.4605,9.7875,2.2649,11.9542,3.8321,-11.5267,42.51,On Head
7900,-1.3791,10.3477,1.9920,2.8702,0.3359,-4.5496,42.22,On Head
7950,-1.8603,9.7396,2.2817,1.0687,-2.0611,2.0916,42.32,On Head
8000,-1.7142,11.5496,2.0542,-5.8779,-0.4122,9.8626,42.27,On Head
8050,-3.0574,10.1203,2.0399,-6.1832,-3.5878,20.0916,42.27,On Head
8100,-2.2984,10.1131,1.9441,-9.1145,-2.4122,26.4122,42.41,On Head
8150,-2.0399,9.6271,2.0973,-0.8855,-2.3664,30.3969,42.51,On Head
8200,-1.1899,9.7851,1.2953,0.7939,7.8931,22.8855,42.27,On Head
8250,-1.5682,9.2344,1.1396,-2.8550,13.4351,15.9237,42.41,On Head
8300,-1.6281,9.3853,1.1540,0.8244,13.1145,13.2366,42.08,On Head
8350,-1.0750,9.8976,0.8021,-1.4046,11.8473,0.5191,42.27,On Head
8400,-1.6113,9.7013,1.1684,-3.6794,12.1374,-4.9466,42.08,On Head
8450,-1.9058,9.8090,1.4868,-2.6412,2.5496,-4.5496,42.41,On Head
8500,-1.7406,9.8114,1.5826,-8.7023,-8.7481,-1.0992,42.41,On Head
8550,-1.4389,9.7492,1.8196,-11.8321,-25.1145,-3.8626,42.46,On Head
8600,-1.9992,9.4691,1.8603,-7.1298,-40.1985,-5.0382,42.22,On Head
8650,-1.3647,9.6845,1.3384,-7.3588,-56.0763,-9.9084,42.32,On Head
8700,-1.8244,9.7779,1.7382,-7.0229,-63.4351,-17.6031,42.32,On Head
8750,-2.0566,9.3446,2.0734,-2.3969,-69.2824,-23.1298,42.13,On Head
8800,-2.4421,8.7915,2.3607,12.6260,-81.2061,-19.5878,42.22,On Head
8850,-1.4389,8.6814,1.9944,26.4886,-96.3053,-33.5878,42.32,On Head
8900,-1.0870,11.0540,1.1468,21.4046,-88.3359,-25.4504,42.51,On Head
8950,-0.7781,10.2256,1.3886,9.8473,-82.4580,-18.0000,42.27,On Head
9000,-1.1468,8.8921,2.0016,7.6336,-78.9313,-25.3130,42.22,On Head
9050,-1.7214,9.5529,2.3894,8.0763,-81.8473,-23.7252,41.99,On Head
9100,-1.8387,8.9567,2.8132,8.5802,-83.8931,-22.9466,41.99,On Head
9150,-2.0758,9.2273,2.7150,24.6260,-97.9084,-12.4427,42.32,On Head
9200,-1.5897,9.1411,3.1843,23.8168,-96.7176,-21.4809,42.22,On Head
9250,-1.1947,10.5153,2.7390,18.5344,-88.7328,-26.2748,42.27,On Head
9300,-0.8260,10.1107,3.1053,2.4885,-68.7023,-28.0305,42.22,On Head
9350,-1.6257,8.8083,3.9337,9.3282,-50.7786,-24.3664,42.27,On Head
9400,-1.9752,9.4379,3.6536,20.0153,-50.3511,-9.2824,42.41,On Head
9450,-2.1500,9.7923,3.3375,12.5649,-53.7252,-5.2214,42.08,On Head
9500,-2.3679,10.1586,3.0909,8.2595,-60.3969,-8.5344,42.22,On Head
9550,-2.1165,9.9240,2.9999,4.1679,-66.0916,4.9618,42.32,On Head
9600,-2.3224,9.8617,3.0143,3.1450,-69.0840,12.0153,42.22,On Head
9650,-1.6376,9.4906,2.9904,0.5038,-78.9618,22.1832,42.41,On Head
9700,-0.9433,8.9807,3.0071,2.0000,-77.4198,18.5802,42.51,On Head
9750,-0.0838,9.2296,2.6288,6.4275,-69.1145,11.3588,42.32,On Head
9800,0.1724,9.5098,2.5738,6.6107,-54.6107,6.9618,42.08,On Head
9850,0.3831,10.0317,2.6432,0.8855,-42.4885,7.8015,42.08,On Head
9900,0.5722,10.0987,3.1603,-11.4046,-27.0229,9.8626,42.46,On Head
9950,0.0239,9.5960,3.5506,-8.1069,-22.5802,10.7481,41.99,On Head
10000,0.1293,9.6582,3.6320,-14.4427,-17.2977,15.5573,42.27,On Head
10050,0.3400,10.4579,3.7661,-13.7863,-13.6641,12.8397,42.41,On Head
10100,0.0934,9.3853,3.3902,-14.1679,-13.5725,12.9924,42.41,On Head
10150,0.3424,9.4403,2.9161,-17.5114,-9.3588,17.9542,42.32,On Head
10200,0.3615,8.4922,3.4788,-6.7634,-7.4962,17.6947,42.41,On Head
10250,0.7398,9.6869,2.5426,5.1145,-10.5191,14.3817,42.32,On Head
10300,1.1372,9.6774,1.9010,6.4733,-2.9618,19.3435,42.27,On Head
10350,0.8404,9.4882,1.7597,5.5573,8.0153,32.4275,42.32,On Head
10400,0.8691,9.5744,1.6759,7.6031,16.0000,57.0229,42.08,On Head
10450,2.1452,10.2783,1.9465,15.3740,21.0076,62.2443,42.27,On Head
10500,2.5474,10.0892,1.4222,25.4046,24.6870,43.6031,42.22,On Head
10550,2.2769,10.1993,0.8882,28.7481,28.2443,29.1450,42.32,On Head
10600,2.2649,9.9742,0.4621,14.8550,31.6336,23.1298,42.41,On Head
10650,2.6145,9.5433,0.7135,8.6870,34.7328,19.5573,42.27,On Head
10700,3.4764,9.4619,1.2330,0.6718,44.0611,24.4427,42.22,On Head
10750,3.3950,9.4643,2.1356,0.8244,47.9237,21.2366,41.99,On Head
10800,3.9121,9.1267,1.9920,5.6489,49.2366,9.4198,42.32,On Head
10850,3.0071,9.4667,1.8172,9.9084,59.2214,1.6183,42.13,On Head
10900,2.8802,9.6654,2.4660,2.3664,60.3969,23.9084,42.46,On Head
10950,3.1723,8.5138,2.7581,6.0305,57.1298,15.0076,42.32,On Head
11000,3.3782,9.6654,2.5929,2.8855,52.8702,13.5725,42.27,On Head
11050,3.9576,8.5305,2.6983,8.5802,69.8779,24.1679,42.22,On Head
11100,4.1300,9.1746,2.3224,15.8321,99.8931,20.4580,42.41,On Head
11150,3.1867,8.9567,2.5881,24.3969,122.3359,29.6947,42.60,On Head
11200,2.4421,9.2632,2.7126,32.6718,121.4657,21.0229,42.32,On Head
11250,2.1117,9.6893,3.0981,26.9313,105.7863,13.0534,42.27,On Head
11300,1.9632,9.4403,3.2896,23.7710,83.8168,5.9237,42.32,On Head
11350,1.5850,9.7396,3.3662,15.0076,64.0763,1.4656,42.32,On Head
11400,1.5706,9.8162,3.4596,10.5038,42.7023,8.8855,42.32,On Head
11450,2.6839,9.6462,3.1268,1.5267,35.0687,8.8855,42.41,On Head
11500,2.3128,9.0357,3.6176,1.2214,30.7786,6.0153,42.13,On Head
11550,2.0351,8.8969,3.5817,2.9771,22.9160,-1.1298,42.32,On Head
11600,2.1189,9.8019,3.4668,1.1756,17.4962,0.7481,41.99,On Head
11650,2.3487,9.4284,3.3902,-2.3664,13.5878,1.0382,42.46,On Head
11700,2.0542,9.3518,3.4069,-1.1908,5.2366,-4.5038,42.27,On Head
11750,1.6137,9.4020,3.6224,-1.0687,-1.8321,-5.6794,42.60,On Head
11800,1.5850,9.7205,3.4405,-6.0916,-19.6947,-7.3588,42.22,On Head
11850,1.7549,9.1506,3.6871,-5.8015,-37.5573,-14.2748,42.27,On Head
11900,1.6783,9.6295,3.4931,-5.4046,-58.0458,-23.0992,42.32,On Head
11950,1.6640,9.3877,3.2609,-12.5496,-80.2443,-33.1908,42.27,On Head
12000,1.6089,8.9878,3.1220,-9.6794,-94.7786,-48.7176,42.41,On Head
12050,1.6735,9.7013,2.5187,-7.3130,-98.3511,-57.0687,42.32,On Head
12100,1.2761,10.1179,1.8818,-4.0916,-93.0229,-55.5573,42.60,On Head
12150,0.8715,9.9718,2.0016,-10.1985,-92.9160,-48.1221,42.08,On Head
12200,0.5363,10.4698,1.9680,-11.3435,-94.0305,-48.8397,42.32,On Head
12250,0.8763,10.7308,2.0686,-24.5496,-85.7863,-27.1756,42.13,On Head
12300,0.8715,9.7276,2.4636,-16.9466,-83.7099,-18.6565,42.41,On Head
12350,1.1013,9.8210,2.6121,-21.3740,-78.1679,-22.7786,42.51,On Head
12400,0.6895,9.4044,2.9185,-28.7786,-88.5802,-34.8855,42.32,On Head
12450,0.3879,9.6893,3.0957,-31.6641,-88.5496,-35.4198,42.41,On Head
12500,1.6424,9.6917,3.3471,-40.7939,-75.9237,-40.7939,42.27,On Head
12550,1.0918,9.3685,4.4412,-38.7939,-52.6412,-40.2290,42.32,On Head
12600,1.3001,8.8394,4.7046,-33.1603,-31.7710,-37.7405,42.41,On Head
12650,0.7757,8.6167,4.7669,-17.7863,-9.0229,-31.8779,42.08,On Head
12700,0.8188,8.8274,4.6304,-12.1069,13.1298,-26.0153,42.41,On Head
12750,-0.1748,8.6766,4.9201,0.5802,32.7481,-18.2137,42.22,On Head
12800,-0.7518,9.3134,4.8387,5.7710,27.2366,-15.0229,42.22,On Head
12850,-1.3527,8.9591,4.6376,10.4885,23.2672,-11.6794,42.13,On Head
12900,-1.1588,9.6893,4.5729,7.4962,17.1298,-10.6565,42.27,On Head
12950,-1.9489,9.2512,4.0534,11.8626,9.9695,-11.2519,42.22,On Head
13000,-1.2043,9.4691,3.7326,3.7710,0.4885,-12.3206,42.46,On Head
13050,-1.8148,9.6774,3.6703,4.8397,0.4122,-10.6565,42.22,On Head
13100,-1.4341,9.5672,3.6631,-6.2901,0.7481,-9.9084,42.41,On Head
13150,-2.2290,9.2584,3.9145,-2.7634,-4.3359,-2.7176,42.08,On Head
13200,-1.5826,9.3230,3.8068,-7.7557,-9.6336,0.7176,42.32,On Head
13250,-1.1684,9.2584,3.7661,-6.3206,-6.1679,-0.2901,42.46,On Head
13300,-1.2905,8.5353,4.4101,-7.3588,-6.1374,-10.8550,42.22,On Head
13350,-1.3719,9.6343,4.2018,-7.3130,1.6947,-6.6870,42.08,On Head
13400,-2.0518,8.2384,5.0949,0.3511,-2.1374,-7.6641,42.22,On Head
13450,-1.8076,9.4786,4.2425,6.9771,-9.0076,3.4504,42.27,On Head
13500,-1.4844,9.1267,4.2066,4.6870,-10.8702,1.0992,42.13,On Head
13550,-1.0367,8.4683,4.0845,8.1679,-7.4809,-6.9771,42.32,On Head
13600,-0.9601,8.9926,3.7062,8.3053,-2.1832,-12.2901,42.32,On Head
13650,-1.4222,9.0980,3.7613,8.5802,-3.4351,-21.2824,41.99,On Head
13700,-1.7310,9.4020,3.6871,4.4885,-2.7939,-23.8015,42.22,On Head
13750,-1.9201,9.4403,3.8618,1.1908,-1.0992,-18.0000,42.41,On Head
13800,-2.0470,9.2656,3.7302,0.9771,-5.0229,-19.7099,42.41,On Head
13850,-1.7262,9.1961,3.4596,-1.2519,-5.3435,-17.8626,42.22,On Head
13900,-2.2218,9.3182,3.7613,-0.6565,3.9695,-17.2672,42.60,On Head
13950,-2.3176,9.1818,3.9624,-3.5573,-1.3740,-14.1832,42.32,On Head
14000,-2.0111,8.6072,3.6559,-1.8931,10.6718,-21.0687,42.60,On Head
14050,-2.7677,8.8011,4.0534,-1.6794,8.7786,-21.4962,42.22,On Head
14100,-2.0758,8.5593,3.4261,-1.7252,9.0076,-29.8473,42.46,On Head
14150,-2.4301,8.4659,3.5937,-1.0992,20.4886,-37.6489,42.60,On Head
14200,-3.4812,8.9687,3.3878,6.9618,28.6718,-30.4580,42.46,On Head
14250,-4.4556,9.1746,3.5123,-2.6565,26.7481,-20.9771,41.99,On Head
14300,-4.7118,8.8538,3.4141,-2.4275,19.9695,-16.0611,42.22,On Head
14350,-4.7884,8.3606,3.5769,0.4427,14.8244,-10.7023,42.13,On Head
14400,-4.7525,8.5281,3.2896,-0.2443,5.9389,-5.5725,42.41,On Head
14450,-4.4293,8.0541,3.2154,0.9160,5.3130,-9.5420,42.32,On Head
14500,-4.3000,8.0230,2.9664,1.9389,4.4427,-5.7710,42.41,On Head
14550,-4.5442,8.6311,2.7509,1.6489,1.3588,-13.4962,42.22,On Head
14600,-5.3223,8.3510,3.2346,-3.1298,4.4122,-3.2214,42.41,On Head
14650,-4.7932,8.1642,2.9568,0.8702,2.7328,3.3893,42.32,On Head
14700,-4.1180,7.9631,3.0789,0.3969,5.9237,4.2443,42.51,On Head
14750,-3.8092,8.5114,2.1524,11.6183,8.7023,0.5038,42.13,On Head
14800,-4.7046,8.2169,2.2266,12.9313,22.7023,-9.5573,42.13,On Head
14850,-4.4604,9.0525,1.6783,13.9084,27.0534,-7.8779,42.46,On Head
14900,-6.1076,8.8992,1.7861,10.5802,30.9771,6.1985,42.46,On Head
14950,-4.9129,8.1810,1.8459,-1.8779,18.1221,10.1069,42.51,On Head
15000,-4.0462,7.9368,1.5036,4.6107,24.6565,6.2901,42.65,On Head
15050,-4.3263,8.3701,1.2210,4.9008,27.2824,2.4275,42.08,On Head
15100,-4.8602,8.5090,1.2258,7.4962,22.5649,-8.2748,42.22,On Head
15150,-5.1332,8.9519,0.9816,6.0458,17.6947,-6.3206,42.41,On Head
15200,-4.1444,8.7724,0.4046,1.6947,19.8473,-11.2061,42.27,On Head
15250,-4.8123,8.6838,0.9242,-5.3130,16.5649,-1.2672,42.32,On Head
15300,-4.1013,7.9895,1.0774,-1.6947,18.0000,-12.5802,42.22,On Head
15350,-4.2641,7.7955,0.8116,7.1908,25.9389,-17.3893,42.46,On Head
15400,-4.6687,9.2943,-0.2155,3.6794,26.8550,-18.4580,42.13,On Head
15450,-4.6711,8.1690,0.3208,-7.2214,33.4046,-22.9160,42.27,On Head
15500,-5.8155,8.3534,0.5052,2.6412,35.8931,-13.9695,42.65,On Head
15550,-5.7988,7.6519,0.4094,1.4962,30.2443,-16.9313,42.08,On Head
15600,-6.2608,7.9727,0.2921,7.1298,20.8702,-13.2366,42.60,On Head
15650,-5.9113,8.0637,-0.0766,1.0382,21.7557,-4.9313,42.41,On Head
15700,-5.4181,6.9408,-0.3663,7.0382,27.1908,-13.1145,42.51,On Head
15750,-6.0837,8.3318,-0.4334,12.4122,22.9924,-1.3588,42.60,On Head
15800,-5.6527,7.1587,-0.6680,0.6107,26.3664,-9.3435,42.46,On Head
15850,-5.8538,7.2688,-0.7901,15.3282,20.5038,-8.7176,42.22,On Head
15900,-6.2345,8.3055,-1.1875,6.6412,17.4656,-3.3588,42.27,On Head
15950,-5.6048,7.2233,-1.2019,6.5191,14.6412,-8.0916,42.13,On Head
16000,-6.1076,6.9887,-0.8930,14.1832,16.1985,-10.4427,42.13,On Head
16050,-5.9616,8.4707,-1.3671,4.2595,-3.0229,-6.6718,42.41,On Head
16100,-5.9304,6.5529,-0.8954,5.1756,-11.3282,-21.5725,42.22,On Head
16150,-6.2489,8.2983,-1.4557,7.1145,-27.3130,-24.1221,42.32,On Head
16200,-5.5234,7.2089,-1.7358,-1.5878,-30.1527,-29.1756,42.51,On Head
16250,-5.7174,7.0485,-1.3503,-7.6947,-26.6260,-38.0916,42.41,On Head
16300,-5.8873,6.5290,-1.0582,-9.4809,-25.3893,-39.5725,42.27,On Head
16350,-6.4524,5.7581,-0.5459,-9.4351,-15.2519,-43.5878,42.46,On Head
16400,-7.4843,5.7317,-0.4788,-1.9389,-14.7176,-41.7710,42.08,On Head
16450,-7.9224,5.7413,-0.5626,-7.0687,-19.4504,-35.5420,42.32,On Head
16500,-8.8538,6.1052,-0.4310,-11.6947,-20.1527,-22.9924,42.46,On Head
16550,-8.3127,5.1284,-0.1437,-16.2748,-16.5649,-12.7634,42.22,On Head
16600,-8.2768,4.9225,0.1149,-15.5725,-13.2824,-16.7328,42.22,On Head
16650,-7.8410,4.7549,0.3256,-17.5114,-7.6183,-27.2366,42.08,On Head
16700,-7.6638,3.9433,0.6752,-17.2824,-6.3206,-38.7939,42.51,On Head
16750,-7.6064,3.3854,0.8523,-10.5496,1.7405,-58.0611,42.27,On Head
16800,-9.0788,4.3239,0.8811,-3.7710,-1.5725,-50.4122,41.99,On Head
16850,-8.4420,3.5913,0.6991,-9.0992,0.5038,-43.2824,42.41,On Head
16900,-8.8418,3.2777,0.8787,-3.6947,0.1374,-44.5191,42.60,On Head
16950,-9.0932,3.0598,0.6105,-5.0229,-1.6794,-42.8550,42.08,On Head
17000,-9.6965,2.7270,0.8667,-10.5649,0.8244,-46.3359,42.22,On Head
17050,-9.9671,2.4732,0.5650,-2.6260,-4.7634,-29.6794,42.32,On Head
17100,-10.3214,2.3679,0.5100,-7.8779,2.4885,-24.7939,42.41,On Head
17150,-10.7164,2.0135,0.5770,-7.3740,2.2137,-10.9771,42.13,On Head
17200,-11.0373,2.0470,0.6943,-10.2137,2.9160,-11.0687,42.22,On Head
17250,-11.5161,2.2817,0.7709,-12.9160,-0.1985,6.7786,42.32,On Head
17300,-10.9367,1.8699,0.8547,-14.2443,-0.5954,20.0763,42.32,On Head
17350,-11.0899,1.9992,0.9194,-8.8702,1.3740,32.8397,42.46,On Head
17400,-11.3461,2.6432,0.8284,-7.5115,-2.3053,46.9618,42.65,On Head
17450,-11.4946,3.2226,0.9194,-10.5649,-6.0305,63.2824,42.46,On Head
17500,-10.6710,3.0933,1.1277,-12.5954,-11.2672,80.5954,42.65,On Head
17550,-10.3214,3.4453,1.3910,-11.3282,-17.9084,87.2977,42.13,On Head
17600,-9.9120,4.2162,1.5634,-6.5649,-25.9084,94.2443,42.51,On Head
17650,-9.1554,4.4628,1.7166,-7.1145,-36.7328,110.6870,42.22,On Head
17700,-8.3055,5.4157,1.8124,1.5267,-45.4962,119.8626,42.32,On Head
17750,-7.3670,5.3965,2.0997,3.0382,-56.5802,138.0000,42.60,On Head
17800,-5.0470,6.5434,1.6065,5.1908,-60.3817,131.8168,41.89,On Head
17850,-3.3806,6.4859,1.9058,3.2977,-51.6183,126.3969,42.22,On Head
17900,-2.4972,7.3454,2.3008,4.7481,-45.4198,114.7939,42.22,On Head
17950,-1.3048,7.8314,2.4397,4.7023,-35.7405,108.6260,42.41,On Head
18000,-0.6321,8.3007,2.4876,4.4885,-28.5649,97.8626,42.51,On Head
18050,-0.0575,9.2177,2.1668,2.7176,-27.3588,95.3435,42.41,On Head
18100,0.7063,9.2440,2.1835,-3.5573,-22.4580,91.1908,42.41,On Head
18150,1.3120,9.1243,2.4445,-6.1527,-19.4504,88.3969,42.32,On Head
18200,1.5945,9.3446,2.3320,-10.3053,-16.9160,96.7939,42.22,On Head
18250,2.8467,9.1913,2.2745,-11.4351,-6.9618,101.1756,42.22,On Head
18300,3.3184,8.5162,2.6959,-13.5267,-6.5802,102.3511,42.46,On Head
18350,4.3479,8.2073,2.7126,-4.1374,-5.9847,92.8244,42.13,On Head
18400,5.0398,8.5712,2.2290,-7.9237,-2.0000,91.4046,42.08,On Head
18450,5.2648,7.4699,3.0071,-8.0000,-5.0840,85.7252,42.08,On Head
18500,6.5721,7.5872,2.3703,-9.1908,-11.0076,73.3282,41.99,On Head
18550,7.0102,7.2377,2.4205,-11.3130,-0.5649,69.5878,42.27,On Head
18600,7.0773,6.5721,2.5714,-13.5267,1.2977,60.2137,42.32,On Head
18650,7.2999,6.4189,2.5115,-11.1603,1.1756,63.5420,42.27,On Head
18700,7.8266,5.6144,3.0191,-15.3282,-0.2748,59.3740,42.46,On Head
18750,8.7077,5.0542,2.9664,-12.1527,-1.3588,42.4580,42.32,On Head
18800,9.2871,4.3742,2.9712,-11.4198,-3.6489,23.7099,42.22,On Head
18850,9.6606,4.0103,3.1436,-8.0458,-3.2977,-4.3359,42.32,On Head
18900,9.3374,4.6208,2.9257,-4.7939,3.1450,-27.9389,42.27,On Head
18950,8.5329,5.2816,2.8180,1.2824,9.4046,-40.2901,42.32,On Head
19000,7.8697,5.7485,3.0837,-1.0076,8.1985,-53.4198,42.46,On Head
19050,7.4268,6.3734,3.3447,-7.8168,7.4809,-62.3053,42.08,On Head
19100,7.3478,6.2297,3.3926,4.0916,15.8931,-59.1603,42.27,On Head
19150,6.6367,6.8331,3.3950,10.0458,20.5802,-66.6870,42.27,On Head
19200,5.5976,7.6638,3.3112,7.0534,16.8092,-65.4351,42.27,On Head
19250,5.4085,7.7668,3.3088,-1.9084,14.4580,-63.4656,42.32,On Head
19300,5.7581,7.7740,3.4285,-2.0153,18.7939,-73.5267,42.32,On Head
19350,4.3766,8.3941,3.4500,-3.1450,29.2061,-72.3511,42.27,On Head
19400,4.5586,9.1937,2.5426,-12.4275,45.4198,-69.2061,42.46,On Head
19450,3.3399,10.4267,2.1165,-24.2748,49.9084,-49.3588,42.41,On Head
19500,3.3303,9.8689,2.2889,-52.3511,73.5725,-38.0611,42.41,On Head
19550,1.9106,9.4403,3.3998,-64.9008,77.8321,-21.2366,42.27,On Head
19600,2.0614,8.7245,4.6519,-77.5573,98.5038,-12.5191,42.32,On Head
19650,-0.0479,6.9168,6.7732,-54.5802,92.4122,6.7328,42.41,On Head
19700,0.5363,7.3502,7.0102,-37.4962,104.1374,8.9771,42.32,On Head
19750,-0.1413,6.7397,7.0485,-11.0534,105.1908,14.4427,42.32,On Head
19800,-1.5945,8.2193,6.7229,-3.1603,108.6107,38.9618,42.60,On Head
19850,-1.1109,8.0445,6.5984,-9.8626,104.0458,44.7634,42.46,On Head
19900,-1.2474,8.1259,6.9480,-19.0687,79.4046,34.9771,42.27,On Head
19950,-1.5993,7.3430,7.6974,-29.4046,57.6031,22.3359,42.60,On Head
20000,-1.3623,7.0533,8.1786,-27.8931,26.8244,14.9008,42.27,On Head
20050,-1.3168,5.9831,8.5856,-18.9313,11.0382,2.9466,42.41,On Head
20100,-1.1636,6.3183,8.8370,-4.8855,5.0534,0.1221,42.32,On Head
20150,-1.8747,6.1627,9.0166,17.1145,-12.0916,-1.2824,42.32,On Head
20200,-1.9082,6.7876,8.6359,25.7252,-45.0992,-10.1985,42.27,On Head
20250,-1.8004,6.8331,8.1451,36.2443,-74.6260,-17.0076,42.46,On Head
20300,-2.3679,7.1227,8.0325,41.9695,-115.6641,-33.9847,42.41,On Head
20350,-1.3695,8.1283,6.2369,47.4656,-155.1756,-35.6336,42.32,On Head
20400,-0.8763,7.9272,5.4277,49.2366,-176.6260,-41.4809,42.32,On Head
20450,0.4549,8.2337,4.2042,51.8931,-173.8473,-39.3893,42.32,On Head
20500,0.9074,8.9352,2.9712,59.6947,-167.4657,-27.5573,42.08,On Head
20550,1.2186,9.2081,2.8611,50.0458,-153.3435,-28.5954,42.22,On Head
20600,1.1516,10.1347,1.5754,48.9618,-141.9084,-24.3817,42.46,On Head
20650,1.4820,10.1179,1.2474,37.0687,-130.3664,-11.4351,42.46,On Head
20700,1.9249,10.2927,0.9170,28.3664,-120.5343,-4.9313,42.27,On Head
20750,2.6001,9.4619,0.7973,21.1145,-110.1069,-3.9084,42.22,On Head
20800,2.2889,9.9335,0.5602,18.6718,-104.3817,-2.7634,42.22,On Head
20850,3.0311,9.9958,-0.0311,10.2901,-92.7786,2.2748,42.27,On Head
20900,2.8898,9.2201,0.5171,13.4656,-82.9771,-2.2137,42.41,On Head
20950,3.3016,9.8354,0.2777,9.9389,-67.6794,-0.7939,42.27,On Head
21000,2.4205,8.8825,0.6297,20.6870,-72.7176,-1.0840,42.32,On Head
21050,2.8706,9.7133,-0.4405,20.5954,-72.6107,1.4504,42.08,On Head
21100,1.8316,9.2009,-0.2107,17.0382,-79.2977,-7.0229,42.60,On Head
21150,2.6480,10.1801,-1.8818,11.5725,-82.9160,-7.3435,41.99,On Head
21200,3.0526,10.1323,-2.3320,1.8626,-67.5420,-3.1298,42.32,On Head
21250,3.0670,10.0126,-2.3655,-1.5725,-37.8168,6.1069,42.27,On Head
21300,3.7781,10.1945,-2.5953,-8.2901,-4.0000,13.9542,42.60,On Head
21350,3.3088,10.0652,-2.0662,-16.6412,24.6870,22.0000,42.27,On Head
21400,3.4740,10.0844,-1.6855,-21.1756,44.4275,31.4351,42.41,On Head
21450,3.1029,9.4451,-1.0463,-20.7786,57.5573,39.0992,42.32,On Head
21500,2.9257,9.6247,-0.4525,-20.4427,60.7328,48.1679,42.41,On Head
21550,3.4261,9.6774,-0.0646,-20.9160,60.5191,52.4580,42.27,On Head
21600,3.8642,8.8370,0.6967,-16.8550,59.3435,57.4809,42.60,On Head
21650,4.2138,8.8442,1.1851,-10.5344,56.6260,59.6183,42.41,On Head
21700,5.0063,8.8178,1.3024,-2.7328,56.0153,58.5802,42.60,On Head
21750,5.3008,8.1020,1.0678,-3.8473,77.4809,51.1145,42.60,On Head
21800,4.9033,7.7309,1.8986,7.0076,61.0076,55.9847,42.22,On Head
21850,6.5194,8.2073,1.9297,1.0992,58.1679,53.4656,42.32,On Head
21900,6.6343,6.8809,2.3128,3.2977,56.3053,59.7710,42.46,On Head
21950,7.4771,6.3638,2.3056,7.8626,52.3206,41.5725,42.51,On Head
22000,8.8609,6.5218,1.2977,8.6412,74.9924,27.7252,42.41,On Head
22050,7.5824,6.7397,2.4732,8.2748,112.1985,12.0916,42.32,On Head
22100,7.6303,6.9121,3.6943,7.4198,132.2137,34.1832,42.08,On Head
22150,7.0150,4.8722,5.1427,27.0382,136.2901,11.4962,42.46,On Head
22200,5.6790,6.1196,5.4612,45.1908,126.6412,-2.1221,42.41,On Head
22250,4.7525,6.9168,5.5378,44.9466,112.8397,-2.2748,42.41,On Head
22300,4.4628,7.0820,6.0071,41.2214,85.1908,-6.5649,42.46,On Head
22350,3.8475,6.9312,6.3015,42.2137,72.2290,-11.5115,42.46,On Head
22400,3.9241,7.4101,5.8155,41.9389,53.4809,-15.2824,42.46,On Head
22450,2.8874,7.4101,6.2249,41.4656,31.3435,-23.3435,42.22,On Head
22500,2.6049,7.6279,6.1507,37.5420,-2.2748,-28.6260,42.32,On Head
22550,3.4405,7.9464,5.5522,24.9771,-35.0076,-56.6718,42.60,On Head
22600,3.1053,7.8386,5.1140,26.0153,-48.5649,-81.2824,42.41,On Head
22650,2.5738,8.4180,4.3072,28.9466,-47.5115,-95.0992,42.46,On Head
22700,1.3886,9.0070,3.9576,34.0611,-40.9160,-89.6031,42.22,On Head
22750,0.3831,9.7372,3.5027,32.2901,-41.8779,-77.0534,42.27,On Head
22800,0.2945,10.1203,2.9185,29.1298,-39.7710,-55.2366,42.32,On Head
22850,0.2394,9.9264,2.6839,20.3359,-34.5038,-42.9313,42.22,On Head
22900,0.0766,9.8617,2.6145,19.1603,-30.5344,-38.2595,41.99,On Head
22950,-0.2729,10.1203,2.3343,15.9695,-28.1679,-32.8092,42.27,On Head
23000,-0.1460,9.8904,2.2242,10.0611,-26.0763,-26.5649,42.41,On Head
23050,-0.0455,10.8721,1.6951,0.7023,-20.2595,-17.3588,42.27,On Head
23100,0.2897,9.4499,1.9273,-12.2748,-9.7863,-12.6260,42.22,On Head
23150,-0.7063,10.4148,1.9034,-1.8779,-16.5649,-20.4275,42.27,On Head
23200,-0.6393,9.8043,1.8124,-8.8244,-20.9008,-14.4122,42.22,On Head
23250,-1.3934,9.8809,2.0470,-2.9771,-36.0153,-12.5191,42.41,On Head
23300,-0.9481,9.7133,1.6712,-2.4885,-49.8015,-15.8321,41.99,On Head
23350,-1.1564,10.3046,1.4102,-3.9847,-62.2595,-18.5038,42.22,On Head
23400,-0.8068,10.3142,1.2378,-9.6794,-66.4733,-24.7786,42.60,On Head
23450,-0.7422,10.3238,1.2857,-9.4046,-65.8321,-21.5420,41.99,On Head
23500,-0.4381,9.7851,1.3886,-10.3053,-56.2443,-12.6260,42.08,On Head
23550,0.2538,9.3015,1.4437,-1.5420,-37.6183,-6.4885,42.41,On Head
23600,0.5459,9.4882,1.2474,6.9924,-13.8473,-5.8779,42.74,On Head
23650,0.0215,9.7420,1.2953,13.3435,6.4275,-11.4046,42.32,On Head
23700,-0.7350,10.0437,1.2234,16.1985,18.0000,-11.6489,42.22,On Head
23750,-0.9433,10.2328,0.9553,16.9160,23.3588,-3.4351,42.22,On Head
23800,-1.0223,10.8984,0.3448,12.4275,36.9466,8.1221,41.99,On Head
23850,-1.2689,10.2041,0.5028,0.4275,38.0305,28.1985,42.65,On Head
23900,-0.3017,10.4100,0.4525,-5.3740,40.7023,19.7557,42.51,On Head
23950,-0.4429,10.0245,1.4437,-9.6641,43.6183,6.4580,42.32,On Head
24000,-1.1444,10.8170,1.2761,-8.9160,40.7634,-8.5954,42.46,On Head
24050,-2.6887,11.0468,1.4676,-31.7405,26.6565,1.2214,42.22,On Head
24100,-1.8052,9.5672,1.7262,-47.6489,6.1985,3.8168,42.41,On Head
24150,-1.0319,8.9567,3.2130,-61.1145,3.0534,-8.1374,42.32,On Head
24200,-1.9321,8.2408,5.4492,-52.6412,-14.5649,-23.2672,42.32,On Head
24250,-1.9441,8.2049,5.9664,-30.5191,-24.7328,-10.4885,42.60,On Head
24300,-1.1229,8.2001,5.5091,-2.9924,-26.3664,1.5115,42.41,On Head
24350,-0.3663,8.7939,5.1260,9.6641,-22.7023,0.4580,42.41,On Head
24400,-0.4286,8.7005,4.9967,12.7481,-18.0458,-1.5267,42.32,On Head
24450,-0.6393,8.6598,5.0613,20.6412,-21.6641,-1.0534,42.32,On Head
24500,-0.7159,8.7340,4.4724,23.5114,-29.5420,0.0763,42.22,On Head
24550,-0.0503,9.0142,4.1108,25.9084,-29.5573,-7.5115,42.32,On Head
24600,-0.0168,9.4547,3.6009,25.1298,-20.6260,-10.9008,42.32,On Head
24650,-0.2921,9.3996,3.6607,24.6107,-9.0076,-7.8473,42.32,On Head
24700,-0.0335,9.6750,2.9951,29.7863,-3.5115,-0.1069,42.32,On Head
24750,0.3831,9.5361,2.4732,31.4504,3.0534,2.2748,42.32,On Head
24800,0.5387,10.0269,1.7765,27.6336,1.7405,0.2443,42.46,On Head
24850,0.5986,9.6941,1.5969,13.9542,8.0305,-11.8321,42.27,On Head
24900,0.0742,10.3286,1.8507,7.6489,7.5420,-8.7023,42.32,On Head
24950,-0.0048,9.9934,1.7382,-0.2443,12.7786,-17.1908,42.51,On Head
25000,-1.5155,9.2273,1.8579,-4.5344,13.8168,-11.5878,42.13,On Head
25050,-1.6783,9.3254,1.6376,4.4427,10.9771,-7.1145,42.32,On Head
25100,-1.6688,9.8114,1.0870,12.1374,1.7099,-16.3053,42.22,On Head
25150,-2.1452,10.5441,0.1413,8.0763,1.0992,-28.3511,42.32,On Head
25200,-3.1867,10.0724,-0.1197,2.1679,3.0382,-21.9084,42.41,On Head
25250,-2.6576,9.1267,-0.0886,-0.3817,5.8168,-11.1603,42.60,On Head
25300,-2.6001,9.1602,0.3591,-2.2595,15.4351,-13.6489,42.51,On Head
25350,-3.3160,10.0461,0.0575,-0.0611,27.8321,-11.1756,42.46,On Head
25400,-3.6224,9.8881,0.3567,-10.6260,38.0916,4.5038,42.46,On Head
25450,-3.2968,9.5529,0.5267,-9.8321,33.2977,1.0840,42.27,On Head
25500,-2.9664,9.3134,0.5315,-14.1679,30.7176,-5.2519,42.22,On Head
25550,-3.5003,9.6103,0.8045,-13.2672,25.4809,-4.1527,42.27,On Head
25600,-3.0861,9.1459,0.9625,-12.8855,20.7786,-1.6336,42.22,On Head
25650,-2.9018,9.1818,1.3360,-9.5573,16.5954,3.2824,42.46,On Head
25700,-2.5929,9.0190,1.3455,-3.7099,12.0763,1.4504,42.46,On Head
25750,-2.6743,9.2225,1.1588,2.3206,8.4733,-3.1908,42.27,On Head
25800,-3.0263,9.5026,0.7997,3.5725,7.4351,-2.7939,42.13,On Head
25850,-3.0765,9.7348,0.5938,3.3282,5.4962,-0.9924,42.27,On Head
25900,-3.4381,9.6989,0.4573,-0.6260,1.6489,-2.3359,42.46,On Head
25950,-3.3567,9.6462,0.3376,-3.0229,-5.2672,-1.2977,42.27,On Head
26000,-3.5889,9.9024,0.3687,-4.6260,-9.0992,-2.0305,42.32,On Head
26050,-3.0718,9.8402,0.2298,-7.0992,-10.0000,1.3893,42.22,On Head
26100,-3.2250,9.7516,0.5435,-8.1679,-1.6489,6.3206,42.51,On Head
26150,-2.9281,9.4571,0.6225,-5.2214,-0.4427,7.6794,42.46,On Head
26200,-2.8395,9.5074,0.7422,-5.7252,3.8779,9.0534,42.27,On Head
26250,-3.0167,9.7492,0.6464,-5.2824,4.1221,5.2672,42.22,On Head
26300,-3.2322,9.5098,0.8859,-7.3893,2.6412,6.6718,42.32,On Head
26350,-2.9305,9.6367,0.9840,-9.2824,-0.6260,5.7557,42.32,On Head
26400,-3.0981,9.5600,1.1253,-9.6947,-0.6107,11.2061,42.32,On Head
26450,-2.6767,9.4715,1.2354,-4.4122,1.4046,14.3664,42.51,On Head
26500,-2.7318,9.3613,1.3144,-4.3664,2.5191,15.4198,42.22,On Head
26550,-2.5929,9.5624,0.9984,-3.6489,3.6336,18.3664,42.51,On Head
26600,-2.1691,9.6702,1.0726,-4.4275,3.3588,20.9160,42.32,On Head
26650,-2.2146,9.7444,1.0415,-9.0840,6.3206,21.4351,42.22,On Head
26700,-2.0925,9.8282,1.1827,-12.0611,3.9847,26.2901,41.94,On Head
26750,-1.7885,9.7300,1.6544,-16.2748,4.0305,27.9237,42.32,On Head
26800,-1.3599,9.4978,1.9273,-15.8779,0.5038,28.7786,42.32,On Head
26850,-0.8452,9.8114,2.2458,-12.1679,0.3511,29.9389,42.22,On Head
26900,-0.0934,9.8450,2.0758,-12.1679,-0.8092,24.9618,42.32,On Head
26950,0.0694,9.8713,2.3846,-14.9466,2.5802,25.7405,42.27,On Head
27000,0.7015,9.3901,2.5618,-11.0076,0.9313,30.8397,42.46,On Head
27050,1.5658,9.1219,2.5857,-6.0916,2.5649,29.2366,42.60,On Head
27100,1.7166,9.7181,2.4732,-8.7481,3.6794,24.7786,42.60,On Head
27150,2.0255,9.1770,2.7629,-12.7328,7.2519,19.8931,42.27,On Head
27200,1.9034,9.6103,3.4117,-7.6794,7.8931,19.4504,42.32,On Head
27250,1.8459,9.3302,3.5458,5.1145,6.4885,22.8397,42.51,On Head
27300,2.0470,9.7516,2.7438,9.6336,1.7099,26.1221,42.32,On Head
27350,2.6384,9.4403,2.4493,4.3511,3.5420,23.2061,42.41,On Head
27400,2.7270,9.1004,2.3894,3.1908,6.0763,19.9389,42.27,On Head
27450,2.8491,9.4691,2.6576,-0.8702,8.5191,16.5496,42.32,On Head
27500,3.2848,9.3901,2.8036,-3.3435,14.2137,15.9237,42.41,On Head
27550,3.0191,9.0118,3.1220,2.1832,14.4733,12.4122,42.32,On Head
27600,2.8204,9.3158,2.7677,8.4275,6.2443,4.9924,42.27,On Head
27650,2.6935,9.4116,2.3655,5.7863,0.2137,0.0153,42.08,On Head
27700,2.7390,9.3948,2.2697,4.0153,-5.5573,-6.0611,42.22,On Head
27750,2.5929,9.7516,2.0135,0.4122,-5.1450,-6.4427,42.41,On Head
27800,2.4277,9.6199,2.1955,-2.8702,-5.4046,-12.4427,42.41,On Head
27850,2.0686,9.6774,2.2625,-3.6794,-5.2214,-11.6794,42.22,On Head
27900,1.9896,9.5888,2.3631,-5.0992,-7.9695,-10.1527,42.27,On Head
27950,1.9609,9.8593,2.2793,-7.9237,-7.7710,-12.1069,42.27,On Head
28000,1.7549,9.5553,2.5953,-5.5267,-5.5267,-12.5496,42.27,On Head
28050,1.5706,10.1418,2.2960,-3.2977,-3.0534,-7.9695,42.22,On Head
28100,1.6137,9.7707,2.3200,-4.4275,-0.0458,-6.0458,42.22,On Head
28150,1.5131,9.8354,2.4445,-0.5191,1.5573,-4.1221,42.32,On Head
28200,2.0255,10.0413,2.3200,-0.5038,4.8244,-3.3740,42.41,On Head
28250,1.3767,9.5672,2.4828,2.3664,5.8473,-6.7634,42.22,On Head
28300,1.1827,9.2464,2.3439,3.6489,3.6489,-6.2595,42.22,On Head
28350,1.0534,8.9950,2.0446,5.0687,1.0992,-2.9618,42.60,On Head
28400,1.1756,8.8681,1.7669,5.0840,2.9008,-0.5802,42.32,On Head
28450,1.0606,9.7588,1.4222,15.2977,-3.4351,-3.4046,42.41,On Head
28500,1.1851,10.5776,0.6416,11.3282,-3.6794,-8.9771,42.13,On Head
28550,0.7087,10.3621,0.5004,8.1221,-4.6565,-13.8321,42.46,On Head
28600,0.1963,10.4387,0.3687,4.7634,-6.9466,-11.8015,42.32,On Head
28650,0.6273,10.1323,0.1604,3.2672,-7.6489,1.8473,42.60,On Head
28700,1.0630,10.1466,-0.0646,2.0000,1.1756,3.5267,42.41,On Head
28750,1.2953,10.5153,-0.1891,-1.4504,13.2519,5.3435,42.41,On Head
28800,1.0080,10.3094,0.4262,-7.6031,19.1450,11.3588,42.27,On Head
28850,1.4389,10.1873,0.7326,-9.1298,17.2214,11.7252,42.22,On Head
28900,1.8028,10.0317,1.0918,-9.6641,14.7023,9.7557,42.22,On Head
28950,1.7573,9.7659,1.1756,-9.1908,18.0458,9.0992,42.51,On Head
29000,1.8483,9.3781,1.2043,-6.2137,19.6947,7.3130,42.41,On Head
29050,1.6999,9.3518,1.2905,-4.1985,25.0534,3.1908,42.27,On Head
29100,1.4724,9.7300,1.3384,-1.7405,25.7099,5.4198,42.22,On Head
29150,1.6855,10.2927,1.1636,-2.2290,28.7176,6.4275,41.99,On Head
29200,2.0135,10.3358,1.1037,-6.3664,37.7252,12.0458,42.41,On Head
29250,2.0782,9.9718,1.2665,-6.1832,53.5115,17.9084,42.32,On Head
29300,2.0830,9.8928,1.4700,-6.1374,66.1527,22.1069,42.32,On Head
29350,2.4900,9.7755,1.5371,-6.9008,80.3511,27.3740,42.08,On Head
29400,2.5426,9.3948,1.8028,-3.4962,95.4809,30.5649,42.46,On Head
29450,2.8419,9.1866,1.8842,4.5649,110.3969,29.4656,42.13,On Head
29500,2.7629,9.4715,1.6999,9.3588,126.0916,21.0840,41.99,On Head
29550,1.9178,9.4619,2.0949,13.2977,137.9847,22.1985,42.32,On Head
29600,1.4557,9.5146,2.5809,16.8244,127.9084,18.4427,42.32,On Head
29650,0.6536,9.5768,3.2106,17.5114,105.4504,8.2137,42.27,On Head
29700,0.4334,9.8186,3.2896,14.1221,72.7023,4.5954,42.27,On Head
29750,0.7183,9.8928,3.1292,10.0000,43.0840,1.1603,42.65,On Head
29800,0.8859,9.8426,3.0861,3.3435,26.4580,0.9618,42.27,On Head
29850,1.1851,9.7420,2.9832,1.6641,10.4580,1.6947,42.13,On Head
29900,1.5347,9.7205,2.7270,0.2443,6.3359,2.0763,42.27,On Head
29950,1.5562,9.5600,2.7509,4.0458,3.6641,5.7099,42.22,On Head
30000,1.8794,9.6534,2.4325,6.3969,11.4656,10.7481,42.27,On Head
30050,1.8316,9.6127,2.5091,7.9847,9.9695,13.1145,42.27,On Head
30100,1.8699,9.6702,2.3607,12.9008,5.1298,13.3282,42.22,On Head
30150,2.1787,9.8617,2.0638,7.4962,0.5496,13.3740,42.41,On Head
30200,2.3296,9.6462,2.0518,3.1908,-4.1374,12.9771,42.46,On Head
30250,2.3320,9.5936,2.1428,-0.1985,-12.2290,7.3282,42.51,On Head
30300,2.5977,9.4595,2.0853,-3.0840,-16.9313,3.4962,42.22,On Head
30350,2.5977,9.3757,1.9369,2.9008,-17.1450,2.0763,42.46,On Head
30400,2.6528,9.6845,1.6520,0.7786,-16.5191,0.0611,42.13,On Head
30450,2.5402,9.7540,1.7358,-1.8779,-17.2519,-0.0153,42.22,On Head
30500,2.5642,9.6055,1.7310,-1.5878,-20.1069,-0.4122,42.27,On Head
30550,2.5355,9.7588,1.6735,-2.8855,-22.4122,-3.1756,42.46,On Head
30600,2.2410,9.5864,1.8124,-1.7099,-31.4504,-6.6718,42.32,On Head
30650,1.9585,9.8114,1.7885,-0.5496,-46.3817,-10.7634,42.22,On Head
30700,1.8938,9.9144,1.5036,-8.1374,-67.1603,-16.7634,42.22,On Head
30750,2.0853,9.7348,1.4509,-16.7634,-82.4580,-22.6718,42.32,On Head
30800,2.2889,9.6079,1.1779,-17.6947,-90.2901,-31.7557,42.27,On Head
30850,0.6177,10.7164,0.9457,-21.2519,-116.1069,-33.4046,42.51,On Head
30900,2.0686,9.9192,0.8978,-52.1832,-111.4198,-30.5496,42.27,On Head
30950,1.6328,9.3278,1.5036,-24.8397,-105.7863,-31.7252,42.41,On Head
31000,1.9106,9.8713,1.2354,-25.2519,-92.0763,-20.8244,42.32,On Head
31050,1.8842,9.7300,1.3815,-19.0687,-74.5496,-20.6107,42.08,On Head
31100,1.3120,10.0437,1.6257,-15.6947,-65.1908,-8.1069,42.65,On Head
31150,1.4269,10.1275,1.5610,-16.0458,-58.1221,0.6107,42.27,On Head
31200,1.9609,10.2639,1.6089,-22.7023,-44.6718,5.6947,42.13,On Head
31250,0.9816,9.8378,2.1021,-21.5725,-33.7710,10.3053,42.46,On Head
31300,2.3296,9.6055,1.8842,-27.5267,-33.8931,6.5496,42.27,On Head
31350,2.3703,9.4188,2.2841,-21.8626,-13.3588,3.0840,42.46,On Head
31400,2.1141,9.1818,2.7078,-15.1298,-2.4885,4.2443,42.51,On Head
31450,1.9896,9.7540,3.0143,-11.0840,-1.9237,12.8397,42.46,On Head
31500,2.2697,9.0094,3.3543,-4.9008,-0.4885,9.4351,42.22,On Head
31550,1.9249,9.5624,3.0885,3.2672,-8.3969,6.0611,42.22,On Head
31600,2.5953,9.3063,2.8347,5.0840,-6.0763,1.9847,42.13,On Head
31650,2.0542,9.5026,2.7677,9.4198,-9.0992,1.4046,42.41,On Head
31700,2.1859,9.3925,2.5953,8.9924,-10.2901,-2.0458,42.22,On Head
31750,1.9656,9.6079,2.4397,7.1603,-16.4275,-1.0840,42.32,On Head
31800,2.0183,9.5433,2.6001,8.6565,-21.8015,-3.0840,42.22,On Head
31850,2.0327,9.4451,2.4014,8.6260,-26.8397,-0.5038,42.60,On Head
31900,1.7717,9.7779,2.0255,9.6336,-34.0458,-0.5344,42.65,On Head
31950,1.9609,10.0533,1.6807,2.3511,-37.8015,2.0611,42.13,On Head
32000,2.2458,9.9479,1.5299,-2.4122,-39.3588,5.3435,42.22,On Head
32050,2.2984,9.8928,1.5275,-4.3511,-39.2061,7.0076,42.41,On Head
32100,2.8419,9.5912,1.4605,-6.0763,-33.7557,6.9160,41.94,On Head
32150,2.8635,9.6223,1.4676,-3.9389,-25.9084,7.4046,42.13,On Head
32200,2.9544,9.5241,1.3934,0.1527,-17.6794,9.1603,42.65,On Head
32250,2.9449,10.0916,1.3001,-0.2443,-11.5420,13.5115,42.46,On Head
32300,2.7725,9.4236,1.3408,-1.9389,-6.8855,30.5954,42.41,On Head
32350,3.2729,9.7971,1.1181,0.6107,-6.7481,26.4886,42.08,On Head
32400,3.5578,9.3039,1.2522,-6.7328,-4.1832,25.9237,42.22,On Head
32450,4.0294,9.0453,1.2833,-0.6870,0.7634,16.0458,42.60,On Head
32500,4.1013,9.0501,1.3767,-1.0534,2.8092,7.6794,42.32,On Head
32550,3.9576,9.2680,1.3527,2.3359,6.8702,0.2137,42.51,On Head
32600,3.7182,9.3637,1.3312,1.0382,6.8244,2.9160,42.65,On Head
32650,3.8235,9.3398,1.1708,-0.5038,7.5878,2.5191,42.46,On Head
32700,3.8211,9.3518,1.2905,-1.3740,10.3817,3.7710,41.99,On Head
32750,4.1515,9.2488,1.2115,-1.8779,14.3664,0.6412,42.27,On Head
32800,4.1659,9.2943,1.2186,-1.2366,23.8931,-1.4962,42.32,On Head
32850,4.1396,9.2536,1.2330,-1.5725,34.3969,1.0229,42.41,On Head
32900,4.3144,9.0740,1.3551,0.1374,46.9160,0.0916,42.41,On Head
32950,4.1037,9.2895,1.3910,1.6489,59.5115,1.2672,42.32,On Head
33000,3.9552,8.9735,1.7526,5.1450,66.6107,1.3435,42.32,On Head
33050,3.8403,9.1937,1.9130,9.0382,70.5649,-2.3511,42.22,On Head
33100,3.3902,9.1195,2.2098,7.8626,70.3359,-2.1374,42.22,On Head
33150,3.4620,9.0357,2.2913,11.2672,64.4122,-8.2443,42.46,On Head
33200,3.2513,9.3015,2.3320,7.2824,61.6336,-13.3740,42.32,On Head
33250,2.8084,9.1339,2.6504,7.2977,53.7710,-18.1221,42.32,On Head
33300,2.5929,9.3948,2.5546,7.1603,47.6947,-19.0229,42.32,On Head
33350,2.3200,9.2775,2.5498,10.7176,43.6641,-18.5496,42.08,On Head
33400,2.2410,9.4092,2.3894,14.3664,44.1374,-17.2519,42.46,On Head
33450,1.9920,9.7588,2.2697,15.2672,42.6260,-12.9771,42.51,On Head
33500,1.7071,9.7109,2.2649,14.5344,37.5725,-14.0611,42.32,On Head
33550,1.0630,10.0963,2.4157,10.8855,22.5191,-12.2137,42.27,On Head
33600,1.2210,9.9695,2.2769,3.5573,6.1679,-12.9008,42.41,On Head
33650,1.3168,9.9072,2.3750,0.9313,-5.6947,-8.9466,42.51,On Head
33700,1.8435,9.7181,1.9896,5.5267,-10.7481,-5.4656,42.51,On Head
33750,2.1476,9.7683,1.6688,8.0611,-9.4504,-5.6794,42.51,On Head
33800,2.0183,9.6007,1.3192,7.3588,-7.2824,-8.8092,42.65,On Head
33850,1.8986,9.6223,0.9242,6.9160,-2.9008,-10.5954,42.32,On Head
33900,1.6113,9.6486,0.8930,6.6870,-0.6870,-12.3511,42.32,On Head
33950,0.9409,9.3111,1.0391,9.8015,-11.0840,-13.2366,42.46,On Head
34000,0.8284,10.3070,0.8906,10.3206,-46.7939,-18.4886,42.22,On Head
34050,1.3024,9.9311,0.4669,-4.2748,-68.2443,-43.2824,42.22,On Head
34100,0.7159,10.3262,0.1101,-16.6565,-70.0458,-46.6107,42.51,On Head
34150,0.2969,10.3022,0.2418,-18.7023,-70.0153,-41.7405,42.51,On Head
34200,0.0551,10.2328,0.5674,-24.9008,-57.4809,-26.8855,42.32,On Head
34250,-0.0024,10.4339,1.1995,-21.8473,-55.8626,-22.3359,42.41,On Head
34300,-0.1030,10.6063,1.8603,-19.5420,-49.2824,-15.8931,41.99,On Head
34350,-0.0383,10.1035,2.3583,-10.6260,-49.1603,-14.5802,42.41,On Head
34400,-0.1460,9.4260,2.7845,-14.0916,-43.9847,-24.1527,42.27,On Head
34450,-0.5267,8.1283,3.3782,-3.7863,-46.1679,-27.7863,42.32,On Head
34500,-0.3615,8.8753,3.5003,10.6260,-54.7328,-27.4046,42.27,On Head
34550,0.1939,9.6606,3.3495,-0.8092,-47.3130,-36.5802,42.46,On Head
34600,-0.9337,9.7085,3.9456,-2.8092,-43.8168,-29.5878,42.41,On Head
34650,-0.3017,9.9048,4.0438,3.0076,-40.0458,-24.3359,42.32,On Head
34700,-0.9050,9.4379,3.8499,9.4198,-31.6336,-21.0229,42.27,On Head
34750,-0.9409,9.3877,3.4477,14.7023,-30.0305,-18.5954,42.32,On Head
34800,-0.8763,9.0716,3.2968,18.1221,-25.1450,-9.9847,42.32,On Head
34850,0.0096,9.1722,2.7916,20.9618,-20.2443,-6.9924,42.32,On Head
34900,-0.2418,8.6598,2.9209,27.4504,-17.9847,-15.5420,42.41,On Head
34950,-0.7518,10.1514,2.4732,15.1145,-17.4504,-31.3740,42.32,On Head
35000,-1.6927,9.8497,2.4684,10.6718,-11.1450,-32.4733,42.13,On Head
35050,-1.7406,9.9623,2.3727,14.1679,-10.8092,-11.0687,42.51,On Head
35100,-0.6129,10.1083,2.2889,18.1985,-3.2519,-4.7328,42.41,On Head
35150,-0.9816,9.6223,1.2091,15.5115,6.8397,-31.2061,42.51,On Head
35200,-4.2856,10.3908,0.9792,7.2672,0.4275,-34.3817,42.27,On Head
35250,-4.4532,11.1115,0.8595,-15.7405,-24.7023,-5.8626,42.46,On Head
35300,-3.7637,9.7492,1.0295,-19.0534,-28.9618,16.7786,42.32,On Head
35350,-2.4469,9.2727,0.9792,-7.7557,-22.8244,12.2595,42.41,On Head
35400,-2.7677,8.2361,1.3024,-3.1756,-13.5115,14.0000,42.51,On Head
35450,-2.1117,7.8961,1.4245,5.4198,-7.3740,5.6489,42.46,On Head
35500,-2.5163,8.4611,1.2234,10.7328,3.6794,-5.3282,42.27,On Head
35550,-2.9832,9.0237,1.1109,12.1832,3.4198,-8.5954,42.41,On Head
35600,-3.1556,8.8921,1.0702,10.1069,5.9542,-9.0840,42.32,On Head
35650,-3.2705,9.5122,0.8595,9.3435,11.6336,-12.2290,42.27,On Head
35700,-3.9528,7.8147,2.2817,-13.8015,-0.1832,-3.2061,42.65,On Head
35750,-3.4093,8.3965,1.2402,16.9008,-13.6336,-31.7252,42.46,On Head
35800,-4.2138,9.3781,0.3783,8.5954,-4.0000,-26.9160,42.32,On Head
35850,-4.0845,9.3182,0.1844,9.1450,2.3511,-32.8397,42.32,On Head
35900,-4.8315,9.5553,0.3400,-2.1374,5.4656,-35.6489,42.32,On Head
35950,-4.9440,9.3230,0.5842,-6.1679,7.3740,-27.8473,42.32,On Head
36000,-5.4277,9.4379,0.7494,-9.1756,10.6107,-27.5573,42.41,On Head
36050,-4.9129,8.6335,0.7111,-12.1221,12.2901,-26.3206,42.22,On Head
36100,-4.3622,8.3462,0.7446,-16.6260,20.3511,-34.9160,42.41,On Head
36150,-5.3056,8.0996,1.1444,-18.6412,30.5038,-43.8626,42.27,On Head
36200,-6.2393,8.2337,1.1037,-9.5878,24.3969,-31.7252,42.22,On Head
36250,-5.8538,8.4922,0.6129,-5.5573,25.6794,-22.7786,42.60,On Head
36300,-6.0238,8.2169,0.5124,-7.1756,26.8244,-12.6565,42.41,On Head
36350,-6.3183,8.1810,0.4980,-8.1679,22.7328,-3.2672,42.27,On Head
36400,-5.8945,8.3103,0.1963,-10.6260,19.8626,-3.4962,42.46,On Head
36450,-5.7174,7.9128,0.4573,-13.8321,15.9847,1.6489,42.13,On Head
36500,-5.7174,7.8889,0.6728,-15.1603,12.7481,-2.9618,42.60,On Head
36550,-5.7557,7.7261,0.7661,-12.2901,8.4122,-0.9924,42.22,On Head
36600,-5.7150,7.6567,0.9481,-5.8168,4.5802,-0.9771,42.41,On Head
36650,-5.6934,7.8075,0.7829,-2.3817,-0.7176,-1.4046,42.41,On Head
36700,-5.4564,7.8554,0.5459,1.7557,-0.7481,-0.8092,42.41,On Head
36750,-5.6120,8.1547,0.4022,1.9389,0.3969,0.9313,42.65,On Head
36800,-5.4923,8.0278,0.3280,0.3969,2.2137,2.6412,42.41,On Head
36850,-5.3917,8.3246,0.3089,-2.2595,1.8626,-0.8244,42.41,On Head
36900,-5.5258,8.2361,0.3831,-4.9160,5.1298,2.1985,42.27,On Head
36950,-5.4324,8.1307,0.4956,-6.3817,5.1603,2.8397,42.32,On Head
37000,-5.3391,7.8721,0.6033,-5.2824,5.7557,0.2748,42.22,On Head
37050,-5.5929,7.9272,0.7063,-4.6718,4.7328,-0.3359,42.32,On Head
37100,-5.3606,7.9918,0.7063,-4.1527,3.4504,1.0534,42.22,On Head
37150,-5.3989,8.0014,0.5315,-3.9389,5.4351,-1.4351,41.99,On Head
37200,-5.4444,8.0325,0.4980,-3.2061,5.7863,-1.5573,42.22,On Head
37250,-5.4612,7.7716,0.5076,-1.9847,7.9542,-0.0153,42.65,On Head
37300,-5.6192,8.0493,0.5794,-0.0916,6.5649,-0.7328,42.32,On Head
37350,-5.6455,8.0038,0.3280,1.7710,4.4275,1.2519,42.46,On Head
37400,-5.6671,8.2001,0.1484,1.9695,2.9313,1.9237,42.13,On Head
37450,-5.5019,8.0900,0.0503,-0.3817,0.7481,1.8015,42.46,On Head
37500,-5.4181,8.1068,0.0407,-2.1221,0.0916,-0.2290,42.32,On Head
37550,-5.6024,8.1810,0.1556,-5.3588,0.7176,-1.4809,42.46,On Head
37600,-5.6814,8.1403,0.1197,-5.0229,-0.4427,1.1298,42.46,On Head
37650,-5.5498,8.1762,0.1963,-5.1450,0.6412,4.0305,42.27,On Head
37700,-5.3917,8.0637,0.1460,-6.4885,1.9389,4.3206,42.60,On Head
37750,-5.4181,8.1738,0.2801,-6.2137,3.5267,4.1985,42.51,On Head
37800,-5.4708,8.2049,0.3017,-6.2595,3.7710,6.1374,42.41,On Head
37850,-5.3846,8.3151,0.2298,-7.1756,10.5191,9.8321,42.60,On Head
37900,-5.4420,8.3151,0.2945,-4.9008,16.7634,18.5802,42.22,On Head
37950,-5.5402,8.5425,0.2274,-4.1832,21.0687,29.6794,41.99,On Head
38000,-5.1116,8.5593,0.1125,-2.4885,20.9313,33.9389,42.65,On Head
38050,-4.6184,8.6215,-0.1053,-3.7557,22.7328,32.2595,42.32,On Head
38100,-4.5729,8.7532,-0.1556,-5.2824,22.3817,31.8015,42.32,On Head
38150,-4.2665,9.0214,-0.1891,-4.3359,25.8168,34.0611,42.41,On Head
38200,-3.8547,8.9902,-0.2897,-6.3664,19.5420,33.7710,42.41,On Head
38250,-3.3399,9.0812,-0.4070,-6.8092,19.4198,30.4122,42.32,On Head
38300,-3.2896,8.9328,-0.2538,-7.8931,18.1832,23.3588,42.32,On Head
38350,-3.5099,9.2225,-0.1915,-9.8015,13.7557,17.8168,42.60,On Head
38400,-3.4572,9.1985,-0.2155,-11.8931,9.1450,17.7863,42.27,On Head
38450,-3.3088,9.3565,-0.2298,-10.9008,8.8244,16.3511,42.32,On Head
38500,-3.2920,9.4092,-0.1413,-9.9695,6.9618,13.6947,42.27,On Head
38550,-3.2705,9.2919,-0.1317,-8.5496,2.8092,11.3740,42.27,On Head
38600,-2.9616,9.5002,-0.3903,-8.9924,1.6794,8.6870,42.46,On Head
38650,-3.1244,9.6774,-0.4022,-10.7328,3.0840,10.5802,42.46,On Head
38700,-3.2178,9.6103,-0.1460,-13.3130,3.0076,12.0000,42.22,On Head
38750,-3.3806,9.7636,-0.0766,-16.6107,2.4733,11.2214,42.22,On Head
38800,-3.4644,9.5409,0.0862,-18.9313,1.1603,16.1832,42.46,On Head
38850,-3.3471,9.5720,0.2059,-19.5267,-0.7939,17.6489,42.27,On Head
38900,-3.5626,9.6869,0.2107,-19.3130,-3.4504,23.0534,42.51,On Head
38950,-3.0813,9.6367,0.1652,-18.7328,-4.8244,31.9847,42.32,On Head
39000,-2.4493,9.7731,0.1101,-19.1145,-2.5802,36.0153,42.60,On Head
39050,-2.1284,9.8881,0.2514,-23.4504,1.2061,39.4656,42.27,On Head
39100,-1.2617,9.5984,0.6512,-25.0992,5.6489,41.1145,42.27,On Head
39150,-0.6345,9.7157,1.3982,-28.0916,7.9084,38.4427,42.60,On Head
39200,0.6847,9.3733,1.9585,-19.8779,6.1527,30.9618,42.41,On Head
39250,1.0199,9.5026,2.6408,-21.5573,12.3206,26.2137,42.60,On Head
39300,1.5562,9.1028,2.8802,-11.6794,4.4580,30.0763,42.27,On Head
39350,2.2098,8.9495,2.6193,-14.5649,4.8092,27.1603,42.41,On Head
39400,2.2338,9.4978,3.2010,-14.3511,1.9084,23.7863,42.22,On Head
39450,2.8994,9.9814,2.9425,-16.7634,3.4809,17.4656,42.46,On Head
39500,2.3032,9.6271,3.5314,-22.1832,11.0534,5.8931,42.60,On Head
39550,1.4126,9.0501,4.0390,-24.6107,12.7176,-1.0992,42.22,On Head
39600,0.7422,8.7125,4.8028,-15.0687,7.0992,6.4733,42.65,On Head
39650,1.6233,8.7963,4.6471,-0.8397,1.5573,16.8397,42.46,On Head
39700,2.3439,8.9519,4.3718,7.7710,-2.3511,14.3206,42.65,On Head
39750,2.7916,9.3757,3.8523,10.8702,-2.6718,5.8321,42.22,On Head
39800,2.6839,9.3039,3.4429,8.8702,-0.5038,0.6565,42.46,On Head
39850,2.7078,9.5026,2.7916,1.9847,3.2977,1.2519,42.32,On Head
39900,2.3607,9.2416,3.0047,-6.9160,8.4580,-1.4962,42.41,On Head
39950,1.9106,9.4475,3.4955,-2.5344,4.8550,-0.2290,42.46,On Head
40000,2.1931,9.8641,3.3830,0.2595,3.4656,-5.5725,42.32,On Head
40050,1.4485,9.4930,2.9090,5.9847,1.6794,-13.9847,42.60,On Head
40100,1.1277,9.6007,2.2194,8.2901,-0.7939,-11.6031,42.65,On Head
40150,1.3910,9.6606,2.1404,1.7405,1.0229,-3.9389,42.46,On Head
40200,1.2282,9.2153,2.4469,3.1603,3.7863,-3.4198,42.41,On Head
40250,1.0175,9.4906,2.1452,6.7176,3.4504,-3.1145,42.27,On Head
40300,1.0223,9.2201,1.7190,5.8473,5.8931,-2.9160,42.32,On Head
40350,0.8021,9.5457,1.5826,9.5878,6.4275,1.0229,42.51,On Head
40400,1.4916,10.4220,1.2809,6.8550,12.1069,4.9771,42.46,On Head
40450,1.4174,10.4770,1.0822,5.0076,20.5344,0.4122,42.32,On Head
40500,0.5794,10.6398,0.6345,2.0458,34.8550,1.4351,42.60,On Head
40550,-0.2945,10.4172,1.0223,-0.6412,37.9237,23.7863,42.46,On Head
40600,0.5171,9.4834,0.9864,0.7939,38.2443,32.8855,42.51,On Head
40650,2.0901,10.0054,0.3041,3.0534,56.0000,39.3740,42.60,On Head
40700,4.5993,10.7308,-0.8284,3.5420,112.3359,49.6489,42.32,On Head
40750,3.2465,10.2400,0.2969,32.7634,150.1527,63.8321,42.32,On Head
40800,3.1699,9.9264,0.4477,31.3893,154.0763,57.5878,42.46,On Head
40850,2.9568,9.2656,0.6536,30.8092,139.8473,38.0916,42.41,On Head
40900,2.9257,9.2153,0.7494,22.8092,121.4046,23.8321,42.32,On Head
40950,3.1603,9.3063,0.9481,13.5267,110.9313,15.1603,42.22,On Head
41000,3.0885,10.2544,0.7470,8.3206,108.6107,18.5649,42.51,On Head
41050,2.9353,9.9096,1.4006,2.9466,104.7023,31.1756,42.65,On Head
41100,3.1987,9.3972,1.5562,3.5725,94.7634,28.7634,42.46,On Head
41150,3.0406,9.0836,1.9896,0.4580,85.3588,23.2824,42.60,On Head
41200,3.0239,9.3326,2.3296,-2.2901,66.9160,15.0992,42.41,On Head
41250,3.2753,9.7659,3.2250,-9.9389,50.2443,2.5802,42.46,On Head
41300,2.4325,8.8681,3.7996,-4.9008,32.1679,-8.9160,42.65,On Head
41350,2.5570,8.3869,3.9576,-7.0076,17.3740,-27.1450,42.27,On Head
41400,1.8172,7.4460,4.6998,2.1221,7.0534,-49.2061,42.60,On Head
41450,1.8699,8.7747,4.5274,3.7557,-0.1985,-74.4427,42.22,On Head
41500,0.2011,8.5186,5.1140,7.5573,-2.2137,-88.6107,42.41,On Head
41550,-0.6081,9.0764,4.8530,15.5725,-13.1603,-85.4046,42.51,On Head
41600,-0.9912,8.8969,4.3527,20.2290,-16.8855,-77.6031,42.27,On Head
41650,-1.7454,9.8234,3.7876,25.7099,-18.0458,-59.9847,42.46,On Head
41700,-1.5610,9.4188,3.2633,25.5573,-19.6183,-45.4504,42.51,On Head
41750,-1.2737,10.1610,2.7581,13.9389,-11.8626,-41.0840,42.27,On Head
41800,-1.6879,9.3134,3.2250,5.6489,-8.4427,-42.6870,42.46,On Head
41850,-1.9393,9.6534,3.1675,10.1527,-5.1603,-31.3435,42.51,On Head
41900,-2.0590,9.4212,3.0765,10.4885,0.0763,-18.6565,42.22,On Head
41950,-1.8699,9.2584,2.9688,12.9160,1.1145,-10.4122,42.51,On Head
42000,-1.8124,9.5241,2.7869,9.6183,-1.1298,-4.1985,42.60,On Head
42050,-1.7502,9.3805,2.8683,8.1069,-0.5038,-0.5344,42.51,On Head
42100,-2.2577,9.8904,2.7294,10.7176,-1.6336,9.4809,42.27,On Head
42150,-2.8539,10.1849,2.6839,14.5649,-5.6947,33.0687,42.41,On Head
42200,-2.1332,10.1035,2.4038,18.7481,-13.9237,49.3282,42.27,On Head
42250,-0.9361,12.6462,2.1093,23.1756,-16.1527,59.1603,42.32,On Head
42300,-0.4884,11.6837,0.7494,14.4275,-9.2214,52.9618,42.60,On Head
42350,-0.2945,10.6877,0.1508,3.0229,2.8092,43.3435,42.60,On Head
42400,-0.9792,9.5648,0.1030,-0.1985,10.4122,29.3282,42.32,On Head
42450,-1.1732,8.7101,-0.2418,-0.2595,7.9847,43.1450,42.46,On Head
42500,0.9170,8.6239,-0.6464,4.3817,4.7328,50.1832,42.32,On Head
42550,1.6017,10.3932,-1.3671,3.9389,10.5496,32.7786,42.46,On Head
42600,1.4006,10.4076,-1.5730,-4.6565,17.8321,32.7634,42.32,On Head
42650,2.2170,9.6822,-1.3767,-20.4580,24.4275,32.0000,42.27,On Head
42700,2.3870,9.0261,-0.5291,-31.4504,38.9160,24.4427,42.51,On Head
42750,2.2051,8.7245,0.3424,-36.5802,40.7328,17.5420,42.41,On Head
42800,1.9728,8.3558,1.0175,-39.6183,33.9237,22.2137,42.46,On Head
42850,2.2027,9.1411,1.2522,-34.1527,26.6107,21.3893,42.32,On Head
42900,1.6520,10.7260,1.6568,-28.0305,16.0458,34.4885,42.46,On Head
42950,1.5826,11.0492,2.5426,-15.4809,-11.8168,39.3435,42.08,On Head
43000,6.2177,17.6788,4.1013,-49.8015,-3.4504,43.9847,42.13,On Head
43050,3.2034,8.9447,5.3965,-35.5267,-10.7328,19.1603,42.22,On Head
43100,3.7757,7.7668,4.5801,-20.3206,-30.2901,2.3511,42.41,On Head
43150,3.0406,6.6726,4.9177,-14.8702,-21.4962,-16.7176,42.41,On Head
43200,2.5498,7.6974,5.3846,3.4962,-25.6031,-1.3282,42.46,On Head
43250,3.0670,7.8338,4.8004,8.8397,-26.9008,-11.2672,42.22,On Head
43300,2.7414,8.3414,4.0294,17.8779,-29.2824,-17.4046,42.32,On Head
43350,1.6712,8.5066,3.3351,21.0534,-39.8015,-19.7863,42.32,On Head
43400,0.7757,9.6343,3.0622,-0.3664,-91.5420,-20.0611,42.22,On Head
43450,2.7509,7.7644,2.6336,-18.5191,-113.6336,-27.1450,42.32,On Head
43500,3.5841,8.7652,1.6999,-8.4580,-107.8168,-24.7786,42.32,On Head
43550,3.8714,9.3039,1.6927,-0.5496,-79.2214,-18.7176,42.41,On Head
43600,4.9177,10.3022,1.5227,0.9924,-49.7863,-9.0382,42.27,On Head
43650,4.5274,9.6223,1.4653,6.6107,-21.7710,-5.5725,42.13,On Head
43700,5.0159,13.8098,2.0375,14.4885,-13.3893,7.4809,42.27,On Head
43750,3.8930,11.5784,0.8332,4.7939,0.1527,-13.4809,42.51,On Head
43800,1.1229,8.5904,0.1676,5.5115,3.6947,-30.6260,42.41,On Head
43850,0.5148,9.7947,-0.3615,13.6031,-12.4733,-4.5191,42.27,On Head
43900,2.2577,10.4124,-1.3623,-3.3893,1.4198,-5.7863,41.99,On Head
43950,1.2785,9.4930,-0.6369,-19.3130,13.4046,-7.1603,42.32,On Head
44000,1.9225,9.5720,-0.2370,-27.1603,20.8244,-2.2748,42.46,On Head
44050,1.9201,9.1770,0.6632,-31.9084,35.7252,-4.3511,42.46,On Head
44100,1.9776,8.7197,0.9912,-25.7863,46.6718,7.1145,42.41,On Head
44150,2.1141,8.9471,0.9601,-12.2443,65.2214,16.9618,42.08,On Head
44200,2.0638,9.9096,1.0199,-16.8092,78.6870,15.8321,42.41,On Head
44250,1.4461,10.5919,2.3703,-14.9924,79.7710,20.2137,42.46,On Head
44300,1.3408,10.7260,2.7318,-6.5496,73.0076,23.7557,42.41,On Head
44350,2.6887,13.3429,4.4293,-1.4504,61.3893,45.1145,42.27,On Head
44400,4.6543,11.1306,3.5578,15.4504,56.4427,23.8168,42.46,On Head
44450,1.8627,8.3749,4.5059,-7.2214,71.5573,10.1832,42.46,On Head
44500,2.0039,6.9959,5.3486,-2.7328,67.1298,23.7405,42.60,On Head
44550,2.0614,7.9559,5.8802,12.2595,51.5420,25.8626,42.22,On Head
44600,2.6025,7.7620,5.1523,15.0534,43.2061,14.7023,42.13,On Head
44650,1.8603,7.2544,4.9081,32.0916,27.1908,8.0458,42.41,On Head
44700,1.8124,7.7907,4.1731,45.1298,8.7634,-2.7328,42.13,On Head
44750,1.8818,8.5928,2.8563,51.4504,-9.9542,-0.0458,42.08,On Head
44800,3.1173,9.1195,1.7717,36.0458,-13.0076,12.4580,42.46,On Head
44850,3.6033,8.7245,1.7813,24.7939,-3.0840,6.5344,42.46,On Head
44900,3.5602,10.3022,1.9369,18.9466,7.2366,5.0840,42.22,On Head
44950,3.2825,10.3190,2.1284,10.9160,14.8092,10.9466,42.27,On Head
45000,5.4875,15.9478,2.9688,13.3130,20.8397,26.8702,41.99,On Head
45050,3.6392,11.9830,2.6863,22.4733,17.8473,18.9466,42.22,On Head
45100,2.2649,7.7405,0.9002,57.5267,3.6947,22.5191,42.27,On Head
45150,2.8706,9.9335,-1.9704,55.3282,6.4733,21.1603,42.22,On Head
45200,3.9528,9.8737,-2.4636,23.8473,-0.0305,40.3206,42.32,On Head
45250,5.4348,8.8681,-2.7845,-5.2366,5.3893,8.1985,42.13,On Head
45300,4.7046,8.8992,-1.5371,-29.5420,13.8321,-18.5649,42.22,On Head
45350,4.2186,8.2911,-0.7135,-34.5344,22.8244,-34.9618,42.60,On Head
45400,3.0933,8.4755,0.2897,-33.5420,21.3282,-32.7328,42.27,On Head
45450,3.2106,8.5545,0.6680,-31.8321,16.5954,-20.2595,42.08,On Head
45500,3.1196,8.8274,0.9984,-26.1527,17.3282,-18.2443,42.32,On Head
45550,2.9904,10.1394,1.3647,-21.4198,5.0992,-12.6107,42.27,On Head
45600,3.1005,10.0963,0.9649,-22.4427,0.6260,-15.0840,42.41,On Head
45650,2.8276,11.6957,1.3815,-26.0458,-4.6260,-6.8550,42.22,On Head
45700,4.5370,9.7133,1.4174,-26.8702,-1.8321,-13.0687,42.13,On Head
45750,1.5395,9.0237,3.6871,-53.3130,4.7023,-18.7023,42.27,On Head
45800,0.5148,7.9895,5.3199,-50.9008,-3.5267,-12.0763,42.13,On Head
45850,0.9098,8.0685,5.9496,-30.9924,-15.2366,9.0992,42.08,On Head
45900,2.0973,7.8290,5.7604,-17.0840,-13.7863,21.8473,42.08,On Head
45950,2.1931,7.2401,5.5186,11.6947,-26.3206,18.9618,42.27,On Head
46000,3.1651,7.3813,4.1132,28.4122,-31.6489,-5.0229,42.41,On Head
46050,2.9880,8.1283,3.2082,29.1756,-30.5802,-21.7252,41.99,On Head
46100,3.1388,8.6359,2.6600,28.8092,-26.7939,-17.5725,42.51,On Head
46150,3.4022,9.3877,2.4756,12.5954,-12.6107,-12.2443,42.13,On Head
46200,3.1268,9.1770,3.1723,14.0458,-2.9924,-10.7023,42.51,On Head
46250,2.7031,10.1825,2.6935,15.2977,-0.0916,-11.3130,42.41,On Head
46300,4.0510,15.0619,3.4117,19.3588,2.9924,13.0992,42.22,On Head
46350,3.8044,11.0708,1.8220,14.1832,9.8931,-1.6947,42.22,On Head
46400,2.3583,9.1818,0.9768,18.5802,11.5878,-8.3053,41.94,On Head
46450,1.0319,7.7452,-0.4238,25.1145,7.0076,-27.5725,41.94,On Head
46500,1.7669,10.1730,-0.5722,8.8702,-5.8473,-5.3893,42.22,On Head
46550,2.0758,9.9216,-0.6440,-7.6489,-2.8244,-23.8626,42.08,On Head
46600,1.4868,10.0772,-0.0694,-24.2290,-4.4580,-25.8168,41.99,On Head
46650,1.8842,9.3206,0.5986,-30.9466,3.2061,-28.1527,42.32,On Head
46700,1.4988,9.0429,1.8268,-25.0382,11.1908,-25.8473,41.99,On Head
46750,1.3240,8.5353,1.8675,-8.7634,13.7252,-22.5649,42.22,On Head
46800,0.8499,8.9352,1.4844,-0.6107,12.0305,-28.4275,42.41,On Head
46850,0.0862,9.7899,1.4126,6.9008,-0.9924,-23.5114,42.08,On Head
46900,0.5555,11.1330,0.9170,0.4122,-9.4504,-13.2824,42.46,On Head
46950,0.4884,10.6039,1.1253,-5.8015,-11.0229,-4.7786,42.08,On Head
47000,0.1844,10.0413,1.3216,-6.6565,-16.5802,3.0382,42.08,On Head
47050,2.2362,16.2471,2.4325,1.8473,-25.9237,16.6412,42.32,On Head
47100,1.5826,13.4075,2.1237,-13.7710,-21.8473,-18.5649,42.08,On Head
47150,-0.1772,10.2256,3.4189,-35.6641,-15.2214,-22.9771,42.22,On Head
47200,-1.5562,7.9464,4.4077,-30.5496,-24.0763,-0.1221,42.22,On Head
47250,-0.1628,7.5322,4.1803,-12.3511,-42.1832,24.7786,42.32,On Head
47300,1.0032,8.2169,4.1084,-9.2672,-43.0229,-1.4046,42.13,On Head
47350,0.1724,9.3996,4.3144,-6.3817,-39.5115,-15.7405,42.32,On Head
47400,-0.6608,8.3797,4.1755,3.1145,-40.0000,-15.0229,42.13,On Head
47450,-0.6536,9.5217,3.3806,14.2443,-43.2672,-10.6412,42.22,On Head
47500,-0.7422,9.7827,3.1915,10.7786,-45.7863,2.3664,42.22,On Head
47550,-0.2514,9.0621,2.8826,8.3511,-47.2214,7.6641,42.22,On Head
47600,1.3838,10.4914,1.4006,7.2672,-29.7863,-9.7710,42.22,On Head
47650,-0.0982,10.3070,2.3535,-18.1069,4.8702,-0.3969,42.32,On Head
47700,-0.2538,9.3302,3.5721,-11.6336,3.1450,21.0229,42.27,On Head
47750,1.3431,9.2871,3.2346,-1.6336,-4.3206,14.8855,41.99,On Head
47800,0.5674,10.3477,2.6791,2.1679,-9.0382,20.0611,42.41,On Head
47850,1.2833,8.8705,2.4684,19.3893,-25.7252,21.0229,42.27,On Head
47900,1.6688,9.3326,1.2019,24.6107,-32.4122,15.3893,42.13,On Head
47950,1.2043,8.7245,0.7805,13.0840,-37.5725,14.7939,42.13,On Head
48000,1.7334,9.9311,0.1939,3.4656,-50.7023,3.8015,42.27,On Head
48050,1.2570,11.1618,0.4262,-14.1679,-71.7252,-18.9618,42.27,On Head
48100,-0.1556,11.1426,1.0630,-28.9618,-105.4046,-41.4198,42.41,On Head
48150,-0.3400,10.5034,1.3479,-40.3511,-135.4046,-35.2824,42.13,On Head
48200,0.2610,9.4499,1.5897,-35.1298,-153.3435,-23.1908,42.13,On Head
48250,1.8196,9.0740,0.5698,-24.0916,-149.2824,-24.6870,42.22,On Head
48300,2.3750,10.0724,-0.4908,-16.4122,-121.3588,-35.5725,41.99,On Head
48350,1.3695,10.7164,-0.2801,-32.0000,-91.1450,-46.5954,41.99,On Head
48400,-0.1245,10.3693,1.1253,-39.1908,-74.5343,-44.7328,42.22,On Head
48450,-0.8763,9.3757,2.1069,-25.0992,-77.9237,-26.8702,42.32,On Head
48500,0.5219,9.6630,2.3415,-6.5802,-87.5573,-13.4504,41.99,On Head
48550,1.7095,9.6630,1.7071,-0.8092,-96.5954,-20.8244,42.22,On Head
48600,1.2737,8.6862,1.4796,-7.1603,-101.3435,-26.4886,42.08,On Head
48650,1.7526,10.2520,1.9369,-26.0000,-94.8855,-26.5802,42.08,On Head
48700,1.6903,10.1251,3.0574,-52.3359,-82.0458,-22.3359,41.94,On Head
48750,1.0678,9.9934,5.0302,-69.7099,-67.3893,-28.5344,42.22,On Head
48800,0.1389,9.1866,6.5888,-69.9389,-55.0076,-26.8702,42.41,On Head
48850,-0.7111,8.2361,7.4412,-50.5802,-54.2290,-15.0534,42.41,On Head
48900,-0.1413,7.8817,7.3646,-33.9695,-51.9237,7.4198,42.22,On Head
48950,0.2418,7.4484,7.9152,-17.2977,-57.3282,19.7710,42.27,On Head
49000,1.3671,7.4962,7.4460,-4.8550,-62.3511,15.8626,42.22,On Head
49050,1.7741,7.3143,7.0078,4.7786,-64.1221,5.0229,42.08,On Head
49100,1.3862,7.4771,6.7588,10.0611,-73.0229,-2.5191,42.41,On Head
49150,1.3120,7.5681,5.9927,12.4733,-84.8244,-6.7481,41.99,On Head
49200,1.0558,7.3765,5.4660,19.2519,-98.2290,-4.6565,42.22,On Head
49250,1.4676,8.1523,4.7836,15.4962,-105.1450,-18.2595,41.99,On Head
49300,2.2865,10.9295,4.8123,7.8779,-105.2061,-14.0611,42.22,On Head
49350,1.7142,9.0309,4.0869,19.4351,-111.4351,-22.6870,42.22,On Head
49400,1.4485,9.3518,1.9561,34.3664,-120.3206,-36.4733,42.22,On Head
49450,0.8140,10.7619,0.0886,38.0000,-129.8931,-38.8092,42.08,On Head
49500,1.7406,11.1570,-1.9944,14.8702,-121.3740,-35.2214,42.22,On Head
49550,2.1955,11.5831,-1.4868,-12.3664,-96.8397,-27.7405,42.41,On Head
49600,2.6264,10.3573,-0.8045,-23.8168,-76.9313,-23.5573,42.13,On Head
49650,2.8635,9.6750,0.1772,-25.6641,-53.2672,-20.3359,42.32,On Head
49700,2.0614,9.4786,0.8045,-17.8015,-42.2137,-20.0763,42.22,On Head
49750,2.0279,9.1004,1.1349,-8.6565,-41.0687,-16.9618,42.27,On Head
49800,1.8411,9.0237,1.1229,-1.5725,-47.2366,-21.0229,42.22,On Head
49850,1.9393,9.7731,0.4357,-4.5649,-52.9771,-25.9695,42.27,On Head
49900,1.3408,9.7851,0.7087,-11.0229,-56.0611,-29.7099,42.22,On Head
49950,1.0295,10.0700,0.7326,-13.3435,-61.9695,-27.2519,41.94,On Head
50000,0.2227,9.8114,1.0439,-13.8473,-70.6107,-22.7023,42.27,On Head
50050,1.0534,10.5752,0.6033,-13.5878,-75.3893,-18.0000,42.22,On Head
50100,0.6345,10.1993,0.8571,-13.6489,-70.7328,-22.3817,41.99,On Head
50150,1.0750,11.4970,1.4198,-5.9695,-69.0992,-8.6565,41.80,On Head
50200,2.5115,10.5105,1.1803,7.9542,-60.0458,-21.3740,42.27,On Head
50250,1.4724,10.0772,2.0399,-5.0687,-43.9084,-23.5114,42.32,On Head
50300,0.6847,8.6838,2.5786,-13.6794,-33.0076,-28.6107,42.08,On Head
50350,0.1820,8.2815,3.2561,-16.3053,-29.0229,-19.5878,42.41,On Head
50400,0.4956,9.1195,4.0462,-7.6489,-28.2595,-17.0076,42.27,On Head
50450,0.2897,9.6989,4.6304,-10.7786,-24.0458,-30.7786,42.32,On Head
50500,-0.6369,9.0525,4.8961,1.4504,-24.5344,-32.6565,42.27,On Head
50550,-1.1061,8.8083,4.0510,19.9237,-37.9542,-23.2214,42.13,On Head
50600,-0.3304,9.1578,3.2010,21.6336,-41.5115,-15.6641,41.99,On Head
50650,0.1269,9.4499,2.7797,15.8779,-37.4504,-15.9237,41.94,On Head
50700,-0.6081,9.1387,3.1244,17.3893,-38.1832,-16.8244,42.27,On Head
50750,-0.5507,9.5409,2.6600,18.4580,-35.6641,-16.4580,42.22,On Head
50800,-0.6369,10.1490,2.3104,19.3435,-31.7252,-14.1374,42.27,On Head
50850,-1.0343,10.0437,2.1883,13.2672,-27.3588,-9.4962,41.94,On Head
50900,-1.8794,9.7396,2.1668,22.3817,-33.0687,5.8473,42.08,On Head
50950,-1.4772,11.9710,1.5874,33.2824,-35.3588,30.2443,42.22,On Head
51000,-1.0415,11.8298,-0.1604,18.9924,-33.0840,48.7328,42.27,On Head
51050,-0.9505,9.9838,-0.9792,0.4122,-18.3053,51.5115,42.27,On Head
51100,-0.4525,8.5114,-0.7111,-11.1450,-7.7863,62.4122,42.22,On Head
51150,0.9840,9.0357,-0.4142,-12.2748,3.3435,69.6947,42.41,On Head
51200,1.8914,9.9503,-0.3950,-14.0305,13.9389,48.5649,42.41,On Head
51250,1.8627,10.0389,-0.1125,-8.8092,21.0687,23.6641,42.27,On Head
51300,1.5347,10.6135,-0.0575,-14.6412,26.7481,14.1069,42.22,On Head
51350,1.9992,9.7851,0.4764,-26.1832,29.8321,22.9924,41.99,On Head
51400,2.7222,8.5617,1.1181,-26.5191,33.1145,22.4733,42.22,On Head
51450,3.2848,8.3941,1.3431,-23.8626,42.3053,15.2214,42.22,On Head
51500,3.3327,8.8729,1.2977,-17.6489,51.8779,4.6870,42.22,On Head
51550,2.4014,9.2608,1.7502,-7.9237,52.2137,-1.0840,42.13,On Head
51600,1.9465,9.7636,1.9704,-10.9618,38.6107,-3.4046,42.22,On Head
51650,2.0518,10.2041,2.2027,-13.8168,24.4122,1.2519,42.27,On Head
51700,2.0710,9.8785,2.5977,-14.8702,12.0305,6.5038,42.32,On Head
51750,2.0973,9.1770,2.6935,-11.7405,0.8855,3.6489,42.27,On Head
51800,3.5267,10.9271,3.1963,-23.0076,-8.1374,1.0076,41.99,On Head
51850,1.8627,9.5481,3.9073,-12.6718,-0.8550,-14.1374,42.41,On Head
51900,0.9218,7.6064,3.7182,-7.2824,0.6870,-21.2061,41.99,On Head
51950,1.0894,8.5210,3.9480,-4.8092,2.5649,2.0611,42.22,On Head
52000,1.6592,9.0214,4.2569,-3.8321,-3.0229,13.7710,42.32,On Head
52050,2.2913,8.4994,4.2066,-2.8855,1.4504,-4.6107,42.32,On Head
52100,1.2163,8.7125,3.9887,11.5267,-1.0382,-21.6641,42.22,On Head
52150,0.9242,9.2225,2.9425,16.2443,-3.2061,-32.1985,42.27,On Head
52200,1.2450,9.9766,2.5067,12.7939,7.3435,-12.9924,41.94,On Head
52250,0.9625,9.9096,2.5594,-0.9466,11.0229,3.8626,42.22,On Head
52300,1.5083,8.7340,3.2082,-9.9237,8.3053,-8.3053,42.27,On Head
52350,1.3192,9.3805,2.9975,3.9084,25.5878,-9.1298,41.94,On Head
52400,1.2378,9.7492,2.9161,0.3817,41.8931,2.9924,42.22,On Head
52450,1.0367,8.7317,2.8515,3.0076,48.8855,4.3817,42.22,On Head
52500,2.6360,12.6198,3.8092,-8.5038,52.4275,7.6641,42.08,On Head
52550,0.8547,9.8162,2.3056,15.4046,63.9542,-18.1832,41.99,On Head
52600,0.4501,9.6271,1.1181,16.7023,57.1145,-10.5191,42.32,On Head
52650,0.3591,9.6702,0.5004,10.8092,56.9160,-6.1069,42.22,On Head
52700,0.6393,9.2153,0.6440,5.4809,56.7481,13.6031,41.99,On Head
52750,0.5459,8.5401,0.6943,16.2137,62.5344,-5.7252,41.94,On Head
52800,-0.4238,9.1626,-0.0527,16.6260,61.7252,-10.8092,41.99,On Head
52850,-1.0750,9.5553,0.3926,12.0458,56.7328,-6.3817,42.32,On Head
52900,-0.6033,10.3190,0.8356,7.8321,47.5267,-6.1832,42.27,On Head
52950,-0.8595,10.6949,0.9649,13.4656,40.2748,-14.7023,42.08,On Head
53000,-1.2115,11.1761,0.4429,15.3282,29.7099,-5.6336,41.94,On Head
53050,-0.6009,10.1634,0.1341,13.7710,23.2977,6.8702,42.13,On Head
53100,0.1484,9.2847,-0.2921,14.9618,25.3588,6.3359,42.08,On Head
53150,0.5195,10.4052,-0.7446,4.8244,31.7710,0.8702,42.08,On Head
53200,-0.0766,10.8864,-0.3950,-7.2061,41.9084,-0.6260,41.99,On Head
53250,-1.0032,10.9654,0.4788,-10.4275,34.3053,2.1985,42.08,On Head
53300,-0.6464,10.2424,0.3687,-5.5115,20.7634,8.8244,41.94,On Head
53350,-0.3041,9.6391,-0.0215,-3.3588,17.5114,8.3511,42.46,On Head
53400,0.1772,9.2057,-0.1317,-4.0153,14.3817,5.5267,42.22,On Head
53450,0.0311,9.9216,-0.3304,-8.0000,19.1450,-3.4198,42.22,On Head
53500,-0.4908,10.1179,0.0503,-12.8092,18.5802,-6.9466,42.27,On Head
53550,-0.8835,10.2089,0.1508,-14.6870,22.5191,-5.0229,42.22,On Head
53600,-1.2019,9.9790,0.2466,-10.9008,21.2519,4.0153,42.22,On Head
53650,-1.0415,9.9958,-0.1317,-12.1832,25.4351,8.0458,42.08,On Head
53700,-0.9960,10.2376,-0.3112,-12.7634,30.5802,16.6718,42.22,On Head
53750,-0.4118,10.6207,-0.4381,-18.3969,43.2977,22.2290,42.22,On Head
53800,0.0263,10.6135,-0.4094,-25.4962,71.2061,31.1908,42.22,On Head
53850,1.2617,11.5592,0.2777,-29.8321,101.6183,46.3053,41.99,On Head
53900,1.8148,10.6877,0.7709,-48.0458,154.5343,39.5267,42.27,On Head
53950,-0.4238,8.8945,3.2561,-55.3893,188.9160,42.7481,42.13,On Head
54000,-2.0877,7.9727,6.5505,-34.2901,162.9618,59.2061,42.08,On Head
54050,-1.3288,7.4196,7.3334,-1.8321,122.9008,52.3817,42.22,On Head
54100,-0.0431,8.6503,6.7301,17.3282,76.2748,38.8092,42.46,On Head
54150,0.2274,8.5521,5.5474,25.3588,46.5802,21.9542,42.22,On Head
54200,0.8380,9.1411,4.3503,23.3435,26.9313,15.7405,41.94,On Head
54250,1.2234,9.6654,3.8786,14.3206,20.9618,14.2901,42.13,On Head
54300,1.5874,9.3134,3.8642,9.7863,16.9466,18.3969,42.08,On Head
54350,2.2458,9.3853,3.5817,10.1221,18.9771,26.4122,42.13,On Head
54400,2.3750,9.2416,3.3830,9.8931,24.6412,44.7634,42.08,On Head
54450,2.8228,8.5952,3.5458,13.8626,23.5573,38.4122,41.99,On Head
54500,3.3375,8.7460,3.2848,17.4809,25.0076,26.1679,42.22,On Head
54550,3.7397,8.8897,3.1747,16.9008,32.1221,21.8168,42.32,On Head
54600,3.2465,8.2672,3.4979,23.3588,29.8321,14.4733,42.08,On Head
54650,3.4453,8.8490,3.3615,26.9160,26.8092,9.2977,42.22,On Head
54700,3.2872,9.1291,3.5003,25.8321,22.7176,15.3588,42.22,On Head
54750,3.5458,9.7300,3.2154,26.5344,16.6260,19.7252,42.22,On Head
54800,4.7525,13.1322,3.1603,26.3817,11.1298,24.0458,42.27,On Head
54850,3.9528,10.9535,2.3391,17.6947,9.0534,14.6870,41.99,On Head
54900,4.0821,9.9311,1.2522,18.7939,7.9084,2.5496,42.08,On Head
54950,2.0183,7.4603,0.0431,21.8168,11.8321,-26.6260,42.13,On Head
55000,1.1612,9.4930,0.1556,24.4427,-0.1679,-0.4885,42.13,On Head
55050,3.2609,9.2895,-0.7757,26.3664,-7.1145,0.9771,42.22,On Head
55100,2.6336,10.3837,-1.0798,12.5038,-1.7099,-11.2672,42.32,On Head
55150,3.3112,10.3406,-1.3168,-4.9313,-1.8473,-3.2824,42.08,On Head
55200,3.2633,9.5577,-0.4645,-20.4886,12.5344,-18.0916,42.08,On Head
55250,2.2051,9.0142,0.9266,-24.9313,8.8550,-16.5954,42.13,On Head
55300,1.6257,8.6048,1.6879,-22.2443,-13.3588,-13.0534,41.94,On Head
55350,2.3894,9.2249,1.7238,-29.5725,-44.5496,-22.2748,42.22,On Head
55400,2.4924,9.1171,2.0159,-31.2824,-63.6489,-37.7252,41.94,On Head
55450,2.6456,10.0844,1.3527,-31.1908,-70.8092,-45.6183,41.99,On Head
55500,1.9824,10.3860,1.5969,-33.8168,-70.7939,-37.1145,42.22,On Head
55550,1.4150,10.0509,1.6161,-30.6107,-73.9389,-23.2214,42.22,On Head
55600,1.2761,11.1139,2.5929,-22.1069,-85.8473,-14.3511,42.22,On Head
55650,2.5283,8.8442,2.6360,-14.1679,-80.6718,-19.4962,42.22,On Head
55700,0.6249,9.6223,2.9640,-17.5573,-83.9389,-22.2901,42.08,On Head
55750,0.4549,9.2967,3.9840,-44.4275,-67.3435,-19.4809,42.08,On Head
55800,-0.3280,8.2193,5.8706,-30.4886,-76.3511,-4.3511,42.08,On Head
55850,0.7661,7.5417,5.1882,-6.0000,-85.9695,-11.4504,41.94,On Head
55900,0.3448,7.1251,4.4077,16.1527,-86.9160,-19.8779,42.22,On Head
55950,0.5531,8.1331,2.8683,29.9084,-94.9466,-27.7557,42.08,On Head
56000,1.3719,9.7636,2.0806,21.3893,-82.9313,-17.7557,42.22,On Head
56050,1.7980,9.0668,2.0327,14.2748,-66.9313,-4.5649,42.41,On Head
56100,2.9521,11.1761,1.0965,3.8015,-41.2214,-2.0458,42.08,On Head
56150,3.5219,9.5265,1.7095,-25.6183,1.7252,-16.0305,42.32,On Head
56200,1.0822,9.2440,2.3966,5.1450,10.6260,-27.0382,42.13,On Head
56250,0.7781,12.0452,2.6217,-8.2748,3.6947,-17.4656,41.99,On Head
56300,-0.2705,10.6997,1.7478,1.5725,6.8855,-19.1298,41.99,On Head
56350,-1.1971,9.1123,0.0622,12.3664,-2.4580,-16.9008,41.99,On Head
56400,-0.4094,8.9016,-0.0958,4.0305,-10.2901,8.9618,42.08,On Head
56450,1.0606,9.1698,-0.2705,2.9008,-6.0000,-3.9847,41.80,On Head
56500,-0.0120,9.6654,-0.3208,-6.5038,3.9847,-18.8244,42.22,On Head
56550,0.1508,9.8378,-0.0455,-15.1298,2.4275,-13.4351,41.80,On Head
56600,0.3711,9.6558,0.2705,-23.6489,16.7634,-23.7710,42.27,On Head
56650,-0.0670,9.0118,1.1037,-31.7863,26.1985,-20.9313,42.22,On Head
56700,-0.1748,8.5880,1.5754,-25.2977,22.0916,-17.0534,42.27,On Head
56750,-0.6584,9.9072,1.4341,-24.3511,21.4809,-11.3130,42.13,On Head
56800,-0.8308,10.6734,2.1045,-23.0992,19.0840,-5.0534,42.32,On Head
56850,-1.2474,10.6853,2.3272,-18.7481,12.5191,0.5496,42.27,On Head
56900,-0.4070,14.3341,3.4907,-9.2519,0.2443,22.0153,41.94,On Head
56950,-0.6776,12.2080,3.5506,-14.1679,-5.2977,3.3435,41.99,On Head
57000,-1.4676,9.9814,3.5745,-22.9618,-3.5115,-13.3435,41.80,On Head
57050,-2.2458,8.8681,4.4125,-42.7786,3.6489,14.4733,42.27,On Head
57100,-1.6233,7.2353,5.3151,-24.1069,-8.8702,13.5878,42.22,On Head
57150,-1.4485,7.7883,4.6878,-1.5420,-20.1069,2.0305,41.99,On Head
57200,-0.7949,8.4276,3.9121,9.6031,-23.7557,17.7405,41.94,On Head
57250,-0.0239,8.6766,3.4189,12.3664,-25.0840,7.4351,42.22,On Head
57300,0.3926,9.1626,3.4884,6.1832,-22.6565,6.5344,42.13,On Head
57350,0.4453,8.5377,3.8547,4.0916,-24.3359,13.0076,42.22,On Head
57400,0.6823,8.1547,4.2306,4.9008,-24.8702,-0.0611,41.99,On Head
57450,0.3735,9.1315,4.6831,8.3053,-23.3588,-5.9084,42.22,On Head
57500,0.3089,10.4411,4.6424,10.4885,-18.2137,9.6794,42.22,On Head
57550,-0.1269,9.1267,4.2880,11.2061,-16.7481,39.3282,42.32,On Head
57600,2.8347,15.9430,3.5985,13.4962,-16.0763,41.7863,42.27,On Head
57650,1.5945,11.6358,2.6839,-6.1985,-3.3435,13.7405,42.08,On Head
57700,-0.6656,7.6854,1.6735,29.0076,-15.7252,4.0305,42.22,On Head
57750,0.7518,9.2440,0.0096,38.5191,-28.5496,20.0000,41.99,On Head
57800,2.0135,10.1466,-0.7709,31.2366,-27.1756,12.7328,42.13,On Head
57850,1.3838,9.8665,-0.8811,7.3588,-17.3740,-8.1069,42.22,On Head
57900,1.6137,9.4978,-0.1269,-7.2977,-12.9008,-13.4809,42.27,On Head
57950,1.3216,9.4739,0.8859,-20.5802,-3.5725,-8.0611,42.22,On Head
58000,1.2785,8.8226,1.4964,-23.0382,-4.7176,-4.3664,42.22,On Head
58050,1.4964,8.7963,1.5850,-19.2672,-6.1679,-5.4046,41.94,On Head
58100,1.4796,9.7779,1.7334,-19.2214,-7.2061,-10.4885,42.32,On Head
58150,1.2641,10.8242,2.1955,-20.4275,-9.6489,-8.9160,42.08,On Head
58200,0.7853,10.6710,2.2673,-16.0763,-18.4427,-0.7176,41.99,On Head
58250,0.5483,9.6103,2.3056,-16.2443,-25.4351,3.4046,42.13,On Head
58300,1.8747,10.8793,3.3088,-21.8779,-39.2824,12.9313,41.99,On Head
58350,2.2793,11.1378,3.1915,-21.0382,-30.2901,5.1908,41.89,On Head
58400,2.2075,8.8538,3.4046,-29.6641,-17.1603,-3.5420,42.08,On Head
58450,1.7454,8.0948,4.1061,-27.6794,2.1832,-1.7863,42.08,On Head
58500,3.1292,8.2241,4.0342,-10.7328,29.8473,10.4885,42.08,On Head
58550,2.3918,7.7764,4.2066,10.2595,75.1603,-7.4962,41.75,On Head
58600,0.2227,8.2768,4.0342,30.2595,85.1145,-16.0916,41.99,On Head
58650,-0.6584,9.1698,3.2681,40.0916,72.0611,-13.2519,41.89,On Head
58700,-0.2394,9.2296,2.7461,36.9771,58.2443,-0.8092,42.22,On Head
58750,0.3304,9.3757,2.2673,26.8702,54.0153,-4.2290,41.99,On Head
58800,-0.4741,9.6031,2.1189,19.9389,51.6489,-0.9008,41.99,On Head
58850,-0.6393,10.1035,2.3320,14.1985,49.8168,7.8473,41.75,On Head
58900,0.3926,10.7452,1.4820,11.7557,50.3511,5.5878,42.08,On Head
58950,1.6927,16.4218,2.8108,0.8244,56.9008,25.4351,41.99,On Head
59000,0.9864,11.4922,2.2984,3.0382,65.3893,9.8626,42.08,On Head
59050,1.0487,10.4770,1.4126,11.9695,59.9237,13.9847,41.99,On Head
59100,1.5012,8.8107,-0.4286,14.6870,51.5573,-3.6336,42.27,On Head
59150,1.5634,9.2775,-0.4717,-12.1221,55.3435,5.5267,42.27,On Head
59200,1.8986,8.5042,0.6847,-1.2519,54.6565,1.9389,42.22,On Head
59250,1.5227,10.2185,-0.5555,14.6260,54.0611,-13.5878,42.08,On Head
59300,1.2234,10.2951,-1.1325,6.6565,53.7557,-8.4427,42.22,On Head
59350,1.0846,10.0365,-1.3479,-5.5115,60.3511,-9.6336,41.99,On Head
59400,0.3400,9.7372,-0.4908,-16.9160,65.5725,-1.9695,41.94,On Head
59450,0.4070,9.7324,-0.0646,-12.4885,58.2443,3.2977,42.27,On Head
59500,0.4142,10.2951,-0.0311,-9.8015,49.7557,5.4809,41.80,On Head
59550,0.6297,11.0660,0.0646,-14.1679,40.0305,9.7099,42.27,On Head
59600,1.6065,12.2224,1.3815,-24.8855,38.1221,13.0840,41.99,On Head
59650,0.3017,8.9064,2.3200,-16.1832,38.1374,-5.4046,41.94,On Head
59700,-0.1724,9.7037,2.6887,-10.0611,27.2366,-14.1679,42.22,On Head
59750,-0.6776,9.1123,2.5331,-3.1145,26.0153,-8.5038,41.89,On Head
59800,-0.4980,9.1602,2.8706,1.2824,15.7557,19.2824,41.94,On Head
59850,2.2338,9.4403,2.6217,-3.2214,13.1603,8.1679,41.94,On Head
59900,0.8356,9.2440,2.5714,6.3206,23.9084,-25.6641,42.08,On Head
59950,-0.0359,10.4076,1.9632,11.1145,24.6107,-21.2672,42.22,On Head
60000,0.1101,9.8689,2.1428,5.6183,31.4656,-14.9771,41.94,On Head
60050,0.3232,9.1722,2.4397,12.5954,37.8168,-4.6565,42.22,On Head
60100,0.6393,8.1068,2.7485,20.7328,47.6794,-4.3359,41.94,On Head
60150,0.0407,8.9495,2.7222,29.6947,47.0992,-10.0611,42.13,On Head
60200,-0.2059,10.1227,1.8483,27.3130,32.0458,-1.2977,41.99,On Head
60250,0.1508,10.9822,1.0271,17.4351,25.0076,6.6565,41.80,On Head
60300,0.5148,10.2304,-0.2179,0.2595,26.1069,-3.3130,42.22,On Head
60350,-1.5634,9.9288,-0.1867,-3.3893,25.1145,-3.4656,42.22,On Head
60400,-1.2833,9.0621,-0.3711,3.1908,13.3282,-2.2137,41.80,On Head
60450,-0.2514,8.2145,-0.8380,12.1985,23.6641,-20.3359,41.99,On Head
60500,-1.8914,10.2232,-1.5874,20.1374,25.7863,-11.3435,41.75,On Head
60550,-2.2410,10.4627,-1.7166,7.2977,22.4275,-12.3206,41.89,On Head
60600,-2.3056,9.9359,-1.1588,-1.3893,14.2901,-10.1374,41.80,On Head
60650,-1.7573,9.6247,-0.7398,-3.3435,7.4198,-11.9695,41.99,On Head
60700,-1.7980,9.6630,-0.7063,1.8473,10.4580,-11.4962,41.99,On Head
60750,-2.1691,9.4068,-0.4717,5.2061,5.0382,-12.0763,42.22,On Head
60800,-1.6855,10.0580,-0.6895,1.6947,7.1603,-13.7557,41.75,On Head
60850,-2.0279,9.6822,-0.5076,2.6260,14.1985,-14.8702,41.80,On Head
60900,-2.1835,9.7372,-0.5578,6.9771,15.1908,-15.2366,41.80,On Head
60950,-2.4445,10.0341,-0.8212,6.4122,16.4733,-16.4886,42.22,On Head
61000,-2.8419,10.0461,-0.7973,3.3588,14.5802,-15.5725,41.94,On Head
61050,-2.7916,9.9551,-0.7805,0.2748,14.4885,-15.3282,41.47,On Head
61100,-3.1556,9.7947,-0.4932,-3.6183,11.5420,-13.0076,41.99,On Head
61150,-3.0454,9.7444,-0.4932,-1.9237,8.6260,-7.2366,42.27,On Head
61200,-2.8826,9.8114,-0.4453,-3.7863,7.3893,-2.9618,42.22,On Head
61250,-2.6887,9.6271,-0.1413,-2.1374,6.1832,-0.1985,42.08,On Head
61300,-2.6312,9.6223,-0.4525,2.2901,2.1221,-0.0458,42.13,On Head
61350,-2.4588,9.4044,-0.5842,1.0076,-1.5878,3.4504,42.22,On Head
61400,-1.9297,9.4116,-0.8140,-0.3969,0.1527,1.3740,41.71,On Head
61450,-2.2529,9.5888,-0.7446,-0.9313,0.1374,-1.8473,41.80,On Head
61500,-2.4708,9.7348,-0.8236,-2.4885,-0.5802,-0.9008,42.08,On Head
61550,-2.4493,9.4643,-0.6512,-4.0763,-2.5496,0.4427,41.99,On Head
61600,-2.2817,9.5912,-0.7183,-2.2901,-0.8244,1.2672,41.99,On Head
61650,-2.4995,9.6941,-0.8236,-1.2214,-3.6336,0.0763,41.75,On Head
61700,-2.2027,9.9910,-1.1732,-3.0840,-2.9771,1.2214,41.94,On Head
61750,-2.3822,9.9048,-0.9625,-5.9847,0.3206,3.3435,41.94,On Head
61800,-2.1931,9.7492,-0.8116,-5.3893,-0.1527,4.9008,42.27,On Head
61850,-2.2458,9.5098,-0.5962,-6.9771,-0.8702,3.0840,42.08,On Head
61900,-2.2410,9.6822,-0.6752,-7.6947,-0.8550,3.9389,41.99,On Head
61950,-2.2960,9.6534,-0.7326,-6.5038,-1.9542,4.5802,42.08,On Head
62000,-2.3727,9.6391,-0.6225,-9.2061,-1.7099,4.5344,41.89,On Head
62050,-2.5163,9.6941,-0.4573,-10.1832,-2.1527,4.1069,41.94,On Head
62100,-2.7294,9.7324,-0.3831,-10.3664,-5.9847,3.7099,41.80,On Head
62150,-2.9209,9.8210,-0.4956,-10.8244,-7.0229,4.0153,41.99,On Head
62200,-3.3926,10.0173,-0.3807,-12.6870,-11.9084,5.3435,41.80,On Head
62250,-2.9808,9.8976,-0.5004,-12.9924,-19.1756,7.2824,41.94,On Head
62300,-2.6336,9.6726,-0.4764,-11.4198,-24.1374,-0.4275,41.94,On Head
62350,-2.7509,9.6534,-0.4310,-16.9313,-30.2443,-5.3893,42.08,On Head
62400,-2.8323,10.1418,-0.5962,-20.3359,-26.6107,-1.2824,41.80,On Head
62450,-3.1364,9.5744,-0.4166,-25.8779,-36.0916,10.1374,41.89,On Head
62500,-2.6863,9.8952,-0.2179,-31.4962,-35.9084,6.4122,42.08,On Head
62550,-1.9058,9.1626,0.0455,-27.9237,-25.7405,14.9771,42.13,On Head
62600,-1.6161,9.1794,0.9984,-35.4504,-18.1679,3.7710,41.99,On Head
62650,-1.6089,8.7269,1.8555,-34.0916,-18.3053,11.5573,42.08,On Head
62700,-0.6201,8.6957,2.5953,-24.2443,-10.3969,11.7557,41.94,On Head
62750,-0.2514,9.0429,3.0263,-10.9313,-13.0840,3.5115,41.99,On Head
62800,-0.1891,9.6079,2.9113,-5.5115,-6.8397,0.6565,42.22,On Head
62850,-0.2083,8.9328,2.9951,-1.8626,-12.6718,5.4351,42.32,On Head
62900,0.1341,9.4691,2.8323,4.3359,-14.9924,0.7939,41.71,On Head
62950,0.5459,9.4739,2.7725,-1.7405,-14.2901,-5.5878,42.08,On Head
63000,0.1580,9.5505,3.1268,0.1374,-8.3511,-14.3206,41.94,On Head
63050,-0.4884,9.9048,3.1795,-1.8015,-7.7710,-18.0763,41.89,On Head
63100,-0.8021,9.2608,3.3136,-0.5496,-5.1756,-17.0382,41.99,On Head
63150,-1.2641,9.6343,3.1532,8.2137,-8.7481,-2.2595,41.80,On Head
63200,-0.8356,9.5696,2.8611,9.3282,-9.8168,2.1832,41.99,On Head
63250,-1.0654,9.9264,2.7390,12.0305,-10.7176,10.9771,42.13,On Head
63300,-0.5794,10.0030,2.4038,12.2290,-7.6336,16.8092,41.89,On Head
63350,-0.2729,10.0509,2.3391,9.2214,-6.9771,20.8702,41.89,On Head
63400,0.4477,9.6845,2.2122,9.1756,-4.4122,20.3969,41.80,On Head
63450,0.8667,9.5888,2.0279,9.3282,-2.8855,17.3435,42.22,On Head
63500,1.2881,9.5600,1.8555,8.6718,-0.5496,8.1985,42.22,On Head
63550,1.0127,9.8857,1.6975,7.9389,4.4580,0.7939,41.99,On Head
63600,0.8643,9.8019,1.6496,7.0382,5.8931,-2.4122,41.99,On Head
63650,0.5052,9.8210,1.3982,7.4962,5.9237,-2.5954,42.08,On Head
63700,0.7302,9.8617,1.2665,2.9313,10.2748,-4.8244,41.99,On Head
63750,0.4717,9.8545,1.4245,2.2901,15.1756,-5.9084,42.13,On Head
63800,0.2634,9.7851,1.6879,1.3282,18.9618,-7.3740,41.75,On Head
63850,-0.3879,10.0173,1.9345,1.9237,18.9008,-4.8550,41.94,On Head
63900,-0.0551,9.9311,1.7837,5.2519,10.4275,-6.7023,41.99,On Head
63950,-0.9505,9.4116,1.5754,4.6565,10.6107,-13.9389,41.80,On Head
64000,-1.7238,9.7013,1.3791,12.8092,0.9313,-9.4962,41.89,On Head
64050,-1.5897,10.3717,0.6081,11.9084,-6.4885,-13.2214,41.80,On Head
64100,-1.9273,10.0173,0.1820,9.0840,-5.1450,-8.7939,41.75,On Head
64150,-2.0638,9.8785,0.0239,6.4427,-3.5573,-7.2977,42.08,On Head
64200,-1.9992,9.7444,-0.2514,4.1679,-0.3053,-9.1756,41.80,On Head
64250,-1.8364,9.6319,-0.2466,0.7328,4.6260,-1.8015,41.89,On Head
64300,-1.5754,9.4858,-0.0144,-1.0534,12.6565,-3.8473,41.75,On Head
64350,-2.1691,9.5002,0.2418,-2.2290,16.6870,-8.1221,41.94,On Head
64400,-2.6121,9.7324,0.5004,-0.7023,11.0992,-7.4962,42.13,On Head
64450,-2.5402,9.6007,0.4190,-1.7863,8.3817,-6.9924,41.89,On Head
64500,-2.6935,9.6031,0.2107,1.9695,3.7252,-4.8550,41.99,On Head
64550,-2.3272,9.6367,-0.0239,2.8550,1.3282,-1.7099,41.94,On Head
64600,-2.3176,9.7564,-0.3663,0.6260,4.1985,-4.5496,41.80,On Head
64650,-2.4565,9.8354,-0.4693,-0.9008,7.2061,-2.6565,41.80,On Head
64700,-2.1979,9.9096,-0.4094,-3.5115,8.1221,-1.1756,41.94,On Head
64750,-2.3511,9.7683,-0.2897,-8.0611,12.7786,-2.8550,42.22,On Head
64800,-2.3607,9.7755,-0.2562,-8.4733,14.5649,3.2977,41.99,On Head
64850,-1.8603,9.7731,-0.3711,-10.3359,18.0611,4.9466,42.13,On Head
64900,-1.7262,9.8210,-0.3759,-10.2290,24.1679,7.2977,41.99,On Head
64950,-1.4796,9.6438,-0.4788,-11.4809,31.3588,10.1374,41.94,On Head
65000,-1.1037,9.6534,-0.5076,-15.0840,41.2366,8.3053,41.89,On Head
65050,-1.3312,9.7995,-0.6847,-20.2443,55.9847,4.6260,42.08,On Head
65100,-1.7885,10.0987,-0.7781,-16.9771,72.9313,5.2672,41.89,On Head
65150,-2.3607,10.2400,-0.9744,-16.2290,92.1985,8.2595,41.80,On Head
65200,-2.5115,10.4603,-1.5514,-16.5954,108.0458,17.2061,41.99,On Head
65250,-2.3870,10.5728,-2.3918,-23.8779,138.2595,25.0840,41.99,On Head
65300,-1.1133,11.3389,-3.9696,-50.5496,176.5191,27.3740,41.99,On Head
65350,-2.3966,9.4571,-2.5402,-61.2061,213.5725,31.9695,41.94,On Head
65400,-3.2034,9.0333,-1.2761,-44.6870,212.7328,38.2595,41.80,On Head
65450,-2.5426,9.6391,-0.4932,-48.5496,188.6107,34.1221,41.94,On Head
65500,-1.8651,9.1459,0.6033,-45.2214,173.8168,34.7176,42.08,On Head
65550,-1.5826,8.7556,1.0463,-35.1298,141.9542,31.4046,41.99,On Head
65600,-0.8021,9.2680,1.0870,-28.8550,111.8779,22.2443,42.08,On Head
65650,-0.2107,11.7843,1.5874,-23.1450,82.2748,22.5649,41.80,On Head
65700,0.0096,10.6015,1.4533,-27.2061,67.3893,16.4733,41.94,On Head
65750,-0.7614,9.5912,2.7222,-44.7023,60.7023,8.2137,41.80,On Head
65800,-1.9369,8.8035,4.6663,-48.6870,47.7557,6.8244,41.94,On Head
65850,-2.1284,8.1379,6.5003,-47.8473,38.5191,12.5344,41.99,On Head
65900,-1.4820,8.6670,7.5848,-35.6183,36.2443,16.1221,42.27,On Head
65950,-1.8268,8.0278,8.1834,-24.8855,33.2061,9.1756,41.94,On Head
66000,-2.3176,7.5800,7.5729,0.5496,15.1756,15.4046,42.08,On Head
66050,-1.4461,8.2504,6.3710,13.7252,-3.4046,18.5954,41.89,On Head
66100,-0.8452,8.5329,5.7509,13.9084,-17.6794,23.5878,42.22,On Head
66150,0.3519,8.5904,5.2122,15.0992,-24.7634,21.8931,41.94,On Head
66200,1.0870,8.8490,4.9153,11.8779,-26.4122,23.1756,41.71,On Head
66250,1.6927,8.7340,4.6759,11.6183,-27.0687,18.5802,42.22,On Head
66300,2.2458,8.7939,4.2210,12.1985,-24.0305,14.3206,41.94,On Head
66350,2.4924,8.9304,4.0199,13.1298,-18.6718,10.9160,41.94,On Head
66400,2.5259,8.9256,3.8642,12.4275,-12.1221,7.4351,41.80,On Head
66450,2.3607,8.8945,3.7996,12.8397,-6.7786,7.2366,41.80,On Head
66500,2.2003,8.5617,4.0941,15.6183,-4.9771,10.9924,41.99,On Head
66550,2.3846,9.1291,4.1707,10.6870,-3.7099,15.9847,41.94,On Head
66600,2.5618,8.6167,4.1563,12.5802,-5.3740,18.4427,41.94,On Head
66650,2.7940,9.2823,3.8738,12.7023,-10.7634,21.4046,42.22,On Head
66700,2.9688,9.0549,3.7445,10.9466,-14.2137,21.8321,42.08,On Head
66750,3.4046,9.3518,3.2465,15.8473,-20.4886,19.7405,41.89,On Head
66800,5.0302,10.8649,2.7054,7.4656,-14.1679,10.7481,41.80,On Head
66850,4.2617,9.6774,2.2338,18.0611,-18.6718,-14.6718,41.80,On Head
66900,3.9959,8.9232,0.3663,22.9618,-6.3511,-59.7099,41.99,On Head
66950,2.0853,6.9815,-0.1006,17.8626,7.3282,-82.5954,41.99,On Head
67000,1.3958,8.5186,0.2634,17.5573,1.7710,-75.3588,42.27,On Head
67050,1.5275,9.5505,-0.6823,13.4504,9.6336,-91.1145,41.75,On Head
67100,-0.5243,9.7324,-0.5770,13.2977,9.5878,-93.3893,41.99,On Head
67150,-1.5227,10.5201,-0.8930,2.8550,6.8550,-91.4809,42.08,On Head
67200,-2.9736,10.0892,0.0431,-12.4885,9.4809,-88.7939,41.61,On Head
67250,-3.6224,9.5505,0.8523,-19.0992,4.4122,-60.6565,41.94,On Head
67300,-3.5362,9.6247,0.9337,-19.8168,2.2595,-39.0382,41.89,On Head
67350,-3.4381,8.8945,1.2330,-14.8244,-1.1908,-23.3893,42.08,On Head
67400,-3.4237,9.1985,1.2091,-9.2214,-8.1985,-18.9466,41.80,On Head
67450,-3.3519,9.9695,1.1205,-8.7634,-15.5115,-14.7176,41.89,On Head
67500,-3.0837,9.7516,1.3024,-10.7634,-19.3130,-9.8626,41.89,On Head
67550,-3.3399,10.3453,1.4844,-14.2901,-21.0076,2.1527,41.89,On Head
67600,-3.1364,9.6750,1.5682,-9.5573,-26.1679,21.9237,42.22,On Head
67650,-1.9154,12.6055,2.3032,-2.3359,-37.9237,39.6794,41.99,On Head
67700,-0.7709,11.2049,1.8723,-4.4275,-34.7328,23.6641,41.75,On Head
67750,-1.7047,9.7492,2.3056,-9.7863,-32.9466,16.2901,41.99,On Head
67800,-2.3128,8.4467,2.7318,-10.7023,-23.1908,1.5573,41.94,On Head
67850,-2.7701,8.5808,2.8587,-15.0534,-15.9695,16.6718,41.99,On Head
67900,-1.8435,8.5832,3.4788,-20.6412,-6.3969,25.0534,42.08,On Head
67950,-3.1340,7.0701,3.6775,-17.9084,3.0992,15.8779,42.08,On Head
68000,-2.9353,7.7452,3.4309,2.1679,-1.7099,17.8168,41.94,On Head
68050,-2.6169,8.3103,2.5714,-0.7786,3.9389,10.1679,42.22,On Head
68100,-3.7709,8.6024,2.7414,-1.6641,2.5496,11.4656,42.13,On Head
68150,-3.0263,9.0597,2.9568,-11.4046,0.7328,29.0382,41.71,On Head
68200,-2.6001,8.4659,3.8188,-3.3893,5.3130,38.0305,41.99,On Head
68250,-1.9752,8.1259,2.9257,16.7634,11.3588,67.8779,41.89,On Head
68300,0.1604,8.8753,2.4445,8.2901,5.4198,57.4198,41.75,On Head
68350,1.5251,7.4699,2.4277,-22.0153,4.5496,32.5954,42.22,On Head
68400,1.1612,7.2233,3.3399,-13.9389,4.7023,6.8244,41.99,On Head
68450,0.3112,8.2001,3.0215,-6.5649,4.8855,-3.2519,42.08,On Head
68500,-0.3424,8.9016,3.2681,-10.7939,7.9542,8.0458,41.94,On Head
68550,-0.4381,9.1913,3.6057,-0.8397,1.7863,-1.4962,41.99,On Head
68600,-1.6137,10.7452,3.1963,3.8321,9.0382,-6.6565,41.75,On Head
68650,-0.6584,11.5496,2.8635,3.6641,-5.3588,13.1756,41.99,On Head
68700,0.2490,9.9982,3.0622,-8.1221,-9.7863,11.2519,41.94,On Head
68750,1.7262,10.6183,2.5690,-12.3053,-4.0611,-7.4809,41.80,On Head
68800,0.8643,10.2711,3.3567,-7.8626,5.8779,-8.5191,41.75,On Head
68850,1.1085,11.0492,2.5187,-8.8397,6.1069,-21.4504,41.75,On Head
68900,0.5148,9.7109,2.9736,-9.7252,15.6794,-18.9160,41.89,On Head
68950,-0.0862,10.3334,3.4812,-9.2366,19.5878,-28.9466,41.80,On Head
69000,-1.4605,10.3837,3.3567,-9.3893,15.6641,-29.8473,41.99,On Head
69050,-1.1803,10.6183,3.5219,-13.0687,8.5802,-13.5115,41.94,On Head
69100,-0.6967,8.7484,3.4644,1.2061,9.5115,-1.8779,42.22,On Head
69150,-1.8004,10.9870,3.8020,9.0229,25.0076,-1.7099,41.89,On Head
69200,-0.4262,10.1418,3.3016,6.3969,22.4122,13.8779,42.08,On Head
69250,-0.9649,9.5193,3.0574,2.9924,18.9618,-9.8168,41.99,On Head
69300,-0.9625,9.6007,2.8706,2.1832,9.0229,-12.6412,41.80,On Head
69350,-1.3982,10.3166,2.9521,-5.2214,6.4275,-9.8015,41.94,On Head
69400,-1.9776,10.6734,3.3327,-3.0534,0.0763,2.1374,41.99,On Head
69450,-0.9816,11.3437,2.8683,-6.6107,-4.0153,-0.4427,42.27,On Head
69500,-1.2378,10.5536,3.9241,-9.7099,7.5267,-11.8626,41.80,On Head
69550,-2.0782,10.2639,3.9313,-7.9847,6.5038,-9.8321,42.08,On Head
69600,-1.3743,10.8146,3.4740,-6.9924,-11.8473,-1.8015,41.99,On Head
69650,-1.3934,10.6231,3.4836,-5.2672,2.7176,-3.7557,41.75,On Head
69700,-1.3767,11.5544,3.6631,-10.5344,0.9924,-9.3893,41.80,On Head
69750,-2.5833,10.8625,4.5155,-6.6107,2.1679,2.0458,41.89,On Head
69800,-1.6017,11.0205,3.8211,5.3740,2.0000,0.0458,41.75,On Head
69850,-2.0734,10.8409,3.8523,6.3511,7.9237,6.5649,41.99,On Head
69900,-2.0518,11.0947,3.4740,12.9313,5.9695,16.1374,42.08,On Head
69950,-1.9561,10.4363,3.3136,11.7557,6.2443,18.3053,41.75,On Head
70000,-1.8268,10.1131,3.4237,7.2519,6.3969,26.0000,41.94,On Head
70050,-1.4724,9.5433,3.3495,7.0687,-7.6031,27.9695,41.94,On Head
70100,-0.6728,8.9328,2.8874,11.5725,-0.0305,8.3359,41.89,On Head
70150,-1.7310,9.7995,2.7533,24.1374,8.2901,21.1603,41.80,On Head
70200,-1.0774,10.1658,2.4876,16.5344,5.1450,42.2137,41.94,On Head
70250,-0.1437,8.0924,1.8004,15.4046,-4.7328,46.1679,41.94,On Head
70300,1.1229,9.4284,1.3001,3.5725,-13.6489,49.2672,41.99,On Head
70350,1.6903,8.0828,1.6544,0.4122,-5.9237,18.9160,41.80,On Head
70400,0.7973,9.3805,1.6041,8.2137,-2.2290,13.9237,41.94,On Head
70450,1.4030,10.1275,1.2929,-2.5649,0.5496,28.7176,41.89,On Head
70500,1.4676,8.6598,1.5993,-5.9237,3.1756,18.1527,41.80,On Head
70550,1.4222,8.2384,1.4437,-1.0840,2.4580,4.2290,41.89,On Head
70600,1.6209,8.5688,1.2043,-1.6641,6.3969,-2.3664,41.80,On Head
70650,1.3958,8.7987,1.9585,-5.1450,3.8321,-3.6641,41.61,On Head
70700,2.2817,8.5258,2.0901,-7.8931,4.1679,0.5344,41.75,On Head
70750,2.0399,8.0421,2.6576,-4.8397,2.2290,-6.3053,41.80,On Head
70800,2.2721,8.7987,2.2865,-0.8702,0.7023,-0.9618,41.94,On Head
70850,2.1021,8.7197,2.5594,2.7176,2.9618,9.5267,41.80,On Head
70900,2.3655,9.3158,2.5091,4.9466,0.5344,9.6947,41.99,On Head
70950,2.6336,9.8641,2.3487,-1.7710,-4.5038,6.1374,41.94,On Head
71000,2.8108,9.4762,2.3631,-2.2137,-4.0611,-0.9008,42.13,On Head
71050,2.5786,9.3158,2.3870,-0.4885,-1.2672,-3.5573,41.80,On Head
71100,2.5091,9.1123,2.3750,4.6870,3.6641,2.3664,41.99,On Head
71150,2.5857,9.2775,2.1356,6.6565,1.5267,9.6947,41.99,On Head
71200,2.9688,9.2081,1.9465,4.4275,1.9389,8.8855,41.71,On Head
71250,3.0023,9.3565,1.8483,1.2366,4.9618,-0.0305,41.99,On Head
71300,2.7438,9.5505,1.5203,2.7481,13.4962,-11.6336,41.99,On Head
71350,2.4038,10.4986,1.3240,-1.6641,28.1069,-1.3435,41.80,On Head
71400,2.4134,9.7755,2.1787,-11.3130,31.0382,14.4122,42.32,On Head
71450,2.6025,9.4284,2.9401,-10.6412,26.1069,20.9466,42.08,On Head
71500,2.6169,8.7077,3.7613,-8.3664,17.3588,21.4198,41.94,On Head
71550,3.2513,10.1969,4.1922,7.6183,1.2824,23.5114,41.94,On Head
71600,3.5267,10.4722,3.5913,12.7023,-5.3130,21.8015,41.94,On Head
71650,3.6105,10.2304,2.7485,12.2595,-13.3435,18.6565,41.80,On Head
71700,2.5043,9.3494,1.9776,15.0534,-18.0153,-4.3511,41.89,On Head
71750,1.3958,8.4946,1.4174,10.7176,-36.9618,-12.6412,41.80,On Head
71800,1.6592,8.9256,-0.2586,9.2977,-54.4885,-32.1985,41.94,On Head
71850,1.4509,10.3501,-0.9529,-11.9237,-44.0000,-34.1832,41.99,On Head
71900,0.6560,10.9104,-0.5890,-11.1756,-46.8092,-23.6794,41.71,On Head
71950,1.2115,10.9104,-0.8021,-16.6412,-47.1298,-11.2366,42.08,On Head
72000,1.7669,9.9766,-0.4812,-25.4962,-35.4809,-8.1069,41.80,On Head
72050,2.1524,9.3948,0.1245,-28.4275,-25.4962,-1.0840,42.08,On Head
72100,2.5163,9.0381,0.6177,-27.8626,-15.2214,-2.1221,41.94,On Head
72150,2.7102,8.8729,0.8380,-24.7939,-3.9084,-3.1756,41.94,On Head
72200,2.3176,9.2608,1.2498,-19.4504,2.7328,-3.8015,41.75,On Head
72250,2.2817,9.8641,1.3096,-19.6794,9.8779,-8.6718,42.08,On Head
72300,1.8052,10.5872,1.5850,-17.6489,15.5115,-2.7328,41.89,On Head
72350,1.8627,10.3908,1.8962,-16.4580,15.7557,6.4275,41.89,On Head
72400,1.8172,10.0078,2.3128,-15.7863,16.1679,9.7405,41.94,On Head
72450,2.6911,9.9120,3.9289,-14.2748,-1.0687,3.4962,41.99,On Head
72500,1.0247,9.1243,4.4484,-8.0611,5.7557,-19.9237,41.99,On Head
72550,0.0790,8.3534,4.5681,-5.4198,-0.0153,-27.7099,41.94,On Head
72600,0.1125,9.1650,4.7190,-1.4809,-3.3588,-11.5573,41.94,On Head
72650,-0.2251,9.4978,4.4436,1.0534,-5.5267,-12.8244,41.94,On Head
72700,0.1030,9.5744,3.8930,-0.5649,-8.7176,6.0763,41.61,On Head
72750,1.1971,8.5281,3.3112,1.6794,-3.9389,2.3359,42.13,On Head
72800,0.7661,8.5928,3.1747,2.2443,4.7481,-9.7863,42.13,On Head
72850,1.5299,9.6989,2.6504,0.6107,14.8550,-1.7557,42.13,On Head
72900,1.4964,8.5042,3.4453,3.2366,31.7710,-0.1069,41.75,On Head
72950,1.4485,8.8945,3.3447,14.3817,44.1374,-6.0000,41.80,On Head
73000,0.9505,8.8298,3.3208,13.5725,58.6260,-11.2672,41.94,On Head
73050,0.1867,9.7252,3.4764,21.8321,50.8244,0.6412,41.89,On Head
73100,0.9553,11.0660,3.0765,19.6947,47.5115,5.4962,41.94,On Head
73150,2.0016,11.2001,2.1165,19.4046,49.5725,-5.1450,41.89,On Head
73200,0.0263,10.5297,1.9130,8.4885,42.3817,-6.5496,41.99,On Head
73250,-0.3591,8.9160,0.8021,20.1985,25.8321,-5.5573,41.94,On Head
73300,-0.2825,8.5425,-0.0838,13.7710,21.2672,0.0916,41.75,On Head
73350,1.0271,9.9311,-0.3280,4.3664,19.9084,-10.6718,41.94,On Head
73400,0.8595,10.3932,-0.3998,-3.2977,39.1145,-25.8779,41.89,On Head
73450,-1.6209,9.3111,0.2969,6.9008,38.7634,-19.6794,41.89,On Head
73500,-1.0870,10.3214,-0.3759,4.6412,23.6336,-31.6641,41.99,On Head
73550,-1.1947,9.6989,0.2873,-8.6260,15.4809,-22.9313,41.80,On Head
73600,-0.0646,9.3494,0.6632,-5.7863,12.0916,-21.9847,42.22,On Head
73650,-0.2658,10.0245,0.5794,-2.5802,15.7099,-20.1221,42.08,On Head
73700,-0.7183,9.9695,0.5722,-1.4046,6.0916,-18.9618,41.94,On Head
73750,-0.9457,10.6231,0.1269,-3.5115,-4.0153,-21.0534,41.99,On Head
73800,-0.9673,10.4315,0.1724,-15.6031,-2.7328,-15.0992,41.99,On Head
73850,-0.9457,10.0078,0.6057,-24.7023,-1.6489,-10.5496,42.22,On Head
73900,-1.0463,9.6845,1.3695,-27.8931,-4.5954,-0.4275,41.61,On Head
73950,-1.1372,9.0261,2.0351,-21.1756,-7.5725,6.1679,42.22,On Head
74000,0.7518,11.0684,2.6767,-21.2366,-3.0076,-3.1756,42.22,On Head
74050,-0.4956,9.8210,3.0263,-6.8702,-4.7481,-9.5420,41.94,On Head
74100,-1.0223,9.5864,2.9329,3.0840,-10.0305,-13.6489,41.89,On Head
74150,-1.9489,8.7221,2.8084,6.8855,-15.7557,-21.1756,41.89,On Head
74200,-1.5969,8.2480,2.7749,1.6489,-11.3893,-18.5802,41.80,On Head
74250,-1.8411,8.1211,3.0215,9.5420,-11.9847,-24.4733,41.99,On Head
74300,-1.8842,7.8721,3.0215,-0.7786,-6.2595,-39.8168,41.99,On Head
74350,-2.3679,7.7213,2.5307,5.1450,1.8473,-40.7786,41.94,On Head
74400,-2.5211,6.3422,2.2913,4.8702,2.5954,-48.8855,41.71,On Head
74450,-3.1915,6.4332,1.9441,15.6641,7.4962,-69.1450,41.80,On Head
74500,-3.7038,6.0885,1.3934,12.0305,3.2214,-72.5802,42.08,On Head
74550,-4.1946,7.7907,0.8787,17.3130,7.8168,-65.0687,41.94,On Head
74600,-4.6208,5.2337,0.7302,10.9618,13.9847,-69.9542,42.08,On Head
74650,-4.7333,7.1371,0.4764,11.9695,14.9771,-63.2977,41.80,On Head
74700,-6.9049,4.2952,0.7614,34.2901,1.5267,-85.4351,41.71,On Head
74750,-6.9552,8.2911,-0.7422,15.2824,6.3664,-65.0992,41.99,On Head
74800,-7.2951,5.4971,-0.4214,16.0458,7.9695,-57.9237,41.99,On Head
74850,-7.3382,6.9360,-0.8691,7.1908,5.9542,-48.7939,41.80,On Head
74900,-7.7093,6.0980,-0.5962,7.0840,1.3740,-40.4122,42.08,On Head
74950,-8.8298,6.0023,-0.1604,-5.4962,-0.9618,-40.0153,41.89,On Head
75000,-8.5090,6.5577,-0.8332,7.1756,10.8550,-42.7634,41.99,On Head
75050,-9.4403,5.6599,0.0766,-0.5496,16.7328,-23.2672,41.89,On Head
75100,-9.8402,5.9017,-0.4597,-0.5496,16.3817,-21.2672,41.99,On Head
75150,-10.1011,5.4133,-0.3855,-0.0763,5.6947,-9.5115,41.99,On Head
75200,-9.9407,6.8929,-0.9266,-16.4886,-9.9389,-2.7939,42.22,On Head
75250,-9.1866,5.4995,-0.0862,-17.9695,-3.6641,3.0382,41.80,On Head
75300,-9.6127,5.6144,0.0144,-2.1679,3.2061,2.6107,41.89,On Head
75350,-10.0317,5.3510,0.2705,-6.4580,8.4275,-1.1908,41.75,On Head
75400,-10.2089,6.5769,-0.2179,2.0763,4.9618,-6.5496,41.80,On Head
75450,-10.2568,6.3829,-0.4621,0.1832,9.4656,-9.9084,41.99,On Head
75500,-11.2719,7.0102,-0.9720,-6.5344,3.7252,-8.1527,41.80,On Head
75550,-10.6997,6.9599,-0.9050,-21.7252,-5.9695,-5.9389,41.89,On Head
75600,-10.1107,5.6024,-0.1053,-26.4122,-3.7405,2.9771,41.71,On Head
75650,-9.4930,5.4827,-0.0622,-21.0992,0.1527,5.3588,41.80,On Head
75700,-9.4092,5.2218,0.1221,-29.2977,3.4351,6.7023,41.94,On Head
75750,-8.9543,4.6926,0.6057,-15.1756,4.1832,11.2061,41.94,On Head
75800,-9.6391,5.4995,0.3855,-14.2443,0.9466,11.9695,42.08,On Head
75850,-9.3206,5.8802,0.2155,-15.2214,-5.4046,14.7786,41.94,On Head
75900,-8.7652,5.8275,0.1628,-16.8244,-3.7557,21.0840,41.99,On Head
75950,-8.9830,5.6264,0.7566,-18.5954,-0.9313,24.8550,41.94,On Head
76000,-8.8466,5.6383,0.7709,-11.1298,-0.1679,23.9542,41.75,On Head
76050,-9.2368,6.6391,0.1939,-9.5267,-3.7252,39.3588,41.99,On Head
76100,-8.8609,6.7277,0.2466,-14.3206,-6.1832,47.2214,41.80,On Head
76150,-8.4851,6.5888,0.3256,-15.3588,-2.2595,60.9160,41.94,On Head
76200,-7.6064,6.9815,0.4310,-13.6336,-6.1832,70.3206,41.61,On Head
76250,-6.8139,6.4212,0.8188,-21.7099,-10.1985,79.1298,41.99,On Head
76300,-5.8730,5.5713,1.1492,-7.4504,-26.6412,72.9771,41.75,On Head
76350,-5.4660,7.2856,0.3424,-14.2595,-12.3511,69.8473,41.94,On Head
76400,-4.7549,6.8642,1.1684,-13.0534,-8.1985,76.2290,42.08,On Head
76450,-4.1875,6.7277,1.5036,-9.8779,-11.3130,75.2061,41.75,On Head
76500,-2.7892,7.2233,2.2553,-11.3282,-17.7863,78.0916,41.94,On Head
76550,-1.9417,6.6535,2.2098,-18.5038,-24.4275,74.2137,41.71,On Head
76600,-1.2761,6.6176,2.3798,-14.7176,-23.2214,58.3969,41.89,On Head
76650,-0.9433,7.6375,2.4205,-9.7557,-23.1756,49.2061,41.75,On Head
76700,0.1724,8.9280,2.6983,-17.5573,-22.6870,61.1298,41.94,On Head
76750,0.9266,8.6526,3.4907,-25.3435,-24.7481,52.0611,41.99,On Head
76800,1.4988,9.0285,3.8978,-17.1450,-17.0382,39.1298,41.75,On Head
76850,1.7885,8.6910,4.0199,-14.0153,-14.3511,37.4656,41.80,On Head
76900,1.8531,8.4970,4.1108,-3.6336,-19.3130,29.5878,41.94,On Head
76950,2.2913,8.8873,3.6895,1.0992,-20.4886,23.4962,41.99,On Head
77000,2.3343,9.0022,3.6272,-2.5496,-16.6107,17.5114,41.80,On Head
77050,2.5163,8.9519,3.6536,-1.0076,-12.5802,13.6183,41.57,On Head
77100,2.2170,9.0549,3.7182,0.3969,-6.6412,10.8397,41.71,On Head
77150,2.1452,9.3877,4.0462,2.4275,-9.6031,15.5573,41.80,On Head
77200,2.4134,9.1722,3.7828,0.5191,-7.8015,17.1145,41.57,On Head
77250,2.1524,9.4403,3.8092,0.5191,-8.7786,17.6641,41.94,On Head
77300,2.4684,9.2009,3.0885,3.0382,-7.2061,13.9084,41.99,On Head
77350,2.1213,11.6981,3.9456,-4.7328,10.0916,9.6947,41.89,On Head
77400,1.7071,11.0612,4.5466,-4.5344,-1.7099,49.1603,41.75,On Head
77450,2.8563,9.2440,4.6831,-4.2290,-20.6260,50.9313,41.75,On Head
77500,3.3136,7.7165,3.5865,15.1603,-37.1603,11.7405,41.94,On Head
77550,2.8946,7.2472,2.3032,22.6260,-36.9618,-2.7786,41.80,On Head
77600,2.9281,7.9392,1.0199,35.6794,-42.9618,-1.2977,41.47,On Head
77650,4.1348,9.6247,-0.3376,26.0763,-27.4656,-5.3130,41.89,On Head
77700,3.3567,10.4507,-0.4022,17.8931,-18.6565,-14.3206,41.94,On Head
77750,3.1843,10.7859,-0.7207,3.0076,-15.3282,-19.8931,41.71,On Head
77800,2.7988,9.3063,0.0622,-12.6870,-3.8779,-24.1374,41.94,On Head
77850,2.7270,8.8657,0.5746,-17.4962,2.1374,-24.4275,41.57,On Head
77900,2.3056,8.7125,1.1612,-19.8931,8.9313,-23.6336,41.99,On Head
77950,1.9010,9.2751,1.4844,-16.8244,14.3511,-23.7252,41.75,On Head
78000,1.7645,9.8067,2.0949,-10.5496,16.3053,-6.7786,41.75,On Head
78050,2.4157,10.4483,1.5706,-0.8855,17.8473,-2.4580,41.94,On Head
78100,2.1237,10.1921,1.6281,-7.3893,22.1679,-6.0153,41.57,On Head
78150,1.7861,9.5553,1.7286,-5.8931,18.2443,-3.0229,41.80,On Head
78200,0.8906,9.1051,1.9872,-0.3511,9.0076,-4.1985,41.80,On Head
78250,2.7150,11.6502,2.0638,-7.0382,-10.0458,2.0153,42.13,On Head
78300,1.5275,10.5896,2.1979,-8.6718,-8.0611,-9.9847,41.89,On Head
78350,0.9170,8.0038,2.4517,-24.2443,-7.0687,-37.5725,41.75,On Head
78400,0.2897,8.1092,3.1508,-24.8702,0.5649,-29.0229,41.75,On Head
78450,0.5195,9.2153,3.5171,-8.9160,-1.1908,-10.3969,41.75,On Head
78500,1.0654,9.9335,3.4860,-10.5191,10.2595,-9.8321,41.75,On Head
78550,0.5555,9.3948,4.0318,-10.9618,23.5878,-8.0916,41.75,On Head
78600,0.0790,8.9591,3.7493,1.3893,25.1450,-11.2977,41.71,On Head
78650,0.3208,9.2488,3.1891,7.0840,26.8397,-0.0153,41.89,On Head
78700,0.4046,9.0333,3.0502,8.3664,29.5420,15.8321,41.75,On Head
78750,0.2155,8.9352,3.0789,7.8321,35.8015,27.2519,41.89,On Head
78800,0.3639,9.0956,3.4022,18.5649,34.5344,34.0305,41.80,On Head
78850,0.8859,9.9958,2.8587,25.0687,34.1527,34.3664,41.75,On Head
78900,1.9920,9.5624,2.3607,15.8473,39.5725,40.6565,41.61,On Head
78950,4.3359,14.8369,3.1220,22.7328,40.5344,51.4351,41.61,On Head
79000,2.9784,11.3749,2.3176,7.1603,38.8397,12.7023,41.75,On Head
79050,1.2354,10.0556,1.6592,19.4656,31.6947,5.6947,41.94,On Head
79100,0.8356,10.2615,0.4908,19.2519,18.6260,5.6947,41.80,On Head
79150,1.3312,8.0972,0.4621,20.9008,17.1145,15.7557,41.71,On Head
79200,1.3767,8.4132,0.1245,27.0076,14.9924,8.3359,41.75,On Head
79250,2.4995,9.3805,-0.8332,29.9542,27.6794,-1.4046,41.99,On Head
79300,1.4126,9.7636,-1.5155,34.5038,46.1069,-6.6870,41.80,On Head
79350,1.2785,10.5728,-2.2984,30.3053,67.2824,-10.4580,41.61,On Head
79400,0.9194,11.4874,-3.2298,22.5344,95.8473,-7.3893,41.89,On Head
79450,1.6999,11.6717,-4.1324,9.4351,143.8626,8.1374,41.71,On Head
79500,1.8459,10.8625,-4.0247,12.1679,201.2061,20.3511,41.80,On Head
79550,1.1732,9.9383,-3.2202,12.9924,245.6031,15.8931,41.94,On Head
79600,0.4621,10.0413,-1.6712,11.3435,251.0229,14.3053,41.61,On Head
79650,-0.5363,9.9647,-0.2179,6.6107,236.4580,14.6565,41.71,On Head
79700,-0.4405,9.8306,0.4477,10.3206,203.7863,11.8168,41.80,On Head
79750,-0.1484,10.0509,1.2617,6.0153,164.4580,16.4427,41.94,On Head
79800,0.2897,9.3422,1.8028,9.1603,125.8473,18.4275,41.75,On Head
79850,0.9481,9.6965,1.4676,14.9008,89.7252,16.6107,41.75,On Head
79900,1.4030,9.5648,1.1013,16.2137,62.2595,19.8931,41.71,On Head
79950,2.4181,9.8210,0.4238,17.4351,44.5954,18.5954,41.75,On Head
80000,3.1196,10.0317,0.0886,11.6336,37.5878,16.0305,42.08,On Head
80050,3.5913,9.9527,-0.0646,2.5649,37.8626,14.0458,41.57,On Head
80100,3.7709,10.1562,0.4046,-7.7557,44.0000,11.0382,41.94,On Head
80150,3.5913,9.9192,1.1612,-18.8550,54.0763,7.0534,41.75,On Head
80200,2.9425,9.1075,2.0973,-24.1221,71.4351,-2.7328,41.71,On Head
80250,2.0063,9.0932,3.0670,-23.0534,87.6794,-4.5496,42.08,On Head
80300,0.7566,8.3893,3.8618,-11.2672,101.1756,-8.2443,41.75,On Head
80350,1.0654,10.0245,4.2066,4.0153,114.1985,11.8473,41.80,On Head
80400,0.7015,8.5976,4.9752,14.5191,113.9542,-3.0687,41.94,On Head
80450,-0.8140,9.7755,4.6328,31.8626,89.7252,-5.9695,41.80,On Head
80500,-0.5890,9.8138,3.8714,29.3740,54.5038,5.7405,41.94,On Head
80550,0.8164,9.4810,3.2441,12.8397,37.6947,1.0229,41.99,On Head
80600,0.8787,9.0429,3.6919,6.0611,34.8550,2.8092,41.80,On Head
80650,1.1851,9.4140,3.8211,8.5496,35.2214,1.9695,41.94,On Head
80700,0.7494,9.3613,4.1061,11.8168,38.9618,10.0153,41.80,On Head
80750,1.0271,9.5193,3.8930,16.0153,35.5573,12.1374,41.89,On Head
80800,1.0223,9.3733,3.5314,16.7176,36.7939,13.5115,41.89,On Head
80850,1.3647,9.5433,3.0670,20.9466,38.3817,12.0458,41.71,On Head
80900,1.3791,9.8761,2.5187,20.7328,59.9542,21.1908,41.99,On Head
80950,3.8834,16.8959,2.6264,13.0992,70.1679,37.4351,41.80,On Head
81000,2.2553,11.5568,2.8515,3.9847,64.7786,7.3740,41.94,On Head
81050,1.7095,9.2033,2.0734,6.8397,50.7023,-6.5954,41.75,On Head
81100,1.0032,7.6591,1.3910,15.1450,34.2595,-5.4504,41.80,On Head
81150,2.2960,9.1482,0.7901,5.3893,26.7328,20.7023,41.80,On Head
81200,3.6224,8.2408,0.5794,18.0305,35.6489,11.8015,41.57,On Head
81250,3.7804,8.5473,-0.7518,51.2061,32.3206,-18.9313,41.75,On Head
81300,3.8475,9.4571,-3.2537,47.9847,39.9389,-66.9924,41.75,On Head
81350,1.7478,10.9176,-3.9552,11.1603,76.0000,-73.9695,41.99,On Head
81400,1.2019,10.2544,-3.3830,-17.7710,109.2366,-49.4046,41.75,On Head
81450,0.5195,8.9543,-2.2553,-27.6336,139.7252,-44.4275,41.94,On Head
81500,-0.9792,9.2057,-1.4293,-26.3206,145.9542,-47.3740,41.80,On Head
81550,-2.2601,10.1131,-0.6129,-30.9160,130.2290,-33.9084,41.80,On Head
81600,-1.9010,9.8043,0.0024,-33.5573,118.0000,-36.3969,41.75,On Head
81650,-3.5147,10.4483,1.0056,-31.5267,99.4504,-28.0305,41.61,On Head
81700,-3.2777,10.0724,1.4054,-32.8244,72.0611,-6.4580,41.80,On Head
81750,-3.4931,9.7133,1.8459,-30.0305,48.1221,-3.0687,41.57,On Head
81800,-3.0813,10.7931,2.5881,-34.9924,21.2061,-7.8931,41.80,On Head
81850,-4.5298,10.3597,3.3160,-31.6794,-14.6870,-12.2901,41.61,On Head
81900,-4.0390,9.1985,2.0590,-26.4427,-37.2519,-0.9160,41.80,On Head
81950,-2.7916,8.7077,2.1021,-35.9084,-49.0229,30.1985,41.94,On Head
82000,-2.0135,7.4819,3.5769,-38.6718,-59.7863,42.1527,41.80,On Head
82050,-2.0087,8.3486,4.6160,-24.3664,-68.3817,22.0916,41.57,On Head
82100,-2.0446,9.3805,4.7740,-14.9924,-63.4809,16.7634,41.89,On Head
82150,-2.4469,8.4228,4.7788,9.6489,-71.8931,20.1985,41.61,On Head
82200,-0.0646,9.2656,3.3926,13.4046,-66.0305,27.3588,41.71,On Head
82250,0.1628,8.7029,3.8451,17.1298,-56.5344,36.5802,41.94,On Head
82300,1.2881,9.0788,3.4046,8.5802,-44.4122,38.4122,41.89,On Head
82350,0.8667,8.6814,3.8331,5.2214,-38.2901,29.6794,41.75,On Head
82400,0.6967,8.4396,3.7517,7.0382,-38.9771,20.8092,41.71,On Head
82450,0.5962,9.4212,3.8116,5.6031,-41.6641,17.6794,41.75,On Head
82500,0.2777,9.1195,3.9576,8.3053,-50.6412,22.1069,41.57,On Head
82550,2.7557,15.4929,4.2377,16.8855,-64.1832,37.6336,41.80,On Head
82600,2.2505,12.2966,3.9983,9.7863,-82.6870,18.4275,41.94,On Head
82650,1.9944,9.8881,0.9122,22.4886,-90.7786,3.3435,41.75,On Head
82700,1.1923,7.7261,-0.7015,19.0229,-89.0534,0.2748,41.57,On Head
82750,2.2960,9.2727,-0.5315,0.6412,-77.6031,32.3969,41.75,On Head
82800,4.0845,8.7077,-0.5435,-0.8244,-62.0763,15.2366,41.61,On Head
82850,3.2226,9.8186,-0.8547,7.4351,-48.8550,-21.2824,41.61,On Head
82900,2.3822,10.3190,-0.7542,-17.5878,-43.6641,-20.7176,41.71,On Head
82950,2.5163,10.0413,-0.6105,-25.9084,-41.6183,-19.6489,41.57,On Head
83000,2.7007,9.6438,-0.1484,-36.4733,-40.4580,-2.1069,41.94,On Head
83050,3.3782,8.7436,0.2083,-24.0000,-34.6107,0.3511,41.99,On Head
83100,3.3710,9.4978,-0.1125,-31.9237,-15.8626,3.4198,41.61,On Head
83150,2.9473,8.7029,0.8308,-9.1145,-25.1756,-2.5038,41.75,On Head
83200,3.4309,10.5465,0.1772,-15.8321,-20.1221,-0.0305,41.61,On Head
83250,3.2465,9.6630,0.6512,-20.9466,-15.9542,2.1374,41.89,On Head
83300,2.8730,9.4930,1.2761,-25.0534,-19.4656,7.0840,41.61,On Head
83350,3.5291,10.6973,2.1715,-18.6260,-27.3130,10.8702,41.75,On Head
83400,5.6767,10.6255,2.1237,-7.0229,-18.3206,-4.3206,41.94,On Head
83450,2.4708,9.5074,2.8730,-3.1145,-4.7328,-16.2443,41.71,On Head
83500,1.3910,8.2791,3.2250,1.1298,-1.4504,-3.3588,41.94,On Head
83550,2.1763,8.7340,3.4716,3.9847,-4.0305,23.2672,41.94,On Head
83600,2.8850,8.7652,3.3639,0.6107,-10.9618,11.8931,41.80,On Head
83650,2.9353,8.9112,3.1891,-2.5191,-15.9237,2.8092,41.75,On Head
83700,2.8874,8.0972,2.7533,5.4351,-20.5802,-6.1679,41.71,On Head
83750,3.1771,8.6287,2.0111,9.8779,-22.0153,-15.1603,42.08,On Head
83800,3.4117,8.7580,1.6903,10.5954,-13.2061,-5.5878,41.89,On Head
83850,3.7302,8.8226,1.7406,8.1221,-6.1832,4.0153,41.75,On Head
83900,3.8427,8.9783,1.5802,4.5954,-1.2519,-3.0534,41.71,On Head
83950,4.0223,10.1514,1.6448,0.9466,8.1221,-1.0840,41.61,On Head
84000,4.2880,9.7324,1.4030,-0.6412,20.3206,0.0916,41.71,On Head
84050,6.1699,13.2232,1.6041,14.9008,42.2901,8.4122,41.61,On Head
84100,4.7357,11.7843,1.1109,14.5496,66.6565,-0.9771,41.94,On Head
84150,1.8411,8.7580,0.5315,20.6565,56.2443,-16.2137,41.80,On Head
84200,0.9577,9.5337,-0.7374,14.1221,43.4809,-25.8015,41.80,On Head
84250,1.3240,9.8593,-0.2682,-3.0229,22.6565,7.3893,41.99,On Head
84300,2.5283,8.8945,-0.4717,-4.5649,18.5191,-6.9008,41.89,On Head
84350,2.0351,10.0868,0.1006,-20.1374,22.7023,-8.5954,41.80,On Head
84400,2.3056,9.3063,0.3735,-27.0534,25.8168,-14.8702,41.94,On Head
84450,1.7454,8.9136,0.9026,-30.6870,24.8550,-14.8092,41.80,On Head
84500,1.8196,8.5665,1.5443,-27.6794,23.1908,-2.6260,41.80,On Head
84550,2.2098,8.7747,2.1907,-26.4580,19.8473,0.2290,41.61,On Head
84600,2.5809,9.6031,2.2003,-16.6412,13.3435,-0.6870,41.80,On Head
84650,2.9233,10.4507,2.5881,-24.2595,18.8092,6.3664,41.75,On Head
84700,2.3846,9.3853,3.1077,-16.5954,14.0763,8.3359,41.57,On Head
84750,2.1308,10.2017,3.3662,-4.0153,1.4656,10.0458,41.71,On Head
84800,4.7429,10.2424,3.1292,-11.4046,4.5344,12.5038,41.75,On Head
84850,1.6376,9.1698,5.0230,-29.3740,-3.0382,-3.3282,41.75,On Head
84900,0.3017,7.4962,5.2122,-15.6641,-25.8473,-20.1832,41.89,On Head
84950,0.5339,7.6854,5.1284,-5.3893,-50.6412,-0.9466,41.71,On Head
85000,1.1827,7.8506,5.3463,-2.7023,-76.4427,-15.4504,41.61,On Head
85050,0.4501,8.1020,4.9440,10.3359,-106.0458,-38.6260,41.75,On Head
85100,0.4142,8.9399,3.1364,18.8244,-130.4427,-45.5573,41.89,On Head
85150,1.1588,9.8282,1.6400,15.9542,-134.1832,-49.1756,41.71,On Head
85200,1.7980,9.7779,1.1588,1.9695,-114.4733,-24.7939,41.94,On Head
85250,2.3391,8.8083,1.5706,-1.1908,-96.1069,-17.7557,41.71,On Head
85300,2.2170,9.6606,1.8435,-2.9924,-79.8779,-25.1908,41.75,On Head
85350,1.4676,10.1993,2.7485,-1.1298,-74.1069,-19.0229,41.71,On Head
85400,2.1380,10.2232,2.0087,-0.7481,-76.6565,-9.5878,41.99,On Head
85450,2.9401,14.6142,2.1380,1.2519,-75.0534,1.2824,41.80,On Head
85500,2.7988,12.4786,0.8571,-10.3206,-63.1756,-29.7252,41.61,On Head
85550,0.0335,8.4036,0.4357,-13.3282,-51.5420,-50.3664,41.75,On Head
85600,-1.0175,9.3494,0.7063,-9.7863,-51.7710,-22.4427,41.61,On Head
85650,1.3216,10.4555,0.0910,-13.6794,-42.4580,-16.4427,41.89,On Head
85700,0.1939,9.7755,0.7614,-25.3282,-17.7099,-34.6870,41.80,On Head
85750,-0.4812,11.0014,1.0487,-17.5114,-17.2824,-18.0305,41.71,On Head
85800,-0.2873,9.8162,1.7334,-30.7328,-3.6489,-11.1603,41.57,On Head
85850,-0.0048,8.7508,2.2410,-22.4275,-3.3282,3.3893,41.99,On Head
85900,0.4764,8.8346,2.2338,-16.8702,-7.4809,4.1374,41.75,On Head
85950,0.3615,9.2225,2.2505,-19.0992,-4.5802,-4.7176,42.13,On Head
86000,-0.3136,9.8402,2.6001,-16.3511,-11.6183,2.7634,41.71,On Head
86050,-0.1796,9.8090,3.0837,-13.5115,-10.9924,2.0611,41.61,On Head
86100,-0.4717,10.0700,2.7629,-3.2824,-16.4275,6.4885,41.75,On Head
86150,0.0096,12.5600,3.2848,6.4885,-25.4962,29.4809,41.61,On Head
86200,2.5307,13.7284,1.8028,1.6947,-31.1756,0.0763,41.47,On Head
86250,1.3982,10.8505,2.8036,-19.4046,-22.1374,-5.2366,41.99,On Head
86300,0.2921,7.8099,3.7326,-32.3969,-12.9924,13.8015,41.71,On Head
86350,1.1684,6.7181,3.9887,-6.6107,-29.1908,37.8931,41.80,On Head
86400,2.8754,8.4108,4.6855,-10.2901,-29.3740,2.7328,41.75,On Head
86450,1.6688,9.6271,5.4660,3.1756,-19.2061,6.0916,41.61,On Head
86500,1.1827,9.5217,3.7924,11.8015,-19.7405,-13.7405,41.61,On Head
86550,1.9297,9.0261,2.5953,-4.8702,-9.5115,-19.1298,41.80,On Head
86600,1.8483,8.6407,2.8108,-0.5649,11.4962,-10.2290,41.61,On Head
86650,2.4062,8.8753,3.0909,-2.0305,26.4427,-14.9771,41.61,On Head
86700,1.7166,9.2632,3.0167,4.3664,42.6718,-23.5878,41.42,On Head
86750,1.0942,10.1610,2.3846,-0.4885,67.8473,-15.5573,41.71,On Head
86800,0.8140,10.6614,1.9776,-7.5573,106.7023,0.5649,41.42,On Head
86850,0.9026,9.6750,0.7829,-10.6565,177.5420,21.7863,41.75,On Head
86900,1.4724,11.5113,0.3639,10.2137,243.3588,50.0916,41.57,On Head
86950,-0.3448,9.8497,-1.3001,8.7176,306.0458,33.5420,41.61,On Head
87000,-3.4405,9.1195,-1.0511,12.2901,305.8779,33.5267,41.71,On Head
87050,-2.3296,10.9295,-0.5507,-5.0534,276.9313,37.7710,41.75,On Head
87100,-3.1340,9.6486,0.7757,-8.3969,238.7634,26.9160,41.80,On Head
87150,-2.6408,9.9527,1.3527,-1.8473,187.2214,11.6489,41.71,On Head
87200,-2.4995,10.0868,1.1899,5.8168,143.3435,2.7023,41.75,On Head
87250,-1.8435,10.2520,0.7230,-0.3664,113.2824,9.5420,41.75,On Head
87300,-1.0367,9.3925,0.7614,-5.6336,96.1985,13.7405,41.61,On Head
87350,-0.2993,9.6055,0.6369,-1.4504,88.8550,10.1679,41.57,On Head
87400,-0.2705,10.7045,-0.0287,-5.0534,86.9466,9.8473,41.89,On Head
87450,-0.5363,10.1490,0.2346,-5.7252,80.4427,5.4809,41.89,On Head
87500,-0.8667,10.5417,0.1796,-6.0916,73.2824,4.4885,41.94,On Head
87550,-0.9218,10.5584,0.4956,-16.9771,64.3817,16.5649,41.75,On Head
87600,-0.3759,9.6055,0.9792,-24.9008,58.3053,18.6565,41.80,On Head
87650,-0.0934,9.8665,1.5754,-22.9466,48.8397,20.6260,41.80,On Head
87700,0.3783,10.0030,1.8866,-21.2061,40.5649,20.3969,41.99,On Head
87750,0.6009,9.7947,1.9010,-9.5115,29.7405,16.2901,41.89,On Head
87800,1.0894,9.6654,1.6281,-9.4809,21.8015,12.7328,41.80,On Head
87850,0.9481,9.4691,1.3815,-5.2366,15.6031,10.9771,41.80,On Head
87900,1.4772,9.4858,1.1588,-7.9695,12.4122,11.4198,41.75,On Head
87950,1.1420,9.5002,1.2426,-6.0916,9.9237,6.1374,41.71,On Head
88000,1.0989,10.1347,1.1205,-8.7481,5.1908,3.1908,41.80,On Head
88050,0.7111,10.0724,1.5227,-12.9771,-0.3053,1.8931,41.71,On Head
88100,1.2163,10.9583,2.1380,-18.2290,-4.5649,3.5420,41.71,On Head
88150,0.9457,10.0700,2.5618,-14.6718,-9.7557,2.2443,41.94,On Head
88200,0.8643,9.3518,2.8132,-14.9924,-8.9771,-5.7252,41.80,On Head
88250,0.3472,9.2751,3.1029,-11.8168,-5.6794,-13.3130,41.61,On Head
88300,0.1077,9.6295,3.5817,-12.8855,0.7176,-18.2901,41.80,On Head
88350,-1.2665,8.8394,4.3120,-8.0458,2.1374,-25.4962,41.75,On Head
88400,-1.8555,8.9998,4.1707,2.7939,-3.8473,-16.6107,41.80,On Head
88450,-1.3791,8.9830,4.1372,12.2290,-11.6183,-7.4962,41.99,On Head
88500,-1.4868,9.1889,3.8786,14.6107,-17.3740,-19.7710,41.71,On Head
88550,-1.3910,9.8210,3.4596,20.0916,-23.0992,-17.4962,41.75,On Head
88600,-0.8356,9.6582,2.8467,19.5878,-23.0382,-11.3282,41.57,On Head
88650,-0.0048,9.4403,2.3631,16.0763,-19.0992,-10.1985,41.71,On Head
88700,0.7494,9.4667,1.9585,13.6489,-11.0229,-11.2366,41.71,On Head
88750,0.6656,9.3326,2.1213,10.9313,-4.6565,-12.5649,41.80,On Head
88800,0.3041,9.5217,2.3511,12.0458,0.9160,-23.5573,41.71,On Head
88850,-0.7470,10.7524,2.1213,9.7557,1.4962,-20.8855,41.61,On Head
88900,-1.0367,10.0173,2.2386,3.4351,6.3969,-9.1908,41.47,On Head
88950,-0.8787,11.4802,1.3024,-3.4198,11.9847,12.4733,41.80,On Head
89000,-1.4581,9.1339,2.1332,-30.8092,9.4962,32.2137,41.75,On Head
89050,0.2370,9.1315,2.4493,-15.3740,14.5954,4.6412,41.61,On Head
89100,0.0694,9.8689,3.2130,2.4427,24.0458,7.4351,41.80,On Head
89150,-0.2442,9.0190,2.5355,9.9084,29.5114,4.3817,41.75,On Head
89200,-0.0263,9.1602,1.8052,17.8473,24.5191,9.8779,41.61,On Head
89250,0.0383,9.5361,0.4908,6.5802,25.5573,-6.5038,41.94,On Head
89300,-1.3072,9.6869,0.2274,15.2214,13.7863,-16.9618,41.75,On Head
89350,-1.0391,9.7731,0.0072,5.1450,17.0382,-12.3511,41.94,On Head
89400,-2.3415,9.6510,0.3591,12.8092,11.2977,-18.1221,41.75,On Head
89450,-2.4636,9.3278,-0.0455,12.7176,10.1985,-11.4198,41.80,On Head
89500,-2.3942,9.6941,-0.0048,16.4733,10.1985,-11.0382,41.71,On Head
89550,-2.6432,9.5936,-0.0527,19.1145,14.9466,-3.3588,41.71,On Head
89600,-1.9489,9.6031,-0.4022,18.7023,13.7099,-1.9847,41.57,On Head
89650,-1.9752,9.5265,-0.2729,20.1679,15.0382,-8.7176,41.94,On Head
89700,-1.8771,9.2249,-0.6249,21.8626,15.0382,-12.0611,41.61,On Head
89750,-1.9561,9.6151,-0.9194,23.7252,14.0153,-6.9466,41.61,On Head
89800,-1.9824,9.6151,-1.5083,25.0229,14.8550,-12.4885,41.75,On Head
89850,-2.1883,9.8354,-2.1141,20.8550,10.5954,-11.4046,41.94,On Head
89900,-2.2458,9.4499,-2.3224,13.3282,9.2977,-11.8779,41.80,On Head
89950,-2.3032,9.5960,-2.2697,7.1145,10.1985,-12.0000,41.94,On Head
90000,-2.9018,9.8258,-2.1021,5.9237,6.1374,-13.3740,41.71,On Head
90050,-2.6121,9.9359,-2.1668,-2.6412,1.3588,-9.1145,41.75,On Head
90100,-2.3008,9.1626,-1.8244,-7.2061,6.7481,-15.6336,41.71,On Head
90150,-3.0215,9.4140,-1.6616,-4.1374,9.0534,-6.6870,41.47,On Head
90200,-2.4612,9.6079,-1.7214,-3.9542,5.7557,-14.3664,41.71,On Head
90250,-3.4381,9.9766,-1.9297,-5.5573,-0.3664,-13.0687,41.61,On Head
90300,-2.8970,9.6702,-1.9465,-11.3893,-2.3817,-5.9389,41.47,On Head
90350,-3.1819,9.0740,-1.4006,-14.7786,-1.0992,-9.2519,41.80,On Head
90400,-3.2825,9.1123,-1.2665,-15.0840,-4.9771,-11.3435,41.80,On Head
90450,-4.1611,9.7923,-1.2689,-16.2595,-11.0687,-8.7939,41.75,On Head
90500,-3.8810,9.4332,-1.2115,-19.6336,-18.2901,2.3206,41.61,On Head
90550,-2.8754,9.0309,-1.2258,-20.4733,-15.8626,-3.9084,41.75,On Head
90600,-3.5889,9.5217,-1.4892,-12.3969,-17.2366,-4.6107,41.75,On Head
90650,-4.2737,9.6630,-1.1612,-20.6870,-18.3053,-5.6641,41.80,On Head
90700,-4.4819,9.6438,-1.0104,-20.6412,-23.6794,0.8397,41.71,On Head
90750,-4.4891,9.4978,-0.7542,-21.0992,-23.7252,5.9847,41.42,On Head
90800,-4.3431,9.5170,-0.3807,-23.6183,-19.3435,12.1832,41.99,On Head
90850,-4.5035,9.3565,0.1796,-20.9160,-18.9008,13.1298,41.75,On Head
90900,-3.9840,9.3134,0.5100,-21.9542,-22.3206,18.3511,41.89,On Head
90950,-3.4141,8.8394,1.1468,-19.0229,-18.8855,20.6260,41.75,On Head
91000,-2.7509,8.6981,1.4581,-11.0076,-18.5954,23.6641,41.71,On Head
91050,-1.7597,8.8131,1.6017,-8.3817,-22.3817,22.5496,41.94,On Head
91100,-1.1492,9.1698,1.5802,-5.8321,-16.0458,12.9771,41.75,On Head
91150,-1.6879,9.2081,2.1189,-8.1527,-17.1145,17.9847,41.99,On Head
91200,-0.9768,8.8633,2.2984,-1.3282,-25.0229,15.4198,41.75,On Head
91250,-0.8188,9.3518,2.1069,-0.2290,-32.9771,8.3206,41.80,On Head
91300,-0.4381,9.4715,2.1380,2.2748,-35.8015,0.5191,41.80,On Head
91350,-0.3855,10.0413,1.9968,-1.8168,-31.0076,-6.1527,41.75,On Head
91400,-0.6536,9.5361,2.2386,-3.0840,-26.8092,-7.6641,41.61,On Head
91450,-0.1915,9.3015,2.0255,4.6260,-24.8397,-12.2748,41.94,On Head
91500,-0.3807,10.4004,1.4868,-1.3893,-21.2824,-12.8855,41.75,On Head
91550,-0.2993,8.8657,2.1356,-6.8550,-14.6565,-19.6489,41.71,On Head
91600,-0.7877,9.8689,2.0159,8.1221,-14.7176,-16.6412,41.61,On Head
91650,-0.5124,9.5768,1.8340,2.6718,-6.6107,-17.6336,41.80,On Head
91700,-1.5969,10.2232,1.8603,6.7023,-5.1756,-6.9924,41.80,On Head
91750,-0.8859,9.9335,1.9321,-0.6870,-3.5573,-1.1145,41.75,On Head
91800,-0.9457,10.2017,1.9585,-2.2748,1.5725,0.3817,41.61,On Head
91850,-0.7254,9.8833,2.1261,-1.9542,7.1450,1.5420,41.57,On Head
91900,-0.9457,9.7181,2.1141,1.6031,9.2977,2.6412,41.94,On Head
91950,-0.9864,9.7157,2.0375,2.5191,6.2443,-2.8397,41.80,On Head
92000,-1.0104,9.8210,2.0638,0.3206,6.1069,-3.9084,41.75,On Head
92050,-1.3455,9.4643,2.1763,0.4275,6.5038,-6.7786,41.75,On Head
92100,-1.4748,9.5672,2.0159,2.3664,6.2595,-4.1985,41.80,On Head
92150,-1.7813,9.2895,1.8004,1.4046,12.8092,-3.2824,41.61,On Head
92200,-2.2266,10.2855,1.6903,5.6947,13.4962,-2.4733,41.80,On Head
92250,-2.2027,10.3286,1.2091,3.2977,17.8626,-2.8397,41.71,On Head
92300,-2.5211,9.8450,0.9816,2.6260,19.0229,5.1908,41.89,On Head
92350,-2.1404,9.2201,0.7159,4.7328,17.2824,11.9389,41.71,On Head
92400,-1.5754,9.1818,0.5555,3.8015,9.2672,10.5649,41.61,On Head
92450,-1.3144,9.3565,0.7709,-2.5344,12.1374,1.4962,41.75,On Head
92500,-1.3671,10.2400,0.3998,-1.4504,10.7634,-6.4733,41.80,On Head
92550,-1.9872,9.7420,0.2969,-7.0534,12.2595,-11.4656,41.89,On Head
92600,-3.2585,9.3613,-0.3089,-1.0382,8.3817,-7.5115,41.61,On Head
92650,-3.3232,11.0852,-0.9697,-10.0153,0.5038,-2.2748,41.89,On Head
92700,-2.5881,10.0820,-0.4262,-27.1908,10.6565,8.4885,41.57,On Head
92750,-1.6472,9.3948,-0.0503,-30.2137,19.6794,5.4046,41.80,On Head
92800,-1.9776,8.5066,0.7207,-24.8550,26.2748,-1.3893,41.71,On Head
92850,-2.4804,8.4779,1.4102,-16.1832,30.7939,-7.7099,41.75,On Head
92900,-3.0215,9.1363,1.3551,-3.0992,30.5954,-12.1679,41.75,On Head
92950,-3.5338,9.5098,1.0989,-0.5038,28.7176,-13.4351,41.61,On Head
93000,-4.0247,9.7396,0.8835,2.5191,23.1603,-14.5649,41.80,On Head
93050,-3.9456,9.4906,0.5148,0.8244,17.4504,-4.3206,41.71,On Head
93100,-3.5027,9.3015,0.2490,-1.6489,15.2977,-2.4122,41.80,On Head
93150,-3.3519,9.1770,0.1077,-4.6260,18.7023,-1.0992,41.71,On Head
93200,-3.1556,9.3613,0.0359,-4.9008,25.2977,2.6565,41.80,On Head
93250,-2.9233,9.6774,-0.3089,-9.8779,37.1756,2.4275,41.71,On Head
93300,-2.9592,9.9599,-0.8571,-12.2290,62.3359,5.4046,41.89,On Head
93350,-2.9185,10.4722,-1.4461,-16.7786,92.7328,18.3359,41.75,On Head
93400,-2.0925,10.9056,-2.2529,-35.6641,138.3053,30.7786,41.94,On Head
93450,-4.2258,8.8633,-1.4868,-28.8550,171.3893,34.5954,41.71,On Head
93500,-4.2210,10.6590,-1.7526,-31.4809,148.7481,41.9389,41.47,On Head
93550,-3.2968,9.4403,-1.3815,-42.4275,150.4580,41.3893,41.80,On Head
93600,-3.0526,10.2424,-1.0606,-46.3817,125.9695,43.0687,41.80,On Head
93650,-2.0159,9.0956,-0.5291,-46.4122,120.2595,39.4504,41.80,On Head
93700,-1.9776,9.4427,-0.0670,-45.2672,110.3969,39.5267,41.57,On Head
93750,-1.4892,9.0860,0.5243,-38.6565,100.8092,34.6718,41.71,On Head
93800,-1.3791,9.4930,0.7446,-29.6794,93.8321,35.1756,41.89,On Head
93850,-0.9170,9.5313,1.1732,-22.0458,84.6565,37.7099,41.61,On Head
93900,-0.2370,10.1993,2.1213,-10.2748,66.5038,41.3740,41.80,On Head
93950,0.0311,9.2895,2.3511,-7.7710,41.4198,35.3740,41.80,On Head
94000,0.6440,10.1778,2.1739,-13.9084,27.3893,19.0382,41.94,On Head
94050,0.9720,10.8553,2.2769,-33.6489,34.5191,10.6260,41.42,On Head
94100,0.7638,10.2951,3.2561,-53.8931,54.4275,23.5114,41.57,On Head
94150,1.0750,9.4475,4.3335,-62.3969,83.5115,33.1145,41.99,On Head
94200,1.0127,8.8849,5.0374,-69.6031,124.7481,32.1985,41.75,On Head
94250,-1.8004,5.9161,7.8578,-17.2824,111.0229,43.4198,41.75,On Head
94300,-1.2594,7.5489,7.0413,22.5954,65.9847,48.4885,41.80,On Head
94350,-0.3136,8.4013,5.7724,19.7557,17.5725,29.5573,41.71,On Head
94400,0.8619,8.9950,4.9440,10.7634,-9.7099,14.9618,41.61,On Head
94450,1.7262,9.6630,4.5466,0.0763,-10.7023,9.7710,41.71,On Head
94500,1.5419,9.1195,5.1739,-8.2595,-5.8473,11.7099,41.42,On Head
94550,1.6783,8.8155,5.4731,-1.2672,-8.6870,24.1679,41.89,On Head
94600,2.1332,8.2504,5.5258,3.6336,-11.4962,33.0840,41.47,On Head
94650,2.6911,8.0158,5.2505,11.5878,-17.5573,40.0458,41.57,On Head
94700,3.6152,8.2815,4.8818,11.4198,-20.1679,43.5573,41.71,On Head
94750,4.1037,7.5346,4.9249,11.1908,-20.6412,37.2519,41.75,On Head
94800,4.3479,7.5657,4.7022,16.3511,-23.1756,28.1221,41.71,On Head
94850,4.4197,7.8386,4.5921,17.7710,-26.8244,19.7252,41.75,On Head
94900,4.3239,7.9583,4.2234,17.9847,-36.1221,13.7557,41.61,On Head
94950,4.7094,8.4827,3.5147,18.8550,-45.5267,10.7786,41.75,On Head
95000,6.3853,11.0852,2.7797,14.7481,-42.3817,11.5878,41.47,On Head
95050,5.9592,10.8984,1.0582,15.0840,-32.7634,12.5649,41.75,On Head
95100,6.0238,9.9359,0.7039,-1.1908,-10.7634,-5.5878,41.61,On Head
95150,3.8954,7.2927,0.7278,0.3664,0.3969,-14.7023,41.80,On Head
95200,3.1556,7.6686,1.0151,11.7099,-7.3435,0.1374,41.71,On Head
95250,4.7980,8.7915,-0.2897,26.3359,-10.7023,5.6641,41.80,On Head
95300,5.1451,9.5289,-1.0223,18.7786,-2.7786,-4.4122,41.57,On Head
95350,4.6687,9.1147,-0.7230,10.7023,2.8092,-6.3664,41.75,On Head
95400,4.7692,8.4300,-0.2873,-13.2519,18.6260,-13.5267,41.89,On Head
95450,4.1875,8.1954,0.4549,-18.7786,26.1679,-15.3435,41.80,On Head
95500,3.8475,8.0900,1.0582,-18.2595,25.0229,-5.6183,41.99,On Head
95550,4.0893,8.2720,1.3527,-12.7786,17.5114,4.0000,41.80,On Head
95600,4.6783,9.0381,0.9337,-5.7405,10.9466,0.5954,41.42,On Head
95650,5.0805,10.0628,0.6488,-10.1985,5.9542,0.2595,41.38,On Head
95700,5.0182,9.9240,0.7781,-18.5191,4.8092,4.5802,41.75,On Head
95750,4.5538,8.9998,1.4293,-17.4809,0.6870,7.6641,41.61,On Head
95800,6.0908,12.0620,2.8060,-27.5267,-7.4656,8.0916,41.71,On Head
95850,4.3694,9.1770,3.2585,-13.8015,0.8092,0.9466,41.61,On Head
95900,2.7988,6.1172,3.9887,-15.1756,-0.8550,-24.9924,41.75,On Head
95950,3.1077,8.1930,4.1156,-2.7023,-0.1985,-6.6107,41.94,On Head
96000,3.7924,8.8562,4.3479,6.2290,-0.3053,11.4656,41.47,On Head
96050,3.8666,8.3462,4.0486,7.2672,-5.2824,-9.6489,41.71,On Head
96100,3.1340,7.6638,3.5721,13.6336,-18.6565,-19.3130,41.57,On Head
96150,3.2585,8.2720,2.2505,20.8855,-33.2519,-16.4427,41.61,On Head
96200,3.7828,8.3653,1.4341,13.8779,-35.4809,-2.8855,41.61,On Head
96250,4.1300,7.8458,1.1396,7.1603,-34.0305,0.1832,41.80,On Head
96300,4.8219,9.1028,1.3815,2.8702,-30.9160,-0.8092,41.80,On Head
96350,5.6743,10.1179,1.3791,-3.4351,-22.0763,-7.2519,41.71,On Head
96400,5.2529,9.8641,1.8364,-11.2366,-8.1985,-2.9313,41.75,On Head
96450,7.0198,15.7443,2.2865,2.7023,6.2137,8.8855,41.61,On Head
96500,4.8339,10.7859,0.4908,-8.1221,16.1527,3.7405,41.71,On Head
96550,3.0598,7.4172,-0.6823,17.2672,16.7481,-14.9008,41.80,On Head
96600,3.3662,10.1993,-1.5897,13.0534,15.6947,-24.9313,41.75,On Head
96650,2.8467,9.7875,-1.0199,-13.8015,18.7023,-14.0305,41.94,On Head
96700,2.9951,8.7556,0.1460,-29.1450,16.3511,-17.3435,41.80,On Head
96750,2.9616,8.4060,1.0247,-31.8168,22.6870,-14.9008,41.94,On Head
96800,2.3343,8.1547,1.4940,-20.3511,23.6183,-10.8550,41.61,On Head
96850,2.1237,8.9711,1.7310,-15.7405,25.4504,17.2824,41.75,On Head
96900,3.1795,8.6239,1.9465,-8.3817,20.7481,17.9695,41.80,On Head
96950,3.0478,9.9886,1.9824,-4.3206,14.2901,3.2366,41.89,On Head
97000,3.2322,10.6470,2.1284,-11.4962,6.7481,8.9313,41.75,On Head
97050,2.5379,9.9144,2.7940,-12.1679,-6.1832,7.6031,41.42,On Head
97100,5.4947,8.7628,2.8706,-4.3511,-21.8473,10.7939,41.47,On Head
97150,2.8874,8.6526,4.3622,-17.7252,-12.6870,0.3511,41.61,On Head
97200,3.0263,7.3957,4.8195,-8.3053,-14.1069,0.5038,41.75,On Head
97250,3.2178,8.0756,3.8523,9.9542,-25.8015,-7.4198,41.75,On Head
97300,3.5554,7.8673,2.7485,11.2672,-19.1145,-5.8931,41.75,On Head
97350,3.0430,7.7907,2.6863,13.0992,-16.4275,-10.7786,41.71,On Head
97400,2.9904,7.8721,2.1189,20.3969,-21.7099,-18.7634,41.71,On Head
97450,3.3782,8.7197,1.5634,18.4886,-16.5802,-5.9847,41.75,On Head
97500,3.6966,8.6072,1.8986,13.1603,-8.1527,11.2519,41.61,On Head
97550,4.5083,9.4379,2.1069,13.6336,-3.5267,4.7176,41.80,On Head
97600,4.1851,9.9335,2.1237,10.5649,4.5802,6.9008,41.75,On Head
97650,6.4236,15.8520,2.0901,24.2443,9.0534,22.1069,41.75,On Head
97700,4.7453,11.9854,0.3232,13.9847,15.5725,9.3435,41.71,On Head
97750,3.0885,9.2225,-1.2450,19.4656,19.5267,3.5115,42.13,On Head
97800,3.9863,10.2496,-1.7933,7.5420,14.1069,8.5802,41.71,On Head
97850,4.1851,9.1435,-1.3910,-5.6489,24.3053,4.7328,41.99,On Head
97900,3.7038,8.3055,-0.6345,-19.6183,32.2443,0.9160,41.57,On Head
97950,3.8235,7.9033,0.3903,-29.4504,41.7405,-9.5878,41.75,On Head
98000,3.1101,7.3047,1.6305,-23.9542,43.2214,-18.5496,41.61,On Head
98050,2.8108,8.1786,1.9776,-10.7786,37.0229,-10.9618,41.71,On Head
98100,3.0694,9.2081,1.9225,-6.1679,27.0687,1.4809,41.75,On Head
98150,3.5674,10.4698,1.9992,2.3053,10.4427,0.2748,41.57,On Head
98200,2.8371,10.3837,1.5850,-1.2214,0.6260,-3.2977,41.75,On Head
98250,3.7613,14.4394,2.8060,-3.6794,-18.0458,10.5649,41.57,On Head
98300,3.7469,12.1530,2.6839,-22.2290,-17.5420,-1.1603,41.57,On Head
98350,1.9992,8.9495,4.2042,-40.1985,-18.3511,-17.5420,41.89,On Head
98400,1.7717,8.1642,4.8961,-28.1985,-29.9389,-0.9618,41.61,On Head
98450,3.2657,7.9799,3.9720,-8.1069,-31.3435,12.9771,41.75,On Head
98500,4.1899,8.0110,2.4852,-6.6107,-12.5649,1.3282,41.71,On Head
98550,3.7661,8.1906,2.3655,-3.9695,12.2595,-1.2366,41.57,On Head
98600,3.4860,8.5114,2.7605,-4.9160,23.8321,2.7481,41.75,On Head
98650,2.9999,7.5441,3.4524,-5.2061,23.9695,1.4656,41.57,On Head
98700,2.8898,8.6407,4.0677,4.8397,11.1450,17.1756,41.94,On Head
98750,3.6871,8.4348,4.2210,8.0153,0.2595,16.9008,41.75,On Head
98800,3.4884,8.3821,3.9768,12.7939,-8.9313,12.1985,41.28,On Head
98850,6.5505,17.0443,4.6040,15.3740,-13.0687,11.4046,41.47,On Head
98900,3.3232,8.6072,2.5690,25.3130,-22.6565,-1.2977,41.57,On Head
98950,3.4836,9.7181,-0.5124,53.0992,-38.3053,-5.3130,41.75,On Head
99000,4.2210,11.0492,-1.6568,25.2519,-34.0000,-7.8321,41.61,On Head
99050,4.4436,9.9288,-1.9345,-2.7786,-19.1450,-8.7939,41.75,On Head
99100,4.1779,9.5888,-1.5299,-26.8244,-6.3206,-21.8779,41.71,On Head
99150,4.1755,8.4946,0.0599,-45.4656,11.1603,-28.9313,41.99,On Head
99200,4.0558,7.8865,0.9888,-41.5725,30.1985,-26.6107,41.89,On Head
99250,3.8547,8.1499,1.8172,-29.2977,61.6794,-22.7328,41.47,On Head
99300,2.2960,8.1139,2.9904,-3.2977,63.3282,-35.7710,41.47,On Head
99350,1.3384,10.2137,2.7222,8.1221,35.4046,-46.2443,41.94,On Head
99400,0.8404,10.3477,2.0566,-2.6565,11.5878,-31.7863,41.89,On Head
99450,0.8547,9.2799,1.9656,-8.9618,-11.1908,-20.4886,41.75,On Head
99500,2.4014,14.5759,3.3591,-2.1679,-36.6412,0.6412,41.61,On Head
99550,1.5227,8.8562,3.6655,-7.6641,-34.5649,-10.0916,41.47,On Head
99600,1.8411,9.4020,3.1508,-32.6718,-26.3664,-12.3817,41.75,On Head
99650,-0.7159,8.8705,5.0182,-43.4656,-35.3130,-49.6794,41.71,On Head
99700,-2.1237,9.1530,5.9400,-33.1298,-70.6260,-32.7939,41.99,On Head
99750,-1.6257,7.8817,5.9065,-9.8015,-116.4427,-20.0763,41.42,On Head
99800,-1.5060,7.9583,4.8985,4.1679,-172.1527,-45.8015,41.80,On Head
99850,-0.9840,9.2392,3.5243,2.7634,-200.1069,-66.1527,41.38,On Head
99900,-1.2282,9.8521,3.2370,-7.3588,-206.0763,-70.9771,41.61,On Head
99950,-1.3336,9.3565,2.8922,-2.7023,-204.0153,-60.3664,41.61,On Head
100000,-1.0056,9.6798,2.5905,-0.9924,-184.7023,-52.5496,41.80,On Head
100050,-1.3455,9.9886,2.9209,-0.6870,-169.6336,-43.7863,41.75,On Head
100100,-1.0702,10.4722,3.2106,-6.9160,-155.2061,-32.5038,41.75,On Head
100150,-0.6919,10.0987,3.7828,-12.2137,-144.4427,-23.6641,41.75,On Head
100200,-0.7638,9.4092,4.3718,-9.9389,-135.2977,-22.3206,41.99,On Head
100250,-0.7326,9.4308,4.3407,-2.1527,-126.2901,-18.6565,41.47,On Head
100300,-0.9361,8.9495,4.1875,8.3969,-123.9237,-17.6794,41.94,On Head
100350,-0.4549,9.3853,3.2609,15.9542,-118.8397,-6.2748,41.42,On Head
100400,0.1437,9.6247,2.7581,9.6641,-112.0763,-2.1832,41.61,On Head
100450,0.9505,10.3573,2.0590,5.1145,-99.9237,-1.0687,41.71,On Head
100500,1.3336,10.5800,1.5251,2.6412,-84.3817,0.6412,41.47,On Head
100550,0.8571,9.9240,0.5674,-1.5267,-71.1603,-1.5878,41.57,On Head
100600,1.3982,10.1801,-0.3496,-2.2290,-65.5725,1.5573,41.80,On Head
100650,1.6664,9.8545,-0.6393,-14.2443,-48.9771,-6.0611,41.61,On Head
100700,2.0758,10.7619,0.0599,-13.1908,-34.7786,5.1450,41.75,On Head
100750,2.6432,8.8777,0.4549,-14.0305,-14.0916,-1.5420,41.71,On Head
100800,2.1021,9.6750,0.4932,-3.2061,-1.3893,-14.3206,41.57,On Head
100850,1.5802,9.6031,0.7494,1.1756,5.2672,-10.7786,41.57,On Head
100900,1.1923,9.8497,1.1684,-3.1908,4.2443,-10.0611,41.75,On Head
100950,1.3575,9.6917,1.5395,1.8473,-1.6183,-7.2672,41.57,On Head
101000,1.4078,9.9216,1.5467,6.8855,-8.0458,-7.3282,41.75,On Head
101050,1.6424,9.9958,1.1516,3.0382,-12.0153,-6.1069,41.75,On Head
101100,1.7957,9.6917,1.2258,-2.7176,-17.6641,-5.0382,41.75,On Head
101150,1.8771,9.7324,0.9888,-6.9771,-22.3817,-4.9466,41.47,On Head
101200,1.9106,9.5026,0.9960,-9.9084,-15.4656,-2.0458,41.80,On Head
101250,1.4222,10.4315,0.9864,-4.4580,-15.4809,6.6412,41.47,On Head
101300,1.8004,10.4962,0.8068,-11.4198,-14.9618,11.4504,41.61,On Head
101350,1.7526,10.7595,0.9385,-12.8702,-18.0153,14.4122,41.71,On Head
101400,3.3591,10.6781,1.4006,-26.7176,-16.0153,9.4198,41.47,On Head
101450,1.7286,10.8481,2.8515,-27.4198,-18.2443,-12.3969,41.61,On Head
101500,0.0742,7.9918,3.0119,-26.9313,-27.4809,-28.0458,41.71,On Head
101550,-0.4980,8.6838,3.2633,-28.2290,-33.8779,-9.3588,41.75,On Head
101600,0.5100,8.4276,4.2449,-26.1374,-33.6641,1.0534,41.71,On Head
101650,0.8284,8.2241,4.6855,-13.5267,-28.3511,-5.9237,41.61,On Head
101700,0.9242,8.7508,4.2210,4.1069,-27.2061,-5.9695,41.71,On Head
101750,1.0367,8.8921,3.1795,12.5344,-30.5344,-13.3740,41.61,On Head
101800,1.4006,9.3996,2.4205,12.4733,-30.3817,-9.8779,41.75,On Head
101850,2.1261,9.3518,2.0279,8.7786,-27.2519,-2.4885,41.80,On Head
101900,2.3056,9.2751,2.1644,-0.9008,-16.8092,-3.4046,41.61,On Head
101950,1.8196,9.1051,2.7222,0.0305,-10.6718,-7.2977,41.89,On Head
102000,1.3001,10.1730,3.2106,0.7786,-9.2824,-7.9084,41.61,On Head
102050,1.0894,10.5105,3.4860,-0.8550,-5.2672,-0.0153,41.42,On Head
102100,2.9975,16.6732,3.9792,7.7710,6.6565,23.6794,41.61,On Head
102150,0.6416,11.3581,3.8092,18.3359,10.5496,2.0916,41.75,On Head
102200,-0.9242,9.5146,0.3735,45.4809,3.1145,-27.1908,41.94,On Head
102250,-0.7590,11.4610,-0.8547,8.0611,10.5344,13.0229,41.71,On Head
102300,1.1349,8.8346,0.2921,-23.3130,10.8397,42.3359,41.57,On Head
102350,2.0470,8.3270,1.4461,-28.3206,11.1603,19.9542,41.71,On Head
102400,1.3743,8.7484,2.8347,-28.6412,3.0992,-3.9695,41.61,On Head
102450,0.7111,9.4475,3.2465,-12.2901,-23.7710,-8.9618,41.75,On Head
102500,1.0702,9.7899,3.0382,-18.1985,-49.6489,-12.2595,41.80,On Head
102550,1.2953,9.4188,2.7342,-14.3817,-73.3435,-7.6031,41.94,On Head
102600,2.2936,8.9328,1.9776,-14.7023,-66.2443,-3.2824,41.89,On Head
102650,2.0806,8.8322,1.7717,-11.4656,-51.3435,3.8626,41.71,On Head
102700,2.6408,9.8881,1.6065,-4.4885,-34.7023,6.3359,41.75,On Head
102750,1.6448,9.2201,2.1859,5.4351,-25.7557,-1.8931,41.75,On Head
102800,3.3327,17.7746,2.8299,14.3664,-31.3740,10.5802,41.71,On Head
102850,2.1404,14.1066,2.6121,7.8473,-33.9847,-7.3740,41.47,On Head
102900,0.6991,9.3518,3.5362,-12.1069,-27.7252,-17.1145,41.61,On Head
102950,0.1101,9.3925,4.3096,-21.8168,-32.4733,10.3511,41.61,On Head
103000,1.5538,8.3079,4.3910,-13.0840,-43.3435,30.0611,41.47,On Head
103050,2.5307,7.7476,3.7445,-3.5573,-49.8931,7.9237,41.42,On Head
103100,3.0167,8.4970,3.9361,-3.8931,-42.2443,-6.4427,41.80,On Head
103150,1.8387,6.3470,4.5107,12.7176,-27.8626,-16.9466,41.71,On Head
103200,0.5722,7.8219,3.1173,55.9389,-60.7023,-24.3817,41.75,On Head
103250,1.9369,11.6167,-0.1676,33.0076,-58.3359,-30.4122,41.47,On Head
103300,1.4413,11.6789,0.1628,-1.2519,-36.1221,-2.5954,41.61,On Head
103350,2.1237,11.0157,0.5531,-9.5878,-21.3130,16.0458,41.47,On Head
103400,4.6543,15.8616,1.4222,-11.5573,-9.6336,34.9008,41.61,On Head
103450,4.3263,11.4563,1.1133,-2.1832,7.2366,8.3206,41.80,On Head
103500,1.8364,8.5401,-0.4453,6.4275,12.6107,-12.0763,41.71,On Head
103550,1.2570,10.7260,-0.8978,-8.6107,16.8550,2.3359,41.75,On Head
103600,2.7461,9.3637,-0.3376,-12.1069,17.3740,15.4656,41.57,On Head
103650,2.5594,9.0716,-0.8715,-11.2061,31.1908,-9.2366,41.75,On Head
103700,2.0183,9.2680,-0.0982,-21.1145,35.0687,-2.4427,41.89,On Head
103750,2.3894,8.6646,0.5531,-22.4580,39.4504,-3.3282,41.61,On Head
103800,2.2146,8.7197,1.3575,-24.1832,45.1756,-7.6336,41.47,On Head
103850,1.6903,8.4898,1.7933,-16.3511,40.1985,-0.5191,41.75,On Head
103900,1.6568,9.1004,1.6305,-7.4809,27.9084,1.4046,41.71,On Head
103950,2.2003,10.8816,1.0822,-8.1069,22.2137,-6.1832,41.38,On Head
104000,1.1253,10.5489,1.4724,-14.1221,17.6947,-1.2519,41.75,On Head
104050,2.5163,14.9039,2.9353,-30.3053,9.0534,4.1832,41.42,On Head
104100,2.4828,11.6454,3.2585,-24.8397,11.6183,-7.4656,41.38,On Head
104150,1.3862,9.5074,3.9480,-29.9237,11.8779,0.3664,41.57,On Head
104200,1.5227,7.3310,5.0039,-30.7634,18.7023,12.8550,41.94,On Head
104250,2.0063,7.1060,5.3893,-8.3817,17.4656,7.2366,41.75,On Head
104300,1.7669,7.5537,4.3598,14.8702,15.0840,-10.0305,41.75,On Head
104350,1.4748,8.3701,3.5937,23.8931,18.8550,-5.4504,41.57,On Head
104400,1.3647,8.9088,3.1987,25.7405,16.6718,-12.9008,41.61,On Head
104450,1.4054,9.6654,2.8563,17.9237,17.3130,-1.6031,41.57,On Head
104500,1.4892,8.7412,3.2417,10.1527,15.3435,3.4351,41.24,On Head
104550,0.9697,8.8035,3.9265,12.3511,12.9771,-8.9160,41.75,On Head
104600,0.4741,9.7037,3.7733,15.4962,9.5725,-5.4504,41.57,On Head
104650,0.5435,10.0772,3.0622,11.4046,5.2214,2.1527,41.57,On Head
104700,2.7845,8.3103,1.5371,5.6336,4.3511,7.8779,41.75,On Head
104750,0.5602,7.7812,0.5890,12.0305,15.4962,-10.1221,41.47,On Head
104800,-0.2131,11.6478,0.3543,33.5573,-13.1145,0.2748,41.71,On Head
104850,1.3479,10.9176,-1.5299,27.4809,-24.7939,-2.2290,41.42,On Head
104900,1.5227,10.2975,-1.6328,5.3435,-7.3893,-8.9313,41.71,On Head
104950,0.7326,9.4858,-0.1700,-8.4885,-1.6794,-0.1679,41.42,On Head
105000,1.0343,8.5617,0.7087,-7.9389,-6.8397,-3.1603,41.75,On Head
105050,0.8475,8.7221,1.1420,-3.0076,-22.1527,-8.3511,41.61,On Head
105100,1.1109,9.5457,0.5986,-7.0992,-30.9771,-0.1069,41.61,On Head
105150,1.4724,9.9503,0.3687,-11.7405,-36.5954,1.4656,41.28,On Head
105200,0.8284,10.5297,1.1229,-15.6641,-46.1679,-0.1527,41.80,On Head
105250,0.4549,10.0940,1.3479,-17.2519,-66.9160,-7.3740,41.71,On Head
105300,2.6911,21.2773,3.0765,-6.9313,-87.7710,1.0534,41.28,On Head
105350,1.0343,13.3285,2.7845,-14.5802,-110.8092,-28.9160,41.47,On Head
105400,0.6129,9.5888,3.1603,-25.2366,-108.6412,-34.4122,41.71,On Head
105450,-0.2634,7.8434,3.7038,-18.1069,-123.6183,-21.7557,41.47,On Head
105500,1.3240,8.3270,2.9951,-8.6412,-124.7328,-11.3893,41.38,On Head
105550,1.0391,9.0357,2.8299,-8.1832,-111.5725,-29.0076,41.61,On Head
105600,0.8188,9.4116,2.5833,-10.3206,-95.0076,-22.2748,41.71,On Head
105650,0.2274,9.5888,2.6312,-9.4198,-82.9008,-25.6183,41.71,On Head
105700,0.9840,9.5337,2.2098,-7.9695,-72.0000,-5.8015,41.80,On Head
105750,1.1181,8.5952,2.6264,-4.5954,-55.0229,-2.9466,41.57,On Head
105800,1.6688,9.3781,2.9808,-6.3359,-36.9771,-8.8397,41.75,On Head
105850,0.9146,9.4403,3.3662,3.2977,-25.8015,-4.2748,41.71,On Head
105900,1.0080,9.6391,2.9999,9.9237,-21.9237,8.1679,41.57,On Head
105950,1.9800,14.6693,3.3902,31.2824,-23.3282,18.2595,41.57,On Head
106000,2.0638,11.6167,1.4557,5.4046,-13.8931,-12.1069,41.80,On Head
106050,-0.8475,6.9959,1.0127,13.4046,-19.9084,-24.7481,41.80,On Head
106100,-0.2155,9.1171,0.2107,22.7023,-35.4809,-7.7405,41.57,On Head
106150,1.3551,10.2711,-0.7063,2.9160,-38.5802,-25.9695,41.47,On Head
106200,-0.8643,10.7500,0.4190,-24.2595,-36.3664,-50.9924,41.42,On Head
106250,-1.6305,10.8769,0.7685,-31.4351,-40.7939,-40.4275,41.75,On Head
106300,-1.5969,9.7037,1.7549,-27.2824,-36.0611,-13.2519,41.99,On Head
106350,-0.4741,9.0525,1.8076,-17.8626,-33.0382,0.7939,41.75,On Head
106400,-0.1245,8.6718,1.8004,-11.2977,-25.9389,0.7786,41.57,On Head
106450,-0.8380,9.1698,1.6807,-9.3130,-26.3664,-4.5344,41.61,On Head
106500,-0.9744,10.0317,1.4988,-10.0305,-32.3817,1.2519,41.42,On Head
106550,-1.0463,10.3382,1.5874,-16.4275,-32.4275,-4.1832,41.75,On Head
106600,-1.2474,11.1594,2.3248,-9.4809,-36.5954,9.2519,41.75,On Head
106650,1.1851,11.0588,1.3479,4.7786,-34.7939,0.0305,41.47,On Head
106700,0.6464,11.5568,2.0925,-11.5878,-28.0153,4.2137,41.75,On Head
106750,0.6752,8.8178,2.5929,-35.9389,-8.6260,13.8015,41.47,On Head
106800,0.4669,6.9911,3.9528,-33.7405,-5.6336,34.7328,41.42,On Head
106850,0.9744,7.1922,5.6958,-1.5573,-19.6336,51.7710,41.38,On Head
106900,2.5642,8.4731,5.6072,-0.5649,-13.4656,-6.8244,41.61,On Head
106950,0.2418,8.6072,5.7868,-11.6794,-28.2137,-60.7023,41.80,On Head
107000,-1.2210,8.0972,5.2122,2.9771,-45.2977,-58.3511,41.38,On Head
107050,-1.2354,8.4420,4.3790,20.2443,-59.4962,-37.3893,41.94,On Head
107100,-0.9218,9.2033,3.8283,15.9084,-59.2214,-31.5725,41.75,On Head
107150,-1.0894,9.4403,3.6464,18.9771,-57.1908,-31.9695,41.99,On Head
107200,-1.6999,9.8976,3.5051,12.6260,-47.1450,-19.9695,41.61,On Head
107250,-0.7781,11.0756,3.2465,20.2901,-47.8626,-4.1985,41.57,On Head
107300,-0.5578,9.7348,2.1668,25.3588,-50.3969,-26.3359,41.47,On Head
107350,-1.6999,10.4267,1.1037,26.2443,-57.5878,-19.8473,41.61,On Head
107400,-0.9912,9.5624,0.3663,19.0534,-54.8855,-19.3130,41.71,On Head
107450,-2.1500,9.9335,-0.0479,4.1069,-55.6183,-24.0305,41.47,On Head
107500,-1.4293,9.6654,-0.1484,-8.7328,-56.2595,-8.3359,41.80,On Head
107550,-1.1372,10.5321,0.0886,-15.7099,-33.4046,-23.2977,41.47,On Head
107600,-2.3894,10.6326,1.2378,-29.1908,-19.6947,-26.9924,41.61,On Head
107650,-3.4285,9.8521,2.3128,-23.2672,-20.2137,-13.1908,41.80,On Head
107700,-2.6312,8.9854,2.6001,-18.3664,-31.9237,-1.4656,41.61,On Head
107750,-2.7102,8.1068,2.6240,-0.6870,-37.7710,-8.0916,41.75,On Head
107800,-2.9425,9.3661,2.5379,4.3206,-50.0000,-4.1374,41.57,On Head
107850,-2.9784,9.9671,2.4828,4.9924,-75.0076,-26.3969,41.38,On Head
107900,-2.9209,10.1610,2.3942,0.9771,-71.9389,-15.0382,41.75,On Head
107950,-1.7286,10.7787,2.4373,-4.0458,-70.0000,3.5115,41.61,On Head
108000,-0.7925,8.7101,3.8786,-19.1908,-69.0229,18.8855,41.89,On Head
108050,-0.1101,8.6646,4.1300,-15.0992,-66.0458,8.1832,41.71,On Head
108100,0.0646,7.9511,4.3527,-16.9771,-54.3359,-6.1527,41.71,On Head
108150,-0.8523,8.6191,4.8483,0.0305,-42.4275,-19.2672,41.61,On Head
108200,-1.8483,9.4427,5.3032,9.5878,-45.2519,-25.8931,41.71,On Head
108250,-2.2362,10.1059,4.6663,7.1145,-54.0305,-18.3206,41.61,On Head
108300,-2.1093,9.1602,4.6471,12.7328,-77.3130,-0.7176,41.75,On Head
108350,-0.9673,9.2177,3.8906,8.0763,-88.3969,6.6107,41.28,On Head
108400,-0.4764,8.6407,3.8547,5.8473,-99.5878,10.5191,41.80,On Head
108450,-0.0958,9.1937,4.0486,3.5420,-106.2137,1.1145,41.57,On Head
108500,0.2849,9.2225,4.0797,8.9771,-108.2137,-2.7481,41.42,On Head
108550,0.6345,9.2560,4.2665,10.0611,-101.0382,-5.8931,41.47,On Head
108600,0.8092,8.7915,3.8954,19.2366,-94.5802,2.6718,41.42,On Head
108650,0.8571,9.3565,3.1915,17.7710,-89.4657,5.0687,41.57,On Head
108700,1.7837,9.6798,2.5738,10.2595,-94.8855,2.6107,41.38,On Head
108750,2.1739,8.8753,3.0789,12.3511,-87.0992,-17.2214,41.47,On Head
108800,2.8323,9.5409,2.4852,19.4198,-78.1527,-25.0076,41.57,On Head
108850,2.8276,10.2615,1.7454,12.0305,-55.3588,-27.3435,41.38,On Head
108900,1.6305,9.8952,2.3774,-0.9008,-39.8626,-22.7786,41.71,On Head
108950,2.2146,8.9399,3.1196,-3.5420,-31.4656,-15.1908,41.75,On Head
109000,1.4174,8.5425,3.9169,18.8397,-17.2366,-4.6412,41.61,On Head
109050,0.6967,9.2009,3.2633,34.4427,-22.0000,14.2443,41.28,On Head
109100,0.8212,10.8745,3.1029,37.2977,-32.8702,17.6794,41.80,On Head
109150,-0.2921,11.2264,1.7837,31.0687,-50.9771,35.4504,41.57,On Head
109200,0.8475,10.2232,0.1700,31.8931,-67.6183,47.5420,41.71,On Head
109250,1.1827,10.4698,-0.9146,16.6870,-63.0534,35.9084,41.38,On Head
109300,1.5969,10.7931,-1.6424,10.7176,-67.2977,26.1679,41.42,On Head
109350,2.1883,10.3884,-2.9449,-8.5191,-58.6718,10.8244,41.57,On Head
109400,2.5426,10.1754,-1.9273,-28.7786,-34.8702,14.2595,41.42,On Head
109450,2.5091,9.2895,-1.4676,-36.0000,-22.4580,1.1756,41.61,On Head
109500,1.8794,9.1650,-0.4238,-37.4504,-18.4427,-2.6870,41.94,On Head
109550,1.9872,9.2751,-0.0670,-37.0840,-24.7481,-6.4885,41.75,On Head
109600,2.3703,9.4260,0.0168,-31.8779,-26.6565,-10.4580,41.57,On Head
109650,2.5857,9.7109,-0.0575,-24.7634,-25.6336,-12.9924,41.61,On Head
109700,2.9760,9.7899,-0.4142,-21.1603,-17.2672,-10.9466,41.71,On Head
109750,2.8395,9.6869,-0.2993,-20.6565,-6.5038,-6.3969,41.80,On Head
109800,2.6336,9.7420,-0.0431,-26.4275,2.1527,-5.2519,41.80,On Head
109850,2.6384,9.2871,0.3065,-27.8168,3.6031,-4.1374,41.42,On Head
109900,2.4732,9.6055,0.3831,-27.9847,11.2061,-3.2366,41.42,On Head
109950,1.8555,9.6295,0.9744,-28.5038,14.2290,4.5344,41.71,On Head
110000,2.3008,9.9934,1.3455,-22.5496,17.2824,5.0687,41.57,On Head
110050,2.3224,9.7444,2.2673,-14.3511,38.2595,8.0000,41.75,On Head
110100,3.1843,9.6127,3.5314,21.2061,43.8473,-18.1527,41.57,On Head
110150,1.2330,11.4946,3.1987,33.2366,56.6107,-15.9084,41.38,On Head
110200,0.1221,10.3022,3.0478,3.4962,55.0687,1.9237,41.28,On Head
110250,-0.3591,7.8673,3.5985,4.9924,40.6107,35.2061,41.42,On Head
110300,2.1644,8.3318,3.1508,11.9542,24.9466,36.9924,41.57,On Head
110350,2.9090,8.7867,3.0311,7.9695,32.3817,9.8321,41.47,On Head
110400,3.6871,9.0214,2.8683,8.5191,54.9618,-9.0382,41.71,On Head
110450,3.1268,9.3901,2.3439,10.8092,90.3664,-14.2137,41.24,On Head
110500,0.7542,9.1554,3.0167,22.4733,103.6641,-0.3511,41.61,On Head
110550,0.5100,9.1147,2.8730,32.0916,77.7710,21.0076,41.57,On Head
110600,1.4988,9.2057,2.3200,27.1603,60.5344,26.9160,41.71,On Head
110650,1.3479,9.3901,2.1308,17.8626,49.9237,22.4733,41.99,On Head
110700,1.5826,10.0580,2.4684,11.0992,36.2290,18.5191,41.42,On Head
110750,2.4229,9.6199,2.0566,8.1374,33.7863,12.8397,41.47,On Head
110800,2.6504,10.9247,2.0782,5.0992,39.0534,25.9847,41.47,On Head
110850,4.2162,9.4715,1.4700,22.7481,39.8931,18.7786,41.61,On Head
110900,3.2346,11.2456,0.2538,14.5496,29.7557,13.6641,41.24,On Head
110950,2.4134,7.6662,-0.3543,2.0153,40.6412,-1.7405,41.75,On Head
111000,1.3934,9.6438,0.1987,9.2519,34.0458,15.0534,41.38,On Head
111050,3.3255,9.8641,-1.0295,14.6107,30.2137,7.4809,41.61,On Head
111100,2.8635,10.6207,-1.5155,5.2824,41.5573,-5.7863,41.71,On Head
111150,3.0143,9.9695,-0.8691,-16.2748,55.3130,-2.9618,41.75,On Head
111200,2.4948,8.6503,0.0192,-13.5420,67.2672,-12.8397,41.71,On Head
111250,1.6927,9.3182,0.5674,-14.0305,69.5573,-6.1069,41.71,On Head
111300,1.8052,9.1075,0.7566,-15.3588,61.9847,5.6489,41.42,On Head
111350,2.0039,9.2033,1.1253,-14.6107,53.2519,6.9771,41.75,On Head
111400,2.3487,9.8569,1.4485,-11.9847,42.4885,7.9237,41.89,On Head
111450,2.5522,10.4651,1.8699,-13.3740,32.6870,12.7023,41.57,On Head
111500,2.3846,9.8761,2.0303,-7.9542,21.6031,15.4962,41.57,On Head
111550,2.3439,9.8737,2.3415,-10.7634,13.3435,15.8931,41.57,On Head
111600,4.4963,10.2615,3.0502,-9.6183,7.6794,16.3969,41.61,On Head
111650,2.5666,9.8497,3.7804,-13.2824,5.6947,12.0763,41.75,On Head
111700,2.0542,7.9990,4.5729,-18.1832,3.0687,9.0229,41.71,On Head
111750,1.5634,7.0940,5.2409,-10.8550,-7.7252,15.2366,41.61,On Head
111800,2.6240,7.7883,5.3175,2.1069,-23.6031,11.1298,41.42,On Head
111850,2.3703,8.0804,4.7309,12.0611,-33.8015,-14.6718,41.80,On Head
111900,2.1548,8.4348,4.0630,14.6565,-36.8855,-20.8397,41.61,On Head
111950,1.8771,8.8274,3.3854,20.8855,-44.6260,-25.0382,41.57,On Head
112000,1.7621,8.9184,2.6719,20.4427,-50.2290,-16.7176,41.47,On Head
112050,2.0231,8.5305,2.0303,16.6260,-48.6260,-4.3359,41.61,On Head
112100,2.7485,9.3518,1.8483,12.3664,-43.8473,-3.2214,41.61,On Head
112150,3.1388,10.4004,1.8076,8.1527,-28.8397,-8.0611,41.99,On Head
112200,3.0023,10.8553,2.0973,-2.8855,-17.3130,1.6641,41.38,On Head
112250,4.0247,14.1114,2.8228,-0.0763,-15.9695,5.6183,41.47,On Head
112300,3.4165,13.4315,0.2107,9.3282,-13.2824,-0.1374,41.89,On Head
112350,2.6480,10.2161,-1.4102,0.7939,-2.2290,-20.0763,41.57,On Head
112400,0.7638,9.8809,-1.0558,-9.1450,5.0534,5.1145,41.71,On Head
112450,3.0933,9.1339,-0.4549,-17.3893,-4.3817,22.0000,41.61,On Head
112500,3.3351,8.6191,-0.3831,-18.8702,12.1832,-16.6260,41.75,On Head
112550,2.2098,9.2943,0.2586,-19.4351,15.0229,-12.8550,41.38,On Head
112600,2.4708,8.8514,0.2921,-16.9618,22.3206,-17.1603,41.57,On Head
112650,1.5323,9.1530,1.1636,-23.6947,20.6718,-15.8931,41.38,On Head
112700,1.8459,8.6239,1.6879,-22.3206,12.7023,-2.0458,41.61,On Head
112750,2.2817,8.9304,1.8507,-14.0000,9.2824,3.6641,41.61,On Head
112800,2.3104,9.5744,1.7454,-7.8015,5.9084,-0.6412,41.57,On Head
112850,2.4493,10.6590,1.5467,-5.2366,0.6107,-1.8168,41.57,On Head
112900,1.8364,10.6303,1.7526,-8.3817,-2.1069,5.0840,41.61,On Head
112950,1.5227,10.4674,2.7916,-7.8931,-13.4809,17.1298,41.75,On Head
113000,4.4245,9.8641,2.8898,6.5954,-20.7023,5.5573,41.71,On Head
113050,2.0614,9.8497,3.5219,-7.8931,-17.5878,-14.3969,41.38,On Head
113100,0.8787,7.5896,4.1156,-14.8702,-7.9847,-8.0305,41.71,On Head
113150,1.4126,8.1187,4.2593,8.4580,-17.8473,18.4886,41.61,On Head
113200,2.8299,8.8298,3.4069,9.8321,-20.8092,6.1221,41.42,On Head
113250,2.6121,9.0261,3.2082,7.5725,-17.1450,1.4504,41.42,On Head
113300,2.6001,8.8322,2.5115,13.5115,-17.5573,1.6183,41.57,On Head
113350,2.7054,9.1506,2.0806,6.1374,-17.3130,0.7328,41.71,On Head
113400,2.5666,8.8466,1.9656,1.6489,-16.2748,5.6183,41.57,On Head
113450,2.9329,8.5305,1.8866,-0.9313,-12.5344,7.9084,41.57,On Head
113500,3.2896,9.8019,2.3224,-4.8244,-3.7710,5.6947,41.47,On Head
113550,3.1388,9.9431,2.5905,-7.4198,5.5115,13.7557,41.57,On Head
113600,4.6735,14.2024,3.2777,2.4885,6.3359,37.3435,41.75,On Head
113650,4.9464,12.3301,2.7533,8.6107,2.3969,25.8015,41.24,On Head
113700,3.4429,8.5784,1.2857,1.2366,-3.6641,9.6031,41.47,On Head
113750,2.3535,8.4611,-0.0335,10.7481,-9.7099,-4.6870,41.75,On Head
113800,3.1699,9.5457,-0.3304,-2.5802,-15.3588,8.8397,41.71,On Head
113850,3.6033,8.8083,-0.0766,-13.3740,-8.2137,-8.7786,41.71,On Head
113900,2.7246,9.6726,0.5842,-18.5038,-9.3588,-10.7328,41.61,On Head
113950,1.4629,8.5808,2.0494,-18.0763,-22.9924,-11.5878,41.61,On Head
114000,2.4349,9.1387,1.1396,-8.9466,-49.3435,-3.9695,41.57,On Head
114050,3.4860,8.6598,0.3496,-12.9771,-38.5191,4.3206,41.71,On Head
114100,3.9720,8.7269,0.2658,-13.8779,-21.9084,3.5725,41.71,On Head
114150,3.8666,9.9575,0.5028,-10.5954,-9.5420,-2.3206,41.57,On Head
114200,3.6679,10.3382,0.4812,-13.7252,2.5344,-3.5115,41.38,On Head
114250,3.6583,13.6637,1.9752,-10.1374,-0.8092,10.8702,41.57,On Head
114300,5.3247,13.3716,1.9585,-16.3817,-3.7710,9.2214,41.42,On Head
114350,4.3934,9.2680,2.5786,-33.4046,16.3511,5.9237,41.47,On Head
114400,2.8132,6.4739,4.0917,-38.0611,23.6947,17.0534,41.57,On Head
114450,3.1532,6.3710,5.3989,-11.0992,2.3511,28.7023,41.71,On Head
114500,5.0302,7.8410,5.0039,2.7786,-5.7557,6.7328,41.71,On Head
114550,4.2138,8.3893,4.8339,8.7634,-9.0229,-13.9542,41.47,On Head
114600,3.0861,8.1930,3.6344,17.0840,-21.2672,-22.5191,41.38,On Head
114650,2.8443,8.5329,2.3918,10.5496,-35.1603,-15.6641,41.80,On Head
114700,3.8259,8.0182,1.9609,5.6489,-33.0382,-1.1450,41.75,On Head
114750,4.3718,8.3510,2.3774,4.1832,-23.7557,0.7634,41.28,On Head
114800,4.7381,8.9519,2.5402,-1.8168,-8.5496,-8.9008,41.61,On Head
114850,2.3774,9.1913,3.2394,5.1603,-13.2672,-7.7252,41.38,On Head
114900,4.2808,16.2207,3.0215,-17.7405,-62.3969,16.6870,41.75,On Head
114950,7.1994,10.0724,1.8340,-21.7710,-54.5954,-1.7099,41.38,On Head
115000,4.0247,7.6519,1.1660,-2.2290,-28.2443,-25.0382,41.57,On Head
115050,1.8890,7.3574,0.3567,8.3206,-13.9542,-33.8168,41.61,On Head
115100,2.6169,9.2177,0.1915,9.9084,-12.9924,6.0916,41.42,On Head
115150,3.1795,10.0940,0.3567,-3.8626,-6.0916,-15.3893,41.42,On Head
115200,1.8411,10.8960,1.1732,-14.1527,-5.5267,-21.2519,41.75,On Head
115250,1.2713,10.3932,1.2522,-22.6107,-12.8397,-17.8473,41.47,On Head
115300,1.2091,9.5289,1.4796,-28.9466,-32.9160,-0.6870,41.42,On Head
115350,3.1699,8.5018,1.1157,-21.2672,-38.9160,11.0229,41.71,On Head
115400,3.5027,8.5018,1.0008,-18.1985,-30.6565,1.8473,41.61,On Head
115450,3.1771,9.2416,1.1157,-21.7557,-34.1832,-7.1298,41.75,On Head
115500,2.7557,9.3901,1.7885,-18.9618,-35.9847,-16.7786,41.80,On Head
115550,1.3910,10.0389,1.4940,-13.6183,-60.9771,-22.6260,41.47,On Head
115600,3.2848,14.2790,1.7885,-14.6870,-76.2443,-8.9313,41.42,On Head
115650,3.7397,12.5983,1.3096,-21.7863,-68.6107,-12.6870,41.61,On Head
115700,4.1252,9.6654,2.1476,-26.8244,-47.2519,-3.0076,41.61,On Head
115750,3.2465,7.9559,2.7701,-24.5649,-28.4427,3.7405,41.24,On Head
115800,3.3639,7.6782,3.2872,-21.3130,-21.7252,8.6260,41.47,On Head
115850,3.8499,8.5018,3.9073,-19.4962,-20.8092,-2.0763,41.57,On Head
115900,3.2944,8.8466,4.5562,-14.8397,-20.6107,-8.6870,41.57,On Head
115950,3.0742,8.9639,4.1132,-9.1450,-27.3588,-19.2672,41.47,On Head
116000,2.1739,8.7388,3.7517,-10.8397,-34.4580,-24.7634,41.75,On Head
116050,2.3535,8.5593,3.4668,-10.3511,-33.2672,-9.7710,41.61,On Head
116100,1.9154,8.9016,3.6009,0.2595,-41.2824,-3.6183,41.42,On Head
116150,2.2170,9.2967,3.6655,-9.3740,-48.1679,-7.1603,41.80,On Head
116200,2.4397,10.5297,3.6703,-11.9084,-55.6031,-11.4656,41.42,On Head
116250,1.7765,10.1969,4.2066,-15.4962,-63.4504,-26.6260,41.42,On Head
116300,1.1732,10.3956,3.9073,-12.2443,-68.0458,-31.4962,41.61,On Head
116350,0.7614,9.5984,3.7421,-9.6183,-68.9771,-20.1069,41.71,On Head
116400,0.0694,9.2392,3.7517,0.9160,-91.3435,-15.1756,41.61,On Head
116450,0.5387,9.8521,2.9353,-5.8473,-123.3130,-14.1679,41.47,On Head
116500,0.4070,9.5050,2.7653,-20.0763,-162.6870,-24.2137,41.61,On Head
116550,0.3472,9.2967,2.2242,-24.5649,-197.8473,-35.9847,41.71,On Head
116600,-1.0702,10.3884,1.8842,-22.0458,-228.0763,-22.7634,41.71,On Head
116650,1.5969,10.1490,0.0096,-39.5725,-236.4427,2.8244,41.61,On Head
116700,4.6017,10.9798,-0.5698,-19.2824,-187.3740,3.7557,41.61,On Head
116750,4.3024,11.4994,-1.5778,-24.8244,-124.5649,-11.3130,41.71,On Head
116800,2.4062,9.6486,-1.5036,-22.7176,-66.8397,-29.7405,41.42,On Head
116850,0.2825,10.1658,-1.1995,-9.7405,-41.4809,-18.1679,41.57,On Head
116900,0.5770,10.3477,-1.1899,-12.9160,-28.3817,10.3664,41.38,On Head
116950,1.9848,10.0102,-0.8356,-14.3206,-31.6641,15.4198,41.57,On Head
117000,2.9497,9.6941,-0.5076,-22.9160,-23.2672,7.0382,41.61,On Head
117050,2.9233,9.0644,0.2274,-24.2748,-8.9771,-2.0153,41.47,On Head
117100,2.7892,9.1171,0.5531,-20.6718,-3.3893,-6.6260,41.75,On Head
117150,2.6743,9.1937,0.8763,-15.1908,-3.4656,-7.7405,41.61,On Head
117200,2.8539,9.7971,0.6895,-12.9313,-2.5191,-6.7786,41.80,On Head
117250,2.8252,9.4188,0.7733,-15.9542,0.0916,-3.4809,41.61,On Head
117300,2.7174,9.2943,1.0606,-15.3130,0.5954,0.2595,41.61,On Head
117350,2.4445,9.0333,1.2498,-13.8321,-2.7023,4.1832,41.42,On Head
117400,2.2625,9.8090,1.2043,-11.6947,-7.6947,9.3588,41.57,On Head
117450,0.8739,10.6853,1.5897,-4.0763,-27.9847,28.7481,41.57,On Head
117500,3.7924,10.4627,1.1756,-27.7405,-38.9008,13.3130,41.57,On Head
117550,3.6440,13.2639,3.3567,-9.3282,-35.3282,5.4809,41.71,On Head
117600,3.7900,11.9303,2.1787,-19.6183,-27.6794,-13.8473,41.89,On Head
117650,1.2091,8.8274,3.2777,-30.1221,-13.2214,-34.5038,41.75,On Head
117700,0.0455,9.4499,4.1228,-25.1145,-18.9160,3.1756,41.38,On Head
117750,1.8292,8.8490,4.6567,-20.7786,-20.7939,27.0687,41.47,On Head
117800,2.6863,7.9440,4.7645,-17.8473,-19.0534,-5.0382,41.47,On Head
117850,2.1763,8.3749,4.1515,0.6870,-15.5573,-1.3435,41.38,On Head
117900,2.4469,8.4898,3.3519,4.5649,-17.8931,1.8473,41.38,On Head
117950,3.6871,8.2959,2.6600,0.4122,-2.0916,4.6260,41.57,On Head
118000,3.2370,8.0158,2.9664,13.4046,10.6107,9.0992,41.47,On Head
118050,2.8922,8.4084,3.4381,17.3435,11.7099,3.3282,41.71,On Head
118100,2.6169,9.7803,3.4213,20.6870,3.7863,3.2061,41.47,On Head
118150,3.1651,10.5225,3.3303,17.7557,-3.6489,9.2214,41.42,On Head
118200,3.1268,10.2185,2.7821,14.0305,-7.8473,15.7099,41.57,On Head
118250,4.7645,10.5010,2.1691,10.6870,-5.8168,23.7405,41.57,On Head
118300,3.7541,9.0118,1.1660,15.9084,-3.6183,15.5115,41.57,On Head
118350,2.8084,7.3909,-0.5842,18.6260,4.2290,-12.3511,41.47,On Head
118400,2.5522,9.6103,-0.5171,11.3282,4.8092,2.1832,41.38,On Head
118450,3.5793,9.7612,-0.7207,3.7252,10.0153,1.7710,41.61,On Head
118500,3.1125,9.3350,-0.5890,-9.5420,16.6718,-5.0992,41.61,On Head
118550,3.6631,8.7867,-0.0790,-19.7863,22.2290,-12.7023,41.47,On Head
118600,2.9401,8.4467,1.1540,-22.1221,33.1603,-20.5496,41.42,On Head
118650,2.5474,8.7747,1.4485,-13.5115,29.5573,-12.2901,41.47,On Head
118700,2.5977,8.8394,1.7142,-12.7023,26.8550,-5.8931,41.75,On Head
118750,2.5091,9.1961,1.4868,-2.7328,17.6031,-10.3359,41.75,On Head
118800,2.8778,11.3150,1.4724,-13.4351,17.2672,-8.7176,41.57,On Head
118850,1.6568,10.3645,2.8347,-11.6031,1.1145,-1.7710,41.61,On Head
118900,3.7254,9.6007,2.3056,-16.2748,-20.9313,-6.8702,41.42,On Head
118950,1.9369,9.6654,2.8228,-14.3817,-18.9160,-14.7786,41.61,On Head
119000,1.8675,8.6598,3.3591,-27.4809,-4.0611,-20.8550,41.61,On Head
119050,1.9249,8.1499,3.9480,-7.9389,25.7405,11.7252,41.38,On Head
119100,2.4756,8.2744,3.7517,10.3511,42.2901,-1.9084,41.61,On Head
119150,0.3041,9.1889,3.5626,13.5878,34.2901,-28.1069,41.42,On Head
119200,-0.5746,8.8418,3.4117,16.4580,4.8550,-18.1527,41.61,On Head
119250,0.7829,9.3302,2.5450,5.3435,-17.6947,-8.4580,41.42,On Head
119300,1.4605,9.1171,2.7342,-4.5496,-25.7557,-9.2977,41.38,On Head
119350,1.2450,9.0022,2.9951,-1.0992,-31.7710,-7.9695,41.61,On Head
119400,2.5187,10.8314,2.1284,-4.3206,-20.3969,-9.9237,41.75,On Head
119450,2.7007,11.0804,1.1971,-22.5191,23.0840,-10.2443,41.61,On Head
119500,1.9656,13.5703,2.9999,-30.5954,36.3359,9.7557,41.28,On Head
119550,2.4541,10.5848,4.3144,-21.6183,49.4504,-0.6260,41.47,On Head
119600,-0.3065,7.5058,3.3088,-6.7328,38.1221,-13.4351,41.75,On Head
119650,-0.0599,10.0676,1.6233,23.2214,15.8931,3.4962,41.42,On Head
119700,1.7813,9.7013,1.0295,4.3206,17.3130,9.5420,41.42,On Head
119750,0.9553,9.1435,1.0965,5.6947,24.5038,-10.8550,41.42,On Head
119800,0.8715,9.4786,1.3527,-1.3893,21.3893,-13.4809,41.57,On Head
119850,0.4956,9.1075,1.8052,-6.4580,25.5725,-19.0840,41.42,On Head
119900,0.0718,8.9735,2.1691,-5.0534,16.3817,-5.7863,41.61,On Head
119950,0.8068,8.9376,2.2673,-2.2290,6.8702,6.6412,41.47,On Head
