time_ms,acc_x,acc_y,acc_z,gyro_x,gyro_y,gyro_z,temp_c
0,5.8658,8.6838,1.312,-13.1603,-27.3588,4.6412,41.75
50,4.2689,10.8026,2.083,-15.6183,-19.4351,-1.374,42.08
100,4.2425,9.6175,2.7031,-37.0229,-19.5725,-17.1145,41.99
150,1.8914,8.4204,4.0845,-46.8244,-26.458,-21.9084,41.89
200,2.9329,9.0573,4.4365,-36.8397,-35.3435,-16.6107,41.75
250,3.371,9.3158,3.79,-41.1756,-14.5038,-30.687,41.94
300,1.7262,7.8865,4.774,-10.0,-8.9466,-26.2748,41.71
350,1.834,8.8897,3.9385,9.0992,-11.5878,-8.8397,42.08
400,2.1452,9.2344,3.6943,1.6489,-25.8779,3.1603,41.99
450,2.9113,8.8849,3.7852,-6.0611,-37.8015,1.4046,41.94
500,3.1843,8.2552,3.7589,-7.6947,-40.0763,-1.4046,41.99
550,3.3208,7.8721,3.5721,-1.4809,-34.4733,-7.1756,41.94
600,4.1851,9.8713,3.1196,2.2748,-18.5496,-3.0229,41.89
650,3.8283,9.7827,3.7206,-4.2901,-2.0916,14.1985,41.99
700,3.644,9.8378,3.5865,-10.1221,-15.8931,17.7405,42.13
750,4.6998,10.2065,3.4453,-15.3282,-19.9389,13.6794,41.71
800,5.7796,9.177,2.9592,-19.084,-3.0076,6.7328,41.94
850,3.6272,9.5481,2.6097,-2.4122,-8.626,-14.7481,41.94
900,1.9369,8.351,1.3001,1.2824,-13.313,-35.2366,41.8
950,1.3599,9.596,0.9816,2.9771,-27.771,-8.1832,41.99
1000,3.553,8.7891,0.6009,4.916,-25.7099,-2.9466,41.94
1050,3.1987,9.3206,0.0,13.1908,-13.8015,-25.5267,41.8
1100,2.9281,10.5776,-0.5124,3.7863,-2.0153,-21.7252,41.94
1150,2.9305,9.9575,0.2729,-12.2137,12.0153,-14.5954,41.8
1200,3.0718,9.1147,1.3192,-19.3435,18.9313,-6.9313,41.94
1250,3.2417,8.0206,2.047,-15.1756,20.3053,-9.0382,41.8
1300,2.8156,8.2289,1.9561,-1.4504,16.7176,-26.5649,41.89
1350,2.2745,8.8897,1.7933,2.7481,14.6412,-33.4656,42.13
1400,2.1835,9.8378,1.6185,4.5191,14.0611,-28.4275,41.75
1450,1.9082,10.3765,1.7358,0.7328,15.8626,-19.3893,42.08
1500,2.1739,10.9128,1.7358,-6.0763,18.6565,-2.7176,41.99
1550,2.0446,10.1035,2.2027,-6.687,15.4198,4.7328,41.94
1600,3.3662,14.5974,3.1244,-0.9466,5.313,14.916,41.8
1650,2.3176,10.41,3.3016,-5.2519,5.0382,-4.1374,41.89
1700,0.4645,9.2129,3.2729,7.0229,-8.0916,-15.6794,41.57
1750,0.2179,9.086,2.5163,9.2977,-14.1985,-12.3359,41.94
1800,0.6177,9.0692,2.375,-0.916,-8.3664,6.0,41.57
1850,1.3599,9.6438,2.4062,-4.8092,-4.4427,5.374,42.27
1900,1.4365,10.0126,2.3559,-10.2137,4.6565,-3.8626,41.94
1950,0.9194,9.3134,2.5139,-10.6412,10.9008,-5.4504,41.8
2000,1.257,9.2129,2.4205,-4.9924,7.4962,-4.7786,41.99
2050,1.6616,8.734,2.569,-3.5115,12.4275,-3.1298,41.8
2100,1.3838,8.8969,2.4972,4.1221,13.9237,-3.8779,41.99
2150,0.9936,9.2416,2.6121,4.7023,15.771,-4.6565,41.99
2200,1.1325,10.41,2.6312,4.3206,19.3282,3.5267,42.08
2250,1.2761,10.3765,2.9473,3.542,25.5878,12.8397,41.89
2300,1.1636,10.0221,2.9018,6.0611,25.8168,23.5725,41.89
2350,3.9863,15.5815,2.9425,7.9237,21.771,32.5038,41.89
2400,2.6552,10.7595,1.8675,4.5954,28.6565,2.3206,41.94
2450,1.8387,9.833,0.9864,2.1527,27.7252,-3.313,41.99
2500,1.4485,8.3965,0.2729,0.6107,30.3206,-3.0687,42.08
2550,1.8028,8.837,0.4357,-1.0229,29.2977,12.9313,41.75
2600,2.1715,9.1866,0.0311,11.1603,31.5114,-8.3359,41.8
2650,1.3767,10.8769,-0.7111,6.0458,41.313,-21.542,41.99
2700,0.8859,10.2592,-0.3639,-11.771,49.542,-14.1374,41.89
2750,0.8021,9.4523,0.7278,-17.9389,51.8931,-4.0916,41.89
2800,0.984,8.8178,1.2881,-14.8244,47.8779,-1.771,41.8
2850,1.3144,8.7221,1.4365,-7.4504,39.9084,-3.9237,41.99
2900,1.3767,8.9902,1.5203,-1.771,31.8321,-17.1298,41.8
2950,1.1516,10.0365,1.8483,0.2748,24.8397,-22.4122,41.94
3000,0.6895,10.3238,1.6712,2.626,13.3282,-16.3511,41.71
3050,0.3543,10.3453,1.4461,-3.0382,3.7099,-11.0687,41.75
3100,2.8036,16.9533,2.4541,-2.2748,-2.9008,13.6183,41.75
3150,1.2857,10.4411,2.5307,-12.229,0.5344,-11.7863,41.94
3200,0.0359,10.7691,3.0382,-14.7634,0.5496,-29.1145,42.08
3250,-1.0726,9.3757,3.4788,-14.2137,2.8855,-31.8626,41.8
3300,-1.8435,9.3302,3.292,-7.4962,-4.2137,-16.6718,41.94
3350,-1.4006,8.5497,2.9592,-7.0382,-3.9847,-8.6565,41.8
3400,-2.0997,9.2225,3.1292,-6.7786,-0.9466,-14.9924,41.99
3450,-2.2027,9.4786,3.2346,-9.7252,3.9695,-17.6183,42.08
3500,-2.4373,8.9328,3.4165,-10.1985,7.8168,-22.1221,41.94
3550,-2.6001,8.5545,3.2346,-0.5038,8.9008,-29.9237,41.99
3600,-2.9521,9.6367,2.624,4.0458,12.0611,-29.5114,41.94
3650,-2.9425,10.1083,2.7797,-4.0611,15.2977,-10.5649,41.75
3700,-2.5762,9.6486,2.739,-3.084,13.2366,-1.8931,41.99
3750,-2.2075,9.7516,2.9377,-10.2443,11.9237,6.2137,42.08
3800,-2.0877,8.9399,3.3064,-9.5115,5.8931,3.2366,41.75
3850,-1.7933,8.9184,3.3351,-7.0992,-0.9924,-0.9008,41.8
3900,-1.8052,9.1267,3.2777,-2.7786,-4.2901,-6.9924,41.8
3950,-1.8962,9.2392,3.122,-1.8168,-4.5954,-6.1374,41.99
4000,-2.0853,9.493,3.1603,-0.8092,-4.7634,-8.1679,41.89
4050,-2.2098,9.6462,3.3088,-3.6336,-5.145,-3.374,41.99
4100,-2.1428,9.2488,3.5626,-3.5573,-7.9237,-1.9237,41.71
4150,-2.083,8.9591,3.565,-2.5344,-11.6183,-3.9237,41.99
4200,-2.3822,8.9878,3.8235,1.5267,-17.542,-7.4046,41.89
4250,-2.8419,9.2751,3.7373,6.7328,-28.8092,-4.6565,41.75
4300,-2.8395,9.8928,3.486,5.6336,-43.9237,0.1527,41.99
4350,-2.5259,9.8306,3.5027,-1.5115,-56.5802,2.6565,41.94
4400,-2.2075,9.3087,3.7541,-2.2137,-70.5343,7.0382,41.75
4450,-1.5155,8.7364,3.6488,-0.5954,-82.5954,5.145,41.75
4500,-1.3934,8.8346,3.7493,2.2137,-92.8702,-11.9542,42.13
4550,-1.9225,9.2919,3.8858,3.9695,-99.1603,-22.4427,42.08
4600,-2.2697,9.6534,3.9193,5.145,-104.687,-22.5038,41.99
4650,-2.2122,9.7444,4.0031,2.4275,-105.1298,-13.8473,41.8
4700,-2.0087,9.3757,4.1084,4.2595,-108.7481,-3.8931,41.89
4750,-1.6759,9.3637,4.0199,5.8168,-108.9771,-1.2977,41.89
4800,-1.3336,9.0621,3.9073,8.9924,-110.8244,1.2672,41.8
4850,-0.747,9.0597,3.4884,11.1145,-114.855,-4.9313,41.75
4900,-0.1484,8.7915,3.2154,11.9847,-113.1298,-10.5802,41.94
4950,0.0455,9.7612,2.6695,18.687,-109.6489,-16.4733,42.08
5000,0.2107,9.8569,2.3032,12.4733,-104.6107,-3.9847,42.13
5050,1.087,10.1227,1.4796,15.1145,-98.626,-5.2519,41.94
5100,1.3264,10.1155,1.1684,6.7634,-83.8168,-7.9389,41.61
5150,1.1995,9.9886,1.2929,0.8092,-73.6489,-12.2748,41.75
5200,1.1516,9.5026,1.2234,-3.7405,-60.4122,-17.9389,41.8
5250,0.3376,9.3302,1.4102,-1.3893,-50.9008,-18.5954,41.8
5300,0.3041,10.1418,1.4772,3.0076,-50.2748,-18.7481,41.94
5350,0.0335,10.6973,1.5036,5.0992,-51.6183,-13.3588,41.99
5400,0.3855,10.3573,1.3623,4.5191,-53.8779,-5.4504,41.75
5450,0.8523,9.7923,1.3791,0.855,-52.9924,-0.1527,42.08
5500,1.0415,8.9352,1.494,6.3206,-53.2672,-0.7939,41.94
5550,1.1516,10.1251,0.3448,7.6336,-53.3588,-8.4427,41.75
5600,0.4621,10.6757,0.1221,-14.2137,-70.6107,-25.2366,41.94
5650,0.4788,10.3741,0.4118,-16.9313,-80.7023,-20.8397,41.75
5700,1.1181,9.9886,0.2777,-5.5267,-71.1908,-5.1298,41.94
5750,1.2641,9.6774,0.2274,-1.3435,-62.4275,-4.6718,41.8
5800,1.3815,9.8904,-0.316,0.4122,-53.0687,-6.0153,41.99
5850,1.3862,10.6111,-0.2035,-2.1985,-43.2214,-4.0611,42.13
5900,1.5802,10.5297,0.1125,-8.1985,-33.9084,1.9084,42.22
5950,2.2529,10.386,0.7398,-14.4427,-26.1832,7.2824,41.89
6000,2.5714,9.1075,1.4102,-17.3893,-9.7405,6.6107,41.89
6050,1.889,9.4619,2.0806,-18.1527,-3.2366,1.1756,41.75
6100,1.0822,9.5409,3.0143,-28.4122,-4.1985,-4.5191,42.13
6150,0.5124,9.7612,3.984,-32.9008,-11.8015,-1.9084,41.99
6200,0.3615,9.6175,4.5633,-31.4962,-20.2443,-2.8855,41.94
6250,0.1939,9.335,4.8626,-24.2901,-27.771,-8.6718,41.99
6300,-0.0503,9.4619,4.5466,-19.1756,-37.542,-10.9313,42.22
6350,0.498,9.4954,3.9792,-17.5267,-44.916,-3.8015,42.08
6400,1.1229,9.3494,3.6392,-17.9695,-45.5115,-1.145,41.94
6450,1.8052,9.3087,3.5721,-23.0687,-39.1145,-2.687,41.75
6500,1.573,9.153,4.1276,-22.5344,-31.5114,-3.6947,41.99
6550,1.494,8.9088,4.3646,-21.0992,-23.9695,-3.771,41.99
6600,1.3455,9.019,4.7549,-17.7557,-18.0611,-6.9313,41.94
6650,0.8763,8.9399,4.853,-10.0458,-18.3359,-5.9389,41.71
6700,1.1971,9.4164,4.7501,-6.0153,-20.3969,-0.5802,41.75
6750,1.4341,8.9016,4.5849,-6.3817,-20.0153,2.9618,41.89
6800,1.9082,8.7963,4.4939,-7.542,-22.2443,6.4122,41.99
6850,2.0877,8.4946,4.798,-7.0229,-22.3206,-4.3206,42.22
6900,1.47,8.4707,5.0949,-1.084,-27.6031,-24.2443,42.22
6950,0.1484,9.1794,5.2337,9.2519,-36.626,-39.7863,41.94
7000,-0.6991,9.8904,4.5586,22.5038,-45.145,-22.5649,41.94
7050,-0.2035,10.41,3.7421,24.4886,-50.2443,-0.2595,41.89
7100,0.4142,10.501,3.1987,21.3893,-51.3893,19.6794,41.89
7150,1.415,10.137,2.8395,12.3817,-52.229,40.8397,41.8
7200,2.5642,9.5912,2.6624,7.8321,-54.4122,52.5802,41.99
7250,3.6392,8.9902,2.229,4.3511,-56.3969,51.542,41.89
7300,4.3814,8.2193,1.7573,4.4733,-48.7176,45.2061,41.99
7350,4.9943,8.2097,1.166,7.3435,-41.7099,33.6794,41.94
7400,5.047,8.8609,0.7063,7.5725,-31.771,25.5878,41.57
7450,5.4588,9.1698,0.1628,-1.0076,-19.9084,22.0153,41.61
7500,5.193,9.232,0.5219,-7.2214,-6.1221,20.0458,41.8
7550,4.9129,9.4164,0.7901,-14.6718,1.7252,20.9924,41.94
7600,4.707,9.0668,1.4365,-18.1069,3.0076,27.0229,41.99
7650,4.9105,8.7077,1.7789,-18.0458,2.0,31.7099,41.89
7700,5.3606,8.0637,2.2769,-15.3435,2.1527,32.7634,41.99
7750,5.861,8.0517,2.4277,-9.9389,2.1527,29.4809,41.8
7800,6.3494,7.9487,2.5019,-8.4122,4.7786,22.1679,42.08
7850,6.2225,7.8506,2.5809,-5.0076,8.9771,14.4122,41.8
7900,6.2848,7.8075,2.4612,-6.3511,12.7786,9.6336,41.71
7950,6.0406,7.7045,2.636,-2.3664,18.7176,9.5267,41.94
8000,5.9496,7.8243,2.6647,0.9008,22.3053,16.5496,41.57
8050,5.9735,7.5944,3.0981,0.1221,17.5267,13.6183,41.89
8100,5.9256,7.7285,2.9568,1.542,11.2977,5.145,41.94
8150,5.7533,7.9104,2.9736,0.9924,8.0763,12.7328,41.94
8200,6.0956,7.7405,3.0574,-4.3511,1.374,11.9695,41.94
8250,6.2944,7.5705,2.9784,-2.3817,-0.5802,9.5115,42.22
8300,6.3159,7.7141,2.8419,-2.4427,1.1298,11.4351,42.27
8350,6.4667,7.5896,2.9473,-3.2214,3.4504,14.1832,42.22
8400,6.608,7.3119,3.0526,-5.1908,3.7863,14.1374,41.8
8450,6.529,7.2161,3.1244,-4.6412,2.5496,8.855,41.71
8500,6.6439,7.2257,3.1651,-6.4275,2.2748,8.7634,41.94
8550,6.6679,6.9623,3.3519,-5.9542,0.9924,7.5573,41.8
8600,6.8331,6.9743,3.3327,-3.1908,-2.5649,6.7634,41.71
8650,6.9504,6.8259,3.304,-2.6412,0.2137,1.5573,42.08
8700,6.675,7.2496,3.1268,-3.6794,-4.0153,-1.8168,41.99
8750,6.7995,7.1227,3.0502,-5.0687,-2.4275,-0.9618,41.99
8800,6.8354,7.1251,2.9904,-2.2137,0.9008,0.9618,41.57
8850,6.778,7.1563,3.0023,-3.6489,1.1603,3.1756,41.99
8900,7.2568,6.8618,2.9353,-3.5725,4.916,-2.626,41.89
8950,6.5649,7.197,3.2441,-3.9542,4.5496,-3.9847,41.99
9000,6.6008,7.0581,3.316,-3.7863,-1.0992,-0.9008,41.94
9050,6.6128,7.185,3.201,-3.5878,-3.8626,-1.374,41.75
9100,6.7971,7.1156,3.0837,-4.9313,-3.9084,2.1374,41.75
9150,6.8953,7.1204,3.0478,-4.0763,-0.2137,1.4351,41.8
9200,6.9025,7.0581,3.1436,-3.1298,1.8168,1.0992,41.8
9250,6.675,7.1036,3.2729,-4.1221,0.5496,-1.5115,41.61
9300,6.7924,7.0916,3.1747,-3.2214,-0.7634,-3.3893,42.08
9350,6.6894,7.1275,3.1268,-2.7634,-0.7939,-1.2672,41.8
9400,6.699,7.1371,3.1675,-2.2137,-0.8244,-2.0153,41.99
9450,6.8043,7.1323,3.1436,-1.6794,-0.687,-0.3511,41.8
9500,6.8498,7.1587,3.0957,-2.3206,-0.6718,-2.1985,41.89
9550,6.529,7.2808,3.1436,-4.1221,-0.8244,-1.8321,41.89
9600,6.7277,7.185,3.1364,-5.313,-0.3511,-0.8244,41.94
9650,6.5888,7.0844,3.2202,-4.5649,-0.458,-0.4122,41.99
9700,6.6894,7.1539,3.237,-3.5725,0.8702,1.2824,41.94
9750,6.5625,7.1994,3.2609,-4.458,-1.0534,1.8779,41.94
9800,6.7564,7.094,3.1651,-2.5191,-0.2901,1.2672,41.75
9850,6.8019,7.0437,3.1843,-2.1527,0.8702,0.2748,42.13
9900,6.8163,7.1419,3.1675,-2.0153,2.1221,-0.1221,41.89
9950,6.7469,7.0653,3.2896,-3.4351,1.1908,-1.6489,41.99
10000,6.7109,7.0629,3.3423,-2.626,0.7786,-0.626,41.8
10050,6.7636,7.1156,3.2202,-2.7328,-0.1374,-4.1221,41.61
10100,6.6152,7.2305,3.1723,-1.4962,-1.3588,-0.4275,41.75
10150,6.9025,7.0198,3.1508,-0.7939,-0.5038,-2.9771,41.99
10200,6.7229,7.197,3.122,-0.5496,0.458,-1.8473,41.94
10250,6.7612,7.0605,3.1867,-0.9313,1.9542,-4.229,42.08
10300,6.505,7.2712,3.2106,-0.5954,1.0687,-2.5344,41.75
10350,6.6966,7.1491,3.0718,-1.6031,-0.8244,-2.3206,41.75
10400,6.6056,7.1994,3.1556,-1.6183,0.1985,-4.626,41.75
10450,6.6511,7.2736,3.1316,-0.229,1.0534,-3.4046,42.13
10500,6.6726,7.1515,3.0789,-0.3664,1.7099,-4.9466,41.94
10550,6.5481,7.331,3.0071,0.8244,-1.0382,-5.5725,41.99
10600,6.6726,7.3095,2.8874,0.0763,0.9313,-4.8855,42.08
10650,6.6559,7.3502,2.7485,1.2519,2.855,-2.626,41.89
10700,6.7014,7.4388,2.7294,0.1374,5.5267,-1.771,41.75
10750,6.6655,7.4939,2.8228,-1.0229,9.2214,-2.8244,41.8
10800,6.4883,7.4316,3.0263,-1.2672,9.9237,-1.8779,41.94
10850,6.4524,7.1706,3.2058,-2.1985,10.1221,-2.3817,41.75
10900,6.7277,7.252,3.3327,0.4427,9.9542,-10.4733,41.75
10950,6.1675,7.4053,3.3662,1.0687,9.4809,-8.0763,41.8
11000,6.4811,7.1323,3.2968,-0.6412,5.3893,-11.4504,41.89
11050,6.4859,7.367,3.1651,0.6107,6.5344,-15.3893,41.99
11100,6.4763,7.3167,2.9975,-0.6565,7.313,-9.2366,41.99
11150,6.6295,7.2065,3.0933,-1.9847,7.0382,-20.1374,41.71
11200,6.5194,7.4077,2.9904,-5.1603,8.7481,-23.6947,41.8
11250,6.6463,7.0964,3.0263,-6.916,10.8855,-28.5191,41.94
11300,6.2872,7.2353,3.1029,-6.9771,12.1527,-36.3053,41.75
11350,6.1866,7.4436,3.2082,-9.4046,13.9847,-47.3588,41.99
11400,5.1044,7.5753,3.4788,-9.7405,12.2748,-51.6489,41.61
11450,4.5274,8.1116,3.644,-10.4427,12.0,-56.8702,41.71
11500,3.4237,8.928,3.8116,-10.3817,11.4046,-50.5344,41.89
11550,2.2769,9.5146,4.1132,-13.313,12.7634,-47.4504,41.99
11600,1.3144,9.9527,4.4676,-10.1527,9.5267,-34.2901,41.94
11650,0.9361,10.0868,4.5657,-5.9542,8.7634,-26.7328,41.8
11700,0.2346,10.2376,4.604,0.5649,8.2748,-17.0534,41.75
11750,0.1053,10.7164,4.3574,4.1679,2.4885,-2.3664,41.8
11800,0.2849,10.9176,4.1875,-0.0916,1.0382,15.6794,41.94
11850,0.8978,10.2448,4.2018,-2.9466,0.0763,32.5344,41.71
11900,1.5634,9.6031,4.2401,-2.7786,-2.3817,42.9466,42.22
11950,2.3822,9.0285,4.1587,-2.1221,-5.145,47.8015,41.75
12000,2.9999,8.5353,4.1396,0.0916,-7.6183,46.9618,41.8
12050,3.7469,8.3534,3.8858,0.8702,-7.8321,47.9084,41.89
12100,4.2473,7.7476,3.8355,0.8702,-6.1069,45.9695,42.08
12150,4.9823,7.6327,3.8116,-0.1832,-4.0,41.1298,41.61
12200,5.2792,7.2951,3.8954,-0.1069,-1.9389,35.145,41.94
12250,5.5833,7.4364,3.9385,0.1069,-1.8473,33.8015,41.75
12300,6.0118,7.3622,3.8331,-0.0153,-1.7099,28.9771,41.8
12350,6.0454,7.2784,3.9648,-1.6641,0.9008,25.8626,41.89
12400,6.1794,7.2664,3.9289,-0.4275,-2.3359,21.313,41.99
12450,6.4428,7.1227,4.0103,-4.2443,-2.2443,19.2977,41.75
12500,6.5649,6.8378,4.1587,-5.8015,-3.3588,13.542,41.94
12550,6.6942,6.778,4.2234,-3.5725,-4.5344,9.0076,41.89
12600,6.7947,6.7493,4.1755,-3.145,-3.7863,7.3435,41.8
12650,6.9168,6.5481,4.3527,-1.4046,-4.1679,4.626,42.08
12700,6.9647,6.5457,4.3096,1.6489,-6.626,-1.1145,41.75
12750,7.0844,6.6224,4.0462,3.2824,-8.0763,-8.855,41.8
12800,7.082,6.7229,3.9241,3.4351,-6.0763,-14.5954,41.8
12850,6.8091,6.7804,3.7924,4.5649,-2.9466,-18.5038,41.71
12900,6.529,7.0916,3.7637,2.8244,-1.6641,-16.229,41.71
12950,6.4284,6.8953,3.9361,1.8779,-6.9008,-18.8397,41.71
13000,6.5793,6.9695,3.8475,-0.7634,-8.8397,-25.9847,41.94
13050,6.1435,6.9887,3.9672,0.3359,-10.6565,-32.0763,41.75
13100,6.0238,7.2472,3.9337,2.9771,-12.5649,-36.8092,42.08
13150,5.7174,7.9727,3.869,4.7481,-13.9695,-41.6641,41.89
13200,5.0901,8.169,3.9337,7.5725,-17.7557,-44.2901,41.75
13250,4.5131,8.2839,3.6105,9.084,-23.0382,-50.1221,41.94
13300,3.7062,8.2049,3.0023,13.9389,-27.3282,-55.2519,41.94
13350,3.4572,8.9232,2.2745,17.7405,-32.5496,-48.9008,42.32
13400,3.3519,9.7923,1.5778,10.687,-25.9389,-49.4351,41.89
13450,2.5642,10.7045,1.506,8.3817,-16.3664,-34.1527,41.94
13500,2.5259,10.1778,1.3575,8.7634,-11.1603,-14.9924,41.99
13550,2.7031,9.6845,0.6752,11.3588,-4.229,-13.0076,41.89
13600,2.9473,9.5026,0.1389,7.1756,6.1069,-8.5802,41.94
13650,2.9951,9.3374,-0.012,5.8779,15.6183,-13.0076,41.99
13700,2.6695,9.8138,0.1101,4.7328,22.0,-13.6031,41.75
13750,2.8371,10.2161,-0.0383,6.6565,24.1221,-21.8931,41.89
13800,2.0997,10.6518,-0.0718,0.9008,32.3664,-27.8015,41.75
13850,1.1372,9.9,0.4525,-3.3282,32.7328,-15.5115,41.75
13900,1.3096,9.9383,0.4788,-2.4733,21.5114,-8.2901,41.71
13950,2.0063,9.8067,0.5674,-11.6794,17.1908,-1.084,41.61
14000,2.0853,9.5864,0.814,-10.4885,13.8168,-5.5115,41.89
14050,1.901,10.1849,0.9768,-17.4351,12.855,-8.3359,42.13
14100,1.3384,9.7659,1.2426,-16.3511,9.2061,-6.3817,41.89
14150,1.3575,10.094,1.4437,-16.3511,6.916,1.8473,42.08
14200,1.4006,9.6822,1.7717,-14.2748,4.5038,9.7252,41.89
14250,2.296,10.7284,2.2266,-10.4885,-5.5878,24.1832,41.8
14300,3.0622,9.9431,2.3272,-15.0382,-4.0611,6.2595,41.99
14350,2.2098,10.1011,2.7581,-13.3588,-0.9466,2.8855,41.99
14400,2.2841,9.8689,3.0742,-17.4198,-4.4427,3.2061,41.94
14450,1.5969,8.2911,3.474,-23.313,-4.8092,1.8931,42.13
14500,1.3264,7.7141,3.6464,-11.2824,-13.6489,-1.7557,41.89
14550,2.2529,9.2727,3.3878,-8.8702,-12.3817,-3.9542,41.94
14600,2.1835,9.9048,3.9744,-11.9695,-4.4427,-11.6336,41.8
14650,2.2098,9.7061,4.0941,-13.8473,0.0763,0.7939,41.94
14700,2.5762,9.4355,3.9361,-14.9008,6.8397,-9.7099,41.8
14750,1.7166,8.2672,4.4101,-10.1832,13.542,-5.9847,41.71
14800,2.0877,8.4539,4.1899,-3.0992,12.855,-1.3893,41.47
14850,2.3559,8.7915,4.4269,-4.4733,20.6565,-5.374,41.94
14900,1.7262,8.6718,4.9033,0.7634,20.8702,-9.0687,41.99
14950,1.5874,9.1459,5.1787,3.2519,21.3588,-11.0382,41.75
15000,0.9313,9.086,5.1284,12.7481,16.9924,-1.8779,41.75
15050,1.3479,9.1075,4.7764,16.2137,11.6031,4.3053,41.61
15100,1.245,9.2991,4.7046,16.1832,10.4122,3.6031,41.94
15150,1.9513,9.8402,4.3359,19.9084,0.1069,2.0,41.61
15200,1.1109,10.1251,3.6057,24.2748,-9.2214,2.7023,41.94
15250,1.6807,10.7978,1.9561,22.2137,-16.4427,3.6031,41.94
15300,1.9968,9.6462,1.0822,8.3053,-2.8244,12.6718,41.94
15350,1.6065,8.7676,1.336,2.3053,9.0687,8.3664,41.8
15400,1.3431,8.8849,1.3503,9.145,7.3893,14.4122,41.99
15450,1.7526,10.5465,0.4166,16.5038,3.1603,-1.4046,41.71
15500,1.9201,11.066,-0.0694,-0.7634,18.7481,-2.2901,41.71
15550,0.5004,9.7779,1.1612,-0.9618,14.0,-2.0763,41.8
15600,1.245,9.8067,0.7542,-2.4275,2.5496,-2.1221,41.8
15650,1.3982,9.833,0.644,-1.0992,2.5802,3.8473,41.8
15700,2.2529,9.6199,0.7853,-10.1221,0.4885,9.1756,41.75
15750,2.818,8.9088,1.1372,-7.3588,0.7939,1.9695,41.75
15800,2.7318,9.6534,1.2953,-4.9924,1.313,-8.0916,41.75
15850,2.5235,9.6438,1.3216,-5.9847,0.7634,-16.9008,41.75
15900,1.8914,10.1107,1.4892,-10.2443,0.458,-17.5725,41.89
15950,1.6879,9.8019,1.561,-15.542,-2.8244,-8.8244,41.75
16000,2.0566,9.8665,1.7454,-17.5573,-6.1679,-5.1756,41.42
16050,2.0063,10.1035,1.7142,-18.3359,-7.2214,-2.2137,41.8
16100,1.7645,9.8258,1.81,-15.6794,-9.0687,5.8626,41.75
16150,2.6552,11.6765,2.0614,-12.4427,-14.855,17.3435,41.89
16200,2.9377,10.9535,2.3679,-18.5802,-12.7786,2.687,41.75
16250,2.2434,9.8282,2.8754,-21.9084,-7.6183,-2.1221,41.94
16300,1.2785,8.8394,3.6583,-16.7176,-7.5878,-9.3588,41.94
16350,1.0056,8.849,3.6631,-6.8702,-9.6947,-2.7176,41.94
16400,0.8906,8.3558,3.8642,-4.6412,-10.2137,4.3511,41.89
16450,1.5083,8.995,4.312,-2.7481,-15.2519,2.2748,41.75
16500,2.0614,9.4068,4.7692,-5.8321,-10.9771,-0.9618,41.57
16550,1.7142,8.6598,4.8387,-1.7252,-10.7328,-8.3817,41.8
16600,1.2378,8.8226,4.2449,9.4809,-20.0153,-19.1298,41.94
16650,1.3312,8.8969,3.0957,14.6565,-23.5114,-11.1908,41.8
16700,1.9585,9.3111,2.7126,8.0458,-19.7099,-5.6947,41.94
16750,2.1428,9.481,2.9353,2.9618,-14.8092,-7.8321,41.89
16800,2.3655,9.5098,3.2441,0.5038,-7.3588,1.5725,41.75
16850,2.15,9.2895,3.7876,3.5725,-0.1221,0.7176,41.8
16900,1.7789,9.6055,3.9289,5.5878,2.8397,9.5267,41.75
16950,1.8579,9.4715,3.8906,9.313,-1.9542,20.7786,41.94
17000,1.9321,9.3206,3.3998,14.3664,-7.8473,14.3053,41.8
17050,3.3615,12.9861,2.8659,8.4885,-4.3511,24.1374,41.75
17100,3.1077,11.1881,2.411,1.1756,0.8702,16.3969,41.89
17150,2.4086,10.2089,2.0423,-8.0458,1.084,11.4504,41.8
17200,1.4461,7.4196,1.5514,1.9695,-4.1985,10.5649,41.8
17250,1.7789,7.8865,0.5698,16.1832,-17.3588,17.6641,41.8
17300,3.4979,9.9144,-0.2873,6.1679,-12.7481,3.1603,41.8
17350,2.7845,10.1754,0.0479,-0.3664,1.3282,-16.2748,41.94
17400,2.8132,11.0373,-0.2418,-3.0229,14.7634,-23.374,41.89
17450,1.3024,10.2208,0.2298,-9.4351,28.6412,-15.0992,41.94
17500,1.4724,9.3254,0.9098,-14.6565,22.916,8.4885,41.89
17550,2.9377,8.1139,1.312,-13.9084,20.7634,9.6183,41.57
17600,3.2322,8.7053,1.5371,-9.5725,24.1985,-4.229,41.8
17650,2.3774,9.584,1.7669,-9.6489,20.1832,-8.9466,41.8
17700,2.2314,10.4866,1.913,-10.7634,12.3511,-4.7023,41.89
17750,2.1045,10.0724,2.0734,-11.9389,5.1145,5.9389,41.8
17800,2.466,10.252,1.9034,-14.8397,-0.0458,12.916,41.61
17850,2.3128,10.9271,2.9233,-10.0153,-6.6412,17.5573,41.8
17900,4.628,11.5568,3.0311,-9.145,-6.0153,14.3053,41.75
17950,1.6448,9.56,4.3958,-10.3359,-3.1298,-4.4122,41.75
18000,1.166,8.4491,3.9552,-3.2061,-15.7252,8.5649,41.94
18050,2.1524,7.5944,3.3926,1.6947,-16.458,25.5725,42.08
18100,2.7629,8.0804,3.5937,2.626,-15.2061,8.4733,41.94
18150,2.3727,9.0836,3.5219,0.4122,-14.0305,-6.8702,41.8
18200,2.0039,9.0501,3.3974,2.1985,-11.6183,-13.7405,41.89
18250,1.5682,9.1195,3.1675,2.5191,-17.3282,-21.0229,41.89
18300,1.7741,9.4068,2.4588,10.2595,-18.8855,-6.3664,41.89
18350,2.8443,9.2153,2.308,6.2137,-13.9389,1.5725,41.71
18400,2.7485,9.1004,2.4995,2.5496,-9.6336,-3.1145,41.89
18450,3.0358,9.3853,2.5905,-5.4962,-6.8092,0.8855,41.75
18500,3.1364,9.0477,3.0598,-8.0153,-1.2214,3.9847,41.8
18550,3.3591,9.007,3.2872,0.1985,1.1145,14.7328,42.08
18600,3.8475,9.4308,3.1412,3.5878,0.1069,19.5267,41.61
18650,3.7876,9.019,3.2058,-6.3511,1.6031,18.1374,41.8
18700,5.1451,12.548,3.1795,0.4885,-5.5267,29.4351,41.94
18750,5.5354,10.2089,1.8579,1.6489,2.7939,8.3053,41.94
18800,3.6129,10.1323,1.5179,-6.1221,16.6107,0.6412,41.99
18850,2.1261,7.4747,1.2019,-8.0305,8.1069,1.313,42.08
18900,3.4069,8.4132,1.0391,1.0687,0.0458,19.3893,41.94
18950,4.1611,9.3853,0.8763,-1.084,10.8244,-12.7786,42.08
19000,3.0406,10.0676,1.3767,-6.4733,17.4046,-19.9542,41.75
19050,2.9161,9.5624,1.5275,-6.5038,16.626,-15.374,41.75
19100,2.5618,8.928,1.9632,-9.0076,17.8321,-13.4046,42.08
19150,2.6384,8.4013,2.1069,-4.5954,11.2214,-3.3282,41.99
19200,2.9209,8.4372,2.0518,-5.8321,7.0076,0.5954,41.94
19250,2.8706,9.1842,2.1548,-6.0305,1.1603,-7.0534,41.8
19300,2.9377,10.4291,2.2649,-6.687,-4.2901,-3.6641,41.8
19350,2.5929,10.0963,2.4541,-7.6947,-12.1374,-3.4809,41.75
19400,2.5355,10.8601,2.8371,-4.8397,-24.916,3.6183,41.71
19450,5.2241,10.1993,2.0494,-2.916,-31.2214,0.7328,41.94
19500,2.7725,9.9527,3.2609,-20.687,-25.0382,-10.0916,41.71
19550,1.98,8.1523,3.6272,-22.6565,-31.1908,-14.7786,41.94
19600,2.1284,7.9104,3.9289,-18.2137,-37.5267,7.4504,41.94
19650,3.5817,8.4659,4.1013,-16.5344,-39.8168,2.1221,41.61
19700,3.371,8.4707,4.695,-20.7939,-38.5038,-19.9847,41.94
19750,2.5259,8.0804,4.5083,-8.626,-44.4427,-20.0305,41.61
19800,2.7821,8.3486,3.6583,-5.6183,-51.8626,-28.7939,41.8
19850,2.9329,8.7245,3.3208,-5.9695,-44.9924,-23.4962,41.71
19900,2.8587,8.4874,3.4548,-1.374,-36.8397,-15.145,41.71
19950,2.5211,8.7819,3.3423,0.8397,-28.9924,-21.6794,41.99
20000,2.0279,9.5313,3.4668,1.6947,-24.1527,-12.8397,41.89
20050,2.5546,9.3637,3.2441,6.1221,-23.9389,6.0458,41.61
20100,3.1316,9.3039,2.7557,5.8473,-19.9695,6.6718,41.8
20150,5.5378,10.5465,1.7813,3.8321,-13.8015,-1.771,41.8
20200,4.0558,11.1187,1.6616,-2.5649,11.2366,-9.8473,41.99
20250,3.4931,9.3925,0.6033,1.2519,44.687,-10.1527,41.8
20300,2.2625,7.8458,-0.0982,11.4198,77.6183,3.2977,41.71
20350,2.7509,8.8657,-0.2753,22.0916,99.9389,26.5496,41.75
20400,3.0598,9.3254,0.0407,17.8931,124.2901,4.6565,41.89
20450,1.5347,10.3597,0.5698,23.3588,125.0382,-15.9389,41.99
20500,0.3041,10.3669,0.7877,22.855,109.9237,-21.3435,42.22
20550,-0.1508,10.0892,0.8811,20.458,88.3969,-4.8244,41.71
20600,1.2474,9.0046,0.8212,14.626,79.8779,7.7557,41.8
20650,1.5921,9.1554,0.7805,14.5496,78.2443,3.771,41.61
20700,1.1516,10.2089,0.8452,8.3664,71.9695,0.7328,41.75
20750,1.1636,10.4603,1.3048,5.3588,60.9313,3.6947,41.94
20800,1.1588,10.6686,1.2546,1.0382,53.0229,9.5725,41.94
20850,1.5371,9.6486,1.4317,-9.1603,46.7634,15.1145,41.71
20900,1.3001,8.9256,1.6735,-3.4351,40.3359,15.0687,41.47
20950,2.9616,10.4148,1.8699,-7.2672,37.1603,15.8015,41.89
21000,2.4948,11.1642,2.7653,-11.8626,35.1908,-2.4275,41.71
21050,0.9601,10.6159,2.8347,-4.2443,27.8931,-20.8702,41.61
21100,-0.7183,8.7843,2.2721,-2.8397,22.9313,-6.1069,42.08
21150,0.9361,8.5473,2.4493,-11.8168,27.2977,19.1908,41.89
21200,1.1708,8.2696,3.1723,1.9084,30.5038,-2.626,41.99
21250,0.5531,10.2615,2.9281,8.9924,26.7023,-16.3206,41.99
21300,0.1772,9.7612,2.7222,12.9618,27.3893,-16.3969,41.94
21350,0.2849,10.2615,2.0494,15.0687,30.3053,-13.6641,41.61
21400,0.2083,10.1059,2.3583,1.542,38.1069,2.9924,41.61
21450,0.5578,8.8322,2.9137,2.0763,35.9389,10.1221,41.75
21500,0.8906,9.086,2.9401,9.2977,31.7405,-1.7863,41.99
21550,0.9098,10.1275,2.4517,12.2595,36.9924,-7.4504,42.08
21600,0.3136,10.4315,2.5283,6.687,43.771,-1.1756,41.71
21650,-0.0575,10.1418,2.7414,3.1145,43.0992,4.8092,41.75
21700,-0.1413,9.8282,2.9377,-3.6947,37.9847,12.7939,41.75
21750,-1.9944,10.1083,3.6512,-12.6718,-2.3969,8.5191,41.8
21800,1.494,12.1625,3.2753,-65.0229,-39.3893,-1.5725,41.8
21850,1.9585,8.3462,3.2489,-28.1832,-14.0458,-0.5954,41.89
21900,1.4174,9.4691,2.5857,1.2214,7.8168,8.6412,41.94
21950,2.4229,9.1147,2.3415,-1.7405,25.7863,14.0916,41.61
22000,1.5826,8.6718,2.1739,14.8244,29.084,6.6565,41.71
22050,1.8842,9.2919,1.142,25.3893,31.374,2.626,41.89
22100,1.5658,9.2871,0.237,26.7176,41.1908,-7.0687,41.99
22150,0.6273,9.9982,-0.0455,22.4886,46.0458,-4.3817,41.75
22200,0.5291,10.4866,-0.0599,15.9847,42.5649,4.8092,41.61
22250,-0.838,11.1522,0.5004,6.5191,12.1221,-10.5191,41.75
22300,0.0239,11.1618,0.4477,-24.7481,-13.771,-20.6718,41.94
22350,0.091,9.9168,1.1492,-15.4656,-3.9389,-6.6718,41.61
22400,0.6201,9.5864,0.8308,7.4046,4.4122,14.1832,41.89
22450,1.5754,9.3877,0.6153,10.7939,15.7557,15.9389,41.99
22500,1.6233,9.5289,0.7302,9.0076,23.0382,0.4885,41.8
22550,1.0774,9.6893,0.759,12.4122,26.0153,-12.9313,41.8
22600,0.3783,10.3118,0.6823,16.2443,28.2595,-11.9237,41.94
22650,0.1604,10.7404,0.498,13.6183,23.3588,-0.916,41.89
22700,1.0032,10.2999,0.4956,7.084,21.9084,3.2977,41.8
22750,0.9361,10.0963,0.5219,2.7939,24.0153,-8.8092,41.94
22800,0.4717,9.8881,0.6393,-5.0687,27.6489,-9.9695,41.75
22850,0.2945,9.4882,1.1947,-10.4427,31.2061,-11.7099,41.75
22900,-0.0311,9.3996,1.4317,-8.1221,34.2595,-14.6107,41.8
22950,-0.3759,10.0365,1.3455,-6.5649,35.8626,-15.0687,41.94
23000,-0.8715,9.8521,1.47,-5.6794,36.6718,-11.0229,41.99
23050,-0.8691,9.9264,1.4629,-5.542,33.9389,-11.3282,41.71
23100,-0.9194,9.8785,1.5395,-7.6641,31.9542,-7.1145,41.75
23150,-0.8811,9.6391,1.7478,-5.8779,32.0458,-6.4885,41.94
23200,-1.0104,9.8306,1.8244,-4.2901,26.0763,-3.9695,41.8
23250,-1.008,10.0533,1.9369,-4.2137,17.7863,-5.7099,41.8
23300,-0.9936,10.1155,1.9537,-2.4275,10.5496,-6.5038,41.8
23350,-1.1013,9.7779,1.7358,-0.2443,3.1298,-7.2977,41.8
23400,-1.2139,9.651,1.5897,-0.1221,-2.0611,-5.6183,42.08
23450,-1.1229,9.8019,1.4341,-2.4122,-5.084,-5.542,41.94
23500,-1.1708,9.8904,1.561,-4.2595,-6.6412,-4.229,41.75
23550,-1.1133,10.0437,1.5155,-5.5878,-7.7099,-2.0611,41.94
23600,-1.2522,9.9647,1.4844,-3.5725,-7.6489,-2.1374,41.94
23650,-1.1564,10.1634,1.4006,-6.1985,-6.8855,2.0,41.75
23700,-1.0942,10.0604,1.5634,-8.1221,-6.2443,6.8702,42.08
23750,-0.9816,9.7564,1.6807,-8.1679,-5.0076,9.145,41.99
23800,-0.8475,9.8569,1.5969,-5.2977,-4.626,10.3511,41.8
23850,-0.6225,9.8138,1.5921,-6.3511,-2.9771,8.7023,41.57
23900,-0.3663,9.7276,1.6616,-5.8473,0.4885,5.2061,41.61
23950,-0.4214,9.6103,1.8364,-4.1985,1.145,0.3664,41.8
24000,-0.5411,9.9575,1.7047,-2.8855,0.3969,-1.8931,41.89
24050,-0.68,10.0652,1.798,-3.313,1.145,1.2672,41.94
24100,-0.7661,10.058,1.889,-5.7405,-2.0763,4.5649,41.61
24150,-0.2873,9.7827,1.7166,-6.0458,-1.8931,6.2595,41.8
24200,-0.3615,9.8761,1.7071,-3.9847,-2.1527,5.9695,41.61
24250,-0.103,10.0413,1.4533,-11.1298,-0.458,3.6489,41.75
24300,-0.2466,10.0461,1.6975,-13.8931,5.2366,4.9008,41.61
24350,-0.5435,10.3334,1.9609,-14.1069,9.9389,14.0916,41.75
24400,-0.3472,10.1754,2.0662,-17.3588,6.6412,21.0382,41.94
24450,0.0431,9.9862,2.1572,-21.9695,4.6412,23.5878,42.22
24500,0.419,9.6127,2.5905,-24.626,1.6336,20.3969,41.94
24550,0.5171,9.402,2.8563,-21.6489,-0.5649,16.8702,41.8
24600,0.7685,9.6582,3.0143,-19.771,-1.6183,15.4809,41.94
24650,0.814,9.2201,3.122,-13.5115,3.8779,15.313,41.89
24700,1.0965,9.2416,3.1173,-6.626,6.3359,12.1069,41.99
24750,1.1779,9.3709,3.0694,-4.916,8.229,4.3359,41.8
24800,1.1612,9.4164,3.1268,-2.5802,9.771,-1.5573,41.8
24850,1.0199,9.5098,3.1747,-3.2824,8.1374,-5.3893,41.89
24900,0.9792,9.4308,3.1484,2.458,10.8244,-6.0458,41.94
24950,0.6584,9.6223,3.0502,4.0458,9.2824,-6.5496,41.61
25000,0.6105,9.6869,3.0454,-0.0763,4.1527,-9.9695,41.61
25050,0.5507,9.6462,2.9473,-1.771,-0.5191,-11.8015,41.89
25100,0.4262,9.7779,2.9329,-2.8702,-1.2977,-10.8855,41.89
25150,0.4405,9.8043,2.8611,-5.2824,2.7786,-7.7863,41.94
25200,0.2849,9.6175,2.9856,-4.2901,2.458,-8.0,41.99
25250,-0.0048,9.6965,3.1603,-4.0458,-1.0534,-5.5115,41.75
25300,0.2514,9.8186,3.0382,-5.7863,-3.2061,-1.5115,41.8
25350,0.4477,9.9862,2.8874,-6.2748,3.8168,2.458,41.94
25400,0.34,9.9695,2.909,-10.6107,8.7023,7.3435,41.57
25450,0.2538,9.5577,3.2681,-18.0916,10.0763,7.6641,41.71
25500,0.3472,9.2488,3.4788,-10.0305,9.3893,4.9618,41.99
25550,0.6129,9.7109,3.4333,-12.8092,10.855,1.9084,41.99
25600,0.4549,9.1961,3.8906,-9.8931,12.6412,2.5954,42.08
25650,0.5507,9.335,3.7421,-5.0687,19.2061,1.6183,41.94
25700,0.0958,8.8705,3.96,8.3511,12.916,-0.3511,41.75
25750,-0.0646,9.3925,3.5985,9.2366,1.2824,-5.7252,41.8
25800,0.1365,10.058,2.9951,8.4122,-5.9542,-4.3359,41.75
25850,0.0048,9.7779,3.1388,4.2901,-8.1221,1.3893,41.89
25900,0.1987,9.8258,3.0789,6.9466,-10.9313,3.3588,41.99
25950,0.3639,9.6989,2.9664,2.0763,-13.3435,2.5954,41.94
26000,0.5842,9.6343,2.964,2.7786,-12.7328,-2.3053,41.71
26050,0.5866,9.6534,2.9473,-0.6718,-8.0611,-1.7252,41.71
26100,0.6991,9.5217,2.9449,0.2748,-0.7634,-3.0992,41.75
26150,0.498,9.7396,2.885,1.3282,5.084,-1.6794,41.94
26200,0.4262,9.6893,2.9999,1.7405,5.6794,-1.6641,41.89
26250,0.2682,9.6367,2.8874,4.0305,3.8168,-1.7863,41.75
26300,0.1724,9.7636,2.8754,3.2824,4.4885,-4.1374,41.99
26350,-0.3017,10.5704,2.9018,2.3817,3.1908,2.0763,41.8
26400,0.395,10.2113,2.6097,-1.8931,4.4427,10.7481,41.75
26450,0.7494,9.6319,2.3798,6.6412,23.9847,24.1221,41.75
26500,1.5275,9.4116,1.822,18.9466,61.4351,36.8855,41.75
26550,1.2737,10.1203,1.3719,29.7252,90.8244,52.2443,41.89
26600,0.8236,10.343,1.6424,21.8626,100.7939,56.9771,41.75
26650,1.1588,10.2903,1.6975,11.8473,87.6489,47.9695,41.94
26700,0.9337,9.9216,2.1476,-0.0153,71.1603,35.542,41.8
26750,1.6305,10.5082,2.0351,-25.2672,38.9313,33.6794,41.75
26800,2.2505,8.6838,3.2992,-35.4046,27.8779,10.2748,41.89
26850,1.087,8.6574,4.4149,-15.2366,11.313,4.1679,41.94
26900,1.0774,9.4379,4.2641,-10.6107,-12.916,5.3282,41.8
26950,0.838,9.3613,4.3814,-12.3206,-43.5115,-1.4962,41.8
27000,-0.067,9.5768,4.4436,-15.3893,-93.1145,-10.0611,41.57
27050,-0.1532,9.5624,3.5841,-21.0534,-156.0916,-25.9084,41.75
27100,-0.1796,10.2041,2.3966,-33.0687,-209.4198,-38.8855,41.75
27150,0.8499,10.5225,0.9816,-52.4122,-232.8855,-35.145,41.8
27200,1.3288,9.8474,0.8068,-56.0916,-243.8931,-32.4275,41.8
27250,2.3846,9.6941,0.17,-50.626,-237.7099,-26.5649,41.61
27300,2.964,9.4571,0.407,-43.5573,-215.3435,-24.6107,41.99
27350,3.5243,9.4786,0.4405,-36.3817,-188.2595,-21.2672,41.42
27400,3.2513,9.493,0.996,-33.0992,-156.9466,-21.6947,42.08
27450,3.7924,9.2488,0.6057,-23.0687,-131.8473,-16.0,41.94
27500,3.5985,9.5505,0.5986,-17.1298,-101.8779,-14.1985,41.75
27550,3.3543,9.9958,0.6584,-17.6489,-79.1603,-11.4504,41.71
27600,3.0598,9.8114,1.1277,-23.0534,-66.0153,-8.2748,41.8
27650,2.7964,9.7085,1.3479,-20.1221,-63.0992,-5.7863,41.94
27700,2.7438,9.7683,1.4485,-22.5496,-63.9695,-3.6336,41.71
27750,3.2681,9.4092,1.4557,-23.2519,-65.9542,-5.8626,41.94
27800,3.0574,9.5361,1.7071,-27.084,-65.4962,-10.0305,41.57
27850,2.6576,9.4619,1.9465,-23.0992,-70.6565,-14.7634,41.89
27900,2.7845,9.2847,1.8866,-22.3053,-81.2366,-14.5496,42.13
27950,3.2178,9.2919,1.2522,-17.4504,-75.313,-17.1603,41.75
28000,2.4972,9.3134,2.0111,-17.0687,-78.2443,-20.1985,41.75
28050,2.2865,9.086,1.7765,-8.5038,-88.0,-27.7863,41.8
28100,2.5235,9.7396,1.1612,-8.9618,-91.8321,-28.7939,41.8
28150,1.9345,10.1275,0.8954,-13.6947,-91.5725,-28.3664,41.8
28200,2.1284,10.1754,0.8906,-18.3206,-88.1374,-23.7863,41.94
28250,1.5227,10.0365,1.2378,-22.2901,-86.7481,-20.8702,41.71
28300,1.9154,9.8426,0.9601,-18.4427,-87.4809,-20.2443,41.75
28350,1.7909,9.7707,1.0056,-16.5802,-81.8473,-20.3817,41.99
28400,1.6376,9.8976,0.9649,-16.0611,-71.771,-20.6565,41.8
28450,1.4222,10.0149,0.9074,-14.1221,-68.3817,-17.6489,41.99
28500,1.3384,10.2161,0.8045,-13.0076,-61.2824,-12.626,41.99
28550,1.2977,10.2759,0.9266,-14.4427,-54.0153,-7.3893,41.8
28600,1.6281,9.845,1.0606,-12.8397,-50.7634,-5.2061,41.61
28650,1.6568,10.0317,1.0606,-9.3588,-41.2977,-4.5344,41.94
28700,1.6209,9.9072,1.1564,-9.374,-31.7863,-2.8855,42.08
28750,1.6759,9.9311,1.1827,-7.1908,-26.0916,-0.0763,41.94
28800,1.6783,9.8737,1.3575,-5.4504,-20.458,0.458,41.8
28850,2.0806,9.8114,1.0918,-4.0763,-11.8015,1.1603,41.99
28900,1.7286,10.1179,1.3455,-6.1221,-3.7405,3.6031,41.94
28950,2.083,9.5409,1.391,-5.5267,4.4427,4.1069,41.89
29000,1.8794,9.7324,1.5155,-1.1298,11.9695,5.0229,41.75
29050,2.0638,9.6869,1.4581,-2.229,15.4046,4.7786,41.8
29100,2.0877,9.7612,1.3599,1.1603,23.145,4.1832,42.22
29150,2.2003,10.0102,1.2234,3.313,31.3893,9.7252,41.8
29200,2.5833,9.8426,1.0774,3.3893,40.9924,10.855,41.89
29250,2.6624,9.7707,0.9553,2.9008,55.313,5.6641,41.71
29300,2.7797,10.2161,0.5148,4.1527,75.3435,4.916,41.71
29350,3.1819,10.0628,-0.1963,12.7328,120.0763,13.084,41.8
29400,2.6839,10.1323,-0.7661,30.7634,181.084,30.5802,41.8
29450,1.652,9.7564,-0.8284,46.9771,226.0153,45.6947,41.94
29500,1.6424,9.991,-0.5531,52.8702,239.4657,43.2672,42.08
29550,1.4605,10.252,-0.6153,40.4427,245.2519,29.0076,41.57
29600,0.9026,9.4643,0.2251,30.6412,231.5267,17.2824,41.71
29650,0.8212,10.0078,0.1844,31.2672,211.9084,7.9389,41.71
29700,0.668,9.7875,0.8045,20.9466,192.5802,5.4504,41.94
29750,0.7805,10.0485,1.0271,18.5038,172.5038,1.4198,41.99
29800,0.6249,9.9862,1.5826,19.7557,151.7557,3.2824,41.75
29850,0.7518,10.2424,1.5371,17.1908,137.4198,3.6794,42.08
29900,0.6847,10.0078,1.8292,12.5344,121.6336,6.5038,41.94
29950,0.8906,9.8426,1.8818,10.9924,105.8626,3.374,41.71
30000,-9.6869,-1.6616,1.1708,-210.8855,65.1908,-55.3893,41.05
30050,-10.2352,-1.7502,0.51,-269.1756,64.6565,-42.6107,41.38
30100,-12.5911,-3.8906,2.4636,-242.6107,17.6641,-9.9695,41.09
30150,-14.461,-12.4331,1.2163,-111.4657,27.2672,-15.6947,41.05
30200,-7.9009,-6.6272,2.4876,70.9618,19.8168,37.6794,41.28
30250,-6.5912,-4.537,0.8595,139.3435,36.1527,23.084,41.28
30300,-6.5936,-1.6089,-3.7972,185.5267,47.7099,23.7863,41.38
30350,-10.7332,-0.7518,-3.3854,227.7405,45.8473,52.7481,40.95
30400,-7.6064,-1.5826,-3.1651,193.4046,45.7557,69.4351,41.38
30450,-8.8274,-1.8794,-2.1763,152.6412,49.313,46.2137,40.91
30500,-9.596,-1.6257,-2.3367,113.4504,30.4733,61.0687,41.09
30550,-8.0637,-1.2402,-2.5355,46.9466,33.2672,46.7023,41.09
30600,-8.0373,-2.3607,-1.4485,3.2061,36.2595,13.4504,41.09
30650,-8.7077,-2.5402,-0.5291,-40.1679,23.3282,-33.6183,41.09
30700,-9.2488,-1.5419,-0.996,-84.8092,-5.4351,-59.6489,41.42
30750,-9.2009,-0.5962,-1.6496,-148.3053,-20.4122,-70.2443,41.05
30800,-8.6143,-1.9297,-1.3671,-210.0763,-28.1527,-71.6947,41.19
30850,-7.5753,-0.5818,-3.1771,-240.5191,-18.1985,-56.0153,41.09
30900,-11.3557,-1.9465,-4.2353,-252.9466,17.2824,-14.8702,41.09
30950,-10.2185,-3.8068,-1.9441,-222.8244,23.5573,18.1374,41.28
31000,-8.8705,-5.2816,-1.4461,-193.1756,9.2366,11.4656,41.19
31050,-10.6734,-5.5043,-0.1891,-105.7557,-19.4962,-24.8397,41.24
31100,-14.8512,-2.7701,1.0439,-17.7557,-67.313,0.2595,41.19
31150,-9.4523,-0.5626,1.3671,45.7099,-103.2824,40.1985,41.19
31200,-5.794,-2.308,0.0215,80.3206,-120.5343,7.6031,41.38
31250,-6.9049,-4.3981,-1.3144,116.2595,-122.3664,-41.8931,41.24
31300,-11.3844,-2.1165,-3.2896,151.4351,-87.3588,-46.458,41.19
31350,-10.9726,-0.4381,-1.324,151.4962,-30.1985,-31.4198,41.24
31400,-9.56,-1.4748,0.6057,152.3206,-41.4504,-39.0534,40.95
31450,-6.7876,-1.6328,0.3831,123.2366,-33.8473,-54.9466,41.05
31500,-7.4316,-2.7078,-0.0359,104.2748,-14.5649,-60.1985,41.28
31550,-9.4308,-2.0255,0.0,89.4962,16.6107,-64.7786,41.19
31600,-11.2456,0.6943,1.2761,57.5267,21.8931,-35.8473,41.28
31650,-8.6598,-1.0271,0.9385,20.3511,12.5191,-19.4809,41.28
31700,-6.5338,-1.5826,0.6823,1.3282,33.9847,-21.6336,41.05
31750,-8.6119,-2.5498,1.4174,-13.0992,49.3435,-23.1908,41.19
31800,-10.386,-2.0614,2.4277,-31.9695,33.7557,-21.9237,41.05
31850,-9.4379,-3.0167,2.3679,-26.5496,24.2443,-8.458,41.09
31900,-8.5066,-3.7062,2.3104,-9.3588,35.2366,0.4427,41.05
31950,-10.5704,-6.1148,1.6424,2.7939,56.0763,-2.4427,41.28
32000,-14.7387,-2.9712,1.9656,77.6947,44.4885,12.7023,40.91
32050,-7.4843,-1.233,1.5467,76.3969,2.5954,43.1298,40.95
32100,-6.9288,-4.525,-0.3543,66.687,33.2824,-7.6489,41.42
32150,-7.1922,-3.2082,-1.8292,107.7405,32.0916,9.0382,41.24
32200,-10.1921,-2.241,-1.4772,147.7099,35.8168,15.6336,41.19
32250,-8.3845,-3.0454,-0.9816,137.6947,48.0458,13.5878,41.19
32300,-8.2863,-3.486,-1.1564,127.6947,53.2519,8.3511,40.95
32350,-8.7771,-0.8068,-1.6041,113.6794,52.4733,-0.3359,40.95
32400,-9.2177,-1.1037,-1.549,80.7634,53.7252,9.4351,41.19
32450,-9.1363,-2.1931,-0.0527,31.3588,36.1527,5.9389,41.19
32500,-8.5305,-2.6576,-0.2179,-1.8015,20.3969,-17.2214,41.19
32550,-8.9304,-1.3838,-1.1468,-35.542,18.0611,-26.0458,40.95
32600,-9.1459,-1.2833,-1.3096,-77.2214,24.2137,-9.9847,41.28
32650,-9.1363,-3.0502,-0.2394,-99.8931,22.5649,-11.4046,41.24
32700,-8.9016,-2.4373,-0.3687,-114.3817,14.0763,-6.9466,41.28
32750,-9.5026,-2.6983,-0.6991,-117.8473,8.626,-0.9924,41.09
32800,-11.066,-3.7757,-0.7733,-103.7099,-1.4809,4.1832,40.95
32850,-14.2431,-3.2322,-0.2298,-51.9237,-48.0,27.313,41.09
32900,-12.7467,1.1157,0.3089,-36.687,-104.5038,67.8931,41.19
32950,-9.0884,-0.9481,-0.1269,-40.916,-148.3206,67.5878,40.95
33000,-5.8227,-2.4014,-0.8045,-19.2061,-159.8473,-2.5038,41.09
33050,-7.7955,-1.3168,-1.1827,2.9466,-125.4351,-28.2595,41.38
33100,-11.6693,-0.1006,-0.0527,-18.1832,-61.2977,-29.7252,41.19
33150,-8.6383,0.7374,0.8284,-29.9389,-37.9237,-43.2061,41.42
33200,-7.5537,0.8571,1.8555,-70.8397,-18.6107,-44.687,41.05
33250,-7.2137,0.3735,2.6097,-104.1832,-13.7405,-39.6183,41.05
33300,-7.5178,-2.6983,2.9377,-93.8626,-4.2443,-16.855,41.24
33350,-7.1898,-5.7533,2.5881,-21.9542,30.1679,-18.2748,41.42
33400,-7.3789,-5.6455,2.2122,48.9008,89.0687,4.4885,40.95
33450,-10.1418,-2.6049,3.644,97.5725,114.1985,5.8015,41.42
33500,-10.5345,-1.3408,3.6655,93.4809,85.3588,26.1069,40.91
33550,-8.0349,-3.1963,1.6903,82.0153,76.626,8.7786,41.38
33600,-8.3007,-2.0638,1.7597,74.4733,70.2901,4.2595,41.09
33650,-13.125,-2.9185,-1.3048,99.145,77.313,-1.8779,41.19
33700,-14.3221,-1.3599,1.9393,149.145,47.374,54.7023,41.24
33750,-6.6702,-2.0135,0.2777,127.1298,16.1527,17.374,40.95
33800,-6.3805,-3.0263,-1.7023,142.4886,32.229,-1.2366,41.19
33850,-9.1818,-4.4652,-2.818,187.5573,39.6794,11.0076,41.24
33900,-9.0525,-1.7406,-3.0454,216.9924,58.1679,24.8092,41.09
33950,-8.9687,-2.7749,-2.1021,212.0153,69.2366,26.6107,41.24
34000,-7.7716,-2.1715,-1.6879,197.2366,50.6412,31.8168,41.24
34050,-8.6814,-2.4253,-1.2186,165.2519,35.0992,12.4122,41.09
34100,-7.8697,-3.6296,-0.9673,134.4427,32.0763,1.5573,41.05
34150,-7.3023,-3.474,-0.7159,113.6641,33.7863,-23.9847,41.05
34200,-8.6598,-3.7565,-0.7614,92.916,30.7176,-28.6412,41.09
34250,-10.1275,-4.5107,-0.8475,77.4198,19.6183,-35.9542,41.38
34300,-11.3198,0.5507,-1.9776,41.4046,16.8702,-0.4733,41.24
34350,-8.4587,-4.1276,-0.4094,10.8092,27.4046,0.3511,41.09
34400,-8.1618,-5.1787,0.1269,19.2824,20.8092,-9.3435,41.05
34450,-7.5058,-4.2737,-0.6943,30.9008,22.8397,-10.2901,41.28
34500,-9.0812,-3.6105,-1.4174,61.0687,28.7176,8.687,41.09
34550,-9.6774,-4.8578,-0.9481,82.9466,34.4733,14.5496,41.38
34600,-9.402,-4.9153,-0.8547,109.9084,25.5573,31.1145,41.28
34650,-8.1092,-4.3,-0.8116,122.4427,26.0611,33.145,41.05
34700,-7.4244,-4.3048,-1.087,128.5343,29.4198,26.7023,41.19
34750,-8.1355,-4.142,-0.7518,127.9847,38.2748,28.4275,40.91
34800,-9.1818,-3.9456,-1.4796,125.2519,39.0229,32.6107,40.95
34850,-9.2033,-3.0335,-1.2067,116.2595,26.0763,38.8855,41.38
34900,-8.43,-3.4453,-1.2617,95.0992,27.1756,36.3053,41.09
34950,-8.4563,-2.9497,-1.2833,77.5267,27.1756,30.8702,41.19
35000,-8.8873,-1.968,-1.0606,39.7863,23.0076,25.1908,41.38
35050,-9.4523,-1.8316,-0.7278,-4.5954,11.374,17.4198,41.24
35100,-9.7899,-1.652,-0.6704,-44.5649,-9.4046,14.1832,40.95
35150,-9.6869,-1.4916,-1.063,-75.1298,-23.8473,13.3282,41.28
35200,-8.6143,-0.1963,-1.5251,-105.0992,-13.8931,9.9847,41.24
35250,-10.2639,-0.6704,-0.7566,-124.1679,-18.3359,7.3893,41.05
35300,-12.2559,0.5076,-0.2179,-130.8092,-28.9618,31.145,41.24
35350,-12.1817,1.4245,0.7518,-134.4275,-64.855,56.4275,40.95
35400,-10.4196,0.7973,1.2689,-150.3512,-120.229,51.6947,41.19
35450,-7.367,-2.3224,0.067,-170.9618,-144.4427,-3.145,41.28
35500,-5.3223,-3.9049,-0.1173,-173.374,-96.2137,-78.0153,41.19
35550,-6.7397,-2.7845,3.2537,-106.8092,-2.7328,-62.1527,41.38
35600,-7.9775,-6.6798,3.6416,45.8779,67.1756,-11.5267,41.09
35650,-6.9049,-5.4779,2.0734,161.8779,100.8702,-5.0992,41.19
35700,-7.7189,-3.881,0.2274,213.8321,115.313,-36.2137,41.38
35750,-12.5145,1.1181,2.2003,196.3817,67.084,0.4427,41.24
35800,-11.8824,0.3639,1.0032,156.7481,7.6947,-2.9313,40.86
35850,-8.4372,-1.1827,-0.9936,131.6794,18.4275,3.2824,41.19
35900,-9.2895,-0.9266,0.3831,101.2214,19.6336,-2.8092,41.09
35950,-9.0405,-0.7111,0.6584,70.7328,4.4885,-13.1908,41.09
36000,-9.268,-0.4046,-0.0072,37.1298,-3.6794,-17.6031,41.24
36050,-9.2153,-1.664,0.3807,12.2443,-0.7328,-23.7557,41.38
36100,-8.9615,-1.1157,0.5866,-10.1374,6.916,-31.0382,41.19
36150,-9.5864,-0.7877,0.6369,-32.2443,10.9924,-23.771,40.95
36200,-9.1459,-1.6233,1.6209,-38.7939,10.229,-20.9924,41.28
36250,-8.4803,-3.0215,1.652,-18.3206,8.7786,-12.8855,41.28
36300,-8.3055,-3.7781,1.5562,14.3664,14.7176,-10.9771,41.28
36350,-8.7556,-2.715,1.2641,34.7786,21.1145,-11.2214,41.38
36400,-9.4906,-1.5299,1.1444,31.9847,23.084,-0.5038,41.42
36450,-9.2392,-1.9561,0.8475,11.4656,24.7176,5.8015,41.09
36500,-8.7747,-1.4389,0.7949,-16.4275,32.1527,5.145,41.24
36550,-10.4483,-2.5379,0.1963,-41.5267,42.5954,-3.8931,41.24
36600,-12.1075,-3.984,0.3232,-26.2748,37.7252,-5.6031,41.19
36650,-10.9343,-1.087,2.1428,-31.1145,4.7786,8.3817,41.38
36700,-7.5274,-3.2657,-0.8571,-12.0305,16.3664,13.771,41.09
36750,-7.5274,-3.7948,-1.0295,35.0687,38.3511,5.7099,41.19
36800,-7.7165,-3.5147,-1.4916,81.7099,35.2061,2.1527,41.38
36850,-9.1985,-1.9896,-1.6999,122.6412,26.6107,6.7176,41.05
36900,-9.5098,-2.0542,-1.6328,118.687,14.0,21.313,41.24
36950,-9.3781,-2.8754,-1.9178,108.1069,6.4122,24.2443,41.09
37000,-9.1626,-2.6145,-1.5586,74.8397,-3.3435,14.9771,41.24
37050,-7.9655,-3.0167,-1.5107,48.7786,-9.771,7.313,40.95
37100,-8.6407,-2.3463,-1.822,16.6412,-4.6107,-1.4046,41.24
37150,-8.8418,-2.0853,-1.7382,-32.1374,9.0229,-11.3282,41.05
37200,-8.3534,-2.7629,-1.0463,-65.6489,12.9313,-22.7328,41.19
37250,-8.7173,-2.9832,-0.6656,-91.6336,10.626,-37.9695,41.19
37300,-9.5984,-1.3264,-1.245,-121.0076,3.8931,-29.6947,41.24
37350,-8.6072,-3.2681,-1.3024,-141.1908,6.1527,-16.2901,41.42
37400,-8.8585,-3.4429,-1.3288,-128.3053,19.8473,-14.2748,41.19
37450,-9.8857,-3.0598,-1.0511,-104.0,20.2443,7.6031,41.09
37500,-8.7795,-3.7876,-0.7159,-74.0611,24.7939,9.6794,41.19
37550,-8.8059,-3.9385,-0.7614,-47.6794,30.5038,8.2595,41.09
37600,-9.4116,-4.3862,-1.0104,-13.6336,24.1832,0.0763,40.95
37650,-12.1985,-4.1228,-0.7542,44.626,-15.0076,13.7099,41.24
37700,-11.4203,0.3543,-2.1189,65.2214,-41.084,44.7328,40.91
37750,-9.4739,0.3232,-1.7573,68.3359,-62.3206,91.7557,41.19
37800,-7.9176,0.6033,-1.4676,48.4885,-75.2824,98.3817,41.28
37850,-9.0022,-1.6041,-1.0056,39.2366,-106.4122,68.0763,40.91
37900,-10.9128,-1.4293,-2.6121,39.8168,-105.4657,55.7099,40.95
37950,-11.2336,0.9888,-2.2027,-14.626,-80.0611,25.9237,41.09
38000,-8.7604,0.9146,-0.8212,-60.7481,-71.8473,-17.9237,41.09
38050,-6.9049,1.1444,-0.5076,-101.8473,-62.3206,-47.6031,40.77
38100,-6.2297,0.4118,-0.2346,-124.916,-46.6412,-55.9695,41.05
38150,-7.2065,-1.1516,-0.237,-145.7863,-18.0611,-64.0153,41.19
38200,-7.9416,-0.9744,0.1149,-156.7176,8.916,-55.6336,41.19
38250,-11.7388,-1.0295,2.909,-175.8168,18.1679,-49.2214,41.28
38300,-9.9934,-4.5729,3.3782,-110.7023,11.8931,-3.7863,41.19
38350,-7.1371,-5.8802,2.4588,-15.5573,38.5344,23.4046,41.42
38400,-7.2616,-5.9233,1.5897,53.6794,83.8321,22.0763,40.72
38450,-8.2744,-3.1316,1.9106,104.3511,97.2824,-13.7252,41.24
38500,-11.7196,1.9585,0.9385,60.5344,34.5191,25.2672,41.38
38550,-9.3039,-1.8699,0.5195,22.6718,33.1298,18.8397,41.09
38600,-10.4196,-3.4189,0.2873,-11.9542,30.1069,-28.626,41.05
38650,-16.3644,-3.4764,-2.1859,14.7328,-4.9618,-22.5802,40.95
38700,-9.8761,2.3774,-1.5203,-21.9389,-16.5038,35.4962,41.24
38750,-6.6439,-4.3048,-0.3424,-24.4427,-10.7481,-12.8397,40.95
38800,-5.0973,-3.5817,-0.2442,3.3588,-24.0763,-2.3969,41.24
38850,-9.0237,-6.5434,-0.7446,44.7634,-50.1069,-31.4656,41.28
38900,-11.248,3.5506,-2.7102,41.8779,-21.8015,18.0458,41.24
38950,-9.3518,-3.0933,-0.9768,29.1298,21.3588,9.9695,41.19
39000,-7.8961,-3.1819,-0.7853,29.5573,22.458,15.4809,40.95
39050,-8.4084,-1.9465,-0.6823,11.8626,25.5573,-2.4122,41.09
39100,-9.1889,-1.312,-0.3639,-36.3817,18.1221,-5.1603,41.38
39150,-8.9304,-2.8826,0.1772,-77.2519,9.5878,-11.9542,41.24
39200,-9.3781,-2.8132,-0.1077,-107.6183,-2.3664,-25.6641,41.42
39250,-9.1291,-1.3479,-1.7142,-130.9924,-1.7405,-11.771,41.28
39300,-8.4324,-3.1771,-1.336,-127.0229,21.5573,-8.1832,41.28
39350,-9.1075,-3.1532,-0.6536,-117.7405,34.3206,1.5115,41.19
39400,-9.4739,-3.1675,-0.5986,-105.4657,30.4122,18.2901,41.05
39450,-9.2632,-3.6823,-0.7494,-83.5267,27.4504,23.9389,41.28
39500,-8.691,-4.2234,-0.4764,-47.1145,29.3435,25.7863,41.19
39550,-9.0285,-4.4748,-0.2083,-11.1298,27.6183,19.8168,40.95
39600,-11.4443,-3.6512,-0.759,36.0305,10.5344,12.8702,41.05
39650,-13.5727,-1.3336,-1.0008,76.0,-16.8702,32.4733,41.28
39700,-10.9726,-2.3439,-0.5962,109.6794,-45.0687,60.7634,41.19
39750,-7.7405,-0.1939,-0.2753,131.9847,-85.6489,84.4885,41.09
39800,-6.11,-2.7294,-1.0511,147.8626,-114.5038,33.7557,41.19
39850,-8.5425,-3.7948,-1.3048,158.4886,-130.1069,12.5496,41.24
39900,-15.0284,1.561,-3.5793,115.0687,-87.2366,30.0305,40.95
39950,-9.5768,-0.0168,-1.6664,76.7328,-51.0382,22.458,41.24
40000,-7.8865,-0.1245,-0.3472,49.8321,-43.5725,-17.0992,41.19
40050,-7.0844,-0.0359,-0.7374,24.3053,-34.9924,-16.0153,41.24
40100,-7.0102,0.7757,-0.51,-6.7634,-21.2214,-24.5344,40.95
40150,-6.8738,-0.3543,-0.2394,-32.6718,3.6183,-35.4504,41.19
40200,-8.4731,0.249,0.826,-68.458,35.3435,-48.3053,41.24
40250,-10.7691,0.0527,1.8124,-131.7405,25.7405,-52.4427,41.09
40300,-10.1969,0.5962,1.6017,-186.458,6.8244,-46.916,40.91
40350,-9.9072,-1.3384,2.2003,-196.3206,-7.8473,-40.4122,41.24
40400,-7.7596,-5.5019,2.7629,-104.1069,17.7863,-3.2214,41.05
40450,-6.0813,-5.6982,2.5786,-2.5496,75.0687,35.6031,41.09
40500,-14.4729,-12.038,0.1604,83.6947,111.1298,-19.4198,41.09
40550,-18.7562,10.4914,5.533,188.5954,23.4198,59.4198,40.95
40600,-7.6016,-0.8906,-0.9601,124.7939,-17.9389,43.0534,41.09
40650,-5.691,-3.6129,-0.1556,132.2137,-5.5267,12.0916,41.05
40700,-5.5498,-4.3479,-0.6704,150.6718,-13.8626,47.5725,40.95
40750,-11.1833,-7.8985,-1.6688,188.458,-33.8626,2.7023,41.24
40800,-6.9815,3.0023,-5.1595,172.2901,12.1069,-13.6794,41.09
40850,-9.9623,1.6759,-2.8299,53.2061,33.9237,26.1221,40.91
40900,-7.9392,-1.5443,-1.0534,-9.0382,41.542,37.6031,41.24
40950,-7.7165,-3.0047,-0.1197,-50.3511,46.5954,-4.0305,40.77
41000,-8.5976,-3.7541,0.4908,-84.5954,41.4198,-48.2901,40.95
41050,-9.2392,-2.9401,0.6871,-124.3511,25.5878,-90.7328,41.28
41100,-9.3829,-1.1756,-0.3065,-177.4046,7.0992,-106.2443,40.95
41150,-11.2671,-1.0774,-2.1763,-272.6259,-6.687,-16.855,41.24
41200,-8.7005,-4.0438,-1.5107,-245.1298,9.1298,-29.0687,41.09
41250,-10.4052,-2.9185,-1.3336,-235.8321,-4.4733,9.9542,40.91
41300,-9.73,-5.9903,-0.7135,-153.5267,-6.1985,12.9618,41.24
41350,-8.2504,-5.7676,1.1037,-69.6641,8.1985,23.6947,40.95
41400,-8.6526,-6.0047,0.8643,9.2519,8.1374,-8.3817,41.28
41450,-14.1114,-2.9161,1.64,69.1756,-35.5725,-8.8244,41.24
41500,-13.3118,1.8076,0.1269,85.4504,-107.2977,64.6107,41.09
41550,-8.928,-2.3966,-0.8092,93.7252,-139.7557,57.1908,41.24
41600,-6.6176,-2.5043,-1.9728,123.6947,-149.4657,33.542,41.19
41650,-9.4547,-1.1732,-2.4828,137.7099,-118.855,33.4351,40.95
41700,-12.6869,1.4796,-0.7829,49.1603,-65.3588,21.2366,41.24
41750,-8.3127,-0.0622,-0.1437,3.6183,-32.7023,-11.7557,41.28
41800,-6.4093,1.0702,0.5986,-40.9924,-13.0687,-46.3359,40.95
41850,-6.3231,1.3168,0.8691,-71.7863,-11.145,-39.9695,40.91
41900,-7.9583,1.8627,2.2745,-130.0305,-14.3969,-47.1603,41.05
41950,-8.5904,-1.4413,0.905,-168.5496,-16.4733,-51.7405,40.95
42000,-9.8665,-1.798,2.296,-220.8397,-2.8855,-54.6718,41.09
42050,-9.4906,-5.1164,3.644,-164.8244,5.4198,-24.4886,41.19
42100,-6.9911,-7.0844,3.1292,-29.5267,67.7405,27.1603,41.05
42150,-6.9384,-6.2369,2.6001,68.7939,136.5343,77.9084,41.19
42200,-7.683,-4.8483,1.4509,131.5267,169.4046,65.6489,41.09
42250,-7.2089,-3.2968,0.2155,141.2366,183.5267,21.7405,41.05
42300,-18.2893,-9.0668,-2.557,216.0611,107.8168,-48.0611,41.24
42350,-12.2009,7.0964,-2.5283,75.7099,-62.7176,117.6031,41.09
42400,-8.8992,-5.4396,-0.8595,73.9695,-20.0763,51.6031,41.09
42450,-4.3359,-2.8347,-0.5028,85.2366,-19.6947,54.6565,40.91
42500,-7.9679,-7.0749,-1.2761,132.229,-45.6641,53.4656,41.09
42550,-10.2185,-7.7069,-1.8411,181.3893,-76.1374,-3.3435,41.19
42600,-7.7333,-4.0103,-2.3607,166.1069,-51.4198,-52.855,41.19
42650,-11.2623,3.9983,-5.7293,53.4809,-4.5344,19.2977,41.24
42700,-7.3813,-1.6017,-3.4165,26.1832,79.8931,23.6794,40.95
42750,-8.8274,-2.2601,-0.0934,-18.1527,79.6031,-10.0305,41.05
42800,-9.4355,-3.1173,0.7063,-56.3206,48.0305,-46.8855,41.24
42850,-9.5984,-2.7318,0.9433,-102.6412,12.0,-83.4046,40.91
42900,-9.7468,-0.0694,-0.182,-144.9008,-15.2824,-99.4046,41.05
42950,-10.4004,-1.3144,-2.7605,-231.3893,-27.3435,-29.2672,41.38
43000,-8.4324,-3.8259,-1.9106,-208.7939,-3.7252,-39.4351,40.95
43050,-9.584,-3.1939,-1.1971,-186.8397,-2.1069,-5.3435,41.28
43100,-9.074,-4.3215,-1.3336,-152.8092,-0.7634,0.2137,41.24
43150,-7.9823,-5.7868,0.0287,-72.0458,8.8397,13.8168,41.24
43200,-8.4563,-6.28,0.3017,-5.6183,10.7634,14.0916,41.09
43250,-10.0102,-4.3048,-0.5315,63.2061,3.4198,5.5573,41.09
43300,-13.0819,-0.9505,-1.4102,105.8473,-18.5954,46.2748,41.05
43350,-9.5912,-0.8978,-0.7566,121.0687,-19.7252,58.0153,41.19
43400,-9.6965,1.3886,-0.1269,130.8855,-58.3053,99.313,41.09
43450,-8.6095,-1.4174,-0.9697,120.0763,-91.1603,95.2519,40.72
43500,-8.8849,-4.7692,-3.2082,135.0992,-109.8473,56.5038,41.19
43550,-11.5113,0.984,-4.3383,122.1374,-83.4198,67.7863,41.24
43600,-9.347,0.7039,-1.5874,34.0305,-39.771,29.7863,41.19
43650,-7.6902,0.3232,-0.2155,-14.2137,-40.7328,-26.3969,41.38
43700,-6.7684,1.6664,0.1437,-60.7481,-42.3206,-46.3817,41.09
43750,-7.7381,1.2546,-0.1293,-100.9466,-35.4046,-52.1985,40.95
43800,-8.3486,-0.0958,0.0359,-137.2214,-24.7023,-59.4656,41.09
43850,-8.6383,-0.6776,0.2586,-168.2137,-3.5573,-58.8092,40.91
43900,-11.1642,-0.3735,1.6472,-224.5954,-6.7634,-58.1832,41.19
43950,-10.477,-3.3734,2.9449,-184.0,-27.4504,-38.7023,41.19
44000,-7.3574,-7.1275,2.5331,-46.8244,8.5649,4.0916,40.91
44050,-4.6998,-4.6567,2.2242,49.8626,75.6031,43.4962,41.38
44100,-7.829,-5.8921,1.3096,104.1679,116.1985,31.7863,41.24
44150,-7.6902,-4.1324,0.3424,116.1069,132.7481,-15.5115,41.24
44200,-12.6294,6.2513,2.8874,99.2824,115.0687,-1.7863,41.19
44250,-14.8943,-4.9728,0.1987,-13.9847,16.1527,6.9466,41.28
44300,-12.4498,-2.8299,-1.8148,46.3511,-9.6336,14.0916,41.09
44350,-8.8202,-0.1365,-0.4094,16.1374,-12.4122,20.2748,41.09
44400,-7.0318,-3.711,-0.5938,12.5649,-1.9389,-11.3282,41.19
44450,-7.2042,-4.6615,-0.9768,40.687,-5.8168,-6.1221,41.05
44500,-9.3111,-0.6105,-2.8132,88.3969,4.3511,19.1908,41.38
44550,-8.8394,-3.7278,-2.5283,91.7252,41.0687,22.2901,41.09
44600,-7.8171,-4.798,-1.1325,117.3435,39.6641,23.6336,41.05
44650,-8.3653,-3.5913,-2.5331,130.9466,42.229,18.2137,41.09
44700,-9.1866,-0.6057,-2.1787,105.0534,35.6489,28.8855,41.24
44750,-9.6965,-2.0925,-1.3599,60.2595,23.5573,38.2137,41.24
44800,-8.7771,-3.0263,-1.4006,26.855,9.084,23.6336,41.24
44850,-8.7197,-2.071,-1.7502,-3.145,2.6718,0.5649,41.19
44900,-8.6479,-0.5602,-2.3391,-55.0229,6.4885,-15.4656,41.24
44950,-9.1291,-1.8771,-1.506,-117.7252,7.9389,-25.3893,41.28
45000,-9.1004,-2.9329,-0.2825,-162.6412,-1.4504,-38.6107,41.24
45050,-8.6191,-3.2537,-0.3567,-200.3053,-20.9771,-55.6031,41.24
45100,-7.853,-0.7063,-2.5331,-200.4275,-42.7176,-52.0916,40.95
45150,-11.722,-2.9497,-3.2896,-190.7176,-56.458,-8.0611,40.95
45200,-8.6407,-1.5874,-2.8084,-161.7099,-29.3282,10.4275,41.05
45250,-9.7588,-0.7183,-1.5586,-121.9542,-32.626,14.4885,40.95
45300,-10.7763,-2.4588,-1.4222,-90.7634,-45.7252,6.4427,41.19
45350,-8.3462,-2.5714,-2.2505,-42.7786,-24.5649,3.3588,41.09
45400,-8.6072,0.498,-0.5507,-9.084,-24.3206,17.4198,41.09
45450,-9.2225,1.1349,0.5842,-18.3053,-49.4046,13.313,41.38
45500,-7.9966,-0.0982,-2.2122,-26.0153,-39.1145,4.9771,41.09
45550,-9.5529,-0.3663,-2.2745,-2.3206,0.3969,12.7939,41.38
45600,-10.0963,0.6776,-0.8428,-11.7099,0.7634,10.3969,40.95
45650,-9.4858,0.5243,-0.407,-42.5038,-0.1374,-6.5191,40.95
45700,-8.6957,0.5076,-1.0032,-66.0458,-8.7786,-15.9237,40.95
45750,-8.3175,0.5746,-1.3288,-80.9618,-3.2214,-9.0229,40.72
45800,-9.1794,0.1748,-0.8859,-85.5878,-9.6489,-0.7634,41.05
45850,-10.4291,-0.2873,-0.9266,-99.0992,-23.6947,0.1221,41.24
45900,-10.0102,0.0766,-1.2737,-129.6336,-16.4427,-3.0992,41.19
45950,-9.3326,0.4357,-0.9505,-163.3435,-3.6794,-6.7328,41.28
46000,-8.3677,-0.2993,-0.6704,-195.4198,0.4275,-6.7786,41.19
46050,-7.7476,-1.4461,-0.5531,-213.5114,0.4275,-19.7252,40.95
46100,-8.2049,-1.4509,-0.4262,-220.5954,-8.7634,-32.8702,41.42
46150,-9.3613,-1.7119,0.1891,-212.7481,-13.4962,-49.9084,41.28
46200,-8.9998,-4.0342,1.391,-167.5573,-5.374,-37.2214,41.28
46250,-7.8913,-4.4796,2.4588,-91.771,25.2061,-26.2595,41.24
46300,-8.4994,-4.2569,3.0382,-15.1603,52.3817,-16.458,41.24
46350,-9.4762,-1.8986,3.5913,28.4733,60.4275,-16.4886,41.38
46400,-14.4729,-2.7677,1.549,41.6794,41.7405,-24.3359,40.86
46450,-14.6142,0.3328,1.3862,57.6641,-16.1221,15.6489,40.95
46500,-7.2856,-1.9944,-1.3312,78.7481,-27.5725,21.084,41.09
46550,-6.8546,-3.462,-1.4557,90.1374,-6.1069,-13.6794,41.24
46600,-8.3222,-3.6009,-3.1867,133.4504,1.0992,3.0687,41.09
46650,-9.2512,-2.2482,-3.3854,156.5649,16.5191,25.7252,41.05
46700,-8.9591,-2.5139,-2.399,146.626,32.458,28.4886,41.05
46750,-8.825,-2.0662,-1.8699,123.1908,17.6947,38.4275,41.19
46800,-8.655,-1.6257,-2.624,71.2366,17.9084,42.5191,41.05
46850,-8.5473,-2.0949,-2.5379,19.8321,34.458,23.5725,41.19
46900,-9.153,-1.1995,-0.984,-44.1221,26.916,-10.0153,41.19
46950,-9.5122,-1.9824,-0.4405,-97.4198,-3.0382,-36.0916,41.19
47000,-8.9136,-1.7358,-1.0439,-144.0,-35.2519,-48.6718,41.28
47050,-8.8514,-2.2577,-1.1444,-188.5496,-49.2672,-66.7939,41.24
47100,-8.6957,-2.9473,-0.984,-230.0763,-55.4351,-85.0076,41.19
47150,-8.2241,-2.9497,-1.0606,-270.1832,-53.2519,-97.6794,41.19
47200,-8.4994,-0.7685,-2.6719,-293.771,-35.9389,-84.7481,41.24
47250,-11.4084,-2.3008,-3.9648,-317.6641,-18.9313,-18.916,41.05
47300,-9.4475,-6.7876,-2.3248,-287.7557,-10.0,-3.4198,41.09
47350,-8.0732,-7.5776,0.3041,-169.6488,-16.626,-1.3435,41.28
47400,-6.8666,-6.8905,1.2115,-62.3817,18.1985,22.458,41.24
47450,-8.2887,-7.0581,0.9577,49.374,42.2443,15.2672,40.91
47500,-9.1937,-2.9904,-0.1317,129.5573,33.6641,23.0229,40.95
47550,-10.0365,-4.0845,-2.1284,172.9008,26.229,20.8855,41.28
47600,-10.9247,-3.8188,-2.9161,221.2824,9.9084,32.1679,40.91
47650,-10.8649,1.0582,-2.8467,241.6183,1.0534,70.2748,40.95
47700,-10.5967,1.8435,-3.8427,187.1756,-1.0229,129.6947,41.28
47750,-8.667,-0.8954,-2.5187,95.9084,4.1832,155.6488,40.91
47800,-8.3534,-3.3184,-0.929,78.1374,-7.4198,118.7481,41.24
47850,-11.2863,-2.8323,-1.494,86.0458,-46.5649,90.3359,41.09
47900,-8.2097,-0.68,-2.5594,24.2748,-56.1221,51.8473,41.09
47950,-7.7021,1.4485,-1.7166,-45.8015,-57.4351,-5.4504,41.24
48000,-7.2065,-0.8715,-0.7709,-91.8321,-72.9313,-54.9466,40.95
48050,-7.5369,0.3879,-1.3767,-115.8015,-70.458,-85.6947,41.05
48100,-9.0022,-1.0151,-1.5227,-148.458,-50.7328,-89.8015,41.24
48150,-8.5736,1.0295,-0.2921,-191.0687,-27.8473,-97.8473,40.86
48200,-10.5656,1.8723,0.4477,-236.6718,-34.0916,-56.3969,41.28
48250,-10.2879,-4.7645,1.7023,-181.6183,-40.9618,-34.229,41.19
48300,-6.6128,-7.4316,1.9944,-43.9695,2.7328,2.5038,41.28
48350,-5.7006,-6.1339,2.1931,62.4885,66.9771,63.5878,41.05
48400,-8.1331,-6.6104,0.9625,159.5725,92.3817,42.4733,40.95
48450,-7.9368,-4.7285,-0.0982,170.8092,113.8473,0.0305,41.24
48500,-8.1044,-4.0366,-0.6512,161.6336,110.9466,-27.5114,41.05
48550,-18.7514,2.7988,-2.1237,189.3435,86.855,-26.3969,41.05
48600,-14.7507,0.6752,-3.0933,123.0687,-9.4809,92.3511,41.38
48650,-6.5481,-2.2984,-0.6704,88.1679,30.5191,68.4427,41.05
48700,-4.4676,-3.0406,-0.1867,86.1679,34.9618,39.4962,41.28
48750,-7.7285,-6.0717,-0.6393,114.2595,12.4885,43.4809,41.05
48800,-10.1921,-8.0158,-1.6352,164.8244,-26.3206,5.9847,40.95
48850,-5.1643,7.3909,-9.912,212.7481,33.084,15.9542,40.91
48900,-9.4691,-1.3455,-2.7629,119.2061,68.9618,26.0611,41.19
48950,-8.4036,-1.6975,-1.0008,64.0458,71.771,22.8702,40.95
49000,-8.6814,-2.229,-0.3136,15.9542,31.2366,-4.229,41.24
49050,-9.0022,-3.3351,-0.3687,-15.2672,-2.458,-32.687,41.19
49100,-8.9759,-2.1452,-1.6712,-46.9466,-12.4885,-57.771,41.09
49150,-8.9783,0.7326,-3.8834,-112.0,-3.4504,-47.4504,41.19
49200,-8.9878,-3.0622,-1.8292,-154.3359,17.2366,-40.5802,41.05
49250,-8.5018,-3.5961,-0.656,-160.0916,15.145,-46.0,41.24
49300,-9.6343,-2.1835,-2.0973,-150.1832,8.7481,-27.8626,41.05
49350,-9.675,-3.0742,-1.8124,-138.5802,14.4122,-2.0305,41.28
49400,-10.0126,-4.9728,-1.0534,-119.084,3.9542,-6.0153,41.09
49450,-13.1657,-4.0869,-0.2873,-67.542,-50.7786,8.3664,41.09
49500,-12.1937,-0.7183,-0.9266,-40.2901,-96.3817,43.4962,40.91
49550,-9.2991,0.5028,0.4693,-36.7634,-132.855,57.4504,40.95
49600,-5.8012,-2.2458,-0.4022,-8.458,-165.1298,-12.8702,40.95
49650,-7.5441,-4.8411,-0.6608,15.5725,-156.687,-58.1679,40.91
49700,-13.4506,2.8036,-3.0119,36.5038,-72.5802,-9.9542,40.95
49750,-9.3901,1.063,0.6847,10.5954,-31.7863,-36.2748,41.19
49800,-6.3111,-1.3719,0.9026,2.1679,-17.6641,-38.0763,41.19
49850,-6.6511,-0.9625,0.8619,-6.5344,-8.0916,-40.9771,40.95
49900,-9.0118,-1.1899,0.9744,-0.9924,8.6565,-28.3817,40.95
49950,-8.521,-2.4325,1.1133,1.4198,23.6794,-25.5725,41.19
50000,-9.4116,-0.838,2.5402,-6.9618,37.4809,-16.3206,41.28
50050,-9.6606,-1.9992,2.885,-14.5954,36.7023,-3.6947,40.91
50100,-8.2073,-2.7198,2.5139,1.3893,38.7328,4.1069,40.91
50150,-8.0254,-3.6248,2.047,15.8321,46.3359,6.8092,41.19
50200,-8.5042,-2.2577,2.3176,25.8473,51.0992,-4.916,41.19
50250,-9.9527,-0.3424,1.9872,15.6489,40.229,7.6947,41.09
50300,-14.0444,-6.2824,-0.8021,31.6031,47.4962,-12.0611,41.19
50350,-11.8992,0.8428,2.6839,56.9466,1.7099,24.3206,41.28
50400,-6.9983,-1.6688,-0.5052,42.1221,-6.2443,19.5114,41.24
50450,-6.177,-3.5147,-0.7542,56.0,15.5725,-14.6107,41.09
50500,-8.1977,-4.6783,-1.5874,99.313,7.8931,5.2214,40.91
50550,-10.0054,-1.5323,-1.4365,127.2366,3.8931,14.6412,40.95
50600,-9.9,-2.5522,-1.3743,100.9618,15.7405,25.771,41.09
50650,-8.3055,-2.2649,-0.3639,86.9618,19.2824,22.1985,41.19
50700,-8.5928,-1.8292,-1.4557,69.1145,9.2214,9.3435,41.05
50750,-9.1794,-0.5746,-2.1955,27.6947,22.626,11.9389,41.09
50800,-9.7875,-1.7526,-0.3831,-40.9008,16.0611,10.3053,40.95
50850,-8.6479,-2.3439,-0.1676,-78.9924,1.2977,-5.6947,41.09
50900,-9.2632,-1.5012,-0.3998,-127.8779,-8.5344,-28.0153,40.77
50950,-9.2225,-1.561,-1.4796,-181.4809,-9.8779,-17.6489,40.86
51000,-8.6646,-3.3615,-1.3743,-204.6107,2.0153,-12.4427,41.09
51050,-8.6574,-3.5458,-0.9218,-209.1298,5.6947,-23.8931,41.19
51100,-10.7284,-2.2098,-0.4573,-205.0229,-30.3664,-15.2061,40.95
51150,-11.2049,-1.5921,-1.1732,-201.1756,-57.2519,7.0076,41.24
51200,-9.177,-2.2889,-0.51,-187.1908,-74.3969,3.145,41.19
51250,-8.1235,-2.6384,-0.4932,-180.6565,-80.1069,-16.3969,40.95
51300,-8.1594,-2.6647,0.146,-150.0,-56.0611,-28.5038,41.05
51350,-8.2696,-3.7804,1.6328,-78.855,-20.5038,-9.6489,41.38
51400,-8.1068,-4.027,2.059,-18.6107,4.4122,-0.9008,41.28
51450,-8.6143,-2.6815,2.5331,23.9847,17.542,-0.5344,41.24
51500,-10.2137,-0.7829,1.9776,41.8779,16.1832,13.1908,41.19
51550,-10.2328,-1.3815,1.3312,41.313,12.4427,18.916,40.77
51600,-9.4212,-1.7837,1.075,36.458,-0.687,2.8702,40.91
51650,-9.1554,-1.2522,-0.589,49.5725,-0.0153,2.9008,41.09
51700,-9.6414,-0.9002,-0.5459,77.8626,16.6565,9.8779,41.09
51750,-10.7212,-1.3144,0.1341,83.1298,-3.2824,13.5573,41.09
51800,-9.8737,-0.1867,-0.735,80.5802,-15.2977,24.2443,41.19
51850,-9.3757,-0.2945,-0.3376,53.0992,-18.9771,29.145,40.95
51900,-10.0748,1.0558,-0.1604,15.2061,-33.6947,28.6565,40.95
51950,-9.991,1.0582,-0.1269,-40.0458,-47.313,28.3817,41.24
52000,-9.4116,0.9697,0.012,-85.0076,-54.3511,17.4656,41.24
52050,-9.0237,1.3958,-0.0694,-136.1679,-60.1832,11.2061,40.95
52100,-7.9583,0.0622,-0.5052,-180.0458,-38.3969,2.7634,41.09
52150,-8.1379,-1.4724,-0.3974,-220.9771,-7.2214,-6.6718,41.28
52200,-8.4874,-1.3838,-0.2969,-265.6794,13.3893,-4.6718,41.28
52250,-9.584,-2.1644,1.1516,-274.0458,6.4733,-4.5344,41.05
52300,-9.0932,-6.2728,2.5546,-175.8321,13.6489,31.9542,41.38
52350,-7.4579,-6.9432,2.6169,-58.0763,67.6183,67.5115,41.09
52400,-9.0501,-7.0366,2.5546,47.145,100.229,44.1679,40.95
52450,-8.0517,-4.8339,1.3024,104.1679,111.6794,-26.916,40.91
52500,-14.1785,7.3957,2.478,108.7786,76.7176,-3.0534,40.95
52550,-8.8538,0.4669,-1.2737,16.8397,18.687,23.5114,41.09
52600,-7.7213,-2.9161,-0.3903,-5.7557,23.0687,-15.1603,41.09
52650,-11.3198,-2.4804,-0.7111,-10.9924,15.6183,-49.8779,40.95
52700,-13.1418,2.964,-2.0039,-29.4656,-19.6794,-9.4656,41.09
52750,-8.1259,-2.6887,-1.1708,-17.313,-0.7328,2.4427,41.05
52800,-7.0413,-4.051,-0.6297,23.1908,5.8779,-26.2595,41.24
52850,-8.6191,-2.375,-2.7509,79.1908,-3.4351,-14.7176,41.09
52900,-9.9024,-0.8667,-2.6432,88.1527,10.8092,1.1603,41.09
52950,-9.5792,-2.6169,-1.5802,87.2366,15.3588,10.687,41.24
53000,-8.7604,-2.6959,-1.4844,85.4351,-5.6183,22.3664,41.38
53050,-8.4324,-2.6743,-1.5921,75.2366,-16.3969,24.8397,41.28
53100,-8.5042,-2.8683,-1.3431,52.5954,-23.084,18.7481,40.95
53150,-9.3948,-3.3878,-1.0606,18.2443,-31.1756,3.8015,41.19
53200,-8.5736,-2.3894,-1.6448,-20.916,-28.9618,-8.8092,41.19
53250,-8.6335,-1.3599,-1.7549,-63.7557,-24.7786,-18.7481,41.28
53300,-8.8609,-2.5738,-1.3168,-104.4733,-21.4656,-26.8244,41.24
53350,-8.4683,-3.5099,-1.0989,-127.084,-17.4198,-40.4275,41.38
53400,-9.4164,-2.557,-0.9984,-135.5725,-21.7252,-37.6031,41.19
53450,-9.2991,-2.7414,-1.1181,-151.3588,-32.7176,-22.3206,41.28
53500,-8.2672,-4.0151,-0.7087,-152.2748,-32.0611,-21.145,40.95
53550,-8.2097,-4.6424,-0.4022,-156.0763,-27.2214,-30.5802,41.24
53600,-9.0525,-2.8084,-0.1508,-154.5191,-27.2519,-23.1145,40.95
53650,-9.074,-3.2298,-0.9146,-151.3282,-23.6947,-8.1985,41.05
53700,-8.406,-4.5035,-0.6704,-137.6031,-11.6031,-2.3359,41.19
53750,-8.7412,-4.039,-0.2897,-119.7252,-13.2214,-7.4504,41.05
53800,-8.6981,-3.3447,-0.1987,-99.1756,-12.1832,-3.8626,41.09
53850,-9.1387,-4.1611,-0.7805,-75.313,5.8931,2.1985,41.28
53900,-8.4132,-2.885,-0.5507,-41.771,22.2748,12.5802,41.24
53950,-8.0732,-4.1013,-0.4812,-14.2137,24.8244,-4.2748,40.95
54000,-9.1722,-4.7238,-0.759,23.6947,10.2137,-13.374,41.09
54050,-10.1801,-3.2585,-1.719,69.1603,-0.1221,2.8397,41.38
54100,-10.2424,-2.2505,-2.0399,98.3511,-2.6565,27.7252,41.19
54150,-9.7564,-0.5219,-1.6352,91.5267,-11.3282,40.3359,41.09
54200,-10.4435,0.1532,-1.9896,62.3053,-31.9542,64.8702,41.28
54250,-10.3022,1.142,-1.4006,-9.7557,-55.4504,95.9695,41.05
54300,-9.6582,-1.4078,-1.6999,-45.8931,-82.4122,78.7023,41.05
54350,-9.4547,-1.0343,-2.3607,-56.7634,-89.7252,59.1145,41.19
54400,-9.991,-0.5938,-1.312,-93.8626,-84.5802,29.2214,41.19
54450,-8.77,1.2426,-0.6464,-144.916,-78.3359,-3.2061,40.95
54500,-7.4053,-0.1006,-0.2562,-194.4275,-79.8779,-42.2443,41.09
54550,-5.6503,0.1963,-0.6177,-232.5802,-54.9313,-56.229,41.38
54600,-7.4005,-1.6951,-0.6967,-264.6412,-28.3359,-55.8015,41.19
54650,-9.7205,-3.4764,1.7526,-246.3969,-6.7481,-62.458,41.09
54700,-8.4013,-6.3494,3.5841,-117.0992,25.313,2.7939,41.05
54750,-7.1563,-6.79,2.9521,19.9695,97.2519,66.4275,41.24
54800,-9.3613,-6.9552,2.0949,121.2061,132.5496,65.542,41.19
54850,-7.6543,-4.7142,0.3065,150.1221,149.3588,22.916,40.95
54900,-9.4116,-3.474,-0.3017,157.4046,133.6336,-11.8168,41.05
54950,-14.5879,8.588,1.2617,105.2061,55.6336,9.374,41.05
55000,-9.5553,-1.7023,-1.4557,12.2137,4.1374,56.4122,41.28
55050,-9.9359,-5.2194,-0.7111,-4.1832,21.8626,-4.0,41.05
55100,-11.8752,-5.7341,-1.9968,52.8855,-12.4427,-11.8626,41.24
55150,-10.1993,4.0869,-3.3327,47.145,-18.9924,38.9771,41.19
55200,-8.0876,-3.2609,-1.482,48.687,8.3206,12.4885,41.09
55250,-6.1986,-4.2545,-0.6297,76.1374,-3.8321,16.0763,41.09
55300,-9.019,-5.9759,-1.0319,118.5802,-28.9924,1.4351,41.09
55350,-7.8171,1.5778,-5.7676,126.7023,9.2519,21.1908,41.28
55400,-8.1163,-4.5969,-3.5338,111.0687,33.145,31.9389,41.24
55450,-7.8243,-4.0534,-1.1133,112.687,41.2672,23.6641,41.24
55500,-8.9399,-2.1237,-0.8188,86.6412,35.2519,1.2824,41.19
55550,-9.2392,-1.7119,-1.7717,41.8168,20.5191,2.2595,41.19
55600,-8.9663,-2.2266,-1.7286,-6.7786,9.4504,-6.3053,41.28
55650,-8.7077,-2.8371,-1.3599,-43.6794,-0.3511,-25.3893,41.19
55700,-8.8466,-2.3152,-1.3431,-67.771,-8.5191,-37.2824,41.28
55750,-8.4276,-1.9201,-2.059,-96.2748,-12.7786,-31.6031,41.19
55800,-8.3103,-3.7757,-1.9201,-98.7023,3.4351,-36.8855,41.09
55850,-9.3565,-2.5642,-1.0702,-85.4657,12.916,-31.1298,41.38
55900,-9.5002,-3.5386,-1.1325,-85.8168,-2.3511,-18.5038,41.05
55950,-9.2129,-3.1987,-0.8882,-73.5725,-2.916,-5.2977,41.19
56000,-8.6622,-3.6679,-1.0822,-55.6794,3.9695,0.5344,41.24
56050,-8.3893,-3.9433,-0.905,-33.0992,12.0458,6.7481,41.05
56100,-8.3079,-4.0151,-0.8356,-7.6641,14.3206,10.2748,41.19
56150,-8.5593,-3.79,-1.1229,11.5725,19.6641,14.6107,41.05
56200,-8.9567,-3.6823,-1.0846,37.2061,8.3817,20.9924,41.09
56250,-9.754,-2.1069,-2.2075,60.458,-2.6107,30.0,41.05
56300,-10.501,-2.1308,-2.8467,65.0229,2.626,41.4656,40.95
56350,-10.1993,-1.9465,-1.9848,63.8168,-0.2748,46.2748,41.19
56400,-9.3446,-0.3855,-1.8771,46.3359,-17.1145,61.2519,41.09
56450,-9.4667,1.6568,-1.2522,11.5878,-40.4275,81.0687,41.09
56500,-9.912,-0.2682,-1.1205,-12.4885,-77.8321,88.3206,41.38
56550,-9.256,-3.2992,-1.9992,1.7405,-102.6718,57.2214,41.09
56600,-9.6726,-1.5945,-2.5115,12.2901,-85.7099,36.2748,41.19
56650,-8.6359,0.0168,-1.3001,-29.374,-47.2214,0.5038,41.19
56700,-8.09,0.5794,0.1341,-66.5496,-41.3435,-37.1298,41.19
56750,-7.6974,0.6177,0.1556,-107.1603,-36.5191,-59.2824,41.24
56800,-7.6183,-0.1987,-0.1101,-125.0534,-25.1145,-57.5878,41.09
56850,-8.1163,-1.5443,-0.3639,-122.5802,-7.2824,-53.9389,40.86
56900,-9.6391,-2.4445,1.6807,-107.3588,10.2595,-66.3817,41.38
56950,-11.0421,-4.2066,3.6105,-61.2672,-0.6718,-42.3817,41.05
57000,-8.2624,-5.7988,3.0287,21.4351,21.7405,-20.0611,41.09
57050,-7.7357,-6.5888,1.5658,106.7023,60.4733,-8.1374,41.28
57100,-9.3015,-5.3463,0.7254,172.1985,79.7863,-5.0534,41.09
57150,-10.4507,1.5467,3.055,170.916,63.0382,33.084,41.19
57200,-10.6686,-2.794,-0.1101,136.5343,41.2977,30.5344,41.19
57250,-7.8913,-1.6927,-0.1484,110.1527,45.9542,42.458,40.95
57300,-6.9145,-3.3064,-0.5291,73.8931,68.9466,-15.5115,41.09
57350,-13.3549,-0.3663,0.3256,102.0,45.2672,18.8092,40.91
57400,-10.6494,2.5833,-0.3759,51.8473,-26.4427,42.3359,40.86
57450,-6.3662,-3.6176,-0.1413,39.4198,8.1221,-0.1679,41.09
57500,-7.3885,-5.2002,-0.3352,60.6565,0.4275,-17.3893,41.24
57550,-9.3709,-0.1939,-3.3208,117.084,4.9924,-17.9084,41.09
57600,-9.6414,-1.1564,-3.5243,72.2748,39.5878,-0.7023,41.38
57650,-8.4707,-3.6512,-0.735,77.313,60.916,13.6947,41.24
57700,-8.9878,-3.1508,-0.0766,60.7786,37.1908,-6.3511,41.09
57750,-8.928,-2.0159,-1.4222,45.4504,24.4275,-12.7328,41.19
57800,-9.4571,-2.1189,-0.4956,19.4962,17.8931,-10.2443,41.09
57850,-8.8107,-1.968,-1.2474,-5.6947,12.7481,-7.5878,41.24
57900,-8.4922,-2.4205,-1.0367,-27.6489,24.5954,-18.0305,40.95
57950,-9.335,-1.9441,-0.4717,-46.6565,23.9695,-18.7481,41.05
58000,-9.493,-2.6624,-1.0534,-48.7481,22.7176,-11.3588,41.24
58050,-8.4228,-3.2178,-1.3288,-34.1221,40.1832,-5.3893,40.95
58100,-9.3087,-3.1987,-0.5866,-14.1832,40.458,2.7023,41.09
58150,-9.0094,-3.2561,-0.7877,-1.2519,37.7557,11.0992,41.24
58200,-9.0214,-3.4836,-0.7638,15.8168,29.7405,13.3282,40.95
58250,-8.9136,-3.4381,-0.996,32.4733,19.3588,22.8244,40.95
58300,-8.3869,-3.1125,-1.7789,43.7252,19.0534,20.2137,41.24
58350,-11.3102,-2.4493,-1.7023,60.1374,-8.7481,30.8855,41.24
58400,-12.7348,-1.3527,-3.6081,40.8244,-25.0076,54.8244,41.09
58450,-10.5441,-0.5004,-3.7158,32.9313,-20.9313,81.6031,41.09
58500,-8.7317,0.9361,-1.4245,1.4198,-40.9466,115.4198,41.24
58550,-6.2393,-1.0415,-0.4812,-2.9008,-72.0611,91.3282,41.09
58600,-7.1419,-2.4157,-1.0606,11.5878,-105.8168,36.1527,41.19
58650,-12.0141,-0.1245,-2.6336,-1.9084,-95.6794,16.6565,41.09
58700,-9.1818,1.0175,-2.2218,-49.1908,-55.4656,-1.1908,41.38
58750,-7.7596,0.8523,-0.4693,-79.5573,-31.6794,-59.5573,41.28
58800,-7.3287,0.2251,-0.1867,-106.5343,-12.8092,-55.4351,41.24
58850,-8.1163,0.8691,-0.0886,-117.2977,0.2901,-46.9008,41.24
58900,-8.7795,-0.5531,0.8787,-123.0534,-1.7099,-39.8626,41.09
58950,-9.6965,-3.3806,2.2697,-112.9924,-15.6031,-60.9771,40.95
59000,-8.9615,-5.0278,2.964,-51.8931,-8.0,-55.2519,41.09
59050,-9.007,-6.3758,3.1532,37.8321,29.4046,-46.5649,41.19
59100,-8.5042,-5.5474,2.3607,135.771,55.2366,-20.458,41.19
59150,-8.734,-3.3303,1.5826,188.2137,65.2977,-0.3817,40.77
59200,-9.9838,-1.0511,1.1947,180.687,48.2137,16.9313,40.91
59250,-7.2329,-1.9154,-0.9744,154.2443,60.4427,14.1832,41.19
59300,-6.5769,-1.9656,-0.9481,131.6031,85.313,5.9389,40.91
59350,-11.4108,-3.4477,-0.6009,98.6107,105.0687,-39.6489,41.19
59400,-15.7969,3.79,-0.1796,64.9466,52.1069,24.5954,41.19
59450,-8.9519,-1.336,-0.4453,17.374,17.4198,32.5802,40.91
59500,-5.928,-2.9329,-0.8954,5.8473,42.0305,-6.8092,41.19
59550,-6.9767,-3.3471,-1.6903,21.4809,54.0458,-18.2137,41.38
59600,-10.3166,-1.0511,-2.0039,59.9237,40.7023,0.3053,41.19
59650,-8.1882,-2.8826,-2.3918,58.2137,33.8626,17.5878,41.05
59700,-8.3342,-4.2306,-1.8459,88.687,32.7328,15.4656,41.24
59750,-9.0214,-2.8706,-2.2936,100.6718,21.5267,15.6336,41.19
59800,-8.6263,-2.7054,-2.3559,85.7405,19.542,18.3664,40.95
59850,-8.5162,-3.1987,-1.4892,70.3053,14.5802,14.5344,41.28
59900,-8.3845,-3.3998,-2.0638,62.4122,11.0992,3.8321,41.19
59950,-8.7029,-1.0918,-2.7749,33.5267,16.8397,0.5038,41.05
60000,10.3022,-2.2889,-4.9201,-106.1832,-92.1374,-2.9008,41.05
60050,10.8553,-2.9353,-4.4197,-84.916,-64.7634,11.9389,41.09
60100,8.3534,-3.4477,-5.0661,-86.855,-101.374,28.5496,41.19
60150,8.9926,-2.7174,-4.8674,-70.916,-82.4885,41.0992,40.95
60200,8.3797,-2.3798,-3.7541,-53.0382,-79.7405,37.4809,41.19
60250,8.7245,-2.3559,-4.4796,-27.8473,-59.6489,38.2748,41.24
60300,8.7747,-2.1308,-4.0486,-19.1298,-32.0,25.7863,41.28
60350,8.9447,-2.0925,-3.9433,-16.4886,-27.9237,23.0687,41.24
60400,9.2967,-2.3343,-4.1396,-14.5344,-15.6336,18.1374,41.28
60450,9.5984,-2.5642,-4.3598,-12.0916,-9.0687,13.084,40.95
60500,10.3621,-2.624,-5.1116,-10.3359,1.2977,9.6336,41.24
60550,12.5528,-3.802,-6.778,6.2748,29.4809,11.0382,41.05
60600,11.5257,-3.3782,-6.1028,18.5649,55.4656,8.4275,41.19
60650,9.5481,-2.8395,-4.7046,19.9084,64.6718,6.3206,41.19
60700,7.3981,-2.7509,-3.3734,27.3282,58.2137,-0.855,41.05
60750,8.8059,-3.3327,-4.8459,55.5725,64.229,-0.1985,41.38
60800,10.9343,-4.13,-7.094,93.9237,89.0229,4.7328,41.38
60850,11.1857,-3.9049,-7.3646,99.9084,117.3282,-15.6031,41.28
60900,10.7667,-2.8754,-6.6559,76.626,130.9008,-21.313,41.05
60950,8.7388,-2.217,-4.7836,36.9618,131.0992,-13.0687,41.28
61000,7.5369,-2.0303,-3.1939,20.5191,116.1985,9.771,41.24
61050,7.9104,-2.9832,-3.5003,32.5802,101.8626,11.9389,40.95
61100,6.256,-1.6735,-1.4724,33.1298,75.8168,7.0687,41.28
61150,6.596,-1.9848,-1.4916,26.3969,36.2748,-0.1374,40.95
61200,5.6862,-1.1684,-0.6632,2.5496,-0.6107,-14.1221,41.24
61250,6.0645,-1.3719,-1.1301,-20.8855,-38.626,-27.5878,41.28
61300,6.5721,-1.2282,-1.6712,-44.4733,-74.1985,-33.0382,40.95
61350,7.264,-1.5131,-2.2075,-60.1221,-104.6412,-36.6565,41.05
61400,11.2887,-2.909,-5.3415,-61.1145,-127.3893,-29.9542,41.09
61450,12.6366,-3.0311,-5.9185,-54.1832,-131.2824,-22.7481,41.38
61500,11.4539,-1.221,-5.2218,-93.1756,-143.0534,-13.9084,40.95
61550,10.4363,-1.3815,-5.3702,-136.229,-138.7176,7.9542,41.05
61600,9.4954,-2.4253,-5.296,-144.7023,-121.8626,19.8779,41.09
61650,8.5641,-5.126,-5.4348,-114.8702,-94.9924,29.9084,41.19
61700,9.8019,-3.4141,-5.545,-74.3511,-55.8626,46.1832,41.19
61750,9.1985,-2.1356,-5.3056,-73.3893,-20.1374,50.0153,41.05
61800,8.1283,-1.8675,-4.3383,-62.855,-5.7252,64.4275,41.28
61850,7.6974,-2.1979,-4.2473,-37.7863,0.9618,81.7405,41.05
61900,8.2911,-2.4972,-4.4149,-7.8015,11.2366,83.0229,41.05
61950,8.5018,-2.296,-4.5586,7.5115,17.7099,73.2061,41.09
62000,8.5688,-1.6305,-3.4572,2.8397,10.8702,52.1221,41.24
62050,9.4739,-1.3815,-4.458,-16.2748,20.8397,54.1069,41.19
62100,8.7029,-2.0758,-3.6176,-24.0611,41.4656,46.4885,41.38
62150,8.7197,-2.4301,-3.6057,-15.4198,49.6336,35.1298,41.24
62200,11.1259,-3.5147,-5.5929,1.8931,63.9084,30.3664,41.09
62250,10.5345,-3.7948,-5.0159,24.2748,72.0305,18.8855,41.24
62300,8.5712,-2.4972,-4.0318,25.2977,76.4733,9.6336,41.24
62350,8.9304,-3.4165,-4.4556,42.0458,66.9008,16.0916,41.28
62400,9.7492,-3.8211,-5.2553,79.374,55.5878,10.1374,41.09
62450,10.0628,-3.2944,-5.3941,90.916,55.5573,-5.0229,41.38
62500,9.8043,-2.3822,-5.2481,83.8321,57.7405,-4.5496,41.38
62550,9.4379,-2.0782,-5.0542,72.4427,57.9542,1.1145,41.19
62600,7.92,-1.3743,-3.9409,42.9313,53.1298,-14.4275,41.19
62650,7.5657,-1.5323,-3.5338,10.2595,31.8473,-18.0763,41.19
62700,7.0892,-1.6879,-3.0143,-8.916,14.2595,-28.5038,41.28
62750,7.671,-2.0518,-3.0239,-15.5878,-5.9084,-39.0382,40.91
62800,8.7819,-2.0758,-3.5961,-20.2443,-22.2901,-43.2672,41.28
62850,8.8753,-1.8459,-3.644,-39.8931,-34.2748,-41.8015,41.09
62900,9.2512,-1.6927,-4.1539,-61.084,-36.8244,-36.5191,40.91
62950,9.8952,-1.8076,-4.7645,-90.7328,-27.3435,-31.0076,41.28
63000,8.9471,-1.4724,-4.3167,-122.2443,-51.2977,-14.3664,41.24
63050,8.3821,-1.5945,-4.1372,-141.1603,-46.5954,-2.229,41.19
63100,8.4635,-1.3479,-4.3311,-152.5954,-38.9466,18.0153,41.28
63150,8.6718,-1.7909,-4.5969,-156.8397,-26.9008,35.1908,41.28
63200,8.825,-2.1763,-5.0973,-157.6031,-11.9237,50.2595,41.09
63250,8.5162,-2.3463,-3.6416,-158.9008,-26.9313,50.9466,41.19
63300,9.1866,-2.5857,-4.7405,-167.8015,-46.8702,54.855,41.24
63350,9.8067,-3.2777,-5.5115,-159.6641,-41.6031,63.1298,41.09
63400,9.4858,-3.237,-5.1332,-124.3053,-14.7176,80.1069,41.28
63450,8.4372,-2.6504,-4.288,-86.0611,13.0534,90.6107,41.28
63500,8.0349,-2.2266,-3.0526,-63.6641,11.5878,92.6107,41.24
63550,8.4587,-1.9872,-3.4261,-56.7023,2.4427,86.5038,41.28
63600,9.1219,-2.2793,-3.7421,-62.5802,0.0305,61.2672,41.05
63650,9.7109,-2.2745,-3.948,-72.687,0.3817,38.8092,41.38
63700,9.8067,-2.0566,-4.6543,-88.1832,13.6031,29.9389,41.38
63750,9.0381,-1.7741,-3.6392,-91.1756,16.0916,42.5344,41.09
63800,8.5928,-1.9824,-3.62,-78.1527,-5.0229,58.6107,41.05
63850,8.5066,-2.083,-3.6224,-62.9618,-10.2595,66.7481,41.05
63900,8.7532,-2.6121,-3.7876,-39.5573,-11.6489,57.1756,41.28
63950,8.5665,-2.375,-3.5195,-17.084,-11.5878,37.1603,41.09
64000,8.6239,-2.3224,-3.7996,1.4046,-6.0153,13.5725,41.19
64050,8.4827,-1.324,-3.486,6.4885,-5.6641,3.1908,40.95
64100,8.5042,-1.2857,-3.8188,-5.0382,-8.458,-0.626,41.05
64150,8.26,-1.391,-3.5051,-24.4733,-14.6107,-3.8168,41.38
64200,8.4132,-2.1284,-3.7254,-34.3359,-28.3511,-6.5496,41.28
64250,9.7372,-3.1173,-4.4891,-34.9771,-40.5191,-10.7939,41.38
64300,9.9096,-3.3519,-5.0589,-26.5954,-29.8168,-14.2443,41.28
64350,9.1746,-3.3686,-4.3263,3.8931,-21.0992,-6.0305,41.28
64400,9.165,-3.3543,-4.8195,47.4962,-6.5344,6.229,41.19
64450,9.0261,-2.8587,-5.0254,83.3893,11.9389,15.313,41.19
64500,8.4156,-3.3639,-5.2577,108.8092,23.0992,-1.5878,41.24
64550,8.406,-2.2194,-5.9903,130.3664,32.4122,-45.8473,41.09
64600,9.2703,-1.1253,-6.5841,98.7176,45.4962,-42.9924,40.95
64650,8.5497,-1.4748,-5.5689,54.5802,58.7634,-47.1603,40.95
64700,9.0118,-1.0223,-5.9927,12.6718,63.8321,-40.4122,41.19
64750,8.0972,-1.3982,-5.2577,-15.3893,68.8244,-37.8015,41.09
64800,7.8195,-1.1372,-4.956,-37.8168,68.9313,-26.5038,41.24
64850,6.6176,-0.51,-3.4955,-53.9542,54.2901,-5.2977,40.95
64900,7.683,-1.47,-4.1084,-62.8092,44.0611,20.5191,41.05
64950,7.7931,-2.1356,-3.3495,-54.5802,28.4122,31.2519,41.09
65000,8.3677,-2.8659,-3.5554,-29.6641,18.1527,28.4122,41.24
65050,8.7915,-2.4732,-3.3902,-29.4351,-4.0305,19.4809,41.19
65100,8.7029,-2.2266,-3.1891,-45.6489,-14.2748,4.3664,41.09
65150,8.4779,-2.1811,-3.0239,-70.4733,-33.4809,-9.4656,41.09
65200,8.6694,-2.0399,-3.1029,-86.7023,-55.1756,-16.6412,41.19
65250,9.0621,-1.5083,-3.2178,-112.7939,-71.7099,-3.6489,40.95
65300,10.0389,-2.0135,-4.4915,-132.1527,-67.8626,22.7481,40.91
65350,9.8354,-2.8659,-4.3,-131.0076,-55.6947,37.6336,41.28
65400,10.8625,-3.5386,-4.7549,-109.9847,-46.5649,48.5802,41.19
65450,11.0947,-3.8331,-5.2553,-76.0916,-25.1145,52.6718,41.24
65500,9.6223,-3.0191,-3.9935,-54.0611,-9.5878,44.5344,41.19
65550,9.2225,-3.0071,-3.6871,-44.8244,-7.5725,31.4046,40.91
65600,8.7245,-3.055,-3.2729,-25.7252,-5.9389,16.4886,41.05
65650,7.8913,-2.5307,-2.7054,-7.7863,-5.1603,4.1832,41.61
65700,8.1475,-2.4253,-3.0167,9.4198,3.4198,-1.2824,40.95
65750,9.2991,-2.6264,-3.7565,30.8702,24.3359,3.1756,41.24
65800,10.7931,-3.0358,-5.679,57.4198,65.0992,9.3435,41.05
65850,10.1945,-2.2505,-5.102,87.0534,93.2977,15.6183,41.28
65900,9.2799,-1.9345,-4.7692,110.8855,102.2137,19.542,40.95
65950,7.5441,-1.7502,-3.7948,131.6794,81.7099,2.229,41.24
66000,7.6183,-1.0965,-3.1843,124.6718,49.145,-15.9237,41.47
66050,7.1635,-1.0439,-2.3272,93.5573,18.7786,-27.4351,41.09
66100,8.0278,-0.9697,-2.7581,62.5649,2.1832,-25.4198,41.42
66150,7.6231,-0.6967,-2.2027,32.1832,-15.1145,-12.8092,41.09
66200,7.2281,-1.0654,-1.9369,8.7023,-35.2366,1.9695,41.24
66250,7.0797,-1.4222,-1.9441,-4.2748,-63.7863,13.542,41.19
66300,7.7979,-1.9465,-2.5905,-7.2977,-96.0153,16.1221,41.19
66350,9.6319,-0.7278,-3.5913,-38.1527,-114.7176,35.7863,41.05
66400,11.6215,-1.2689,-5.4708,-94.3511,-91.3435,65.5878,41.24
66450,13.1657,-5.296,-7.0437,-94.8702,-56.9771,47.6489,41.09
66500,10.9367,-5.138,-4.6687,-66.9008,-47.1756,5.4962,41.24
66550,8.7652,-3.6224,-3.5171,-40.2748,-65.4504,-26.7481,41.24
66600,7.4675,-2.4684,-3.802,-27.8931,-55.6031,-26.8244,41.19
66650,7.865,-3.3615,-5.1595,5.374,-20.6412,-23.7405,41.24
66700,8.9447,-3.2729,-6.0094,53.374,13.542,-22.6412,41.09
66750,10.1466,-3.5267,-6.9552,72.2595,66.5191,-22.1832,40.95
66800,10.1107,-3.043,-6.9097,65.6641,110.5649,-35.8321,41.28
66850,8.7412,-2.0399,-5.6767,43.9084,143.2214,-33.2214,41.19
66900,8.3055,-2.375,-4.8794,32.6565,138.916,-21.4351,41.38
66950,8.0421,-2.6624,-4.197,29.5878,130.916,-27.0229,41.24
67000,8.0732,-2.3942,-3.7804,26.8855,92.7023,-26.7786,40.86
67050,7.0246,-1.3527,-2.5307,13.5725,58.9924,-19.7099,41.19
67100,6.6152,-1.2258,-1.7286,-4.5954,1.6336,-6.5802,41.24
67150,7.027,-1.3096,-2.1141,-24.8397,-40.8855,-1.8015,41.28
67200,7.9416,-1.1756,-2.5019,-46.5344,-83.9542,12.855,41.24
67250,11.0708,-3.0382,-5.4588,-50.9618,-93.1145,20.2443,41.38
67300,10.1394,-2.5522,-4.0725,-54.3511,-92.7634,13.6336,41.05
67350,9.1291,-2.1141,-3.7804,-67.7863,-108.1069,12.0153,41.24
67400,7.9009,-1.2929,-2.2218,-76.3664,-119.4962,15.8779,41.19
67450,8.5329,-0.6776,-3.7014,-80.0,-124.7328,50.1527,41.24
67500,9.6271,-2.478,-4.7381,-76.1527,-52.4733,54.9618,40.95
67550,10.0987,-2.8994,-5.4037,-65.8168,32.1832,52.8092,40.95
67600,8.9471,-2.8036,-5.0182,-30.7176,89.8015,45.1145,41.24
67650,7.9847,-2.4493,-4.6328,-0.9313,113.0534,37.6489,41.28
67700,7.6543,-2.5115,-4.1611,26.229,106.7328,30.1527,41.05
67750,7.4771,-2.1859,-3.7038,43.5573,77.374,20.3664,41.24
67800,6.7301,-1.5443,-2.4972,35.4046,29.771,10.5802,41.38
67850,6.6679,-1.0056,-2.2434,16.6412,-26.5954,7.2214,41.19
67900,7.5322,-0.8787,-2.9688,-8.5954,-64.7634,10.0611,40.95
67950,8.3821,-1.6807,-3.893,-27.1603,-79.0687,14.9924,40.91
68000,9.323,-2.1979,-4.3766,-40.9924,-81.8931,5.9847,40.95
68050,12.9646,-4.0749,-7.4268,-37.2519,-54.6107,-7.1756,41.24
68100,11.0109,-3.45,-4.9608,-35.9389,-33.7252,-29.2824,41.24
68150,8.8202,-2.3296,-3.8068,-45.9237,-40.1679,-34.626,41.09
68200,8.0421,-2.7821,-4.027,-32.9008,-41.1145,-31.0534,41.19
68250,8.9232,-3.3208,-5.7652,2.0,-3.0382,-26.458,40.95
68300,9.5505,-3.8475,-6.6655,52.3206,41.0992,-20.0,40.95
68350,9.0477,-3.5889,-6.9528,92.855,85.7557,-19.145,41.24
68400,8.9112,-3.1436,-6.608,99.4198,117.1756,-30.5802,40.95
68450,8.2025,-2.9353,-5.3798,85.3893,115.6794,-43.0992,41.19
68500,7.525,-2.3463,-3.8044,71.9084,86.6565,-44.1832,41.09
68550,7.8673,-2.2075,-2.8778,52.9618,45.6183,-30.1527,40.91
68600,8.5377,-2.6312,-2.3224,26.0153,-12.1985,-27.0534,41.24
68650,8.8322,-2.6432,-3.1915,15.1756,-52.2137,-7.7405,40.91
68700,8.9495,-2.3032,-3.1508,12.855,-64.3969,9.4656,40.95
68750,9.4044,-1.8747,-4.1899,9.4504,-60.0153,28.9771,41.19
68800,9.4236,-2.0614,-4.2569,13.2214,-38.6107,40.4122,41.05
68850,10.2663,-2.4181,-5.4636,26.9466,3.6336,38.2901,40.95
68900,10.6949,-2.873,-4.9775,25.1145,38.1679,13.4046,41.24
68950,8.5736,-1.8268,-3.0143,5.374,34.1679,-4.8397,41.24
69000,7.6686,-2.0662,-2.6959,-13.4504,35.7557,-11.374,41.05
69050,7.8673,-2.9209,-2.9185,-7.7557,43.0382,-21.8779,41.38
69100,8.7508,-2.897,-3.486,7.0229,46.9771,-22.7481,40.77
69150,8.4348,-2.071,-2.8922,13.6489,46.5496,-5.6947,41.09
69200,8.1163,-1.6879,-2.3918,7.6489,39.5878,17.2519,40.91
69250,6.9504,-1.5083,-1.3551,-5.8931,25.7863,35.5115,40.91
69300,6.541,-2.2984,-1.0056,-8.5496,0.9313,40.2595,41.24
69350,6.8115,-2.7964,-1.0319,-5.6336,-40.0611,26.1069,40.95
69400,6.9887,-2.885,-1.5012,-9.4656,-65.4504,4.626,41.05
69450,7.8027,-3.304,-1.992,-13.7252,-79.8626,-9.2519,41.28
69500,8.7771,-4.3096,-2.9473,-10.3206,-72.3359,-22.4122,41.09
69550,9.4044,-5.0206,-4.0606,18.0916,-56.8855,-19.9542,40.95
69600,12.785,-5.8203,-5.8562,44.5191,-25.2366,-25.9542,41.09
69650,11.145,-4.3311,-4.9273,55.8168,1.6794,-6.5802,41.24
69700,8.9878,-3.6895,-3.4644,57.1603,15.0076,15.6641,41.19
69750,7.3406,-3.5267,-2.6887,68.7786,19.5267,27.8931,41.09
69800,8.2313,-3.8283,-3.8211,80.1221,22.4733,22.8702,41.05
69850,9.1482,-3.6464,-4.0223,60.8244,30.7328,10.3969,41.24
69900,8.4539,-2.1428,-3.4716,11.5878,31.8473,13.2061,41.05
69950,7.0126,-1.6496,-2.4181,-33.1145,23.4046,34.9618,40.91
70000,6.6224,-2.7438,-2.1644,-68.3969,4.2748,52.7939,40.91
70050,7.0461,-4.6759,-2.399,-81.6794,-14.6718,30.3359,41.42
70100,7.501,-5.7509,-2.5426,-69.6794,-30.6107,-9.2672,40.95
70150,8.3845,-6.1603,-3.055,-51.9847,-29.2672,-46.4427,41.24
70200,9.323,-6.7325,-3.3567,-25.1298,-21.6641,-75.6947,40.95
70250,9.6103,-6.2465,-3.3303,-3.6183,-16.7023,-74.2901,41.05
70300,9.821,-5.2002,-3.3662,18.5802,-12.2901,-54.0611,41.24
70350,11.7747,-5.2912,-5.0254,29.0687,19.084,-39.2672,40.95
70400,11.3222,-3.8307,-4.774,21.2214,40.6718,-27.5267,40.77
70450,8.928,-2.9042,-3.1196,11.4504,41.8321,1.9084,41.19
70500,7.8697,-2.478,-2.3607,20.3969,43.5573,14.2901,41.24
70550,7.1658,-2.3846,-2.2242,34.4122,49.9695,12.5954,41.19
70600,7.8793,-1.5874,-2.557,34.4122,51.7863,9.2214,40.95
70650,8.1618,-1.0894,-2.2553,13.6183,47.5267,5.6336,41.28
70700,7.8051,-1.1588,-1.7669,-22.6565,30.7328,7.084,41.24
70750,7.4579,-2.5187,-1.1181,-39.8931,2.4275,1.5115,40.95
70800,7.7955,-3.7158,-0.9936,-24.3511,-22.916,-13.2214,41.28
70850,8.5497,-3.4333,-1.3001,3.6947,-33.2519,-27.1603,40.91
70900,9.2967,-3.5027,-1.3743,5.6641,-31.7863,-34.6718,41.05
70950,9.2344,-3.0837,-1.0343,26.9313,-36.1374,-35.6031,40.95
71000,10.2041,-3.2513,-1.8028,49.6794,-39.8321,-38.1679,41.19
71050,10.4411,-1.9297,-2.0542,60.1832,-34.0153,-42.3664,41.09
71100,10.7308,-0.656,-2.1955,58.5038,-19.7252,-36.5038,41.09
71150,13.1729,0.0,-3.8068,-21.7405,15.8321,-14.8092,41.09
71200,10.8601,-4.6878,-2.2505,18.916,23.7252,-65.9389,41.05
71250,10.0078,-2.296,-1.8603,35.9084,31.2366,-96.2748,41.09
71300,8.169,2.9521,-1.0175,-14.626,52.4885,-47.4046,41.19
71350,7.2089,-0.1724,-0.6225,-52.3969,50.9618,2.4275,41.09
71400,10.6494,-2.2673,-1.245,-58.3359,33.2366,1.8626,41.28
71450,8.4013,-1.2043,0.5483,-25.771,20.855,-29.5573,41.09
71500,8.6479,-1.5826,0.8763,-29.374,-34.4733,-55.313,41.09
71550,8.3893,-0.9242,0.2873,-12.5344,-63.5878,-64.3969,41.24
71600,9.4667,-0.893,-0.6919,-8.5802,-68.4733,-53.0992,40.91
71650,9.6845,-0.4238,-1.6448,10.3664,-36.855,-26.4275,41.09
71700,8.9926,-0.0096,-0.9816,15.0992,3.5725,-2.5649,40.86
71750,8.5976,-0.0192,-0.8212,20.3664,40.3969,13.6641,41.28
71800,10.5058,-0.0048,-1.9201,50.4122,75.0687,41.2977,41.38
71850,9.0501,0.6608,-0.4094,31.145,76.7634,63.145,41.05
71900,9.3302,0.5267,-0.1149,9.8779,69.1908,77.3282,41.19
71950,8.5401,-0.8547,-1.3192,-2.5496,48.0,81.4198,41.28
72000,8.2959,-1.0702,-1.1612,14.2748,29.0382,71.2672,40.95
72050,8.2839,-1.0463,-1.4892,-15.8931,-2.626,53.3435,40.91
72100,8.4491,-2.4541,-1.6568,-53.3893,-34.7634,27.0687,41.24
72150,10.9559,-3.1723,-2.9185,-67.4198,-58.3053,8.8244,41.38
72200,12.1194,-4.0318,-2.7677,-51.5725,-82.229,27.3435,41.19
72250,10.9966,-3.4453,-1.5874,1.0687,-106.5343,62.0153,41.24
72300,10.884,-2.818,-1.4078,14.0153,-125.6947,71.5878,40.95
72350,11.6478,-3.0502,-2.7102,12.8092,-114.3053,50.4885,40.86
72400,11.5448,-3.5602,-3.1484,24.7634,-80.7328,12.2901,40.95
72450,11.7747,-2.9113,-3.9361,37.9695,-26.3817,-13.6794,41.28
72500,10.3477,-2.9928,-3.2082,34.9466,8.2443,-37.5573,41.09
72550,9.5577,-2.2146,-2.7821,27.0076,27.0992,-45.6183,41.09
72600,8.3869,-2.5546,-2.1476,18.1527,16.9008,-36.3511,41.24
72650,9.4116,-2.1668,-3.1771,14.7023,7.9237,-17.1145,41.09
72700,9.8569,-1.8747,-2.4445,-28.1374,-11.8321,-14.5038,41.24
72750,10.8816,-3.7948,-3.3543,-32.1374,-13.0076,-25.9847,41.42
72800,11.0995,-3.7134,-3.6248,-11.6336,15.9847,-31.4198,40.95
72850,11.0397,-3.2944,-4.1563,-7.4198,50.0458,-37.7252,41.19
72900,11.0756,-3.6631,-4.5322,-7.8626,77.145,-34.1679,41.05
72950,10.2568,-3.395,-5.0853,7.8473,109.3435,-38.6412,40.95
73000,8.3725,-2.1739,-2.9473,2.8702,105.3588,-40.6412,41.19
73050,6.6822,-2.1213,-1.7238,-5.4656,78.1374,-36.6718,41.24
73100,5.7341,-1.743,-0.8811,-3.2366,33.4198,-28.3206,41.24
73150,6.5649,-2.3774,-0.6273,-6.9771,-10.0458,-16.1985,41.05
73200,8.5281,-2.8611,-1.1971,8.5344,-23.2366,-3.6183,41.24
73250,9.2249,-3.6009,-2.4205,10.687,-27.2824,-3.0076,41.38
73300,10.3238,-4.3,-2.1524,34.4427,-21.7099,-10.3206,41.19
73350,10.1083,-3.3495,-2.15,63.9237,-6.855,-2.0916,41.09
73400,7.6327,-2.5259,-1.4509,68.229,-12.626,-4.3053,41.38
73450,7.4531,-2.0039,-1.6305,79.4809,-22.3053,7.3893,41.19
73500,7.4388,-1.8124,-1.6281,91.9542,-37.8321,17.3435,41.09
73550,8.8107,-1.3647,-2.3559,103.8473,-50.2748,36.7023,40.95
73600,9.4619,-1.4581,-2.1883,97.2214,-61.0229,44.1832,40.72
73650,10.1778,-1.8627,-2.4852,96.6412,-58.7786,41.8015,40.95
73700,10.0461,-1.8962,-1.5802,82.8855,-70.4733,27.7863,41.28
73750,10.3453,-2.0973,-1.1205,68.5954,-79.7405,16.9313,40.91
73800,11.248,-2.4708,-1.6759,60.3664,-79.3588,-0.1069,41.05
73850,12.6294,-1.6951,-1.6951,63.2519,-65.6794,-5.3435,41.05
73900,10.9343,-1.9728,-1.1636,51.6183,-51.6031,-19.7099,41.09
73950,11.0995,-2.0159,-1.4198,43.0534,-29.4962,-44.7939,40.91
74000,10.5105,-1.6041,-1.3503,34.9008,-7.5267,-57.0229,40.91
74050,11.2934,-1.8651,-2.0901,38.5802,15.5267,-53.0229,40.95
74100,9.9575,-1.7813,-2.0638,35.8931,35.4046,-59.7252,41.09
74150,10.0796,-2.0255,-2.5666,24.9008,46.2443,-80.458,41.24
74200,11.1809,-1.9968,-2.3152,12.7786,44.0916,-91.9084,40.95
74250,11.7196,-1.5562,-2.6815,11.6641,51.771,-93.7863,40.95
74300,10.6111,-1.2641,-2.2841,6.7939,52.1679,-90.8092,40.95
74350,9.0597,-1.1444,-1.6712,4.3053,45.2366,-89.5878,41.24
74400,9.2392,-0.6632,-1.8459,2.5496,36.6412,-89.7557,41.38
74450,9.754,-0.0599,-1.257,-5.0382,25.7099,-66.6718,40.91
74500,9.1961,-0.4381,-1.2019,-12.8092,16.3206,-42.458,41.19
74550,9.675,-0.7853,-1.257,-4.1679,16.8397,-15.8779,41.19
74600,8.1523,-0.249,-0.5124,1.3588,16.6565,13.8779,41.05
74650,6.6702,-0.2777,0.091,-1.8168,-0.0458,27.4504,40.91
74700,7.4292,-0.7374,-0.2418,1.313,-16.4122,39.6336,41.19
74750,8.7604,-0.8428,-0.7135,-0.5802,-29.0076,57.9084,40.95
74800,9.8785,-0.6895,-1.5538,0.7786,-36.1985,85.5573,41.38
74850,9.9862,-0.8643,-1.3336,2.9008,-39.8473,111.3435,40.95
74900,9.9144,-1.6257,-1.4174,3.7863,-55.7099,112.9466,41.38
74950,11.3916,-2.0327,-1.7502,17.4809,-62.1069,107.145,41.05
75000,11.0109,-2.3607,-1.7023,26.4275,-64.4733,81.7557,40.91
75050,11.564,-2.0806,-1.9225,29.313,-57.0687,60.8092,40.95
75100,11.8298,-2.3894,-2.1787,27.9847,-42.8092,32.8244,41.19
75150,10.7524,-2.1979,-1.3815,18.6412,-28.6565,-8.4122,40.95
75200,10.5034,-2.2075,-1.7166,9.5878,-12.229,-47.7252,41.19
75250,10.8409,-2.2841,-2.1428,11.0382,10.6565,-55.9847,41.38
75300,10.1514,-1.8435,-2.0255,3.2366,23.8779,-50.2137,41.38
75350,9.6534,-1.6855,-2.0016,-7.4351,28.4122,-37.3435,40.95
75400,9.2632,-1.7478,-2.0303,-15.4809,28.8092,-31.5573,41.24
75450,9.6127,-1.7358,-2.0446,-20.6565,27.1603,-21.2824,41.38
75500,9.7229,-1.5012,-2.1237,-26.2595,28.3664,-15.2214,41.19
75550,9.0956,-1.8986,-2.0853,-38.3053,21.4656,-26.0916,41.19
75600,9.912,-1.6376,-2.0925,-40.6107,18.1527,-20.3359,41.05
75650,9.8426,-1.2019,-0.7183,-44.5038,13.2061,-13.1908,41.09
75700,8.8346,-2.0399,-1.5874,-43.8779,2.6412,-8.8855,40.95
75750,8.8969,-2.7198,-1.992,-37.0992,-5.9389,-14.5038,41.24
75800,10.1514,-1.7669,-1.5562,-14.6565,-1.1145,-9.6183,41.05
75850,10.2424,-0.6201,-0.5842,-7.4504,-22.5038,-12.9618,41.38
75900,12.3804,-0.1006,-2.1644,26.7786,-21.4962,-25.8168,40.95
75950,11.8728,1.64,-1.1971,12.7328,-27.1603,-73.8015,40.91
76000,13.4817,2.5738,-2.2865,-0.626,-4.2901,-111.8626,40.91
76050,12.6031,3.8164,-2.0446,-31.1908,28.6412,-137.2519,40.86
76100,11.0708,2.6193,-1.9848,-54.687,52.4122,-138.0611,40.91
76150,9.2895,2.7964,-1.494,-49.7557,57.145,-126.5649,40.95
76200,8.4827,3.3639,-0.7614,-43.2824,35.374,-106.2137,41.19
76250,7.9128,4.0773,-1.087,-30.458,13.2214,-92.6565,41.24
76300,7.2927,4.7094,-0.644,-30.3969,-7.2977,-90.0153,40.95
76350,7.1156,5.1451,-0.4381,-28.5191,-16.5344,-73.0076,40.95
76400,6.5027,5.2936,-0.7135,-19.8931,-18.9466,-61.6641,41.19
76450,6.675,6.2465,-0.3567,-16.8244,-15.6947,-53.5267,40.95
76500,6.5457,6.7133,-0.1676,-13.6794,-10.1985,-42.9008,41.24
76550,5.9759,6.6152,0.1341,-8.5954,-4.8855,-42.626,41.28
76600,5.8706,7.0126,0.2729,7.9084,-1.8626,-27.2214,41.09
76650,5.7365,7.999,0.1101,-0.4427,3.4198,-12.5038,41.05
76700,5.4995,7.5968,-0.0335,-3.0687,3.9695,-11.7405,41.19
76750,5.3056,7.7117,0.079,-4.2595,-0.8855,-1.6031,41.38
76800,4.9656,7.2832,0.0311,8.8397,-7.2214,10.1832,41.38
76850,5.3893,7.683,-0.103,9.0534,-10.7634,27.4962,41.19
76900,5.77,7.0342,-0.2298,12.0153,-14.2748,34.7023,41.24
76950,5.6551,6.3877,0.4405,16.5038,-18.7481,41.5267,41.19
77000,6.6679,5.1499,0.6728,49.1145,-17.1908,69.313,41.05
77050,8.3965,5.2002,-0.1006,80.7939,6.2595,79.9542,41.24
77100,9.9599,5.3367,-0.9768,94.1069,44.3053,71.9847,41.19
77150,10.817,6.2034,-2.7749,102.0,86.0611,54.7786,41.09
77200,10.3932,7.1539,-2.6432,76.9618,98.8702,12.3359,40.95
77250,9.5936,6.5194,-1.6783,49.0534,63.2061,-40.458,41.09
77300,7.8099,5.7054,-1.6688,66.6565,17.7863,-101.0076,40.95
77350,6.7612,5.849,-2.6935,110.0763,-23.6031,-113.2061,40.91
77400,6.8259,7.5753,-3.3423,110.4122,-29.9237,-88.3206,41.19
77450,6.1699,8.1954,-3.6344,68.458,-6.1679,-64.7176,41.24
77500,7.003,7.8434,-4.3024,19.084,36.8855,-30.0458,41.05
77550,6.1148,7.434,-3.6105,-30.8397,58.8855,-2.6718,40.95
77600,5.3965,5.5737,-3.2154,-35.3588,56.6718,18.1374,41.09
77650,5.4037,4.9919,-2.6169,-6.1374,31.0687,25.8321,41.24
77700,5.6934,5.7868,-2.8084,14.3664,3.0992,29.4046,40.95
77750,6.5027,6.1651,-2.6145,5.4809,-6.9008,56.1221,41.19
77800,6.4117,6.031,-2.7174,-14.1832,6.1832,76.9924,40.95
77850,7.1802,5.2984,-2.2386,-59.542,25.6641,100.9008,41.19
77900,7.264,3.9193,-2.1979,-78.0153,31.8168,136.1069,41.24
77950,7.4771,2.3128,-1.4317,-85.7099,25.0534,152.6718,41.24
78000,9.4858,0.7925,-1.221,-75.0076,6.8092,154.5343,41.09
78050,9.7157,-0.4094,-1.0511,-43.0382,-15.0229,138.0,40.95
78100,10.2975,-0.7446,-1.0989,-14.5649,-23.9695,102.1679,41.05
78150,10.2783,-0.9816,-0.9194,-18.3969,-33.4504,66.4275,41.19
78200,10.5536,-1.9249,-1.5467,-11.9084,-34.1069,47.6031,41.05
78250,11.1618,-1.9465,-2.0327,11.2366,-30.0763,47.771,41.24
78300,10.5967,-1.3551,-1.9728,14.6718,-27.7863,49.9847,41.09
78350,10.5967,-0.9194,-1.6735,8.6412,-32.7786,54.9008,41.28
78400,10.4698,-1.2953,-2.2793,5.2977,-34.4427,61.2061,41.28
78450,10.5824,-1.3336,-2.5211,-7.4351,-36.9313,59.2977,41.05
78500,10.2879,-1.6568,-2.6456,-15.7099,-32.4427,52.4733,41.24
78550,10.422,-1.8292,-2.909,-24.8702,-23.9695,46.0458,41.05
78600,10.0772,-2.3679,-3.3782,-33.2977,-15.1145,32.3511,41.38
78650,10.2304,-2.8156,-3.4189,-30.4122,-5.5267,11.9389,41.24
78700,9.5696,-2.466,-2.9999,-33.4046,0.2137,-13.3282,40.95
78750,9.6941,-2.5187,-3.2441,-36.0763,14.3511,-35.5573,41.09
78800,9.4523,-2.6432,-3.0502,-34.9466,24.3511,-46.7023,41.28
78850,9.402,-2.7438,-2.6456,-27.9389,31.7252,-50.0763,40.95
78900,9.7229,-3.0143,-2.8826,-18.2443,33.3282,-41.0076,41.24
78950,9.2009,-2.8204,-2.9042,2.6718,42.1985,-36.7786,41.19
79000,9.0621,-1.8507,-2.4325,1.0229,34.5496,-35.0687,41.24
79050,9.3422,-1.6544,-2.8683,-2.229,31.4504,-20.4733,40.91
79100,8.8083,-1.4533,-2.4756,-8.9771,26.5344,-7.1145,41.09
79150,9.0836,-1.5562,-2.3798,-9.7099,19.8321,3.3282,40.95
79200,8.9974,-1.7047,-2.3655,-9.1603,11.3588,17.4962,41.05
79250,8.9399,-1.5921,-2.3727,-7.9847,2.3817,21.9084,40.95
79300,9.5768,-1.7885,-2.3631,-11.2977,-7.6947,20.0763,41.09
79350,9.3446,-2.0423,-2.2817,-10.5649,-12.5038,15.7252,41.05
79400,9.9886,-1.9632,-2.4972,-7.0687,-8.3664,12.8092,40.91
79450,9.5648,-1.719,-2.1117,-13.8626,-7.4046,18.6565,41.19
79500,9.3805,-1.2665,-1.8914,-16.4886,-6.2443,19.8779,41.09
79550,9.6343,-2.0925,-2.0183,-15.6794,-10.4275,17.4351,40.95
79600,9.3254,-2.624,-2.1452,-5.7405,-14.1221,7.2977,40.95
79650,10.0748,-2.6169,-2.375,12.3206,-13.0687,-2.8092,41.42
79700,9.6223,-2.5235,-2.2769,22.8244,-11.5725,-17.9695,41.09
79750,9.7923,-2.5355,-2.5666,35.2977,-10.1679,-39.1298,41.09
79800,9.8426,-2.2027,-2.648,44.4122,-1.9237,-47.5725,41.24
79850,9.3302,-2.2314,-2.8252,45.5267,7.8015,-56.5191,40.95
79900,9.6343,-2.1715,-2.897,46.4427,16.855,-56.1221,41.38
79950,9.5122,-1.9776,-2.9018,43.9695,21.5878,-46.2748,41.24
80000,8.9423,-1.98,-2.8515,42.1527,21.8168,-43.6183,41.24
80050,9.5816,-1.7597,-3.0622,39.4962,19.1908,-33.2977,40.91
80100,8.7317,-1.719,-2.4373,45.542,12.9008,-18.1679,41.05
80150,8.9447,-1.7142,-2.6839,54.2137,8.5344,-6.7481,40.95
80200,9.2009,-1.585,-2.739,59.4198,7.3893,9.5267,41.09
80250,9.256,-1.549,-2.909,65.2977,5.4656,21.1908,41.05
80300,9.7372,-1.3647,-2.885,68.0153,2.7328,31.9542,41.09
80350,9.7276,-1.3527,-2.7126,65.8321,-3.8473,39.771,41.24
80400,9.8497,-1.6568,-2.5953,67.7405,-12.626,38.5496,40.95
80450,10.398,-1.7645,-2.3367,66.0,-23.6489,36.2901,41.28
80500,9.6391,-1.7813,-1.9154,61.9389,-33.374,17.4198,41.28
80550,10.0485,-1.8387,-1.9752,65.7863,-37.8779,4.0611,41.38
80600,10.2232,-2.0494,-1.8962,67.0229,-41.8779,-2.7939,41.24
80650,9.9168,-2.0997,-1.8866,77.6794,-37.0992,-6.0763,41.09
80700,9.8904,-1.7789,-2.0016,84.5191,-30.7023,-14.0611,41.38
80750,9.6247,-1.6592,-2.0159,76.3817,-24.5496,-20.4733,41.09
80800,9.5984,-1.5227,-1.8196,59.6641,-21.2672,-26.4122,41.24
80850,9.8186,-1.5682,-1.8124,55.4504,-14.4885,-29.9084,41.28
80900,9.7061,-1.3767,-1.5562,48.6107,-11.4504,-25.313,40.95
80950,9.6822,-1.1851,-1.6807,42.0305,-6.1374,-22.1069,41.09
81000,9.8904,-1.2953,-1.5538,23.2519,-4.229,-21.6183,41.05
81050,9.8593,-1.4724,-1.5251,8.9313,1.0382,-20.7939,41.24
81100,9.6079,-1.5131,-1.4509,-2.2595,4.6412,-18.3359,41.19
81150,9.6534,-1.5347,-1.3575,-12.4275,8.5038,-12.9313,41.19
81200,9.7875,-1.063,-1.4461,-14.7634,12.9924,2.8855,41.05
81250,10.6805,-0.419,-1.7166,-17.8779,15.4351,27.7099,40.91
81300,9.6079,-0.7374,-1.3623,-34.0763,12.229,8.229,41.09
81350,9.9264,-0.6225,-1.1301,-50.0305,-1.2977,-17.0076,41.24
81400,10.2927,-1.2091,-1.2139,-50.0153,-13.6489,-22.3664,41.19
81450,10.1155,-1.4078,-1.336,-40.9618,-10.0458,-30.5496,41.24
81500,10.3501,-1.2474,-1.4509,-41.4656,0.5191,-33.0382,40.77
81550,10.2232,-1.1612,-1.4557,-39.6183,10.1527,-25.2824,41.09
81600,9.9862,-0.8739,-1.5993,-36.3664,19.5267,-26.687,41.05
81650,10.3046,-0.7853,-1.5778,-40.458,22.7634,-22.2137,41.19
81700,9.7348,-0.7973,-1.5897,-43.0229,23.2519,-23.084,41.19
81750,9.4834,-0.8882,-1.3144,-38.0763,16.2595,-18.8092,41.24
81800,9.1602,-0.6249,-0.9577,-30.3511,10.8855,-7.2214,41.19
81850,9.0597,-0.4381,-0.8906,-33.1756,6.8244,-4.7634,41.24
81900,9.0692,-0.9816,-0.7781,-33.3282,2.9313,-1.7252,41.19
81950,8.9352,-1.1588,-0.6105,-24.9771,-1.9389,3.0992,41.09
82000,8.8538,-1.2809,-0.4286,-16.5496,-9.8168,9.8626,41.19
82050,8.8705,-1.3216,-0.498,-7.8015,-16.1527,16.8702,41.28
82100,9.5624,-1.6879,-0.6297,0.8702,-17.6336,24.4733,41.09
82150,9.8186,-1.8459,-0.8835,12.2595,-13.2366,24.7481,41.28
82200,9.7683,-2.071,-1.0702,20.8397,-12.5038,14.3969,41.09
82250,9.7683,-1.5802,-1.2019,25.5573,-17.5267,9.3282,41.05
82300,9.2799,-1.3719,-0.9744,16.6718,-33.1298,5.4198,41.24
82350,9.8881,-1.7837,-1.5107,26.8244,-34.855,3.2214,40.91
82400,10.4507,-1.1253,-2.1835,43.5115,-21.2214,19.771,41.28
82450,10.4794,-0.5315,-2.4421,43.1145,-4.5802,30.916,41.09
82500,9.7779,-0.6512,-2.3894,31.7557,5.1298,21.4198,41.28
82550,10.0365,-0.9337,-2.8012,24.1832,8.7176,12.458,41.28
82600,10.1538,-0.7398,-2.5259,16.2595,6.0,13.6031,41.05
82650,10.4579,-0.9649,-2.8276,8.8244,3.3282,17.8015,41.28
82700,9.493,-0.8045,-2.4014,6.4427,-1.1756,16.1985,41.24
82750,9.8234,-0.9936,-2.6695,-1.1603,-4.5802,7.8626,40.95
82800,10.6063,-0.5866,-3.0526,-16.4733,-0.5649,5.771,41.38
82850,10.4698,-0.5986,-3.0239,-47.1603,4.3053,-5.1756,41.19
82900,10.9822,-0.9457,-3.2561,-58.3817,13.542,-4.229,41.19
82950,9.9886,-0.8356,-2.9951,-52.0,26.458,-12.3817,41.09
83000,9.7683,-0.6943,-2.5953,-53.2061,23.4809,-22.1679,41.38
83050,9.7899,-0.5746,-2.6456,-38.626,16.4275,-18.9466,41.19
83100,9.7133,-0.4549,-2.557,-38.3359,7.9695,-16.8397,41.19
83150,10.0485,-0.7302,-2.624,-45.3282,2.7023,-11.2824,41.24
83200,9.8857,-1.1468,-2.5091,-50.2901,5.7252,-3.5725,41.28
83250,9.9862,-1.4269,-2.4517,-45.7252,12.4733,5.1145,41.19
83300,11.1594,-0.0335,-2.2841,-40.5496,16.3511,34.2595,41.19
83350,9.56,-0.759,-2.0925,-54.1069,18.2443,37.5573,41.38
83400,10.3932,-1.1061,-1.4222,-53.5725,12.2443,24.1221,41.24
83450,10.2807,-2.2314,-1.5778,-38.6412,4.8092,10.4885,41.28
83500,10.2352,-2.4181,-1.4772,-10.4733,2.5344,-6.7939,41.28
83550,10.1754,-2.296,-1.6017,5.0229,-3.7863,-8.2595,40.95
83600,9.8761,-2.2266,-1.8914,12.9618,-1.3893,-9.7405,41.28
83650,9.6678,-1.8914,-2.1117,11.6183,5.4504,-10.9008,41.19
83700,8.4013,-1.403,-2.0614,2.7481,12.0305,-8.5649,40.91
83750,8.3606,-0.917,-2.1261,-8.1069,15.313,2.2443,41.05
83800,7.8099,-0.9122,-1.4485,-25.3588,0.2443,21.0382,41.19
83850,8.2648,-2.0351,-2.2505,-26.458,-6.1985,29.8473,41.19
83900,9.0237,-1.7095,-1.5419,-22.0153,-8.9008,28.7023,41.24
83950,8.6933,-1.9225,-1.6735,-28.2137,-9.771,10.4427,41.05
84000,9.3709,-1.8555,-2.2122,-26.458,-1.4962,6.7939,41.24
84050,9.5553,-1.7741,-2.0183,-36.0153,-0.8702,17.4809,41.38
84100,9.0573,-2.0877,-1.9034,-46.2443,-2.0611,17.8626,41.24
84150,9.6893,-2.8036,-2.2362,-41.7099,0.1221,14.626,41.09
84200,9.6654,-2.5163,-2.2434,-31.4198,4.1221,19.374,41.19
84250,9.2823,-2.5307,-2.0494,-34.9313,-1.8168,12.1985,41.09
84300,9.5265,-3.0215,-2.1715,-28.5344,-3.8931,11.084,41.24
84350,9.323,-3.146,-2.2817,-11.313,0.7481,9.6031,40.86
84400,9.2153,-2.6528,-2.399,-0.1679,3.8931,10.6412,41.38
84450,8.8346,-2.217,-2.0063,-3.1145,2.0458,11.3588,41.24
84500,9.1004,-2.138,-1.9824,-0.3817,-1.6336,23.1603,41.38
84550,9.3829,-2.0231,-2.059,1.5115,-4.1527,33.3588,41.19
84600,9.6175,-2.1141,-2.3056,-7.1298,-2.6412,26.0,41.19
84650,10.0365,-2.2434,-2.5977,-15.8626,0.9008,11.8168,41.19
84700,10.1035,-2.2817,-2.6408,-26.6718,4.9466,2.3053,40.95
84750,9.9024,-2.7054,-2.648,-33.0534,7.4962,-11.1298,41.09
84800,9.6391,-3.1364,-2.4948,-28.5802,10.4885,-27.2214,41.24
84850,9.6486,-3.2178,-2.5379,-16.3206,10.9313,-33.8473,41.28
84900,9.2727,-2.7318,-2.1093,-8.3359,6.0153,-33.145,41.24
84950,9.1147,-2.6001,-2.0686,-3.4809,-0.4122,-27.1756,41.09
85000,9.2392,-2.3774,-1.9561,-1.8626,-2.3053,-15.6641,41.24
85050,9.3063,-2.1165,-2.1548,1.1908,2.4122,-4.6718,41.09
85100,9.3398,-1.9872,-2.0566,-1.9389,7.2214,-1.8168,41.19
85150,9.3565,-2.0303,-2.2122,-4.5649,8.2443,5.5573,40.95
85200,9.2201,-2.0375,-2.1165,-3.3588,6.2137,9.3588,40.95
85250,9.2153,-2.1141,-1.9513,-5.5573,0.2137,16.1832,41.24
85300,9.2296,-2.3152,-1.8387,-0.6718,-2.6718,19.8931,41.09
85350,9.7276,-2.1859,-2.1907,6.7786,-1.1756,27.0382,41.09
85400,9.8904,-1.7957,-2.0877,8.5038,-3.2672,40.6565,41.09
85450,9.7851,-2.2098,-1.9609,-1.0687,-6.5954,36.9008,41.09
85500,9.2943,-2.7773,-2.0566,-0.4122,-6.9618,9.0687,41.19
85550,9.3111,-3.0861,-2.1189,5.2824,-1.771,-18.5344,40.95
85600,9.4882,-2.7701,-2.3894,13.3588,4.687,-26.2137,40.95
85650,9.4355,-2.2314,-2.3487,17.2672,9.771,-14.3969,41.24
85700,9.1459,-2.1213,-2.32,8.9313,8.0305,-8.4275,41.38
85750,8.9591,-2.071,-2.1308,-3.374,3.8779,-6.916,41.05
85800,9.0453,-2.4469,-2.047,-11.2061,-3.0076,-5.1298,41.24
85850,9.3541,-2.7102,-2.0327,-8.1221,-5.0076,2.4427,41.24
85900,9.1722,-2.7222,-1.8938,-0.7786,-5.8015,7.8015,40.95
85950,9.3039,-2.5977,-1.8483,5.3588,-7.2824,5.2824,41.28
86000,9.572,-2.6624,-1.901,7.4504,-6.7481,2.9618,41.24
86050,10.4196,-2.5259,-2.0853,19.3282,-0.855,11.374,40.86
86100,10.1179,-1.7597,-1.9178,20.229,4.4122,11.145,41.24
86150,9.3733,-1.9537,-1.7502,3.0992,2.9008,-2.2748,41.24
86200,9.3374,-2.4301,-1.9082,-7.2672,2.9771,-19.5725,41.19
86250,9.074,-2.7007,-1.913,-6.5344,4.7176,-23.542,41.19
86300,9.1937,-2.6193,-1.9728,-2.7481,5.5267,-14.4733,41.19
86350,9.1028,-2.4469,-2.1787,0.1985,6.8092,-5.0687,40.95
86400,9.1123,-2.2865,-2.2673,-3.8321,4.1679,0.9771,41.38
86450,9.2799,-2.1428,-2.2434,-10.5954,1.374,4.0458,41.05
86500,9.2464,-2.3774,-2.1931,-20.9771,-3.3893,2.7634,41.09
86550,9.5696,-2.7222,-2.4373,-16.0153,-2.3206,3.0382,41.05
86600,9.2344,-2.5163,-2.162,-10.1679,-1.9847,-2.3817,41.19
86650,9.3206,-2.4732,-1.9465,-8.855,-6.2137,-4.9008,41.05
86700,9.5313,-2.5307,-1.901,-4.7634,-7.9542,-0.7939,41.24
86750,9.6343,-2.545,-1.7957,-1.4962,-8.5038,1.9847,41.28
86800,9.8785,-2.6193,-1.6879,3.8473,-4.916,0.4885,41.19
86850,9.8785,-2.5307,-1.7382,9.084,0.0305,-0.6412,41.05
86900,9.742,-2.4565,-2.0016,12.0611,3.374,-1.2824,41.09
86950,9.5409,-2.3391,-2.071,10.6718,4.7939,-1.6947,41.05
87000,9.5361,-2.2649,-2.0255,7.8015,4.3053,0.7023,41.05
87050,9.3829,-2.2577,-2.1189,4.5038,4.8244,1.5725,41.28
87100,9.3494,-2.2817,-2.0782,2.8855,5.313,2.8092,41.19
87150,9.4715,-2.1931,-2.1213,2.3206,5.0382,4.458,41.19
87200,9.3709,-2.2242,-2.1021,-2.5649,4.2137,1.6947,41.24
87250,9.4691,-2.4469,-1.9369,-6.4885,1.7863,-2.1527,41.19
87300,9.426,-2.466,-1.8196,-6.1221,1.1298,-1.9695,41.24
87350,9.4355,-2.557,-1.7406,-3.374,1.9084,-1.5115,41.24
87400,9.5313,-2.6528,-1.6999,-0.5038,2.626,-1.3435,40.95
87450,9.5146,-2.7725,-1.7214,3.145,4.5649,-5.8015,41.24
87500,9.9575,-3.0406,-1.9249,10.4122,7.8473,-11.8168,41.19
87550,9.7444,-3.0191,-1.8603,21.3588,10.7176,-14.9618,41.05
87600,9.2057,-2.7342,-1.5682,30.7939,6.5496,-20.2137,41.19
87650,9.3254,-2.4828,-1.4916,29.9237,-8.6718,-20.0916,41.24
87700,9.73,-2.5067,-1.6664,30.4427,-13.5573,-18.0611,41.05
87750,10.3645,-2.3463,-2.2194,23.6489,-7.7863,-12.3359,40.91
87800,9.4978,-2.4972,-1.4341,17.4198,-0.7786,-30.4733,41.24
87850,9.5864,-2.4086,-1.7549,27.4504,12.3664,-30.8092,41.19
87900,9.0549,-1.7765,-1.5107,35.1908,15.4809,-14.8092,41.05
87950,9.1842,-1.415,-1.4916,37.3282,9.9847,11.8931,41.19
88000,9.2488,-1.4748,-1.2139,32.7328,1.8779,23.3435,41.38
88050,9.7899,-1.6616,-1.1947,24.4733,-6.7634,23.4046,41.09
88100,9.6438,-2.1452,-0.7757,20.0916,-17.2214,16.0305,41.19
88150,9.7109,-2.2984,-0.8475,28.6718,-21.4656,6.8702,41.24
88200,9.8952,-1.9656,-1.0726,47.771,-17.6794,6.4275,41.09
88250,9.7636,-1.2067,-1.5419,46.4885,-10.2137,6.3817,41.09
88300,9.8521,-0.668,-1.6185,26.1374,-4.458,11.4198,40.95
88350,9.73,-1.0798,-1.5874,-0.3206,-2.229,8.3053,41.09
88400,9.7659,-1.6951,-1.6975,-15.7252,2.1221,-4.5344,41.38
88450,9.6702,-2.2913,-1.5251,-23.5878,-0.1679,-13.2672,41.28
88500,9.5672,-2.4732,-1.3934,-20.9313,-2.9771,-14.0611,41.09
88550,9.5265,-2.4229,-1.2091,-18.687,-6.3817,-12.0763,41.38
88600,9.7085,-2.1763,-1.3503,-13.3435,-6.8092,-2.1527,41.38
88650,9.7588,-1.8675,-1.4437,-14.7481,-0.7634,3.771,40.95
88700,9.7923,-1.7789,-1.5634,-23.4504,5.0382,4.0458,41.24
88750,9.7683,-2.1428,-1.6065,-29.4504,7.2977,2.4427,41.24
88800,9.7875,-2.375,-1.5969,-28.229,7.1603,1.6794,41.19
88850,9.6319,-2.6983,-1.4844,-25.084,6.1069,-4.5954,41.19
88900,9.481,-2.6959,-1.4413,-19.8168,4.4275,-7.4656,41.09
88950,9.3087,-2.4373,-1.3671,-14.229,2.0916,-3.2672,41.38
89000,9.2249,-2.0375,-1.3815,-12.8702,0.9618,4.5344,40.91
89050,9.323,-1.8723,-1.6712,-13.6794,5.542,12.0611,41.09
89100,9.3015,-1.5514,-2.0901,-21.3893,10.458,19.7252,41.19
89150,9.7013,-1.2977,-2.2505,-33.9847,21.1145,35.4504,41.09
89200,9.5002,-1.7382,-2.296,-55.3282,21.5725,34.7481,41.24
89250,9.9575,-2.4804,-2.0039,-67.9084,13.4962,24.5954,41.05
89300,9.6319,-3.1029,-1.7023,-64.7328,4.9313,4.9313,41.42
89350,9.675,-3.2896,-1.5299,-53.5725,-1.1298,-9.6336,40.95
89400,9.1243,-3.2034,-1.3072,-34.687,-6.0763,-14.5038,41.24
89450,9.505,-2.7821,-1.5586,-23.771,-8.5191,-9.9542,40.95
89500,9.7133,-2.5498,-1.81,-18.8702,-5.9695,2.4427,41.05
89550,9.6151,-2.6193,-2.0207,-14.687,3.8779,5.6794,41.05
89600,9.5936,-2.6336,-2.15,-9.5573,10.5802,6.0458,41.24
89650,9.4762,-2.4924,-1.9561,-8.7023,9.5267,4.4275,41.28
89700,9.6438,-2.7126,-2.0231,-8.458,7.7099,2.3664,41.19
89750,10.1394,-2.4325,-2.636,-7.9084,11.374,1.9542,41.28
89800,9.2105,-2.0566,-1.9225,-26.2443,7.4809,-6.6107,41.28
89850,8.8849,-2.8635,-1.8124,-23.6183,5.0382,-24.7328,41.19
89900,9.2799,-2.0303,-1.6783,-8.458,3.6641,-27.9695,40.95
89950,9.6965,-1.7071,-1.7071,2.3053,1.8015,-19.2672,41.24
90000,-0.5507,9.8809,1.6664,-2.3206,0.1985,-0.3969,42.93
90050,-0.5435,9.8641,1.6496,-2.1221,0.5802,-0.1374,42.65
90100,-0.5555,9.8881,1.5897,-2.1679,0.687,-0.3359,42.98
90150,-0.5722,9.8857,1.6017,-2.229,0.5038,-0.2443,42.93
90200,-0.5267,9.8641,1.7023,-2.1069,0.5954,-0.2748,42.84
90250,-0.5411,9.8569,1.664,-2.3664,0.3511,-0.3359,42.93
90300,-0.577,9.8474,1.6855,-2.5191,0.5344,-0.1527,42.74
90350,-0.5578,9.8426,1.6568,-2.6107,0.3053,-0.1527,42.79
90400,-0.5195,9.8665,1.7142,-2.3206,0.5649,0.2137,42.65
90450,-0.5602,9.8809,1.6448,-2.4733,0.3053,-0.2901,42.65
90500,-0.5267,9.8641,1.5778,-2.4275,0.5802,-0.0916,42.51
90550,-0.5746,9.8713,1.6328,-2.4275,0.5802,-0.2595,42.6
90600,-0.5339,9.8689,1.6113,-2.4122,0.687,-0.1069,42.65
90650,-0.565,9.8617,1.6209,-2.2595,0.8397,-0.1985,42.93
90700,-0.6057,9.8426,1.664,-2.4885,0.3664,-0.2595,42.6
90750,-0.5267,9.8641,1.64,-2.4427,0.3969,-0.1527,42.74
90800,-0.5507,9.8881,1.7023,-2.626,0.5191,-0.0763,42.98
90850,-0.5459,9.8402,1.7382,-2.3664,0.5038,0.2443,42.65
90900,-0.5531,9.8521,1.7286,-2.5038,0.2595,0.1985,42.6
90950,-0.5243,9.8474,1.731,-2.3969,0.6565,-0.2137,42.79
91000,-0.5602,9.8426,1.6664,-2.3053,0.5649,-0.2595,42.93
91050,-0.5387,9.8881,1.6041,-2.458,0.4275,-0.3053,42.74
91100,-0.5578,9.833,1.664,-2.229,0.5496,-0.2901,42.79
91150,-0.5555,9.8809,1.6257,-2.2901,0.5802,-0.0305,42.46
91200,-0.5626,9.8617,1.6735,-2.5954,0.7786,-0.1679,42.84
91250,-0.565,9.8593,1.6305,-2.229,0.5038,-0.1985,42.6
91300,-0.5674,9.8402,1.6855,-2.3053,0.8397,-0.4122,42.84
91350,-0.5578,9.8521,1.743,-2.5191,0.3206,-0.1374,42.93
91400,-0.5339,9.8354,1.6999,-2.3664,0.4733,-0.2595,42.74
91450,-0.5339,9.8593,1.6592,-2.626,0.5191,-0.2595,42.98
91500,-0.5794,9.8474,1.6257,-2.3359,0.458,0.1679,42.74
91550,-0.5555,9.8474,1.7095,-2.3206,0.6718,-0.1221,42.79
91600,-0.5578,9.8952,1.6496,-2.4733,0.4885,-0.3511,42.84
91650,-0.5483,9.8474,1.6807,-2.458,0.5802,-0.1527,42.93
91700,-0.565,9.8426,1.6712,-2.3359,0.4733,0.0458,42.84
91750,-0.5291,9.833,1.652,-2.5191,0.5344,0.0,42.74
91800,-0.5698,9.8234,1.7286,-2.0305,0.5649,-0.1527,42.79
91850,-0.5842,9.8402,1.6424,-2.3969,0.4275,0.0153,43.02
91900,-0.5698,9.8521,1.7142,-2.2901,0.4733,-0.1985,42.79
91950,-0.5387,9.8641,1.6472,-2.5954,0.458,0.1679,42.79
92000,-0.5842,9.8761,1.6735,-2.4427,0.5802,-0.0763,42.65
92050,-0.5555,9.8713,1.5945,-2.3359,0.4733,-0.0916,43.02
92100,-0.5602,9.8426,1.7334,-2.2595,0.3206,0.3053,42.65
92150,-0.565,9.8641,1.6233,-2.3664,0.5954,-0.1985,42.84
92200,-0.5578,9.8881,1.664,-2.2443,0.458,0.0153,42.93
92250,-0.5626,9.9,1.6999,-2.0916,0.6107,0.0305,42.93
92300,-0.5794,9.8067,1.7071,-2.458,0.3511,0.1374,42.65
92350,-0.5483,9.8474,1.6831,-2.5496,0.2748,-0.3359,42.79
92400,-0.5291,9.8761,1.7454,-2.2595,0.3511,-0.3511,42.84
92450,-0.5746,9.8617,1.6616,-2.4275,0.229,-0.2443,42.6
92500,-0.5339,9.8689,1.7095,-2.2901,0.5802,0.1221,42.6
92550,-0.5387,9.8617,1.652,-2.5496,0.4122,-0.0763,42.84
92600,-0.5507,9.8785,1.6855,-2.3053,0.4275,-0.1069,42.84
92650,-0.5411,9.8881,1.664,-2.0763,0.4122,-0.4122,43.02
92700,-0.565,9.8426,1.6568,-2.5038,0.3359,-0.0305,42.84
92750,-0.5794,9.8665,1.6831,-2.3206,0.5191,0.0305,42.93
92800,-0.5387,9.8809,1.7119,-2.626,0.3817,-0.0763,42.93
92850,-0.5626,9.8785,1.6807,-2.229,0.3969,0.229,42.6
92900,-0.5435,9.8617,1.6568,-2.3206,0.229,-0.2137,42.79
92950,-0.5794,9.8521,1.7166,-2.1374,0.458,-0.1069,42.79
93000,-0.5531,9.833,1.6328,-2.3206,0.3817,0.1832,42.6
93050,-0.577,9.8904,1.6257,-2.1985,0.3206,-0.0763,42.79
93100,-0.5555,9.9096,1.6783,-2.2748,0.4427,0.0,42.84
93150,-0.565,9.8521,1.6328,-2.2595,0.4885,-0.1527,43.12
93200,-0.5698,9.8521,1.6879,-2.5802,0.3053,-0.2443,42.79
93250,-0.5483,9.8569,1.6328,-2.1679,0.4275,-0.4275,42.6
93300,-0.5555,9.8306,1.6903,-2.5496,0.1527,-0.0458,42.6
93350,-0.5195,9.8402,1.664,-2.3053,0.4275,-0.1679,42.6
93400,-0.5794,9.8306,1.6831,-2.4122,0.229,-0.1221,42.79
93450,-0.5315,9.845,1.64,-2.7481,0.2595,-0.1985,42.93
93500,-0.5578,9.8665,1.6831,-2.229,0.5344,-0.1069,42.51
93550,-0.5435,9.9168,1.6424,-2.2137,0.3053,0.0763,42.46
93600,-0.5363,9.8928,1.652,-2.4122,0.4275,-0.0763,42.6
93650,-0.5866,9.8833,1.6903,-2.3206,0.4885,-0.1221,42.65
93700,-0.565,9.8881,1.6496,-2.2443,0.3206,-0.1832,42.93
93750,-0.5387,9.8641,1.7526,-2.2137,0.5954,-0.1069,42.79
93800,-0.5363,9.8569,1.743,-2.2901,0.3969,0.0611,42.65
93850,-0.5124,9.8904,1.6664,-2.5038,0.5038,-0.0153,42.6
93900,-0.5602,9.8545,1.7119,-2.626,0.5496,-0.1374,42.79
93950,-0.5243,9.8737,1.6544,-2.3511,0.5038,-0.3664,42.74
94000,-0.5459,9.8402,1.652,-2.5802,0.855,-0.1985,42.79
94050,-0.5722,9.912,1.664,-2.2901,0.5649,-0.1832,42.74
94100,-0.565,9.8833,1.6783,-2.4733,0.2901,-0.3053,42.74
94150,-0.5722,9.8521,1.6879,-2.4122,0.7328,-0.2748,42.74
94200,-0.5435,9.8904,1.664,-2.3969,0.687,-0.0916,43.02
94250,-0.5818,9.8474,1.6664,-2.5954,0.3359,0.0,42.79
94300,-0.5243,9.8378,1.7071,-2.229,0.3969,-0.1374,42.93
94350,-0.5794,9.8474,1.7023,-2.4885,0.3053,-0.1985,42.6
94400,-0.5411,9.8497,1.6233,-2.4427,0.5344,-0.1374,42.84
94450,-0.51,9.8497,1.6664,-2.3511,0.3359,-0.3206,42.74
94500,-0.5602,9.8545,1.5969,-2.5649,0.458,-0.1221,43.12
94550,-0.577,9.8545,1.6759,-2.5344,0.6107,-0.1527,42.98
94600,-0.5315,9.8809,1.664,-2.2137,0.7176,-0.0458,42.6
94650,-0.5507,9.8689,1.7286,-2.3969,0.7481,0.0153,42.46
94700,-0.5363,9.8521,1.6281,-2.3817,0.6412,0.1221,42.79
94750,-0.5339,9.8354,1.6448,-2.5191,0.3206,0.0305,42.98
94800,-0.5459,9.8474,1.6999,-2.3664,0.3053,-0.0611,43.02
94850,-0.5387,9.8713,1.6568,-2.3359,0.626,-0.0763,42.65
94900,-0.5722,9.8569,1.6305,-2.4122,0.7939,-0.229,42.93
94950,-0.5315,9.8593,1.6472,-2.3359,0.8855,-0.3817,42.51
95000,-0.5674,9.8497,1.6951,-2.3511,0.5802,-0.1374,42.93
95050,-0.5387,9.8497,1.664,-2.3359,0.458,-0.1832,42.79
95100,-0.5483,9.8569,1.6759,-2.2137,0.5191,-0.2443,42.74
95150,-0.5626,9.8545,1.6783,-2.229,0.6718,-0.5802,42.98
95200,-0.5531,9.8497,1.7334,-2.4733,0.3969,-0.0763,42.79
95250,-0.5746,9.8617,1.7166,-2.1985,0.4122,-0.1985,42.79
95300,-0.5722,9.8426,1.6783,-2.3359,0.5344,-0.0763,42.74
95350,-0.5698,9.8258,1.6759,-2.3359,0.4275,0.0,42.93
95400,-0.5363,9.8378,1.585,-2.4275,0.5344,-0.2595,42.93
95450,-0.5794,9.8569,1.6352,-2.3969,0.458,-0.3511,42.79
95500,-0.5866,9.8641,1.6999,-2.3817,0.4733,-0.1832,42.6
95550,-0.5435,9.8665,1.6592,-2.1985,0.3817,-0.4275,42.98
95600,-0.5507,9.8833,1.6592,-2.2901,0.4885,-0.1985,42.84
95650,-0.5674,9.8689,1.7142,-2.3053,0.3206,-0.1069,42.46
95700,-0.5411,9.8569,1.6951,-2.4122,0.5038,0.0611,42.98
95750,-0.5124,9.9359,1.652,-2.1527,0.2748,0.0763,42.79
95800,-0.5555,9.8737,1.7047,-2.687,0.3664,-0.1527,43.02
95850,-0.5602,9.8282,1.6328,-2.3817,0.4427,-0.0153,42.6
95900,-0.5363,9.833,1.6328,-2.2595,0.5038,-0.2748,42.79
95950,-0.5555,9.8689,1.6496,-2.3817,0.4885,0.1679,42.74
96000,-0.5818,9.8833,1.6712,-2.1679,0.7023,-0.1832,42.79
96050,-0.5866,9.8545,1.6759,-2.0916,0.5191,-0.1985,42.79
96100,-0.5435,9.8761,1.6616,-2.3817,0.2748,0.1374,42.74
96150,-0.5555,9.8521,1.6735,-2.3206,0.4275,0.0153,43.12
96200,-0.5674,9.8497,1.6999,-2.5038,0.3053,-0.1221,42.84
96250,-0.5674,9.8402,1.6999,-2.458,0.4427,-0.229,42.79
96300,-0.5483,9.912,1.6664,-2.5344,0.5802,0.0,42.51
96350,-0.5052,9.8689,1.6472,-2.458,0.6718,-0.1221,42.79
96400,-0.577,9.8282,1.6544,-2.1069,0.6107,-0.1832,42.93
96450,-0.5794,9.8737,1.6879,-2.1679,0.4733,-0.1221,42.65
96500,-0.589,9.8904,1.6616,-2.1679,0.5191,-0.0305,42.6
96550,-0.589,9.8545,1.6735,-2.2443,0.1679,-0.229,42.51
96600,-0.5722,9.8809,1.6807,-2.4733,0.3664,0.0153,42.6
96650,-0.5555,9.8378,1.731,-2.4427,0.229,-0.1069,42.79
96700,-0.565,9.8689,1.6592,-2.3969,0.2137,-0.3053,42.74
96750,-0.5028,9.8426,1.6592,-2.1832,0.5496,0.0458,42.6
96800,-0.5483,9.8665,1.6831,-2.0916,0.2595,-0.0458,42.6
96850,-0.5195,9.8857,1.6352,-2.5038,0.4427,-0.0611,42.74
96900,-0.5148,9.8402,1.6305,-2.2443,0.1832,0.0611,42.65
96950,-0.577,9.8809,1.6831,-2.3817,0.5344,-0.3817,42.51
97000,-0.577,9.8641,1.6472,-2.4885,0.3664,-0.2901,42.74
97050,-0.5555,9.8761,1.7095,-2.4733,0.4733,-0.0458,42.93
97100,-0.577,9.8881,1.6664,-2.626,0.7176,-0.0763,42.93
97150,-0.5267,9.8545,1.7142,-2.3053,0.3817,0.0153,42.79
97200,-0.5363,9.8282,1.7023,-2.4885,0.3817,-0.1527,42.84
97250,-0.6105,9.8665,1.7119,-2.6107,0.3817,-0.1832,42.93
97300,-0.5291,9.8593,1.6041,-2.4427,0.7634,0.0,42.65
97350,-0.5794,9.9,1.6568,-2.3664,0.7481,-0.1374,42.93
97400,-0.5411,9.8569,1.5778,-2.2595,0.5649,-0.1069,42.65
97450,-0.5339,9.8545,1.6424,-2.2748,0.5191,-0.2443,42.74
97500,-0.5626,9.8665,1.6688,-2.229,0.7634,0.0916,42.93
97550,-0.5698,9.8426,1.7023,-2.458,0.6107,-0.2443,42.74
97600,-0.5339,9.8641,1.6065,-2.2901,0.4427,-0.0916,42.93
97650,-0.5435,9.8474,1.6568,-2.5496,0.4733,0.0153,42.84
97700,-0.5435,9.8713,1.6233,-2.4427,0.4275,0.0611,42.93
97750,-0.5507,9.8952,1.6568,-2.7634,0.3817,-0.1527,42.93
97800,-0.5555,9.8617,1.6472,-2.5038,0.8244,-0.2748,42.79
97850,-0.5842,9.8354,1.7142,-2.4885,0.7328,-0.2901,42.79
97900,-0.5555,9.8593,1.64,-2.1832,0.458,0.1679,42.74
97950,-0.5914,9.8857,1.6424,-2.4122,0.7328,-0.1527,42.79
98000,-0.5555,9.9048,1.6568,-2.4275,0.6107,-0.3053,42.98
98050,-0.5602,9.8402,1.6664,-2.3817,0.458,-0.3359,42.84
98100,-0.5578,9.8258,1.7023,-2.5954,0.5649,-0.0763,42.93
98150,-0.5818,9.8282,1.6999,-2.7328,0.4275,-0.0153,42.84
98200,-0.5411,9.8689,1.6712,-2.5954,0.3817,-0.2595,42.79
98250,-0.5435,9.845,1.6951,-2.3053,0.5038,-0.1679,42.93
98300,-0.5602,9.8569,1.6448,-2.4427,0.3969,-0.1985,42.6
98350,-0.589,9.8809,1.6257,-2.3206,0.626,-0.1527,42.74
98400,-0.5555,9.8497,1.6855,-2.3053,0.8855,-0.1069,42.65
98450,-0.5363,9.8833,1.6472,-2.4885,0.458,-0.1527,42.79
98500,-0.5722,9.8617,1.6999,-2.2595,0.626,-0.1832,42.93
98550,-0.5602,9.8713,1.6783,-2.4275,0.4885,0.1221,42.84
98600,-0.5698,9.8593,1.6759,-2.1069,0.3969,-0.0153,42.79
98650,-0.5555,9.8545,1.6688,-2.6718,0.4733,-0.1069,42.93
98700,-0.5507,9.8665,1.6281,-2.2137,0.5649,-0.1832,42.6
98750,-0.5746,9.8881,1.6113,-2.4427,0.5954,0.0916,42.74
98800,-0.5578,9.8857,1.6233,-2.2137,0.3969,0.0763,42.93
98850,-0.577,9.912,1.5921,-2.3206,0.7023,-0.0611,42.74
98900,-0.589,9.9048,1.6664,-2.1221,0.6107,-0.1985,42.46
98950,-0.565,9.8617,1.719,-2.3053,0.3817,-0.0611,42.84
99000,-0.5578,9.8881,1.6783,-2.5038,0.7786,-0.1069,42.79
99050,-0.5004,9.8761,1.6712,-2.3053,0.6565,0.0916,42.74
99100,-0.5411,9.9216,1.6783,-2.3817,0.2595,-0.1374,42.65
99150,-0.5483,9.8354,1.6544,-2.5649,0.3359,-0.229,42.79
99200,-0.5148,9.8689,1.5969,-2.3664,0.7634,-0.1069,42.93
99250,-0.5243,9.8569,1.6831,-2.4885,0.3969,0.0305,42.65
99300,-0.5626,9.8785,1.6903,-2.8244,0.5496,-0.1527,42.79
99350,-0.5459,9.8521,1.6616,-2.4275,0.5344,-0.3664,42.6
99400,-0.5578,9.8689,1.7047,-2.2137,0.6565,-0.0916,42.79
99450,-0.5411,9.8713,1.6017,-2.1985,0.7481,0.1069,42.93
99500,-0.5028,9.8785,1.6855,-2.4427,0.8397,-0.1527,42.51
99550,-0.5435,9.845,1.6831,-2.458,0.5038,-0.1527,42.74
99600,-0.5555,9.8521,1.652,-2.5191,0.4427,-0.458,42.74
99650,-0.5794,9.8545,1.6831,-2.5344,0.3817,-0.458,42.98
99700,-0.5339,9.833,1.6927,-2.1985,0.3969,-0.0458,42.93
99750,-0.5722,9.8881,1.6807,-2.3511,0.5191,0.0305,42.74
99800,-0.5626,9.8521,1.5897,-2.6107,0.4427,0.0153,42.6
99850,-0.5578,9.8713,1.64,-2.3969,0.5344,-0.1374,42.65
99900,-0.5387,9.8737,1.6113,-2.5954,0.6107,-0.1679,42.74
99950,-0.6009,9.8426,1.6352,-2.3511,0.3817,-0.0763,42.79
100000,-0.5555,9.8952,1.7119,-2.4275,0.5038,-0.0458,42.84
100050,-0.5914,9.845,1.6903,-2.3664,0.4885,-0.2595,42.84
100100,-0.5698,9.8497,1.6688,-2.3053,0.1374,-0.1374,42.51
100150,-0.5315,9.8497,1.6951,-2.4122,0.7023,0.1679,42.65
100200,-0.5914,9.8809,1.6879,-2.2595,0.1832,-0.229,42.93
100250,-0.577,9.8521,1.6568,-2.4427,0.9008,-0.1527,42.74
100300,-0.5363,9.8881,1.6305,-2.2748,0.4733,-0.1679,42.79
100350,-0.565,9.8569,1.5897,-2.1679,0.458,-0.1069,42.51
100400,-0.5914,9.8928,1.5826,-2.1985,0.5038,0.0305,42.98
100450,-0.5746,9.8952,1.6759,-2.1527,0.5344,-0.1832,42.6
100500,-0.5962,9.8665,1.7166,-2.2137,0.7176,-0.2137,42.79
100550,-0.5387,9.8402,1.6568,-2.7176,0.5954,0.0153,42.74
100600,-0.5483,9.8904,1.6831,-2.3206,0.5038,-0.1374,42.65
100650,-0.5626,9.8737,1.6831,-2.5344,0.4122,-0.0458,42.98
100700,-0.589,9.8593,1.6975,-2.5954,0.5038,-0.1069,42.93
100750,-0.5818,9.8378,1.652,-2.4733,0.5649,-0.0916,42.98
100800,-0.5555,9.8617,1.7119,-2.5038,0.1679,0.0916,42.98
100850,-0.577,9.8761,1.6089,-2.5191,0.2901,-0.2137,42.65
100900,-0.5794,9.9,1.6616,-2.2443,0.6565,-0.2443,42.65
100950,-0.577,9.9311,1.6472,-2.1221,0.4427,-0.0458,42.93
101000,-0.5195,9.8857,1.6544,-2.626,0.5191,0.0153,42.93
101050,-0.5938,9.8545,1.7142,-2.5496,0.4733,-0.1069,42.79
101100,-0.5531,9.821,1.6448,-2.1832,0.1832,0.0611,42.74
101150,-0.565,9.8881,1.64,-2.1832,0.5344,-0.2137,42.79
101200,-0.5602,9.845,1.6879,-2.5191,0.2595,-0.229,43.02
101250,-0.565,9.8593,1.6305,-2.3969,0.458,0.0,43.02
101300,-0.5483,9.8761,1.6807,-2.5191,0.4427,-0.4122,42.79
101350,-0.5722,9.8617,1.64,-2.2748,0.5954,-0.0458,42.84
101400,-0.589,9.8976,1.6209,-2.2901,0.6565,-0.0153,42.79
101450,-0.5674,9.8737,1.6807,-2.3511,0.5649,0.0763,42.93
101500,-0.5483,9.8713,1.6735,-2.3359,0.1832,-0.1221,42.79
101550,-0.4956,9.9024,1.6616,-2.4275,0.4275,-0.1221,42.6
101600,-0.5411,9.8521,1.6712,-2.3359,0.3969,-0.1374,42.65
101650,-0.5435,9.8761,1.652,-2.3206,0.1527,-0.0458,42.79
101700,-0.565,9.8928,1.6568,-2.4427,0.4122,-0.0458,42.65
101750,-0.5674,9.8497,1.6376,-2.4275,0.2443,-0.0763,42.65
101800,-0.5387,9.8354,1.6137,-2.4122,0.4427,-0.2137,42.74
101850,-0.5722,9.8713,1.652,-2.1679,0.3359,-0.3053,42.65
101900,-0.5578,9.9072,1.5897,-2.2748,0.5802,-0.0458,42.74
101950,-0.5674,9.8569,1.7047,-2.3511,0.4885,-0.1221,42.79
102000,-0.5794,9.8497,1.6951,-2.3359,0.5191,-0.2443,42.93
102050,-0.5483,9.8497,1.6712,-2.3969,0.4733,-0.1374,42.79
102100,-0.5339,9.8497,1.6664,-2.4427,0.4733,0.0458,42.74
102150,-0.5746,9.8641,1.6664,-2.6107,0.1527,-0.0916,42.79
102200,-0.5531,9.8904,1.652,-2.1985,0.1832,0.0153,42.46
102250,-0.5626,9.8497,1.6089,-2.5649,0.7786,-0.1527,42.65
102300,-0.5531,9.8713,1.5826,-2.4122,0.3664,-0.2901,42.74
102350,-0.565,9.8809,1.6448,-2.3969,0.6718,-0.1527,42.84
102400,-0.5219,9.8857,1.6328,-2.7481,0.4275,-0.0458,42.93
102450,-0.5602,9.8833,1.719,-2.3817,0.3664,0.0611,42.93
102500,-0.5243,9.8857,1.664,-2.3817,0.3817,0.0611,42.84
102550,-0.5531,9.8497,1.7406,-2.3664,0.4733,-0.3969,42.65
102600,-0.5387,9.8665,1.6137,-2.6107,0.229,-0.2748,43.02
102650,-0.5339,9.8569,1.6041,-2.5344,0.3969,-0.2137,42.79
102700,-0.5602,9.8282,1.6257,-2.5496,0.6718,0.1221,42.84
102750,-0.5435,9.8928,1.6688,-2.3359,0.7481,-0.2595,42.65
102800,-0.5962,9.8809,1.6735,-2.2901,0.7176,-0.229,42.74
102850,-0.5602,9.8497,1.6496,-2.3511,0.6412,-0.1527,42.79
102900,-0.5531,9.8474,1.6999,-2.2137,0.6718,0.1221,43.17
102950,-0.5387,9.8402,1.6688,-2.3511,0.458,-0.1221,42.84
103000,-0.5507,9.8737,1.6999,-2.1985,0.2901,-0.1069,43.02
103050,-0.5339,9.833,1.7023,-2.1985,0.3969,0.0,42.6
103100,-0.5722,9.8593,1.6735,-2.4275,0.5496,-0.0611,42.84
103150,-0.5962,9.8641,1.6017,-2.2595,0.3206,-0.0763,42.6
103200,-0.5698,9.845,1.6376,-2.4122,0.5191,-0.229,42.74
103250,-0.5674,9.8306,1.5874,-2.3359,0.5191,-0.0611,42.79
103300,-0.5698,9.8043,1.5802,-2.4427,0.7634,0.0153,42.51
103350,-0.5842,9.8593,1.6041,-2.458,0.7023,0.0611,43.02
103400,-0.5243,9.8785,1.5921,-2.3969,0.458,-0.4275,42.79
103450,-0.5171,9.8474,1.7095,-2.4275,0.3664,-0.1527,42.6
103500,-0.5483,9.8402,1.7142,-2.458,0.3817,-0.2595,42.93
103550,-0.5698,9.8689,1.6807,-2.2137,0.4275,0.0916,42.79
103600,-0.5243,9.8521,1.6855,-2.4122,0.2748,-0.2748,42.84
103650,-0.5626,9.8402,1.664,-2.3206,0.5038,-0.1069,42.74
103700,-0.5483,9.8474,1.6281,-2.3511,0.4427,-0.1221,43.02
103750,-0.5555,9.8761,1.5945,-2.2595,0.4427,-0.2748,42.84
103800,-0.5986,9.8617,1.6568,-2.5649,0.8092,-0.2901,42.79
103850,-0.5746,9.8904,1.5706,-2.5344,0.2901,-0.1069,42.84
103900,-0.5507,9.8545,1.6472,-2.3511,0.5344,-0.0611,42.65
103950,-0.5722,9.8234,1.6544,-2.3053,0.4885,-0.1527,42.84
104000,-0.5483,9.8306,1.6831,-2.3359,0.4122,-0.3053,42.98
104050,-0.5602,9.8593,1.6376,-2.5344,0.458,-0.1069,42.93
104100,-0.5531,9.8138,1.6855,-2.5038,0.5191,-0.3206,42.65
104150,-0.5578,9.8857,1.664,-2.3053,0.1221,-0.1985,42.79
104200,-0.5483,9.8617,1.6688,-2.2137,0.3969,-0.1527,42.79
104250,-0.5555,9.8713,1.6376,-2.4275,0.458,-0.0611,42.65
104300,-0.5459,9.8857,1.6807,-2.5038,0.4427,-0.2901,42.6
104350,-0.5794,9.8761,1.6688,-2.4122,0.4122,-0.1069,42.51
104400,-0.5602,9.8258,1.6305,-2.3053,0.5496,-0.1985,42.65
104450,-0.565,9.8785,1.6544,-2.5038,0.3206,0.0458,42.93
104500,-0.5363,9.8593,1.6735,-2.458,0.5649,-0.2901,42.74
104550,-0.5124,9.8785,1.719,-2.3053,0.4427,-0.0458,42.79
104600,-0.5411,9.8306,1.7047,-2.5954,0.2595,0.0,42.6
104650,-0.5555,9.8306,1.6089,-2.458,0.3359,-0.5496,42.98
104700,-0.5459,9.8809,1.6017,-2.3511,0.5496,-0.0611,42.74
104750,-0.5267,9.9,1.6448,-2.4885,0.7328,-0.1374,43.02
104800,-0.5938,9.8617,1.5969,-2.0611,0.5038,-0.2901,42.6
104850,-0.5219,9.8497,1.6807,-2.0153,0.7176,0.0458,42.98
104900,-0.5531,9.8569,1.6089,-2.0611,0.4122,-0.1069,42.6
104950,-0.5531,9.8497,1.6879,-2.4122,0.3664,-0.0153,42.6
105000,-0.5243,9.8857,1.6855,-2.4275,0.3053,-0.0916,42.65
105050,-0.589,9.8545,1.6712,-2.0458,0.4122,-0.2137,43.02
105100,-0.5722,9.8737,1.6496,-2.5496,0.687,-0.2748,42.93
105150,-0.5602,9.8378,1.7262,-2.5191,0.3206,0.0763,42.98
105200,-0.5363,9.8737,1.719,-2.5649,0.2443,-0.1069,42.79
105250,-0.5746,9.8857,1.6305,-2.0305,0.626,-0.0458,42.74
105300,-0.5483,9.8497,1.6089,-2.1069,0.4733,0.0916,42.6
105350,-0.5626,9.8737,1.6544,-2.4122,0.7023,-0.0153,42.65
105400,-0.5578,9.8785,1.652,-2.1374,0.6565,-0.1374,42.93
105450,-0.565,9.8593,1.7166,-2.229,0.4275,-0.1374,42.51
105500,-0.589,9.8497,1.7645,-2.4122,0.4427,0.0,42.84
105550,-0.5746,9.8641,1.6759,-2.5496,0.5954,0.0305,42.79
105600,-0.5674,9.8665,1.6257,-2.5038,0.5191,-0.0611,42.84
105650,-0.5315,9.8545,1.7238,-2.4885,0.3359,-0.1527,42.79
105700,-0.5794,9.8569,1.6209,-2.4733,0.5038,-0.0611,43.02
105750,-0.5914,9.8904,1.6305,-2.5344,0.6718,-0.0611,42.98
105800,-0.5555,9.8545,1.6185,-2.3664,0.7481,-0.0763,42.84
105850,-0.5531,9.9192,1.6448,-2.3664,0.7176,-0.2443,42.51
105900,-0.5555,9.8809,1.64,-2.3359,0.7634,-0.0458,42.74
105950,-0.5291,9.8833,1.6807,-2.0458,0.458,-0.1985,42.6
106000,-0.5531,9.8258,1.6879,-2.5191,0.4885,0.0458,42.93
106050,-0.5387,9.8593,1.6352,-2.0916,0.3206,-0.0763,42.41
106100,-0.5052,9.8402,1.6735,-2.3817,0.3053,-0.2595,42.93
106150,-0.5148,9.8378,1.7119,-2.5802,0.7328,-0.3053,42.65
106200,-0.5626,9.8497,1.6089,-2.3206,0.6412,-0.1679,42.65
106250,-0.5483,9.8904,1.6759,-2.4122,0.5038,-0.1679,42.98
106300,-0.5195,9.8928,1.6855,-2.3206,0.6412,-0.2137,42.74
106350,-0.5507,9.9,1.6759,-2.229,0.7481,-0.229,42.65
106400,-0.5722,9.8497,1.6017,-2.3206,0.8397,0.0458,42.65
106450,-0.5219,9.8665,1.7047,-2.0763,0.6718,-0.3206,42.79
106500,-0.5531,9.8904,1.6975,-2.5038,0.3511,0.0153,42.6
106550,-0.5602,9.8521,1.6951,-2.4275,0.3206,-0.0153,42.65
106600,-0.5339,9.8545,1.6664,-2.2901,0.4275,-0.2748,42.6
106650,-0.5578,9.9048,1.6065,-2.6107,0.2901,-0.2137,42.79
106700,-0.5507,9.8785,1.652,-2.3664,0.5802,-0.3359,42.93
106750,-0.5722,9.8737,1.5874,-2.4427,0.5649,-0.229,42.93
106800,-0.5602,9.8713,1.6616,-2.1221,0.5496,-0.2595,42.51
106850,-0.5555,9.8713,1.6664,-2.3969,0.5344,-0.2901,42.6
106900,-0.5363,9.8665,1.6472,-2.3511,0.4427,-0.1221,42.6
106950,-0.565,9.8713,1.6712,-2.5496,0.3511,-0.0305,42.79
107000,-0.5578,9.8521,1.719,-2.5344,0.1069,0.0,42.93
107050,-0.5315,9.8474,1.6496,-2.5496,0.3969,-0.1374,42.93
107100,-0.565,9.821,1.6855,-2.3053,0.458,0.0153,42.79
107150,-0.5411,9.8521,1.6664,-2.5191,0.3664,0.1374,42.79
107200,-0.5722,9.8497,1.6352,-2.2443,0.4427,-0.1832,42.79
107250,-0.565,9.8545,1.664,-2.2595,0.458,-0.2901,42.93
107300,-0.5626,9.8952,1.6807,-2.1069,0.6565,0.0458,42.84
107350,-0.5507,9.8809,1.6209,-2.4427,0.5649,-0.0611,42.93
107400,-0.5459,9.8402,1.6376,-2.3664,0.8092,-0.0916,42.65
107450,-0.5435,9.8545,1.6592,-2.4427,0.3969,-0.0916,42.93
107500,-0.5387,9.8521,1.6712,-2.3053,0.5496,0.0153,42.79
107550,-0.5626,9.8713,1.7286,-2.5649,0.2443,-0.1832,42.93
107600,-0.5626,9.8593,1.6448,-2.2901,0.2595,-0.2595,42.6
107650,-0.5267,9.8426,1.64,-2.4122,0.2748,-0.2137,42.93
107700,-0.5387,9.8545,1.6783,-2.4885,0.3817,0.0458,42.6
107750,-0.5483,9.8928,1.7142,-2.458,0.6412,-0.0458,42.84
107800,-0.5914,9.8521,1.664,-2.3664,0.5802,-0.229,42.79
107850,-0.6009,9.8545,1.6735,-1.9542,0.229,-0.1374,42.74
107900,-0.5578,9.8497,1.6209,-2.5038,0.4885,-0.4427,42.79
107950,-0.5076,9.8569,1.664,-2.4275,0.3511,-0.3664,42.79
108000,-0.5507,9.821,1.6376,-2.3359,0.5344,-0.1374,42.6
108050,-0.5387,9.8713,1.6209,-2.3359,0.3664,-0.4275,42.6
108100,-0.5602,9.8258,1.6448,-2.626,0.3359,-0.229,42.79
108150,-0.5938,9.833,1.6664,-2.2443,0.229,-0.1221,42.79
108200,-0.565,9.8665,1.6113,-2.3969,0.1985,0.0305,42.84
108250,-0.5602,9.8737,1.6185,-2.2443,0.4427,-0.0305,42.98
108300,-0.5626,9.8904,1.6951,-2.229,0.4885,-0.2595,42.79
108350,-0.5962,9.8857,1.6975,-2.3053,0.5802,-0.2137,42.98
108400,-0.5507,9.8785,1.6592,-2.2595,0.458,0.0153,42.98
108450,-0.5602,9.8689,1.7478,-2.3359,0.1985,-0.3053,42.65
108500,-0.5171,9.8737,1.6664,-2.5496,0.3053,-0.1069,42.65
108550,-0.5578,9.8282,1.6544,-2.8092,0.2595,-0.1679,42.79
108600,-0.5818,9.8904,1.64,-2.3511,0.2748,0.1985,42.84
108650,-0.5722,9.8689,1.6735,-2.3053,0.5344,-0.1069,42.51
108700,-0.5794,9.8761,1.6951,-2.4275,0.6107,-0.2137,42.79
108750,-0.6033,9.9264,1.6281,-2.3206,0.5496,-0.0916,42.84
108800,-0.5794,9.8976,1.5658,-2.3664,0.626,-0.1069,42.51
108850,-0.5698,9.8881,1.719,-2.229,0.3969,-0.0916,42.93
108900,-0.5555,9.8737,1.6783,-2.229,0.4427,-0.0153,42.74
108950,-0.5267,9.8833,1.6616,-2.3206,0.1221,0.0458,42.65
109000,-0.5124,9.8617,1.6281,-2.6412,0.229,-0.1527,42.93
109050,-0.5315,9.8641,1.6735,-2.4885,0.5649,0.229,42.6
109100,-0.5387,9.833,1.6807,-2.3969,0.2595,-0.3664,42.84
109150,-0.5746,9.8497,1.6472,-2.6412,0.4275,-0.2595,42.93
109200,-0.5602,9.8928,1.573,-2.5344,0.7786,-0.0763,42.84
109250,-0.5794,9.8785,1.64,-2.2595,0.5344,0.0,42.79
109300,-0.5746,9.8952,1.6544,-2.2901,0.5344,-0.0458,42.6
109350,-0.5555,9.8833,1.6209,-2.5344,0.4885,-0.2137,42.51
109400,-0.5578,9.8881,1.6735,-2.4122,0.3817,-0.1221,42.6
109450,-0.5483,9.8545,1.652,-2.2137,0.5496,0.0458,42.6
109500,-0.5291,9.8593,1.6328,-2.4427,0.4122,0.1527,42.84
109550,-0.5531,9.8521,1.6735,-2.5038,0.626,-0.1832,42.84
109600,-0.5076,9.8402,1.6089,-2.6565,0.3817,-0.0305,43.17
109650,-0.5674,9.8713,1.5874,-2.4427,0.4885,-0.3511,42.6
109700,-0.5602,9.845,1.5874,-2.3969,0.626,-0.2137,42.79
109750,-0.589,9.8881,1.6855,-2.3511,0.4122,-0.2901,42.6
109800,-0.5531,9.9168,1.6137,-2.229,0.6565,-0.2595,42.93
109850,-0.565,9.9,1.6783,-2.6107,0.4122,-0.1221,42.79
109900,-0.5722,9.8378,1.7071,-2.3511,0.3359,-0.1985,42.51
109950,-0.5171,9.8976,1.7238,-2.2901,-0.0916,-0.2901,42.84
110000,-0.5483,9.8186,1.6664,-2.5191,0.3969,-0.229,42.93
110050,-0.5602,9.845,1.6712,-2.5802,0.4885,-0.1374,42.79
110100,-0.5411,9.8426,1.6879,-2.458,0.6718,-0.1985,42.65
110150,-0.565,9.8689,1.6376,-2.3664,0.5496,-0.1527,42.84
110200,-0.5483,9.8689,1.6328,-2.4122,0.4885,-0.1069,42.98
110250,-0.5339,9.8665,1.6257,-2.2595,0.626,-0.3817,42.65
110300,-0.5459,9.8881,1.6209,-2.3206,0.7023,-0.2443,42.93
110350,-0.5339,9.8521,1.64,-2.5496,0.5802,-0.5954,42.65
110400,-0.5507,9.8833,1.6927,-2.1069,0.3511,-0.0611,42.79
110450,-0.565,9.8521,1.7406,-2.3511,0.1832,-0.2595,42.74
110500,-0.5531,9.8641,1.6903,-2.229,0.5191,0.0916,42.65
110550,-0.565,9.8497,1.6903,-2.4427,0.229,-0.1527,42.65
110600,-0.5315,9.8785,1.6712,-2.3359,0.626,-0.2748,42.65
110650,-0.5866,9.8258,1.6376,-2.5802,0.2748,-0.0153,42.65
110700,-0.5459,9.8617,1.6472,-2.4427,0.4275,-0.229,42.98
110750,-0.5746,9.8952,1.6544,-2.4733,0.5191,-0.0916,42.51
110800,-0.5578,9.8545,1.6831,-2.2443,0.6565,-0.2748,42.6
110850,-0.5411,9.8234,1.6592,-2.3664,0.4885,-0.3511,42.51
110900,-0.5578,9.8521,1.64,-2.4122,0.7176,-0.0458,42.51
110950,-0.5818,9.8761,1.6903,-2.3817,0.4122,-0.2901,42.41
111000,-0.5483,9.8378,1.6233,-2.3206,0.2137,-0.2595,42.93
111050,-0.5507,9.8569,1.6328,-2.3969,0.3817,-0.0153,42.93
111100,-0.5674,9.8402,1.6448,-2.1527,0.3206,-0.0305,42.74
111150,-0.5674,9.8569,1.6257,-2.5038,0.4885,-0.0916,42.93
111200,-0.5435,9.845,1.6712,-2.3817,0.5802,-0.1221,42.79
111250,-0.5674,9.8857,1.6209,-2.2443,0.6107,-0.1985,42.74
111300,-0.498,9.8378,1.6855,-2.0763,0.5954,0.1221,42.6
111350,-0.5555,9.8641,1.731,-2.3359,0.5344,-0.2137,42.65
111400,-0.6009,9.8282,1.6544,-2.2748,0.1985,-0.0763,42.74
111450,-0.6129,9.8354,1.7071,-2.5802,0.1679,0.1069,43.17
111500,-0.5626,9.8497,1.7023,-2.3511,0.3053,-0.2443,42.6
111550,-0.5698,9.8258,1.6592,-2.2901,0.4885,-0.2901,42.79
111600,-0.5914,9.8833,1.6424,-2.3664,0.3969,-0.0763,42.65
111650,-0.5507,9.9048,1.652,-2.3511,0.5496,0.1069,42.6
111700,-0.5938,9.8928,1.6257,-2.2595,0.6565,0.1374,42.65
111750,-0.5866,9.8809,1.6209,-2.2748,0.458,-0.2748,42.93
111800,-0.565,9.8593,1.6328,-2.4275,0.4733,0.0,42.98
111850,-0.5387,9.8881,1.6903,-2.3664,0.2137,0.0,43.02
111900,-0.5626,9.8426,1.6688,-2.2137,0.4122,-0.0611,42.84
111950,-0.5818,9.845,1.6544,-2.3817,0.4427,-0.3817,42.98
112000,-0.5578,9.8833,1.7142,-2.2137,0.3511,0.0305,42.79
112050,-0.5507,9.8665,1.6305,-2.4427,0.458,-0.1679,42.98
112100,-0.5602,9.8785,1.6807,-2.1832,0.3206,-0.1374,42.79
112150,-0.5818,9.8497,1.5945,-2.3206,0.3053,-0.2595,43.02
112200,-0.5842,9.8497,1.6879,-2.5344,0.3817,0.0153,43.02
112250,-0.5842,9.8785,1.5945,-2.1374,0.6718,-0.0305,42.93
112300,-0.5626,9.8857,1.6448,-2.4122,0.0763,-0.229,42.46
112350,-0.5555,9.8545,1.6664,-2.3359,0.4427,0.0305,42.98
112400,-0.5148,9.8665,1.7526,-2.5954,0.0916,-0.1832,42.65
112450,-0.5531,9.8162,1.6281,-2.2595,0.5038,-0.0611,42.79
112500,-0.5602,9.8928,1.6759,-2.6565,0.5802,-0.0153,42.84
112550,-0.4908,9.8665,1.7645,-2.3359,0.6718,-0.1985,42.65
112600,-0.5459,9.8641,1.6759,-2.3206,0.1527,-0.0305,42.79
112650,-0.5555,9.8857,1.6831,-2.3511,0.4733,-0.4122,42.93
112700,-0.5315,9.8569,1.6903,-2.458,0.6412,-0.3359,42.79
112750,-0.5626,9.845,1.6448,-2.2901,0.3817,-0.1679,42.84
112800,-0.589,9.8497,1.6592,-2.3817,0.626,-0.1069,43.02
112850,-0.5507,9.8426,1.6448,-2.1069,0.4427,-0.1679,42.84
112900,-0.5411,9.8378,1.6975,-2.626,0.5344,-0.1069,42.74
112950,-0.5555,9.8545,1.6017,-2.4122,0.3206,-0.1679,42.93
113000,-0.5267,9.833,1.6712,-2.4122,0.5649,-0.1221,42.79
113050,-0.5291,9.8617,1.6807,-2.4885,0.4122,-0.2137,42.93
113100,-0.5411,9.8904,1.6185,-2.5038,0.4885,-0.3359,42.51
113150,-0.5483,9.8617,1.6376,-2.3511,0.6565,-0.0611,42.74
113200,-0.5531,9.8928,1.6712,-2.5649,0.4427,-0.0305,42.84
113250,-0.5578,9.8833,1.5706,-2.4122,0.5344,-0.1527,42.79
113300,-0.5387,9.8569,1.6879,-2.5038,0.5038,-0.3664,42.74
113350,-0.5531,9.8689,1.6712,-2.4122,0.4122,-0.1679,42.6
113400,-0.5219,9.8378,1.652,-2.4275,0.3969,-0.0458,42.65
113450,-0.5459,9.8402,1.6831,-2.1832,0.3664,0.0305,42.46
113500,-0.5148,9.8641,1.6113,-2.5496,0.229,-0.1832,42.84
113550,-0.5531,9.8857,1.6855,-2.4275,0.5191,-0.1221,42.84
113600,-0.5578,9.8785,1.6616,-2.5496,0.4122,-0.1985,42.93
113650,-0.5195,9.8354,1.6328,-2.3053,0.7786,0.2748,42.93
113700,-0.5626,9.8521,1.6185,-2.5344,0.687,-0.0916,42.79
113750,-0.5722,9.8689,1.6281,-2.229,0.5954,-0.0611,42.79
113800,-0.565,9.8569,1.6712,-2.4122,0.5038,-0.4885,42.6
113850,-0.5339,9.8593,1.585,-2.2901,0.4885,-0.2595,42.84
113900,-0.5459,9.9072,1.64,-2.3664,0.7023,-0.2443,42.65
113950,-0.5578,9.8569,1.7286,-2.3511,0.4733,-0.1527,42.79
114000,-0.5243,9.8665,1.7047,-2.3664,0.5649,-0.0611,42.79
114050,-0.5698,9.8713,1.6592,-2.1527,0.2748,-0.1985,42.65
114100,-0.565,9.8545,1.6759,-2.5191,0.8702,-0.0916,42.79
114150,-0.5578,9.8521,1.6448,-2.6412,0.1985,-0.2137,42.93
114200,-0.5435,9.8521,1.5874,-2.3664,0.3511,-0.3359,42.84
114250,-0.5578,9.9168,1.585,-2.1527,0.5496,-0.0763,42.93
114300,-0.5411,9.8258,1.6592,-2.4733,0.4885,-0.2901,42.93
114350,-0.5602,9.9335,1.6568,-2.3053,0.4427,-0.2137,42.74
114400,-0.5626,9.8545,1.6089,-2.2443,0.1832,-0.2901,42.98
114450,-0.5171,9.8306,1.6831,-2.3817,0.1374,-0.1679,42.93
114500,-0.5602,9.8689,1.664,-2.3359,0.5191,-0.1374,42.93
114550,-0.5459,9.845,1.6448,-2.5191,0.4885,-0.0458,42.84
114600,-0.5507,9.8545,1.6041,-2.4122,0.458,-0.3511,42.6
114650,-0.5746,9.8593,1.664,-2.1679,0.5038,-0.1679,42.51
114700,-0.5722,9.8569,1.652,-2.3664,0.4427,0.0458,42.65
114750,-0.5459,9.8785,1.5443,-2.1832,0.2901,0.1069,42.93
114800,-0.5483,9.8569,1.6712,-2.2901,0.4885,-0.3969,42.79
114850,-0.5866,9.8641,1.6568,-2.3511,0.229,-0.1679,42.79
114900,-0.5531,9.8545,1.6257,-2.1985,0.1985,-0.229,42.98
114950,-0.5962,9.8474,1.6281,-2.5191,0.4122,-0.1527,42.74
115000,-0.5171,9.8617,1.6496,-2.3053,0.2443,0.0305,42.79
115050,-0.5698,9.8545,1.6161,-2.3664,0.458,-0.0305,42.98
115100,-0.5555,9.8689,1.6281,-2.3206,0.5802,-0.3359,42.79
115150,-0.5315,9.8593,1.6328,-2.3206,0.4122,-0.4275,42.79
115200,-0.5698,9.8378,1.6113,-2.2748,0.5344,0.0,42.84
115250,-0.5507,9.8521,1.6712,-2.3206,0.3359,-0.0153,42.51
115300,-0.5914,9.9024,1.6807,-2.0,0.3511,-0.1527,42.79
115350,-0.5339,9.8761,1.64,-2.3817,0.5038,-0.1221,42.6
115400,-0.5435,9.833,1.6592,-2.1985,0.3053,0.0153,43.02
115450,-0.5243,9.8641,1.6616,-2.3664,0.3817,-0.1679,42.74
115500,-0.5866,9.8426,1.6879,-2.5496,0.1069,-0.1679,42.84
115550,-0.5674,9.8354,1.664,-2.3817,0.2901,-0.0763,42.65
115600,-0.5531,9.8761,1.6352,-2.5038,0.2748,-0.3359,42.79
115650,-0.577,9.8881,1.6568,-2.2901,0.6107,-0.1985,42.74
115700,-0.5602,9.8497,1.6257,-2.229,0.4733,0.0305,42.93
115750,-0.5435,9.8976,1.585,-2.2595,0.7176,-0.5954,42.79
115800,-0.5531,9.8713,1.6328,-2.2595,0.3206,-0.1527,42.65
115850,-0.6009,9.8593,1.6879,-2.3359,0.1985,-0.1832,42.65
115900,-0.5219,9.8282,1.6592,-2.0763,0.2901,-0.229,42.79
115950,-0.5746,9.8497,1.7166,-2.4733,0.3359,-0.1679,42.74
116000,-0.5602,9.8617,1.7047,-2.458,0.5344,-0.2901,42.6
116050,-0.5339,9.8617,1.6616,-2.3206,0.5344,-0.1679,42.93
116100,-0.5435,9.8354,1.652,-2.3053,0.5344,-0.1985,42.98
116150,-0.5578,9.8713,1.6951,-2.4122,0.5496,-0.1069,42.6
116200,-0.5722,9.8689,1.6113,-2.1985,0.6565,0.1221,42.93
116250,-0.565,9.8521,1.6735,-2.3664,0.3206,-0.0153,42.65
116300,-0.5435,9.8545,1.6688,-2.2137,0.3206,-0.229,42.84
116350,-0.5387,9.8737,1.664,-2.4122,0.3969,0.0458,42.84
116400,-0.5363,9.8474,1.6999,-2.5649,0.229,-0.2443,42.84
116450,-0.565,9.8258,1.6664,-2.4733,0.229,-0.0458,42.84
116500,-0.5818,9.8426,1.6496,-2.4733,0.458,0.0305,42.93
116550,-0.5339,9.8713,1.64,-2.5344,0.3817,-0.0458,42.98
116600,-0.5315,9.8474,1.5969,-2.3053,0.5496,0.1374,42.74
116650,-0.5555,9.8665,1.6305,-2.229,0.7939,0.0305,42.79
116700,-0.5435,9.8976,1.6735,-2.3511,0.4275,-0.0916,42.74
116750,-0.5483,9.9,1.6544,-2.1069,0.5191,0.1069,42.65
116800,-0.5315,9.8474,1.7071,-2.3206,0.4122,-0.3969,43.02
116850,-0.5195,9.8785,1.6233,-2.3664,0.4885,-0.1679,42.6
116900,-0.5555,9.8737,1.6257,-2.2748,0.3511,0.0,42.79
116950,-0.51,9.8881,1.6616,-2.458,0.4275,0.1374,42.32
117000,-0.5363,9.8761,1.6616,-2.458,0.5954,-0.5649,42.93
117050,-0.5459,9.8976,1.7166,-2.3206,0.7176,0.0153,42.93
117100,-0.5435,9.8737,1.6568,-2.1069,0.7481,-0.1679,42.6
117150,-0.5411,9.912,1.6257,-2.4275,0.5954,-0.1679,42.84
117200,-0.5938,9.8521,1.652,-2.3817,0.5038,0.1069,42.98
117250,-0.5938,9.8665,1.6735,-2.3359,0.5954,-0.0458,42.41
117300,-0.5578,9.833,1.6017,-2.1679,0.6412,-0.1221,42.74
117350,-0.5866,9.8402,1.7166,-2.3969,0.5496,-0.0611,42.98
117400,-0.5387,9.8545,1.6712,-2.4733,0.3817,-0.1527,42.84
117450,-0.5459,9.8737,1.7142,-2.1985,0.4733,-0.1985,42.79
117500,-0.565,9.8761,1.6855,-2.458,0.4427,-0.3817,42.98
117550,-0.6081,9.8713,1.6592,-2.6412,0.3664,-0.2901,42.51
117600,-0.5411,9.845,1.6448,-2.3511,0.3817,-0.2595,42.65
117650,-0.565,9.8569,1.6759,-2.5496,0.5954,0.0611,42.93
117700,-0.5722,9.8569,1.64,-2.3053,0.5802,-0.3359,42.79
117750,-0.5483,9.8713,1.6616,-2.5038,0.3969,-0.1832,42.79
117800,-0.5387,9.8713,1.6735,-2.5954,0.626,0.0305,42.6
117850,-0.5435,9.8809,1.6592,-2.4885,0.3817,-0.1832,42.74
117900,-0.577,9.8881,1.6831,-2.3511,0.3511,-0.2595,42.46
117950,-0.5339,9.8952,1.6424,-2.3359,0.5954,0.0916,42.93
118000,-0.5483,9.8881,1.6113,-2.3359,0.5496,-0.0305,42.65
118050,-0.5602,9.8497,1.6233,-2.3969,0.5344,-0.229,42.93
118100,-0.5698,9.8497,1.6831,-2.5344,0.5038,-0.1374,42.79
118150,-0.5722,9.8497,1.6424,-2.3817,0.5038,-0.0153,42.65
118200,-0.577,9.845,1.6209,-2.3511,0.7939,0.1069,42.93
118250,-0.5387,9.8569,1.6376,-2.4275,0.4427,-0.2443,42.84
118300,-0.5698,9.8354,1.652,-2.4275,0.3511,-0.1679,42.79
118350,-0.5626,9.8378,1.6879,-2.458,0.5344,-0.229,43.02
118400,-0.589,9.8545,1.6712,-2.5191,0.229,-0.2443,42.98
118450,-0.5794,9.8474,1.6903,-2.2748,0.3817,-0.0763,43.02
118500,-0.565,9.8617,1.7478,-2.3664,0.3053,-0.3053,42.41
118550,-0.565,9.8569,1.6568,-2.3969,0.3206,0.0611,42.6
118600,-0.5578,9.8665,1.6712,-2.4885,0.3206,-0.1374,42.93
118650,-0.6009,9.9144,1.6544,-2.5802,0.7176,-0.1832,42.65
118700,-0.5531,9.8689,1.6712,-2.1985,0.5038,-0.3359,42.93
118750,-0.5698,9.8713,1.6664,-2.5802,0.6412,-0.2595,42.98
118800,-0.5866,9.8545,1.6807,-2.2748,0.5954,-0.2901,42.84
118850,-0.5722,9.8378,1.6688,-2.3664,0.2443,0.0,42.65
118900,-0.5626,9.8258,1.6783,-2.3511,0.2443,-0.0611,42.98
118950,-0.5555,9.8474,1.652,-2.3664,0.1069,-0.0916,42.74
119000,-0.5674,9.8785,1.5802,-2.3817,0.7023,-0.1985,43.02
119050,-0.5531,9.8761,1.6831,-2.1527,0.3664,0.0,42.74
119100,-0.5267,9.8306,1.6903,-2.2901,0.3511,-0.2443,42.98
119150,-0.5578,9.8809,1.6472,-2.1527,0.4275,0.0153,42.98
119200,-0.5722,9.8713,1.6855,-2.1832,0.3206,-0.1374,42.84
119250,-0.5483,9.8761,1.6281,-2.458,0.4733,-0.2443,42.84
119300,-0.5435,9.8904,1.652,-2.7634,0.7023,0.0458,42.93
119350,-0.5555,9.8785,1.6807,-2.5344,0.4275,0.0153,42.84
119400,-0.5626,9.8641,1.6592,-2.4275,0.8244,-0.1679,42.51
119450,-0.5602,9.8474,1.6783,-2.2443,0.4733,-0.1374,42.65
119500,-0.5291,9.8617,1.6688,-2.5802,0.458,-0.0916,42.84
119550,-0.5483,9.8665,1.664,-2.5038,0.4122,-0.229,42.65
119600,-0.5794,9.8689,1.6568,-2.5802,0.4122,-0.0763,42.93
119650,-0.5339,9.8354,1.6328,-2.458,0.5038,0.1679,42.6
119700,-0.5363,9.8234,1.6376,-2.5496,0.4733,0.0153,42.93
119750,-0.5243,9.8569,1.5874,-2.5649,0.3664,-0.0611,42.65
119800,-0.5267,9.8665,1.6305,-2.2137,0.5038,-0.1832,42.74
119850,-0.5363,9.8785,1.6161,-2.3664,0.5649,-0.1527,42.93
119900,-0.5602,9.8737,1.64,-2.3359,0.7939,-0.2901,43.02
119950,-0.5339,9.833,1.6927,-2.3969,0.5649,-0.4275,42.93
