time_ms,acc_x,acc_y,acc_z,gyro_x,gyro_y,gyro_z,temp_c,label
23411,-1.7765,-2.2721,10.2592,-1.0992,1.5267,0.0916,40.95,On Head
23476,-1.4557,-2.2865,10.2544,-1.5573,-0.9313,-2.2901,40.95,On Head
23539,-1.6712,-2.2482,10.2687,0.3053,-3.9542,-2.6260,40.91,On Head
23602,-1.0367,-2.2960,10.2927,1.1450,-1.5725,-8.6412,41.09,On Head
23665,-0.8284,-2.3966,10.3358,4.1527,-3.0687,-9.1603,41.05,On Head
23728,-0.6416,-2.7749,10.0868,1.6183,1.8321,-17.5420,41.09,On Head
23791,-1.0008,-2.7198,10.3382,5.7863,1.4351,-22.8244,40.91,On Head
23857,-1.2713,-2.3224,10.4244,8.6718,-0.9618,-22.0458,40.86,On Head
23920,-0.7805,-2.3415,10.4004,12.0000,4.4733,-15.7252,40.95,On Head
23983,-0.6081,-2.5139,10.7356,11.8626,3.3740,-27.3282,40.77,On Head
24046,-0.9505,-2.1141,10.5249,28.2901,7.0382,-29.0229,41.05,On Head
24109,-0.7230,-1.4413,11.2504,23.7099,-1.4046,-22.9618,40.77,On Head
24172,-0.2538,-0.9649,9.9742,22.1832,6.2595,-33.0382,40.91,On Head
24235,-1.0127,-0.4501,9.6534,9.5878,7.2061,-29.1450,41.05,On Head
24298,-1.0942,0.4884,9.6750,-10.8397,6.9313,-17.3893,41.09,On Head
24364,-2.3942,-0.0814,10.9415,-9.2824,7.0076,-17.5878,40.86,On Head
24427,-1.2857,-0.9625,10.6207,-1.5115,6.1221,-20.5344,40.91,On Head
24490,-1.5347,-1.7717,10.3621,-5.3740,14.2137,-14.8855,40.67,On Head
24553,-2.6911,-2.2266,11.0540,-10.6870,12.0153,-2.5649,40.91,On Head
24616,-2.8060,-2.0925,11.1306,-4.5496,-0.8550,16.1679,40.86,On Head
24679,-2.9736,-1.1205,10.7069,13.1450,-7.9542,22.0458,40.77,On Head
24742,-2.5426,-1.1875,10.0437,22.5344,-11.7557,27.8168,40.95,On Head
24808,-2.3080,-0.2346,10.0796,26.7939,-12.5954,36.0153,40.95,On Head
24871,-1.6999,0.6177,9.4667,15.6641,-10.9771,32.9313,40.95,On Head
24934,-2.2122,1.2522,9.9599,2.1832,-4.1985,35.5267,40.91,On Head
24997,-1.4365,0.9673,10.0868,-15.4351,-13.4351,41.4504,40.86,On Head
25060,-1.6233,0.0694,10.4986,-9.7405,-10.9771,36.5038,41.05,On Head
25123,-0.7566,-0.4836,10.0700,-23.4198,2.3969,17.9389,40.86,On Head
25186,-2.9951,-0.1221,11.7507,-8.7481,-5.3588,22.1985,41.19,On Head
25252,-1.2809,-1.0127,10.4818,-21.9084,-23.1298,46.9924,40.95,On Head
25315,-0.7230,-0.7230,10.7571,-6.7481,-5.4962,24.7481,40.91,On Head
25378,-1.6664,-0.5866,11.0899,4.9313,-5.5267,16.9924,40.95,On Head
25441,-1.4150,-0.4932,10.7739,8.2901,-6.5496,19.2977,40.95,On Head
25504,-0.7063,0.0862,11.0780,6.7939,-7.1450,10.5954,41.24,On Head
25567,-0.0120,-0.6632,10.6326,17.5878,-14.0916,12.9313,40.86,On Head
25630,0.5411,0.2897,10.0652,15.8015,-5.5420,11.7710,40.91,On Head
25693,-0.4764,0.9074,10.2113,4.0916,-3.8931,8.9466,40.95,On Head
25767,1.2785,0.6393,10.4411,-2.8855,1.1298,-7.4198,40.91,On Head
25830,1.4485,0.4645,10.7548,-7.3740,-2.6870,-17.1450,41.09,On Head
25893,1.3096,-0.2155,10.5345,-9.7557,8.3817,-33.3282,40.91,On Head
25956,0.9768,-0.4357,10.6111,-10.7328,5.6031,-44.5649,41.05,On Head
26019,1.0295,-0.9960,11.1785,-7.4198,6.8550,-45.8626,41.09,On Head
26082,1.1540,-0.9385,11.1905,-0.5954,11.7405,-47.2366,40.86,On Head
26145,1.0822,-0.8978,10.9247,12.1221,17.7405,-49.4962,40.91,On Head
26211,0.5578,-0.0311,10.6279,11.5420,4.0153,-42.0305,40.95,On Head
26274,0.4046,-0.5578,10.3477,18.9008,14.6260,-56.1832,40.91,On Head
26337,0.4166,-0.2179,10.3070,13.1145,7.0840,-61.5725,41.09,On Head
26400,-0.3304,0.5291,10.0149,4.5649,8.3969,-55.0076,40.95,On Head
26463,-0.7709,0.6273,10.2711,-2.3359,12.9313,-59.8473,40.77,On Head
26526,-0.1460,-0.3663,11.6526,2.0305,25.9695,-47.4962,41.05,On Head
26589,-1.2617,0.2514,10.2017,6.5344,18.1679,-31.2824,40.91,On Head
26652,-1.5275,0.2945,10.7859,4.1527,15.0534,-34.8397,41.19,On Head
26718,-1.7142,0.4262,10.4651,11.2061,5.8473,-26.0305,40.95,On Head
26781,-1.6951,0.2203,10.9343,15.6794,-4.4275,-22.5954,40.95,On Head
26844,-1.6472,0.3352,10.6518,17.9389,-1.1298,-30.6107,40.95,On Head
26907,-1.8148,0.6656,10.1825,23.6183,8.1832,-31.9542,41.05,On Head
26970,-1.5897,1.0487,10.5441,23.4656,2.2443,-35.2672,40.91,On Head
27033,-2.5450,1.4772,9.4355,12.1985,-0.6718,-37.2061,41.05,On Head
27096,-2.2027,1.2857,10.4627,0.0611,6.8550,-41.4504,40.91,On Head
27162,-2.2290,0.7422,10.1921,0.7328,0.5954,-32.4275,40.95,On Head
27225,-2.2960,0.9936,10.5991,9.6947,-0.3817,-39.5115,41.24,On Head
27288,-1.8962,0.9625,10.3837,-0.5191,1.0992,-36.9618,41.09,On Head
27351,-2.0063,0.5291,10.2831,6.8702,-8.9466,-36.6260,41.28,On Head
27414,-3.0670,0.8547,10.5584,10.9313,-10.7939,-38.6565,41.05,On Head
27477,-2.6049,0.2442,10.5848,11.5573,-8.9008,-34.7634,41.09,On Head
27540,-2.0494,0.3448,10.9223,11.8626,6.8855,-35.9389,40.95,On Head
27603,-2.1452,0.8428,10.1418,12.8702,-10.1069,-46.5496,41.19,On Head
27669,-1.5443,1.9297,9.6343,11.2061,-0.7939,-55.9695,41.09,On Head
27732,-1.0487,2.2003,8.8466,-5.6794,3.8321,-77.9847,41.09,On Head
27795,-1.9465,0.3639,9.3087,-28.1374,-4.8855,-134.0153,41.05,On Head
27858,-2.7773,-1.6400,9.8090,-58.9618,-18.0000,-109.1450,40.95,On Head
27921,-1.9369,-2.2003,11.6741,-38.9008,-16.5038,-95.2977,40.77,On Head
27984,-1.8387,-2.1691,10.7188,5.9084,3.8168,-74.4885,41.09,On Head
28047,-1.5179,-1.6903,9.6103,0.6107,15.1145,-73.7557,40.95,On Head
28113,-2.5043,-2.2362,10.1227,-8.1221,16.2290,-58.4122,40.95,On Head
28176,-1.9537,-2.7031,10.3238,-3.5420,3.9695,-43.9084,40.95,On Head
28239,-2.2553,-2.3703,10.3789,6.3817,15.6336,-44.0916,40.91,On Head
28302,-2.7174,-1.8747,10.0556,-0.9160,8.5954,-40.9466,40.95,On Head
28381,-1.9585,-1.6544,9.8210,3.3282,4.5344,-41.8473,40.91,On Head
28444,-1.4341,-1.1229,9.3422,-6.1527,7.0382,-41.1908,41.19,On Head
28507,-0.9577,-1.4413,10.2472,-14.1832,10.5802,-43.4351,40.91,On Head
28570,-1.8842,-1.8004,9.8450,-19.1756,12.5649,-35.5115,41.24,On Head
28636,-1.6017,-2.5929,9.9982,-15.4809,1.4962,-37.4198,41.05,On Head
28699,-1.7382,-2.9257,10.6997,-18.0305,-3.2824,-36.7786,41.24,On Head
28762,-1.8747,-2.3224,10.3693,-5.5725,-5.2519,-20.5191,40.77,On Head
28825,-1.4796,-2.7581,9.9718,-10.5344,-14.2901,-1.0382,41.09,On Head
28888,-1.5371,-2.6719,9.8593,-7.2519,0.7634,-6.5954,40.72,On Head
28951,-1.4485,-2.8276,10.3549,-18.0763,9.4504,3.0992,41.09,On Head
29014,-1.8866,-2.7102,10.6949,-20.4275,-2.8397,20.2901,40.86,On Head
29080,-1.1396,-3.2848,10.1897,-18.8550,-16.7481,45.6031,41.05,On Head
29143,-0.7614,-3.8642,10.3310,-16.0000,-1.7863,54.5496,40.91,On Head
29206,-0.9266,-3.8092,10.6997,-13.7099,7.6489,63.4198,41.09,On Head
29269,-1.4796,-3.3016,10.4722,3.0076,1.8015,63.9542,40.86,On Head
29332,-1.6017,-2.7581,9.3565,-4.4580,-17.7863,71.5573,41.19,On Head
29395,-0.9290,-2.6983,10.1155,-4.5038,-17.8168,67.1145,40.91,On Head
29458,-0.9864,-2.5809,9.7061,-3.9237,-15.0382,68.0763,40.95,On Head
29521,-0.4214,-3.0430,10.3956,-10.3359,-14.1221,67.0382,41.24,On Head
29587,-1.1253,-2.9760,10.1945,1.8931,0.9160,65.3130,40.77,On Head
29650,-1.4868,-1.8914,10.5417,2.2443,12.0153,58.4580,40.91,On Head
29713,-2.8635,-1.6209,10.2017,-4.2137,6.3206,51.0229,40.95,On Head
29776,-4.0127,-0.9242,9.3446,5.8473,0.2901,48.4275,41.19,On Head
29839,-4.2521,-0.8835,8.9950,-16.5496,-8.5802,54.9466,41.05,On Head
29902,-3.6919,-1.5395,9.3063,-29.5878,-16.5496,67.0229,41.09,On Head
29965,-3.8595,-1.6688,9.1506,-22.4122,-17.7557,69.8321,40.91,On Head
30031,-3.9049,-2.2434,8.8466,-29.1298,-8.7786,64.7939,40.95,On Head
30094,-4.5274,-2.2769,8.9663,-30.9771,9.3588,70.6107,41.09,On Head
30157,-5.0901,-2.6719,9.1387,-24.8702,9.4351,77.5267,40.95,On Head
30220,-4.7118,-1.4653,10.2376,-15.4046,-1.8473,93.9542,41.24,On Head
30283,-4.5753,-0.5890,9.6774,-11.9084,-16.8092,66.7939,41.05,On Head
30346,-5.7245,-1.4916,9.2368,-30.8397,-3.3435,78.7328,41.05,On Head
30409,-5.5522,-1.6640,9.2273,-21.8473,-17.5878,84.4580,40.95,On Head
30475,-4.8195,-1.3024,8.8969,-8.0611,-54.3511,82.2595,41.38,On Head
30538,-3.6129,-0.5435,9.2344,-12.8397,-37.5725,79.0382,40.95,On Head
30601,-3.1603,-0.3208,9.9168,-21.6489,-28.1374,70.0458,40.95,On Head
30664,-3.2370,-1.0487,10.2065,-11.2824,-28.0916,57.2824,40.95,On Head
30727,-2.5762,-0.7159,10.2807,-1.7252,-47.7863,67.1298,41.28,On Head
30790,-1.5036,-0.3711,9.8043,0.3359,-37.0840,61.9389,40.91,On Head
30853,-1.2043,-0.2466,11.0229,5.7099,4.5954,57.0840,41.09,On Head
30932,-1.6568,0.0407,11.3318,23.2824,-11.4351,64.5343,41.24,On Head
30998,-0.3208,0.4812,10.0748,26.5344,-19.1298,60.6412,40.91,On Head
31061,-0.1293,1.4988,9.5768,17.1603,-8.7786,48.8092,41.19,On Head
31124,-0.2059,1.7933,9.3948,-10.6412,7.8168,32.4275,40.91,On Head
31187,-0.7949,0.8739,10.1203,-29.8168,9.0534,32.0305,41.05,On Head
31250,-0.5124,0.0239,10.8840,-31.7252,9.6336,27.0992,40.95,On Head
31313,-1.0582,-0.4477,10.8816,-23.0229,-2.7176,24.5802,40.91,On Head
31376,-1.1492,-0.0838,10.8936,-8.0000,0.7634,16.5038,41.28,On Head
31442,-0.9098,0.0120,10.3669,-8.7328,-14.2901,14.9771,41.09,On Head
31505,-0.5148,0.4429,10.3022,-5.2977,2.7481,25.9542,40.91,On Head
31568,0.1700,0.3136,10.6159,-9.7710,2.7634,27.1603,41.24,On Head
31631,-0.2777,0.7925,10.6566,-7.9542,5.3435,23.0076,40.91,On Head
31694,0.2897,0.5004,10.5943,-17.2824,2.7023,28.4733,41.05,On Head
31758,0.1437,0.4932,10.4267,-15.4809,19.5573,21.4198,41.05,On Head
31821,-0.5339,0.5698,10.5800,-18.8397,19.8168,11.1450,41.19,On Head
31884,-0.5770,-0.3998,11.0564,-20.0763,1.2519,6.7786,41.28,On Head
31950,-0.8404,-0.5914,10.8553,-3.2977,1.2061,5.4809,40.95,On Head
32013,-0.7638,-0.4429,10.8577,0.0916,19.2214,6.0916,41.09,On Head
32076,-1.8292,-0.4693,10.9367,1.8321,32.1985,-15.6794,40.77,On Head
32139,-1.9106,-1.4413,10.8793,4.0916,4.5191,-25.7252,40.91,On Head
32202,-2.4229,-0.6297,9.4236,19.1908,12.9313,-22.0305,41.09,On Head
32265,-1.9944,0.5746,8.9519,21.1145,12.1221,-27.5420,41.19,On Head
32328,-2.4325,1.3431,9.4762,13.5725,33.9695,-45.2366,41.05,On Head
32394,-4.9584,-0.7829,9.7157,-21.7099,30.6718,-69.3740,40.91,On Head
32457,-4.7836,-1.9992,10.7045,-16.1527,3.2824,-63.5420,41.05,On Head
32520,-3.1340,-0.6081,9.9288,24.3664,-3.4046,-55.7099,40.91,On Head
32583,-3.0718,-0.1221,8.4491,19.7405,24.3511,-84.9618,41.05,On Head
32646,-3.7397,-0.9050,9.0309,1.2672,19.5114,-102.0000,40.91,On Head
32709,-4.0749,-2.2505,10.0748,-4.6412,17.6641,-105.9847,41.05,On Head
32772,-4.2545,-2.6695,9.3015,13.0687,24.8855,-121.3282,41.09,On Head
32835,-3.3232,-1.6209,10.2041,25.3435,6.4122,-121.3588,41.05,On Head
32901,-1.9321,-1.4581,9.8378,7.9237,13.5878,-111.2214,40.77,On Head
32964,-1.2091,-3.2130,10.3884,-22.7481,18.3053,-83.1908,41.05,On Head
33027,-1.1109,-3.8355,10.8697,-14.5649,26.3206,-69.2824,40.95,On Head
33090,-2.4349,-3.0119,9.5768,18.5802,44.4275,-67.5725,40.91,On Head
33153,-2.1404,-2.1739,9.3661,21.4809,25.2214,-67.3893,40.95,On Head
33216,-2.5043,-1.3551,9.1339,13.8015,28.7023,-62.6718,41.19,On Head
33279,-2.5522,-2.7294,9.1506,-10.7481,16.5496,-67.1450,40.95,On Head
33345,-2.6600,-3.7733,9.4116,-31.2366,37.3893,-48.3817,40.95,On Head
33408,-2.1213,-4.0342,9.8545,-5.3435,45.5725,-46.6412,40.95,On Head
33487,-3.2394,-4.8004,8.6814,-3.9237,55.7557,-57.2519,41.24,On Head
33606,-4.3503,-4.6112,9.0980,16.0916,56.6107,-33.7252,41.19,On Head
33669,-4.4963,-3.7852,8.5784,18.5802,33.1298,-16.6107,40.91,On Head
33732,-4.5322,-3.8355,8.3151,9.6031,19.6031,-8.5649,40.95,On Head
33795,-5.0733,-4.0438,8.3175,12.2290,28.1527,-12.0153,40.95,On Head
33858,-5.9807,-4.4724,8.0828,15.0992,11.3130,-18.3053,41.09,On Head
33919,-5.9400,-4.6112,8.1762,17.3130,4.2901,-13.9847,40.91,On Head
33982,-4.9584,-4.3574,7.9775,21.1450,-7.7405,-6.1374,40.91,On Head
34045,-4.0749,-3.6296,7.9272,22.8244,-14.9160,-12.5802,41.19,On Head
34108,-3.4931,-3.2130,6.9216,11.5115,14.7481,-9.0076,41.09,On Head
34171,-4.0366,-3.4213,8.1068,4.0916,5.7252,-21.9542,41.05,On Head
34234,-4.4125,-3.4189,8.7628,15.3435,-9.9695,-34.6412,40.95,On Head
34297,-6.3039,-5.4708,8.6191,-11.8473,11.5267,-40.8092,40.91,On Head
34363,-5.3606,-5.6790,9.8138,23.2366,25.0687,-16.1527,40.95,On Head
34426,-4.2018,-3.8978,8.7700,44.6107,-21.0382,-17.7863,41.05,On Head
34489,-3.9289,-2.7701,8.0972,45.3130,-42.0305,-39.8015,41.09,On Head
34552,-3.9600,-2.8012,8.0565,36.8855,-6.2137,-49.5573,41.19,On Head
34615,-4.2353,-2.7102,8.8131,32.8702,25.2519,-40.6107,41.09,On Head
34678,-4.1875,-2.9999,9.8737,34.7176,6.0458,-40.8244,41.19,On Head
34741,-4.0270,-3.0023,9.6343,52.5344,-37.8931,-39.8321,41.19,On Head
34807,-2.7749,-1.5850,11.2982,53.0382,31.0534,-45.3435,41.24,On Head
34870,-2.6073,-1.3791,9.5098,45.4809,-17.9542,-42.5649,40.91,On Head
34933,-1.3120,-1.3192,10.3621,33.8931,14.5649,-42.6412,41.05,On Head
34996,-2.0662,-0.9505,9.2536,29.3282,-39.7099,-26.4122,41.05,On Head
35059,-0.2825,-1.1444,9.8282,26.6260,-5.4198,-15.0382,41.24,On Head
35122,-0.4405,-1.3384,10.8745,8.7023,0.5038,-17.1145,41.28,On Head
35185,-0.5531,-1.2785,11.0325,18.6107,-0.1374,-7.8473,41.09,On Head
35248,-1.1444,-0.6033,9.9766,19.5114,-1.0992,-0.2290,40.95,On Head
35314,-0.5243,-0.6488,10.6470,3.7863,-2.2748,15.4351,40.95,On Head
35377,-0.9002,0.1053,10.2496,8.9771,5.9389,28.0458,41.05,On Head
35440,-0.6416,0.2179,10.2639,-1.4504,12.8397,44.5344,41.05,On Head
35503,-0.9601,0.5028,10.5680,-10.3053,-8.9008,60.5649,40.95,On Head
35566,-0.8835,0.2897,10.7356,-13.5725,-7.5267,69.6641,40.95,On Head
35629,-1.8627,0.0910,10.7069,-17.4046,11.6183,72.5649,40.77,On Head
35692,-3.2106,-0.0527,10.7284,-25.8473,11.7405,83.6794,40.95,On Head
35758,-3.5003,0.1125,10.6087,-14.2290,6.7176,82.6718,41.09,On Head
35821,-4.8028,-0.3017,8.6646,-23.4962,-4.7481,88.4580,41.09,On Head
35884,-5.1427,-0.1030,9.5122,-33.8931,-8.0611,104.4427,41.19,On Head
35955,-3.1747,-1.4054,9.9599,-47.2672,-46.8855,170.7023,40.77,On Head
36018,-1.6951,-0.3136,9.5744,-3.6489,3.2214,137.4504,41.24,On Head
36081,-1.7789,1.6927,10.7045,12.0916,32.8092,107.8321,41.05,On Head
36144,-3.1077,3.0215,9.2536,7.2519,3.0534,96.3053,40.95,On Head
36207,-2.4732,1.5443,9.3541,-36.3817,-2.9771,89.8321,40.86,On Head
36273,-2.7222,1.3527,10.6566,-18.2290,9.7252,75.1908,41.28,On Head
36336,-2.6025,1.4557,10.3358,-16.7634,-3.8321,70.0000,40.91,On Head
36399,-2.1021,2.0877,9.9575,-15.6031,-9.8473,72.5191,40.91,On Head
36462,-1.6688,2.1141,9.9790,-21.4809,14.5954,58.9618,40.91,On Head
36525,-2.5019,1.5850,10.6159,-29.7252,20.4733,49.9847,41.24,On Head
36588,-3.1699,0.2514,10.4387,-22.0305,-9.8626,47.4046,41.05,On Head
36651,-1.8507,-0.2538,10.3453,-21.9084,-22.2290,57.1298,41.05,On Head
36717,-1.3719,-0.3879,10.4579,-14.2137,-2.1374,55.6031,41.05,On Head
36780,-1.0127,-0.5938,10.8170,-15.6794,-17.2519,66.9466,40.95,On Head
36843,-0.6512,-0.7470,10.2448,-14.7939,-14.1374,76.4580,41.09,On Head
36906,0.1341,-1.0271,10.5369,-15.6031,3.6794,81.7557,41.09,On Head
36969,-0.5363,-0.3328,10.7452,-5.6947,21.0229,77.0076,40.95,On Head
37032,-1.2809,0.4070,10.4794,-10.9008,13.6489,82.8855,41.38,On Head
37095,-0.9649,0.4717,10.0485,-20.2901,9.8473,87.0840,41.24,On Head
37158,-0.5267,0.6249,10.5991,-23.0687,12.5496,75.3282,40.91,On Head
37224,-1.3479,-0.0048,10.3837,-30.6565,15.0992,82.1985,41.09,On Head
37287,-1.2929,-0.1293,11.2025,-22.4886,15.7710,78.5649,40.95,On Head
37350,-2.2649,0.5243,10.2783,-14.5496,8.6412,78.5496,40.91,On Head
37413,-1.7478,0.3831,10.3645,-18.7328,13.4656,81.4809,40.72,On Head
37476,-1.8172,0.4836,10.5129,-18.1832,21.6947,76.8855,41.19,On Head
37539,-1.7933,0.9290,10.5441,-8.3969,3.5420,68.4885,40.95,On Head
37602,-1.3408,0.4501,10.0963,-20.4122,-22.7023,57.2977,41.05,On Head
37668,-0.9194,0.1125,10.7739,-16.0153,-12.1985,53.4504,40.91,On Head
37731,-1.2977,-0.5411,10.8481,-7.7405,-9.3740,51.0687,40.91,On Head
37794,0.0120,-0.0072,12.4020,3.5725,65.1298,43.7099,41.05,On Head
37857,-3.0239,1.3623,10.9176,13.2061,19.0992,43.1908,40.95,On Head
37920,-2.4948,1.4605,9.3637,7.3740,-51.0382,46.7328,41.19,On Head
37983,-0.3543,1.2115,9.4044,-8.3359,-27.4198,26.2443,41.05,On Head
38046,-1.5562,1.5778,8.7221,-2.3511,2.9160,24.5802,41.09,On Head
38112,0.0431,1.6783,10.2975,-20.0916,5.4962,43.1603,41.09,On Head
38175,-1.5969,1.5443,10.9415,-14.7023,14.8855,14.4733,40.86,On Head
38238,-3.7565,0.6871,12.0859,-21.6489,32.0305,24.3511,41.09,On Head
38301,-5.0135,0.0838,10.7069,-10.4733,18.4122,42.9618,40.77,On Head
38364,-2.6049,0.4908,10.0963,9.9237,-22.6718,25.2061,41.09,On Head
38427,-1.7454,2.2769,9.4332,19.8779,-23.1450,17.8626,40.86,On Head
38490,-0.9936,2.8228,9.2895,7.0534,5.9389,4.5038,40.95,On Head
38561,-1.9848,2.7916,10.2185,-11.1908,22.1069,-10.5191,41.28,On Head
38627,-2.0087,1.7382,9.7803,-26.9160,-17.9695,-15.6641,41.09,On Head
38690,-2.1883,0.5578,9.8378,-23.9237,-30.7786,-28.0153,40.86,On Head
38753,-1.2402,0.3639,10.5441,-2.9618,-8.0763,-22.5496,41.19,On Head
38816,-1.2665,0.1915,10.8242,4.3969,23.6489,-38.7939,41.24,On Head
38879,-1.7454,-0.7087,10.6494,-8.3817,-26.8092,-42.4275,40.95,On Head
38942,0.0718,-1.2354,12.0261,-11.0076,-10.5496,-9.7710,41.05,On Head
39005,0.3974,-0.7542,12.1386,13.2519,-2.0000,-14.6260,41.05,On Head
39071,0.2011,-0.5842,10.8673,14.8397,-0.0763,-10.7786,40.95,On Head
39134,0.3519,0.1724,10.3932,20.3969,-25.4046,-4.9924,41.05,On Head
39197,0.6919,1.1181,9.6845,20.9618,-7.0687,-14.5191,41.09,On Head
39260,1.0247,1.2977,10.4531,8.8702,3.6031,-17.3435,41.24,On Head
39323,0.5770,1.1277,11.0301,4.9466,20.4886,-8.8855,41.09,On Head
39386,0.5578,1.1612,10.2663,12.4122,7.6183,-12.2748,41.19,On Head
39449,0.6967,1.8004,9.5768,9.3130,17.8931,-20.9771,41.05,On Head
39512,-0.0431,2.3320,9.6678,-7.8473,37.1756,-33.0992,41.19,On Head
39578,-1.2019,1.1947,10.3118,-25.1450,12.2290,-39.9847,41.19,On Head
39641,-1.7957,0.2442,11.1977,-26.5954,0.4427,-29.3130,41.05,On Head
39704,-2.0375,-0.2849,11.9399,-12.3817,-3.9084,-23.2824,40.77,On Head
39767,-3.2226,-0.3136,10.5943,9.5267,-1.8626,-14.3359,40.95,On Head
39830,-3.3112,-0.1748,10.4914,7.5573,-14.7176,-7.0382,40.95,On Head
39893,-2.9401,0.5435,10.2400,13.0534,3.5115,-8.1679,40.67,On Head
39956,-2.2577,0.7398,10.6374,17.1756,-10.9771,-23.8473,40.95,On Head
40022,-1.9609,1.9369,10.1562,14.7328,-23.2519,-28.7023,41.09,On Head
40085,-1.9776,1.8316,9.3446,13.4198,-12.0916,-20.9008,41.19,On Head
40148,-0.8619,1.8411,9.9503,5.4809,-16.7023,-40.9771,41.09,On Head
40211,-0.8380,2.3152,10.2065,11.9695,-1.2672,-50.7939,41.09,On Head
40274,-1.4581,2.6528,9.5265,6.4885,28.7023,-52.6565,41.09,On Head
40337,-1.8842,2.3511,9.3661,-10.6260,15.6641,-61.5725,41.19,On Head
40400,-1.8411,1.4772,9.4475,-17.1450,3.3435,-75.4962,40.95,On Head
40463,-2.6911,0.4166,9.6989,-22.1069,9.8015,-84.4580,41.05,On Head
40529,-2.6552,-0.7638,11.1546,-9.4198,39.1908,-87.6794,40.91,On Head
40592,-3.0765,-0.9457,12.0117,5.6794,29.8473,-76.6565,41.09,On Head
40655,-4.2449,-2.2984,9.2392,16.2901,48.2901,-78.9160,40.95,On Head
40718,-4.1013,0.5938,11.7675,47.2519,31.1603,-20.0458,41.24,On Head
40781,-2.2553,2.1931,9.1219,61.4351,-27.5725,-16.9924,40.95,On Head
40844,-1.3958,1.6951,8.5234,-3.2977,-55.3893,-45.3893,41.24,On Head
40907,-1.1468,0.8571,10.6470,-24.9466,-48.3206,-43.7863,40.91,On Head
40973,-0.9984,0.3280,10.5177,-7.4809,-17.2061,-37.6183,41.09,On Head
41036,-0.5411,0.3783,11.3150,-3.7405,-16.3359,-48.2290,40.91,On Head
41115,0.0742,0.2131,10.4483,-8.9618,-38.5954,-64.8244,41.09,On Head
41178,-0.3041,1.3168,9.5529,-9.8168,-21.3130,-50.9160,41.05,On Head
41241,1.8747,-0.0096,10.3645,-24.0153,-6.1985,-58.0916,41.05,On Head
41304,0.6416,-0.5028,9.9814,-30.3817,10.0458,-67.9084,41.05,On Head
41367,0.0503,-2.3152,11.0133,-31.6183,13.1298,-65.6031,41.19,On Head
41430,-0.0670,-3.6176,11.6119,-15.4198,17.6947,-57.5878,41.38,On Head
41496,-1.0056,-3.0478,11.6933,18.1679,30.5649,-34.7634,41.28,On Head
41559,-1.0630,-2.3870,11.0445,34.3511,17.2214,-39.5878,40.91,On Head
41622,-1.8100,-1.7119,10.2711,39.7099,16.1221,-21.6947,41.24,On Head
41685,-2.0542,-1.2570,10.3094,46.1679,29.8321,1.1450,41.24,On Head
41748,-2.6097,-0.1652,10.1562,68.2290,41.0382,-0.0916,40.91,On Head
41811,-3.3136,1.6807,9.2129,55.7252,52.3206,6.2901,41.24,On Head
41874,-4.0270,1.9058,9.1267,22.2595,35.8168,-15.4809,41.09,On Head
41940,-4.8100,2.2505,8.8490,4.0763,-2.8550,4.6870,40.77,On Head
42003,-3.8618,2.3248,8.5952,8.2443,5.2366,8.0305,41.24,On Head
42066,-3.7110,2.5235,9.8497,3.0382,24.8550,2.8550,41.05,On Head
42129,-4.1803,2.7725,9.0956,-4.2290,-4.1069,-20.2901,41.05,On Head
42192,-4.0486,1.9776,9.1315,-21.5878,-30.0763,-27.0840,41.05,On Head
42255,-3.7158,1.7478,8.9687,-24.8092,-15.0229,-29.2672,41.09,On Head
42318,-3.4884,1.1181,9.8019,-30.0611,-8.5649,-27.0992,40.95,On Head
42381,-3.5530,0.8787,9.6630,-24.6107,-7.2214,-26.9924,40.95,On Head
42447,-3.0861,0.4717,9.8354,-33.0992,-8.5191,-28.0916,41.09,On Head
42510,-3.1340,-0.0024,9.6343,-30.6718,-14.2901,-28.8855,41.05,On Head
42573,-3.0478,-0.9337,10.3094,-32.5649,-10.3511,-11.7252,40.95,On Head
42636,-2.7892,-1.6305,10.3094,-15.2366,-18.9160,-14.0763,41.19,On Head
42699,-2.3966,-1.7310,10.5153,-0.5802,-21.5573,-5.7557,41.28,On Head
42762,-2.1332,-0.7207,10.5800,9.0840,-1.6794,-24.1985,41.19,On Head
42825,-2.8467,-2.0470,11.2384,-20.5038,-13.9542,-6.2137,41.05,On Head
42891,-2.6600,-2.7869,11.5688,-10.9008,-5.2214,8.4580,41.19,On Head
42954,-1.6209,-1.6568,10.7021,19.2672,-20.7481,11.2672,41.28,On Head
43017,-0.9002,-0.6608,9.4451,8.5344,-15.9695,5.8931,41.38,On Head
43080,-0.3855,-0.9170,9.7516,5.8931,-19.9389,-3.2214,41.09,On Head
43143,-0.6153,-0.3783,9.6462,11.0992,-2.3817,-9.3130,41.19,On Head
43206,0.0383,-0.4357,10.3406,4.5344,-2.0000,-21.5114,41.05,On Head
43269,-0.2227,-0.4812,9.8569,-3.8779,7.5267,-27.7710,41.24,On Head
43335,-0.1077,-0.5722,10.3573,-9.1756,13.3893,-38.1679,41.24,On Head
43398,-0.1006,-1.7286,10.5034,-25.5573,8.7939,-47.4351,40.95,On Head
43461,-0.1772,-2.7725,10.3430,-30.5496,13.2519,-38.5038,41.24,On Head
43524,-0.4142,-3.6895,10.3597,-28.0611,27.4504,-24.4275,41.24,On Head
43587,-0.2538,-3.2441,10.3813,-1.8168,39.5573,-24.9618,40.95,On Head
43666,-1.1372,-3.5291,10.1610,8.7023,46.7939,-26.1527,41.05,On Head
43729,-2.3272,-3.1939,10.2041,19.0992,41.4046,-32.2290,41.09,On Head
43792,-3.1101,-2.7414,9.9718,24.7939,16.5496,-21.6947,41.24,On Head
43858,-3.3016,-1.6448,10.1227,36.8702,-12.9160,-16.1221,41.05,On Head
43921,-2.3727,-0.3184,10.6566,28.2595,20.9008,-4.2290,41.09,On Head
43984,-3.7685,-0.9529,9.7875,6.1679,4.2748,-5.8473,40.91,On Head
44047,-3.7661,-1.0175,9.5217,14.1069,-20.3817,4.7786,41.19,On Head
44110,-2.5163,-1.0654,10.0365,19.3130,-2.6412,6.7786,40.77,On Head
44173,-3.1963,-0.1389,9.9455,29.6489,22.8855,8.7939,41.09,On Head
44236,-3.8259,0.4214,10.0173,24.1679,21.3282,23.5878,41.28,On Head
44302,-3.5937,1.3599,8.8921,23.0534,-2.6260,16.5191,41.19,On Head
44365,-3.0382,1.6592,8.9567,0.3664,10.5191,16.0611,41.19,On Head
44428,-3.5267,1.8699,9.3374,-6.1374,18.1374,5.7863,41.19,On Head
44491,-4.1108,1.1372,9.3302,-23.3282,11.5573,17.2214,41.09,On Head
44554,-3.8666,-0.0814,9.8761,-20.3817,-12.7023,38.8092,41.38,On Head
44617,-4.5729,0.6512,9.5577,6.6870,31.3893,36.1069,41.05,On Head
44680,-5.5833,0.9457,9.2847,2.6412,51.8626,37.6183,41.19,On Head
44743,-5.7748,1.0822,9.6391,-1.3740,23.9389,44.3664,40.95,On Head
44809,-6.0525,1.6688,9.0956,-4.1832,-8.0305,44.6260,41.09,On Head
44872,-5.4803,1.8651,8.6119,-19.8626,-6.7481,50.9160,41.09,On Head
44935,-4.9249,1.3001,9.2273,-22.3511,-16.5191,59.7099,41.24,On Head
44998,-4.0917,1.2977,9.0405,-21.4198,-21.2672,54.6107,41.38,On Head
45061,-3.7493,1.4796,9.1315,-26.7023,-20.9924,50.5344,41.42,On Head
45124,-3.4884,1.5107,9.5481,-29.0534,-17.3893,45.8168,41.09,On Head
45187,-3.1101,1.2163,9.9335,-34.2443,-13.7099,52.3817,41.38,On Head
45253,-2.6983,0.7661,10.4339,-24.6870,-11.2061,42.5344,41.05,On Head
45316,-2.8252,0.9457,10.1035,-19.0229,-12.8702,40.2137,41.09,On Head
45379,-2.5786,0.9337,9.8833,-14.1527,-16.2748,35.1450,40.91,On Head
45442,-1.6855,1.2186,10.3262,-8.1069,-9.0382,24.1221,41.09,On Head
45505,-1.9178,1.2067,10.4363,-8.4275,1.9084,19.7557,40.86,On Head
45568,-2.3224,1.2929,10.2663,-8.6107,3.1450,16.5038,41.24,On Head
45631,-2.4756,0.9720,10.4387,-10.6107,-8.9008,17.0840,41.05,On Head
45694,-1.7980,0.9673,10.1370,-11.1145,-6.4275,21.3130,41.24,On Head
45760,-1.7765,0.7470,10.2089,-13.4962,-3.1450,14.6565,41.28,On Head
45823,-1.8986,0.7638,10.3190,-10.7176,-2.3969,21.5267,41.19,On Head
45886,-1.4078,0.6871,10.3262,-11.6183,-4.7481,18.0611,41.19,On Head
45949,-1.4174,0.5842,10.3190,-13.9695,-2.0153,17.6489,41.19,On Head
46012,-1.5203,0.1077,10.5177,-13.1450,-3.6947,13.6336,40.95,On Head
46075,-1.3575,0.2753,10.4411,-6.1221,-1.8626,6.1832,41.57,On Head
46138,-1.2594,0.4334,10.3980,-4.3817,-2.1221,4.1527,41.38,On Head
46220,-0.8188,0.3496,10.3908,-7.9389,0.3511,3.3740,41.05,On Head
46283,-0.9697,0.1030,10.7476,-7.3435,3.3740,0.9160,41.19,On Head
46346,-1.1971,-0.0383,10.7260,-7.6031,5.0229,6.5038,41.24,On Head
46409,-0.9792,-0.0551,10.9798,-1.7710,4.6718,-5.8626,41.19,On Head
46472,-1.7310,0.3759,10.0940,-3.1145,0.5344,-2.2595,41.24,On Head
46535,-1.3886,0.4118,10.1873,-1.8015,-0.0153,-6.1985,41.28,On Head
46598,-1.7023,0.4669,9.9407,-10.8092,-0.6565,-3.1603,40.95,On Head
46661,-1.6137,-0.2370,10.4124,-20.6565,-10.3664,4.4122,41.19,On Head
46727,-1.0175,-0.7302,10.4890,-21.0534,-11.3740,4.1221,41.09,On Head
46790,-0.9625,-0.3472,11.6693,-9.0382,11.7863,8.7328,41.42,On Head
46853,-1.3982,-0.7973,11.0349,-3.2672,6.8397,6.8244,40.95,On Head
46916,-0.9936,0.0862,10.2448,12.1221,-5.3740,7.0534,40.91,On Head
46979,-1.3312,0.7230,9.7947,12.9313,13.1298,-0.3817,41.19,On Head
47042,-1.9537,0.5746,10.3214,-8.0458,4.6260,-8.0611,41.05,On Head
47105,-1.7310,0.1149,10.8002,-4.4580,-2.2901,3.8015,40.95,On Head
47171,-1.3384,0.0168,10.4507,-6.1069,1.7863,-1.3282,41.24,On Head
47234,-1.4653,-0.0048,10.6303,-2.5344,4.0153,-3.7405,41.09,On Head
47297,-1.7214,-0.0144,10.4770,-2.8244,4.7176,-7.9542,41.28,On Head
47360,-1.8890,0.0886,10.2879,-3.1603,0.0763,-10.4427,41.05,On Head
47423,-1.2737,-0.0359,10.4603,-0.7023,0.9313,-17.8168,41.19,On Head
47486,-0.9577,-0.1700,10.4315,3.6031,7.5725,-43.8473,40.95,On Head
47549,-1.2019,-0.2251,10.3286,9.2214,10.3969,-71.2214,41.38,On Head
47612,-1.1372,0.0383,10.0580,14.2595,11.7557,-106.8550,40.91,On Head
47678,-1.4222,-1.2019,10.3860,-0.8550,0.4275,-142.0305,41.24,On Head
47741,-1.9345,-1.6257,10.9990,11.5115,12.9466,-134.7176,41.24,On Head
47804,-2.4086,-1.3072,10.9247,37.6336,16.6718,-125.9084,41.24,On Head
47867,-2.1739,-1.2330,10.4722,33.4046,1.4962,-106.7023,41.09,On Head
47930,-1.1037,-0.9313,10.7117,20.9466,-13.3435,-95.6794,41.38,On Head
47993,-1.7717,-0.2825,10.4052,35.9237,7.3740,-95.1145,40.77,On Head
48056,-1.6305,0.0287,10.0269,26.9466,6.3359,-83.3740,41.05,On Head
48122,-2.0997,-0.2873,10.7691,20.5649,1.9695,-64.3969,41.05,On Head
48185,-1.5874,-0.4166,10.4004,31.4198,8.6412,-61.2061,40.72,On Head
48248,-2.1548,0.6440,10.7045,24.7634,23.1756,-63.6183,41.05,On Head
48311,-2.9377,0.6991,9.7181,6.6107,3.9237,-48.4275,41.57,On Head
48374,-3.0789,0.4477,9.5840,2.6107,-9.7557,-32.4733,41.05,On Head
48437,-1.9872,-0.1460,10.4890,-4.5496,-10.7328,-12.6870,40.91,On Head
48500,-2.0638,-0.0479,10.8912,0.0000,10.2290,-1.5573,41.24,On Head
48563,-2.3559,0.3831,10.2232,2.6412,7.7710,6.0763,41.09,On Head
48629,-1.9441,0.1604,9.9575,-1.7252,-5.0992,-5.0229,41.09,On Head
48692,-2.5642,0.2945,10.0389,-6.3511,-0.7786,12.2137,41.05,On Head
48755,-2.3990,0.1748,9.9982,-12.9924,4.4885,22.3206,41.24,On Head
48834,-2.8108,0.3089,10.0006,-16.1832,7.3893,41.7099,41.05,On Head
48897,-2.8299,0.2083,9.9048,-28.5954,2.0153,71.5420,41.09,On Head
48960,-2.8228,0.0790,10.0580,-31.5878,4.1527,88.2748,41.28,On Head
49023,-2.5211,-0.2801,9.7683,-43.9084,4.0000,104.0916,41.28,On Head
49089,-2.9640,-0.2251,10.5010,-41.7405,1.0687,103.3588,41.19,On Head
49152,-2.5307,-1.0846,10.9200,-43.7710,-8.1679,118.6565,41.19,On Head
49215,-1.9656,-0.7997,10.1801,-26.3664,-19.0687,111.5725,41.09,On Head
49278,-1.4557,-0.6393,10.3358,-33.9237,-0.0763,107.3740,41.09,On Head
49341,-1.2426,-1.1923,11.1498,-29.9542,-28.7634,111.1908,41.09,On Head
49404,-0.9529,-0.6967,10.0197,-15.9542,-14.4427,116.4122,41.09,On Head
49467,-0.5124,-0.6416,10.6446,-17.9389,-2.2748,102.6870,41.09,On Head
49530,-1.0558,-0.1844,11.4060,-12.3511,11.4198,87.0840,41.09,On Head
49591,-1.9513,-0.1173,10.5273,-17.4351,-7.3893,84.0305,40.91,On Head
49654,-1.9704,-0.4621,10.3501,-24.7481,-21.9542,88.1985,41.05,On Head
49717,-1.1157,-0.4980,10.3980,-10.8702,-10.7481,80.5954,41.19,On Head
49780,-1.4724,0.1700,10.0628,-4.6107,-7.2672,65.6489,41.09,On Head
49843,-0.9385,0.5076,9.8976,-11.6031,-10.6718,50.6412,40.95,On Head
49906,-1.1301,0.0215,10.0197,-22.2901,1.0076,42.4427,41.19,On Head
49969,-1.5036,-0.2322,10.6566,-16.6107,7.8779,38.5649,40.86,On Head
50035,-1.9920,0.0503,10.4148,-18.4275,0.4427,53.0534,40.95,On Head
50098,-1.5060,0.1460,10.7188,-19.2824,-2.8244,66.2290,41.05,On Head
50161,-1.5658,0.3472,10.3070,-23.1145,0.8244,78.4885,40.91,On Head
50224,-1.5155,-0.2993,10.5680,-26.6107,-5.3893,83.0992,41.19,On Head
50287,-1.8052,-0.2035,10.2855,-16.2443,8.8092,83.8626,41.38,On Head
50350,-2.2936,-0.0144,10.7907,-11.5115,11.5115,73.4962,41.38,On Head
50413,-2.0997,0.2227,10.5465,-11.9542,2.7176,65.5267,41.38,On Head
50479,-1.9752,0.2801,10.2807,-12.6260,-9.3893,63.8321,41.09,On Head
50542,-1.7980,0.0407,10.1658,-12.7023,-11.2977,48.7023,41.05,On Head
50605,-1.6328,0.2203,10.4220,-6.5191,-12.9924,45.7252,41.19,On Head
50668,-1.3001,0.2993,10.4986,-11.2519,-12.0763,42.9008,41.38,On Head
50731,-0.5363,-0.2370,11.0899,-21.3282,-2.0611,31.8626,41.19,On Head
50794,-1.5395,-0.2586,10.2903,-17.2672,-11.0840,32.5954,41.38,On Head
50857,0.0814,-0.6656,10.5034,-11.0534,-16.6107,24.1374,41.19,On Head
50920,0.0694,-0.6943,10.7955,-3.6031,2.8397,11.9237,41.38,On Head
50986,-0.6943,-0.4621,10.6901,0.3359,10.9618,3.0687,41.05,On Head
51049,-1.5514,-0.0359,10.3286,-0.1221,4.2137,2.7328,41.28,On Head
51112,-1.0127,-0.7374,10.6015,-8.1985,-0.8550,-2.3817,41.24,On Head
51175,-1.3934,-0.4717,10.3956,0.2137,7.2061,0.9313,41.28,On Head
51238,-0.9673,-0.6033,10.6446,-1.2824,4.4275,-5.7405,41.24,On Head
51301,-1.2139,-0.2394,10.3813,-0.0763,4.8092,-4.4122,41.05,On Head
51364,-1.2833,-0.5411,10.5489,-1.3435,9.0687,-6.1374,41.24,On Head
51445,-1.4269,-0.4573,10.5058,1.4962,12.2290,-11.2061,41.19,On Head
51508,-1.3336,-0.2729,10.2879,2.3969,13.4656,-14.1374,41.09,On Head
51571,-0.8619,-0.3232,10.4651,1.2061,15.6947,-22.0916,41.19,On Head
51634,-1.2282,-0.4118,9.8019,2.2748,32.6565,-37.2824,41.19,On Head
51697,-2.3727,-0.9050,10.1658,-2.5649,33.5420,-48.1985,41.42,On Head
51760,-2.8563,-1.0989,9.9790,4.9466,27.5114,-53.8473,41.19,On Head
51823,-3.0215,-1.2857,9.9455,3.4351,18.4886,-53.8321,41.05,On Head
51886,-3.5267,-1.4006,10.0341,8.5038,21.9847,-49.3282,41.19,On Head
51952,-3.6129,-0.9529,10.2831,22.5649,23.7252,-49.9237,41.28,On Head
52015,-3.9241,-0.1030,9.9120,28.2443,19.4809,-52.8397,41.19,On Head
52078,-3.9552,0.2538,9.4762,23.9389,10.1832,-57.2824,41.19,On Head
52141,-4.2377,0.2993,9.5864,12.5954,-2.7023,-52.7481,41.28,On Head
52204,-3.2034,-0.0934,9.9455,10.7023,-8.8244,-58.5344,40.95,On Head
52267,-3.3902,-0.3687,9.9359,11.2061,5.0687,-69.7710,41.24,On Head
52330,-3.7230,-0.4118,9.8617,16.6718,9.8931,-71.6336,41.24,On Head
52396,-3.9576,-0.4621,9.7372,18.1221,2.4275,-72.7634,41.42,On Head
52459,-3.6799,-0.4693,9.6462,14.4275,6.3359,-65.6031,41.38,On Head
52522,-3.7326,-1.0080,10.3430,11.2061,8.6107,-64.6870,41.28,On Head
52585,-3.6631,-1.5251,10.3477,17.5573,10.8092,-56.5954,41.05,On Head
52648,-3.0885,-1.1444,9.6917,21.8779,-9.5878,-55.0382,41.19,On Head
52711,-2.5474,-0.8978,9.7348,18.6260,-3.8626,-51.0076,41.19,On Head
52774,-2.4253,-0.8787,9.6654,15.4046,4.1069,-51.4046,41.28,On Head
52837,-2.3607,-1.2617,10.0006,7.4046,11.5115,-47.0076,41.19,On Head
52903,-2.1596,-0.9960,10.0389,13.7710,10.4427,-50.5191,41.38,On Head
52966,-1.8100,-0.6632,9.4284,8.5954,3.5115,-62.2443,40.86,On Head
53029,-1.5012,-0.9864,10.0245,-8.3969,4.0611,-68.9008,40.95,On Head
53092,-1.0295,-1.8771,9.9096,-17.7557,12.3053,-72.6412,41.19,On Head
53155,-0.5267,-2.7270,9.4571,-27.0229,29.6794,-106.9466,41.09,On Head
53218,-1.6568,-3.4022,8.6239,-43.7252,57.3740,-103.2214,41.09,On Head
53281,-2.2075,-3.7589,10.4483,-30.9008,73.7099,-95.9389,41.24,On Head
53347,-1.8938,-4.4460,9.0597,-26.6718,55.3435,-82.3359,41.19,On Head
53410,-2.4660,-4.9536,8.7532,-29.4046,57.4504,-68.0305,41.28,On Head
53473,-2.9281,-5.9999,7.8266,-30.9924,56.3206,-70.2290,41.09,On Head
53536,-3.4022,-6.5793,7.6974,-25.0687,53.3435,-57.8779,41.09,On Head
53599,-4.0103,-6.7421,7.9392,-26.2748,57.8931,-35.5725,41.09,On Head
53662,-4.2832,-7.7141,7.6686,-13.2214,42.7634,-23.9389,40.95,On Head
53725,-4.2952,-7.1706,7.2808,0.9313,22.8702,-3.1298,41.09,On Head
53807,-3.5314,-6.3327,7.0054,6.4275,16.7328,-12.3053,41.09,On Head
53891,-3.5841,-5.9568,6.9432,-4.2748,16.5802,1.5878,41.47,On Head
53958,-3.6966,-6.4715,7.2401,-7.1603,25.9542,6.0763,41.24,On Head
54025,-4.6256,-6.5266,6.8570,-4.7634,9.6794,4.1069,41.38,On Head
54092,-4.4580,-6.3566,7.1539,-1.7710,1.6947,12.0305,41.38,On Head
54159,-4.8052,-6.7062,6.5027,-7.0534,-15.7710,6.9618,41.09,On Head
54226,-4.5993,-6.5553,6.5122,-1.6183,-14.7786,23.7557,41.28,On Head
54293,-5.0877,-6.2584,5.2457,0.8702,-10.0763,27.1603,41.24,On Head
54363,-5.8059,-5.7030,6.5362,-4.3817,-6.5802,36.3053,40.91,On Head
54430,-6.9073,-5.0398,5.9400,-2.7634,-9.2214,30.6718,41.38,On Head
54497,-7.3550,-5.1547,5.8395,-21.7710,-22.4733,33.4809,41.24,On Head
54564,-5.9209,-5.5186,5.8035,-22.6718,-39.9084,47.1908,40.91,On Head
54637,-5.4109,-4.9943,6.0406,-18.3511,-14.9313,45.8626,40.91,On Head
54704,-5.7006,-4.2186,5.7485,-18.6260,-34.5191,38.2290,41.42,On Head
54771,-5.9137,-5.5330,6.5841,-24.1374,-29.3435,32.8550,41.28,On Head
54841,-6.3638,-5.1236,6.6391,-3.2366,-29.6031,30.9618,41.28,On Head
54908,-5.2409,-5.2361,7.0102,-11.0992,-48.2443,27.6336,41.38,On Head
54975,-4.8937,-4.6112,7.3550,7.8168,-27.1298,14.5496,41.09,On Head
55042,-4.5155,-4.2617,7.5729,-6.9313,-24.3664,16.2137,41.19,On Head
55109,-4.5969,-4.4676,8.0325,-3.8321,-30.1069,19.0382,41.05,On Head
55176,-4.1396,-4.6208,8.2552,-2.2443,-33.2366,30.1527,40.95,On Head
55243,-4.2162,-4.5394,8.0972,-5.3588,-28.7634,34.8702,40.95,On Head
55310,-4.1635,-4.4460,8.9495,1.4809,-8.4885,35.2519,41.19,On Head
55380,-4.8387,-3.5171,8.1331,4.9466,-11.9084,33.5878,41.24,On Head
55447,-4.7262,-3.3423,8.8202,8.8550,-16.7023,27.9847,41.28,On Head
55514,-4.6543,-2.9329,8.4443,10.9008,-15.3893,23.0687,41.28,On Head
55581,-4.9871,-2.4277,8.7795,15.3435,-8.1069,23.8779,41.28,On Head
55648,-4.6256,-1.7430,8.7915,9.1603,-8.1985,22.5191,41.09,On Head
55715,-4.5466,-1.4940,9.4212,12.8855,-27.9237,14.7634,40.95,On Head
55782,-3.9983,-0.8930,8.2696,10.7481,-14.7023,12.1679,41.42,On Head
55852,-4.4269,-1.2977,9.0118,0.7939,-10.0153,-5.4656,40.95,On Head
55919,-3.9576,-1.7023,9.9527,5.6794,-17.8931,0.0305,41.19,On Head
55986,-3.9768,-1.3360,10.3597,6.9466,19.4351,-17.8779,41.09,On Head
56053,-4.4987,-1.5562,9.2967,7.5420,-15.6641,-21.5725,41.05,On Head
56120,-3.4429,-1.3288,8.9232,5.6641,-24.2748,-22.6565,41.09,On Head
56187,-2.5043,-2.4421,9.7013,-7.6641,-4.8244,-4.7786,41.19,On Head
56254,-2.7102,-2.3727,9.4667,-1.9847,-0.4427,-17.2824,41.42,On Head
56321,-2.2960,-2.8706,10.4651,-6.9466,-2.0763,-25.0076,40.95,On Head
56391,-2.3918,-2.8228,9.5122,-0.1374,-14.5954,-35.7252,41.24,On Head
56458,-2.3679,-2.7222,9.5026,4.1832,20.4275,-34.3053,41.09,On Head
56525,-2.6480,-2.7078,9.4834,-3.1298,15.4198,-40.8397,41.05,On Head
56592,-2.9233,-2.6025,9.1913,-1.6031,17.3588,-49.3740,41.28,On Head
56666,-2.7174,-3.4069,9.2703,-9.2824,2.2443,-41.9084,40.95,On Head
56733,-2.3870,-3.7350,9.5648,-11.1603,6.8244,-41.1145,41.42,On Head
56800,-1.9297,-4.0821,10.1155,-10.8550,5.9695,-27.7405,41.28,On Head
56870,-2.6695,-3.9241,9.4164,-3.5420,22.9313,-21.5878,41.05,On Head
56937,-3.0885,-3.7972,9.7396,8.6565,12.9008,-24.1985,41.28,On Head
57004,-2.9257,-2.8467,8.9591,3.6641,8.6412,-23.9695,41.28,On Head
57071,-2.7198,-3.1412,9.0237,-6.1069,-3.4809,-21.8321,41.24,On Head
57138,-2.6001,-3.9935,9.0477,-20.5802,-1.0992,-4.7481,41.28,On Head
57205,-2.5570,-4.0079,9.4379,-21.4198,7.8931,-0.3664,41.38,On Head
57272,-3.0885,-4.5322,9.3206,-14.9160,5.4504,2.2290,41.05,On Head
57339,-2.8443,-4.3934,9.3230,-4.1985,-11.0076,1.4351,41.28,On Head
57409,-3.0502,-3.8834,8.3486,-8.9160,-3.2061,4.1374,41.38,On Head
57476,-2.8539,-4.6376,9.2560,-7.4504,4.2901,8.1527,40.95,On Head
57543,-3.1101,-4.1970,9.0573,-1.4351,3.8015,0.3664,41.38,On Head
57610,-3.0023,-4.2521,9.0716,-0.8702,-2.8550,0.2290,41.28,On Head
57677,-2.9353,-4.0270,8.5401,-1.6947,-5.8473,-5.2977,41.38,On Head
57744,-2.8850,-4.3144,8.9567,-3.0687,3.2519,-4.5802,41.19,On Head
57811,-2.9497,-4.5370,8.9926,-5.0687,4.1069,-2.4580,41.24,On Head
57881,-2.8467,-4.3886,9.0142,0.2901,-1.3893,-1.1908,40.95,On Head
57948,-2.8778,-4.4077,8.9519,-3.8931,-3.2366,0.6412,41.47,On Head
58015,-2.9736,-4.2042,8.8705,-0.8244,0.5649,3.3893,41.38,On Head
58082,-2.4900,-4.3766,8.9950,-4.9924,-3.8168,0.7634,41.28,On Head
58149,-2.6193,-4.2569,8.9807,-1.0076,2.1069,-1.8779,41.24,On Head
58216,-2.6480,-4.0438,9.0237,-2.6870,2.0916,-5.8779,40.95,On Head
58283,-2.8228,-4.2377,9.0357,-5.9847,-0.7939,-4.9771,41.05,On Head
58350,-2.7294,-4.4317,8.9830,-5.7557,0.5038,-2.8855,41.28,On Head
58420,-2.7054,-4.4604,8.9352,-4.5649,1.1450,-4.6412,41.19,On Head
58487,-2.6743,-4.6591,9.0118,-5.6641,0.9771,-2.0611,41.19,On Head
58554,-2.5666,-4.4772,9.0549,-1.0534,3.1756,-3.9542,41.24,On Head
58621,-2.8036,-4.5945,8.8585,-5.2214,-1.2366,-5.0992,41.05,On Head
58688,-2.6312,-4.6855,8.9878,1.0229,2.9160,-2.9466,41.09,On Head
58755,-2.6432,-4.4604,8.9471,-0.4885,3.1908,-7.2214,41.09,On Head
58822,-2.6408,-4.5250,9.0046,0.3664,1.0840,-3.3282,41.28,On Head
58889,-2.2482,-4.8626,9.0477,2.9160,0.2595,-9.5267,41.19,On Head
58959,-2.0782,-5.0542,9.3518,9.7557,5.7252,-13.8931,41.28,On Head
59026,-2.0949,-5.2888,9.2967,17.8321,6.4885,-18.7023,41.24,On Head
59093,-1.5993,-4.9057,9.7731,41.3893,19.4046,-26.9771,41.05,On Head
59160,-2.2194,-3.7589,9.2464,46.4733,24.7634,-29.3282,41.38,On Head
59227,-2.2553,-2.3415,8.7676,34.6260,23.0992,-29.3740,41.24,On Head
59294,-2.1356,-2.0758,8.8538,4.2748,20.4122,-37.1908,41.28,On Head
59377,-2.3272,-3.1508,9.3158,-7.0992,25.5420,-30.9008,41.38,On Head
59447,-3.1101,-3.5961,9.1339,-8.8550,23.3435,-22.9008,41.09,On Head
59514,-3.3375,-3.1220,8.8083,-0.8397,1.1145,-23.6031,41.09,On Head
59581,-4.0701,-4.7166,9.4834,-18.7939,16.5191,-17.5878,41.05,On Head
59648,-4.5059,-5.1404,9.9455,5.8168,23.7405,0.1679,41.42,On Head
59715,-4.8339,-3.8882,9.0908,20.9160,-5.1145,4.9466,41.38,On Head
59782,-3.8523,-2.6456,7.9918,12.1221,-25.3740,9.1145,41.19,On Head
59849,-3.9217,-2.3679,8.1714,-13.4198,-8.0000,5.3740,41.24,On Head
59916,-3.7565,-3.6392,9.1506,-25.7710,-12.2137,10.5496,41.24,On Head
59986,-3.6296,-3.8451,8.6143,-20.7634,-16.1679,16.5191,41.38,On Head
60053,-3.1771,-3.9576,8.8873,-23.3893,-16.9924,13.0382,41.24,On Head
60120,-3.0670,-4.4987,9.1578,-30.0458,-7.5267,12.5191,40.95,On Head
60187,-2.6360,-4.5083,9.1554,-20.9008,-9.3588,20.6107,41.42,On Head
60254,-3.2154,-4.5514,8.7077,-22.3359,-2.7023,23.7710,41.38,On Head
60321,-3.3112,-4.6687,8.8346,-12.5344,-8.6260,17.6641,41.05,On Head
60388,-2.9257,-4.6064,8.8011,-8.3817,-12.0916,9.2824,41.38,On Head
60458,-3.1125,-4.6352,8.8681,-6.1221,-5.4198,9.4046,41.24,On Head
60525,-2.5594,-4.6543,8.9950,-2.7634,-6.9466,8.6107,41.09,On Head
60592,-2.4995,-4.3335,8.7436,-5.3130,-5.2824,8.0611,41.38,On Head
60659,-2.6791,-4.6519,8.8562,-4.7023,1.0840,6.5191,41.19,On Head
60726,-2.5738,-4.5825,8.7747,-1.1603,5.5878,4.1527,41.19,On Head
60793,-2.9856,-4.7740,8.8346,-2.1374,-4.0763,3.2519,41.28,On Head
60860,-2.9999,-4.3431,8.7652,-0.1832,-5.0076,4.9924,41.24,On Head
60927,-2.8276,-4.4173,8.9280,-3.9389,-7.6336,7.7099,41.28,On Head
60997,-2.3894,-3.9744,8.8609,1.2214,-1.9237,-3.4046,41.28,On Head
61064,-2.2218,-4.5969,9.4762,-11.6641,-1.6489,10.9160,41.28,On Head
61131,-2.5426,-4.5514,9.0237,-0.7176,-16.0305,5.2519,41.28,On Head
61198,-2.7485,-4.6495,8.9687,-3.1908,8.5038,1.4656,41.05,On Head
61265,-2.8922,-4.3598,8.9519,1.3282,9.4809,-2.1832,41.09,On Head
61332,-2.8611,-4.2976,8.9399,1.0076,6.0763,-2.9313,41.38,On Head
61399,-2.9377,-4.3910,8.9088,3.2214,7.8626,-2.2443,41.19,On Head
61469,-2.7438,-4.1875,8.7915,2.6565,5.5878,-4.1679,41.19,On Head
61536,-2.7318,-3.9504,9.0022,-2.0611,1.0687,-2.4885,41.19,On Head
61603,-2.7318,-4.3862,8.7388,-3.1145,2.3053,-3.2824,41.19,On Head
61670,-2.7438,-4.4341,9.0237,3.1450,13.9542,-9.8931,41.28,On Head
61737,-2.9209,-4.0989,8.7269,0.2595,14.9313,-8.2901,41.24,On Head
61804,-2.9305,-4.0917,8.8178,-1.3740,18.0000,-9.5573,40.95,On Belt
61871,-2.5642,-3.9528,9.2512,-10.2137,11.9389,-2.0763,41.09,On Belt
61938,-2.6169,-3.9720,8.4707,-18.0153,11.2061,-1.4504,41.19,On Belt
62008,-1.4653,-3.7972,8.0014,-32.1374,24.8855,7.2977,41.38,On Belt
62091,-3.0574,-3.8164,6.7157,-56.4275,31.7252,7.6794,41.24,On Belt
62158,-3.2417,-5.0182,6.6128,-73.2214,12.6107,9.8931,41.28,On Belt
62225,-4.3742,-6.7493,5.6479,-94.1832,-23.1298,9.1145,41.28,On Belt
62292,-3.6129,-6.7301,6.4739,-88.6260,-21.8473,3.3740,41.38,On Belt
62359,-3.1029,-8.4348,5.5545,-72.7176,-91.5115,-16.5954,41.09,On Belt
62426,-4.3048,-6.5362,5.2122,-66.3206,-170.7481,-21.0840,41.09,On Belt
62496,-1.0391,-6.9312,4.8243,-31.0992,15.7405,64.8550,41.38,On Belt
62563,-4.0127,-8.8346,6.4548,-60.1985,93.6336,29.5420,41.24,On Belt
62630,-4.2880,-7.1587,5.7174,-46.8550,-58.9313,82.2748,41.24,On Belt
62697,-3.6536,-7.8099,6.7373,-64.9160,-73.6336,47.7252,41.24,On Belt
62764,-6.4500,-8.7436,6.1148,-57.3740,37.5573,76.2901,41.19,On Belt
62831,-4.6304,-6.4835,4.4029,-43.5115,-79.6794,81.9084,41.05,On Belt
62898,-7.0366,-7.3143,4.3263,-87.6794,-61.8168,51.1450,41.05,On Belt
62965,-7.3119,-7.1491,3.5482,-16.5191,-51.5725,95.0229,41.09,On Belt
63035,-6.5410,-5.5115,5.2170,69.2672,45.9084,81.4657,41.19,On Belt
63102,-7.6471,-5.5138,4.8530,3.6489,-31.2061,33.7099,41.28,On Belt
63169,-7.3550,-4.8578,4.5825,27.0229,-96.5343,66.9313,41.47,On Belt
63236,-8.4707,-5.0182,5.8969,18.7786,-85.8015,34.4580,41.19,On Belt
63303,-5.1691,-4.1228,5.7293,18.8397,-144.3969,54.2443,41.24,On Belt
63370,-4.6855,-1.4126,7.7692,-23.0687,-61.1908,23.5878,41.28,On Belt
63437,-5.8682,-2.4134,8.3629,-61.9695,-57.6489,0.3969,41.09,On Belt
63507,-2.8060,-3.5195,10.5848,-31.9237,-3.5267,-24.5802,41.47,On Belt
63574,-3.2537,-5.8083,4.7908,-90.0305,42.6718,-99.7099,41.19,On Belt
63641,-6.2704,-5.9735,3.9121,-111.8626,17.1756,-176.5496,41.38,On Belt
63708,-3.2896,-10.3406,2.4636,-199.1603,9.2366,-149.0840,41.09,On Belt
63775,-4.9943,-9.9838,5.1356,-102.0000,51.2977,-73.5725,41.24,On Belt
63842,-0.9242,-9.7827,2.5786,-86.9924,41.5115,-52.2137,41.19,On Belt
63909,-1.5993,-11.0708,1.2737,-68.4885,30.4733,-54.5038,41.19,On Belt
63979,-0.7685,-11.0253,1.8100,-61.1756,18.8092,15.1450,41.28,On Belt
64046,1.0942,-9.1123,1.6712,22.3206,25.1603,26.0305,41.28,On Belt
64113,-0.3208,-11.2958,-0.6847,17.6489,12.7786,-8.7176,41.38,On Belt
64180,1.7717,-9.8114,2.6767,6.5191,16.2290,-17.2214,41.38,On Belt
64247,0.6393,-10.1251,1.9369,4.6718,4.3664,-33.2366,41.38,On Belt
64314,1.9369,-10.5919,3.0789,-16.5344,-18.1985,-17.8779,41.47,On Belt
64381,0.4501,-9.1794,3.5721,39.0229,-16.3511,-11.4046,41.24,On Belt
64448,0.5435,-10.2831,1.8794,42.2595,-30.1221,-4.5496,41.28,On Belt
64518,-0.5076,-9.5170,2.0303,35.1908,-60.6718,-7.1450,41.05,On Belt
64585,-0.7422,-9.8713,1.2019,29.1756,-54.2137,15.0076,41.24,On Belt
64652,0.0287,-9.1267,0.5938,46.4122,-69.2824,20.8702,41.24,On Belt
64719,1.1540,-9.7181,0.2179,10.2748,-69.8168,18.4580,41.24,On Belt
64786,1.9944,-9.9048,1.6089,1.3740,-62.4885,0.9924,41.05,On Belt
64898,0.7111,-10.0963,3.7565,24.5802,-33.3740,1.2366,41.38,On Belt
64983,0.1580,-9.2416,2.6480,30.9008,-9.1450,21.5573,41.19,On Belt
65053,2.0351,-8.2576,3.2729,45.0229,-14.6412,12.9160,41.42,On Belt
65120,-0.6129,-7.2281,0.0622,20.2901,-4.4580,6.1374,41.28,On Belt
65187,-1.0415,-7.8554,3.2968,-55.6336,-4.9160,24.3664,41.09,On Belt
65254,-1.1588,-9.2584,2.2194,-21.9237,-8.5344,14.4427,41.24,On Belt
65321,-0.8787,-10.9391,3.5865,-57.9084,2.5954,27.3740,41.28,On Belt
65388,-0.1101,-11.7124,1.7813,-48.6412,12.3664,6.1832,41.05,On Belt
65461,0.9385,-9.9096,3.1843,-73.0229,12.1221,-15.9084,41.19,On Belt
65528,-0.9409,-8.7221,0.4286,-76.7023,-1.0382,-19.6183,41.05,On Belt
65598,0.3903,-10.0149,3.3351,-104.0916,-42.3817,-27.4962,41.09,On Belt
65665,-1.9680,-10.4579,0.5339,-61.5420,-39.1908,-14.0153,41.24,On Belt
65732,0.2849,-10.7260,1.9896,-66.8702,-32.6565,15.9237,41.09,On Belt
65799,0.3543,-9.9934,1.1516,-0.9618,-24.0458,9.0382,41.19,On Belt
65866,0.4693,-9.5098,1.5060,24.9771,-22.3817,5.8321,41.28,On Belt
65933,0.0670,-10.7141,1.5155,61.8473,-20.8397,-11.1756,41.24,On Belt
66000,-0.8380,-11.7986,1.6640,82.5649,-18.0458,-23.4656,41.24,On Belt
66070,-0.9433,-11.3557,-0.1963,127.7863,-19.1756,-2.0305,41.38,On Belt
66137,-1.0558,-10.4052,0.1053,89.6489,-11.5725,7.7099,41.28,On Belt
66204,0.7542,-9.6319,2.0806,60.1069,-23.0076,-0.8397,41.19,On Belt
66271,0.2131,-9.3039,3.1101,61.9695,-23.9542,-23.9389,41.19,On Belt
66338,-0.0982,-7.6926,3.2489,26.0000,-2.3664,-1.8626,41.47,On Belt
66405,0.4956,-7.2113,1.3599,4.7939,-3.6183,-16.1985,41.42,On Belt
66472,-0.4908,-8.7604,1.1947,-66.2595,12.6260,-8.1527,41.38,On Belt
66542,-0.4764,-7.9057,1.8364,-44.2595,5.4809,-0.7481,41.42,On Belt
66609,1.8555,-11.3102,2.0375,-118.4122,20.7634,2.5802,41.19,On Belt
66676,1.4174,-11.3772,4.0486,-24.6718,25.0992,-25.6031,41.19,On Belt
66743,0.5387,-9.6893,1.5634,7.2824,60.1985,-7.0534,41.42,On Belt
66810,0.1604,-9.4068,2.1572,13.5420,17.2061,-30.7481,41.28,On Belt
66877,-0.2298,-7.7859,1.1540,63.6336,-0.1221,-9.4198,41.28,On Belt
66944,2.1189,-9.3063,0.0287,-41.0382,16.2290,-14.7634,41.09,On Belt
67011,0.5411,-10.3310,2.0997,-79.6641,30.2748,-8.2748,41.24,On Belt
67081,1.0822,-10.0676,4.0773,-44.5191,18.2443,6.3359,41.24,On Belt
67148,2.6815,-10.3525,3.3136,-14.5496,3.4198,-7.4351,41.24,On Belt
67215,1.5443,-9.8474,2.8922,-19.5878,27.8168,2.6565,41.28,On Belt
67282,1.8268,-10.1011,4.1587,1.3130,5.9847,1.5725,41.28,On Belt
67349,1.1756,-9.5960,2.5809,38.1221,-13.0382,4.6870,41.38,On Belt
67423,1.6305,-10.4746,3.1963,38.4122,-36.4122,3.6183,41.19,On Belt
67490,2.2984,-10.2256,2.5211,66.6718,-17.3588,7.5115,41.05,On Belt
67557,1.8675,-10.2496,2.1620,76.8855,-21.9389,-5.1603,41.42,On Belt
67627,1.5754,-9.0214,2.7821,66.3969,-39.5878,-22.8550,41.05,On Belt
67694,0.9481,-8.3246,2.1141,49.3740,-28.7634,-10.8397,41.38,On Belt
67761,1.7262,-8.1211,3.1915,48.7939,-29.2366,0.2290,41.24,On Belt
67828,1.5036,-7.0964,2.2529,22.0305,-12.5954,-1.4656,41.24,On Belt
67895,2.0303,-8.0517,2.6480,-17.0687,15.4656,7.2366,41.28,On Belt
67962,1.7166,-8.4611,1.6472,-64.6870,22.2290,-1.4351,41.09,On Belt
68029,2.2865,-8.9974,3.6559,-85.2824,-0.1527,-10.0000,41.42,On Belt
68099,1.0654,-10.7260,0.9912,-113.7405,8.3664,3.8321,41.19,On Belt
68166,2.8515,-11.7436,3.1795,-105.7252,13.0687,16.5344,41.09,On Belt
68233,1.7142,-11.1067,2.4349,-52.5954,8.0305,5.0534,41.42,On Belt
68300,2.4349,-10.6781,1.9082,-32.1832,27.6641,5.5115,41.24,On Belt
68367,1.6735,-9.3039,1.1947,-15.8779,29.4198,-1.4656,41.24,On Belt
68434,1.9321,-9.6869,1.7765,-11.0992,38.0611,0.8855,41.57,On Belt
68501,1.1756,-9.0070,1.5395,2.0763,28.3206,-0.3664,41.38,On Belt
68568,1.8459,-9.2823,1.2761,9.2366,19.8626,4.4122,41.19,On Belt
68638,2.2434,-9.9431,0.8595,16.5954,12.2137,0.9160,41.38,On Belt
68706,2.5091,-9.8378,0.5602,9.5878,5.2366,0.0458,41.09,On Belt
68773,2.1691,-9.4427,0.2059,5.0534,4.2137,-12.0916,41.38,On Belt
68840,1.6328,-9.5529,0.4118,-2.8244,13.3435,-1.6489,41.42,On Belt
68907,1.3719,-8.9447,-0.1460,-6.8092,18.9466,7.0076,41.38,On Belt
68974,1.9273,-9.1937,0.2993,-5.8321,23.4809,7.1298,41.19,On Belt
69041,1.4964,-9.4260,-1.4437,-25.2672,34.1374,25.2519,41.19,On Belt
69111,2.1955,-10.0796,1.2450,-37.7252,21.8931,5.8779,41.28,On Belt
69178,1.2091,-9.5170,1.1420,-19.2366,35.6641,15.2366,41.09,On Belt
69245,1.8196,-10.1993,2.0949,-25.6947,11.2214,-2.1679,41.28,On Belt
69312,1.2881,-10.6686,2.3798,-15.2366,-23.6336,-18.4275,41.38,On Belt
69379,1.0870,-11.2551,3.0287,23.3740,-15.9389,-6.8244,41.24,On Belt
69446,2.0662,-10.2687,1.3910,91.2214,-16.5954,-6.7634,41.42,On Belt
69513,0.8763,-9.2368,-0.4717,70.6870,-25.7405,-11.3740,41.24,On Belt
69580,0.5387,-7.5393,0.5028,53.6794,-38.0611,-4.6412,41.09,On Belt
69650,1.0247,-9.0214,-0.9026,21.8168,-47.9389,-5.6947,41.28,On Belt
69717,0.8452,-10.2975,-0.0215,-43.6794,37.7710,1.5725,41.38,On Belt
69784,-0.6393,-8.7029,2.1261,-42.0611,20.1374,21.0229,41.38,On Belt
69851,1.2522,-9.3015,1.4485,-39.5420,27.5573,34.3817,41.24,On Belt
69918,0.9577,-9.7444,0.5746,-45.3740,29.0992,14.5191,41.28,On Belt
69985,0.0766,-10.9894,0.5100,-91.8779,44.2748,16.5344,41.28,On Belt
70052,1.2330,-11.7507,2.2577,-108.8550,48.7634,26.1679,41.57,On Belt
70130,1.1181,-10.8553,3.4668,-58.4885,25.5573,14.6718,41.24,On Belt
70197,1.0056,-10.0700,2.3535,27.8015,-1.3282,-6.4580,41.28,On Belt
70264,0.1604,-10.6925,-0.3017,30.8397,-12.2137,-9.2824,41.28,On Belt
70331,0.5914,-11.6669,0.8906,33.8015,-17.1450,-17.3130,41.38,On Belt
70398,0.2490,-10.8888,0.1221,69.8931,-22.8092,-20.7481,41.24,On Belt
70465,0.5435,-10.4100,0.0359,72.0916,-16.3817,-22.1832,41.47,On Belt
70532,0.9529,-9.3206,0.7685,77.9084,-7.4962,-24.6260,41.24,On Belt
70599,0.8284,-9.1004,1.1181,62.5496,12.5038,-16.3206,41.19,On Belt
70669,2.1045,-9.4475,2.8347,61.3435,31.7405,-12.3817,41.19,On Belt
70736,0.5770,-7.7428,1.0870,54.3511,4.0611,-23.8779,41.24,On Belt
70803,1.1779,-7.8338,0.7829,-21.7557,30.1832,-3.5267,40.95,On Belt
70870,0.4788,-7.2042,1.7358,-35.2214,13.2519,0.2901,41.05,On Belt
70937,0.7805,-7.1850,0.1437,-32.0000,20.1832,5.0840,41.19,On Belt
71004,0.5291,-10.0389,-0.3519,-93.8626,50.5802,24.6260,40.95,On Belt
71071,0.9098,-12.1937,0.7135,-106.2443,36.3359,30.0000,41.24,On Belt
71141,1.7286,-12.8162,1.8100,-80.0916,41.3282,10.9160,40.95,On Belt
71208,1.2450,-11.9710,2.3607,-39.6641,41.6183,-6.1679,41.05,On Belt
71275,1.3168,-10.4818,0.0694,0.1374,37.5420,1.8015,41.05,On Belt
71342,1.5945,-9.5026,0.2897,-4.0916,30.1679,-15.4962,41.42,On Belt
71409,1.1085,-8.8753,0.0910,-8.7786,29.9389,-4.1985,41.28,On Belt
71476,1.3048,-8.8011,0.2490,-9.7099,24.6412,-6.5954,41.42,On Belt
71543,1.3408,-9.0142,0.5555,-12.1985,24.2595,3.6947,41.24,On Belt
71610,0.8787,-9.6774,0.6680,-3.2519,12.9160,-2.8397,41.19,On Belt
71680,0.6943,-9.5816,1.7909,4.3664,30.8550,26.2443,40.95,On Belt
71747,1.6472,-9.5193,2.1141,19.6336,-10.7328,14.3206,41.28,On Belt
71814,1.6209,-10.3262,1.8148,19.3588,-25.0229,-0.7023,41.19,On Belt
71881,0.7566,-11.6598,1.3240,35.2824,-31.1603,-3.8473,41.28,On Belt
71948,1.0008,-11.5544,2.1189,61.0687,-23.9542,-0.4885,41.24,On Belt
72015,1.3671,-10.8146,0.3424,74.0153,-28.5954,-14.5954,41.28,On Belt
72082,0.8547,-8.8274,0.4573,53.6031,-31.1450,-31.0382,41.09,On Belt
72152,0.2514,-8.1570,0.8068,22.7634,-19.7710,-1.7710,41.38,On Belt
72219,1.2617,-7.9703,1.2905,11.3740,-15.4351,-0.5496,41.38,On Belt
72286,1.3527,-7.7931,1.1660,-1.4962,1.3282,-2.3969,41.28,On Belt
72353,0.3950,-8.8442,0.0096,-33.3740,12.5649,8.1832,41.09,On Belt
72420,0.7326,-8.7364,1.7214,-34.0458,10.5191,8.2443,41.19,On Belt
72487,0.2945,-9.7995,0.1413,-65.5878,21.9847,23.6183,41.09,On Belt
72554,1.5969,-10.8074,1.0080,-75.0840,19.6794,21.7099,41.09,On Belt
72621,0.6632,-11.4084,2.0877,-76.6565,19.9084,14.0305,41.28,On Belt
72691,1.0654,-11.2456,2.2482,-32.3206,29.6183,24.1527,41.05,On Belt
72758,1.0846,-10.2783,1.1396,-1.2519,10.0611,6.1832,40.95,On Belt
72841,0.9505,-10.1730,1.4150,4.8855,4.9466,-15.4046,41.28,On Belt
72908,-0.1484,-9.5888,0.4310,28.4275,5.9847,-11.7252,41.19,On Belt
72975,-0.1125,-8.8801,-0.7326,28.0458,0.9160,0.3206,40.95,On Belt
73042,0.2634,-8.7843,-0.4238,0.5191,-7.2366,4.5496,41.24,On Belt
73109,0.4334,-10.2208,0.0383,-18.8244,-2.3969,5.0840,41.38,On Belt
73179,0.3543,-9.6199,1.1492,-2.9160,-4.3969,2.4427,41.38,On Belt
73246,0.8212,-9.6558,0.8188,0.2290,-0.9771,3.4656,40.95,On Belt
73313,0.7159,-9.9790,0.6225,2.3206,-2.3511,-2.5649,41.19,On Belt
73380,0.1987,-9.7013,0.5938,6.9771,-3.7557,-2.7481,41.19,On Belt
73447,0.8260,-9.5409,0.3017,5.6489,3.4046,3.3588,41.24,On Belt
73514,0.4142,-9.4451,-0.1365,-2.3053,-2.2137,-2.1985,41.19,On Belt
73581,0.6416,-9.5816,0.9720,-10.8397,3.0076,-0.4580,41.19,On Belt
73648,0.3256,-9.7564,0.5124,-8.4275,0.1221,0.3969,41.24,On Belt
73718,0.8140,-10.0724,1.3815,-2.9313,-3.2366,-4.1985,41.24,On Belt
73785,0.1484,-9.4427,1.2474,5.4656,-9.8779,-4.7634,41.05,On Belt
73852,0.6704,-9.6726,1.1372,10.4275,-8.7481,-4.0611,41.19,On Belt
73919,0.2442,-9.6175,0.5100,12.2748,-12.5191,-3.6336,41.24,On Belt
73986,0.4022,-9.6917,0.1053,6.1069,-6.5954,0.0305,41.38,On Belt
74053,0.6895,-9.4906,0.7207,3.3130,-5.0076,0.0611,41.19,On Belt
74120,0.6129,-9.3613,0.3376,3.4504,1.6489,0.9160,40.95,On Belt
74187,0.5028,-9.5936,0.3735,-2.6260,1.5573,-1.1603,41.09,On Belt
74257,0.3184,-9.7276,0.3879,0.5802,10.1374,-0.4733,41.05,On Belt
74324,1.2139,-9.9718,0.6201,-2.0458,17.3435,-2.9008,41.19,On Belt
74391,0.1891,-9.6606,-0.0024,-7.6794,15.8779,-4.1985,41.19,On Belt
74458,0.9218,-9.8785,1.2641,-3.6794,26.8550,-7.5878,41.19,On Belt
74525,0.4980,-9.9264,0.6177,-7.7099,32.1374,-2.0000,41.24,On Belt
74592,0.7350,-9.7157,1.0989,-2.4885,28.3664,-6.0763,41.28,On Belt
74659,1.0702,-9.8210,1.0439,-8.0153,34.7786,-1.6031,41.19,On Belt
74729,0.8356,-9.5600,1.3120,-6.3206,30.1679,-4.2290,41.28,On Belt
74796,0.9625,-9.2392,2.1715,-0.5802,22.6718,-0.2137,41.09,On Belt
74863,1.4030,-9.3446,1.6568,-0.8244,17.4198,1.3893,41.09,On Belt
74930,1.0032,-9.2249,1.9872,0.5344,8.2901,1.0992,40.91,On Belt
74997,1.1420,-9.3446,1.8364,3.7710,1.9237,3.6031,41.19,On Belt
75064,1.0726,-9.7564,1.8818,-0.8702,-8.0305,4.6718,41.05,On Belt
75131,1.5467,-10.0748,1.5586,2.0916,-20.3206,4.3359,41.09,On Belt
75198,1.5682,-9.9718,1.4844,3.2672,-27.0534,1.1603,41.24,On Belt
75268,1.3503,-9.6654,0.9050,6.1069,-32.7939,-4.1221,41.24,On Belt
75335,-0.0575,-9.8761,0.4022,-8.7176,-16.9008,2.8397,41.09,On Belt
75402,-0.8021,-8.4539,3.0694,6.9008,-23.7405,12.1069,41.28,On Belt
75469,0.9577,-9.0094,0.6105,15.8321,-39.0076,15.3435,41.24,On Belt
75536,0.9816,-9.8306,0.3831,-12.6412,-32.9160,-1.3588,40.95,On Belt
75618,-0.0479,-9.5289,2.5211,-1.6947,-31.4504,2.2901,40.95,On Belt
75685,0.8284,-9.5193,0.6919,-1.9847,-34.0305,12.3359,40.91,On Belt
75752,0.6608,-10.3789,1.9513,-24.1374,-41.3282,-5.9695,41.19,On Belt
75822,-0.2514,-9.6343,2.8539,4.6107,-38.3664,-0.4885,41.38,On Belt
75889,-0.0934,-9.0453,0.8523,14.7634,-29.7405,10.7939,40.91,On Belt
75956,-0.4549,-8.9399,1.0774,-5.2977,-36.5344,3.4046,40.95,On Belt
76023,-0.8140,-9.1674,1.4461,-4.4122,-39.9389,10.1374,41.19,On Belt
76090,-0.3376,-10.7260,1.0008,-16.0458,-27.3130,11.7405,40.95,On Belt
76157,-1.1995,-10.4124,3.1651,-15.4351,-38.8702,11.1145,40.72,On Belt
76224,-0.1437,-9.3685,1.8986,22.1374,-48.8092,22.0000,41.24,On Belt
76294,0.8236,-9.2751,0.0622,8.6718,-37.5573,8.1832,40.91,On Belt
76361,0.1724,-10.2328,0.5938,-11.2824,-19.8626,-11.9847,41.09,On Belt
76428,-0.9697,-10.5417,2.1859,-0.7634,-7.6794,-7.1145,41.09,On Belt
76495,-0.4573,-9.5433,1.3336,17.9847,-17.6183,9.4046,40.95,On Belt
76568,0.5650,-8.6862,0.8452,2.5344,-29.8321,7.0534,41.09,On Belt
76635,0.1077,-8.9376,1.2546,-7.7557,-20.8244,0.8855,40.95,On Belt
76702,-1.1612,-9.2296,1.8842,-9.3893,-16.2137,12.7634,41.19,On Belt
76769,-0.8404,-10.1203,2.5067,-6.5649,-28.2901,15.1603,41.24,On Belt
76839,-0.4334,-10.3908,1.9776,1.7710,-27.2519,12.4427,41.24,On Belt
76906,0.1101,-10.0916,1.9752,16.3511,-22.4580,5.8321,41.19,On Belt
76973,0.2179,-9.5289,0.3807,9.3588,-29.7710,-15.8931,41.38,On Belt
77040,-0.4836,-9.1794,1.2833,-8.9466,-5.1298,-4.7023,41.19,On Belt
77107,-0.5794,-9.7540,2.1835,-13.4656,1.0840,6.1069,41.05,On Belt
77174,-0.3974,-9.7252,2.8108,-9.1756,-12.4580,-1.4198,41.24,On Belt
77241,-0.7709,-9.4691,2.3391,-5.2061,-18.0916,-0.2443,41.24,On Belt
77311,-0.3256,-9.6630,1.8340,0.1679,-13.9084,-2.7328,41.05,On Belt
77378,-0.1748,-10.1778,1.4317,-3.4809,-1.5420,-6.7634,41.09,On Belt
77445,-0.3424,-10.1730,1.5706,-0.8397,8.1221,-12.7634,41.24,On Belt
77512,0.1077,-9.8857,1.1588,1.5573,19.8931,-13.0229,41.09,On Belt
77579,0.0934,-9.2105,1.3360,-5.6489,27.1603,-17.7710,41.24,On Belt
77646,0.0359,-8.9615,1.8579,-12.3359,33.4198,-19.4046,41.19,On Belt
77713,-0.4357,-9.5122,1.8914,-15.6183,43.5420,-14.9160,41.09,On Belt
77780,-0.3400,-10.6925,3.4213,-24.1221,40.8550,-14.2290,41.19,On Belt
77850,-0.7638,-8.6766,3.5626,13.8015,8.7023,7.1145,40.86,On Belt
77917,1.1851,-9.0692,1.2881,6.7634,-5.8015,8.1832,41.38,On Belt
77984,0.6871,-10.3310,1.6424,-15.3893,-17.2061,-12.9008,41.24,On Belt
78051,0.5387,-9.7875,2.6935,16.7939,-20.3817,5.3588,41.24,On Belt
78118,1.1971,-10.0892,0.9026,42.6260,-21.3740,7.3130,41.38,On Belt
78185,1.2498,-9.8019,0.4884,27.2061,-5.3740,6.1985,41.28,On Belt
78252,1.8148,-9.0118,0.1891,21.2366,4.7328,-11.9695,40.91,On Belt
78338,0.6416,-8.7221,-0.6057,-27.1450,16.4580,6.3664,41.38,On Belt
78405,0.7805,-8.7676,0.8547,-47.6947,8.3664,7.2214,41.09,On Belt
78472,0.9481,-10.2089,0.8978,-70.1374,21.4809,10.0305,41.09,On Belt
78539,0.4022,-10.3382,2.4421,-55.6183,9.3130,2.3969,40.95,On Belt
78606,0.4357,-10.2376,1.8531,-34.3053,7.7099,6.9924,41.09,On Belt
78673,-0.1389,-9.2320,2.1117,-20.1221,-8.4122,10.0153,41.24,On Belt
78740,0.6488,-9.8354,2.2553,-12.4122,-23.2824,11.0229,41.42,On Belt
78807,0.6105,-11.3078,1.4581,-5.4351,-34.4885,-5.8626,41.38,On Belt
78877,-0.8643,-10.3358,2.1787,30.9160,-24.3053,-3.7863,41.24,On Belt
78944,-0.0527,-10.0509,-0.6297,60.0458,-24.1221,3.0382,41.09,On Belt
79011,0.3615,-9.9407,-1.4485,38.9924,-6.5038,-13.1450,40.86,On Belt
79078,-0.9864,-8.9280,-0.6201,11.2061,0.0153,-10.0763,41.09,On Belt
79145,-0.0982,-8.6550,0.2442,2.1679,8.0916,3.5115,41.09,On Belt
79212,-0.7709,-8.9352,-0.1748,-13.8473,13.9847,3.6031,41.24,On Belt
79279,-0.5507,-9.6558,1.3336,-19.2061,19.1756,8.0000,41.28,On Belt
79349,-0.5124,-9.8067,1.1803,-18.8092,13.0992,9.4656,41.42,On Belt
79416,-0.0215,-9.9479,1.5802,-12.9008,9.3893,10.7786,40.95,On Belt
79483,0.4573,-10.3741,1.7837,-11.4962,14.0611,1.8626,41.19,On Belt
79550,-0.1317,-9.8497,1.4892,8.4427,14.3511,0.9924,41.05,On Belt
79617,-0.0886,-9.2177,1.2689,2.1679,10.0763,-1.5573,40.95,On Belt
79684,-0.3304,-9.9383,1.8364,-7.8168,2.1679,-4.0916,41.05,On Belt
79751,-0.5004,-10.3142,2.2194,5.3435,-4.9771,-4.7634,41.09,On Belt
79818,-0.3065,-9.7947,1.1205,22.5344,-5.8779,-1.9695,40.91,On Belt
79888,-0.0048,-9.6343,0.6871,2.7634,-7.2977,-2.3206,40.95,On Belt
79955,-0.1844,-9.4619,1.2330,-3.4656,-16.5344,-8.0305,41.19,On Belt
80022,0.3208,-9.9718,2.0039,-1.6947,-9.3282,-3.2824,41.24,On Belt
80089,-0.1772,-9.9359,1.1995,9.5267,-15.5267,-10.7481,40.86,On Belt
80156,0.6273,-9.3015,0.6249,21.2061,-4.4580,-11.4656,41.24,On Belt
80223,-0.1915,-8.5521,-1.4700,12.1374,6.9313,-10.6870,41.19,On Belt
80290,0.5602,-9.5529,-0.6680,-39.1603,20.0763,-8.9160,41.19,On Belt
80360,-0.4190,-9.7779,1.0654,-42.3969,32.4733,-11.6947,41.09,On Belt
80427,0.5770,-10.7476,1.5754,-27.6183,63.4504,1.8779,41.05,On Belt
80494,0.3519,-10.5273,1.0942,-13.3588,65.6336,-4.6718,40.95,On Belt
80561,-0.0790,-9.6989,1.3360,-14.9008,62.4580,-5.2214,41.09,On Belt
80628,0.7183,-9.5912,2.0542,-15.0687,80.4427,14.8244,41.19,On Belt
80695,1.2378,-9.8450,2.5977,0.5038,62.1832,3.6183,41.19,On Belt
80762,0.9864,-10.3094,2.5881,16.1527,44.4733,-10.4275,41.28,On Belt
80829,0.5555,-9.8138,1.4629,34.6718,33.2519,-22.2137,41.19,On Belt
80899,0.2394,-8.6981,0.2945,32.3206,24.4580,-12.8550,40.95,On Belt
80966,0.3400,-8.6143,-0.3184,13.2214,19.8321,-6.7939,40.95,On Belt
81049,0.5818,-8.9040,-0.0862,-17.5878,29.6489,6.7634,40.91,On Belt
81116,0.1269,-9.0261,0.7781,-26.1985,32.8702,8.3664,41.28,On Belt
81183,0.5602,-9.6271,1.6975,-26.2290,32.9313,15.8931,41.24,On Belt
81250,0.6967,-9.5170,1.1564,-16.0305,26.9924,14.9618,41.38,On Belt
81317,0.9026,-9.8809,1.6712,-19.2366,24.7176,13.3435,40.91,On Belt
81387,0.8188,-10.8314,2.0255,-13.0992,23.9542,14.6412,41.09,On Belt
81454,0.9649,-10.5967,2.9904,2.4122,16.2290,8.1221,40.95,On Belt
81521,0.9385,-9.8354,1.6688,35.5878,15.2061,4.1527,41.09,On Belt
81588,0.7805,-10.5201,0.2514,31.0076,17.1756,-6.9924,41.24,On Belt
81655,-0.4693,-10.0892,0.3112,21.0840,37.1145,-10.4580,41.24,On Belt
81722,-1.1157,-8.4731,0.7614,24.7176,41.0992,7.6031,41.24,On Belt
81789,-0.3998,-8.2313,0.7757,10.3969,34.5649,3.8779,41.19,On Belt
81856,-1.0630,-8.5545,0.3615,3.3588,34.4733,-3.9084,41.19,On Belt
81926,-1.7861,-9.7899,-0.0622,-6.7939,54.1527,-3.3588,41.09,On Belt
81993,-1.5227,-10.3860,0.9290,-36.1679,42.0916,2.1069,41.19,On Belt
82060,0.2945,-11.2623,1.7119,-35.3282,38.9771,-12.9924,41.19,On Belt
82127,-0.9744,-9.2895,2.2362,-19.5573,64.4580,2.5802,41.09,On Belt
82194,-0.3065,-9.3326,1.8340,-19.1756,61.1603,-3.6336,41.09,On Belt
82261,-1.6472,-10.4172,3.1891,-39.1450,38.5344,-14.7634,41.24,On Belt
82328,-1.7262,-9.9910,4.0797,-15.0076,9.0229,-8.3664,41.05,On Belt
82398,-0.5890,-10.6159,2.8706,30.7786,-0.4275,12.6718,41.38,On Belt
82465,0.5986,-10.6350,0.9146,51.0840,2.9466,10.7023,41.38,On Belt
82532,0.6536,-10.6087,0.2203,45.6183,21.5878,5.7863,41.09,On Belt
82599,0.3998,-9.3685,-0.2179,42.4275,41.1756,-6.4427,40.91,On Belt
82666,0.4525,-10.0868,-1.3695,16.8244,65.7710,-22.4733,41.19,On Belt
82733,-1.7286,-9.0836,0.3328,-15.7405,77.1145,-32.7939,40.95,On Belt
82800,-0.3567,-8.6024,0.7638,-1.2366,52.9924,-28.5496,41.38,On Belt
82867,-0.4166,-8.9591,-0.2682,-26.9160,70.0763,-29.0534,41.09,On Belt
82937,0.0646,-9.1602,2.0087,-28.8855,72.1985,-19.3740,41.38,On Belt
83004,-0.1341,-9.9168,3.2370,-43.1298,64.1374,-4.7786,41.19,On Belt
83071,0.9960,-9.2416,5.0254,-6.3969,25.8779,-10.8244,41.05,On Belt
83138,1.0223,-9.3733,3.3854,5.7557,1.2672,4.1679,41.09,On Belt
83205,0.9242,-9.7947,3.2010,7.3435,-37.7099,3.0534,41.19,On Belt
83272,0.8715,-9.4140,2.7102,10.6718,-67.0687,4.4427,41.09,On Belt
83339,0.7709,-9.4427,1.8723,8.9924,-88.1527,7.3435,41.24,On Belt
83409,0.4525,-8.9950,1.2546,13.2672,-110.4275,-0.0305,41.24,On Belt
83476,-0.6440,-9.3757,0.3831,-4.5344,-100.2443,10.2443,40.91,On Belt
83543,-0.7901,-8.6742,1.5706,-6.6260,-95.2214,26.6718,41.09,On Belt
83610,-1.1947,-8.2672,1.4126,-13.4046,-107.3893,18.3053,40.91,On Belt
83677,-1.6855,-8.5928,1.6903,-33.4962,-133.2366,-1.0992,41.05,On Belt
83744,-2.3918,-11.9973,2.3415,-53.9237,-129.7863,-1.7710,41.05,On Belt
83826,-2.0614,-12.4929,5.1547,1.5573,-136.5191,3.6794,40.95,On Belt
83893,-1.7478,-10.9271,1.8938,71.8321,-120.1985,29.2672,41.19,On Belt
83963,0.1844,-10.1299,-0.9816,84.7176,-88.9771,39.7863,41.05,On Belt
84030,0.5531,-9.0932,-1.8052,52.0916,-30.8855,8.2290,40.95,On Belt
84097,-2.2314,-8.7077,-0.4645,-34.7786,-41.8779,-16.5649,41.05,On Belt
84164,-1.2498,-8.8873,1.8052,-70.7023,-56.0611,-20.4275,41.09,On Belt
84231,-0.7015,-9.2344,2.7557,-60.7481,-55.7252,-3.4809,41.24,On Belt
84298,0.0311,-10.2352,2.9856,-43.1298,-41.1756,-0.4122,40.91,On Belt
84365,0.0862,-11.5185,3.2729,-25.9084,-33.2519,-12.8397,40.86,On Belt
84435,-1.2163,-10.7356,3.4979,11.5573,-27.9237,-5.2214,40.86,On Belt
84502,-0.4405,-9.2177,1.5203,47.7557,-51.5420,12.4427,40.91,On Belt
84569,0.2107,-8.4827,-0.8116,35.2061,-54.2595,12.4733,40.86,On Belt
84636,-0.2969,-8.5114,0.3687,-17.3435,-55.8626,6.0153,40.95,On Belt
84703,-1.2163,-9.1075,1.7717,-18.5649,-84.9160,5.1908,40.95,On Belt
84770,-0.3424,-10.6398,1.6448,-1.8015,-85.0382,18.1832,40.91,On Belt
84837,0.0742,-10.9104,1.2833,19.2977,-91.2061,5.9847,41.05,On Belt
84907,0.1460,-10.5058,1.8842,25.5725,-75.7405,3.5725,41.19,On Belt
84974,-0.5890,-8.7484,0.6991,42.2901,-65.9237,7.4962,41.24,On Belt
85041,-0.3903,-7.6255,-0.3711,19.6336,-50.6412,17.0382,41.09,On Belt
85108,-1.1277,-8.2145,-0.5171,-23.8015,-32.1832,26.7176,41.19,On Belt
85175,0.0982,-10.1969,2.3320,-50.5344,-18.8092,20.1069,40.91,On Belt
85242,-0.5219,-10.3549,4.1324,-41.2061,-38.0305,-2.0000,40.86,On Belt
85309,-0.5890,-10.9750,4.2186,-14.7939,-51.3435,6.0763,41.09,On Belt
85376,-1.0415,-10.3022,4.0510,29.5420,-57.9695,8.0916,40.95,On Belt
85446,0.2514,-10.3238,1.3623,66.0763,-32.7634,27.1603,41.05,On Belt
85513,0.3974,-9.3063,-0.8068,57.4656,-12.1832,10.4885,40.72,On Belt
85580,-0.6823,-8.0469,-0.3280,4.4885,8.7939,10.9466,40.91,On Belt
85647,0.1508,-7.9751,-0.2418,-11.0992,24.1069,3.8931,41.05,On Belt
85714,-1.1851,-8.6431,1.3695,-49.2214,34.4733,-10.1527,40.95,On Belt
85781,-1.2450,-10.8745,2.7964,-64.0305,-2.6870,-34.3664,41.19,On Belt
85848,-2.7246,-11.9375,1.5945,-57.0840,-27.9695,-32.7328,40.95,On Belt
85918,1.4269,-11.5017,3.8379,-20.0916,-60.1069,-54.4733,41.05,On Belt
85985,-2.5067,-7.1754,-3.3303,-23.1908,-58.2901,-21.2061,40.95,On Belt
86052,0.7997,-9.4858,0.8811,-94.4885,33.8015,58.1985,41.24,On Belt
86119,1.0295,-10.7284,4.4867,-70.5496,-5.0076,-3.9847,40.95,On Belt
86186,-0.8763,-11.0684,2.8419,-23.8626,30.9924,18.9618,41.42,On Belt
86253,-0.5100,-11.0133,3.7781,35.5725,31.8779,24.7634,41.09,On Belt
86320,0.0838,-10.4267,1.0894,70.9160,1.5878,-2.0916,41.19,On Belt
86421,-0.9984,-10.0102,-0.0239,51.6794,21.4046,-10.6870,41.19,On Belt
86489,-0.9170,-11.3054,0.9409,23.9695,19.3282,-16.7939,41.05,On Belt
86556,-0.1652,-10.3262,2.6312,83.4504,-6.8397,0.9466,41.19,On Belt
86623,1.1875,-8.8585,-1.8771,119.6183,-3.8779,-8.7939,41.05,On Belt
86690,0.1245,-6.9767,-3.5721,41.7863,25.1298,0.0153,41.05,On Belt
86757,1.2522,-7.4555,-1.8244,-66.5802,22.7634,0.9008,41.28,On Belt
86824,1.2546,-8.8729,-1.0056,-98.9008,39.8473,-12.9924,41.09,On Belt
86891,0.4453,-11.3749,0.7422,-140.4733,72.3359,0.9924,40.95,On Belt
86961,-0.4669,-11.6861,3.0861,-107.5573,48.4122,-11.6489,40.91,On Belt
87028,-0.8523,-10.8984,3.8930,-68.7481,46.3969,8.4580,41.09,On Belt
87095,-0.3711,-10.7332,2.9904,-18.9160,22.5038,8.1527,41.05,On Belt
87162,-0.8499,-10.1418,3.0718,5.7557,3.4198,20.5191,40.95,On Belt
87229,-0.0048,-10.5728,1.1923,48.0916,-14.7328,16.5496,40.86,On Belt
87302,-0.0096,-10.5800,-1.2163,70.0153,-12.5496,27.0076,41.24,On Belt
87369,0.0239,-11.8944,-2.2362,61.4809,27.3435,26.1221,40.95,On Belt
87439,-0.1987,-9.6726,0.6680,68.9160,27.1603,37.7405,40.95,On Belt
87506,1.3168,-10.5560,-0.3974,83.6794,13.4046,-1.7863,40.91,On Belt
87573,-1.5371,-9.9838,-1.1636,60.5191,37.6183,-36.6718,41.09,On Belt
87640,-2.8156,-8.1786,0.0934,32.4427,59.7557,-16.5191,40.95,On Belt
87707,-0.9313,-7.7548,-1.0439,-9.2824,60.9313,1.5420,40.86,On Belt
87774,-0.9242,-9.5002,-0.0479,-60.0305,74.5954,-29.2519,40.91,On Belt
87841,-2.1715,-9.9288,1.2354,-76.3511,79.9847,-32.5344,41.19,On Belt
87908,-1.4461,-10.9750,2.9137,-74.2595,84.9466,-23.1908,40.91,On Belt
87978,-1.8531,-10.6135,1.7621,-25.6641,97.3435,-4.6260,40.95,On Belt
88045,0.3903,-11.3437,0.5219,5.6947,69.0534,-35.5878,41.24,On Belt
88112,-3.3734,-9.1794,0.1437,-8.3511,113.0840,-15.2824,40.91,On Belt
88179,1.1444,-9.8689,2.4301,28.7176,99.1908,-2.3664,41.28,On Belt
88246,-1.5347,-8.5258,-1.2067,17.9389,90.2901,-6.6565,40.95,On Belt
88313,1.8124,-9.7683,3.1364,-12.0916,77.4809,-3.1298,40.95,On Belt
88380,-0.3472,-9.4284,1.4317,24.8244,54.0153,-8.9924,41.24,On Belt
88450,-0.0790,-8.7197,0.8978,21.2519,49.4656,9.2061,40.91,On Belt
88517,0.1939,-9.1530,1.2330,2.9771,41.0992,14.7023,40.86,On Belt
88584,0.6345,-9.3613,1.4389,10.1374,36.4580,20.6412,41.05,On Belt
88651,0.7973,-9.7540,1.3647,-1.0534,25.1145,17.9847,40.91,On Belt
88718,0.8452,-9.8569,1.9441,-7.0840,10.9313,9.2672,40.95,On Belt
88785,0.7446,-9.9288,2.6671,-1.1756,-0.8092,5.6641,40.91,On Belt
88852,0.8092,-11.3892,1.5131,13.9084,4.0916,-9.3282,41.19,On Belt
88919,-0.3184,-10.2352,2.3152,27.5420,39.7099,-14.8855,40.95,On Belt
88989,-0.6943,-9.1626,1.4964,46.1985,45.4656,-11.0382,40.91,On Belt
89056,-0.7446,-9.3111,1.5227,26.7176,37.8168,-13.1603,40.72,On Belt
89123,-0.5387,-10.1754,1.7789,23.6641,45.1603,-12.5802,40.95,On Belt
89197,-1.7502,-9.4619,2.1261,19.3130,60.2748,-3.0229,41.19,On Belt
89264,-1.1779,-9.1147,3.3662,13.6489,60.7176,-5.5725,40.91,On Belt
89331,-1.9609,-8.5234,3.0718,17.4046,36.8244,-8.0000,40.95,On Belt
89398,-1.4916,-8.4013,2.7797,14.0153,31.2824,-6.7023,41.19,On Belt
89468,-0.8308,-8.9926,2.8012,-8.0916,51.0382,0.3817,40.91,On Belt
89535,-1.4174,-9.2895,3.0622,-27.4351,39.7405,-4.3817,40.86,On Belt
89602,-0.6249,-9.7659,3.8211,-35.0534,44.7634,3.2672,41.19,On Belt
89669,-0.8116,-9.3948,3.9456,-18.1679,26.7481,-5.2214,41.05,On Belt
89736,-0.1748,-8.9807,3.4572,-2.8397,36.1832,-12.0000,40.91,On Belt
89803,-0.7661,-9.4164,2.8539,-0.6107,49.7099,-17.5114,40.95,On Belt
89870,-1.9273,-9.4499,3.2968,-3.6641,51.4198,-17.8626,40.86,On Belt
89937,-1.2953,-10.5824,3.3974,-4.9771,35.5725,-9.6947,41.05,On Belt
90007,-1.5730,-11.1019,4.1659,-9.3435,36.2443,-1.6641,40.91,On Belt
90074,-0.5650,-10.3310,4.7621,17.0229,5.6794,9.1298,40.72,On Belt
90141,0.9361,-9.8833,2.0542,43.4504,-14.2443,-22.5038,40.95,On Belt
90208,-0.6033,-8.8226,0.8236,32.3511,9.0840,-30.1221,41.05,On Belt
90275,-1.0630,-8.2768,1.0319,12.3053,8.4733,-22.9924,40.77,On Belt
90342,-0.2131,-8.6407,0.9840,2.3206,4.7176,-14.2137,40.95,On Belt
90409,-0.8116,-8.4252,0.7733,-14.1832,17.7557,-9.1450,40.91,On Belt
90479,0.0192,-9.2943,2.3439,-40.1374,13.5878,2.5191,40.91,On Belt
90546,-0.0072,-9.8952,3.3830,-29.2061,7.6947,2.6412,40.91,On Belt
90613,0.7063,-9.2273,3.1340,-7.4809,10.3053,5.8626,40.91,On Belt
90680,1.1779,-9.7779,2.3391,-14.8244,7.7099,-5.2214,40.86,On Belt
90747,0.2682,-8.7843,2.5762,-9.1145,9.6641,-1.7099,40.91,On Belt
90814,0.5794,-9.0884,2.8539,-18.1527,10.3817,10.3817,40.95,On Belt
90881,0.0934,-9.2703,2.6480,-17.5573,-2.7023,7.3435,40.91,On Belt
90948,0.3424,-10.0269,3.6943,-17.0840,-12.1069,9.8931,41.19,On Belt
91018,0.1030,-9.9862,3.7709,5.6794,-22.4886,12.4885,40.91,On Belt
91085,0.6057,-9.9862,2.7821,26.4886,-28.4427,14.0611,40.91,On Belt
91152,0.1532,-11.1761,1.2354,23.5725,-28.5344,2.2290,41.09,On Belt
91220,-0.8164,-8.9064,1.7262,22.3359,-12.3511,6.5344,40.91,On Belt
91287,-0.4549,-8.7101,0.4669,16.5802,-13.5115,5.0229,40.67,On Belt
91354,-1.1540,-8.4707,0.7590,-9.0382,-5.3588,-6.8397,40.91,On Belt
91421,-2.3367,-9.5888,1.2163,-36.4427,-0.4733,8.7786,41.05,On Belt
91491,-1.8771,-8.9208,1.9632,-30.5649,-15.4351,12.0000,40.91,On Belt
91558,-1.6496,-9.8593,0.9505,-42.8855,-9.7863,9.0534,40.91,On Belt
91625,-1.9944,-9.7516,2.0446,-55.1298,-11.6794,10.8855,41.24,On Belt
91692,-1.5371,-9.4954,3.0167,-28.5344,-16.5802,13.1756,41.09,On Belt
91759,-1.2258,-10.3741,1.9417,-14.2443,-3.5878,12.3206,40.95,On Belt
91826,-1.5754,-11.0636,2.5786,-4.7634,8.0153,1.0992,41.09,On Belt
91901,-0.8667,-10.4028,3.4237,29.6183,-6.0153,-1.4351,40.77,On Belt
91968,-0.6680,-9.9982,1.1636,44.8550,-3.6489,-8.6107,40.91,On Belt
92038,-0.5435,-9.6869,1.4269,34.1069,-2.1985,-16.8550,40.95,On Belt
92105,-1.0223,-9.4715,0.7518,34.4427,5.3130,-24.9466,40.91,On Belt
92172,-1.0630,-9.4571,0.7614,15.0076,9.9084,-20.3206,40.95,On Belt
92239,-1.8244,-8.5617,0.2993,2.9008,13.2672,-15.3282,41.05,On Belt
92306,-1.1540,-7.7428,0.7925,-11.8321,5.8473,8.0305,41.19,On Belt
92373,-0.2227,-8.9926,-0.5483,-37.0382,7.2214,4.2137,40.95,On Belt
92440,-0.5626,-9.8138,0.7159,-59.6489,4.2901,-5.3740,40.67,On Belt
92510,-0.7207,-10.5608,1.8818,-50.3969,18.4427,-1.6183,40.86,On Belt
92577,-0.4334,-11.0540,1.4509,-26.7023,33.2977,-0.9618,40.95,On Belt
92644,-0.2777,-9.9671,2.7078,-15.1450,44.0000,-9.4504,40.95,On Belt
92711,-0.7614,-9.6343,1.9609,-3.0840,17.5725,-3.9695,41.19,On Belt
92778,-0.2394,-9.9216,1.9178,3.6183,9.2824,1.0229,40.77,On Belt
92845,-0.3687,-9.8881,1.1492,20.5191,4.3664,0.9313,41.19,On Belt
92912,-0.4932,-9.8258,1.4317,16.6870,-4.1069,0.6107,40.72,On Belt
92979,-0.6369,-10.1323,1.2929,16.4122,-16.0763,-2.0611,40.95,On Belt
93049,-1.0511,-10.1873,3.4381,18.0153,-41.0076,-8.4885,41.05,On Belt
93116,-0.9960,-10.7069,3.4979,37.3130,-55.9847,-5.6794,40.86,On Belt
93183,-1.2402,-10.3932,3.1149,63.4504,-70.5802,-2.8550,40.77,On Belt
93250,-1.6209,-10.1227,2.2817,70.6107,-71.2366,10.4275,40.95,On Belt
93317,-0.5028,-9.7229,2.7246,59.3282,-47.1298,35.8473,41.05,On Belt
93384,0.8547,-8.2959,0.8978,60.3359,-57.2061,19.9084,40.86,On Belt
93451,2.8946,-7.6327,-0.8978,3.0534,-9.1908,-0.0763,40.86,On Belt
93521,0.7446,-7.0054,0.9505,-30.0458,32.0305,2.9466,40.91,On Belt
93588,0.3687,-8.9208,2.7102,-75.9847,53.0840,-11.3588,40.95,On Belt
93655,-0.1389,-9.8354,3.4261,-74.9924,37.2977,-25.4504,40.77,On Belt
93722,-1.0271,-10.7308,4.3407,-67.2519,37.9847,-11.5267,40.91,On Belt
93789,-0.3160,-10.5608,4.0175,-38.3053,34.2137,5.5115,40.91,On Belt
93856,-0.6105,-9.8186,3.2058,-24.0458,3.6794,2.1069,41.05,On Belt
93923,-0.1987,-9.5792,2.6576,-26.4275,-8.1832,9.2061,40.95,On Belt
93990,-0.1508,-9.3805,2.2984,-20.6565,-26.2901,5.0382,40.91,On Belt
94060,-0.6656,-9.6199,2.6743,-29.7710,-35.5115,8.2290,40.86,On Belt
94127,-0.8739,-10.1394,2.3822,-15.3588,-50.7786,9.9847,40.91,On Belt
94194,-0.9218,-10.4674,2.6911,-10.7328,-60.5802,7.9695,40.95,On Belt
94261,-1.0199,-10.2376,2.3894,15.1450,-66.3511,4.2443,40.77,On Belt
94328,-0.7566,-10.3094,1.3479,20.6412,-62.4580,3.4504,40.77,On Belt
94395,-0.9266,-9.9647,1.1492,19.8473,-63.9542,-4.7328,40.39,On Belt
94462,-0.9792,-9.5361,0.7302,19.8473,-54.6870,-0.3664,41.05,On Belt
94532,-0.8236,-8.8969,0.1317,11.1603,-48.0000,0.2748,41.05,On Belt
94615,-0.6393,-9.0094,0.0168,-21.3740,-36.1527,1.3435,41.19,On Belt
94682,-0.6943,-9.5313,1.4964,-37.0687,-34.0916,0.0611,40.95,On Belt
94749,-0.9313,-9.5888,1.9106,-34.5954,-34.2443,0.0305,41.28,On Belt
94816,-0.8092,-10.3597,3.0550,-38.6718,-42.4122,0.4122,41.19,On Belt
94883,-0.8954,-10.2065,3.8116,0.9771,-54.7481,-8.4885,40.77,On Belt
94950,-0.9888,-10.4603,1.4222,28.6718,-44.1832,2.4733,40.95,On Belt
95020,-0.1772,-10.6207,0.6225,31.7557,-35.1145,-8.0763,40.91,On Belt
95087,-0.3256,-9.7396,0.2298,23.1908,-24.6718,-13.7252,40.95,On Belt
95154,0.1724,-8.9998,0.3232,10.4580,-20.5649,-9.2977,40.86,On Belt
95221,0.5148,-8.7771,-0.2514,-0.6565,-9.5115,-8.4580,41.05,On Belt
95288,-0.1030,-8.7867,-0.0694,-31.8931,4.0000,-2.4885,40.86,On Belt
95355,0.3160,-9.8234,1.5131,-46.5802,16.8550,1.3435,40.86,On Belt
95422,0.0646,-9.8162,2.7845,-35.2824,9.9542,2.8397,40.91,On Belt
95489,0.6776,-10.1610,2.3511,-16.5344,0.6718,-5.5725,40.67,On Belt
95559,0.4669,-9.9551,2.3894,-5.7405,-8.8397,-8.3359,41.09,On Belt
95626,0.7661,-9.5098,2.5355,16.5496,-13.9237,-10.4275,40.91,On Belt
95693,0.7135,-9.3972,1.3024,26.7939,-20.8550,-3.3282,40.95,On Belt
95760,0.8691,-10.6398,0.7350,18.1679,-20.4275,-1.0534,40.72,On Belt
95827,1.6664,-10.6303,1.9896,20.9618,-26.9618,-2.9771,40.67,On Belt
95894,1.3599,-9.3518,0.6464,25.9542,-28.3969,-12.6107,41.09,On Belt
95961,1.2450,-8.1930,0.6800,5.0382,-21.9237,-2.9618,40.72,On Belt
96031,0.9673,-7.9583,0.9912,-14.6565,-25.3740,-2.9008,40.67,On Belt
96098,0.9625,-8.8394,1.4341,-34.8244,-23.2824,10.2290,41.09,On Belt
96165,0.7470,-9.8090,2.4565,-36.4580,-26.8702,9.2977,40.91,On Belt
96232,0.7901,-9.7037,3.0119,-8.8244,-30.6565,13.5115,40.67,On Belt
96299,1.0080,-10.0102,1.8675,7.6794,-31.4962,13.9237,40.95,On Belt
96366,1.2881,-10.4411,1.7238,11.3893,-29.2977,7.1298,40.95,On Belt
96433,0.7278,-10.4028,0.8667,19.5878,-28.0763,4.2901,40.95,On Belt
96500,0.6225,-10.4794,0.9601,8.5954,-21.1450,4.1221,40.77,On Belt
96570,0.4621,-9.4355,0.7901,22.1221,-20.9924,0.6260,40.95,On Belt
96637,0.3735,-9.0549,-0.3711,14.3359,-6.9313,1.6183,41.05,On Belt
96704,0.0718,-9.5768,-0.0718,-10.8092,7.3740,-1.0992,40.95,On Belt
96771,-0.0048,-9.6151,1.1636,-18.7328,2.9924,1.9237,40.86,On Belt
96838,0.9337,-9.9168,0.9960,-7.4504,13.1603,-1.4198,40.91,On Belt
96905,0.6823,-9.9311,1.1468,-11.2824,27.4809,-4.9466,40.77,On Belt
96972,0.1269,-9.2847,1.3096,-5.8931,28.5191,-4.1069,41.05,On Belt
97039,0.4501,-9.3541,1.3910,-12.6260,24.3664,-1.0992,40.95,On Belt
97109,0.2753,-9.7276,1.1875,-13.3130,22.8397,-3.4046,40.91,On Belt
97176,0.4980,-9.6199,1.2905,-12.8397,23.5573,-2.0763,40.91,On Belt
97243,0.5842,-9.8593,0.2993,-16.8550,21.2519,-4.1832,40.72,On Belt
97310,1.0846,-10.9056,0.7446,-27.5573,28.8092,-10.6260,40.86,On Belt
97422,3.2489,-10.4339,1.0702,-24.6412,15.9695,-32.1374,40.91,On Belt
97512,1.2258,-9.4619,2.9185,-12.9924,45.8473,-23.0229,40.91,On Belt
97579,0.8308,-9.6079,2.6695,18.6107,30.5496,-10.0000,41.05,On Belt
97649,0.8428,-9.7468,1.2953,32.0763,18.7176,-10.0458,40.77,On Belt
97716,0.2849,-9.2201,0.6536,28.3359,25.4046,3.7557,41.09,On Belt
97783,0.7446,-8.4970,0.7638,28.7634,21.0840,14.9313,40.86,On Belt
97850,1.4557,-8.3534,-0.2897,18.8244,16.7328,15.1756,41.05,On Belt
97917,0.9218,-8.6167,-0.8571,-10.5344,25.2214,18.4427,40.91,On Belt
97984,1.6520,-9.8019,0.8571,-31.6183,36.6718,12.9008,40.77,On Belt
98051,0.4381,-10.0006,1.5395,-26.9313,39.4504,5.6794,40.91,On Belt
98118,0.4621,-10.1394,1.8483,-17.0840,46.9924,15.7099,40.67,On Belt
98188,1.1660,-9.7157,1.8771,-1.9084,37.8473,8.5038,40.91,On Belt
98261,0.9577,-9.9455,1.0367,-8.7023,46.3206,10.2748,40.67,On Belt
98328,1.5514,-10.3908,2.2505,-9.8779,45.9389,0.7176,40.95,On Belt
98395,0.7661,-10.2065,2.5905,5.6031,45.9237,-6.4885,40.86,On Belt
98462,0.2514,-10.0269,2.5546,16.1679,49.6336,-3.5115,40.91,On Belt
98529,-0.1365,-9.2201,2.9473,27.1298,36.5496,-0.3664,40.77,On Belt
98596,-0.5483,-8.3175,1.0989,29.0076,9.2214,6.5191,40.91,On Belt
98666,-0.0335,-8.4180,-0.1460,0.7481,13.4504,16.5802,40.91,On Belt
98733,0.0862,-10.1155,1.1756,-52.3817,6.5038,14.4580,41.19,On Belt
98800,0.6057,-10.4531,4.0270,-37.9695,1.0382,5.6641,40.67,On Belt
98867,0.6321,-10.1083,2.9951,13.3282,4.3206,7.4504,40.72,On Belt
98934,0.2442,-10.4100,2.0638,8.1374,9.7863,-6.1832,40.86,On Belt
99001,-0.7230,-9.6798,3.5410,15.6794,-4.9618,-13.2366,40.91,On Belt
99068,-0.9697,-8.7293,1.6448,41.8473,-16.2595,-1.8779,40.77,On Belt
99135,-0.4645,-9.3805,0.1987,16.5802,-6.0916,-1.0687,41.09,On Belt
99205,-1.8747,-8.9423,0.4860,-18.4580,-5.0992,0.9313,40.72,On Belt
99272,-1.8962,-9.7899,1.8866,-47.8321,-3.2061,12.8397,40.72,On Belt
99339,-1.7573,-9.4379,4.6136,-53.2824,-33.5573,17.9389,40.77,On Belt
99406,0.0192,-9.8904,4.4077,2.1832,-70.9466,1.6794,40.91,On Belt
99473,-0.3879,-10.6231,1.3527,3.1450,-99.7252,-30.6565,40.72,On Belt
99540,0.1820,-11.1259,1.3551,13.3435,-21.7099,-0.5191,40.86,On Belt
99607,-0.3304,-10.5177,2.0423,44.5038,17.1603,20.4275,40.67,On Belt
99677,0.2586,-8.8801,0.6823,47.6641,-1.6794,7.1450,40.95,On Belt
99744,0.2083,-8.2576,-0.5938,14.3053,1.9695,-0.7939,40.86,On Belt
99811,0.1341,-8.5736,-0.0168,-19.4046,24.8397,-10.0611,40.91,On Belt
99886,-1.3982,-9.2249,0.7614,-45.0534,51.8321,1.2519,40.86,On Belt
99953,-1.0439,-10.1394,2.8754,-49.5420,47.8168,3.2977,40.86,On Belt
100020,-0.3208,-10.5991,3.0071,-15.5420,38.9924,1.5573,40.86,On Belt
100087,-0.5076,-10.5776,1.6735,3.3282,49.1603,-6.2290,40.67,On Belt
100154,-0.9146,-9.7851,2.3343,-6.3511,55.2824,-5.6794,40.72,On Belt
100224,-1.1612,-9.0118,3.0526,2.6870,29.9695,-6.1985,41.09,On Belt
100291,-0.9960,-9.1099,1.6233,3.6336,18.3206,0.9924,40.86,On Belt
100358,-0.7350,-9.9838,1.9848,-17.5725,8.5038,-2.2595,40.95,On Belt
100425,-1.0175,-9.9311,3.4788,-15.0229,-12.0153,-2.1374,40.77,On Belt
100492,-0.2298,-9.9383,3.4141,11.5267,-29.5114,1.1298,40.95,On Belt
100559,0.4741,-10.2376,1.9872,23.0534,-35.2366,-8.3206,40.95,On Belt
100626,-0.0575,-9.7612,1.3743,18.9618,-32.7176,-15.6641,40.67,On Belt
100696,-0.5483,-9.4451,1.1923,14.6718,-32.5191,-10.6870,40.95,On Belt
100763,-0.3089,-9.2249,1.4245,4.3817,-37.3740,-2.8397,40.77,On Belt
100830,0.0622,-9.2656,1.1372,1.9542,-42.9008,-1.2977,40.95,On Belt
100897,0.3783,-9.2512,1.4892,-4.4275,-40.2595,-3.4046,40.77,On Belt
100964,0.4788,-9.2225,1.2522,3.3588,-34.4580,-6.1679,40.95,On Belt
101031,0.3017,-9.0812,0.5195,1.4504,-18.5191,-4.0305,40.95,On Belt
101098,-0.4525,-10.0078,0.8164,-23.5114,-7.8626,4.6718,40.77,On Belt
101165,-0.1197,-9.3661,3.1388,-21.7405,-29.7557,7.6489,41.05,On Belt
101235,0.8930,-9.2871,1.1708,12.6107,-26.7786,13.5573,40.67,On Belt
101302,1.5299,-10.1538,0.3735,-4.6718,1.0076,2.0000,40.91,On Belt
101369,-0.3400,-9.5529,1.5754,-3.5420,16.6718,-6.6565,40.86,On Belt
101436,-0.4621,-9.7612,1.2953,-5.8626,14.4733,12.0305,40.95,On Belt
101503,0.6129,-9.7516,2.1069,-14.7786,-1.0229,3.0382,40.86,On Belt
101570,0.8021,-9.8282,2.0423,-3.2214,9.5725,1.9847,40.77,On Belt
101637,0.5363,-9.1506,1.5706,8.1679,17.5725,-1.3740,40.77,On Belt
101707,0.0120,-8.9639,1.3144,-1.5115,18.8092,-0.5191,40.86,On Belt
101774,-0.5148,-9.5481,1.3910,-15.2214,21.0992,5.1756,40.72,On Belt
101841,-1.1085,-8.6622,2.3583,-19.4962,6.3664,15.2061,40.72,On Belt
101908,-0.7422,-9.3111,2.6528,-27.3588,-15.3435,22.9618,40.67,On Belt
101975,-0.5746,-8.8562,3.5602,-20.3664,-38.3053,24.8550,40.95,On Belt
102042,-0.2179,-10.1011,2.5355,-10.6718,-56.9771,22.0611,40.77,On Belt
102109,0.1724,-12.6103,2.5570,-16.7176,-50.3053,3.0229,40.91,On Belt
102179,-0.7039,-11.1761,3.9624,26.9618,-36.7634,-10.2901,41.09,On Belt
102246,-1.0558,-10.1418,1.2905,54.7023,-36.3206,5.0534,40.77,On Belt
102313,0.0287,-9.8090,0.9385,18.4275,-52.9008,-13.2824,40.91,On Belt
102380,-0.4788,-8.8969,0.8835,2.6718,-52.1985,-21.6641,40.91,On Belt
102447,-0.6129,-8.4156,1.5850,-13.6183,-32.8855,-15.5878,40.67,On Belt
102514,-1.2354,-8.4635,2.3774,-22.2443,-33.5573,-8.8397,40.95,On Belt
102581,-1.4174,-8.5736,2.6169,-17.5114,-37.9084,-0.1985,40.77,On Belt
102655,-0.9601,-9.8090,1.9130,-15.2977,-35.0382,4.8092,40.86,On Belt
102725,-0.9936,-9.9623,2.0590,-8.2595,-23.8015,5.3588,40.95,On Belt
102792,-0.5674,-10.0341,1.6640,-1.9847,-15.2519,10.6870,40.67,On Belt
102859,-0.2370,-10.1394,1.5802,-2.6565,-7.1756,12.1832,40.95,On Belt
102926,-0.2394,-11.0804,2.4014,-5.6947,1.0534,18.4580,40.67,On Belt
102993,0.0239,-9.9311,3.8786,19.5267,-7.9389,22.6718,40.77,On Belt
103060,0.7350,-9.3087,1.4437,33.3588,-25.5267,2.5038,40.86,On Belt
103127,0.1652,-9.0477,1.3862,2.6870,-13.9084,-6.3511,40.72,On Belt
103197,-0.3567,-8.7149,1.9082,13.7405,-24.9008,-10.7939,40.67,On Belt
103264,-0.2658,-8.7293,0.2538,18.2595,-21.9084,5.9237,40.72,On Belt
103331,1.3216,-10.7739,-1.0846,-11.0382,1.3130,8.6718,41.05,On Belt
103398,0.6895,-10.0197,1.5323,-39.6183,7.9542,-4.8244,40.77,On Belt
103465,1.0511,-9.0932,0.5842,-7.3588,8.0916,-7.5115,40.67,On Belt
103532,0.9601,-8.5258,-0.2682,-40.5038,9.0992,-24.2595,40.91,On Belt
103599,0.4860,-9.3901,0.6512,-82.7481,-7.9695,-44.9313,40.91,On Belt
103669,-1.1564,-10.8314,2.9640,-96.6718,-8.7481,-15.9389,40.77,On Belt
103736,-0.0934,-10.4411,4.7788,-18.2748,-18.6565,19.7099,40.72,On Belt
103803,0.9146,-10.5536,1.2186,34.6260,-21.4962,21.6183,41.24,On Belt
103870,1.0223,-10.1682,0.5626,21.7405,-24.6412,7.4504,40.72,On Belt
103937,0.3759,-10.7643,1.3791,25.6336,-35.6641,-6.4427,40.91,On Belt
104004,0.0215,-11.9973,0.3208,37.1603,-16.3664,-2.1832,40.95,On Belt
104071,0.2825,-9.4667,1.0798,65.7863,-15.6183,0.9160,40.72,On Belt
104138,0.7015,-8.7891,-1.2785,62.2595,-1.8931,-5.8779,40.72,On Belt
104208,-0.1125,-7.9176,-0.9074,6.5191,14.1985,-8.7328,40.91,On Belt
104275,-0.5004,-7.8721,0.2873,-28.7634,6.4733,1.7099,40.77,On Belt
104342,0.0694,-9.3206,0.8092,-40.4427,17.2061,9.0382,40.77,On Belt
104409,-0.2586,-9.6247,1.1564,-40.3664,18.6870,0.8550,40.95,On Belt
104476,-0.8236,-10.0437,1.4892,-42.6260,22.0611,7.6641,40.86,On Belt
104543,0.1221,-10.0461,1.2833,-23.6947,16.5496,16.2595,40.91,On Belt
104610,0.3400,-10.1778,1.4748,-34.0153,14.5038,4.1069,40.86,On Belt
104680,0.8045,-10.3406,1.7190,-21.5725,4.8092,-7.7252,40.86,On Belt
104747,-0.1053,-10.3573,1.7909,-15.4351,-0.0611,-8.7176,40.91,On Belt
104814,0.5986,-10.9415,2.4876,7.1145,-2.1221,-6.5954,40.91,On Belt
104881,0.0503,-10.1059,1.0822,45.6183,-2.5802,-10.3206,40.72,On Belt
104948,0.0622,-9.8162,0.0048,37.0076,2.5649,-4.0763,40.86,On Belt
105015,0.0359,-8.6766,-0.1987,27.7405,-4.9160,-5.3130,40.67,On Belt
105082,0.2993,-8.3486,-0.7111,1.5115,1.5267,2.4122,40.86,On Belt
105149,0.1963,-9.1482,0.1006,-19.8779,10.7939,5.0840,40.53,On Belt
105219,0.0311,-10.8433,0.2993,-20.7786,7.2061,-1.4962,40.72,On Belt
105286,-0.0287,-10.8793,0.0431,-18.2748,6.8855,-2.1832,40.95,On Belt
105368,1.3575,-9.6367,-0.0527,-8.1221,28.7786,-3.3893,40.67,On Belt
105435,1.0415,-9.5481,0.5626,-18.5954,47.1450,-19.1450,41.05,On Belt
105502,0.1173,-10.0102,1.5921,-15.6183,49.3130,-23.4809,40.67,On Belt
105569,-0.0622,-9.6774,2.4277,12.8244,48.9160,-6.5038,40.72,On Belt
105636,1.0942,-9.9431,1.8076,25.3588,33.7252,0.4733,40.95,On Belt
105706,1.4102,-9.0381,0.8236,41.8321,28.4275,-12.9008,40.53,On Belt
105773,0.3065,-9.0716,-0.5435,37.1756,53.1450,-9.2214,40.53,On Belt
105840,0.2658,-8.7101,-0.0239,12.9313,59.7252,-3.7557,40.77,On Belt
105907,0.5411,-8.9639,0.1891,-12.3206,55.5115,1.1450,40.95,On Belt
105974,0.6752,-9.6127,1.2737,-30.4122,56.5954,-1.2977,40.44,On Belt
106041,0.4573,-10.3621,2.3439,-33.0992,55.0229,-4.4427,40.72,On Belt
106108,0.9984,-9.7851,2.4325,-4.5191,52.6870,-3.0992,40.72,On Belt
106178,0.6800,-10.5896,0.7805,-4.4122,62.7481,-9.5573,40.58,On Belt
106245,0.3280,-9.5529,2.0087,-7.8168,64.8550,-10.9771,40.77,On Belt
106312,0.3376,-8.6814,1.7526,1.9542,62.0153,2.6718,40.91,On Belt
106379,0.7039,-8.6981,2.0423,-13.2366,50.1679,-2.2290,40.72,On Belt
106446,0.1700,-9.1866,2.5283,-18.5191,42.3206,3.3740,40.91,On Belt
106513,0.3041,-9.2273,3.1771,-12.5954,25.9389,17.2672,40.77,On Belt
106580,1.0487,-9.8210,3.1005,-6.3206,6.6107,19.2366,40.77,On Belt
106647,1.0367,-9.6869,2.8994,6.3817,-5.0534,17.3130,40.91,On Belt
106717,0.4214,-10.3262,2.6624,3.5878,-19.2366,11.2977,40.86,On Belt
106784,0.1149,-10.4148,2.4780,7.0992,-27.0229,10.0611,40.91,On Belt
106851,0.1365,-9.7971,1.8723,13.6031,-36.2443,5.3893,40.86,On Belt
106918,0.0670,-9.5816,1.6568,12.3053,-37.6489,1.9389,40.58,On Belt
106985,-0.1796,-9.8976,1.0702,17.5267,-25.4351,3.0687,40.77,On Belt
107052,-0.5698,-9.4164,0.8188,4.3969,-27.7863,-0.7939,40.86,On Belt
107119,-0.7063,-8.2744,1.0534,-8.9618,-26.9771,3.0992,40.72,On Belt
107189,-0.8260,-9.0597,2.0590,-32.1679,-28.7023,3.6641,40.86,On Belt
107256,-1.4102,-10.0269,3.4309,-33.7099,-45.9847,5.2519,40.91,On Belt
107323,-0.9936,-10.1490,3.8834,-12.8092,-56.0153,9.6947,40.86,On Belt
107390,-0.6249,-10.1778,2.7509,11.6641,-55.6947,7.8321,40.72,On Belt
107457,-0.7518,-9.9479,2.3679,22.2443,-42.1374,0.0000,40.72,On Belt
107524,-1.3072,-9.2943,1.7478,28.5496,-31.7863,4.4122,40.91,On Belt
107591,-1.0798,-9.2751,1.0175,23.5420,-27.2061,2.5344,40.72,On Belt
107658,-0.9194,-9.5481,0.4118,15.2519,-10.0458,10.8855,40.67,On Belt
107728,-0.3615,-10.3406,0.0766,-7.6641,7.2519,7.5573,40.86,On Belt
107795,-0.2131,-9.1770,1.3958,-2.5191,24.7328,0.4733,40.86,On Belt
107862,-0.3711,-8.8873,0.9792,1.0992,51.8931,3.0687,40.72,On Belt
107929,-0.7087,-8.9208,1.3743,-10.6565,52.7023,-10.0458,40.67,On Belt
107996,-1.2785,-10.5943,1.7047,-26.8550,67.1756,-11.0382,40.67,On Belt
108079,-2.1548,-9.2967,3.7637,-22.4427,39.7405,-1.6489,40.91,On Belt
108146,-0.6009,-9.8952,2.8467,-3.2366,37.1298,9.2061,40.72,On Belt
108216,-0.3663,-9.9335,2.0399,4.8092,38.5344,-5.6031,41.05,On Belt
108283,-1.4365,-9.4236,2.3152,-3.8015,37.1145,-9.7863,40.86,On Belt
108350,-1.4772,-9.2799,2.6456,1.3130,20.5038,-1.8779,40.67,On Belt
108417,-0.7278,-9.2464,1.6759,4.9618,9.2672,3.4198,40.72,On Belt
108484,-0.3663,-9.4332,1.3671,-17.3130,4.6565,-3.3588,40.58,On Belt
108551,-0.5866,-9.9527,2.7533,-26.7481,-1.9237,-10.1832,40.91,On Belt
108618,-0.8284,-9.9814,2.9281,-8.2443,-13.6489,-7.2672,40.91,On Belt
108685,-0.1700,-10.0724,2.2793,1.7863,-22.0305,-3.8473,40.86,On Belt
108755,0.1628,-9.6103,1.6328,3.9695,-26.7481,-11.0229,40.91,On Belt
108822,-0.0670,-9.4140,1.1061,1.8015,-22.2595,-15.2366,40.91,On Belt
108889,-0.6776,-9.3589,1.4988,-5.7405,-20.5191,-14.7786,40.86,On Belt
108956,-1.1540,-9.2105,1.6065,-6.5191,-30.4427,-4.5649,40.77,On Belt
109023,-0.7685,-9.2368,1.7334,-7.6641,-40.3969,4.1985,40.91,On Belt
109090,-0.6704,-9.7947,1.6999,-8.4427,-44.3817,8.0611,40.95,On Belt
109157,-0.8308,-9.6223,2.1332,1.0382,-50.5191,12.6260,41.09,On Belt
109227,-0.7518,-8.6622,1.9417,2.7481,-60.9008,23.2061,40.67,On Belt
109294,-0.1484,-9.1985,1.6951,1.9237,-71.0687,19.9237,40.86,On Belt
109367,0.3232,-10.5082,0.9936,7.1298,-43.2366,7.3588,40.72,On Belt
109434,-0.8404,-10.6183,1.7358,13.4809,-12.7939,-3.6031,40.86,On Belt
109501,-1.8531,-9.3661,1.3216,25.1908,-21.8779,5.9237,40.91,On Belt
109568,-0.8787,-8.3127,-0.5794,9.0992,-33.5725,22.6870,40.77,On Belt
109635,0.8284,-9.3948,-0.7566,-44.5954,-15.2366,12.2290,40.95,On Belt
109705,-0.4094,-10.0030,1.7286,-76.6260,-2.4427,-16.0153,40.77,On Belt
109772,-1.7909,-10.3430,4.2473,-71.9389,5.7710,-7.7405,40.72,On Belt
109839,-2.0327,-10.1251,4.9704,-25.4809,-20.7176,5.3282,40.72,On Belt
109906,-1.4772,-10.9822,3.2082,14.7176,-47.0840,1.2366,40.91,On Belt
109973,-1.6352,-10.8050,1.3743,39.1145,-38.6260,-6.9466,40.53,On Belt
110040,-1.4245,-10.1634,0.8643,39.0840,-33.9542,-9.8473,40.91,On Belt
110107,-1.3527,-10.1251,0.5483,33.0382,-29.1145,-5.2977,40.91,On Belt
110174,0.1963,-9.5505,0.5315,41.0534,-23.5114,-5.9084,40.95,On Belt
110244,-0.5459,-7.6495,-0.8164,7.1756,-0.4733,5.9695,40.72,On Belt
110311,1.0582,-7.7405,0.7829,-41.1908,-13.8779,7.8626,40.86,On Belt
110378,0.6847,-9.4882,1.4293,-59.1145,-25.5878,-26.9618,40.86,On Belt
110445,-0.8954,-11.0852,0.9768,-29.2519,-4.8397,0.6565,40.72,On Belt
110512,0.0646,-12.5504,2.5163,-9.0687,-4.0458,14.6260,40.72,On Belt
110579,1.0080,-10.4818,2.4181,37.4351,-9.6489,1.9847,40.72,On Belt
110646,0.9457,-8.4755,-0.3615,57.1298,1.8626,0.4427,40.91,On Belt
110716,-0.0910,-7.2640,-2.0063,21.4656,15.3588,2.9466,40.91,On Belt
110799,-0.6967,-8.9016,-1.4916,-81.0840,7.2519,20.5802,40.67,On Belt
110866,0.6560,-10.6398,2.4588,-114.5038,-13.7710,-9.7863,40.44,On Belt
110933,0.0383,-10.7524,3.3136,-77.2824,-25.2214,-15.9542,40.72,On Belt
111000,0.2107,-10.8457,3.3255,-16.6870,-22.6107,-12.6870,40.67,On Belt
111067,-0.0120,-10.4818,1.6999,38.5038,-16.3359,-2.9313,40.72,On Belt
111134,0.3543,-11.0971,0.1460,68.1679,6.4427,8.6107,40.72,On Belt
111204,0.3136,-10.9798,-0.8499,78.7634,13.8473,-0.3206,40.77,On Belt
111271,-0.2418,-9.6678,-0.8715,63.2366,29.8931,-10.6412,40.58,On Belt
111338,-0.2322,-8.0756,-0.5578,27.4046,34.1374,-8.1527,40.77,On Belt
111405,-1.0008,-8.1906,0.5914,-6.6260,30.2137,-9.2061,40.67,On Belt
111472,-1.0702,-9.3805,0.7015,2.0458,45.4809,-4.3817,40.67,On Belt
111539,-1.9896,-10.5177,-0.1460,-10.8550,83.5725,-10.8244,40.67,On Belt
111606,-1.5323,-8.1714,1.4844,0.4122,75.9237,-3.5267,40.91,On Belt
111673,-1.1803,-9.1985,-0.1652,-6.5344,94.2595,-5.9695,40.67,On Belt
111743,-1.2330,-10.1442,1.1827,-7.8168,99.0992,-26.9313,40.58,On Belt
111810,-2.1811,-11.0636,-0.1652,7.4809,110.5038,-34.1679,40.53,On Belt
111877,-1.2067,-10.4291,1.6328,-23.7252,131.1298,-15.3435,40.77,On Belt
111944,-1.0894,-10.4220,3.3758,-31.2214,114.7328,-3.9847,40.91,On Belt
112011,-0.8188,-10.0892,3.1819,-16.1985,63.7405,-19.7863,40.86,On Belt
112078,0.3472,-9.4140,3.5267,-3.0840,66.4275,-6.6718,40.67,On Belt
112145,-0.1173,-9.6654,2.2218,7.7252,53.9542,-8.1679,40.44,On Belt
112215,1.1492,-10.2185,4.0175,-15.5115,40.7939,-7.8015,40.77,On Belt
112282,1.1277,-11.0947,4.8578,20.1221,12.1985,-17.5725,40.67,On Belt
112349,0.7614,-10.1131,3.2729,54.3664,13.9084,-15.6031,40.86,On Belt
112416,0.0694,-8.3821,1.6472,50.6107,-5.6336,-8.0458,40.67,On Belt
112483,0.1748,-7.0868,0.6201,27.8779,-15.8626,7.1450,40.67,On Belt
112550,0.3831,-7.0270,0.3687,0.2901,-9.6183,17.8931,40.58,On Belt
112617,0.5100,-7.1922,0.4334,-22.0916,1.3282,22.3817,40.53,On Belt
112687,0.2251,-9.3398,1.5179,-72.5343,2.4733,33.4351,40.67,On Belt
112754,0.3903,-12.1506,1.7597,-71.4351,-22.9771,17.5725,40.77,On Belt
112821,1.3144,-12.2799,6.8331,-56.5649,-1.9695,32.7176,40.67,On Belt
112888,2.6863,-10.9966,0.2107,16.4122,-41.0687,-22.0000,40.67,On Belt
112955,0.5459,-11.1306,3.4309,20.7634,1.3740,-31.0229,40.67,On Belt
113022,-1.5131,-10.9774,1.2665,61.1908,-3.6947,-37.1145,40.86,On Belt
113089,-1.7454,-9.4571,-0.1197,28.6565,-23.5420,-41.5420,40.67,On Belt
113156,-1.5658,-8.3606,0.7949,-8.9313,-23.9237,-22.3817,40.67,On Belt
113226,-1.7549,-7.4891,1.6879,1.0229,-11.3893,-13.7252,40.91,On Belt
113293,-1.6328,-7.0390,1.0558,-0.0763,-3.7405,14.6718,40.58,On Belt
113360,-0.7278,-7.8554,0.2993,-16.8550,2.7328,24.4733,40.53,On Belt
113427,-0.6057,-11.2192,0.8140,-63.1145,24.9771,39.7252,40.86,On Belt
113494,-0.3256,-12.0309,2.8036,-34.5954,8.1985,28.3969,40.67,On Belt
113576,-0.0359,-10.6135,1.5036,-10.1679,-1.5573,36.3359,40.91,On Belt
113643,1.5538,-9.8426,0.4429,15.2366,20.6870,16.1527,40.91,On Belt
113713,0.9553,-9.2512,0.3256,3.9389,60.2137,-16.4886,40.53,On Belt
113780,-0.8811,-9.6031,1.6352,-21.3588,69.0992,-36.6718,40.58,On Belt
113847,-1.6185,-10.2711,3.2298,-18.6718,36.6565,-38.1832,40.77,On Belt
113915,-0.9960,-11.4515,4.4891,8.0916,-11.2977,-48.2290,40.67,On Belt
113982,-1.9561,-9.7875,2.3511,36.3817,-48.5496,-41.2977,40.77,On Belt
114049,-0.2586,-9.8474,0.1939,44.4580,3.1908,25.7863,40.91,On Belt
114116,1.3312,-9.9982,0.0551,38.1985,46.1221,36.6412,40.91,On Belt
114186,1.0487,-9.0549,0.4908,-12.7481,8.7023,2.8550,40.58,On Belt
114253,0.9433,-8.3055,0.9840,-18.0916,-9.4809,-5.8168,40.72,On Belt
114320,1.1899,-9.4571,0.3687,-22.5038,-1.6794,-9.9695,40.77,On Belt
114387,0.8715,-10.0461,1.9585,-28.3053,6.2595,-13.0687,40.67,On Belt
114454,0.3663,-9.6893,2.3200,-8.8702,-8.6565,-7.6489,40.53,On Belt
114521,1.3455,-9.4188,1.2929,14.2901,-4.3359,0.6565,40.72,On Belt
114588,0.9481,-9.3302,0.3855,0.3511,-5.1756,-6.9313,40.72,On Belt
114655,1.1277,-9.5385,1.0989,-2.9924,1.8015,-3.9084,40.53,On Belt
114725,0.9960,-9.4068,0.5531,-0.1069,7.0229,-0.9160,40.72,On Belt
114792,1.3479,-9.5936,1.1636,-12.5038,8.2137,-3.7863,40.58,On Belt
114859,0.9194,-9.7181,1.7478,-5.5878,6.8092,-5.5725,40.58,On Belt
114926,0.8068,-9.7564,1.8028,-0.3817,8.2901,-2.8550,40.86,On Belt
114993,0.9720,-9.5074,1.4174,8.6718,8.7786,1.6794,40.39,On Belt
115060,1.0942,-9.1985,0.8882,4.6565,16.2137,0.5191,40.67,On Belt
115127,0.9529,-9.4260,1.3288,-4.7634,14.3359,0.0763,40.72,On Belt
115197,0.7039,-9.5337,1.3719,4.2901,19.1298,1.1145,40.44,On Belt
115264,0.7566,-9.6750,1.8028,-4.9618,18.9618,2.7634,40.72,On Belt
115331,0.6321,-9.7468,2.0590,1.4656,15.3740,0.1985,40.77,On Belt
115398,0.4477,-9.4882,1.8747,3.1908,9.0076,1.5878,40.72,On Belt
115465,0.6129,-9.5026,1.2617,-2.8550,9.6641,-0.0611,40.67,On Belt
115532,0.6177,-9.8665,2.0734,-9.7405,10.5496,0.4275,40.67,On Belt
115599,0.5267,-9.5241,1.6089,4.7481,11.0382,-1.8626,40.67,On Belt
115666,0.6393,-9.5529,1.6879,-8.0000,15.1603,-0.0916,40.86,On Belt
115736,0.2658,-9.5289,1.8196,-5.2214,11.4962,-0.0763,40.58,On Belt
115803,0.5459,-9.6127,1.8675,-7.1756,8.4275,1.9847,40.77,On Belt
115870,0.4357,-9.6007,1.6424,-9.3588,4.8397,1.2977,40.77,On Belt
115937,0.6464,-9.9144,2.0399,-8.7328,3.5573,1.5573,40.95,On Belt
116004,0.2634,-9.6007,1.7885,1.7099,1.7863,0.6260,40.86,On Belt
116071,0.6632,-9.6414,1.6089,-2.1679,-0.0153,0.8244,40.53,On Belt
116138,0.3687,-9.6941,1.5754,-4.0763,-2.0611,2.3359,40.53,On Belt
116205,0.4357,-9.6438,1.8196,-2.5191,-5.2214,0.1069,40.67,On Belt
116291,0.3615,-9.5289,1.9680,-4.7786,-6.1221,1.2061,40.72,In Hand
116358,-0.1963,-9.5816,2.6695,-8.2595,-13.5878,4.1069,40.72,In Hand
116425,-1.2809,-9.7205,3.0119,6.1069,-31.6947,14.1374,40.72,In Hand
116492,-0.5411,-10.0772,3.9624,16.3969,-48.3969,26.3206,40.67,In Hand
116559,-1.8100,-10.5752,4.7309,42.1374,-75.1756,29.3893,40.72,In Hand
116626,-2.0590,-11.6430,6.1483,93.0840,-73.4351,65.9084,40.77,In Hand
116693,-2.0566,-10.9080,3.3303,125.7252,-88.4885,66.8244,40.67,In Hand
116763,-0.7925,-10.2424,3.2489,100.6107,-79.7557,72.3817,40.77,In Hand
116830,-2.6408,-8.9088,4.4077,119.6336,-72.8092,82.7481,40.91,In Hand
116897,-1.3048,-7.7237,4.7669,85.5573,-56.9008,87.2824,40.58,In Hand
116964,-3.1053,-6.5146,7.1611,104.3969,-69.2519,82.9618,40.77,In Hand
117031,-0.0838,-5.4324,4.9919,40.6870,-65.0382,66.7328,40.67,In Hand
117098,-2.1237,-4.8052,7.6830,60.5038,-66.8397,17.5114,40.91,In Hand
117165,-0.5578,-3.2896,7.6255,19.6031,-15.4198,43.8473,40.67,In Hand
117235,-0.6464,-2.6552,9.5265,8.7481,-71.0687,25.1145,40.67,In Hand
117302,-1.4653,-2.0327,11.8848,62.0153,-42.8702,44.9008,40.77,In Hand
117369,1.7597,-0.3807,6.1363,4.2595,-61.4504,21.8168,40.67,In Hand
117436,0.8140,-2.3511,9.9910,-49.6947,-14.6260,19.3282,40.58,In Hand
117503,2.0590,-2.1787,12.8473,20.0763,-12.3053,32.7023,40.53,In Hand
117570,2.0853,-3.2322,10.5273,98.8092,16.5038,29.0992,40.67,In Hand
117637,1.7861,-2.5690,11.9950,5.5420,-36.1679,19.0076,40.77,In Hand
117704,2.6600,-1.2306,7.5058,2.3817,18.0763,33.5420,40.77,In Hand
117774,1.1013,-0.4142,11.7316,29.1298,26.2443,22.2595,40.86,In Hand
117841,1.1301,-1.9178,10.5034,17.0229,-4.9618,17.0229,40.77,In Hand
117908,0.9361,-2.3511,10.3070,11.6183,-2.2443,10.0916,40.67,In Hand
117975,1.1540,-2.9281,10.8960,12.6565,-21.2672,-20.0305,40.44,In Hand
118042,1.9537,-0.8188,9.2129,28.8397,-5.6489,-45.8015,40.67,In Hand
118109,1.2546,1.5730,11.0564,31.1145,23.8015,-58.1527,40.58,In Hand
118176,0.8332,2.2482,10.9487,43.9847,45.6641,-23.6031,40.72,In Hand
118246,0.1053,2.3463,9.6558,63.2977,36.6107,-1.9695,40.53,In Hand
118313,1.0056,0.6536,9.6941,95.4351,57.8473,-14.1527,40.67,In Hand
118380,-2.0614,3.1699,6.9911,4.4122,9.7252,-35.8779,40.53,In Hand
118447,-1.7142,3.8810,14.0635,-38.7328,52.3053,-5.8321,40.77,In Hand
118514,-1.2330,3.0550,9.1219,5.7710,8.2901,31.4198,40.77,In Hand
118581,-0.4980,2.3176,8.8226,-29.4656,33.6336,49.4046,40.91,In Hand
118648,-1.9130,2.5426,15.5025,-61.5420,-4.3969,60.7786,40.72,In Hand
118715,0.1748,0.7661,11.0205,-74.5954,-2.8855,48.7786,41.05,In Hand
118801,-0.6776,-0.3639,9.6079,-20.3511,-34.7786,45.7099,40.77,In Hand
118869,-1.3503,-0.4142,8.6024,-55.5725,-38.0458,30.2290,40.86,In Hand
118951,-1.3288,0.7254,11.0923,-18.7176,-7.2061,51.8321,40.53,In Hand
119018,-1.4006,2.1691,12.6988,-23.8626,-5.3588,47.0992,40.77,In Hand
119085,-1.0511,0.6273,11.4323,1.1908,22.3206,70.1374,40.72,In Hand
119152,-0.0311,0.2610,10.6997,12.6260,-3.9847,70.6412,40.72,In Hand
119219,-0.6847,-1.1133,11.5712,5.0229,-10.9008,76.8550,40.91,In Hand
119289,0.2777,-0.4645,10.0006,12.0458,-10.1679,59.1298,40.67,In Hand
119356,-0.2634,-0.4836,10.6710,-1.4351,19.7710,57.6336,40.53,In Hand
119423,-0.2658,-0.3711,9.7492,5.7863,30.1985,26.0916,40.77,In Hand
119490,-1.3527,-0.4764,9.5553,-14.5038,6.2137,33.7863,40.77,In Hand
119557,-0.0120,-0.0599,9.6534,-19.2672,-1.1145,26.9924,40.67,In Hand
119624,-0.5267,0.0359,11.8321,-13.9084,-16.7786,10.4733,40.67,In Hand
119691,0.4549,0.6895,11.2216,16.4580,-8.1527,1.6183,40.72,In Hand
119761,-0.1460,0.2514,11.8609,6.2748,6.1374,14.6718,40.95,In Hand
119828,-0.7661,0.5435,11.5305,14.0153,25.1756,-26.0458,40.53,In Hand
119895,-2.5450,-0.3041,11.1067,20.9313,37.4351,-7.1450,40.53,In Hand
119962,-2.2051,0.3687,9.4619,16.1527,25.0076,4.8092,41.05,In Hand
120029,-1.4772,0.9361,9.4427,12.0305,6.2443,6.8092,40.67,In Hand
120096,-1.3958,1.0367,10.4818,-6.0916,8.9466,3.3435,40.91,In Hand
120169,-0.7207,0.9337,11.0899,-17.5573,-36.9618,-48.9618,40.77,In Hand
120236,-2.8132,-0.9720,11.8034,-0.2901,42.6107,-26.3664,40.67,In Hand
120306,-0.5722,0.7063,8.0230,17.4504,-17.4351,-23.2061,40.86,In Hand
120373,-1.4796,-0.1006,10.1299,-22.7634,-38.1832,-81.5267,40.67,In Hand
120440,-2.7342,-0.8787,11.6406,-9.9084,-32.1832,-87.4657,40.67,In Hand
120507,-1.9680,-0.3807,10.7811,-11.7557,11.7405,-97.0992,40.77,In Hand
120574,-3.4524,0.1125,11.7436,-3.2366,8.0763,-88.4580,40.67,In Hand
120641,-3.0335,0.4621,10.5489,-0.2443,-21.3282,-75.3893,40.58,In Hand
120708,-1.2737,1.0391,13.1346,22.0153,-17.2519,-70.8855,40.67,In Hand
120778,-1.5371,0.4573,9.7348,26.3511,60.3053,-71.6794,40.77,In Hand
120845,-1.2570,0.3041,8.7173,29.2214,21.5114,-38.0916,40.72,In Hand
120912,-1.0343,0.4094,10.8673,2.2137,-59.1450,-45.8473,40.72,In Hand
120979,-0.7159,-0.2849,10.7978,18.4122,-21.5878,-34.5802,40.86,In Hand
121046,0.0790,0.9577,9.4355,1.3435,9.2824,-32.9924,40.77,In Hand
121113,0.2298,0.9026,8.3629,-12.3817,-2.3817,-34.3053,40.53,In Hand
121180,-0.3903,0.3376,9.5792,-34.4733,-26.8550,-38.7634,40.67,In Hand
121250,-1.1612,0.8547,10.1682,-34.5954,-5.4809,-43.3740,40.72,In Hand
121317,-1.2163,1.6328,12.1242,-26.1221,-18.5954,-57.1145,40.53,In Hand
121384,-2.1021,0.3424,12.8114,1.7557,5.0840,-35.4504,40.72,In Hand
121451,-0.4669,-0.1030,12.7204,37.2214,12.5954,-18.1374,40.67,In Hand
121518,-0.6153,-0.4166,11.7603,39.6489,34.2290,-11.2519,40.58,In Hand
121585,-0.4310,0.1245,9.5002,36.3817,31.7557,-15.8779,40.67,In Hand
121660,-1.4988,0.3807,9.2895,10.5802,9.2977,-5.2519,40.72,In Hand
121727,-1.0750,0.2274,9.2033,-0.6107,-5.7405,-3.3130,40.67,In Hand
121797,-1.0415,0.3352,10.6805,-8.4733,-16.2901,-15.8626,40.67,In Hand
121864,-1.0750,0.2586,10.3980,-8.2443,2.8092,-13.8473,40.53,In Hand
121931,-0.5986,0.4597,10.6135,-0.8550,-9.7099,-16.1985,40.44,In Hand
121998,0.0503,-0.0551,10.5441,-2.6565,-15.6947,-36.2137,40.58,In Hand
122065,0.0096,-0.5387,11.1163,-0.8855,-14.0000,-50.8244,40.91,In Hand
122132,-0.2682,-0.5291,10.8577,5.2366,-5.3893,-39.4046,40.77,In Hand
122199,0.0910,-0.3807,10.1227,-2.7481,-7.0687,-75.2824,40.67,In Hand
122269,-0.5698,-0.3424,10.8769,0.5802,-4.2595,-84.8397,40.86,In Hand
122336,-0.8691,-0.1867,10.7069,-6.1832,-5.2824,-103.7099,40.77,In Hand
122403,-1.3120,0.2490,10.0437,-7.0840,5.4656,-95.7099,40.53,In Hand
122470,-1.9106,0.7494,9.9144,-12.2748,4.7634,-86.4733,40.58,In Hand
122537,-1.8124,1.1468,9.9407,-11.1145,2.6107,-78.0000,40.58,In Hand
122604,-2.7342,1.1133,10.4746,-17.9847,1.4198,-61.5420,40.67,In Hand
122671,-2.6863,1.2282,11.0875,-14.5038,8.8244,-41.9542,41.05,In Hand
122741,-1.8723,0.8739,11.8585,-1.8779,7.4351,-11.6794,40.67,In Hand
122808,-1.5586,0.5555,11.8896,3.9389,17.3893,-12.0458,40.77,In Hand
122875,-1.7789,0.3232,12.2368,16.3053,18.1832,4.0916,40.67,In Hand
122942,-1.4605,0.1006,11.7053,33.4809,12.9313,29.4046,40.72,In Hand
123009,-0.7853,-0.4621,11.7771,44.4580,7.9695,26.2137,40.58,In Hand
123076,-0.4860,-1.0319,11.1690,56.1985,9.4962,15.5267,40.53,In Hand
123143,-0.2897,-1.2282,9.5744,50.2595,9.4504,-0.4275,40.72,In Hand
123210,-0.5914,-0.4118,7.3885,32.2595,25.4656,-8.2137,40.86,In Hand
123280,-0.6536,-0.3448,6.4404,8.1985,-10.4580,-13.3740,40.91,In Hand
123347,0.6943,-0.2442,9.1411,-33.0687,-49.7557,-70.6565,40.67,In Hand
123414,-1.0965,-1.2115,12.1171,-53.6794,-0.2595,-108.2595,40.53,In Hand
123481,-2.4134,-0.5052,11.6957,-35.3435,-6.9618,-82.4580,40.72,In Hand
123548,-1.4222,0.0766,10.5153,-21.7099,-24.9924,-74.3206,40.91,In Hand
123615,-1.3072,-0.1604,11.9016,-17.0687,-25.7405,-95.5573,40.67,In Hand
123682,-1.6305,-0.1508,12.7084,0.5038,-12.8092,-103.5267,40.67,In Hand
123752,-2.1620,-0.0192,11.0277,9.0076,10.3511,-115.6183,40.72,In Hand
123819,-2.8826,0.0862,10.2232,17.5114,1.8473,-87.7252,40.67,In Hand
123886,-2.9928,-0.3184,9.9288,14.4580,-9.4198,-55.5267,40.77,In Hand
123953,-1.2306,-0.1915,10.7595,5.1603,-33.9389,-40.9313,40.91,In Hand
124020,-0.7997,0.0479,10.6087,-6.7328,-20.5344,-37.0076,40.72,In Hand
124087,-1.5227,1.0199,11.9183,-17.3435,-10.0000,-56.4885,40.67,In Hand
124154,-1.4293,1.0511,12.7180,21.4962,0.4427,-11.0534,40.77,In Hand
124224,0.6440,0.3519,11.2240,35.8015,-9.9389,-10.7328,40.58,In Hand
124291,0.6967,-0.4621,10.0652,37.9389,7.9084,-10.8550,40.72,In Hand
124374,0.7733,-0.6656,7.1850,15.5573,1.2214,-14.1527,40.86,In Hand
124441,0.9529,-0.1365,8.0924,3.5115,-27.3893,-4.2748,40.44,In Hand
124508,0.9290,0.5818,9.1411,-34.7481,-16.7786,8.0458,40.67,In Hand
124575,0.4741,1.2737,10.8362,-26.2748,-20.4886,5.6947,40.91,In Hand
124642,0.3807,1.7765,10.7883,-27.9542,7.3740,12.2901,40.53,In Hand
124709,-0.4501,1.7190,12.0380,-5.4504,4.6565,32.7023,40.58,In Hand
124779,0.1437,1.5706,11.8896,9.5573,11.3893,46.1679,40.53,In Hand
124846,0.4741,0.9553,11.0899,24.9008,19.8015,58.0153,40.72,In Hand
124913,0.1149,0.3807,10.6374,22.9618,26.2137,65.1450,40.77,In Hand
124980,0.8164,0.0120,10.0245,24.6412,17.2214,75.0382,40.72,In Hand
125047,1.3934,-0.4118,9.5193,10.5496,14.0305,67.8931,40.77,In Hand
125114,0.5483,-0.8547,9.8617,-11.6183,2.5344,52.8397,40.72,In Hand
125181,-0.2777,-0.5076,9.4188,-17.0534,-12.1221,73.7863,40.77,In Hand
125251,0.3448,0.5722,9.2129,-21.7863,-7.9847,63.4962,40.67,In Hand
125318,-0.7829,0.7494,10.6063,-34.2748,-7.8321,54.7786,40.67,In Hand
125385,-1.6688,0.6057,13.6541,-31.0076,-15.3740,45.6489,40.53,In Hand
125452,-2.0183,0.7829,13.6278,-3.6489,19.8779,59.6031,40.67,In Hand
125519,-1.3168,0.7709,12.2320,22.2443,20.2748,65.3740,40.67,In Hand
125586,-0.2562,0.0718,11.1067,40.2901,23.0382,63.1908,40.44,In Hand
125653,0.8811,-0.2370,10.0102,31.5878,20.7481,44.6107,40.53,In Hand
125720,0.6847,-0.3639,9.6367,10.9924,25.7863,23.3130,40.67,In Hand
125790,0.1652,0.1963,7.8458,-7.0687,26.2901,45.4351,40.86,In Hand
125857,0.8667,0.3663,9.0668,-22.5038,-34.7939,40.0458,40.58,In Hand
125924,0.6560,0.7398,11.3629,-43.8473,-12.7939,5.3435,40.53,In Hand
125991,-1.4509,0.9840,13.2519,-34.7634,14.8550,-4.3511,40.72,In Hand
126058,-0.4286,1.5682,11.7723,3.3130,13.5115,17.8931,40.72,In Hand
126125,-0.1149,1.1756,10.4794,9.3130,6.8397,13.5573,40.58,In Hand
126192,-0.0383,0.4405,10.1538,8.8702,2.5649,11.3130,40.53,In Hand
126262,-0.4525,0.1604,9.7492,0.2595,5.4809,11.2061,40.77,In Hand
126329,-0.2921,0.0144,10.1778,-6.7176,-6.6107,8.6107,40.77,In Hand
126396,-0.6895,0.1891,10.7117,-15.4198,9.3435,-0.8397,40.72,In Hand
126463,-0.6009,0.7614,10.0844,-9.6794,10.9313,6.6107,40.72,In Hand
126530,-1.8914,0.6823,10.4722,-13.0840,8.2748,13.3893,40.44,In Hand
126597,-1.5251,1.1612,10.3070,-10.4122,14.8550,28.7328,40.67,In Hand
126664,-2.0638,0.9002,11.0708,-10.5649,6.6412,34.6260,40.67,In Hand
126731,-1.9441,0.5578,11.7986,-4.0916,5.4504,45.7557,40.67,In Hand
126801,-1.0487,0.3567,11.8705,10.9008,-1.9084,51.8779,40.77,In Hand
126868,-0.3903,0.1652,10.9630,14.2595,4.6260,37.5115,40.58,In Hand
126935,-0.4142,0.1939,10.1394,9.8015,3.3435,24.4275,40.77,In Hand
127002,-0.7590,0.6416,9.3302,-6.0000,-0.5802,19.2672,40.72,In Hand
127069,-1.6831,0.9625,9.8881,-18.9008,-10.2748,22.7939,40.77,In Hand
127151,-1.6209,1.5155,10.7141,-20.2137,-17.7710,35.6183,40.58,In Hand
127218,-1.4102,1.8699,11.4156,-6.3817,-22.9313,32.0153,40.58,In Hand
127288,-1.2737,1.6233,11.6071,3.5878,-10.8244,36.8550,40.67,In Hand
127355,-1.2689,1.4533,11.2575,2.4427,-7.6031,22.1069,40.53,In Hand
127422,-1.4796,0.6249,10.8386,7.7863,12.8397,44.2748,40.77,In Hand
127489,-0.8212,0.5243,8.8729,1.6183,-0.9924,67.9847,40.91,In Hand
127556,-0.3974,0.3472,9.7276,-6.7634,-20.1221,74.6718,40.58,In Hand
127623,-0.7374,-0.0934,10.2208,-12.4733,-7.8321,75.0687,40.67,In Hand
127690,-0.0982,-0.3735,10.3549,-10.0153,19.5573,90.5038,40.91,In Hand
127760,0.6704,-0.7566,10.2113,-3.8931,8.4275,91.5267,40.58,In Hand
127827,1.3312,-0.8906,10.8170,-2.5191,1.9542,77.9084,40.77,In Hand
127894,1.1684,-1.0439,12.0069,-4.3969,5.6489,63.2061,40.67,In Hand
127961,1.4269,-0.5986,10.0341,-5.7863,26.8550,66.7634,40.67,In Hand
128028,1.0080,-0.0311,10.1107,-13.9695,1.6489,54.4427,40.77,In Hand
128095,0.7661,0.2873,9.9910,-14.2137,3.4962,39.6489,40.77,In Hand
128162,-0.2227,0.3759,10.1251,-21.8779,7.8168,23.3130,40.77,In Hand
128229,-0.7326,0.2538,10.0437,-18.4580,8.8092,29.6183,40.67,In Hand
128299,-1.0175,0.2011,11.1330,-23.1756,-1.9084,26.5496,40.67,In Hand
128366,-0.6632,-0.0694,11.4203,-12.8855,1.4351,47.5115,40.77,In Hand
128433,0.1221,-0.0982,11.0540,-2.8397,16.0000,49.5115,40.77,In Hand
128500,-1.2498,-1.0989,11.2480,-12.5344,7.9695,88.8855,40.72,In Hand
128567,1.2498,-0.5698,10.3046,12.0153,32.4885,86.4427,40.44,In Hand
128634,-1.6975,0.1963,11.6502,-10.1374,6.9771,30.2137,40.58,In Hand
128701,-2.2889,-0.7278,10.7117,-16.1221,12.6718,49.8779,40.77,In Hand
128771,-0.9337,-0.2729,10.0437,-3.0076,22.0916,46.6412,40.67,In Hand
128838,-2.1907,-0.6057,11.3270,1.4504,17.9542,35.6183,40.67,In Hand
128905,-2.1548,-0.4429,9.7707,-14.2137,-5.4351,48.2290,40.91,In Hand
128972,-0.7829,-0.4453,11.3342,-24.9924,-40.3511,33.3130,40.91,In Hand
129039,-0.9792,-1.3695,11.5760,-14.2137,-4.9618,17.3435,40.67,In Hand
129106,-1.5251,-0.3352,7.9751,-6.7939,24.3053,20.8397,40.72,In Hand
129173,-2.2745,-0.0886,8.0278,-18.5496,-8.2290,23.4504,40.72,In Hand
129240,-0.8068,-0.0886,10.7524,-49.8015,-43.6336,-10.6107,40.72,In Hand
129310,-1.9249,-1.3575,14.6166,-16.9466,10.8244,-19.6794,40.67,In Hand
129377,-0.6129,0.6249,9.6965,10.3817,24.8855,-10.5191,40.77,In Hand
129444,-0.5076,0.1676,10.2663,-7.6947,-44.9771,-33.9237,40.77,In Hand
129511,-0.4357,-1.0846,13.3285,-6.3511,-35.8779,-62.3359,40.77,In Hand
129578,0.3041,-2.3990,11.9471,22.0763,10.1679,-39.5878,40.58,In Hand
129645,2.0039,-2.6552,9.5433,20.1679,-0.2137,-62.5954,40.67,In Hand
129712,0.9936,-3.6392,9.1267,18.9313,-9.1756,-56.1221,40.58,In Hand
129782,0.3998,-2.6552,10.7691,-3.3588,-33.8015,-77.1756,40.86,In Hand
129894,1.0582,-1.1109,9.7731,3.1298,12.1374,-87.6794,40.72,In Hand
129979,1.2809,-0.4741,9.3829,-3.0382,14.9160,-89.3588,40.95,In Hand
130046,0.5387,-0.2035,10.9966,-7.6336,13.9542,-71.8168,40.39,In Hand
130113,1.2785,-0.0934,11.2911,-1.9237,11.1450,-69.8779,40.67,In Hand
130180,0.7877,-0.4405,11.3342,15.4198,17.8626,-74.2901,40.44,In Hand
130247,0.2514,-0.2490,10.0700,18.2595,25.1908,-80.5649,40.58,In Hand
130317,-1.0846,0.2969,9.7923,19.1603,2.6260,-63.2672,40.72,In Hand
130384,-0.3256,0.5531,10.6135,12.8702,-9.3588,-59.6031,40.53,In Hand
130451,-0.2155,0.0622,11.2408,4.8092,-4.8244,-66.9008,40.77,In Hand
130518,0.2897,-0.0575,11.2168,3.5725,-8.5496,-54.5954,40.72,In Hand
130585,0.4501,0.4166,10.6087,-6.4427,-6.8855,-46.2595,40.77,In Hand
130652,0.7015,0.8859,10.5441,2.6107,-19.0076,-47.3740,40.67,In Hand
130719,-0.0910,1.0798,10.9367,-4.0611,-6.5496,-48.1832,40.53,In Hand
130786,-0.1556,1.1444,10.9726,3.0229,-13.8168,-41.7710,40.67,In Hand
130856,0.3855,0.9194,10.3406,6.5649,4.8244,-36.3664,40.77,In Hand
130923,0.2849,0.6704,9.6654,4.4427,0.8855,-35.0840,40.67,In Hand
130996,0.6512,0.5890,9.3039,-8.2748,-1.4504,-33.5115,40.53,In Hand
131063,0.3687,0.3256,9.8114,-19.7863,3.0992,-38.1221,40.72,In Hand
131130,0.5076,0.5890,11.1737,-25.0534,-0.6412,-34.6107,40.67,In Hand
131197,0.5387,1.0008,11.5329,-12.9008,9.7252,-25.3588,40.58,In Hand
131264,0.1556,1.4700,10.5824,-7.0840,11.3435,-21.5573,40.67,In Hand
131334,-0.1125,1.3575,11.2623,-1.0840,4.3511,-13.2214,40.77,In Hand
131401,-0.0096,1.2426,11.1881,6.4427,10.8702,-7.9237,40.72,In Hand
131468,0.1724,1.1995,10.8721,11.3282,12.1374,2.2290,40.67,In Hand
131535,-0.0910,1.3048,10.9822,8.0305,9.4962,4.7176,40.67,In Hand
131602,0.0263,1.0295,10.9200,18.4733,5.8473,8.8702,40.67,In Hand
131669,-0.0144,0.8380,10.4627,16.7481,15.3740,-1.1603,40.67,In Hand
131736,0.1053,0.2610,9.5864,20.0305,9.6794,-6.3206,40.77,In Hand
131803,0.0766,0.1341,9.3829,0.9008,8.3359,-16.6718,40.77,In Hand
131873,-0.3328,0.3400,10.1035,-12.9466,4.7786,-21.0076,40.86,In Hand
131940,-0.0144,0.4286,12.0069,-2.7176,-4.8702,-19.1450,40.67,In Hand
132007,1.0678,-0.0335,10.8409,13.0382,1.9237,-35.1450,40.86,In Hand
132074,0.4501,-0.3855,10.1323,11.0076,2.1985,-71.2214,40.72,In Hand
132141,-1.3144,-0.0144,10.0724,3.6794,5.6489,-82.7328,40.77,In Hand
132208,-2.0662,0.4836,10.5177,2.9313,-4.8397,-76.7176,40.67,In Hand
132275,-1.8771,0.5171,11.3701,-0.5344,-7.3588,-82.3969,40.67,In Hand
132353,-2.5187,0.4884,10.7811,10.5496,11.7863,-75.8015,40.77,In Hand
132420,-1.5945,0.4334,10.0054,14.4733,-2.1221,-76.9618,40.67,In Hand
132487,-1.3072,0.0982,9.8665,3.8321,-1.1756,-82.7176,40.67,In Hand
132554,-1.9944,0.3639,10.1873,-5.7863,-5.9695,-93.3740,40.72,In Hand
132621,-1.7023,0.8308,10.7069,-1.4198,-12.8397,-90.9924,40.72,In Hand
132688,-2.1739,0.8595,10.7787,1.9389,4.1527,-101.0534,40.67,In Hand
132755,-2.5929,0.8212,10.3860,13.4351,-1.6336,-90.2443,40.67,In Hand
132825,-2.3583,0.8212,10.9223,12.9008,-12.0000,-86.9924,40.58,In Hand
132892,-3.2154,0.8475,11.5520,9.8931,-9.0382,-69.8473,40.86,In Hand
132959,-2.0255,1.1372,12.1578,7.2519,-9.4351,-77.0076,40.67,In Hand
133026,-2.5857,1.1349,11.3485,20.3053,6.7481,-38.0458,40.77,In Hand
133093,-0.7518,0.5124,10.4148,31.8015,-34.4427,-34.9160,40.53,In Hand
133160,-0.1532,-0.3807,10.0963,26.0763,-20.3206,-37.2061,40.67,In Hand
133227,-0.4956,-0.4717,8.6550,8.8855,-13.4198,-49.1908,40.39,In Hand
133294,0.6632,0.3831,9.0812,1.2977,-39.4809,-30.5038,40.86,In Hand
133364,0.4286,0.5555,9.6343,-16.3511,-24.2137,-55.5420,40.95,In Hand
133431,0.4022,1.0247,10.8481,-6.8397,-10.9618,-49.9695,40.72,In Hand
133498,-0.1437,1.1516,10.9535,-4.6718,-8.6412,-59.3130,40.95,In Hand
133565,-0.3591,1.1109,10.3406,-1.2672,8.8092,-46.4580,40.67,In Hand
133632,0.3352,1.3910,9.9479,-7.6336,9.4656,-48.0916,40.67,In Hand
133699,-0.8811,1.1899,10.3908,-8.5649,12.7939,-37.7710,40.72,In Hand
133766,0.0383,1.8771,9.2249,-12.7328,4.8550,-21.8779,40.67,In Hand
133836,-1.5490,1.8268,10.4842,-24.4427,10.2137,-22.9008,40.67,In Hand
133903,-1.4892,2.2984,10.6135,-10.8702,11.4504,-1.8473,40.72,In Hand
133970,-1.6209,2.3200,11.0181,-3.3588,12.3817,5.2366,40.91,In Hand
134037,-1.4317,2.2697,10.8338,2.0000,21.0382,23.2672,40.91,In Hand
134104,-0.9601,1.6209,10.8194,-3.7863,9.4351,26.2901,40.53,In Hand
134171,-2.1117,-0.0407,13.0029,-2.0000,16.1679,16.2901,40.67,In Hand
134238,-1.7597,-0.3017,9.9192,11.7099,18.4580,52.1832,40.67,In Hand
134305,-1.5371,-0.5243,10.2400,-10.7023,-2.8702,27.2519,40.67,In Hand
134375,-2.8683,-1.1516,10.3525,-7.8321,13.4656,33.0382,40.67,In Hand
134442,-1.6328,-0.7254,9.8928,-11.1450,-7.9695,40.2443,40.53,In Hand
134509,-1.6137,-0.7901,10.3645,-10.2901,6.4275,18.0153,40.44,In Hand
134576,-1.2210,-0.1867,9.3733,-11.0840,7.2214,-1.9542,40.53,In Hand
134643,-1.8172,-0.3567,10.9439,-7.7863,-2.7176,-21.3282,40.67,In Hand
134710,-2.1021,-0.3472,11.7890,2.6870,-2.1221,-25.9237,40.67,In Hand
134777,-1.4629,0.3974,10.9391,0.3206,-3.2519,-27.5420,40.72,In Hand
134847,-2.3056,0.7063,11.9638,9.0229,-16.6565,-13.8931,40.44,In Hand
134914,-1.2833,1.2761,9.0908,28.9618,-11.5267,16.7481,40.72,In Hand
134981,-1.3431,2.1332,10.4866,-7.8931,-25.0840,-0.4733,40.72,In Hand
135056,-1.3408,2.3990,10.7691,4.9466,-3.1450,30.6107,40.58,In Hand
135123,-0.9960,2.1524,9.3709,4.2290,4.9160,46.2595,40.67,In Hand
135190,0.3711,1.8148,7.7859,-16.2443,37.2366,43.6641,40.67,In Hand
135257,-2.1141,0.7230,9.7492,-37.3588,17.9237,76.9160,40.67,In Hand
135327,-2.6025,-0.1556,9.9407,-23.7557,4.9771,154.4580,40.67,In Hand
135394,-4.1803,-2.2266,10.1179,-37.8473,-30.3969,264.3359,40.77,In Hand
135461,0.9290,-1.2474,7.9895,-55.6641,-24.4580,278.2901,40.86,In Hand
135528,1.5323,1.5586,11.1139,-66.4427,-56.5344,168.3053,40.67,In Hand
135595,0.2610,-0.2179,13.3956,25.0382,-21.5573,110.0153,40.53,In Hand
135662,-0.1820,0.5674,9.8258,38.3664,2.3969,96.7481,40.72,In Hand
135729,0.1915,0.0982,11.8681,24.7786,20.0763,120.9618,40.53,In Hand
135796,-1.6281,0.9218,10.3286,19.2214,39.8779,85.8779,40.58,In Hand
135866,-1.9632,1.6688,9.6343,22.5496,34.6260,106.4275,40.72,In Hand
135933,-3.5195,2.9137,9.1722,-9.2824,-3.7099,100.9618,40.58,In Hand
136000,-2.4588,1.2043,12.3277,-17.3130,-13.0534,114.2290,40.77,In Hand
136067,-1.4054,0.1006,12.1985,2.7634,-20.8855,119.5573,40.95,In Hand
136134,0.9960,0.6752,12.2990,19.6947,-20.6260,116.2901,40.72,In Hand
136201,3.5219,1.0558,11.2432,9.3893,0.1527,54.4580,40.72,In Hand
136268,1.7166,0.3687,10.8074,21.1603,-6.6260,1.5573,40.58,In Hand
136338,1.6568,0.4142,8.4851,15.6489,21.2977,-26.9313,40.53,In Hand
136405,0.4717,1.0056,8.8825,-23.5420,21.8321,-33.7557,40.72,In Hand
136472,0.2825,1.5730,10.8721,-34.3817,1.7557,-31.8168,40.72,In Hand
136540,-1.2139,1.1468,11.9758,-38.5191,40.7023,-66.7023,40.86,In Hand
136607,-0.3687,1.9872,10.6039,-33.8473,32.2748,-29.6031,40.86,In Hand
136674,-3.3830,2.0279,10.0580,-30.8550,32.7481,-40.4733,40.77,In Hand
136741,-4.3263,1.5107,11.5017,-29.3588,-60.5496,58.1374,40.77,In Hand
136811,-1.9345,1.9513,11.1522,20.6260,-46.1832,84.9618,40.44,In Hand
136878,-0.9744,0.6177,13.1035,30.5649,-9.4962,91.4809,40.72,In Hand
136945,-0.3567,-0.4190,11.3581,51.0382,6.2290,106.4733,40.86,In Hand
137012,0.8595,-0.5076,9.8138,56.1527,-10.1679,91.7405,40.39,In Hand
137079,0.9864,-0.3328,9.4044,45.1908,9.1908,75.5420,40.44,In Hand
137146,1.1277,0.1963,9.5792,34.3359,9.0840,56.7634,40.86,In Hand
137213,1.1684,0.7925,9.5936,15.2366,15.2977,45.0840,40.58,In Hand
137280,1.3982,1.5036,8.9807,6.9466,7.8015,42.5649,40.67,In Hand
137350,1.7502,2.2146,10.1083,2.7176,-5.8626,31.3893,40.44,In Hand
137417,2.0207,3.3710,10.5465,2.3511,-9.4504,22.9618,40.72,In Hand
137484,1.5514,3.7804,10.6638,7.4198,0.7481,12.9008,40.53,In Hand
137551,0.8428,3.5985,10.5105,15.3435,16.8397,19.6794,40.72,In Hand
137618,1.0487,3.1915,8.3103,14.4885,5.6947,24.6565,40.77,In Hand
137685,1.1349,2.4588,7.2520,-12.5344,14.3817,26.5954,40.72,In Hand
137752,1.4772,2.0734,7.0054,-30.7176,6.7939,22.0305,40.77,In Hand
137834,2.4612,0.7614,9.2608,-44.3817,-17.7557,16.2901,40.77,In Hand
137904,2.6959,0.4501,9.3829,-65.9847,-6.0916,10.6260,40.67,In Hand
137971,4.1707,-0.6680,13.1202,-73.7863,-20.1832,-5.8015,40.72,In Hand
138038,3.3112,-1.2402,13.9845,-66.4580,24.4580,-25.0382,40.67,In Hand
138105,0.9098,0.2849,14.3054,-44.7023,21.8626,-28.6412,40.72,In Hand
138172,0.9840,1.5634,11.1594,-23.2519,19.9695,-16.8550,40.39,In Hand
138239,-1.4653,3.0071,10.2831,-13.7252,42.5191,-9.1908,40.67,In Hand
138306,-3.7062,2.7581,10.2975,18.5954,19.3130,22.9160,40.58,In Hand
138376,-3.6440,2.1165,12.2104,32.1527,24.9618,68.4580,40.58,In Hand
138443,-2.1524,0.5435,13.6853,31.4656,-15.3588,65.6794,40.77,In Hand
138510,0.6345,-1.1013,13.3477,55.6489,36.9466,74.9313,40.53,In Hand
138577,0.7350,-1.3384,9.6127,49.5725,63.6947,86.0305,40.67,In Hand
138644,0.9936,-0.4645,8.0373,30.9618,-21.0992,79.2672,40.72,In Hand
138711,0.8763,0.2179,7.7572,-6.3969,-5.8473,27.7252,40.53,In Hand
138778,0.0311,0.2370,9.6798,-22.7176,-29.2672,-1.3588,40.67,In Hand
138848,0.9002,-0.0479,9.0453,-29.3740,-17.8626,-19.5420,40.67,In Hand
138915,-0.6728,0.5195,12.7587,-47.6489,-110.0916,-2.1985,40.58,In Hand
138982,2.8730,1.4054,10.7835,-14.0611,24.1374,-18.9160,40.58,In Hand
139049,2.0614,1.9944,9.5265,-69.7863,10.0458,-71.7252,40.77,In Hand
139116,-1.3240,1.4533,12.7348,-44.6870,-6.9313,-35.9237,40.58,In Hand
139183,-0.4094,2.8970,12.7012,-33.1603,-26.1832,-72.1985,40.44,In Hand
139250,-1.6209,1.1660,13.6685,15.3893,73.7557,3.6489,40.72,In Hand
139317,0.8045,0.9649,9.2967,41.9695,43.1450,21.6031,40.72,In Hand
139387,1.0199,-1.0080,11.1426,21.6336,-0.2443,20.6412,40.72,In Hand
139454,1.7454,-1.6209,9.9048,32.1221,17.0687,-0.2443,40.67,In Hand
139521,1.6472,-2.0327,9.0860,1.7252,-11.4198,3.3435,40.44,In Hand
139588,2.4588,-1.8244,9.0525,-11.7099,-8.9466,-21.0992,40.91,In Hand
139655,1.1444,-1.0487,10.4100,-21.2366,-12.2595,-45.7557,40.67,In Hand
139722,1.2210,-1.3838,10.9056,-25.0534,5.2366,-69.0229,40.53,In Hand
139789,0.3711,-0.1460,10.4722,-17.6031,19.4198,-47.8168,40.58,In Hand
139859,0.5291,0.8021,11.0421,-18.3359,-15.2061,-26.5496,40.77,In Hand
139926,-0.0886,2.3822,11.4012,-21.6947,-0.2595,-14.8550,40.67,In Hand
139993,-1.3096,3.0335,11.2575,-16.2137,9.9237,-6.5038,40.95,In Hand
140060,-2.3008,3.2370,11.5664,10.3206,4.2137,27.5573,40.67,In Hand
140127,-0.6321,2.0638,12.3325,38.1221,-6.7328,25.3282,40.86,In Hand
140194,0.3974,0.0958,11.7364,46.2595,16.7023,13.3282,40.86,In Hand
140261,0.4597,-0.9457,10.4435,44.9618,14.5191,22.0763,40.91,In Hand
140331,2.0207,-1.4102,9.4619,15.4198,-1.6183,19.4351,40.67,In Hand
140398,1.1492,-1.1492,8.3917,-9.9695,12.1985,2.6565,40.72,In Hand
140465,0.6464,0.1173,8.5593,-38.5038,-15.0076,-3.6947,41.05,In Hand
140547,-0.6536,1.5036,12.1147,-46.2443,-19.1603,-7.2824,40.91,In Hand
140614,-0.2370,2.2170,12.6055,-7.4351,2.5802,8.4580,40.91,In Hand
140681,0.7374,1.8531,11.1474,4.1221,0.1374,5.6947,40.58,In Hand
140748,0.4405,0.3017,11.0373,8.0611,1.6031,-9.3588,40.67,In Hand
140815,1.6209,-0.1341,10.6015,7.9695,-11.4656,-6.7023,40.67,In Hand
140885,3.2801,-0.2825,11.7005,3.6641,-13.8626,-49.0534,40.53,In Hand
140952,3.7948,-0.7518,10.8793,16.2443,16.0763,-94.7786,40.77,In Hand
141019,3.3662,-0.9505,10.9391,5.8473,-17.6031,-139.9695,40.91,In Hand
141086,1.5179,-1.3048,12.6127,9.3282,-38.9466,-156.8397,40.67,In Hand
141153,-0.0718,-0.9625,11.0373,25.6336,-27.4504,-182.1679,40.77,In Hand
141220,-2.1500,-0.3089,9.6965,18.2595,-12.4275,-155.5114,40.67,In Hand
141287,-1.6305,0.0335,8.0469,16.0305,-4.3664,-156.2595,40.77,In Hand
141357,-3.2034,0.3041,7.2712,-7.8626,-10.4580,-133.5420,40.67,In Hand
141424,-4.8746,1.6113,10.0030,-23.8168,-2.3053,-90.3053,40.77,In Hand
141491,-6.8498,3.8283,11.2671,-44.5496,48.0305,21.6031,40.77,In Hand
141558,-1.8220,5.3558,13.2711,-49.6947,18.1679,80.5802,40.39,In Hand
141625,1.0630,2.2817,12.1817,-12.1069,-33.4198,46.7481,40.67,In Hand
141692,2.6624,0.2801,11.6669,6.5649,-15.5420,33.9389,40.53,In Hand
141759,3.1292,-1.5754,9.4260,27.6794,0.0305,-15.4351,40.39,In Hand
141826,1.3168,-0.2107,8.5617,-3.1145,13.3893,-30.9313,40.77,In Hand
141896,-0.5914,0.6967,8.4372,-20.7328,0.9618,-39.5878,40.67,In Hand
141963,-1.6568,1.3910,10.6781,-35.2366,-22.1832,-25.8626,40.77,In Hand
142030,-2.9736,1.0630,11.8369,-25.0992,-13.6947,-5.8931,40.53,In Hand
142103,2.0446,1.8794,13.1442,12.9771,2.0153,28.7939,40.72,In Hand
142170,4.2138,2.0063,11.8274,11.6489,-2.5649,-16.9313,40.77,In Hand
142237,3.6655,0.9242,10.8673,25.9542,-15.4198,-69.6031,40.53,In Hand
142304,0.8021,-0.3543,8.9735,15.9237,21.2061,-109.2519,40.72,In Hand
142374,-2.4948,-1.4748,8.2887,-1.1603,13.6489,-102.0763,40.72,In Hand
142441,-4.4484,-0.8595,8.9160,-14.7786,-8.2901,-60.1832,40.44,In Hand
142508,-4.8554,-0.0910,10.1131,-40.1985,-10.5954,-7.3282,40.67,In Hand
142575,-0.9888,1.0582,11.8705,-18.5649,-14.9313,52.1832,40.67,In Hand
142642,0.8571,1.4844,11.8369,-19.0534,15.1908,23.3893,40.53,In Hand
142709,0.5124,0.8164,11.9997,0.3206,8.1527,14.3969,40.53,In Hand
142776,0.3926,0.0407,10.3980,3.8168,9.3893,10.4580,40.72,In Hand
142846,-0.9792,-0.0646,10.7428,-13.2214,2.0000,24.3359,40.53,In Hand
142913,-0.3352,0.1317,10.5967,5.1908,-16.3206,19.0687,40.67,In Hand
142980,-1.4437,0.1317,10.6734,-2.5802,7.5267,13.8168,40.72,In Hand
143047,-0.6416,0.7518,10.3597,1.2824,-3.0229,23.2214,40.58,In Hand
143114,0.0215,0.7518,11.4156,-7.4962,-0.4427,26.3969,40.58,In Hand
143181,0.4118,0.2753,11.6143,-9.6794,5.8779,51.9237,40.86,In Hand
143279,2.0949,-0.5291,9.3805,-1.6947,-6.0763,22.6565,40.67,In Hand
143352,1.2809,0.1867,10.1682,-1.2824,-30.1527,-41.4962,40.86,In Hand
143428,-0.7829,-0.0742,9.9934,11.7252,21.0687,-87.1145,40.77,In Hand
143501,-1.6352,-0.3879,9.8019,19.0382,30.0153,-95.1298,40.67,In Hand
143574,-3.9097,-0.5531,10.0317,-16.1985,33.5267,-72.1832,40.39,In Hand
143647,-4.2784,0.0670,12.2152,-18.6870,15.8015,17.4962,40.58,In Hand
143720,-1.0391,0.4238,11.4539,-0.4122,2.8244,67.2519,40.77,In Hand
143793,-0.8332,0.1820,11.2504,10.1985,-10.3511,61.1450,40.44,In Hand
143866,-0.0192,0.1389,9.6582,12.7786,-9.8931,50.8092,40.67,In Hand
143942,0.2825,0.0766,10.1514,1.4351,-15.0840,57.6947,40.58,In Hand
144015,1.1564,0.7398,9.6367,-26.0305,-15.9389,39.7710,40.67,In Hand
144088,-0.1939,0.9481,10.0078,-42.6565,-11.4046,45.1145,40.67,In Hand
144161,-1.7980,1.4700,10.6303,-45.7405,-30.1069,37.0534,40.72,In Hand
144234,-1.9178,1.5945,11.1953,-35.2061,-10.7023,47.2366,40.72,In Hand
144307,-2.8659,1.0439,11.6454,-15.2824,-0.3817,46.9618,40.67,In Hand
144374,-1.7238,0.1604,11.7627,8.5191,16.4427,62.3511,40.77,In Hand
144444,-1.6616,-1.0223,11.8848,12.1221,15.0382,84.5496,40.72,In Hand
144511,0.0527,-0.7254,11.9519,31.2672,-14.9771,87.7099,40.67,In Hand
144578,0.3807,-1.0056,12.6366,28.1985,-9.2366,84.3664,40.67,In Hand
144645,1.6185,-0.5866,10.9990,30.3359,1.2061,55.7099,40.67,In Hand
144712,0.4381,-0.5363,9.4020,20.7023,9.7710,35.3130,40.58,In Hand
144779,0.7135,-0.8547,8.1235,10.9313,-4.0611,29.3588,40.44,In Hand
144846,2.0279,-0.5028,9.0716,1.4504,-33.3435,20.7481,40.44,In Hand
144913,2.1428,-0.2083,9.8569,-14.3359,-17.9695,-45.4962,40.39,In Hand
144983,0.8284,-0.7326,9.7205,-16.5038,1.9084,-35.7710,40.77,In Hand
145050,1.0271,-0.5171,10.7955,-51.5878,-24.5649,-46.8702,40.67,In Hand
145117,1.6688,0.0120,11.4108,-45.3130,-12.8244,-50.1527,40.72,In Hand
145184,0.1173,0.1772,11.7053,-38.9924,12.7786,-54.7176,40.77,In Hand
145251,0.8499,0.7087,11.3150,-27.3740,-15.4656,-34.1985,40.72,In Hand
145318,1.0127,0.4549,11.2216,-15.2214,-1.4504,-34.6718,40.77,In Hand
145385,0.0168,0.8715,9.7971,-11.3435,15.3435,-31.6336,40.67,In Hand
145455,1.2115,2.5307,10.0509,2.2290,-4.8092,0.4122,40.67,In Hand
145522,-2.2051,1.9680,10.3597,0.2443,27.6794,-51.7557,40.72,In Hand
145589,-2.3104,0.4908,12.1171,18.3664,-12.9618,63.9237,40.67,In Hand
145656,0.9050,0.3160,12.2511,16.8397,0.3359,56.8550,40.72,In Hand
145723,-0.2921,-0.9002,12.6653,17.6489,38.0305,87.4504,40.53,In Hand
145790,1.5299,-0.5243,11.8633,42.3053,-0.8244,88.2748,40.67,In Hand
145857,0.5770,-0.9912,10.6255,39.7863,20.7634,66.5343,40.67,In Hand
145924,0.7997,-0.6297,8.7436,38.4885,-0.2443,52.5038,40.72,In Hand
145994,1.1444,-0.4094,7.9847,24.2748,-8.9008,25.2214,40.86,In Hand
146077,1.1037,-0.1532,6.8833,-7.1298,1.5420,-12.5344,40.67,In Hand
146144,0.7709,-0.4693,8.7340,-15.2672,-10.1221,-8.4122,40.58,In Hand
146211,0.3759,0.3448,11.9351,-37.0229,-23.3588,-18.6718,40.67,In Hand
146278,1.8028,0.0622,14.5041,-30.3969,-33.8473,-18.1985,40.67,In Hand
146345,1.1037,0.2610,12.8401,-43.8779,14.5038,-60.4122,40.86,In Hand
146412,-0.1867,0.5914,10.4842,0.2290,53.8626,-44.3969,40.91,In Hand
146482,-1.4150,1.1540,9.6391,-33.6489,-14.6260,-27.0840,40.67,In Hand
146549,-1.8555,2.1763,10.4507,-26.1374,-7.7252,6.7023,40.72,In Hand
146616,-2.0949,3.2513,12.2703,-12.2137,-34.1374,36.0000,40.77,In Hand
146683,-0.8787,3.8834,13.1537,32.9466,-9.3893,49.3435,40.53,In Hand
146750,-0.9361,2.9856,12.4522,60.1069,25.8168,43.0687,40.72,In Hand
146817,1.0894,1.0726,13.3118,85.4962,-7.4504,49.0229,40.67,In Hand
146884,1.7549,-0.6728,11.4467,75.5267,55.6183,14.3511,40.58,In Hand
146954,1.1396,-0.5962,8.8298,57.4351,32.6412,37.0992,40.77,In Hand
147021,0.8547,0.7302,7.9080,20.3053,-1.8473,28.1832,40.72,In Hand
147088,-0.0192,1.1803,7.7333,-8.5802,-5.5725,17.6031,40.86,In Hand
147155,1.0391,1.7166,7.6662,-32.5038,-11.2214,15.0687,40.67,In Hand
147222,1.3982,1.3216,9.2943,-61.5420,-19.0382,-37.0840,40.67,In Hand
147289,0.8930,1.7166,11.7627,-58.1832,-2.2137,-40.9466,40.91,In Hand
147356,1.4102,2.3008,12.3900,-42.6565,5.8779,-73.3740,40.53,In Hand
147423,0.6249,2.0375,12.0931,-24.6260,1.0840,-54.8244,40.72,In Hand
147493,-0.2897,1.6879,11.3294,-21.0687,-5.4198,-54.1832,40.72,In Hand
147560,-1.0654,1.2163,11.3437,-4.0153,-11.1145,-19.2977,40.91,In Hand
147627,-0.6823,1.3384,10.2831,-11.5573,-14.3969,-4.8244,40.72,In Hand
147694,-0.3448,1.8292,9.8330,-2.1985,-20.8244,1.5267,40.86,In Hand
147761,-0.5339,2.0853,9.5002,-5.4809,2.5802,-11.0840,40.72,In Hand
147828,-0.7183,1.7526,9.9192,-6.5344,-3.7863,-8.7023,40.77,In Hand
147895,-1.0104,1.7502,10.9942,-3.0229,16.1985,-4.5496,40.67,In Hand
147965,-0.5411,2.0399,11.9088,8.7634,8.2595,29.1298,40.67,In Hand
148032,-0.3136,1.4245,12.4714,13.6031,21.2061,32.0611,40.53,In Hand
148099,0.9313,0.9936,12.0787,27.2214,7.8473,60.6107,40.72,In Hand
148166,1.0942,1.0798,11.3222,17.6031,14.7328,35.5878,40.72,In Hand
148233,0.4214,0.9697,10.4459,25.0534,11.8779,40.5344,40.44,In Hand
148300,0.1149,1.1301,9.3733,16.8702,10.2137,32.7786,40.77,In Hand
148367,0.5914,1.2043,8.1690,19.0076,6.8244,23.4656,40.58,In Hand
148434,0.3184,0.8906,7.1946,-13.3435,-3.8931,10.5954,40.77,In Hand
148504,0.9864,0.4573,9.3685,-36.9618,-11.4962,1.4504,40.77,In Hand
148571,1.8699,0.5028,10.2639,-50.4427,-14.6260,-19.4809,40.58,In Hand
148638,1.3503,0.2059,12.8760,-47.3740,-5.9542,-30.2443,40.58,In Hand
148705,0.8116,0.4693,12.2823,-40.1069,4.3359,-52.2748,40.67,In Hand
148772,0.5315,0.6177,11.9566,-15.6641,-3.5115,-34.8397,40.53,In Hand
148854,0.2059,0.5746,11.6861,-9.9084,-7.4198,-41.9389,40.67,In Hand
148921,0.0599,0.7542,10.6925,-4.9160,-6.0305,-31.4656,40.91,In Hand
148991,-0.7207,0.8284,9.9168,-1.3130,-14.2901,-29.7863,40.58,In Hand
149058,-1.1971,1.2857,9.4284,-3.5420,-3.7557,-19.9542,40.86,In Hand
149125,-1.7406,1.3408,9.8689,-4.7023,-3.0076,-5.2061,40.72,In Hand
149192,-1.1540,1.3168,11.4658,2.9313,5.1450,17.5725,40.58,In Hand
149259,-1.2570,1.1708,11.7962,7.1603,17.4656,32.4122,40.58,In Hand
149326,-0.2011,0.1101,13.0053,27.4962,3.0382,65.1756,40.39,In Hand
149393,2.0255,0.5770,11.8657,38.2443,18.7634,61.2977,40.53,In Hand
149460,1.5060,0.4357,10.3549,32.8397,22.4886,32.4885,40.77,In Hand
149530,1.0295,0.9194,10.0341,34.5191,9.7557,21.1450,40.53,In Hand
149597,0.3998,1.0415,9.1004,21.2061,9.3435,8.8855,40.53,In Hand
149664,0.3879,1.2282,8.6862,5.6794,0.1221,-1.8015,40.67,In Hand
149731,0.0455,1.0989,8.6957,-12.7176,1.8473,-8.9313,40.95,In Hand
149798,0.4381,1.0104,9.9144,-27.5725,-6.1069,-13.2214,40.53,In Hand
149865,0.6273,0.8236,9.3733,-31.9237,5.7099,-13.9389,40.72,In Hand
149932,0.5794,0.6033,10.8074,-44.4122,-27.5878,-28.8550,40.58,In Hand
150002,0.4525,0.4022,12.3517,-35.8626,-1.5267,-34.5649,40.77,In Hand
150069,0.4501,0.4980,12.1602,-16.6565,-6.4733,-35.0992,40.67,In Hand
150136,0.2586,0.6105,11.3964,-16.9008,-3.6489,-35.2672,40.91,In Hand
150203,0.1628,0.6153,11.3868,-6.7328,-13.2977,-29.3130,40.77,In Hand
150270,0.0479,0.6440,11.1378,0.7634,-12.5802,-31.7710,40.53,In Hand
150337,-0.5219,0.8116,10.6303,9.1756,-0.6870,-27.1298,40.53,In Hand
150404,-0.8906,0.7781,9.5648,2.8397,-1.6947,-18.3817,40.77,In Hand
150471,-0.7973,0.6297,9.6989,-3.2519,4.6412,-0.2443,40.58,In Hand
150541,-0.2849,1.1396,10.6374,-8.2748,-2.1832,10.1221,40.58,In Hand
150608,-0.4621,1.1684,11.6478,-4.8702,10.4122,24.6412,40.67,In Hand
150675,-0.5818,1.4222,11.3916,0.0458,12.6870,39.4046,40.53,In Hand
150742,-0.3687,1.3048,11.1067,13.9542,13.9084,54.8855,40.58,In Hand
150809,-0.1341,1.0343,11.0947,19.2824,4.5038,65.3893,40.67,In Hand
150876,0.4693,0.8284,11.5305,24.9313,-2.3817,62.4580,40.67,In Hand
150943,0.9385,0.4812,11.5401,25.2366,2.6718,54.5038,40.95,In Hand
151035,1.1803,0.4741,9.8617,22.9313,12.2901,43.0840,40.58,In Hand
151110,0.8667,0.9146,8.6048,2.6718,1.4198,20.7328,40.67,In Hand
151177,0.7805,0.7949,8.5665,-11.5115,2.5496,15.8779,40.77,In Hand
151244,0.5914,0.5411,8.9998,-35.8931,-5.2214,-1.0687,40.77,In Hand
151311,1.1732,-0.1508,9.2273,-36.7023,1.1298,-1.3130,40.77,In Hand
151378,1.2210,-0.2131,11.6430,-59.0534,-36.8702,-22.2595,40.77,In Hand
151445,2.3966,0.1149,12.4331,-46.5191,-15.1603,-34.7328,40.67,In Hand
151527,1.2163,0.1030,13.4865,-10.2595,-18.4733,-60.2748,40.77,In Hand
151597,1.2522,0.4549,12.9670,14.6412,-8.0305,-81.9084,40.44,In Hand
151664,0.8140,0.4573,12.3756,39.6489,-13.6489,-83.4504,40.77,In Hand
151731,0.8715,0.2251,10.8649,46.0153,0.8092,-103.4504,40.72,In Hand
151798,-0.0455,0.2873,10.1370,32.9618,-0.9313,-95.7863,40.58,In Hand
151865,0.2777,0.7374,8.3390,25.4046,-0.9924,-79.9695,40.67,In Hand
151932,0.2538,0.5602,7.6136,4.7634,-9.2824,-66.1069,40.91,In Hand
151999,0.9936,0.5052,7.2377,-17.6947,-14.2290,-67.3588,40.67,In Hand
152069,0.7638,0.4621,9.9671,-41.0992,-23.3282,-72.8397,40.72,In Hand
152136,2.3032,1.7214,10.4770,-36.3817,-9.0840,-82.5649,40.67,In Hand
152203,2.4469,2.3463,13.1873,-39.2519,-30.2137,-102.1832,40.58,In Hand
152270,2.0399,2.1237,12.9071,-11.2366,-14.7939,-103.9389,40.91,In Hand
152337,1.3360,2.3104,11.3844,9.0382,-13.5420,-95.4046,40.67,In Hand
152404,1.1612,2.0710,9.9623,15.4046,-7.4656,-108.7939,40.72,In Hand
152471,-0.5195,1.8124,10.5105,14.7939,9.5878,-86.4122,40.58,In Hand
152541,-0.2634,2.6480,8.7556,3.9695,1.7099,-57.4656,40.67,In Hand
152608,-0.3783,2.4445,9.2536,-3.7557,-7.0382,-48.0458,40.67,In Hand
152675,0.2969,2.0399,8.5808,-14.4122,4.7939,-41.1756,40.58,In Hand
152742,-0.1365,2.0231,8.7652,-37.1145,-0.6107,-39.1450,40.77,In Hand
152809,0.2394,2.6384,10.7212,-43.2672,-7.4809,-16.9771,40.77,In Hand
152876,0.4860,3.2920,11.4922,-40.7176,-7.0687,-17.8168,40.53,In Hand
152949,0.6393,3.8044,13.2328,-18.4427,-5.9389,-18.0611,40.72,In Hand
153016,1.3048,3.5626,13.0819,15.0840,0.9160,-14.8702,40.91,In Hand
153086,0.6081,2.4804,12.5552,30.9466,-1.9389,-18.6260,40.72,In Hand
153153,0.6249,1.6089,10.7643,47.9237,0.9771,-10.2595,40.77,In Hand
153220,-0.1796,1.1779,9.5481,31.8168,3.5420,-6.7481,40.67,In Hand
153287,0.1484,1.1061,9.7779,28.6870,-9.3893,16.5038,40.72,In Hand
153354,0.5219,0.7374,9.8019,15.6183,-4.7023,15.3588,40.58,In Hand
153421,0.9361,0.6345,8.2911,13.0382,20.8702,14.2443,40.58,In Hand
153488,0.2993,0.6321,7.5417,-11.7252,13.3740,2.0763,40.72,In Hand
153558,0.8835,0.6393,8.8609,-47.3740,-15.6794,6.5649,40.72,In Hand
153625,0.5770,0.9553,12.4475,-71.6489,-8.0458,-30.3664,40.72,In Hand
153692,2.8060,4.0869,15.4833,-23.4198,-5.4809,15.7099,40.44,In Hand
153759,3.6176,2.8970,12.8138,26.6412,-3.7863,-45.9847,40.53,In Hand
153826,1.0630,0.7350,11.7412,28.9008,6.2443,-79.3282,40.86,In Hand
153893,-0.7398,-0.0575,9.8737,31.2977,5.6794,-70.4733,40.72,In Hand
153960,-0.7805,-0.0311,8.9016,12.0763,2.4275,-52.5191,40.77,In Hand
154027,-0.2634,0.4477,8.1163,-5.1450,0.2748,-53.2366,40.58,In Hand
154097,-0.1604,1.3647,8.7795,-25.9847,-20.3206,-61.6641,40.77,In Hand
154164,-0.7709,2.0590,10.2089,-37.6794,-27.4351,-91.2366,40.58,In Hand
154238,-0.7374,2.8228,12.2032,-26.8855,-5.0992,-83.6489,40.67,In Hand
154305,-0.0694,3.4596,13.3429,-6.2290,-9.8931,-81.0229,40.67,In Hand
154372,-1.0894,2.9832,12.7491,8.4275,-3.8321,-63.5115,40.67,In Hand
154439,-0.2658,2.5283,10.7907,32.4275,-12.7023,-46.0153,40.58,In Hand
154506,-0.3256,1.8387,9.7085,27.1145,-20.2290,-46.8092,40.72,In Hand
154576,-0.5938,1.5419,9.4523,20.5954,-21.7863,-38.5344,40.58,In Hand
154643,-0.4166,1.3336,9.2273,12.0611,-13.8168,-34.6412,40.86,In Hand
154710,0.1197,1.1181,9.0716,2.4122,-12.4122,-20.6107,40.72,In Hand
154777,0.5986,1.3503,8.8155,-7.9695,-12.6260,-23.8321,40.67,In Hand
154844,1.1947,2.5331,9.6223,-22.8244,-11.0840,-14.3511,40.91,In Hand
154911,2.2314,4.3287,10.2807,-43.4962,4.1069,-31.3588,40.72,In Hand
154978,-0.2873,5.2625,13.8624,-19.7710,-16.3511,-31.3893,40.58,In Hand
155048,0.1221,4.3287,11.8393,37.5725,-13.8168,10.1679,40.67,In Hand
155115,0.5052,3.5602,9.9575,39.4656,-11.7863,1.4656,40.53,In Hand
155182,-0.3855,2.2793,9.2033,31.2366,16.5802,0.6565,40.67,In Hand
155249,-0.4860,2.4373,7.3382,16.3511,12.5344,26.6870,40.53,In Hand
155316,-0.5076,2.2769,6.7947,-11.8168,12.3359,48.4275,40.67,In Hand
155383,0.3567,2.5522,7.8697,-39.0992,6.8244,59.1298,40.91,In Hand
155450,1.3527,2.5738,11.7244,-50.3511,-1.6794,64.1221,40.67,In Hand
155517,0.2705,2.8228,14.7626,-49.7099,-8.9466,64.3664,40.67,In Hand
155587,0.8404,1.8244,11.2815,35.4962,13.1298,100.7939,40.72,In Hand
155654,0.8499,1.0989,10.6279,10.4885,-2.2595,97.5115,40.67,In Hand
155721,-0.1173,0.4717,9.7300,15.0840,22.7481,121.0687,40.72,In Hand
155788,-0.2753,0.2873,9.1650,-5.1145,14.6260,133.8015,40.77,In Hand
155855,0.4573,0.3663,10.3214,-7.6947,-3.0534,158.0000,40.72,In Hand
155922,1.0104,0.9912,10.4651,-15.6336,34.1221,124.9618,40.58,In Hand
155989,-0.2969,0.6823,11.6909,-13.3435,34.1221,132.2901,40.67,In Hand
156059,0.5507,1.0702,11.0828,-1.8321,27.3588,122.4122,40.58,In Hand
156126,0.7829,0.4597,12.9694,9.9847,12.8550,108.0000,40.58,In Hand
156193,0.3759,-0.2227,11.8489,31.3282,30.5496,85.8321,40.53,In Hand
156260,0.5674,-0.1413,10.5321,33.7099,20.9160,85.2824,40.67,In Hand
156327,0.8045,-0.2155,11.1713,20.4427,9.0840,56.7023,40.72,In Hand
156394,0.6129,-0.1413,10.9583,21.9847,41.4962,39.5878,40.72,In Hand
156461,0.0551,-0.0096,8.5665,-0.2748,16.5954,35.1298,40.67,In Hand
156528,0.2131,0.5746,8.0756,-34.0153,3.0382,41.6031,40.77,In Hand
156598,-0.2586,0.5531,10.5919,-55.6489,-9.1145,36.2137,40.58,In Hand
156665,-0.0335,1.5275,12.4618,-35.7557,15.3740,45.5115,40.67,In Hand
156732,0.4381,1.6903,12.4187,-14.4580,-41.4198,14.4733,40.53,In Hand
156799,-0.1077,1.5706,13.2687,6.3359,-20.2137,-2.3664,40.67,In Hand
156866,-0.1724,1.4030,11.8752,38.0458,-8.1374,-7.4198,40.86,In Hand
156949,0.2298,0.9337,10.1131,36.0611,-0.8702,4.8702,40.67,In Hand
157016,0.6057,0.7326,8.0972,22.3664,10.1374,4.3969,40.67,In Hand
157086,0.0718,0.5435,7.4172,-11.9084,5.3435,24.3359,40.58,In Hand
157153,0.7638,1.0175,9.4308,-46.4885,10.1985,28.1679,40.58,In Hand
157220,0.0790,1.4078,10.7452,-22.8397,0.7023,53.4198,40.77,In Hand
157287,1.6185,1.8771,15.5551,-5.4504,10.1985,67.5420,40.67,In Hand
157354,1.5179,1.0989,12.8042,44.5802,-1.5573,76.2595,40.72,In Hand
157421,1.0104,0.2825,10.7500,46.5344,3.3282,70.8855,40.72,In Hand
157488,1.0056,0.2466,9.2727,40.3511,4.1679,77.7557,40.53,In Hand
157555,0.8787,0.4525,7.5561,21.1450,21.0840,70.5802,40.67,In Hand
157625,0.9337,0.4693,7.0437,-11.7710,15.1908,64.3206,40.39,In Hand
157692,0.8859,0.6297,7.9990,-40.5496,18.6260,52.8855,40.67,In Hand
157759,0.9505,0.7661,11.1905,-50.8855,9.9389,57.1145,40.91,In Hand
157826,1.5036,1.1779,11.8752,-45.2366,14.1832,49.2672,40.53,In Hand
157893,0.1269,1.2881,13.5632,-21.5420,3.9084,62.0611,40.77,In Hand
157960,1.3192,1.1564,13.1968,16.2748,4.3206,70.8855,40.77,In Hand
158027,2.1021,0.6919,11.1690,34.0153,16.6412,53.0076,40.67,In Hand
158097,1.7597,0.2849,9.4332,32.1069,17.6183,35.0229,40.72,In Hand
158164,1.4988,0.0120,8.6957,14.4885,9.8015,22.9618,40.77,In Hand
158231,1.2737,0.0910,9.3350,-16.8244,0.1832,-3.9695,40.72,In Hand
158298,0.3041,-0.0479,10.3669,-19.8168,22.2443,-10.8702,40.77,In Hand
158365,0.3615,0.5195,10.5034,-17.9695,16.3817,-15.4198,40.77,In Hand
158432,0.2921,0.4046,11.2025,-10.0153,30.1527,-36.3511,40.67,In Hand
158499,0.0287,0.6345,11.2719,-6.7634,16.7023,-47.0687,40.67,In Hand
158566,-0.6967,0.5411,10.9774,4.6260,27.4962,-52.4427,40.77,In Hand
158636,-2.2170,0.8595,11.2264,5.8931,-2.5038,-28.5649,40.44,In Hand
158703,-0.5507,0.5650,12.2392,8.6107,-11.6947,-7.7710,40.58,In Hand
158770,-0.4884,0.2658,12.7419,15.4046,-18.0153,-25.6336,40.67,In Hand
158837,-0.4142,0.5243,9.5529,21.6947,16.8855,-26.9466,40.67,In Hand
158904,-0.6177,0.3807,9.2847,16.0000,-9.1756,-40.6870,40.77,In Hand
158971,-1.6352,-0.3519,9.1147,8.0305,5.1603,-46.1679,40.72,In Hand
159038,0.3687,-0.0934,10.1059,3.0382,-23.6641,-64.3817,40.72,In Hand
159108,-0.7302,-0.1867,11.8226,-10.0153,-11.3130,-99.2366,40.67,In Hand
159176,-1.8866,0.3089,10.4004,-3.8931,-3.1908,-83.4657,40.67,In Hand
159243,-1.2881,0.8380,10.4483,-6.1832,-42.5496,-67.9695,40.67,In Hand
159310,-2.3894,-0.0838,11.9878,-8.2901,-24.1069,-62.5802,40.72,In Hand
159377,-0.1820,0.8691,10.9511,-0.2443,-13.4809,-64.2290,40.72,In Hand
159444,-0.1173,1.0343,10.1801,-3.5267,9.2672,-91.2214,40.86,In Hand
159511,0.7877,1.2833,10.1442,13.8473,-8.4580,-82.7328,40.72,In Hand
159581,0.2849,0.1867,10.7715,8.0458,-29.1450,-104.4580,40.67,In Hand
159664,0.7757,0.0790,10.1370,11.7710,-25.3893,-85.1145,40.77,In Hand
159731,0.2274,0.6009,9.8210,-13.5573,-16.2443,-100.1221,40.67,In Hand
159798,-1.0606,1.5682,11.4395,-26.2901,-20.4733,-75.3435,40.53,In Hand
159865,-0.9002,2.5019,11.7938,-5.7252,-20.3817,-35.4198,40.77,In Hand
159932,0.4741,2.7605,11.3629,12.8702,-8.6718,-36.1221,40.53,In Hand
159999,0.7709,1.8411,10.2639,23.2366,-4.8702,-37.1450,40.77,In Hand
160066,1.2474,0.9912,9.3972,17.4046,-3.6947,-52.2137,40.72,In Hand
160136,0.6680,1.0487,9.2895,-3.0229,3.8321,-53.1756,40.58,In Hand
160203,0.4693,1.2522,9.1913,-16.5649,-1.3740,-36.2290,40.77,In Hand
160270,1.0271,1.9441,9.5193,-22.7786,-10.9313,-41.7557,40.91,In Hand
160337,-0.0694,2.1213,10.9104,-24.0000,1.2366,-40.3664,40.67,In Hand
160404,-0.0048,2.8683,11.1833,-19.6641,3.5420,-31.1450,40.67,In Hand
160471,-0.5698,3.0239,11.6574,-12.4427,4.6260,-6.2443,40.72,In Hand
160538,0.6656,2.9281,12.2032,-0.1221,-9.9695,4.0153,40.86,In Hand
160608,0.4693,1.5251,12.1434,29.1603,11.7252,4.9618,40.72,In Hand
160675,0.7015,1.3551,9.7420,28.4733,11.1756,7.8779,40.67,In Hand
160742,0.3519,0.6393,10.1514,22.2901,6.5038,0.5191,40.72,In Hand
160809,-0.4238,0.5531,9.7133,9.8321,16.7023,-0.3053,40.67,In Hand
160876,-0.5363,0.3304,9.0621,8.9160,12.3511,20.3664,40.77,In Hand
160943,0.8595,0.0742,9.8833,-16.4427,-16.7481,5.8473,40.72,In Hand
161010,-0.4214,0.0814,11.8465,-26.3817,2.3817,-15.0229,40.44,In Hand
161077,-0.4477,1.4461,9.6414,-25.3588,26.0916,6.9771,40.67,In Hand
161147,-0.4262,1.6305,10.9439,-20.5802,-9.2824,6.9160,40.72,In Hand
161214,1.0223,1.9752,12.5432,3.9695,-11.1298,-8.3206,40.77,In Hand
161281,0.6249,0.9840,12.3421,21.8321,17.4809,-56.8550,40.72,In Hand
161348,-1.1540,0.3136,10.0628,23.1908,28.8702,-58.7328,40.39,In Hand
161415,-1.2402,0.4094,8.6287,10.0611,5.0992,-27.0992,40.86,In Hand
161482,-0.2107,0.5818,9.1243,-16.9008,-24.2748,-13.4046,40.67,In Hand
161549,0.0503,0.6416,10.0940,-30.2901,-15.6336,-32.8550,40.91,In Hand
161619,-0.9649,1.0942,10.9415,-36.2748,-18.1069,-32.6107,40.86,In Hand
161686,-0.4142,1.8507,11.6933,-26.5344,-13.6489,-32.7481,40.95,In Hand
161753,-0.3065,2.2601,12.9024,-7.1756,-20.8244,-25.2672,40.77,In Hand
161820,0.6512,2.3248,11.8106,10.3969,-10.6260,-43.8168,40.77,In Hand
161887,-0.2490,1.8364,11.8968,18.0458,-20.7481,-27.1908,40.53,In Hand
161954,0.3041,1.7382,10.8266,25.0076,-19.6794,-27.9695,40.67,In Hand
162021,-0.2562,1.0846,10.2639,24.1069,-19.8168,-10.9618,40.58,In Hand
162091,0.3184,0.7901,8.6766,13.1298,-21.1756,0.1832,40.86,In Hand
162158,0.4286,0.0431,8.9639,-12.8397,-23.1298,-4.1374,40.72,In Hand
162225,0.2083,-0.2562,9.0094,-35.2214,-9.7863,15.6031,40.95,In Hand
162292,1.7454,0.9026,10.4387,-44.1069,-16.9008,31.6183,40.67,In Hand
162359,2.9066,1.6089,13.3812,-20.1679,-17.3435,46.3969,40.77,In Hand
162527,2.4517,1.6927,11.2264,45.0229,3.3435,60.3053,40.91,In Hand
162764,1.4509,-0.3472,8.4731,18.3053,26.9771,61.2519,40.77,In Hand
163003,2.2027,0.7542,11.1618,-32.2901,-8.0611,77.6947,40.67,In Hand
163097,1.3455,1.4293,12.6246,-30.9618,4.6565,61.3435,40.53,In Hand
163169,0.9840,1.5347,13.2495,3.9847,3.8015,83.0076,40.44,In Hand
163254,1.4964,1.1420,12.2823,32.5344,-15.0229,75.4809,40.67,In Hand
163326,1.2617,0.6225,11.1546,39.8931,13.1145,52.3664,40.67,In Hand
163399,1.2833,0.2490,9.8114,42.7176,18.6565,37.1145,40.67,In Hand
163469,-0.0120,0.0168,9.0381,23.2214,39.5725,32.6565,40.67,In Hand
163541,0.2155,0.3352,8.6072,4.9924,20.9466,60.5344,40.67,In Hand
163617,1.4341,1.2474,10.3286,-24.9008,8.1221,63.8015,40.58,In Hand
163690,0.1963,2.0327,12.9454,-22.1527,10.9466,59.4198,40.72,In Hand
163760,0.5124,2.1189,12.3301,10.7328,6.2748,92.5191,40.67,In Hand
163832,1.5203,1.5562,11.5233,32.2290,-7.6794,76.2290,40.44,In Hand
163904,1.8483,1.1803,10.8433,35.1908,-5.3740,44.2443,40.67,In Hand
163974,1.4700,0.9122,9.9647,27.9847,9.6947,11.0992,40.77,In Hand
164046,1.3503,0.8739,9.0836,16.2595,2.7634,6.4580,40.77,In Hand
164119,1.9417,1.1109,7.6519,-10.0763,-2.4885,-12.1069,40.86,In Hand
164195,2.4493,1.4437,11.5353,-51.3893,-37.6947,-47.6947,40.67,In Hand
164265,1.1420,1.6496,12.4451,-26.1527,20.1985,-38.2901,40.67,In Hand
164337,2.0853,1.6185,11.4922,-4.2748,-28.0916,-20.0153,40.91,In Hand
164410,3.4548,0.6560,11.0492,7.8473,-17.4809,-51.2977,40.77,In Hand
164480,2.6097,-0.2777,10.1514,11.4809,0.7939,-80.2137,40.72,In Hand
164558,2.5355,-0.3591,8.4851,-3.8626,-6.3359,-83.2519,40.86,In Hand
164631,2.5977,-0.1365,9.6822,-15.1450,-28.4122,-77.8015,40.53,In Hand
164707,2.5163,0.8068,10.8721,-46.8397,-17.8015,-104.9466,40.67,In Hand
164777,1.2857,1.4293,11.5975,-21.4351,-12.1832,-91.9695,40.86,In Hand
164849,0.4525,1.6975,11.5089,-11.8779,-18.3664,-85.7557,40.91,In Hand
164922,0.6440,1.7214,9.8210,-5.0534,9.5725,-84.2443,40.72,In Hand
164992,0.4405,1.4174,9.1985,-13.2824,14.3664,-72.1832,40.53,In Hand
165064,0.8164,2.0279,9.1818,-26.1985,13.8779,-62.8855,40.77,In Hand
165136,0.1269,2.4852,11.1402,-24.4275,2.4733,-39.2824,40.72,In Hand
165206,0.1580,3.2417,12.2056,-13.7252,-3.7557,-14.4122,40.58,In Hand
165282,0.6297,3.1196,11.6143,14.6565,2.8855,3.4351,40.72,In Hand
165354,0.9313,1.8387,10.9056,24.6870,-9.4351,10.0305,40.67,In Hand
165427,1.1229,1.0558,9.7588,16.0763,1.7710,16.1832,40.72,In Hand
165497,1.1085,0.7135,9.1291,0.9313,-9.7099,32.1527,40.77,In Hand
165569,1.3551,0.5674,9.2296,-22.3359,7.1450,15.7710,40.72,In Hand
165642,1.3048,0.5315,9.7252,-22.4733,-8.0611,36.0458,40.44,In Hand
165712,2.0423,0.2514,9.9072,-33.1908,0.8092,10.8702,40.67,In Hand
165791,1.0487,1.0487,12.1578,-35.9847,-2.7481,18.7328,40.39,In Hand
165863,0.2059,1.4341,11.4922,-26.0305,11.2366,19.5725,40.67,In Hand
165935,-0.7829,1.6568,11.8489,-11.6183,-5.4198,41.0534,40.77,In Hand
166005,-0.3879,1.4772,11.6238,9.5115,2.1832,62.9466,40.53,In Hand
166077,0.4501,0.9673,12.5289,24.6565,-4.9466,52.2290,40.86,In Hand
166150,-0.1556,0.4860,11.4060,33.8931,29.6031,44.0000,40.86,In Hand
166220,-0.1844,0.2346,10.4674,36.6870,12.6107,60.3817,40.86,In Hand
166292,0.6823,0.5818,9.7276,27.8779,12.9160,47.8931,40.86,In Hand
166368,0.5770,0.1820,9.7995,20.6870,14.2901,32.1069,40.67,In Hand
166441,1.4581,0.1030,9.3446,-0.4122,-4.7786,9.2519,40.91,In Hand
166511,1.6664,-0.1077,10.4651,-12.4733,-11.0840,-3.7863,40.77,In Hand
166583,1.6233,0.3496,10.4315,-24.1221,-8.7786,-31.4656,40.95,In Hand
166656,0.8188,0.8715,10.2065,-29.8321,-7.2214,-42.9008,40.72,In Hand
166726,0.3615,1.1468,11.5472,-35.2672,-23.7099,-51.6794,40.77,In Hand
166797,1.0822,1.5155,11.7747,-19.6947,-14.9008,-56.4122,40.77,In Hand
166873,0.5746,1.2426,12.4379,9.0992,-1.2519,-47.5420,40.86,In Hand
166946,1.4557,0.5746,10.0796,17.7405,-1.5115,-56.4427,40.72,In Hand
167016,1.7142,0.0814,9.5481,11.9695,-6.0916,-57.3282,40.67,In Hand
167088,0.7805,-0.2011,9.2320,-8.3511,-3.7099,-62.6412,40.53,In Hand
167160,1.1612,0.2658,9.0405,-21.3130,-17.8626,-41.6641,40.72,In Hand
167230,1.4150,0.4310,10.8721,-24.3511,-18.1832,-48.2443,40.86,In Hand
167302,2.5043,0.7566,11.5712,-31.3282,-22.0153,-66.1679,40.77,In Hand
167375,1.9561,0.7087,12.3924,-15.2366,-0.1985,-60.4580,40.67,In Hand
167451,2.5426,1.7023,10.1347,5.6489,-5.2366,-58.2290,40.72,In Hand
167521,1.6305,1.9632,10.6853,2.9771,-15.1908,-52.0763,40.67,In Hand
167593,1.6664,1.8723,10.3621,7.1145,-4.8550,-40.5649,40.67,In Hand
167666,2.0925,1.8818,10.0748,8.2901,-12.5954,-24.7023,40.72,In Hand
167737,1.8986,1.4174,9.1267,-0.5802,2.3511,-37.4351,40.77,In Hand
167809,1.4461,1.0343,9.2703,-13.4504,-1.8626,-28.3359,40.86,In Hand
167882,2.0255,1.1827,9.3996,-20.3359,-1.5878,-11.9084,40.44,In Hand
167958,2.5043,1.8507,11.0421,-22.2748,-4.6412,0.3206,40.72,In Hand
168028,2.8204,2.4541,12.1242,-8.5191,-9.4351,6.6718,40.72,In Hand
168100,2.1284,2.2721,12.4020,9.2824,8.2748,-2.0611,40.86,In Hand
168173,2.1500,1.8675,10.3765,35.8626,10.5344,9.4351,40.58,In Hand
168243,1.6903,1.3001,9.1482,26.5954,13.3740,5.9542,40.77,In Hand
168315,1.7478,1.0056,8.9591,11.3740,-1.0840,9.5115,40.77,In Hand
168387,0.9361,0.9146,8.8609,-15.0687,14.3206,1.8626,40.53,In Hand
168457,1.3599,1.1277,10.3837,-17.1908,-5.0229,30.9008,40.67,In Hand
168533,1.4365,1.5754,10.6566,-25.9084,6.3664,19.3740,40.72,In Hand
168605,1.4174,1.6664,11.8034,-11.6336,2.6718,29.4809,40.86,In Hand
168681,0.8308,1.8603,11.4658,-3.4351,13.7863,27.1450,40.67,In Hand
168751,0.9290,1.6520,11.8082,13.7405,10.8244,47.2824,40.67,In Hand
168823,1.4533,1.0534,10.3549,23.0992,15.0840,39.6947,40.67,In Hand
168896,1.4198,0.4669,9.6558,21.0076,25.9237,28.3053,40.91,In Hand
168967,0.8571,0.4645,9.9407,1.8015,12.8092,13.4656,40.67,In Hand
169043,0.6871,1.1660,11.6047,-9.3740,2.7939,13.0076,40.91,In Hand
169115,0.0838,1.6831,11.6047,-25.3893,20.0611,11.2977,40.77,In Hand
169188,1.0582,1.0606,11.2432,11.6183,10.9313,20.1069,40.72,In Hand
169259,2.1404,0.2610,10.1969,56.0916,13.4656,-10.4275,40.53,In Hand
169331,1.2402,0.0048,8.0709,23.8015,14.5649,-40.5344,40.67,In Hand
169415,1.5371,-0.2634,7.9296,-35.2824,-13.9389,-14.7023,40.67,In Hand
169485,1.1803,0.3089,10.6805,-69.0229,-39.2214,-7.2824,40.86,In Hand
169557,1.5562,2.5211,13.0843,-59.1298,-27.9237,-19.8626,40.44,In Hand
169633,0.0910,2.6983,12.1889,-33.0992,10.5038,-56.2290,40.72,In Hand
169706,-0.9050,2.1141,11.3988,2.0763,4.5954,-43.2366,40.67,In Hand
169777,-0.4477,1.8196,10.8409,21.9237,15.7710,-34.3359,40.58,In Hand
169849,0.2514,1.3168,11.4108,29.0840,8.5038,-22.4580,40.58,In Hand
169922,-0.0431,1.3144,10.5584,31.8015,33.1145,-23.9237,40.67,In Hand
169992,0.4693,0.2873,11.7555,22.9160,0.2443,10.8702,40.72,In Hand
170064,1.1157,0.3256,9.1746,22.2748,25.5573,-9.0534,40.86,In Hand
170140,0.3065,0.7230,8.8562,-1.6336,-4.2595,9.1756,40.44,In Hand
170213,0.7207,1.2522,9.2153,-18.2137,-16.7786,10.5191,40.58,In Hand
170283,0.3472,1.5682,11.3126,-27.0687,-11.3282,-12.5954,40.67,In Hand
170355,-0.1987,1.9082,11.5808,-17.0382,-0.1374,-16.2901,40.67,In Hand
170428,-0.2274,1.9872,11.3102,-6.1527,5.3588,-7.8015,40.58,In Hand
170499,-0.1915,1.9585,11.2575,-4.9771,-0.8702,-2.3969,40.86,In Hand
170571,-0.1867,1.8076,10.7284,0.7634,3.9542,10.2901,40.39,In Hand
170644,-0.4812,1.7526,10.4291,1.0076,0.9618,13.0687,40.95,In Hand
170720,-1.4485,1.8148,9.8067,-3.8779,0.5038,41.1908,40.72,In Hand
170790,-2.2841,1.9800,10.2161,-7.6489,6.2290,68.2443,40.77,In Hand
170862,-1.8244,1.9010,10.8840,-2.2748,7.0840,93.3893,40.77,In Hand
170935,-1.9345,0.9720,11.3342,5.2061,21.4504,116.1374,40.72,In Hand
171006,-0.1269,0.1125,11.1474,14.1679,18.1221,123.5878,40.58,In Hand
171078,0.9720,-0.1891,11.1570,11.9389,31.8779,125.4809,40.58,In Hand
171151,2.2673,0.2179,9.6798,13.2366,9.3130,80.1679,40.77,In Hand
171227,1.4030,0.4334,10.0245,-1.9389,4.5802,36.5191,40.53,In Hand
171298,0.8595,0.9290,10.1921,-3.5420,0.8397,15.8321,40.77,In Hand
171370,1.0271,1.2953,10.4244,-3.5878,0.4733,7.6489,40.86,In Hand
171443,0.6081,1.1444,10.7835,-8.0916,-1.8931,-11.3435,40.77,In Hand
171514,0.7374,1.0008,10.9774,-4.2137,0.0458,-14.4427,40.58,In Hand
171586,1.4030,0.9744,10.3597,-5.4046,-0.3969,-30.9924,40.91,In Hand
171747,1.4006,0.7614,10.9032,-7.1603,-18.6412,-75.2366,40.58,In Hand
171987,0.3735,0.5171,10.2568,-20.9618,-34.7023,-109.8779,40.67,In Hand
172298,-0.6967,1.7166,9.8067,7.6031,-30.0611,-61.9237,40.67,In Hand
172368,-1.4222,1.5347,10.1897,-6.0916,-43.8931,-34.2443,40.77,In Hand
172440,-0.8499,1.4245,10.4746,12.5649,-9.1603,-10.1221,40.91,In Hand
172511,0.0192,1.2713,7.4508,1.6183,21.7099,28.7328,40.77,In Hand
172583,-0.2538,1.3264,8.8466,-34.9771,-10.0611,34.8244,40.58,In Hand
172656,0.3783,0.7446,9.9431,-45.8931,1.9847,57.3130,40.53,In Hand
172726,0.1580,-0.0407,13.6900,-39.0992,-34.6565,56.8702,40.86,In Hand
172802,2.5379,-0.7302,14.7674,3.4962,24.0305,61.8626,40.72,In Hand
172874,3.0813,-1.4748,12.2296,40.2443,18.6107,43.0382,40.91,In Hand
172947,2.7366,-1.9561,10.4291,74.0153,12.9466,30.6718,40.95,In Hand
173017,3.2992,-1.4006,8.2815,83.4504,24.3511,39.8931,40.67,In Hand
173089,3.1316,-1.3527,6.5625,32.1374,-7.9695,14.9466,40.58,In Hand
173162,2.1739,-1.2689,7.5800,-78.9313,-44.3664,24.2901,40.77,In Hand
173233,3.3543,-1.9178,11.9950,-107.8168,-55.5573,12.4427,40.67,In Hand
173309,3.3734,-0.9720,12.7324,-90.6870,-32.4275,-31.2366,40.34,In Hand
173381,2.7485,-1.0367,12.4044,-75.0992,22.3664,-68.7481,40.67,In Hand
173454,2.4636,-0.7159,11.7843,-38.6412,17.4504,-57.8779,40.95,In Hand
173524,1.3551,-0.6632,11.0038,-28.5954,6.9771,-40.1527,40.72,In Hand
173596,2.5474,-0.6752,11.2767,-1.4504,8.4275,-21.4809,40.44,In Hand
173669,1.6999,-0.9960,11.1450,6.9160,-8.6260,-16.4733,40.67,In Hand
173740,2.0638,-1.3479,11.0349,25.0687,9.1908,3.6489,40.86,In Hand
173812,2.3343,-1.6568,10.3190,27.6641,10.5191,-2.8702,40.77,In Hand
173888,2.6863,-1.6807,9.3901,24.8397,28.4427,-8.1221,40.72,In Hand
173961,2.4636,-1.8699,9.7779,14.7634,9.4504,2.8092,40.67,In Hand
174031,2.9257,-1.6017,9.6199,-0.0305,-1.1756,8.0000,40.72,In Hand
174103,3.0095,-1.3838,9.9168,-11.7710,-7.5267,6.6565,40.77,In Hand
174176,3.5243,-1.0127,10.2903,-13.9847,-21.1603,2.0305,40.77,In Hand
174246,3.2681,0.5339,11.8728,-11.0992,-13.7863,-9.4351,40.77,In Hand
174318,1.1516,1.4198,13.6374,31.5267,12.8092,-8.5191,40.77,In Hand
174394,-0.8332,1.3815,13.6206,64.2901,26.6565,19.1450,40.58,In Hand
174467,-2.8850,1.0247,14.1785,95.3740,29.3435,98.4427,40.44,In Hand
174538,-1.0295,0.7087,12.8066,108.3817,49.2061,118.5954,40.77,In Hand
174610,0.0910,0.1101,11.9590,85.1450,48.0458,139.9542,40.77,In Hand
174683,0.4645,-0.2298,10.1658,88.2901,78.3206,107.4198,40.67,In Hand
174753,1.2186,0.6680,7.4508,76.8092,63.5725,105.6183,40.72,In Hand
174825,0.0910,1.6328,5.9185,17.4198,39.5267,85.2977,40.72,In Hand
174898,1.2905,2.2553,6.3111,-12.5191,53.2366,73.4046,40.72,In Hand
174974,-0.1173,3.4860,7.1180,-59.0840,-5.3588,51.8168,40.67,In Hand
175047,1.3743,2.2027,9.9982,-60.3664,33.8168,28.7176,40.72,In Hand
175119,1.9058,2.0686,12.6390,-54.3969,5.9389,26.1679,40.77,In Hand
175191,2.9018,1.5347,13.0292,-23.1145,21.0992,16.7786,40.53,In Hand
175272,2.2553,0.9385,9.2727,-10.8855,21.8626,3.8626,40.77,In Hand
175344,1.8268,0.8021,9.5505,-42.3664,20.6718,-26.6412,40.67,In Hand
175417,1.5323,1.4892,8.9184,-29.4504,28.2443,-48.9924,40.34,In Hand
175493,-1.0247,0.7422,10.8433,-73.1298,-33.1145,-76.3511,40.67,In Hand
175563,0.7039,-0.2490,13.1944,6.0458,-6.3206,-40.2901,40.53,In Hand
175635,0.4932,0.1341,12.0883,-12.2290,-56.6412,-28.7328,40.44,In Hand
175708,1.2234,-0.2418,11.8130,4.2748,-2.9771,-0.1221,40.53,In Hand
175778,1.8890,-0.5770,11.2456,1.3435,10.7176,-5.7863,40.58,In Hand
175850,1.1875,0.5435,10.4986,-1.4198,-3.1756,8.3511,40.58,In Hand
175923,0.9457,0.3855,10.3142,-2.2443,-1.0076,0.4885,40.72,In Hand
175993,1.1564,0.7446,10.5297,-1.3893,-7.1603,-4.4885,40.86,In Hand
176069,0.7446,0.5531,10.5153,-2.7481,6.9924,-11.7252,40.67,In Hand
176141,0.6704,0.4980,10.3094,-2.4733,-0.5191,-14.2901,40.67,In Hand
176214,0.6632,0.4812,10.7404,-3.1145,6.2748,-12.2137,40.72,In Hand
176284,0.6273,0.4070,10.9559,-0.7939,-16.4733,-6.0458,40.91,In Hand
176356,1.0965,0.4836,10.2089,1.5725,-20.7023,3.0534,40.53,In Hand
176429,1.4748,0.5339,11.3653,5.9695,-23.4198,8.3969,40.72,In Hand
176500,1.8411,0.8523,10.2735,14.5191,-26.3511,20.5038,40.77,In Hand
176576,2.0446,0.5148,10.5919,8.0458,-10.3511,8.6412,40.86,In Hand
176648,2.0877,1.1229,10.1754,9.5878,-28.9008,11.4046,40.67,In Hand
176721,1.8771,0.9337,10.4076,14.1374,-3.4656,29.3282,40.91,In Hand
176791,2.0518,1.5107,10.9798,-27.5725,-17.0229,17.9084,40.95,In Hand
176863,2.8730,0.3304,10.4962,-23.7099,-18.2137,21.0687,40.53,In Hand
176936,2.8371,0.3089,9.9240,-29.9389,-63.6641,30.5802,40.53,In Hand
177006,2.3607,0.9649,7.7812,-6.8244,3.3740,14.6412,40.77,In Hand
177080,3.7038,-1.9752,10.6470,44.5344,31.0992,-14.1221,40.67,In Hand
177156,1.9824,-0.0335,14.0564,9.0840,120.5802,-9.1603,40.67,In Hand
177229,2.7318,0.3831,7.3095,-14.7328,116.8550,-9.2061,40.72,In Hand
177299,1.0654,-0.1628,11.4060,-4.0611,140.1832,-9.8931,40.58,In Hand
177371,-0.4166,0.8308,11.4634,5.3893,-28.6718,1.5573,40.67,In Hand
177444,-0.1652,0.5650,10.5297,-1.1450,-1.4504,-0.0763,40.58,In Hand
177514,-0.1365,0.5674,10.5656,-1.8931,1.2214,-0.2137,40.77,In Hand
177586,-0.1437,0.6057,10.6470,-2.1679,1.3588,-0.6412,40.77,In Hand
177662,-0.1532,0.5818,10.6015,-2.4885,0.9924,-0.2748,40.86,In Hand
177735,-0.1437,0.5674,10.5800,-2.2748,0.8244,-0.3053,40.53,On Surface
177806,-0.2011,0.6177,10.6015,-2.2748,0.9924,-0.5038,40.53,On Surface
177878,-0.1891,0.5890,10.6135,-2.2595,0.8092,-0.1221,40.77,On Surface
177954,-0.2107,0.6201,10.6183,-2.2443,0.6870,-0.4275,40.67,On Surface
178024,-0.2035,0.6153,10.5896,-2.1374,0.5649,-0.3206,40.86,On Surface
178096,-0.1748,0.5674,10.6159,-2.3969,0.7176,-0.4122,40.72,On Surface
178172,-0.2083,0.6081,10.6183,-2.3511,0.7481,-0.2137,40.58,On Surface
178245,-0.2107,0.6057,10.6446,-2.2290,0.6412,-0.5344,40.53,On Surface
178315,-0.1796,0.5986,10.6231,-2.2290,0.5496,-0.1679,40.86,On Surface
178387,-0.1939,0.5722,10.6303,-2.3511,0.7481,0.0458,40.72,On Surface
178460,-0.2035,0.5626,10.5728,-2.1221,0.5954,-0.0763,40.72,On Surface
178531,-0.2155,0.6249,10.6279,-2.5344,0.5954,-0.3969,40.77,On Surface
178603,-0.2370,0.5674,10.6183,-2.3053,0.4275,-0.1832,40.58,On Surface
178676,-0.2298,0.6009,10.6326,-2.3969,0.6107,-0.1679,40.67,On Surface
178752,-0.2179,0.5890,10.6015,-2.3664,0.5496,-0.5191,40.58,On Surface
178822,-0.2155,0.5986,10.6398,-1.9847,0.6565,-0.5344,40.86,On Surface
178894,-0.1987,0.6225,10.5608,-2.2137,0.6107,-0.2443,40.72,On Surface
178967,-0.2059,0.6201,10.5680,-2.2748,0.4885,-0.3053,40.58,On Surface
179037,-0.2442,0.6129,10.6518,-2.3664,0.6260,-0.0916,40.77,On Surface
179109,-0.2322,0.6177,10.5919,-2.0916,0.4580,-0.1679,40.72,On Surface
179182,-0.2562,0.5866,10.6566,-2.1832,0.5802,-0.3664,40.86,On Surface
179258,-0.1963,0.6009,10.5919,-2.3511,0.5038,-0.2443,40.77,On Surface
179328,-0.2107,0.6129,10.6063,-2.1985,0.6260,0.0153,40.67,On Surface
179400,-0.2442,0.6225,10.5943,-2.4427,0.2595,-0.3206,40.77,On Surface
179473,-0.2274,0.5842,10.5872,-2.6870,0.5802,0.0153,40.72,On Surface
179543,-0.2322,0.6129,10.6494,-2.1832,0.5191,-0.3511,40.53,On Surface
179615,-0.2394,0.6297,10.6183,-2.3053,0.6412,-0.1374,40.67,On Surface
179688,-0.2227,0.5746,10.6326,-2.4275,0.5649,-0.0305,40.72,On Surface
179764,-0.2203,0.6105,10.6326,-1.9695,0.5344,-0.2137,40.53,On Surface
179834,-0.2514,0.5602,10.5967,-2.3969,0.5496,-0.3664,40.67,On Surface
179906,-0.2274,0.6536,10.6111,-2.0763,0.5649,-0.2290,40.77,On Surface
179979,-0.2945,0.6488,10.6111,-2.3664,0.5191,-0.3206,40.44,On Surface
180049,-0.2274,0.6105,10.6159,-2.1527,1.0382,-0.1527,40.58,On Surface
180121,-0.2825,0.6033,10.6255,-2.0305,0.4885,-0.2443,40.72,On Surface
180194,-0.2394,0.5914,10.6326,-2.1679,0.6870,-0.4427,40.53,On Surface
180270,-0.2251,0.6033,10.5512,-2.1374,0.5649,-0.3053,40.67,On Surface
180340,-0.2634,0.6105,10.6207,-2.3206,0.5649,-0.3359,40.77,On Surface
180412,-0.2753,0.6009,10.6207,-2.3817,0.7328,-0.3969,40.67,On Surface
180485,-0.2801,0.5818,10.6494,-2.3359,0.5954,-0.0153,40.95,On Surface
180555,-0.2394,0.6129,10.6015,-2.4580,0.7939,-0.2290,40.72,On Surface
180627,-0.2298,0.6153,10.6350,-2.1374,0.5496,-0.1985,40.53,On Surface
180700,-0.2346,0.6512,10.6159,-2.2901,0.6718,-0.5496,40.72,On Surface
180776,-0.2227,0.6321,10.6542,-2.0763,0.5802,-0.2595,40.72,On Surface
180851,-0.2729,0.5531,10.5848,-2.0611,0.6412,-0.5649,40.91,On Surface
181090,-0.2586,0.5746,10.6087,-2.3206,0.6260,-0.3206,40.86,On Surface
181327,-0.2418,0.6105,10.6686,-2.3664,0.4427,-0.4122,40.77,On Surface
181554,-0.2514,0.6584,10.5632,-2.4275,0.4275,-0.1374,40.77,On Surface
181622,-0.2753,0.6153,10.6542,-2.4733,0.6107,-0.2748,40.86,On Surface
181693,-0.2083,0.6057,10.5848,-2.2901,0.4733,-0.3359,40.67,On Surface
181762,-0.2346,0.5914,10.6231,-2.2595,0.7939,-0.2595,40.67,On Surface
181837,-0.2466,0.6249,10.6566,-2.4733,0.4427,-0.4885,40.67,On Surface
181907,-0.2107,0.5866,10.6159,-2.0305,0.7634,-0.2595,40.77,On Surface
181978,-0.2298,0.6273,10.5919,-2.4122,0.4733,-0.1221,40.72,On Surface
182047,-0.2538,0.5698,10.6566,-2.4733,0.5954,-0.0916,40.72,On Surface
182117,-0.2610,0.6249,10.5896,-2.3206,0.5191,-0.1221,40.77,On Surface
182188,-0.2562,0.6081,10.6303,-2.4427,0.4427,-0.1221,40.39,On Surface
182257,-0.2514,0.6009,10.6207,-2.3206,0.6107,-0.4122,40.67,On Surface
182332,-0.2298,0.6081,10.5728,-2.5191,0.4885,-0.0763,40.72,On Surface
182402,-0.2466,0.5770,10.6781,-2.4122,0.7939,-0.3206,40.77,On Surface
182473,-0.2155,0.6057,10.6518,-2.1679,0.6718,-0.4275,40.58,On Surface
182542,-0.2298,0.6201,10.6398,-2.3206,0.4275,0.0153,40.44,On Surface
182612,-0.2514,0.6273,10.5728,-2.4733,0.5649,-0.2748,40.67,On Surface
182683,-0.2658,0.6488,10.6183,-2.4122,0.3817,-0.4275,40.86,On Surface
182752,-0.2777,0.6464,10.5967,-2.3206,0.7939,-0.0305,40.53,On Surface
182827,-0.2753,0.6393,10.6063,-2.2748,0.6107,-0.3053,40.67,On Surface
182897,-0.2562,0.6081,10.5632,-2.4427,0.3969,-0.1374,40.39,On Surface
182969,-0.2897,0.6201,10.5919,-2.4733,0.4885,-0.2595,40.72,On Surface
183038,-0.2227,0.6608,10.6350,-2.5038,0.4580,-0.4580,40.86,On Surface
183109,-0.2394,0.6297,10.6997,-2.3053,0.5954,-0.2137,40.72,On Surface
183180,-0.2658,0.6345,10.5896,-2.3817,0.6565,-0.2137,40.72,On Surface
183249,-0.2873,0.5986,10.6326,-2.5649,0.3969,-0.3053,40.58,On Surface
183323,-0.2753,0.6488,10.6494,-2.2748,0.5649,-0.1221,40.91,On Surface
183394,-0.2610,0.6201,10.6207,-2.3053,0.5344,0.1069,40.53,On Surface
183465,-0.2634,0.6081,10.5800,-2.2443,0.6565,-0.5038,40.72,On Surface
183534,-0.2921,0.6081,10.6063,-2.1832,0.4580,-0.2137,40.86,On Surface
183604,-0.2682,0.5626,10.6542,-2.3359,0.4885,-0.0305,40.86,On Surface
183675,-0.2298,0.6057,10.6231,-2.3664,0.4427,-0.0611,40.72,On Surface
183744,-0.2705,0.6129,10.6303,-2.4427,0.7634,-0.2595,40.77,On Surface
183814,-0.2562,0.6153,10.6207,-2.0916,0.4580,-0.3969,40.86,On Surface
183884,-0.2586,0.6249,10.6303,-1.9542,0.1679,-0.0611,40.72,On Surface
183953,-0.2610,0.6464,10.6207,-2.5344,0.2901,-0.2290,40.72,On Surface
184023,-0.2370,0.6201,10.5919,-2.1985,0.5649,-0.0763,40.67,On Surface
184094,-0.2682,0.6081,10.5919,-2.5344,0.5344,-0.1679,40.67,On Surface
184163,-0.2298,0.6656,10.6207,-2.4733,0.5496,-0.1527,40.72,On Surface
184237,-0.2705,0.6369,10.6207,-2.2748,0.4275,-0.1069,40.77,On Surface
184308,-0.2705,0.6369,10.6662,-2.5038,0.7786,-0.3969,40.72,On Surface
184382,-0.2274,0.6177,10.6734,-2.3206,0.1221,-0.0916,40.58,On Surface
184451,-0.2753,0.5962,10.5848,-2.1527,0.4275,-0.0153,40.58,On Surface
184522,-0.2682,0.6081,10.6279,-2.3359,0.4885,-0.1221,40.58,On Surface
184593,-0.2538,0.6105,10.6303,-2.3359,0.3206,-0.4580,40.86,On Surface
184662,-0.2945,0.5914,10.6901,-2.4427,0.7328,-0.5496,40.44,On Surface
184733,-0.2442,0.6321,10.6039,-2.3359,0.3511,-0.3206,40.67,On Surface
184804,-0.2801,0.6345,10.6255,-2.5038,0.5649,-0.3817,40.67,On Surface
184879,-0.2777,0.6153,10.5919,-2.2137,0.3969,-0.1985,40.67,On Surface
184948,-0.2801,0.6105,10.5728,-2.3969,0.5344,-0.2290,40.72,On Surface
185019,-0.2729,0.6177,10.6015,-2.3969,0.3206,-0.3817,40.67,On Surface
185090,-0.2969,0.6105,10.5800,-2.1832,0.6870,-0.3206,40.72,On Surface
185159,-0.2490,0.6297,10.6398,-2.4580,0.5954,-0.2595,40.72,On Surface
185229,-0.2801,0.6369,10.6063,-2.3817,0.3053,-0.2595,40.77,On Surface
185300,-0.2322,0.6273,10.5608,-2.3053,0.3817,-0.4580,40.95,On Surface
185375,-0.2801,0.6033,10.5943,-2.2748,0.5649,-0.7176,40.53,On Surface
185444,-0.2729,0.6393,10.6374,-2.4122,0.6260,-0.3359,40.67,On Surface
185515,-0.2682,0.6440,10.6135,-2.5954,0.4580,-0.3664,40.67,On Surface
185586,-0.2227,0.6512,10.6207,-2.4580,0.4733,-0.1221,40.58,On Surface
185655,-0.2562,0.5914,10.5991,-2.3664,0.6260,-0.3359,40.72,On Surface
185725,-0.2514,0.6129,10.6087,-2.4122,0.4580,-0.1374,40.44,On Surface
185797,-0.2586,0.5914,10.6255,-2.5038,0.4427,-0.1679,40.72,On Surface
185894,-0.2562,0.6033,10.5919,-2.1527,0.8244,-0.2748,40.67,On Surface
185966,-0.2897,0.6057,10.6542,-2.4580,0.5038,-0.2595,40.72,On Surface
186037,-0.2897,0.5962,10.6877,-2.4122,0.4427,-0.1221,40.95,On Surface
186110,-0.2849,0.5746,10.6039,-2.3664,0.4885,-0.3206,40.39,On Surface
186180,-0.2514,0.6249,10.6207,-2.3969,0.4427,-0.2137,40.95,On Surface
186252,-0.2634,0.5962,10.5872,-2.3664,0.5649,0.0000,40.67,On Surface
186324,-0.2610,0.5842,10.6350,-2.0763,0.3817,-0.0611,40.77,On Surface
186394,-0.2658,0.6009,10.5848,-2.5038,0.3206,-0.4885,40.77,On Surface
186470,-0.2538,0.5483,10.6231,-2.5802,0.7023,-0.1832,40.86,On Surface
186542,-0.2921,0.6105,10.6015,-2.2748,0.4275,-0.3359,40.86,On Surface
186615,-0.2825,0.6105,10.6494,-2.3206,0.5344,-0.1985,40.72,On Surface
186686,-0.2514,0.6369,10.6135,-2.3511,0.7481,-0.2748,40.58,On Surface
186758,-0.2729,0.6321,10.5872,-2.3511,0.7023,-0.1832,40.77,On Surface
186831,-0.2945,0.6225,10.5201,-2.5802,0.6412,-0.2748,40.86,On Surface
186902,-0.2897,0.5986,10.6566,-2.4122,0.3969,-0.3817,40.91,On Surface
186978,-0.2705,0.6488,10.5608,-2.5191,0.3664,-0.2290,40.67,On Surface
187053,-0.3232,0.6249,10.6350,-2.1679,0.3359,-0.2901,40.91,On Surface
187126,-0.2729,0.5962,10.6734,-2.2137,0.5191,-0.0153,40.67,On Surface
187197,-0.2658,0.6081,10.6135,-2.1527,0.5344,-0.3817,41.09,On Surface
187279,-0.2514,0.6201,10.6734,-2.5191,0.3359,-0.3664,40.77,On Surface
187352,-0.2490,0.6057,10.6039,-2.2901,0.5802,-0.0611,40.86,On Surface
187422,-0.3065,0.6321,10.6326,-2.1985,0.4427,-0.2901,40.91,On Surface
187498,-0.2849,0.6393,10.6183,-2.4885,0.5802,-0.4733,40.86,On Surface
187570,-0.2562,0.6297,10.6566,-2.2443,0.6260,-0.4885,40.77,On Surface
187643,-0.2993,0.6249,10.5776,-2.2290,0.7939,-0.4275,40.67,On Surface
187714,-0.2490,0.6464,10.6183,-2.2748,0.3817,-0.3664,40.91,On Surface
187786,-0.2873,0.6129,10.6231,-2.5191,0.2901,-0.3969,40.39,On Surface
187859,-0.3184,0.5794,10.6518,-2.2443,0.3664,-0.2595,40.91,On Surface
187930,-0.2705,0.6129,10.6350,-2.4580,0.6412,-0.2901,40.72,On Surface
188006,-0.2897,0.6177,10.6662,-2.0916,0.7023,-0.1527,40.72,On Surface
188078,-0.2849,0.6033,10.6398,-2.0763,0.6260,-0.2443,40.91,On Surface
188151,-0.2825,0.5794,10.6255,-2.2443,0.5802,-0.2290,40.67,On Surface
188222,-0.2538,0.5962,10.5632,-2.2901,0.7786,-0.1679,40.67,On Surface
188294,-0.2658,0.6536,10.6326,-2.1679,0.4885,-0.3969,40.86,On Surface
188367,-0.2418,0.6009,10.5297,-2.1679,0.4427,-0.2290,40.72,On Surface
188438,-0.2993,0.6608,10.6638,-2.2595,0.6565,-0.1679,40.77,On Surface
188514,-0.2945,0.6273,10.6326,-2.2290,0.4733,-0.3664,40.86,On Surface
188586,-0.2634,0.5866,10.6374,-2.1985,0.7023,0.0458,40.77,On Surface
188659,-0.2969,0.6009,10.6135,-2.4733,0.5496,-0.1221,40.77,On Surface
188729,-0.2538,0.6249,10.6039,-2.1985,0.5802,-0.0153,40.77,On Surface
188801,-0.2945,0.6177,10.6662,-2.5038,0.4733,-0.3053,40.72,On Surface
188874,-0.2945,0.6009,10.6326,-2.3969,0.6260,-0.3359,40.77,On Surface
188945,-0.2705,0.5962,10.6350,-2.0458,0.5038,-0.1374,40.67,On Surface
189017,-0.2562,0.6273,10.6518,-2.3664,0.4580,-0.1069,40.67,On Surface
189093,-0.2849,0.6369,10.6087,-2.2443,0.3359,-0.2748,40.67,On Surface
189166,-0.2682,0.6752,10.5656,-2.3053,0.4275,-0.0916,40.72,On Surface
189237,-0.2801,0.6153,10.5967,-2.4275,0.5496,-0.1069,40.67,On Surface
189309,-0.3041,0.6345,10.5632,-2.3664,0.5496,-0.3053,40.91,On Surface
189382,-0.2873,0.6009,10.6087,-2.1832,0.5496,-0.4580,40.91,On Surface
189452,-0.2538,0.6249,10.6566,-2.4885,0.7634,-0.2901,40.72,On Surface
189524,-0.2801,0.6704,10.5848,-2.2901,0.3969,-0.3206,40.67,On Surface
189600,-0.2705,0.5938,10.5489,-2.3359,0.1527,-0.3206,40.72,On Surface
189673,-0.2825,0.6273,10.6734,-2.2443,0.5496,-0.2901,40.72,On Surface
189744,-0.2729,0.6225,10.5465,-2.1832,0.7023,-0.1221,40.77,On Surface
189816,-0.2610,0.6704,10.6231,-2.4580,0.4122,-0.2901,40.72,On Surface
189889,-0.2777,0.6225,10.6326,-2.5191,0.4733,-0.2443,40.77,On Surface
189964,-0.2586,0.6177,10.5919,-2.4580,0.5191,-0.2595,40.58,On Surface
190203,-0.2658,0.5842,10.6566,-2.6107,0.3817,-0.4275,40.72,On Surface
190532,-0.2514,0.6153,10.6015,-2.4275,0.7786,-0.1527,40.67,On Surface
190657,-0.2993,0.5938,10.6135,-2.3206,0.6565,-0.0611,40.53,On Surface
190727,-0.2873,0.6057,10.6374,-2.3511,0.4733,0.0000,40.72,On Surface
190798,-0.2897,0.6393,10.5967,-2.2901,0.4580,-0.0153,40.72,On Surface
190871,-0.2490,0.5986,10.6805,-2.2595,0.3511,-0.1527,40.58,On Surface
190941,-0.3089,0.6249,10.6446,-2.3053,0.7481,-0.3969,40.58,On Surface
191013,-0.2586,0.6273,10.6183,-2.3206,0.6260,-0.1527,40.72,On Surface
191089,-0.3017,0.6871,10.5512,-2.3053,0.5954,-0.3053,40.44,On Surface
191162,-0.2753,0.6177,10.5967,-2.5344,0.5038,-0.2290,40.77,On Surface
191233,-0.2825,0.6345,10.5991,-2.4122,0.6565,-0.3511,40.39,On Surface
191305,-0.2897,0.6680,10.6183,-2.2137,0.5954,0.0916,40.67,On Surface
191378,-0.2777,0.6153,10.6710,-2.2137,0.4275,-0.2443,40.91,On Surface
191448,-0.2729,0.5962,10.5680,-2.2595,0.6718,-0.3206,40.58,On Surface
191520,-0.3112,0.6105,10.6159,-2.3359,0.4580,-0.3817,40.58,On Surface
191593,-0.3160,0.6680,10.6111,-2.1985,0.5802,-0.0611,40.67,On Surface
191669,-0.2682,0.6081,10.6039,-2.3053,0.6565,-0.2748,40.77,On Surface
191740,-0.2658,0.6249,10.5752,-2.3206,0.5496,-0.3817,40.72,On Surface
191812,-0.3041,0.6105,10.6326,-2.4580,0.2901,-0.2748,40.77,On Surface
191885,-0.2586,0.6033,10.6734,-2.3817,0.5954,-0.1069,40.53,On Surface
191956,-0.2562,0.6321,10.5824,-2.3969,0.4275,-0.2137,40.95,On Surface
192028,-0.2753,0.6057,10.6542,-2.4580,0.5954,-0.2290,40.67,On Surface
192101,-0.2658,0.6249,10.5776,-2.4427,0.5344,-0.1069,40.58,On Surface
192177,-0.2897,0.5866,10.6470,-2.2443,0.5496,0.0000,40.53,On Surface
192247,-0.3232,0.6105,10.5680,-2.4427,0.3969,0.0305,40.77,On Surface
192319,-0.2993,0.6153,10.6231,-2.2290,0.6718,-0.1527,41.09,On Surface
192392,-0.2490,0.6009,10.6015,-2.3206,0.4275,-0.3359,40.58,On Surface
192463,-0.2658,0.6225,10.6470,-2.5496,0.5344,-0.4733,40.67,On Surface
192535,-0.3089,0.6680,10.6446,-2.2748,0.4122,-0.2137,40.77,On Surface
192608,-0.3160,0.6153,10.5848,-2.4427,0.3511,-0.2443,40.72,On Surface
192684,-0.2729,0.6297,10.5848,-2.3053,0.5496,-0.0763,40.44,On Surface
192754,-0.2921,0.6512,10.6279,-2.4885,0.5496,-0.3053,40.72,On Surface
192826,-0.2586,0.6321,10.6494,-2.5496,0.6107,-0.3359,40.77,On Surface
192899,-0.2921,0.6225,10.6781,-2.4122,0.4580,-0.3206,40.67,On Surface
192969,-0.2418,0.6201,10.5800,-2.3206,0.8244,-0.1221,40.77,On Surface
193041,-0.2658,0.6584,10.6303,-2.2595,0.6718,-0.3664,40.91,On Surface
193114,-0.2610,0.6273,10.6542,-2.3511,0.4885,-0.2443,40.58,On Surface
193201,-0.3328,0.6345,10.5728,-2.1221,0.6412,-0.4733,40.72,On Surface
193271,-0.2658,0.6129,10.6255,-2.3969,0.7176,-0.2290,40.72,On Surface
193346,-0.2753,0.6177,10.6757,-2.4275,0.6107,-0.3206,40.91,On Surface
193419,-0.2658,0.6105,10.6039,-2.1679,0.4733,-0.4733,40.67,On Surface
193489,-0.3160,0.6416,10.6326,-2.3206,0.5649,-0.3969,40.72,On Surface
193561,-0.2825,0.5962,10.5728,-2.2137,0.3511,-0.1221,40.77,On Surface
193634,-0.3065,0.6488,10.6063,-2.3359,0.3969,-0.1221,40.53,On Surface
193710,-0.3065,0.5986,10.5632,-2.3511,0.5344,-0.1985,40.77,On Surface
193780,-0.3041,0.6129,10.6279,-2.4275,0.2901,0.0458,40.67,On Surface
193852,-0.2705,0.6153,10.6614,-2.4427,0.0916,-0.0458,40.77,On Surface
193925,-0.2873,0.6201,10.6925,-2.5038,0.5191,-0.5649,40.67,On Surface
193997,-0.2705,0.6153,10.5728,-2.2901,0.5038,-0.4122,40.67,On Surface
194069,-0.2729,0.6321,10.6470,-2.6870,0.4275,-0.3511,40.72,On Surface
194142,-0.3112,0.6105,10.6494,-2.2443,0.6412,-0.3206,40.53,On Surface
194212,-0.2729,0.6488,10.5728,-2.6107,0.3969,-0.2137,40.67,On Surface
194288,-0.2945,0.6440,10.6063,-2.2901,0.4733,0.0305,40.72,On Surface
194360,-0.2682,0.6033,10.5776,-2.2901,0.2290,-0.2595,40.91,On Surface
194433,-0.2777,0.5962,10.5991,-2.0916,0.7176,-0.1527,40.95,On Surface
194504,-0.2753,0.6273,10.6542,-2.2137,0.6870,-0.1985,40.72,On Surface
194576,-0.2777,0.6201,10.5967,-2.3969,0.3511,-0.2290,40.86,On Surface
194649,-0.2705,0.5890,10.6350,-2.2901,0.4122,-0.5496,40.72,On Surface
194719,-0.2777,0.6369,10.5512,-2.2595,0.6260,-0.2290,40.72,On Surface
194795,-0.2777,0.5986,10.6518,-2.3817,0.5191,0.0000,40.77,On Surface
194867,-0.2969,0.6201,10.6135,-2.4427,0.7786,-0.1069,40.77,On Surface
194940,-0.2753,0.6297,10.6135,-2.3969,0.7786,-0.1679,40.67,On Surface
195010,-0.2753,0.6129,10.6350,-2.2901,0.5191,0.0763,40.72,On Surface
195082,-0.2682,0.6129,10.6734,-2.5344,0.4275,-0.4427,40.77,On Surface
195154,-0.2849,0.6393,10.6159,-2.4885,0.5038,-0.1069,40.67,On Surface
195224,-0.3041,0.6057,10.6279,-2.4427,0.5649,-0.2290,40.44,On Surface
195300,-0.2849,0.6393,10.6135,-2.3359,0.5344,0.1221,40.77,On Surface
195372,-0.3136,0.6464,10.6326,-2.4580,0.5954,-0.1985,40.72,On Surface
195445,-0.2562,0.6464,10.5800,-2.1679,0.3359,-0.0916,40.72,On Surface
195515,-0.2729,0.6416,10.5824,-2.2290,0.4580,-0.1832,40.67,On Surface
195587,-0.2753,0.6273,10.6135,-2.2901,0.3969,-0.4733,40.72,On Surface
195660,-0.2729,0.6225,10.6470,-2.3053,0.4733,-0.0763,40.72,On Surface
195730,-0.2993,0.5578,10.5800,-2.2290,0.5954,-0.0305,40.91,On Surface
195806,-0.2442,0.6153,10.5776,-2.4733,0.5649,-0.0458,40.86,On Surface
195878,-0.4573,0.7661,10.6159,0.2748,8.1374,-1.5878,40.53,On Surface
195950,-0.4142,0.7111,10.6087,-2.3206,0.3817,-2.6718,40.72,On Surface
196020,-0.0383,0.9960,10.4411,0.4733,0.0611,-40.3664,40.67,On Surface
196092,-0.2083,0.1077,10.9056,3.1298,-8.7023,-96.8244,40.67,On Surface
196165,-0.7614,1.3408,10.7236,3.3740,11.0534,-14.2137,40.67,On Surface
196235,-1.2186,1.3982,10.5321,-1.7710,1.2672,5.0229,40.72,On Surface
196310,1.5634,-0.1341,10.8936,-3.3435,-1.4962,8.0611,40.53,On Surface
196386,-0.5100,0.6847,10.9008,-0.9466,2.5191,9.4046,40.67,On Surface
196459,-0.4046,0.6823,10.6255,-2.4122,0.5038,0.4427,40.77,On Surface
196530,-0.4070,0.6943,10.6374,-2.2901,0.4275,-0.1069,40.53,On Surface
196602,-0.4166,0.6823,10.6422,-2.4580,0.4122,-0.1679,40.77,On Surface
196675,-0.4142,0.6847,10.5943,-2.1374,0.4733,-0.1374,40.58,On Surface
196745,-0.3998,0.7087,10.6111,-2.3817,0.4427,-0.0763,40.91,On Surface
196817,-0.3567,0.6704,10.6279,-2.3206,0.4275,-0.1374,40.77,On Surface
196893,-0.4070,0.7063,10.5584,-2.2290,0.2901,-0.1374,40.67,On Surface
196966,-0.3807,0.7183,10.6255,-2.1985,0.4427,-0.3511,40.95,On Surface
197036,-0.4238,0.7087,10.6135,-2.2137,0.4733,-0.3664,40.44,On Surface
197108,-0.4286,0.7087,10.6350,-2.3817,0.3969,-0.2595,40.67,On Surface
197181,-0.3903,0.6895,10.6303,-2.2595,0.4885,-0.3511,40.72,On Surface
197251,-0.4022,0.6991,10.6111,-2.4580,0.5496,-0.3511,40.91,On Surface
197323,-0.4022,0.6464,10.5560,-2.3053,0.7176,-0.1679,40.91,On Surface
197399,-0.3998,0.7087,10.5919,-2.3359,0.6565,-0.0458,40.67,On Surface
197472,-0.4142,0.7087,10.5105,-2.3206,0.4275,-0.1221,40.77,On Surface
197542,-0.4142,0.7039,10.5752,-2.2290,0.6870,0.0000,40.72,On Surface
197614,-0.3759,0.6895,10.6255,-2.4580,0.2901,-0.1069,40.67,On Surface
197687,-0.4142,0.6656,10.6662,-2.1527,0.4733,-0.1527,40.67,On Surface
197757,-0.4214,0.6464,10.5728,-2.4275,0.6718,-0.1527,40.58,On Surface
197829,-0.3998,0.7183,10.5728,-2.3664,0.3817,-0.2901,40.67,On Surface
197905,-0.4118,0.7015,10.5991,-2.1985,0.6107,-0.2443,40.95,On Surface
197977,-0.3974,0.6871,10.5848,-2.4275,0.7939,-0.2290,40.72,On Surface
198047,-0.4166,0.6680,10.6183,-2.2901,0.6565,-0.2137,40.67,On Surface
198119,-0.4046,0.7278,10.6207,-2.1985,0.4122,-0.2748,40.77,On Surface
198192,-0.4238,0.6680,10.6542,-2.3359,0.6412,0.0763,40.72,On Surface
198262,-0.3591,0.6823,10.6494,-2.1221,0.6718,-0.1679,40.72,On Surface
198334,-0.3974,0.6823,10.6015,-2.0153,0.5496,-0.1527,40.72,On Surface
198410,-0.3759,0.6919,10.6374,-2.4885,0.4885,-0.0305,41.09,On Surface
198483,-0.3974,0.7374,10.5872,-2.3359,0.5954,-0.1679,40.86,On Surface
198553,-0.3735,0.7230,10.5943,-2.0611,0.6107,-0.1374,40.86,On Surface
198625,-0.4214,0.7087,10.5489,-2.3206,0.6412,-0.0458,40.53,On Surface
198698,-0.3926,0.7063,10.6159,-2.4733,0.7481,-0.0153,40.95,On Surface
198768,-0.3903,0.7039,10.6063,-2.3359,0.6107,-0.2443,40.67,On Surface
198840,-0.4262,0.6943,10.6039,-2.3053,0.5649,-0.5344,40.53,On Surface
198912,-0.4046,0.6847,10.5560,-2.3511,0.5649,-0.2443,40.72,On Surface
198988,-0.4238,0.6800,10.5919,-2.2290,0.4733,-0.2901,40.67,On Surface
199059,-0.3950,0.6704,10.5441,-2.1527,0.5649,-0.1527,40.72,On Surface
199131,-0.3879,0.7111,10.6111,-2.5191,0.5038,-0.4885,40.67,On Surface
199292,-0.4166,0.6823,10.5417,-2.3206,0.5954,-0.1832,40.58,On Surface
199533,-0.4070,0.7207,10.6183,-2.2443,0.5038,-0.1527,40.58,On Surface
199771,-0.4070,0.6680,10.6135,-2.4427,0.4885,-0.3053,40.67,On Surface
199910,-0.3926,0.6800,10.5776,-2.1985,0.6718,-0.2748,40.67,On Surface
199985,-0.3831,0.6967,10.5967,-2.0000,0.6718,-0.2901,40.67,On Surface
200055,-0.3639,0.6776,10.6374,-2.3359,0.2748,-0.2901,40.67,On Surface
200127,-0.3639,0.6728,10.6255,-2.1832,0.3206,-0.4733,40.72,On Surface
200200,-0.4046,0.6776,10.6111,-2.2443,0.5344,-0.0763,40.58,On Surface
200270,-0.4094,0.6823,10.5632,-2.2748,0.6260,-0.1374,40.77,On Surface
200342,-0.3783,0.6847,10.5943,-2.2443,0.2595,-0.3817,40.53,On Surface
200415,-0.3926,0.6943,10.6159,-2.0763,0.3664,-0.3206,40.77,On Surface
200491,-0.3687,0.7230,10.6590,-2.4275,0.4427,-0.3359,40.72,On Surface
200561,-0.4070,0.7159,10.6326,-2.3969,0.4885,-0.0916,40.72,On Surface
200633,-0.3807,0.6919,10.6398,-2.0458,0.4122,-0.4275,40.72,On Surface
200705,-0.3950,0.7183,10.5704,-2.4275,0.6412,-0.1832,40.86,On Surface
200775,-0.4118,0.7135,10.6087,-2.3817,0.3664,-0.1069,40.77,On Surface
200847,-0.4214,0.7111,10.5991,-2.1832,0.6107,-0.3664,40.72,On Surface
200920,-0.3687,0.6823,10.5848,-2.4122,0.5191,-0.4427,40.58,On Surface
200996,-0.3663,0.7230,10.6662,-2.4885,0.5191,-0.0916,40.67,On Surface
201066,-0.4070,0.7398,10.5872,-2.3206,0.5649,-0.2901,40.86,On Surface
201138,-0.4022,0.6967,10.6518,-2.4733,0.3969,-0.2748,40.95,On Surface
201211,-0.4046,0.7039,10.6063,-2.3053,0.4122,-0.1374,40.77,On Surface
201281,-0.4621,0.7135,10.6303,-2.1985,0.6565,-0.1679,40.72,On Surface
201353,-0.4214,0.7302,10.5680,-2.2290,0.3359,0.0153,40.86,On Surface
201426,-0.4094,0.6728,10.6255,-2.3053,0.6260,-0.3053,40.72,On Surface
201502,-0.4094,0.6943,10.6757,-2.3053,0.5344,-0.2595,40.58,On Surface
201572,-0.4094,0.6560,10.6063,-2.4122,0.4427,-0.4275,40.77,On Surface
201644,-0.3567,0.6752,10.6326,-2.3969,0.5496,-0.1221,40.67,On Surface
201717,-0.4525,0.7111,10.5872,-2.3511,0.3359,-0.4122,40.67,On Surface
201787,-0.4286,0.6871,10.5967,-2.3664,0.4580,-0.2443,40.86,On Surface
201859,-0.4334,0.6991,10.5201,-2.3664,0.3817,-0.1221,40.77,On Surface
201931,-0.3974,0.7015,10.6566,-2.1832,0.3817,-0.0916,40.91,On Surface
202001,-0.4262,0.7063,10.6255,-2.4733,0.9160,-0.4275,40.67,On Surface
202077,-0.4286,0.6919,10.6231,-2.5191,0.2290,-0.0305,40.77,On Surface
202149,-0.3903,0.7039,10.6303,-2.2290,0.6260,-0.1985,40.77,On Surface
202222,-0.4022,0.6919,10.6159,-2.4733,0.3359,-0.0458,40.67,On Surface
202292,-0.3663,0.6823,10.6686,-2.2901,0.4733,-0.1985,40.72,On Surface
202364,-0.4022,0.7063,10.6159,-2.3206,0.5649,-0.1679,40.58,On Surface
202437,-0.4022,0.6632,10.5919,-2.3664,0.4122,-0.0305,40.72,On Surface
202507,-0.4046,0.6632,10.6039,-2.3664,0.3206,-0.3817,40.72,On Surface
202586,-0.3687,0.6991,10.6111,-2.4275,0.7023,-0.2290,40.91,On Surface
202658,-0.3879,0.6752,10.6015,-2.2748,0.4885,-0.4122,40.58,On Surface
202730,-0.4166,0.7039,10.6279,-2.5649,0.4122,-0.2137,40.86,On Surface
202800,-0.4142,0.6632,10.6087,-2.4122,0.2748,-0.3359,40.91,On Surface
202871,-0.4238,0.7063,10.6470,-2.5649,0.6565,-0.3664,40.53,On Surface
202944,-0.4310,0.6919,10.5919,-2.5496,0.3817,-0.2901,40.86,On Surface
203014,-0.4166,0.6919,10.5632,-2.0916,0.5954,-0.1221,40.67,On Surface
203090,-0.3783,0.6919,10.5800,-2.2901,0.4427,-0.1374,40.77,On Surface
203162,-0.4381,0.6776,10.6039,-2.2748,0.5344,-0.2901,40.72,On Surface
203235,-0.4310,0.7350,10.6039,-2.0000,0.4580,0.0305,40.86,On Surface
203306,-0.4405,0.6967,10.5872,-2.4122,0.3511,-0.1832,40.86,On Surface
203378,-0.3567,0.6871,10.5728,-2.3053,0.4427,-0.5344,40.86,On Surface
203451,-0.4166,0.7159,10.6686,-2.1832,0.4580,-0.2137,41.05,On Surface
203521,-0.3831,0.6440,10.5848,-2.2443,0.3359,-0.1374,40.72,On Surface
203597,-0.4046,0.7111,10.5608,-2.3206,0.5191,-0.0916,40.72,On Surface
203669,-0.3998,0.7063,10.5680,-2.4733,0.5038,-0.1832,40.67,On Surface
203742,-0.3759,0.6752,10.5800,-2.4275,0.6260,-0.2443,40.91,On Surface
203812,-0.4094,0.6847,10.6183,-2.2748,0.1221,-0.2137,40.91,On Surface
203884,-0.4214,0.7039,10.6231,-2.2748,0.6412,-0.1069,40.91,On Surface
203956,-0.3759,0.6943,10.6303,-2.4122,0.7481,-0.4580,40.67,On Surface
204026,-0.4022,0.7015,10.6303,-2.4275,0.4580,-0.2595,40.58,On Surface
204098,-0.3711,0.6704,10.6326,-2.3511,0.4275,-0.0916,40.77,On Surface
204174,-0.3950,0.7183,10.6398,-2.3664,0.5802,-0.2901,40.53,On Surface
204247,-0.3926,0.6943,10.5872,-2.2595,0.4122,-0.2748,40.67,On Surface
204317,-0.3519,0.6656,10.6087,-2.0763,0.4427,-0.3053,40.77,On Surface
204389,-0.3711,0.6656,10.5489,-2.3359,0.7023,-0.4427,40.67,On Surface
204462,-0.4142,0.6943,10.6039,-2.5038,0.5954,-0.2595,40.67,On Surface
204533,-0.4238,0.7015,10.6255,-2.5802,0.5191,-0.3053,40.72,On Surface
204605,-0.4334,0.6919,10.5967,-2.0611,0.6260,-0.2748,40.77,On Surface
204681,-0.4334,0.6752,10.5943,-2.2290,0.6870,-0.1374,40.58,On Surface
204754,-0.3783,0.7254,10.5872,-2.1832,0.6870,-0.2901,40.58,On Surface
204825,-0.3711,0.6895,10.6279,-2.4885,0.4885,-0.2748,40.72,On Surface
204897,-0.3950,0.6991,10.5728,-2.3511,0.3511,-0.2137,40.72,On Surface
204970,-0.4238,0.6680,10.5967,-2.3511,0.4580,-0.0458,40.53,On Surface
205041,-0.3807,0.6776,10.5943,-2.5191,0.2443,-0.1527,40.72,On Surface
205113,-0.4022,0.6943,10.6303,-2.1832,0.3206,-0.3817,40.58,On Surface
205189,-0.4262,0.6464,10.6183,-2.3359,0.1832,-0.1374,40.72,On Surface
205272,-0.3855,0.7111,10.6398,-2.4122,0.5191,-0.1374,40.86,On Surface
205343,-0.4310,0.7183,10.5848,-2.4427,0.5038,-0.2901,40.58,On Surface
205415,-0.3998,0.7183,10.5752,-2.2595,0.7786,0.2901,40.58,On Surface
205491,-0.4118,0.7039,10.6159,-2.2595,0.5191,-0.2748,40.91,On Surface
205561,-0.4190,0.7207,10.6303,-2.3817,0.6718,-0.1985,40.77,On Surface
205633,-0.4094,0.7159,10.6374,-2.3969,0.4427,-0.3511,40.95,On Surface
205709,-0.4214,0.6991,10.6063,-2.2443,0.6718,-0.2901,40.77,On Surface
205782,-0.4046,0.7207,10.6135,-2.2443,0.5191,-0.1527,41.05,On Surface
205852,-0.3855,0.6584,10.6398,-2.3053,0.4580,-0.2901,40.67,On Surface
205924,-0.3855,0.6704,10.6159,-2.2137,0.3817,-0.1679,40.67,On Surface
205997,-0.3855,0.7183,10.6039,-2.3817,0.4427,-0.1679,40.58,On Surface
206068,-0.3926,0.7207,10.5680,-2.3206,0.4885,-0.2443,40.67,On Surface
206140,-0.4166,0.6895,10.5656,-2.3053,0.6260,-0.2595,40.53,On Surface
206216,-0.4046,0.6847,10.6398,-2.1679,0.7176,-0.1985,40.91,On Surface
206289,-0.3831,0.7230,10.6183,-2.1985,0.5038,-0.3206,40.67,On Surface
206359,-0.4525,0.7135,10.6207,-2.3206,0.4885,-0.2595,40.44,On Surface
206431,-0.4453,0.6800,10.6303,-2.2443,0.4580,-0.1221,40.72,On Surface
206506,-0.4070,0.6823,10.5824,-2.2595,0.2748,-0.0611,40.58,On Surface
206577,-0.3974,0.7015,10.6087,-2.4275,0.5344,-0.1985,40.95,On Surface
206649,-0.4262,0.7446,10.5991,-2.3206,0.4275,-0.3359,40.72,On Surface
206722,-0.4477,0.7015,10.6207,-2.2443,0.3359,-0.1374,40.72,On Surface
206798,-0.4357,0.6656,10.5177,-2.0611,0.5496,-0.3206,40.53,On Surface
206869,-0.4094,0.6680,10.5776,-2.2443,0.4885,-0.1832,40.86,On Surface
206941,-0.3926,0.7087,10.6662,-2.3969,0.6565,-0.0916,40.53,On Surface
207014,-0.4046,0.7111,10.5872,-2.6718,0.5802,-0.0763,40.58,On Surface
207085,-0.3639,0.6871,10.6231,-2.5649,0.5802,-0.1374,40.72,On Surface
207157,-0.4070,0.6704,10.6374,-2.1527,0.5649,-0.3053,40.67,On Surface
207230,-0.4070,0.6656,10.6350,-2.1832,0.6260,-0.2901,40.72,On Surface
207306,-0.4334,0.6943,10.6015,-2.1221,0.5496,-0.2290,40.72,On Surface
207377,-0.4142,0.7470,10.6374,-2.5344,0.4122,-0.1985,40.72,On Surface
207449,-0.4381,0.6632,10.6494,-2.2443,0.4733,0.0458,40.77,On Surface
207522,-0.3926,0.6680,10.6422,-2.2443,0.6260,-0.2595,40.58,On Surface
207592,-0.3950,0.7063,10.6542,-2.2901,0.6260,-0.2748,40.72,On Surface
207664,-0.3615,0.6919,10.6159,-2.3969,0.7176,-0.3053,40.86,On Surface
207737,-0.4429,0.6871,10.5584,-2.0611,0.5649,-0.3053,40.72,On Surface
207813,-0.3687,0.7111,10.5776,-2.1985,0.3969,-0.1527,40.67,On Surface
207883,-0.3855,0.6608,10.5632,-2.6107,0.5191,-0.3664,40.44,On Surface
207955,-0.4022,0.6728,10.5848,-2.3511,0.8855,-0.0611,40.77,On Surface
208028,-0.4429,0.6895,10.5848,-2.1985,0.4580,-0.2595,40.91,On Surface
208099,-0.4357,0.6656,10.6255,-2.1985,0.3969,-0.1832,40.86,On Surface
208171,-0.3974,0.6919,10.6207,-2.2595,0.7023,0.1069,40.72,On Surface
208244,-0.4046,0.6991,10.5991,-2.2595,0.3969,-0.2595,40.67,On Surface
208320,-0.3998,0.7159,10.5512,-2.2290,1.0076,0.1069,40.67,On Surface
208395,-0.4262,0.7374,10.6326,-2.3511,0.1985,-0.2443,40.44,On Surface
208634,-0.4070,0.6943,10.6494,-2.2290,0.6260,-0.1069,40.72,On Surface
208871,-0.4214,0.7111,10.6231,-2.2137,0.4580,-0.2137,40.77,On Surface
209088,-0.4070,0.6943,10.6015,-2.2290,0.5038,0.0000,40.67,On Surface
209156,-0.4022,0.6967,10.5728,-2.3817,0.5191,-0.1832,40.72,On Surface
209227,-0.3711,0.7087,10.6398,-2.4275,0.3511,-0.2748,40.86,On Surface
209296,-0.4429,0.7015,10.5489,-2.0763,0.6107,-0.1527,40.72,On Surface
209371,-0.3998,0.6608,10.5297,-2.1527,0.6565,-0.2595,40.91,On Surface
209441,-0.4022,0.7063,10.5776,-2.1832,0.3969,0.0000,40.67,On Surface
209512,-0.4166,0.7039,10.6326,-2.3511,0.3969,-0.2595,40.72,On Surface
209581,-0.4238,0.7063,10.6015,-2.2901,0.6107,-0.1069,40.91,On Surface
209651,-0.4046,0.6895,10.5776,-2.3817,0.3053,-0.2901,40.44,On Surface
209722,-0.4070,0.7063,10.5752,-2.1527,0.5191,-0.0763,40.95,On Surface
209791,-0.3807,0.7087,10.5943,-2.1374,0.3511,-0.1985,40.44,On Surface
209866,-0.4094,0.6536,10.6686,-2.3664,0.6412,-0.3206,40.86,On Surface
209936,-0.4310,0.6823,10.5967,-2.4122,0.1985,-0.3817,40.72,On Surface
210007,-0.3926,0.7135,10.5752,-2.4885,0.6260,-0.2137,40.67,On Surface
210077,-0.3783,0.7494,10.5919,-2.2748,0.7176,-0.4275,40.67,On Surface
210148,-0.4166,0.7183,10.6183,-2.4580,0.5038,-0.0153,40.86,On Surface
210219,-0.3687,0.6991,10.6326,-2.3206,0.2748,-0.0916,40.77,On Surface
210288,-0.4310,0.7183,10.5608,-2.1985,0.5496,-0.0611,40.72,On Surface
210363,-0.4238,0.6680,10.5512,-2.4885,0.4275,-0.3664,40.77,On Surface
210433,-0.3807,0.6991,10.6422,-2.2748,0.7176,-0.3053,40.77,On Surface
210505,-0.3472,0.7063,10.6303,-2.2748,0.7023,-0.3511,40.72,On Surface
210574,-0.4334,0.7039,10.6303,-2.3511,0.5038,-0.2290,40.67,On Surface
210645,-0.4310,0.7183,10.5465,-2.3817,0.5038,-0.3359,40.77,On Surface
210716,-0.4286,0.7063,10.5776,-2.4122,0.7176,-0.3206,40.77,On Surface
210785,-0.3352,0.7278,10.5608,-2.4580,0.6718,-0.2748,40.77,On Surface
210860,-0.3855,0.6800,10.5800,-2.4122,0.5802,-0.1832,40.91,On Surface
210931,-0.4022,0.6752,10.6303,-2.3206,0.4275,-0.1069,40.67,On Surface
211002,-0.3783,0.7207,10.6111,-2.3817,0.5191,-0.2748,40.58,On Surface
211071,-0.4238,0.7039,10.5872,-2.3511,0.4275,-0.3053,40.58,On Surface
211152,-0.4214,0.7326,10.6279,-2.1832,0.7023,-0.1985,40.72,On Surface
211223,-0.3831,0.7207,10.5943,-2.3664,0.7481,-0.2901,40.95,On Surface
211292,-0.3855,0.6680,10.6063,-2.1527,0.6565,-0.2595,40.77,On Surface
211367,-0.3711,0.7207,10.5249,-2.3511,0.7481,-0.0153,40.86,On Surface
211438,-0.4142,0.7063,10.6135,-2.4733,0.4733,-0.0305,40.72,On Surface
211509,-0.3903,0.6943,10.6231,-2.5191,0.4427,-0.3969,40.77,On Surface
211578,-0.3950,0.7087,10.6207,-2.4885,0.2595,-0.1985,40.44,On Surface
211648,-0.4070,0.7087,10.5800,-2.1221,0.6107,-0.3359,40.91,On Surface
211720,-0.4214,0.7111,10.5489,-2.2748,0.3053,-0.3206,40.67,On Surface
211792,-0.4094,0.6967,10.6087,-2.4885,0.4733,-0.1221,40.67,On Surface
211863,-0.4022,0.7015,10.6183,-2.4580,0.5038,-0.0153,40.72,On Surface
211937,-0.3759,0.6847,10.6326,-2.1985,0.4427,-0.1679,40.72,On Surface
212008,-0.3496,0.6991,10.6662,-2.3359,0.5344,-0.1374,40.53,On Surface
212077,-0.4046,0.7087,10.6063,-2.2901,0.5496,-0.2748,40.72,On Surface
212148,-0.3950,0.7015,10.5848,-2.4427,0.4580,-0.2137,40.67,On Surface
212219,-0.4070,0.6967,10.5991,-2.2901,0.4733,0.0153,40.44,On Surface
212288,-0.4046,0.6584,10.6231,-2.3359,0.5191,-0.3053,40.67,On Surface
212358,-0.4166,0.7183,10.6422,-2.4733,0.4885,-0.3969,40.58,On Surface
212433,-0.4142,0.6823,10.6015,-2.2443,0.6565,-0.3206,40.86,On Surface
212505,-0.4022,0.7015,10.6494,-2.4580,0.4122,0.1832,40.77,On Surface
212574,-0.4094,0.6991,10.6422,-2.3359,0.6107,-0.2137,40.86,On Surface
212645,-0.3663,0.7087,10.5848,-2.5344,0.4733,-0.2290,40.67,On Surface
212716,-0.3735,0.6800,10.6231,-2.2443,0.5802,-0.3664,40.53,On Surface
212785,-0.3926,0.6991,10.6374,-2.2290,0.5038,-0.4580,40.72,On Surface
212855,-0.3831,0.7230,10.6470,-2.2901,0.5649,-0.3511,40.77,On Surface
212930,-0.3855,0.7063,10.6422,-2.2290,0.3359,-0.0916,40.77,On Surface
213001,-0.4214,0.7087,10.6303,-2.3817,0.5344,-0.1527,40.72,On Surface
213070,-0.4286,0.7063,10.5680,-2.2443,0.6260,-0.3206,40.67,On Surface
213140,-0.3735,0.6871,10.5896,-2.0916,0.5802,-0.2443,40.44,On Surface
213211,-0.3974,0.7063,10.5943,-2.3817,0.4122,-0.2595,40.91,On Surface
213280,-0.3903,0.6752,10.5632,-2.2595,0.5954,-0.0916,40.95,On Surface
213351,-0.4118,0.6823,10.6326,-2.2443,0.3206,0.0458,40.77,On Surface
213426,-0.4094,0.7015,10.5943,-2.3359,0.3359,-0.3053,40.86,On Surface
213497,-0.4262,0.7039,10.6111,-2.2137,0.8550,-0.0916,40.67,On Surface
213566,-0.4022,0.6871,10.5441,-2.4427,0.4275,-0.0763,40.77,On Surface
213636,-0.3926,0.7015,10.6757,-2.1679,0.6565,-0.0763,40.53,On Surface
213707,-0.4142,0.7063,10.6135,-2.6107,0.4275,-0.1832,40.67,On Surface
213776,-0.4214,0.7015,10.5489,-2.2137,0.3969,-0.0611,40.53,On Surface
213847,-0.3807,0.7087,10.6087,-2.3053,0.4580,-0.3817,40.44,On Surface
213921,-0.4238,0.6752,10.6111,-2.2137,0.6260,-0.0763,40.95,On Surface
213992,-0.3950,0.6871,10.6183,-2.3664,0.5191,-0.1527,40.67,On Surface
214061,-0.4214,0.7350,10.6757,-2.2443,0.8550,-0.1985,40.77,On Surface
214132,-0.4046,0.7254,10.6303,-2.4275,0.6260,-0.1985,40.67,On Surface
214203,-0.3783,0.7326,10.6590,-2.2443,0.4733,-0.1527,40.91,On Surface
214272,-0.3663,0.7278,10.6111,-2.3206,0.5191,-0.2290,40.86,On Surface
214342,-0.4142,0.7111,10.6159,-2.1985,0.4580,-0.1527,40.86,On Surface
214413,-0.3998,0.6632,10.5752,-1.9847,0.9618,-0.0916,40.72,On Surface
214488,-0.3974,0.6776,10.6303,-2.4733,0.3664,-0.3511,40.58,On Surface
214557,-0.4118,0.6680,10.5848,-2.3206,0.6870,-0.3664,40.67,On Surface
214631,-0.4334,0.6919,10.5728,-2.2901,0.4885,-0.4122,40.95,On Surface
214702,-0.3783,0.7374,10.6063,-2.4427,0.4122,-0.0763,40.44,On Surface
214771,-0.4070,0.6943,10.5872,-2.1527,0.5038,-0.1527,40.77,On Surface
214841,-0.3855,0.7015,10.6494,-2.4122,0.4885,0.0916,40.67,On Surface
214913,-0.3639,0.7254,10.6039,-2.1832,0.8244,-0.2443,40.72,On Surface
214988,-0.3735,0.7230,10.6183,-2.3664,0.7481,-0.3511,40.58,On Surface
215057,-0.3663,0.6943,10.6063,-2.4885,0.4733,-0.2443,40.86,On Surface
215127,-0.3950,0.6847,10.6135,-2.3206,0.5038,-0.2290,41.05,On Surface
215198,-0.4046,0.6752,10.6207,-1.9695,0.4427,-0.1527,40.72,On Surface
215267,-0.4022,0.6871,10.6350,-2.4580,0.5191,-0.5344,40.77,On Surface
215338,-0.4118,0.7015,10.6303,-2.5344,0.6565,-0.1527,40.95,On Surface
215410,-0.3926,0.6632,10.6279,-2.1985,0.6718,-0.1527,40.86,On Surface
215484,-0.3735,0.6943,10.5943,-2.3359,0.3969,-0.0916,40.91,On Surface
215553,-0.4022,0.6488,10.5800,-2.1679,0.6412,-0.0763,40.72,On Surface
215623,-0.4310,0.7159,10.6470,-2.2595,0.4122,-0.1985,40.86,On Surface
215694,-0.3903,0.7063,10.6111,-2.2901,0.2901,-0.0153,40.67,On Surface
215763,-0.3591,0.6919,10.5919,-2.2443,0.5649,-0.1221,40.67,On Surface
215834,-0.4070,0.7183,10.6231,-2.1527,0.6107,-0.3511,40.67,On Surface
215905,-0.4334,0.7183,10.5776,-2.2137,0.3817,-0.3511,40.91,On Surface
215979,-0.3926,0.7230,10.6231,-2.0611,0.5344,-0.1527,40.86,On Surface
216048,-0.4310,0.7302,10.6039,-2.5802,0.6260,0.0305,40.67,On Surface
216119,-0.3998,0.7015,10.5465,-2.3817,0.3664,-0.3053,40.95,On Surface
216190,-0.4070,0.7159,10.6111,-2.2748,0.6260,0.0153,40.67,On Surface
216259,-0.4357,0.6584,10.6183,-2.5191,0.3664,-0.1832,40.58,On Surface
216329,-0.4022,0.6728,10.5967,-2.2443,0.1832,-0.1527,40.86,On Surface
216400,-0.4190,0.6967,10.5872,-2.3359,0.5344,-0.1374,40.77,On Surface
216469,-0.4046,0.6608,10.6542,-2.3969,0.1832,-0.3969,40.86,On Surface
216544,-0.3759,0.7111,10.5776,-2.3206,0.7481,-0.3511,40.91,On Surface
216614,-0.3903,0.7087,10.5824,-2.4733,0.6260,-0.2290,40.67,On Surface
216685,-0.4238,0.7278,10.6159,-2.4427,0.4122,-0.3053,41.05,On Surface
216754,-0.3855,0.6752,10.6470,-2.2137,0.4122,-0.1527,40.86,On Surface
216824,-0.3807,0.6967,10.6350,-2.5802,0.5802,-0.2137,40.86,On Surface
216895,-0.4357,0.6943,10.5824,-2.2595,0.4122,-0.0763,40.91,On Surface
216964,-0.4214,0.6919,10.5632,-2.3053,0.5802,-0.1679,40.86,On Surface
217039,-0.4118,0.6919,10.5776,-2.4885,0.5649,-0.3359,40.77,On Surface
217109,-0.4190,0.7087,10.5584,-2.4427,0.2595,-0.1221,40.72,On Surface
217191,-0.4070,0.7039,10.5943,-2.3359,0.5954,-0.2443,40.72,On Surface
217260,-0.3759,0.7039,10.6207,-2.2443,0.3359,-0.2137,40.91,On Surface
217330,-0.3807,0.6823,10.5848,-2.3053,0.2901,0.0000,40.67,On Surface
217402,-0.4022,0.6776,10.5872,-2.3817,0.5496,-0.2748,40.91,On Surface
217476,-0.3926,0.7398,10.6542,-2.4122,0.6107,-0.4885,40.67,On Surface
217805,-0.4501,0.7230,10.6279,-2.2901,0.6565,-0.2748,40.72,On Surface
218044,-0.4118,0.7111,10.6015,-2.4427,0.4122,-0.2595,40.72,On Surface
218165,-0.3639,0.6943,10.5848,-2.2443,0.6260,-0.3359,40.72,On Surface
218234,-0.4118,0.6895,10.6207,-2.3969,0.4580,-0.3206,40.77,On Surface
218304,-0.4022,0.6800,10.6470,-2.5038,0.4275,-0.3664,40.44,On Surface
218375,-0.4214,0.7159,10.5608,-2.7634,0.5649,-0.0916,40.72,On Surface
218444,-0.4334,0.6608,10.5656,-2.3817,0.6565,-0.2290,40.77,On Surface
218518,-0.3711,0.7159,10.5393,-2.3359,0.3969,-0.1527,40.53,On Surface
218588,-0.4621,0.7135,10.6303,-2.4885,0.4733,-0.1221,40.86,On Surface
218659,-0.3974,0.6560,10.6063,-2.2595,0.5954,-0.3664,40.86,On Surface
218728,-0.4142,0.7254,10.7093,-1.1908,-0.1985,0.1221,40.72,On Surface
218799,-0.3615,0.6536,10.5369,-2.3511,0.2290,-0.4275,40.91,On Surface
218870,-0.3759,0.7183,10.6039,-2.3664,0.7481,-0.1679,40.77,On Surface
218939,-0.4669,0.6488,10.8601,1.1603,-2.3664,0.3817,40.72,On Surface
219013,-0.3591,0.7278,10.4962,-2.1679,-0.4733,-0.2901,40.58,On Surface
219083,-0.3519,0.7685,10.5896,-1.5573,-3.7405,-0.0763,40.58,On Surface
219154,-0.3543,0.7685,10.6973,-1.5725,-2.7939,-0.0611,40.91,On Surface
219223,-0.3089,0.7494,10.4986,-1.9084,-1.5878,0.0916,40.91,On Surface
219293,-0.3304,0.7470,10.6326,-2.3359,0.0153,-0.2748,40.72,On Surface
219364,-0.2370,0.7661,10.6494,-2.0916,-0.1221,-0.0763,40.77,On Surface
219433,-0.3400,0.7853,10.8122,-2.0916,1.6336,-0.3511,40.86,On Surface
219503,-0.2179,0.7614,10.4028,-2.1679,3.0076,-0.3359,40.67,On Surface
219578,-0.2442,0.7207,10.4962,-2.0916,0.7481,-0.2443,40.67,On Surface
219649,-0.3089,0.7350,10.5824,-2.3664,1.0840,-0.0458,40.77,On Surface
219718,-0.2346,0.7350,10.5129,-2.3969,0.6412,-0.3206,40.95,On Surface
219788,-0.2251,0.7709,10.5656,-2.4885,0.4885,-0.0305,40.77,On Surface
219859,-0.2849,0.7518,10.5177,-2.5496,0.7939,-0.3053,40.72,On Surface
219928,-0.2155,0.7757,10.4986,-2.6565,1.0382,-0.3664,40.72,On Surface
219998,-0.3184,0.7183,10.5848,-2.4275,-0.0916,0.2748,40.77,On Surface
220072,-0.2849,0.7566,10.5919,-2.1374,0.1527,-0.4580,40.95,On Surface
220143,-0.2610,0.7661,10.5752,-1.6641,1.2519,-0.1985,40.77,On Surface
220212,-0.2490,0.7542,10.5608,-1.8321,0.4580,-0.4122,40.67,On Surface
220282,-0.2610,0.7733,10.6303,-2.0458,0.0763,-0.5038,40.67,On Surface
220353,-0.3376,0.7901,10.6590,-1.6641,-0.4580,-0.4275,40.86,On Surface
220422,-0.2538,0.7949,10.6374,-2.0153,0.3664,-0.4427,40.95,On Surface
220492,-0.2682,0.7422,10.6470,-2.1221,-0.0916,-0.5802,40.72,On Surface
220566,-0.2777,0.8092,10.6279,-2.1527,0.6107,-0.0611,40.72,On Surface
220637,-0.2849,0.7901,10.6231,-2.1679,0.0458,-0.5038,40.86,On Surface
220706,-0.2849,0.8284,10.5943,-2.3511,-0.4122,-0.4427,40.91,On Surface
220780,-0.2945,0.7494,10.7117,-2.3817,0.9008,-0.3053,40.72,On Surface
220851,-0.2873,0.7829,10.5848,-2.1221,1.0840,-0.0458,40.72,On Surface
220920,-0.3017,0.8045,10.5728,-2.3359,0.7786,-0.4580,41.05,On Surface
220990,-0.2849,0.8092,10.6207,-2.2443,0.4427,-0.3359,40.95,On Surface
221088,-0.2227,0.7470,10.6398,-2.4122,0.2748,-0.2748,40.67,On Surface
221162,-0.3376,0.7302,10.5967,-1.7710,1.0382,-0.1832,40.72,On Surface
221232,-0.2634,0.7614,10.5441,-2.3511,0.0153,-0.3206,40.91,On Surface
221304,-0.3089,0.8021,10.6494,-2.1374,0.6260,-0.2748,40.53,On Surface
221377,-0.2298,0.7853,10.6159,-2.1221,-0.5954,-0.5649,40.67,On Surface
221447,-0.1556,0.7159,10.7308,-1.9389,-0.6412,-1.2824,40.91,On Surface
221519,-0.1628,0.7590,10.8002,-1.4962,0.0611,-7.1908,40.72,On Surface
221595,0.1245,0.6680,10.5632,-1.6489,0.7939,-5.7863,40.77,On Surface
221668,-0.3496,0.8691,10.5680,-2.3817,0.7176,-1.2672,40.72,On Surface
221739,-0.2274,0.8164,10.5776,-2.1374,0.3206,-0.3359,40.67,On Surface
221811,-0.2729,0.8404,10.6039,-1.8473,0.2443,-0.8702,40.72,On Surface
221884,-0.2346,0.8045,10.7978,-1.6641,-0.7939,-0.0763,40.77,On Surface
221955,-0.2418,0.8045,10.7021,-2.3511,1.5725,-0.2290,40.72,On Surface
222027,-0.0168,0.6273,10.8050,-0.7939,-1.7710,-15.0534,40.91,On Surface
222100,-0.8045,1.1349,10.8242,-2.3969,1.3130,-2.7328,40.95,On Surface
222176,-1.6759,1.4676,10.7308,-2.3359,2.0611,-0.7023,40.72,On Surface
222247,-0.1389,0.8188,10.4004,-1.9847,0.1069,-0.7176,40.95,On Surface
222319,-0.8763,1.3312,10.4603,-2.6565,0.9466,0.4427,40.72,On Surface
222392,-0.1365,0.8452,10.7500,-3.5573,0.1985,0.3053,40.77,On Surface
222463,-0.0263,0.3879,10.7978,-2.7786,0.1069,6.6107,40.72,On Surface
222535,-0.6297,0.9864,9.2344,-1.9389,-0.2137,-0.0153,40.58,On Surface
222608,-0.0527,0.5866,10.9990,-1.1298,3.0534,-0.2137,40.77,On Surface
222684,-0.3065,0.8356,10.5536,-2.8397,0.9771,0.9313,40.53,On Surface
222755,-0.3496,1.0606,10.5800,-2.7634,0.0305,3.9237,40.77,On Surface
222827,-0.4501,0.9122,10.5417,-2.4580,1.2061,4.3969,40.86,On Surface
222900,-0.2298,0.6728,10.8553,-1.5878,1.2519,2.1679,40.86,On Surface
222981,-0.2538,0.8164,10.5369,-1.6947,1.9084,-0.1985,40.72,On Surface
223053,-0.4717,0.8835,10.6350,-1.6183,1.0687,-1.4656,40.67,On Surface
223126,-0.2179,0.7757,10.6135,-2.3053,-1.0534,-0.7786,40.72,On Surface
223202,-0.5148,0.9266,10.6279,-2.4122,-1.3740,-0.6107,40.72,On Surface
223272,-0.5100,0.9122,10.6638,-1.6794,-2.5038,-3.1603,40.72,On Surface
223344,-0.0742,0.8068,10.4531,-1.8168,-0.6565,-1.4351,40.77,On Surface
