time_ms,acc_x,acc_y,acc_z,gyro_x,gyro_y,gyro_z,temp_c,label
50,0.7901,11.5520,0.7374,-34.0916,-29.5420,-19.3435,41.19,In Hand
100,0.6608,11.0804,0.8930,-37.5878,-33.5115,-22.5344,40.91,In Hand
150,1.1301,10.8170,1.0415,-43.7863,-29.0534,-21.1450,41.09,In Hand
200,0.3903,10.7548,1.1899,-47.1145,-20.4275,-32.7634,40.95,In Hand
250,0.8140,11.2120,0.6991,-55.7863,-15.6489,-17.2672,40.95,In Hand
300,0.3041,9.4092,1.1947,-64.1527,-10.9313,-27.8626,41.19,In Hand
350,0.3519,9.3972,2.1117,-43.9389,-5.5725,-16.3969,41.19,In Hand
400,-0.9601,9.1866,2.1979,-37.6183,-3.5725,15.1908,41.09,In Hand
450,-0.9816,8.8274,3.1963,-29.2061,3.8779,12.1069,40.91,In Hand
500,-0.3950,9.2632,3.5123,-19.4351,-1.1145,15.9237,40.91,In Hand
550,0.0646,10.6374,3.5027,-13.4046,1.1603,28.3664,41.24,In Hand
600,0.5052,9.6654,3.2489,-27.4656,-9.4809,21.9389,41.05,In Hand
650,0.9984,8.7700,3.7709,-22.0305,-13.7252,20.5344,40.86,In Hand
700,1.1779,8.6526,3.6081,-6.9008,-19.9389,31.8168,41.19,In Hand
750,1.3001,8.4348,3.1508,4.8702,-20.6107,35.1450,40.91,In Hand
800,1.7933,8.7915,2.9640,11.8473,-19.1298,14.3053,41.09,In Hand
850,1.0582,9.2512,3.4405,4.4122,-23.2061,-13.1298,41.38,In Hand
900,2.0590,10.1155,3.3615,-10.5191,-34.9771,-9.9084,40.95,In Hand
950,2.4636,8.8370,3.4500,-16.0458,-31.0534,-2.8702,41.09,In Hand
1000,3.3974,8.6000,3.4572,-10.6260,-24.3664,-8.2137,40.91,In Hand
1050,3.1340,8.9783,3.3495,-4.9618,-8.9771,-12.5496,41.09,In Hand
1100,2.4636,9.4930,3.1005,-12.3664,-2.4733,-20.0458,40.91,In Hand
1150,1.5826,9.0884,3.5650,-19.3740,-4.7939,-17.6641,41.09,In Hand
1200,2.0327,8.3797,3.1460,-4.4427,-6.0611,2.8855,41.05,In Hand
1250,1.7047,8.3007,3.0909,16.0916,7.4046,1.6336,40.95,In Hand
1300,1.2019,9.3134,2.7174,23.0076,9.8473,-12.8550,40.95,In Hand
1350,0.7566,9.4020,2.6360,17.0840,7.7252,-12.2137,40.95,In Hand
1400,0.9816,9.1363,2.8132,24.5191,9.1450,-14.5496,40.91,In Hand
1450,0.6009,10.2352,2.9353,21.5267,3.2519,-9.8779,40.86,In Hand
1500,0.9960,9.2967,2.9784,27.5267,0.6870,-6.8397,41.09,In Hand
1550,0.8643,10.3166,2.5714,33.7099,0.1527,-2.9313,41.09,In Hand
1600,0.9361,11.0301,2.0183,26.2290,-4.2901,4.0153,41.19,In Hand
1650,1.0391,11.1498,1.9106,14.8092,-3.8473,3.1450,40.91,In Hand
1700,0.9361,11.2623,1.9441,-2.7328,-2.7328,1.6641,40.77,In Hand
1750,1.2689,9.9551,2.0183,-10.0458,-2.2901,0.6870,41.05,In Hand
1800,1.0965,9.5433,1.9465,-4.0153,5.5420,2.0763,40.86,In Hand
1850,0.7326,9.6367,2.2290,-3.0992,3.4046,-2.1679,40.95,In Hand
1900,0.8380,10.0173,1.9561,-2.1985,1.4351,2.0305,40.95,In Hand
1950,0.9840,9.7947,2.0638,-2.1679,1.7252,7.1603,40.95,In Hand
2000,0.8691,10.1179,1.8842,-3.3893,1.7099,1.0992,41.05,In Hand
2050,1.0989,10.1035,1.7813,-7.0229,0.8550,2.1527,41.05,In Hand
2100,1.0846,9.8545,1.9154,-5.0229,2.0305,2.5496,40.95,In Hand
2150,1.3647,9.7229,1.9273,-2.7939,1.5878,2.4122,41.09,In Hand
2200,1.2977,9.7636,1.9896,0.0916,4.8550,4.3664,41.05,In Hand
2250,1.2737,10.1418,1.9944,-3.9847,4.9313,1.5725,40.95,In Hand
2300,1.2402,9.6438,1.9728,-8.0916,9.4504,1.9695,40.91,In Hand
2350,1.1684,9.5624,2.1021,-5.7252,10.1221,-2.6412,40.72,In Hand
2400,0.9481,9.7205,2.0494,-6.1069,10.7939,-1.1603,40.95,In Hand
2450,0.9505,9.3350,2.0973,-3.8168,8.4580,-0.9313,40.86,In Hand
2500,1.1612,9.4619,1.8914,1.0992,7.4351,0.2748,41.05,In Hand
2550,1.0918,9.5026,2.0423,2.3511,9.8931,-0.0611,41.09,In Hand
2600,1.0702,9.5289,2.1835,5.3435,9.2672,-3.8321,40.95,In Hand
2650,1.0175,10.0126,2.2410,8.0305,9.6489,-2.0153,40.86,In Hand
2700,0.9505,10.3813,2.2003,2.5496,6.9313,0.1221,40.95,In Hand
2750,0.8404,9.7947,2.3104,-1.6031,8.1985,-0.7939,40.91,In Hand
2800,0.7470,9.7683,2.3798,-1.5573,7.3740,-3.9847,41.19,In Hand
2850,0.8547,9.8737,2.3679,0.1832,6.1221,-1.8626,40.77,In Hand
2900,0.5411,9.9575,2.5738,-0.6718,2.1221,-3.3130,41.09,In Hand
2950,0.7159,10.2520,2.4804,-1.8321,-2.1679,-3.3588,40.91,In Hand
3000,0.5794,9.9599,2.4636,-7.3893,-5.0076,-0.0763,41.24,In Hand
3050,0.7302,9.6510,2.4397,-7.0534,-7.9542,-3.0534,41.05,In Hand
3100,0.7230,9.9311,2.3200,-4.7481,-8.2443,-2.1374,40.91,In Hand
3150,0.5578,9.7252,2.2841,-7.8626,-9.8626,-1.3282,40.95,In Hand
3200,0.8021,9.6055,2.1763,-5.1908,-11.5573,-3.9542,40.91,In Hand
3250,0.4477,9.7324,2.2290,-1.8931,-12.9771,-4.9466,40.91,In Hand
3300,0.6967,10.3046,2.1189,-2.3359,-16.6107,-2.7328,41.28,In Hand
3350,0.8380,10.0293,2.0686,-4.8092,-17.2519,-1.4504,41.05,In Hand
3400,0.9960,9.9479,1.9106,-6.3969,-16.1679,-2.2137,40.91,In Hand
3450,1.1109,9.8282,1.9441,-5.8015,-12.8244,-3.1145,40.95,In Hand
3500,0.9888,9.9192,2.0231,-6.9008,-11.5115,-5.3740,41.09,In Hand
3550,1.0080,9.8306,2.0279,-9.2824,-8.3359,-1.3282,41.09,In Hand
3600,1.0199,9.5433,2.0183,-5.3588,-6.0916,-2.1527,40.95,In Hand
3650,0.8643,9.7899,1.8459,-5.0076,-4.4122,-2.7634,40.91,In Hand
3700,1.1037,9.3661,1.9561,-3.2214,-5.3130,-1.6489,41.19,In Hand
3750,1.7502,9.9623,1.5083,-0.7328,9.7252,-2.4885,41.09,In Hand
3800,0.6153,9.7348,1.9896,-5.6336,15.3588,-7.7099,41.05,In Hand
3850,0.4166,10.1394,2.0518,-3.8473,11.0992,-7.6183,41.05,In Hand
3900,0.4022,9.9120,2.0806,-0.9618,6.6260,3.3282,41.05,In Hand
3950,0.6632,9.8258,2.1045,4.0000,2.1985,4.5802,40.86,In Hand
4000,1.0008,10.1849,1.9441,-0.9924,5.6794,5.2672,41.05,In Hand
4050,0.9337,9.7205,2.1668,-2.4122,8.9618,1.4504,40.95,In Hand
4100,0.6919,9.6893,2.3320,-1.3740,11.2519,0.0153,41.09,In Hand
4150,0.6081,9.5720,2.2793,-2.4122,11.1298,2.1069,40.91,In Hand
4200,0.7685,9.2703,2.1715,6.8855,13.4504,0.6870,41.09,In Hand
4250,0.4477,10.0556,2.1668,3.0229,16.9924,-3.3588,41.19,In Hand
4300,0.2011,9.8067,2.4062,-1.7557,10.8092,-5.6794,40.91,In Hand
4350,0.5578,9.9383,2.4445,3.3893,10.6718,1.1908,41.09,In Hand
4400,0.1293,10.1347,2.4134,0.2290,2.7176,1.8321,41.19,In Hand
4450,0.6704,9.7827,2.2984,-1.3588,3.9542,4.0611,41.09,In Hand
4500,0.3496,9.7468,2.5546,-0.8702,4.0000,-2.4275,41.05,In Hand
4550,0.5387,9.9599,2.2051,-1.0076,1.2519,-0.2137,40.95,In Hand
4600,0.2346,9.6917,2.3918,-0.5649,2.9771,0.3511,40.95,In Hand
4650,0.4118,10.0987,2.1213,-1.2977,-1.3282,-2.5802,41.05,In Hand
4700,0.3089,9.8713,2.2290,-2.7328,-2.7939,-1.2824,41.05,In Hand
4750,0.5842,9.7947,2.1907,-2.4733,-2.4733,-6.0916,40.91,In Hand
4800,0.5578,10.4722,2.0901,-4.6870,2.2290,-8.5954,40.86,In Hand
4850,-0.0024,9.8881,2.2458,-10.3817,-2.7481,-4.1527,41.28,In Hand
4900,0.3496,9.4403,2.3176,-2.9160,-8.0153,-1.9542,41.19,In Hand
4950,0.5124,9.8354,1.9920,0.3206,-7.5115,4.9466,40.72,In Hand
5000,0.5938,9.9551,1.9273,-0.8397,-8.7023,2.8244,40.95,In Hand
5050,0.7781,10.0389,1.7645,-3.2824,-5.7405,0.2901,41.05,In Hand
5100,0.5818,9.6917,1.9034,-5.1298,-2.6412,0.0916,41.09,In Hand
5150,0.6105,9.4715,1.9632,-0.0153,-2.6260,-2.4580,41.09,In Hand
5200,0.4860,9.7468,1.9417,1.9847,-0.0458,1.1908,40.77,In Hand
5250,0.5794,9.6175,2.0470,2.8397,0.2443,-2.3664,40.91,In Hand
5300,0.4788,10.2041,2.0111,1.2214,2.1679,-3.0382,41.19,In Hand
5350,0.4046,10.0269,2.0853,-2.0000,-0.2443,-1.4504,40.72,In Hand
5400,0.3519,9.9000,2.0830,-1.8779,-0.5496,-1.6947,40.91,In Hand
5450,0.4764,10.0724,1.9704,-1.6489,-0.1069,-0.8244,41.09,In Hand
5500,0.3112,10.1993,2.0111,-5.8168,-1.9389,-1.1756,41.19,In Hand
5550,0.5650,9.6367,1.9632,-6.7328,-1.9084,0.6260,40.91,In Hand
5600,0.4956,9.5433,1.9896,-2.6718,0.6412,-1.6031,41.05,In Hand
5650,0.2634,9.8976,2.0087,-2.1069,0.7786,-3.0992,41.24,In Hand
5700,0.3519,9.7612,2.0734,-3.8015,0.1679,-2.0458,41.09,In Hand
5750,0.1939,9.5672,2.0925,-0.4427,-0.0611,-3.6031,41.05,In Hand
5800,0.3328,10.1155,1.9920,-0.7481,-1.7710,-2.1985,41.24,In Hand
5850,0.2203,9.6917,2.1261,-0.9618,-3.3435,-1.8931,41.19,In Hand
5900,0.3998,10.6279,1.9632,-2.5802,-2.3053,-3.7863,40.95,In Hand
5950,0.3280,10.4459,2.1093,-10.2595,-2.6412,-2.5038,40.91,In Hand
6000,0.4669,9.7995,2.1165,-10.7176,-2.3817,1.0076,40.91,In Hand
6050,0.6440,9.3015,2.1117,-5.1450,-1.2977,0.9466,40.95,In Hand
6100,0.5531,9.6127,2.0710,0.4275,3.4351,2.1069,41.09,In Hand
6150,0.1197,9.7492,2.2266,-1.1145,2.4427,-1.2214,41.19,In Hand
6200,0.0215,10.1945,2.0734,-4.9771,-0.2137,-1.4504,40.72,In Hand
6250,0.0910,9.6127,2.3200,-4.4885,-1.2214,0.2901,41.19,In Hand
6300,0.2107,9.7851,2.1715,0.1985,-3.2214,0.8550,40.72,In Hand
6350,0.2777,9.9335,2.0973,1.6489,-3.1756,1.9084,40.91,In Hand
6400,0.4621,10.0006,2.1596,-1.0840,-4.8397,1.1908,40.86,In Hand
6450,0.6608,9.8641,2.1021,1.1450,-3.4504,0.6565,41.24,In Hand
6500,0.6057,9.9814,2.0949,-1.9542,-1.2519,2.9008,41.05,In Hand
6550,0.4357,9.6750,2.0375,-4.3206,0.7481,1.0840,40.95,In Hand
6600,-0.0838,9.1602,1.9680,-1.6336,1.2519,-2.5954,41.19,In Hand
6650,-0.0407,9.5505,2.0542,4.1985,-0.9008,-5.0382,40.91,In Hand
6700,0.0215,10.1203,2.1883,4.9771,-5.5573,-4.7481,40.95,In Hand
6750,0.6129,10.2544,2.0016,1.6641,-5.1908,2.9313,40.95,In Hand
6800,0.6393,9.8306,2.0279,0.9008,-3.4046,-2.5191,40.95,In Hand
6850,0.7733,10.3741,1.8866,-2.0153,-0.0153,-1.2214,41.19,In Hand
6900,0.4669,10.1945,1.9704,-6.1527,1.0534,0.2290,41.24,In Hand
6950,0.4286,9.9886,1.8555,-6.7023,1.0687,-0.2137,40.86,In Hand
7000,0.3615,9.7851,1.8531,-7.3893,0.5954,1.9084,40.95,In Hand
7050,0.2777,9.3134,1.7861,-5.7710,3.3282,0.5496,40.77,In Hand
7100,0.1508,9.3206,1.9513,0.0000,4.2901,-3.4351,41.05,In Hand
7150,0.0670,9.6678,2.1213,3.7405,1.2672,-3.5573,40.95,In Hand
7200,0.1365,10.0533,1.8771,4.0458,1.0534,2.8550,41.05,In Hand
7250,0.0670,9.9599,2.0255,1.2214,-1.2519,-2.1679,41.28,In Hand
7300,0.2131,10.0892,1.9632,0.3664,-2.8702,-3.5115,41.05,In Hand
7350,0.4070,10.3430,1.9944,-0.6565,-2.4122,1.0687,41.05,In Hand
7400,0.3783,10.0772,1.9632,-3.8168,-2.5802,-0.6565,40.91,In Hand
7450,0.5004,10.1035,1.8292,-4.9771,-1.2977,-0.3664,40.91,In Hand
7500,0.4597,9.9072,1.8028,-6.3664,-0.2901,2.2901,40.67,In Hand
7550,0.4142,9.7947,1.9417,-5.2977,2.2137,1.5573,40.95,In Hand
7600,0.2107,9.7492,1.8627,-4.7939,3.2977,-0.6107,40.91,In Hand
7650,0.1508,9.5481,1.9249,-3.8168,3.4351,0.5344,40.95,In Hand
7700,0.1676,9.5337,1.8842,1.6947,4.5038,-5.4351,40.95,In Hand
7750,-0.0575,10.1131,1.9273,1.5267,1.4198,-4.8855,40.86,In Hand
7800,0.1101,10.0652,1.9585,-1.1298,0.7023,2.8397,41.19,In Hand
7850,0.1077,9.7636,1.9776,-0.2595,-0.0916,0.3969,41.19,In Hand
7900,0.1389,9.8881,1.9489,1.1450,2.1221,1.5267,41.24,In Hand
7950,0.1101,10.0102,1.8771,2.5191,-1.8931,1.6336,41.05,In Hand
8000,0.3831,10.2017,1.8507,0.2595,-0.3053,8.7634,40.91,In Hand
8050,0.5650,9.8904,1.7597,-1.4198,3.5573,3.1908,40.95,In Hand
8100,0.1867,9.9575,1.8411,-4.2748,6.8855,-1.0534,40.95,In Hand
8150,-0.0311,10.2472,1.7669,-4.5038,3.8321,3.0229,40.95,In Hand
8200,-0.1844,9.8426,1.8100,-6.3206,2.1221,5.2061,40.67,In Hand
8250,0.3112,10.1035,1.5371,-5.4351,0.2901,5.0076,41.19,In Hand
8300,0.6416,9.8809,1.5347,-11.0687,4.4122,4.1527,40.95,In Hand
8350,1.1325,9.5936,1.5275,-12.6870,13.4809,-7.4198,41.05,In Hand
8400,0.5962,9.8521,1.8651,-5.5573,19.7710,-3.6336,41.09,In Hand
8450,0.1508,10.1634,1.8459,-4.3664,19.2672,6.7786,41.09,In Hand
8500,-0.0862,10.0604,1.9537,-7.9542,15.0229,7.4809,40.95,In Hand
8550,0.1317,9.7372,1.9944,-6.5344,12.3817,9.7405,41.05,In Hand
8600,0.2179,9.5505,2.2362,-1.7099,8.7481,13.1756,41.09,In Hand
8650,1.1133,10.1011,2.0638,0.6870,7.7099,20.0305,41.09,In Hand
8700,1.3312,9.9311,1.6352,-1.0992,13.8779,19.0076,40.86,In Hand
8750,1.3384,9.9479,1.7957,-0.1832,16.8702,8.6870,41.24,In Hand
8800,1.3934,10.2376,1.6137,-3.3893,21.8626,14.0458,40.95,In Hand
8850,0.9792,9.4260,2.2769,-5.0076,18.6870,8.4275,41.09,In Hand
8900,1.3815,9.1722,2.7174,-2.5038,15.6183,5.2977,41.05,In Hand
8950,1.5419,9.2057,3.2394,2.5954,14.0611,6.8702,40.91,In Hand
9000,1.5036,9.2608,3.5338,1.7710,13.8168,3.4351,40.72,In Hand
9050,1.2929,9.2991,3.8164,-3.3588,9.4809,-5.0382,40.86,In Hand
9100,0.9266,9.1530,4.0414,-2.8550,5.1756,-8.3817,40.91,In Hand
9150,0.6752,9.8737,3.8259,-0.6718,-4.6260,-6.2595,41.24,In Hand
9200,0.2897,9.9862,3.4381,-8.9313,-15.9847,-4.7786,40.91,In Hand
9250,0.4310,9.9431,3.0382,-12.8397,-26.5038,-11.2061,41.19,In Hand
9300,0.7997,9.7707,2.6839,-16.3969,-33.2977,-10.5038,41.24,In Hand
9350,0.9457,9.4020,2.5402,-10.8244,-36.1221,-10.3969,40.91,In Hand
9400,1.0295,9.0644,2.2793,-7.1450,-35.4198,-12.3969,40.95,In Hand
9450,0.2682,8.4827,2.4349,0.3511,-32.1069,-20.3511,40.91,In Hand
9500,0.5842,10.0892,2.0949,13.8015,-33.7252,-20.5802,41.19,In Hand
9550,0.3304,10.8769,1.7789,5.1603,-28.6870,-14.9160,40.95,In Hand
9600,0.5028,10.6279,1.4341,-8.3664,-32.3511,-23.0229,40.77,In Hand
9650,0.8523,10.1993,1.3958,-12.7023,-28.0611,-12.6718,40.91,In Hand
9700,1.1109,9.2560,1.5179,-1.6336,-25.2672,-4.0916,40.95,In Hand
9750,1.0080,9.4068,1.3862,9.6794,-13.1603,0.0305,40.91,In Hand
9800,0.4717,10.3118,1.4341,12.4885,-7.5573,-7.6336,41.24,In Hand
9850,0.4549,11.0014,1.3815,-1.2672,-0.6260,-1.8015,40.95,In Hand
9900,0.3831,9.7731,1.8364,-9.6947,4.0305,-3.8015,41.24,In Hand
9950,0.4860,9.6774,1.9848,-4.3969,12.8397,-8.2137,40.95,In Hand
10000,-0.2729,10.0317,1.9321,-5.0229,14.7786,-7.2672,41.09,In Hand
10050,-0.4118,10.0676,2.0135,-5.2366,12.2290,-5.8321,41.05,In Hand
10100,-0.3807,10.0365,2.0782,-4.9771,7.7252,-0.5649,40.95,In Hand
10150,-0.1221,9.8019,2.0087,-0.5649,9.4809,4.5038,40.91,In Hand
10200,-0.0431,9.9455,1.9417,-0.3053,10.4885,1.6641,41.19,In Hand
10250,-0.1748,9.7468,2.0877,1.7863,12.2443,-3.6489,40.95,In Hand
10300,-0.1149,10.2113,2.0159,2.0305,9.5115,1.4962,41.05,In Hand
10350,-0.1772,9.8067,2.1380,3.4351,9.7710,3.5878,41.19,In Hand
10400,-0.0742,10.1778,1.9920,3.2824,6.6107,0.2901,41.19,In Hand
10450,-0.0383,10.2903,2.0494,-0.9313,6.6565,5.3893,41.05,In Hand
10500,-0.1460,9.5409,2.0470,-2.0305,7.8015,1.4351,40.91,In Hand
10550,-0.3615,9.7229,2.0710,-1.8931,6.1985,-2.6107,41.05,In Hand
10600,-0.0287,9.4882,2.1021,-0.6870,9.0992,4.8550,40.95,In Hand
10650,-0.3472,9.2919,2.1668,4.4122,6.5954,1.4809,41.05,In Hand
10700,0.0287,9.9479,1.7262,6.0763,10.2595,6.4885,41.09,In Hand
10750,-0.2490,9.8593,1.8938,0.6870,10.9618,1.5878,40.91,In Hand
10800,-0.6153,10.6303,1.9345,-4.1527,6.7939,-7.7405,41.09,In Hand
10850,-0.1915,10.3741,2.1404,-12.5038,-1.3130,-4.6718,40.91,In Hand
10900,0.2011,9.7564,1.9585,-4.1679,-0.7176,6.9466,40.91,In Hand
10950,0.2203,9.4834,2.0423,-0.5954,0.3664,4.7634,40.95,In Hand
11000,0.2011,9.8809,1.9920,-4.1527,3.6489,1.2214,40.95,In Hand
11050,0.2610,9.9359,1.8100,-2.5954,5.6183,1.7557,41.09,In Hand
11100,-0.0718,9.6367,2.1356,-4.2290,6.8092,1.5267,40.72,In Hand
11150,0.0287,9.8857,1.9609,-2.6565,4.0763,-0.4122,41.05,In Hand
11200,-0.1724,9.5720,1.9896,-0.1679,4.0458,-0.0611,40.67,In Hand
11250,-0.3615,10.0796,2.1165,-0.3664,-1.6947,-2.1832,41.24,In Hand
11300,0.0144,10.0461,1.9537,-0.1985,-4.4275,3.0687,40.86,In Hand
11350,0.0958,9.8904,1.9369,1.0229,-5.8168,2.0916,41.05,In Hand
11400,0.5722,10.1562,1.7478,-1.6489,-3.6794,3.8779,40.91,In Hand
11450,0.3160,9.5816,1.7549,-3.6947,1.8321,-0.0916,40.95,In Hand
11500,0.1508,9.4691,1.8411,-3.2214,2.9924,-6.3969,41.09,In Hand
11550,0.1580,9.8186,1.8747,0.6718,2.6107,-0.9466,41.09,In Hand
11600,-0.0263,9.7827,1.8962,4.8244,2.1221,-0.7786,41.19,In Hand
11650,0.1197,10.4220,1.6089,0.3206,0.2443,0.9771,41.09,In Hand
11700,0.1221,10.1514,1.6448,-2.1527,-0.0458,-0.5802,40.95,In Hand
11750,0.1724,9.9958,1.6975,-3.8626,1.4962,-0.5344,41.09,In Hand
11800,0.1796,9.8952,1.8028,-3.1756,0.4122,-0.8244,40.95,In Hand
11850,0.3017,9.5840,1.9369,-1.4504,3.0840,0.3664,41.09,In Hand
11900,0.2298,10.4124,1.8555,-0.2901,9.2977,-10.7786,41.19,In Hand
11950,-0.5171,10.7356,1.9082,-15.2977,6.2595,-7.1145,41.09,In Hand
12000,-0.2993,9.7300,2.0303,-14.2290,-1.5420,-0.6565,41.09,In Hand
12050,-0.2394,9.6510,1.8507,-6.4122,-2.9160,6.7176,40.91,In Hand
12100,-0.0862,9.4906,1.8866,-3.4962,-9.0382,6.1069,40.95,In Hand
12150,0.3543,9.6199,1.8172,1.2061,-4.6260,6.1679,41.19,In Hand
12200,0.2993,9.9264,1.8459,2.9466,1.3130,3.8168,41.05,In Hand
12250,0.3615,10.0102,1.8723,-2.4427,0.9924,0.9466,40.95,In Hand
12300,0.3328,9.9024,1.9273,-3.6183,6.8092,0.9160,40.95,In Hand
12350,0.0287,9.7276,2.0758,-5.8931,4.8092,-3.0992,41.19,In Hand
12400,0.1245,9.6175,2.0638,-2.6107,6.3664,0.7634,41.38,In Hand
12450,-0.1676,9.2680,2.1093,-1.6031,2.9466,-2.3664,40.86,In Hand
12500,0.1748,9.4092,1.9297,7.3893,2.3969,-0.1221,40.91,In Hand
12550,-0.1867,10.1011,1.9872,7.5725,3.7863,0.8244,41.09,In Hand
12600,-0.0694,10.3238,1.8172,-0.6870,-0.6565,-4.4733,40.91,In Hand
12650,0.1580,10.1179,1.7933,-3.6641,1.9542,-2.1527,40.91,In Hand
12700,-0.0048,9.9623,1.9513,-2.2443,1.0382,-2.8244,41.19,In Hand
12750,-0.0263,10.1801,1.8483,-1.1450,-0.4885,0.0458,40.77,In Hand
12800,0.0455,10.0868,1.7885,-3.9847,-1.4809,3.7710,40.95,In Hand
12850,0.2203,9.9742,1.7885,-5.7405,-0.7176,0.8855,40.91,In Hand
12900,0.2179,10.0772,1.8100,-6.5802,2.3969,0.7023,40.91,In Hand
12950,0.1341,9.8904,1.9225,-5.5725,1.6183,0.6565,41.28,In Hand
13000,0.1293,10.0245,1.7717,-5.1603,2.8244,4.6260,40.91,In Hand
13050,0.0886,9.4762,1.9680,-5.2214,2.5038,0.7786,41.24,In Hand
13100,-0.0575,9.7707,1.9441,-5.6489,3.1145,-2.5191,41.09,In Hand
13150,-0.0814,9.3996,2.1117,-4.5191,0.1985,-1.5267,41.28,In Hand
13200,0.0766,9.5313,2.0016,3.4198,2.2901,-0.2290,41.24,In Hand
13250,-0.0072,9.8258,1.9656,4.6565,-0.9008,-1.3740,41.24,In Hand
13300,0.1437,10.1394,1.8699,5.7863,-1.5725,0.6107,41.09,In Hand
13350,0.1844,10.1778,1.8627,3.6947,-1.6947,4.0153,40.86,In Hand
13400,0.3184,10.2256,1.6879,-2.2290,1.2366,2.1832,40.95,In Hand
13450,0.1748,9.7133,1.9656,-2.5344,3.4046,-4.9008,41.24,In Hand
13500,-0.0503,10.0700,1.9178,-3.5725,1.9389,-3.4504,40.91,In Hand
13550,-0.0072,10.0102,1.9393,-1.8168,-0.8397,3.3435,41.24,In Hand
13600,0.1652,9.9790,1.7142,-0.7634,-1.6489,4.0458,41.28,In Hand
13650,0.1652,10.1658,1.6592,-6.1527,0.8702,1.7863,41.28,In Hand
13700,0.1460,9.6510,1.7980,-9.1756,2.2137,-5.4351,41.09,In Hand
13750,0.0814,9.6199,1.9728,-7.3893,0.3664,-4.1679,41.09,In Hand
13800,0.2921,9.5433,1.8244,-1.4656,3.1756,4.7634,40.95,In Hand
13850,0.2705,9.8258,1.7142,1.3588,6.7939,1.0076,41.19,In Hand
13900,0.2610,10.1706,1.6664,-1.2672,9.7710,-4.7176,41.09,In Hand
13950,-0.2705,10.4507,1.7861,-5.4198,8.4580,-6.3664,40.72,In Hand
14000,-0.2562,10.1059,1.9872,-10.9160,-1.6641,-1.8931,40.86,In Hand
14050,0.2035,9.3565,2.0853,-3.6794,-1.8168,5.1603,41.19,In Hand
14100,0.2514,9.5074,2.0830,3.8321,1.1450,2.0305,40.72,In Hand
14150,0.0622,10.1394,1.9609,2.9924,4.0153,0.6565,41.09,In Hand
14200,-0.0383,10.4315,1.8052,-2.0305,3.0076,1.5115,41.28,In Hand
14250,0.1508,10.2735,1.9082,-7.4046,3.4962,4.2748,40.95,In Hand
14300,0.2298,9.9934,1.7621,-10.0305,5.3435,2.0153,41.09,In Hand
14350,0.2969,9.5960,1.8483,-9.0382,9.3130,-1.4809,40.86,In Hand
14400,-0.2274,9.6750,2.0135,-6.2443,8.8855,-3.0229,41.05,In Hand
14450,-0.1676,9.8450,2.0039,-2.5649,3.7863,2.0000,41.05,In Hand
14500,0.0766,9.8282,2.0327,0.6260,2.2748,5.5420,40.95,In Hand
14550,0.0407,9.7157,2.0830,-1.1450,-0.4580,-0.3053,41.05,In Hand
14600,-0.0024,9.6917,2.1931,3.0229,-1.4198,-2.1832,40.86,In Hand
14650,-0.0694,10.0748,1.9800,4.4580,-4.6870,4.6107,40.91,In Hand
14700,0.0383,9.8378,1.9297,5.0534,-6.0458,3.9084,40.95,In Hand
14750,0.1437,10.0245,1.7166,3.3893,-5.6947,-0.3511,40.91,In Hand
14800,0.2298,9.9982,1.6424,1.6183,-7.7557,1.4351,41.05,In Hand
14850,0.5770,10.0365,1.4461,3.3435,-3.2519,8.5954,41.19,In Hand
14900,0.6345,9.8928,1.3886,-2.6565,3.3740,2.7176,41.05,In Hand
14950,0.5483,9.5936,1.3096,-4.1069,12.3511,-5.2366,40.95,In Hand
15000,-0.0455,9.3877,1.6281,0.1374,12.4733,-7.8779,40.77,In Hand
15050,-0.0192,9.7348,1.3719,10.3053,5.3435,1.3588,40.77,In Hand
15100,0.0048,9.8593,1.5107,17.6489,3.9542,10.2443,41.19,In Hand
15150,0.0646,10.2208,1.1420,25.5573,0.1374,1.1298,40.95,In Hand
15200,0.1628,11.4156,0.7230,20.9771,1.0687,7.5725,41.09,In Hand
15250,0.1580,10.2687,0.8092,9.7557,-3.1756,4.2443,41.05,In Hand
15300,0.6153,10.4172,1.2929,18.7786,0.7634,3.3588,41.05,In Hand
15350,0.4621,11.1881,0.8140,3.2366,-1.6336,14.6412,41.24,In Hand
15400,0.7302,10.3094,0.1413,0.2290,0.3053,22.4733,40.86,In Hand
15450,0.1508,10.1514,-1.3599,-1.4504,9.8473,28.7634,40.95,In Hand
15500,0.0096,9.5146,-0.7135,-14.7176,17.9389,18.7328,40.95,In Hand
15550,1.0032,8.2265,0.5674,-11.0534,15.5267,-3.8779,40.95,In Hand
15600,1.1229,8.1523,1.8579,7.7405,19.0992,-11.6031,41.09,In Hand
15650,1.1779,9.2368,2.0830,23.2061,6.6565,-8.8397,40.77,In Hand
15700,1.4198,10.1682,1.5155,21.3740,3.4504,10.0763,41.05,In Hand
15750,1.1779,9.6343,1.3024,10.9466,0.6718,2.0000,41.19,In Hand
15800,1.1325,9.6798,0.8116,11.6183,-4.3053,-5.6336,41.09,In Hand
15850,0.9840,9.6462,0.8499,11.0382,-7.0840,2.8550,41.24,In Hand
15900,0.9720,9.6247,0.7135,8.2595,-13.9695,-3.2061,41.05,In Hand
15950,1.1396,10.5560,0.3328,4.0916,-18.2595,2.9924,41.09,In Hand
16000,0.5171,9.3494,0.6369,-15.9695,-20.7023,-2.7176,40.95,In Hand
16050,1.3120,9.8857,-0.1891,-2.1679,-1.2214,-8.0153,41.05,In Hand
16100,-0.5962,10.6686,-0.5004,-6.4885,-8.7481,-20.0763,41.19,In Hand
16150,0.5818,10.0341,-0.2251,-10.0611,-10.0763,-18.4733,40.95,In Hand
16200,-0.0862,9.9790,0.1700,1.8931,-18.0458,-23.6794,40.86,In Hand
16250,0.7398,10.9702,-0.3280,2.9008,-21.6641,-2.3664,41.09,In Hand
16300,1.2977,10.8457,-0.6033,3.8168,-11.7557,6.1221,41.05,In Hand
16350,0.8643,11.5424,-0.7446,1.8473,2.1527,-4.9771,41.05,In Hand
16400,0.3519,12.3756,-0.9313,-13.1603,-10.3969,-4.4122,40.86,In Hand
16450,1.0319,10.6159,-0.7709,-29.3893,-9.8168,13.7405,40.91,In Hand
16500,1.1492,8.9016,-0.0814,-28.9618,3.5725,-3.8779,41.05,In Hand
16550,0.4310,9.3661,0.6800,-22.2290,8.4275,-13.1298,40.95,In Hand
16600,-0.0096,9.2416,1.5874,-0.7939,-4.6870,4.7939,40.91,In Hand
16650,0.2394,11.2863,0.0670,15.0687,-9.0840,40.8855,41.19,In Hand
16700,-0.9984,10.4100,0.4022,-27.3282,-11.6489,16.6412,40.91,In Hand
16750,0.1676,8.1594,0.9481,-50.4275,-12.2137,-13.1756,41.05,In Hand
16800,0.1891,7.4627,1.9082,-28.6260,-1.2672,-9.2214,41.19,In Hand
16850,-0.1197,8.8083,1.5155,-1.6336,-8.2290,-6.4122,41.09,In Hand
16900,0.0622,10.5656,0.8260,-4.7176,-15.0229,5.4962,41.05,In Hand
16950,0.4238,10.0580,0.5890,-15.4656,-18.8702,-3.0229,41.05,In Hand
17000,1.6352,10.0868,0.5052,-9.7405,-7.3588,-1.6489,41.09,In Hand
17050,1.1468,11.4132,0.7302,-9.2061,6.5191,-0.3511,41.19,In Hand
17100,1.6903,11.5688,0.8715,-28.0611,13.6641,-3.6794,40.95,In Hand
17150,1.0702,9.6462,1.7310,-39.9389,21.5878,-7.8779,40.95,In Hand
17200,0.3903,8.8514,2.3320,-21.9847,19.9084,-2.0611,41.05,In Hand
17250,-0.1748,9.4427,2.4134,10.9160,14.9924,16.9618,41.09,In Hand
17300,-0.6177,11.0205,1.0223,2.1069,2.7176,24.4275,40.91,In Hand
17350,0.3089,9.1554,1.2977,-19.2366,9.0382,9.0382,40.91,In Hand
17400,0.5555,7.4484,2.0087,-0.8397,12.4427,-23.0992,41.24,In Hand
17450,0.5411,9.1075,1.9058,35.7863,15.5420,-8.6870,41.09,In Hand
17500,0.2035,10.5153,1.0558,42.6412,4.8397,7.2366,41.09,In Hand
17550,1.0199,10.4507,0.2993,27.1450,10.1069,0.6718,41.19,In Hand
17600,0.9385,10.2448,0.5674,6.7328,14.1069,-19.0840,40.91,In Hand
17650,1.4653,10.5919,0.3400,9.4962,28.7939,2.3664,40.95,In Hand
17700,0.1532,10.7978,0.4405,10.9618,43.8168,13.2214,41.05,In Hand
17750,-0.2035,11.9231,0.0718,-9.6183,43.4809,3.8626,41.05,In Hand
17800,0.0311,12.2176,-0.4453,-32.7481,55.2824,25.3282,40.95,In Hand
17850,0.0455,10.4531,-0.7829,-29.1145,73.6031,31.6641,40.91,In Hand
17900,-0.1724,11.7172,-1.1229,-22.2595,92.0153,42.3206,41.09,In Hand
17950,-0.1053,10.4555,-0.1006,-35.8473,79.6489,39.8168,41.19,In Hand
18000,1.2929,8.9471,1.1947,-24.2748,83.6641,41.0534,41.19,In Hand
18050,2.0159,7.9320,2.3248,-2.3206,94.1985,36.4275,41.28,In Hand
18100,2.1620,8.2696,3.4860,16.5802,109.8321,13.9847,41.24,In Hand
18150,0.9649,10.1275,4.4652,-1.8779,94.1221,-6.4427,40.91,In Hand
18200,1.9249,10.2017,3.9744,-18.6870,79.2977,13.7099,40.95,In Hand
18250,1.7047,9.9551,3.6966,-22.4733,70.5343,39.1450,41.05,In Hand
18300,2.3104,8.9687,3.0502,-32.2901,68.0916,33.0687,41.09,In Hand
18350,2.6169,9.0094,2.9544,-33.5115,71.4504,27.9084,40.91,In Hand
18400,2.7964,8.4324,2.8276,-29.5573,80.1527,20.2443,40.91,In Hand
18450,2.6264,8.1762,3.3782,-10.2748,87.0076,11.0534,41.09,In Hand
18500,1.6879,9.3326,3.3232,-3.0840,86.9008,9.0840,41.24,In Hand
18550,1.3527,9.7851,3.3327,-17.0840,72.1985,13.0229,40.91,In Hand
18600,2.0063,8.3318,3.6057,-20.9618,77.8168,15.2824,40.91,In Hand
18650,1.3431,8.0613,4.4508,-13.3435,80.0305,10.3206,41.19,In Hand
18700,0.6105,9.0812,4.9344,-9.6183,75.7405,14.7176,40.86,In Hand
18750,0.1700,9.1866,5.8466,-26.3817,60.3969,21.4504,40.91,In Hand
18800,0.7398,8.0876,6.4165,-26.0916,50.5954,2.4580,41.24,In Hand
18850,0.5411,9.2344,6.7636,-22.2901,58.1832,-3.1298,41.09,In Hand
18900,0.7159,10.0676,6.0956,-16.9466,63.5573,26.1069,40.95,In Hand
18950,-0.5650,9.0884,6.3446,-15.8626,50.7634,36.6107,41.24,In Hand
19000,-0.7709,8.8585,5.3774,-18.2748,49.5267,20.9466,41.24,In Hand
19050,-1.3838,8.6407,5.1571,-26.4580,52.9160,18.3359,41.09,In Hand
19100,-1.8220,7.7405,5.8155,-23.7252,47.7557,19.6794,41.28,In Hand
19150,-1.9537,6.9552,6.4284,-13.2519,27.9847,14.4885,40.91,In Hand
19200,-1.4940,7.8003,6.1890,5.0687,19.6336,29.5267,41.05,In Hand
19250,-0.8021,7.6830,6.3015,18.6565,14.2748,39.3588,41.09,In Hand
19300,0.0694,8.9926,5.8107,20.5802,15.5115,41.7099,40.86,In Hand
19350,0.8499,8.0421,6.1387,13.9695,22.6107,31.1145,41.09,In Hand
19400,0.4573,8.9112,6.5362,12.1832,24.5344,16.0305,40.91,In Hand
19450,1.2139,8.6095,6.5721,7.0076,23.3435,19.9084,41.05,In Hand
19500,1.2378,7.9942,6.4476,16.6412,23.9847,26.6870,40.86,In Hand
19550,1.0558,9.1985,6.5481,12.0153,16.3053,26.2748,41.24,In Hand
19600,1.8818,9.3398,6.1483,4.7786,12.7023,35.6794,40.95,In Hand
19650,1.3479,8.7843,6.3039,-2.7634,15.3130,32.7023,40.95,In Hand
19700,1.2163,8.6981,6.0166,-6.7634,10.3206,18.0916,40.86,In Hand
19750,1.5945,9.0022,4.6280,-10.8855,19.6183,23.2519,41.24,In Hand
19800,-0.2538,7.4484,5.9328,-1.3740,14.0305,-0.0763,40.95,In Hand
19850,1.0056,9.1698,5.1188,0.7176,-4.2443,-4.7939,41.05,In Hand
19900,0.8092,8.0014,5.2625,3.7557,-6.8092,10.6260,41.05,In Hand
19950,3.4069,12.3948,8.1259,12.0611,-22.7481,6.8092,41.09,In Hand
20000,5.4277,10.5249,1.2857,-12.7328,41.2061,62.5038,40.95,In Hand
20050,1.4509,6.0956,4.1420,-21.0992,43.0840,-2.7023,41.05,In Hand
20100,1.1564,8.4108,4.4604,-22.0458,25.1450,-58.0458,41.09,In Hand
20150,1.6209,8.5281,5.2289,-20.0000,34.0458,0.3053,41.24,In Hand
20200,0.8930,6.9312,5.7365,6.3511,30.5191,21.0992,40.95,In Hand
20250,1.0391,8.3127,5.4899,1.0382,25.0229,18.9008,41.05,In Hand
20300,1.8459,7.3670,5.5857,-13.0992,25.3588,7.0534,41.09,In Hand
20350,1.9680,6.7708,6.3542,-10.3053,28.5649,-9.0840,40.95,In Hand
20400,1.9297,7.9990,6.6008,-3.8473,21.6336,-1.5573,40.86,In Hand
20450,1.6424,8.0086,7.1299,-12.4885,17.1756,7.7405,40.95,In Hand
20500,1.6233,7.8913,7.2305,-15.2061,14.6260,-0.1679,41.09,In Hand
20550,0.3926,7.7572,7.3909,-23.5725,13.4962,-2.0000,41.19,In Hand
20600,-0.3950,7.2137,8.0397,-18.5344,-6.7176,-24.7023,40.91,In Hand
20650,-0.1221,8.8059,7.0701,-15.1756,-18.3511,-6.2595,41.24,In Hand
20700,-0.9768,7.2760,7.6638,-6.2748,-14.7634,-9.2672,40.95,In Hand
20750,-1.2019,6.8618,7.0725,11.5878,-26.3969,-36.7023,40.72,In Hand
20800,-0.6752,8.1044,6.5457,29.5267,-24.6565,-29.9389,41.05,In Hand
20850,-1.5778,8.5377,6.2130,19.3282,-30.5954,-23.7557,40.72,In Hand
20900,-2.1691,7.6160,5.9280,9.5878,-33.9389,-46.8092,40.77,In Hand
20950,-1.7789,8.8657,5.5569,3.5573,-30.9008,-58.7786,40.77,In Hand
21000,-0.6847,9.6271,6.6702,-6.5038,-34.4427,-58.2443,41.24,In Hand
21050,0.3089,9.7444,6.7157,-21.2824,-20.2748,-47.0229,40.91,In Hand
21100,-0.3974,7.0437,6.4093,-15.7405,-12.9160,-51.2214,41.28,In Hand
21150,-1.5634,6.7493,7.9871,-9.9084,-15.7557,-49.7252,40.91,In Hand
21200,-2.0494,8.0780,8.2815,4.6870,-22.6107,-32.5954,40.91,In Hand
21250,-1.4222,7.9272,7.3047,6.5038,-37.3588,-19.1603,40.95,In Hand
21300,-1.2354,7.8338,7.1922,5.1145,-39.8626,-13.4809,40.91,In Hand
21350,-1.1157,7.9344,7.1132,9.6489,-34.1985,-4.3511,40.91,In Hand
21400,-1.2186,8.5784,7.0054,2.8397,-40.8244,-5.3893,41.05,In Hand
21450,-1.0415,7.9080,6.4524,-9.5115,-42.0611,-16.5954,40.86,In Hand
21500,-1.7597,8.1283,6.7109,-3.4809,-35.8168,-42.3359,40.91,In Hand
21550,-2.1620,9.1267,6.5960,-8.9466,-56.4580,-49.7252,41.05,In Hand
21600,-2.4780,8.3582,6.4380,-21.1298,-69.0687,-43.0229,41.05,In Hand
21650,-1.4581,7.5465,5.7126,-30.0305,-75.6489,-45.0840,40.77,In Hand
21700,-1.1157,6.4428,6.0837,-14.3359,-63.5573,-50.0458,41.09,In Hand
21750,-1.1564,6.6726,6.7876,-8.1374,-54.9008,-60.1374,40.91,In Hand
21800,-1.4844,6.6750,6.9815,-4.7328,-62.1374,-76.0305,40.77,In Hand
21850,-0.4525,7.8266,6.6870,0.9771,-55.5267,-46.4122,40.77,In Hand
21900,-1.2115,7.2209,6.9623,-3.1908,-54.9771,-30.9160,40.95,In Hand
21950,0.1221,7.0964,6.8163,-7.8321,-55.0229,-35.4504,40.95,In Hand
22000,-0.7087,7.1850,7.2185,-0.1679,-38.7634,-46.2137,40.95,In Hand
22050,-1.4772,8.8394,7.7165,-19.0840,-54.3053,-68.5954,40.95,In Hand
22100,-0.8212,9.0668,7.7692,-31.0534,-57.6947,-50.4427,40.95,In Hand
22150,-0.2346,6.6798,8.1523,-37.6947,-51.5267,-53.6489,41.24,In Hand
22200,-1.2330,6.6966,7.8673,-22.4886,-37.5725,-63.9084,40.67,In Hand
22250,-0.5339,7.0725,7.5872,-26.6870,-45.4656,-31.8779,41.05,In Hand
22300,0.2897,4.4867,8.1092,-19.1145,-25.5573,-24.5344,40.91,In Hand
22350,-1.1420,5.1427,8.4827,-10.0305,-27.0229,-55.2672,40.86,In Hand
22400,-0.0407,5.6719,8.2600,-19.9237,-7.0687,-48.8550,40.95,In Hand
22450,-1.0965,4.4053,9.6486,-16.1374,5.8931,-60.6718,40.95,In Hand
22500,-2.1452,5.8179,9.4978,-12.8244,-9.0382,-53.7710,40.91,In Hand
22550,-0.8715,5.4372,9.3661,-12.4733,-21.4809,-9.4198,40.91,In Hand
22600,-1.2713,3.4572,9.4595,-6.6260,-24.7481,-12.8855,40.86,In Hand
22650,0.0239,4.0103,8.8394,-2.1985,-15.3435,-25.5420,40.91,In Hand
22700,0.2203,4.5394,9.1004,13.3740,-5.2214,3.8015,40.86,In Hand
22750,-0.4118,4.1492,9.4332,11.8015,-4.4580,-2.5344,40.95,In Hand
22800,-1.3886,5.3606,9.8785,12.5038,-12.9008,-1.0229,40.95,In Hand
22850,-1.6520,6.2991,10.1490,-3.4198,-25.1756,2.6718,40.67,In Hand
22900,-0.5746,6.3375,10.5010,-14.1374,-17.8931,-5.2214,41.09,In Hand
22950,-1.2785,5.5306,9.0405,-7.8473,-8.9771,-6.3206,40.95,In Hand
23000,-1.0032,6.3039,9.3637,-0.8550,-9.7252,-15.9847,40.91,In Hand
23050,-0.4357,6.4500,8.2768,-7.5267,-8.1527,-25.8626,41.05,In Hand
23100,-0.4142,6.4284,7.2329,-18.6260,-5.9695,-37.0382,40.95,In Hand
23150,-0.1724,6.4141,7.3334,-29.4046,5.6641,-19.1908,41.05,In Hand
23200,-1.4198,5.6695,8.9328,-20.6718,17.3130,-8.3511,40.72,In Hand
23250,-3.2920,4.4269,10.0556,-14.4122,-4.2137,-10.9008,40.72,In Hand
23300,-3.1412,4.1276,9.9695,10.3664,-49.8321,-11.3893,40.77,In Hand
23350,-0.5986,4.9823,9.5002,15.9695,-79.6031,-20.2137,41.28,In Hand
23400,3.6200,6.1268,7.8530,8.1832,-59.7252,-19.5725,40.86,In Hand
23450,4.5897,6.5170,6.7971,-14.1832,-12.0916,-39.4962,41.05,In Hand
23500,2.1284,4.8818,8.2408,-24.5954,20.5191,-34.5954,40.95,In Hand
23550,-0.9553,4.1204,9.7468,-20.9313,18.0458,-46.7176,41.09,In Hand
23600,-1.5993,2.7701,9.4427,-3.7405,-4.8244,-52.0916,40.86,In Hand
23650,-2.4349,5.4277,11.7483,9.7710,-29.9389,-46.5954,40.77,In Hand
23700,1.6712,5.6599,9.8569,4.7176,-40.8702,-65.8626,41.05,In Hand
23750,-0.7159,6.3159,11.5161,7.8321,-11.7557,-68.7786,40.77,In Hand
23800,-2.2697,5.9783,10.0221,-7.1603,-16.9466,-67.9237,41.09,In Hand
23850,-2.1883,5.3606,9.1482,-36.5038,-32.2901,-71.2061,41.05,In Hand
23900,-2.9808,3.9768,9.4188,-26.1374,-26.8244,-48.2290,40.95,In Hand
23950,-1.5610,0.1987,9.7803,0.3817,-38.1679,-34.7176,40.91,In Hand
24000,-0.4764,2.8443,9.2057,24.2443,-34.9618,-31.4351,41.09,In Hand
24050,-0.6416,2.7318,10.0341,27.1145,-20.9160,-36.7786,40.95,In Hand
24100,-1.3096,4.1108,9.8186,41.5267,-15.0534,-56.6870,40.91,In Hand
24150,-1.2737,5.2768,9.1123,35.2366,-31.0992,-59.8779,41.05,In Hand
24200,-1.0487,5.3702,8.6814,24.9313,-25.2061,-64.5343,41.09,In Hand
24250,-0.9601,5.3367,8.9902,19.7099,-25.0687,-50.7176,40.91,In Hand
24300,-1.4437,4.6831,10.8769,14.4275,-8.3511,-67.6794,40.91,In Hand
24350,-0.9385,8.0134,12.4020,10.3511,-13.1756,-46.0916,41.24,In Hand
24400,0.2801,6.1699,7.9416,5.5878,3.8626,6.6718,40.95,In Hand
24450,-0.4884,5.9879,8.5353,-6.0763,7.9084,29.0534,40.72,In Hand
24500,-1.2737,5.2601,9.2296,-6.7786,1.3435,0.3359,40.95,In Hand
24550,-0.9649,5.2625,9.2608,-13.4656,0.5802,1.6183,40.91,In Hand
24600,-1.2139,4.3838,9.4906,-7.2977,-8.1374,10.2137,40.95,In Hand
24650,-1.4126,4.1731,9.0429,5.3893,-8.6870,17.9847,40.91,In Hand
24700,-1.9441,4.8914,9.1411,12.3817,-26.8244,8.6718,40.91,In Hand
24750,-0.7733,6.3159,8.3677,8.1832,-32.1221,3.0840,40.77,In Hand
24800,0.0192,6.2465,8.3893,-1.1450,-29.3740,10.9466,40.86,In Hand
24850,0.3065,6.7995,8.7029,-12.9466,-14.8244,2.8855,41.19,In Hand
24900,0.1508,6.0286,8.6263,-30.2901,-12.9924,17.5878,41.19,In Hand
24950,0.1293,5.2577,8.9974,-34.5802,-5.9542,6.5954,40.95,In Hand
25000,0.1820,4.8914,9.0597,-35.7557,-0.7939,17.2061,40.95,In Hand
25050,0.3950,4.6855,9.2105,-16.0611,6.9008,29.6336,40.95,In Hand
25100,-0.0503,3.8762,9.2751,-2.4122,6.9160,18.2748,40.91,In Hand
25150,0.4764,5.3941,9.2392,3.2672,2.4885,-9.4504,40.95,In Hand
25200,0.5315,5.4205,9.2105,-9.3435,8.8244,8.5344,41.09,In Hand
25250,0.4884,4.5059,9.1147,-14.1221,9.1450,17.1603,40.77,In Hand
25300,0.8452,5.0781,9.1075,-16.5038,13.4351,24.1374,40.91,In Hand
25350,0.4980,4.2832,9.6726,-14.2137,17.6183,28.3664,40.91,In Hand
25400,0.4549,4.4987,10.0628,-11.9847,19.7252,22.6565,40.95,In Hand
25450,0.1820,3.7828,9.8330,-11.5420,19.6031,13.3435,40.95,In Hand
25500,0.1748,3.4022,9.6822,-4.0458,13.5115,13.9237,41.05,In Hand
25550,0.2705,4.9919,10.4028,-2.8092,13.6336,18.4122,41.24,In Hand
25600,0.1963,3.6248,9.9838,0.5496,7.7252,37.5267,40.91,In Hand
25650,0.2610,3.7110,9.9623,12.7786,-0.8244,21.2977,41.05,In Hand
25700,0.7207,3.7134,9.6774,16.7939,-8.9313,-2.4733,40.91,In Hand
25750,1.3168,4.8866,9.5864,10.6565,1.7557,1.4504,40.95,In Hand
25800,0.7111,3.8259,9.5026,11.7252,4.0153,-5.2366,40.86,In Hand
25850,0.5195,5.1356,9.6917,6.6412,4.9771,-13.7252,41.05,In Hand
25900,0.6297,5.3678,9.0860,-3.2519,6.3969,7.0229,40.91,In Hand
25950,-0.0622,4.8147,8.9208,0.9618,0.6412,16.3206,41.05,In Hand
26000,0.3519,5.2744,8.8705,6.7176,-2.2901,-8.3817,41.24,In Hand
26050,0.5483,6.1411,9.2177,-6.6718,4.4733,-17.3130,40.91,In Hand
26100,0.3687,6.1938,9.2392,-15.9084,9.1298,6.6260,40.91,In Hand
26150,0.0072,4.4149,9.1051,-14.3206,-5.0840,-17.9237,41.19,In Hand
26200,0.9457,6.0621,9.2871,-13.1450,5.5725,-23.5267,41.09,In Hand
26250,0.0503,4.4772,9.5888,-12.3359,13.9084,-11.6489,40.91,In Hand
26300,-0.4381,3.3040,8.7317,6.8244,12.4122,-30.0000,40.95,In Hand
26350,-0.4884,5.2361,8.9759,15.0076,12.0153,-27.8168,40.91,In Hand
26400,-1.0080,5.6144,9.0525,1.3893,12.1374,-9.8015,40.91,In Hand
26450,-1.5921,4.3981,8.9783,-9.8321,1.8015,-19.4198,40.86,In Hand
26500,-1.4964,4.9704,9.1482,-15.5115,-11.0534,-11.2061,40.91,In Hand
26550,-1.2594,4.3886,10.2903,-17.8321,-17.4656,-4.2290,40.91,In Hand
26600,-0.3687,4.1539,11.2695,-6.1374,-8.3664,0.2748,40.95,In Hand
26650,-0.0407,4.0606,11.7076,15.4504,18.6260,11.1450,40.86,In Hand
26700,-0.9242,4.4652,10.5632,18.7481,15.7099,24.0916,40.95,In Hand
26750,-0.9146,4.4388,8.9615,9.2824,-6.9771,4.8702,40.91,In Hand
26800,-0.5052,4.9632,7.6423,-6.0916,-18.2443,-24.8855,40.91,In Hand
26850,-0.8691,4.3144,8.3127,-31.5573,-23.5114,-24.7176,40.72,In Hand
26900,-0.8619,2.9185,8.9974,-20.5496,-22.7481,-44.5038,40.95,In Hand
26950,-0.5171,3.2920,9.6031,-13.3282,-16.1221,-38.5496,40.86,In Hand
27000,-0.3711,3.6823,10.0604,3.3588,-4.8855,-23.2519,40.91,In Hand
27050,0.0575,4.0893,9.7444,4.7328,-4.8092,-20.6107,40.95,In Hand
27100,0.4669,4.5514,9.5696,0.5344,-1.0840,-12.3817,40.91,In Hand
27150,0.4094,3.8283,9.3470,3.5420,6.0305,-6.7786,40.91,In Hand
27200,-0.0383,4.0917,9.5193,3.7557,9.8626,-7.3740,41.05,In Hand
27250,-0.2538,3.9217,9.7396,0.0916,13.7099,-0.8550,40.95,In Hand
27300,-0.6297,3.9935,10.0892,-3.4504,12.2748,-5.2672,40.91,In Hand
27350,-0.5962,3.8427,9.3254,0.1985,16.0916,-11.0992,40.91,In Hand
27400,-0.9505,5.0446,9.7252,2.1832,18.6718,1.1603,41.05,In Hand
27450,-1.2881,4.9847,9.5098,-4.7786,12.3664,8.7023,40.91,In Hand
27500,-1.2833,4.7166,9.3733,-4.0000,4.7328,1.0382,40.95,In Hand
27550,-1.3096,4.8315,8.7412,4.2290,5.3435,10.4122,41.05,In Hand
27600,-1.7358,4.9177,9.2608,11.1450,3.4656,5.4656,40.91,In Hand
27650,-1.2594,5.9233,9.5624,13.8015,10.8397,-17.7252,41.05,In Hand
27700,-1.3910,7.4915,10.2544,-9.0840,28.1221,-22.9618,40.95,In Hand
27750,-2.7246,5.5162,9.7276,-30.4580,20.9160,-0.8550,40.91,In Hand
27800,-3.5530,3.3375,9.3757,-19.7863,-2.3817,-19.6031,41.09,In Hand
27850,-2.9521,3.9528,9.0381,8.7634,-10.5649,-30.9313,41.09,In Hand
27900,-2.3942,5.0542,8.7891,19.7863,-9.7099,-6.9008,40.95,In Hand
27950,-2.2051,5.2457,8.7532,14.2595,-14.5038,1.9084,40.95,In Hand
28000,-1.6592,5.7054,8.5569,-0.5649,-16.3359,7.0840,41.24,In Hand
28050,-1.5969,5.7940,9.0118,-24.3053,-14.8702,5.5725,40.95,In Hand
28100,-1.5634,3.9025,9.1794,-41.7252,-17.0534,-16.7939,40.72,In Hand
28150,-1.1492,3.1963,9.6199,-34.7481,-8.3206,-17.4809,41.09,In Hand
28200,-1.2905,2.3727,10.2161,-20.1374,-0.0611,-2.6565,40.77,In Hand
28250,-1.3168,2.3559,10.5297,-2.1374,-3.3435,-12.7786,40.91,In Hand
28300,-0.8739,3.6081,10.4220,5.0229,-0.9466,-17.0534,40.91,In Hand
28350,-0.9840,3.8092,9.9383,1.8321,2.5649,-5.2977,40.86,In Hand
28400,-1.0415,4.4245,10.6757,-0.7634,3.3282,-5.6031,41.24,In Hand
28450,-1.3503,4.8937,11.2671,-24.0000,2.5649,-3.3435,40.95,In Hand
28500,-1.8699,2.2721,10.3693,-25.8321,-7.8779,3.1145,41.09,In Hand
28550,-1.6735,1.4868,9.4140,-9.7557,-18.2137,-13.0687,40.91,In Hand
28600,-1.2617,2.9377,9.2703,10.2290,-19.5725,-12.7481,41.19,In Hand
28650,-1.2665,3.3160,9.0429,8.8244,-27.2061,-16.7328,41.24,In Hand
28700,-0.7183,4.4269,8.7700,1.3130,-28.0305,-17.2366,40.91,In Hand
28750,-0.4166,4.7764,8.6072,-10.5649,-23.2977,7.5267,40.91,In Hand
28800,-0.3352,4.8123,8.2456,-9.6947,-6.4275,20.5344,40.77,In Hand
28850,-0.5171,5.2744,8.2576,-9.6336,12.0916,33.7405,40.77,In Hand
28900,-1.0415,4.9728,9.3470,-22.5191,23.0229,20.5496,40.95,In Hand
28950,-1.2474,3.7661,9.5600,-33.1603,32.4427,32.5191,40.91,In Hand
29000,-1.8220,1.4916,10.0341,-29.8168,34.5802,54.8855,40.91,In Hand
29050,-1.8723,0.5435,10.2280,-21.9695,25.3740,34.4275,40.91,In Hand
29100,-1.8316,2.0327,11.0875,-29.0534,12.4580,17.7405,41.19,In Hand
29150,-1.5323,0.9960,11.3222,-35.0687,-6.8855,16.1985,40.95,In Hand
29200,-1.0271,1.6472,11.0708,-26.4275,-15.4809,14.5191,40.91,In Hand
29250,-0.4645,2.2027,10.3980,-20.1527,-9.4504,19.6641,40.95,In Hand
29300,-0.6464,0.3136,11.4778,-30.5496,-9.0992,9.9237,40.67,In Hand
29350,2.3463,0.3328,10.1706,-3.3282,2.2443,-17.1450,41.24,In Hand
29400,1.3001,1.5251,10.3310,-0.8397,39.9542,6.0305,40.86,In Hand
29450,-0.9744,1.2234,10.7667,7.4351,45.2977,-8.2748,40.77,In Hand
29500,-2.4995,3.1460,11.0014,-8.2595,32.3969,-24.8855,40.95,In Hand
29550,-3.0119,3.1627,10.3453,-27.3435,6.0611,-8.3511,41.05,In Hand
29600,-2.2697,1.2378,10.7093,-27.3435,-10.3817,-0.5038,40.95,In Hand
29650,-1.8411,0.9457,11.4898,-21.9389,-3.6947,8.7481,40.91,In Hand
29700,-2.0470,1.8316,11.2288,-9.7252,-1.4962,23.5420,40.91,In Hand
29750,-0.8978,0.9481,10.3884,-14.4122,-7.2519,27.0992,40.91,In Hand
29800,-1.8148,0.8284,10.3813,-23.3740,3.2214,3.8779,40.91,In Hand
29850,-1.3024,0.0431,9.9838,-26.3664,-1.4504,8.0916,40.95,In Hand
29900,-1.4700,0.8092,10.6710,-37.4504,4.3359,0.9313,41.24,In Hand
29950,-2.0518,1.1013,10.8697,-43.5267,9.3435,-6.8397,40.91,In Hand
30000,-1.9369,-1.3408,10.4938,-35.0229,-6.8855,-4.8244,40.95,In Hand
30050,-1.7717,-0.2346,10.7188,-1.3740,-11.6794,3.2824,41.09,In Hand
30100,-1.4365,-0.4812,10.6949,-13.6489,-18.5344,-3.2672,40.91,In Hand
30150,-1.7741,-0.7111,10.6614,-9.1756,-14.1679,-13.9542,40.91,In Hand
30200,-1.6137,-0.5171,10.2783,3.9084,-16.7328,-0.7023,40.86,In Hand
30250,-0.9242,0.2251,10.6087,4.6565,-6.6412,-1.3130,41.05,In Hand
30300,-1.7813,0.3974,10.7883,-2.9771,-16.0611,0.8702,41.05,In Hand
30350,-0.7015,0.3879,10.4148,-1.5267,-26.0153,12.2748,40.95,In Hand
30400,-0.8452,-0.5267,10.3837,-2.6412,-19.7405,9.7252,40.91,In Hand
30450,-0.3543,1.0726,10.9630,11.5878,-17.9847,30.7786,40.95,In Hand
30500,-0.3328,0.3352,11.1450,6.7328,-16.8855,42.0458,40.95,In Hand
30550,-0.3208,-0.5555,10.1203,12.5344,-18.3817,6.6260,40.91,In Hand
30600,-0.4046,2.2051,10.2424,2.2443,-30.3817,30.6412,40.95,In Hand
30650,0.2825,-0.2466,10.4363,-3.6794,-30.6107,49.8931,40.91,In Hand
30700,0.4884,0.6177,10.4794,-20.0458,-15.0534,12.9466,40.91,In Hand
30750,1.0032,-0.1389,10.4004,-43.3588,-4.8092,18.8855,41.24,In Hand
30800,2.0686,-1.3527,12.3756,-22.7328,-0.5191,15.0076,40.95,In Hand
30850,0.3950,-2.6240,11.0923,-3.2366,12.3664,2.3511,41.05,In Hand
30900,-0.9002,-0.8212,11.0947,20.0305,-2.4733,24.5954,40.86,In Hand
30950,0.0024,-1.5730,10.4411,29.6489,-16.9160,36.9924,40.86,In Hand
31000,0.5387,0.0766,10.0820,29.7557,-18.5802,14.7634,40.72,In Hand
31050,1.2737,0.3879,10.5034,10.0611,-15.2672,1.5725,41.24,In Hand
31100,1.7549,0.1700,10.6326,-4.3969,-0.3511,0.4885,41.24,In Hand
31150,1.2617,0.0958,10.7356,-8.0458,7.8779,2.9466,40.77,In Hand
31200,0.9960,-0.0335,10.5991,-10.9466,10.6412,8.6107,40.95,In Hand
31250,0.9385,0.1484,10.4890,-4.3359,11.4656,15.7710,40.86,In Hand
31300,0.6009,-0.0694,10.2735,-1.2061,13.6641,12.4275,40.95,In Hand
31350,0.4693,-0.2370,10.5680,3.2214,11.4198,4.7481,41.05,In Hand
31400,0.4214,-0.2514,10.8721,8.8244,9.4351,5.3282,41.09,In Hand
31450,0.2586,0.0335,10.7236,20.6870,4.0458,13.6183,40.95,In Hand
31500,0.4022,0.3400,10.8074,28.4886,5.2977,16.7939,40.67,In Hand
31550,-0.1173,1.2737,10.6470,22.8092,7.1908,14.4122,40.95,In Hand
31600,-0.2586,1.0080,10.4627,11.4351,0.7786,-5.3893,40.77,In Hand
31650,-0.0239,1.9920,10.7524,-0.8702,-1.9542,-0.8092,41.09,In Hand
31700,0.1963,0.4310,10.8146,-6.4122,0.0458,-10.1679,41.19,In Hand
31750,0.0646,1.2306,10.8050,-3.6641,-2.7176,-9.2214,41.24,In Hand
31800,0.1652,0.9625,11.1067,0.0916,-5.6031,-2.2748,40.95,In Hand
31850,-0.0790,1.2953,10.3022,1.0076,-9.9542,3.0382,40.91,In Hand
31900,0.2394,0.9864,10.3645,-5.8931,-14.4580,-1.6183,40.67,In Hand
31950,0.5387,0.4357,10.4818,-11.1298,-11.4351,-12.3664,40.77,In Hand
32000,0.6632,0.8475,10.6710,-13.3893,-12.2443,-19.4198,40.95,In Hand
32050,1.2689,0.8428,10.5656,-19.2672,-7.2366,-4.5649,40.91,In Hand
32100,1.2929,0.0718,10.2089,-20.9466,2.9313,-14.6718,40.91,In Hand
32150,1.1708,0.4693,10.4890,-14.6260,8.8855,-12.8244,41.05,In Hand
32200,0.3926,0.2418,10.4028,-6.6107,9.4198,2.5496,41.19,In Hand
32250,0.1149,0.5890,10.4124,-4.6718,2.8702,4.0458,40.91,In Hand
32300,0.6297,0.1293,10.7045,-11.3282,-2.0305,-0.0611,40.77,In Hand
32350,0.9960,-0.1341,11.0804,-9.3130,7.4656,1.5420,40.67,In Hand
32400,0.2394,0.1125,10.7883,-8.7328,7.9695,-4.8244,40.77,In Hand
32450,0.2873,0.4812,10.6781,-10.2748,-1.0382,-0.8244,41.24,In Hand
32500,0.5914,-0.4094,10.7643,-8.1069,-1.0534,4.0000,40.95,In Hand
32550,0.5602,-0.4118,10.4938,-5.5115,2.1527,0.6260,41.19,In Hand
32600,0.5291,-0.4238,10.2687,-5.9084,2.6412,-3.2366,40.91,In Hand
32650,0.8164,-0.6656,10.4914,-2.9160,4.0916,-4.4275,41.05,In Hand
32700,0.5818,-0.5507,10.5967,7.2214,6.2137,4.5191,40.86,In Hand
32750,0.3112,0.0982,10.7284,20.0916,6.5191,12.1985,40.95,In Hand
32800,-0.0335,0.2586,10.4818,19.5878,5.8168,12.7634,40.95,In Hand
32850,-0.1556,0.4166,10.7595,16.0458,3.1298,4.8397,41.09,In Hand
32900,-0.0335,0.6105,10.8601,11.8321,-7.1145,-5.2977,40.77,In Hand
32950,0.3041,1.0774,10.8050,5.9389,-12.3817,3.9237,40.91,In Hand
33000,0.7829,1.0918,10.9056,-3.7863,-11.1450,5.0229,40.77,In Hand
33050,0.7015,0.7757,10.5632,-15.8626,-5.0076,-3.9389,40.95,In Hand
33100,0.7350,1.1229,10.0389,-18.7481,-10.1985,-5.0229,41.05,In Hand
33150,1.0463,0.1317,10.1801,-16.8244,-6.4733,-2.3969,40.95,In Hand
33200,1.0487,0.2035,10.1011,-13.4809,-0.9466,-8.1374,40.95,In Hand
33250,1.2498,0.1221,10.6087,-15.8015,0.3511,-4.8855,41.05,In Hand
33300,1.4653,0.5052,11.1330,-8.7634,3.4198,7.7099,41.05,In Hand
33350,0.6991,0.1628,10.5321,-5.1450,16.5802,13.3893,41.09,In Hand
33400,-0.4357,0.2705,10.1227,-3.0534,8.9313,-7.4351,41.09,In Hand
33450,-0.5052,0.2658,10.4220,-4.3664,-12.9313,-7.4504,41.28,In Hand
33500,0.7398,0.2729,11.4227,4.0916,-21.9389,9.3588,40.77,In Hand
33550,1.4341,-0.3352,11.0612,16.0916,-9.4351,29.2672,40.95,In Hand
33600,1.4509,0.2059,10.7021,21.0229,0.0305,22.0000,41.24,In Hand
33650,0.8739,0.9553,10.0030,9.9847,1.8931,9.0534,40.95,In Hand
33700,1.1851,1.1636,10.0628,-13.4809,-4.8855,-2.2748,40.91,In Hand
33750,1.8627,0.4669,10.5776,-29.9084,4.1679,-0.7328,41.05,In Hand
33800,1.7502,0.6393,10.6015,-27.6336,17.1756,7.5725,40.77,In Hand
33850,0.9074,0.0383,10.2017,-16.7023,27.4962,15.0687,40.91,In Hand
33900,-0.1006,-0.1867,9.8162,3.5573,30.1069,5.8168,41.24,In Hand
33950,-0.5962,0.7326,10.1562,20.2443,20.3511,24.8855,40.77,In Hand
34000,-0.4788,0.2873,10.4291,25.0382,10.8092,18.0153,40.95,In Hand
34050,0.0359,0.5004,11.6047,23.0534,11.0840,19.4046,41.05,In Hand
34100,-0.5076,0.7230,11.5808,20.4886,9.7099,30.1985,41.05,In Hand
34150,-0.6321,0.6752,11.2815,16.1374,4.4885,24.9466,40.91,In Hand
34200,-0.5770,0.7087,11.0014,3.4504,0.3053,23.0229,41.24,In Hand
34250,-0.2873,0.1580,10.8673,-8.4885,-2.0458,2.1221,40.95,In Hand
34300,-0.2322,0.3663,10.7931,-13.9084,-5.9847,-1.1756,40.91,In Hand
34350,-0.0311,0.0694,10.7404,-13.2366,-13.1298,-1.7405,41.19,In Hand
34400,0.3304,0.2610,10.8314,-6.5802,-12.1069,4.5496,40.95,In Hand
34450,0.2131,0.5842,10.4794,-0.0916,-10.1069,4.8244,41.24,In Hand
34500,0.1413,0.6584,10.2185,3.3130,-11.1145,-3.1145,41.19,In Hand
34550,0.2466,0.4645,10.1323,3.4962,-14.0763,-13.2061,40.77,In Hand
34600,0.6033,0.4142,10.1347,3.7863,-14.8244,-18.8855,41.09,In Hand
34650,1.0151,0.3352,10.3837,9.0229,-10.1832,-18.0305,41.38,In Hand
34700,1.0391,0.4597,10.4363,10.2595,-3.1756,-13.1450,41.05,In Hand
34750,0.7949,0.5890,10.5393,12.8702,1.5267,-18.8702,40.77,In Hand
34800,0.4477,1.1612,10.5608,13.8015,3.2519,-21.8015,40.91,In Hand
34850,-0.0958,1.4629,10.5249,14.0000,-3.3740,-21.9847,40.95,In Hand
34900,-0.0814,1.6089,10.2400,16.0763,-15.9084,-28.6870,40.86,In Hand
34950,0.2083,1.8627,10.5177,11.8015,-20.7786,-36.2748,41.19,In Hand
35000,0.7398,2.1524,9.9479,9.3893,-24.4733,-37.8168,41.05,In Hand
35050,1.4868,1.2378,9.9886,16.5649,-19.4046,-26.1527,41.05,In Hand
35100,1.2354,1.2785,10.1394,26.6260,-10.4427,-39.0840,41.19,In Hand
35150,1.2809,2.9880,10.2999,20.9313,-9.4046,-30.0153,40.95,In Hand
35200,2.6121,4.8770,10.9463,-4.4885,-8.7634,-3.7557,40.95,In Hand
35250,1.4485,1.4317,9.9910,-4.0763,-10.0916,-26.9771,40.86,In Hand
35300,0.9122,2.8132,10.8002,-16.5802,-27.6794,-16.5802,40.91,In Hand
35350,2.3272,1.9082,10.4483,-27.6489,-44.8550,-17.1908,41.09,In Hand
35400,1.9154,0.3663,10.3453,-12.8397,-52.4885,-11.2214,40.95,In Hand
35450,2.4541,1.4916,9.7181,-23.6336,-52.2137,-7.9542,41.38,In Hand
35500,3.5003,0.4286,9.1818,-66.6412,-63.2214,-27.8626,40.95,In Hand
35550,3.5745,-0.4262,9.0261,-94.6260,-66.2595,-56.7634,40.91,In Hand
35600,4.1444,-2.8299,8.4013,-85.9542,-66.6260,-68.2901,40.77,In Hand
35650,4.2138,-1.6328,8.9974,-85.8168,-60.6260,-91.4198,40.91,In Hand
35700,4.0031,-2.3631,9.8833,-101.2824,-49.4809,-127.0687,41.19,In Hand
35750,4.8363,-0.9768,11.7962,-123.1450,-47.0534,-147.8779,41.24,In Hand
35800,4.6184,-1.6616,8.8370,-112.1069,-28.5649,-125.1450,41.24,In Hand
35850,5.5665,-1.0918,9.8450,-113.1145,-6.9924,-116.6565,40.91,In Hand
35900,4.4293,-0.9170,9.4739,-98.5343,9.6031,-134.7176,40.95,In Hand
35950,4.7621,-0.9218,9.9886,-95.3740,14.9618,-145.0229,41.09,In Hand
36000,4.6687,-1.3862,10.0509,-77.1298,26.9618,-149.0076,40.91,In Hand
36050,4.2425,-0.0838,10.1059,-63.8931,29.9084,-139.0229,41.05,In Hand
36100,4.6304,0.0335,12.1386,-56.4580,29.6183,-130.2595,41.05,In Hand
36150,4.5298,0.4501,11.7220,-59.5420,28.2748,-123.4504,40.91,In Hand
36200,4.6208,0.1245,12.4331,-58.0153,42.1527,-114.7481,41.05,In Hand
36250,4.5035,0.1006,12.1793,-49.1603,49.4351,-98.2137,40.91,In Hand
36300,4.2018,-0.3567,13.2256,-35.0076,46.9924,-73.5878,40.95,In Hand
36350,4.3431,-0.4980,12.5791,-4.4275,37.9542,-35.9542,40.95,In Hand
36400,4.7597,-0.6704,11.9183,38.9618,33.7252,-0.1069,40.95,In Hand
36450,3.9002,-0.3328,11.3581,66.0458,28.4275,7.4198,41.05,In Hand
36500,3.7637,0.5578,10.7835,75.1298,12.7481,3.7252,41.05,In Hand
36550,3.8786,1.5275,10.1993,63.9695,-2.1527,-16.0000,40.95,In Hand
36600,3.8738,2.2027,9.1506,42.5649,-6.2290,-37.1756,40.95,In Hand
36650,4.3048,2.6695,8.1331,20.4122,-7.8321,-51.6641,40.86,In Hand
36700,3.2130,3.1101,8.5042,1.1450,-9.9389,-53.1145,40.86,In Hand
36750,3.0119,3.5171,8.1882,-11.2061,-19.1450,-56.5954,40.91,In Hand
36800,2.5450,3.4931,8.8585,-11.6183,-27.3893,-63.2214,41.09,In Hand
36850,4.4843,3.9121,7.8386,-0.4885,-28.3817,-42.4885,40.95,In Hand
36900,3.2082,3.3423,8.7891,13.8779,-21.6947,-36.1985,40.91,In Hand
36950,3.4429,3.2322,7.9775,24.6870,-28.5191,-35.6336,40.95,In Hand
37000,2.7869,3.2322,9.5074,11.8779,-39.4962,-44.5344,40.95,In Hand
37050,4.0270,3.8595,7.6638,-1.5267,-42.8092,-34.0763,41.05,In Hand
37100,3.2370,3.5362,8.4204,-1.3435,-45.4504,-28.4580,40.91,In Hand
37150,4.5633,4.2976,7.7835,-9.1145,-47.9542,-10.7176,40.91,In Hand
37200,3.8523,4.6112,7.9655,-10.1221,-39.2977,-0.3511,41.09,In Hand
37250,4.7645,4.3167,8.3055,-7.4809,-31.8321,3.9084,41.24,In Hand
37300,4.3814,5.0661,7.2760,-2.1832,-36.9466,17.6183,41.24,In Hand
37350,3.1508,4.9943,5.0589,18.7176,-39.0992,42.2137,40.95,In Hand
37400,3.0574,5.0087,4.3431,21.9695,-51.8931,58.1832,40.95,In Hand
37450,3.6081,4.5610,3.9792,-4.3664,-45.4962,76.6260,41.05,In Hand
37500,4.2377,3.7206,4.3574,-24.3053,-29.7405,93.1145,40.91,In Hand
37550,5.4755,1.4054,4.6711,-18.2290,1.6947,105.1603,40.95,In Hand
37600,3.1580,1.8555,5.3295,-14.9618,11.0076,108.2290,41.09,In Hand
37650,5.6886,0.1844,7.4005,-17.5725,21.8473,104.2748,41.05,In Hand
37700,4.3790,-0.0407,7.2065,-13.1603,29.6794,96.9160,41.09,In Hand
37750,6.3542,-1.5826,9.5457,-26.4427,37.9084,82.9924,40.91,In Hand
37800,5.6623,-1.4365,8.6862,-23.9847,38.1069,72.4733,40.91,In Hand
37850,5.3223,-1.8292,11.3964,-39.9542,27.6183,39.8626,41.05,In Hand
37900,8.0804,-3.7302,10.2496,-34.2595,13.8779,32.1679,40.95,In Hand
37950,7.2784,-2.6863,11.5041,-49.2977,3.1756,9.2519,40.77,In Hand
38000,9.5385,-4.8866,10.3142,-44.6260,9.3740,-15.2214,40.95,In Hand
38050,9.0214,-3.5123,10.9966,-46.1985,32.1221,-33.7099,40.95,In Hand
38100,8.6455,-4.2976,10.4842,-39.4504,51.7099,-46.9771,40.77,In Hand
38150,7.3430,-2.7150,10.4459,-46.0000,52.0458,-57.0687,40.95,In Hand
38200,6.9623,-3.8307,8.9783,-10.1069,51.3740,-39.2519,40.91,In Hand
38250,5.6551,-2.3439,9.7803,3.7557,32.0763,-23.2824,41.09,In Hand
38300,5.6671,-2.1859,7.8290,5.9542,9.2824,-4.9008,40.86,In Hand
38350,5.5354,-2.1093,6.6966,7.7099,-4.5496,-0.7176,40.95,In Hand
38400,6.1100,-1.9585,5.7221,-1.2672,-3.4656,1.5725,41.19,In Hand
38450,6.2824,-1.9728,5.3989,-26.5344,4.5496,2.8244,40.95,In Hand
38500,6.2944,-2.5259,5.8921,-47.6336,10.2901,10.6412,41.09,In Hand
38550,5.6719,-2.3894,5.9089,-52.9924,9.5420,9.9084,40.95,In Hand
38600,4.7070,-3.2370,6.8450,-64.9160,-0.8702,-7.3740,40.95,In Hand
38650,4.8195,-3.1292,7.4867,-63.6794,-29.2519,-37.3893,40.95,In Hand
38700,4.9560,-2.2170,8.7364,-77.5115,-52.1069,-67.1908,41.19,In Hand
38750,7.4077,-3.4405,6.7301,-57.2672,-47.1603,-83.7863,40.95,In Hand
38800,7.6878,-3.0430,7.4436,-56.5649,-31.1298,-70.8092,40.72,In Hand
38850,7.3909,-4.9081,8.8753,-76.5038,-8.4885,-71.7863,41.28,In Hand
38900,7.9799,-5.8826,8.0062,-72.9924,7.1908,-59.8779,40.91,In Hand
38950,7.8745,-5.5617,9.1482,-57.3282,14.3817,-31.0534,40.86,In Hand
39000,7.6399,-2.0973,9.3182,-78.1832,7.4809,13.8168,41.09,In Hand
39050,5.2026,-1.2450,7.3933,-129.7557,7.7405,56.3511,41.19,In Hand
39100,5.7174,-4.3263,7.1180,-140.1679,4.5038,51.2214,40.91,In Hand
39150,7.3598,-8.4036,7.4101,-80.4885,12.1069,42.8855,41.05,In Hand
39200,7.7883,-7.8530,8.4372,-12.9618,5.1450,33.4046,40.86,In Hand
39250,8.3366,-7.8099,6.7205,36.6107,6.9618,14.8244,41.05,In Hand
39300,7.7213,-6.7469,6.0334,77.4198,21.2214,-10.5649,41.19,In Hand
39350,8.2911,-6.5888,5.1404,113.5115,38.8550,-20.7481,40.91,In Hand
39400,6.8307,-6.3087,6.4931,146.8702,45.6489,-14.8550,40.95,In Hand
39450,7.2568,-5.3463,6.6008,150.8702,37.6489,1.7863,40.91,In Hand
39500,5.9065,-5.6096,7.4915,156.4275,18.9160,-1.3435,41.19,In Hand
39550,4.9847,-3.4189,6.7540,139.3740,-9.7557,-9.3130,40.95,In Hand
39600,5.1116,-2.1835,6.0454,100.5649,-31.5878,4.2443,40.95,In Hand
39650,4.8602,-1.1061,6.6032,55.5878,-44.2443,12.8092,41.05,In Hand
39700,5.3271,-1.9465,5.1284,4.9771,-41.9084,23.2519,41.05,In Hand
39750,6.0789,-2.0159,6.7445,-38.3969,-42.3206,24.5191,40.58,In Hand
39800,7.4244,-1.6017,6.4452,-87.8779,-28.5802,41.3588,41.28,In Hand
39850,7.5058,-5.3870,9.5744,-136.9618,-41.0382,19.9695,40.91,In Hand
39900,9.4930,-4.0223,7.7812,-161.0687,-39.6947,0.0458,40.86,In Hand
39950,8.0493,-1.9178,5.2170,-180.1679,-12.5802,1.4809,40.95,In Hand
40000,6.9623,-1.8675,5.6575,-213.8321,6.1832,-10.8855,40.72,In Hand
40050,6.8163,-5.6240,5.5569,-190.8092,17.1908,-54.9771,41.09,In Hand
40100,8.3486,-7.0557,4.9464,-133.7405,42.2137,-101.9695,40.91,In Hand
40150,8.0852,-5.2577,4.6495,-82.1527,80.0611,-104.6870,41.09,In Hand
40200,7.3430,-2.8443,5.4013,-62.7786,106.5038,-65.7710,40.77,In Hand
40250,7.0557,-2.8970,6.7828,-46.3206,107.9084,-17.4351,40.77,In Hand
40300,5.8610,-3.2872,7.8697,-22.6412,87.8473,17.4198,40.95,In Hand
40350,5.6838,-2.9353,9.3661,-5.0840,54.0305,44.5496,41.19,In Hand
40400,5.6312,-3.7637,9.0764,26.3359,17.8779,52.4122,41.05,In Hand
40450,5.6240,-5.3798,9.3972,69.3893,-4.2137,44.4885,41.09,In Hand
40500,6.6032,-4.5131,9.0932,102.2137,-21.7863,39.1298,40.86,In Hand
40550,7.2113,-6.1818,8.6838,142.7176,-17.1298,18.1679,40.95,In Hand
40600,9.7324,-7.2496,9.2105,185.6031,8.6565,12.6107,41.19,In Hand
40650,8.3534,-4.2210,10.7667,191.7710,34.2137,14.9466,41.19,In Hand
40700,7.5130,-2.2458,9.6798,146.1374,46.6870,20.8397,40.95,In Hand
40750,6.6894,-2.2913,8.9376,115.8015,57.7710,18.8244,40.77,In Hand
40800,6.1363,-2.8443,9.0453,119.6489,66.4275,18.2443,40.95,In Hand
40850,4.8483,-3.1508,10.6183,128.3053,64.4885,4.9924,40.95,In Hand
40900,4.8123,-1.4413,11.1833,120.4275,40.5649,-14.7176,40.72,In Hand
40950,3.7182,0.0814,9.9024,112.7634,21.5878,-38.4122,40.95,In Hand
41000,4.8291,1.2115,7.8338,111.9847,19.7405,-44.1527,40.86,In Hand
41050,2.9066,3.1340,8.1355,97.3893,25.4351,-47.3740,40.86,In Hand
41100,3.5913,3.8188,6.7397,92.2290,37.9847,-41.2519,40.91,In Hand
41150,2.1524,4.2617,6.0406,80.1221,37.3435,-27.8779,40.95,In Hand
41200,2.0063,5.3750,5.2194,89.1145,39.0687,3.4046,41.19,In Hand
41250,0.8236,7.1443,5.8203,60.3664,20.9466,18.4886,40.72,In Hand
41300,1.6712,6.9432,4.3646,25.6641,9.2519,46.1374,40.91,In Hand
41350,2.4349,6.9001,3.8211,8.0153,11.7405,62.9160,41.05,In Hand
41400,1.3647,7.6758,5.4731,-19.6489,-8.8092,66.2748,40.91,In Hand
41450,3.4836,6.6631,4.9680,-22.4733,-17.5267,73.8626,41.24,In Hand
41500,3.8595,8.0852,6.9121,-13.3588,-21.4809,70.5649,40.77,In Hand
41550,5.0973,6.7924,6.1124,-11.3588,-19.2214,72.0000,40.77,In Hand
41600,6.8546,6.7780,7.1754,-13.1145,6.3206,25.3130,40.77,In Hand
41650,5.5952,6.1411,8.0397,-6.1374,-7.0687,1.3282,41.38,In Hand
41700,5.2241,6.1363,8.8011,3.9847,-34.9618,18.2901,40.91,In Hand
41750,5.4851,5.0063,7.5992,36.5038,-51.6947,28.2137,40.95,In Hand
41800,5.1044,5.2218,6.9168,77.5725,-55.7099,57.2061,40.95,In Hand
41850,5.8634,5.8969,5.6120,99.8626,-66.9618,74.9008,41.05,In Hand
41900,6.2584,6.9623,3.9528,75.4657,-64.7939,45.1298,41.09,In Hand
41950,7.1563,7.8051,1.5897,19.4046,-63.8321,26.7634,40.95,In Hand
42000,9.6079,4.7501,0.6297,-17.5267,-52.5496,8.9313,41.24,In Hand
42050,7.5082,5.9161,2.1644,-2.0000,-22.6870,-8.6107,41.05,In Hand
42100,8.5449,6.9743,1.5586,-19.5420,-0.3511,-20.2443,40.95,In Hand
42150,8.4084,3.8810,1.0463,5.7557,25.1756,-9.4046,40.95,In Hand
42200,8.4396,9.3709,3.1484,-27.1908,44.4275,4.4733,40.95,In Hand
42250,7.2975,5.0542,3.6799,-40.7786,43.1298,25.8779,41.05,In Hand
42300,6.6655,5.6814,4.2641,-15.9237,30.5802,35.8473,40.95,In Hand
42350,7.9128,5.2481,3.6105,-12.7939,47.5115,37.9695,40.95,In Hand
42400,7.5776,4.3718,5.3941,-5.1298,54.0153,3.4656,40.95,In Hand
42450,5.6527,3.6152,7.7500,-23.6336,35.9389,-10.6412,40.67,In Hand
42500,6.4021,3.8642,6.9001,1.2519,26.0458,-37.1298,41.09,In Hand
42550,5.8706,5.6790,6.4212,-25.6336,-10.9466,-49.3282,40.91,In Hand
42600,7.9464,5.3870,3.7541,-18.6107,8.5496,-52.2901,41.05,In Hand
42650,6.1244,8.9974,3.5314,-25.5725,27.5573,-54.3664,40.91,In Hand
42700,4.0534,8.4180,5.5330,-68.9160,39.6947,-5.8015,40.91,In Hand
42750,6.2896,3.4405,5.0805,-67.5573,35.9237,-16.9313,40.86,In Hand
42800,4.2425,6.8785,5.8634,-59.8015,34.3664,-37.3740,41.09,In Hand
42850,5.4133,6.0094,6.3303,-117.1145,32.1832,-49.3893,40.91,In Hand
42900,3.8379,5.0326,7.4986,-147.8321,26.0458,-49.6031,40.91,In Hand
42950,4.2689,4.0151,8.9519,-151.2672,6.6870,-43.3740,40.72,In Hand
43000,5.1332,4.0510,9.1842,-162.4733,-3.4351,-46.7786,40.95,In Hand
43050,6.3039,2.3296,9.9527,-196.3512,0.9771,-63.7099,41.05,In Hand
43100,7.2065,0.9936,8.6048,-250.5038,24.3969,-104.2137,40.95,In Hand
43150,7.8865,-1.5275,6.6463,-233.7405,60.5802,-102.7634,41.05,In Hand
43200,5.7341,-0.9720,5.2768,-253.1298,105.9237,-61.8321,40.91,In Hand
43250,3.7038,-6.1866,5.5043,-240.1527,105.5420,-20.1832,41.09,In Hand
43300,3.4955,-7.4579,5.6383,-228.0153,109.4657,-60.9618,41.19,In Hand
43350,5.1068,-8.6095,4.7597,-189.8473,145.8779,-92.9618,41.05,In Hand
43400,3.9385,-9.0788,4.8698,-179.9847,159.3740,-108.8702,40.91,In Hand
43450,4.1372,-8.3606,3.5458,-176.0458,175.9389,-91.7863,40.95,In Hand
43500,3.2537,-10.2113,3.2657,-143.5420,190.6718,-67.0992,40.95,In Hand
43550,2.4205,-9.1602,1.8483,-116.6260,190.9160,-58.9618,40.72,In Hand
43600,3.1316,-9.3182,0.9577,-102.6565,178.4733,-58.5802,40.91,In Hand
43650,2.5857,-8.8777,0.1006,-95.9695,173.2824,-78.3053,40.91,In Hand
43700,2.3104,-7.6974,0.3472,-100.9618,145.2214,-69.4046,41.19,In Hand
43750,2.9185,-8.6311,-0.2322,-105.0229,127.9237,-56.9466,40.91,In Hand
43800,5.0661,-9.7875,-0.9050,-88.3359,112.5649,-56.1832,40.72,In Hand
43850,6.1244,-10.2855,-0.7350,-58.5191,101.4504,-50.6107,40.91,In Hand
43900,7.9296,-11.2551,-0.9457,-14.9313,72.3359,-62.2901,40.77,In Hand
43950,6.3518,-9.7971,-0.5195,15.0840,67.3282,-90.1985,40.86,In Hand
44000,4.1731,-7.2209,0.2825,27.4809,38.1832,-94.3664,41.05,In Hand
44050,5.5162,-6.6463,1.0798,23.3740,-2.5344,-64.5038,40.95,In Hand
44100,8.9974,-8.3653,0.6009,25.8015,-31.4046,-44.7176,40.67,In Hand
44150,10.6039,-8.4156,-0.0934,42.4733,-13.3588,-40.5038,40.86,In Hand
44200,8.9854,-6.3375,0.3950,30.0763,8.7634,-33.2977,41.05,In Hand
44250,7.0725,-5.0422,1.0295,-7.0840,12.6718,-10.5802,40.91,In Hand
44300,6.6248,-5.6647,1.2186,-31.2214,-2.4733,-0.7023,40.95,In Hand
44350,7.3646,-6.8115,1.0127,-27.9389,-8.0153,-11.0534,40.95,In Hand
44400,8.2384,-7.2951,0.9625,-5.7710,-3.6489,-26.8702,40.72,In Hand
44450,7.5968,-7.2640,1.1708,16.7176,-3.8931,-36.9924,41.09,In Hand
44500,8.4108,-7.0318,0.8021,35.1298,-6.3511,-51.8626,40.72,In Hand
44550,7.8865,-6.1004,1.3360,31.7863,-0.4733,-62.0305,40.86,In Hand
44600,7.9895,-5.8131,1.7071,17.6489,-9.7252,-61.7252,40.86,In Hand
44650,8.8131,-6.4787,2.2649,17.3435,-15.7557,-54.0000,40.91,In Hand
44700,8.5042,-6.1411,1.4102,42.0000,-22.4733,-37.4504,41.19,In Hand
44750,11.4730,-6.8259,1.1923,79.9389,-19.4962,-26.3511,41.05,In Hand
44800,9.6726,-6.3135,1.4605,104.8397,-33.7252,-20.3969,40.95,In Hand
44850,7.6638,-5.2337,0.8739,114.4275,-43.3282,-41.6336,41.05,In Hand
44900,6.3231,-3.3615,1.0199,100.6870,-55.2061,-52.6870,40.86,In Hand
44950,7.7333,-4.0965,0.0670,99.8626,-73.1145,-48.1985,40.91,In Hand
45000,9.3422,-4.6615,-0.5722,126.5343,-69.5725,-14.1832,40.77,In Hand
45050,9.4092,-3.9193,-0.7302,163.5878,-68.2901,35.5725,41.24,In Hand
45100,10.1706,-2.7869,-1.5682,185.6031,-53.8626,83.8168,41.09,In Hand
45150,9.7492,-3.0981,-1.3216,179.6794,-31.5725,109.2977,41.19,In Hand
45200,10.8433,-3.3782,-1.9728,179.0382,-2.8092,105.0687,40.91,In Hand
45250,9.1770,-1.8866,-0.7590,153.9237,4.9771,89.5725,41.19,In Hand
45300,9.0477,-3.5291,-0.9697,121.5573,-0.9008,56.3817,40.72,In Hand
45350,7.9487,-1.6089,0.0958,87.3893,-10.9466,29.8779,40.95,In Hand
45400,9.3302,-3.0406,1.1037,45.7252,-43.6641,13.6031,40.72,In Hand
45450,9.6941,-2.9018,0.3208,5.0076,-65.2977,-0.1985,40.95,In Hand
45500,8.1283,-2.2242,0.3376,-30.8855,-67.8168,-13.4962,40.91,In Hand
45550,8.7221,-2.4756,-0.4477,-49.2366,-52.3359,-5.9695,40.95,In Hand
45600,11.3844,-4.1851,-1.7358,-37.6031,-23.8626,21.1603,40.91,In Hand
45650,12.5959,-5.6479,-1.6520,-18.6260,5.8015,37.9084,40.91,In Hand
45700,11.3772,-5.6743,-0.7997,-19.7252,28.9771,10.3817,40.77,In Hand
45750,8.7484,-4.4053,0.0718,-38.9160,34.1679,-32.0763,40.95,In Hand
45800,8.0230,-3.6081,0.2059,-54.7786,26.7176,-45.6489,40.95,In Hand
45850,8.7867,-4.0175,-0.1341,-51.8015,20.6412,-30.9313,40.95,In Hand
45900,9.4451,-4.6280,-0.1796,-39.9084,13.4962,-13.3740,41.09,In Hand
45950,10.4818,-5.1236,-0.5339,-32.0458,14.2137,-9.9084,41.05,In Hand
46000,10.5489,-5.4731,-0.6201,-32.0763,24.6107,-22.6718,41.09,In Hand
46050,9.0573,-4.8483,0.1221,-36.0153,25.7252,-46.3053,40.86,In Hand
46100,8.6622,-4.2306,0.5171,-39.8626,10.2137,-53.2214,41.05,In Hand
46150,8.9830,-4.0989,0.3256,-39.4809,0.6260,-51.2061,40.91,In Hand
46200,10.1011,-3.8331,-0.0335,-47.7405,3.2519,-36.0611,40.67,In Hand
46250,11.1929,-3.6966,-0.2825,-61.1298,9.1756,-13.9542,40.72,In Hand
46300,10.0580,-3.5027,-0.0239,-71.8015,30.7634,-2.0305,40.95,In Hand
46350,9.4236,-3.4261,0.3400,-87.2519,29.9237,9.7557,41.09,In Hand
46400,9.4020,-4.1108,-0.0335,-83.5878,34.6718,18.3359,40.95,In Hand
46450,8.0900,-3.9863,0.8332,-81.7252,26.3511,16.6870,40.91,In Hand
46500,7.6854,-3.6392,0.3567,-80.5802,19.7710,13.9084,40.95,In Hand
46550,7.7548,-3.9145,0.7853,-65.7099,9.2061,19.6183,41.09,In Hand
46600,8.4515,-4.6424,-0.0407,-44.6260,-10.1221,31.4809,41.05,In Hand
46650,8.5329,-4.1683,0.2897,-18.2748,-13.4962,43.3435,40.86,In Hand
46700,8.5665,-3.9696,0.2490,-5.1298,-23.6336,59.0076,40.95,In Hand
46750,9.0309,-4.2282,0.2131,6.9008,-27.3740,67.6489,40.95,In Hand
46800,8.7604,-3.8618,0.3304,9.0534,-33.0687,65.4198,40.86,In Hand
46850,8.7915,-4.0773,0.2897,6.3359,-30.4122,47.5115,40.95,In Hand
46900,9.1243,-4.4915,0.2969,4.9924,-18.0458,23.6183,40.95,In Hand
46950,8.9950,-4.3167,0.4764,8.7786,-7.3282,-4.5649,40.91,In Hand
47000,9.2296,-4.3431,-0.2658,3.8626,0.5496,-31.1908,40.95,In Hand
47050,9.2344,-4.4173,-0.3065,-9.3130,4.9160,-51.3588,40.95,In Hand
47100,9.0309,-4.2976,-0.3663,-23.7863,9.1908,-64.8550,40.86,In Hand
47150,9.2512,-4.3335,-0.4597,-26.4122,21.8779,-70.3664,41.05,In Hand
47200,9.3901,-4.3335,0.0383,-14.9160,26.8550,-63.6031,40.77,In Hand
47250,9.2368,-4.3311,-0.4214,5.7710,21.7099,-49.1756,41.05,In Hand
47300,8.9950,-3.9624,-0.2322,15.2366,14.7481,-30.6718,40.95,In Hand
47350,9.1339,-2.8012,-0.4908,10.9618,5.1603,-10.4733,40.95,In Hand
47400,9.2416,-3.4453,-0.4429,6.0611,-3.6183,5.3435,41.05,In Hand
47450,9.2751,-3.5338,-0.4621,-1.9084,-0.9771,17.9237,41.09,In Hand
47500,9.4332,-3.7110,-0.3615,-10.0916,0.7939,24.5191,40.72,In Hand
47550,9.1482,-4.0079,0.0072,-15.2977,-3.7557,26.9618,41.09,In Hand
47600,9.1339,-4.1300,0.1317,-14.2137,-7.9542,28.6565,40.95,In Hand
47650,9.3565,-4.7860,-0.0575,-4.8702,-5.4809,26.5954,40.95,In Hand
47700,9.7348,-4.8866,-0.0479,8.3969,0.2137,30.3817,41.09,In Hand
47750,9.4786,-4.4772,-0.1221,21.5878,19.1298,34.3664,40.95,In Hand
47800,9.4092,-4.4724,0.1317,28.5038,33.7863,36.2137,40.95,In Hand
47850,9.2320,-4.3790,0.4334,27.2214,35.8321,37.6031,40.95,In Hand
47900,9.3637,-4.1084,0.2203,16.0763,37.3130,36.2748,40.91,In Hand
47950,9.6774,-4.1084,0.6345,-2.1527,33.6489,32.5344,40.91,In Hand
48000,8.9926,-3.7397,0.9601,-29.6031,24.9771,27.2824,40.77,In Hand
48050,10.2376,-4.5322,0.4453,-63.8779,31.9695,8.9160,40.95,In Hand
48100,9.8114,-3.8451,0.3424,-110.1527,55.1145,-0.1985,41.19,In Hand
48150,8.9040,-3.7781,-0.4166,-150.9313,74.0916,13.0687,40.95,In Hand
48200,7.8817,-4.7405,-0.4381,-168.1985,86.2137,27.3588,41.05,In Hand
48250,6.9528,-6.3015,-0.6416,-157.9695,76.4733,35.6794,40.91,In Hand
48300,6.6032,-6.4548,-0.4405,-125.0840,55.7252,37.7863,40.95,In Hand
48350,6.6559,-6.5625,-0.1867,-92.2901,35.6489,33.2061,40.86,In Hand
48400,7.0533,-6.6367,-0.0910,-60.4733,19.4809,23.4962,41.19,In Hand
48450,7.6567,-6.1723,-0.6369,-36.4122,18.7939,7.2824,41.24,In Hand
48500,7.8506,-5.8778,-0.6225,-22.0153,30.1985,-9.3282,41.19,In Hand
48550,7.9895,-5.0661,-0.5746,-19.1908,36.5649,-15.3282,41.19,In Hand
48600,8.1666,-4.9632,-0.6321,-25.5878,48.4275,-17.5267,40.95,In Hand
48650,7.9727,-5.0206,-0.3184,-32.9313,52.5344,-17.2214,41.09,In Hand
48700,8.1451,-4.9895,-0.5076,-33.3282,51.1908,-20.0916,40.91,In Hand
48750,8.8107,-5.8897,-0.6297,-38.0763,54.6718,-31.9695,40.95,In Hand
48800,9.1842,-6.7133,-0.3184,-40.4275,55.9695,-51.8321,40.86,In Hand
48850,8.2839,-6.5338,0.2227,-28.0000,46.7939,-58.8702,41.09,In Hand
48900,7.9511,-6.3925,0.1891,-8.3206,32.9771,-52.3206,40.95,In Hand
48950,7.9080,-5.9711,0.4525,13.1145,15.4809,-38.2901,40.67,In Hand
49000,8.3965,-5.5402,-0.0527,30.3359,6.5038,-21.8626,40.86,In Hand
49050,8.2959,-5.4085,-0.1628,48.1985,6.4122,-10.3817,41.09,In Hand
49100,8.1690,-5.3439,-0.1987,63.3282,7.3130,0.9160,40.77,In Hand
49150,8.3007,-5.8610,0.7685,81.3282,-10.6260,1.1908,40.77,In Hand
49200,8.6287,-5.6431,-0.3304,103.5267,-15.8015,11.8321,41.09,In Hand
49250,9.6774,-5.7676,0.1628,111.9237,-22.3511,11.8626,40.91,In Hand
49300,8.3653,-5.2433,0.2107,115.8168,-43.4656,5.9695,40.95,In Hand
49350,8.3007,-4.7118,0.1748,115.1450,-53.2824,-3.2672,40.67,In Hand
49400,8.5784,-4.1994,-0.2227,112.3206,-69.5115,-0.3664,40.95,In Hand
49450,8.8969,-4.5633,-2.5690,120.2137,-70.6718,4.2290,40.77,In Hand
49500,9.1291,-3.6583,-0.6680,134.6412,-80.5649,-6.8397,40.86,In Hand
49550,9.6295,-2.0063,-0.9768,82.6870,-115.9084,-2.0458,41.05,In Hand
49600,10.0485,-0.3759,-2.1500,-0.5954,-80.4733,-0.0916,40.72,In Hand
49650,8.3151,-0.2107,-0.2227,-80.0611,-76.0916,-5.2061,40.91,In Hand
49700,10.6590,-2.6695,-3.2537,-124.7786,-60.9160,-15.8015,40.91,In Hand
49750,10.4148,-3.3567,-2.2984,-122.6870,-12.0305,-26.9160,41.05,In Hand
49800,9.9838,-2.4900,-0.8164,-122.7328,-20.2748,-20.1985,41.05,In Hand
49850,9.8354,-3.8379,-2.0686,-90.9466,10.4733,17.3282,40.91,In Hand
49900,9.6702,-3.7302,-1.3048,-51.0076,30.3511,36.9160,41.05,In Hand
49950,10.6183,-4.6328,-1.5850,-10.0305,42.5954,59.9542,40.77,In Hand
50000,9.3087,-3.5817,-0.5938,21.4962,52.9771,61.2519,40.91,In Hand
50050,10.2376,-2.9808,-0.2107,33.2061,59.6489,60.2443,40.95,In Hand
50100,9.2105,-3.4668,0.5459,33.3893,45.0076,69.0382,40.95,In Hand
50150,9.0597,-2.8898,0.3089,28.4580,27.5420,54.7176,40.77,In Hand
50200,9.0381,-4.2593,0.4884,16.7481,9.9389,30.9618,41.05,In Hand
50250,8.6263,-5.2002,0.2753,7.1908,-14.0000,-19.4656,41.05,In Hand
50300,9.1099,-3.9983,-0.1532,6.4275,-22.3664,-36.0153,40.95,In Hand
50350,9.2751,-4.6974,-0.2777,5.1450,-25.1603,-58.4122,41.05,In Hand
50400,9.0453,-3.3016,-0.2586,8.8397,-21.7405,-66.1985,40.95,In Hand
50450,8.8992,-3.4213,-0.1891,15.8779,-23.1756,-42.7481,40.91,In Hand
50500,9.5744,-3.5171,-0.7230,24.7023,-12.4733,-22.5344,40.86,In Hand
50550,9.4667,-2.7581,-0.3065,21.7557,-2.8550,1.7099,41.09,In Hand
50600,11.3365,-4.5059,-2.2146,3.9542,14.1985,5.3435,40.86,In Hand
50650,9.2273,-2.7318,-0.2251,-13.0840,15.5420,9.6794,40.86,In Hand
50700,8.3294,-3.7134,0.2849,-26.8397,-9.3588,11.6641,41.05,In Hand
50750,9.0166,-3.0382,-0.5291,-24.5191,-11.0840,12.9313,40.86,In Hand
50800,9.4499,-4.4197,-0.2801,-15.2366,-7.7405,22.8550,40.86,In Hand
50850,9.3925,-4.4412,-0.4381,5.5573,-3.4504,18.5344,40.91,In Hand
50900,9.7085,-4.7070,-0.4501,24.2290,4.6565,14.8855,40.91,In Hand
50950,9.8258,-4.3694,0.0575,32.7786,4.3359,7.9389,40.86,In Hand
51000,9.1842,-4.2713,-0.0766,33.1145,-11.3435,8.3969,41.24,In Hand
51050,9.1435,-3.4046,-0.5195,43.2366,0.3206,3.0687,40.91,In Hand
51100,9.7181,-3.3686,-0.3424,43.2214,3.0687,5.6336,40.77,In Hand
51150,9.6678,-3.3615,-0.6033,43.0229,20.5344,5.4504,40.72,In Hand
51200,9.4451,-3.2274,-0.2394,32.1527,29.9084,-1.4656,41.09,In Hand
51250,9.2823,-3.2226,-0.0048,15.7863,28.9924,-7.5878,41.05,In Hand
51300,9.0405,-3.4477,0.1293,0.9008,23.3588,-9.2214,41.05,In Hand
51350,8.9423,-3.8882,0.0287,-5.2824,13.4504,-12.8855,40.95,In Hand
51400,8.7724,-3.5793,0.2179,-8.9618,3.0687,-10.3817,40.95,In Hand
51450,8.7077,-3.8642,0.2658,-9.2672,-7.9695,-8.2595,40.95,In Hand
51500,8.8897,-3.7565,0.2322,-9.3893,-19.9542,-7.6183,40.95,In Hand
51550,9.2775,-3.8978,-0.1269,-8.0000,-24.9008,-4.4427,40.72,In Hand
51600,9.2153,-3.7852,0.0239,-9.9237,-26.0611,-4.7634,40.77,In Hand
51650,9.0644,-3.6583,0.1053,-14.5802,-31.2366,-0.2901,41.38,In Hand
51700,9.3757,-3.7781,-0.1341,-15.9084,-28.5954,2.9008,40.91,In Hand
51750,9.2009,-3.7254,-0.0287,-13.8168,-20.7634,4.2901,41.09,In Hand
51800,10.2137,-4.1228,-0.5842,-13.1908,-9.5115,1.1145,40.95,In Hand
51850,8.6814,-3.0191,0.4549,-27.0229,-8.9313,-3.2214,40.95,In Hand
51900,9.4523,-3.0813,-0.3496,-45.0687,-16.1679,4.7939,40.91,In Hand
51950,9.6654,-4.6376,-0.5459,-36.0916,-1.0840,7.2519,41.09,In Hand
52000,9.9431,-4.5442,-0.5650,-22.0000,4.7481,6.9008,40.72,In Hand
52050,9.2799,-4.1827,-0.3663,-3.1756,15.0992,2.2901,40.95,In Hand
52100,8.7724,-3.6248,-0.1508,1.4809,5.0992,1.3130,40.91,In Hand
52150,9.8354,-3.9887,-0.8571,10.1374,18.0458,-1.2977,40.91,In Hand
52200,9.0644,-3.7326,-0.3136,13.7099,22.0305,2.2748,40.91,In Hand
52250,9.8067,-4.4700,-0.8452,22.2290,25.9389,1.8015,40.95,In Hand
52300,8.9064,-3.3423,-0.2035,29.1145,29.7557,6.1221,40.95,In Hand
52350,9.3063,-4.0294,-0.3376,29.4962,26.7023,6.0763,41.05,In Hand
52400,8.9232,-3.1125,-0.0383,19.8931,21.2214,6.5802,41.19,In Hand
52450,9.1889,-3.6871,0.0431,6.8397,12.9771,5.3130,40.86,In Hand
52500,8.8107,-3.4261,0.1460,-1.3130,7.7557,2.6107,40.91,In Hand
52550,9.1363,-3.9552,0.1724,-7.1603,-2.4427,3.1603,40.91,In Hand
52600,8.8801,-3.7685,0.2155,-7.8321,-9.1756,1.9389,40.95,In Hand
52650,8.9328,-3.8618,0.2059,-7.4656,-15.8321,3.8473,40.86,In Hand
52700,9.2392,-4.1156,0.0359,-2.7176,-16.7634,1.9084,40.77,In Hand
52750,8.9112,-3.6320,0.1437,-2.9313,-18.1069,-0.2443,40.86,In Hand
52800,9.3111,-4.0582,-0.0096,-5.1450,-17.9847,-3.1450,40.95,In Hand
52850,9.3206,-3.9097,0.0096,-8.5038,-16.5802,-5.9695,40.91,In Hand
52900,9.4140,-4.1563,-0.0215,-10.9618,-17.1756,-8.0458,40.77,In Hand
52950,9.3709,-3.9193,-0.0742,-10.0611,-13.5878,-10.2443,41.19,In Hand
53000,9.3015,-4.0845,-0.0527,-9.1145,-12.0305,-7.1756,41.05,In Hand
53050,9.4834,-4.0654,-0.2155,-7.2214,-8.7634,-6.7939,40.86,In Hand
53100,9.1818,-3.9959,-0.1484,-6.7634,-6.2137,-3.3130,40.95,In Hand
53150,9.6654,-4.1875,-0.3136,-0.7634,1.4504,-1.4351,40.95,In Hand
53200,9.3111,-3.7134,-0.2251,1.5725,7.7099,1.3740,41.09,In Hand
53250,9.4810,-3.9672,-0.2777,0.0153,13.2214,4.2901,41.09,In Hand
53300,9.1291,-3.8259,-0.1389,-0.4580,13.4504,5.2061,40.91,In Hand
53350,9.2823,-3.9504,-0.1844,-0.2901,13.7405,6.0916,41.09,In Hand
53400,9.0764,-3.9265,-0.1580,-0.8397,12.7023,6.4427,40.91,In Hand
53450,9.1363,-4.0366,-0.0575,2.9618,10.5038,6.6260,40.77,In Hand
53500,9.0908,-3.9600,-0.0910,4.7939,9.1145,4.6412,41.05,In Hand
53550,8.9711,-3.8618,0.0192,3.9084,7.9695,3.3282,41.19,In Hand
53600,9.0644,-3.8834,-0.1077,3.6336,6.0305,2.2748,40.91,In Hand
53650,9.1028,-3.9121,-0.0431,0.4122,4.7481,-0.8244,40.77,In Hand
53700,9.1554,-3.9480,-0.0670,-4.2901,2.0153,-0.3206,40.86,In Hand
53750,9.1051,-3.9648,0.1125,-4.7786,-0.6718,-0.4885,41.05,In Hand
53800,8.9830,-3.9433,0.1269,-6.2748,-5.1908,0.9008,40.77,In Hand
53850,9.1602,-4.0941,0.0814,-5.6489,-8.2443,1.6031,41.09,In Hand
53900,9.1291,-4.0151,0.0694,-4.9618,-9.6031,1.3893,40.91,In Hand
53950,9.3278,-3.9816,0.0790,-5.4351,-10.3969,1.6183,41.05,In Hand
54000,9.3158,-4.0701,0.1341,-5.5573,-6.0153,1.7863,41.09,In Hand
54050,9.2009,-3.9648,0.5028,-7.8779,-6.5038,4.4122,41.19,In Hand
54100,9.7588,-4.3910,0.0335,-7.8931,-0.3817,1.4198,40.95,In Hand
54150,9.4092,-3.7637,0.8332,-6.0611,6.6565,6.8244,40.95,In Hand
54200,8.8801,-4.6926,1.5443,-5.2366,6.2290,3.7405,40.77,In Hand
54250,9.3374,-6.0358,0.6416,22.8702,4.4122,-0.5496,40.86,In Hand
54300,8.6862,-4.9440,1.7885,48.2443,-18.0153,-8.8855,40.77,In Hand
54350,9.7324,-5.2457,0.9744,60.9008,-21.2214,-6.6412,40.77,In Hand
54400,10.3645,-5.5522,0.9266,72.9618,1.7710,-19.1450,40.91,In Hand
54450,9.9192,-5.1834,1.3886,86.4885,12.6107,-14.9466,40.77,In Hand
54500,9.8521,-5.2098,1.5275,93.5115,17.0687,-22.1221,40.86,In Hand
54550,10.2903,-5.0949,1.4317,94.3817,27.9084,-23.1145,40.86,In Hand
54600,9.9072,-4.5514,1.9273,83.2519,38.7939,-4.2137,40.95,In Hand
54650,9.6438,-4.3120,2.6456,60.1985,49.3282,8.8092,40.95,In Hand
54700,9.1530,-4.3862,3.4189,48.5954,55.6183,30.6718,40.95,In Hand
54750,9.0094,-5.3247,3.8810,45.4046,46.3664,36.0611,41.05,In Hand
54800,8.7364,-5.7940,4.0127,62.9618,41.1603,31.1603,41.09,In Hand
54850,8.8633,-5.8802,4.8435,85.6183,37.3435,35.0076,40.72,In Hand
54900,8.9974,-5.9424,5.4085,102.3511,35.3130,42.3817,40.77,In Hand
54950,9.3278,-5.5498,5.5067,117.8473,43.6641,56.0611,40.95,In Hand
55000,8.9208,-4.3551,5.9017,111.4962,57.0076,72.6107,40.86,In Hand
55050,7.8841,-4.1994,6.6990,92.6260,60.6412,63.5878,40.95,In Hand
55100,7.4723,-3.8618,6.5673,91.4809,61.8168,69.1756,40.91,In Hand
55150,6.7780,-3.8762,7.4124,104.2137,56.6107,54.9924,40.91,In Hand
55200,6.6343,-2.0470,6.5697,110.0000,62.2901,51.9847,40.91,In Hand
55250,5.9687,-1.7382,7.4555,94.3359,69.4657,43.2061,41.19,In Hand
55300,4.9799,-1.0295,6.6894,103.0534,62.6718,34.3817,41.19,In Hand
55350,4.6112,1.0942,6.6248,91.6947,46.3511,33.9084,40.91,In Hand
55400,3.4333,0.8595,7.0749,76.5343,21.6336,21.8168,41.05,In Hand
55450,3.4453,1.6233,7.3454,79.2366,15.7405,13.1145,40.72,In Hand
55500,3.1747,1.4653,8.2648,72.4885,7.6183,19.0076,40.67,In Hand
55550,3.1053,3.1891,8.6119,65.4046,-1.8473,10.4885,41.09,In Hand
55600,3.9792,4.6663,8.4156,31.8779,4.8550,14.2443,40.86,In Hand
55650,2.9305,3.4860,8.9280,21.1603,0.3359,1.2672,40.95,In Hand
55700,3.7062,3.7685,8.5736,26.9924,-14.9313,1.6336,40.95,In Hand
55750,4.0630,3.9863,8.4994,3.4046,-12.9618,11.5115,40.91,In Hand
55800,4.2832,3.9097,8.8059,3.4504,-5.3893,7.4809,40.95,In Hand
55850,3.2609,3.0550,9.8713,4.8550,-21.1908,5.4351,40.86,In Hand
55900,3.9648,3.3806,9.4595,8.1069,-13.3282,8.5649,40.95,In Hand
55950,3.9911,3.2825,9.5696,6.7328,-9.7252,8.3206,40.72,In Hand
56000,4.6017,3.0287,9.4020,21.3282,-8.3053,1.8321,40.77,In Hand
56050,4.2306,4.1180,9.0956,25.0992,0.7328,-1.6336,40.86,In Hand
56100,4.2497,4.7214,9.0285,12.9771,-0.2595,-4.9313,40.77,In Hand
56150,4.5586,4.5035,8.7412,5.8626,1.6183,1.3435,40.72,In Hand
56200,4.3311,4.0462,8.8346,-5.0076,9.9237,1.6947,40.91,In Hand
56250,4.2737,4.0558,8.8897,2.7023,10.9771,4.7786,40.91,In Hand
56300,4.0893,4.0438,8.9902,1.5115,6.4122,4.3053,40.95,In Hand
56350,4.2784,4.4293,9.1028,-3.2672,2.8397,1.4809,40.95,In Hand
56400,2.6624,3.1316,8.7915,3.3435,-2.3511,0.4275,40.95,In Hand
56450,3.4884,2.9401,8.6933,20.6260,-18.0153,-5.3740,40.95,In Hand
56500,4.6208,5.7269,9.3230,25.6794,-18.2290,-3.5420,40.95,In Hand
56550,5.6551,5.4253,8.9328,-21.9389,21.4656,-17.3130,41.05,In Hand
56600,3.5171,3.5865,8.8753,-1.8779,5.8931,-23.7557,40.77,In Hand
56650,3.9097,4.9823,8.9399,-6.6412,11.6489,-21.0992,40.72,In Hand
56700,3.2441,4.1707,9.2177,-6.5802,9.1298,-18.3664,41.05,In Hand
56750,3.3710,4.9991,8.7173,-2.4580,6.4733,-9.0840,40.95,In Hand
56800,4.3383,4.1922,9.2416,-8.1832,14.7939,-7.7863,40.95,In Hand
56850,3.4740,4.1707,9.0453,22.8702,7.7099,-15.2672,40.91,In Hand
56900,3.4453,5.7054,8.6718,9.7099,8.9924,-15.6489,41.05,In Hand
56950,3.6464,5.6264,8.3869,-12.1832,3.4656,-4.3817,40.91,In Hand
57000,2.9856,4.5705,9.0908,-16.3206,5.0534,4.5191,40.91,In Hand
57050,3.0550,3.8666,9.1099,-4.6565,4.4427,2.3817,40.95,In Hand
57100,2.7126,4.3742,9.0644,3.6947,11.5420,-6.5496,41.09,In Hand
57150,3.0909,4.2425,9.5768,5.3740,10.9313,-11.4656,41.05,In Hand
57200,3.3974,4.9823,9.5002,23.5267,19.8168,-11.6336,40.95,In Hand
57250,3.2274,5.2792,9.3685,21.7099,27.0076,-12.5038,40.95,In Hand
57300,2.0231,4.0845,9.1818,34.0153,27.0076,-23.8473,40.91,In Hand
57350,2.7078,5.8897,7.6375,58.8550,49.0840,-21.9084,40.86,In Hand
57400,1.6664,6.5601,7.2568,58.8092,50.4122,-18.4275,41.09,In Hand
57450,0.1748,6.6798,7.0533,29.0992,65.7710,-44.6718,40.77,In Hand
57500,0.0407,6.4308,6.9695,21.4046,56.9313,-68.9008,40.86,In Hand
57550,-2.1811,8.8418,8.3773,-20.9313,26.8092,-20.6565,40.91,In Hand
57600,-1.4006,6.5122,8.2145,-23.5573,4.5038,-4.8244,40.91,In Hand
57650,0.5363,4.1922,8.3294,6.0458,-9.8168,-11.1603,41.09,In Hand
57700,0.3017,5.8395,8.3629,18.7023,-5.7099,-13.8779,41.05,In Hand
57750,1.4245,8.5712,6.9025,49.1145,11.6031,-9.2977,41.24,In Hand
57800,-1.2067,9.5098,7.2353,16.2901,29.6489,6.4885,40.95,In Hand
57850,-1.0846,6.3973,7.3789,-1.6183,10.4275,18.9771,40.86,In Hand
57900,-1.9585,7.1251,8.7484,-16.7328,-24.7328,-16.1374,40.95,In Hand
57950,-2.6264,4.7621,10.2328,-6.1221,-63.3282,-23.4962,40.95,In Hand
58000,1.1277,5.7988,7.2257,6.0153,-63.7710,-64.5954,41.09,In Hand
58050,0.2945,6.1100,8.1283,43.2214,-27.9237,-71.4962,40.91,In Hand
58100,-0.9385,8.5497,8.8945,28.8244,-68.5496,-91.8473,40.95,In Hand
58150,-1.7526,8.1570,6.5027,24.5954,-44.4733,-79.2824,41.24,In Hand
58200,-2.4397,9.4571,4.7238,24.7786,-46.5496,-18.5802,41.19,In Hand
58250,-6.3997,5.7604,7.6088,-12.0916,-31.9847,-14.3969,40.91,In Hand
58300,-1.9896,7.0653,8.9064,12.5344,-45.4809,-29.5114,41.19,In Hand
58350,-0.5291,7.4436,8.7412,15.0687,-66.4733,-38.5038,40.95,In Hand
58400,0.4214,7.5561,7.7357,15.1450,-83.1145,-49.2366,41.05,In Hand
58450,-1.5706,5.1691,6.6056,1.5573,-77.5573,-79.6641,40.77,In Hand
58500,-1.5658,8.9208,7.5657,-5.7863,-106.6565,-78.4885,40.95,In Hand
58550,-0.0192,8.6000,7.1227,-19.4351,-116.3969,-64.5802,40.95,In Hand
58600,0.6177,5.8179,5.3463,-12.1221,-120.5649,-75.0840,41.05,In Hand
58650,0.7494,6.2369,5.9041,15.7099,-91.7863,-77.8779,40.91,In Hand
58700,1.1779,8.6622,5.1044,23.6183,-61.2061,-68.5954,40.91,In Hand
58750,0.1700,9.5792,5.4444,27.0840,-35.4351,-30.0458,40.95,In Hand
58800,-0.1006,8.8705,6.3973,17.7405,-20.0611,-8.4427,41.05,In Hand
58850,-0.8787,7.4460,7.2712,10.6260,-26.3664,-7.0840,40.95,In Hand
58900,-0.1652,7.7093,7.3861,14.3511,-26.9160,-12.3359,40.86,In Hand
58950,0.2322,8.0780,6.7301,22.6565,-27.6336,-19.5420,40.72,In Hand
59000,0.8380,8.8442,5.9783,17.4046,-25.8473,-20.0763,41.19,In Hand
59050,0.2394,9.5289,5.7509,2.6260,-27.6947,-27.1298,40.91,In Hand
59100,-0.4166,9.2871,5.8586,-18.7176,-29.4198,-27.9084,41.19,In Hand
59150,-0.0934,8.4036,6.2297,-29.7557,-30.7634,-20.7939,40.95,In Hand
59200,0.0670,7.5346,6.7852,-31.5114,-32.6718,-16.3359,40.77,In Hand
59250,0.5986,7.4124,7.1611,-31.5114,-30.3206,-9.2366,40.95,In Hand
59300,0.5938,6.9743,7.4460,-23.7710,-27.3282,-8.1985,40.91,In Hand
59350,0.3974,7.8195,7.8434,-23.8321,-25.6336,-1.0992,41.24,In Hand
59400,0.7087,7.2808,5.8778,-31.0840,-27.6489,13.0534,41.05,In Hand
59450,0.8404,7.6016,7.3598,-56.5344,-28.4122,21.6336,41.05,In Hand
59500,1.8124,5.8634,7.8290,-60.8244,-36.6718,26.2595,40.91,In Hand
59550,1.6400,5.9568,9.1411,-45.4962,-40.1832,4.6412,40.95,In Hand
59600,1.8914,5.1404,8.9807,-14.1985,-28.0458,-1.6336,40.91,In Hand
59650,0.8428,6.4404,7.0797,-22.9618,-42.2595,-14.2443,40.77,In Hand
59700,1.8340,5.4253,8.4300,-30.2748,-45.8321,-19.3588,40.77,In Hand
59750,2.9401,6.1531,7.5130,-20.5191,-42.9924,-16.1679,41.05,In Hand
59800,1.9154,6.3518,8.4180,-34.2748,-51.1756,-15.8321,41.05,In Hand
59850,2.0327,5.2433,8.6838,-41.3893,-69.2977,-26.7481,41.19,In Hand
59900,2.6743,4.2713,8.0900,-27.2519,-76.4427,-41.4046,40.91,In Hand
59950,3.0765,3.4261,7.9392,3.6641,-84.2748,-47.8168,41.19,In Hand
60000,2.5355,3.7948,8.8274,23.5267,-101.6031,-59.1756,40.86,In Hand
60050,3.8810,6.5122,7.3478,17.6641,-114.8702,-73.0382,41.05,In Hand
60100,5.3654,5.7772,5.7892,19.7099,-92.8092,-68.7481,40.95,In Hand
60150,5.0996,5.8227,6.6367,35.4351,-75.0840,-61.3130,41.05,In Hand
60200,5.0637,7.6375,5.8802,47.5115,-71.0229,-63.5420,40.91,In Hand
60250,5.3606,7.9823,5.4516,43.5878,-65.8015,-48.4885,40.91,In Hand
60300,5.5378,7.2281,2.6240,28.3664,-43.0992,-62.2748,40.95,In Hand
60350,4.6448,7.4891,4.8650,37.7252,-34.4885,-77.7252,40.91,In Hand
60400,5.1188,11.0253,3.5913,51.1908,-21.5267,-49.8473,41.05,In Hand
60450,3.2705,10.1754,4.7812,11.2366,-30.0458,-37.4046,40.86,In Hand
60500,4.0127,8.3342,4.5657,-0.7328,-28.3817,-46.2137,40.91,In Hand
60550,2.8323,9.3470,3.9121,-2.0305,-37.2977,-32.2595,41.09,In Hand
60600,2.6456,8.3989,3.5793,1.9237,-32.8702,-34.8244,41.09,In Hand
60650,2.9257,7.9152,2.5690,14.9466,-1.0229,-23.3130,40.72,In Hand
60700,4.5538,8.5497,1.3048,4.6565,-1.4962,-22.0916,40.95,In Hand
60750,2.3774,7.9248,2.2146,-7.6947,7.3435,-29.8626,41.28,In Hand
60800,0.1125,9.3134,2.9904,10.8397,-19.5573,-2.0458,40.95,In Hand
60850,2.0973,11.1857,2.2577,-18.9466,-6.9160,7.8931,40.77,In Hand
60900,1.4341,9.9216,4.0534,-66.2137,28.2290,33.8015,41.05,In Hand
60950,0.0359,7.0749,4.5394,1.0992,25.3588,63.1908,41.09,In Hand
61000,2.7461,9.0333,2.7366,40.1221,27.6641,48.6718,40.95,In Hand
61050,5.3582,9.9766,3.0047,33.6794,23.6794,24.7939,40.95,In Hand
61100,3.6823,9.2656,1.7358,11.1908,12.7634,3.3130,41.24,In Hand
61150,2.9185,10.0868,2.3703,-4.3206,11.3435,4.1069,40.86,In Hand
61200,4.4341,9.8593,4.0845,-16.9313,17.1450,11.8931,40.77,In Hand
61250,3.5003,7.5896,4.3934,-25.8931,58.7939,35.2977,41.19,In Hand
61300,2.6935,8.0421,4.9704,34.2595,59.3435,40.2137,40.95,In Hand
61350,3.9624,9.1363,3.9816,81.7099,52.5344,28.7634,40.91,In Hand
61400,4.4197,11.6574,1.9632,65.4809,55.2977,15.6031,41.19,In Hand
61450,4.6950,10.0796,1.5945,-7.0382,61.7405,-27.5725,41.05,In Hand
61500,3.8571,8.8801,2.0806,-8.5344,70.9924,-37.5573,41.05,In Hand
61550,3.9169,10.6087,1.8292,8.2901,89.5115,-51.5115,40.91,In Hand
61600,1.5969,8.4922,5.3079,38.6107,85.8321,-17.0687,41.05,In Hand
61650,1.8364,9.4212,4.6950,53.3130,57.0076,-11.2519,41.05,In Hand
61700,1.9776,8.4659,3.1915,13.7252,32.8855,-19.9695,41.24,In Hand
61750,2.1284,9.5074,2.0207,12.3053,40.2137,-17.9847,40.77,In Hand
61800,2.1189,8.5234,3.3782,33.2672,42.3664,-9.6641,41.05,In Hand
61850,2.3320,8.2289,2.6671,43.5573,28.5802,-4.9618,40.91,In Hand
61900,1.5227,8.6814,2.1332,76.2595,17.5725,9.9695,40.95,In Hand
61950,1.4389,11.1737,2.2266,2.6260,31.7405,12.7481,41.05,In Hand
62000,-0.5315,7.6495,2.9377,-6.5954,17.8931,10.6718,40.95,In Hand
62050,1.4174,9.0214,2.5977,29.2214,6.1221,14.0153,41.09,In Hand
62100,0.9409,9.7109,0.6943,22.7328,3.8015,23.0992,40.95,In Hand
62150,2.2027,11.0684,0.5148,21.4962,10.7023,28.6260,41.19,In Hand
62200,2.0542,10.6063,0.8260,-0.4885,17.3130,33.2672,40.91,In Hand
62250,1.5467,8.9711,0.5004,-10.1374,16.6260,39.5420,41.19,In Hand
62300,2.1284,9.7468,0.9409,17.2366,-9.1908,18.4275,41.19,In Hand
62350,2.1691,10.3214,0.0072,8.5038,-5.1756,18.7634,40.95,In Hand
62400,2.2338,9.0788,0.4836,14.6260,-11.5878,11.7099,41.05,In Hand
62450,3.2561,10.1299,0.1293,27.6183,-18.3053,7.2061,40.95,In Hand
62500,3.5314,10.4651,0.1676,14.5954,-6.0305,-1.6336,40.86,In Hand
62550,3.8044,9.9479,0.2658,2.7481,2.8244,-10.7176,40.86,In Hand
62600,3.1675,10.1706,0.2394,-6.9466,6.7939,-10.6565,41.19,In Hand
62650,3.1651,9.3182,0.1149,-10.8702,6.1832,-11.0534,41.09,In Hand
62700,3.6871,10.7619,0.2107,-16.3206,14.9313,-13.8168,40.95,In Hand
62750,2.2362,9.5241,-0.1293,-33.6947,20.2443,-10.6565,41.09,In Hand
62800,1.8747,9.0142,0.4286,-18.3206,5.3740,-9.5420,40.91,In Hand
62850,2.2625,9.4499,0.5531,-13.3282,-5.9389,-4.2901,40.95,In Hand
62900,2.3894,9.3278,0.6584,-15.3893,-13.6031,5.1756,41.24,In Hand
62950,2.5833,9.4140,1.0439,-13.0840,-23.5573,11.6183,41.09,In Hand
63000,3.2010,9.6941,0.7685,-12.4122,-28.7023,16.2290,40.95,In Hand
63050,3.3710,9.9910,0.9385,-16.4886,-27.5420,14.9466,41.05,In Hand
63100,3.2370,8.9830,0.8882,-12.3359,-33.3282,13.0229,40.95,In Hand
63150,3.5051,9.9120,0.9218,-6.4427,-34.9008,8.8244,41.05,In Hand
63200,3.4022,9.7037,1.0798,-16.1527,-33.9542,5.3893,41.05,In Hand
63250,3.4979,9.4643,1.1181,-14.9313,-39.2824,-0.9160,41.09,In Hand
63300,3.5099,9.6534,0.9122,-14.9008,-42.6260,-2.2595,41.24,In Hand
63350,3.2920,9.5840,0.6656,-13.7863,-43.4656,-3.0992,41.05,In Hand
63400,3.1173,9.3901,0.5890,-9.2366,-44.9313,-6.8702,41.05,In Hand
63450,3.1149,9.5960,0.5100,1.6183,-45.3435,-12.7328,40.95,In Hand
63500,2.9305,9.9240,0.7039,-2.3053,-40.7939,-18.9008,40.91,In Hand
63550,2.9784,9.8521,0.8452,-3.7252,-44.8397,-17.9084,41.09,In Hand
63600,2.8970,9.7827,0.1245,-10.5649,-43.2977,-15.2061,41.09,In Hand
63650,2.4541,8.9208,-0.0120,-12.4733,-38.5344,-12.4580,41.19,In Hand
63700,2.1308,8.8178,0.0862,-2.0763,-44.0763,-5.0229,40.95,In Hand
63750,2.3439,9.6247,0.1556,-4.6260,-48.9313,2.0458,41.09,In Hand
63800,2.5953,9.5241,0.1365,-6.2290,-53.6947,8.1985,41.05,In Hand
63850,2.5690,10.7141,0.1365,-9.7863,-52.0763,11.5878,41.05,In Hand
63900,2.1284,9.9838,0.3160,-20.9618,-53.9389,7.3435,41.19,In Hand
63950,1.9992,9.9766,0.4453,-17.5267,-60.7634,2.7176,41.09,In Hand
64000,2.0231,10.2161,0.2251,-23.1756,-65.4809,2.5954,41.09,In Hand
64050,2.2194,9.5505,0.2993,-15.8626,-68.0611,3.1450,41.09,In Hand
64100,2.2386,10.0868,0.4525,-16.4275,-63.1450,-0.4427,41.09,In Hand
64150,2.2314,9.7133,0.6871,-16.6565,-57.8931,-2.0000,40.95,In Hand
64200,2.2960,10.0269,0.8643,-15.3130,-52.6565,-3.5725,41.24,In Hand
64250,2.3487,9.2560,0.8332,-22.0916,-45.7252,-1.7252,40.91,In Hand
64300,2.4565,8.9136,0.6967,-15.8779,-37.0534,2.8550,40.95,In Hand
64350,2.3559,9.1435,0.8021,-11.4046,-29.8931,9.5267,41.09,In Hand
64400,2.0566,9.8186,0.8763,-8.7481,-25.8015,15.1145,41.09,In Hand
64450,2.0853,9.9671,0.9792,-11.4962,-22.1527,12.8702,40.95,In Hand
64500,2.0063,9.6414,0.7829,-10.2290,-19.4656,10.5038,40.95,In Hand
64550,1.9058,9.7492,1.0894,-8.1985,-17.2061,8.2748,41.28,In Hand
64600,2.0446,9.3781,0.7805,-8.3359,-17.0840,13.6794,41.05,In Hand
64650,2.0973,9.7779,0.9481,-2.7939,-17.2366,16.2901,40.91,In Hand
64700,2.8515,10.1538,1.0750,-8.6565,-13.6794,21.7557,40.95,In Hand
64750,3.9863,10.2568,0.8787,-8.7634,-11.7863,28.6565,41.05,In Hand
64800,3.6440,10.3094,0.6680,-17.9542,-2.8702,27.7863,41.09,In Hand
64850,2.6312,9.3398,0.9481,-25.1298,-2.4427,16.6412,41.09,In Hand
64900,2.7533,9.1004,0.8619,-20.5802,-12.7328,-0.3969,41.09,In Hand
64950,4.2784,8.9495,0.2203,-12.4885,-22.3817,-6.0458,40.91,In Hand
65000,5.6312,9.4403,-0.3735,-2.0000,-22.5802,-0.7939,41.24,In Hand
65050,4.9608,9.3589,0.3352,-16.0916,-14.0611,4.1832,41.05,In Hand
65100,4.6017,8.0661,1.1372,-16.3206,-15.3130,1.0534,41.09,In Hand
65150,5.1667,8.6957,0.7829,-6.5496,-13.8931,-0.6565,40.91,In Hand
65200,5.5713,9.1195,0.3328,-9.3893,-9.9847,5.9847,41.24,In Hand
65250,4.9967,9.1291,1.1396,-10.4580,-12.0153,7.8321,40.91,In Hand
65300,3.8882,9.3829,1.4772,-11.0382,-17.3435,7.6031,40.91,In Hand
65350,4.1084,8.8609,1.3144,-16.8397,-26.4580,2.2290,40.77,In Hand
65400,4.7429,9.0070,0.6680,-13.7710,-30.5191,-2.9771,41.19,In Hand
65450,4.6950,9.0429,0.3567,-14.1221,-33.9695,-4.1221,40.95,In Hand
65500,4.5322,9.5193,0.4046,-12.7328,-39.8168,-4.2901,41.09,In Hand
65550,3.9600,9.1889,0.5746,-16.4580,-47.5573,-5.8321,40.95,In Hand
65600,4.3335,8.7436,0.6440,-7.6183,-57.5115,-11.4046,40.95,In Hand
65650,4.3479,9.2129,0.7063,-9.2824,-57.9847,-13.4656,41.24,In Hand
65700,4.3910,8.9495,0.9744,-11.1756,-61.0076,-9.4809,40.95,In Hand
65750,4.7788,9.2225,1.0894,-7.4351,-64.2901,-5.4656,40.95,In Hand
65800,4.2976,9.3302,0.9673,-13.6489,-65.6336,-4.5191,41.28,In Hand
65850,3.9887,9.0644,1.1109,-13.7863,-68.2901,-8.6412,41.09,In Hand
65900,4.1970,9.8833,1.0223,-11.4656,-71.1298,-11.4046,41.05,In Hand
65950,4.6567,9.8258,0.1508,-14.3053,-64.9313,-14.9466,41.09,In Hand
66000,3.9025,9.4044,0.1508,-8.7176,-51.7405,-23.1298,41.09,In Hand
66050,3.2274,9.2249,0.5650,-5.2977,-46.7786,-24.6565,41.05,In Hand
66100,3.7876,9.2081,0.3879,-5.7099,-43.9084,-23.5267,41.05,In Hand
66150,3.8858,9.2799,-0.4118,-3.2672,-39.3740,-15.6641,40.91,In Hand
66200,2.8874,10.0173,-0.7638,2.2748,-32.8702,-9.5420,40.95,In Hand
66250,1.5706,9.8354,-0.8332,-7.6183,-28.6260,-10.5344,40.95,In Hand
66300,1.5730,9.3589,-0.9409,-7.1298,-34.5802,-14.8397,41.09,In Hand
66350,1.6807,9.8426,-1.4293,-7.1450,-41.0076,-13.3282,41.05,In Hand
66400,1.7549,9.5864,-1.2546,-10.1985,-47.2519,-11.7405,40.95,In Hand
66450,1.7214,9.7516,-1.1588,-10.5496,-52.3664,-0.7481,40.91,In Hand
66500,1.2713,9.5672,-0.7254,-9.4656,-55.6794,8.7176,41.09,In Hand
66550,1.1061,10.2520,-0.1939,-18.0153,-55.6183,16.5191,41.19,In Hand
66600,1.4461,10.1921,-0.1221,-30.0916,-54.3206,21.3282,41.09,In Hand
66650,1.7621,9.3972,0.1796,-25.2061,-54.8092,20.2595,40.95,In Hand
66700,1.8842,9.3709,-0.0958,-24.9008,-46.5649,17.9237,41.19,In Hand
66750,2.1787,9.1459,-0.1030,-19.8626,-34.5038,16.3969,41.24,In Hand
66800,1.9321,9.6391,0.4693,-13.8626,-25.7405,17.2977,41.09,In Hand
66850,2.1739,9.6917,0.5986,-12.4885,-24.5802,19.8626,41.09,In Hand
66900,2.4636,9.6654,0.6105,-6.6565,-18.8092,17.4809,41.09,In Hand
66950,2.4038,9.4595,0.7494,-1.9084,-12.5496,14.3053,40.95,In Hand
67000,2.5881,9.6295,0.8930,1.3282,-3.6947,9.3740,41.19,In Hand
67050,2.6839,9.5217,0.8428,0.7176,7.7863,6.5802,40.86,In Hand
67100,2.4134,9.4188,1.1301,3.1450,16.4580,4.8244,41.24,In Hand
67150,2.1883,9.3925,1.1636,5.6947,18.5344,2.7939,41.24,In Hand
67200,2.3080,9.6702,0.7063,11.3435,20.0153,-1.2366,41.19,In Hand
67250,2.1979,10.0916,0.8547,12.0916,23.2366,1.2672,41.09,In Hand
67300,2.7845,11.5209,-0.0287,-0.1374,22.7176,0.2137,41.24,In Hand
67350,3.3974,10.8721,-0.2131,3.8015,21.3435,13.3740,41.09,In Hand
67400,3.7326,11.5233,0.1389,-7.5725,20.7023,18.5954,40.72,In Hand
67450,2.4493,9.0525,0.8859,-26.2595,18.3206,-0.5344,41.38,In Hand
67500,4.0462,7.2137,0.7805,1.3893,12.0611,-26.3664,41.09,In Hand
67550,6.8235,9.2584,-1.9944,24.1832,43.8626,-40.1221,41.24,In Hand
67600,5.0949,11.0804,-1.5395,-3.3893,99.9542,-26.0305,40.95,In Hand
67650,3.7206,9.9958,1.4653,-34.5954,100.0763,-16.3664,40.91,In Hand
67700,2.6719,7.8458,1.0534,-37.6794,78.1069,-16.5191,41.05,In Hand
67750,2.1237,8.7652,2.0518,4.4275,70.1069,-28.2748,41.24,In Hand
67800,1.8411,10.8601,1.1468,-26.9466,79.7863,-34.4275,41.09,In Hand
67850,-0.6225,11.0995,4.7166,-48.0763,78.8092,-41.9847,41.05,In Hand
67900,-2.0016,8.7628,7.8195,-60.0153,2.5038,-41.4351,41.05,In Hand
67950,0.1053,11.8154,5.2601,-12.0000,-45.3893,-16.0153,41.09,In Hand
68000,1.1205,10.3334,2.9113,-39.4809,-54.4885,8.5954,40.95,In Hand
68050,1.6281,8.1810,3.7804,-63.2824,-40.9313,-1.2061,41.19,In Hand
68100,2.2960,8.2983,5.6431,-64.7634,-49.8168,-17.2214,41.24,In Hand
68150,1.8220,8.0254,5.1164,-71.2366,-73.9847,-16.5954,41.05,In Hand
68200,-0.1724,6.9863,6.2273,-55.9389,-98.8702,-20.8855,40.91,In Hand
68250,0.0144,7.4220,5.6168,-34.7939,-143.8626,-43.6794,41.09,In Hand
68300,-0.6369,9.3470,4.2353,-34.0305,-200.2748,-57.6794,41.24,In Hand
68350,0.9098,8.7484,2.6815,7.0076,-213.6031,-41.6336,40.91,In Hand
68400,1.2426,10.1490,0.7039,0.9160,-227.2672,-46.5802,40.95,In Hand
68450,0.7638,10.2065,1.4389,-16.3206,-185.1908,-24.8702,41.19,In Hand
68500,1.8818,8.7269,0.7111,-32.9008,-171.5114,-33.2061,41.05,In Hand
68550,1.1229,6.6631,1.1779,-3.8779,-119.2977,-42.4885,40.95,In Hand
68600,1.6879,9.1004,1.7382,21.0992,-88.6107,-34.6412,41.05,In Hand
68650,3.2944,9.6510,1.6688,15.5573,-56.1221,-37.7710,41.19,In Hand
68700,4.1300,10.7476,2.8108,16.2443,-21.9695,-8.2137,40.91,In Hand
68750,4.5897,10.9798,2.3032,9.4809,3.1145,1.6183,40.86,In Hand
68800,6.1028,10.4722,0.6009,-40.8702,32.1832,0.2443,40.77,In Hand
68850,4.7740,10.9726,4.2042,-53.7557,7.1145,23.0687,40.91,In Hand
68900,5.5689,9.5433,3.0742,-35.5725,23.9542,18.4733,40.91,In Hand
68950,4.3766,7.8171,2.5235,3.4351,33.8321,10.7328,41.05,In Hand
69000,3.7517,9.8186,2.8012,42.6870,46.4427,-0.3969,41.24,In Hand
69050,2.4732,11.2408,1.5778,37.5267,58.1374,4.9008,40.95,In Hand
69100,3.1436,9.8378,-0.2729,-10.0611,54.5802,-8.8092,41.05,In Hand
69150,2.5809,9.2488,1.2809,-16.1832,75.0992,-21.0687,40.95,In Hand
69200,2.3846,9.1985,1.4820,-29.3893,83.6794,-48.6107,41.24,In Hand
69250,0.4453,9.0214,2.6312,-57.6336,72.4122,-59.9084,41.24,In Hand
69300,0.8739,9.1913,4.1492,-98.8550,39.3282,-43.8626,41.05,In Hand
69350,-0.3376,6.3566,6.3422,-88.9160,24.0611,10.3511,41.09,In Hand
69400,0.1077,4.0558,7.6088,-26.2443,-4.1527,11.3130,40.95,In Hand
69450,1.6065,7.4699,6.7493,-0.5038,-16.4580,7.6489,41.19,In Hand
69500,0.7542,6.5242,7.4723,15.6183,-17.2672,22.1069,41.09,In Hand
69550,-0.2346,7.7572,5.9759,22.8244,-46.0305,-0.5802,41.05,In Hand
69600,1.0678,7.5154,6.7564,70.8397,-30.8397,23.6183,41.09,In Hand
69650,-0.1341,7.9104,5.8035,95.5267,-37.9542,23.9847,40.95,In Hand
69700,0.7422,10.2424,4.0965,106.3817,-34.2748,7.7252,41.24,In Hand
69750,1.1923,10.6374,2.2505,92.1069,-28.9924,44.0305,40.95,In Hand
69800,1.4413,9.9575,1.5107,85.4657,-26.0763,39.5573,41.24,In Hand
69850,3.6847,10.2855,0.5555,52.2595,-18.9618,34.7634,40.95,In Hand
69900,4.3790,10.4076,-0.0263,47.2977,-2.3664,51.3282,41.19,In Hand
69950,4.1276,10.5321,-0.9313,28.6565,0.5344,27.0229,40.95,In Hand
70000,4.5993,10.3238,-0.8691,8.5649,7.0687,22.6412,41.09,In Hand
70050,4.8267,9.5170,-0.8954,4.0763,8.4122,11.7557,40.95,In Hand
70100,5.8035,9.7947,-0.9266,11.5573,16.2443,17.0076,41.05,In Hand
70150,6.1866,6.8378,-0.8332,50.4122,40.4122,-4.1527,41.19,In Hand
70200,5.1020,12.8497,-2.4972,93.0534,43.5573,-18.7328,40.91,In Hand
70250,4.1803,14.2383,-4.6831,12.9313,27.7405,34.4427,41.19,In Hand
70300,5.0326,8.9926,-4.0151,-49.3435,31.8473,35.3893,41.19,In Hand
70350,4.8650,6.7181,-2.2170,-30.0611,64.9924,6.4275,40.91,In Hand
70400,2.7988,6.6990,-1.2953,-27.8015,71.2214,-4.8855,41.24,In Hand
70450,2.9018,6.0980,-0.1317,-24.9008,61.2824,-10.4580,41.05,In Hand
70500,3.1603,5.8275,0.8571,-16.4275,52.1679,-0.1679,41.09,In Hand
70550,3.4213,5.1451,1.8028,0.1221,41.2519,8.2137,41.19,In Hand
70600,4.3096,5.8993,2.1237,19.0229,23.3588,5.5267,41.28,In Hand
70650,4.5633,8.3869,2.0327,17.0840,18.4580,25.6947,41.09,In Hand
70700,4.1276,6.0621,0.1149,9.1908,-0.3511,0.1374,41.05,In Hand
70750,6.4308,5.0996,0.6129,111.4962,2.4427,-41.6794,41.19,In Hand
70800,4.4867,8.3558,-4.0630,173.5267,9.1450,-23.2061,41.09,In Hand
70850,2.3631,8.2911,-6.1794,169.4657,4.3511,-18.0916,40.95,In Hand
70900,3.2130,9.9814,-7.5298,169.5420,-8.8855,-21.3282,41.28,In Hand
70950,3.1412,11.9135,-7.6950,127.2366,9.9389,-2.6718,41.09,In Hand
71000,3.7613,9.1267,-6.3135,75.7863,11.0229,-20.6107,40.91,In Hand
71050,4.5298,10.3980,-6.5386,66.5649,28.8855,-28.5191,41.28,In Hand
71100,4.9368,11.7196,-6.4667,38.0000,48.8397,-24.5344,41.09,In Hand
71150,4.7094,10.7117,-6.0669,1.3740,63.3588,-40.9008,41.19,In Hand
71200,4.7549,10.2711,-6.0693,-18.3359,74.9008,-39.4046,41.24,In Hand
71250,5.2505,7.7883,-8.0349,-28.6718,90.1527,-14.6412,40.95,In Hand
71300,3.6703,4.3479,-5.3750,19.0840,96.4275,-47.6947,41.05,In Hand
71350,3.7613,7.0461,-5.2337,30.8092,78.4122,-61.5878,41.19,In Hand
71400,3.2657,6.7373,-5.6072,-8.2748,65.0992,-26.0611,41.05,In Hand
71450,2.7342,4.0007,-4.4939,-13.6489,41.5573,-24.9771,40.91,In Hand
71500,3.5769,4.5562,-3.4716,19.7099,49.9389,-40.6870,41.05,In Hand
71550,1.7885,4.8387,-3.5458,37.0840,58.3969,-67.0992,41.28,In Hand
71600,2.3750,6.0573,-3.3112,42.1527,48.2137,-71.4657,41.05,In Hand
71650,3.2848,7.0749,-3.1532,72.9466,44.2443,-61.4351,40.77,In Hand
71700,3.7948,8.5880,-3.0598,61.2519,28.3969,-44.8397,40.91,In Hand
71750,4.2737,9.9024,-3.4884,53.2824,11.1145,-44.5191,41.05,In Hand
71800,5.1260,9.9359,-3.9552,14.5802,6.0916,-40.5802,40.86,In Hand
71850,5.9544,10.1011,-4.0989,4.7481,13.5725,-35.6336,41.09,In Hand
71900,5.9616,8.3558,-4.1635,-15.2824,31.9542,-23.8015,41.24,In Hand
71950,5.2744,6.6702,-5.4636,-6.1221,47.3893,-46.3359,40.86,In Hand
72000,4.4101,7.5154,-5.8538,42.3664,49.7710,-56.1679,41.09,In Hand
72050,4.1492,11.0636,-6.2608,48.7481,40.7786,-31.6641,41.09,In Hand
72100,4.0366,10.4770,-7.5417,-1.8931,34.0763,2.2290,40.86,In Hand
72150,3.7900,8.4970,-7.8123,-17.0534,36.7481,12.5344,41.19,In Hand
72200,3.4764,7.4986,-7.4148,-10.0000,48.7634,11.8321,40.91,In Hand
72250,2.9544,7.0509,-6.0094,-22.3206,60.4427,6.1374,41.09,In Hand
72300,3.0023,5.6910,-4.6783,-25.4656,58.3969,-11.6947,40.95,In Hand
72350,3.7158,5.8873,-4.3072,-17.5725,70.8702,-18.7939,41.05,In Hand
72400,4.0055,5.6000,-3.5362,11.6794,81.9084,-26.5038,40.95,In Hand
72450,3.5171,7.6423,-3.4069,9.3740,84.1374,-39.1603,40.91,In Hand
72500,3.9121,7.7237,-3.3255,4.1679,75.2977,-63.0687,41.05,In Hand
72550,4.2042,7.6662,-3.8810,10.0763,74.0763,-59.0076,40.72,In Hand
72600,3.8211,9.0118,-4.5753,35.8779,59.0534,-40.0305,41.19,In Hand
72650,3.6823,8.4515,-6.3494,30.3817,69.9542,2.5496,41.19,In Hand
72700,2.8802,7.5441,-3.8618,65.8321,41.4504,-19.7099,41.09,In Hand
72750,6.1794,9.0956,-3.8211,48.1527,40.7786,-3.7557,40.95,In Hand
72800,4.9752,5.1882,-4.9105,43.2824,69.4351,-6.6260,41.28,In Hand
72850,3.9911,6.3255,-3.6799,77.1450,65.6641,-54.9924,40.95,In Hand
72900,4.0893,7.9464,-4.4460,59.8168,75.2366,-72.5802,41.05,In Hand
72950,2.7509,9.2392,-2.8323,21.8168,72.1527,-82.1069,41.09,In Hand
73000,2.9951,8.5904,-2.3990,-12.3511,54.6565,-82.5191,41.05,In Hand
73050,3.1627,8.2863,-2.9185,-16.7634,48.7176,-64.7481,41.05,In Hand
73100,3.3351,7.6112,-3.4931,-15.5725,36.0763,-51.4198,40.95,In Hand
73150,2.8204,8.1044,-2.6025,-14.7786,24.8855,-62.7328,40.91,In Hand
73200,2.7916,7.9727,-2.3104,-7.5420,12.8092,-85.6641,41.05,In Hand
73250,1.3719,9.9527,-0.3089,-22.5802,-7.8931,-135.4657,40.77,In Hand
73300,1.3312,11.9375,-1.8028,-13.6183,-20.8855,-122.8092,41.05,In Hand
73350,0.0838,12.7683,-2.6073,-0.3969,-36.1679,-59.7863,40.72,In Hand
73400,1.7861,11.4060,-5.4851,-7.2519,-31.0992,-17.5878,40.95,In Hand
73450,-1.8747,9.7205,-6.1483,-64.6565,17.9084,-7.4656,41.09,In Hand
73500,-4.6112,6.5625,-4.0965,-50.4733,-7.7099,-32.3664,40.95,In Hand
73550,-2.3942,7.5369,-1.8483,6.1069,-36.7328,-46.2901,41.05,In Hand
73600,0.4166,10.4435,-4.0845,26.9924,-8.2137,-12.0763,40.95,In Hand
73650,-1.7286,11.4203,-2.9736,12.6565,6.7786,9.8321,40.95,In Hand
73700,-2.2314,9.8114,-3.9313,4.5191,-4.5038,13.1603,40.91,In Hand
73750,-2.6959,8.1762,-3.4093,-26.6107,11.2672,-3.3435,41.05,In Hand
73800,-2.3750,6.8426,-1.9106,-14.3511,11.7710,-12.0000,41.24,In Hand
73850,-0.7757,5.0781,-1.6999,11.8015,14.5802,-32.2595,40.86,In Hand
73900,-2.5977,7.7979,-1.7334,31.7405,7.8931,-32.7939,40.91,In Hand
73950,-2.5953,7.4244,-2.7102,48.9466,-2.4275,5.4656,40.91,In Hand
74000,0.7925,7.1898,-2.9449,68.4275,27.3130,52.0458,40.95,In Hand
74050,0.4094,4.8914,-3.7326,104.5038,68.8702,17.3282,41.19,In Hand
74100,-0.6009,7.0246,-8.1594,176.8702,76.1832,-23.3282,40.95,In Hand
74150,0.3184,10.3046,-9.3446,102.3817,106.6107,-34.6107,41.09,In Hand
74200,-3.6631,11.1019,-5.1451,55.0229,54.6260,1.3435,40.95,In Hand
74250,-0.8092,9.4068,-7.8051,-16.4886,27.3588,29.8779,40.77,In Hand
74300,0.3304,4.2713,-9.9886,-24.5496,7.5267,18.3664,40.91,In Hand
74350,-0.1413,4.3144,-8.4324,-11.0076,2.5191,0.3206,40.95,In Hand
74400,-0.2729,6.2034,-6.0645,-10.8550,0.5954,25.9237,41.05,In Hand
74450,0.5004,4.8435,-7.2425,-2.3969,3.0840,26.8244,41.09,In Hand
74500,-0.0407,5.9568,-6.3327,9.8931,7.8626,15.2214,41.19,In Hand
74550,0.3352,6.2537,-6.4332,1.9389,-3.5878,12.9313,40.77,In Hand
74600,0.7661,5.6144,-7.8314,-12.9618,-17.2672,5.4656,40.95,In Hand
74650,1.0630,4.6711,-6.2608,-9.6794,-30.0305,-24.5496,40.95,In Hand
74700,0.1508,3.8690,-8.9376,7.3282,-33.4046,-47.8931,41.05,In Hand
74750,0.8021,5.9568,-8.0373,9.4962,-27.9542,-29.0687,40.95,In Hand
74800,0.4214,4.2641,-9.6271,19.6947,-9.9084,7.9237,40.95,In Hand
74850,0.0239,4.1444,-9.0214,60.7176,3.8931,36.2137,41.09,In Hand
74900,-0.1820,4.7238,-9.0621,83.8626,19.3130,57.7557,40.77,In Hand
74950,-0.1915,4.6807,-7.9799,84.5802,5.9084,72.1527,40.91,In Hand
75000,-0.1006,3.6919,-8.8657,55.6947,-11.4962,48.3817,41.09,In Hand
75050,0.1963,2.0063,-9.6438,51.5267,-33.5573,13.0382,40.95,In Hand
75100,0.3256,2.5833,-9.3494,43.9389,-28.5038,-7.2214,40.91,In Hand
75150,0.1820,3.3255,-8.8992,64.3359,-28.0000,30.4733,40.91,In Hand
75200,0.7638,4.6064,-8.5545,65.1908,-19.4198,66.3359,41.09,In Hand
75250,0.8116,4.1779,-9.9192,53.0687,-10.2595,103.8779,40.95,In Hand
75300,1.2426,3.7469,-9.2608,21.2214,16.1374,110.2290,41.05,In Hand
75350,2.5235,3.7158,-9.4499,7.6489,40.7786,132.7176,40.91,In Hand
75400,1.1636,1.5802,-10.3334,23.7252,58.0916,142.6107,41.09,In Hand
75450,0.1269,0.7159,-9.8090,29.3893,53.4351,115.2672,40.95,In Hand
75500,0.0646,1.1468,-8.5090,14.1679,2.2901,92.4885,41.24,In Hand
75550,0.1844,-0.1508,-9.9359,5.6489,-47.7710,72.4733,40.86,In Hand
75600,1.1205,-0.6584,-10.1634,4.2748,-69.1603,34.8092,40.77,In Hand
75650,1.5586,-0.3328,-10.1275,11.2519,-63.9847,13.8015,41.19,In Hand
75700,1.3312,-0.2274,-11.1737,5.5878,-32.5344,3.8015,41.05,In Hand
75750,0.5938,1.1612,-8.6431,-14.0000,-44.9466,41.0534,40.86,In Hand
75800,1.5467,0.0407,-9.1530,3.5878,-48.1527,87.7405,40.86,In Hand
75850,0.0263,-0.0527,-7.9272,0.0916,-46.9924,43.2366,40.95,In Hand
75900,-0.5387,0.2897,-8.1499,-7.3130,-51.3588,-0.2290,40.77,In Hand
75950,-0.7039,0.8523,-8.9950,-1.2977,-49.8168,5.7710,40.91,In Hand
76000,-2.7054,1.2761,-8.1786,-0.6565,-61.3588,23.8473,40.77,In Hand
76050,-1.8411,0.0144,-9.6702,0.9466,-65.6641,21.0534,40.91,In Hand
76100,-0.7901,-0.7087,-11.0038,8.4275,-40.0916,-9.8931,41.19,In Hand
76150,-2.3966,-0.4214,-10.1107,2.8855,-18.2595,-27.0992,40.72,In Hand
76200,-2.2290,0.0263,-10.4914,-5.4962,9.3588,-11.4504,40.95,In Hand
76250,-4.6256,-1.1516,-9.4571,-2.1679,12.3817,5.7099,41.19,In Hand
76300,-4.6232,-1.2905,-8.6455,13.0534,-1.5573,-29.4962,40.91,In Hand
76350,-3.8403,0.2921,-8.0302,18.9924,-14.1374,-31.0992,41.05,In Hand
76400,-4.2952,1.2953,-8.4922,1.7710,-13.7710,4.2137,40.86,In Hand
76450,-4.3479,0.5507,-8.6191,-28.6565,-41.7557,20.3969,40.95,In Hand
76500,-2.1548,-0.5650,-8.7053,-48.3511,-13.6947,5.3588,40.86,In Hand
76550,-3.8618,-1.6305,-6.9312,-18.6870,-6.5191,12.3053,41.19,In Hand
76600,-2.5809,-1.3168,-8.4204,15.4198,0.1374,0.9618,40.95,In Hand
76650,-3.4022,0.0718,-8.1786,25.1908,14.5496,-12.3206,40.91,In Hand
76700,-3.7804,0.9170,-8.5497,13.3130,22.4427,-6.8397,41.05,In Hand
76750,-3.8571,0.1317,-8.3869,-4.8550,17.9389,-3.4504,40.77,In Hand
76800,-2.9880,-0.0646,-7.9224,-12.1221,20.1069,-11.8015,40.95,In Hand
76850,-3.0837,-0.5746,-8.0254,-4.3664,20.8550,-4.0458,40.91,In Hand
76900,-2.6528,-1.0558,-8.9064,13.0382,20.1832,-22.9924,40.77,In Hand
76950,-3.3615,-0.4501,-8.2768,18.2290,26.0916,-28.4886,41.09,In Hand
77000,-3.5195,-0.1867,-8.7029,22.0916,18.2595,-9.2977,40.95,In Hand
77050,-3.1987,-0.3472,-9.1147,18.4733,5.9847,-8.7786,40.91,In Hand
77100,-2.6983,-0.3663,-9.6151,15.3282,0.9313,-15.0992,40.95,In Hand
77150,-2.8252,-0.1484,-9.4499,-3.5573,5.2672,-21.8321,40.77,In Hand
77200,-3.2441,-0.9122,-9.4236,-11.8626,-3.5267,-6.2137,40.91,In Hand
77250,-3.4333,-1.1372,-8.7819,-9.6947,-6.8244,-1.1756,41.09,In Hand
77300,-3.3279,-1.5706,-8.5281,-8.2748,-9.2366,-2.4733,40.67,In Hand
77350,-2.7629,-1.6017,-8.5904,-3.6641,-12.5191,-7.3435,40.95,In Hand
77400,-2.0087,-1.1492,-8.1331,-13.8779,-7.6489,-7.0382,40.95,In Hand
77450,-1.5969,-1.3240,-8.9711,-1.5115,-3.2214,14.6870,40.95,In Hand
77500,-1.6424,-1.4078,-10.5010,4.0000,22.7786,3.6794,41.05,In Hand
77550,-3.3615,-1.2067,-8.8873,-0.0458,32.7939,-20.4733,40.77,In Hand
77600,-3.5578,-0.7039,-9.2392,0.5344,19.5878,-14.0916,40.91,In Hand
77650,-3.4046,-0.6440,-8.8131,-15.6947,10.7176,-1.1145,40.95,In Hand
77700,-3.2226,-1.6975,-8.1403,-8.1221,-2.6565,12.3359,41.09,In Hand
77750,-1.9632,-1.6879,-8.5329,3.8779,-7.2519,2.8855,40.86,In Hand
77800,-1.0511,-1.5347,-9.4547,14.4427,-1.1145,-5.0687,40.95,In Hand
77850,-1.6017,-0.4621,-8.8394,7.0534,9.1450,-8.7786,41.09,In Hand
77900,-1.6759,-0.0096,-7.7309,-13.5878,12.1069,-10.5191,40.91,In Hand
77950,-0.5387,-0.7829,-9.7348,-32.0458,27.8779,-9.6031,40.72,In Hand
78000,-0.7135,-1.7549,-10.3310,-32.4275,47.3282,0.5954,40.86,In Hand
78050,-1.1660,-1.8818,-10.3430,-10.7176,51.2519,-11.6641,41.05,In Hand
78100,-0.3328,-1.0367,-11.2312,-20.3817,49.3588,-36.3817,41.19,In Hand
78150,-0.6871,0.2514,-9.4092,-23.0534,50.9924,-4.7786,40.95,In Hand
78200,-0.3400,-0.9625,-10.9176,-25.8931,48.7786,3.4504,41.05,In Hand
78250,-0.2394,-0.1532,-9.4499,-38.0763,31.9389,-1.0229,41.05,In Hand
78300,0.8691,0.0814,-10.6470,-35.7099,27.7557,20.1985,40.91,In Hand
78350,0.1437,0.5267,-9.8114,-54.1069,27.7557,26.0916,40.91,In Hand
78400,-0.8188,0.4429,-8.7556,-45.8779,2.3969,39.8931,40.91,In Hand
78450,-0.5602,1.4868,-9.2584,-32.3511,-29.3588,53.9695,41.05,In Hand
78500,0.3807,1.7238,-10.1610,-44.6565,-24.9466,49.9847,41.19,In Hand
78550,-0.5076,1.1803,-8.8945,-66.3359,-8.2137,48.8244,40.72,In Hand
78600,-0.1413,2.4349,-8.4659,-44.9008,-2.0763,76.4580,40.91,In Hand
78650,0.1269,2.0207,-7.9679,-45.5420,7.4198,75.1450,40.95,In Hand
78700,0.3903,1.0056,-7.8051,-40.5802,6.4885,27.6336,40.91,In Hand
78750,-0.0838,2.3248,-7.2951,-30.9160,9.2519,-11.6641,40.72,In Hand
78800,-0.1508,2.7964,-7.0916,-22.8702,0.4275,-12.5802,40.91,In Hand
78850,-0.1604,4.1755,-7.8027,-11.6183,0.8702,-2.7481,40.91,In Hand
78900,0.2610,5.3558,-8.2911,-24.5496,-12.0916,15.8168,40.77,In Hand
78950,-0.5195,6.8498,-8.6311,-41.9695,-13.1603,3.2977,40.67,In Hand
79000,-0.4525,7.2664,-9.0764,-76.4733,-45.7863,4.5344,41.05,In Hand
79050,0.8619,7.0605,-9.8665,-85.9389,-52.7176,15.1603,41.19,In Hand
79100,0.8164,6.6295,-9.1363,-74.5038,-58.7481,32.8855,40.95,In Hand
79150,0.8954,6.4835,-8.5880,-59.8779,-54.3359,36.2595,41.05,In Hand
79200,0.2682,6.5745,-6.8953,-47.2977,-43.7252,45.8779,40.67,In Hand
79250,-1.0702,6.7062,-5.9568,-50.7634,-41.1756,27.3130,40.72,In Hand
79300,-0.7590,7.0892,-6.0717,-59.1603,-53.9389,7.5878,41.19,In Hand
79350,0.1221,6.5218,-6.4859,-46.7023,-49.1298,20.8702,40.91,In Hand
79400,-0.4980,6.9480,-5.7533,-30.5038,-42.3206,38.2443,40.67,In Hand
79450,-0.9337,8.1810,-5.8634,-26.4733,-46.9618,23.3282,41.05,In Hand
79500,-0.5842,9.2895,-6.4476,-36.5649,-53.0840,-4.5038,40.91,In Hand
79550,-0.6632,10.4986,-6.6559,-48.4733,-55.9237,-8.7328,41.05,In Hand
79600,-0.7183,10.6159,-6.3734,-48.8244,-54.9008,15.5115,40.91,In Hand
79650,-2.1261,9.6295,-4.6759,-61.7099,-47.9237,22.9466,40.91,In Hand
79700,-1.8651,8.6503,-3.9409,-89.7557,-52.7481,-3.5115,40.91,In Hand
79750,-2.2889,8.9902,-3.1699,-85.2977,-55.2824,9.3282,40.95,In Hand
79800,-1.9944,9.2919,-2.5019,-92.9313,-64.1679,6.2595,40.95,In Hand
79850,-1.1612,10.4483,-1.9225,-119.9389,-53.7252,8.1221,40.95,In Hand
79900,-2.3583,9.0333,-0.6369,-143.1298,-33.3130,19.5878,40.86,In Hand
79950,-2.6001,8.9399,1.1301,-144.7481,-40.1221,4.9008,40.95,In Hand
80000,0.0694,10.0341,0.9409,-163.5114,-12.6260,16.8550,40.86,In Hand
80050,-2.4373,7.9320,3.4381,-184.3206,6.7939,8.0458,40.91,In Hand
80100,-0.8404,8.3390,4.3359,-187.4809,10.1069,2.6260,40.86,In Hand
80150,-1.4054,6.8331,6.0238,-200.3664,26.1832,31.1603,40.95,In Hand
80200,-0.8045,5.1284,7.3670,-193.8015,32.6718,38.3359,41.09,In Hand
80250,-1.0750,2.4517,8.5976,-156.4427,28.6260,38.0305,40.77,In Hand
80300,-1.5969,1.9776,9.5553,-105.1450,29.6947,38.9771,40.95,In Hand
80350,-2.4828,2.0111,9.9024,-75.3588,9.8321,42.4580,40.86,In Hand
80400,0.0168,2.9042,8.4683,-64.9466,14.2748,60.0763,40.72,In Hand
80450,-1.7980,0.7350,9.9407,-54.1527,21.6641,31.0840,40.77,In Hand
80500,-1.6233,1.8986,10.0796,-29.9695,6.9924,8.8092,40.95,In Hand
80550,-2.3032,2.1165,10.2639,-26.0153,0.9160,11.4046,40.91,In Hand
80600,-1.3096,1.9800,10.3645,-2.4275,-20.6565,-10.3969,41.09,In Hand
80650,-0.6249,2.0494,9.3589,9.3893,2.3359,-0.2137,40.95,In Hand
80700,-1.5730,0.8715,9.9790,25.2061,8.5649,-17.4809,41.19,In Hand
80750,-2.3966,1.6017,10.4962,51.7405,-3.0229,-58.5802,41.05,In Hand
80800,-0.9864,2.6264,8.9543,52.1832,-5.1908,-70.3969,40.95,In Hand
80850,-0.7661,2.5091,8.5808,43.0534,5.4809,-97.8015,40.86,In Hand
80900,-1.2881,2.6360,9.2296,44.2901,39.5267,-76.1679,41.09,In Hand
80950,-3.8666,1.3719,11.0349,57.6031,38.6260,-78.7176,40.91,In Hand
81000,-4.1348,3.5769,9.6007,65.1756,27.3893,-84.9771,40.67,In Hand
81050,-4.7836,3.3639,9.6031,71.3893,10.3053,-58.1069,40.95,In Hand
81100,-2.6983,6.5242,7.6279,104.1527,-6.0763,-34.2595,40.86,In Hand
81150,-2.6169,5.7964,5.4564,92.9924,-1.0534,-44.5191,40.67,In Hand
81200,-3.9744,6.6798,6.5194,62.2748,0.9160,-55.5725,40.72,In Hand
81250,-4.8052,7.5896,6.9599,56.5802,-0.2748,-27.5420,41.05,In Hand
81300,-5.3127,7.3550,6.2417,49.8168,-16.2443,-12.1985,40.72,In Hand
81350,-4.8890,8.0134,5.5617,34.3817,-14.7634,-14.2290,40.86,In Hand
81400,-5.0015,6.1842,6.0597,15.2824,-12.9466,-9.1298,41.09,In Hand
81450,-3.9241,6.4189,6.0358,23.8168,-12.0305,-15.4504,40.91,In Hand
81500,-4.2018,5.7365,6.3279,27.9542,-6.7786,-31.2061,41.09,In Hand
81550,-5.0733,5.9280,6.2728,30.2137,-9.4351,-28.4580,40.95,In Hand
81600,-5.7796,6.3901,6.1794,25.0382,-9.0534,-10.0763,40.95,In Hand
81650,-5.9400,6.9480,6.2489,2.4122,-7.9084,-11.8168,41.05,In Hand
81700,-5.9735,6.2537,6.6152,-4.4427,-14.0611,-17.6794,40.95,In Hand
81750,-6.1076,5.4564,6.4620,-9.3130,-14.6718,-9.2824,40.95,In Hand
81800,-5.7437,5.0925,5.8155,-3.6336,-12.3969,-18.6718,41.05,In Hand
81850,-5.0182,6.2441,6.3925,13.2214,-0.0916,-2.2595,41.09,In Hand
81900,-4.2234,9.4667,7.0318,43.7099,-3.5267,23.8779,40.95,In Hand
81950,-3.5602,7.8626,5.8873,14.7176,-16.7634,-6.8855,41.09,In Hand
82000,-3.5769,7.2472,5.9137,-13.7252,-10.5344,-14.6870,40.91,In Hand
82050,-4.1061,6.2225,6.6918,-1.5420,-18.1832,-25.0229,40.95,In Hand
82100,-2.9401,6.8666,6.8618,12.0611,-27.3893,-10.6412,40.91,In Hand
82150,-3.9863,6.8331,5.4971,32.1985,-39.3588,-12.5954,41.24,In Hand
82200,-4.0199,6.4284,5.5761,48.3206,-39.8168,-5.4198,40.95,In Hand
82250,-4.6735,6.7684,6.5481,63.0382,-41.7405,-6.1832,41.19,In Hand
82300,-4.9967,6.9552,6.2513,54.2443,-37.0534,-6.5344,41.05,In Hand
82350,-5.1404,9.3685,6.1818,43.6336,-50.9924,3.7557,41.09,In Hand
82400,-3.6679,7.5489,6.3901,20.9313,-47.1145,29.9847,40.95,In Hand
82450,-5.2792,5.6838,7.2903,38.2137,-80.7481,-39.7099,41.09,In Hand
82500,-1.3384,8.8178,5.4300,43.6947,-53.9084,-41.5420,40.95,In Hand
82550,-1.7430,7.4436,5.1547,37.5115,-15.9084,-13.9542,40.86,In Hand
82600,-2.0111,6.1531,4.8123,65.2366,-8.1832,-48.8855,40.95,In Hand
82650,-6.5721,1.6089,5.9089,94.9160,-4.1527,-58.3817,40.95,In Hand
82700,-2.3727,9.9671,2.5857,138.8397,-34.1679,-74.7786,40.91,In Hand
82750,-2.4780,8.9926,0.7566,101.0687,-10.6412,-87.9847,40.95,In Hand
82800,-4.6280,4.9512,1.0032,97.6947,-13.4198,-128.9924,41.24,In Hand
82850,-5.7078,7.8626,0.8643,130.2901,-10.6107,-97.0229,41.09,In Hand
82900,-7.0797,7.3598,-0.8739,145.6947,-33.0687,-71.6336,41.09,In Hand
82950,-7.1060,8.9687,-2.3750,106.1985,-21.0840,-82.3817,41.05,In Hand
83000,-8.7173,6.9001,-1.5443,58.8092,-9.9389,-103.8168,40.77,In Hand
83050,-9.4116,4.1515,0.1891,69.7405,-50.0458,-82.4733,40.95,In Hand
83100,-8.9184,5.6240,0.3998,70.7786,-54.0000,-66.7328,40.86,In Hand
83150,-8.7412,3.6224,0.2897,74.1527,-50.1527,-56.6107,40.95,In Hand
83200,-8.8992,6.0501,-0.0575,81.2061,-63.2214,-40.4275,40.86,In Hand
83250,-9.4978,4.4796,-0.3974,43.5573,-74.6870,-26.4580,40.91,In Hand
83300,-10.5752,4.2377,-0.9026,30.2595,-65.0076,-2.6412,40.86,In Hand
83350,-10.4962,3.1627,-0.9098,29.1450,-71.8321,18.2290,40.91,In Hand
83400,-9.7851,4.7740,-1.7238,5.4656,-76.7481,33.4198,41.05,In Hand
83450,-10.3908,2.7988,1.0702,-21.8931,-86.9924,36.2748,40.91,In Hand
83500,-7.9320,0.3807,2.7892,33.7405,-67.6947,101.0076,40.95,In Hand
83550,-6.3614,5.7461,0.8787,25.8779,-49.6641,124.9466,40.91,In Hand
83600,-6.0166,6.9216,2.7294,8.0763,-85.9237,133.5878,40.95,In Hand
83650,-5.2026,5.5881,3.1484,16.6565,-110.0763,116.2290,40.95,In Hand
83700,-3.5482,4.4867,3.8858,75.6031,-111.4962,59.9389,40.95,In Hand
83750,-2.9113,6.7253,4.2737,157.4504,-106.0916,54.1221,40.86,In Hand
83800,-1.1540,10.8816,3.7134,72.6107,-67.4351,55.2061,40.86,In Hand
83850,-1.9417,7.3741,4.9440,50.6107,-49.3282,62.3664,40.95,In Hand
83900,-1.8986,9.0046,3.3615,26.6565,-38.2290,54.1527,40.91,In Hand
83950,-4.0917,8.5617,4.6495,45.4198,-74.2443,10.0916,40.77,In Hand
84000,-3.8954,7.4771,5.4109,36.4427,-55.2519,13.4046,40.91,In Hand
84050,-3.2848,12.7755,3.5051,13.8015,-100.1221,-6.7786,40.86,In Hand
84100,-2.9999,5.8107,4.8554,8.3053,-126.1679,-27.4962,40.91,In Hand
84150,-1.0367,12.3038,3.2226,8.2901,-129.5114,6.3359,40.91,In Hand
84200,0.2586,10.0820,5.4444,-26.3053,-76.1832,-34.6107,40.77,In Hand
84250,-0.9457,12.0069,4.2210,6.2137,-27.6183,-80.8244,41.09,In Hand
84300,-4.6783,9.9192,0.8882,15.4962,-32.1374,-66.6260,40.91,In Hand
84350,-4.0127,9.7013,0.4070,30.8244,-77.7405,-23.5114,40.67,In Hand
84400,0.1915,11.2288,2.6432,-0.9771,-61.5267,-3.4809,41.05,In Hand
84450,-3.4093,7.6686,2.7222,-6.9771,-48.7481,12.3206,41.09,In Hand
84500,-4.9775,7.5729,2.7318,3.3130,-58.6870,13.6336,41.05,In Hand
84550,-5.7964,7.5633,2.7581,19.3740,-71.4046,-14.3359,40.77,In Hand
84600,-3.0670,8.3653,3.2896,30.9466,-60.0611,-37.8779,40.77,In Hand
84650,-1.2378,8.6359,2.8419,39.6489,-40.8397,-35.1145,40.91,In Hand
84700,-2.4565,9.8186,2.6145,33.5115,-44.7481,-4.3511,40.77,In Hand
84750,-3.5410,9.2656,3.2801,31.9847,-48.2595,11.6947,41.05,In Hand
84800,-3.4357,10.0054,3.6727,24.6565,-47.0992,10.2290,41.05,In Hand
84850,-4.0055,8.9495,3.8571,9.2214,-46.4122,2.3511,40.95,In Hand
84900,-3.3758,10.1514,3.9696,14.6412,-54.1527,12.1069,40.72,In Hand
84950,-2.3846,11.1618,2.7916,-7.8168,-53.1603,23.8168,40.91,In Hand
85000,-1.8411,11.4970,2.2745,-10.9924,-34.8550,26.9313,41.05,In Hand
85050,-1.9632,11.2360,1.9249,8.1832,-5.9084,6.3817,40.91,In Hand
85100,-1.8531,9.3134,1.3096,-5.6489,-4.3817,0.7023,40.91,In Hand
85150,-1.9680,6.7277,-0.1197,1.8168,-42.9313,13.6031,40.95,In Hand
85200,-1.1277,8.4396,1.0798,16.3359,-70.1527,27.4962,40.72,In Hand
85250,0.6584,11.7867,2.6959,2.8092,-39.5267,-8.5649,40.91,In Hand
85300,0.2490,10.5584,2.0542,-19.2061,-6.3664,-25.6947,40.77,In Hand
85350,-1.0870,8.8394,1.8244,-10.5038,-24.8397,-4.3817,40.86,In Hand
85400,-1.2163,8.7460,2.4493,2.8855,-54.3664,16.6260,40.95,In Hand
85450,-0.9529,8.5928,2.4181,4.3053,-56.9618,5.2977,40.91,In Hand
85500,-0.9433,8.5712,1.8938,8.3359,-58.8550,-9.4656,40.95,In Hand
85550,-0.4741,8.7532,1.4269,15.7405,-58.6412,-18.5954,40.95,In Hand
85600,0.2107,10.5153,2.0135,18.3817,-55.0382,-16.9924,41.05,In Hand
85650,0.5746,10.6614,2.3224,4.8092,-39.4046,-10.3817,41.05,In Hand
85700,-0.2059,9.6726,2.0925,-4.2290,-33.2824,-7.2977,40.91,In Hand
85750,-0.4405,8.9088,2.5115,-8.9008,-34.7481,-11.0687,40.91,In Hand
85800,0.2298,9.0716,3.5123,-14.0763,-25.8473,-16.5038,40.95,In Hand
85850,0.6584,9.5792,3.6823,-30.5649,-7.5573,-17.9084,40.86,In Hand
85900,-1.5634,10.4531,3.2274,-27.9847,8.0611,-36.5802,40.95,In Hand
85950,-5.6527,11.4706,2.1524,4.0611,-8.5954,-60.8550,40.95,In Hand
86000,-0.4836,11.3653,1.6448,-13.2366,-41.6031,-38.3817,40.67,In Hand
86050,1.6568,9.1554,2.2721,-30.1374,-32.0916,2.4885,40.72,In Hand
86100,-1.6616,7.5441,1.7047,-7.8931,-5.2519,23.1756,40.95,In Hand
86150,-6.1723,9.0549,0.1532,17.8015,-5.0534,4.7023,40.77,In Hand
86200,-4.2617,10.5058,1.1253,6.2595,-19.4351,-24.8244,40.77,In Hand
86250,-0.7638,11.2551,2.2984,-24.8702,12.8702,-29.9847,40.95,In Hand
86300,1.0463,9.1339,1.9896,-25.6794,45.5420,-5.1908,41.05,In Hand
86350,-0.1939,8.4827,1.6257,4.9313,69.1908,20.6870,40.91,In Hand
86400,-3.1795,9.4332,1.9944,18.9008,76.9924,26.9466,40.91,In Hand
86450,-4.6017,10.5153,2.8802,14.7328,79.2672,15.7405,40.77,In Hand
86500,-4.2856,10.9104,3.8618,-8.1374,69.4504,13.0382,40.95,In Hand
86550,-1.5490,9.6582,3.1077,-26.6412,60.3664,22.7634,41.05,In Hand
86600,-0.7949,9.6941,2.9832,-17.5267,67.7710,43.6336,40.86,In Hand
86650,-1.4557,9.9240,2.7629,-17.5114,81.0076,54.9618,40.91,In Hand
86700,-2.6336,10.0844,2.2625,-30.7176,92.4275,45.9084,40.86,In Hand
86750,-3.1125,8.6239,1.9968,-22.7939,88.1221,36.2748,41.19,In Hand
86800,-0.8859,9.3206,1.9752,-12.5954,86.1832,26.8855,40.91,In Hand
86850,-2.0303,9.0956,1.0702,-2.1679,83.1145,20.0916,40.95,In Hand
86900,-1.6640,9.6391,1.3360,13.5115,76.8092,16.0458,41.09,In Hand
86950,-0.5339,10.0317,1.2091,5.0992,81.8626,9.6641,40.91,In Hand
87000,0.0120,9.4212,1.3719,-1.3130,85.7405,9.1603,40.72,In Hand
87050,-0.3591,9.3206,2.4421,-0.2595,90.4885,10.1069,40.86,In Hand
87100,-1.2498,9.9168,3.0885,1.2214,86.8397,5.1756,40.67,In Hand
87150,-1.0798,9.9790,3.5434,-7.4656,71.2061,-5.6794,41.05,In Hand
87200,-0.6488,9.4092,3.9025,-12.1832,52.6412,-7.7557,40.95,In Hand
87250,-0.5818,9.1770,3.8092,-17.5267,29.9695,-0.5649,40.95,In Hand
87300,-0.6129,8.9543,3.8259,-22.3969,11.0229,0.6107,40.95,In Hand
87350,-0.8068,9.4332,3.4764,-17.8321,-0.1221,-9.0229,40.95,In Hand
87400,-1.5083,10.4698,3.0287,-9.1450,-11.1756,-19.1145,40.95,In Hand
87450,-1.7957,10.3621,3.0598,-2.3206,-22.6565,-16.8397,41.05,In Hand
87500,-1.1444,9.7276,2.9784,-6.9924,-36.4122,-10.1832,40.86,In Hand
87550,-1.5395,8.7963,2.7007,-3.9237,-39.0687,-7.3435,40.86,In Hand
87600,-2.4876,8.9759,2.3320,6.9008,-38.2443,-11.4351,41.09,In Hand
87650,-2.2194,9.7636,2.1213,5.0992,-37.9847,-14.7939,41.05,In Hand
87700,-1.0989,10.1059,2.3272,2.0000,-34.2290,-6.0611,40.72,In Hand
87750,-1.9824,10.4962,1.7957,12.7328,-31.5573,4.0153,40.77,In Hand
87800,-2.6911,10.2903,1.5658,8.7634,-36.6107,0.6718,40.86,In Hand
87850,-1.1660,9.1219,2.2386,-6.6565,-33.2519,-3.1450,40.77,In Hand
87900,-1.0032,8.1762,2.7078,-3.5878,-14.4122,-0.3664,40.86,In Hand
87950,-2.5091,9.1937,2.4086,8.1374,-9.3130,-5.3130,40.91,In Hand
88000,-2.5762,9.8019,2.0518,-4.0763,-16.1832,-14.1221,40.95,In Hand
88050,-1.5874,9.0429,2.3343,-0.6718,-10.6718,-14.1832,41.05,In Hand
88100,-1.5945,9.3853,2.6887,9.1603,-2.4733,-7.4656,40.91,In Hand
88150,-2.1883,9.4499,2.8156,0.8855,-2.0153,-4.8550,40.91,In Hand
88200,-3.0598,9.0836,2.7126,0.6260,-1.5573,-7.6641,41.05,In Hand
88250,-3.4907,9.6462,2.3535,-0.5344,-4.5649,-17.4046,40.77,In Hand
88300,-2.7653,10.0580,2.2098,-9.9084,-6.6718,-16.6870,40.95,In Hand
88350,-1.5371,9.3805,2.1835,-11.8015,-1.4351,-8.8702,40.72,In Hand
88400,-1.7047,9.1674,2.4756,-5.3588,10.3969,-5.8168,40.77,In Hand
88450,-2.7007,9.0908,2.6624,-3.6031,16.7328,-9.1908,41.09,In Hand
88500,-3.6320,9.3278,2.6671,-1.4351,13.2824,-10.9618,41.28,In Hand
88550,-2.8443,10.2711,2.7318,2.1527,8.6412,-4.2137,40.67,In Hand
88600,-1.5993,10.1299,2.7294,-2.3817,7.9847,5.2824,40.95,In Hand
88650,-2.5833,9.2249,2.7701,2.9924,4.7786,12.3817,41.19,In Hand
88700,-3.6966,8.7628,2.5355,9.3740,-7.4046,15.8168,40.95,In Hand
88750,-2.9832,8.7915,3.0167,7.2977,-11.4656,12.7328,40.77,In Hand
88800,-2.0016,9.3063,3.0047,0.6412,-2.5191,4.0916,41.09,In Hand
88850,-2.5738,9.1698,2.2960,2.0153,4.8855,-7.9389,41.19,In Hand
88900,-2.4948,9.9048,2.3415,3.5878,0.6412,-9.8626,40.95,In Hand
88950,-1.9417,9.8617,2.4397,1.6336,-6.8702,3.6794,40.91,In Hand
89000,-1.9944,9.8904,2.5307,3.0382,-9.7557,14.8855,41.19,In Hand
89050,-2.6863,9.8090,2.4181,-6.7481,-7.6794,13.4809,40.95,In Hand
89100,-2.6959,9.6893,1.7980,-9.7405,-11.5267,9.2519,40.91,In Hand
89150,-1.2186,8.7125,1.7430,-12.0305,-10.3511,2.9160,40.86,In Hand
89200,-1.3719,9.1889,2.3870,-0.8244,1.2061,-0.3359,41.05,In Hand
89250,-1.7597,9.3685,2.4014,-4.6718,10.5496,-4.2901,40.95,In Hand
89300,-1.8100,9.1099,2.5450,-9.9237,19.9695,-7.3740,40.91,In Hand
89350,-2.1811,9.4260,2.2098,-7.1145,23.3435,-10.5496,41.24,In Hand
89400,-2.2577,9.9240,2.2649,-10.0763,19.1450,-14.2137,40.91,In Hand
89450,-2.0710,9.5888,2.4469,-6.3664,13.1756,-6.6412,40.91,In Hand
89500,-2.0925,9.6127,2.6432,-1.1908,10.9160,0.8092,40.91,In Hand
89550,-2.6719,9.5122,2.7964,-4.4580,6.9618,0.1679,40.95,In Hand
89600,-2.8156,9.4499,2.9521,-5.9084,1.0382,-2.0153,41.05,In Hand
89650,-2.7054,9.5840,3.0167,-8.2595,-6.9313,0.1221,41.09,In Hand
89700,-2.4181,9.2057,2.5666,-8.2290,-8.5344,-1.9389,40.77,In Hand
89750,-2.3080,9.5457,2.3966,2.1374,-8.8092,-0.0305,40.91,In Hand
89800,-2.0566,9.8043,2.5259,1.6031,-9.5115,3.2214,40.77,In Hand
89850,-2.2482,9.2153,2.3511,-0.0153,-9.1145,3.2061,40.67,In Hand
89900,-2.2841,9.2584,2.2314,3.7557,-7.0992,2.3206,40.86,In Hand
89950,-2.1452,9.8114,2.1284,4.2290,-6.3511,2.9160,40.86,In Hand
90000,-1.6927,10.0341,2.0303,-2.1221,-6.7634,5.0992,40.72,In Hand
90050,-1.5730,8.9854,1.7980,-5.2824,0.7786,4.7939,40.95,In Hand
90100,-2.0351,8.5377,2.1979,3.3130,10.0611,0.8855,40.77,In Hand
90150,-2.2314,8.9376,2.7701,8.3053,16.5649,-5.9084,40.77,In Hand
90200,-2.5402,9.4379,3.0622,8.8092,16.4427,-9.5420,40.95,In Hand
90250,-3.1603,9.9982,2.9688,6.3359,3.6489,-6.1985,41.09,In Hand
90300,-2.9066,10.4579,2.7701,-3.6336,-15.2672,0.2595,40.91,In Hand
90350,-2.1332,9.7731,2.4253,-9.8626,-23.6947,4.5954,40.91,In Hand
90400,-1.9728,9.1411,1.9585,-3.3435,-22.6870,6.1527,40.86,In Hand
90450,-1.9106,9.2201,1.7813,0.6718,-18.7176,2.1832,40.72,In Hand
90500,-2.1476,9.4116,2.1452,3.0382,-12.5496,0.5191,40.95,In Hand
90550,-1.8316,9.6391,2.1739,-0.3359,-9.4962,-2.5344,40.95,In Hand
90600,-1.6975,9.3709,2.2865,0.0305,-4.9160,-1.9389,40.77,In Hand
90650,-1.8483,9.6893,2.3248,1.0229,-1.6336,0.0611,40.86,In Hand
90700,-2.0877,9.5936,2.2362,-3.4198,-1.2061,1.0382,40.95,In Hand
90750,-2.0853,9.5457,2.2697,-2.2748,-0.4580,0.3664,40.95,In Hand
90800,-1.8651,9.6774,2.2913,-5.2214,1.4504,-0.2748,40.95,In Hand
90850,-1.8818,9.4619,2.2601,-6.5802,4.3359,-0.0305,40.91,In Hand
90900,-2.1356,9.4547,2.4469,-5.9847,5.0687,0.6565,41.05,In Hand
90950,-2.0734,9.3565,2.3343,-6.0305,6.0000,-1.3282,41.38,In Hand
91000,-2.1189,9.4403,2.4708,-4.9618,6.8397,-1.6183,40.95,In Hand
91050,-2.2314,9.5481,2.4588,-5.1298,6.6870,-1.1603,40.67,In Hand
91100,-2.1739,9.7037,2.3894,-6.0305,4.3359,0.8550,40.86,In Hand
91150,-2.0925,9.4786,2.4229,-5.5115,4.9008,2.1527,40.95,In Hand
91200,-2.0470,9.1889,2.2984,-5.0076,7.3130,1.1145,40.77,In Hand
91250,-2.1165,9.2967,2.5618,-2.6870,8.4275,-0.9771,40.95,In Hand
91300,-2.2075,9.4882,2.6552,-6.2137,8.6718,-3.6489,40.91,In Hand
91350,-2.3846,9.2727,2.4924,-8.2443,9.4809,-6.0305,40.72,In Hand
91400,-2.4828,9.3182,2.5283,-7.9695,7.3435,-6.6565,40.91,In Hand
91450,-2.2290,9.4332,2.4852,-4.9924,6.6107,-5.8321,40.91,In Hand
91500,-2.3535,9.5313,2.6671,0.1527,6.6718,-2.4733,40.86,In Hand
91550,-2.4780,9.4499,2.7869,2.9008,3.4962,0.0611,41.05,In Hand
91600,-2.5115,9.1554,2.8060,6.4885,0.6107,1.0382,40.77,In Hand
91650,-2.7294,9.1698,2.8371,12.6412,-4.2137,0.5496,40.91,In Hand
91700,-2.8252,9.6893,2.6647,13.1603,-9.3130,2.2443,41.05,In Hand
91750,-2.4181,10.1993,2.4517,6.9771,-12.7634,8.1985,40.91,In Hand
91800,-2.2721,9.8761,2.0518,1.3130,-13.8015,11.7863,40.77,In Hand
91850,-2.0470,9.6079,1.6305,1.4656,-12.8244,12.5496,40.95,In Hand
91900,-1.9273,9.1698,1.6041,2.2137,-10.1985,9.0382,40.91,In Hand
91950,-1.8316,9.1459,1.6281,5.5725,-4.1527,3.0992,40.91,In Hand
92000,-1.7071,9.4715,1.7119,3.3130,-0.1985,-1.0076,40.91,In Hand
92050,-1.7957,9.7372,1.7071,1.9084,4.1832,-1.2061,40.95,In Hand
92100,-1.9130,9.8258,1.7621,0.2748,6.6107,-0.3206,41.05,In Hand
92150,-1.7980,9.7324,1.8866,-2.2748,11.2672,1.0992,40.95,In Hand
92200,-1.9776,9.6534,1.9297,-2.4885,12.1221,2.0153,41.09,In Hand
92250,-1.9800,9.4403,2.0446,-4.7786,11.6183,1.0992,40.86,In Hand
92300,-2.0087,9.4308,1.9992,-4.0763,11.2824,-1.3435,40.95,In Hand
92350,-1.9896,9.5984,2.1117,-2.5649,10.2137,-1.1603,40.86,In Hand
92400,-1.9800,9.6462,2.1332,-0.5344,8.3969,0.3664,41.09,In Hand
92450,-2.0686,9.5050,2.1763,-1.4198,4.3969,-0.5344,40.95,In Hand
92500,-2.2577,9.4834,2.0686,0.1832,1.0382,-1.9695,40.91,In Hand
92550,-2.2434,9.7324,2.0470,-0.6718,-4.4733,-2.4427,40.77,In Hand
92600,-1.9249,9.7683,1.7837,-3.1145,-4.4733,-2.0916,41.24,In Hand
92650,-1.9920,9.7612,1.6161,0.9771,-5.2061,1.4504,40.95,In Hand
92700,-1.7717,9.8043,1.4174,0.5802,-5.2061,2.7023,40.95,In Hand
92750,-1.9632,9.7444,1.5227,4.6718,-2.9008,4.9313,41.05,In Hand
92800,-1.9201,10.0030,1.3743,5.3130,-3.0992,7.4351,40.86,In Hand
92850,-1.8316,9.8450,1.3144,7.3740,-0.3664,11.4962,40.95,In Hand
92900,-1.6113,10.2161,1.2258,11.8931,1.7099,16.3664,41.09,In Hand
92950,-1.2929,10.1275,1.3264,13.2366,3.8015,21.0382,40.91,In Hand
93000,-1.2115,9.9216,1.2641,16.7634,8.8397,23.2061,41.09,In Hand
93050,-1.7789,9.4667,0.9146,17.2061,7.9237,22.4733,41.05,In Hand
93100,-1.5036,9.6367,0.9529,16.7634,5.4962,21.0840,40.91,In Hand
93150,-1.1684,9.9311,0.8308,9.3893,8.1069,15.2977,40.95,In Hand
93200,-1.2785,10.0748,0.6632,3.4351,8.0611,13.6183,41.05,In Hand
93250,-1.2091,10.0940,0.6393,-2.6565,5.7252,14.5802,40.95,In Hand
93300,-1.0056,9.9671,0.5674,-7.0076,3.7252,16.2290,40.95,In Hand
93350,-0.5770,9.3805,0.7015,-11.5878,8.2901,12.3511,40.95,In Hand
93400,-0.7350,8.9591,0.9816,-12.2901,16.7481,0.3206,40.95,In Hand
93450,-0.6129,9.2943,0.6416,-13.0992,20.5954,-10.2290,41.09,In Hand
93500,-0.4812,9.8402,0.8571,-7.5573,25.9237,-9.7252,41.19,In Hand
93550,-0.8619,10.6039,0.9218,-4.2748,25.9695,-4.3206,41.09,In Hand
93600,-0.9625,9.9599,0.8523,-10.4427,23.0992,-1.7557,40.86,In Hand
93650,-1.0654,9.3039,1.0894,-4.3359,22.1985,-4.6260,40.86,In Hand
93700,-1.3264,9.9766,1.3910,0.8397,18.1069,-5.0076,40.86,In Hand
93750,-0.8763,10.6853,1.1181,-2.7023,9.4962,1.6947,40.95,In Hand
93800,-0.4453,9.9048,0.8595,-5.7863,5.1908,9.0992,41.19,In Hand
93850,-0.6009,9.2009,0.5124,3.6794,9.9237,9.8779,40.86,In Hand
93900,-0.4788,9.5265,0.0982,6.7939,18.9618,4.6718,40.86,In Hand
93950,-0.4453,9.8378,-0.1197,5.4656,26.0153,-1.1298,40.91,In Hand
94000,-0.1748,9.8282,-0.2466,8.4580,32.5802,-1.7252,40.86,In Hand
94050,-0.1389,10.3334,-0.0239,12.2137,34.9313,2.5954,40.91,In Hand
94100,-0.0359,10.5297,0.0239,10.7176,38.4275,4.0763,41.19,In Hand
94150,-0.0575,10.6159,0.1867,9.7099,42.3206,5.4962,40.95,In Hand
94200,0.4142,10.5560,0.0551,5.3435,47.1603,8.4275,40.95,In Hand
94250,0.4908,10.2472,0.0072,1.4351,50.9313,14.3053,41.05,In Hand
94300,0.8380,9.6630,0.3089,-5.1756,54.5802,13.9847,41.24,In Hand
94350,0.5195,9.1746,0.5938,-2.7328,59.4198,6.0000,40.72,In Hand
94400,-0.1437,9.4547,0.9385,-0.4122,53.6183,-4.2290,40.95,In Hand
94450,0.1508,9.7516,0.9912,-3.2214,39.7099,-9.0229,40.95,In Hand
94500,0.6728,9.8354,1.2163,-6.9008,27.7863,-8.5954,40.95,In Hand
94550,0.3543,9.8378,1.2474,-5.6947,17.0382,-4.5802,40.95,In Hand
94600,0.1987,10.0221,0.9792,-7.1145,4.8550,-1.3893,41.05,In Hand
94650,0.4741,9.9431,0.8643,-8.9924,-2.3359,-1.5725,41.05,In Hand
94700,0.9098,9.8593,0.4046,-10.9771,-4.3511,-4.6565,41.05,In Hand
94750,0.7973,9.4571,0.1915,-9.0076,-4.6107,-6.4122,40.95,In Hand
94800,0.3184,9.8689,-0.0335,-2.8244,-3.6947,-7.6641,40.95,In Hand
94850,0.2035,10.4363,0.0527,-3.5267,-0.8550,-12.0763,40.95,In Hand
94900,0.2658,10.4196,0.1484,-9.8626,5.1145,-14.9160,40.91,In Hand
94950,0.1149,9.8258,0.4190,-16.7634,9.4962,-13.1756,40.91,In Hand
95000,-0.2729,9.4858,0.5483,-12.9313,11.7099,-10.0458,41.05,In Hand
95050,-1.0151,10.0006,0.5531,-7.4351,11.8015,-10.8397,40.91,In Hand
95100,-0.7901,10.3789,0.7135,-9.3435,6.3359,-11.5725,40.77,In Hand
95150,-0.7446,9.8402,0.6201,-6.3511,4.6260,-8.9618,40.86,In Hand
95200,-1.1756,9.9814,0.6943,-2.6565,2.5344,-4.0916,40.91,In Hand
95250,-1.1013,9.8665,0.6105,-6.7939,4.0000,-3.0687,40.95,In Hand
95300,-1.3527,9.8114,0.7494,-4.5954,6.9313,-1.7099,40.86,In Hand
95350,-1.2258,9.6175,0.7159,-5.6947,6.5649,-2.0458,40.91,In Hand
95400,-1.5993,9.4715,1.1229,-1.5878,6.7786,-0.1374,41.05,In Hand
95450,-2.0159,9.4858,1.2857,0.3206,5.5267,-1.9847,40.95,In Hand
95500,-2.4038,9.5170,1.3264,3.3282,4.8092,-6.3053,40.86,In Hand
95550,-2.3894,9.9838,1.3862,2.5191,-1.8779,-10.1679,40.95,In Hand
95600,-1.6376,9.8474,0.9481,-3.4962,-7.2214,-9.7557,41.24,In Hand
95650,-1.4557,9.6486,0.7278,0.8702,-9.7710,-6.4427,40.86,In Hand
95700,-1.3072,9.9958,0.3711,-2.7328,-8.9771,-9.2519,40.77,In Hand
95750,-1.5060,10.1801,0.4286,-2.3969,-3.7863,-7.3130,41.09,In Hand
95800,-1.2737,10.4435,0.3280,-2.9924,0.6870,-0.9771,40.95,In Hand
95850,-1.3048,10.0963,0.5411,-4.2901,8.5649,3.8015,41.05,In Hand
95900,-1.6400,9.7636,0.6129,-2.3359,10.0458,5.2672,40.77,In Hand
95950,-1.6352,9.5648,0.7422,-2.1832,6.5649,4.4580,41.09,In Hand
96000,-1.4461,9.4451,0.7542,-0.0916,3.2214,1.0229,40.95,In Hand
96050,-1.4365,9.8952,0.8715,2.2595,0.5038,-1.7710,40.91,In Hand
96100,-1.3767,10.0963,0.7973,1.7252,-0.4275,-1.1603,41.09,In Hand
96150,-1.2641,10.3382,0.6704,2.7786,-1.9847,5.6183,40.77,In Hand
96200,-1.2258,10.3453,0.4980,1.2672,-4.1374,12.1985,41.05,In Hand
96250,-1.1923,10.0341,0.2394,0.1679,-3.1145,15.7252,40.95,In Hand
96300,-1.0319,9.7779,-0.0096,2.6260,-0.3817,15.2366,40.95,In Hand
96350,-0.8619,9.8737,0.0766,4.7328,3.1298,16.0763,40.95,In Hand
96400,-0.4764,9.7636,0.0335,5.1603,5.9847,16.9160,41.28,In Hand
96450,-0.4549,9.4020,0.1006,5.6183,8.8092,13.9695,40.95,In Hand
96500,-0.6321,9.6031,0.3400,5.5420,8.0000,11.2824,40.91,In Hand
96550,-0.0766,10.1921,0.5674,-5.5878,8.8550,5.3130,40.91,In Hand
96600,-0.2107,9.8809,0.3256,-11.3435,15.1450,-1.5573,40.91,In Hand
96650,-0.3735,9.4810,0.2490,-8.8855,14.6107,-5.5725,40.77,In Hand
96700,-0.4381,9.6678,0.6560,-6.5954,10.0763,-5.6794,40.77,In Hand
96750,-0.5555,9.7396,0.9002,-8.0000,6.7939,-7.8779,40.77,In Hand
96800,-0.8523,9.6295,0.9385,-9.3282,5.4809,-13.0229,41.05,In Hand
96850,-0.9361,9.8545,0.8763,-9.2672,2.1069,-17.5725,41.09,In Hand
96900,-0.8116,9.9934,0.7997,-9.4198,-0.1527,-16.6260,40.95,In Hand
96950,-0.9649,9.9934,0.7733,-5.9847,-0.6412,-14.5802,40.91,In Hand
97000,-1.2426,10.1801,0.6464,-4.3053,-4.2595,-9.4656,40.95,In Hand
97050,-1.1205,10.2376,0.4908,-7.8626,-5.6794,-5.1450,40.95,In Hand
97100,-0.8739,10.1778,0.5195,-8.4122,-3.1298,-1.0382,40.95,In Hand
97150,-0.6919,9.8138,0.5578,-8.3969,4.3664,-1.3740,40.91,In Hand
97200,-1.0630,9.6798,0.7183,-2.4885,8.8855,0.0611,40.77,In Hand
97250,-1.1636,9.9072,0.9601,-0.8092,5.8779,-1.3435,40.91,In Hand
97300,-1.5371,9.7683,0.9601,-1.4504,0.9466,-0.9313,40.91,In Hand
97350,-1.3623,9.9695,0.8236,-2.8244,-5.0840,0.4580,40.77,In Hand
97400,-0.9960,10.0700,0.6416,-4.5344,-3.5420,0.3664,40.95,In Hand
97450,-1.2617,10.0652,0.7350,-1.8015,-1.3130,2.3206,40.86,In Hand
97500,-0.9625,10.0509,0.7087,-7.5267,-5.1756,2.8855,40.77,In Hand
97550,-1.1229,9.2991,0.7709,-6.8855,-0.7328,1.0534,41.05,In Hand
97600,-1.4126,9.7564,0.8284,-2.7328,-0.8092,-3.0076,41.19,In Hand
97650,-1.1923,9.9718,0.8380,-6.5802,-0.6412,-4.7023,41.09,In Hand
97700,-0.9960,10.1418,0.6416,-5.8321,0.7023,-1.2977,41.09,In Hand
97750,-0.6752,10.0389,0.5148,-7.3282,2.7634,1.8168,40.95,In Hand
97800,-0.9457,9.9000,0.6512,-4.3053,11.4351,3.0534,40.91,In Hand
97850,-1.2498,10.1562,0.9673,-6.0000,10.6565,4.5802,40.95,In Hand
97900,-0.9433,9.3901,0.9984,-12.9618,12.3969,1.8473,41.19,In Hand
97950,-0.9936,9.0501,1.3001,-4.7176,16.1374,-3.7405,40.86,In Hand
98000,-1.6041,9.6007,1.6281,-1.8626,15.0687,-10.4275,40.95,In Hand
98050,-1.7526,9.7109,1.7190,-1.6336,8.7634,-11.9695,40.91,In Hand
98100,-1.9513,10.4220,1.6089,1.5115,-0.9466,-7.1298,41.05,In Hand
98150,-1.4293,10.9607,1.2713,-7.4656,-12.7023,2.9618,40.77,In Hand
98200,-0.5746,9.7396,0.8859,-9.2061,-9.7710,6.5191,41.05,In Hand
98250,-1.0439,9.3709,0.9840,-2.0458,-3.4504,5.9695,41.05,In Hand
98300,-1.5969,9.2895,1.1277,-2.9008,-1.6489,2.2595,40.91,In Hand
98350,-1.5969,9.3494,1.1325,-3.1298,-0.7634,-4.8855,41.19,In Hand
98400,-1.1732,9.5840,1.1540,-1.0229,2.8855,-10.5649,41.19,In Hand
98450,-1.0295,10.0173,1.1013,1.1450,4.8702,-8.7634,41.09,In Hand
98500,-1.4796,10.3118,1.3384,3.2366,2.6260,-2.2901,40.91,In Hand
98550,-1.5251,9.8976,1.2019,-2.9466,-0.7786,-0.6412,40.95,In Hand
98600,-1.7095,9.7276,1.2330,0.8244,-1.4198,0.3053,40.86,In Hand
98650,-1.4724,10.2424,1.1157,-1.0687,-4.6412,2.4122,40.91,In Hand
98700,-1.2594,9.5936,0.9361,-2.0763,-4.3511,3.4962,40.91,In Hand
98750,-1.4700,9.7085,1.1420,5.5115,-6.6565,5.3130,40.77,In Hand
98800,-1.3408,9.7875,1.0678,0.1069,-10.4733,3.1450,40.95,In Hand
98850,-1.3527,9.5217,1.2594,1.6183,-10.0763,1.1756,41.19,In Hand
98900,-1.3384,10.0556,1.3024,2.3053,-6.1069,-1.0534,41.05,In Hand
98950,-1.5682,10.2975,0.9936,-1.7252,-7.5725,1.9542,41.38,In Hand
99000,-1.2737,10.0772,0.6416,-4.1679,-11.5878,6.8702,41.05,In Hand
99050,-0.9026,9.9359,0.8763,-2.6107,-10.4122,9.1908,40.91,In Hand
99100,-0.7590,9.7181,0.7925,-6.1221,-6.2137,4.9313,41.24,In Hand
99150,-0.9098,9.1506,0.8380,-5.5420,-0.4885,-1.0840,40.95,In Hand
99200,-1.0846,9.6438,0.8954,-1.4656,2.9771,-4.9924,41.09,In Hand
99250,-1.1349,10.0892,0.9768,-6.2595,4.4885,-6.9313,41.09,In Hand
99300,-0.9313,9.8090,0.8428,-9.3130,7.0687,-7.0534,41.24,In Hand
99350,-0.9505,9.7324,1.0008,-5.5267,8.9924,-4.7634,40.95,In Hand
99400,-1.0774,9.7061,1.2402,-4.0305,10.0458,-4.6565,40.91,In Hand
99450,-1.5969,9.4810,1.3647,-1.3893,11.2214,-7.2061,40.95,In Hand
99500,-1.9393,9.8378,1.4509,0.7634,5.7405,-8.7328,40.95,In Hand
99550,-1.6424,10.1155,1.3599,-3.0687,-0.2137,-6.8702,41.19,In Hand
99600,-1.4892,10.0676,1.3168,-1.0687,-3.5267,-1.5115,40.77,In Hand
99650,-1.5203,10.0820,1.0175,-1.3588,-7.6641,3.1145,40.91,In Hand
99700,-1.5227,9.8306,1.0008,-3.2824,-12.1832,5.6336,40.95,In Hand
99750,-1.2833,9.8043,0.8164,-3.8015,-9.3130,5.7557,40.91,In Hand
99800,-1.1037,9.5864,0.7087,-2.4122,-1.4198,2.2443,40.91,In Hand
99850,-0.9409,9.6510,0.7733,-3.3740,8.4885,-2.0916,40.91,In Hand
99900,-1.2139,9.6822,1.0822,1.4962,13.4198,-1.9389,40.95,In Hand
99950,-1.6281,9.8737,1.3264,1.4198,11.8779,-2.0916,41.24,In Hand
100000,-1.9680,9.6438,1.3982,-1.2824,5.1298,-2.9008,41.09,In Hand
100050,-1.6975,9.7468,1.1612,-1.7405,-1.1908,-3.4046,40.95,In Hand
100100,-1.5730,10.6135,0.9601,-2.5191,-2.7939,2.5802,40.77,In Hand
100150,-1.0127,10.2711,0.4693,-10.1527,1.8779,7.1756,41.19,In Hand
100200,-0.7087,9.3134,0.7494,-4.6718,11.4198,7.1756,41.19,In Hand
100250,-1.1420,9.3087,1.2282,0.0153,18.4122,2.9924,41.05,In Hand
100300,-1.9752,9.4715,1.4629,-2.2443,18.4580,-4.2137,41.05,In Hand
100350,-2.0159,9.5170,1.4940,-3.3893,14.0763,-10.8550,40.91,In Hand
100400,-1.8986,10.1203,1.4772,-2.3511,9.0534,-8.4733,41.05,In Hand
100450,-1.2426,10.2615,1.1564,-5.7863,2.1069,-3.2672,40.91,In Hand
100500,-1.5155,9.6630,1.2210,-3.9847,-0.8397,2.1985,41.19,In Hand
100550,-1.8244,9.8976,1.3671,1.6183,-2.9924,5.3130,41.09,In Hand
100600,-1.8699,10.0293,1.4748,-0.8092,-6.2901,4.1069,40.95,In Hand
100650,-1.5802,9.6606,1.0056,-4.3511,-9.0382,2.1527,40.95,In Hand
100700,-1.3910,9.4284,0.8835,0.5496,-11.2977,1.8321,40.95,In Hand
100750,-1.2139,9.7229,0.8212,3.0992,-8.9771,0.5344,41.05,In Hand
100800,-1.5036,9.5792,0.8308,4.6260,-6.8550,-0.6412,41.09,In Hand
100850,-1.6807,9.9718,1.0080,6.3664,-6.5954,-0.7176,40.91,In Hand
100900,-1.3791,10.4196,0.8475,-0.9313,-6.8702,2.1679,40.95,In Hand
100950,-0.8092,10.1394,0.7542,-4.1374,-4.7481,6.7634,41.24,In Hand
101000,-0.8930,9.9168,0.6512,-4.3664,1.0534,9.0534,41.05,In Hand
101050,-1.0989,9.5361,0.8595,-3.4351,3.1603,5.9542,40.95,In Hand
101100,-1.1540,9.3948,1.0582,-1.7405,5.7557,1.2672,40.91,In Hand
101150,-1.3767,9.8617,1.1349,0.0000,1.8779,-0.5496,40.95,In Hand
101200,-1.1205,9.7707,0.9792,-3.8779,-1.2977,-1.6947,41.05,In Hand
101250,-0.9026,9.4308,0.8763,-1.8931,0.2748,-4.2290,40.86,In Hand
101300,-1.1803,9.4427,0.8140,3.7710,6.8855,-7.1145,40.91,In Hand
101350,-2.0183,10.4866,1.1947,5.7252,3.8168,-3.6489,40.77,In Hand
101400,-1.4581,10.5393,0.8380,-9.7557,-2.5649,-1.2214,40.95,In Hand
101450,-1.1085,9.4619,0.7518,-8.5496,-1.8321,1.5420,41.05,In Hand
101500,-1.1971,9.6534,0.9098,-2.7634,-0.1985,1.4656,41.05,In Hand
101550,-1.3934,9.6678,1.0415,-4.4275,-0.5802,-1.5573,40.91,In Hand
101600,-1.5586,9.8138,1.2857,-4.2443,0.6107,-3.5267,40.95,In Hand
101650,-1.5897,10.0006,1.0439,-6.2748,0.0000,-4.6565,40.86,In Hand
101700,-1.3240,9.7731,0.9816,-7.8473,-2.1527,-3.6641,41.09,In Hand
101750,-1.1325,9.8521,1.1277,-3.8168,-2.2137,-2.7023,41.09,In Hand
101800,-1.6664,10.1035,1.0726,-5.2824,-0.7634,-1.5267,41.19,In Hand
101850,-1.5251,9.9599,0.7925,-10.0916,-1.2519,1.4656,40.95,In Hand
101900,-0.9984,9.3901,1.0008,-9.0382,3.7863,-1.7405,41.05,In Hand
101950,-0.9792,9.1339,0.9481,-4.6870,7.7557,-6.2595,40.91,In Hand
102000,-1.6352,9.1530,1.1803,1.2824,10.3664,-9.5878,41.05,In Hand
102050,-2.2865,9.9671,1.5802,6.6718,11.0687,-10.6107,41.05,In Hand
102100,-1.9441,10.8362,1.3886,-2.5954,4.0763,-7.5725,40.91,In Hand
102150,-1.5897,9.7947,1.1612,-9.3893,-0.3969,-1.2672,40.86,In Hand
102200,-1.7334,9.1842,1.1756,-2.0916,0.4733,-0.7634,40.95,In Hand
102250,-2.3032,9.5337,1.4341,3.5420,0.1679,-4.3817,41.19,In Hand
102300,-2.1596,9.8976,1.2498,-0.2137,-5.1603,-4.7481,41.05,In Hand
102350,-1.8172,9.7420,1.1301,-0.3817,-8.0000,-2.2137,40.95,In Hand
102400,-1.5060,9.6247,0.8404,1.3130,-6.3053,-2.3053,41.05,In Hand
102450,-1.9656,9.8043,1.0558,6.2443,-5.4198,0.2290,40.95,In Hand
102500,-1.8028,10.1466,0.9697,3.8321,-6.7634,3.1145,41.19,In Hand
102550,-1.6903,9.9264,1.0822,0.5344,-7.2214,4.4275,41.09,In Hand
102600,-1.7334,9.5672,0.8356,-0.2137,-5.1756,2.9771,40.91,In Hand
102650,-1.8028,9.6055,0.7829,1.7405,-3.9389,1.9695,40.91,In Hand
102700,-1.5419,9.9503,0.9050,2.0763,-2.8397,2.1832,41.09,In Hand
102750,-1.6472,9.5600,0.9074,2.8397,-0.8855,2.0611,40.77,In Hand
102800,-1.9489,9.6486,1.1349,3.1298,-3.2824,0.9618,40.91,In Hand
102850,-2.1404,9.7683,1.2210,0.6718,-4.4122,-1.4962,41.28,In Hand
102900,-1.9800,10.0245,0.8763,-2.4122,-8.9771,-0.9466,40.86,In Hand
102950,-1.4365,9.9527,0.6464,-3.6794,-9.4504,3.4962,40.91,In Hand
103000,-1.3001,9.9096,0.6153,-2.6870,-7.0840,5.6183,41.05,In Hand
103050,-1.5299,9.4260,0.6752,-3.3740,-3.9084,3.6489,40.95,In Hand
103100,-1.7526,9.3996,0.7230,-1.0687,-1.7557,-0.0458,40.58,In Hand
103150,-1.6688,9.8138,0.9577,-0.7786,0.6412,-2.9618,40.95,In Hand
103200,-1.6592,10.1825,0.9002,-4.7176,-0.6107,-2.0916,41.05,In Hand
103250,-1.3838,9.9120,0.6488,-7.8321,0.2443,1.4504,41.24,In Hand
103300,-1.3503,9.6845,0.7063,-7.2366,4.8855,1.4809,41.09,In Hand
103350,-1.7119,9.5768,0.8906,-6.1374,10.3359,-0.6718,41.38,In Hand
103400,-1.6592,9.5481,0.7566,-5.8779,10.7939,-3.5267,41.09,In Hand
103450,-1.6113,9.8545,1.0965,-3.2366,11.4046,-3.3130,41.05,In Hand
103500,-1.7047,9.9335,1.0870,-2.8702,10.4122,-0.5802,40.95,In Hand
103550,-2.1859,9.7037,1.2186,-2.4580,7.6641,0.3359,40.91,In Hand
103600,-2.2290,9.6271,1.2402,-3.6489,0.6412,-0.7328,40.86,In Hand
103650,-1.7119,9.7875,1.1588,-5.4046,-4.0763,-2.6565,41.09,In Hand
103700,-1.7310,9.9216,0.9026,-5.9847,-3.7557,-1.2824,40.91,In Hand
103750,-1.7454,10.0652,0.6680,-6.1679,-1.5725,3.1603,40.77,In Hand
103800,-1.5347,10.1442,0.7685,-8.0611,1.6794,6.1374,40.95,In Hand
103850,-1.3503,9.5600,0.8452,-8.4275,7.9542,6.3817,41.19,In Hand
103900,-1.6688,9.2823,1.0487,-2.8092,11.1450,7.2824,40.95,In Hand
103950,-2.0016,9.5002,1.5227,0.1069,12.8702,3.3893,41.05,In Hand
104000,-2.1284,9.5457,1.5227,-0.8244,12.1221,-3.3588,41.28,In Hand
104050,-2.1380,9.5146,1.4245,-0.3206,7.5725,-4.9466,40.95,In Hand
104100,-1.8411,9.9335,1.1109,-0.2290,2.9160,-3.4198,40.91,In Hand
104150,-1.8603,10.0772,0.9409,1.2672,7.4504,0.0153,41.19,In Hand
104200,-1.7502,10.4627,0.6871,-1.5878,14.1221,-0.5496,40.72,In Hand
104250,-1.4317,10.0245,1.0702,-6.8855,15.9237,5.3130,41.19,In Hand
104300,-1.6448,9.0549,1.2570,-5.3893,14.7176,7.5267,40.95,In Hand
104350,-2.2003,8.8059,1.2426,2.0000,3.6794,6.3359,40.95,In Hand
104400,-2.3607,9.4236,0.9601,4.2137,-6.1985,-0.5191,41.19,In Hand
104450,-1.8603,10.1347,0.7757,0.4580,-9.9084,-6.6718,40.86,In Hand
104500,-0.8140,10.1682,0.7254,-4.6565,-5.5573,-7.2214,40.77,In Hand
104550,-0.7709,9.8665,0.7709,-6.5344,4.9008,-0.6718,41.19,In Hand
104600,-1.2570,9.7612,0.3735,-5.9084,15.7557,0.9771,41.09,In Hand
104650,-1.5562,9.8330,0.2322,-9.0992,25.1603,-3.7099,40.86,In Hand
104700,-2.1045,9.2991,0.3208,-8.3664,34.3053,-5.7557,41.05,In Hand
104750,-2.4062,9.3230,0.2586,-5.4809,30.7176,-7.5725,41.09,In Hand
104800,-2.2865,9.5624,0.3807,-0.0916,27.2824,-7.5573,40.77,In Hand
104850,-2.0901,10.1658,0.1077,3.2519,28.8397,-2.8092,41.05,In Hand
104900,-0.7230,10.5417,-1.1277,-3.1603,36.8397,-2.3511,41.05,In Hand
104950,-0.5770,9.4116,-1.0798,-7.1450,64.5649,-2.0916,40.77,In Hand
105000,-2.4995,9.4236,-1.1181,1.8168,74.0153,0.0458,40.95,In Hand
105050,-2.5690,9.9288,-0.7183,-4.0305,72.1832,-7.0840,41.24,In Hand
105100,-1.9680,9.8665,-0.4405,-3.5725,71.9237,-7.5573,40.95,In Hand
105150,-1.1157,10.6111,-0.1724,0.3359,73.3435,0.7481,40.77,In Hand
105200,-1.3001,10.9535,0.0359,-4.4580,72.2595,12.3359,41.19,In Hand
105250,-2.1141,10.0604,0.5291,-11.8931,70.4733,15.8168,40.91,In Hand
105300,-2.2936,9.3015,0.7614,-20.9160,59.9542,10.8244,40.95,In Hand
105350,-1.4437,8.6670,0.9122,-29.8473,54.5954,-4.0153,41.24,In Hand
105400,-1.3120,7.3550,1.4341,-22.8550,59.7099,-24.1527,41.09,In Hand
105450,-2.0279,8.4946,1.7526,-6.1832,57.5573,-37.5573,40.91,In Hand
105500,-2.0207,10.7332,1.4988,-14.0611,33.6947,-34.3817,40.91,In Hand
105550,-1.7095,10.7356,1.0774,-30.2443,11.5420,-23.9847,41.09,In Hand
105600,-1.2450,10.1682,0.7709,-30.8550,6.5954,-14.9008,40.95,In Hand
105650,-0.8787,9.5026,0.1628,-24.6870,17.2977,-16.7786,41.05,In Hand
105700,-0.8404,9.2991,-0.3807,-20.8855,32.8092,-18.2748,40.91,In Hand
105750,-1.4940,10.0197,-0.1173,-10.9618,38.3969,-14.0763,40.91,In Hand
105800,-1.3958,11.0612,0.0982,-19.8015,36.9771,-6.3206,40.95,In Hand
105850,-2.8371,10.9080,0.6991,-28.1527,48.2595,-5.6947,41.28,In Hand
105900,-4.8267,10.0485,2.3487,-30.6870,47.8015,-9.8168,40.77,In Hand
105950,-3.8331,8.7508,2.0111,-37.4351,27.3282,-11.4046,40.91,In Hand
106000,-3.2298,8.1499,1.8052,-23.6641,9.7710,5.4504,40.91,In Hand
106050,-3.2417,8.7101,0.7278,-5.8168,6.6260,11.0382,40.77,In Hand
106100,-3.0789,9.1722,0.6776,-7.0992,12.5038,10.3053,40.86,In Hand
106150,-4.1755,8.5808,1.1492,0.8092,23.9542,13.0840,41.19,In Hand
106200,-4.9847,8.9064,1.3647,0.0305,19.3740,10.2595,40.86,In Hand
106250,-3.0287,8.6072,1.6903,-9.5878,19.0534,1.0534,40.91,In Hand
106300,-2.2817,7.8195,1.5179,-2.3817,30.7939,-6.7176,41.09,In Hand
106350,-3.5961,8.0972,1.1851,25.6031,35.2366,-11.8473,41.09,In Hand
106400,-3.8475,10.0604,0.8763,28.4886,25.8321,-15.6183,40.95,In Hand
106450,-3.1843,10.6686,1.0199,7.3435,23.4809,-15.7252,40.91,In Hand
106500,-2.8778,10.0820,1.1325,-2.3511,33.5420,-10.4885,40.95,In Hand
106550,-3.2633,9.6582,0.7398,0.9313,40.9160,-0.0763,41.09,In Hand
106600,-3.1173,10.0916,0.6057,-0.5802,39.5725,9.5267,41.05,In Hand
106650,-2.5905,10.0676,0.7805,-13.0687,42.4122,17.6794,40.95,In Hand
106700,-2.7294,10.1107,0.8571,-14.4122,51.8626,28.1527,40.91,In Hand
106750,-3.1675,11.2671,0.6033,-19.7252,59.2824,37.1603,40.72,In Hand
106800,-4.1084,11.4299,-0.5722,-21.3588,67.7710,30.1527,41.19,In Hand
106850,-2.8635,11.4874,-0.8188,-27.4809,57.0076,13.4656,41.05,In Hand
106900,-2.1165,8.6431,-1.0894,-43.6031,57.4504,0.9008,40.91,In Hand
106950,-2.1763,6.5697,-1.1684,-30.0916,27.4198,16.9618,41.09,In Hand
107000,-0.2466,7.5178,-1.1061,-12.8397,12.9313,22.0153,41.19,In Hand
107050,0.1173,9.5146,0.1915,1.6794,46.2748,-4.0916,41.19,In Hand
107100,-1.4078,10.6662,0.9912,-8.8244,63.4809,-27.4351,40.72,In Hand
107150,-1.6041,10.1873,0.8021,-35.9389,37.4962,-12.6870,41.05,In Hand
107200,-0.8092,8.6024,0.8212,-37.3740,23.0229,6.4427,40.72,In Hand
107250,-0.1484,8.7412,0.4094,-34.5344,45.6641,0.2595,41.09,In Hand
107300,-0.5387,9.1937,0.6632,-36.3359,71.7099,-21.2672,41.09,In Hand
107350,-0.3663,9.2919,1.9872,-36.7939,76.7481,-28.1832,41.19,In Hand
107400,-1.0104,8.7676,2.9712,-20.6412,71.0840,-23.2061,40.95,In Hand
107450,-2.2194,10.5129,3.9337,-4.9618,51.7405,-14.1374,40.95,In Hand
107500,-1.2546,12.0021,4.2856,-20.0458,32.8397,-0.0153,40.77,In Hand
107550,-3.0071,11.2049,1.5012,-16.3359,38.3969,-20.7328,41.28,In Hand
107600,-5.7628,10.6901,0.2322,-8.1374,21.6183,-26.2595,40.77,In Hand
107650,-1.5730,10.5848,0.8595,-14.4885,20.4122,-18.0458,41.09,In Hand
107700,-1.6688,8.0637,0.8930,-13.1603,26.4427,8.0000,40.91,In Hand
107750,-5.2122,5.9185,-0.2490,17.3740,3.2061,23.5114,41.24,In Hand
107800,-6.6080,6.8522,-0.3831,57.5267,-36.5038,27.4046,40.91,In Hand
107850,-4.1611,10.2520,0.0886,52.7786,-52.0305,0.1374,40.95,In Hand
107900,-2.5642,10.3334,0.5746,16.1985,-44.1374,-21.9084,40.95,In Hand
107950,-2.0518,8.9591,0.2418,11.1145,-30.9160,-7.7099,41.09,In Hand
108000,-1.9896,8.7197,0.0048,22.9160,-10.9924,12.5954,41.05,In Hand
108050,-2.9616,9.1770,-0.3184,18.3206,2.8397,7.3435,41.19,In Hand
108100,-3.3279,9.7205,-0.1101,8.0916,4.7786,-5.3588,40.95,In Hand
108150,-2.4181,10.5105,0.0742,-10.5038,9.8779,-4.8244,40.91,In Hand
108200,-2.2601,10.9391,0.0215,-27.3435,21.6947,12.2748,41.05,In Hand
108250,-1.9225,11.8417,0.5291,-33.5267,41.5878,37.2214,40.77,In Hand
108300,-4.1755,11.8609,-0.6584,-34.4122,69.0840,40.9618,41.09,In Hand
108350,-4.3335,10.8864,-0.5818,-17.9542,42.3664,31.0382,40.86,In Hand
108400,-1.0415,8.3438,-0.2801,-51.2061,12.6718,20.0000,41.24,In Hand
108450,-2.0279,5.2122,-0.6057,-44.7786,-29.4198,41.0992,40.95,In Hand
108500,-1.4676,6.5721,1.1492,17.2672,-27.1450,25.6031,41.05,In Hand
108550,-0.3926,11.4850,1.7597,29.9695,23.9542,-41.6183,41.05,In Hand
108600,-0.6680,11.5736,0.9337,-24.4580,14.0153,-39.8779,40.95,In Hand
108650,-1.2665,8.6646,1.3862,-25.6794,-17.2214,-5.3588,41.05,In Hand
108700,-1.2977,7.7189,1.6616,3.4504,-24.5954,8.9771,41.24,In Hand
108750,-0.8380,8.9950,1.8651,12.2595,-19.4046,3.5573,41.05,In Hand
108800,-1.1708,9.8378,2.4660,-5.8779,-15.3282,-16.3817,40.95,In Hand
108850,-1.9082,9.3015,2.9066,-5.0076,-21.4046,-20.1221,41.05,In Hand
108900,-2.9209,10.1873,3.8954,8.3817,-49.0534,-1.5267,41.09,In Hand
108950,-2.3942,10.5560,3.0813,-4.1832,-65.3740,-1.8168,40.77,In Hand
109000,-2.3152,11.2551,1.9824,-7.3282,-53.4351,-24.7023,41.24,In Hand
109050,-5.6072,9.9599,-0.1844,17.6947,-51.3130,-34.4580,40.86,In Hand
109100,-3.8762,9.1123,-1.0439,18.0611,-79.5725,-25.2214,40.86,In Hand
109150,-0.3256,8.9854,0.2753,12.6260,-64.9313,-24.5954,41.24,In Hand
109200,-1.6759,8.1355,0.9601,21.5878,-41.4351,-10.7939,40.95,In Hand
109250,-4.8291,7.1946,0.1796,41.0534,-35.9237,-3.3435,41.05,In Hand
109300,-7.3310,7.9392,-0.3998,53.1603,-55.8015,-10.3969,40.86,In Hand
109350,-6.0190,10.0197,0.4669,46.3359,-70.3664,-27.5420,40.91,In Hand
109400,-3.4022,10.0724,0.4166,30.9924,-74.1527,-26.2595,40.95,In Hand
109450,-2.3727,9.1889,0.3496,30.8550,-75.8779,-2.0458,40.91,In Hand
109500,-3.5913,8.9376,0.4453,46.3817,-72.8397,25.6031,40.91,In Hand
109550,-4.6519,10.0269,0.3543,44.2595,-65.6336,31.0687,41.05,In Hand
109600,-4.5226,9.9455,-0.0096,19.6336,-60.7939,16.0153,40.91,In Hand
109650,-2.9928,9.2775,0.1963,0.2595,-53.3893,7.1603,40.95,In Hand
109700,-1.9465,9.0740,0.2298,4.6107,-35.2061,18.1679,40.95,In Hand
109750,-2.7892,10.7164,-0.6919,22.0763,-18.5649,36.9771,40.95,In Hand
109800,-3.0598,12.3062,-0.8595,19.3588,-17.6794,51.2214,41.05,In Hand
109850,-1.7262,10.8769,-0.3208,-9.7099,-19.0076,45.6031,40.86,In Hand
109900,-3.0287,8.2863,0.2011,-19.3130,-18.1985,29.4656,41.24,In Hand
109950,-3.3016,7.6998,0.3136,-2.4427,-29.4809,13.4198,40.95,In Hand
110000,-1.0511,7.6686,-0.6704,-4.2748,-42.3359,-8.0000,41.05,In Hand
110050,0.0958,8.3079,-0.7159,3.8931,-51.2824,-13.9695,40.86,In Hand
110100,-0.7661,10.4052,0.5866,38.9313,-41.0534,-21.9084,41.05,In Hand
110150,-1.1588,10.9607,0.6704,27.6031,-37.9542,-15.7099,40.95,In Hand
110200,-2.3894,9.1961,1.1013,31.9847,-62.7328,9.4198,40.91,In Hand
110250,-2.7773,8.6622,1.5371,40.2901,-91.0687,19.3740,40.86,In Hand
110300,-3.2920,8.5688,1.4102,31.7863,-108.4122,9.8168,40.77,In Hand
110350,-4.4245,8.4539,0.3519,30.4733,-132.1679,0.8550,41.05,In Hand
110400,-3.9169,8.7317,-0.7302,38.8244,-145.9542,-1.6947,40.86,In Hand
110450,-4.1061,8.9040,-1.9944,37.0840,-146.8855,-8.4427,41.19,In Hand
110500,-5.9903,8.6694,-2.3248,50.1679,-147.9695,-4.2137,40.86,In Hand
110550,-5.7030,9.1291,-2.9425,45.8015,-147.6641,-1.5267,40.91,In Hand
110600,-4.8794,9.7109,-1.9417,46.5496,-134.8092,-2.5344,40.95,In Hand
110650,-3.7086,9.8713,-1.2713,20.5649,-120.5343,2.6870,41.09,In Hand
110700,-4.2665,8.9998,-0.3112,14.7328,-103.7099,12.9160,40.95,In Hand
110750,-5.6910,9.3829,-0.4022,22.3664,-95.9847,23.2824,40.95,In Hand
110800,-5.8371,9.0046,-1.0367,15.2519,-102.4885,19.8473,40.95,In Hand
110850,-4.1755,8.4515,-0.9266,27.0992,-102.4885,13.2672,40.77,In Hand
110900,-3.6631,9.3637,0.4166,41.5725,-95.9084,28.0763,41.05,In Hand
110950,-4.1611,9.2847,0.2777,32.6718,-93.9237,49.3588,40.95,In Hand
111000,-3.8762,8.8418,0.9984,22.5649,-83.1145,48.6107,40.95,In Hand
111050,-4.0749,7.7357,1.1660,19.6183,-64.8092,32.2595,40.91,In Hand
111100,-3.8235,8.9447,-0.4453,24.0000,-51.6947,18.5344,41.09,In Hand
111150,-3.6320,10.9295,-1.0343,33.9695,-63.7863,23.9084,40.95,In Hand
111200,-1.6592,10.7619,-1.6735,7.9389,-74.5496,29.4046,41.05,In Hand
111250,-2.1165,9.0573,-2.4684,-3.0840,-76.0916,21.5878,40.95,In Hand
111300,-1.9369,8.0278,-2.3367,8.4885,-76.8855,12.4122,40.77,In Hand
111350,-1.9321,8.6503,-3.0119,14.4427,-76.7786,-4.6107,41.09,In Hand
111400,-1.1564,9.6582,-3.1316,13.5878,-77.7710,-8.6565,40.91,In Hand
111450,0.2777,10.1778,-2.7916,9.5878,-59.4656,-11.3893,41.05,In Hand
111500,0.9816,9.5289,-1.9154,5.9695,-35.5878,-1.4504,41.19,In Hand
111550,-0.0742,9.2225,-0.9816,11.6031,-13.6031,12.0916,40.77,In Hand
111600,-2.2817,9.2536,-0.1867,7.1450,-10.2901,10.5344,41.09,In Hand
111650,-2.5642,9.4475,-0.0670,-11.4656,-21.5420,-5.4504,40.91,In Hand
111700,-1.0654,9.0381,-0.1030,-22.7023,-19.8015,-20.4733,41.09,In Hand
111750,-0.4190,9.2416,0.0144,-5.8473,-9.1450,-21.9237,40.91,In Hand
111800,-1.5874,10.4770,-0.1269,2.7176,-12.2901,-15.6794,41.19,In Hand
111850,-1.7406,11.3413,0.4597,-16.5954,-25.8321,-1.6336,40.91,In Hand
111900,-0.2490,10.0341,0.5363,-32.8092,-18.1832,7.6183,40.95,In Hand
111950,-1.5945,10.0173,0.1867,-19.8473,6.6565,0.1374,41.09,In Hand
112000,-5.5091,11.4730,-1.3958,4.0305,10.2901,-21.1450,40.95,In Hand
112050,-3.2394,11.7843,-2.0853,-27.1603,-7.6183,-24.0916,40.72,In Hand
112100,1.1181,8.6790,-1.1349,-34.5649,7.9695,-5.9389,41.28,In Hand
112150,-2.2434,5.9664,-1.0439,5.2061,35.4046,16.4733,41.19,In Hand
112200,-7.7883,6.8905,-2.6911,45.8931,9.0840,26.1221,41.09,In Hand
112250,-4.2425,11.9806,-1.6999,27.6947,-15.9389,5.4656,40.91,In Hand
112300,-0.1413,11.2839,-0.9505,-42.8550,22.7176,-29.5878,40.95,In Hand
112350,-1.9609,6.3973,-0.8930,-11.8626,65.3435,-15.0229,40.77,In Hand
112400,-3.6679,8.6239,-1.1396,42.2748,57.5267,19.5725,40.95,In Hand
112450,-3.8379,10.1825,-1.0702,13.4809,36.2748,18.8702,40.95,In Hand
112500,-4.1348,9.5337,-0.9385,-12.4427,31.2672,0.6870,40.95,In Hand
112550,-2.6336,10.1299,-0.4070,-17.2672,51.8931,-11.2519,40.95,In Hand
112600,-1.7238,10.0604,-0.7949,-26.0153,80.6412,-2.4275,40.95,In Hand
112650,-3.0861,9.9623,-1.8986,-19.8168,90.0458,0.5344,40.95,In Hand
112700,-2.6911,9.7300,-0.9218,-5.1756,74.5649,3.1603,40.95,In Hand
112750,-3.5841,9.3206,-0.2777,-19.1450,63.6794,-0.0611,41.05,In Hand
112800,-3.3208,8.1786,0.2849,-12.0153,35.0687,-1.4198,41.05,In Hand
112850,-0.9984,9.7683,-0.7159,-17.2214,25.8321,-11.4046,41.09,In Hand
112900,-0.0790,10.4172,-2.2673,-8.6718,30.7634,-6.1679,40.95,In Hand
112950,0.1437,10.0580,-2.5235,-8.8397,33.4046,8.0458,41.05,In Hand
113000,-0.8859,9.4978,-1.8627,4.8244,43.8779,18.6107,41.24,In Hand
113050,-2.4517,9.1650,-1.6735,9.9237,41.8779,17.1145,41.05,In Hand
113100,-1.5993,9.7133,-1.9154,-6.8092,33.9389,0.4580,40.95,In Hand
113150,-0.0263,9.5984,-1.4844,-14.1069,41.3588,-10.3206,41.05,In Hand
113200,0.2442,8.7580,-1.5921,-10.3359,53.1145,-13.4351,40.91,In Hand
113250,0.0120,9.1889,-1.0151,6.1221,61.2061,-14.0611,40.91,In Hand
113300,-1.4389,9.9695,-0.2298,7.9084,60.5954,-16.5954,40.86,In Hand
113350,-2.4038,10.5345,-0.2825,-2.9008,39.4809,-13.7405,41.09,In Hand
113400,-1.7119,10.4148,-0.4836,-14.4427,7.4809,-5.4504,40.95,In Hand
113450,-1.1540,9.3541,-1.0223,-15.3435,-9.5725,2.2443,40.91,In Hand
113500,-0.7901,9.6151,-1.1923,-6.1527,-15.8626,8.6565,40.91,In Hand
113550,-0.5578,9.9431,-1.0487,-6.5038,-10.5191,7.5267,40.77,In Hand
113600,-0.6129,9.0621,-0.8356,-14.0153,-6.6412,-3.3282,40.95,In Hand
113650,-1.1133,8.0804,-0.6895,-11.4351,-2.1679,-23.2214,41.05,In Hand
113700,-1.6209,9.2919,-0.7973,-4.4427,3.0840,-31.4198,41.09,In Hand
113750,-0.9936,11.2599,-0.5483,-3.9084,7.4351,-16.5802,41.19,In Hand
113800,0.5626,11.7843,-0.1317,-14.3359,13.6794,4.3359,41.24,In Hand
113850,-0.1556,10.2544,0.0072,-24.6870,21.5267,12.8092,40.95,In Hand
113900,-2.1308,9.4164,1.2234,-29.2977,15.7099,4.6565,40.95,In Hand
113950,-0.7901,9.8019,1.4892,-35.7863,8.8702,-10.0458,40.91,In Hand
114000,-0.9050,10.6997,1.1803,-45.2672,9.0840,-12.8855,40.77,In Hand
114050,-3.1268,11.4658,-0.2945,-23.8473,8.3969,-17.3130,40.95,In Hand
114100,-2.4876,10.8673,-0.7853,-26.3053,-13.0992,-7.3130,40.95,In Hand
114150,0.1460,9.3182,-0.7039,-41.1908,-11.5115,6.8702,41.28,In Hand
114200,-1.3791,8.0110,0.1604,-13.8931,16.9160,16.3817,40.91,In Hand
114250,-3.1987,8.3629,0.0503,-1.8931,28.8092,6.7634,40.86,In Hand
114300,-3.6823,8.3845,0.6345,-11.0229,23.7252,-4.0305,40.72,In Hand
114350,-4.9656,8.9016,1.2689,-2.5802,12.6412,-7.0840,40.91,In Hand
114400,-3.1723,10.1131,1.7717,0.4122,-1.2061,-6.0916,40.95,In Hand
114450,-1.3671,9.0692,1.1061,-8.6412,-2.6260,-6.5649,40.86,In Hand
114500,-1.6065,8.3103,1.3599,16.7939,-2.5802,1.2977,40.95,In Hand
114550,-2.5498,9.5960,1.9417,34.3206,-1.5267,4.4427,40.86,In Hand
114600,-3.4189,10.8697,1.8172,22.1527,0.8092,1.4656,41.09,In Hand
114650,-2.6719,10.7571,1.4892,-0.5802,-1.6641,3.6947,40.91,In Hand
114700,-1.2929,9.4906,1.0367,-9.7863,0.8550,10.4275,40.95,In Hand
114750,-1.6400,8.7771,0.9529,1.9237,6.3206,20.7328,40.95,In Hand
114800,-2.7509,10.0413,1.0606,9.6031,8.0458,22.3511,40.77,In Hand
114850,-2.5618,11.8800,0.8954,-13.6947,9.6489,11.5267,40.95,In Hand
114900,-1.8124,12.5600,0.6800,-26.6260,17.2214,2.3053,40.91,In Hand
114950,-0.7494,12.1338,0.4669,-37.8473,35.4046,-6.6260,40.91,In Hand
115000,-2.9808,8.9998,0.2251,-34.9160,30.5954,-4.0916,40.95,In Hand
115050,-2.4014,6.7780,-0.7685,-35.4198,-25.7863,3.7710,41.09,In Hand
115100,-0.9361,6.7349,-0.2131,-23.3740,-64.8855,24.1527,40.77,In Hand
115150,-0.0694,9.1961,0.9290,23.0840,-40.2748,3.9084,40.91,In Hand
115200,-0.1173,11.5424,0.6464,10.7481,-14.4275,-32.7634,40.86,In Hand
115250,-0.4501,10.2328,1.0822,-4.7481,-18.3206,-19.4504,40.72,In Hand
115300,-1.3312,8.5808,1.5802,16.3664,-27.5573,-0.6718,40.91,In Hand
115350,-1.6113,8.8992,1.6496,15.1603,-33.1145,-6.9313,40.95,In Hand
115400,-1.7526,8.7915,1.4317,5.1756,-37.2672,-22.5802,41.09,In Hand
115450,-0.7422,9.1578,1.4653,5.8015,-37.5573,-28.9313,41.09,In Hand
115500,-0.6033,9.4715,1.7861,11.0382,-29.3282,-31.6794,40.95,In Hand
115550,-1.8651,10.4986,2.7126,18.3817,-25.4504,-31.7099,41.09,In Hand
115600,-1.9752,11.5041,3.1843,0.5344,-35.6489,-17.8168,41.19,In Hand
115650,-1.8914,11.0373,2.7461,-26.5649,-47.0687,-0.2901,41.28,In Hand
115700,-4.6495,9.3805,1.0032,-0.1679,-45.6947,0.3969,40.72,In Hand
115750,-5.6000,9.6103,-1.0127,22.7023,-50.1679,-20.3359,40.95,In Hand
115800,-4.2521,9.3972,-1.5012,7.9847,-81.4198,-25.2824,40.91,In Hand
115850,-2.7605,9.5098,-0.0527,19.6641,-71.0687,-9.2366,40.86,In Hand
115900,-1.3384,8.9687,0.6009,20.6260,-48.9771,6.4733,40.95,In Hand
115950,-2.6217,7.3670,0.9720,16.7023,-36.4427,16.8397,41.05,In Hand
116000,-5.4253,7.4340,1.1492,32.3969,-37.5267,19.2519,41.19,In Hand
116050,-7.0198,9.2847,0.8667,41.8779,-52.1679,1.2977,40.95,In Hand
116100,-5.1787,12.0524,0.3855,14.2290,-65.1145,-28.0458,40.91,In Hand
116150,-1.6305,11.5544,0.5531,-25.1908,-55.1145,-24.5649,40.95,In Hand
116200,-1.0654,9.0573,0.3160,-18.6107,-42.0458,12.5649,40.91,In Hand
116250,-2.6432,8.7340,0.1365,6.9771,-28.6565,33.9847,41.19,In Hand
116300,-4.3527,8.7628,0.0455,23.1298,-29.3435,23.5878,40.77,In Hand
116350,-2.0638,9.4858,0.7470,2.6718,-39.7863,0.9771,40.91,In Hand
116400,-2.0159,8.2576,1.2617,-4.0916,-40.0611,1.6336,40.91,In Hand
116450,-3.3998,9.5720,1.2450,24.0611,-36.9771,13.2519,40.95,In Hand
116500,-3.5434,11.9207,0.3519,13.4809,-34.9008,8.2290,40.95,In Hand
116550,-2.2913,11.4539,-0.2801,-16.2443,-42.5344,7.9847,41.09,In Hand
116600,0.0239,9.5361,0.1125,-30.3053,-43.7863,22.5038,40.95,In Hand
116650,0.1772,7.8913,0.6369,-14.0458,-15.3588,28.3053,40.86,In Hand
116700,-1.6185,7.9942,0.7709,2.9924,13.2977,10.3511,40.91,In Hand
116750,-2.5043,9.3087,1.0391,0.8550,21.5114,-22.6107,41.05,In Hand
116800,-1.2665,9.3374,1.5826,-7.0992,24.1069,-31.8168,40.77,In Hand
116850,-1.3862,9.1842,1.8747,6.9924,24.8397,-20.3511,41.05,In Hand
116900,-2.3750,9.9886,1.8914,8.1527,20.3817,-16.5802,40.77,In Hand
116950,-3.1244,9.6007,2.4134,5.4198,6.3359,-15.6641,41.09,In Hand
117000,-2.9736,8.5952,2.1308,6.4885,-5.5267,-23.0534,40.91,In Hand
117050,-3.1532,8.9184,2.4277,25.0534,-12.9160,-27.1603,40.77,In Hand
117100,-3.5123,10.7859,1.7454,27.7863,-28.4122,-19.0382,40.95,In Hand
117150,-2.6456,10.9271,1.7214,10.0611,-43.1908,-1.2519,40.91,In Hand
117200,-2.5139,10.1155,1.4700,5.9847,-41.6641,11.6794,40.91,In Hand
117250,-3.6152,10.4818,1.4126,11.3740,-35.6641,20.7634,40.86,In Hand
117300,-3.2298,11.1618,0.8164,-5.4046,-36.0763,26.4427,40.86,In Hand
117350,-2.3655,9.1842,0.5650,-17.1756,-30.5344,23.2519,41.09,In Hand
117400,-1.8004,8.2432,1.2019,1.2519,-20.4580,18.2595,40.86,In Hand
117450,-2.8323,9.2703,1.6137,18.8244,-14.9313,15.1603,40.91,In Hand
117500,-3.3950,9.9503,2.1021,12.2290,-23.6794,18.1069,40.86,In Hand
117550,-3.4117,9.1866,1.9010,3.7405,-31.9695,18.9924,41.28,In Hand
117600,-3.4237,8.3893,1.4629,8.0000,-40.0611,16.9771,40.95,In Hand
117650,-2.9233,8.1020,1.6807,12.7328,-45.0840,6.8092,40.95,In Hand
117700,-3.4812,8.5880,1.8651,19.9389,-49.4962,-4.6718,40.86,In Hand
117750,-3.9002,9.3805,1.1229,27.1756,-64.2901,-12.0458,40.91,In Hand
117800,-4.1228,11.1426,0.2993,26.4580,-88.3359,-16.3053,41.24,In Hand
117850,-0.6393,11.7196,0.5363,6.5191,-100.4122,5.8779,41.09,In Hand
117900,0.1891,9.3206,0.7326,2.8550,-83.1908,19.2366,41.24,In Hand
117950,-2.0949,8.5281,1.0127,18.5649,-82.2443,31.9695,41.05,In Hand
118000,-2.4708,10.2089,1.2689,13.5115,-83.2519,13.7405,40.95,In Hand
118050,-2.3774,9.7252,0.8954,-13.9084,-84.1985,-14.9466,40.95,In Hand
118100,-2.0303,8.6287,-1.0630,-10.7634,-119.2519,-13.8779,41.24,In Hand
118150,0.4573,10.1730,-0.8260,28.5038,-131.8779,-11.9695,40.95,In Hand
118200,0.0072,11.7148,0.2370,37.6641,-100.0305,-6.7939,41.09,In Hand
118250,-1.0223,10.1993,-0.2179,14.9771,-93.2519,7.8321,41.38,In Hand
118300,-1.1396,8.7532,0.0670,10.1679,-93.3130,16.9313,40.91,In Hand
118350,-1.2761,8.3989,0.0431,16.1679,-88.5954,8.6107,40.95,In Hand
118400,-0.5435,9.0644,-0.0838,14.8702,-81.2061,-6.6565,40.95,In Hand
118450,-0.0431,9.2081,0.4166,17.3893,-67.3282,-12.9160,40.91,In Hand
118500,-0.3950,10.1203,1.1660,23.1145,-54.6260,-12.0305,40.86,In Hand
118550,-1.2474,10.6949,1.8555,9.9237,-53.9084,-10.0763,41.19,In Hand
118600,-1.3216,10.6231,1.7406,-9.9389,-64.9771,-5.9695,40.95,In Hand
118650,-0.7709,10.5848,1.3886,-21.0076,-73.5267,-0.9466,40.91,In Hand
118700,-2.8323,11.0947,0.1030,-16.2595,-70.5343,-6.9618,40.91,In Hand
118750,-2.9544,10.4220,-0.4046,-11.1756,-62.4275,-18.9771,40.95,In Hand
118800,-1.4988,9.6534,0.0287,-10.5649,-60.1221,-18.9160,40.91,In Hand
118850,-0.9673,9.1937,0.6369,-0.3664,-41.6641,-15.8321,40.95,In Hand
118900,-3.0574,7.6088,0.1963,10.1374,-35.8626,-14.7634,40.91,In Hand
118950,-4.3670,6.8977,0.2346,27.6641,-46.0611,-15.2977,40.95,In Hand
119000,-5.6024,8.5497,1.1540,39.3130,-52.9924,-21.7557,40.95,In Hand
119050,-4.6160,11.0325,0.7398,27.5420,-60.9160,-32.2748,41.05,In Hand
119100,-1.7885,10.5369,0.3112,3.6641,-60.1832,-24.9771,40.95,In Hand
119150,-1.5443,8.8131,0.5219,18.1985,-45.2824,-3.2519,40.95,In Hand
119200,-2.8299,9.1339,0.9313,40.5038,-29.3282,14.7786,40.77,In Hand
119250,-4.5657,10.0676,1.0199,35.4809,-25.7405,14.7176,41.09,In Hand
119300,-4.3862,10.4100,0.9218,11.4809,-35.6794,8.7328,40.95,In Hand
119350,-2.5355,9.6510,0.8428,-4.2748,-34.9466,15.4656,40.95,In Hand
119400,-1.8794,9.6055,0.9146,4.0153,-20.7023,32.3359,40.77,In Hand
119450,-2.7222,10.0676,1.4245,2.2137,-7.2366,37.6336,41.19,In Hand
119500,-2.3104,10.2089,1.2665,-3.6489,-3.8015,34.5038,40.86,In Hand
119550,-1.9848,11.3629,0.6632,-3.7252,-1.9389,32.2290,40.95,In Hand
119600,-1.6209,11.6598,-0.1101,-2.8855,1.4351,14.0763,40.77,In Hand
119650,-2.6121,9.8904,0.1963,-12.9008,2.4733,4.8550,41.09,In Hand
119700,-1.9441,6.7924,-0.6033,-15.7863,-18.4733,2.7328,40.91,In Hand
119750,-1.0630,5.9185,-1.1636,-5.8168,-55.3893,11.1450,40.95,In Hand
119800,0.9457,8.8322,-1.0008,15.9389,-56.6260,9.7557,40.77,In Hand
119850,0.8332,12.0428,-0.3256,24.9008,-12.1374,-28.4122,41.09,In Hand
119900,-0.6273,11.2599,0.2298,6.1679,8.4122,-30.3817,41.09,In Hand
119950,-0.9146,9.7995,0.6225,1.5420,-6.6870,-9.0687,41.05,In Hand
120000,-1.4222,8.6239,1.1085,1.6489,-22.9618,1.8321,41.19,In Hand
120050,-1.4605,8.3558,1.0223,6.9466,-33.4656,-3.7557,40.95,In Hand
120100,-0.6656,9.0549,1.5897,9.7557,-32.0916,-16.7786,41.05,In Hand
120150,-1.7526,10.1059,1.8914,10.1832,-28.3206,-20.5344,40.95,In Hand
120200,-2.7653,10.7236,1.5083,6.7786,-46.3817,-13.3435,40.95,In Hand
120250,-1.9178,10.7117,1.8794,-8.9008,-66.9313,-7.9542,41.05,In Hand
120300,-0.9266,10.3908,2.3296,-19.0534,-60.8397,-7.8015,41.24,In Hand
120350,-1.7119,10.0389,0.9601,-25.4504,-50.3969,-10.8244,40.95,In Hand
120400,-3.5913,9.7396,-2.5355,7.7557,-23.6336,-37.4504,41.09,In Hand
120450,-4.0534,11.7148,-2.0806,19.8015,-26.6565,-32.7176,41.09,In Hand
120500,-0.3112,11.3461,-0.6345,-23.0992,-20.3817,-25.1603,40.77,In Hand
120550,-1.2929,8.4491,0.7590,-18.2443,-0.2443,5.2519,40.91,In Hand
120600,-4.0462,6.5936,0.5028,-0.6870,-5.0382,17.9542,41.05,In Hand
120650,-6.2201,5.7054,0.1053,19.8168,-35.4656,15.5878,40.77,In Hand
120700,-6.7325,7.4412,-0.3663,52.6718,-58.2901,-10.4580,40.67,In Hand
120750,-4.2306,11.5831,-0.3759,45.9847,-59.2824,-35.5878,40.77,In Hand
120800,-0.6153,11.9614,-0.1580,-0.4427,-38.5344,-28.3969,40.72,In Hand
120850,-0.9505,9.2823,-0.3089,12.7023,-18.1832,16.5191,40.91,In Hand
120900,-2.9113,9.2967,-0.2682,38.1069,-8.7634,46.4733,40.95,In Hand
120950,-4.7381,9.8641,-0.2179,32.7328,-8.5496,37.3282,40.91,In Hand
121000,-3.8954,10.0269,-0.1269,4.4427,-15.1298,11.9542,41.05,In Hand
121050,-1.5155,9.1937,0.0862,-18.0000,-2.5191,4.8702,41.19,In Hand
121100,-0.9313,9.0525,0.1317,-5.4046,25.1756,18.8092,41.24,In Hand
121150,-2.1189,10.2783,-0.3328,-0.6718,41.5115,23.7710,41.24,In Hand
121200,-2.4900,10.3980,0.5028,-17.8779,39.6336,21.7557,41.24,In Hand
121250,-2.9257,9.6031,1.5203,-16.9618,43.0076,21.7557,40.77,In Hand
121300,-4.3670,11.8752,1.8004,17.1298,24.2748,16.5954,41.05,In Hand
121350,-2.9401,13.3644,0.5148,-9.4656,-8.7481,16.8244,40.95,In Hand
121400,-1.9106,9.3853,0.1796,-32.8397,-28.9008,25.0382,40.95,In Hand
121450,-0.4525,6.6750,-0.4717,-29.8626,-47.9847,27.9695,41.09,In Hand
121500,-0.3017,5.8442,-1.2665,-22.7786,-62.1069,30.2443,41.05,In Hand
121550,-0.1532,7.9990,-1.3862,12.0763,-58.8244,15.5420,40.95,In Hand
121600,1.2330,13.1130,-0.9337,29.3588,-34.5954,-26.0763,40.91,In Hand
121650,1.7478,12.4570,-0.1867,-10.4580,-8.8244,-13.3435,40.86,In Hand
121700,-0.2418,8.7077,0.4788,-10.5344,-8.7176,8.3053,40.91,In Hand
121750,-1.1205,7.2089,0.9385,3.4046,-18.2137,7.5725,40.91,In Hand
121800,-1.1827,7.8650,1.1708,8.5496,-21.4504,-17.2061,40.95,In Hand
121850,-0.3998,9.5026,1.0894,7.3588,-27.8168,-36.9466,40.72,In Hand
121900,-0.5722,10.5082,1.2905,11.3130,-26.3511,-37.3130,40.91,In Hand
121950,-1.7454,10.7141,1.5514,19.9237,-38.5496,-19.7557,40.77,In Hand
122000,-2.2889,10.2663,1.5969,11.8931,-64.4733,-7.7557,41.05,In Hand
122050,-2.0470,9.6438,1.6640,1.0229,-83.3130,-6.2443,40.95,In Hand
122100,-0.8308,9.2225,1.3551,0.3359,-81.4351,-13.2824,40.91,In Hand
122150,-0.8260,10.2783,0.8835,0.9160,-67.2519,-21.5573,41.09,In Hand
122200,-5.6934,11.0684,-0.4142,25.0534,-65.6489,-23.1298,40.95,In Hand
122250,-5.1619,10.9367,-0.3400,23.0229,-88.7481,-15.3435,41.09,In Hand
122300,-1.2522,10.2065,-0.4908,-10.9313,-101.4351,-4.7634,40.86,In Hand
122350,-1.8675,8.0804,0.3304,1.4046,-73.3588,12.8397,40.86,In Hand
122400,-4.4987,8.0541,-0.8859,29.4962,-60.3817,19.1145,40.91,In Hand
122450,-5.3893,9.5577,-1.4150,23.1145,-74.3664,14.0000,40.95,In Hand
122500,-2.8802,11.0133,-0.7470,-10.8397,-76.7634,5.7863,41.19,In Hand
122550,-2.3128,10.5345,0.5698,-29.4351,-54.0153,14.3053,40.95,In Hand
122600,-2.5355,8.0637,2.1356,-6.0153,-70.0916,14.6565,40.72,In Hand
122650,-4.3287,12.4163,1.4102,-3.7863,-84.2595,41.8168,40.72,In Hand
122700,-1.2546,11.5736,1.7765,-40.8244,-91.8931,40.5802,40.95,In Hand
122750,-0.3663,9.3182,2.6312,-57.9084,-76.4580,36.3817,40.67,In Hand
122800,1.0080,9.7013,4.2042,-43.1145,-66.0763,40.9466,40.91,In Hand
122850,0.2753,10.7188,4.6759,-80.0916,-5.0992,27.4962,40.91,In Hand
122900,-0.6823,8.4563,3.8906,-50.1985,12.6565,-6.7481,40.95,In Hand
122950,-1.6017,9.8617,2.8683,-36.6260,20.8092,-30.7634,40.86,In Hand
123000,-2.2290,7.8434,3.8714,-55.9847,14.8550,-16.2595,41.05,In Hand
123050,-1.5730,8.0110,3.4812,-69.8779,32.2443,0.7023,40.95,In Hand
123100,-2.4301,7.0868,4.1061,-57.9695,49.3130,14.6870,40.67,In Hand
123150,-2.1189,8.2073,3.3878,-64.8244,67.9847,15.2214,40.86,In Hand
123200,-1.8364,7.0916,3.5410,-54.3817,77.9084,15.1603,40.91,In Hand
123250,-2.6456,7.2161,4.3718,-29.1756,92.4427,29.4504,40.77,In Hand
123300,-0.3065,7.0677,4.5394,38.8855,65.2824,27.2824,41.09,In Hand
123350,-0.3352,9.7540,4.7549,31.5114,69.4198,17.6641,41.09,In Hand
123400,-0.0359,9.7683,4.5322,35.2824,67.7863,5.9237,41.19,In Hand
123450,-1.2186,10.7595,5.0733,16.4733,68.4122,9.5267,40.91,In Hand
123500,-0.2107,10.4339,5.8251,-32.4122,73.4504,18.5649,40.91,In Hand
123550,-1.9537,6.2417,5.0709,2.3053,63.5878,27.3588,40.91,In Hand
123600,-0.7661,8.4539,3.9624,83.7099,19.5878,-6.6718,40.72,In Hand
123650,-0.4908,10.7859,2.7821,55.9389,35.9237,-21.1908,40.77,In Hand
123700,-1.9393,9.8761,4.6376,12.8397,46.3206,-29.4351,41.09,In Hand
123750,-2.4565,9.6606,4.6184,4.3511,54.8244,-29.8931,41.09,In Hand
123800,-2.5953,9.4164,4.1803,-8.5038,75.4351,-31.5267,40.95,In Hand
123850,-3.6344,7.8123,3.6488,5.2214,90.3053,-27.7405,40.91,In Hand
123900,-5.3941,8.4060,2.8683,37.9389,55.7710,-23.2214,40.95,In Hand
123950,-3.5195,9.6750,1.3695,8.5191,56.3053,-15.2977,41.05,In Hand
124000,-2.9137,8.6383,1.0463,-10.5038,72.5802,-14.0916,40.91,In Hand
124050,-3.8738,7.9847,1.5538,47.4046,51.5725,-25.3740,41.05,In Hand
124100,-4.5346,9.7276,-0.2969,-2.9771,65.2672,-24.2901,40.91,In Hand
124150,-6.4883,9.2368,-0.2777,-26.5802,68.0611,-8.1985,40.91,In Hand
124200,-6.6726,7.9847,1.2402,3.4046,37.2366,14.9008,40.86,In Hand
124250,-6.4404,8.1307,0.3855,-5.8473,34.4885,49.8473,40.77,In Hand
124300,-6.5362,7.7333,1.6328,9.9389,17.6641,77.8473,41.05,In Hand
124350,-4.9512,7.4723,-0.2035,24.1679,-3.5573,82.9008,41.24,In Hand
124400,-1.5586,9.7181,-0.1772,-4.9313,23.1756,98.0000,41.05,In Hand
124450,-3.2801,10.2280,0.1772,-21.9847,22.0305,107.9237,41.05,In Hand
124500,0.2658,9.9527,-0.4836,-33.2672,31.9084,129.2824,40.86,In Hand
124550,-0.0814,9.9359,0.0239,-25.7557,45.9237,125.0992,41.05,In Hand
124600,2.5786,10.0580,-0.1317,-28.4275,44.5496,96.0305,40.86,In Hand
124650,1.5921,9.8090,0.7039,-48.2290,26.8244,91.3130,40.95,In Hand
124700,5.0901,7.9009,2.0877,7.3282,12.7939,89.6794,41.09,In Hand
124750,5.9233,9.3685,-0.2298,0.3969,49.4809,101.4198,41.24,In Hand
124800,3.0335,9.5577,1.7047,-7.3740,28.7328,84.4885,40.91,In Hand
124850,5.5785,8.4060,1.3743,-11.7863,10.4885,32.4122,41.24,In Hand
124900,4.4939,7.9918,2.0135,-13.0992,6.2901,-6.4122,40.91,In Hand
124950,5.7748,7.9727,1.1923,-11.9542,-0.2748,-0.3053,40.91,In Hand
125000,4.8052,9.0285,1.5658,-6.2443,4.8244,-2.4122,40.95,In Hand
125050,5.5617,9.0668,1.2163,-19.6336,16.9771,9.6031,40.95,In Hand
125100,5.1092,9.3829,1.7166,-20.9313,25.7557,18.2595,40.91,In Hand
125150,5.0996,9.3446,2.3535,-32.8244,23.5420,5.3740,40.91,In Hand
125200,6.1699,9.1650,2.4852,-44.0305,31.4962,-3.0229,40.95,In Hand
125250,5.6072,8.9399,2.3607,-47.8168,44.0305,-21.8473,41.05,In Hand
125300,5.4923,9.4786,3.0526,-57.5573,53.9084,-32.9771,41.09,In Hand
125350,4.3359,8.7652,3.6344,-65.1298,57.8168,-45.6794,40.77,In Hand
125400,3.0023,8.8394,4.7022,-75.6489,42.5038,-61.3282,40.91,In Hand
125450,2.8970,7.6662,5.0254,-64.0611,35.6947,-50.1985,40.86,In Hand
125500,2.0734,7.3933,5.7509,-47.2366,31.6336,-43.2824,40.95,In Hand
125550,1.3240,7.9559,6.2848,-41.0382,10.2748,-34.6107,40.95,In Hand
125600,0.9361,7.4508,6.4260,-27.5878,-4.1832,-23.8779,40.91,In Hand
125650,1.0774,7.4364,6.1363,-15.5115,-30.3817,-22.3969,40.95,In Hand
125700,1.9513,7.5130,5.9376,1.6183,-38.8092,-30.4427,41.19,In Hand
125750,1.2426,7.9607,5.9759,14.3359,-57.8931,-37.5725,40.77,In Hand
125800,1.0463,7.6614,5.9855,28.2443,-67.8168,-44.3664,41.05,In Hand
125850,1.2234,7.7189,5.3367,49.7710,-86.3206,-52.1679,40.86,In Hand
125900,0.6560,7.5202,4.5394,73.8015,-91.3588,-43.8015,40.77,In Hand
125950,0.2993,6.2728,3.2825,120.9618,-107.9695,-48.9313,40.95,In Hand
126000,2.9760,9.7803,1.6161,148.7939,-96.4733,-36.9313,40.95,In Hand
126050,0.6273,9.7109,1.4269,136.1527,-103.9847,-43.9542,41.09,In Hand
126100,0.6512,11.0660,0.0479,121.5573,-99.1145,-58.0916,40.95,In Hand
126150,-0.3472,12.7012,-1.8555,66.9466,-97.0534,-37.7710,41.19,In Hand
126200,0.1772,10.0963,-1.6376,44.9313,-101.7710,-22.8855,41.05,In Hand
126250,0.1867,10.4507,-1.9992,26.0153,-86.0916,10.7481,41.05,In Hand
126300,-0.1030,8.6383,-1.8004,45.3740,-97.1603,19.8626,41.09,In Hand
126350,0.1053,9.4427,-2.4828,55.8779,-106.3053,25.3130,41.05,In Hand
126400,0.5411,9.6414,-2.7797,25.1908,-91.2214,14.2748,40.77,In Hand
126450,0.0287,9.4284,-3.1388,21.2977,-83.9542,16.3817,40.95,In Hand
126500,-0.4549,9.7348,-3.6248,-8.4733,-62.3969,9.7863,41.05,In Hand
126550,-0.4334,8.5712,-2.5283,-4.4580,-56.6718,23.2366,40.95,In Hand
126600,-0.3160,8.9112,-3.1508,-23.5573,-39.0382,23.4809,40.86,In Hand
126650,-1.6424,7.6878,-3.1508,0.9924,-41.6183,16.6260,41.05,In Hand
126700,-1.2761,9.4715,-2.8683,47.1298,-41.4198,5.9237,40.91,In Hand
126750,-0.9313,10.5584,-3.9792,20.4122,-3.0229,3.6947,40.72,In Hand
126800,-2.3487,9.4858,-3.7254,5.2214,-21.2824,9.1908,41.05,In Hand
126850,-0.6153,9.9575,-3.1723,9.0382,-24.7023,15.5725,40.95,In Hand
126900,-0.1628,10.2424,-3.5889,-4.4580,-13.2061,6.3359,40.91,In Hand
126950,-0.6895,9.1650,-3.5578,-11.6489,-4.9771,-0.1832,41.05,In Hand
127000,-0.9002,9.5170,-3.4524,-6.1374,-18.5344,-0.0916,40.95,In Hand
127050,-0.1030,9.6822,-3.2561,-15.7099,-14.6107,10.2443,40.91,In Hand
127100,-1.5850,9.3541,-2.5091,-18.8550,-12.1374,11.6947,40.91,In Hand
127150,-0.2753,9.0597,-2.9473,-11.5725,-22.3359,24.2748,40.95,In Hand
127200,0.8787,9.8210,-2.5355,-27.2366,-2.7328,30.1832,41.19,In Hand
127250,0.6345,10.3573,-2.3655,-40.3969,2.1832,29.2672,40.95,In Hand
127300,0.2298,10.2568,-2.0710,-56.0000,-3.3893,31.2061,40.95,In Hand
127350,0.6991,10.1227,-1.7789,-71.3435,-4.5802,29.1908,41.09,In Hand
127400,1.3001,10.6901,-1.6520,-82.9008,-4.1221,16.8092,40.95,In Hand
127450,0.6177,11.1259,-0.7183,-89.2824,3.2366,27.2061,40.77,In Hand
127500,0.8045,11.1833,0.2370,-85.8779,9.2824,27.7863,40.95,In Hand
127550,0.7422,9.9431,1.7095,-98.6718,-11.8626,25.0534,40.91,In Hand
127600,1.2258,8.2696,2.6193,-92.8244,-32.3053,20.5344,40.91,In Hand
127650,2.0207,9.0549,3.0047,-78.9771,-37.4046,32.0916,40.95,In Hand
127700,2.7940,8.2265,3.1388,-83.6031,-23.3588,24.8244,41.24,In Hand
127750,3.0765,8.7460,4.0175,-91.4504,-10.8397,25.8321,41.19,In Hand
127800,2.8108,7.2281,4.6591,-83.3282,-17.1145,10.3511,40.91,In Hand
127850,3.2274,7.8362,5.6120,-52.1069,-25.8626,3.5725,40.95,In Hand
127900,3.0287,7.3239,6.2632,-23.3435,-45.9847,-21.0687,40.91,In Hand
127950,4.1707,9.2919,6.2728,0.3053,-52.1679,-19.1603,40.86,In Hand
128000,4.2904,9.2823,6.3087,-19.7252,-39.7405,-54.7328,41.09,In Hand
128050,3.2106,8.8442,6.3542,-46.4885,-19.4809,-55.4504,40.72,In Hand
128100,2.3918,8.1786,6.8642,-65.5725,-15.8015,-51.0534,41.05,In Hand
128150,2.2673,6.5745,8.3390,-74.5496,22.4275,-18.4275,41.05,In Hand
128200,1.8220,6.8570,7.0437,-48.5954,10.4580,-32.5038,41.09,In Hand
128250,1.8052,7.0174,7.5058,-54.8092,24.5344,-33.3435,41.09,In Hand
128300,1.2977,5.9424,9.2033,-57.4198,31.0229,-18.0153,41.09,In Hand
128350,0.9457,4.8387,9.1746,-39.0534,21.6947,-11.8473,40.91,In Hand
128400,2.1189,6.3542,8.1403,-16.5344,12.5954,-14.3817,41.24,In Hand
128450,1.2665,6.7229,7.2808,-26.3206,38.2443,-10.7634,40.91,In Hand
128500,-0.0646,6.0047,7.5992,-27.3740,19.4656,-6.0153,40.77,In Hand
128550,-0.6297,6.8091,7.3646,-31.4351,5.1145,-0.3053,40.95,In Hand
128600,-0.4334,7.3933,6.9408,-45.0534,-4.9008,4.3969,41.28,In Hand
128650,0.1844,7.2042,8.1092,-60.1832,-26.3206,19.8473,40.95,In Hand
128700,1.6831,7.6207,8.4443,-82.9618,-17.5267,49.6794,40.77,In Hand
128750,1.1516,5.4013,8.8753,-110.5343,13.8626,62.7481,41.09,In Hand
128800,0.4621,4.3958,8.6766,-129.6336,8.0153,81.3893,41.09,In Hand
128850,1.2929,1.4389,10.1490,-125.1908,-11.7099,49.4504,41.19,In Hand
128900,1.7119,2.5522,8.3989,-134.6870,-2.0763,60.0916,41.28,In Hand
128950,0.8092,-1.1061,9.4619,-127.4962,-30.0916,78.2137,40.91,In Hand
129000,1.9561,-1.5562,9.7133,-97.5725,-18.4122,80.4885,41.28,In Hand
129050,0.5195,-2.9592,9.6798,-104.1832,-5.7099,66.5038,41.09,In Hand
129100,1.2019,-3.7709,9.7276,-99.1145,-12.6870,58.7634,40.77,In Hand
129150,0.1963,-3.5195,10.2759,-102.1069,-22.7176,55.5573,40.72,In Hand
129200,0.3615,-7.4603,9.0597,-92.1069,-24.1069,40.3206,40.95,In Hand
129250,1.1109,-5.1404,9.4068,-93.2519,-21.4962,37.2366,40.95,In Hand
129300,2.0135,-6.9456,8.6742,-103.7405,-33.6183,69.4351,40.77,In Hand
129350,1.3192,-9.5026,7.0174,-77.0992,-14.2290,33.0229,41.05,In Hand
129400,0.3855,-7.8937,7.4508,-45.4656,-29.3130,39.1298,40.95,In Hand
129450,1.4988,-8.3222,6.8785,-20.2137,-27.8626,22.4580,40.86,In Hand
129500,2.4828,-6.0525,6.6319,-24.3206,-22.2595,28.3206,41.24,In Hand
129550,2.8395,-7.2784,6.3135,-26.2748,-16.3053,58.4885,41.05,In Hand
129600,1.9824,-9.1315,6.1531,-23.4351,-0.2748,39.4809,41.09,In Hand
129650,1.7957,-8.7747,6.4428,-12.8550,-4.4275,28.3511,41.09,In Hand
129700,1.6520,-9.0549,6.0382,-5.3130,-17.0687,33.8168,41.19,In Hand
129750,1.6568,-8.0086,5.3343,-4.6870,-6.7634,31.3282,40.95,In Hand
129800,0.4932,-7.7237,5.6383,-3.8626,-7.1298,41.0229,40.91,In Hand
129850,0.0742,-8.0038,5.9520,-3.6031,-12.3206,44.3664,40.86,In Hand
129900,-0.0551,-8.0445,5.8610,-9.0840,-8.8244,41.1908,40.91,In Hand
129950,-0.5794,-8.3749,6.1507,-14.9618,-4.8397,31.2977,41.19,In Hand
130000,-1.1013,-8.5329,6.4907,-21.9389,-10.0458,27.3893,40.95,In Hand
130050,-0.7709,-8.8609,5.8873,-18.0458,-9.0992,25.8015,41.09,In Hand
130100,-1.0678,-8.7867,5.9831,-13.4198,5.8473,16.8855,40.91,In Hand
130150,-1.6424,-8.8801,5.5258,-3.0840,8.1374,10.1832,40.91,In Hand
130200,-1.1349,-7.5920,5.8610,-1.4809,9.1756,3.0382,41.09,In Hand
130250,-2.5857,-8.6431,5.4348,-5.4198,14.5038,-10.9008,41.05,In Hand
130300,-0.7638,-8.1618,5.2505,-8.5954,7.0382,-29.0992,40.86,In Hand
130350,0.1652,-7.5417,5.5737,-6.3664,9.2061,-8.1374,40.95,In Hand
130400,-0.1844,-8.5090,5.2002,0.7176,23.5420,1.9847,40.95,In Hand
130450,-2.0614,-8.4851,5.3415,6.5191,18.4122,-7.2672,40.77,In Hand
130500,-1.4030,-8.0852,5.4516,9.2824,-1.1908,-2.9466,40.95,In Hand
130550,-0.8404,-8.0421,5.0877,9.8015,-5.2061,5.0840,40.86,In Hand
130600,-0.7039,-6.8259,7.0222,-4.7481,-2.1985,1.5573,41.05,In Hand
130650,-0.7494,-8.1786,6.0813,-6.4885,5.7710,-4.5038,41.09,In Hand
130700,-1.0415,-8.3606,5.7317,2.1527,2.4275,1.5573,41.09,In Hand
130750,-0.7805,-7.8123,6.0166,0.7176,6.4885,-1.6183,41.09,In Hand
130800,-1.2450,-7.9990,6.3470,-0.0916,2.4580,-4.0000,40.91,In Hand
130850,-1.5490,-8.0302,6.3111,4.5802,-0.5344,-5.0992,41.05,In Hand
130900,-1.5443,-6.7540,6.7876,-12.4885,-7.3435,-9.2519,41.05,In Hand
130950,-0.3017,-7.7117,6.4979,-38.2901,-2.4275,-6.4733,40.95,In Hand
131000,-0.9002,-8.7987,5.2313,-32.9924,3.9389,8.9313,40.91,In Hand
131050,0.8954,-9.4068,4.3096,-13.7863,15.0534,19.4046,41.28,In Hand
131100,-1.4341,-8.8394,6.2177,16.0611,25.5267,25.8015,41.09,In Hand
131150,-2.7102,-7.6686,5.3103,-1.0229,8.6870,15.3740,40.95,In Hand
131200,-2.0590,-7.0653,5.6814,-0.5802,3.1603,-10.5038,41.05,In Hand
131250,-1.1516,-7.5968,5.7317,-17.4351,13.3740,-16.8702,40.95,In Hand
131300,-1.9489,-8.4515,5.4803,-17.8321,9.0382,-16.5191,40.91,In Hand
131350,-2.0830,-8.8681,4.8578,-1.9695,0.5496,-8.2901,40.95,In Hand
131400,-1.1181,-8.1547,5.4899,2.1679,-2.9618,0.9160,41.09,In Hand
131450,-1.5467,-9.3350,5.2265,-6.6718,-3.4656,-2.3206,41.38,In Hand
131500,-2.3032,-7.7093,5.9735,-4.5191,-1.2366,-8.1985,41.19,In Hand
131550,-1.6137,-9.1147,5.6767,-6.8397,-15.6489,-19.8168,40.95,In Hand
131600,0.6201,-8.7676,4.0031,8.5496,10.2595,-3.8626,41.09,In Hand
131650,-0.3903,-4.7238,6.4643,6.6565,7.4809,17.1756,40.91,In Hand
131700,-2.3607,-7.8889,4.7118,-55.7252,17.4198,24.3206,40.77,In Hand
131750,-1.6137,-8.9471,5.2505,-16.4427,1.8931,-1.2366,41.05,In Hand
131800,-2.0303,-8.7053,5.0733,-27.4351,-3.4962,-9.0229,40.91,In Hand
131850,-0.2322,-8.3821,4.6567,-28.0305,0.0153,3.2824,41.09,In Hand
131900,-1.7095,-9.8378,4.3000,-25.5114,20.7939,3.2214,40.95,In Hand
131950,-2.8706,-9.8067,4.5155,-7.9237,7.2366,-0.3664,41.05,In Hand
132000,-1.8651,-8.9615,4.2784,1.9542,-2.4427,-4.8397,40.91,In Hand
132050,-1.6759,-8.1475,4.7453,4.9618,-1.8168,-6.9313,40.77,In Hand
132100,-1.1947,-9.1650,3.7733,15.2672,7.5420,-16.4122,40.91,In Hand
132150,-1.3551,-8.4539,4.7764,15.2519,0.1221,-13.8015,41.05,In Hand
132200,-0.3496,-8.2480,4.5011,16.5954,-5.7099,13.3588,40.86,In Hand
132250,-1.6257,-8.6455,4.7070,13.6031,6.9313,4.2748,41.19,In Hand
132300,-2.1165,-8.3749,5.2864,9.6183,0.8397,-8.5954,40.95,In Hand
132350,-1.3384,-8.2337,5.0925,3.1908,-2.1374,-10.7939,40.95,In Hand
132400,-1.5706,-8.6503,5.0853,2.3359,-3.4351,-13.0076,41.28,In Hand
132450,-1.3910,-8.9160,4.6687,7.2061,-6.8550,-17.9542,41.19,In Hand
132500,-1.6137,-9.2656,4.9153,11.4962,-14.9313,-24.5802,40.95,In Hand
132550,-0.7135,-8.8202,5.1380,17.9389,-10.9160,-35.4046,41.05,In Hand
132600,-0.3567,-8.4611,5.7078,23.0534,-5.5573,-42.5344,41.09,In Hand
132650,0.9768,-7.9942,6.0693,23.3893,6.2748,-39.7557,41.05,In Hand
132700,0.5243,-7.5346,6.4093,21.5420,11.4962,-30.4275,41.09,In Hand
132750,0.1293,-7.4244,6.5242,7.7405,5.1756,-19.6336,41.09,In Hand
132800,0.2298,-7.7883,6.2800,2.0000,-3.2214,-20.9771,40.91,In Hand
132850,0.5842,-8.0110,6.7900,-4.7939,-11.6489,-17.9237,40.95,In Hand
132900,1.1468,-7.8314,6.1866,-19.3893,-8.4275,-9.4504,40.91,In Hand
132950,1.3838,-8.8753,5.0566,-3.4198,-14.6260,0.7634,40.86,In Hand
133000,2.4110,-7.9416,5.3415,9.4198,6.9466,6.9924,40.91,In Hand
133050,0.0359,-7.9128,6.2991,2.7786,20.0458,-4.0916,40.95,In Hand
133100,-0.4262,-7.4771,6.0549,-1.5573,9.0840,-22.5954,41.09,In Hand
133150,0.5052,-7.1826,6.3183,-0.7481,-1.9084,-35.0534,40.91,In Hand
133200,1.4868,-6.6631,6.7421,-10.5496,-4.4122,-32.7786,40.95,In Hand
133250,2.1859,-6.3877,6.9192,-35.0534,-15.9389,-10.1985,41.09,In Hand
133300,2.9353,-8.7819,4.8866,-42.0763,-7.5878,14.4580,41.24,In Hand
133350,1.7980,-8.9854,5.0135,-19.2824,4.9313,22.5038,40.95,In Hand
133400,0.8859,-8.9591,5.5976,-11.6336,5.3282,18.1374,40.95,In Hand
133450,1.0008,-8.4587,5.8562,-14.0000,2.6870,14.6870,40.95,In Hand
133500,1.1875,-8.4013,5.2337,-18.6260,4.7939,17.2061,40.67,In Hand
133550,1.1875,-8.5329,5.1164,-22.5191,5.5115,21.8931,40.95,In Hand
133600,1.2186,-8.7843,4.2832,-18.4580,11.6794,31.1450,41.19,In Hand
133650,0.0958,-9.1770,4.5849,-13.8626,12.9618,30.7481,41.19,In Hand
133700,-0.4884,-9.2249,4.4101,-8.3053,-0.8855,29.2977,40.95,In Hand
133750,-0.6919,-9.7181,4.0725,8.6870,7.7405,11.8779,40.86,In Hand
133800,-0.6321,-8.7604,4.8483,13.8321,-1.2519,10.3969,41.19,In Hand
133850,-0.0551,-8.7939,4.9464,10.3359,-1.8473,14.8092,41.24,In Hand
133900,0.0215,-8.5234,4.9512,10.6260,3.2672,15.4504,41.09,In Hand
133950,-0.4621,-8.3629,5.1284,10.1985,8.8244,12.5649,40.91,In Hand
134000,-0.9361,-8.2121,5.3510,8.7786,9.6336,7.8473,41.24,In Hand
134050,-1.3072,-8.4467,5.6288,5.7099,4.8550,2.3969,40.72,In Hand
134100,-1.0295,-8.4036,5.4181,5.8626,2.2290,-4.3359,41.05,In Hand
134150,-0.8212,-8.3749,5.5282,5.6947,0.4580,-6.7176,41.24,In Hand
134200,-0.3519,-8.3845,5.4013,3.1298,7.8779,-12.1832,41.05,In Hand
134250,-0.8715,-8.3414,5.6240,2.5954,15.4351,-21.2672,40.95,In Hand
134300,-0.7398,-8.4443,5.6455,0.1527,12.5802,-26.3511,41.05,In Hand
134350,-0.2274,-8.3127,5.4660,-0.6565,10.7328,-25.1603,40.95,In Hand
134400,0.5124,-8.1906,5.2864,-1.3282,6.9771,-9.3893,40.86,In Hand
134450,0.0910,-8.8657,5.4612,-5.7710,3.9847,-3.1603,41.05,In Hand
134500,-0.0455,-8.8585,5.2648,-3.8473,1.2824,4.1069,40.91,In Hand
134550,-0.4166,-8.4874,5.7197,9.0229,-8.2137,18.1985,40.91,In Hand
134600,-0.0192,-8.1451,5.6431,10.2443,-1.0840,12.4275,40.95,In Hand
134650,-0.9792,-7.7093,6.2010,1.1145,2.7023,-0.8702,41.24,In Hand
134700,-0.4477,-7.9033,5.5498,-3.9389,7.4504,-18.0305,41.09,In Hand
134750,-0.4190,-8.1906,5.5833,0.7939,10.1679,-29.9695,41.09,In Hand
134800,-0.1652,-8.2025,5.6312,0.4275,7.1298,-31.4656,41.24,In Hand
134850,0.0192,-8.2480,5.6503,0.9008,3.8168,-30.3817,41.24,In Hand
134900,0.2155,-7.9128,6.0861,-9.2366,-8.1527,-20.2137,40.86,In Hand
134950,0.9361,-8.6239,5.1284,-18.7786,-11.1908,-9.9389,40.91,In Hand
135000,0.2490,-8.6550,5.6790,-15.7252,-7.1908,-8.1679,41.19,In Hand
135050,0.6345,-8.4013,5.6336,-20.1221,-11.5115,-10.3206,41.05,In Hand
135100,1.2163,-8.4228,5.4708,-27.4046,-9.8321,-9.5878,41.24,In Hand
135150,1.6352,-8.6718,5.1930,-27.5267,-5.7252,-0.4885,41.19,In Hand
135200,1.5203,-9.1650,4.6567,-22.0153,1.8779,4.6260,41.24,In Hand
135250,0.4717,-9.5241,3.9193,-13.3893,8.0611,2.2443,41.24,In Hand
135300,0.5339,-8.3893,4.9464,-16.2901,-2.6718,5.7252,40.77,In Hand
135350,1.1875,-8.5808,4.5298,-19.8473,-4.8855,10.2290,40.77,In Hand
135400,1.1492,-9.1722,4.0821,-12.2748,2.8397,11.8626,41.19,In Hand
135450,0.1437,-9.3063,4.2904,-3.7405,1.3893,10.0611,41.09,In Hand
135500,0.3783,-9.0309,4.3048,1.0687,-3.0229,7.2977,41.09,In Hand
135550,0.5602,-8.8969,4.3551,3.2214,-1.6031,6.7328,41.09,In Hand
135600,0.4238,-8.7125,4.7142,-2.1985,-0.0916,6.7634,41.19,In Hand
135650,0.2753,-8.8346,4.5107,-7.7252,0.3969,5.1756,40.95,In Hand
135700,0.0311,-9.0884,4.4245,-4.7634,1.9542,-0.6718,41.28,In Hand
135750,0.1389,-8.6694,4.4819,-3.0076,1.9389,-4.0763,40.77,In Hand
135800,0.5507,-9.0884,4.2066,-3.1298,2.3664,-6.3053,40.72,In Hand
135850,0.3280,-9.0884,4.5921,-3.8321,1.7099,-10.9618,40.91,In Hand
135900,0.5770,-8.7963,4.6615,-7.0840,-0.8092,-6.8092,40.95,In Hand
135950,2.1380,-9.0166,4.0438,-2.1527,14.0763,11.8626,40.95,In Hand
136000,0.0096,-8.9495,4.6687,2.8092,10.5802,13.0992,41.05,In Hand
136050,0.0838,-8.8849,4.4221,0.9008,8.5802,4.7939,41.19,In Hand
136100,-0.0479,-9.1243,4.3048,2.1527,7.8626,-4.1374,41.05,In Hand
136150,-0.0982,-9.2081,4.0677,3.5420,6.2901,-15.5573,41.09,In Hand
136200,0.2538,-8.9807,4.0270,8.9008,1.2519,-17.6947,41.24,In Hand
136250,0.3400,-9.0549,4.2856,6.9924,0.0000,-21.8473,41.24,In Hand
136300,0.5746,-8.9687,4.3574,7.8168,-6.2901,-18.6412,41.05,In Hand
136350,0.9720,-9.1961,4.4724,10.0763,-6.1679,-16.1527,41.09,In Hand
136400,1.3144,-8.6191,4.6064,14.1985,-3.6641,-11.1603,40.86,In Hand
136450,1.1468,-8.5760,4.7477,13.9389,-8.1069,-0.7328,41.19,In Hand
136500,1.1420,-8.6263,4.9871,7.3282,-10.4275,0.0611,40.95,In Hand
136550,1.2857,-8.5210,5.0518,8.6412,-12.2137,7.5267,41.19,In Hand
136600,1.4772,-8.7508,5.2146,13.7252,-9.5267,10.2443,40.95,In Hand
136650,1.1851,-8.7532,5.4660,13.4656,-7.5420,5.5267,41.09,In Hand
136700,1.3886,-8.4683,5.5737,17.2824,-9.8168,11.3435,41.19,In Hand
136750,0.8667,-6.6200,7.2377,1.0992,-8.8855,13.3740,40.77,In Hand
136800,1.7837,-8.1355,5.3606,-18.4886,-1.3130,3.6489,41.05,In Hand
136850,0.6967,-9.2536,5.1092,-3.8168,0.9313,9.0076,41.09,In Hand
136900,1.0798,-8.4515,5.6982,-4.1832,-6.5649,13.5115,41.09,In Hand
136950,1.2210,-8.6072,5.2409,2.3664,4.6565,7.8779,41.05,In Hand
137000,0.9577,-8.1211,5.7533,4.0305,9.8473,16.7328,40.95,In Hand
137050,0.0814,-8.0637,5.8945,-4.7481,-0.1679,29.9237,40.86,In Hand
137100,0.1221,-8.9160,5.3606,-5.2824,-6.1374,31.3282,40.95,In Hand
137150,-0.1197,-8.6024,5.1954,5.9542,-5.9237,23.8626,40.95,In Hand
137200,0.0144,-8.3965,5.2840,10.3206,8.2901,10.5802,41.09,In Hand
137250,-0.6991,-8.3031,5.9185,6.0305,6.4122,-5.3588,41.24,In Hand
137300,-0.5243,-6.3925,6.4715,-21.7099,-12.8702,-0.4733,40.91,In Hand
137350,1.1301,-5.4444,5.1404,-13.3893,-10.8855,-6.0305,40.91,In Hand
137400,0.6416,-7.3837,5.3774,-7.8779,-4.4885,-5.1603,41.19,In Hand
137450,0.0551,-8.1810,5.5306,-7.8168,-3.6031,3.5725,41.09,In Hand
137500,-0.2993,-8.6670,5.4947,-7.1908,-2.9771,6.2595,41.19,In Hand
137550,-0.4142,-8.9687,5.6312,-2.7786,-4.9008,3.4656,41.09,In Hand
137600,-0.0287,-8.5928,5.7269,-3.0229,-6.0916,-3.1908,40.91,In Hand
137650,0.1460,-8.1786,5.6982,-7.3282,-10.6260,-2.9313,41.05,In Hand
137700,0.4118,-8.3438,5.2289,-3.0534,-16.1679,0.6870,41.09,In Hand
137750,0.3232,-8.3462,5.0470,-0.4885,-14.1221,-0.3359,41.09,In Hand
137800,0.1963,-8.6311,5.0661,7.6947,-17.1756,-2.5344,40.95,In Hand
137850,0.2586,-8.7197,5.3846,12.5649,-16.2748,-11.0992,41.05,In Hand
137900,0.6273,-8.4683,5.7557,12.7176,-15.5115,-18.2290,41.19,In Hand
137950,1.1277,-8.3246,6.0334,8.1374,-16.5496,-15.2214,41.28,In Hand
138000,1.8316,-8.3222,5.9280,3.2977,-2.2748,-17.4656,41.09,In Hand
138050,1.4724,-7.5106,7.1275,-8.1527,-7.7557,-10.5344,41.19,In Hand
138100,0.8380,-7.9703,5.6886,2.8092,-12.5344,-14.3511,40.95,In Hand
138150,1.3815,-7.3358,6.3183,-0.5038,-9.9542,-26.9313,41.09,In Hand
138200,0.8835,-7.1515,6.9408,-6.9008,-19.2519,-20.1374,41.05,In Hand
138250,1.6089,-7.6279,6.6200,-18.1985,-9.0840,-20.6718,41.05,In Hand
138300,1.8531,-7.5992,5.9400,-31.0687,-12.1069,-22.2290,41.09,In Hand
138350,2.7509,-7.7524,5.8083,-38.5954,-19.2366,-9.5267,40.95,In Hand
138400,2.6312,-8.5090,5.0757,-35.9084,-23.7405,1.9542,40.95,In Hand
138450,3.5482,-8.7436,4.5514,-20.4122,-8.0611,7.1298,41.09,In Hand
138500,2.3200,-8.8945,5.0637,-15.3588,-4.0916,4.7481,41.05,In Hand
138550,2.4900,-8.7293,4.4269,-11.6183,-3.2214,4.9313,40.95,In Hand
138600,2.1548,-8.5665,4.3167,-8.8397,0.2901,-5.4046,41.05,In Hand
138650,2.8850,-8.7221,4.7333,-5.2366,-1.6031,-5.8473,41.09,In Hand
138700,2.5977,-9.1626,4.2497,-0.6870,0.1832,2.8550,40.91,In Hand
138750,2.1141,-8.8801,5.3032,4.5344,3.3588,-4.1832,41.09,In Hand
138800,2.6552,-7.9751,5.0350,7.0534,-0.5038,-5.3588,41.09,In Hand
138850,2.4517,-7.9799,5.1284,-5.7252,-0.7328,2.0305,41.24,In Hand
138900,2.3248,-8.3558,4.9536,-12.7939,-1.1756,-2.5038,40.91,In Hand
138950,2.5546,-8.5186,4.7046,-12.7634,-4.7939,-1.7710,40.77,In Hand
139000,2.8850,-8.8011,4.4796,-11.5878,-1.3435,2.7176,40.86,In Hand
139050,2.5809,-8.9591,4.2760,-7.9389,4.2595,-1.8321,41.05,In Hand
139100,2.6001,-8.5736,4.4269,-2.5802,2.1221,2.7481,41.09,In Hand
139150,2.8443,-8.4108,4.3742,-1.8168,7.5420,4.5496,41.19,In Hand
139200,2.5905,-8.2696,4.7214,-6.9924,7.2366,7.6183,40.95,In Hand
139250,2.6312,-8.3055,4.4987,-10.9771,7.0229,13.8015,40.77,In Hand
139300,2.4421,-8.4180,4.2976,-14.0763,8.3206,15.0534,41.19,In Hand
139350,1.9130,-9.0357,4.1539,-12.8550,11.3282,11.0076,40.91,In Hand
139400,1.6328,-9.1578,3.9744,-9.0687,9.2366,7.9542,41.42,In Hand
139450,1.5083,-9.2656,4.0845,-6.6107,9.0687,2.9466,40.86,In Hand
139500,1.6951,-9.1123,4.0031,-3.9695,10.2443,3.1603,41.24,In Hand
139550,1.5658,-8.7245,4.0031,-6.3359,9.6031,3.7099,40.86,In Hand
139600,1.4174,-9.1985,3.9983,-6.1221,2.5954,6.9160,41.19,In Hand
139650,1.3264,-9.4786,3.8882,-4.8244,-2.4427,6.7786,41.24,In Hand
139700,1.6352,-9.5505,3.8283,0.7328,-2.6107,6.0458,40.86,In Hand
139750,2.0901,-9.0142,3.9576,2.2595,1.0382,12.1374,41.09,In Hand
139800,1.6616,-8.9136,4.1013,3.4962,0.1069,24.8244,40.95,In Hand
139850,1.2450,-9.0501,4.1013,4.9466,-2.6412,25.6183,40.86,In Hand
139900,0.9218,-8.8777,4.1180,5.7099,-2.0458,22.3206,41.09,In Hand
139950,0.5818,-9.2392,4.1420,9.0229,0.8550,13.2977,41.28,In Hand
140000,0.2442,-9.3925,4.3455,12.4275,2.1985,-0.3817,41.05,In Hand
140050,0.7254,-8.8585,4.5083,15.7710,-0.3511,-3.3435,40.95,In Hand
140100,0.5842,-8.9376,4.7070,18.5038,0.4427,-7.1298,41.09,In Hand
140150,0.7422,-8.4467,4.9895,17.5573,-1.8321,-7.1450,41.24,In Hand
140200,1.1492,-8.4683,5.0278,15.0382,-2.1832,-5.9695,40.91,In Hand
140250,1.2378,-8.6862,5.0398,12.7023,0.1985,-10.1374,40.95,In Hand
140300,1.2067,-8.2911,5.5115,10.0611,5.2214,-12.1527,40.91,In Hand
140350,1.1468,-8.3390,5.3678,12.5344,1.6794,-10.8702,41.24,In Hand
140400,1.4868,-8.0445,5.5929,10.6107,1.5420,-9.7405,40.91,In Hand
140450,1.7526,-7.6902,5.6192,2.5038,9.1145,-10.5496,40.91,In Hand
140500,0.8835,-7.8961,5.6048,1.8473,3.8931,-8.4885,41.05,In Hand
140550,1.1612,-7.9655,5.9376,-10.1527,0.5191,-8.9771,40.95,In Hand
140600,0.7446,-8.7867,5.6024,-12.2137,-7.7252,-20.5496,41.09,In Hand
140650,2.4397,-8.4491,4.9584,5.5420,-17.8779,-15.1756,41.24,In Hand
140700,2.8802,-8.2265,5.0925,7.6336,6.6870,-11.3740,41.09,In Hand
140750,2.1979,-7.9057,6.1866,10.0153,7.8626,-4.1832,41.09,In Hand
140800,1.9441,-7.5202,6.2632,-5.3130,10.9160,3.9695,41.09,In Hand
140850,0.9912,-7.8075,6.5434,-18.5802,0.0916,11.1450,41.38,In Hand
140900,1.3240,-8.6000,5.7030,-26.8397,-10.7634,9.0076,40.91,In Hand
140950,1.7741,-8.8849,4.6807,-21.2061,-8.3206,9.7099,41.28,In Hand
141000,1.5850,-9.1770,4.4772,-6.4122,-6.5649,6.3359,41.28,In Hand
141050,1.4006,-8.4563,4.9368,-0.7176,-2.1985,-1.2366,40.91,In Hand
141100,1.4245,-8.7508,4.8818,6.2137,-10.6870,6.4733,41.05,In Hand
141150,1.8675,-8.4156,5.0973,3.2061,-5.6489,6.8244,40.95,In Hand
141200,1.8292,-7.7476,5.5043,-0.2290,-10.7023,21.2824,41.19,In Hand
141250,1.9992,-7.8027,5.6886,-5.9084,-13.2061,38.3511,41.19,In Hand
141300,2.1093,-7.3550,6.1555,-22.5344,-3.1450,52.7176,41.28,In Hand
141350,-0.0718,-9.7013,5.1978,-32.7176,13.5878,36.5802,41.09,In Hand
141400,1.2378,-10.2951,4.3503,-6.9160,21.8015,16.9008,41.09,In Hand
141450,0.1963,-9.4140,4.3598,17.6641,36.8092,16.9160,40.91,In Hand
141500,-0.6919,-7.7333,5.5545,11.5573,26.7634,17.4198,40.77,In Hand
141550,-1.2809,-7.8721,5.1906,-2.0916,6.4733,11.7252,41.09,In Hand
141600,-0.7853,-7.6806,5.1499,-20.8855,-9.9389,5.7405,41.09,In Hand
141650,-0.5076,-8.0828,5.1667,-41.1756,-21.3740,6.0916,40.95,In Hand
141700,0.0527,-8.9471,4.6112,-52.3511,-26.2901,14.2443,41.09,In Hand
141750,-0.0431,-9.6893,4.0438,-46.1221,-16.1221,12.4580,41.24,In Hand
141800,-0.1413,-9.0525,4.0414,-34.0153,-8.4733,6.6870,40.91,In Hand
141850,-0.3184,-9.2799,3.2585,-27.2061,-13.0382,15.3435,41.19,In Hand
141900,-0.0886,-9.7157,2.6073,-16.7328,-6.9008,22.3664,41.24,In Hand
141950,-0.7757,-9.2440,2.9568,-9.5878,-13.0992,38.7634,41.05,In Hand
142000,-0.5100,-8.7340,3.3303,-10.9008,-12.8397,50.8702,41.19,In Hand
142050,-1.7909,-9.2440,3.8379,-17.5878,-11.1908,47.1756,40.86,In Hand
142100,-2.2314,-9.7540,2.5977,-8.8244,-16.5344,36.1221,41.09,In Hand
142150,-2.0303,-9.3877,2.8946,2.5191,-23.2672,37.0840,41.24,In Hand
142200,-3.6200,-9.6319,2.9568,6.0153,-33.5878,41.6641,41.09,In Hand
142250,-3.3543,-9.6031,2.7509,13.5115,-47.2519,33.8779,41.05,In Hand
142300,-2.7318,-8.4443,3.7278,13.5115,-19.4351,1.9237,40.91,In Hand
142350,-3.0071,-7.7213,4.6735,-1.7710,-40.5954,4.3053,41.09,In Hand
142400,-1.4940,-8.3534,3.4093,-15.7252,-31.4962,3.1756,40.95,In Hand
142450,-0.5602,-8.1786,3.9840,-17.7710,-11.0687,9.6489,41.28,In Hand
142500,-2.7102,-9.5696,3.4357,-8.6565,-5.0840,14.5649,40.91,In Hand
142550,-2.0470,-8.7436,4.0510,-4.5954,-1.1298,7.2061,41.09,In Hand
142600,-2.9449,-8.9950,3.7733,1.2519,1.2519,-4.0458,40.77,In Hand
142650,-2.4900,-8.7963,3.7709,2.3359,5.7252,-5.7252,40.95,In Hand
142700,-2.8156,-8.4731,3.8978,-0.0458,-0.0305,-5.4656,41.09,In Hand
142750,-2.4804,-8.5760,3.5099,-6.5954,-3.6489,-1.3893,40.91,In Hand
142800,-2.6935,-8.7317,3.6057,-6.5344,-0.5344,-4.5649,40.86,In Hand
142850,-2.3248,-8.4707,3.9576,-17.3282,-3.7710,-3.5420,40.95,In Hand
142900,-2.0949,-9.1147,3.2968,-11.4504,-3.8931,-4.3969,40.91,In Hand
142950,-1.9441,-8.9088,3.5913,-5.6641,1.4046,-2.2137,41.05,In Hand
143000,-2.6001,-9.0190,3.6057,-1.5573,0.3969,-3.0382,41.24,In Hand
143050,-2.0303,-8.5856,3.8762,-3.0534,-4.8702,-6.8244,41.05,In Hand
143100,-1.1516,-8.5832,4.1252,-20.6107,16.1832,7.0076,41.24,In Hand
143150,-3.1891,-9.4619,3.1723,-21.1756,18.6565,-3.3893,41.09,In Hand
143200,-2.8108,-9.4403,2.5546,-4.3053,-18.0916,12.0000,41.19,In Hand
143250,-1.8938,-9.5840,1.9752,12.7481,-11.4809,9.8321,41.19,In Hand
143300,-2.1308,-8.4324,3.4860,18.2748,-3.6794,13.3435,41.05,In Hand
143350,-3.3567,-8.7077,3.7445,8.0611,-3.6031,8.5954,41.09,In Hand
143400,-3.3208,-8.3366,4.1013,-5.2214,-17.3893,4.2748,40.95,In Hand
143450,-1.2833,-7.9871,4.3096,-31.0992,-3.3740,13.2672,41.05,In Hand
143500,-3.1532,-9.5864,3.0239,-43.7099,21.9847,5.7710,41.09,In Hand
143550,-4.3167,-10.1323,2.5115,-12.5191,4.0458,-11.2519,41.38,In Hand
143600,-2.4397,-9.0764,2.1787,9.6336,-8.2443,-10.3206,41.09,In Hand
143650,-1.8100,-8.0110,2.9592,5.2061,2.6107,-4.1069,40.95,In Hand
143700,-2.1332,-8.3103,3.1675,0.0611,8.4427,-8.2290,40.95,In Hand
143750,-3.0574,-9.1554,2.5522,-5.8015,2.6565,-6.4427,40.95,In Hand
143800,-2.7294,-10.0221,1.9609,13.1298,-4.0153,-13.1908,41.24,In Hand
143850,-3.0143,-9.3015,3.0789,25.7710,-7.8931,-9.0687,40.95,In Hand
143900,-3.0574,-9.0788,3.3208,21.1298,-32.9771,0.8397,40.95,In Hand
143950,-2.2410,-8.6287,3.7254,14.6107,-29.0687,-7.3588,40.95,In Hand
144000,0.9697,-6.9049,5.1930,-5.1450,-17.7557,4.7786,41.19,In Hand
144050,-2.1907,-8.9639,3.8618,-18.9160,13.7863,12.1985,41.09,In Hand
144100,-2.2338,-9.3015,2.8994,-8.5038,-5.6947,10.8702,41.19,In Hand
144150,-2.8659,-9.1267,3.6224,-4.4733,1.1450,0.5954,41.24,In Hand
144200,-2.3798,-8.7317,3.7469,-6.1527,0.1527,-2.8855,40.95,In Hand
144250,-2.1835,-8.6119,3.7326,-6.6107,-2.9771,-0.6107,40.77,In Hand
144300,-2.4086,-9.0549,3.3639,-8.5802,1.1450,3.8779,41.24,In Hand
144350,-2.1141,-9.1339,3.3950,-3.9847,1.7557,0.5496,40.91,In Hand
144400,-2.4086,-8.4036,3.9672,-2.4885,0.5038,-2.0611,41.09,In Hand
144450,-2.4972,-9.5457,3.0981,-6.4733,-3.6641,0.6260,41.05,In Hand
144500,-2.2793,-9.3134,3.3016,4.6870,0.5496,-0.7786,41.19,In Hand
144550,-2.1524,-8.8562,3.5219,3.9237,0.8702,1.6641,41.24,In Hand
144600,-2.1620,-9.2703,3.1603,-0.6412,0.2595,4.2595,41.05,In Hand
144650,-1.9561,-8.7724,3.5267,3.5573,0.8244,-0.1527,41.24,In Hand
144700,-2.5067,-8.6550,4.2473,-0.6260,1.6641,1.6794,41.24,In Hand
144750,-2.3774,-9.1937,3.4309,1.2672,2.9618,-2.1679,40.95,In Hand
144800,-2.2314,-8.7269,3.5051,2.0611,5.1450,-0.0153,40.91,In Hand
144850,-2.4948,-8.7197,3.7924,-2.3359,4.7176,1.7710,40.95,In Hand
144900,-2.1572,-8.5784,3.7206,-1.8168,1.2366,2.4275,41.05,In Hand
144950,-2.2817,-8.8514,3.6392,-0.6412,3.3435,4.2137,41.24,In Hand
145000,-2.1907,-8.6886,3.6943,3.7252,6.4885,0.7481,40.72,In Hand
145050,-2.7749,-8.7795,3.8523,1.8168,2.5038,-1.4198,40.95,In Hand
145100,-2.3224,-8.7101,3.5578,5.4504,4.9160,-1.6489,40.95,In Hand
145150,-2.4397,-8.8155,3.9456,7.3893,6.0916,-1.6489,40.95,In Hand
145200,-2.7414,-8.4683,4.1683,6.3817,4.0305,-4.7328,40.95,In Hand
145250,-3.0837,-8.4779,4.1731,-1.0687,-10.4275,-6.2901,41.09,In Hand
145300,-2.4756,-8.5066,3.9313,-10.4885,-8.8855,-17.9695,41.19,In Hand
145350,-1.7047,-8.8107,3.8211,-14.4580,5.1908,-26.4427,41.19,In Hand
145400,1.2929,-7.7979,5.4253,-31.4809,40.8855,-10.8397,41.05,In Hand
145450,-1.9609,-9.9551,3.0358,-23.1603,74.7481,-21.1908,40.95,In Hand
145500,-2.6025,-10.3908,2.7773,-0.5191,67.8015,-38.8855,41.05,In Hand
145550,-2.2841,-9.3206,2.8898,13.4962,53.9542,-45.1450,40.86,In Hand
145600,-1.9489,-9.7420,2.9544,19.5878,26.1527,-29.7557,41.09,In Hand
145650,-0.9792,-9.2871,2.9449,3.5115,50.0458,-51.9084,41.09,In Hand
145700,-2.3032,-10.0149,3.0047,9.3282,50.4580,-76.5954,41.05,In Hand
145750,-1.0798,-9.9455,3.0861,26.7481,31.6794,-88.3664,41.09,In Hand
145800,0.4334,-9.3613,3.6990,26.7328,25.8015,-77.4809,40.72,In Hand
145850,1.6113,-8.8705,3.8355,27.7710,30.8397,-66.6107,41.19,In Hand
145900,1.1325,-8.0780,4.4077,28.5191,16.3664,-33.7557,40.95,In Hand
145950,1.4078,-7.7189,5.1643,15.6794,5.6489,-24.3359,41.05,In Hand
146000,1.2881,-8.5234,5.0613,3.0382,-4.6412,-29.8168,40.95,In Hand
146050,2.1787,-7.5441,4.3934,-8.6107,-3.9695,-20.4733,41.24,In Hand
146100,2.2577,-8.6957,4.6400,-11.1756,-2.8397,-21.7099,40.91,In Hand
146150,2.1835,-8.4204,4.6017,-5.9389,-0.9466,-20.4427,41.24,In Hand
146200,2.1069,-8.3031,4.3886,5.4504,-5.2519,-2.9313,41.09,In Hand
146250,2.2458,-8.8418,4.3120,8.4427,-3.5420,-3.5878,41.24,In Hand
146300,2.3104,-8.0900,5.0685,-2.9466,-7.3130,11.7252,41.19,In Hand
146350,0.9266,-8.9160,3.6559,-13.2366,-7.5725,3.9542,41.38,In Hand
146400,1.4916,-8.8657,3.6344,-10.9160,1.0534,-16.1985,41.09,In Hand
146450,1.2426,-8.9328,3.6105,-13.1603,2.5191,-37.1145,40.95,In Hand
146500,2.3272,-8.5066,3.2729,-9.3740,-1.1756,-40.5191,40.77,In Hand
146550,2.8659,-9.3063,3.0789,-3.6641,3.2824,-45.2366,40.95,In Hand
146600,2.8730,-9.1794,3.5338,7.2366,5.8015,-45.8779,41.09,In Hand
146650,3.2729,-9.3302,3.9983,17.5267,-0.5496,-53.4046,41.09,In Hand
146700,4.4197,-8.6910,3.8690,21.6031,16.0153,-70.5191,41.05,In Hand
146750,4.6376,-7.6950,4.7549,31.8931,14.7023,-71.4198,41.24,In Hand
146800,5.1092,-7.7189,5.0709,17.7405,6.0611,-65.5267,40.95,In Hand
146850,6.3758,-9.0644,3.8618,47.5573,31.8168,-92.5038,41.24,In Hand
146900,5.9616,-6.0071,5.7102,40.9008,22.3053,-69.2214,41.38,In Hand
146950,6.6319,-7.0054,5.0661,62.1069,44.3359,-82.2137,40.91,In Hand
147000,5.7868,-6.3159,6.1794,77.3435,40.5802,-74.9618,40.95,In Hand
147050,4.6974,-4.0007,6.1914,78.7176,-1.8931,-72.7328,40.95,In Hand
147100,6.8426,-2.4134,8.1116,103.8931,-23.6031,-48.5038,40.95,In Hand
147150,8.2217,-2.4995,7.8817,98.1832,3.7863,-60.2137,41.09,In Hand
147200,8.5497,-3.3040,8.2384,93.9847,39.3588,-79.6183,41.28,In Hand
147250,7.5657,-1.5131,8.0158,103.8015,47.8168,-91.9237,41.09,In Hand
147300,6.0430,-1.4700,8.3270,134.1527,45.7710,-90.2443,40.91,In Hand
147350,5.1523,2.3846,7.2161,164.9618,32.1527,-85.0229,40.86,In Hand
147400,4.8890,5.5162,6.4907,132.9618,26.3664,-86.1527,40.95,In Hand
147450,4.3167,6.6990,6.4165,81.1298,27.6336,-79.4962,40.95,In Hand
147500,3.5841,6.6319,6.6559,54.4733,25.3588,-78.1069,41.09,In Hand
147550,3.0885,6.5601,6.8402,55.0840,10.0153,-73.7099,41.38,In Hand
147600,3.3615,7.1706,7.3789,37.4198,14.8550,-64.9160,40.95,In Hand
147650,2.8850,6.3255,7.4268,21.2519,17.0992,-54.3969,41.05,In Hand
147700,2.3224,6.5984,6.6990,59.3130,5.3588,-77.7863,40.91,In Hand
147750,1.9728,8.7795,5.7461,58.4427,6.0305,-82.1069,41.19,In Hand
147800,1.0319,8.7149,5.2002,50.9618,9.9237,-76.7634,41.09,In Hand
147850,0.1844,9.6630,4.5011,48.8092,-5.2672,-74.5496,41.09,In Hand
147900,-0.4453,9.4044,4.2353,36.1985,-9.3588,-80.5343,41.09,In Hand
147950,-2.0925,9.1506,4.2018,38.1832,-26.3511,-80.9771,41.19,In Hand
148000,-2.2913,9.2009,3.8666,34.7481,-38.5802,-76.7023,41.19,In Hand
148050,-1.2450,9.5720,4.2808,9.7252,-19.0534,-66.7023,40.95,In Hand
148100,-3.0191,8.5090,4.1922,30.1985,-31.8931,-61.9389,41.19,In Hand
148150,-3.2609,9.4810,3.2848,33.8931,-31.6336,-59.5115,41.19,In Hand
148200,-3.8259,9.1889,3.0742,6.1985,-33.3740,-31.4351,40.91,In Hand
148250,-4.4221,7.8626,3.2944,2.6870,-48.3206,-14.3359,41.09,In Hand
148300,-3.2537,8.3342,3.0215,6.4427,-53.9237,17.6794,41.05,In Hand
148350,-0.0814,8.9926,3.1747,-2.2901,-21.9847,-9.6183,41.19,In Hand
148400,-2.2027,7.7835,4.3383,34.2290,-39.1145,-25.5114,40.95,In Hand
148450,-2.3320,7.7859,4.2665,48.3359,-30.6260,-38.9771,41.05,In Hand
148500,-1.7382,9.1459,4.2258,51.8168,-27.2824,-25.7557,41.24,In Hand
148550,-1.6831,9.8426,3.7445,28.2901,-3.9237,-21.1450,41.24,In Hand
148600,-3.3543,9.0573,3.7613,17.0076,-2.0611,-22.5802,41.19,In Hand
148650,-2.5259,9.8833,3.6775,1.9542,10.4580,-4.5802,40.86,In Hand
148700,-3.4333,8.6957,3.1460,5.4809,11.5115,16.0916,40.77,In Hand
148750,-2.7725,9.1123,2.9042,6.3053,11.7099,26.1221,40.95,In Hand
148800,-2.8491,9.3302,2.5738,9.6489,18.4427,28.8092,40.95,In Hand
148850,-2.6983,9.8641,1.9106,17.8931,11.5267,43.8321,41.19,In Hand
148900,-2.5355,9.5313,1.6568,15.2214,6.6107,39.4809,41.19,In Hand
148950,-0.4262,10.7452,1.7885,16.1374,2.9160,44.1221,40.86,In Hand
149000,-0.1293,10.1754,1.1779,-0.9618,8.9313,48.8397,41.05,In Hand
149050,-0.1867,9.9503,0.7901,-19.6641,16.0611,51.5725,41.09,In Hand
149100,0.6871,10.0341,0.9649,-29.4962,13.4351,49.8626,40.91,In Hand
149150,1.0487,9.8306,1.1564,-23.4962,14.6412,39.6336,40.95,In Hand
149200,1.3623,9.6845,2.0279,-30.0000,12.2901,30.3664,41.24,In Hand
149250,0.1676,9.2129,2.9928,-41.9389,8.8092,35.7099,41.24,In Hand
149300,1.3312,9.3637,4.1252,-24.3206,-15.6489,33.6641,41.28,In Hand
149350,-0.0479,9.7252,2.6815,-55.8168,-2.0458,38.8397,40.95,In Hand
149400,-0.3376,8.7939,3.2609,-78.0305,-17.3130,64.5496,40.95,In Hand
149450,3.5243,7.9224,5.3079,-52.5954,-16.2137,22.3817,41.38,In Hand
149500,2.2386,5.9233,6.4476,-9.4046,-12.1985,4.0305,41.09,In Hand
149550,1.6305,7.5776,6.3710,25.7863,-23.8168,-17.1450,41.09,In Hand
149600,1.6759,9.8282,5.5378,28.3969,-25.4809,-29.2366,40.95,In Hand
149650,2.8108,10.8194,5.7748,1.8931,-30.7481,-16.5344,41.05,In Hand
149700,1.6089,11.7699,3.7373,-19.3893,-32.5344,-5.8626,40.95,In Hand
149750,3.0023,11.2575,5.4731,-8.9924,-39.2824,-16.6260,41.09,In Hand
149800,2.0973,9.1075,4.0223,27.3130,-37.8931,-11.7710,40.91,In Hand
149850,2.4876,10.5345,3.7924,31.4656,-49.9084,-1.9542,41.05,In Hand
149900,1.7406,8.1451,2.6767,23.1756,-41.4809,-9.8321,40.95,In Hand
149950,0.0646,8.7101,2.2505,28.7634,-47.9542,7.9389,41.19,In Hand
150000,0.7302,8.5880,1.6544,45.5115,-65.3282,30.3053,41.09,In Hand
150050,1.7047,10.2711,0.7398,53.9084,-76.8702,52.3511,41.19,In Hand
150100,3.7445,9.3709,0.1053,47.8779,-72.1527,79.9389,40.95,In Hand
150150,3.6847,8.2408,1.2234,34.6870,-66.2137,75.0687,41.38,In Hand
150200,4.9847,8.3007,0.5243,40.5344,-53.3130,77.9847,41.19,In Hand
150250,5.2194,8.1020,0.6105,28.3359,-42.9008,62.6565,40.91,In Hand
150300,6.8761,7.5058,-0.7518,2.8702,-32.8397,36.4580,41.19,In Hand
150350,7.5393,6.9623,-1.7669,15.6794,-7.1145,35.6183,40.91,In Hand
150400,7.2688,9.0237,-1.4940,18.2748,13.9389,29.5114,40.86,In Hand
150450,7.0342,8.2145,-2.2865,0.0611,37.2672,24.7176,41.19,In Hand
150500,7.6016,7.0629,-2.2721,8.4733,33.2214,-10.3664,41.09,In Hand
150550,6.3351,10.5776,-2.5163,33.5115,30.5649,-16.4275,41.09,In Hand
150600,6.7971,12.1841,-2.4900,-45.6336,50.8855,-18.2748,41.09,In Hand
150650,6.4859,8.8969,-1.8914,-133.4198,68.5954,-21.9847,41.05,In Hand
150700,6.3782,5.8466,0.4142,-100.6107,62.4275,-28.3969,41.09,In Hand
150750,6.7780,8.0732,-0.0718,-93.1908,59.4351,-43.1298,41.05,In Hand
150800,4.8818,7.7596,1.4006,-124.1221,54.9008,-45.1908,41.28,In Hand
150850,4.6807,7.4603,3.5099,-143.9084,48.8550,-51.4962,41.28,In Hand
150900,3.5171,5.2146,5.7628,-111.9542,37.5878,-30.5802,40.95,In Hand
150950,4.2042,5.0901,5.8730,-84.0305,25.2824,-26.1374,41.05,In Hand
151000,3.5458,6.6056,7.5130,-71.4657,17.8321,-17.4809,41.19,In Hand
151050,3.8475,5.7269,7.7716,-61.8015,12.5038,-6.9008,40.95,In Hand
151100,3.6583,6.2560,7.8697,-64.4580,11.8931,-2.5954,41.09,In Hand
151150,4.4317,5.5067,8.9878,-67.8931,19.9847,-1.3130,40.91,In Hand
151200,3.6320,4.1348,8.8753,-71.2366,27.8168,-3.1145,40.95,In Hand
151250,3.5482,3.2298,9.8952,-59.3588,28.9924,4.7939,41.05,In Hand
151300,3.0071,3.2489,10.3142,-51.3893,31.2519,2.7786,41.19,In Hand
151350,2.9568,3.2226,10.3717,-47.1450,28.8397,5.7710,40.95,In Hand
151400,2.0710,4.2186,12.2870,-17.0229,26.8702,1.2214,41.19,In Hand
151450,1.8052,4.9895,9.5529,9.8931,15.7710,3.9084,41.05,In Hand
151500,1.6951,4.1324,7.2544,-12.5344,11.8931,-10.8397,41.24,In Hand
151550,1.0558,4.1204,7.5082,-37.1450,15.9542,-34.0611,41.28,In Hand
151600,0.1221,3.3303,9.3326,-33.8168,9.0076,-45.4656,40.95,In Hand
151650,-0.2514,3.3639,9.6917,18.8550,-1.7099,-50.4580,40.91,In Hand
151700,0.0694,3.6607,8.8514,33.6336,-1.7557,-38.6107,41.05,In Hand
151750,0.8404,3.8164,8.4587,28.4122,-16.4427,-19.5420,40.95,In Hand
151800,2.4421,5.2337,9.3541,14.9771,-24.8397,-14.4122,41.09,In Hand
151850,1.8028,5.2170,8.9304,-11.9695,-23.8168,7.2977,41.09,In Hand
151900,2.0997,4.2138,10.5848,-48.4122,-14.6107,20.4427,40.95,In Hand
151950,1.3934,0.7518,11.0516,-38.2137,-6.2137,23.2977,41.05,In Hand
152000,1.5083,3.1412,12.0883,-3.4504,-29.9695,8.5954,41.19,In Hand
152050,2.7605,2.6863,11.2168,-16.9160,-26.6870,17.4198,41.09,In Hand
152100,5.8873,0.8595,10.2304,3.5115,-11.6183,-33.0229,41.09,In Hand
152150,3.7421,5.9735,11.7124,24.4580,-4.9313,-54.3969,41.09,In Hand
152200,3.2154,3.3303,9.3302,42.3817,-22.0916,-95.2061,41.05,In Hand
152250,2.5666,5.0661,7.2425,61.7710,-51.3740,-94.1069,41.05,In Hand
152300,2.5115,6.5505,6.3997,80.8397,-49.2672,-107.8626,41.19,In Hand
152350,1.0630,7.6495,4.5562,81.3435,-77.4198,-131.3893,41.19,In Hand
152400,-0.3184,7.5441,5.2912,69.1450,-58.5496,-146.3512,40.91,In Hand
152450,-1.4102,7.0342,4.7621,61.3893,-49.8321,-167.4351,40.91,In Hand
152500,-4.5969,10.1347,7.2449,42.1374,-40.4427,-149.2672,41.05,In Hand
152550,-1.4365,6.4643,7.4747,67.2214,-50.6260,-108.5802,41.24,In Hand
152600,-0.9984,10.4196,7.4244,63.4351,-46.1832,-79.3740,40.95,In Hand
152650,-1.4413,10.9535,7.2760,-8.9008,-54.5344,-44.1221,41.05,In Hand
152700,-2.1883,8.8777,7.1970,-8.8244,-49.6336,-29.2366,40.91,In Hand
152750,2.0303,12.2942,8.5904,-55.8779,-58.9160,-1.4046,40.91,In Hand
152800,-0.5890,6.2153,8.8657,-30.6718,-45.6794,-47.5115,41.05,In Hand
152850,-0.3496,7.2281,7.9583,1.6183,21.4504,-50.1985,41.09,In Hand
152900,-1.8459,7.4915,4.4388,10.9313,-1.9389,-47.6947,41.24,In Hand
152950,-1.0630,7.8626,5.7796,7.3893,-23.0229,-0.9466,41.24,In Hand
153000,-4.0223,6.5386,6.6966,21.6947,-36.4885,14.5038,41.05,In Hand
153050,-4.8435,7.3287,7.2616,31.7863,-48.3817,-10.1679,40.91,In Hand
153100,-0.4549,8.7412,6.5242,15.5115,-29.9237,-44.6260,40.95,In Hand
153150,-0.9433,6.7062,5.6862,0.3969,-14.2901,-42.9618,41.09,In Hand
153200,-2.3080,7.4196,6.2872,20.3359,-25.2214,-17.2824,41.24,In Hand
153250,-2.1979,8.5928,6.4069,32.5802,-36.8092,-13.0687,40.86,In Hand
153300,-1.3168,9.6319,6.2848,13.3435,-30.2595,-15.8779,40.86,In Hand
153350,-0.7877,8.1786,5.9280,-1.3130,-17.8931,-2.4580,41.24,In Hand
153400,-0.9984,7.6638,5.9472,11.1603,-5.4809,12.8092,41.09,In Hand
153450,-1.3767,8.9016,6.3183,12.3511,1.6031,17.6183,41.24,In Hand
153500,-0.9697,9.4044,6.5362,-3.9847,5.0229,17.5420,41.05,In Hand
153550,-1.1779,9.4571,7.1204,-12.8855,12.3664,21.3588,41.19,In Hand
153600,-2.2529,9.5720,7.2089,-9.1908,18.6260,10.9771,41.09,In Hand
153650,-2.2601,8.6670,5.6024,-13.9237,8.0000,2.5954,40.91,In Hand
153700,-2.9401,6.3111,4.2497,-13.4046,-17.8626,6.1221,41.19,In Hand
153750,-2.1428,5.2194,2.9688,7.2061,-54.6260,-2.3664,40.95,In Hand
153800,-0.3543,7.6543,3.9576,35.9542,-65.8931,-25.6183,40.95,In Hand
153850,0.6943,12.2535,6.4404,33.9237,-25.2366,-55.7252,40.91,In Hand
153900,-0.6464,11.4946,5.1164,-9.1756,-11.0992,-41.1298,40.91,In Hand
153950,-1.2570,8.1618,4.7860,-9.9237,-28.7634,-11.0687,41.09,In Hand
154000,-0.5195,6.9647,4.6998,7.3282,-39.0534,-2.6260,40.91,In Hand
154050,-0.1939,7.5465,4.8028,9.4046,-33.9237,-14.2290,41.09,In Hand
154100,-0.6321,7.7572,5.5665,-1.1603,-24.8550,-29.7405,40.95,In Hand
154150,-0.4717,8.5497,6.1579,-3.0840,-22.3053,-37.3740,40.95,In Hand
154200,-0.9026,9.1147,5.9687,-6.2137,-31.2519,-39.2214,41.28,In Hand
154250,-0.7015,8.8609,6.7684,-11.2214,-39.2214,-36.3511,41.19,In Hand
154300,-0.7326,8.8011,6.7181,-3.7557,-35.8015,-27.2672,40.77,In Hand
154350,-1.5227,9.8497,6.2824,5.2977,-39.2366,-14.8702,41.28,In Hand
154400,-3.2034,9.5409,5.9711,6.5649,-48.5344,-22.3206,41.19,In Hand
154450,-3.2896,7.7285,4.7764,-13.0992,-62.4580,-25.3740,41.24,In Hand
154500,-3.1316,6.1220,4.9249,0.5496,-70.8855,-36.6412,40.91,In Hand
154550,-1.5323,7.2760,4.6160,12.9618,-60.7481,-48.1985,40.72,In Hand
154600,-2.1141,7.4579,4.4341,12.5802,-46.9313,-48.7786,40.91,In Hand
154650,-3.1867,7.3957,5.1212,14.5954,-39.3435,-43.7557,41.19,In Hand
154700,-3.1364,8.1139,5.6431,27.2672,-28.0000,-44.1527,41.09,In Hand
154750,-3.2896,10.2927,5.5162,27.1756,-23.4504,-51.0076,41.05,In Hand
154800,-1.6305,10.5105,4.9153,-5.2519,-20.8855,-38.3359,41.38,In Hand
154850,-2.0327,8.1523,5.1954,-4.4275,-12.3664,-7.7863,40.95,In Hand
154900,-2.9090,7.9272,5.2912,14.5038,-2.8702,6.3053,40.91,In Hand
154950,-3.5362,8.6670,5.1739,18.0305,0.1679,0.2748,41.19,In Hand
155000,-2.7342,9.3182,5.4540,5.1145,-4.8397,-3.3130,40.91,In Hand
155050,-1.6448,9.1028,5.6575,-7.9542,0.6260,17.3740,41.05,In Hand
155100,-3.4955,8.6383,5.2433,-2.3359,11.8931,28.9924,41.28,In Hand
155150,-3.5171,9.4834,4.5969,-3.0534,-0.1679,7.5115,41.05,In Hand
155200,-0.0168,8.5569,3.7685,-26.8244,5.5420,1.0534,40.91,In Hand
155250,-1.5419,6.9264,4.4245,8.7634,8.0763,22.9924,40.95,In Hand
155300,-2.0949,8.7388,4.4460,27.2977,-1.7557,34.0458,40.95,In Hand
155350,-1.6185,10.0652,4.3239,16.0763,3.8931,18.9008,41.09,In Hand
155400,-0.7901,10.6015,4.0630,-12.9466,20.3664,-1.8321,41.09,In Hand
155450,-0.5387,8.4970,3.7206,-27.9847,24.1374,5.2672,41.09,In Hand
155500,-1.0654,7.8554,4.0965,-0.3664,20.6565,10.0153,40.95,In Hand
155550,-1.4605,9.3206,4.4628,6.0305,14.0916,4.9008,40.72,In Hand
155600,-1.3455,9.2895,4.4341,-7.2366,8.7786,-1.3435,41.28,In Hand
155650,-1.4772,8.3725,4.6783,-3.7863,4.3817,0.3511,41.19,In Hand
155700,-1.5706,8.2887,5.1188,6.8855,-1.5573,-2.4733,41.24,In Hand
155750,-1.4222,9.0142,5.2481,11.8931,-7.1908,-11.1756,41.09,In Hand
155800,-1.1372,9.5672,5.1954,0.8855,-12.6718,-12.3511,41.05,In Hand
155850,-1.1588,8.2624,4.9656,-1.7557,-19.2519,-10.8550,41.19,In Hand
155900,-1.7047,7.4005,5.0470,6.2137,-25.8321,-15.3893,41.24,In Hand
155950,-1.9297,7.3765,5.4324,11.8168,-28.0611,-24.5954,41.19,In Hand
156000,-2.6911,7.6902,5.4684,4.0458,-34.4275,-36.0305,41.09,In Hand
156050,-3.0191,7.1946,6.2010,4.6565,-46.2443,-50.2137,41.09,In Hand
156100,-3.6440,8.0756,6.6415,18.2595,-52.8244,-60.5191,41.05,In Hand
156150,-4.1875,9.3829,6.6367,25.9695,-60.6260,-59.8779,40.95,In Hand
156200,-4.1468,9.9838,5.5689,18.1832,-77.2214,-50.3817,41.05,In Hand
156250,-3.3088,9.6414,4.8028,1.8931,-93.2214,-35.7405,41.05,In Hand
156300,-2.6624,8.3318,4.5586,12.2137,-96.2443,-24.4580,40.91,In Hand
156350,-2.2960,9.0908,4.3527,21.0687,-85.2214,-16.8092,40.95,In Hand
156400,-3.3064,10.0197,5.1140,16.1374,-71.6641,-6.3969,40.91,In Hand
156450,-2.4660,9.7061,4.9536,6.7634,-65.2672,2.6870,41.19,In Hand
156500,-0.9481,8.7724,4.6998,-8.9008,-49.1450,10.4885,41.05,In Hand
156550,-0.9457,7.0102,4.8435,-6.2595,-29.0382,8.3359,41.19,In Hand
156600,-1.9848,6.6032,5.2194,5.2824,-19.4198,-1.6489,40.95,In Hand
156650,-2.9640,6.7588,5.9520,8.4885,-18.6412,-17.1450,40.91,In Hand
156700,-3.3136,6.9959,6.2704,12.4580,-25.7405,-30.0763,40.91,In Hand
156750,-3.4261,7.6614,6.1244,18.6412,-37.9084,-36.6107,41.09,In Hand
156800,-3.4381,8.4922,5.7365,24.8855,-53.7252,-37.3893,41.09,In Hand
156850,-3.7445,9.2991,5.0805,36.0153,-68.2290,-42.8397,41.19,In Hand
156900,-1.4820,10.8338,4.2377,31.6641,-84.6260,-34.4885,41.05,In Hand
156950,0.2825,9.8617,3.5314,20.4427,-76.7939,-10.0305,40.91,In Hand
157000,-0.9505,9.2416,3.7421,25.4809,-63.2366,1.9847,41.05,In Hand
157050,-1.6927,9.6965,3.9409,19.2977,-53.9237,-3.7710,40.91,In Hand
157100,-1.0080,9.2727,3.6895,-1.3740,-43.6336,-11.6336,40.95,In Hand
157150,-0.9912,7.8865,3.4788,-3.0076,-41.0382,-10.9771,40.91,In Hand
157200,-1.0487,7.8961,3.2513,5.9237,-47.6947,-11.0382,41.24,In Hand
157250,-0.3950,9.2536,3.1747,11.8931,-49.7557,-25.2214,40.91,In Hand
157300,-0.6273,11.2432,4.4939,8.3969,-37.2672,-36.8550,40.95,In Hand
157350,-0.1365,10.9367,4.8483,-2.5496,-29.4046,-21.2824,40.91,In Hand
157400,-0.5195,8.6766,4.8028,-7.4046,-26.6565,-4.8855,41.19,In Hand
157450,-1.8004,6.9791,4.5466,1.2061,-35.6794,-7.0534,41.09,In Hand
157500,-3.2585,6.8115,4.2665,29.7099,-57.8779,-30.1985,40.95,In Hand
157550,-2.4325,9.1315,4.3670,49.3588,-87.9847,-47.7557,41.05,In Hand
157600,-0.4357,10.8505,5.0494,30.2137,-96.0153,-36.6565,41.19,In Hand
157650,-1.3024,9.9144,5.4468,9.2519,-87.6489,-17.3435,41.09,In Hand
157700,-2.2362,8.7149,5.1858,-2.2901,-85.4504,-19.0534,41.19,In Hand
157750,-2.8299,8.2097,4.4460,-18.9313,-87.5115,-40.7481,40.95,In Hand
157800,-2.0135,7.9200,4.1803,-14.8702,-99.0534,-57.6183,40.95,In Hand
157850,-0.5914,8.7604,4.7142,1.5420,-92.0458,-56.4885,40.86,In Hand
157900,-0.7542,10.1993,4.8746,0.9771,-75.6641,-47.2061,40.77,In Hand
157950,-3.5913,10.0485,4.8530,0.8702,-66.9008,-47.7710,40.91,In Hand
158000,-3.5602,8.9687,3.8235,-11.2824,-79.4198,-52.5191,41.24,In Hand
158050,-3.0670,7.4795,4.1875,-7.5267,-82.8855,-53.0229,40.95,In Hand
158100,-3.3662,7.9583,4.3742,2.1069,-79.2672,-58.3969,40.95,In Hand
158150,-3.8858,8.2887,4.3000,-0.0763,-78.8397,-61.4962,41.05,In Hand
158200,-3.6679,7.9009,4.5945,2.3664,-80.2290,-62.7634,41.05,In Hand
158250,-3.3830,8.0230,4.8698,5.9542,-75.1450,-54.3817,40.95,In Hand
158300,-3.8595,8.0349,5.0829,11.7710,-72.8855,-46.4275,41.19,In Hand
158350,-4.1635,8.2744,5.0518,21.2977,-69.1450,-48.8244,40.95,In Hand
158400,-2.9544,10.1610,4.9871,14.3817,-61.7863,-48.1221,41.05,In Hand
158450,-0.5914,8.7532,4.4412,0.4122,-29.9389,-32.7176,41.09,In Hand
158500,-1.1803,8.1618,4.4484,6.3206,1.0229,-3.1145,40.77,In Hand
158550,-2.7869,8.0206,4.6519,16.2748,15.2519,4.9160,40.86,In Hand
158600,-3.2346,8.6239,5.3917,7.9847,17.9695,10.8855,41.19,In Hand
158650,-2.3679,7.6183,5.8993,-1.4504,34.2290,22.7023,41.09,In Hand
158700,-2.3918,8.2624,5.9065,21.6794,44.0458,36.1069,40.91,In Hand
158750,-2.7007,8.4420,4.9464,5.4656,53.0382,57.6947,41.09,In Hand
158800,-3.2010,7.6878,4.0917,28.7634,50.5649,62.3664,40.77,In Hand
158850,-2.4205,8.7843,2.3128,63.9084,56.5038,53.8931,41.05,In Hand
158900,-2.8826,10.4196,2.3727,33.7252,96.5038,43.7252,41.09,In Hand
158950,-2.3415,9.9934,3.0287,29.3893,108.9924,25.0076,41.19,In Hand
159000,-0.4118,11.1043,2.1955,1.7405,101.7099,16.2290,40.95,In Hand
159050,0.1844,9.4164,2.4541,-23.1450,98.8702,17.9237,41.05,In Hand
159100,-0.2298,9.2416,2.4612,-23.9237,108.2443,28.0916,40.77,In Hand
159150,-0.7925,8.9064,2.5211,-10.2137,113.5267,47.7710,41.19,In Hand
159200,-1.0199,9.4427,2.3296,-16.0305,111.6489,55.9084,41.05,In Hand
159250,-1.2809,9.1650,2.6097,-14.8092,98.9618,40.1679,40.91,In Hand
159300,-1.4461,10.5608,2.8539,-35.2672,88.1985,17.5878,41.05,In Hand
159350,-1.8866,9.2727,3.2322,-55.0534,75.8626,-1.9389,41.05,In Hand
159400,-1.6664,8.8059,2.9712,-55.3893,71.6794,-16.2748,40.77,In Hand
159450,-2.2769,8.6000,3.7014,-37.8321,74.0611,-12.6718,41.24,In Hand
159500,-1.5251,9.6702,3.3543,-26.9618,63.1450,-0.3511,41.09,In Hand
159550,-1.4916,9.3182,2.9042,-44.0153,64.9771,19.0687,41.05,In Hand
159600,-2.2122,8.5736,3.0071,-21.1908,72.9924,52.7634,41.24,In Hand
159650,1.3072,10.0940,2.7605,-6.1374,77.1450,57.3588,40.95,In Hand
159700,0.1963,11.6143,3.7541,-31.7405,109.7405,45.9847,40.91,In Hand
159750,-3.9959,9.4547,2.0806,-25.9237,115.0992,50.7786,41.19,In Hand
159800,-3.3351,10.9271,1.3455,-32.4275,105.4351,92.8244,40.86,In Hand
159850,-2.2003,10.8481,1.9537,-48.2137,113.6489,97.2519,41.05,In Hand
159900,-1.8986,9.2895,3.1101,-39.5725,91.4962,135.0229,41.24,In Hand
159950,0.9050,7.9272,4.3694,-55.2214,93.9695,147.8321,41.05,In Hand
160000,0.3663,7.4388,4.9249,-5.5725,68.8244,104.2137,40.77,In Hand
160050,0.5578,6.9145,6.4907,20.4886,65.7099,86.1679,41.09,In Hand
160100,0.4214,7.4603,7.1850,52.1069,41.3588,56.2901,40.95,In Hand
160150,1.4748,8.2911,6.4380,49.1908,20.5191,31.3130,41.05,In Hand
160200,2.4469,7.8314,4.9656,33.7863,7.6794,14.3053,41.19,In Hand
160250,2.5163,7.0461,4.8028,68.6260,13.2519,18.6107,41.09,In Hand
160300,3.0215,7.5489,3.7302,78.3817,2.1679,8.8397,41.09,In Hand
160350,3.7445,8.6670,1.9010,57.8473,3.7405,-4.0000,40.95,In Hand
160400,4.3503,8.7795,0.9050,44.1832,25.5267,-11.3740,40.95,In Hand
160450,3.8762,9.4930,0.8835,25.2519,39.6947,-17.0534,40.91,In Hand
160500,2.9473,8.2576,1.4245,24.5954,45.2977,-24.1221,40.95,In Hand
160550,2.5618,8.8011,0.8930,32.3053,50.6870,-25.2366,40.95,In Hand
160600,0.9242,10.5082,0.7973,32.6412,47.5420,-27.4656,41.24,In Hand
160650,0.6871,10.2903,-0.2777,25.3893,59.9542,-35.9542,41.28,In Hand
160700,-0.7638,10.8697,-0.5555,19.3282,67.2977,-43.7710,40.95,In Hand
160750,-1.7573,10.8242,0.1437,15.6794,74.5191,-44.5496,41.05,In Hand
160800,-2.4134,12.4115,-0.1628,13.3893,74.0458,-30.4886,41.05,In Hand
160850,-2.0638,12.3134,1.4078,8.6870,68.0153,-4.4275,41.09,In Hand
160900,-2.8467,15.7108,4.0749,-16.7023,26.4580,28.2443,40.95,In Hand
160950,3.1603,10.2831,0.8308,-7.2366,6.6718,48.9160,40.95,In Hand
161000,3.7206,9.7731,-0.4788,16.1069,32.0916,36.7328,40.95,In Hand
161050,2.5642,11.6981,1.3695,-16.2901,18.8397,42.5802,40.95,In Hand
161100,2.4229,9.5385,0.9673,-45.5725,9.6489,5.2824,40.95,In Hand
161150,1.8483,10.6255,1.6017,-67.1908,-1.8779,-36.2901,40.95,In Hand
161200,1.8244,10.5058,1.3072,-64.3359,-32.4733,-53.9542,41.19,In Hand
161250,1.9130,8.5808,-0.6105,-45.4198,-36.5344,-114.2901,40.95,In Hand
161300,-2.6384,8.7053,2.5738,-22.1679,-34.5649,-153.0382,40.95,In Hand
161350,-5.6240,12.6055,4.3790,-6.2290,-92.8397,-136.9618,41.28,In Hand
161400,-7.9487,13.5464,1.7717,-11.5115,-114.8244,-93.4046,41.19,In Hand
161450,-2.7821,12.9790,3.0095,-39.9237,-148.6718,-51.3588,41.19,In Hand
161500,-2.9353,9.7348,3.7733,-81.7405,-168.4122,-36.2137,41.24,In Hand
161550,-1.6472,4.0510,4.6950,-71.4046,-194.3817,-42.0611,41.09,In Hand
161600,0.0766,4.2808,5.6336,28.6412,-231.8015,-49.4351,41.05,In Hand
161650,-0.5291,8.0541,2.6552,57.5115,-226.7939,-48.0458,40.95,In Hand
161700,-0.4645,7.8362,3.1460,58.2290,-205.0840,-54.4580,40.91,In Hand
161750,-0.2897,9.4092,3.9528,56.0305,-170.0763,-36.0000,40.95,In Hand
161800,0.6057,7.7405,3.6248,29.6794,-125.5267,-40.6870,40.91,In Hand
161850,0.2490,7.6375,4.0965,42.3817,-107.9847,-64.1679,41.38,In Hand
161900,0.4980,7.9416,5.3702,40.7481,-88.2595,-76.9313,41.19,In Hand
161950,0.2873,8.5329,4.1827,19.0687,-71.4657,-66.9160,40.95,In Hand
162000,2.3750,8.1906,5.3079,-3.1145,-44.9924,-41.7863,40.95,In Hand
162050,2.3774,9.4571,4.5322,4.7328,-17.9389,-40.4580,41.09,In Hand
162100,0.3136,9.5768,4.1084,11.9542,-13.1603,-30.0916,41.19,In Hand
162150,-1.0989,8.2241,3.4261,41.4351,-30.7176,2.2137,40.86,In Hand
162200,-0.4956,10.2711,2.7222,51.8321,-32.3053,7.6336,41.09,In Hand
162250,0.5171,10.7452,2.4780,30.1221,-28.0916,-4.9771,41.28,In Hand
162300,0.0551,10.5465,2.3894,5.9542,-25.3740,-11.8779,40.67,In Hand
162350,-0.3496,9.3829,3.0885,-12.1374,-27.2672,-17.7099,40.95,In Hand
162400,-1.3910,8.7412,3.2920,-19.8168,-28.5649,-19.4046,40.91,In Hand
162450,-0.7518,9.5672,3.6272,-36.7939,-28.4427,-23.8931,40.95,In Hand
162500,-2.1141,8.3246,3.6943,-33.5725,-38.0153,-40.8855,41.19,In Hand
162550,-1.1277,8.8035,3.0311,-9.2366,-44.3053,-48.2137,41.19,In Hand
162600,-2.1141,10.0724,3.5051,-9.7557,-39.0840,-39.6183,40.91,In Hand
162650,-1.2713,9.9240,3.8762,-14.0458,-39.6183,-30.8244,41.09,In Hand
162700,-1.3910,10.8840,4.8315,-30.6718,-28.9466,-17.7557,41.19,In Hand
162750,-2.5259,8.2768,4.9775,-43.4656,-6.8855,-13.2214,40.95,In Hand
162800,-1.7980,8.0828,4.3287,-38.2443,3.5420,-16.9160,41.38,In Hand
162850,-4.5753,4.3862,4.4173,0.0763,1.3130,-35.1145,41.09,In Hand
162900,-2.2505,8.7580,3.6919,21.0687,-11.8015,-52.5344,41.24,In Hand
162950,-2.1548,9.3446,3.0406,3.4504,-0.7634,-62.3817,41.09,In Hand
163000,-3.2322,9.1099,4.4317,-9.5115,8.4427,-66.0153,41.09,In Hand
163050,-4.8076,9.2512,5.3439,4.1069,2.5191,-41.2519,41.09,In Hand
163100,-4.6232,10.0221,5.3534,3.8168,-10.2290,-16.7786,41.09,In Hand
163150,-3.8882,10.2352,4.3981,-12.5649,-9.8015,6.0153,41.05,In Hand
163200,-2.3631,9.7013,2.7581,-41.4656,2.1832,13.4656,41.09,In Hand
163250,-2.4493,8.3606,3.6751,-84.5802,18.6260,1.5573,41.09,In Hand
163300,-3.0718,4.9752,5.2481,-54.3817,22.7634,-5.3130,40.95,In Hand
163350,-4.0654,5.8371,6.4931,-14.2290,34.8092,-0.4580,41.09,In Hand
163400,-4.3431,7.6782,5.9687,-3.1756,44.0611,6.5191,41.24,In Hand
163450,-4.1803,7.3143,5.4157,-11.5115,44.9313,20.7176,41.05,In Hand
163500,-4.2162,7.5872,5.2768,-9.3740,45.7863,17.9084,41.09,In Hand
163550,-4.3981,7.9272,5.1834,-19.5114,49.8626,12.9008,41.05,In Hand
163600,-3.4764,9.1459,5.2553,-39.4198,58.7481,14.2595,40.91,In Hand
163650,-3.9145,8.4204,5.4253,-60.3969,92.7481,35.7252,40.86,In Hand
163700,-5.7006,6.9671,5.3223,-41.4504,103.6794,38.1374,41.09,In Hand
163750,-5.3103,8.2576,3.9624,-38.8244,98.8702,41.9084,41.28,In Hand
163800,-5.0518,7.0294,3.1340,-42.0458,93.2366,43.7863,40.91,In Hand
163850,-5.2122,6.5362,2.7078,-37.4504,87.1298,43.6641,41.24,In Hand
163900,-4.5250,7.3095,2.8683,-41.9542,76.4733,41.8473,41.09,In Hand
163950,-5.4348,5.6958,3.3447,-31.4656,63.8015,35.9084,40.86,In Hand
164000,-5.4157,8.3821,4.1683,-44.1527,59.5115,28.9771,41.09,In Hand
164050,-6.6104,6.1172,5.9400,-41.0840,49.5115,22.1069,40.77,In Hand
164100,-6.5122,7.7285,5.6288,-28.1069,34.1374,24.9313,41.05,In Hand
164150,-5.2146,7.6088,4.4724,-40.9160,42.6565,31.4504,41.05,In Hand
164200,-4.7788,5.6647,4.0055,-26.1985,49.3740,36.3664,40.95,In Hand
164250,-4.7381,7.7189,3.5506,0.0763,42.0305,38.4885,41.05,In Hand
164300,-5.0446,8.3486,3.2513,-37.4198,45.4351,50.4580,40.91,In Hand
164350,-5.4420,7.3358,3.5602,-4.8092,20.0458,48.7481,41.05,In Hand
164400,-4.2904,9.1937,3.0718,-14.9160,12.8855,44.1527,41.24,In Hand
164450,-4.7597,8.1547,3.7637,-14.9771,-3.9084,43.1603,41.09,In Hand
164500,-4.3024,9.1291,3.8235,-20.5344,-19.0382,40.7176,40.95,In Hand
164550,-3.7709,8.4683,4.2976,-24.8244,-26.9313,39.6031,41.09,In Hand
164600,-2.9018,8.4755,4.4412,-16.5802,-29.6183,32.0000,40.95,In Hand
164650,-2.1548,7.9751,4.5657,-4.0305,-25.2519,20.6565,40.91,In Hand
164700,-1.7909,8.6694,4.8842,5.5267,-12.2290,10.2901,41.19,In Hand
164750,-1.9489,9.1219,5.0829,8.0000,-6.7786,5.0687,40.95,In Hand
164800,-1.6017,9.2895,4.8459,2.5038,1.9847,1.0076,40.95,In Hand
164850,-1.6185,8.8490,4.5586,4.2290,2.7786,-5.6031,41.24,In Hand
164900,-1.7119,9.0525,4.5969,4.1832,0.2595,-10.5496,41.19,In Hand
164950,-1.7310,9.8474,4.5705,-3.6183,4.4885,-5.4351,40.95,In Hand
165000,-1.8747,8.8562,4.6543,-10.8397,13.4962,-2.1221,40.95,In Hand
165050,-1.8387,8.5976,4.6471,-4.4427,18.2290,-7.1145,40.91,In Hand
165100,-2.3415,8.9711,4.7381,-6.4580,27.5573,-8.9313,41.05,In Hand
165150,-2.5929,8.5545,4.5442,-4.6870,29.1756,-12.4733,40.95,In Hand
165200,-2.7485,8.5976,4.2832,-1.2214,27.0534,-17.9084,41.38,In Hand
165250,-3.0765,8.8178,4.3048,-0.5954,28.3817,-18.8092,41.05,In Hand
165300,-2.9664,8.8370,4.1276,-9.9695,32.3511,-18.7481,41.05,In Hand
165350,-3.6081,8.2504,4.2258,-8.5344,31.4198,-18.3969,41.38,In Hand
165400,-3.7804,8.2815,4.0486,-8.3511,32.5496,-18.3359,41.19,In Hand
165450,-4.1132,8.0852,3.8427,-5.1145,30.4886,-19.0840,41.24,In Hand
165500,-4.3574,7.9775,3.6536,-1.5115,25.0229,-21.3893,41.09,In Hand
165550,-4.9919,8.4659,3.4596,-10.7786,22.2595,-16.7023,41.05,In Hand
165600,-4.9656,7.7165,3.5793,-10.8092,14.3511,-9.5420,40.95,In Hand
165650,-4.8100,7.4364,3.4093,-1.9389,8.0611,-5.9542,41.19,In Hand
165700,-5.0494,8.1020,3.5171,0.3053,2.4275,-0.0305,41.24,In Hand
165750,-5.0374,8.1044,3.6368,-5.2214,-0.0763,5.1908,40.91,In Hand
165800,-4.7190,7.8961,3.6990,-7.0840,-2.5496,7.8779,40.77,In Hand
165850,-4.6591,8.0349,3.7565,-2.9924,-5.4046,8.1374,41.05,In Hand
165900,-4.4843,8.1858,3.8092,-3.2977,-4.9466,6.7176,41.09,In Hand
165950,-4.3766,8.1810,3.9385,-3.6489,-4.8244,2.8092,41.24,In Hand
166000,-4.2545,8.2217,3.8882,-1.3282,-6.4275,-1.6183,41.09,In Hand
166050,-4.3048,8.2839,3.9289,-7.0382,-3.6489,-2.8702,41.19,In Hand
166100,-4.3503,7.9631,4.0582,-5.9847,-0.8550,-3.7099,41.24,In Hand
166150,-4.2880,7.9320,4.0486,-2.2290,1.8626,-5.2061,41.19,In Hand
166200,-4.3431,8.0637,4.0941,-3.5115,4.9924,-4.7176,41.05,In Hand
166250,-4.5274,7.8578,3.9792,-1.6031,5.2519,-3.4504,40.95,In Hand
166300,-4.5586,7.9320,3.9025,-1.2519,5.0382,-2.1832,41.09,In Hand
166350,-4.7166,7.9799,3.7589,-1.5878,4.1527,-0.0305,41.05,In Hand
166400,-4.7956,7.9344,3.7828,-1.8626,2.5344,0.6718,40.95,In Hand
166450,-4.6495,8.0804,3.8068,-1.8779,-0.6107,2.2290,41.24,In Hand
166500,-4.7333,7.9248,3.9049,-2.9160,-2.2748,1.6031,40.95,In Hand
166550,-4.5490,8.0852,3.8642,-2.5496,-2.9771,0.6718,40.95,In Hand
166600,-4.5466,7.9918,3.8762,-3.5420,-2.5649,-0.0153,40.95,In Hand
166650,-4.4508,8.0517,3.9696,-3.4504,-2.0458,0.0611,41.05,In Hand
166700,-4.4221,8.0134,3.9433,-3.7099,-0.8244,-0.2748,40.95,In Hand
166750,-4.4269,8.0134,4.0175,-1.3893,-1.8626,-1.3130,41.42,In Hand
166800,-4.4772,8.1092,4.0486,-5.1450,0.9160,-0.8244,41.24,In Hand
166850,-4.5993,7.8554,4.0462,-3.5420,0.6565,-1.0992,40.95,In Hand
166900,-4.4245,7.9871,3.9241,-2.7023,2.8397,-1.6336,41.28,In Hand
166950,-4.5538,8.0445,4.0270,-1.2977,3.2824,-1.7405,41.24,In Hand
167000,-4.5155,8.0900,3.9552,-3.9847,3.0687,-1.7405,41.24,In Hand
167050,-4.6735,7.9104,3.9073,-5.0992,1.1756,-1.5267,41.19,In Hand
167100,-4.7214,7.9918,3.9935,-3.6489,0.1221,-0.2748,40.86,In Hand
167150,-4.5322,8.0062,3.9863,-2.9466,1.5725,-1.5573,41.09,In Hand
167200,-4.5610,7.9368,3.9887,-3.5725,2.1679,-1.5267,41.24,In Hand
167250,-4.6208,7.9320,3.9863,-1.3282,1.6947,-1.8779,41.19,In Hand
167300,-4.6304,7.9511,3.9552,-3.6031,1.7710,-1.3435,40.91,In Hand
167350,-4.7190,7.9344,4.0414,-5.2977,0.6565,1.2519,40.86,In Hand
167400,-4.7669,7.7117,4.0007,-4.1679,0.4885,3.5115,40.95,In Hand
167450,-4.4748,7.9535,3.9217,-2.3359,-0.0916,4.3206,41.09,In Hand
167500,-4.6256,7.8817,4.0701,-0.7328,1.5725,2.5344,40.95,In Hand
167550,-4.5346,8.0038,4.0270,-0.7786,2.7023,0.4580,41.24,In Hand
167600,-4.6998,7.9918,4.0079,0.7328,1.6641,-1.2214,41.05,In Hand
167650,-4.5346,8.2097,3.8786,-2.4275,1.4656,-1.9389,41.19,In Hand
167700,-4.6304,8.1116,4.2042,-3.8779,-0.2290,-0.7328,40.95,In Hand
167750,-4.0079,8.6526,4.4197,-13.3588,-1.9084,7.1298,41.19,In Hand
167800,-4.1803,7.6734,4.3096,-20.4580,5.3282,8.6260,40.86,In Hand
167850,-4.3263,7.4579,4.0606,-5.9847,13.1603,1.6641,40.91,In Hand
167900,-4.5466,7.7213,3.8499,1.0229,20.2748,-5.4198,41.24,In Hand
167950,-4.9536,7.9344,3.8810,6.3206,18.2137,-9.8321,41.19,In Hand
168000,-5.0302,8.2696,3.6919,1.0076,13.1145,-10.4275,40.95,In Hand
168050,-5.0805,7.8769,3.7445,-5.2519,7.6489,-9.2061,40.91,In Hand
168100,-5.1619,7.5753,3.5817,-3.9695,3.3130,-7.9542,41.09,In Hand
168150,-5.1834,7.6878,3.7445,-1.7557,3.1145,-5.9847,41.19,In Hand
168200,-5.1380,7.6974,3.7661,-0.3817,2.2748,-2.3511,41.09,In Hand
168250,-4.9656,7.8003,3.7397,-2.2901,0.7939,0.4427,41.24,In Hand
168300,-5.0733,7.6447,3.8140,-3.0076,0.3817,3.2214,41.05,In Hand
168350,-5.0254,7.7979,3.7086,-1.0992,-0.3053,4.0763,41.09,In Hand
168400,-4.9823,7.8721,3.6943,-1.8321,-1.0076,3.1298,40.95,In Hand
168450,-5.0398,7.7572,3.7565,-2.5344,-1.1908,1.5725,40.95,In Hand
168500,-4.9153,8.0086,3.7086,-1.1756,-2.2748,0.7634,40.95,In Hand
168550,-4.8985,7.8673,3.8283,-4.8244,-0.3206,0.0763,41.05,In Hand
168600,-4.9392,7.7644,3.8188,-0.3817,-0.4275,-2.4122,40.91,In Hand
168650,-4.9416,7.8793,3.8642,-2.2137,1.2061,-2.3359,41.24,In Hand
168700,-4.9775,7.8769,3.7900,-3.2977,0.8092,-1.2061,41.19,In Hand
168750,-5.0230,7.6447,3.8738,-1.6947,0.5496,-1.9389,40.95,In Hand
168800,-4.9752,7.8769,3.6966,-2.4122,0.7481,-0.6870,40.91,In Hand
168850,-5.0996,7.6998,3.6655,-2.8855,0.6260,0.3664,41.19,In Hand
168900,-4.9728,7.8147,3.7900,-1.2672,-0.0916,1.1298,41.19,In Hand
168950,-4.9536,7.7955,3.7685,-3.1603,-0.9008,1.9695,41.05,In Hand
169000,-4.9249,7.8219,3.8451,-2.6565,-0.7328,1.7405,41.05,In Hand
169050,-4.9799,7.7955,3.8044,-2.2290,-0.8244,1.3130,40.86,In Hand
169100,-4.8602,7.8673,3.7781,-3.7863,0.1527,0.1985,41.05,In Hand
169150,-5.0135,7.7189,3.7876,-1.4198,-0.2137,-1.1298,40.86,In Hand
169200,-4.9105,8.0014,3.7661,-1.6489,0.0000,-0.5802,40.86,In Hand
169250,-4.9799,7.7500,3.8858,-3.2214,-0.2137,-0.5191,40.91,In Hand
169300,-4.9344,7.8219,3.8068,-3.2519,-0.2748,-0.8092,40.95,In Hand
169350,-4.9632,7.7309,3.8618,-2.3511,0.6718,-1.0076,41.09,In Hand
169400,-4.9225,7.7644,3.8092,-1.5878,0.9924,-0.4733,41.05,In Hand
169450,-4.9225,7.7812,3.7733,-2.6260,1.2977,-0.5344,41.09,In Hand
169500,-5.0063,7.8673,3.8499,-1.7099,0.1374,-0.6718,41.19,In Hand
169550,-5.0685,7.8243,3.8164,-2.8702,0.1069,0.1832,40.86,In Hand
169600,-4.9632,7.7644,3.8188,-2.1527,-0.7176,0.3511,41.05,In Hand
169650,-4.8435,7.8841,3.7517,-3.5267,0.2748,0.4733,41.19,In Hand
169700,-4.9416,7.6710,3.8475,-1.9084,-0.1374,0.4122,41.05,In Hand
169750,-4.9201,7.8602,3.7996,-0.9313,-0.0763,0.2443,40.95,In Hand
169800,-4.9464,7.8195,3.8714,-4.0611,0.7023,0.8397,41.09,In Hand
169850,-4.9249,7.7740,3.8044,-1.5115,-0.4580,-0.4580,41.28,In Hand
169900,-4.9033,7.8362,3.8834,-2.7634,0.3664,-1.0382,40.91,In Hand
169950,-4.9105,7.7979,3.8523,-1.7252,0.5954,-0.8550,41.24,In Hand
170000,-4.8554,7.7979,3.7254,-2.2748,1.4351,-0.7634,40.95,In Hand
170050,-4.9632,7.7620,3.8068,-1.6336,0.9771,-0.0916,40.95,In Hand
170100,-4.9991,7.8290,3.7828,-1.5878,0.5802,-0.2748,40.95,In Hand
170150,-4.9416,7.8171,3.8379,-2.6412,0.0611,0.5191,40.91,In Hand
170200,-4.9440,7.7405,3.7757,-2.7023,-0.3664,0.1374,41.24,In Hand
170250,-4.9321,7.8721,3.7804,-1.5573,-0.5344,-0.0763,41.09,In Hand
170300,-4.9536,7.7428,3.7996,-2.3206,0.7176,-0.5802,40.77,In Hand
170350,-4.9177,7.8602,3.8403,-1.3130,-0.4580,0.0611,41.09,In Hand
170400,-4.9416,7.7476,3.8331,-4.0916,1.0076,1.5725,41.19,In Hand
170450,-4.9129,7.7117,3.7589,-0.8244,0.3664,0.1832,41.19,In Hand
170500,-4.8602,7.9368,3.7278,-1.7557,0.9008,-0.4275,40.95,In Hand
170550,-4.9512,7.8578,3.7996,-3.0687,0.4733,-0.3664,41.24,In Hand
170600,-4.8698,7.7668,3.8044,-1.3130,0.2443,-0.5802,41.09,In Hand
170650,-4.9273,7.7979,3.8403,-2.3817,0.5954,-0.5038,40.91,In Hand
170700,-4.9536,7.8602,3.8140,-1.6031,-0.6412,-0.2901,41.09,In Hand
170750,-4.9201,7.8458,3.8786,-3.0992,0.2595,-0.1374,41.28,In Hand
170800,-4.8602,7.6902,3.7828,-1.4962,1.1603,-1.1908,40.95,In Hand
170850,-4.9895,7.7931,3.7158,-0.9924,1.3130,-1.8015,40.91,In Hand
170900,-5.0637,7.6854,3.7326,0.3664,0.4275,-1.1450,40.91,In Hand
170950,-5.1404,7.8314,3.8259,0.5344,-1.2519,-0.0153,41.05,In Hand
171000,-4.8818,8.0302,4.0199,-4.0916,-3.9084,5.0382,40.95,In Hand
171050,-4.4915,8.1594,4.0342,-12.1069,-0.1221,9.4809,41.19,In Hand
171100,-4.6663,7.3598,4.0007,-9.8779,5.1756,9.9542,41.19,In Hand
171150,-4.6352,7.6112,3.8116,3.1145,9.6183,4.3206,41.09,In Hand
171200,-4.8171,7.9535,3.6392,4.7939,12.0153,-0.0305,40.91,In Hand
171250,-5.0159,8.2241,3.5626,4.8550,6.8550,-3.0076,40.95,In Hand
171300,-5.0853,8.3294,3.5171,-2.5038,1.8473,-2.6260,41.19,In Hand
171350,-5.0613,7.9392,3.5650,-6.1069,-2.2137,-2.5496,41.24,In Hand
171400,-4.9081,7.7692,3.5674,-3.7710,-3.1450,-2.8855,41.05,In Hand
171450,-4.8650,7.7955,3.6655,-4.0000,-2.3817,-2.2901,41.09,In Hand
171500,-4.8914,7.8554,3.7876,-1.7405,-2.6718,-1.3588,40.95,In Hand
171550,-4.8123,7.8530,3.7733,-4.6412,-0.7481,0.8550,41.19,In Hand
171600,-4.8890,7.7955,3.8331,-2.5649,-1.4198,1.4962,41.05,In Hand
171650,-4.8147,7.9823,3.7158,-2.7023,0.5649,1.0992,41.09,In Hand
171700,-4.8746,7.7620,3.7972,-3.0840,1.3130,-0.1985,40.95,In Hand
171750,-4.8052,7.9607,3.6464,-0.5802,0.8244,-1.7863,41.09,In Hand
171800,-4.8411,7.9775,3.6727,-3.1298,1.1908,-2.2595,41.28,In Hand
171850,-4.9752,7.8554,3.7637,-1.9389,-0.7634,-2.8702,40.86,In Hand
171900,-4.8961,7.8817,3.7589,-3.6947,-0.5954,-2.5954,41.19,In Hand
171950,-4.9608,7.7357,3.8331,-2.3359,-0.4275,-1.3130,40.95,In Hand
172000,-4.8578,7.8602,3.7541,-2.8702,0.5496,-0.8550,41.24,In Hand
172050,-4.9081,7.7835,3.7158,-2.1374,0.9924,-0.7634,41.28,In Hand
172100,-4.8411,7.8650,3.7397,-1.9237,0.9924,-0.2443,41.09,In Hand
172150,-4.9464,7.8650,3.7685,-2.2748,-0.3053,-0.1221,41.24,In Hand
172200,-4.9440,7.8506,3.8451,-3.1450,0.0458,-0.4580,41.24,In Hand
172250,-4.9009,7.8243,3.7804,-2.7176,0.4885,-1.0992,40.91,In Hand
172300,-4.9321,7.8075,3.7565,-1.5725,0.8855,-1.8321,41.28,In Hand
172350,-4.9919,7.7835,3.7541,-2.3511,1.7252,-0.6412,40.95,In Hand
172400,-4.9704,7.8051,3.7685,-2.0916,0.9924,-0.0305,41.19,In Hand
172450,-4.9943,7.8458,3.7278,-1.7863,0.4122,0.2595,40.91,In Hand
172500,-5.0039,7.8290,3.7445,-3.2977,0.5802,0.9771,40.95,In Hand
172550,-4.8985,7.8362,3.6895,-1.7710,-0.4733,0.6260,41.24,In Hand
172600,-5.0039,7.8314,3.7589,-3.1450,-0.1832,0.4275,41.09,In Hand
172650,-4.9464,7.8099,3.7948,-1.2366,0.6565,-0.6565,41.09,In Hand
172700,-4.9009,7.9057,3.7613,-2.6260,0.5954,-0.7481,41.19,In Hand
172750,-5.0422,7.7213,3.7948,-2.5191,0.0611,-0.8092,40.95,In Hand
172800,-4.9344,7.8913,3.8068,-1.1298,0.0153,-1.3740,41.19,In Hand
172850,-4.9512,7.7189,3.7781,-2.5954,0.9313,-1.0229,41.19,In Hand
172900,-4.9799,7.7907,3.6775,-1.0229,-0.1832,-0.3664,41.24,In Hand
172950,-5.0278,7.7213,3.7302,-2.5954,0.5649,0.4427,41.28,In Hand
173000,-4.9033,7.8889,3.6631,-1.0534,-0.8550,0.4580,41.05,In Hand
173050,-4.9488,7.8697,3.7972,-3.0840,-0.1374,1.0382,41.19,In Hand
173100,-4.9297,7.7907,3.7541,-1.9542,0.1374,0.5344,40.91,In Hand
173150,-4.9201,7.8745,3.7781,-2.2290,0.9466,0.1832,41.19,In Hand
173200,-4.9177,7.8865,3.7254,-2.4122,0.6718,-0.1374,41.24,In Hand
173250,-4.9608,7.8314,3.8020,-1.9695,0.0305,-0.6565,41.19,In Hand
173300,-4.8961,7.9152,3.7445,-2.2901,0.1832,-0.1527,41.19,In Hand
173350,-4.9440,7.8506,3.7972,-2.5038,0.2443,-0.5954,40.86,In Hand
173400,-4.9752,7.7309,3.8116,-2.4885,0.5344,-1.4504,41.05,In Hand
173450,-4.8674,7.9392,3.7541,-2.1832,1.0840,-1.2824,40.95,In Hand
173500,-4.9584,7.7620,3.7421,-2.5649,1.3893,-0.7328,41.19,In Hand
173550,-4.9752,7.7644,3.7613,-1.7099,0.6565,-0.5954,41.28,In Hand
173600,-5.0087,7.8841,3.8259,-2.1221,0.7328,0.8244,41.05,In Hand
173650,-5.0206,7.7572,3.8259,-2.9771,0.5038,1.6489,41.05,In Hand
173700,-4.9536,7.7883,3.7326,-2.1221,0.9313,1.1756,41.05,In Hand
173750,-4.9464,7.8913,3.7110,-0.8397,0.0305,0.3664,40.77,In Hand
173800,-4.9704,7.8482,3.7685,-1.5725,0.1527,-0.2290,41.19,In Hand
173850,-4.9632,7.8219,3.7373,-2.1832,-0.2748,-0.6260,41.28,In Hand
173900,-4.9416,7.8913,3.7278,-1.4046,-0.2901,-1.0229,41.19,In Hand
173950,-4.9536,7.6375,3.7948,-1.4504,0.7939,-0.9008,41.09,In Hand
174000,-4.9536,7.8841,3.7302,-0.2595,0.9160,-0.0916,41.24,In Hand
174050,-4.9057,7.9080,3.7469,-3.2366,2.0000,1.9237,40.91,In Hand
174100,-4.9608,7.7165,3.6847,-1.6183,1.1603,2.8550,40.95,In Hand
174150,-4.9584,7.8769,3.6655,-0.8702,1.0382,1.6794,40.91,In Hand
174200,-4.9129,8.0948,3.6129,-1.8168,0.1832,0.9008,41.05,In Hand
174250,-5.0063,7.8697,3.7445,-3.5115,-0.5649,0.7786,40.95,In Hand
174300,-4.8578,7.9918,3.7445,-2.0611,-0.9618,-1.0076,41.28,In Hand
174350,-4.8674,7.8410,3.7397,-3.2366,0.0611,-1.8626,40.86,In Hand
174400,-4.8195,7.8817,3.7230,-3.3588,0.6260,-1.8473,41.19,In Hand
174450,-4.9943,7.8985,3.7086,-3.0840,-0.0916,-1.2061,41.19,In Hand
174500,-5.2002,8.1523,3.6751,-3.9389,-5.0534,1.6489,40.91,In Hand
174550,-4.8937,7.5848,3.6344,-9.5878,-4.0153,0.5954,40.95,In Hand
174600,-4.8100,7.6303,3.7661,-0.9618,-5.9389,-1.8931,41.05,In Hand
174650,-4.8914,7.8243,3.9959,-3.7863,-3.6794,-0.9771,40.95,In Hand
174700,-4.8291,7.7931,3.9863,-2.1527,-2.6870,0.5649,41.28,In Hand
174750,-4.7094,7.7740,3.9504,-2.7328,-1.0076,1.0992,40.95,In Hand
174800,-4.7980,7.8195,4.0031,-3.3740,1.0229,1.2366,41.09,In Hand
174850,-4.7645,7.9009,3.8978,-2.4733,1.5267,1.8321,41.24,In Hand
174900,-4.9895,7.8841,3.9025,-3.5725,0.6870,4.1069,40.77,In Hand
174950,-4.8028,7.8075,3.8092,-3.1756,0.0611,2.1985,41.05,In Hand
175000,-4.6974,7.9152,3.7158,-0.2748,-0.2901,-3.3282,41.24,In Hand
175050,-4.8147,8.0038,3.9624,-1.7405,-0.0153,-4.5802,41.19,In Hand
175100,-4.8004,7.8530,3.9624,-3.4198,1.1603,-3.9084,41.09,In Hand
175150,-4.7836,7.6782,3.9121,-2.1374,1.6183,-3.1298,40.91,In Hand
175200,-4.8554,7.7021,3.8810,-0.7481,2.6718,-1.9847,41.05,In Hand
175250,-4.9775,7.6902,3.8499,-0.6107,2.6565,-0.1069,41.19,In Hand
175300,-4.9656,7.8482,3.8499,-1.1756,1.0229,2.1679,41.09,In Hand
175350,-4.8914,8.0541,3.8595,-4.6718,-1.4351,5.5725,41.19,In Hand
175400,-4.8315,7.7812,3.8762,-5.4198,-1.1908,5.0229,40.86,In Hand
175450,-4.7812,7.8051,3.8762,-1.7710,-0.5954,2.2137,41.24,In Hand
175500,-4.8195,7.9511,3.9600,-1.8168,0.7023,-0.3053,41.24,In Hand
175550,-4.7788,7.9727,3.9121,-2.0458,0.7481,-1.9237,41.24,In Hand
175600,-4.7812,7.8745,3.9361,-2.7786,1.3435,-2.8092,40.91,In Hand
175650,-4.7214,7.8889,3.8379,-1.5878,1.2366,-2.6107,41.05,In Hand
175700,-4.9225,7.7500,3.9648,-3.7252,1.4962,-0.8397,41.19,In Hand
175750,-4.9201,7.8075,4.0127,-2.6565,-0.5038,1.5725,41.09,In Hand
175800,-4.7381,7.8099,3.8618,-6.7939,1.4962,3.2061,41.24,In Hand
175850,-4.7764,7.5489,3.8714,-1.0687,3.0076,1.8168,41.09,In Hand
175900,-4.7812,7.9511,3.7637,-0.5191,4.2901,-0.0153,41.19,In Hand
175950,-4.9991,7.9703,3.9624,-0.9771,0.9618,0.0763,41.24,In Hand
176000,-4.8578,7.9751,3.8355,-3.2977,-0.7023,0.5038,41.19,In Hand
176050,-4.7812,7.8243,3.7804,-2.9618,-1.1756,0.0000,41.19,In Hand
176100,-4.7956,7.8386,3.8930,-1.3893,-0.8244,-0.1374,40.95,In Hand
176150,-4.8004,7.9009,3.9624,-1.1298,0.0916,0.5191,41.24,In Hand
176200,-4.7046,7.7548,3.9480,0.0916,1.3588,0.0763,41.19,In Hand
176250,-4.7214,8.0206,3.8547,-0.5191,3.2519,-0.6718,41.24,In Hand
176300,-4.8746,7.8506,3.8547,-1.4962,3.7099,-1.3740,40.95,In Hand
176350,-4.7956,7.8578,3.8571,-1.3893,1.7863,-1.8473,40.95,In Hand
176400,-4.8363,7.7644,3.7948,-2.5649,3.0534,-1.1908,41.09,In Hand
176450,-4.9129,7.8602,3.7326,1.1603,3.5267,1.0534,40.95,In Hand
176500,-4.7238,7.8745,3.6703,-2.3359,4.6870,2.2595,40.95,In Hand
176550,-4.8411,7.8721,3.7254,-1.6641,4.6260,3.4351,41.28,In Hand
176600,-4.9033,7.9871,3.7230,-0.9466,5.2214,3.2977,41.05,In Hand
176650,-5.1954,7.8458,3.5889,-1.2519,6.7481,2.3817,40.91,In Hand
176700,-4.8914,8.1666,3.4620,5.8168,3.8779,-2.2748,41.05,In Hand
176750,-4.7405,8.2815,3.3064,-1.5878,0.9466,-3.6183,41.05,In Hand
176800,-5.1068,7.8745,3.5482,-4.7634,-3.6794,-1.1908,41.19,In Hand
176850,-4.8985,7.6519,3.4189,-1.4962,-2.6412,1.2061,40.95,In Hand
176900,-4.6495,7.4531,3.1627,8.2748,-2.8702,1.2519,41.28,In Hand
176950,-5.1834,7.6279,3.0574,13.3130,-2.0305,0.5802,41.19,In Hand
177000,-6.2106,8.7843,3.1029,19.8168,-2.1069,8.2443,40.95,In Hand
177050,-5.8562,9.7707,2.4660,13.3588,5.3893,21.5573,40.91,In Hand
177100,-4.9608,8.2624,2.4876,1.2061,-4.9466,3.0382,41.19,In Hand
177150,-5.0613,8.7364,3.1316,-1.0840,-23.8168,-10.9618,40.95,In Hand
177200,-4.7980,8.4491,3.5051,-13.1145,-34.1069,-7.6489,40.95,In Hand
177250,-3.9193,8.2815,3.6895,-19.4809,-47.4351,3.5267,41.19,In Hand
177300,-3.5291,7.6303,4.2114,-19.9237,-44.5649,13.3282,41.24,In Hand
177350,-3.1508,7.1682,4.0510,-3.4656,-32.5191,19.5878,40.77,In Hand
177400,-3.3495,7.2161,4.2713,17.1145,-31.1145,23.7863,41.24,In Hand
177450,-3.0095,8.5641,4.1587,0.0305,-20.7481,25.6641,41.28,In Hand
177500,-2.8778,8.5377,6.1459,-5.5878,-7.7557,10.1069,41.19,In Hand
177550,-3.0861,8.0780,4.8483,6.2137,11.6183,-4.9924,41.05,In Hand
177600,-3.5458,8.6718,3.4333,22.2290,6.3969,-22.9008,41.05,In Hand
177650,-4.2162,8.6072,3.3543,-1.8779,1.1145,-16.1985,40.91,In Hand
177700,-4.1492,8.1139,3.6512,-9.0687,-11.5725,-9.8626,41.38,In Hand
177750,-3.8834,7.2544,4.2042,-6.5191,-14.5649,-10.3969,40.91,In Hand
177800,-3.8954,7.4148,4.6998,4.2290,-21.1450,4.4427,41.24,In Hand
177850,-4.3431,6.9336,4.4604,9.5573,-12.2748,15.5420,41.28,In Hand
177900,-3.1771,7.6614,4.5179,33.9237,-16.9924,6.0611,41.24,In Hand
177950,-3.8571,9.4044,4.6807,42.7328,-3.4046,-19.3740,40.91,In Hand
178000,-4.7836,10.4579,4.3455,33.2519,-0.8855,-17.8779,40.95,In Hand
178050,-4.3958,9.7085,3.3902,-2.5954,-5.2977,3.6947,40.95,In Hand
178100,-3.3040,8.3773,2.8419,-11.9389,-7.4809,9.4351,41.09,In Hand
178150,-3.3303,8.2193,3.2394,4.8550,-7.7863,-1.2214,41.05,In Hand
178200,-4.3551,8.9184,3.4261,11.9695,-7.1603,-0.1069,41.05,In Hand
178250,-3.6392,9.1698,3.3974,12.9771,-3.4504,5.6183,40.95,In Hand
178300,-3.3854,8.8490,3.0502,8.3359,0.3969,8.8092,41.09,In Hand
178350,-2.7078,8.9088,3.3615,8.7634,-1.9695,2.6412,41.38,In Hand
178400,-3.1340,8.6574,3.4046,10.7328,-4.4275,-5.3893,41.28,In Hand
178450,-3.5674,8.8514,3.0023,22.2901,-6.2443,-11.7099,40.95,In Hand
178500,-3.8690,9.3326,2.6145,8.9771,-2.1527,-4.8092,41.09,In Hand
178550,-3.7637,9.3278,2.6935,0.9924,-3.6031,1.3435,41.05,In Hand
178600,-3.6464,8.9830,2.6624,-4.1985,-3.5725,-0.3206,41.05,In Hand
178650,-3.6320,8.8274,2.7509,-4.1374,-1.9389,-2.1374,41.19,In Hand
178700,-3.6272,8.8322,2.7701,-3.9542,-1.0229,-3.1908,41.09,In Hand
178750,-3.7613,9.0812,2.9449,-6.0153,1.5115,-2.5954,41.05,In Hand
178800,-3.6344,8.8992,2.8419,-7.4656,-0.0153,-0.1527,41.05,In Hand
178850,-3.4093,8.6862,2.8204,-5.5267,-1.6489,0.4580,40.86,In Hand
178900,-3.4907,8.6790,2.8874,-2.4122,-0.9924,-3.2366,40.86,In Hand
178950,-3.6775,8.8298,3.0215,-1.9237,-0.7176,-3.4198,41.05,In Hand
179000,-3.7613,8.8538,2.9688,-1.5115,-0.7786,-2.1374,41.09,In Hand
179050,-3.6823,8.9256,2.9018,-1.7099,-2.0000,-0.0611,41.09,In Hand
179100,-3.6224,8.7987,2.8706,-2.9924,-0.8550,-0.4427,40.95,In Hand
179150,-3.6392,8.7508,2.9832,-2.3817,0.9924,-2.1069,40.95,In Hand
179200,-3.6799,8.8274,3.0023,-1.4504,-0.2595,-1.4962,41.09,In Hand
179250,-3.6943,8.8514,2.8754,-0.5191,-0.0458,-1.0229,40.95,In Hand
179300,-3.6703,8.9232,2.8826,-1.0076,0.6260,-0.8855,41.09,In Hand
179350,-3.6536,8.8011,2.8778,-2.6870,0.7786,-0.1832,41.24,In Hand
179400,-3.7110,8.8418,2.9425,-2.4122,0.5038,-0.4122,41.09,In Hand
179450,-3.7565,8.8226,2.9808,-2.6565,0.1832,-0.6260,40.95,In Hand
179500,-3.7086,8.7771,2.9928,-2.8397,0.3206,-0.2137,41.24,In Hand
179550,-3.7254,8.8585,2.8946,-2.2595,0.2748,0.1832,40.95,In Hand
179600,-3.6751,8.8729,2.8874,-3.5573,0.6412,0.0611,40.86,In Hand
179650,-3.6607,8.7676,2.9544,-3.8626,0.4733,0.9924,41.28,In Hand
179700,-3.6847,8.7724,2.9592,-2.7939,0.6260,0.8855,41.09,In Hand
179750,-3.7302,8.8538,2.9712,-2.5802,0.2443,0.1832,40.95,In Hand
179800,-3.7302,8.7747,2.9209,-2.4733,0.0458,-0.1832,41.09,In Hand
179850,-3.6799,8.7724,2.8778,-2.2748,0.7328,-0.3969,41.05,In Hand
179900,-3.6919,8.8370,2.9999,-1.9847,0.5954,-0.1069,41.19,In Hand
179950,-3.7517,8.7412,3.0742,-1.3893,0.6260,0.2748,41.38,In Hand
180000,-3.6248,8.7580,2.9066,2.6565,0.5496,0.7328,40.86,In Hand
180050,-3.5745,9.0046,2.8299,0.4733,0.8855,-0.1221,41.28,In Hand
180100,-3.6320,8.9399,2.9018,-5.0382,0.2748,0.0458,40.95,In Hand
180150,-3.6847,8.7676,2.9401,-4.7023,-0.1374,-0.5344,40.95,In Hand
180200,-3.7062,8.7101,2.9425,-2.6107,0.4427,0.0458,41.05,In Hand
180250,-3.7541,8.6910,3.0191,0.4580,0.9771,0.5649,41.19,In Hand
180300,-3.6440,8.7843,2.8730,2.1679,-0.1679,-0.0916,40.91,In Hand
180350,-3.6416,8.9304,2.7773,-1.3435,0.4275,-0.9771,41.09,In Hand
180400,-3.6655,8.9232,2.8252,-3.9237,0.2595,-0.6718,41.09,In Hand
180450,-3.6966,8.8083,2.8108,-4.0305,0.2290,-0.4427,41.05,In Hand
180500,-3.6655,8.7317,2.9233,-2.8702,0.5802,-0.5954,40.95,In Hand
180550,-3.6464,8.8969,2.9257,-2.1832,0.1832,0.0153,40.95,In Hand
180600,-3.6392,8.8681,2.8395,-3.1450,0.4733,0.1374,41.19,In Hand
180650,-3.6919,8.7149,2.8180,-2.3817,0.6107,-0.4885,41.19,In Hand
180700,-3.7206,8.8083,2.8635,-1.4504,0.4275,-1.1298,41.05,In Hand
180750,-3.8116,8.6574,2.9880,0.9008,0.7023,0.2137,41.28,In Hand
180800,-3.6200,8.8418,2.8491,4.1985,0.3817,0.6260,41.05,In Hand
180850,-3.6296,9.0956,2.7031,-0.9771,0.8092,-0.3969,40.95,In Hand
180900,-3.7637,8.8849,2.8395,-5.0382,0.8855,-1.7099,41.05,In Hand
180950,-3.7373,8.7747,2.8299,-3.3588,0.2443,-1.0534,41.28,In Hand
181000,-3.6823,8.8346,2.7988,-2.0916,0.3359,-0.4275,41.09,In Hand
181050,-3.7014,8.8107,2.8060,-1.9542,0.7481,-0.6718,41.05,In Hand
181100,-3.6344,8.8370,2.8276,-2.1374,0.9618,-1.3740,41.28,In Hand
181150,-3.7397,8.8538,2.8347,-1.5725,0.5496,-0.4580,41.24,In Hand
181200,-3.7469,8.7963,2.7773,-1.3435,0.1985,-0.0458,41.09,In Hand
181250,-3.7350,8.8753,2.7581,-1.3740,0.0153,-0.6565,41.09,In Hand
181300,-3.7182,8.8681,2.8323,-2.3206,0.4733,0.2901,40.95,In Hand
181350,-3.7613,8.8585,2.7366,-3.0076,0.4885,0.0458,41.09,In Hand
181400,-3.7182,8.8418,2.8108,-2.4122,0.2595,0.0458,41.24,In Hand
181450,-3.6990,8.8873,2.7749,-2.6870,0.1221,-0.5191,41.24,In Hand
181500,-3.7134,8.8346,2.7797,-3.0840,0.5344,0.0305,40.95,In Hand
181550,-3.6871,8.8155,2.7749,-2.6412,0.3511,0.0611,41.09,In Hand
181600,-3.6871,8.8322,2.8563,-2.5496,0.1221,-0.1985,41.05,In Hand
181650,-3.7134,8.8059,2.8706,-2.5496,0.3053,-0.2748,40.95,In Hand
181700,-3.7421,8.8346,2.8347,-2.5191,0.1985,-0.1679,41.24,In Hand
181750,-3.7038,8.8418,2.8036,-2.9008,0.0458,0.2290,41.28,In Hand
181800,-3.6919,8.8155,2.7988,-2.8550,0.4122,-0.1374,41.19,In Hand
181850,-3.6919,8.8681,2.8587,-2.5649,0.2290,0.6260,40.91,In Hand
181900,-3.6464,8.8226,2.8443,-3.1145,0.2443,0.1985,41.05,In Hand
181950,-3.6775,8.8442,2.7964,-2.9313,0.4580,0.2748,40.86,In Hand
182000,-3.7086,8.8442,2.8826,-3.2061,0.3664,0.0000,41.05,In Hand
182050,-3.7326,8.7795,2.8228,-2.9466,0.5344,-0.4885,40.86,In Hand
182100,-3.6847,8.7963,2.8156,-2.7023,0.8397,-0.0916,41.24,In Hand
182150,-3.7062,8.8825,2.8994,-2.6107,0.2290,-0.1069,41.19,In Hand
182200,-3.6966,8.7963,2.8730,-2.4275,0.4733,-0.7176,40.95,In Hand
182250,-3.7565,8.8346,2.8922,-2.3817,0.2443,-0.3359,41.09,In Hand
182300,-3.7206,8.7652,2.8443,-0.9771,0.2290,0.1527,40.86,In Hand
182350,-3.6512,8.8011,2.7557,-2.0305,0.1679,-0.4275,41.09,In Hand
182400,-3.7086,8.8777,2.9185,-2.7023,0.2901,-0.2290,41.19,In Hand
182450,-3.7110,8.7915,2.7940,-2.7176,0.5344,0.2137,41.19,In Hand
182500,-3.7350,8.6646,2.8539,-0.1985,0.3664,0.3053,41.09,In Hand
182550,-3.6727,8.8777,2.7390,0.7328,0.2290,-0.2595,41.19,In Hand
182600,-3.7206,8.9902,2.7557,-3.2977,0.6718,-0.1679,41.09,In Hand
182650,-3.6536,8.7628,2.8443,-4.2595,0.7328,-0.5496,40.86,In Hand
182700,-3.7326,8.7700,2.8443,-2.7328,0.4580,-0.1985,41.19,In Hand
182750,-3.7302,8.8442,2.8587,-2.1069,0.4580,-0.2748,40.95,In Hand
182800,-3.6823,8.8825,2.8754,-3.0076,0.3359,-0.0305,40.91,In Hand
182850,-3.7469,8.8178,2.7869,-2.7176,0.3969,0.1679,41.09,In Hand
182900,-3.7397,8.7843,2.8419,-2.3053,0.2290,0.0916,41.24,In Hand
182950,-3.7158,8.8777,2.8228,-1.9695,0.1527,-0.2901,41.28,In Hand
183000,-3.6751,8.8107,2.7964,-2.6565,0.3511,0.4580,41.09,In Hand
183050,-3.7110,8.8514,2.8036,-2.8702,0.5649,-0.0305,40.77,In Hand
183100,-3.7350,8.8226,2.8395,-2.4885,0.1832,-0.0153,41.09,In Hand
183150,-3.7134,8.8562,2.7342,-2.4885,0.0000,-0.4427,41.38,In Hand
183200,-3.6895,8.8538,2.8443,-2.6718,0.7939,-0.2595,41.05,In Hand
183250,-3.6823,8.8178,2.8635,-2.5191,0.1985,0.1832,41.19,In Hand
183300,-3.6775,8.8681,2.8299,-2.3206,0.4122,-0.4427,40.95,In Hand
183350,-3.7038,8.8969,2.8467,-2.7939,0.3969,-0.0458,41.19,In Hand
183400,-3.6799,8.7939,2.8515,-2.6107,0.5802,0.1374,40.95,In Hand
183450,-3.6990,8.7819,2.7605,-2.1679,0.3359,-0.0611,41.09,In Hand
183500,-3.6847,8.9088,2.7773,-2.2290,0.0000,-0.2443,41.09,In Hand
183550,-3.6559,8.8585,2.8060,-2.9008,0.5649,0.3053,40.95,In Hand
183600,-3.6943,8.7915,2.8443,-2.6718,0.9466,0.0458,41.05,In Hand
183650,-3.7038,8.7819,2.7869,-2.1985,0.0153,-0.1985,40.95,In Hand
183700,-3.6871,8.8370,2.8587,-2.3053,0.0611,-0.2748,40.95,In Hand
183750,-3.6631,8.8298,2.8539,-2.2443,0.9924,-0.1221,41.28,In Hand
183800,-3.6799,8.8202,2.8443,-1.8168,0.6412,0.2137,41.24,In Hand
183850,-3.7014,8.8107,2.9185,-1.7863,0.6412,-0.3053,41.19,In Hand
183900,-3.6751,8.8657,2.8587,-2.7023,0.5344,-0.3664,40.91,In Hand
183950,-3.6943,8.7963,2.8730,-2.1374,0.7481,0.2137,41.19,In Hand
184000,-3.7134,8.8226,2.7605,-1.4351,0.6870,0.4580,40.91,In Hand
184050,-3.6966,8.9064,2.8563,-1.2214,0.4733,-0.1985,41.19,In Hand
184100,-3.6631,8.8657,2.8084,-2.3359,0.6565,0.0000,41.24,In Hand
184150,-3.6919,8.7747,2.8036,-2.3206,0.5954,0.1374,41.28,In Hand
184200,-3.7469,8.8059,2.8060,-1.7710,0.3969,-0.3664,41.19,In Hand
184250,-3.7182,8.8538,2.8419,-1.6641,0.4733,-0.1374,41.24,In Hand
184300,-3.7134,8.8873,2.8539,-1.8015,0.4733,0.0458,41.19,In Hand
184350,-4.0845,9.2512,3.1580,-2.9466,1.4198,4.8092,40.95,In Hand
184400,-4.0630,9.4882,3.2465,-2.8855,0.8397,16.0153,40.86,In Hand
184450,-3.1173,9.4212,2.4445,-4.5344,3.0382,22.7634,41.24,In Hand
184500,-2.3703,8.9998,2.1021,-7.5115,8.2748,21.2519,40.91,In Hand
184550,-2.2984,8.8681,2.4469,-6.0916,11.7405,14.2137,41.19,In Hand
184600,-2.3870,9.1435,2.7677,-4.0153,11.5878,8.0305,40.67,In Hand
184650,-2.5187,9.3948,2.6767,-5.8931,13.0534,2.5954,41.19,In Hand
184700,-2.2793,9.0573,2.4636,-10.2443,17.0076,-3.6031,40.95,In Hand
184750,-2.6169,9.2105,2.5738,-11.5573,20.4122,-5.0382,41.09,In Hand
184800,-3.0742,10.8984,2.7773,-23.0840,24.4427,9.2214,41.19,In Hand
184850,-2.6288,9.5313,2.4229,-43.6031,33.7863,9.1908,41.09,In Hand
184900,-2.6217,8.6263,2.7270,-43.8779,37.7710,6.3817,40.95,In Hand
184950,-3.0047,8.6311,3.3327,-37.9084,37.2977,8.3817,41.19,In Hand
185000,-3.1891,8.4874,3.5626,-33.5267,35.3740,4.8397,41.19,In Hand
185050,-3.1939,8.1139,3.4620,-29.8931,35.3588,-0.1832,40.91,In Hand
185100,-3.1460,7.6902,3.1460,-21.7863,36.7634,-8.0000,41.09,In Hand
185150,-3.5506,8.2337,3.4069,-11.6183,37.3435,-12.3053,41.24,In Hand
185200,-3.8786,9.0621,3.5051,-8.9466,40.4580,-11.1908,40.91,In Hand
185250,-4.2353,9.3565,3.3208,-15.9847,46.5496,-7.9237,41.28,In Hand
185300,-4.8794,9.8928,3.7062,-29.1145,47.6947,6.7634,40.95,In Hand
185350,-4.8459,9.1099,3.3208,-45.6183,47.2061,19.0687,40.91,In Hand
185400,-4.7884,7.4986,2.8874,-46.0763,54.5802,19.1450,41.09,In Hand
185450,-5.1404,7.4771,3.2322,-38.5954,61.6794,10.3511,41.24,In Hand
185500,-5.3870,7.4316,3.9696,-29.9084,57.6794,7.8168,41.19,In Hand
185550,-4.7669,7.0797,3.6512,-21.8015,48.9618,6.1221,41.24,In Hand
185600,-4.9584,7.0222,3.9409,-8.6107,37.6641,4.5038,41.24,In Hand
185650,-5.7269,8.2313,4.7214,-3.6947,18.5344,9.3130,41.09,In Hand
185700,-5.4731,7.9033,3.9576,-1.9389,7.8473,11.3588,40.95,In Hand
185750,-5.4229,8.6000,4.3455,3.6031,-1.7405,6.1527,40.95,In Hand
185800,-4.6328,8.5617,4.2928,19.8015,-26.7634,2.0458,41.09,In Hand
185850,-4.9871,8.1906,3.5985,15.2519,-19.9695,-9.6031,41.24,In Hand
185900,-5.4947,8.6526,3.4477,3.3435,-26.6565,14.9618,41.19,In Hand
185950,-4.2521,8.9184,3.2896,-22.1679,-21.4962,11.8168,41.09,In Hand
186000,-5.2457,7.6231,3.7589,-20.3206,-33.0687,0.0611,41.19,In Hand
186050,-3.8259,7.8530,3.8475,-12.3053,-39.9847,4.6718,41.09,In Hand
186100,-3.5721,7.6160,4.0438,-16.9466,-41.7710,19.3740,41.05,In Hand
186150,-2.8467,8.6191,4.9560,-12.1679,-42.4580,16.0763,41.09,In Hand
186200,-2.7342,8.1403,4.4796,-17.9847,-30.3511,7.8473,41.09,In Hand
186250,-2.9521,7.7524,4.4101,-8.6718,-25.8473,1.0229,40.91,In Hand
186300,-2.6600,7.6902,4.5753,5.6031,-20.1985,-11.1145,41.19,In Hand
186350,-2.9975,7.1850,4.4101,10.2137,-29.7252,-26.1069,41.09,In Hand
186400,-0.3065,8.2313,4.6400,4.7328,-15.5267,-22.3206,40.95,In Hand
186450,-4.7070,8.0038,5.0949,-0.2748,-5.3893,-23.9695,41.09,In Hand
186500,-4.1994,9.3111,5.3846,-6.2595,-8.3511,-21.1298,41.24,In Hand
186550,-5.9137,9.2225,5.1882,-2.4275,2.5038,-19.4046,40.95,In Hand
186600,-3.1196,8.7700,5.4923,2.9618,3.6641,5.6794,41.24,In Hand
186650,-4.9033,6.5529,6.9097,16.0611,-26.5191,5.6947,41.19,In Hand
186700,-5.0542,6.4500,6.7181,16.7786,-68.4275,-30.5344,40.86,In Hand
186750,-4.5131,6.5529,5.3726,30.1221,-73.4809,-39.5115,40.95,In Hand
186800,-4.5610,7.1658,5.0781,34.5038,-76.6412,-45.2061,41.42,In Hand
186850,-5.5976,6.7229,5.8155,33.2977,-96.2137,-50.9008,41.28,In Hand
186900,-4.4939,7.0270,4.4053,49.7863,-115.3435,-59.1450,40.95,In Hand
186950,-3.5626,7.6734,2.8730,73.0534,-100.0000,-59.5267,40.91,In Hand
187000,-3.1723,8.0900,2.3008,69.0687,-68.8702,-55.6641,41.24,In Hand
187050,-3.1101,8.0756,1.9609,49.3130,-52.2443,-83.3740,40.95,In Hand
187100,-3.9025,8.1092,1.9776,29.4198,-34.4122,-116.3053,40.95,In Hand
187150,-4.4101,7.5561,1.8507,21.0076,-9.2824,-124.0458,41.09,In Hand
187200,-6.3375,8.2600,2.5211,38.5191,6.3664,-115.6641,41.24,In Hand
187250,-6.3279,8.7939,2.8826,25.8015,11.8321,-84.1985,41.09,In Hand
187300,-7.2185,4.5921,2.0662,51.1450,27.1908,-80.4733,40.91,In Hand
187350,-7.4986,7.0964,2.3463,67.9695,30.1374,-66.5343,41.19,In Hand
187400,-7.4364,6.3015,2.5259,53.3282,31.2672,-50.0458,41.24,In Hand
187450,-8.6886,3.4381,2.3008,60.7023,28.4886,-60.7481,41.09,In Hand
187500,-8.9112,3.8379,1.5227,76.8092,16.3511,-73.6794,40.95,In Hand
187550,-8.9639,3.1196,0.7326,74.0153,12.5191,-81.9847,40.86,In Hand
187600,-9.8641,2.5019,-0.0359,69.7863,13.4962,-104.8855,41.19,In Hand
187650,-10.5177,2.4517,-0.6871,77.7863,5.5878,-107.7405,41.19,In Hand
187700,-9.8402,2.7701,-0.7685,89.1298,4.6565,-102.3206,40.91,In Hand
187750,-9.3589,2.5379,-1.1444,82.3359,26.4427,-94.7176,41.05,In Hand
187800,-11.0636,3.0287,-1.4078,60.8855,18.5954,-63.8779,41.19,In Hand
187850,-9.8234,3.5243,-0.7135,15.2061,23.2977,-34.9313,41.05,In Hand
187900,-10.2903,2.3320,-1.0080,-19.9695,22.5954,-11.6489,41.24,In Hand
187950,-9.6247,1.5299,-1.0199,-40.2137,13.1450,18.0763,41.05,In Hand
188000,-9.5385,0.5315,-1.4964,-46.1985,13.5420,30.6870,41.09,In Hand
188050,-9.3996,-0.0958,-1.5634,-42.8244,13.0992,26.5038,41.24,In Hand
188100,-9.2680,-0.2777,-1.0511,-43.0382,10.7328,11.1450,41.09,In Hand
188150,-9.5265,-0.1700,-0.9457,-44.1832,2.1221,-2.6260,41.09,In Hand
188200,-9.2009,-0.2011,-0.9218,-37.5115,3.0534,-7.4656,40.77,In Hand
188250,-9.2105,-0.2179,-0.8978,-30.3664,7.2519,-9.8779,40.95,In Hand
188300,-9.5074,-0.3759,-1.2570,-16.9313,5.2824,-12.6718,41.09,In Hand
188350,-9.2273,-0.0575,-1.4030,-4.7939,-1.6336,-16.9008,40.95,In Hand
188400,-9.4140,0.1437,-1.5299,-0.2748,-2.0916,-12.7786,41.24,In Hand
188450,-9.8641,0.2538,-1.4676,-3.1450,2.4427,-5.5115,41.24,In Hand
188500,-9.1674,0.5698,-1.1061,-7.1908,7.6641,0.0916,41.05,In Hand
188550,-10.2520,0.5148,-1.0247,-5.0840,7.7557,4.2443,41.09,In Hand
188600,-9.3996,2.1476,-0.1628,-8.5954,-10.2137,14.0000,40.86,In Hand
188650,-10.9607,3.2777,0.0215,-29.1603,-29.8626,35.0229,41.19,In Hand
188700,-11.8681,3.9816,-0.2801,-51.4656,-60.0458,75.3588,41.09,In Hand
188750,-12.0859,5.0733,-0.1652,-79.0992,-73.6031,109.8626,40.95,In Hand
188800,-12.1410,5.4277,-0.4405,-93.7710,-86.3664,154.3206,40.77,In Hand
188850,-12.0740,4.9392,-1.0822,-102.4580,-85.7099,201.3130,40.86,In Hand
188900,-11.0852,3.1915,-1.2689,-90.0153,-57.7099,204.7176,41.09,In Hand
188950,-7.5465,3.1484,-0.8882,-66.1221,-18.4580,167.0076,41.24,In Hand
189000,-4.7764,5.3199,1.6209,-66.5496,6.8855,134.3359,40.95,In Hand
189050,-4.3742,5.2146,2.9856,-61.9695,10.6412,117.7557,40.91,In Hand
189100,-2.2051,7.0150,3.1244,-51.7557,14.3664,109.5420,41.28,In Hand
189150,-2.3990,6.8953,3.3662,-46.9008,40.1679,100.7328,40.95,In Hand
189200,-2.2577,7.0294,3.6607,-50.8397,52.4275,84.9160,41.09,In Hand
189250,-2.3798,5.7509,4.3048,-28.1221,59.3282,64.6412,41.19,In Hand
189300,-2.9137,7.2544,3.0143,3.0229,80.0305,48.1374,41.24,In Hand
189350,-2.9521,7.4244,5.1499,-12.3053,73.1603,29.7710,41.05,In Hand
189400,-3.7230,7.4436,6.1579,-16.1527,58.6718,-0.8397,41.09,In Hand
189450,-4.1468,7.6806,5.6216,-9.9084,43.6183,-18.6718,41.28,In Hand
189500,-4.7477,8.1930,6.0382,-8.3359,25.5878,-18.0916,40.95,In Hand
189550,-4.5633,8.1044,5.4061,-8.0000,17.0534,-13.3435,40.91,In Hand
189600,-4.1204,7.7213,6.0214,-4.7176,-1.0076,-12.0763,41.09,In Hand
189650,-3.8618,8.5329,5.1715,7.6794,-10.7328,-8.7939,40.91,In Hand
189700,-3.1005,8.8609,4.1875,-4.4275,-10.0305,1.8626,40.95,In Hand
189750,-2.6432,8.5473,3.9624,2.1374,-1.5573,13.1145,41.24,In Hand
189800,-2.8874,8.7532,3.7445,-7.3740,11.5878,15.4962,40.91,In Hand
189850,-2.6600,8.2193,4.1635,-13.6336,16.6565,8.1832,41.28,In Hand
189900,-2.1261,8.6215,2.9640,-8.9160,35.7863,17.7252,41.28,In Hand
189950,-2.0806,7.8554,3.0215,12.5649,56.6718,36.5802,41.24,In Hand
190000,-3.1268,9.5936,4.6926,3.7405,49.3588,38.8702,41.05,In Hand
190050,-2.4469,9.9695,3.7613,-2.3511,49.6489,21.9695,41.09,In Hand
190100,-3.5267,10.9822,4.7980,-25.2366,44.9008,7.6947,41.28,In Hand
190150,-3.0765,10.2639,4.0486,-45.4656,38.2443,21.2214,41.24,In Hand
190200,-2.9066,8.9447,3.5434,-27.7557,40.1679,43.3282,40.77,In Hand
190250,-3.0789,8.9376,4.3838,-36.7786,42.4580,47.0534,41.24,In Hand
190300,-2.5402,7.1635,4.3598,-37.5725,40.7176,38.8550,40.91,In Hand
190350,-4.7525,8.0876,6.4093,-31.5573,35.6947,34.8244,41.24,In Hand
190400,-2.8994,6.1938,5.7413,-10.5649,11.1603,19.6183,41.24,In Hand
190450,-3.9959,8.0062,5.8442,-4.8702,1.4962,-0.9313,41.28,In Hand
190500,-4.8626,10.0724,7.1635,0.3817,-6.7939,9.7252,40.95,In Hand
190550,-2.9712,7.7141,4.7645,12.2595,-23.9084,7.3282,41.05,In Hand
190600,-2.1620,9.6726,4.6878,10.1985,-22.3359,1.7252,41.24,In Hand
190650,-1.7478,8.2097,4.0510,-15.7863,-18.8092,-8.4427,41.09,In Hand
190700,-1.4868,7.0820,3.5195,-36.1069,-6.6107,-33.7863,41.09,In Hand
190750,-0.4693,6.1651,3.3351,-26.7481,5.0076,-41.4656,41.09,In Hand
190800,-0.7518,6.8690,2.6145,2.4427,37.0687,-57.0229,41.19,In Hand
190850,-4.3766,9.7324,5.9735,10.9618,34.4580,-45.2672,41.09,In Hand
190900,-5.8802,10.8242,6.8498,21.6489,10.9160,-13.9542,41.05,In Hand
190950,-4.2617,9.7492,5.7868,13.3130,-16.0763,13.1908,41.19,In Hand
191000,-2.2434,7.9847,4.3263,7.8168,-14.2290,13.5115,41.09,In Hand
191050,-1.5275,7.9703,3.8427,17.7557,-0.0153,6.6565,41.24,In Hand
191100,-2.6695,8.1570,4.4843,25.5114,8.5038,-2.9466,41.05,In Hand
191150,-3.0789,8.6742,3.4572,25.4656,13.0992,-6.7939,41.24,In Hand
191200,-3.7086,9.0956,4.3048,14.5954,4.1679,-3.0534,41.24,In Hand
191250,-3.3255,8.4108,3.7014,9.7710,0.9008,-4.1221,41.19,In Hand
191300,-3.7397,8.3222,3.6631,18.2901,-0.0916,6.3206,41.09,In Hand
191350,-3.6344,8.3390,3.4788,26.9924,0.4885,4.3359,40.86,In Hand
191400,-3.2920,9.2608,3.2825,28.6718,3.9237,3.4962,40.77,In Hand
191450,-3.3495,9.0549,3.2825,23.3435,1.6947,5.0382,40.77,In Hand
191500,-3.2681,9.2033,2.8419,16.7786,-1.5878,-0.7176,41.19,In Hand
191550,-3.0718,9.3278,2.6671,16.4275,0.7023,2.1069,41.09,In Hand
191600,-3.2944,9.2344,2.5690,12.3359,0.8702,-0.6870,40.95,In Hand
191650,-3.1699,9.6702,2.4134,10.1221,1.6794,-2.7786,40.91,In Hand
191700,-3.3902,9.4547,2.4253,4.3206,0.4885,-0.3817,41.05,In Hand
191750,-3.2968,9.5217,2.3966,-1.9847,0.7939,-0.8702,40.86,In Hand
191800,-3.2417,9.1387,2.3918,-5.4198,1.1908,1.2824,41.05,In Hand
191850,-3.1867,8.9016,2.3703,-3.5115,1.1145,-2.5802,40.95,In Hand
191900,-3.1915,8.9974,2.4828,-1.9847,0.8855,-0.7481,40.95,In Hand
191950,-3.2801,8.8585,2.3798,-2.9771,0.4122,-1.9847,41.19,In Hand
192000,-3.2513,9.0716,2.4038,1.2977,1.0840,-0.1069,40.72,In Hand
192050,-3.3399,8.9376,2.3870,0.7634,-0.1374,0.0000,40.95,In Hand
192100,-3.2777,8.6263,2.3391,3.8321,-0.9313,0.9771,41.24,In Hand
192150,-3.0263,8.6311,2.1811,10.8855,1.1298,7.3740,41.38,In Hand
192200,-3.2274,8.1882,2.3367,25.3435,-2.1069,10.7634,41.05,In Hand
192250,-2.8491,8.1068,1.4748,45.6641,-1.7863,8.7481,41.19,In Hand
192300,-2.6743,8.2313,1.0558,60.1527,0.5802,6.3206,41.24,In Hand
192350,-2.8515,8.8705,0.3543,65.7710,4.5191,-0.7328,41.05,In Hand
192400,-3.5554,10.5058,0.4429,66.8550,5.0687,6.7786,41.05,In Hand
192450,-3.3423,10.5465,-0.3472,53.9542,-0.2290,7.9695,41.24,In Hand
192500,-2.8706,11.1115,-0.6440,35.4962,-2.0153,8.2748,40.77,In Hand
192550,-2.5905,10.2592,-1.0008,11.4504,-4.3206,2.4427,41.05,In Hand
192600,-2.7078,9.9479,-1.1396,0.0611,-1.4809,0.1374,40.95,In Hand
192650,-2.8323,9.3972,-1.0654,-3.9695,1.3282,0.1374,41.24,In Hand
192700,-2.9042,9.4092,-1.0008,-5.3282,2.9008,2.1527,41.05,In Hand
192750,-2.8659,9.2273,-0.7973,-6.9160,2.4885,2.9313,41.05,In Hand
192800,-2.8299,9.0022,-0.7039,-4.2901,1.1908,-0.0611,40.91,In Hand
192850,-2.8180,9.3302,-0.8356,0.5496,1.0992,0.0000,40.91,In Hand
192900,-2.8778,9.6869,-0.7781,0.3511,-0.2137,2.0611,40.77,In Hand
192950,-2.6695,9.3350,-1.1157,-0.2290,0.0916,5.6794,40.95,In Hand
193000,-2.6073,9.1411,-0.9840,-3.4656,0.5344,0.0458,40.86,In Hand
193050,-2.6504,9.3518,-0.9194,-2.4122,1.2214,-0.4122,41.05,In Hand
193100,-2.8491,9.5265,-0.8116,-4.0153,1.5420,-0.2137,41.09,In Hand
193150,-2.7557,9.4906,-0.8308,-2.9160,-1.1298,0.4275,40.95,In Hand
193200,-2.5522,9.8234,-0.8236,-6.5496,-3.2214,1.7099,41.24,In Hand
193250,-1.9225,11.8657,-1.3048,-28.9008,-6.3359,-20.4580,41.05,In Hand
193300,-3.3974,13.6565,-0.8475,-93.9695,1.7557,-12.7939,40.95,In Hand
193350,-3.3423,10.5896,0.0455,-137.0687,-7.8473,14.2595,40.91,In Hand
193400,-2.6959,9.7779,1.1109,-139.8473,-13.2672,12.2901,41.09,In Hand
193450,-2.4636,7.8410,1.2785,-137.3588,-7.0840,8.2748,41.24,In Hand
193500,-3.1963,8.5760,2.8922,-115.5725,-1.5573,21.4809,41.05,In Hand
193550,-2.7725,8.4108,3.5650,-113.5420,4.8702,32.7023,40.95,In Hand
193600,-2.7701,9.1459,4.9344,-119.4046,15.5573,45.9084,41.05,In Hand
193650,-4.6783,8.1954,4.6304,-107.8321,-15.0992,45.6641,41.24,In Hand
193700,-2.8587,8.0852,7.0725,-118.3664,-19.2519,63.1756,41.09,In Hand
193750,-0.7997,6.9767,7.2712,-109.1603,-24.0916,72.2443,40.95,In Hand
193800,-0.0359,4.9943,8.0613,-94.2748,-21.8931,75.8015,41.05,In Hand
193850,0.5267,4.3383,8.2456,-91.0687,-16.6260,60.0763,41.24,In Hand
193900,1.0439,3.1627,8.9759,-73.8168,-14.5496,51.0076,41.05,In Hand
193950,1.2186,2.9880,9.3134,-55.5573,-12.8702,41.5878,41.24,In Hand
194000,1.1253,2.7318,9.2991,-35.2977,-14.5191,33.1145,40.77,In Hand
194050,1.3024,3.9121,9.7229,-31.8473,-14.6107,26.1527,41.05,In Hand
194100,1.5371,3.7469,9.6295,-31.8321,-7.8626,27.4351,41.19,In Hand
194150,1.6161,3.0478,9.7827,-34.5649,-4.0153,26.5344,40.91,In Hand
194200,2.1835,3.1244,10.1275,-36.1221,-3.9084,24.3206,41.24,In Hand
194250,2.1739,2.5786,10.0149,-38.8244,-1.1298,22.7786,40.95,In Hand
194300,1.8914,2.6217,10.1873,-37.0840,0.3053,24.7023,40.95,In Hand
194350,2.0231,2.4852,9.9431,-47.5573,3.7405,26.4886,41.24,In Hand
194400,1.9992,1.9537,9.8067,-56.0916,8.9924,25.0382,41.24,In Hand
194450,1.8699,0.6369,9.8737,-55.7710,15.7710,25.1145,41.05,In Hand
194500,1.5419,-0.1006,10.3813,-46.9924,17.3588,20.4275,40.91,In Hand
194550,1.3336,-0.9457,10.5345,-35.5725,12.7176,13.8473,40.95,In Hand
194600,1.2139,-0.8787,10.6662,-24.1527,6.2901,10.4122,40.95,In Hand
194650,1.1325,-1.7286,10.7069,-12.5191,-0.0763,6.6718,41.05,In Hand
194700,1.5036,-0.4334,10.3837,-0.5191,-2.6107,-2.8092,41.19,In Hand
194750,1.7957,-0.2945,10.0197,-4.2290,3.5878,-3.0076,40.95,In Hand
194800,1.4078,-0.2203,10.4220,1.2672,3.9237,-1.7557,40.86,In Hand
194850,1.3958,-0.0958,10.6326,-1.6183,2.7328,-0.3664,41.19,In Hand
194900,1.4437,-0.0814,10.7452,-2.5802,1.4656,1.6336,41.24,In Hand
194950,1.1372,-0.6153,10.7811,-1.1756,-2.8092,1.9847,40.95,In Hand
195000,1.3551,-0.5387,10.4627,0.1527,-5.3893,-1.9084,41.24,In Hand
195050,1.8794,0.1006,10.3932,2.0000,-2.3664,-1.2366,41.24,In Hand
195100,1.5347,-0.2945,10.4722,-0.8244,0.2443,-0.6260,40.91,In Hand
195150,1.5610,0.1508,10.4962,2.5191,1.4656,-1.1603,41.38,In Hand
195200,1.5634,-0.2418,10.7476,-3.5878,1.1908,-2.1832,41.38,In Hand
195250,1.2522,-1.2641,10.4387,4.6718,-1.0382,-6.1221,40.95,In Hand
195300,0.5746,-2.3320,10.1466,25.2519,-3.3130,-19.2519,41.09,In Hand
195350,1.0223,-2.4924,10.0197,65.3893,-15.4962,-28.1832,41.28,In Hand
195400,1.3958,-2.6217,9.3039,110.4427,-18.1527,-56.7328,40.95,In Hand
195450,1.5251,-0.2298,8.5114,145.2519,-18.0916,-73.8321,40.72,In Hand
195500,1.5610,4.1108,8.1858,165.4657,-15.4962,-83.1908,41.09,In Hand
195550,1.8818,6.8426,7.6327,144.9160,2.6260,-79.1145,41.24,In Hand
195600,0.6943,8.7364,7.0964,124.6260,-2.0153,-62.8397,40.77,In Hand
195650,1.7885,7.5848,4.4628,98.7634,5.7099,-68.3969,41.09,In Hand
195700,1.2689,8.9878,5.7748,70.8397,2.1832,-77.7863,41.19,In Hand
195750,0.0646,10.0724,6.2776,38.4275,13.3740,-58.7634,41.24,In Hand
195800,-0.3376,7.7093,5.7509,9.7863,37.3282,-75.1756,41.24,In Hand
195850,-1.2594,9.0956,6.8690,-6.3206,48.5649,-74.3206,41.05,In Hand
195900,-3.9816,7.9679,7.1898,-9.3588,25.8321,-58.5191,40.91,In Hand
195950,-4.1061,7.7141,7.8985,12.5802,12.1221,-48.6260,41.19,In Hand
196000,-3.6248,6.7181,6.3183,41.7405,3.8626,-36.1069,41.19,In Hand
196050,-3.4812,7.1419,5.0613,56.3359,0.1832,-32.5802,41.05,In Hand
196100,-3.1053,8.0900,4.6232,52.1985,9.1450,-24.7786,41.09,In Hand
196150,-3.7397,8.3486,4.9225,41.7710,11.1450,-22.2901,41.24,In Hand
196200,-4.1300,8.7867,5.0661,36.1679,8.8092,-10.0916,41.09,In Hand
196250,-3.9720,8.6215,4.6208,31.8626,2.1985,-5.0229,40.95,In Hand
196300,-3.6775,9.0836,4.1228,25.0382,4.1221,-5.5115,41.19,In Hand
196350,-3.4500,8.8538,3.9840,9.5878,5.8321,-5.8321,40.95,In Hand
196400,-3.8738,8.6143,4.0247,-4.2443,1.0687,-5.3435,41.24,In Hand
196450,-3.9600,8.1930,3.9313,-0.0763,0.6107,-3.0076,40.95,In Hand
196500,-3.8618,8.1068,3.9768,2.2137,2.1527,-5.9695,40.95,In Hand
196550,-3.7781,7.8650,3.8044,5.7099,3.0382,-7.9389,41.05,In Hand
196600,-4.2473,8.1762,4.1108,14.1221,4.2901,-13.1298,40.91,In Hand
196650,-4.2545,8.3893,3.7876,18.1527,-2.1679,-3.1908,41.19,In Hand
196700,-4.3359,8.6694,3.4668,11.8626,-1.3588,-3.0229,40.95,In Hand
196750,-4.1779,8.8250,3.2825,3.9847,0.3511,1.0840,41.24,In Hand
196800,-4.1492,8.2552,3.4812,-3.6794,0.8397,-0.9313,40.95,In Hand
196850,-4.0127,7.8841,3.4931,4.4122,2.1832,-4.3359,40.95,In Hand
196900,-4.2401,8.5880,3.4836,9.0534,1.5878,-1.5420,40.95,In Hand
196950,-4.4173,9.0621,3.5721,4.1527,1.9389,0.3206,40.77,In Hand
197000,-4.1420,8.5425,3.2226,-1.9542,-0.5802,1.7863,41.05,In Hand
197050,-4.0821,8.3175,3.1125,-1.9542,0.0153,2.2595,41.09,In Hand
197100,-4.2880,8.5018,3.3734,-2.1069,-0.0458,2.4885,41.09,In Hand
197150,-4.1324,8.3893,3.2825,-0.3664,-0.1069,1.3740,41.09,In Hand
197200,-4.1755,8.7460,3.3471,0.9618,-1.4198,3.1908,40.91,In Hand
197250,-3.9744,8.4276,3.2417,-1.0840,-2.4275,3.2824,41.19,In Hand
197300,-4.0031,8.5665,3.1747,-0.0458,-1.4809,1.1145,40.95,In Hand
197350,-4.0534,8.5497,3.1747,-1.2824,-0.2290,-0.5191,41.19,In Hand
197400,-4.1372,8.6814,3.2944,-2.7939,0.3817,0.1679,41.05,In Hand
197450,-4.1563,8.6024,3.3423,-2.8244,-1.0534,1.2366,41.05,In Hand
197500,-4.2737,8.8992,3.4357,-1.7252,-1.2214,1.8779,40.95,In Hand
197550,-3.9433,8.4803,3.2010,-3.2366,-1.1603,1.7863,41.24,In Hand
197600,-3.8810,8.3438,3.1412,-2.9313,0.9466,-0.8702,41.19,In Hand
197650,-3.9720,8.4827,3.2322,-2.9618,0.5344,0.5954,40.95,In Hand
197700,-4.2186,8.7053,3.5147,-2.7176,-0.6412,1.4046,40.95,In Hand
197750,-4.0007,8.6191,3.2465,-1.5725,-0.7939,2.8702,41.19,In Hand
197800,-3.8786,8.5353,3.2082,-3.2061,-0.7481,1.9847,41.19,In Hand
197850,-3.8618,8.3845,3.2058,-3.0229,0.4580,0.1985,41.19,In Hand
197900,-3.9433,8.4683,3.3279,-1.4046,1.4351,-1.0840,41.24,In Hand
197950,-3.9911,8.5281,3.3327,-0.3817,0.9466,-1.3435,41.09,In Hand
198000,-3.9409,8.6598,3.2082,0.5344,0.6107,0.0153,41.19,In Hand
198050,-3.9528,8.6742,3.2441,-1.8626,0.3817,-0.2748,41.19,In Hand
198100,-3.9097,8.6024,3.2034,-2.1374,0.6565,0.1374,41.19,In Hand
198150,-4.0797,8.7460,3.3543,-2.5038,0.6107,0.7939,41.09,In Hand
198200,-3.9600,8.5928,3.2729,-2.9313,0.5496,0.2901,40.95,In Hand
198250,-3.8547,8.3199,3.1699,-2.2901,0.5496,-1.4046,41.24,In Hand
198300,-3.9911,8.6072,3.2082,-1.3435,0.4580,0.2443,41.24,In Hand
198350,-4.0270,8.6024,3.2058,-3.0687,0.9160,-0.5649,41.05,In Hand
198400,-3.9720,8.5808,3.2633,-1.6794,-0.1374,-0.0458,41.05,In Hand
198450,-3.9528,8.5353,3.2489,-2.1679,0.7176,-0.6565,41.09,In Hand
198500,-4.0223,8.6000,3.2729,-1.8473,0.3969,-0.3053,41.09,In Hand
198550,-3.9433,8.5521,3.2298,-1.4962,0.0611,-0.2595,41.24,In Hand
198600,-3.9456,8.5090,3.2178,-0.9618,-0.5038,-0.0458,41.09,In Hand
198650,-3.9313,8.5808,3.1939,0.0916,-0.5649,-0.1832,41.28,In Hand
198700,-4.0007,8.6287,3.2633,-1.6641,-0.1374,-0.5649,40.91,In Hand
198750,-4.0342,8.5353,3.0837,-2.0916,0.4733,-0.8550,41.19,In Hand
198800,-3.9863,8.5784,3.0598,-2.5191,1.8168,-1.0687,41.24,In Hand
198850,-3.9935,8.6215,3.1867,-4.4122,1.8626,0.4580,40.91,In Hand
198900,-3.9433,8.5258,3.3447,-3.7863,1.1908,0.0611,41.19,In Hand
198950,-3.9696,8.5114,3.3064,-2.2443,0.3206,-0.2137,41.28,In Hand
199000,-4.0079,8.5784,3.2537,-1.2519,0.4885,-0.4275,40.95,In Hand
199050,-3.9648,8.5976,3.1556,-2.3664,0.1985,0.0000,40.86,In Hand
199100,-3.8906,8.4922,3.1627,-2.7176,0.2137,0.1985,41.28,In Hand
199150,-3.9145,8.5760,3.1460,-2.7939,0.1985,1.2214,41.05,In Hand
199200,-3.9576,8.6072,3.2585,-2.5496,0.1374,0.0000,41.24,In Hand
199250,-3.9624,8.5401,3.2777,-1.9237,0.5191,-1.0229,41.05,In Hand
199300,-4.0989,8.6718,3.2920,-2.0763,0.3969,-0.1679,40.91,In Hand
199350,-4.0318,8.6503,3.1795,-2.7481,-0.1374,1.1450,40.95,In Hand
199400,-3.9073,8.4970,3.1436,-2.7634,0.3206,-0.0611,40.91,In Hand
199450,-4.0366,8.6670,3.3232,-1.8931,0.6107,-0.8092,41.19,In Hand
199500,-3.9911,8.6287,3.2441,-2.3053,0.7481,-0.6870,40.95,In Hand
199550,-4.0175,8.5856,3.2250,-1.6794,0.0305,-0.3206,40.95,In Hand
199600,-4.0151,8.6766,3.2034,-1.6336,0.1832,-0.1679,40.95,In Hand
199650,-4.2808,8.9567,3.4333,-3.3282,-1.1756,2.4122,41.19,In Hand
199700,-3.9720,8.5281,3.2346,-4.5038,-0.8092,2.2748,40.86,In Hand
199750,-3.7589,8.3294,3.1316,-2.6565,0.0763,-0.0153,41.24,In Hand
199800,-3.9145,8.5976,3.2058,-2.0153,1.0229,-0.8702,41.19,In Hand
199850,-4.0845,8.6957,3.3232,-2.3664,0.3053,0.1221,40.91,In Hand
199900,-3.9385,8.5784,3.1460,-1.8626,-0.0916,0.5802,41.05,In Hand
199950,-3.9121,8.5497,3.2010,-3.2672,0.5038,-0.6718,41.24,In Hand
200000,-3.9504,8.5545,3.3232,-2.3053,0.8092,-0.5649,41.24,In Hand
200050,-4.0438,8.6119,3.2202,-1.7099,0.3969,-0.1679,41.05,In Hand
200100,-3.9456,8.6048,3.2298,-2.4885,-0.1527,0.5954,41.24,In Hand
200150,-3.9241,8.5545,3.2130,-3.3588,0.6565,0.3053,41.09,In Hand
200200,-3.9385,8.6383,3.3327,-2.3664,0.4427,0.5496,41.24,In Hand
200250,-3.8618,8.5784,3.2657,-2.5344,0.5344,0.4733,41.19,In Hand
200300,-3.8858,8.4994,3.2896,-1.9847,1.4962,-0.5496,41.05,In Hand
200350,-4.0462,8.6407,3.3710,-1.1603,0.5954,-1.2519,41.24,In Hand
200400,-4.2880,8.6000,3.1987,-1.3740,-2.2137,-0.9160,41.19,In Hand
200450,-4.1659,8.5401,3.0335,-1.3282,-2.1985,-1.7099,40.95,In Hand
200500,-4.1563,8.5449,3.1268,-1.9389,-0.5496,-2.6718,41.19,In Hand
200550,-4.1084,8.5018,3.2322,-1.5420,-1.0534,-0.6260,41.19,In Hand
200600,-3.9863,8.5665,3.3040,-0.6565,-4.7176,2.7481,41.09,In Hand
200650,-3.8690,8.8107,3.1388,0.9160,-5.1756,5.1450,40.91,In Hand
200700,-3.7206,8.9735,3.2394,-2.8092,-4.9466,8.0763,41.19,In Hand
200750,-3.8403,9.1411,3.3806,-7.6641,-5.6183,13.9542,40.95,In Hand
200800,-3.6703,9.1411,3.5961,-9.5420,-5.9389,20.4427,41.09,In Hand
200850,-3.6057,9.6414,4.0462,-17.3130,-11.7710,30.2137,41.28,In Hand
200900,-3.2753,9.3087,3.8642,-27.4656,-12.1374,31.7252,41.09,In Hand
200950,-4.1707,9.4236,3.7900,-32.4427,-16.6412,42.4275,40.77,In Hand
201000,-4.2976,9.9264,3.7541,-43.5573,-12.4733,55.4962,41.05,In Hand
201050,-2.9497,7.7955,3.8235,-42.1832,-1.5725,60.0763,41.24,In Hand
201100,-1.8364,6.7947,3.7948,-21.1908,3.2672,49.4046,41.24,In Hand
201150,0.0072,8.0948,4.8219,1.4809,-13.1756,53.0534,41.09,In Hand
201200,0.2562,6.8857,6.5793,23.0992,-30.9618,53.9237,41.05,In Hand
201250,4.4628,8.3462,6.5003,90.1832,-55.3282,37.4198,41.05,In Hand
201300,3.6751,7.3502,5.0350,83.5420,-14.4885,7.6947,41.05,In Hand
201350,1.1229,8.6455,4.5490,56.0458,5.1908,-42.5496,41.19,In Hand
201400,-0.8882,10.3238,4.3838,37.7405,36.3359,-47.9847,41.19,In Hand
201450,-3.2657,10.5632,2.0949,29.8779,54.3664,-37.4809,41.09,In Hand
201500,-2.5307,10.7236,1.0965,31.4198,42.3969,-7.8168,40.95,In Hand
201550,-1.3958,9.3182,-1.1133,32.8397,44.1221,-35.1145,41.09,In Hand
201600,-1.5969,12.9526,1.3503,32.5038,31.6031,-13.9847,41.28,In Hand
201650,-2.1213,9.8162,0.6752,14.8855,2.6260,-16.3053,41.19,In Hand
201700,-3.1963,9.5313,0.9529,64.3969,-13.2061,-41.7557,40.95,In Hand
201750,-3.3040,10.3477,0.4501,98.0305,-25.1908,-19.9847,41.09,In Hand
201800,-1.2929,10.8098,-2.0494,88.8092,-35.0840,-44.7328,40.91,In Hand
201850,-1.2043,10.2304,-4.0103,15.9847,-14.3053,-72.4122,41.24,In Hand
201900,-3.1771,7.7740,-0.6345,-33.3740,-10.0305,-104.4275,41.19,In Hand
201950,-5.4444,2.5762,-0.5650,-10.8092,-14.7939,-152.4122,41.24,In Hand
202000,-7.9104,6.1196,-1.1612,9.8168,-5.3282,-182.5343,41.09,In Hand
202050,-8.9998,2.7294,-1.2426,33.2519,-7.4046,-188.5802,41.09,In Hand
202100,-10.0054,7.9392,-1.9441,56.9618,-7.7863,-177.6794,40.95,In Hand
202150,-10.1801,4.0390,-1.6999,2.4733,-9.5878,-138.8397,41.19,In Hand
202200,-10.5393,3.3160,-1.3623,37.8015,2.5191,-145.2061,40.91,In Hand
202250,-9.7612,4.8746,0.1149,17.6183,-13.1145,-104.7176,41.24,In Hand
202300,-8.5497,2.1476,-0.0982,3.6947,-34.5038,-56.0916,41.38,In Hand
202350,-8.4276,1.1157,0.2993,74.2137,-47.1145,-0.5038,40.86,In Hand
202400,-8.7819,1.3934,-2.3798,122.5496,-46.2290,45.9389,41.19,In Hand
202450,-7.4244,2.8898,-1.9656,80.1679,-15.0076,52.7176,41.19,In Hand
202500,-6.5721,1.4126,-1.1372,89.8168,13.3282,42.4427,41.09,In Hand
202550,-9.2344,1.6616,-0.6800,94.0458,22.2748,12.6260,41.09,In Hand
202600,-9.4403,1.9824,0.1772,83.7252,7.9084,-3.4504,41.09,In Hand
202650,-9.7061,2.6959,-0.4046,83.1450,-6.5802,-3.7863,41.09,In Hand
202700,-8.5593,3.6057,-1.0080,69.6336,6.0000,7.6641,41.28,In Hand
202750,-8.6407,3.5721,-0.4812,49.4962,14.4122,16.9771,41.05,In Hand
202800,-8.9711,4.7309,-0.9385,45.0229,8.5954,22.4122,41.19,In Hand
202850,-8.7580,4.8578,-1.4533,28.1832,3.4809,43.5878,40.95,In Hand
202900,-9.0549,4.9009,-1.6975,20.8702,7.0382,50.8702,40.86,In Hand
202950,-9.9240,5.3391,-2.2721,-8.1832,23.0229,66.9466,41.05,In Hand
203000,-11.8321,2.3750,-2.1739,-19.6489,32.8397,81.1756,41.28,In Hand
203050,-10.3406,2.0016,-1.5826,0.5344,28.9008,60.3206,41.24,In Hand
203100,-8.7412,3.0215,-1.2426,-9.8626,31.4504,47.2672,41.19,In Hand
203150,-8.5329,2.9305,-0.6153,-33.2519,29.6489,47.2366,41.09,In Hand
203200,-10.1251,0.5267,-0.9840,-40.1985,5.0382,43.4351,41.28,In Hand
203250,-9.1554,0.0287,-1.6424,-1.5115,-20.4886,3.8779,41.09,In Hand
203300,-8.2528,1.7837,-1.8627,14.0000,-25.8168,-21.4809,41.19,In Hand
203350,-7.4364,1.6975,-1.9441,32.1374,-24.7634,-32.8244,40.91,In Hand
203400,-7.7117,2.4349,-1.8914,56.1069,-13.4809,-42.6260,41.19,In Hand
203450,-7.5393,3.3567,-1.8387,63.3130,-13.5420,-40.2901,41.09,In Hand
203500,-8.5688,3.3926,-2.3056,58.3817,-10.7939,-50.0763,41.09,In Hand
203550,-9.5648,4.4772,-2.4181,42.1069,-13.6641,-69.3435,40.91,In Hand
203600,-8.9639,5.6407,-1.9417,9.4198,-18.1374,-72.3359,41.24,In Hand
203650,-9.8545,4.6208,-2.3918,-10.1374,-19.5878,-53.0840,41.28,In Hand
203700,-9.7731,3.7302,-2.9640,-3.8168,-12.1832,-41.2519,41.09,In Hand
203750,-10.6303,3.9528,-2.8587,-3.1756,11.9084,-25.6489,41.24,In Hand
203800,-11.9183,4.2808,-3.0311,-13.9084,-7.9542,4.4427,41.19,In Hand
203850,-11.9088,3.5578,-3.7733,-41.3435,0.2595,-5.0382,41.24,In Hand
203900,-9.5529,4.5059,-2.3750,-74.5343,30.5649,-17.6489,41.24,In Hand
203950,-9.3302,4.7836,-1.0223,-117.4657,9.6031,13.8473,41.24,In Hand
204000,-10.3741,0.9337,-2.6480,-127.9237,-38.4580,29.1756,40.95,In Hand
204050,-9.9503,-0.4645,-2.8778,-112.6870,-48.0458,33.4809,41.09,In Hand
204100,-8.2097,-0.4501,-2.0399,-73.4657,-44.6107,46.9771,41.19,In Hand
204150,-6.2513,-0.3376,-1.4413,-34.0458,-26.2290,51.7710,40.91,In Hand
204200,-5.9376,0.2993,-1.2689,4.3969,3.1450,39.8168,41.24,In Hand
204250,-5.9903,1.4868,-0.8068,4.3359,31.8779,30.7023,40.91,In Hand
204300,-6.3590,1.7262,-0.2825,7.3130,59.2061,6.5649,41.09,In Hand
204350,-7.6734,2.1979,-0.1532,22.1679,49.9847,-10.0916,40.95,In Hand
204400,-9.2033,2.5450,-1.3958,32.1069,31.7710,-30.6870,40.95,In Hand
204450,-10.1849,2.7892,-2.4134,28.8397,4.2443,-37.0076,41.05,In Hand
204500,-10.2041,2.9209,-3.2801,28.8397,-20.1985,-52.6412,41.19,In Hand
204550,-8.5329,3.2944,-3.7852,22.9618,-8.2290,-59.8779,41.24,In Hand
204600,-8.6263,4.0055,-3.5195,9.2672,10.7786,-44.6718,41.05,In Hand
204650,-9.5146,3.3088,-3.4069,-25.1603,31.3130,-32.8550,40.95,In Hand
204700,-10.9200,2.4852,-0.8787,-74.7634,29.2824,-21.2672,41.19,In Hand
204750,-9.6702,0.7661,-1.9345,-62.5191,-0.2443,-2.3664,40.91,In Hand
204800,-8.3031,0.6345,-1.8842,-22.7786,4.5344,-4.9924,41.19,In Hand
204850,-8.2337,0.9529,-1.6927,-6.6565,6.0458,-21.6336,41.24,In Hand
204900,-7.7261,2.3080,-0.0599,-4.5496,5.6489,-30.8550,41.19,In Hand
204950,-9.3015,0.4836,-1.7119,-4.0153,2.0153,-42.2595,41.28,In Hand
205000,-9.2536,0.9026,-2.5450,2.4427,20.1374,-36.5802,41.05,In Hand
205050,-9.3972,1.5850,-2.1644,-4.3053,26.2748,-32.9618,41.09,In Hand
205100,-11.4203,-1.8771,-4.5298,9.9847,26.2748,-17.0840,40.91,In Hand
205150,-11.8298,-1.7262,-3.8571,33.8931,16.2137,1.6947,41.24,In Hand
205200,-8.9687,-1.1875,-2.9880,34.2748,10.3817,-16.2748,41.09,In Hand
205250,-7.5250,-1.3838,-3.5075,26.1679,18.9313,-45.0076,41.28,In Hand
205300,-6.9887,-3.6943,-4.5035,51.8168,28.7481,-38.0305,40.95,In Hand
205350,-6.9647,-2.3870,-4.7669,86.8702,50.0916,-14.0458,40.95,In Hand
205400,-7.0342,-2.0446,-4.6376,79.8626,74.9313,-30.2595,41.09,In Hand
205450,-7.8650,-2.6456,-3.8786,63.4656,76.6718,-18.3664,40.91,In Hand
205500,-8.3222,-1.5323,-2.3104,35.9542,56.3664,-34.7634,41.05,In Hand
205550,-6.8115,-0.3974,-3.0765,8.1832,37.2366,-55.5573,41.05,In Hand
205600,-7.2329,-0.5387,-4.8339,-27.0992,29.4962,-59.8015,41.19,In Hand
205650,-7.3310,-1.5706,-4.3455,-53.4809,16.6412,-32.9924,41.24,In Hand
205700,-7.5872,-1.7382,-5.2696,-56.8244,-4.7939,14.5954,40.95,In Hand
205750,-8.1403,-3.0526,-5.8610,-52.2748,-8.7634,45.0229,41.05,In Hand
205800,-7.6710,-2.7653,-6.4667,-57.1908,-23.4351,53.4809,41.24,In Hand
205850,-7.4292,-3.2848,-7.5298,-54.1069,-30.3359,48.0305,41.38,In Hand
205900,-6.3805,-3.4285,-6.7852,-37.7099,-9.6336,38.4580,40.91,In Hand
205950,-9.0812,-4.3981,-5.5929,-18.7176,4.6412,0.1679,41.19,In Hand
206000,-7.8937,-3.5985,-4.7357,-6.7786,-12.2443,-37.4046,41.24,In Hand
206050,-7.5920,-4.2114,-4.3263,22.2137,-28.5344,-34.5038,41.05,In Hand
206100,-6.0286,-3.5434,-3.1268,49.0382,-50.6718,-58.7176,41.28,In Hand
206150,-5.8730,-3.7972,-2.7509,73.5267,-58.1374,-62.8092,41.24,In Hand
206200,-5.8323,-4.0630,-3.0981,106.0000,-64.8702,-38.7939,41.09,In Hand
206250,-5.6000,-3.7254,-3.0670,123.8779,-55.1145,-16.5496,41.09,In Hand
206300,-5.7150,-3.6655,-3.0742,130.0305,-48.1527,24.9924,40.91,In Hand
206350,-6.1555,-3.9504,-2.7964,112.7023,-20.3511,51.2061,41.38,In Hand
206400,-7.4675,-5.1451,-3.0837,101.3740,-2.8702,70.6718,40.91,In Hand
206450,-8.6311,-6.2991,-3.2633,107.3130,9.6031,48.6107,41.05,In Hand
206500,-9.9359,-7.0653,-3.6105,104.1832,37.4504,0.9466,41.19,In Hand
206550,-9.5098,-6.4093,-3.2896,106.5038,50.2748,-39.5267,41.28,In Hand
206600,-10.8338,-7.2472,-3.5362,108.2443,53.8321,-70.6412,41.24,In Hand
206650,-10.7141,-6.9719,-3.3399,113.3588,52.0153,-80.3817,41.05,In Hand
206700,-9.3302,-5.6383,-2.8730,125.0076,31.5114,-59.1145,41.05,In Hand
206750,-8.0493,-4.5514,-2.2505,113.5573,19.8321,-60.4275,40.91,In Hand
206800,-6.5697,-3.4524,-1.4748,95.6641,15.8779,-75.2977,41.09,In Hand
206850,-7.0030,-4.0151,-1.6951,72.9466,19.0076,-56.4427,40.95,In Hand
206900,-7.1850,-4.2784,-1.5610,60.0916,4.7939,-23.3588,40.91,In Hand
206950,-7.2065,-4.1420,-1.2665,28.0305,7.0229,-24.7634,40.95,In Hand
207000,-6.9192,-3.6966,-0.9026,-10.4275,2.6412,-26.3206,41.05,In Hand
207050,-7.2353,-4.1180,-0.9768,-69.4657,15.6336,-32.7023,40.91,In Hand
207100,-8.0134,-5.2696,-1.1612,-96.5038,17.0687,-30.9008,40.91,In Hand
207150,-7.0054,-4.2018,-0.9960,-116.1374,14.7023,-3.2824,40.77,In Hand
207200,-7.8745,-5.3008,-1.2761,-112.5802,7.8779,21.1298,40.95,In Hand
207250,-9.6798,-6.7349,-1.5897,-109.0229,-8.9771,42.2901,41.05,In Hand
207300,-9.7229,-6.6559,-1.8747,-104.9313,-23.5573,49.4809,41.09,In Hand
207350,-11.4802,-7.7788,-2.7725,-94.2290,-62.4580,104.5191,40.91,In Hand
207400,-10.7164,-7.0509,-3.0933,-106.4580,-73.7557,102.4885,41.24,In Hand
207450,-9.2177,-6.3949,-2.3655,-113.1756,-67.8626,77.6641,40.95,In Hand
207500,-9.0357,-6.3614,-2.8371,-106.4580,-73.9237,86.1069,40.91,In Hand
207550,-9.3733,-7.0940,-3.0119,-94.1069,-70.6412,80.9160,41.09,In Hand
207600,-7.7117,-5.8562,-3.3423,-77.5725,-62.1069,62.9313,41.24,In Hand
207650,-5.7461,-4.2282,-1.9489,-68.8397,-46.5344,52.6107,40.86,In Hand
207700,-5.6072,-4.6687,-1.6688,-61.4504,-24.5649,32.9618,41.09,In Hand
207750,-6.2920,-5.5210,-1.7358,-30.0916,-8.4733,-10.5191,41.24,In Hand
207800,-6.0765,-4.6783,-1.4724,-0.8702,11.8321,-58.3206,41.24,In Hand
207850,-6.5841,-4.6040,-1.6017,11.2824,39.5267,-93.7710,40.95,In Hand
207900,-7.4627,-5.2050,-2.0039,30.5344,53.4198,-99.5420,41.24,In Hand
207950,-8.5569,-5.9304,-2.6384,61.1908,58.0458,-98.1221,41.09,In Hand
208000,-9.2296,-5.9352,-2.9784,77.2214,59.5115,-73.1756,41.05,In Hand
208050,-8.9687,-5.7652,-2.8156,93.2366,31.4351,-3.6336,40.91,In Hand
208100,-7.9440,-5.1164,-2.2649,92.6565,35.8626,-17.3893,41.09,In Hand
208150,-6.3614,-3.4022,-1.8196,68.9618,53.8626,-34.3511,41.19,In Hand
208200,-7.7093,-5.3750,-2.5809,62.7634,49.2977,-11.0687,41.09,In Hand
208250,-7.9368,-5.4300,-2.4756,75.8931,43.2824,-5.0382,40.91,In Hand
208300,-6.0717,-5.5450,-4.4748,74.2443,51.2214,-5.8473,40.95,In Hand
208350,-5.5905,-4.2689,-3.6392,52.7176,94.0763,-11.4504,40.86,In Hand
208400,-7.0078,-4.7501,-2.5355,60.9313,109.4809,-15.2214,40.95,In Hand
208450,-8.0038,-4.8387,-1.4916,59.3893,95.7863,-25.2061,40.86,In Hand
208500,-9.0477,-4.9680,-1.4892,43.1756,71.4504,-40.3206,40.86,In Hand
208550,-9.0261,-4.9799,-1.2306,27.8473,40.3969,-43.6947,40.95,In Hand
208600,-9.1387,-5.2146,-2.2075,22.0763,15.4198,-25.9084,41.24,In Hand
208650,-8.6622,-5.5929,-3.2753,8.4275,12.6718,-2.3511,41.09,In Hand
208700,-10.0820,-5.8945,-3.3040,-11.1908,1.7557,75.4046,41.09,In Hand
208750,-10.0389,-5.9400,-1.1540,-37.2061,-11.1450,100.5038,40.95,In Hand
208800,-8.2408,-5.2648,-1.6209,-47.9695,-12.6718,71.2977,41.19,In Hand
208850,-8.4132,-5.4085,-1.7693,-51.3435,-26.0458,63.7710,41.24,In Hand
208900,-9.8976,-6.7181,-2.7845,-51.9695,-50.2901,78.1221,40.95,In Hand
208950,-9.9383,-6.9767,-3.1795,-60.4885,-58.0611,83.9542,41.09,In Hand
209000,-9.1315,-6.6559,-3.3016,-47.2519,-58.0305,103.7710,41.05,In Hand
209050,-8.4731,-6.2010,-3.1532,-40.9466,-42.8244,106.9924,40.95,In Hand
209100,-7.4723,-5.6886,-2.8276,-30.7176,-19.9847,96.3053,40.91,In Hand
209150,-7.4172,-5.6671,-2.7461,-9.6947,-0.8702,80.5802,41.05,In Hand
209200,-6.6176,-5.0422,-2.3296,12.6260,20.8855,49.6031,41.19,In Hand
209250,-5.9735,-4.1970,-1.9968,25.2824,39.0992,27.4809,41.09,In Hand
209300,-6.0597,-4.2952,-1.9920,40.0458,46.3359,17.7252,40.91,In Hand
209350,-6.7205,-4.6017,-2.0997,60.8397,50.0611,-8.3664,41.09,In Hand
209400,-6.9983,-4.6256,-2.4086,88.5649,27.5573,1.4351,40.91,In Hand
209450,-8.0732,-5.4755,-2.8515,115.9389,1.8015,6.6870,41.09,In Hand
209500,-7.9248,-4.9225,-3.2657,139.7099,-13.0687,-24.0153,41.24,In Hand
209550,-6.4811,-3.3351,-2.7629,132.0611,-22.8092,-27.2824,40.95,In Hand
209600,-7.8554,-4.8650,-3.2992,123.7710,-23.2214,-34.4580,40.95,In Hand
209650,-8.3007,-4.0079,-2.5762,118.0000,-19.6489,-29.4656,41.19,In Hand
209700,-8.1044,-5.3439,-3.3399,117.4198,-10.2748,-16.6718,40.91,In Hand
209750,-7.6351,-4.9009,-3.2226,113.4962,11.5115,-14.9008,41.24,In Hand
209800,-7.7859,-5.2218,-2.9497,105.2061,38.8702,-19.4656,40.95,In Hand
209850,-8.2696,-5.3941,-3.2010,109.4198,56.3053,-27.8015,41.05,In Hand
209900,-8.5832,-5.5162,-3.4189,119.8779,65.1298,-17.5573,40.86,In Hand
209950,-8.9878,-5.7485,-3.7158,134.0305,60.7176,0.8855,41.05,In Hand
210000,-8.4659,-5.3582,-3.6105,135.0076,69.6336,5.9695,40.91,In Hand
210050,-7.5226,-4.3646,-3.0957,135.9389,78.5343,-1.8321,40.95,In Hand
210100,-6.8426,-3.4453,-2.6959,117.6489,95.4504,-13.9695,40.91,In Hand
210150,-7.9990,-4.2976,-2.9425,109.8779,98.2901,-19.7557,41.28,In Hand
210200,-7.2401,-3.4093,-2.4588,106.9924,87.5420,-20.2595,40.95,In Hand
210250,-7.0988,-3.3399,-2.4804,90.9008,86.1832,-5.8779,40.86,In Hand
210300,-7.5705,-3.8499,-2.5522,89.2824,68.7176,15.3893,40.91,In Hand
210350,-6.8546,-3.4453,-2.2482,91.6794,54.8855,21.6794,40.95,In Hand
210400,-6.1363,-2.7102,-1.9130,77.0840,50.7634,33.9084,40.95,In Hand
210450,-7.5106,-3.6703,-2.2027,42.2290,54.4122,37.8321,41.19,In Hand
210500,-10.3406,-6.0094,-2.3631,13.7557,45.6183,25.2977,40.91,In Hand
210550,-9.5720,-6.3782,-2.4086,6.6718,43.6183,-26.1221,41.19,In Hand
210600,-8.9663,-5.7150,-2.0231,9.1908,31.0382,-64.5191,41.19,In Hand
210650,-8.7795,-5.5737,-2.2577,9.5573,24.9466,-82.0611,40.86,In Hand
210700,-8.0972,-5.2146,-2.0997,6.1527,25.0076,-75.7557,41.05,In Hand
210750,-8.1331,-4.9488,-2.2889,-0.7176,25.9542,-55.3435,40.91,In Hand
210800,-8.5976,-5.4708,-2.3200,14.1679,16.4886,-25.2214,40.95,In Hand
210850,-7.5058,-4.5777,-1.8100,7.1450,10.3511,4.7328,40.91,In Hand
210900,-7.1443,-4.4867,-1.9273,-8.6260,-0.0763,36.2901,40.91,In Hand
210950,-8.5712,-5.1092,-1.4150,-27.9237,-17.9237,67.7405,40.77,In Hand
211000,-9.4643,-5.8323,-1.4389,-44.4427,-38.5954,95.7252,41.09,In Hand
211050,-10.4172,-7.2592,-2.2625,-33.8168,-55.1756,96.5954,41.24,In Hand
211100,-8.2720,-5.3726,-1.9992,-33.6336,-59.1298,89.6336,41.09,In Hand
211150,-7.4316,-5.0278,-2.0925,-49.8473,-45.2519,87.0382,40.86,In Hand
211200,-6.7924,-5.4660,-1.4892,-46.5344,-30.0916,59.0534,40.95,In Hand
211250,-6.1651,-4.9225,-1.4413,-41.6183,-15.9542,29.7863,41.19,In Hand
211300,-6.2082,-4.9416,-1.0630,-29.1298,-8.0305,3.3893,41.05,In Hand
211350,-7.2233,-5.6719,-1.0989,-14.2748,3.2214,-31.4504,41.24,In Hand
211400,-8.1882,-6.3327,-1.3886,15.0687,9.1908,-61.4809,41.24,In Hand
211450,-9.7564,-6.7636,-1.5802,43.5267,12.7634,-82.5343,40.86,In Hand
211500,-11.5089,-7.6327,-2.4229,71.6489,-9.1145,-66.5954,40.72,In Hand
211550,-9.4212,-5.9017,-2.2051,73.3588,0.2443,-95.0992,40.95,In Hand
211600,-6.9623,-4.2329,-2.2529,61.9389,42.9618,-124.7634,41.09,In Hand
211650,-6.3734,-4.1372,-2.1093,45.1145,90.3359,-127.2214,40.95,In Hand
211700,-7.8913,-4.7046,-2.9233,52.5802,111.5267,-98.1221,41.05,In Hand
211750,-6.7421,-3.2441,-2.1165,56.6565,100.1679,-33.9695,40.95,In Hand
211800,-5.0566,-1.8411,-1.1372,28.6107,93.3740,28.7481,40.86,In Hand
211850,-5.6168,-2.3176,-1.4222,-4.4733,82.9313,90.1221,40.95,In Hand
211900,-7.7931,-4.2162,-1.8148,-31.4962,71.3435,122.2137,41.09,In Hand
211950,-8.6646,-5.3127,-2.0135,-41.0382,53.3282,118.5802,40.77,In Hand
212000,-8.2696,-5.1763,-1.7430,-51.0687,30.5954,97.3282,41.24,In Hand
212050,-8.3510,-5.6599,-1.4437,-64.9466,7.4504,50.5496,41.09,In Hand
212100,-8.3606,-6.1531,-1.9920,-64.2290,-23.6183,6.9771,40.91,In Hand
212150,-8.0948,-6.2273,-2.9832,-40.6870,-37.8626,-36.7328,41.05,In Hand
212200,-7.8027,-6.3183,-4.0965,-29.3893,-30.7786,-71.2977,41.28,In Hand
212250,-10.2711,-6.6152,-4.2162,-19.8931,-45.4351,-50.8244,40.86,In Hand
212300,-10.2161,-6.7708,-4.4053,-14.1527,-53.9847,-60.2901,40.86,In Hand
212350,-5.8849,-3.1819,-2.2673,-38.7328,-19.7252,-102.4885,40.91,In Hand
212400,-5.6575,-3.2226,-2.0710,-66.1527,3.2366,-88.2595,41.19,In Hand
212450,-9.0884,-6.0047,-3.6392,-62.5038,-20.4733,-22.7481,40.91,In Hand
212500,-9.1387,-6.0118,-3.0287,-48.4733,-51.4198,25.8931,40.95,In Hand
212550,-7.6830,-4.8076,-2.9066,-42.3817,-68.3817,63.9847,41.19,In Hand
212600,-7.3885,-4.7716,-2.8419,-45.2061,-83.8626,106.5802,41.09,In Hand
212650,-8.5497,-6.1507,-3.7182,-45.6947,-85.1908,123.9389,40.95,In Hand
212700,-7.9368,-6.0094,-3.5530,-40.8550,-73.6489,109.2824,41.05,In Hand
212750,-7.1467,-5.7006,-3.3303,-33.4046,-52.9466,84.7328,41.19,In Hand
212800,-6.9049,-5.7652,-3.1580,-14.1679,-28.9313,53.1603,40.58,In Hand
212850,-7.2209,-5.7916,-3.1771,11.4809,-12.2901,28.1221,41.09,In Hand
212900,-6.5936,-5.1044,-2.9473,29.8321,9.0382,2.4885,41.24,In Hand
212950,-7.9368,-6.1004,-3.4117,47.8626,22.2901,-7.9084,40.77,In Hand
213000,-6.9001,-5.0518,-2.9305,68.3053,24.0458,-15.5267,41.09,In Hand
213050,-5.2864,-3.6224,-2.1739,61.1298,63.5725,-63.2672,40.77,In Hand
213100,-6.1387,-2.8395,-1.1756,60.3053,86.1069,-84.7328,41.09,In Hand
213150,-7.9823,-5.1188,-3.0981,69.6336,72.1221,-73.9084,40.95,In Hand
213200,-8.2169,-4.9297,-3.2154,79.2214,56.0611,-50.7176,41.09,In Hand
213250,-7.0006,-4.7477,-3.8403,74.3511,61.2824,-42.3817,40.77,In Hand
213300,-5.6910,-3.8475,-4.1204,72.9008,91.1450,-25.0229,40.77,In Hand
213350,-7.2185,-4.1659,-4.1779,72.8397,116.1527,-19.4962,40.95,In Hand
213400,-8.0182,-4.4484,-3.7924,79.2061,114.7634,-25.4198,40.91,In Hand
213450,-8.1139,-4.5059,-3.6823,79.6641,98.1069,-28.1527,40.95,In Hand
213500,-8.3510,-4.9321,-4.3455,84.1679,79.1450,-25.4809,40.95,In Hand
213550,-7.9440,-4.6663,-5.2960,82.1221,71.5725,-14.3206,41.19,In Hand
213600,-8.3366,-4.6448,-5.4157,58.9618,68.1985,16.6565,40.95,In Hand
213650,-8.8035,-4.5969,-4.3574,17.1450,48.2443,53.2519,41.05,In Hand
213700,-9.2703,-4.2282,-2.3846,-28.7176,8.6107,60.7939,41.09,In Hand
213750,-8.2456,-4.8890,-2.1739,-55.3740,-23.6641,39.4962,40.91,In Hand
213800,-7.9464,-4.4819,-2.3870,-81.7557,-52.7634,28.6260,40.77,In Hand
213850,-9.6223,-5.4564,-3.3088,-100.3817,-89.2672,58.4427,40.86,In Hand
213900,-11.1402,-7.0390,-4.3024,-101.1603,-126.3206,93.4198,40.91,In Hand
213950,-10.9846,-7.5896,-5.4324,-85.9847,-149.3740,97.2366,40.72,In Hand
214000,-7.9990,-5.9089,-4.8674,-83.2672,-127.2214,86.5191,40.72,In Hand
214050,-6.2441,-4.9416,-3.7589,-77.3435,-85.2214,70.6412,40.86,In Hand
214100,-6.4643,-5.2553,-3.6440,-64.9160,-45.7710,63.8015,40.86,In Hand
214150,-7.2520,-5.9520,-3.5985,-45.6183,-8.2595,48.0916,40.67,In Hand
214200,-7.8051,-6.2728,-3.3710,-23.5573,24.7328,28.0916,40.91,In Hand
214250,-8.2361,-6.2728,-3.2920,5.8321,39.6947,4.7328,41.05,In Hand
214300,-6.3638,-3.9792,-2.1883,20.7023,48.7023,-15.9237,40.95,In Hand
214350,-5.5785,-3.3327,-1.6879,10.0153,69.8779,-30.8244,40.67,In Hand
214400,-6.0501,-3.9911,-2.0231,17.4046,69.9389,-32.4122,40.95,In Hand
214450,-7.1156,-4.8483,-2.5211,40.7786,55.9542,-37.6031,40.72,In Hand
214500,-7.7452,-5.2170,-3.1675,76.7176,33.4656,-41.6336,40.77,In Hand
214550,-7.6854,-4.7022,-3.4069,102.5649,17.8779,-50.7634,41.05,In Hand
214600,-7.6423,-4.3287,-3.4261,113.5878,5.6641,-45.3588,41.09,In Hand
214650,-7.8650,-4.6304,-4.0175,114.3053,2.0458,-37.5420,40.86,In Hand
214700,-8.1666,-4.8100,-4.1084,108.2443,10.0611,-32.5344,41.05,In Hand
214750,-7.9440,-4.7405,-4.2210,103.8473,25.8779,-36.3359,41.19,In Hand
214800,-7.7021,-4.4508,-3.8451,86.2443,51.5878,-41.2977,40.91,In Hand
214850,-8.1714,-5.0901,-4.2760,71.7863,75.0382,-45.4962,41.09,In Hand
214900,-7.7309,-4.4197,-3.8834,60.9008,97.7863,-42.6565,40.95,In Hand
214950,-7.6614,-4.0366,-3.2753,46.7023,102.7786,-15.8168,40.95,In Hand
215000,-8.3103,-4.5370,-2.8730,40.9313,88.7786,11.3282,41.19,In Hand
215050,-8.4731,-4.1875,-2.3296,34.5191,65.3435,22.8244,40.95,In Hand
215100,-8.5952,-4.1539,-1.9920,16.8397,35.6794,33.8931,40.91,In Hand
215150,-8.7340,-4.0941,-1.8818,-0.9466,0.4580,39.6183,40.77,In Hand
215200,-8.5425,-4.1994,-2.1117,-28.2137,-28.2748,47.3740,40.77,In Hand
215250,-8.1475,-4.5993,-2.5690,-46.7023,-45.5725,53.4504,40.95,In Hand
215300,-8.3007,-5.6767,-3.2705,-48.0000,-48.0763,55.9237,40.91,In Hand
215350,-8.1858,-5.5115,-3.2106,-62.9466,-37.2366,58.7481,40.91,In Hand
215400,-8.0900,-5.2313,-3.1795,-59.5573,-28.2137,61.1450,40.95,In Hand
215450,-7.2903,-4.5849,-2.6288,-59.8626,-12.9924,64.4885,40.95,In Hand
215500,-9.0692,-6.1866,-3.6344,-38.7023,-10.1832,48.8244,40.86,In Hand
215550,-8.4946,-5.2936,-3.1077,-18.0000,-6.6107,5.8321,40.91,In Hand
215600,-8.8035,-3.3806,-1.9848,-19.2214,4.6565,-10.5038,40.95,In Hand
215650,-8.1906,-4.0438,-2.2793,7.3893,-14.5191,-24.1832,40.77,In Hand
215700,-6.4667,-4.5131,-2.0734,6.8092,1.1908,-22.9466,40.95,In Hand
215750,-7.1204,-3.9504,-3.1340,13.6183,22.6260,-22.7634,41.28,In Hand
215800,-6.0549,-2.9568,-2.3248,24.4427,37.2519,-17.5114,40.95,In Hand
215850,-6.6870,-2.7988,-2.0638,20.8092,54.8092,-2.3664,40.86,In Hand
215900,-6.8546,-2.8252,-2.2242,20.2290,53.7099,27.6183,40.91,In Hand
215950,-7.7835,-3.9289,-2.9568,26.1985,61.5725,33.0687,40.86,In Hand
216000,-8.1642,-3.9768,-2.8060,46.1985,43.9542,25.7710,41.09,In Hand
216050,-8.3055,-4.2497,-2.8706,43.3282,30.8244,8.7176,41.05,In Hand
216100,-8.0541,-4.2641,-2.9401,53.1145,-4.5344,6.2901,40.91,In Hand
216150,-7.7548,-4.1156,-2.7461,43.6031,-12.0000,-1.6489,40.86,In Hand
216200,-8.2361,-4.7190,-3.0095,46.7023,-31.1603,-6.7328,40.91,In Hand
216250,-6.9863,-4.0582,-2.6504,44.3664,-24.1985,-6.9466,41.19,In Hand
216300,-8.2289,-4.5370,-3.3710,47.0840,-18.1374,10.7481,40.86,In Hand
216350,-7.9296,-3.5554,-2.0758,32.8092,5.4809,21.5725,40.86,In Hand
216400,-7.9416,-3.6272,-2.7653,28.5191,16.3664,34.0000,40.95,In Hand
216450,-8.8226,-4.2042,-3.1651,11.5573,30.8855,31.9695,40.95,In Hand
216500,-8.3510,-3.3974,-2.7964,2.5344,34.3206,36.2443,41.19,In Hand
216550,-8.3606,-3.8211,-2.8156,-6.4427,33.0382,41.4198,40.91,In Hand
216600,-7.9559,-3.9528,-2.7749,-5.6031,30.1069,35.7099,40.91,In Hand
216650,-7.5848,-4.2425,-2.7509,-1.0382,31.8168,15.6947,41.24,In Hand
216700,-7.0653,-3.8307,-2.4948,14.8702,9.5267,17.1298,41.24,In Hand
216750,-6.1914,-4.9991,-3.3591,54.5038,34.3206,15.8473,40.91,In Hand
216800,-7.3837,-4.5849,-3.5626,118.7634,35.7710,51.5267,41.19,In Hand
216850,-7.1156,-3.8810,-3.8283,113.1298,60.8550,14.5649,41.09,In Hand
216900,-5.7964,-2.1644,-3.5075,100.4122,69.7710,-6.5954,41.19,In Hand
216950,-6.3997,-1.0056,-3.2010,42.7481,84.5802,-30.5038,40.91,In Hand
217000,-5.5498,-0.8308,-1.9513,-17.3588,52.3969,-33.7405,40.95,In Hand
217050,-5.7892,-1.6352,-5.1715,-82.5649,55.9847,-28.7023,40.91,In Hand
217100,-6.7588,-3.1244,-6.9599,-130.4580,65.2061,-21.0534,40.91,In Hand
217150,-7.6734,-5.3941,-8.0062,-116.7481,49.9084,-15.6641,40.67,In Hand
217200,-7.6950,-5.6527,-7.3287,-73.4351,41.6489,-24.4275,40.91,In Hand
217250,-7.5681,-5.3510,-7.0174,-42.0153,39.9695,-34.5802,40.86,In Hand
217300,-7.3813,-4.6926,-6.5529,-10.6107,26.8855,-30.6565,40.86,In Hand
217350,-7.0677,-4.2353,-5.9400,22.1985,0.8855,-19.5878,40.91,In Hand
217400,-6.2249,-3.0047,-5.3893,31.5878,-22.8550,-0.2748,41.05,In Hand
217450,-6.3470,-3.5243,-6.0765,30.6260,-35.7099,17.0534,41.24,In Hand
217500,-5.5641,-3.1364,-7.0725,29.4809,-35.7863,26.6412,40.77,In Hand
217550,-4.9273,-1.9585,-5.6982,51.6641,-73.2214,47.4351,40.86,In Hand
217600,-5.4708,-3.3830,-7.6854,-3.3893,-26.2443,46.4275,40.72,In Hand
217650,-5.7772,-3.7230,-7.1970,14.8702,-7.5267,35.1145,40.86,In Hand
217700,-6.0549,-3.0765,-6.1723,15.4504,9.3130,29.8626,40.91,In Hand
217750,-5.7796,-3.3160,-6.4715,-16.9466,30.7328,-6.3664,40.91,In Hand
217800,-7.0557,-3.8523,-6.6032,-22.4275,24.9160,-21.1450,40.77,In Hand
217850,-5.8634,-2.3128,-5.0470,-12.0916,22.9924,-5.5573,40.91,In Hand
217900,-6.8139,-3.0287,-5.2481,-5.3282,11.2519,11.8321,40.86,In Hand
217950,-6.7421,-3.1388,-5.9903,4.3969,-2.4122,25.7863,41.05,In Hand
218000,-6.0358,-3.1987,-6.0765,5.9847,4.8092,31.7863,41.09,In Hand
218050,-5.3558,-3.1412,-5.5737,22.7481,17.9237,50.1374,41.09,In Hand
218100,-4.2713,-3.1723,-5.0996,34.9008,30.2748,64.2748,40.95,In Hand
218150,-5.0422,-2.9233,-3.9073,32.8550,5.3588,2.0611,40.95,In Hand
218200,-7.3694,-4.1851,-5.1715,1.0534,17.4351,-21.5725,40.77,In Hand
218250,-8.2720,-4.3910,-4.7094,17.7099,-9.2214,-25.5725,40.91,In Hand
218300,-7.1084,-2.4205,-4.1851,30.9771,-11.1908,-19.7252,40.95,In Hand
218350,-7.5106,-2.3679,-4.6232,38.4733,-21.6183,20.3053,40.95,In Hand
218400,-7.3167,-2.8036,-4.0677,25.9237,-33.0687,42.9924,40.86,In Hand
218450,-6.8785,-4.0390,-4.5633,40.9618,-39.5115,74.6260,40.86,In Hand
218500,-8.0517,-5.2265,-4.4652,46.5496,-30.1374,66.1832,40.91,In Hand
218550,-8.6886,-4.9153,-4.4029,63.3282,-46.2443,54.1985,40.86,In Hand
218600,-7.9272,-4.1444,-4.1803,76.2595,-43.1298,66.3664,41.09,In Hand
218650,-8.2576,-4.6184,-4.4532,78.7328,-34.9618,57.9847,40.58,In Hand
218700,-7.8243,-4.3551,-4.5298,87.4809,-21.2824,29.6031,41.24,In Hand
218750,-8.4300,-5.1140,-4.6567,104.4733,-13.0076,21.8931,41.05,In Hand
218800,-8.9423,-5.9544,-6.0813,131.3435,-12.5954,18.4886,40.95,In Hand
218850,-6.7900,-4.2808,-5.5905,157.1603,0.8244,4.5496,40.72,In Hand
218900,-7.0964,-3.2226,-5.4229,150.3512,31.7863,-11.4809,40.91,In Hand
218950,-7.9080,-3.2441,-5.0063,122.7023,61.6947,-34.9771,40.77,In Hand
219000,-9.2584,-4.0677,-5.6814,98.9313,77.8779,-45.4351,40.91,In Hand
219050,-8.2815,-2.7294,-3.9528,79.2061,78.6107,-40.8244,40.95,In Hand
219100,-8.6383,-3.1484,-3.5961,54.8550,71.2977,-9.1756,40.91,In Hand
219150,-8.0182,-2.9209,-3.0670,26.5802,62.0763,8.0000,40.72,In Hand
219200,-8.0972,-2.5115,-2.7174,-12.7786,57.0687,27.2061,40.91,In Hand
219250,-8.4874,-3.3758,-2.4397,-48.0305,37.8473,34.9771,40.58,In Hand
219300,-8.9663,-5.7892,-4.6112,-60.6260,8.6718,22.3359,40.86,In Hand
219350,-8.4779,-4.4101,-2.6456,-71.7710,-3.8473,13.2977,41.09,In Hand
219400,-8.6933,-4.7573,-2.8228,-63.6947,-13.1756,8.6412,40.95,In Hand
219450,-9.6606,-5.1092,-3.1484,-59.8168,-19.5878,4.3969,40.95,In Hand
219500,-8.7987,-4.9608,-3.1053,-53.6489,-12.7786,2.4885,40.72,In Hand
219550,-7.8482,-3.9528,-2.5953,-41.3893,-7.6489,0.5802,40.91,In Hand
219600,-7.0413,-3.4596,-2.3846,-25.7710,-10.6260,9.3435,41.09,In Hand
219650,-7.1443,-3.9409,-2.8060,6.6565,-0.7481,1.9389,40.72,In Hand
219700,-6.8977,-2.4780,-2.2960,11.6336,18.1527,24.0458,40.72,In Hand
219750,-7.0797,-2.8132,-1.8771,16.6107,26.7481,38.8397,40.91,In Hand
219800,-8.2839,-3.9385,-2.0399,30.9466,35.8931,35.9389,40.86,In Hand
219850,-7.5034,-4.1899,-1.6472,72.3511,32.5344,40.4885,40.77,In Hand
219900,-7.2065,-3.9433,-2.2146,119.3282,25.5114,51.9542,40.86,In Hand
219950,-7.0677,-3.8188,-2.9449,147.4351,28.7939,50.5038,40.72,In Hand
220000,-6.4931,-3.4860,-3.3303,165.6488,33.7405,62.0916,40.91,In Hand
220050,-6.7636,-3.7637,-3.6847,179.3282,33.5267,67.6031,40.91,In Hand
220100,-6.8331,-3.7685,-3.6895,188.8855,32.1527,64.9313,40.95,In Hand
220150,-7.2353,-3.9241,-3.6727,184.4886,31.4809,59.5878,40.72,In Hand
220200,-7.9320,-4.2090,-3.9409,177.7099,24.5038,57.9542,40.95,In Hand
220250,-9.5840,-5.0302,-4.3407,164.5038,21.2824,51.3740,40.72,In Hand
220300,-10.8481,-5.6862,-4.7692,140.0458,30.6870,36.2137,40.67,In Hand
220350,-11.2049,-5.7988,-4.2042,119.8626,29.9695,23.5878,40.77,In Hand
220400,-8.7580,-4.3479,-2.9928,115.7710,2.6412,18.7634,40.95,In Hand
220450,-6.9288,-3.2729,-3.0981,107.7252,-22.1069,9.1756,40.86,In Hand
220500,-6.3303,-2.6121,-3.2202,84.2595,-12.1832,-9.0687,40.91,In Hand
220550,-7.1658,-3.2202,-2.8922,39.2061,24.5344,-27.1450,40.95,In Hand
220600,-8.0685,-3.3591,-3.0382,-8.8092,44.0763,-14.1832,40.95,In Hand
220650,-8.3558,-3.8547,-2.7414,-49.0229,48.8092,12.9618,41.05,In Hand
220700,-7.6255,-3.6631,-2.3535,-65.3282,46.7176,23.5725,40.91,In Hand
220750,-8.0158,-4.3790,-2.5881,-64.7786,49.9237,15.2977,40.91,In Hand
220800,-8.5114,-4.3359,-1.6041,-74.1527,41.2214,6.2901,40.95,In Hand
220850,-8.4108,-4.5035,-1.8340,-63.1603,33.9084,-12.3206,41.05,In Hand
220900,-9.1985,-4.5729,-1.5251,-55.2366,17.2824,-19.9695,41.05,In Hand
220950,-9.2081,-4.7094,-1.6161,-38.2137,-11.1145,-18.3206,41.05,In Hand
221000,-8.6119,-4.3527,-1.8603,-20.5038,-29.6183,-15.8321,40.86,In Hand
221050,-8.9376,-4.9057,-2.5450,-2.5038,-35.2824,-23.0534,40.95,In Hand
221100,-8.5545,-5.1236,-2.9305,16.4886,-25.4809,-22.6260,41.05,In Hand
221150,-10.5489,-6.2225,-3.4620,28.9008,-6.2137,10.2748,40.91,In Hand
221200,-8.3989,-5.3893,-2.5283,60.3817,-11.9237,31.6489,40.77,In Hand
221250,-6.2608,-3.7493,-2.0542,120.7328,-44.6718,7.9542,40.91,In Hand
221300,-7.1275,-4.2353,-4.3551,145.9389,-67.8931,-27.5114,40.72,In Hand
221350,-6.9145,-2.5283,-4.1827,115.2366,-50.8092,-23.4809,41.05,In Hand
221400,-5.8921,-2.2314,-3.4524,50.2443,-3.3435,-7.5115,40.95,In Hand
221450,-3.9911,-1.5395,-1.9752,-6.6870,51.8626,-4.9008,40.95,In Hand
221500,-6.7014,-3.5650,-3.0765,-41.5878,94.6412,-25.6031,40.91,In Hand
221550,-8.4108,-4.1324,-2.9042,-44.3511,100.8244,-42.8244,41.05,In Hand
221600,-8.7532,-4.5035,-2.8754,-41.6031,87.9695,-30.2901,40.72,In Hand
221650,-7.7812,-3.3639,-2.4756,-44.2901,76.0611,-13.1450,40.77,In Hand
221700,-8.6910,-4.0462,-3.1508,-43.9847,58.1374,10.8092,40.95,In Hand
221750,-8.2863,-4.1587,-3.5745,-46.2748,37.4962,20.8397,40.67,In Hand
221800,-8.1116,-4.1372,-3.5386,-48.6718,27.4198,18.2443,40.91,In Hand
221850,-10.1969,-5.4540,-5.1834,-63.3893,38.3053,8.1069,40.67,In Hand
221900,-9.7372,-5.5761,-4.5801,-53.7252,22.6412,4.0611,40.86,In Hand
221950,-7.8554,-4.3431,-3.3375,-17.4198,-18.4122,-1.4962,41.05,In Hand
222000,-6.9623,-3.8451,-3.2489,9.7099,-41.0534,-16.0000,40.86,In Hand
222050,-8.7580,-4.4508,-4.4125,17.7405,-34.2290,-43.1908,40.72,In Hand
222100,-10.1562,-4.3096,-4.4365,1.7557,-11.6031,-50.2748,40.95,In Hand
222150,-7.0988,-3.3639,-3.1723,-2.4885,-32.2443,-5.2061,40.95,In Hand
222200,-6.5027,-3.0526,-2.3248,-12.4885,-25.5878,8.1069,40.95,In Hand
222250,-7.3239,-3.7637,-2.9329,-17.2061,-15.7405,1.4656,41.09,In Hand
222300,-7.2425,-4.0055,-2.6959,-22.1985,-8.1832,4.9008,40.95,In Hand
222350,-7.3837,-4.2976,-2.5714,-15.0382,-8.0305,19.2519,40.86,In Hand
222400,-8.2408,-4.9249,-2.8443,-0.5191,-13.7099,35.3740,40.86,In Hand
222450,-8.4587,-5.2361,-3.1460,20.9008,-19.0687,47.6947,40.91,In Hand
222500,-8.4396,-5.1068,-3.3136,42.0611,-24.6107,58.1679,40.86,In Hand
222550,-8.4683,-5.2696,-3.6703,67.7405,-29.9389,50.7328,40.67,In Hand
222600,-10.5560,-6.0813,-5.1834,84.7634,-22.6718,33.5725,40.95,In Hand
222650,-11.2432,-5.9065,-5.1092,78.8092,-1.0229,26.1069,40.77,In Hand
222700,-6.0861,-4.6687,-4.9967,102.6870,-12.3359,28.9313,40.86,In Hand
222750,-5.2577,-3.3495,-2.5546,130.9771,-32.5649,7.6794,40.86,In Hand
222800,-6.6152,-3.0502,-3.6823,131.8626,-25.4046,-30.5038,40.95,In Hand
222850,-6.9504,-2.5043,-3.7828,73.9389,27.0687,-38.8702,40.91,In Hand
222900,-4.9129,-1.9441,-2.0949,22.3969,68.7328,-28.6870,40.95,In Hand
222950,-6.3303,-3.3184,-2.7509,6.8702,86.9313,-38.2595,40.95,In Hand
223000,-7.6519,-3.6679,-2.8850,-6.1527,92.5496,-41.4351,40.91,In Hand
223050,-8.3821,-4.1827,-3.0143,-5.7099,77.8931,-30.9160,40.91,In Hand
223100,-7.6974,-3.3255,-2.7869,-11.4046,62.5344,-14.2137,41.05,In Hand
223150,-8.3534,-4.1037,-3.0550,0.2137,29.0687,13.7863,41.09,In Hand
223200,-7.3765,-3.5554,-2.4828,3.5725,1.0840,19.8168,40.77,In Hand
223250,-7.8290,-3.8307,-3.0430,6.5649,-26.4733,23.0229,40.95,In Hand
223300,-7.8003,-3.6105,-3.4405,-7.8321,-38.4122,33.8015,40.95,In Hand
223350,-8.0230,-3.9241,-3.7134,-23.7252,-47.2366,38.9008,40.77,In Hand
223400,-9.4906,-4.7214,-4.6639,-42.6412,-38.1832,30.0000,41.05,In Hand
223450,-10.7619,-5.6767,-5.2601,-62.5496,-23.5267,7.4504,40.86,In Hand
223500,-8.7245,-4.8459,-4.2329,-54.7634,-24.4733,-22.2595,40.91,In Hand
223550,-6.6295,-3.3710,-3.1891,-49.3435,-16.7786,-40.3206,41.19,In Hand
223600,-5.7868,-2.8802,-2.7342,-53.5267,-0.7786,-41.7405,40.72,In Hand
223650,-6.7349,-3.5841,-3.8762,-67.8931,28.2443,-54.1069,40.86,In Hand
223700,-7.4388,-3.5913,-4.3167,-105.6336,74.8855,-45.4351,40.77,In Hand
223750,-8.9112,-4.1803,-3.9456,-142.5649,99.5878,-10.4122,40.86,In Hand
223800,-9.0956,-5.1356,-4.2880,-138.6412,87.4198,27.4198,40.95,In Hand
223850,-7.9871,-4.9153,-3.1508,-108.2137,58.6870,36.3664,40.91,In Hand
223900,-7.7381,-5.3056,-2.9137,-60.7481,22.7786,8.5038,40.91,In Hand
223950,-8.6335,-5.4085,-3.8499,-13.4046,-10.5802,-26.4275,40.91,In Hand
224000,-7.5465,-3.9433,-3.5937,6.0305,-24.2748,-43.3130,41.05,In Hand
224050,-8.0613,-3.3303,-3.6990,18.0305,-34.5038,-57.5420,40.95,In Hand
224100,-8.2624,-3.8068,-3.8618,18.9618,-46.9008,-39.7252,40.86,In Hand
224150,-8.9471,-4.9009,-4.3958,50.0916,-73.6947,-18.5802,40.91,In Hand
224200,-6.7133,-3.5530,-3.9097,82.3359,-75.5725,-7.0992,41.09,In Hand
224250,-8.1283,-4.2904,-4.9249,92.1832,-68.4885,37.0687,40.77,In Hand
224300,-8.0134,-4.7501,-4.6136,100.7176,-69.1603,68.2901,40.95,In Hand
224350,-7.8386,-4.6926,-4.5083,109.9084,-55.6336,50.2137,41.19,In Hand
224400,-7.9655,-4.4484,-4.2880,107.1450,-48.5649,37.3588,40.72,In Hand
224450,-8.4443,-4.8363,-4.6855,104.0611,-39.0687,10.2595,40.86,In Hand
224500,-8.2863,-4.4676,-4.5490,97.0382,-28.3206,-8.9771,40.86,In Hand
224550,-7.7165,-4.1515,-4.3000,90.4580,-20.2901,-13.7252,40.91,In Hand
224600,-6.6655,-3.4069,-3.7709,78.5954,-2.1374,-16.8244,40.95,In Hand
224650,-6.3039,-2.7701,-3.2848,52.9771,25.5114,-13.3435,40.95,In Hand
224700,-6.0813,-2.6504,-2.8683,14.0763,60.3053,-3.7863,40.86,In Hand
224750,-6.7205,-3.0789,-2.9880,-24.6260,90.7481,-6.1527,40.91,In Hand
224800,-7.7452,-4.2569,-3.4093,-46.0611,111.8473,-25.9542,40.91,In Hand
224850,-8.4707,-3.9816,-3.4165,-70.2595,116.1069,-22.7481,41.19,In Hand
224900,-8.8825,-4.2832,-3.0765,-80.0611,98.0153,-9.2061,40.91,In Hand
224950,-9.3661,-4.9225,-3.3758,-72.5343,74.7023,-14.0305,41.09,In Hand
225000,-9.4284,-4.8507,-3.2034,-54.4733,39.2366,-14.7634,40.67,In Hand
225050,-8.5425,-4.4125,-2.8994,-32.5649,0.5954,-6.4580,40.77,In Hand
225100,-8.4372,-4.3598,-3.5937,-15.8931,-21.9695,-3.5573,40.95,In Hand
225150,-7.8027,-3.9720,-3.6200,-5.9237,-29.1756,0.9008,40.72,In Hand
225200,-8.1068,-4.3239,-3.9816,9.4656,-27.1603,-2.5344,41.19,In Hand
225250,-7.3646,-3.6368,-3.6919,24.1679,-16.5802,-6.7023,41.05,In Hand
225300,-6.8881,-3.2944,-3.3040,32.6412,-2.6260,11.3893,40.95,In Hand
225350,-7.5298,-3.8618,-3.6368,38.4733,8.8702,34.1985,40.67,In Hand
225400,-7.5369,-3.9816,-3.5458,48.1374,12.6107,53.2977,41.09,In Hand
225450,-7.3047,-3.7852,-3.5674,52.4122,14.1374,68.3664,40.91,In Hand
225500,-6.7469,-3.5362,-3.4572,51.2977,23.8779,72.7023,41.05,In Hand
225550,-6.7445,-3.6488,-3.4117,44.5191,42.1221,69.1145,41.09,In Hand
225600,-7.4388,-4.0725,-3.6224,42.1527,56.7939,62.2748,40.86,In Hand
225650,-7.5920,-4.4149,-3.7637,64.8397,51.1603,50.7176,41.09,In Hand
225700,-7.9224,-4.2641,-3.9193,82.6870,50.0000,41.6336,40.77,In Hand
225750,-8.5665,-4.6663,-4.1492,100.1069,35.6183,46.3969,40.77,In Hand
225800,-7.2449,-3.8307,-3.5530,115.0229,19.2672,55.0687,40.91,In Hand
225850,-7.2113,-3.9959,-3.8020,130.1832,-0.4122,57.7252,40.91,In Hand
225900,-7.4508,-3.9025,-4.2306,139.4504,-18.6565,57.4504,40.86,In Hand
225950,-7.4412,-3.8690,-4.2162,133.3130,-23.0229,61.9847,40.72,In Hand
226000,-7.4148,-3.6943,-4.3072,122.3969,-21.2214,63.5878,40.91,In Hand
226050,-7.1371,-3.5434,-3.7876,101.9847,-11.4504,67.0992,40.67,In Hand
226100,-7.7955,-4.1683,-3.7038,86.0153,-1.4198,53.6183,40.86,In Hand
226150,-7.5346,-4.0270,-3.4620,83.1145,-0.7176,28.4733,40.67,In Hand
226200,-7.8003,-4.1563,-3.5267,76.3664,4.5191,3.4351,40.72,In Hand
226250,-8.3893,-4.3383,-3.8379,64.2595,14.3969,-26.6260,40.67,In Hand
226300,-7.7476,-3.7781,-3.3854,52.6260,19.7099,-46.5344,40.91,In Hand
226350,-7.9703,-3.8283,-3.5219,37.1145,27.3740,-57.2519,40.77,In Hand
226400,-8.9495,-4.0534,-3.8235,10.5038,40.0000,-52.5954,40.95,In Hand
226450,-8.3199,-3.9145,-3.5769,-12.8550,44.3969,-23.8473,41.09,In Hand
226500,-6.9671,-3.4046,-3.1843,-22.5954,39.6794,10.1832,40.91,In Hand
226550,-7.4388,-3.7541,-3.4309,-38.2595,48.4580,28.8855,40.86,In Hand
226600,-7.6638,-3.9600,-3.6344,-59.8321,66.5954,40.3817,40.91,In Hand
226650,-7.2832,-4.0869,-3.2872,-70.3969,80.3359,40.2137,40.77,In Hand
226700,-8.0014,-4.5131,-3.7685,-77.0534,93.1603,32.4580,40.91,In Hand
226750,-8.1666,-4.6136,-3.8140,-65.8321,85.8626,23.4504,40.86,In Hand
226800,-8.2337,-5.0973,-3.6129,-39.5573,69.2672,15.4962,41.19,In Hand
226850,-9.1961,-5.4372,-3.6488,-6.7176,36.2137,15.2214,40.91,In Hand
226900,-7.6638,-4.2617,-3.2465,25.2061,1.3130,22.0458,40.77,In Hand
226950,-7.6543,-4.1755,-3.5458,47.8931,-16.7481,17.2824,40.91,In Hand
227000,-8.0325,-4.0558,-3.9959,70.5496,-42.1832,10.8397,40.77,In Hand
227050,-7.8171,-4.0893,-4.3191,85.6489,-62.9160,15.9237,40.95,In Hand
227100,-8.0565,-4.3048,-4.6902,95.6031,-76.1832,24.2290,41.05,In Hand
227150,-8.9687,-5.0230,-5.5210,104.6260,-77.1756,23.5420,40.72,In Hand
227200,-8.5353,-4.3670,-5.3056,100.0305,-68.9924,38.4733,40.95,In Hand
227250,-7.5800,-4.3120,-4.5729,92.7481,-53.3893,41.6031,40.53,In Hand
227300,-8.0732,-4.6112,-4.5083,87.7863,-31.4809,21.9389,40.95,In Hand
227350,-8.7005,-4.0725,-3.9145,76.5038,-12.1832,1.6031,40.77,In Hand
227400,-9.8617,-5.3822,-4.9297,71.6641,-1.1908,-10.8244,40.95,In Hand
227450,-9.0621,-5.0374,-4.7285,82.1527,-16.9160,-10.8550,40.91,In Hand
227500,-6.8594,-3.7326,-4.0989,95.6031,-23.2214,-8.7481,40.72,In Hand
227550,-5.3127,-2.6480,-3.4907,100.1832,-14.2137,-7.6947,40.95,In Hand
227600,-5.1930,-2.0279,-3.4381,80.6260,16.9924,-6.6412,40.77,In Hand
227650,-4.9488,-1.6783,-2.7078,21.9542,77.5725,5.2366,40.95,In Hand
227700,-5.4324,-2.3990,-2.8635,-21.9847,123.8626,-2.0763,40.95,In Hand
227750,-7.2640,-3.4644,-3.6009,-54.7176,157.9237,-22.7786,40.86,In Hand
227800,-11.0804,-5.7724,-5.0685,-55.7405,141.6183,-22.5344,41.09,In Hand
227850,-9.6510,-4.9704,-4.8100,-37.4656,113.0076,-5.3282,40.86,In Hand
227900,-7.6495,-4.0630,-3.6392,-23.2519,103.2977,-7.0687,40.95,In Hand
227950,-7.2975,-3.6488,-3.1364,-13.3282,82.0611,-15.3435,40.72,In Hand
228000,-7.4436,-3.3255,-2.7725,-17.2824,53.0992,-15.4656,40.95,In Hand
228050,-6.5457,-2.8491,-2.1261,-25.6794,20.3664,-22.1985,41.05,In Hand
228100,-6.7732,-3.0861,-2.7198,-31.1450,-4.0763,-20.5344,40.91,In Hand
228150,-7.5250,-3.9193,-3.4333,-36.7176,-19.3893,-20.1832,40.95,In Hand
228200,-8.6311,-4.8171,-4.4843,-27.5114,-28.1832,-28.7328,40.95,In Hand
228250,-10.0820,-5.0973,-4.7022,-30.0305,-28.1527,-20.8550,41.05,In Hand
228300,-8.9136,-4.9033,-4.2401,-11.6336,-64.1527,0.2443,40.72,In Hand
228350,-7.7716,-4.3120,-3.9720,16.0916,-92.9008,-7.0229,40.86,In Hand
228400,-8.4036,-4.2784,-5.1691,24.1069,-88.5038,-22.0763,40.95,In Hand
228450,-8.7987,-4.1731,-4.6711,3.4656,-69.8015,-18.8092,40.86,In Hand
228500,-7.8003,-3.9025,-4.1731,0.5496,-75.7710,-1.0076,40.91,In Hand
228550,-6.6655,-3.2561,-3.9025,-8.3511,-64.0763,11.8779,40.91,In Hand
228600,-6.5793,-3.4931,-3.4692,-23.7710,-41.1450,17.7099,40.91,In Hand
228650,-6.9767,-3.8954,-3.5099,-31.6183,-25.5878,14.9008,40.72,In Hand
228700,-6.9743,-3.9696,-3.3567,-35.8168,-9.7099,11.6031,40.72,In Hand
228750,-7.3813,-4.5801,-3.5027,-30.2901,-0.6260,5.4656,41.05,In Hand
228800,-8.2744,-4.9297,-3.8403,-17.2214,4.0000,-4.3969,40.91,In Hand
228850,-9.1842,-5.3750,-4.2042,-4.9618,0.7176,-0.0305,41.05,In Hand
228900,-8.4779,-4.7429,-3.9217,9.8626,-10.3969,9.0229,40.95,In Hand
228950,-8.8609,-4.5466,-4.0342,24.5954,-20.8244,0.6107,40.86,In Hand
229000,-10.7548,-4.6807,-5.3439,13.7710,-32.2290,1.2214,40.67,In Hand
229050,-9.3709,-4.6735,-4.8818,-12.5038,-14.0000,-12.3664,40.77,In Hand
229100,-6.0885,-2.8036,-3.0454,16.4580,-27.8626,-33.6641,41.19,In Hand
229150,-5.7197,-1.7478,-3.0263,7.3130,-5.3130,-33.8015,40.95,In Hand
229200,-5.1332,-1.2067,-2.4205,-27.7252,28.5802,0.9008,40.77,In Hand
229250,-5.6336,-2.3487,-2.4804,-54.6565,52.9160,29.5267,40.77,In Hand
229300,-7.9296,-4.2832,-3.2394,-56.3969,61.5878,11.0076,40.72,In Hand
229350,-8.2313,-4.3359,-3.0382,-49.6794,46.6870,-1.0382,40.67,In Hand
229400,-8.3103,-4.7022,-3.4237,-40.7786,29.4198,-12.3359,40.67,In Hand
229450,-7.6279,-4.0103,-3.0263,-33.1603,21.0687,-32.5191,40.86,In Hand
229500,-7.1012,-2.9568,-2.4804,-26.1985,1.5725,-26.1221,41.05,In Hand
229550,-8.1642,-3.9361,-3.7517,-19.6031,-20.1832,-26.0763,40.95,In Hand
229600,-7.3885,-3.5721,-3.8666,-24.0000,-41.7099,-25.3435,40.91,In Hand
229650,-6.5386,-2.8060,-3.6296,-37.3893,-31.1908,-42.5496,40.91,In Hand
229700,-7.0006,-2.8515,-3.6105,-54.4885,-38.1374,-31.5114,40.95,In Hand
229750,-7.0102,-2.3727,-3.8738,-93.0076,-33.3130,-13.3893,40.86,In Hand
229800,-8.1259,-3.3639,-4.4987,-149.3130,-9.2672,8.8855,40.95,In Hand
229850,-10.7452,-6.0861,-5.8945,-155.3435,-35.2977,12.3817,40.58,In Hand
229900,-6.9815,-3.5243,-2.9688,-121.1145,-49.2977,-47.7557,40.95,In Hand
229950,-6.6487,-4.2018,-4.1228,-117.8779,-30.7176,-71.7405,40.72,In Hand
230000,-8.2265,-4.9488,-4.3694,-107.9237,-15.7405,-95.0382,40.95,In Hand
230050,-9.5050,-5.2218,-5.0326,-81.0992,-23.6794,-109.0992,40.95,In Hand
230100,-7.7285,-2.8754,-4.8794,-57.5725,-22.8092,-93.8779,41.05,In Hand
230150,-7.3143,-3.2753,-3.0670,-25.9389,-41.5267,-82.6412,40.91,In Hand
230200,-6.8474,-3.3112,-3.1292,-8.9313,-40.4733,-86.3206,40.86,In Hand
230250,-6.6846,-2.4445,-2.8611,-9.8015,-42.4275,-77.4504,40.58,In Hand
230300,-7.3622,-3.2872,-3.4357,-15.6336,-42.6260,-65.7557,40.86,In Hand
230350,-9.3901,-2.4924,-1.6185,-24.6718,-38.1679,-51.1298,40.95,In Hand
230400,-10.0987,-3.3710,-2.9664,-32.3359,-61.2977,-12.3511,41.05,In Hand
230450,-8.9998,-4.6112,-4.6040,-16.7023,-61.9084,5.4504,40.53,In Hand
230500,-7.9918,-4.4436,-4.9775,-8.7176,-35.5115,-4.6107,40.91,In Hand
230550,-8.1858,-3.7110,-5.0159,-36.2137,-2.6718,22.1527,40.58,In Hand
230600,-8.9759,-4.7812,-4.9919,-52.8550,-1.4046,68.2595,40.95,In Hand
230650,-6.6391,-4.2713,-3.5123,-27.7557,1.3588,46.1832,40.72,In Hand
230700,-5.9376,-2.8419,-2.8683,-29.3588,20.1374,50.0153,41.05,In Hand
230750,-7.8602,-4.3263,-3.7685,-37.2061,17.8321,84.5649,40.86,In Hand
230800,-7.6998,-4.6280,-3.7541,-23.9237,21.1908,65.7252,40.77,In Hand
230850,-6.9073,-4.0989,-3.3136,-6.8397,23.3130,48.9160,40.67,In Hand
230900,-6.5098,-4.2473,-3.3591,13.4656,33.2519,31.0382,40.77,In Hand
230950,-6.1435,-3.2729,-3.1675,30.0000,45.5878,14.8550,40.95,In Hand
231000,-7.1012,-3.2585,-2.9018,59.3893,44.5344,21.0534,40.77,In Hand
231050,-7.1084,-3.4884,-3.5314,73.3130,42.8855,8.6260,40.91,In Hand
231100,-7.2520,-3.1196,-3.5769,78.8092,43.1908,-20.6412,40.86,In Hand
231150,-7.8243,-3.6176,-4.8219,83.8779,44.4275,-37.5115,40.91,In Hand
231200,-6.8043,-2.5259,-3.8930,90.7786,45.0534,-28.3817,40.67,In Hand
231250,-7.9464,-2.7007,-5.1020,75.0382,40.6870,-16.8855,40.91,In Hand
231300,-8.7293,-3.1460,-5.4324,33.3130,50.4275,7.9389,40.58,In Hand
231350,-8.7412,-4.1013,-5.2457,29.4809,56.0611,64.6718,40.67,In Hand
231400,-7.1036,-3.9696,-4.1372,48.9771,37.0229,82.5038,41.09,In Hand
231450,-6.3470,-1.3312,-2.7892,24.0153,45.8168,90.4122,40.77,In Hand
231500,-8.4228,-4.5681,-4.1108,26.0458,45.2061,87.8473,41.09,In Hand
231550,-8.5976,-5.1332,-4.7884,43.3130,29.7710,84.1221,40.91,In Hand
231600,-6.6295,-4.1970,-3.8140,61.2977,17.6794,93.3893,40.91,In Hand
231650,-7.1850,-4.3551,-4.0438,70.3359,15.4046,91.3588,40.72,In Hand
231700,-7.9775,-5.0063,-4.5562,81.5420,6.5344,78.7023,40.72,In Hand
231750,-7.1658,-4.4867,-4.2976,95.6641,0.6565,54.0000,40.67,In Hand
231800,-7.4292,-4.1635,-4.6017,98.5343,-2.9618,36.3359,40.86,In Hand
231850,-7.7883,-4.3503,-4.8794,98.5191,-5.2061,23.8931,41.05,In Hand
231900,-8.2025,-3.8642,-4.7549,100.6565,-7.0076,20.2901,40.72,In Hand
231950,-7.7405,-2.8515,-4.5729,89.1298,-10.8550,35.3740,40.67,In Hand
232000,-7.5178,-3.8595,-5.1858,71.7557,-5.6489,34.1679,40.91,In Hand
232050,-8.3438,-3.7445,-5.6575,43.9695,29.9695,33.8931,40.95,In Hand
232100,-9.0070,-5.4731,-5.6790,41.2366,38.3053,52.2290,40.77,In Hand
232150,-6.3135,-4.1037,-3.9145,75.4962,29.8473,43.7557,40.95,In Hand
232200,-4.5969,-2.1835,-3.1915,83.6641,47.4962,28.8244,40.77,In Hand
232250,-6.6655,-2.3272,-4.2713,61.3282,71.2824,21.0229,40.95,In Hand
232300,-7.5800,-3.4405,-4.2569,45.7710,70.8550,34.7786,40.91,In Hand
232350,-6.8833,-3.4453,-3.4189,45.4198,60.1679,32.2901,40.67,In Hand
232400,-6.6942,-3.1963,-2.9377,48.5038,46.8855,19.9389,40.72,In Hand
232450,-7.2425,-3.6296,-3.5889,42.0000,30.8244,8.6107,40.77,In Hand
232500,-7.3789,-3.3543,-3.2681,41.3435,7.1908,-9.6641,40.91,In Hand
232550,-7.1443,-3.2274,-3.6536,37.1298,-10.5802,-12.1985,40.67,In Hand
232600,-6.8881,-3.2346,-3.7373,33.6183,-20.7481,-10.7634,40.95,In Hand
232650,-7.5848,-3.7445,-4.7597,30.1374,-16.7634,-9.8473,40.95,In Hand
232700,-7.2832,-3.8116,-4.8459,30.7481,-10.9618,8.5038,40.91,In Hand
232750,-8.1403,-3.3136,-5.2122,25.7863,1.2061,25.9695,40.77,In Hand
232800,-9.7085,-5.5330,-5.8634,10.0458,20.9924,28.3206,40.95,In Hand
232850,-8.0062,-4.6184,-4.6064,13.1450,29.8931,23.9084,40.67,In Hand
232900,-7.7069,-4.7070,-3.9433,33.2214,33.7863,-0.2443,40.77,In Hand
232950,-6.8546,-3.4548,-3.5267,52.9618,21.9084,-2.8244,41.09,In Hand
233000,-6.7325,-2.6480,-3.5243,39.2214,23.5267,10.7023,40.91,In Hand
233050,-8.5952,-3.6368,-4.3646,5.3435,30.8397,27.1756,40.91,In Hand
233100,-8.9783,-4.0869,-4.5346,-34.6412,35.1450,42.3206,40.77,In Hand
233150,-7.6591,-3.8762,-3.7972,-49.8626,27.1145,52.7634,40.67,In Hand
233200,-6.5793,-3.8259,-3.2801,-46.0916,21.0992,47.8473,40.86,In Hand
233250,-7.3981,-4.6615,-3.7972,-29.8779,16.9160,31.2977,40.91,In Hand
233300,-7.6638,-4.6759,-3.6129,-12.8855,10.6565,17.8626,40.95,In Hand
233350,-8.3629,-5.0182,-4.5873,8.2137,5.9542,3.4198,40.67,In Hand
233400,-7.9823,-4.3551,-4.3886,20.9618,8.4427,2.1832,40.77,In Hand
233450,-7.6686,-4.1539,-4.2258,40.4275,-2.8244,24.9924,40.95,In Hand
233500,-6.9288,-3.3974,-3.3830,57.3740,-8.2443,36.5191,40.77,In Hand
233550,-8.5473,-4.6807,-5.1954,65.2366,-5.2824,29.7557,40.91,In Hand
233600,-9.7564,-3.6320,-5.3463,67.4198,-5.4198,21.3435,40.67,In Hand
233650,-6.4596,-2.5043,-3.6655,62.1679,-25.2672,70.2901,40.91,In Hand
233700,-5.5354,-1.7933,-3.0023,45.9084,-0.6107,61.6794,40.91,In Hand
233750,-6.1675,-2.8611,-3.6200,24.9313,8.0916,55.6489,40.86,In Hand
233800,-7.1251,-2.7916,-3.3016,5.8779,27.0534,19.8168,41.09,In Hand
233850,-7.2951,-2.9784,-3.1101,-10.2443,35.6794,15.8168,40.95,In Hand
233900,-8.1044,-3.5314,-2.7270,-2.2748,29.4809,14.1679,40.77,In Hand
233950,-8.3079,-3.6583,-2.4349,12.5954,17.0382,1.4198,40.95,In Hand
234000,-8.5353,-3.8164,-2.7294,30.1527,5.5878,-14.6870,41.09,In Hand
234050,-8.2504,-3.5003,-2.8635,50.2290,-5.6641,-10.7328,40.86,In Hand
234100,-8.1259,-3.2657,-3.2848,64.0611,-4.7634,-4.4427,40.77,In Hand
234150,-8.2648,-3.3926,-3.6607,74.7328,-0.4122,10.1527,40.91,In Hand
234200,-7.8889,-3.0837,-3.6655,84.4580,13.5573,10.2901,40.72,In Hand
234250,-7.7333,-2.9784,-3.5745,78.7634,29.2977,43.0076,40.77,In Hand
234300,-8.7484,-3.7781,-4.1468,83.7252,40.5038,58.7939,41.05,In Hand
234350,-8.8657,-3.4117,-3.9744,78.7634,44.3053,74.7939,40.77,In Hand
234400,-8.6119,-3.5482,-3.8762,76.6718,35.3282,87.3588,40.72,In Hand
234450,-7.6231,-3.2298,-3.5075,76.7939,27.7099,78.4580,41.05,In Hand
234500,-7.8290,-3.3399,-3.6727,80.4427,15.2672,58.5954,40.72,In Hand
234550,-6.8546,-3.2705,-3.5530,91.2366,6.8550,40.4885,40.72,In Hand
234600,-7.2065,-3.3351,-4.0773,101.8168,9.7252,26.3969,40.91,In Hand
234650,-7.4699,-3.5841,-4.3814,113.8321,6.9924,24.7481,40.95,In Hand
234700,-7.0437,-2.6863,-4.3167,120.1985,11.0382,15.8779,40.77,In Hand
234750,-6.5003,-2.1069,-3.9002,110.6412,14.6870,17.0076,40.95,In Hand
234800,-7.4124,-2.4493,-4.2569,91.2824,23.6183,0.2595,40.86,In Hand
234850,-7.1323,-2.0830,-3.6224,68.8550,21.1756,-1.4504,40.86,In Hand
234900,-7.4101,-2.7126,-3.7373,50.1832,21.2519,-5.8015,40.67,In Hand
234950,-7.5657,-3.0885,-3.9241,39.7710,19.1756,-10.7481,40.86,In Hand
235000,-7.9966,-3.3399,-4.1827,25.2977,18.9618,-1.6947,40.91,In Hand
235050,-8.3821,-4.0893,-4.4819,14.1069,20.7023,-0.1985,40.77,In Hand
235100,-8.3749,-4.1468,-4.1492,4.6718,25.1756,-4.0000,40.86,In Hand
235150,-8.4683,-4.2425,-4.1659,-5.6947,22.8397,6.1679,40.86,In Hand
235200,-7.8793,-3.9337,-3.6392,-14.1221,14.5038,13.9542,40.77,In Hand
235250,-7.5250,-3.7828,-3.5243,-20.0458,8.2901,11.8779,40.86,In Hand
235300,-8.4204,-4.4365,-3.9097,-29.1298,11.4351,3.6489,40.58,In Hand
235350,-8.9830,-4.1946,-4.0127,-35.4962,8.1374,-10.6107,40.95,In Hand
235400,-7.1970,-2.6767,-3.2968,-60.2901,11.4504,-13.8168,40.72,In Hand
235450,-7.2712,-3.1603,-3.5698,-76.7328,10.8092,-10.9160,41.19,In Hand
235500,-8.1307,-4.0821,-3.8666,-75.5420,2.5802,-11.6489,40.77,In Hand
235550,-8.2289,-5.0350,-4.5370,-48.2290,-8.5038,-23.8015,40.72,In Hand
235600,-8.3653,-4.7836,-5.0637,-15.3130,-17.0076,-35.2519,40.58,In Hand
235650,-7.3837,-4.0438,-4.4341,4.3664,-24.0611,-28.5191,40.77,In Hand
235700,-7.0342,-3.4812,-4.3838,16.6260,-17.8015,-37.3130,40.77,In Hand
235750,-7.4124,-3.5793,-4.5681,16.2748,-17.1603,-27.4962,40.77,In Hand
235800,-7.1443,-3.1963,-4.4125,16.6870,-20.4733,-21.8779,40.77,In Hand
235850,-7.2065,-3.2729,-4.4317,6.9466,-17.5114,-12.0153,40.77,In Hand
235900,-7.5274,-3.6152,-4.6471,2.6565,-15.9237,-5.7405,40.77,In Hand
235950,-7.4675,-3.3854,-4.4508,-4.9313,-12.8702,2.5954,40.67,In Hand
236000,-8.6886,-4.0031,-4.9608,-26.1069,-2.9466,15.2061,40.72,In Hand
236050,-8.4060,-3.8642,-4.4532,-34.2443,-7.1908,23.1908,40.72,In Hand
236100,-8.1355,-3.7757,-4.1300,-33.6794,-18.5496,21.2977,40.91,In Hand
236150,-7.0677,-3.0335,-3.5913,-31.2672,-29.4198,6.3053,40.77,In Hand
236200,-6.8043,-2.3846,-3.6416,-48.4580,-24.7328,-9.7405,40.72,In Hand
236250,-7.0964,-3.0502,-3.9816,-67.5725,-25.9084,-4.4122,40.77,In Hand
236300,-6.4620,-3.6895,-4.0582,-58.4885,-14.8397,-11.7405,40.77,In Hand
236350,-7.2472,-4.0318,-4.3646,-48.1069,-1.5267,-4.2443,41.19,In Hand
236400,-7.3167,-4.2162,-4.2880,-36.0916,6.5344,-8.0763,40.91,In Hand
236450,-7.1730,-3.6703,-3.9025,-25.7405,17.1145,-31.0229,40.91,In Hand
236500,-6.5457,-3.5075,-3.5817,-21.2824,16.7634,-28.4122,40.86,In Hand
236550,-6.5745,-3.5578,-3.0837,-23.3588,21.4962,-39.7863,41.05,In Hand
236600,-6.6080,-3.3184,-3.2537,-16.4886,22.6718,-28.3817,40.67,In Hand
236650,-6.3614,-3.3255,-3.7278,-7.4504,21.4809,-19.5420,40.72,In Hand
236700,-7.0054,-3.0023,-3.4931,-9.3435,18.4122,-22.9160,40.53,In Hand
236750,-7.5944,-3.3830,-3.9313,-21.6794,4.4733,-15.3588,40.91,In Hand
236800,-8.1187,-3.9624,-4.4556,-30.9160,-6.8244,-26.8092,40.91,In Hand
236850,-7.7357,-3.3591,-4.7309,-46.7786,-7.3893,-31.7405,40.86,In Hand
236900,-8.8753,-4.9967,-5.4372,-64.7634,-8.2443,8.1527,40.95,In Hand
236950,-9.2320,-5.7772,-5.4492,-36.1679,-30.7786,26.7939,40.67,In Hand
237000,-7.4867,-4.7022,-4.7094,-15.1756,-39.2672,27.3740,40.86,In Hand
237050,-5.5282,-3.6033,-3.8786,6.1221,-37.8626,3.1908,40.91,In Hand
237100,-6.6822,-3.0742,-4.6831,-11.0229,-12.5954,-14.6718,40.86,In Hand
237150,-7.4939,-4.3359,-4.9440,-26.3359,-5.1603,-23.6489,40.77,In Hand
237200,-7.9942,-4.2018,-5.1116,-21.7557,-3.0992,-49.4351,40.77,In Hand
237250,-7.1443,-4.1851,-4.7238,-22.0305,-7.4504,-49.6031,40.91,In Hand
237300,-7.7524,-4.1013,-5.0637,-1.9847,-14.5496,-66.1985,41.05,In Hand
237350,-7.2520,-3.5650,-4.6040,-3.0229,-19.1908,-62.0458,40.91,In Hand
237400,-7.3358,-3.7876,-4.7453,0.6870,-19.6947,-55.9084,40.72,In Hand
237450,-6.7947,-3.8834,-4.5298,13.4809,-24.3206,-32.7786,40.67,In Hand
237500,-5.9759,-3.4261,-3.7828,16.1069,-13.6031,-11.7099,41.05,In Hand
237550,-6.4955,-3.3255,-3.5817,5.4656,-7.7863,14.1679,41.19,In Hand
237600,-6.8091,-3.7828,-3.5961,1.9389,-13.8168,41.8168,40.91,In Hand
237650,-7.3837,-4.0965,-3.8618,-18.2137,5.0382,65.0687,40.77,In Hand
237700,-9.2871,-5.6383,-4.2042,-19.5420,9.2519,79.6489,40.95,In Hand
237750,-8.9998,-5.7126,-3.9528,5.9695,-4.2901,62.1374,40.86,In Hand
237800,-7.5776,-4.4484,-3.2178,20.2443,-8.7634,16.5802,40.86,In Hand
237850,-7.7165,-4.0654,-2.9568,13.0992,-19.8015,7.8168,40.77,In Hand
237900,-7.9751,-4.4412,-2.8132,5.0534,-24.6565,-3.6031,40.86,In Hand
237950,-7.6447,-4.2952,-2.5833,3.9084,-23.7405,-12.7023,40.86,In Hand
238000,-7.3550,-3.7948,-2.1452,1.2366,-30.5344,-23.0229,40.91,In Hand
238050,-7.2042,-3.8810,-2.0973,-2.1985,-36.1221,-34.1527,40.72,In Hand
238100,-6.9528,-3.1532,-2.2673,-10.1374,-32.5649,-43.4351,40.72,In Hand
238150,-6.4117,-3.7996,-1.6855,-29.2824,-9.2824,-53.4351,40.95,In Hand
238200,-7.4603,-3.7852,-2.4756,-46.5496,3.1145,-26.6412,40.91,In Hand
238250,-7.3813,-4.5681,-2.4421,-44.3511,10.5496,-39.0229,40.86,In Hand
238300,-7.5154,-4.8746,-2.8060,-41.8779,36.8397,-29.3893,40.95,In Hand
238350,-8.4898,-5.8610,-3.3782,-5.5267,41.7557,-25.5725,40.95,In Hand
238400,-7.7644,-4.3191,-2.8683,14.2748,55.2824,-25.6489,40.72,In Hand
238450,-7.8721,-4.8937,-3.0694,26.5191,38.3359,28.2748,40.58,In Hand
238500,-6.9791,-4.6759,-2.6432,33.4046,23.4962,37.9847,40.91,In Hand
238550,-7.8195,-3.9456,-2.5762,4.4275,-10.2443,42.9618,40.91,In Hand
238600,-8.5880,-4.3694,-3.2681,-37.6183,-45.7099,3.3435,40.67,In Hand
238650,-8.0637,-3.8642,-3.3639,-69.9695,-84.1679,-4.6260,40.77,In Hand
238700,-8.3629,-4.6208,-3.9504,-86.7328,-104.6107,-31.1145,40.72,In Hand
238750,-7.0030,-3.9337,-3.4907,-91.0229,-128.6412,-29.0229,40.91,In Hand
238800,-7.1036,-4.8578,-3.8906,-84.9008,-138.5649,-32.8550,40.67,In Hand
238850,-5.9376,-4.7645,-2.9425,-65.4962,-128.9008,-35.8473,41.19,In Hand
238900,-7.0605,-4.9488,-2.1883,-49.8168,-112.2748,-42.8855,40.72,In Hand
238950,-4.9799,-2.3918,-1.2091,-73.2366,-94.1221,-7.0229,40.86,In Hand
239000,-6.2584,-3.1508,-1.7789,-112.1527,-62.0458,-23.8779,40.95,In Hand
239050,-6.7947,-3.3710,-2.1811,-151.5267,-50.1985,-30.1069,40.77,In Hand
239100,-6.3063,-3.4860,-2.2338,-187.1603,-21.5725,-56.3359,40.72,In Hand
239150,-7.2353,-4.2090,-2.3511,-183.7863,-36.0611,-48.3664,40.67,In Hand
239200,-8.4420,-5.3463,-3.0837,-190.8702,-35.9389,-24.8550,40.86,In Hand
239250,-8.4228,-6.0358,-3.2920,-156.5343,-45.2672,-32.0458,40.86,In Hand
239300,-9.9216,-7.1611,-4.3479,-109.3893,-82.8244,5.5267,40.77,In Hand
239350,-8.0469,-6.2273,-4.4029,-80.7786,-76.3969,9.7252,40.91,In Hand
239400,-6.5864,-5.3870,-3.7206,-70.9160,-32.2595,-11.9695,40.86,In Hand
239450,-7.4340,-5.5905,-3.7421,-53.6489,-20.6107,-17.2672,40.72,In Hand
239500,-7.1970,-5.0853,-3.5506,-36.5038,-17.1145,-14.9924,40.67,In Hand
239550,-9.0022,-5.9855,-4.6855,-23.5725,-14.1527,-20.5344,40.86,In Hand
239600,-6.7756,-4.0749,-4.1755,-23.4962,0.3511,-7.5420,40.72,In Hand
239650,-5.8514,-3.3615,-3.6081,-48.2595,32.8702,3.0534,40.67,In Hand
239700,-7.8219,-4.7070,-4.0318,-62.6107,41.8626,15.9389,40.72,In Hand
239750,-7.2712,-4.6352,-3.6129,-59.0840,43.6794,16.2290,40.67,In Hand
239800,-8.0661,-5.2385,-3.7637,-46.3359,42.8092,1.4198,40.67,In Hand
239850,-8.3869,-5.0973,-3.7326,-25.0076,23.1450,-6.1832,40.39,In Hand
239900,-8.7724,-5.1020,-3.8331,-17.6489,14.1679,-21.1298,40.95,In Hand
239950,-8.6910,-4.6591,-3.9911,-15.6947,-4.8855,-25.1450,40.86,In Hand
240000,-9.3494,-5.0853,-4.4724,-32.9771,3.2977,-32.9008,40.77,In Hand
240050,-10.5824,-5.5043,-5.4612,-36.4733,-20.8397,-7.9847,40.72,In Hand
240100,-6.0430,-3.0071,-3.2920,-63.6336,-1.7557,0.9160,40.91,In Hand
240150,-4.2760,-2.6336,-2.0111,-94.8092,56.1527,-32.0916,40.91,In Hand
240200,-7.9751,-5.4277,-3.1436,-85.7405,70.7023,-50.3053,40.91,In Hand
240250,-8.6455,-6.1244,-3.1699,-1.2672,-4.1069,-26.9618,40.67,In Hand
240300,-6.3877,-4.7022,-2.5259,57.3740,-27.4504,-32.1985,40.91,In Hand
240350,-7.2856,-4.5250,-3.4500,103.3282,-52.8092,-28.4733,40.72,In Hand
240400,-7.5106,-4.1683,-4.1132,119.8168,-69.5115,3.5878,40.91,In Hand
240450,-6.9935,-3.7517,-3.9768,112.4733,-62.8092,36.7328,40.67,In Hand
240500,-6.6679,-3.5219,-3.5817,96.6718,-50.2290,58.5649,40.77,In Hand
240550,-6.9049,-3.7541,-3.3327,74.4275,-33.7557,69.4198,40.91,In Hand
240600,-7.1994,-4.1492,-3.2537,59.2214,-19.2061,58.6107,40.67,In Hand
240650,-7.4771,-4.2353,-3.3064,44.4885,0.2901,33.0076,40.58,In Hand
240700,-6.7804,-3.9576,-2.9209,27.1145,28.7939,-6.3817,40.77,In Hand
240750,-9.8426,-5.8490,-4.0677,23.8168,37.1145,-28.4886,40.67,In Hand
240800,-9.5672,-5.4037,-4.5969,30.8397,18.6565,-9.4962,40.91,In Hand
240850,-7.6830,-4.4412,-3.6057,10.9313,55.3435,-8.6718,40.77,In Hand
240900,-7.2880,-4.3958,-2.7916,5.6031,71.1145,-8.3206,40.77,In Hand
240950,-7.7572,-4.5921,-2.7414,26.1679,52.4427,5.5115,40.86,In Hand
241000,-8.2576,-4.4748,-2.7773,37.2214,30.4733,28.7786,40.67,In Hand
241050,-8.1762,-4.2880,-2.6264,37.0992,13.1298,45.4504,40.91,In Hand
241100,-7.4915,-3.9600,-2.2697,23.0534,14.6870,46.7328,40.72,In Hand
241150,-8.1355,-4.4987,-2.4277,16.9771,9.6489,38.2443,40.67,In Hand
241200,-8.0373,-4.3622,-2.2314,17.5725,-4.5649,30.4886,40.72,In Hand
241250,-7.8195,-4.3766,-2.1356,12.0305,-9.0076,14.7023,40.77,In Hand
241300,-8.2121,-4.8722,-2.4349,15.8168,-16.3511,-11.0076,40.91,In Hand
241350,-8.2337,-4.8746,-2.7007,30.2137,-26.1832,-40.0000,40.67,In Hand
241400,-9.1506,-5.0398,-3.2202,34.0153,-23.0382,-64.3664,41.09,In Hand
241450,-10.3884,-5.5378,-3.6679,45.5878,-44.8855,-76.4122,40.72,In Hand
241500,-7.9176,-3.5338,-3.2034,45.5725,-65.8168,-63.1450,40.95,In Hand
241550,-6.3590,-2.6025,-2.6384,8.0916,-50.3511,-37.0382,40.86,In Hand
241600,-4.6615,-2.1069,-2.0446,-31.0076,-15.0840,-23.1756,40.67,In Hand
241650,-5.0709,-2.2098,-1.9944,-69.3130,14.9618,12.0000,40.91,In Hand
241700,-6.6128,-3.2681,-2.4684,-86.9008,2.9466,78.4580,40.53,In Hand
241750,-6.8043,-3.7565,-2.7869,-90.3359,-0.0458,121.3435,40.77,In Hand
241800,-7.5130,-4.9321,-3.2801,-80.5191,19.3893,114.1374,40.44,In Hand
241850,-7.4220,-5.8203,-3.1963,-51.7557,54.3664,73.3893,40.77,In Hand
241900,-7.3813,-5.8371,-2.6863,-12.5649,79.2672,21.3130,40.53,In Hand
241950,-7.7213,-5.3079,-2.7031,22.0763,74.7328,-11.5573,40.77,In Hand
242000,-8.1283,-5.1930,-3.0263,46.6260,64.6412,-26.2137,40.67,In Hand
242050,-8.6191,-5.1092,-3.5602,66.7176,56.7328,-33.5267,40.77,In Hand
242100,-8.5617,-4.8435,-3.8211,76.8550,41.3588,-1.9389,40.77,In Hand
242150,-8.0756,-4.4532,-3.5698,81.9237,30.5038,25.5878,40.91,In Hand
242200,-7.5920,-3.9983,-3.2944,75.5420,17.6947,55.6489,40.91,In Hand
242250,-8.4228,-4.8363,-3.6799,73.3588,4.5038,67.3893,40.72,In Hand
242300,-7.4939,-4.4867,-3.5721,80.0763,-8.9771,63.3435,40.58,In Hand
242350,-7.8171,-4.8004,-4.1946,81.6031,-7.7863,49.4809,41.05,In Hand
242400,-8.2600,-4.9608,-4.5753,85.9389,-4.9924,24.8702,40.72,In Hand
242450,-7.4101,-4.1970,-4.1875,79.0687,0.7786,13.0229,40.67,In Hand
242500,-6.7564,-3.8954,-3.7589,68.0611,11.1450,-2.0305,40.67,In Hand
242550,-6.7732,-3.9528,-3.7565,59.2672,20.3664,-10.1985,40.77,In Hand
242600,-6.9168,-3.9576,-3.7948,51.1450,30.1832,-14.2595,40.77,In Hand
242650,-7.0892,-3.9672,-3.8044,37.9389,43.0229,-8.4122,40.91,In Hand
242700,-7.4891,-4.0845,-3.7804,23.3588,51.4504,2.5649,40.91,In Hand
242750,-7.8219,-4.3263,-3.6559,11.2824,56.1679,20.3511,40.67,In Hand
242800,-7.7117,-4.5107,-3.1891,9.9084,50.7481,34.1679,40.77,In Hand
242850,-7.5920,-4.6711,-3.1196,16.3206,43.1603,42.1679,40.77,In Hand
242900,-8.2863,-5.2098,-3.4884,32.2901,28.6260,46.1679,40.67,In Hand
242950,-7.8745,-4.9249,-3.6200,46.8550,19.0076,46.3817,40.91,In Hand
243000,-7.4771,-4.6064,-3.7541,52.8397,18.2595,49.5573,40.86,In Hand
243050,-7.3598,-4.5274,-3.8068,51.8779,26.0305,54.1527,40.77,In Hand
243100,-7.0844,-4.5250,-3.8475,53.3130,37.4809,51.6336,40.58,In Hand
243150,-7.4651,-4.8483,-3.9121,61.1756,51.3740,43.3893,40.72,In Hand
243200,-7.7141,-4.5993,-3.8283,68.1069,55.0076,34.6870,40.77,In Hand
243250,-7.7572,-4.5011,-3.7206,67.2824,52.8702,33.9847,40.86,In Hand
243300,-7.9368,-4.6807,-3.7565,67.3435,51.5115,24.4886,40.67,In Hand
243350,-7.8793,-4.6304,-3.7421,72.0153,54.7634,21.3740,40.77,In Hand
243400,-7.8721,-4.6280,-4.1061,82.5649,41.6031,27.1450,40.72,In Hand
243450,-8.5258,-4.8004,-4.6543,86.7328,35.5725,36.8244,40.91,In Hand
243500,-8.3510,-4.4484,-4.5562,82.3359,22.5191,54.0153,40.77,In Hand
243550,-8.3677,-4.0534,-4.4436,73.4198,-1.1298,70.1832,40.77,In Hand
243600,-6.9168,-3.6727,-3.6583,54.1069,-12.7481,69.8626,40.77,In Hand
243650,-5.8802,-3.5841,-3.2872,52.1679,-8.4885,34.8244,40.91,In Hand
243700,-6.6056,-3.7828,-3.7517,52.1069,5.4656,-9.0687,40.77,In Hand
243750,-7.3287,-3.6200,-3.8355,40.1679,10.7176,-22.0458,41.09,In Hand
243800,-7.2616,-3.6129,-3.7517,25.9389,9.6794,-23.2519,40.67,In Hand
243850,-6.4236,-3.4716,-3.3734,15.9695,12.7328,-21.9542,40.91,In Hand
243900,-6.1483,-3.3255,-3.2178,14.1679,18.6870,-21.9542,40.72,In Hand
243950,-5.9161,-3.3016,-3.0957,10.8397,23.5420,-3.1298,40.86,In Hand
244000,-6.1603,-3.5721,-3.3112,14.8855,29.4809,5.4198,40.95,In Hand
244050,-6.8211,-4.0390,-3.5817,17.8931,37.8626,13.3282,40.77,In Hand
244100,-6.5242,-3.8595,-3.5075,25.7405,42.1374,21.8321,40.39,In Hand
244150,-7.1180,-4.2665,-3.9911,31.3588,51.2061,30.3969,40.77,In Hand
244200,-7.3430,-4.3407,-4.2306,36.5038,58.8550,40.5496,40.77,In Hand
244250,-7.2449,-4.1228,-4.3215,38.5802,72.3206,35.8321,40.91,In Hand
244300,-7.6686,-4.1827,-3.8379,43.6336,73.8321,31.0840,40.95,In Hand
244350,-8.3031,-4.8100,-4.0007,54.4275,63.6031,33.3893,40.72,In Hand
244400,-7.6591,-4.1635,-3.4141,60.5038,52.5802,29.6794,40.67,In Hand
244450,-7.8003,-4.0701,-3.2729,56.5344,34.7481,36.1069,40.77,In Hand
244500,-7.4675,-3.8978,-3.2465,50.5802,13.8931,41.8779,40.72,In Hand
244550,-7.4699,-3.9097,-3.3519,38.8855,0.8855,39.2061,40.72,In Hand
244600,-9.0764,-4.8171,-4.4412,30.0153,-16.8855,38.4427,40.86,In Hand
244650,-9.7851,-5.1787,-5.8802,15.5878,-38.9160,50.4885,40.67,In Hand
244700,-6.5817,-4.2832,-4.6400,-2.7023,-23.2824,34.7786,40.72,In Hand
244750,-5.5450,-4.0247,-3.8140,-9.4809,19.1145,0.1221,40.72,In Hand
244800,-8.4539,-5.8993,-4.6519,6.5191,30.3053,-7.2214,40.91,In Hand
244850,-8.2145,-5.3798,-4.5226,34.5344,20.7176,8.7176,40.67,In Hand
244900,-8.2552,-4.8985,-3.8810,48.7786,16.6718,27.0687,40.77,In Hand
244950,-7.4531,-3.8810,-3.0406,51.8015,-2.4885,43.8168,40.72,In Hand
245000,-7.6231,-3.7900,-2.6600,35.4656,-12.4580,43.4198,40.58,In Hand
245050,-9.0740,-4.5107,-2.9664,10.4427,-26.7328,37.9542,40.86,In Hand
245100,-8.2313,-4.5250,-2.4948,-5.9084,-42.6870,28.7023,40.77,In Hand
245150,-7.8171,-4.9536,-2.5474,-2.2595,-53.3588,-2.1679,40.67,In Hand
245200,-7.9607,-5.0709,-3.0071,11.0992,-65.8168,-26.4733,40.95,In Hand
245250,-7.5872,-4.7956,-3.3662,16.7634,-50.2443,-42.3053,40.67,In Hand
245300,-8.1690,-5.2289,-3.7086,22.5649,-30.5954,-43.7405,40.86,In Hand
245350,-7.7428,-4.5155,-3.8092,31.1756,-21.1298,-31.6641,40.77,In Hand
245400,-7.1060,-3.9935,-3.3136,3.9542,29.3588,-29.3893,40.72,In Hand
245450,-6.8163,-4.1204,-2.5618,-12.2748,68.7023,-25.8779,40.67,In Hand
245500,-6.0813,-4.2425,-1.8818,5.6794,77.1756,-31.9084,40.58,In Hand
245550,-7.3933,-3.8978,-1.9896,23.4351,51.0687,-13.5267,40.72,In Hand
245600,-7.8673,-3.7350,-2.0734,22.7328,9.1145,44.5802,40.72,In Hand
245650,-7.5896,-4.1108,-2.1117,12.1679,-7.2824,62.6565,40.77,In Hand
245700,-7.2449,-4.4293,-2.2721,17.4504,-15.1145,45.6641,40.67,In Hand
245750,-7.2903,-4.7692,-2.4684,24.2137,-9.4962,29.5114,40.67,In Hand
245800,-7.0749,-4.6112,-2.2601,35.2519,0.0916,-5.9084,40.86,In Hand
245850,-7.2736,-4.1779,-2.2338,33.8779,11.2366,-27.5878,40.67,In Hand
245900,-7.8243,-4.3048,-2.3774,29.7252,12.8244,-24.5038,40.72,In Hand
245950,-7.3861,-4.1108,-2.0590,21.4351,16.2901,-24.3664,40.67,In Hand
246000,-7.7141,-4.2880,-2.3152,10.3206,21.5573,-11.1908,40.91,In Hand
246050,-8.4324,-4.6831,-2.6456,14.0305,-2.7634,15.5115,40.72,In Hand
246100,-8.0206,-4.4580,-2.9616,2.0916,-5.6641,40.9771,40.58,In Hand
246150,-7.7859,-4.5657,-2.8539,-17.2672,22.9618,38.1527,40.86,In Hand
246200,-6.4859,-4.5418,-2.0877,-24.6565,59.1298,13.5725,40.86,In Hand
246250,-8.2289,-5.1906,-2.0686,-17.7405,66.9466,-6.7786,41.09,In Hand
246300,-9.4068,-4.9416,-1.9944,-10.6870,30.5038,5.4351,40.91,In Hand
246350,-8.2121,-4.4245,-1.5083,-24.5496,-2.7023,34.1374,40.67,In Hand
246400,-7.2975,-5.6024,-1.6448,-11.3740,-21.0687,22.9160,40.72,In Hand
246450,-6.7469,-5.3175,-1.9728,18.0000,-17.8931,-3.9389,40.72,In Hand
246500,-6.7995,-4.7716,-2.2913,38.9618,-5.5115,-21.9084,40.77,In Hand
246550,-7.5274,-4.4700,-2.6360,48.5191,3.3282,-34.1069,40.95,In Hand
246600,-7.9559,-4.2210,-2.8252,44.9466,7.2061,-31.7405,40.91,In Hand
246650,-7.8506,-4.0390,-2.5666,28.7634,2.9008,-10.5496,40.95,In Hand
246700,-8.5928,-4.5586,-3.2298,16.1985,-0.5649,-8.9618,40.72,In Hand
246750,-9.8067,-5.3822,-3.9337,3.9237,4.2443,-17.2214,40.67,In Hand
246800,-9.3374,-4.6136,-3.9840,-4.6107,-4.1527,-15.2366,40.67,In Hand
246850,-7.9080,-3.9337,-3.2346,-40.4885,16.2901,-1.2366,40.67,In Hand
246900,-6.9863,-3.9385,-2.4517,-58.9313,32.6260,6.1679,40.44,In Hand
246950,-7.5753,-4.3574,-2.2098,-46.1374,11.0687,20.1527,40.77,In Hand
247000,-7.0437,-3.8092,-1.9537,-32.2290,-26.0458,57.6031,40.91,In Hand
247050,-7.5513,-4.6878,-2.3032,-28.8855,-38.3817,60.7786,40.77,In Hand
247100,-6.7086,-4.2832,-2.1213,-20.5038,-42.3664,31.3435,40.67,In Hand
247150,-6.9863,-4.2928,-2.4038,-21.4198,-35.0992,12.4122,40.72,In Hand
247200,-6.9121,-4.4796,-2.3822,-20.6718,-24.3817,-17.6336,40.67,In Hand
247250,-7.0677,-4.1731,-2.4349,-25.3130,-6.3206,-42.9924,40.53,In Hand
247300,-7.7069,-4.6687,-2.6528,-30.2443,8.2290,-52.7328,40.77,In Hand
247350,-7.6303,-4.5610,-2.4708,-26.1527,14.4427,-53.7863,40.77,In Hand
247400,-7.4077,-4.3024,-2.4445,-29.7710,17.5267,-22.8244,40.91,In Hand
247450,-7.4723,-5.4013,-2.5738,-24.0153,27.9847,-22.0458,40.95,In Hand
247500,-8.9830,-5.6000,-3.3639,20.2748,-5.6336,-19.8321,40.67,In Hand
247550,-9.3685,-5.0566,-4.0917,24.0458,-19.1908,13.3740,40.91,In Hand
247600,-7.7405,-4.1875,-3.3495,4.4580,-2.7939,30.0000,41.05,In Hand
247650,-6.4979,-4.1037,-2.4636,-13.4351,31.9237,22.2290,40.86,In Hand
247700,-7.9990,-4.9512,-2.6312,-0.0305,32.5649,16.1985,40.67,In Hand
247750,-8.4683,-4.7860,-2.6193,19.3282,-1.0687,42.5802,40.67,In Hand
247800,-7.5968,-4.4700,-2.4708,28.3511,-26.6107,57.3435,40.86,In Hand
247850,-7.2018,-4.7238,-2.4062,33.9847,-30.5802,29.3740,40.67,In Hand
247900,-7.8793,-4.7190,-2.7461,42.0000,-29.3740,-14.5038,40.95,In Hand
247950,-7.9990,-4.4388,-2.6959,34.2748,-22.9771,-39.1298,40.77,In Hand
248000,-7.7572,-4.2713,-2.5809,23.3130,-17.1298,-48.8550,40.72,In Hand
248050,-7.1539,-3.8044,-2.3631,4.5649,-11.0687,-32.7481,40.86,In Hand
248100,-6.8426,-3.7302,-2.1955,-17.9389,-3.3588,-2.8702,40.77,In Hand
248150,-6.8761,-4.0725,-2.3008,-34.9618,7.2824,10.3359,41.05,In Hand
248200,-7.4268,-4.5179,-2.4349,-43.7557,27.2977,-5.3435,40.95,In Hand
248250,-9.0692,-5.3008,-2.9401,-31.4046,-1.0534,1.2824,40.91,In Hand
248300,-8.2648,-4.6448,-3.0311,-31.2214,-23.3282,18.0000,40.72,In Hand
248350,-7.8506,-4.9009,-3.2010,-20.7328,-29.6031,4.1832,40.72,In Hand
248400,-5.3056,-2.9497,-2.1859,-20.7328,-14.5191,-5.3435,40.86,In Hand
248450,-6.0047,-3.5147,-2.4636,-42.1985,12.1985,10.2595,40.91,In Hand
248500,-7.9511,-4.9584,-3.2346,-31.3588,0.5344,23.4198,40.95,In Hand
248550,-7.6231,-4.2952,-3.2944,-29.8626,-2.9771,36.5954,40.91,In Hand
248600,-7.2305,-4.3694,-3.1675,-37.8473,3.0992,30.3969,40.86,In Hand
248650,-6.3614,-4.2425,-2.9832,-40.5802,19.6183,3.6336,40.72,In Hand
248700,-6.8091,-4.6687,-3.3758,-30.9008,30.2443,-22.2443,40.72,In Hand
248750,-7.2305,-4.6543,-3.8164,-22.6412,38.1374,-32.0611,40.67,In Hand
248800,-7.3406,-4.9680,-4.6400,-19.2366,55.4962,-39.8779,40.67,In Hand
248850,-7.9368,-4.5011,-4.1779,-27.0687,60.4427,-28.3664,40.86,In Hand
248900,-7.7261,-4.5322,-3.8523,-46.7786,63.9237,-10.0458,40.72,In Hand
248950,-8.2456,-5.2481,-3.6703,-43.0382,71.0687,-12.2290,40.86,In Hand
249000,-7.7644,-4.8746,-3.2202,-23.6641,60.6870,-16.4122,40.53,In Hand
249050,-8.2768,-5.3822,-3.4860,-7.1603,59.6031,-25.3435,40.67,In Hand
249100,-11.1713,-6.9671,-4.8267,34.2901,25.0992,-28.5649,40.91,In Hand
249150,-9.2129,-4.8698,-4.1013,52.7481,-6.7176,-4.1679,40.67,In Hand
249200,-8.1499,-4.3934,-3.7134,50.8092,-27.9542,9.6947,40.72,In Hand
249250,-7.9200,-4.4652,-3.8355,54.0611,-54.9313,21.8321,40.72,In Hand
249300,-6.6798,-4.0390,-3.4979,51.0687,-60.8092,26.4580,40.67,In Hand
249350,-8.3534,-5.1739,-4.2641,60.9160,-69.9847,29.6031,40.77,In Hand
249400,-8.7149,-5.3678,-4.6424,73.6031,-92.4122,42.7328,40.67,In Hand
249450,-9.5816,-5.5498,-5.1571,72.7023,-110.8855,63.8015,40.77,In Hand
249500,-9.0788,-5.4348,-5.2337,64.2443,-120.6412,65.2672,40.72,In Hand
249550,-7.2784,-4.2760,-3.8858,34.9618,-83.9542,30.3664,40.53,In Hand
249600,-6.5529,-3.8427,-3.2058,8.3817,-56.8855,0.1221,40.72,In Hand
249650,-6.7493,-4.0247,-3.0694,-8.5954,-33.7099,-35.2214,40.72,In Hand
249700,-7.1658,-4.2186,-3.0789,-14.6412,-22.9008,-59.6641,40.72,In Hand
249750,-6.9264,-3.7709,-3.1771,-22.4275,-15.2824,-64.7634,40.95,In Hand
249800,-6.9384,-3.5171,-3.2753,-45.6947,2.0153,-52.0916,40.72,In Hand
249850,-6.5481,-3.0406,-3.0239,-77.4351,14.0305,-18.9924,40.67,In Hand
249900,-7.1826,-3.5602,-3.1029,-110.6718,28.1679,13.0992,40.67,In Hand
249950,-10.0389,-5.1451,-4.1946,-120.1985,1.3282,61.8473,40.67,In Hand
250000,-7.6734,-3.9696,-3.4453,-129.0534,-8.5649,87.9084,40.91,In Hand
250050,-8.8825,-5.0781,-3.9456,-137.1145,-0.3664,63.0992,40.72,In Hand
250100,-9.8282,-5.8610,-4.3503,-131.4351,-9.5725,54.9466,40.86,In Hand
250150,-7.6854,-5.0206,-3.3878,-128.9008,7.4198,25.7099,40.72,In Hand
250200,-8.1714,-5.3343,-3.3519,-119.9389,21.7099,-21.8931,40.77,In Hand
250250,-8.1954,-5.2289,-3.1532,-103.5725,15.4198,-44.2595,40.67,In Hand
250300,-7.5465,-4.8626,-2.7342,-91.7710,16.5191,-63.8015,40.72,In Hand
250350,-7.8961,-4.8937,-2.7892,-80.8092,18.0611,-79.6794,40.91,In Hand
250400,-7.8434,-5.5641,-3.0406,-58.6107,15.3435,-89.1756,40.77,In Hand
250450,-7.7357,-4.6304,-2.7342,-45.4656,8.4580,-90.2443,40.58,In Hand
250500,-7.4555,-4.4341,-2.3511,-33.6031,-1.0992,-84.4122,40.77,In Hand
250550,-7.4340,-4.3191,-2.3846,-17.9084,-10.5954,-79.6489,40.67,In Hand
250600,-7.2951,-4.0031,-2.3774,-8.2137,-19.9847,-69.3282,40.77,In Hand
250650,-7.0892,-3.9169,-2.5139,-6.5344,-22.0153,-60.2748,40.91,In Hand
250700,-7.5537,-3.8786,-2.6240,-8.4885,-26.0611,-43.8931,40.77,In Hand
250750,-7.3382,-3.9337,-2.5977,-8.2595,-39.1298,-14.3206,41.09,In Hand
250800,-7.1347,-3.9241,-2.7749,-7.6489,-43.6489,-2.3969,40.67,In Hand
250850,-7.7357,-4.3048,-3.1244,-10.5954,-41.4962,-0.6260,40.72,In Hand
250900,-7.6183,-4.3239,-3.1915,-15.1603,-42.1527,10.4122,40.67,In Hand
250950,-7.2856,-4.1396,-3.1939,-21.4962,-37.6336,13.3588,40.67,In Hand
251000,-7.7859,-4.4173,-3.5913,-28.1832,-35.5725,20.5802,40.53,In Hand
251050,-7.5010,-4.3120,-3.5051,-34.7176,-24.8092,21.3282,40.77,In Hand
251100,-7.4819,-4.4125,-3.4524,-41.2672,-8.7634,11.3282,40.86,In Hand
251150,-7.7692,-4.8052,-3.4500,-41.1450,-1.2519,1.5267,40.95,In Hand
251200,-7.2353,-4.5753,-2.9928,-36.7481,4.4122,-10.0305,40.72,In Hand
251250,-7.6519,-4.7956,-3.2058,-28.9924,1.6031,-15.4656,40.44,In Hand
251300,-7.3861,-4.5657,-3.0598,-22.5191,0.1985,-18.9618,40.72,In Hand
251350,-7.5896,-4.6232,-3.0263,-17.9542,-1.6489,-23.4504,40.72,In Hand
251400,-7.9942,-4.7884,-3.3543,-12.9160,-6.2137,-21.4351,40.72,In Hand
251450,-8.2935,-4.8937,-3.4836,-10.2137,-11.9847,-13.6489,40.77,In Hand
251500,-8.4874,-4.8387,-3.5626,-11.3130,-23.6947,0.6870,40.72,In Hand
251550,-7.4460,-4.4365,-3.0837,-12.5649,-34.4427,5.1603,40.67,In Hand
251600,-7.5609,-4.5490,-3.3950,-11.8321,-40.7786,-2.5649,40.91,In Hand
251650,-7.2951,-4.2808,-3.5530,-16.5496,-42.9466,-3.6031,40.77,In Hand
251700,-6.5577,-3.7996,-3.2968,-33.3435,-27.6947,-9.6947,40.91,In Hand
251750,-7.0030,-3.9768,-3.4812,-55.2061,-8.4122,-13.7252,40.72,In Hand
251800,-7.3454,-4.3191,-3.5051,-74.8244,4.1527,-9.9389,40.44,In Hand
251850,-7.9248,-4.8985,-3.6033,-78.0305,6.3053,-11.5725,40.58,In Hand
251900,-8.2839,-5.1978,-3.4788,-70.9466,0.7023,-18.2901,40.86,In Hand
251950,-7.9535,-4.9440,-3.3016,-63.2519,-4.6870,-26.8397,40.86,In Hand
252000,-7.9703,-4.8746,-3.3758,-57.4198,-9.0840,-35.3130,40.72,In Hand
252050,-8.6503,-4.9584,-3.7733,-56.5802,-10.8397,-42.2443,40.72,In Hand
252100,-7.9751,-4.3574,-3.3998,-56.4275,-21.1756,-40.9160,40.91,In Hand
252150,-8.3079,-4.5274,-3.5602,-62.6107,-23.6489,-43.0534,40.95,In Hand
252200,-8.6119,-4.2904,-3.9504,-62.7328,-53.9847,-18.3359,40.86,In Hand
252250,-6.6032,-3.5530,-3.4285,-81.6336,-47.1145,-5.3130,40.77,In Hand
252300,-6.9887,-4.3455,-3.7110,-80.7328,-39.0382,-14.0458,40.77,In Hand
252350,-6.7995,-4.3383,-3.6009,-71.1298,-33.5267,-16.2901,40.77,In Hand
252400,-6.7780,-4.2401,-3.3878,-54.9924,-35.2366,-25.4656,40.72,In Hand
252450,-6.3422,-3.7781,-3.3447,-43.6183,-42.0305,-30.0458,40.77,In Hand
252500,-6.8905,-4.3311,-4.0247,-31.4504,-44.3206,-45.0382,40.58,In Hand
252550,-6.8211,-4.0462,-4.2545,-14.8244,-46.3969,-63.2366,40.72,In Hand
252600,-5.6934,-2.7701,-3.6871,-27.2061,-26.7481,-74.5954,40.86,In Hand
252650,-5.3654,-2.4110,-3.3351,-63.5420,8.3664,-74.3969,40.58,In Hand
252700,-6.5673,-3.1508,-3.5793,-102.0153,31.8626,-49.7405,40.67,In Hand
252750,-7.3023,-4.1899,-3.5267,-125.4198,48.7023,-22.5802,40.72,In Hand
252800,-8.2648,-5.2577,-3.4405,-106.7481,37.0229,-6.8092,40.86,In Hand
252850,-7.8578,-5.3558,-3.1077,-73.2672,28.6107,-14.7939,40.67,In Hand
252900,-7.9057,-5.3846,-3.0718,-34.6107,18.0305,-29.0992,40.91,In Hand
252950,-7.2640,-4.7142,-2.9808,-7.9237,9.2519,-20.4580,40.95,In Hand
253000,-7.7692,-4.9321,-3.1795,6.0305,6.4580,-12.0153,40.86,In Hand
253050,-9.1770,-5.5330,-3.7996,18.1527,-1.8473,-1.8473,40.77,In Hand
253100,-10.3190,-5.9640,-4.2952,29.4351,-22.7176,20.9466,40.58,In Hand
253150,-7.7165,-4.4700,-3.1173,27.9237,-29.8931,42.5496,40.77,In Hand
253200,-7.0126,-4.4412,-2.8347,16.4275,-10.2595,32.1374,40.58,In Hand
253250,-8.7317,-5.5929,-3.3782,23.0534,-18.0763,24.1985,40.58,In Hand
253300,-8.5665,-5.1834,-3.4764,32.8855,-46.3969,15.0992,40.77,In Hand
253350,-10.0868,-5.4157,-4.5011,15.5420,-56.6412,-27.2366,40.91,In Hand
253400,-9.7229,-4.7908,-4.5993,-4.7481,-72.1069,-38.9771,40.91,In Hand
253450,-8.7436,-4.6471,-4.0342,-17.4656,-83.7252,-47.0076,40.58,In Hand
253500,-8.2815,-4.6184,-4.1037,-12.6412,-93.0534,-56.9771,40.67,In Hand
253550,-8.0732,-4.5203,-4.0390,-10.5496,-88.7481,-54.3053,40.86,In Hand
253600,-6.7612,-4.0917,-3.7134,-6.0611,-80.0000,-36.6260,40.72,In Hand
253650,-6.7995,-4.3287,-3.4740,-11.1145,-51.0840,-28.5954,40.72,In Hand
253700,-6.5146,-4.4436,-3.3016,2.0153,-35.2366,-18.9313,40.77,In Hand
253750,-6.9767,-4.3479,-3.0550,0.3359,-10.5649,-7.0992,40.86,In Hand
253800,-6.7756,-3.9265,-2.7892,-0.1374,-2.0916,3.9237,40.67,In Hand
253850,-7.3813,-3.9600,-2.8635,-24.9924,13.6947,18.8397,40.67,In Hand
253900,-8.5210,-4.4819,-3.4141,-40.0458,6.5191,12.8092,40.67,In Hand
253950,-7.0797,-3.4453,-3.0478,-78.7634,32.1069,24.2290,40.86,In Hand
254000,-6.4548,-3.6272,-2.8491,-110.9618,65.2519,45.2672,40.72,In Hand
254050,-7.5082,-5.6240,-2.9281,-98.5649,75.8321,51.9542,40.44,In Hand
254100,-8.0613,-6.2632,-2.4972,-35.5115,45.1603,38.8244,40.77,In Hand
254150,-7.9679,-5.5689,-2.5139,12.2748,21.4504,19.4656,40.72,In Hand
254200,-7.6136,-6.3015,-2.9808,58.1221,6.4122,-26.4427,40.86,In Hand
254250,-6.6583,-4.4508,-2.9353,81.6641,11.0076,-52.4427,40.95,In Hand
254300,-7.1826,-3.6943,-3.0789,79.6641,7.6641,-42.2595,40.86,In Hand
254350,-7.4484,-3.5003,-3.0622,65.2061,-6.1832,-24.1985,40.86,In Hand
254400,-6.5888,-2.8156,-2.5833,33.9237,-0.4122,-5.5725,40.58,In Hand
254450,-7.3047,-3.8355,-2.7821,11.1603,-4.9466,17.2366,40.67,In Hand
254500,-7.1251,-3.9600,-2.8611,-2.6260,2.7023,24.6260,40.77,In Hand
254550,-8.1977,-4.9656,-3.1747,-9.2519,6.6870,39.7863,40.67,In Hand
254600,-8.4252,-5.1691,-3.5913,17.2977,-21.7099,43.6336,40.72,In Hand
254650,-8.9591,-4.9847,-3.9265,7.2061,-16.1221,50.0916,40.72,In Hand
254700,-6.5601,-3.9241,-2.7366,-9.5573,4.6260,47.3588,40.67,In Hand
254750,-6.1028,-4.3646,-2.1261,-19.0076,38.8702,20.3817,40.58,In Hand
254800,-7.8745,-5.0613,-2.3200,-1.5267,31.4504,8.4885,40.77,In Hand
254850,-7.8602,-4.2880,-2.1907,4.6870,7.5573,36.2290,40.72,In Hand
254900,-7.2592,-4.6208,-1.9561,8.0153,-9.1298,41.6794,40.72,In Hand
254950,-7.0797,-4.7381,-2.2673,21.3435,-15.0840,17.5420,40.77,In Hand
255000,-7.0054,-4.4149,-2.5067,32.8550,-11.7405,-7.6183,40.91,In Hand
255050,-7.1898,-4.3574,-2.8204,39.9389,-10.3359,-24.1679,40.58,In Hand
255100,-7.5250,-4.4772,-3.1699,43.8473,-2.4427,-39.1145,40.58,In Hand
255150,-8.6263,-4.5753,-3.8571,38.9466,1.1298,-37.7557,40.72,In Hand
255200,-8.4683,-4.0390,-3.7709,19.9542,4.6718,-15.2977,40.77,In Hand
255250,-8.8585,-4.2617,-3.6392,-14.7939,12.9771,2.6107,40.77,In Hand
255300,-9.6199,-4.7980,-3.7613,-29.6489,-5.9695,1.4198,40.72,In Hand
255350,-7.5872,-3.6081,-3.1627,-50.7023,-9.2214,7.8779,40.53,In Hand
255400,-6.8905,-3.6272,-2.6624,-75.6794,-3.3740,7.7557,40.72,In Hand
255450,-7.0126,-4.0199,-2.7797,-84.0763,4.4122,-10.0458,40.72,In Hand
255500,-7.6351,-4.4819,-2.9018,-74.7481,-15.6183,-5.3435,40.86,In Hand
255550,-6.8307,-3.9887,-2.8036,-59.6336,-43.2061,9.5267,40.91,In Hand
255600,-7.1036,-4.2234,-3.2250,-55.2519,-49.4351,12.7939,40.67,In Hand
255650,-6.5074,-4.0821,-3.1843,-60.9618,-32.9771,0.5496,40.67,In Hand
255700,-6.1842,-3.9361,-2.9042,-67.3282,-11.9084,-17.5114,40.86,In Hand
255750,-6.1651,-4.0414,-3.0023,-72.2748,5.1450,-30.6718,40.67,In Hand
255800,-6.5457,-4.6256,-3.0885,-75.9847,30.3817,-46.4275,40.72,In Hand
255850,-7.6974,-5.3343,-3.3662,-64.9771,42.8092,-58.4427,40.58,In Hand
255900,-8.5736,-5.8251,-3.6559,-48.6260,44.3664,-60.8397,40.58,In Hand
255950,-8.6526,-5.7485,-3.5913,-24.6718,45.8321,-63.1908,40.77,In Hand
256000,-9.7971,-6.2848,-3.8595,0.7481,35.1756,-59.8626,40.67,In Hand
256050,-11.3318,-6.4308,-5.1380,35.9237,-11.4046,-24.0916,40.77,In Hand
256100,-7.9224,-4.2210,-3.7421,29.7099,-19.7557,7.8473,40.67,In Hand
256150,-5.7676,-3.3088,-2.5642,7.3740,6.8855,2.5191,40.77,In Hand
256200,-7.6183,-4.5155,-3.0646,6.1527,3.9084,2.8550,40.53,In Hand
256250,-8.8131,-5.0422,-3.7493,24.2595,-30.2901,26.1069,40.72,In Hand
256300,-7.4867,-4.2186,-3.2298,21.8015,-45.8473,40.5649,40.67,In Hand
256350,-7.1922,-4.2641,-3.4357,19.1756,-54.9771,42.2290,40.67,In Hand
256400,-7.6040,-4.5897,-3.8499,17.7099,-62.6412,39.0687,40.58,In Hand
256450,-7.5250,-4.4819,-3.9337,14.2290,-61.9542,25.6031,40.67,In Hand
256500,-7.2281,-4.2497,-3.7876,2.7328,-54.7176,7.8779,40.67,In Hand
256550,-6.8738,-4.1707,-3.5458,-11.5725,-42.9160,-10.7328,40.86,In Hand
256600,-7.2736,-4.3455,-3.7876,-23.7863,-23.7405,-34.2748,40.72,In Hand
256650,-7.5346,-4.3574,-3.7302,-34.0611,-12.6870,-40.1679,40.77,In Hand
256700,-8.1403,-4.7333,-3.9193,-46.3359,6.7176,-44.0458,40.72,In Hand
256750,-10.6350,-5.7413,-4.9704,-43.5878,-13.1145,-14.7023,40.72,In Hand
256800,-7.3885,-3.6679,-3.3639,-59.7099,-13.7405,10.3511,40.58,In Hand
256850,-4.8267,-2.7126,-2.0806,-89.5115,17.3435,-4.6260,40.72,In Hand
256900,-5.3127,-3.8211,-2.1787,-96.2137,44.7634,-30.4733,40.67,In Hand
256950,-7.7692,-5.4947,-2.8036,-58.7023,29.8473,-35.7863,40.77,In Hand
257000,-7.5322,-5.0446,-2.6743,-9.5267,-7.4351,-13.1908,40.67,In Hand
257050,-7.1874,-4.5011,-2.8371,17.2366,-29.3435,3.4809,40.77,In Hand
257100,-6.6535,-3.8810,-3.1125,20.6870,-31.5420,17.7557,40.67,In Hand
257150,-6.1339,-3.8571,-2.6815,3.6641,1.7710,1.5267,40.95,In Hand
257200,-6.2608,-3.1819,-2.5019,-9.6336,28.0763,-16.2595,40.91,In Hand
257250,-6.9719,-3.9289,-2.9042,-18.9924,36.5191,-11.9695,40.91,In Hand
257300,-7.7333,-4.5657,-3.0909,-23.0229,37.0076,-8.3359,40.72,In Hand
257350,-7.7021,-4.6112,-3.0311,-21.2824,33.6489,-9.7252,40.72,In Hand
257400,-7.1922,-4.2569,-2.7174,-19.1145,31.7099,-12.9313,40.67,In Hand
257450,-7.3765,-4.4843,-2.9568,-16.3817,30.1679,-10.2595,40.58,In Hand
257500,-9.1339,-5.6743,-3.8954,-5.4962,20.9618,2.0763,40.58,In Hand
257550,-9.6031,-5.7557,-4.3814,12.1374,5.9389,22.0305,40.53,In Hand
257600,-9.7923,-5.8586,-4.5897,20.1374,-2.9618,40.5496,40.58,In Hand
257650,-8.0014,-4.7166,-3.7373,21.4504,-4.5496,50.0916,40.72,In Hand
257700,-6.3542,-4.0677,-2.6288,19.0229,7.9847,41.7710,40.86,In Hand
257750,-8.4851,-5.8873,-3.5674,48.9008,0.7023,16.1832,40.67,In Hand
257800,-9.4930,-6.0765,-4.5035,100.3053,-39.1603,10.8092,40.72,In Hand
257850,-8.5545,-4.6950,-4.5490,108.5191,-62.7634,26.5649,40.67,In Hand
257900,-7.8673,-3.8020,-4.2018,90.6107,-78.7786,44.4427,40.67,In Hand
257950,-6.7564,-3.1771,-3.7254,51.2672,-78.3053,57.8473,40.67,In Hand
258000,-6.5553,-3.4453,-3.6919,14.0458,-62.7328,48.8397,40.39,In Hand
258050,-6.8331,-4.1132,-4.0462,-7.5267,-45.8321,33.0382,40.67,In Hand
258100,-6.4739,-4.2425,-3.9073,-17.3893,-18.9160,8.3817,40.58,In Hand
258150,-6.3590,-4.0342,-3.7709,-25.6336,11.2824,-19.2061,40.44,In Hand
258200,-6.3063,-3.7421,-3.6990,-39.7863,41.0382,-32.0000,40.72,In Hand
258250,-6.6248,-4.0175,-3.5865,-53.4656,66.8550,-42.7023,40.72,In Hand
258300,-7.3263,-4.3646,-3.6488,-61.5267,85.7252,-51.2824,40.95,In Hand
258350,-8.7915,-5.1260,-4.0127,-66.0000,92.8702,-51.3588,40.67,In Hand
258400,-9.7731,-5.2601,-4.0175,-64.3511,74.9008,-30.5802,40.67,In Hand
258450,-8.9423,-4.4508,-3.4596,-75.9695,56.2901,3.3740,40.72,In Hand
258500,-8.7388,-4.5370,-3.2777,-89.9847,48.1221,16.4122,40.72,In Hand
258550,-8.6095,-5.1188,-3.2489,-89.4504,37.5420,27.0534,40.86,In Hand
258600,-8.1977,-5.2218,-2.7821,-74.8855,31.9084,22.2595,40.72,In Hand
258650,-7.2042,-5.0374,-2.3152,-48.6870,25.5725,4.9618,40.91,In Hand
258700,-8.0661,-5.5138,-2.3152,-1.2366,-8.1374,6.8855,40.72,In Hand
258750,-8.4922,-5.5665,-2.7174,49.8321,-47.7710,4.4427,40.77,In Hand
258800,-8.6646,-5.3582,-3.5434,84.0458,-73.8626,-1.2366,40.77,In Hand
258850,-8.0565,-4.8267,-3.9145,102.3817,-82.0458,-3.1145,40.67,In Hand
258900,-6.7756,-3.0191,-4.7525,112.9160,-73.2061,9.4198,40.67,In Hand
258950,-6.7373,-3.2633,-4.8578,121.2519,-36.5496,65.8321,40.77,In Hand
259000,-6.5481,-3.4429,-3.9959,104.3206,-15.8473,77.5420,40.72,In Hand
259050,-6.9504,-3.7661,-3.9313,78.7328,2.8244,85.8015,40.72,In Hand
259100,-7.6351,-4.8195,-4.0534,71.1145,23.8779,66.5038,40.77,In Hand
259150,-6.9623,-4.6735,-3.5602,81.7405,48.3969,23.5725,40.58,In Hand
259200,-7.0988,-4.4125,-3.2633,90.2595,71.5573,-20.5954,40.72,In Hand
259250,-7.8410,-4.5226,-3.3686,101.4962,73.3130,-44.0611,40.67,In Hand
259300,-7.3622,-3.8954,-3.2082,104.6870,69.2824,-41.7099,40.67,In Hand
259350,-6.9145,-3.3806,-3.0909,91.0534,75.4046,-17.9389,40.77,In Hand
259400,-7.1347,-3.7781,-3.2537,75.0687,86.5802,14.5954,40.86,In Hand
259450,-8.9567,-5.0685,-3.9265,80.7481,79.0229,43.8168,40.77,In Hand
259500,-8.4276,-4.6328,-3.7709,99.5420,53.7099,75.5725,40.91,In Hand
259550,-7.2209,-3.9816,-3.1508,96.9160,59.4351,84.7786,40.77,In Hand
259600,-7.8171,-4.4796,-3.2681,105.4809,48.7634,84.5496,40.77,In Hand
259650,-7.7357,-4.2593,-3.1819,114.1069,26.7328,93.4351,40.95,In Hand
259700,-8.1020,-4.3574,-3.4237,115.9084,2.8550,95.3740,40.67,In Hand
259750,-8.4922,-4.1922,-3.7972,99.8931,-13.6794,98.9008,40.72,In Hand
259800,-7.6088,-3.8451,-3.5578,66.8244,-7.3588,90.6260,40.58,In Hand
259850,-7.1611,-3.8882,-3.1388,36.4580,10.5954,62.6718,40.77,In Hand
259900,-7.7405,-4.7501,-3.4022,28.0000,17.7252,29.8321,40.67,In Hand
259950,-6.5912,-4.3886,-3.0694,34.6412,26.0000,-8.6870,40.58,In Hand
260000,-6.4979,-4.2593,-3.1556,42.0000,45.1756,-46.3969,40.67,In Hand
260050,-7.6207,-4.5681,-3.6296,46.4580,60.2290,-64.5802,40.67,In Hand
260100,-8.7340,-4.9033,-4.1252,47.1450,64.6412,-65.0076,40.44,In Hand
260150,-8.8202,-4.6974,-4.1803,42.1527,65.4809,-46.5191,40.77,In Hand
260200,-7.5513,-3.8451,-3.5267,26.1069,67.3282,-8.5802,40.72,In Hand
260250,-6.9911,-3.7493,-3.0239,6.3511,78.3664,31.0076,40.67,In Hand
260300,-8.4539,-4.9536,-3.0957,7.9084,68.1679,70.1221,40.72,In Hand
260350,-9.1985,-6.1746,-3.4022,41.8168,27.8626,92.2137,40.72,In Hand
260400,-7.7117,-5.5354,-2.9808,74.8092,7.0992,74.0305,40.91,In Hand
260450,-8.7245,-5.9472,-3.5913,104.8702,-25.2061,54.9160,40.86,In Hand
260500,-8.3917,-5.4636,-4.1420,122.6412,-54.0153,35.6947,40.72,In Hand
260550,-8.0158,-4.5466,-4.2808,110.2748,-48.1221,13.7710,40.72,In Hand
260600,-7.5896,-3.9672,-3.8475,81.4046,-35.5267,4.5954,40.72,In Hand
260650,-6.7995,-3.4357,-3.2346,47.4351,-15.5573,-10.7328,40.58,In Hand
260700,-7.0725,-3.5314,-2.8730,12.9771,3.4351,-21.6183,40.72,In Hand
260750,-7.2089,-3.9409,-2.8204,-9.0229,12.8244,-23.2672,40.44,In Hand
260800,-7.1587,-4.0151,-2.6624,-19.5114,17.8931,-24.6107,40.44,In Hand
260850,-8.5210,-4.9464,-3.1699,-19.3435,15.9389,-24.3969,40.77,In Hand
260900,-7.9847,-4.3359,-2.9401,-17.8779,7.3588,-9.6336,40.67,In Hand
260950,-7.1994,-3.9935,-2.5331,-27.8321,13.5725,-1.6641,41.05,In Hand
261000,-7.2257,-4.1803,-2.5929,-28.5649,16.5191,-4.9008,40.95,In Hand
261050,-7.8003,-4.4772,-2.7988,-20.8244,9.5267,-2.6260,40.86,In Hand
261100,-7.0198,-3.8068,-2.4493,-19.6641,7.0687,5.0534,40.58,In Hand
261150,-6.6846,-3.8882,-2.4565,-22.8855,15.3282,3.5725,40.91,In Hand
261200,-7.2281,-4.2186,-2.8443,-19.7405,16.8855,11.8473,40.58,In Hand
261250,-7.1778,-4.2401,-2.9928,-17.9695,22.7786,31.0229,40.91,In Hand
261300,-6.8139,-4.0247,-2.7390,-16.4275,36.1832,42.3206,40.67,In Hand
261350,-6.9168,-4.2114,-2.7845,-15.1145,49.0076,49.3740,40.72,In Hand
261400,-7.7189,-4.8363,-2.7940,-5.0534,63.9695,30.1221,40.67,In Hand
261450,-8.8801,-5.4779,-3.1556,18.0000,55.3588,24.5344,40.67,In Hand
261500,-8.2169,-5.3175,-3.6392,50.2901,38.4122,26.3206,40.67,In Hand
261550,-8.5928,-5.2241,-3.3184,74.5954,22.4886,18.6107,40.67,In Hand
261600,-7.9392,-4.9081,-3.0646,96.8397,-7.0840,23.8015,40.44,In Hand
261650,-7.3765,-4.4987,-3.2585,117.0534,-27.1450,20.6718,40.86,In Hand
261700,-7.6040,-4.2521,-3.6871,121.3130,-38.6107,11.8473,40.67,In Hand
261750,-7.1371,-3.5745,-3.7086,101.3740,-30.0611,10.6107,40.86,In Hand
261800,-7.2329,-3.3686,-3.7326,60.4275,2.0763,3.8779,40.58,In Hand
261850,-7.4843,-3.5698,-3.3303,20.1985,24.9618,10.7023,40.72,In Hand
261900,-7.1491,-4.1204,-2.9353,2.4122,37.7863,6.5038,40.58,In Hand
261950,-7.5298,-4.6040,-2.9329,9.0840,37.1298,-7.4656,40.67,In Hand
262000,-7.1587,-4.4580,-2.6576,26.2443,28.7481,-22.6412,40.34,In Hand
262050,-7.3646,-4.1922,-2.7605,39.0534,17.7099,-32.0611,40.58,In Hand
262100,-7.9057,-4.0701,-2.9760,36.6412,3.6489,-23.8779,40.67,In Hand
262150,-9.7540,-4.7070,-4.2641,30.2290,-29.2366,2.0763,40.86,In Hand
262200,-8.6024,-3.9600,-4.2377,-6.5038,-33.0382,35.1450,40.67,In Hand
262250,-6.1723,-3.2465,-3.1173,-48.0458,0.6565,30.2137,40.67,In Hand
262300,-7.7452,-4.8578,-3.9720,-65.0992,27.8931,21.3282,40.58,In Hand
262350,-9.0644,-6.3542,-4.4796,-37.0534,29.0076,1.0687,40.77,In Hand
262400,-7.6399,-5.2888,-3.9049,2.7023,30.0000,-16.3511,40.72,In Hand
262450,-7.4005,-4.5538,-3.7589,30.0153,20.9618,-1.6336,40.72,In Hand
262500,-6.3087,-3.1723,-3.2441,32.7328,4.7176,37.4046,40.72,In Hand
262550,-6.3087,-2.5259,-3.0335,-3.4046,-0.9160,69.3588,40.44,In Hand
262600,-6.9504,-3.2394,-3.5075,-45.8321,-2.7939,68.6565,40.58,In Hand
262650,-6.7900,-3.8379,-4.0462,-77.6641,6.3511,56.9771,40.67,In Hand
262700,-7.4627,-5.0542,-4.2377,-85.2672,17.1908,25.8931,40.72,In Hand
262750,-7.6183,-5.4013,-3.9265,-66.4427,15.6641,-4.7634,40.53,In Hand
262800,-7.7189,-5.5569,-4.0462,-38.6870,13.0687,-37.5725,40.67,In Hand
262850,-8.4539,-5.7006,-5.2481,-3.9084,14.6718,-82.7939,40.58,In Hand
262900,-7.3478,-4.2473,-4.3383,-5.4809,33.7863,-113.5573,40.72,In Hand
262950,-8.9974,-4.3862,-4.7525,-26.2748,36.7023,-120.4427,40.72,In Hand
263000,-10.8074,-4.9416,-5.4372,-54.0000,8.2290,-79.3740,40.86,In Hand
263050,-8.0996,-3.6057,-4.2018,-83.4504,-17.3435,-37.4809,40.44,In Hand
263100,-6.1411,-3.0430,-3.2681,-117.1298,-8.1832,-20.0305,40.58,In Hand
263150,-5.5019,-3.8211,-2.8611,-115.8168,10.0611,-24.7328,40.77,In Hand
263200,-5.2577,-4.2760,-2.2601,-78.4580,18.5344,-46.4122,40.91,In Hand
263250,-8.2672,-5.9113,-3.1891,-14.9008,-23.2061,-20.2137,40.58,In Hand
263300,-7.7333,-5.2744,-3.6416,55.6641,-89.6489,31.1756,40.44,In Hand
263350,-7.5968,-5.1715,-4.6040,95.2366,-113.8931,48.3969,40.58,In Hand
263400,-7.1635,-4.8435,-5.4755,111.0076,-98.0916,46.9771,40.44,In Hand
263450,-5.1332,-3.0023,-4.2617,101.1603,-50.0000,39.7252,40.91,In Hand
263500,-5.3199,-3.0263,-3.9289,75.5420,0.0000,20.0916,40.91,In Hand
263550,-6.6487,-3.6895,-3.5506,58.3817,24.6565,20.6718,40.67,In Hand
263600,-6.7325,-3.7230,-3.0574,47.7252,38.9466,16.8855,40.95,In Hand
263650,-7.2353,-4.1444,-3.1436,36.1832,52.8855,11.2824,40.67,In Hand
263700,-7.4771,-4.6567,-3.3495,34.5954,69.1450,-4.0916,40.72,In Hand
263750,-7.2592,-4.7764,-3.5817,39.2977,95.7863,-20.6107,40.91,In Hand
263800,-10.5010,-6.7469,-4.9536,68.1527,95.7557,-18.1985,40.58,In Hand
263850,-9.5816,-5.3343,-4.7501,97.2977,71.5725,23.2366,40.72,In Hand
263900,-7.4460,-3.6368,-3.4740,94.7634,68.2595,54.9924,40.44,In Hand
263950,-6.0334,-2.5163,-2.3343,72.7481,60.1374,96.1679,40.67,In Hand
264000,-6.7205,-3.1843,-2.2913,49.8168,48.2595,135.5573,40.67,In Hand
264050,-8.8226,-5.2888,-3.0526,59.8321,13.0992,150.5649,40.44,In Hand
264100,-9.4451,-5.7820,-3.8307,73.9237,-13.4809,139.8779,40.58,In Hand
264150,-8.5736,-4.6448,-3.3662,59.7405,-6.3664,105.2672,40.58,In Hand
264200,-8.5760,-4.4149,-3.0813,29.6794,-2.9466,76.3053,40.67,In Hand
264250,-8.0948,-4.4125,-2.8108,9.4656,-4.3817,36.0916,40.53,In Hand
264300,-8.0373,-4.6495,-2.6121,1.8779,-6.0153,-14.9771,40.77,In Hand
264350,-8.0493,-4.8507,-2.6887,4.9008,-4.7176,-65.3740,40.95,In Hand
264400,-8.7101,-4.7214,-2.6336,11.2366,-7.7099,-108.1832,40.44,In Hand
264450,-7.9655,-4.1084,-2.6456,12.4275,-17.0534,-116.1069,40.53,In Hand
264500,-8.0469,-4.1180,-2.9329,9.8779,-26.7786,-88.0611,40.77,In Hand
264550,-8.6694,-4.6735,-3.4692,11.3893,-35.2672,-60.8550,40.86,In Hand
264600,-9.0166,-4.4819,-3.8331,14.6870,-57.7557,-36.5191,40.67,In Hand
264650,-8.2504,-4.1348,-3.8762,-4.1069,-43.1145,-27.0534,40.58,In Hand
264700,-7.7979,-4.2258,-3.6919,-26.3359,-7.1603,-33.4046,40.58,In Hand
264750,-6.5553,-3.7589,-2.8060,-47.5420,35.2061,-40.7176,40.44,In Hand
264800,-7.8219,-4.8674,-2.9521,-41.5420,46.9924,-44.6412,40.67,In Hand
264850,-7.9727,-4.5346,-2.8467,-8.8397,9.6794,-12.3511,40.67,In Hand
264900,-7.3047,-3.9744,-2.5019,1.2366,-13.9695,32.5954,40.72,In Hand
264950,-7.7141,-4.7836,-2.8371,15.6489,-30.6260,52.3969,40.86,In Hand
265000,-6.6726,-4.1061,-2.6288,33.2366,-34.8244,56.3359,40.58,In Hand
265050,-6.6655,-4.0007,-2.5498,30.0305,-19.8321,57.7863,40.58,In Hand
265100,-6.6918,-3.9361,-2.4852,29.6794,-5.4351,43.4504,40.53,In Hand
265150,-6.6559,-3.7996,-2.4541,20.4275,14.4275,28.8702,40.67,In Hand
265200,-8.4683,-5.5569,-2.9736,19.8168,32.9466,5.1450,40.72,In Hand
265250,-6.6966,-3.8810,-1.7382,23.4046,41.2214,-32.8702,40.77,In Hand
265300,-6.8187,-3.6512,-1.7454,3.2824,39.4809,-10.5954,40.72,In Hand
265350,-7.2832,-4.2856,-1.9680,-16.1985,31.3435,19.2977,40.77,In Hand
265400,-7.6016,-5.3893,-2.7916,-22.7328,56.7328,-7.2672,40.58,In Hand
265450,-9.3565,-6.0861,-3.0837,-6.6260,67.4657,-36.4580,40.86,In Hand
265500,-8.8801,-4.7549,-2.7270,15.3740,10.2748,26.1832,40.44,In Hand
265550,-7.9655,-4.5250,-2.4229,-8.5344,7.9847,55.5878,40.67,In Hand
265600,-7.8745,-5.2122,-2.5355,-5.7557,-3.8321,47.9542,40.39,In Hand
265650,-8.0924,-5.7245,-2.8012,19.9237,-3.4656,-4.8397,40.67,In Hand
265700,-8.1139,-4.5729,-2.8180,32.3359,-18.4886,-17.9084,40.67,In Hand
265750,-7.5106,-3.7110,-2.5211,13.9847,-31.2519,5.7252,40.67,In Hand
265800,-7.1156,-4.0390,-2.5402,-9.8321,-33.7557,19.4351,40.67,In Hand
265850,-6.7971,-4.1156,-2.3296,-22.1221,-28.9466,10.3817,40.67,In Hand
265900,-6.7876,-4.0606,-2.1572,-31.0687,-18.1374,0.0611,40.58,In Hand
265950,-7.5226,-4.7118,-2.3846,-39.1756,-8.1832,-12.4275,40.58,In Hand
266000,-7.7548,-4.9129,-2.3846,-38.0153,2.2748,-40.4885,40.67,In Hand
266050,-7.9320,-4.7285,-2.1308,-37.3282,1.5725,-55.2824,40.72,In Hand
266100,-7.5705,-4.2784,-2.1979,-35.1603,-10.5496,-47.6336,40.58,In Hand
266150,-7.6399,-4.5945,-2.5498,-33.3435,-12.9160,-36.5191,40.77,In Hand
266200,-9.0166,-5.5258,-3.3016,-14.0611,-21.8015,-32.7481,40.53,In Hand
266250,-8.5617,-4.6998,-3.4907,1.3893,-47.6641,-4.1527,40.67,In Hand
266300,-7.8051,-4.3215,-3.2441,-18.8092,-38.1832,23.1450,40.91,In Hand
266350,-5.5952,-3.6559,-2.2410,-21.7557,-28.1374,32.0763,40.72,In Hand
266400,-6.1651,-4.7621,-2.4900,-16.7023,3.0076,13.9542,40.67,In Hand
266450,-7.0198,-4.6304,-2.5498,13.2519,-7.4046,6.5496,40.77,In Hand
266500,-6.7181,-3.4716,-2.3080,7.0687,-17.5725,36.7023,40.67,In Hand
266550,-6.7540,-4.1061,-2.3439,-10.2290,-16.7786,46.6260,40.58,In Hand
266600,-6.6104,-4.1970,-2.5211,-15.9084,-10.7634,35.1603,40.86,In Hand
266650,-6.6439,-4.4077,-2.7007,-19.6183,5.3435,16.9618,40.67,In Hand
266700,-6.6942,-4.4772,-2.7414,-17.9847,19.3435,-4.7634,40.39,In Hand
266750,-6.9815,-4.8459,-3.3327,-19.8626,31.6031,-19.4198,40.67,In Hand
266800,-6.1100,-4.5203,-3.2872,-22.9008,60.6565,-51.4656,40.67,In Hand
266850,-8.1618,-5.1356,-3.6344,-29.1145,85.0687,-76.2595,40.67,In Hand
266900,-8.5521,-4.7453,-3.5027,-30.0153,79.3282,-70.4122,40.91,In Hand
266950,-8.1977,-4.6878,-3.2250,-41.4962,68.8550,-51.1298,40.91,In Hand
267000,-8.5856,-5.0254,-3.2777,-41.4809,52.2901,-36.6107,40.44,In Hand
267050,-9.9671,-5.8275,-3.6057,-36.6412,19.7099,-7.0229,40.77,In Hand
267100,-10.7691,-6.1028,-4.4484,-16.8855,-42.3664,45.6183,40.72,In Hand
267150,-8.2265,-5.0230,-3.5865,-16.6718,-61.3282,62.2901,40.53,In Hand
267200,-6.3925,-4.4412,-2.8922,-12.0000,-48.6412,30.8550,40.39,In Hand
267250,-7.0820,-5.0589,-3.1963,-5.4809,-34.6870,0.6412,40.67,In Hand
267300,-9.5146,-6.3614,-4.4317,17.4198,-43.0076,-14.5191,40.67,In Hand
267350,-9.0692,-5.6024,-4.2114,37.4198,-52.8855,-23.9237,40.58,In Hand
267400,-8.7173,-5.2672,-4.2497,51.1450,-64.9008,-20.5649,40.77,In Hand
267450,-7.3837,-4.6974,-3.7852,56.7176,-77.0992,-11.4351,40.67,In Hand
267500,-7.4723,-4.0965,-3.6871,49.0534,-68.6870,-6.4885,40.58,In Hand
267550,-7.5274,-4.7429,-3.7996,33.5267,-43.6336,10.1679,40.72,In Hand
267600,-6.9432,-4.7094,-3.1915,42.1985,-25.0992,-0.9924,40.67,In Hand
267650,-6.9025,-4.3191,-3.0311,47.1450,-9.8168,-15.0687,40.77,In Hand
267700,-8.3653,-4.6112,-3.3351,42.8550,1.6183,-22.2290,40.67,In Hand
267750,-6.9121,-3.5051,-2.4445,29.9542,1.1756,-5.8779,40.67,In Hand
267800,-6.8785,-3.3160,-2.2362,6.8397,9.5115,-8.1832,40.67,In Hand
267850,-7.9751,-3.4884,-2.5977,-29.1603,6.8092,17.6336,40.72,In Hand
267900,-8.9711,-4.2856,-3.1101,-55.4046,-12.0763,60.0000,40.67,In Hand
267950,-8.3725,-4.0055,-3.0550,-82.1374,-15.7099,74.0611,40.67,In Hand
268000,-7.8243,-3.9121,-2.8204,-115.0687,-4.2748,58.3359,40.44,In Hand
268050,-7.0964,-4.2401,-2.7797,-127.0534,5.3130,25.8779,40.67,In Hand
268100,-7.0030,-4.2090,-2.7869,-132.9924,23.7405,-15.6794,40.44,In Hand
268150,-8.3534,-4.9895,-3.3064,-130.8855,21.1603,-32.7481,40.58,In Hand
268200,-8.5712,-5.0733,-3.2034,-117.6183,1.4962,-30.8092,40.67,In Hand
268250,-7.5848,-4.6783,-2.9521,-101.9847,-13.4809,-34.0763,40.53,In Hand
268300,-6.9887,-4.2928,-2.8659,-86.5038,-17.6489,-49.2519,40.58,In Hand
268350,-6.3351,-3.8738,-2.7390,-80.1832,-4.7023,-69.5878,40.67,In Hand
268400,-6.5098,-3.6847,-2.6983,-81.1603,7.0382,-75.9084,40.95,In Hand
268450,-7.0198,-4.0175,-2.7892,-84.4733,7.6031,-57.8168,40.72,In Hand
268500,-7.3287,-4.1755,-2.9305,-88.3969,3.0687,-40.7481,40.67,In Hand
268550,-7.8673,-4.6831,-3.1364,-81.4809,-1.1450,-35.6947,40.77,In Hand
268600,-7.2089,-4.4293,-2.9999,-74.8092,2.7786,-38.9008,40.72,In Hand
268650,-8.0852,-4.9225,-3.3327,-67.6947,10.4122,-47.1756,40.95,In Hand
268700,-7.9799,-4.8483,-3.1915,-60.0153,11.6641,-40.9466,40.72,In Hand
268750,-8.3438,-5.0589,-3.0167,-49.3740,9.3130,-47.4962,40.67,In Hand
268800,-9.0812,-5.2912,-3.1556,-32.5802,-14.1221,-38.6565,40.72,In Hand
268850,-9.3565,-5.4372,-3.4309,-18.3817,-35.8931,-31.5267,40.67,In Hand
268900,-8.3342,-4.7262,-3.0430,-6.3053,-54.1527,-40.2748,40.77,In Hand
268950,-7.1539,-4.2737,-3.0670,2.7786,-61.0076,-52.2595,40.67,In Hand
269000,-7.0270,-4.1875,-3.6703,6.1527,-49.8626,-55.6336,40.72,In Hand
269050,-8.0110,-4.6759,-4.3287,7.7557,-32.0305,-53.4198,40.58,In Hand
269100,-7.7812,-4.1539,-3.8331,-0.4580,-21.4351,-27.5573,40.67,In Hand
269150,-7.1850,-4.0342,-3.1484,-11.5725,-19.2824,0.4885,40.95,In Hand
269200,-8.0469,-4.7381,-3.4548,-9.7557,-33.8779,22.3664,40.58,In Hand
269250,-7.4460,-4.6783,-3.3112,-3.0992,-43.1603,41.5420,40.39,In Hand
269300,-9.0070,-6.2800,-4.0701,16.1832,-39.5878,32.6412,40.77,In Hand
269350,-7.1108,-4.8578,-3.0861,33.7252,-34.9008,-0.5649,40.72,In Hand
269400,-6.9767,-4.2737,-3.2489,29.1603,-27.2214,-6.9771,40.72,In Hand
269450,-8.5377,-4.9608,-3.7852,23.3130,-25.6031,-1.3893,40.67,In Hand
269500,-6.6655,-3.4788,-3.0598,2.7176,-14.7786,10.6412,40.86,In Hand
269550,-7.8506,-4.3862,-4.1084,-35.0229,12.7481,15.8931,40.39,In Hand
269600,-5.8969,-3.2753,-3.1196,-51.6641,20.6565,8.9771,40.53,In Hand
269650,-6.8283,-3.9983,-3.5051,-69.3893,25.2519,9.9084,40.67,In Hand
269700,-8.1116,-4.8937,-4.1132,-63.8168,3.9542,23.6336,40.53,In Hand
269750,-8.2504,-5.4229,-4.5562,-49.8473,-4.4580,20.5954,40.91,In Hand
269800,-9.2991,-6.7995,-5.7126,-20.4886,-17.0076,5.2214,40.72,In Hand
269850,-3.6081,-2.8778,-3.1915,-29.1756,31.4809,-28.2748,40.53,In Hand
269900,-7.5274,-5.1068,-4.5250,-40.0000,61.8473,-66.6412,40.77,In Hand
269950,-9.5146,-5.3295,-5.1260,-46.5802,50.0458,-52.5649,40.77,In Hand
270000,-6.0262,-3.3878,-3.3495,-64.3817,50.3969,-42.3969,40.67,In Hand
270050,-6.7373,-4.3455,-3.4381,-70.6107,51.6031,-49.7863,40.67,In Hand
270100,-8.3941,-4.9799,-3.4069,-70.1985,23.4962,-49.3740,40.72,In Hand
270150,-7.3287,-4.3934,-3.4261,-29.1450,-1.6336,-51.1603,40.77,In Hand
270200,-7.2113,-4.3048,-3.4884,-17.0076,-22.5038,-45.8168,40.86,In Hand
270250,-7.0174,-3.9840,-3.6823,-3.8473,-47.5420,-33.0076,40.86,In Hand
270300,-7.1778,-4.0797,-3.8762,5.3282,-58.0458,-29.7405,40.44,In Hand
270350,-7.2425,-3.6919,-4.0725,4.8855,-65.2672,-17.5725,40.67,In Hand
270400,-7.6375,-4.2593,-4.1683,0.8855,-67.8321,1.6336,40.53,In Hand
270450,-10.1825,-6.4069,-5.3247,20.5038,-85.5115,31.3588,40.67,In Hand
270500,-7.4555,-5.5474,-4.1468,39.1298,-69.6794,13.2214,40.91,In Hand
270550,-7.9607,-4.9392,-4.4341,67.3588,-59.8626,-24.4886,40.44,In Hand
270600,-7.2065,-3.4381,-3.8810,60.8855,-56.5649,-6.1985,40.72,In Hand
270650,-6.8761,-3.0287,-3.2896,32.2443,-53.2824,26.3664,40.67,In Hand
270700,-7.2449,-2.9999,-3.2226,-6.7176,-45.9542,57.2214,40.58,In Hand
270750,-7.5298,-3.4500,-3.2226,-40.4580,-50.4275,78.8855,40.67,In Hand
270800,-6.9504,-3.5123,-3.2082,-57.9389,-46.8092,60.8397,40.39,In Hand
270850,-7.3430,-3.9576,-3.3662,-68.5954,-39.9695,26.6718,40.53,In Hand
270900,-6.2225,-3.1795,-3.1268,-78.1985,-33.2977,-4.8397,40.67,In Hand
270950,-6.3518,-3.1388,-3.4884,-105.0382,-7.5573,-25.8931,40.72,In Hand
271000,-6.8570,-3.5338,-3.7589,-144.3053,29.4198,-26.9924,40.67,In Hand
271050,-6.8474,-4.0725,-3.7421,-166.9771,58.7634,-31.1908,40.67,In Hand
271100,-7.9966,-5.1116,-4.0007,-169.8473,76.1985,-40.3817,40.67,In Hand
271150,-8.7795,-5.6383,-3.9097,-158.5954,75.3435,-42.1527,40.58,In Hand
271200,-8.9615,-5.9640,-3.5961,-137.3130,69.8473,-50.1679,40.44,In Hand
271250,-8.3749,-5.4588,-3.0143,-105.7405,48.3664,-49.8168,40.72,In Hand
271300,-8.5617,-5.7700,-3.0526,-68.1985,29.0992,-58.9313,40.72,In Hand
271350,-7.9033,-4.3215,-2.7222,-36.8092,10.6565,-69.0229,40.67,In Hand
271400,-7.5130,-4.7501,-2.8443,-14.5191,-0.0458,-76.9313,40.72,In Hand
271450,-7.9751,-4.7381,-3.2657,3.6947,-10.0153,-74.0916,40.67,In Hand
271500,-7.2401,-4.1875,-3.2034,14.3206,-12.4733,-66.4427,40.67,In Hand
271550,-7.2353,-4.2090,-3.4333,14.1679,-2.9160,-59.1908,40.72,In Hand
271600,-9.6750,-5.3630,-4.3144,21.0992,-12.2595,-33.1603,40.58,In Hand
271650,-7.6854,-4.3718,-3.4500,28.0458,-21.2214,-1.1756,40.72,In Hand
271700,-7.2353,-4.1587,-3.2274,24.9313,-15.4809,24.2290,40.58,In Hand
271750,-9.2775,-5.6527,-3.8044,22.5038,-32.1832,96.4733,40.77,In Hand
271800,-8.6072,-6.2513,-3.7278,53.1603,-57.9695,129.0840,40.67,In Hand
271850,-8.0014,-5.7533,-3.5578,66.8702,-36.8092,118.6870,40.77,In Hand
271900,-9.6510,-6.5960,-4.0773,82.2443,-38.7634,97.3740,40.67,In Hand
271950,-7.7835,-5.2696,-3.3926,86.3206,-32.4427,63.1145,40.67,In Hand
272000,-9.3709,-5.7197,-3.7541,77.8931,-21.0534,27.8015,40.77,In Hand
272050,-9.3733,-5.2433,-3.6176,82.8244,-43.0687,6.6412,40.72,In Hand
272100,-8.0589,-4.3551,-2.9401,56.0305,-27.0382,4.1069,40.95,In Hand
272150,-8.2887,-4.7453,-2.7988,50.4427,-22.3511,-21.8626,40.58,In Hand
272200,-7.9511,-4.0917,-2.3343,37.4656,-10.8550,-54.5954,40.72,In Hand
272250,-7.5154,-3.6272,-1.9154,17.1908,-2.8702,-77.2977,40.53,In Hand
272300,-6.8211,-3.0646,-1.6688,-6.5496,2.5038,-83.8931,40.34,In Hand
272350,-6.5290,-3.0574,-2.1237,-34.0916,9.3282,-65.9695,40.72,In Hand
272400,-5.9256,-2.9808,-2.0375,-56.7176,20.1985,-35.5420,40.77,In Hand
272450,-5.8682,-3.4189,-2.2386,-64.6107,30.9008,-18.9466,40.67,In Hand
272500,-7.2616,-4.5873,-2.8802,-60.5344,39.6794,-2.7939,40.67,In Hand
272550,-7.6854,-5.1475,-2.8443,-19.3893,19.1450,3.0840,40.44,In Hand
272600,-8.7580,-5.0230,-3.2633,-3.0382,13.4351,28.0000,40.67,In Hand
272650,-9.6726,-5.4348,-3.6081,-0.5496,9.7405,33.7252,40.67,In Hand
272700,-8.2815,-4.7333,-3.1891,-16.8702,43.5420,7.8931,40.58,In Hand
272750,-8.0732,-4.8698,-2.5450,-13.2061,52.4733,-10.1069,40.72,In Hand
272800,-7.5465,-4.1946,-2.1572,5.0382,26.0458,-6.1069,40.67,In Hand
272850,-7.7644,-3.9911,-2.3631,10.7176,-11.0534,21.3740,40.67,In Hand
272900,-8.0397,-4.0270,-2.9568,13.7710,-46.0458,34.8855,40.53,In Hand
272950,-7.0413,-3.8331,-2.9616,7.9695,-54.5954,23.2977,40.72,In Hand
273000,-6.9815,-3.7014,-3.2058,2.5496,-56.3817,6.8550,40.67,In Hand
273050,-6.6415,-3.2513,-3.1484,-7.2977,-58.7328,-0.0611,40.58,In Hand
273100,-7.8697,-4.4077,-4.1276,-30.2901,-40.5191,-16.9160,40.77,In Hand
273150,-7.3622,-4.3574,-4.0462,-49.2214,13.2672,-50.3359,40.53,In Hand
273200,-8.2791,-4.9440,-3.6607,-56.5802,47.4809,-55.8473,40.72,In Hand
273250,-8.2504,-4.9728,-3.1340,-46.2290,58.8702,-62.4275,40.67,In Hand
273300,-7.8243,-4.9249,-2.2505,-36.9313,56.6412,-47.7557,40.58,In Hand
273350,-7.8769,-5.2960,-1.9010,5.3893,19.1603,-30.0458,40.67,In Hand
273400,-8.1954,-4.5226,-2.5809,42.0153,-42.4122,30.4733,40.53,In Hand
273450,-7.7835,-4.5107,-3.0933,44.5496,-60.9008,60.6718,40.44,In Hand
273500,-6.6295,-4.1228,-2.7940,29.4656,-28.1832,50.6565,40.67,In Hand
273550,-7.3981,-4.4963,-2.8180,23.1450,-2.7481,48.0763,40.72,In Hand
273600,-8.1834,-4.6807,-2.7126,28.8397,-9.0992,57.1298,40.72,In Hand
273650,-7.5800,-3.9025,-2.3463,18.5344,-16.2443,77.8168,40.58,In Hand
273700,-8.1163,-5.5881,-2.5019,24.4580,-16.8702,42.3969,40.67,In Hand
273750,-6.5386,-3.7828,-1.8771,22.1221,-4.5344,10.3053,40.72,In Hand
273800,-7.1706,-4.0893,-1.7095,9.8321,-7.1908,20.9771,40.39,In Hand
273850,-6.6319,-3.7972,-1.4293,-6.7328,10.0611,7.4962,40.67,In Hand
273900,-8.2241,-4.9368,-2.0806,-14.9924,21.8626,-17.2672,40.39,In Hand
273950,-8.2959,-4.7692,-1.9800,-22.8244,36.5344,-45.7557,40.86,In Hand
274000,-9.2225,-5.2912,-2.4301,-24.7328,38.5954,-61.4351,40.67,In Hand
274050,-8.8370,-4.9799,-2.2841,-18.5649,23.8473,-48.1985,40.72,In Hand
274100,-9.4020,-5.1356,-2.5786,2.7481,-4.5191,-59.1450,40.58,In Hand
274150,-7.6423,-3.5099,-2.7557,-5.7710,-35.8626,0.6565,40.67,In Hand
274200,-7.9679,-4.7549,-3.4477,-25.7405,-30.2137,8.7939,40.77,In Hand
274250,-6.7253,-4.2689,-3.1244,-25.7710,-9.5725,5.9542,40.72,In Hand
274300,-6.2944,-4.4772,-2.6935,-17.1756,11.7557,7.5878,40.67,In Hand
274350,-6.3758,-3.7278,-2.5905,-0.4733,9.0992,29.4656,40.53,In Hand
274400,-6.8091,-3.9792,-2.6911,-3.8626,4.0458,51.8931,40.58,In Hand
274450,-6.1962,-4.0965,-2.2601,10.7176,-8.3969,43.6947,40.72,In Hand
274500,-5.6719,-3.6320,-2.1931,18.5649,-5.8321,4.6565,40.72,In Hand
274550,-6.3279,-3.4979,-2.4014,11.7863,-5.4962,-16.6870,40.86,In Hand
274600,-6.3398,-3.4213,-2.4708,-10.8244,-0.4733,-32.1527,40.34,In Hand
274650,-6.9360,-3.6631,-2.5642,-34.2748,13.4809,-59.1450,40.58,In Hand
274700,-8.0661,-4.5394,-2.9377,-55.7710,18.6412,-62.7328,40.67,In Hand
274750,-8.3534,-4.8937,-2.8419,-58.7023,17.8321,-66.2443,40.58,In Hand
274800,-7.7668,-4.4676,-2.3535,-69.1908,20.8092,-60.2443,40.95,In Hand
274850,-8.8322,-5.3726,-2.6887,-59.8473,-6.3969,-30.1832,40.44,In Hand
274900,-8.1163,-5.2122,-3.0239,-30.8092,-62.7023,21.9695,40.67,In Hand
274950,-7.6279,-5.0111,-3.4524,-12.3511,-95.1603,58.0916,40.77,In Hand
275000,-7.5393,-5.7581,-4.1755,-10.2595,-91.1908,70.8397,40.72,In Hand
275050,-7.0509,-6.0071,-4.2497,4.1527,-53.6336,39.1450,40.53,In Hand
275100,-8.4659,-6.0717,-4.5490,9.4504,-8.3359,-2.0916,40.77,In Hand
275150,-8.0038,-4.4436,-3.7445,-20.8092,46.7176,-14.4122,40.72,In Hand
275200,-6.6343,-3.7541,-3.0239,-59.6947,82.6870,-6.7634,40.77,In Hand
275250,-9.7564,-5.9975,-4.0151,-54.3817,82.0000,-32.0305,40.53,In Hand
275300,-7.6519,-4.5346,-2.8371,-48.5038,75.0382,-39.0840,40.67,In Hand
275350,-7.0102,-4.5921,-2.5786,-43.8931,70.5496,-52.6260,40.58,In Hand
275400,-9.0860,-5.6479,-3.3615,-24.1221,53.1756,-60.4122,40.72,In Hand
275450,-8.9998,-5.4588,-3.3351,2.6107,18.2137,-38.3359,40.58,In Hand
275500,-10.2879,-5.8203,-4.3144,18.1679,-10.1985,-17.0992,40.77,In Hand
275550,-8.1930,-3.7948,-3.2753,10.8092,-25.5725,-27.4962,40.67,In Hand
275600,-10.2639,-4.9344,-4.1994,-2.3511,-70.2137,-5.4351,40.77,In Hand
275650,-8.9663,-4.3838,-4.4125,-7.6947,-112.8244,46.0916,40.44,In Hand
275700,-6.8761,-4.0247,-3.9169,-19.3282,-98.9618,35.4504,40.25,In Hand
275750,-5.0518,-3.3423,-2.8874,-26.5191,-53.6031,4.3969,40.72,In Hand
275800,-6.4236,-4.3455,-2.9640,-17.0992,-31.5267,-4.3359,40.72,In Hand
275850,-8.5497,-5.5809,-3.8164,27.2061,-68.1374,31.8168,40.53,In Hand
275900,-6.4045,-4.9273,-3.6296,68.8702,-79.9542,42.8702,40.72,In Hand
275950,-6.6343,-4.4700,-3.8882,100.5038,-70.0000,23.9237,40.86,In Hand
276000,-5.9879,-3.6344,-3.4261,101.9542,-58.4885,25.2366,40.44,In Hand
276050,-4.7118,-2.1572,-2.7821,76.1374,-28.9771,12.4122,40.77,In Hand
276100,-5.4995,-2.5187,-2.8970,37.4656,-0.5954,4.6718,40.91,In Hand
276150,-5.6360,-2.5977,-2.9353,1.8321,34.0153,-25.1145,40.58,In Hand
276200,-7.2664,-3.6129,-3.5985,-37.3740,75.6489,-62.3664,40.67,In Hand
276250,-8.5856,-4.5825,-3.8714,-74.6412,102.3817,-80.3053,40.44,In Hand
276300,-10.1514,-5.4947,-4.3766,-99.0382,111.4809,-91.3282,40.72,In Hand
276350,-13.3501,-7.4029,-5.1643,-88.9466,54.5496,-21.0382,40.58,In Hand
276400,-8.3558,-5.2672,-3.8211,-118.0153,42.4427,-5.0076,40.58,In Hand
276450,-6.6104,-4.7046,-2.9066,-117.5573,64.1069,-46.9924,40.77,In Hand
276500,-8.3869,-5.7126,-3.3639,-90.6107,59.4198,-57.9389,40.58,In Hand
276550,-8.9328,-5.4827,-3.5291,-51.3740,18.1221,-18.3206,40.72,In Hand
276600,-6.9073,-3.7278,-2.8108,-48.1374,6.1679,25.3282,40.58,In Hand
276650,-7.8003,-4.5490,-3.2082,-49.5725,3.0076,54.1985,40.67,In Hand
276700,-8.2815,-5.2960,-3.3782,-21.7557,-16.4275,73.8015,40.67,In Hand
276750,-8.2552,-5.5115,-3.1675,14.1832,-36.2595,72.2443,40.58,In Hand
276800,-7.9775,-5.2170,-3.0143,46.8702,-60.8397,63.4351,40.44,In Hand
276850,-8.6167,-5.5713,-3.5362,66.0611,-70.0153,38.0763,40.77,In Hand
276900,-10.9176,-6.5242,-4.7980,89.6489,-94.0916,5.5115,40.39,In Hand
276950,-8.8370,-4.7501,-4.1492,82.2443,-94.0153,-12.1069,40.67,In Hand
277000,-10.5249,-5.6168,-4.7405,68.7939,-82.1985,-41.0992,40.53,In Hand
277050,-12.4427,-5.9759,-5.5929,55.4656,-90.6565,-25.9847,40.67,In Hand
277100,-7.8841,-4.1420,-3.2489,30.9466,-76.1527,-10.8855,40.53,In Hand
277150,-5.2912,-3.0981,-2.3703,25.9389,-45.2824,-51.3740,40.58,In Hand
277200,-5.7102,-3.3782,-2.4301,24.3511,-9.3130,-75.9695,40.72,In Hand
277250,-8.1523,-4.7118,-3.3686,42.6565,-21.7710,-40.5038,40.67,In Hand
277300,-5.1092,-2.6288,-2.3391,55.9847,-38.5802,9.0229,40.72,In Hand
277350,-4.9057,-2.6073,-1.9752,28.8092,1.2977,25.9237,40.72,In Hand
277400,-5.9065,-3.3830,-2.0351,20.6107,17.8321,27.0382,40.72,In Hand
277450,-5.4444,-2.9544,-1.7909,12.3969,31.5725,20.7634,40.39,In Hand
277500,-6.3734,-3.3303,-1.9465,2.3664,39.7099,12.0305,40.53,In Hand
277550,-6.4524,-3.1412,-1.8914,-15.3893,51.3282,-9.7557,40.67,In Hand
277600,-7.3574,-3.6057,-2.1596,-47.5267,72.2137,-27.8473,40.39,In Hand
277650,-8.3917,-4.5610,-2.6145,-65.4198,78.4427,-38.9771,40.77,In Hand
277700,-9.1722,-4.5969,-2.8084,-92.1374,98.3053,-59.7405,40.39,In Hand
277750,-10.1466,-5.2768,-3.1484,-125.5725,96.9008,-50.8550,40.67,In Hand
277800,-10.2280,-5.9233,-3.0765,-110.9466,33.3435,-6.5954,40.58,In Hand
277850,-8.8945,-5.0326,-3.2226,-92.0763,-20.3053,50.8092,40.72,In Hand
277900,-7.6471,-5.2098,-2.9521,-71.2977,-40.7023,81.5573,40.86,In Hand
277950,-6.4260,-5.1691,-3.0143,-39.2824,-34.8702,73.0840,40.44,In Hand
278000,-7.8721,-7.0964,-3.8020,17.8931,-12.8550,31.5725,40.44,In Hand
278050,-8.9830,-7.1611,-4.6759,99.6947,-12.6107,-15.3588,40.58,In Hand
278100,-8.3462,-5.0087,-4.5514,129.0229,-1.4962,-11.9237,40.58,In Hand
278150,-7.8841,-4.1108,-3.8355,112.0305,10.5344,33.0992,40.67,In Hand
278200,-7.0773,-3.8786,-3.1220,95.1145,16.7481,52.9771,40.72,In Hand
278250,-8.2935,-4.8291,-3.4524,86.4733,24.8855,39.3282,40.39,In Hand
278300,-8.2935,-4.7190,-3.3639,94.6260,11.4046,15.0992,40.72,In Hand
278350,-7.8841,-4.2042,-3.3255,90.6260,8.8244,-0.6870,40.67,In Hand
278400,-8.9184,-4.7214,-3.7086,79.8473,3.4351,-0.6260,40.67,In Hand
278450,-7.0868,-3.5458,-2.8395,59.7863,1.6031,0.3511,40.58,In Hand
278500,-8.9663,-4.4365,-3.6751,29.7405,15.4656,-8.5802,40.53,In Hand
278550,-8.7604,-3.9552,-3.5602,9.6794,1.5267,11.7710,40.53,In Hand
278600,-5.5306,-2.4876,-2.5211,-22.2443,19.4198,22.2137,40.44,In Hand
278650,-7.9727,-4.4173,-3.5602,-44.6565,55.2672,-0.4733,40.77,In Hand
278700,-7.8913,-2.9305,-3.0167,-27.7099,55.6336,-7.5878,40.67,In Hand
278750,-9.6750,0.5100,-0.9768,-32.9618,2.4122,117.1450,40.77,In Hand
278800,-7.8338,-5.3941,-3.2346,-11.0382,5.1756,99.9084,40.67,In Hand
278850,-8.3294,-5.5378,-3.4261,35.3588,-23.2061,79.2977,40.67,In Hand
278900,-6.5481,-4.2713,-2.9568,54.7939,-32.7176,71.2672,40.58,In Hand
278950,-7.2185,-4.9344,-3.5027,64.3053,-20.0458,44.3969,40.67,In Hand
279000,-7.0725,-4.6040,-3.4596,78.6565,-4.3664,-2.8092,40.44,In Hand
279050,-6.9887,-4.0414,-3.3112,80.4122,14.1679,-43.4046,40.67,In Hand
279100,-8.0397,-4.2282,-3.5698,77.1298,26.8092,-68.3206,40.58,In Hand
279150,-7.5920,-3.7613,-3.2753,68.5343,34.4580,-73.0534,40.67,In Hand
279200,-7.9152,-4.0270,-3.2370,54.2443,51.0992,-80.0611,40.67,In Hand
279250,-8.7053,-1.7047,-3.0861,48.3817,48.2901,-54.5954,40.53,In Hand
279300,-8.1594,-2.6336,-3.3471,50.4885,53.2061,37.0840,40.77,In Hand
279350,-7.9607,-4.2282,-2.7725,57.8473,52.0916,30.3359,40.53,In Hand
279400,-7.9607,-4.0270,-2.6480,60.1679,28.3359,47.8473,40.72,In Hand
279450,-6.9264,-3.6129,-2.2865,57.8473,9.8779,60.5496,40.67,In Hand
279500,-7.8386,-4.3431,-2.7964,56.5802,-3.1756,60.1221,40.58,In Hand
279550,-8.0038,-4.3167,-3.0646,53.9847,-14.9160,63.4656,40.67,In Hand
279600,-7.3382,-3.9552,-2.8778,40.1221,-8.8550,55.6794,40.67,In Hand
279650,-7.6734,-4.4628,-2.9856,28.4733,3.2214,23.3435,40.77,In Hand
279700,-7.2999,-4.1659,-2.7725,23.9084,11.4198,-20.7176,40.34,In Hand
279750,-8.0110,-4.8028,-3.3232,16.4580,28.0611,-52.6260,40.67,In Hand
279800,-9.3398,-5.0422,-3.5267,13.3588,20.3359,-53.4809,40.72,In Hand
279850,-8.2672,-4.2689,-3.2370,3.3130,17.4962,-40.6870,40.72,In Hand
279900,-7.4579,-3.8331,-2.8132,-13.1145,25.3588,-28.6260,40.77,In Hand
279950,-7.0126,-3.9385,-2.6264,-26.6870,36.6870,-18.7939,40.34,In Hand
280000,-6.8235,-3.9935,-2.4134,-31.5420,42.7176,-6.3359,40.58,In Hand
280050,-7.9607,-4.9201,-2.7581,-18.5496,31.9084,6.9618,40.72,In Hand
280100,-8.1331,-5.0925,-2.9664,6.5191,10.2137,20.4580,40.77,In Hand
280150,-8.2097,-4.9967,-3.2872,23.0840,-1.1908,31.9389,40.39,In Hand
280200,-7.6183,-4.5418,-3.2848,28.3969,-0.2443,43.4504,40.53,In Hand
280250,-6.9025,-4.0175,-3.1651,17.4962,23.4962,51.5115,40.53,In Hand
280300,-7.4101,-4.5825,-3.4836,4.2748,58.3511,52.5038,40.39,In Hand
280350,-8.1379,-5.0039,-3.4237,5.3282,82.8855,36.3359,40.72,In Hand
280400,-8.6503,-5.1164,-3.2729,11.1603,84.6260,25.2366,40.39,In Hand
280450,-9.0668,-5.5234,-3.4644,34.5954,66.2595,20.9618,40.67,In Hand
280500,-8.2552,-4.8530,-3.1412,51.4046,54.7328,26.4427,40.67,In Hand
280550,-8.2193,-4.7214,-2.9137,59.8931,47.6336,37.4809,40.44,In Hand
280600,-7.9847,-4.6280,-2.7270,80.8702,17.7405,54.1832,40.53,In Hand
280650,-8.0445,-4.5274,-2.8730,94.7328,-6.8855,64.8244,40.44,In Hand
280700,-8.6646,-4.6759,-3.3519,101.5725,-33.8931,84.1069,40.53,In Hand
280750,-8.8921,-4.5945,-3.7373,95.2214,-57.9847,115.4504,40.67,In Hand
280800,-8.0804,-4.3598,-3.5937,70.3511,-48.7481,127.0076,40.67,In Hand
280850,-7.0270,-4.2186,-3.0622,51.1145,-17.5573,89.5725,40.67,In Hand
280900,-7.9440,-4.9847,-3.4285,45.3435,12.1985,30.1374,40.67,In Hand
280950,-9.2392,-5.3917,-3.8235,48.7176,31.5114,-18.7481,40.72,In Hand
281000,-8.3510,-4.4604,-3.0789,54.1221,28.7634,-38.4427,40.39,In Hand
281050,-7.0677,-3.5937,-2.5331,45.8168,39.1908,-47.3893,40.86,In Hand
281100,-8.4180,-4.7094,-3.0047,53.0992,31.4809,-35.8015,40.58,In Hand
281150,-9.1243,-0.7207,-4.2018,137.7557,22.4122,127.1756,40.67,In Hand
281200,-7.3167,-3.8547,-2.8778,158.2901,42.2595,130.0153,40.72,In Hand
281250,-8.7436,-4.2473,-3.0837,156.3206,25.1298,110.3359,40.77,In Hand
281300,-8.6095,-4.0079,-2.6312,136.9466,7.1450,90.3206,40.44,In Hand
281350,-8.8418,-4.0797,-2.5594,111.7557,-2.1374,48.0763,40.44,In Hand
281400,-9.1866,-4.3311,-2.6624,87.8015,-14.7176,8.7939,40.67,In Hand
281450,-8.5305,-3.8331,-2.2865,68.0916,-18.1069,-33.5420,40.39,In Hand
281500,-8.4970,-3.5362,-2.2051,42.3969,-20.1832,-52.9924,40.53,In Hand
281550,-8.6503,-4.1563,-2.0901,28.5649,-23.9237,-62.2901,40.58,In Hand
281600,-8.9783,-4.4532,-1.8555,25.8931,-28.0916,-81.8779,40.67,In Hand
281650,-8.2959,-5.1595,-1.7119,27.1603,-33.8779,-88.3359,40.91,In Hand
281700,-8.3270,-6.0238,-1.5850,67.8779,-37.0382,-86.2443,40.72,In Hand
281750,-7.8937,-5.0781,-1.4030,95.1298,-30.8092,-63.4351,40.53,In Hand
281800,-7.2472,-3.8595,-1.0582,87.4962,-13.5725,-38.4580,40.58,In Hand
281850,-7.2018,-4.1156,-0.6560,75.8779,1.4656,-12.4275,40.67,In Hand
281900,-9.2775,0.9744,7.6207,-17.6336,4.0458,80.9924,40.58,In Hand
281950,-8.0493,-5.5306,0.7997,64.4733,21.1145,87.3282,40.58,In Hand
282000,-9.8976,-2.2338,2.2146,14.1985,-9.3282,92.2901,40.34,In Hand
282050,-8.4156,-4.5897,1.5323,11.0534,-18.2443,75.2824,40.53,In Hand
282100,-7.8554,-3.0023,1.7430,32.1374,-3.8015,72.6718,40.53,In Hand
282150,-10.6422,-1.6568,3.7781,35.4198,-17.5267,86.5038,40.67,In Hand
282200,-10.2639,-3.4644,3.2394,65.1603,-23.5267,83.2366,40.44,In Hand
282250,-10.2400,-1.3336,4.0654,87.9389,-38.5649,86.1374,40.86,In Hand
282300,-10.5034,0.8308,4.0007,82.3053,-45.4809,101.6183,40.86,In Hand
282350,-10.3190,2.0399,4.8219,68.8244,-43.6947,110.3664,40.67,In Hand
282400,-10.0485,2.1141,5.8323,57.6183,-48.4122,112.4122,40.44,In Hand
282450,-9.6822,3.0215,6.0549,60.7634,-53.6336,106.5038,40.58,In Hand
282500,-8.1499,3.3878,6.0286,59.7099,-61.1298,101.4198,40.86,In Hand
282550,-6.4236,3.9720,5.5258,88.3206,-71.7099,103.0992,40.39,In Hand
282600,-4.8530,4.6974,4.9201,78.4275,-71.4657,96.2595,40.53,In Hand
282650,-3.7781,6.1818,3.9073,79.5573,-55.5267,76.5802,40.67,In Hand
282700,-3.8164,7.5585,3.1843,46.1527,-33.4962,59.3282,40.77,In Hand
282750,-2.5666,7.1036,3.9816,34.4122,-30.6870,54.8550,40.39,In Hand
282800,-2.1644,7.2472,4.0486,33.8931,-22.3817,47.1756,40.25,In Hand
282850,-1.8196,8.6933,3.5865,26.8550,-16.5191,52.6107,40.44,In Hand
282900,-2.1931,9.2153,3.6559,7.4656,-1.5573,43.4962,40.77,In Hand
282950,-1.1851,8.7700,3.7493,-1.3282,27.2977,28.8397,40.58,In Hand
283000,-1.4916,8.5234,3.9433,-17.8626,39.9084,27.0992,40.44,In Hand
283050,-2.3224,8.1331,3.9983,-21.6183,40.1069,16.3511,40.53,In Hand
283100,-3.1891,9.1171,3.2633,-53.0992,52.7939,22.5191,40.67,In Hand
283150,-4.8435,6.2153,4.5322,-33.7405,20.6260,20.8550,40.77,In Hand
283200,-2.8635,8.0613,3.5003,0.2137,-6.3359,31.8473,40.67,In Hand
283250,-2.2338,8.3749,3.7206,-21.6794,8.3206,41.4656,40.67,In Hand
283300,-2.2242,9.0190,3.9289,-28.9313,23.2214,43.8473,40.58,In Hand
283350,-2.6025,9.1866,4.6615,-54.1679,28.9771,37.0229,40.58,In Hand
283400,-3.8571,7.1970,4.9512,-45.9389,5.8931,23.6641,40.77,In Hand
283450,-1.8052,9.0716,4.8052,-32.4122,-24.1374,21.6641,40.72,In Hand
283500,-0.6464,8.5952,3.5793,-52.4885,-24.1832,20.0458,40.67,In Hand
283550,-1.2450,8.7029,5.2577,-68.0916,-26.7176,20.2901,40.44,In Hand
283600,-0.5363,7.8841,6.5218,-55.3282,-36.9313,8.2443,40.53,In Hand
283650,0.9457,9.9383,5.9831,-46.8550,-53.5420,-24.0458,40.77,In Hand
283700,0.7877,7.0844,6.6655,-70.8702,-49.1908,-43.6031,40.77,In Hand
283750,1.5945,7.2281,6.5721,-66.7023,-47.7863,-47.0076,40.58,In Hand
283800,1.8387,6.1316,7.0078,-77.8168,-32.9771,-42.5344,40.44,In Hand
283850,5.1475,1.3862,12.1673,-93.6031,5.4962,-17.5267,40.58,In Hand
283900,0.7877,5.7796,8.9495,-23.0076,30.1069,-0.3664,40.53,In Hand
283950,-0.6297,4.6160,11.4730,-31.8168,25.3588,19.9695,40.72,In Hand
284000,0.6273,5.4300,11.8848,-16.7023,38.0000,40.9924,40.67,In Hand
284050,0.3089,3.4261,10.1538,-30.3817,64.7176,64.2748,40.39,In Hand
284100,-1.9728,5.2840,9.5170,3.3435,69.4046,75.2977,40.67,In Hand
284150,-1.9154,4.3622,9.4164,0.1527,65.4351,60.3817,40.39,In Hand
284200,-2.2505,6.1004,8.3797,-5.9084,76.6412,48.9008,40.39,In Hand
284250,-3.1795,3.8954,8.0230,5.1298,77.3130,61.1756,40.77,In Hand
284300,-3.3902,4.6519,7.3813,24.5038,60.4275,74.6107,40.53,In Hand
284350,-3.6607,3.9169,9.1339,28.1527,26.9160,57.1756,40.58,In Hand
284400,-2.8946,5.7293,8.3653,49.4198,10.0153,48.3511,40.67,In Hand
284450,-2.5857,9.2584,6.8474,23.7710,14.4427,60.9008,40.67,In Hand
284500,0.1030,5.6647,8.2480,-48.5344,-12.4275,59.0229,40.44,In Hand
284550,3.1220,7.6423,9.0668,-50.1221,3.6794,15.6031,40.39,In Hand
284600,0.0694,4.9847,9.2943,-41.7863,13.0076,-23.2214,40.77,In Hand
284650,-0.7135,4.5777,9.2943,-21.8321,7.4198,-16.9771,40.39,In Hand
284700,-0.2394,4.9656,9.0261,2.9313,7.4656,0.5191,40.72,In Hand
284750,-0.8045,6.3877,8.7556,8.9466,19.9847,20.5344,40.67,In Hand
284800,-0.0790,5.2625,10.1370,-4.9771,24.8702,35.7405,40.77,In Hand
284850,-1.1492,6.1411,9.5385,11.1298,11.1908,49.1298,40.67,In Hand
284900,0.6081,6.6128,9.5672,-15.5725,10.9618,48.7939,40.44,In Hand
284950,-0.0407,6.7325,9.1770,-25.9389,28.0916,18.6565,40.39,In Hand
285000,-2.3152,7.2257,9.0860,-22.3053,25.5725,15.5420,40.53,In Hand
285050,-2.0446,6.8857,6.5984,-19.3588,52.3969,33.5573,40.77,In Hand
285100,-1.4772,5.8012,5.2385,-32.6260,65.7405,60.9771,40.72,In Hand
285150,-4.0677,3.8403,7.5920,-66.3359,15.3282,39.4504,40.44,In Hand
285200,-1.7286,3.8523,8.4324,4.4885,5.7099,65.2366,40.77,In Hand
285250,0.2825,5.0039,6.9839,23.5878,38.7634,70.0763,40.53,In Hand
285300,-1.7047,6.5553,6.6798,47.1908,52.7634,83.9542,40.44,In Hand
285350,-2.3272,6.6415,7.9080,26.4886,31.3282,69.2672,40.58,In Hand
285400,-1.1253,6.7900,8.1594,18.3969,17.2824,58.3817,40.77,In Hand
285450,-1.5969,5.4660,7.0366,9.8168,10.1832,60.1069,40.58,In Hand
285500,0.7063,9.8689,7.4675,-32.9313,9.9542,33.0992,40.58,In Hand
285550,-2.0877,4.8722,10.1969,-43.4198,10.7328,71.6031,40.86,In Hand
285600,-1.3623,4.8076,9.8378,-1.1603,-3.3588,17.9237,40.91,In Hand
285650,-0.7805,5.6240,10.7356,-13.2061,4.1679,23.7405,40.72,In Hand
285700,-1.0271,4.4436,9.6199,2.8855,-25.4656,29.4351,40.67,In Hand
285750,1.8723,6.4691,10.3022,25.1603,-44.8244,18.5802,40.77,In Hand
285800,0.9816,5.6647,8.5521,17.2061,-37.0534,41.6641,40.53,In Hand
285850,2.2577,6.4787,8.3677,42.4275,-36.8092,30.6107,40.67,In Hand
285900,2.9521,6.8354,5.2672,61.9542,-13.0534,23.8015,40.72,In Hand
285950,3.0502,6.6319,4.2234,72.5802,35.4046,1.9847,40.58,In Hand
286000,-0.1006,9.1746,5.6862,63.6641,25.4809,15.1908,40.53,In Hand
286050,1.5131,9.5026,5.0422,41.0840,6.8397,38.3664,40.67,In Hand
286100,2.3750,8.3199,4.9273,-13.0534,12.9008,4.0153,40.77,In Hand
286150,0.7135,11.2216,6.8594,-34.2748,21.9237,-5.6794,40.39,In Hand
286200,1.3575,8.0517,5.6527,-57.0992,-11.2366,2.5344,40.91,In Hand
286250,4.1539,6.4931,4.1300,-18.9771,35.1450,24.6107,40.39,In Hand
286300,-0.3519,7.6543,9.0094,-12.7939,29.1603,35.3130,40.72,In Hand
286350,0.7159,5.8012,6.3207,-6.4885,-0.9924,29.7099,40.67,In Hand
286400,1.3479,7.6112,6.3925,21.8168,19.4198,64.5191,40.39,In Hand
286450,1.6257,7.2065,4.5155,15.2519,-4.0153,79.2824,40.77,In Hand
286500,1.3192,7.8458,4.6112,-27.1298,-13.0229,126.0458,40.95,In Hand
286550,1.6352,4.8171,5.9568,-65.8931,-44.0458,150.5954,40.67,In Hand
286600,2.8778,3.5602,6.1866,-51.8473,-80.0305,157.1450,40.58,In Hand
286650,4.8602,1.6328,5.9209,-25.5114,-116.9160,144.3969,40.44,In Hand
286700,8.2815,2.7677,5.3822,-8.4580,-139.2061,126.6565,40.53,In Hand
286750,9.2225,1.9154,4.3766,-4.6260,-122.1221,101.8473,40.86,In Hand
286800,10.0437,-0.6009,4.5538,6.8244,-129.0687,88.6260,40.72,In Hand
286850,11.3102,1.9417,3.0382,41.9084,-114.7481,94.0763,40.72,In Hand
286900,12.4858,0.7542,2.2027,-1.8779,-95.3130,89.9542,40.77,In Hand
286950,11.3749,0.1604,2.0853,-12.2595,-70.9313,94.7176,40.72,In Hand
287000,10.6518,-1.8962,0.9194,-15.9389,-58.4275,88.9160,40.58,In Hand
287050,11.6095,-1.0104,0.9146,-29.1603,-40.5954,86.8855,40.72,In Hand
287100,11.4275,-2.0638,0.3448,-34.1527,-22.3664,65.3893,40.39,In Hand
287150,11.3820,-2.9592,1.3862,-44.1374,-15.8473,50.0153,40.67,In Hand
287200,10.9487,-3.9600,0.7925,-26.5954,-26.7786,47.8779,40.44,In Hand
287250,10.8649,-4.9775,0.8236,-10.1527,-25.2672,13.5725,40.39,In Hand
287300,11.2240,-3.7781,0.1963,9.2519,-11.8473,-8.4733,40.58,In Hand
287350,11.5879,-2.5522,0.0407,-2.4427,21.9389,-28.5344,40.77,In Hand
287400,11.0181,-1.7885,0.5722,-23.6947,57.0687,-36.4885,40.67,In Hand
287450,9.2009,-3.5123,1.2306,-32.4885,61.2519,-48.6718,40.72,In Hand
287500,9.7420,-2.7007,1.2737,-11.2366,56.9771,-47.3740,40.53,In Hand
287550,9.6223,-2.4421,1.6041,-5.7557,41.3588,-60.1832,40.86,In Hand
287600,9.8976,-1.6712,1.1779,-7.0229,49.2672,-54.3969,40.67,In Hand
287650,8.3941,-1.3192,1.7310,-16.1679,54.8397,-30.5344,40.86,In Hand
287700,8.1259,-2.2793,1.6616,1.5573,35.8473,-3.8779,40.39,In Hand
287750,8.3797,-1.5514,1.4557,7.2214,18.6565,12.7786,40.34,In Hand
287800,8.0900,-1.3886,1.6065,10.1527,3.6031,24.9008,40.67,In Hand
287850,8.5688,-1.1756,1.5826,11.0992,-15.4351,38.0611,40.86,In Hand
287900,8.4036,-1.6688,1.6161,20.0611,-38.4275,48.3053,40.44,In Hand
287950,9.0956,-1.8172,0.9266,26.2137,-62.5954,51.5725,40.67,In Hand
288000,8.8992,-2.6671,0.6297,22.5496,-75.3893,46.0305,40.53,In Hand
288050,8.5593,-2.7102,0.2562,41.6183,-80.9466,49.4046,40.67,In Hand
288100,9.3637,-2.5379,-0.2466,54.8244,-83.4198,70.7176,40.44,In Hand
288150,10.5465,-2.9640,-0.7949,55.7252,-73.3740,71.1908,40.67,In Hand
288200,11.2408,-3.5075,-0.8619,42.9160,-61.4656,63.5573,40.91,In Hand
288250,10.8721,-3.7230,-0.7925,27.1603,-46.6107,40.3817,40.67,In Hand
288300,10.3406,-3.9337,-1.1253,17.9542,-26.2290,16.3817,40.53,In Hand
288350,9.9000,-3.5482,-1.0678,11.7557,-3.5573,0.2595,40.67,In Hand
288400,9.9862,-3.6871,-1.0295,0.9313,16.4886,-14.7328,40.91,In Hand
288450,10.3549,-4.2832,-0.9553,-17.1756,29.5725,-33.8321,40.77,In Hand
288500,9.8330,-3.8954,-0.2011,-34.9313,25.1145,-49.1145,40.58,In Hand
288550,9.1698,-4.4245,-0.0048,-39.3588,11.4046,-53.5115,40.67,In Hand
288600,8.7173,-3.9241,0.1413,-28.0916,-12.2595,-49.9389,40.77,In Hand
288650,9.1770,-4.1946,-0.5914,-8.0916,-24.6718,-41.3282,40.86,In Hand
288700,9.0022,-3.9073,-0.5315,14.1527,-32.5038,-28.1069,40.44,In Hand
288750,9.5409,-3.7134,-0.8236,20.6870,-34.0000,-16.2595,40.53,In Hand
288800,9.6127,-3.3591,-0.8116,23.9237,-27.7710,-6.4580,40.77,In Hand
288850,9.7061,-3.3327,-0.8619,21.8779,-21.0840,2.8092,40.91,In Hand
288900,9.9216,-3.3830,-0.9697,18.8244,-11.4046,8.9618,40.67,In Hand
288950,9.8234,-3.6272,-1.1396,17.5573,-1.3740,8.4885,40.86,In Hand
289000,9.8114,-3.3974,-1.1612,15.3282,9.7099,6.0458,40.72,In Hand
289050,9.6654,-3.3639,-0.9840,10.9466,15.4351,4.3359,40.53,In Hand
289100,9.2871,-3.7613,-1.0080,15.2214,15.6031,0.4580,40.39,In Hand
289150,9.1387,-3.6320,-0.6560,23.1450,7.6947,-4.1832,40.39,In Hand
289200,9.3111,-3.2489,-0.8236,25.2977,-2.5344,-5.0229,40.72,In Hand
289250,9.4906,-3.0406,-1.0223,19.7710,-3.6336,-7.0840,40.77,In Hand
289300,9.5313,-3.0765,-1.3503,11.1298,2.5802,-6.3359,40.53,In Hand
289350,9.4810,-3.2370,-1.2234,4.4733,10.4733,-1.4809,40.67,In Hand
289400,9.4978,-3.3064,-1.1732,1.9389,17.1450,1.6031,40.67,In Hand
289450,9.0932,-2.9688,-0.8021,-3.5573,13.6947,8.9008,40.44,In Hand
289500,9.0525,-2.8826,-0.7278,-9.4351,1.3435,18.2290,40.67,In Hand
289550,9.0237,-3.0263,-0.7518,-12.7939,-7.5267,23.5573,40.44,In Hand
289600,9.1051,-3.1819,-0.6847,-11.1298,-10.2595,22.8244,40.53,In Hand
289650,9.0261,-3.5554,-0.7398,-7.1450,-8.3511,16.3206,40.53,In Hand
289700,9.0908,-4.3048,-0.5555,9.8473,-4.0763,4.8397,40.67,In Hand
289750,9.3781,-4.2737,-0.3615,36.7481,-5.5573,-1.2519,40.44,In Hand
289800,9.4092,-4.6448,-0.3376,51.8626,-16.1679,-12.9924,40.58,In Hand
289850,9.3709,-4.3455,-0.5555,53.7710,-22.2137,-29.2214,40.53,In Hand
289900,9.2871,-4.0055,-0.5531,56.3817,-25.1298,-37.5267,40.58,In Hand
289950,9.3015,-3.3591,-0.8068,59.4809,-25.7405,-28.8244,40.72,In Hand
290000,9.5098,-2.9664,-0.8691,53.8626,-20.7176,-13.4809,40.86,In Hand
290050,9.7827,-3.0335,-1.0127,40.0763,-8.7023,-4.5649,40.44,In Hand
290100,9.7133,-3.0622,-1.0104,24.0000,4.6412,0.0916,40.72,In Hand
290150,9.4667,-2.8946,-0.9720,10.5496,17.5267,6.1985,40.58,In Hand
290200,9.4332,-3.1388,-0.7159,-4.5954,21.2824,10.4733,40.25,In Hand
290250,9.2009,-3.2753,-0.5602,-13.9389,21.7099,7.0687,40.91,In Hand
290300,9.2033,-3.3591,-0.4357,-20.9771,13.4809,10.0458,40.67,In Hand
290350,9.1219,-3.7014,-0.4525,-24.3359,5.3282,6.2137,40.67,In Hand
290400,9.0812,-3.8930,-0.3448,-22.8702,-3.1145,0.6107,40.58,In Hand
290450,9.2823,-3.8451,-0.2203,-16.8092,-9.7099,-1.2061,40.67,In Hand
290500,9.4595,-3.9672,-0.3112,-8.7939,-15.4656,-0.7176,40.53,In Hand
290550,9.4020,-4.0175,-0.3783,1.4809,-14.7481,-4.5038,40.72,In Hand
290600,9.4068,-3.6990,-0.4980,10.3206,-11.9695,-3.4504,40.67,In Hand
290650,9.4810,-3.6320,-0.5650,12.2901,-8.3817,-3.9695,40.77,In Hand
290700,9.3805,-3.3112,-0.3879,9.8321,-8.7481,0.0153,40.53,In Hand
290750,9.6391,-3.4524,-0.3280,6.7634,-11.8015,-1.2519,40.86,In Hand
290800,9.5337,-3.6248,-0.4836,0.7328,-10.3817,-9.0076,40.72,In Hand
290850,9.6055,-3.4429,-0.7326,3.7252,0.6718,-11.0382,40.67,In Hand
290900,9.5146,-3.5171,-0.5555,7.2061,6.8550,-8.3053,40.67,In Hand
290950,9.4475,-3.7110,-0.5291,7.9389,12.3969,-5.7710,40.44,In Hand
291000,9.2632,-3.5865,-0.4381,12.9313,13.1908,-2.9313,40.58,In Hand
291050,9.1028,-4.0797,-0.4334,21.9237,7.9237,0.4427,40.53,In Hand
291100,9.1051,-4.1420,-0.3974,43.0687,6.8092,-5.0992,40.58,In Hand
291150,8.9399,-3.8834,-0.2394,62.4733,-3.2977,-3.9847,40.39,In Hand
291200,9.0166,-3.5745,-0.3831,74.6107,-14.4122,-3.5115,40.86,In Hand
291250,8.9232,-3.0406,-0.3041,77.1603,-23.4656,-2.0458,40.72,In Hand
291300,9.2799,-2.9066,-0.4669,69.0076,-31.3435,-2.7939,40.67,In Hand
291350,9.3518,-2.6264,-0.2969,57.2214,-34.1069,-2.9771,40.67,In Hand
291400,9.6055,-2.9736,-0.3591,40.4733,-33.2519,-4.7176,40.77,In Hand
291450,9.4547,-2.7988,-0.1772,30.2595,-30.8855,-3.3893,40.67,In Hand
291500,9.6319,-3.1891,-0.4764,24.4580,-27.6794,-1.3740,40.58,In Hand
291550,9.5385,-2.9880,-0.2682,16.9313,-25.2366,3.1298,40.53,In Hand
291600,9.6438,-3.2322,-0.2729,15.9695,-20.6412,4.9313,40.72,In Hand
291650,9.6726,-3.1891,-0.1867,18.0153,-13.6947,2.2748,40.86,In Hand
291700,9.7707,-3.3950,-0.1508,17.0229,-10.1985,1.1603,40.58,In Hand
291750,9.6774,-3.7206,-0.3711,21.4504,-7.0687,-9.3588,40.91,In Hand
291800,9.6055,-3.5291,-0.2897,28.9313,-5.9542,-13.8473,40.39,In Hand
291850,9.7300,-3.4524,-0.2658,33.8626,-4.9924,-13.0840,40.91,In Hand
291900,9.5960,-3.3782,-0.2394,34.5191,-4.9771,-16.8397,40.67,In Hand
291950,9.4403,-3.1029,-0.2466,37.3588,-5.9084,-12.3511,40.67,In Hand
292000,9.5984,-3.0622,-0.2107,39.4351,-6.7634,-8.7176,40.58,In Hand
292050,9.6199,-2.9161,-0.3519,35.8473,-5.3435,-7.0534,40.44,In Hand
292100,9.5840,-2.9329,-0.5507,32.0458,-0.1679,-8.6260,40.72,In Hand
292150,9.5050,-2.6504,-0.4070,28.7481,5.3282,-8.0763,40.72,In Hand
292200,9.5313,-2.5714,-0.2921,18.2901,4.9618,-5.2824,40.53,In Hand
292250,9.1866,-2.5450,-0.1676,6.2595,1.4504,-2.1679,40.95,In Hand
292300,9.3470,-2.7318,-0.1724,-0.2443,-2.3969,0.7023,40.58,In Hand
292350,9.3829,-2.7988,-0.2346,-4.4885,-5.8626,2.5038,40.67,In Hand
292400,9.6893,-3.3974,-0.2562,2.4427,-4.2748,-4.0000,40.58,In Hand
292450,9.4715,-3.0358,-0.2394,12.7481,-7.1908,-8.8092,40.77,In Hand
292500,9.5146,-3.0789,-0.1269,15.3282,-13.2519,-10.2443,40.67,In Hand
292550,9.4810,-2.9760,-0.0934,19.6031,-19.0992,-8.4885,40.67,In Hand
292600,9.5361,-2.6863,-0.2203,22.8702,-22.2595,-1.1450,40.67,In Hand
292650,9.7971,-2.5738,-0.2753,20.7481,-21.4351,5.4809,40.72,In Hand
292700,9.9599,-2.5163,-0.3950,12.7939,-16.5954,8.4580,40.67,In Hand
292750,10.0485,-2.2936,-0.7015,9.4504,-2.9466,12.3206,40.58,In Hand
292800,9.8210,-1.9944,-0.7398,-2.1527,9.8321,16.8550,40.67,In Hand
292850,9.7396,-2.0399,-0.7207,-22.3969,21.0382,14.8092,40.44,In Hand
292900,9.4499,-1.6328,-0.5004,-47.6489,26.8855,17.7252,40.77,In Hand
292950,9.5337,-2.6576,-0.4932,-73.2824,28.0000,11.0687,40.67,In Hand
293000,9.5026,-3.0143,-0.5650,-84.8702,32.8092,4.1374,40.67,In Hand
293050,9.5146,-3.4812,-0.5555,-85.4809,36.7023,-1.6794,40.58,In Hand
293100,9.3158,-3.0430,-0.1221,-82.8855,35.1298,6.2137,40.77,In Hand
293150,9.6893,-3.6105,-0.2562,-78.9160,28.3359,10.3511,40.67,In Hand
293200,9.4355,-2.6240,-0.1604,-76.3664,19.2366,28.3817,40.58,In Hand
293250,9.5577,-2.1404,-0.5195,-95.7863,13.1603,49.4351,40.67,In Hand
293300,9.7564,-2.7701,-1.0702,-129.0382,24.4427,36.9924,40.72,In Hand
293350,10.1993,-4.0175,-0.9601,-158.6870,41.1450,16.1679,40.77,In Hand
293400,9.6845,-4.1468,-0.6776,-163.1450,47.8779,-0.8855,40.77,In Hand
293450,9.6175,-4.2593,-1.0630,-152.7786,56.7481,-2.8550,40.44,In Hand
293500,9.6151,-4.2521,-1.2977,-141.8931,71.7405,1.8779,40.44,In Hand
293550,9.2895,-3.5123,-0.8667,-129.7252,79.7252,11.7405,40.86,In Hand
293600,8.9256,-3.6344,-0.9960,-111.4657,80.5191,32.9618,40.58,In Hand
293650,8.5473,-3.7182,-0.8667,-79.1756,67.3740,56.1527,40.72,In Hand
293700,8.9567,-4.1899,-0.7183,-46.9008,55.3893,54.4580,40.53,In Hand
293750,8.9663,-4.7022,-0.6057,-24.7634,49.7405,24.1832,40.67,In Hand
293800,8.6311,-4.0869,-0.3496,-1.9695,42.8397,4.0458,40.72,In Hand
293850,9.0070,-4.0151,0.3400,6.3511,21.8473,-8.0916,40.67,In Hand
293900,9.5146,-3.8355,0.8739,-3.1145,-5.0382,-16.5191,40.58,In Hand
293950,9.8234,-4.2090,0.3567,-2.6565,-17.3435,-35.3893,40.95,In Hand
294000,10.7907,-3.7302,0.1437,-9.1603,-23.6489,-48.3969,40.91,In Hand
294050,10.0102,-1.3647,0.4262,2.2137,-16.6870,-55.1298,40.67,In Hand
294100,11.7555,-4.0007,0.3112,6.0763,-15.4198,-35.9084,40.86,In Hand
294150,9.0214,-5.7557,-1.2163,43.6641,-2.5649,-84.2137,40.95,In Hand
294200,8.6239,-1.9058,1.1851,78.7634,-20.3359,-42.5038,40.58,In Hand
294250,9.2249,-3.5961,-0.7542,105.6336,-20.6260,-31.3893,40.77,In Hand
294300,9.9479,-1.6089,0.2035,109.2977,-21.5267,-16.3817,40.58,In Hand
294350,9.4403,-2.9137,-1.2474,120.2901,-18.8855,-24.9771,40.53,In Hand
294400,9.9072,-0.8475,0.0000,132.4427,-15.9237,-6.2443,40.67,In Hand
294450,10.7117,-0.9840,-0.9218,113.8931,-16.2595,-21.2672,40.77,In Hand
294500,9.9910,-0.4932,-0.1580,92.9618,-13.8779,-29.1145,40.53,In Hand
294550,9.4499,-0.4525,-0.7685,84.2748,-7.5725,-24.1221,40.72,In Hand
294600,9.5888,-0.5411,-0.6823,75.7863,-6.0763,-20.9160,40.67,In Hand
294650,9.8426,-0.8547,2.1955,72.6107,-14.3664,-9.2824,40.67,In Hand
294700,8.4324,-0.0431,-0.0215,84.3206,-54.5038,18.5649,40.72,In Hand
294750,9.1674,-1.4126,-1.6664,99.9084,-75.2519,24.1679,40.77,In Hand
294800,10.9607,-0.2322,-2.0470,114.3359,-61.6794,34.1679,40.72,In Hand
294850,10.4674,-1.1612,-2.2697,102.7939,-59.2824,25.2214,40.67,In Hand
294900,10.2472,0.1317,-2.4181,90.3511,-51.6489,19.3588,40.67,In Hand
294950,10.7883,-1.8579,-2.5618,69.3588,-42.6565,7.8626,40.72,In Hand
295000,9.8617,-2.0830,-2.5019,75.1756,-30.0153,-5.1908,40.53,In Hand
295050,9.8881,-1.0750,-2.7222,71.5878,-26.8702,3.2214,40.77,In Hand
295100,10.2759,-1.1875,-3.5458,70.6260,-11.2061,9.8473,40.77,In Hand
295150,10.3142,-1.9920,-3.6559,49.1145,-3.6641,13.6489,40.53,In Hand
295200,8.6407,-1.7597,-1.7957,6.8244,-20.9771,-39.8626,40.72,In Hand
295250,9.5050,-1.9369,-2.8060,-15.9389,-28.2290,-53.6336,40.72,In Hand
295300,8.9208,-1.4006,-2.0734,-28.4122,-31.5573,-67.6336,40.72,In Hand
295350,9.4715,-1.8962,-2.7509,-39.4351,-23.7557,-63.5878,40.95,In Hand
295400,10.5249,-1.5036,-3.9265,-41.3282,-5.4351,-41.4504,40.58,In Hand
295450,9.7540,-1.2761,-4.2904,-37.8168,13.4504,-4.9313,40.44,In Hand
295500,8.8777,-5.2361,0.5267,-4.7939,27.6336,26.9618,40.77,In Hand
295550,10.2951,0.1077,-2.9544,29.4504,46.6260,70.0458,40.91,In Hand
295600,8.6646,-0.7661,-1.9680,-10.0305,40.8855,96.2137,40.44,In Hand
295650,9.5146,-3.2250,-2.5379,8.6412,45.9847,69.8931,40.72,In Hand
295700,8.3558,-2.2003,-0.5387,1.6794,42.0763,47.6794,40.67,In Hand
295750,8.7125,-2.5067,-0.8667,-15.9847,42.4733,46.9160,40.67,In Hand
295800,8.5688,-4.0342,0.7566,-19.7405,32.7786,28.7786,40.67,In Hand
295850,9.6391,-4.7597,-1.0127,-27.6031,33.0687,39.3740,40.58,In Hand
295900,9.0573,-4.8243,-0.4645,-5.2061,39.7252,45.7252,40.72,In Hand
295950,9.6582,-3.6703,-1.5945,6.0153,45.8168,18.0000,40.53,In Hand
296000,7.9559,-5.0302,0.1652,11.5725,40.6565,12.6107,40.67,In Hand
296050,8.4276,-4.2377,1.8651,17.3740,24.0916,14.6260,40.72,In Hand
296100,8.3294,-3.1412,1.6640,-20.7176,31.0840,-2.4580,40.77,In Hand
296150,8.3246,-5.4181,0.5291,-14.6107,17.0076,8.2443,40.67,In Hand
296200,7.0557,-3.4022,1.4700,8.8702,7.6489,66.7023,40.58,In Hand
296250,6.0932,-4.7836,0.9146,-16.2901,-10.7023,150.0000,40.67,In Hand
296300,5.0278,-6.4524,1.8004,-39.3588,-15.3740,194.9771,40.67,In Hand
296350,4.6663,-7.7620,0.3328,-21.8626,-19.1145,186.7786,40.67,In Hand
296400,5.1571,-8.3246,-0.0599,-39.5267,-21.6031,132.1221,40.67,In Hand
296450,4.7836,-10.9080,-0.8380,-31.4198,2.0153,61.7863,40.67,In Hand
296500,3.6320,-10.1634,-0.0263,-1.3588,-4.8855,11.1298,40.67,In Hand
296550,3.3902,-8.4156,-0.0192,-12.4580,-9.6947,-16.9771,40.67,In Hand
296600,3.2250,-8.4731,-1.8507,-25.0382,-6.5496,-47.3893,40.44,In Hand
296650,3.5889,-9.2033,-1.2761,-8.7481,-29.8473,-11.4046,40.58,In Hand
296700,5.1260,-7.8721,-1.2689,-36.7634,-19.6947,8.3511,40.86,In Hand
296750,4.6543,-7.9847,-1.3312,-37.3740,-13.7405,21.8015,40.72,In Hand
296800,3.3327,-9.1626,-2.2913,-30.1527,-19.0534,32.9008,40.77,In Hand
296850,3.7996,-8.8585,-2.6504,-36.9924,-21.5878,22.5649,40.86,In Hand
296900,2.2841,-10.0126,-2.5738,-34.5649,-20.1679,34.3969,40.53,In Hand
296950,-0.2873,-9.4475,-2.9521,-24.8092,-44.1832,60.9771,40.44,In Hand
297000,0.0048,-5.9903,-1.7238,-48.8702,-102.4885,88.7328,40.72,In Hand
297050,0.2777,-7.3478,-4.5155,-87.4809,-103.2366,104.7939,40.72,In Hand
297100,-0.7111,-8.6694,-4.4819,-89.6183,-92.5343,102.6718,40.53,In Hand
297150,-1.0774,-8.4132,-5.0709,-98.0916,-82.0611,59.0992,40.91,In Hand
297200,-1.4988,-9.0716,-6.9336,-85.9847,-52.7939,42.6412,40.67,In Hand
297250,-4.6926,-8.7317,-5.4444,-6.4733,-42.1374,57.1603,40.72,In Hand
297300,-2.9090,-4.8674,-3.7565,-17.0229,-48.4122,27.8779,40.58,In Hand
297350,-4.9991,-5.3822,-5.3846,-84.9771,-62.5649,-34.8550,40.53,In Hand
297400,-4.6639,-4.3383,-5.7868,-138.4580,-102.5954,-78.5954,40.77,In Hand
297450,-4.1420,-4.7309,-7.3885,-179.5725,-120.5954,-97.8015,40.86,In Hand
297500,-4.0175,-5.1499,-8.5521,-179.2061,-130.7786,-119.5420,40.77,In Hand
297550,-3.4860,-4.3503,-8.7628,-171.8015,-123.6183,-141.5878,40.39,In Hand
297600,-3.2872,-3.8930,-8.9902,-150.2443,-115.1298,-158.3053,40.72,In Hand
297650,-3.3926,-3.6943,-8.5545,-134.8855,-92.5343,-166.9466,40.44,In Hand
297700,-3.5985,-3.8116,-8.4324,-120.7634,-66.4580,-167.3740,40.77,In Hand
297750,-4.0630,-3.5386,-7.4484,-101.1756,-46.9313,-164.1221,40.91,In Hand
297800,-4.6615,-3.7278,-7.3526,-87.9847,-29.3282,-155.9695,40.72,In Hand
297850,-4.6471,-3.6943,-6.7804,-73.3740,-24.0916,-141.5725,40.72,In Hand
297900,-4.4412,-4.3191,-6.8785,-67.5878,-8.1679,-133.6641,40.77,In Hand
297950,-4.6232,-5.6910,-6.9695,-24.0305,14.0611,-120.4885,40.72,In Hand
298000,-5.4420,-5.3606,-7.1299,9.3740,3.5267,-87.4351,40.67,In Hand
298050,-5.4731,-5.0446,-6.3997,28.8397,-22.4275,-68.1679,40.86,In Hand
298100,-5.8035,-4.6711,-6.3853,27.7099,-52.7023,-62.3664,40.95,In Hand
298150,-5.2672,-4.7764,-6.4620,31.4198,-79.3893,-58.9771,40.86,In Hand
298200,-4.4317,-5.3008,-6.3279,45.4198,-89.2366,-49.4656,40.72,In Hand
298250,-4.8052,-5.2313,-6.3997,53.4351,-87.1603,-35.1603,40.91,In Hand
298300,-5.3032,-5.7628,-7.1946,43.9084,-76.4122,-29.5267,40.77,In Hand
298350,-5.0518,-5.1044,-6.2010,35.0534,-64.5343,-41.1756,40.86,In Hand
298400,-5.8969,-5.2744,-6.9121,12.3511,-58.2290,-32.7939,40.72,In Hand
298450,-4.8147,-4.5370,-5.3463,4.2901,-46.5649,-22.2595,40.91,In Hand
298500,-4.7214,-4.4029,-5.8849,-5.9847,-54.0000,19.1756,40.67,In Hand
298550,-4.9416,-4.6974,-6.2058,-41.7252,-41.0229,38.5191,40.72,In Hand
298600,-4.6376,-4.9512,-6.0454,-59.6794,-33.0076,48.1069,40.67,In Hand
298650,-5.1020,-5.6719,-6.7636,-70.1527,-17.4809,46.2443,40.86,In Hand
298700,-4.3551,-5.4971,-6.5386,-68.9466,10.3511,37.5878,40.67,In Hand
298750,-4.5657,-5.6814,-6.1746,-49.6794,28.2901,28.3817,40.91,In Hand
298800,-4.9536,-5.9616,-5.6982,-28.3053,48.2137,7.9389,40.72,In Hand
298850,-5.9927,-6.5649,-6.0478,-1.4198,58.0611,-18.0916,40.58,In Hand
298900,-6.1387,-6.0980,-5.7892,27.1298,44.6107,-27.5573,40.44,In Hand
298950,-6.3925,-5.4755,-6.0262,38.5649,29.4809,-31.1603,40.53,In Hand
299000,-6.1004,-4.7046,-5.5857,27.1145,13.5267,-22.6260,40.58,In Hand
299050,-5.1906,-3.6847,-4.8578,8.3664,-11.9695,-0.7939,40.67,In Hand
299100,-5.3534,-4.5322,-5.6790,-15.9695,-22.8397,14.7176,40.91,In Hand
299150,-5.0326,-4.6328,-5.9041,-28.4580,-22.3817,29.6489,40.58,In Hand
299200,-4.2425,-3.8307,-5.0518,-40.7939,-20.6260,55.5573,40.72,In Hand
299250,-5.0326,-5.1643,-5.9999,-51.4046,-12.9008,68.2137,40.77,In Hand
299300,-5.2050,-5.6431,-5.8802,-42.0763,-1.8168,57.5420,40.86,In Hand
299350,-5.6503,-5.9376,-5.8634,-20.3511,0.1985,35.8931,40.72,In Hand
299400,-5.4660,-5.6671,-5.8347,-1.0076,1.1298,2.6107,40.95,In Hand
299450,-5.6312,-5.1691,-5.6144,14.2137,-0.1679,-25.0840,40.67,In Hand
299500,-5.8012,-4.9632,-5.8155,16.6107,-8.6565,-38.6260,40.53,In Hand
299550,-5.8083,-4.8411,-5.8873,16.6565,-10.1527,-50.8702,41.05,In Hand
299600,-5.8203,-4.5226,-6.0118,10.1221,-14.1221,-55.3740,40.77,In Hand
299650,-5.5450,-4.4221,-5.9233,0.3359,-14.3817,-53.2977,40.44,In Hand
299700,-5.6120,-4.0821,-6.0621,-11.8473,-13.8626,-44.0458,40.86,In Hand
299750,-5.5330,-4.0127,-5.8203,-28.2748,-18.6718,-23.7863,40.53,In Hand
299800,-5.9640,-4.6615,-6.4524,-30.7634,-28.3969,-17.9084,40.77,In Hand
299850,-6.6966,-5.4540,-7.5705,-26.2137,-36.0305,-37.7252,40.95,In Hand
299900,-5.8035,-4.0821,-6.9480,-34.7328,-33.4809,-63.8626,40.77,In Hand
299950,-4.8459,-3.5027,-6.0406,-56.9008,-21.7405,-59.3282,40.67,In Hand
300000,-4.5059,-3.9528,-5.8323,-59.9389,-16.4886,-28.5038,40.58,In Hand
300050,-4.7692,-5.0996,-6.3805,-48.1527,-8.1221,5.7252,40.72,In Hand
300100,-4.6424,-5.3941,-6.2896,-19.4809,10.2595,17.8321,40.72,In Hand
300150,-4.6352,-5.2002,-5.9544,10.4580,27.5573,15.6489,40.58,In Hand
300200,-4.6807,-4.8195,-5.7940,37.0840,37.3435,7.5267,40.67,In Hand
300250,-4.8052,-4.2138,-5.7796,52.2748,39.1603,0.9313,40.67,In Hand
300300,-4.8722,-3.8140,-5.7988,49.6641,38.2443,-3.8473,40.77,In Hand
300350,-4.9584,-3.5267,-5.6838,38.0916,34.9160,-2.7481,40.91,In Hand
300400,-5.1667,-3.6943,-5.6934,25.4962,26.6870,10.0916,40.95,In Hand
300450,-5.0446,-3.6655,-5.6383,20.4275,17.0382,28.3206,40.86,In Hand
300500,-5.4947,-3.9840,-5.9496,13.1298,8.8855,48.3206,40.58,In Hand
300550,-5.4181,-3.9576,-6.0406,1.6336,2.7176,72.5649,40.53,In Hand
300600,-6.1220,-5.0230,-7.2520,-21.1450,4.8397,92.8550,40.77,In Hand
300650,-4.5849,-4.6495,-6.4620,-26.0916,39.8779,90.0305,40.77,In Hand
300700,-5.0326,-4.3359,-5.8419,-6.6565,67.0992,99.2824,40.72,In Hand
300750,-5.7269,-4.1875,-5.7102,-3.6794,77.9847,106.9771,40.72,In Hand
300800,-7.7740,-6.2872,-6.4715,16.8550,74.2290,89.1603,40.58,In Hand
300850,-7.7285,-4.8937,-6.2513,44.3511,32.8244,71.2824,40.44,In Hand
300900,-7.4962,-5.1643,-6.1555,38.4733,12.6718,30.8092,40.67,In Hand
300950,-7.8434,-4.6926,-6.4596,52.2290,-27.2672,7.9084,40.77,In Hand
301000,-6.8570,-3.5745,-6.3015,36.0305,-62.8855,6.2443,40.72,In Hand
301050,-6.2393,-3.3279,-6.0669,11.0840,-65.2366,-3.5573,40.67,In Hand
301100,-6.0717,-3.1771,-6.0525,-5.1756,-69.4046,1.3435,40.91,In Hand
301150,-5.3510,-3.2010,-5.7269,-22.0458,-58.4580,12.8855,40.95,In Hand
301200,-5.5952,-3.5099,-5.9137,-24.2290,-45.7557,21.5573,40.95,In Hand
301250,-5.4564,-3.7230,-5.4396,-28.7481,-25.6794,29.8321,40.67,In Hand
301300,-5.2433,-3.5841,-5.6958,-22.5496,3.0382,28.3053,40.53,In Hand
301350,-6.3279,-4.7525,-6.6104,-22.6718,27.7863,21.6031,40.67,In Hand
301400,-6.6774,-5.0613,-6.5050,12.7786,34.2443,4.2443,40.72,In Hand
301450,-6.6607,-4.1755,-6.1196,33.2977,35.1145,-19.5725,40.58,In Hand
301500,-6.3494,-3.2561,-5.4444,28.6565,26.4122,-34.4122,40.77,In Hand
301550,-6.3015,-2.9161,-5.5354,21.1603,24.7328,-33.9695,40.53,In Hand
301600,-5.8227,-2.6767,-5.5306,23.8168,14.5344,-7.6947,40.58,In Hand
301650,-4.5825,-2.2936,-5.4396,23.2519,27.6489,23.9695,40.53,In Hand
301700,-5.3654,-2.8587,-6.6750,12.8244,54.9313,37.5420,40.44,In Hand
301750,-5.5306,-2.5091,-6.7995,2.8550,67.8473,54.7786,40.86,In Hand
301800,-5.7221,-3.1053,-7.7835,-8.7786,89.4046,62.8550,40.53,In Hand
301850,-6.1004,-3.9456,-7.9703,3.5115,96.1527,62.3817,40.53,In Hand
301900,-4.5155,-2.5474,-7.2999,20.2443,80.8092,66.8855,40.72,In Hand
301950,-5.8012,-3.8642,-7.3215,40.6870,71.6947,48.7176,40.67,In Hand
302000,-5.2648,-2.9640,-6.9935,44.8244,62.1985,40.9924,40.58,In Hand
302050,-5.2696,-3.4836,-7.0437,48.7328,44.7634,36.1221,40.58,In Hand
302100,-5.4372,-3.8978,-8.2432,45.4198,30.4733,44.7328,40.67,In Hand
302150,-4.4867,-2.2170,-6.8187,35.0076,19.4046,42.1985,40.72,In Hand
302200,-4.5203,-3.1077,-7.0653,32.0763,4.4580,68.2901,40.77,In Hand
302250,-1.8220,-1.6209,-5.8466,53.4351,-12.9313,67.6336,40.53,In Hand
302300,-2.7222,-3.5027,-4.5897,27.5114,-33.4198,60.4427,40.91,In Hand
302350,-5.5905,-4.6280,-5.1858,48.6260,-46.8702,70.2290,40.72,In Hand
302400,-6.6798,-4.2808,-4.7166,45.4198,-39.4198,58.4122,40.58,In Hand
302450,-6.5338,-4.7333,-5.3439,56.2443,-66.7023,50.5191,40.67,In Hand
302500,-5.4971,-3.5027,-4.9608,53.8168,-63.8015,39.4656,40.72,In Hand
302550,-6.0454,-3.7757,-4.8076,38.3817,-45.8626,42.5649,40.67,In Hand
302600,-6.2177,-4.0701,-4.3814,37.7252,-35.2366,38.7634,40.39,In Hand
302650,-7.1970,-4.4843,-4.4532,27.9542,-21.9237,40.5802,40.77,In Hand
302700,-7.9416,-5.1380,-4.1803,41.8321,-23.3282,60.3969,40.58,In Hand
302750,-10.3645,-6.2393,-5.4420,59.4198,-28.2290,79.2519,40.58,In Hand
302800,-5.9472,-3.3710,-9.1435,34.6260,-18.3206,77.9847,40.77,In Hand
302850,-6.9097,-4.3072,-3.7613,73.2672,-29.6489,58.8092,40.77,In Hand
302900,-6.7014,-5.0398,-4.7716,61.4656,-1.4046,41.4504,40.72,In Hand
302950,-7.5896,-3.3902,-2.2673,40.7023,5.2977,36.4580,40.86,In Hand
303000,-7.8817,-6.2010,-3.3423,68.2443,13.4656,11.0687,40.91,In Hand
303050,-8.8274,-4.8770,-3.1388,48.0763,18.6870,-11.9695,40.77,In Hand
303100,-7.8937,-4.5993,-2.7629,43.7710,15.2366,-31.3893,40.67,In Hand
303150,-9.0405,-5.0087,-3.1508,49.3435,6.9771,-36.0458,40.67,In Hand
303200,-8.6598,-4.4532,-3.4740,48.8092,-3.5267,-34.6260,40.77,In Hand
303250,-8.1379,-3.6272,-3.5027,40.3969,-12.1985,-23.3740,40.67,In Hand
303300,-7.9535,-3.6248,-3.8092,20.4886,-16.1221,-6.6718,40.86,In Hand
303350,-7.3263,-3.1747,-3.3662,-8.0763,-5.4351,-0.4733,40.72,In Hand
303400,-7.4292,-3.3064,-3.1675,-39.7405,6.4427,-2.1374,40.91,In Hand
303450,-7.2880,-3.4357,-2.7916,-62.7634,19.9542,-5.7252,40.67,In Hand
303500,-7.8626,-4.3479,-2.7749,-69.4657,24.9771,-14.5496,40.53,In Hand
303550,-8.2169,-4.6998,-2.9353,-65.7099,24.4122,-19.6947,40.77,In Hand
303600,-8.1642,-4.8052,-3.0694,-58.9466,21.5420,-19.7252,40.53,In Hand
303650,-8.0517,-4.9775,-3.2034,-43.6336,16.0153,-26.8855,40.53,In Hand
303700,-7.9344,-4.3239,-3.1939,-36.0153,15.4809,-26.1527,40.86,In Hand
303750,-7.7045,-4.0199,-3.1963,-26.4733,10.2137,-22.2901,40.67,In Hand
303800,-7.8913,-3.8786,-3.3423,-22.4427,3.4809,-22.9313,40.86,In Hand
303850,-7.3741,-3.6440,-3.2034,-23.7710,-4.0611,-13.5725,40.77,In Hand
303900,-7.3478,-3.8595,-3.0861,-21.5420,-8.3359,-10.4122,40.67,In Hand
303950,-7.6902,-4.1156,-3.2130,-19.5114,-15.6183,-2.7023,40.44,In Hand
304000,-7.4316,-4.0247,-3.0454,-15.2519,-25.3435,4.7481,40.72,In Hand
304050,-7.8626,-4.2377,-3.2154,-14.7328,-34.4580,10.7939,40.67,In Hand
304100,-7.8362,-4.0845,-3.1603,-16.9313,-44.2137,12.3817,40.58,In Hand
304150,-8.1810,-4.1659,-3.5314,-18.7176,-54.5954,2.8397,40.53,In Hand
304200,-7.5417,-4.0630,-3.7397,-25.4809,-47.1756,-16.8397,40.95,In Hand
304250,-7.7572,-4.0103,-3.6607,-29.6336,-36.3511,-30.8702,40.67,In Hand
304300,-7.2568,-3.8140,-3.2944,-28.8397,-25.1908,-38.4275,40.91,In Hand
304350,-7.8889,-3.9217,-2.7725,-32.1679,-17.1145,-51.4809,40.77,In Hand
304400,-8.5545,-4.2641,-2.5570,-39.5725,-20.0305,-51.0229,40.53,In Hand
304450,-7.9607,-4.0845,-2.3415,-39.6031,-24.9008,-40.3664,40.77,In Hand
304500,-8.1211,-4.3910,-2.4062,-36.4275,-30.6565,-29.4046,40.53,In Hand
304550,-7.9248,-4.2928,-2.4062,-30.7786,-32.9466,-22.0305,40.95,In Hand
304600,-7.7141,-3.8786,-2.3750,-36.7939,-33.4504,-7.6947,40.44,In Hand
304650,-7.7955,-4.3551,-2.5762,-39.4351,-35.4198,6.0000,40.67,In Hand
304700,-7.2832,-4.2665,-2.5522,-34.2137,-26.4275,7.4504,40.67,In Hand
304750,-7.6255,-4.7142,-2.4684,-29.3740,-15.2061,15.9084,40.72,In Hand
304800,-7.8195,-4.7956,-2.2817,-16.1832,-9.6794,15.4198,40.67,In Hand
304850,-8.1858,-4.9081,-2.5211,-7.2672,-1.8168,10.5649,40.58,In Hand
304900,-7.7835,-4.5873,-2.3343,0.4733,1.2519,7.0840,40.44,In Hand
304950,-8.1475,-4.5155,-2.3415,7.0076,3.1756,1.6947,40.53,In Hand
305000,-7.8530,-4.1707,-2.2266,7.2672,3.4198,2.0305,40.95,In Hand
305050,-7.8362,-3.9624,-2.2242,2.7939,5.9237,-0.5496,40.72,In Hand
305100,-8.0469,-4.1156,-2.2218,-7.1145,8.1069,-0.3359,40.67,In Hand
305150,-8.3582,-4.4412,-2.2170,-7.4504,4.2595,-2.2443,40.77,In Hand
305200,-7.7117,-4.2186,-2.1021,-3.5725,5.5573,-9.1450,40.72,In Hand
305250,-7.7835,-4.3024,-2.0758,-1.8015,9.4504,1.1298,40.86,In Hand
305300,-8.0397,-4.4436,-1.9585,2.3511,10.4885,2.4885,40.58,In Hand
305350,-8.2959,-4.5346,-1.8148,6.7786,3.2366,1.5420,40.44,In Hand
305400,-8.2265,-4.4604,-1.9417,11.1298,-8.0305,0.3359,40.67,In Hand
305450,-8.3318,-4.3838,-2.2649,10.0916,-15.7710,1.7405,40.67,In Hand
305500,-7.7452,-4.0390,-2.3607,5.0840,-18.2290,0.0916,40.67,In Hand
305550,-7.5824,-3.8738,-2.4253,-4.2137,-13.2366,0.2748,40.77,In Hand
305600,-7.5561,-4.0701,-2.3415,-12.9924,-4.4733,-0.3664,40.44,In Hand
305650,-7.9057,-4.4293,-2.2769,-14.0916,-0.5954,0.4275,40.72,In Hand
305700,-8.0493,-4.5035,-2.2075,-10.7176,0.6107,-3.4962,40.72,In Hand
305750,-8.0469,-4.3814,-2.1284,-8.6260,0.7481,-3.6641,40.72,In Hand
305800,-8.0134,-4.3120,-2.0207,-8.1221,2.0611,-6.0458,40.72,In Hand
305850,-8.0158,-4.2425,-1.9992,-9.2366,3.4962,-5.6183,40.77,In Hand
305900,-8.0756,-4.2593,-1.9273,-8.1832,4.3359,-6.0000,40.72,In Hand
305950,-8.1068,-4.3383,-1.8675,-5.9847,3.7863,-4.1527,40.44,In Hand
306000,-8.2169,-4.3742,-1.8771,-2.3206,0.6565,-4.6565,40.91,In Hand
306050,-8.1547,-4.3191,-1.9178,-0.7481,-2.1985,-3.8168,40.67,In Hand
306100,-8.0469,-4.3287,-1.9201,0.2290,-4.6412,-0.6870,40.53,In Hand
306150,-8.0876,-4.3742,-2.0494,0.9008,-5.8473,1.9695,40.58,In Hand
306200,-7.7812,-4.2521,-2.0949,0.9771,-4.7634,3.4504,40.44,In Hand
306250,-7.9224,-4.3503,-2.0494,0.2443,-2.1832,6.7939,40.72,In Hand
306300,-8.0493,-4.4101,-2.1237,0.3206,-0.8092,6.4733,40.91,In Hand
306350,-7.9033,-4.3167,-2.0806,0.5802,0.1221,5.8321,40.67,In Hand
306400,-8.0325,-4.3694,-2.0758,-0.7176,0.6412,2.7939,40.95,In Hand
306450,-8.0182,-4.2880,-2.0016,-2.7023,1.9542,0.5954,40.72,In Hand
306500,-8.0134,-4.3048,-2.0135,-3.5725,1.1145,-0.7939,40.67,In Hand
306550,-8.0254,-4.2401,-2.0135,-3.9237,1.6031,-2.0611,40.67,In Hand
306600,-8.0182,-4.3455,-1.9824,-4.9618,2.5191,-0.6260,40.77,In Hand
306650,-8.0637,-4.3359,-1.9297,-4.4733,1.1603,0.3359,40.72,In Hand
306700,-8.0397,-4.2713,-1.9010,-3.6641,-0.0611,-0.5954,40.67,In Hand
306750,-8.0709,-4.3598,-1.9489,-4.4580,0.2901,-2.3206,40.67,In Hand
306800,-7.9751,-4.3359,-1.9130,-4.6565,0.2901,-3.5267,40.58,In Hand
306850,-8.0804,-4.4293,-1.9585,-2.8702,-0.5802,-4.0000,40.77,In Hand
306900,-8.0397,-4.2952,-1.9561,-1.7099,-0.8702,-3.6947,40.72,In Hand
306950,-7.9775,-4.3048,-1.8579,-1.8626,-0.6565,-1.4809,40.95,In Hand
307000,-8.0254,-4.3455,-1.9585,-0.5496,-0.9160,-1.6947,40.72,In Hand
307050,-8.0062,-4.2904,-1.9345,-0.1985,-0.7481,-0.5802,40.72,In Hand
307100,-8.0828,-4.3694,-2.0303,-0.6412,-0.4885,-1.0840,40.77,In Hand
307150,-7.9727,-4.2976,-2.0207,-0.7634,1.0229,0.2901,40.72,In Hand
307200,-8.0780,-4.4005,-1.9992,-0.7328,0.8092,2.6412,40.67,In Hand
307250,-8.1187,-4.3072,-1.9944,-2.0000,0.2595,1.1145,40.86,In Hand
307300,-8.0565,-4.2234,-1.9417,-4.7328,0.4427,-0.2748,40.67,In Hand
307350,-7.9416,-4.3096,-1.9130,-6.0763,2.9924,-4.0153,40.91,In Hand
307400,-8.0756,-4.4293,-1.8675,-3.7099,4.3053,-1.4809,40.72,In Hand
307450,-8.1139,-4.4700,-1.8675,1.9695,2.2443,2.2595,40.67,In Hand
307500,-7.9799,-4.3503,-1.9489,4.9313,0.7939,6.1985,40.72,In Hand
307550,-8.0493,-4.2641,-1.9561,3.0840,-1.2366,6.9160,40.86,In Hand
307600,-7.9487,-4.1851,-1.9704,-0.2901,-1.8473,6.5954,40.72,In Hand
307650,-8.1068,-4.2713,-2.0806,-3.5267,-1.6336,3.8931,40.72,In Hand
307700,-7.9511,-4.3622,-2.0135,-5.2824,0.7634,1.0076,40.58,In Hand
307750,-8.1379,-4.4173,-2.0016,-3.9237,1.0382,-0.8702,40.67,In Hand
307800,-8.0278,-4.3479,-2.0016,-2.5191,1.0229,-4.7786,40.72,In Hand
307850,-8.0038,-4.2569,-1.9345,-2.9618,1.6031,-4.6870,40.72,In Hand
307900,-8.1211,-4.3335,-1.9249,-2.5496,-0.0305,-4.7481,40.67,In Hand
307950,-7.9990,-4.1659,-1.9537,-2.5649,-1.5420,-3.1145,40.77,In Hand
308000,-8.0349,-4.2880,-1.9968,-4.3206,-1.7405,-0.7328,40.53,In Hand
308050,-7.9775,-4.2689,-2.0518,-5.3588,-0.8244,-0.5191,40.72,In Hand
308100,-8.3821,-4.4939,-2.1931,-4.7634,-2.2901,-0.0611,40.44,In Hand
308150,-8.6550,-4.5633,-2.7366,-0.8855,-10.0763,-0.2137,40.67,In Hand
308200,-9.2512,-4.7692,-3.7613,3.4656,-16.0305,0.8855,40.95,In Hand
308250,-8.3175,-3.7350,-4.6519,-10.1527,-13.1450,3.1908,40.58,In Hand
308300,-6.5625,-2.9880,-4.4101,-31.7405,0.8397,8.1679,40.72,In Hand
308350,-6.7373,-3.3998,-4.5346,-59.4962,27.1756,7.0534,40.67,In Hand
308400,-6.9623,-4.2138,-4.8483,-94.3511,51.2519,2.2137,40.77,In Hand
308450,-6.6511,-4.3598,-4.7501,-104.3511,72.1527,-16.1069,40.53,In Hand
308500,-7.6447,-4.8243,-5.2026,-111.8168,83.7710,-23.0840,40.86,In Hand
308550,-8.9280,-6.1244,-5.5785,-99.4198,82.2748,-33.4809,40.58,In Hand
308600,-8.6048,-5.1547,-5.5522,-66.5954,59.1908,-51.6031,40.91,In Hand
308650,-7.8961,-5.1260,-5.6455,-46.6870,49.1298,-62.3817,40.77,In Hand
308700,-6.7684,-3.9696,-5.4708,-48.3206,31.6489,-73.5573,40.67,In Hand
308750,-5.6503,-3.4477,-5.7102,-56.3817,26.9466,-78.5343,40.67,In Hand
308800,-5.4420,-3.3950,-6.1100,-63.6489,21.0382,-71.2672,40.86,In Hand
308850,-5.3319,-3.3902,-6.5912,-72.7328,20.8855,-60.2137,40.86,In Hand
308900,-3.7134,-1.7478,-5.3415,-64.3359,14.3206,-49.7863,40.44,In Hand
308950,-4.2018,-2.0662,-6.6487,-56.9771,8.6412,-41.6641,40.91,In Hand
309000,-4.3191,-2.5043,-7.0701,-51.4351,12.3206,-29.4351,40.67,In Hand
309050,-4.3886,-2.0877,-7.3167,-35.3130,13.8626,-16.7481,40.67,In Hand
309100,-4.2904,-2.0159,-7.6375,-17.5114,13.6641,-6.8397,40.77,In Hand
309150,-4.3622,-1.2665,-7.8434,-9.4962,9.9389,4.6718,40.67,In Hand
309200,-4.3120,-1.1277,-8.3510,-18.9160,7.5267,8.9466,40.44,In Hand
309250,-4.4101,-0.8499,-8.8992,-20.6565,1.8015,21.2977,40.53,In Hand
309300,-4.1970,-0.7135,-9.4739,-32.3511,0.5649,24.1679,40.86,In Hand
309350,-4.0486,-0.5363,-9.7659,-36.2443,2.8397,31.1908,40.77,In Hand
309400,-3.9002,-0.2107,-9.7683,-52.9466,-0.9924,28.7939,40.86,In Hand
309450,-3.9169,-1.1301,-8.9926,-43.2214,-6.3664,22.8244,40.58,In Hand
309500,-3.7469,0.0335,-8.9830,-52.6718,-5.1756,17.1145,40.67,In Hand
309550,-3.1915,0.6440,-8.9471,-67.9542,1.9084,-0.4733,40.72,In Hand
309600,-3.0143,0.1484,-8.9112,-71.5115,13.1908,-9.9847,40.67,In Hand
309650,-2.8970,0.9625,-8.5665,-66.6412,25.0534,-17.1298,40.58,In Hand
309700,-3.8403,4.8459,-7.0390,-72.1069,25.0992,-25.6489,40.67,In Hand
309750,-5.1308,2.7246,-6.9264,-99.3130,-27.6489,-0.2290,40.58,In Hand
309800,-3.1556,1.3719,-7.0868,-94.1069,-34.4122,-22.8855,40.58,In Hand
309850,-3.0574,4.0223,-6.5769,-105.8473,-32.0305,-46.8550,40.58,In Hand
309900,-5.4348,5.7006,-6.2800,-116.5649,-51.4198,-33.0687,40.86,In Hand
309950,-5.3103,5.9304,-6.8761,-108.0916,-60.7939,-10.0153,40.77,In Hand
310000,-5.3056,6.3303,-5.6312,-105.4351,-56.5496,-3.3282,40.95,In Hand
310050,-5.2984,5.4253,-4.1683,-105.6947,-43.8321,-8.7328,40.72,In Hand
310100,-4.7070,4.6926,-4.1037,-90.3206,-34.7634,-21.3282,40.72,In Hand
310150,-5.8155,7.6495,-1.9704,-91.4657,-35.0687,-26.5496,40.72,In Hand
310200,-5.3319,5.8921,-1.8818,-84.7786,-31.1603,-12.6107,40.67,In Hand
310250,-7.2209,5.3750,-0.2203,-46.4275,-21.0076,-2.2901,40.72,In Hand
310300,-6.2441,5.4300,-0.9146,-8.0153,-7.2061,1.5267,40.77,In Hand
310350,-6.7612,7.1491,-1.1684,7.3435,4.3664,-0.1679,40.67,In Hand
310400,-6.4787,7.4005,-1.6520,-10.5496,11.4656,2.9924,40.72,In Hand
310450,-6.2177,7.2305,-1.1325,-16.4733,14.4885,8.0305,40.67,In Hand
310500,-5.6479,7.7740,-1.5874,-13.3282,10.2137,8.8397,40.67,In Hand
310550,-5.4037,9.8019,-1.3120,-50.1374,15.0229,16.6412,40.72,In Hand
310600,-5.8275,7.3789,-0.8212,-78.9160,31.2824,32.5954,40.91,In Hand
310650,-5.6599,7.4101,-0.2921,-54.6412,26.6107,42.3359,40.67,In Hand
310700,-5.4660,7.4795,-0.6560,-48.5802,37.2061,42.0305,40.67,In Hand
310750,-4.7142,9.8497,-0.7470,-69.0229,37.4962,48.6870,40.91,In Hand
310800,-5.4755,8.4707,-0.3352,-86.4275,30.6870,49.8473,40.58,In Hand
310850,-4.9225,8.9926,0.1700,-80.0305,29.7099,50.1527,40.67,In Hand
310900,-5.1643,8.5473,0.3160,-94.7939,31.4504,60.7328,40.95,In Hand
310950,-4.4245,8.5617,1.0415,-82.5649,15.8473,76.8855,40.58,In Hand
311000,-3.4213,8.8849,2.1117,-73.4809,2.0458,79.0840,40.91,In Hand
311050,-3.3016,9.3446,2.7318,-69.4351,-11.5725,88.3359,40.72,In Hand
311100,-1.5060,10.3430,3.4213,-82.5954,-5.0076,82.6107,40.86,In Hand
311150,-1.7214,9.1650,3.8164,-79.1298,-15.4962,60.0458,40.58,In Hand
311200,-0.7614,9.4427,4.2497,-81.7710,-18.7023,57.1298,40.58,In Hand
311250,0.6201,8.5521,5.3750,-77.8931,-25.6183,58.3053,40.53,In Hand
311300,0.7398,8.4803,5.6024,-71.5573,-24.8397,45.0992,40.53,In Hand
311350,2.2146,7.6207,6.6535,-80.8092,-16.7634,48.5191,40.86,In Hand
311400,2.3343,6.8163,6.7852,-67.8931,-13.1756,39.1145,40.72,In Hand
311450,1.8483,7.0964,7.1922,-64.3053,-11.1756,36.6718,40.91,In Hand
311500,2.6983,5.8395,7.7045,-53.4198,-9.0687,32.2748,40.72,In Hand
311550,2.7438,5.4468,8.0206,-45.1756,-7.0687,26.1832,40.72,In Hand
311600,3.0071,5.1140,8.2576,-30.3206,-10.3817,20.7786,40.77,In Hand
311650,3.0215,4.9177,8.4204,-17.6947,-9.4656,14.4733,40.86,In Hand
311700,3.2417,5.4324,8.1714,-5.4504,-6.6565,9.0229,40.86,In Hand
311750,3.1675,5.2744,8.1906,-4.5649,0.3817,4.1985,40.72,In Hand
311800,3.1987,5.7126,8.0661,-1.4809,6.6718,-1.5878,40.44,In Hand
311850,3.2920,5.7461,8.2504,-4.2595,14.6260,-2.9160,40.77,In Hand
311900,2.4086,5.7102,8.0780,-8.3664,15.7557,0.7176,40.86,In Hand
311950,3.0861,6.1794,8.2025,-17.3130,20.2137,3.3893,40.67,In Hand
312000,1.8364,6.3758,8.6383,-23.7710,26.8855,7.6641,40.77,In Hand
312050,1.9417,6.6846,8.4300,-43.1450,31.8168,19.3130,40.77,In Hand
312100,2.7150,6.7014,8.7580,-63.0229,38.6260,17.2061,40.91,In Hand
312150,1.5562,5.5067,8.1714,-96.2137,43.0534,4.5649,40.77,In Hand
312200,2.0590,4.3838,8.5688,-132.5954,28.7481,-2.7176,40.77,In Hand
312250,-0.1772,-0.5028,10.8625,-114.6107,27.0229,9.8473,40.67,In Hand
312300,1.1277,1.0702,10.0509,-66.3817,22.1832,1.9084,40.77,In Hand
312350,2.2745,0.9697,10.5608,-81.9084,32.0763,3.9847,40.44,In Hand
312400,0.9792,-0.8859,10.6159,-78.1527,32.0305,1.5420,40.67,In Hand
312450,0.8308,-2.0279,11.1666,-48.5802,21.4198,-1.4351,40.91,In Hand
312500,0.2753,-1.5227,11.0301,-24.4122,12.1679,-1.8015,40.77,In Hand
312550,0.4046,-1.7119,10.6350,1.4198,2.0458,-3.1145,40.77,In Hand
312600,0.3280,-1.0654,9.8904,23.7557,-5.0229,-6.7176,40.77,In Hand
312650,0.8882,-0.5004,9.9838,22.7023,-4.6718,-13.2061,40.67,In Hand
312700,1.5036,1.5897,10.2639,4.7328,6.4275,-26.1374,40.72,In Hand
312750,0.4166,-1.3192,10.2280,-11.9389,4.1374,-28.3511,40.95,In Hand
312800,-0.2873,-2.9449,11.1163,50.1985,-7.5725,-13.0076,40.72,In Hand
312850,-0.0192,1.5299,10.5129,86.5343,-24.4733,0.6565,40.91,In Hand
312900,1.2546,2.3966,9.9479,55.4351,-35.1450,-2.0611,40.67,In Hand
312950,2.0782,3.1244,10.1131,67.6489,-28.2290,23.4351,40.77,In Hand
313000,2.0135,2.0782,9.8186,52.0916,-22.7328,31.8626,40.86,In Hand
313050,0.8284,0.7805,10.7524,37.0076,-11.4656,-13.1450,40.95,In Hand
313100,2.3104,2.6552,9.6031,50.5191,-4.3053,-18.5038,40.91,In Hand
313150,2.3320,5.1739,8.9663,44.9160,23.7710,-12.3511,40.67,In Hand
313200,1.8962,4.6400,9.7636,30.0305,29.4198,-9.8015,41.09,In Hand
313250,0.1580,4.9919,10.8362,37.4809,35.0534,-9.4656,40.72,In Hand
313300,0.4884,4.1324,8.9256,3.5878,20.7176,-25.7099,40.72,In Hand
313350,0.3831,5.2122,9.2225,23.3893,31.5420,-21.2824,40.77,In Hand
313400,-0.7230,5.6814,10.4387,-10.2290,16.5344,-15.3893,40.72,In Hand
313450,-0.1413,4.5945,9.7013,-1.3282,5.7405,-4.2748,40.91,In Hand
313500,-0.1317,3.6248,9.3134,7.3588,6.3206,-3.8168,40.91,In Hand
313550,-0.0479,5.1068,9.5337,3.4046,4.0305,-6.9924,40.67,In Hand
313600,-0.3304,4.3742,9.3398,4.0305,1.3130,-6.8244,40.67,In Hand
313650,-0.1508,4.7094,9.1937,2.5802,-1.8779,-7.2672,40.86,In Hand
313700,-0.4669,5.1978,9.6917,-19.6947,1.3130,-3.4198,40.67,In Hand
313750,-0.0335,4.5562,9.2320,-20.0916,-3.8321,0.6107,40.44,In Hand
313800,-0.3017,4.5274,9.5912,-20.2290,-1.7405,0.2137,40.72,In Hand
313850,-0.2370,4.2689,9.7013,-20.3817,1.5420,5.9542,40.95,In Hand
313900,0.2418,3.7637,9.8545,-12.8244,-0.8092,1.6947,40.77,In Hand
313950,0.0335,3.7134,9.4188,-7.6489,7.1450,3.4656,40.72,In Hand
314000,-0.2394,4.4269,9.7995,-7.3435,7.3435,1.0229,40.77,In Hand
314050,0.0551,3.5171,9.6199,4.4275,0.3053,2.9618,40.67,In Hand
314100,-0.2945,4.3383,10.1323,-1.3130,1.9084,-1.4046,40.95,In Hand
314150,-0.0479,4.1108,9.9335,1.4809,1.6794,1.8626,40.86,In Hand
314200,-0.6464,4.5035,9.9144,-6.2443,0.2290,-2.4885,40.86,In Hand
314250,0.9649,3.9169,9.4739,-16.8702,8.4275,-5.7710,40.67,In Hand
314300,-1.5754,3.5674,9.9216,-3.7252,1.7405,-3.9389,40.77,In Hand
314350,0.4525,3.7637,9.6702,4.0611,2.5344,-0.8397,40.67,In Hand
314400,-1.2043,3.8834,9.9527,-7.7405,2.9466,3.2672,40.77,In Hand
314450,-0.1341,4.1731,10.1107,6.3817,-2.6412,-0.5802,40.91,In Hand
314500,-0.4597,4.1420,9.8857,-5.7863,-1.7099,1.7557,40.77,In Hand
314550,0.1437,3.8020,9.9718,2.6260,-2.1069,-4.4733,40.91,In Hand
314600,-0.3879,4.4149,9.8162,-8.1374,-3.6031,-2.1832,40.91,In Hand
314650,-0.0718,3.4500,9.5505,0.7786,-5.8015,-7.2824,40.72,In Hand
314700,-0.1125,4.1875,9.9264,1.5878,-6.1527,-4.3359,40.77,In Hand
314750,0.3352,3.5314,10.1323,-2.3359,-0.8702,-1.9389,40.72,In Hand
314800,-0.3041,3.8235,9.8976,6.0000,-1.8931,-4.0305,40.77,In Hand
314850,-0.2825,4.3359,9.9264,4.1527,-3.1908,0.1679,40.95,In Hand
314900,-0.2658,4.3814,9.7229,-1.0382,-4.4427,4.0000,40.86,In Hand
314950,-0.2849,4.2784,9.5912,-4.5191,-5.0229,4.7328,40.77,In Hand
315000,-0.0910,4.1156,9.7803,-5.3588,-9.2366,3.2519,40.77,In Hand
315050,0.4429,4.0270,9.4978,-1.3893,-9.2366,1.0076,40.77,In Hand
315100,-0.1293,4.3287,10.2304,-4.3969,-15.1908,-0.9313,41.09,In Hand
315150,0.4693,4.0725,9.0908,-3.7405,-21.2672,2.5649,40.77,In Hand
315200,-0.8595,3.9169,10.4962,4.3359,-35.9542,8.1985,40.58,In Hand
315250,-0.3591,4.7429,10.5010,2.1069,-59.1603,10.8397,40.95,In Hand
315300,0.7853,4.5011,9.5888,1.4962,-71.4809,17.8473,40.91,In Hand
315350,2.1572,3.8403,8.9112,4.9771,-72.5343,22.6412,40.95,In Hand
315400,3.1580,3.0813,8.2648,15.2672,-65.8626,22.5038,40.95,In Hand
315450,4.5179,2.8659,7.3765,25.5725,-45.8168,9.0076,40.91,In Hand
315500,4.4628,3.4572,7.7740,28.5038,-31.4656,1.5267,40.77,In Hand
315550,4.5633,3.3567,7.4412,38.3969,-22.1221,-5.1145,40.86,In Hand
315600,4.0749,2.7964,8.4204,72.5191,-34.0000,18.1985,40.86,In Hand
315650,4.9775,5.8347,7.0318,88.4580,-49.7252,15.3740,40.86,In Hand
315700,5.0685,6.7086,6.2920,88.2443,-42.9160,26.3053,40.77,In Hand
315750,5.8778,6.4572,5.7628,64.7023,-34.2748,10.4580,40.86,In Hand
315800,5.5019,7.3909,5.9089,48.8550,-17.7710,12.8244,40.72,In Hand
315850,6.1148,6.6080,5.3989,44.8550,-2.2595,12.2443,40.95,In Hand
315900,5.2625,6.2034,5.2529,54.0153,1.5267,13.0840,40.72,In Hand
315950,5.7150,7.1778,4.6256,65.7557,6.1069,7.0229,40.86,In Hand
316000,6.2058,8.0062,4.7525,70.5038,4.7634,-3.7710,40.91,In Hand
316050,5.8586,11.7076,4.3742,40.4275,11.4046,8.1985,40.77,In Hand
316100,5.7844,10.6853,4.0797,-18.1832,11.4046,13.5115,40.77,In Hand
316150,6.1411,8.7125,4.3335,-58.8397,16.1527,-8.7786,40.67,In Hand
316200,6.1531,6.3327,4.1324,-76.6565,24.4122,-34.9771,40.77,In Hand
316250,6.6702,5.4660,4.1037,-86.2443,41.9389,-71.0382,40.86,In Hand
316300,8.0613,4.2353,6.1387,-76.5038,54.9771,-98.3664,40.72,In Hand
316350,4.3646,4.7525,9.0214,-58.7023,49.0992,-105.7252,40.77,In Hand
316400,3.6129,2.3703,9.3972,40.2595,9.7252,-95.4962,40.91,In Hand
316450,1.4006,8.1930,7.6231,118.5496,-42.7634,-74.4885,40.72,In Hand
316500,2.1644,9.6031,3.4285,108.5343,-63.6641,-68.1221,40.67,In Hand
316550,1.9273,10.6805,2.8036,53.2519,-68.6412,-88.1832,40.72,In Hand
316600,-0.1796,10.6135,2.8778,21.1603,-77.7252,-92.0916,40.77,In Hand
316650,-1.9130,10.3190,3.1603,9.9695,-101.1603,-98.4885,40.67,In Hand
316700,-1.5036,10.3884,3.6871,-3.8321,-80.6565,-85.9084,40.67,In Hand
316750,-0.7901,9.0573,2.7198,-31.7710,-63.9695,-76.2137,40.86,In Hand
316800,-2.1476,4.2665,6.2273,42.7786,-59.8015,-40.0458,40.91,In Hand
316850,-1.1995,8.7173,3.8211,90.5191,-1.8321,-29.0076,40.91,In Hand
316900,-2.4181,12.3852,3.0311,19.5573,5.7099,-8.4733,40.72,In Hand
316950,-1.9082,8.1020,3.1364,-33.6489,-18.0458,11.1603,40.44,In Hand
317000,-1.1875,9.5960,3.7733,11.4198,-38.8550,12.1985,40.91,In Hand
317050,-0.2514,9.0118,4.2234,-15.6031,-25.9389,-4.1527,40.91,In Hand
317100,-1.0630,10.2855,6.0741,-10.9618,-15.9695,-35.8626,40.72,In Hand
317150,-2.3703,5.1715,7.1898,9.3435,7.3893,-43.5420,40.77,In Hand
317200,-2.1739,13.1130,6.2968,-8.5802,-14.0000,-11.5267,40.58,In Hand
317250,-0.2945,10.8218,5.7533,-61.4198,-36.4733,-11.4046,40.95,In Hand
317300,-2.3200,6.1699,5.7748,-0.2595,-26.0916,-21.0687,40.72,In Hand
317350,-3.1987,10.1706,3.6105,16.2748,-38.4580,-15.1298,40.86,In Hand
317400,-3.2825,8.8298,5.0230,10.1069,-68.0458,-34.6260,40.58,In Hand
317450,-1.8842,7.3334,4.5179,19.9847,-82.7786,-18.3664,40.91,In Hand
317500,-2.2458,8.5593,4.3335,29.2977,-71.0840,-20.3969,40.72,In Hand
317550,-2.5259,8.9304,5.4636,10.0611,-62.1679,-20.6260,40.72,In Hand
317600,-3.0622,9.0333,6.1172,20.0305,-75.2519,-15.0534,40.91,In Hand
317650,-1.3599,11.2743,4.5203,20.9618,-82.9008,-0.5802,40.77,In Hand
317700,-1.2258,9.5289,2.8730,-13.9847,-79.8321,8.7634,40.77,In Hand
317750,-0.3136,7.0366,3.0287,9.9542,-64.2443,-1.1298,40.91,In Hand
317800,-0.0646,8.6287,3.0430,33.8473,-37.7557,-18.7328,40.67,In Hand
317850,-0.2514,9.9814,2.9113,9.8473,-19.7405,-28.6107,40.95,In Hand
317900,-1.3360,10.0676,3.9744,-11.2061,-10.5496,-21.6031,40.77,In Hand
317950,-1.6568,9.4834,4.7908,-6.4427,-14.9008,-11.9389,40.77,In Hand
318000,-1.1013,9.8521,3.9385,-3.3740,-14.2748,0.5649,40.86,In Hand
318050,-1.4222,9.5026,3.8020,-6.4885,-13.2061,5.0992,41.05,In Hand
318100,-1.5682,9.0333,3.8068,-4.1069,-18.1221,3.1756,40.77,In Hand
318150,-1.3024,9.1937,3.2801,5.1908,-19.0840,1.2519,40.91,In Hand
318200,-0.9457,9.3709,2.8970,9.3130,-16.3511,-6.2901,40.72,In Hand
318250,-1.3671,9.6582,2.6408,10.6870,-16.2137,-5.9084,40.91,In Hand
318300,-0.7422,9.5002,1.9968,11.0534,-25.7252,-5.4809,40.86,In Hand
318350,0.6967,10.3118,2.5307,11.4046,-18.1985,-7.8779,40.77,In Hand
318400,0.5650,10.8577,3.0311,2.9618,4.7481,-9.6031,40.86,In Hand
318450,-0.6632,9.8114,3.1436,0.9466,3.7863,-0.2748,40.86,In Hand
318500,-0.6057,8.8370,3.4333,5.1756,-14.1527,7.9084,40.77,In Hand
318550,-0.6752,8.3941,3.8379,10.6412,-24.8550,1.6183,40.86,In Hand
318600,-0.4190,8.8945,3.6679,7.3588,-33.1145,-13.8779,40.86,In Hand
318650,-0.2418,9.4379,3.8954,-1.0992,-39.0382,-23.9695,40.77,In Hand
318700,-0.5650,9.5193,3.9241,-3.5267,-46.0611,-28.0153,40.67,In Hand
318750,-0.7207,9.8904,3.8547,-0.6565,-58.4885,-24.0153,40.72,In Hand
318800,-0.3448,9.7540,3.6536,-6.2443,-68.6870,-16.2748,40.72,In Hand
318850,0.0239,9.7252,3.5291,-8.5802,-66.5954,-13.1145,40.91,In Hand
318900,-0.2825,9.9838,3.5698,-11.6031,-57.6489,-17.1145,40.67,In Hand
318950,-2.0375,9.7133,3.9887,-12.1527,-48.9618,-33.8321,40.67,In Hand
319000,-2.6624,9.7899,3.7972,-10.7634,-57.1756,-39.4351,40.91,In Hand
319050,-0.7997,9.8043,3.6248,-9.5267,-65.9695,-25.2977,40.77,In Hand
319100,-0.8499,8.6431,3.6464,2.3511,-59.8626,-9.7557,40.77,In Hand
319150,-2.5187,8.6670,3.8211,12.1527,-56.4122,-10.4885,40.77,In Hand
319200,-2.8754,8.7771,3.7781,7.0992,-63.0687,-17.4809,40.91,In Hand
319250,-2.0542,8.7556,4.1180,2.4122,-62.1832,-22.2290,40.77,In Hand
319300,-0.9505,8.8083,3.8403,5.9237,-50.4427,-23.5725,40.86,In Hand
319350,-1.2977,8.9878,3.8690,4.9771,-41.5725,-22.2137,40.95,In Hand
319400,-1.9752,8.6646,4.1611,2.4580,-35.6489,-23.8626,40.91,In Hand
319450,-2.5618,8.6503,4.5418,4.4580,-35.1298,-29.5878,40.86,In Hand
319500,-2.3942,9.2392,4.5131,2.7328,-35.7710,-32.3817,40.58,In Hand
319550,-2.0710,9.7157,4.5969,-0.2290,-35.9389,-27.6947,40.58,In Hand
319600,-1.8124,9.5026,4.4556,-4.9313,-34.5954,-16.7328,40.77,In Hand
319650,-1.2689,9.0644,3.8379,-2.0763,-24.5344,-11.8626,40.67,In Hand
319700,-1.2043,9.6414,4.0989,2.2443,-13.1908,-1.9237,40.77,In Hand
319750,-1.7334,9.3398,4.4341,-4.8855,-4.9771,4.1679,40.91,In Hand
319800,-2.4086,8.6670,4.1396,-2.7939,-1.9084,2.4885,40.86,In Hand
319850,-1.6352,8.8155,3.7373,-0.3969,-6.8244,-2.3053,40.86,In Hand
319900,-1.1636,8.2313,3.8714,3.7557,-3.3740,-6.0763,40.95,In Hand
319950,-1.3982,9.4571,4.8674,6.0611,3.8931,-6.0916,40.72,In Hand
320000,-1.7190,9.7803,4.8363,-10.0763,11.0229,-1.4656,40.91,In Hand
320050,-2.3367,9.0094,4.5610,-11.6489,6.6718,2.2290,40.91,In Hand
320100,-1.5850,8.6910,4.0294,-6.9924,0.6565,-0.5344,40.86,In Hand
320150,-1.4317,8.7197,4.2569,0.5954,-0.6412,-2.2290,40.72,In Hand
320200,-2.4588,9.2344,4.9033,2.1832,-5.6336,-0.7939,40.95,In Hand
320250,-2.1524,9.1889,4.3886,1.6031,-10.5802,-2.2443,40.86,In Hand
320300,-1.2929,9.6247,4.0749,-1.0534,-10.6107,2.3359,40.77,In Hand
320350,-1.1803,9.1387,3.9409,-2.2290,-8.0153,8.1374,40.95,In Hand
320400,-1.1827,8.9615,3.8331,0.6107,-1.4809,7.3435,40.67,In Hand
320450,-1.3216,8.9304,3.8954,-0.7328,5.2824,4.2290,40.67,In Hand
320500,-1.5060,8.9783,4.1803,-3.7405,10.3969,0.7023,40.86,In Hand
320550,-1.4078,9.0118,4.1228,-6.6870,12.4580,-2.1221,40.77,In Hand
320600,-1.3695,9.0788,4.3335,-5.3588,13.2672,-1.5573,40.67,In Hand
320650,-1.5802,9.1291,4.4245,-4.4122,11.3740,0.2443,40.91,In Hand
320700,-1.8148,9.1028,4.5274,-3.0229,8.0000,1.0382,40.95,In Hand
320750,-1.7358,8.9854,4.4700,-3.5420,3.6336,0.6718,40.58,In Hand
320800,-1.5706,8.9950,4.4125,-2.4122,3.9695,0.4427,40.95,In Hand
320850,-1.5658,9.0884,4.3215,-2.2137,2.2901,0.9008,40.72,In Hand
320900,-1.6664,8.9830,4.2449,-2.0763,1.5267,-0.1832,40.58,In Hand
320950,-1.7023,9.1578,4.3479,-2.3817,3.2061,-1.5267,40.77,In Hand
321000,-1.7119,9.3422,4.4365,-3.2061,3.5115,0.0763,40.58,In Hand
321050,-1.5419,9.3015,4.3120,-3.0534,1.9084,4.7176,40.77,In Hand
321100,-1.6664,9.1243,4.2760,-2.6870,0.3817,7.8321,40.67,In Hand
321150,-1.5083,9.2009,4.3096,-2.6565,1.7710,9.1908,40.72,In Hand
321200,-1.3743,9.1578,4.1659,-4.8855,4.3511,10.1985,40.86,In Hand
321250,-1.3743,8.9064,3.9002,-4.7786,8.5191,8.5802,40.86,In Hand
321300,-1.2665,8.8011,3.9576,-1.5115,13.2214,5.8168,40.86,In Hand
321350,-1.2306,9.2153,4.2258,-0.6565,17.1603,3.2061,40.91,In Hand
321400,-1.3743,9.0692,4.3551,-3.0687,17.0687,2.3359,40.86,In Hand
321450,-1.3503,9.0070,4.4125,-1.9237,14.1069,2.2901,40.72,In Hand
321500,-1.4030,9.0836,4.4149,-1.6794,11.8168,2.9008,40.72,In Hand
321550,-1.6664,9.0046,4.2569,-0.8397,7.8931,0.7328,40.95,In Hand
321600,-1.6065,9.2632,4.2784,-0.7481,5.4809,-2.0000,40.91,In Hand
321650,-1.3958,9.3805,4.0893,-2.8092,4.2137,-0.4885,40.91,In Hand
321700,-1.1995,9.3565,4.0893,-2.9771,6.4580,2.9313,40.91,In Hand
321750,-1.1468,9.2919,4.1348,-5.7557,11.1603,6.1374,40.91,In Hand
321800,-1.4772,9.1219,4.2545,-6.3359,12.6870,6.7786,40.91,In Hand
321850,-1.4772,9.0190,4.3694,-6.1832,11.1908,5.9695,40.86,In Hand
321900,-1.4724,9.2632,4.5203,-6.9924,8.5649,6.6870,40.91,In Hand
321950,-1.4317,8.9926,4.3287,-8.6412,6.2443,6.1069,40.77,In Hand
322000,-1.3120,8.6742,4.3024,-5.0076,6.9160,2.3359,40.72,In Hand
322050,-1.4078,9.0381,4.4029,-2.4733,6.5954,-0.3817,40.91,In Hand
322100,-1.4030,9.0860,4.5131,-3.2824,3.1603,0.0458,40.91,In Hand
322150,-1.5969,9.2512,4.6998,-4.1985,-0.0305,0.9160,40.95,In Hand
322200,-1.4245,9.2033,4.5179,-4.9313,-4.6412,2.4885,40.91,In Hand
322250,-1.2570,8.7987,4.1061,-2.5802,-6.2901,1.2977,41.09,In Hand
322300,-1.2186,8.8490,4.1587,0.9466,-4.5954,-2.0305,40.72,In Hand
322350,-1.3384,9.1243,4.2976,-0.2137,-3.3740,-3.9542,40.95,In Hand
322400,-1.3264,9.2488,4.3239,-1.9084,-2.5344,-3.8473,40.91,In Hand
322450,-1.2809,9.2560,4.2306,-2.5802,-2.3969,-2.1832,40.91,In Hand
322500,-1.3838,9.2057,4.1683,-1.7710,-2.8244,-0.4580,40.91,In Hand
322550,-1.2857,9.0668,4.2928,-0.8397,-2.3817,-0.3206,40.91,In Hand
322600,-1.4317,9.0644,4.3287,0.2443,-2.8397,-1.0840,40.72,In Hand
322650,-1.3623,9.0549,4.3144,-0.3359,-3.5115,-2.1985,40.95,In Hand
322700,-1.3671,9.1459,4.2329,-1.9084,-3.6031,-2.4122,40.86,In Hand
322750,-1.3431,9.0956,4.1731,-1.1908,-3.9695,-2.3969,40.77,In Hand
322800,-1.2833,9.2320,4.1563,-0.6260,-3.6336,-1.7710,40.95,In Hand
322850,-1.3096,9.1243,4.1420,-0.9618,-2.1679,-1.3435,40.72,In Hand
322900,-1.3623,9.1937,4.1707,-1.5420,-1.1450,-1.2214,40.91,In Hand
322950,-1.3096,9.1315,4.1731,-1.9084,-0.4733,-0.9466,40.67,In Hand
323000,-1.3647,9.0932,4.2042,-2.0305,0.0153,-1.3282,40.77,In Hand
323050,-1.3719,9.1315,4.2904,-1.4656,-0.7328,-1.7710,40.91,In Hand
323100,-1.3934,9.1866,4.2521,-1.7405,-1.2672,-1.6336,41.05,In Hand
323150,-1.4126,9.1482,4.1707,-0.9160,-1.0076,-1.3588,40.77,In Hand
323200,-1.3647,9.0740,4.1348,-1.7557,-0.7786,-1.5725,40.86,In Hand
323250,-1.3862,9.2584,4.1755,-1.7557,0.1374,-1.1298,40.86,In Hand
323300,-1.4389,9.1506,4.1563,-2.4427,0.1374,-0.7634,40.86,In Hand
323350,-1.3815,9.1554,4.1204,-1.8168,1.1298,-0.4733,40.91,In Hand
323400,-1.3192,9.2584,4.2713,-3.6641,2.5496,0.4427,40.91,In Hand
323450,-1.4269,9.1315,4.3239,-4.9160,3.1908,0.9008,41.05,In Hand
323500,-1.3791,9.1411,4.2449,-5.5267,2.9466,0.8397,40.95,In Hand
323550,-1.4605,9.0477,4.3191,-4.3359,2.1985,1.0840,40.95,In Hand
323600,-1.5443,9.0956,4.3551,-2.9160,-0.7634,0.3664,40.86,In Hand
323650,-1.4988,9.0381,4.3479,-1.0840,-2.4427,0.7786,40.86,In Hand
323700,-1.4509,9.1219,4.3167,-0.3969,-3.1145,0.4122,40.91,In Hand
323750,-1.3815,9.0621,4.2234,-1.1756,-2.4122,-0.5496,40.91,In Hand
323800,-1.3312,9.1267,4.2162,-1.4046,-1.6336,-0.8855,40.91,In Hand
323850,-1.3168,9.2368,4.1851,-2.1679,-0.0458,-0.7939,40.67,In Hand
323900,-1.2546,9.0477,4.0582,-2.2595,0.9771,-0.3359,40.77,In Hand
323950,-1.3264,9.1004,4.2138,-1.7863,2.4275,-0.4885,40.95,In Hand
324000,-1.5275,9.0740,4.2497,-1.9542,3.0382,-1.7099,40.77,In Hand
324050,-1.5514,9.1961,4.1611,-1.6641,1.3893,-1.9084,40.95,In Hand
324100,-1.4245,9.1147,4.1132,-1.4198,0.7481,-1.8626,40.67,In Hand
324150,-1.3120,9.1506,4.1348,-1.5725,1.3588,-1.9389,40.77,In Hand
324200,-1.3767,9.1075,4.1970,-2.6718,2.7786,-2.4275,40.91,In Hand
324250,-1.3264,9.1004,4.1731,-4.6718,3.2519,-4.2595,41.05,In Hand
324300,-1.3599,8.9232,4.2928,-4.0611,2.5649,-5.7252,40.67,In Hand
324350,-1.5969,8.8729,4.4580,-2.1069,-1.8168,-7.4809,40.77,In Hand
324400,-1.7166,9.0309,4.6376,-2.1985,-7.4351,-7.6947,40.95,In Hand
324450,-1.6424,9.0237,4.7549,-1.0534,-12.6870,-7.3282,40.91,In Hand
324500,-1.7119,8.8035,4.6088,1.3893,-15.8168,-9.2672,41.05,In Hand
324550,-1.7933,8.8466,4.6328,3.9542,-21.4962,-11.8321,40.91,In Hand
324600,-1.6281,8.6191,4.8076,4.8855,-26.4275,-14.9618,40.91,In Hand
324650,-1.8244,8.5736,4.9536,5.0687,-30.7023,-17.7099,40.91,In Hand
324700,-2.0255,8.6503,4.9392,4.5802,-36.2595,-19.5725,40.77,In Hand
324750,-2.1955,8.5641,4.8722,5.4198,-36.7786,-25.2824,40.77,In Hand
324800,-2.8730,9.0309,4.8171,8.1679,-39.8931,-27.6183,41.05,In Hand
324850,-2.4517,9.4523,4.5179,10.5344,-47.8473,-24.1832,40.86,In Hand
324900,-2.0135,9.0549,4.2329,11.5573,-51.1298,-18.5038,40.91,In Hand
324950,-2.2027,8.7436,4.1084,12.2748,-46.7786,-19.2061,40.91,In Hand
325000,-2.2170,8.7532,4.1659,8.1221,-42.3511,-21.9389,40.91,In Hand
325050,-2.1883,8.3917,4.1635,13.7405,-40.9466,-19.5114,40.58,In Hand
325100,-2.1620,9.1985,4.1108,18.0153,-39.6031,-14.5802,40.86,In Hand
325150,-2.2266,9.1315,4.2210,16.5802,-34.4427,-12.4122,40.72,In Hand
325200,-2.4876,9.3302,4.5155,16.7176,-30.2595,-10.7634,40.86,In Hand
325250,-2.5307,9.0261,4.3790,10.4733,-26.7023,-9.8321,41.05,In Hand
325300,-2.4014,8.5976,4.3407,9.5420,-24.3206,-9.3588,40.91,In Hand
325350,-2.3296,8.4108,4.3814,10.6565,-19.3893,-10.7023,41.05,In Hand
325400,-2.4062,8.5521,4.5083,12.3817,-13.2061,-14.5649,40.95,In Hand
325450,-2.8299,9.1746,4.6735,6.9466,-10.0611,-14.8397,41.05,In Hand
325500,-3.0526,9.0525,4.4987,6.4427,-14.5038,-8.0305,40.67,In Hand
325550,-3.0239,9.3278,4.3551,7.4504,-21.7557,2.2595,40.91,In Hand
325600,-2.4876,9.6223,4.1108,8.0916,-26.4122,9.7099,40.86,In Hand
325650,-2.1763,9.5577,3.8403,8.3664,-24.1221,12.9771,40.91,In Hand
325700,-1.4413,9.0884,3.6368,8.9313,-25.6031,18.8702,40.91,In Hand
325750,-1.2306,9.1770,3.8618,12.9466,-21.2061,18.0458,40.86,In Hand
325800,-2.2386,9.9431,3.6129,10.6718,-24.6260,12.0916,40.91,In Hand
325850,-1.5826,9.3996,2.8012,1.4656,-34.8702,4.0153,40.77,In Hand
325900,-0.9720,8.8969,2.3463,5.2977,-37.7099,-1.6794,41.09,In Hand
325950,-1.0534,9.6486,2.4588,10.9466,-33.3130,-9.2824,40.67,In Hand
326000,-0.6512,10.2544,2.1404,4.1527,-32.9466,-9.8473,40.72,In Hand
326050,-0.4956,9.4715,1.8076,7.8168,-31.5114,-4.7023,40.95,In Hand
326100,-0.8212,9.2249,1.8747,20.5802,-30.9466,-3.1145,40.91,In Hand
326150,-0.9720,9.2895,2.0159,22.6565,-32.0153,-5.0382,40.86,In Hand
326200,-0.7997,9.4667,2.2338,20.6260,-34.3511,-5.2672,41.05,In Hand
326250,-0.0431,9.8569,2.2122,12.7634,-28.6260,-7.0687,40.91,In Hand
326300,-0.2538,9.5600,2.1979,9.0229,-17.6183,-13.6031,40.91,In Hand
326350,-0.1652,9.6151,2.7078,4.5344,-16.5191,-14.2290,40.77,In Hand
326400,-0.2969,9.0070,3.1771,-2.3969,-17.5114,-16.4275,41.09,In Hand
326450,-0.5459,9.1243,3.5937,-8.9924,-19.9389,-25.2061,41.05,In Hand
326500,-0.3998,9.3853,3.5075,-18.7939,-22.1221,-27.0840,40.67,In Hand
326550,-0.4525,9.4355,3.2609,-17.7252,-25.5878,-24.2137,40.86,In Hand
326600,-0.5387,10.0556,3.3471,-13.6641,-29.5267,-19.2519,41.09,In Hand
326650,-0.4717,11.4850,3.7445,-13.9237,-29.0992,-1.7710,40.91,In Hand
326700,-0.5890,12.0955,3.0885,-36.9160,-21.5420,11.2366,40.95,In Hand
326750,-1.8483,10.0748,2.8778,-39.7099,-3.3893,4.5496,40.86,In Hand
326800,-2.5139,9.0956,2.2721,-37.2977,-0.2137,-4.6870,40.86,In Hand
326850,-2.8371,8.8633,2.4948,-25.9847,-2.4427,-5.8626,40.72,In Hand
326900,-3.7709,8.9208,3.0933,-3.6031,1.9389,-4.4275,40.86,In Hand
326950,-2.4229,8.4683,2.8012,-5.0076,-1.0382,-3.7710,41.24,In Hand
327000,-0.9720,7.6136,3.6392,-0.7023,16.1221,-0.1985,40.91,In Hand
327050,-2.7773,7.6303,4.8147,10.9466,33.9542,2.5344,40.91,In Hand
327100,-5.2170,8.9926,4.9752,13.0229,27.7863,-5.5725,40.77,In Hand
327150,-4.1899,9.7851,4.3072,-6.6260,12.2443,-17.4504,40.95,In Hand
327200,-1.6400,8.7915,3.8092,-9.5267,14.3206,-15.2519,40.91,In Hand
327250,-1.5060,7.9033,3.8307,11.8168,22.5496,-3.2672,40.95,In Hand
327300,-2.0830,8.0206,4.5466,22.6718,25.3740,1.4809,40.91,In Hand
327350,-3.3806,8.5138,5.2337,19.4656,24.5038,-6.4885,40.77,In Hand
327400,-4.1827,9.4332,5.2625,8.5191,17.6489,-16.6718,40.72,In Hand
327450,-2.9185,10.4627,4.4053,-4.9008,12.5802,-13.5573,40.77,In Hand
327500,-1.5227,10.2639,3.3016,-4.8244,13.8168,8.3664,40.86,In Hand
327550,-1.5323,9.6989,3.0095,1.2366,17.2824,31.6489,40.86,In Hand
327600,-2.1021,9.7252,3.7876,5.3435,24.2290,45.4504,40.77,In Hand
327650,-3.1292,10.0580,4.3144,1.4351,34.0000,44.4275,40.58,In Hand
327700,-3.7876,9.8569,4.1420,-5.6947,27.5725,27.7252,40.91,In Hand
327750,-2.8515,8.7245,2.9113,-16.3817,8.7023,21.8779,40.86,In Hand
327800,-2.8204,7.8075,2.7438,1.7099,-11.0076,22.7023,40.91,In Hand
327850,-1.7861,8.9567,2.7629,7.3588,-14.5191,14.3664,40.86,In Hand
327900,-1.8148,9.1770,2.1380,-6.3664,-16.3359,5.6489,40.86,In Hand
327950,-1.6089,9.1363,1.8675,-6.7328,-22.0000,6.8092,40.95,In Hand
328000,-0.5363,10.0078,1.8172,-3.3282,-15.6641,4.1985,40.95,In Hand
328050,0.6345,10.1107,2.1859,-5.6031,8.1832,-2.9313,41.05,In Hand
328100,-0.4046,9.0357,2.8395,-10.0611,18.9008,-4.9160,40.77,In Hand
328150,-1.2617,8.3462,3.4788,-1.6794,13.3893,-6.3206,40.72,In Hand
328200,-1.9944,8.4779,4.0055,4.7023,-1.8626,-8.7786,40.86,In Hand
328250,-2.3846,8.8250,3.8092,9.0229,-27.9084,-18.8397,40.86,In Hand
328300,-1.0271,9.9527,3.5171,10.1527,-45.4198,-21.3130,40.67,In Hand
328350,-0.8739,9.5912,3.4333,17.2672,-50.0916,-18.3969,40.86,In Hand
328400,-0.8715,9.3972,3.3184,15.3282,-49.3282,-19.0076,40.58,In Hand
328450,-1.2617,9.2201,3.5027,7.5115,-50.0611,-21.6183,40.67,In Hand
328500,-0.8260,9.1746,3.5602,1.0076,-45.7405,-25.4962,40.67,In Hand
328550,-0.5387,9.5481,3.6296,-5.6641,-40.8244,-22.9771,40.91,In Hand
328600,-0.7063,9.7181,3.7996,-6.9008,-39.3893,-20.2595,40.86,In Hand
328650,-1.0726,10.4076,4.2928,-10.6870,-47.7252,-11.7557,41.38,In Hand
328700,-4.5370,10.4603,4.6184,-5.4198,-50.3511,-18.4580,40.77,In Hand
328750,-5.3032,10.8673,3.1675,-3.3130,-58.6718,-21.2061,40.77,In Hand
328800,-2.2649,9.1626,1.0606,-12.7328,-80.0000,-11.8779,40.86,In Hand
328850,0.4932,8.3055,1.8699,-3.9237,-65.9237,3.5573,41.05,In Hand
328900,-0.0263,8.1283,2.3104,2.3511,-30.1221,13.8168,40.86,In Hand
328950,-2.8323,8.1523,2.5402,0.3053,-13.7099,5.3740,40.95,In Hand
329000,-5.7509,7.8745,4.5203,9.9695,-5.2977,-16.9160,41.05,In Hand
329050,-4.4652,9.7109,5.0230,2.8397,-10.4122,-40.6260,40.91,In Hand
329100,-1.6712,9.4834,4.2880,-24.8702,-12.2443,-35.7252,40.77,In Hand
329150,-1.7502,8.7269,3.4237,-8.0153,-7.0382,-12.7176,40.72,In Hand
329200,-1.8459,9.3494,2.8180,8.1985,-0.3969,1.4351,40.72,In Hand
329250,-1.7023,9.0573,3.5745,3.4962,19.3893,5.5267,40.72,In Hand
329300,-2.8419,8.6119,4.1635,1.2519,40.9771,0.3969,40.91,In Hand
329350,-3.6009,8.7795,4.1324,-2.7328,44.6718,-3.4809,40.77,In Hand
329400,-3.2920,9.5146,4.1204,-3.0840,37.9542,-1.6183,40.95,In Hand
329450,-1.9585,9.7133,4.1348,-3.7557,39.7557,7.5115,40.72,In Hand
329500,-1.7669,9.3230,4.0773,-0.7634,47.3893,23.5573,40.58,In Hand
329550,-2.4660,9.3972,4.4388,-2.1069,49.2672,35.9695,40.86,In Hand
329600,-2.7126,9.1626,4.9752,-9.1908,50.7176,37.5267,40.91,In Hand
329650,-3.3686,9.2249,5.0685,-15.6183,49.5115,37.7557,40.72,In Hand
329700,-3.1867,9.4571,4.2784,-19.8931,39.6947,30.2595,40.77,In Hand
329750,-2.2793,8.8873,3.6272,-13.4351,26.8855,21.2672,40.72,In Hand
329800,-2.3607,8.7580,3.7086,3.0229,11.1450,17.6489,40.95,In Hand
329850,-1.8316,9.6774,3.7757,4.2595,0.2290,15.3740,40.91,In Hand
329900,-1.5945,9.1147,2.9137,-10.3206,-2.3053,10.5954,40.77,In Hand
329950,-1.8890,8.1044,1.1181,-4.6718,-8.4122,10.4427,40.67,In Hand
330000,-0.4190,8.9088,0.2346,11.3282,-11.2214,7.3435,41.05,In Hand
330050,1.3886,11.4994,1.1013,20.1679,25.2366,-3.8015,40.72,In Hand
330100,0.0168,11.7723,2.3966,-9.0382,67.0534,-6.3359,40.95,In Hand
330150,-1.6927,8.8442,3.2417,-22.6412,63.6031,-0.7481,41.05,In Hand
330200,-2.0207,7.5681,3.7948,-12.9924,37.2824,5.5115,40.77,In Hand
330250,-1.9034,7.7883,4.0414,-6.6565,12.8702,1.6031,41.09,In Hand
330300,-1.5658,9.0740,4.4029,-5.8015,-8.1221,-14.8092,40.77,In Hand
330350,-1.3862,9.4858,4.4317,-1.1298,-20.1985,-22.8702,40.67,In Hand
330400,-1.6209,10.1299,4.7429,-0.6565,-34.0000,-21.2519,40.72,In Hand
330450,-1.0343,10.2639,4.6208,-8.6260,-43.6641,-18.1069,40.72,In Hand
330500,-1.6352,9.3470,4.4053,-14.8397,-49.8473,-15.6794,40.77,In Hand
330550,-3.0335,8.5258,4.5873,-0.3969,-54.7481,-21.0687,40.67,In Hand
330600,-3.9193,9.2775,4.1515,9.8473,-65.3740,-31.0534,40.91,In Hand
330650,-3.6583,9.0094,2.9999,12.7023,-87.2366,-23.3435,41.05,In Hand
330700,-2.4349,8.6479,2.1787,18.3664,-95.6031,-9.0382,40.91,In Hand
330750,-2.1069,9.0788,2.5809,25.3893,-78.7023,-5.7710,40.67,In Hand
330800,-2.7461,9.9862,3.0143,16.3969,-57.1756,-10.0153,40.86,In Hand
330850,-2.4469,9.7205,3.1077,-2.4275,-44.1374,-11.4962,40.77,In Hand
330900,-2.0303,9.0261,2.9137,-4.9160,-37.1145,-6.6260,41.24,In Hand
330950,-1.2833,8.7364,2.7390,-1.8626,-27.4962,-3.2824,40.72,In Hand
331000,-1.8124,9.1889,2.8730,3.3435,-13.7710,-7.7252,40.86,In Hand
331050,-2.1859,9.6869,3.2130,0.3664,-7.2977,-8.0153,40.72,In Hand
331100,-1.8100,9.7875,3.3902,-7.1603,-4.2443,-2.1679,40.86,In Hand
331150,-1.7573,9.2201,3.3399,-9.8931,3.7863,2.5191,40.77,In Hand
331200,-1.8771,9.1626,3.2585,-12.3664,9.8473,3.1603,40.91,In Hand
331250,-2.1045,8.9974,3.6224,-11.1756,14.5038,-0.3053,40.95,In Hand
331300,-1.6759,9.2488,3.7445,-8.3206,14.6718,0.0153,40.91,In Hand
331350,-1.7358,8.8657,3.7781,-3.4962,15.8168,1.5878,40.67,In Hand
331400,-2.1021,9.2081,4.1587,3.0687,14.0458,3.0076,40.91,In Hand
331450,-1.9561,9.3518,4.2377,0.1679,8.7328,3.2214,40.77,In Hand
331500,-1.8292,8.9950,4.2713,0.1527,6.7634,2.7023,41.09,In Hand
331550,-1.7861,8.8322,4.0462,-1.0840,6.6718,-1.1908,40.67,In Hand
331600,-1.6879,8.9256,4.0270,-0.3817,7.0687,-4.5191,40.86,In Hand
331650,-1.7502,9.2129,4.0701,-0.6870,7.3588,-4.7939,40.77,In Hand
331700,-1.8986,9.3326,4.0414,-2.5344,6.1069,-4.1221,40.72,In Hand
331750,-1.9728,9.1842,3.9840,-1.4962,3.0687,-1.8473,40.77,In Hand
331800,-1.8004,9.2344,4.0654,-0.4427,1.7099,-0.0916,40.95,In Hand
331850,-1.9201,9.2105,3.9002,-0.3206,0.8092,0.8397,40.72,In Hand
331900,-2.0734,9.0046,3.9145,1.9237,-1.5420,0.3511,40.72,In Hand
331950,-2.0183,9.3781,3.9863,3.9847,-3.9237,0.8855,40.77,In Hand
332000,-1.8148,9.3637,3.8427,1.8015,-5.7405,2.9008,40.95,In Hand
332050,-1.7502,9.0405,3.6272,4.4733,-3.9542,3.4962,40.86,In Hand
332100,-1.6592,9.2775,3.7469,4.1069,-1.9847,1.8168,40.77,In Hand
332150,-1.6328,9.2991,3.7014,1.3435,0.7481,1.7099,40.91,In Hand
332200,-1.9824,9.7755,4.0151,0.0763,-0.7023,6.0763,40.86,In Hand
332250,-1.5921,9.2296,3.4524,-5.4198,-4.0153,6.9618,40.72,In Hand
332300,-1.4868,8.7364,3.4572,-0.0458,-3.6031,3.8321,40.95,In Hand
332350,-1.4844,9.1913,3.4453,-1.8321,-1.6794,-0.3053,40.95,In Hand
332400,-1.6424,9.2871,3.5626,-0.6260,-0.1069,-1.1603,40.72,In Hand
332450,-1.5107,9.5816,3.4860,-4.1832,1.0534,0.7023,40.86,In Hand
332500,-1.4126,9.1219,3.3351,-4.9466,3.8931,1.0840,40.95,In Hand
332550,-1.4868,9.1650,3.6847,-1.3588,6.8397,-1.0992,40.77,In Hand
332600,-1.7573,9.5385,3.8523,-3.9847,4.0916,-0.4122,40.77,In Hand
332650,-1.8028,9.3661,3.7493,-6.3817,-0.5038,1.5878,40.91,In Hand
332700,-1.4198,9.2584,3.5769,-7.5725,0.0000,0.1832,40.86,In Hand
332750,-1.3934,9.1698,3.5338,-5.1756,4.0916,-1.4809,41.09,In Hand
332800,-1.6688,9.2464,3.7709,-5.2366,6.0305,-1.0687,40.86,In Hand
332850,-2.2075,9.3350,4.3167,-0.8397,1.6489,-0.6107,40.95,In Hand
332900,-1.3503,9.5098,4.1659,-1.8931,-8.0611,0.4885,40.67,In Hand
332950,-1.2019,9.2656,4.0103,0.2290,-12.6870,4.0000,40.91,In Hand
333000,-1.3886,9.0860,3.7781,2.3359,-16.6107,5.2672,40.91,In Hand
333050,-1.5347,8.9495,3.6248,1.4198,-17.0229,1.2519,40.86,In Hand
333100,-1.2210,8.9591,3.5051,0.1069,-11.2672,-5.4656,40.95,In Hand
333150,-1.2522,9.3446,3.6176,-0.4427,-5.4656,-8.2595,40.91,In Hand
333200,-1.4533,9.3996,3.5889,-3.0076,-4.9160,-8.3053,40.91,In Hand
333250,-1.3240,9.5457,3.7373,-3.1603,-4.3359,-7.4656,40.91,In Hand
333300,-1.3695,9.4451,3.7373,-4.6260,-2.9466,-5.6336,40.77,In Hand
333350,-1.5060,9.1411,3.7900,-4.7481,-4.4580,-4.9160,40.95,In Hand
333400,-1.4581,9.1626,3.9576,-3.5267,-4.3359,-5.2672,40.77,In Hand
333450,-1.5610,9.1602,3.9720,-2.9618,-4.7786,-6.6870,40.72,In Hand
333500,-1.9249,9.3254,4.0486,-1.7710,-9.7252,-5.9542,41.05,In Hand
333550,-1.8555,9.2488,3.9337,-3.2672,-15.9695,-4.7328,40.72,In Hand
333600,-1.6496,9.2416,3.8211,-2.6260,-18.1374,-5.2824,41.09,In Hand
333650,-1.3838,9.0644,3.8666,-2.0000,-15.3893,-6.6412,40.86,In Hand
333700,-1.4988,8.2193,4.2832,1.5878,-11.0382,-12.8855,40.72,In Hand
333750,-2.3511,8.5210,4.8914,10.8550,-18.0458,-21.0382,40.67,In Hand
333800,-2.5714,9.4355,4.9105,12.3053,-38.1527,-19.7099,40.95,In Hand
333850,-2.1500,8.9280,4.4772,14.8855,-53.8473,-16.6107,40.95,In Hand
333900,-2.2577,8.8178,4.2641,20.3206,-63.5267,-16.7328,40.86,In Hand
333950,-2.3559,8.7819,3.9576,20.6260,-69.0992,-21.1756,40.95,In Hand
334000,-2.4038,8.6646,3.8499,20.4275,-69.9084,-26.6565,40.95,In Hand
334050,-2.3750,8.5784,3.6751,20.5496,-71.4962,-31.3435,40.91,In Hand
334100,-2.4876,8.5449,3.8140,23.3130,-73.6183,-36.0916,40.95,In Hand
334150,-2.6528,8.7388,3.8882,23.9847,-75.7099,-40.4580,40.77,In Hand
334200,-2.9640,8.5808,3.8547,24.5344,-73.9695,-45.2672,40.67,In Hand
334250,-3.7062,9.0956,4.2713,37.5267,-71.6641,-40.7328,40.67,In Hand
334300,-4.3766,10.5991,3.5195,31.2519,-83.1450,-30.0611,40.91,In Hand
334350,-4.0103,9.7683,2.4900,26.4122,-94.1374,-21.4809,40.91,In Hand
334400,-2.3870,9.4499,2.0925,25.0076,-92.7176,-10.1527,40.77,In Hand
334450,-1.8411,9.4882,2.1404,24.1985,-73.1298,0.3206,40.86,In Hand
334500,-2.4924,10.0173,2.2936,20.1527,-50.1374,-0.6412,40.86,In Hand
334550,-2.3176,9.9695,2.5139,9.2061,-35.2366,6.4580,40.77,In Hand
334600,-2.1572,8.8442,2.7007,5.3435,-20.7176,9.7405,40.72,In Hand
334650,-2.1955,8.4827,3.0502,3.1756,-6.5344,2.8244,40.91,In Hand
334700,-2.6863,8.2935,3.1915,0.6260,3.2977,-8.3511,40.91,In Hand
334750,-3.0765,8.6024,3.4884,2.0763,0.6718,-15.2214,40.86,In Hand
334800,-3.1867,9.1794,3.6943,2.9313,-5.2824,-16.8550,40.95,In Hand
334850,-3.5721,9.3972,3.5243,7.6489,-15.4198,-10.7939,40.95,In Hand
334900,-3.1340,9.3685,3.0478,9.8779,-27.5725,-8.0153,40.53,In Hand
334950,-2.7007,9.3158,3.2561,10.0611,-28.4580,-5.6794,40.95,In Hand
335000,-2.9832,9.4475,3.1196,5.7252,-28.9924,-4.9618,40.86,In Hand
335050,-2.8946,9.6654,2.8683,2.8244,-33.9389,-4.2748,41.05,In Hand
335100,-1.6975,9.6319,2.3224,6.9160,-36.2901,1.2977,40.67,In Hand
335150,-1.2019,8.9783,2.2817,12.8397,-32.1832,4.5344,40.95,In Hand
335200,-2.1572,8.8466,2.7916,21.2977,-33.4962,2.7176,40.86,In Hand
335250,-2.4421,9.7540,3.0574,18.3664,-40.3206,-1.9695,40.86,In Hand
335300,-1.9872,10.1107,2.8515,4.5649,-47.5725,-2.0305,41.09,In Hand
335350,-1.5251,9.7133,2.3774,-0.7634,-47.8626,-1.5267,40.86,In Hand
335400,-0.9050,9.8067,1.7166,-3.0534,-45.5878,-1.3435,40.86,In Hand
335450,-1.0199,10.1778,2.0662,-0.3511,-39.8168,1.8168,40.86,In Hand
335500,-1.2953,10.8433,2.2242,-0.5802,-28.3053,-1.5115,40.77,In Hand
335550,-0.7877,10.3166,2.2553,-3.6947,-21.0229,-5.6336,41.05,In Hand
335600,-0.2610,9.8450,2.7557,7.8015,-15.3282,0.3664,40.95,In Hand
335650,-0.1365,9.8282,3.2010,16.7328,-18.2748,16.2137,41.09,In Hand
335700,-0.7925,8.8825,3.6943,27.2061,-24.4733,26.5344,41.05,In Hand
335750,-1.7693,8.6359,3.8523,26.9313,-34.5344,23.6031,40.72,In Hand
335800,-2.6288,8.7771,4.0773,13.5115,-57.3130,4.3817,40.95,In Hand
335850,-1.1803,8.6790,3.6392,5.7405,-74.9924,-13.7863,40.91,In Hand
335900,-1.0726,8.8466,2.9784,23.0534,-81.9695,-12.6260,40.91,In Hand
335950,-2.0375,9.3278,2.3200,33.7557,-100.9160,-5.7710,40.72,In Hand
336000,-2.0255,9.2895,1.8747,32.2595,-115.5420,-7.7863,40.95,In Hand
336050,-1.6759,9.4619,1.4030,31.3130,-120.3817,-16.5954,40.91,In Hand
336100,-0.9361,9.2105,1.0654,26.4427,-116.8244,-25.9237,40.91,In Hand
336150,-0.6512,9.5241,0.9122,25.7252,-104.7786,-33.7252,40.91,In Hand
336200,-1.4461,10.4674,1.0223,16.6870,-102.8092,-25.8015,40.91,In Hand
336250,-1.1325,10.1131,0.5124,3.1603,-100.9313,-18.0305,40.95,In Hand
336300,-0.6393,9.9407,0.3591,-2.5191,-82.2137,-14.8092,40.91,In Hand
336350,-0.8092,10.3070,-0.2155,-3.1298,-62.1679,-11.2672,40.77,In Hand
336400,-0.2490,10.3094,-0.2011,-6.1069,-40.1374,-8.1069,40.67,In Hand
336450,0.5028,10.2951,-0.2777,-21.7252,-15.8626,-1.8931,40.91,In Hand
336500,-0.4741,10.6518,0.1676,-28.3969,20.7939,-9.2519,41.24,In Hand
336550,-2.5833,11.1282,1.0965,-34.5496,48.4275,-29.7863,40.86,In Hand
336600,-2.0853,10.4363,1.2785,-51.3130,57.5420,-28.2595,40.86,In Hand
336650,-1.3096,9.2608,1.5060,-65.0992,67.9542,-15.6336,40.95,In Hand
336700,-2.4732,8.2432,1.8747,-66.4885,77.2519,-10.2137,41.09,In Hand
336750,-4.6950,7.0605,2.0016,-53.4656,71.8015,-15.4198,40.91,In Hand
336800,-6.3015,7.8697,2.7892,-35.1298,48.5191,-25.2519,40.86,In Hand
336850,-5.1092,9.1866,3.3471,-32.9160,38.4275,-32.5954,40.72,In Hand
336900,-3.5554,9.2871,2.7557,-32.8244,39.6183,-26.7176,40.95,In Hand
336950,-3.3064,8.8346,2.9185,-17.1908,41.0687,-2.3817,40.95,In Hand
337000,-4.1013,8.3725,2.9281,0.0916,40.8702,14.1069,40.91,In Hand
337050,-5.2026,8.4874,3.1484,6.2595,37.0382,16.4886,40.95,In Hand
337100,-5.3917,8.6694,3.1484,-2.0611,31.4656,7.0992,41.19,In Hand
337150,-4.5633,8.5186,2.8635,-14.0458,27.1603,-0.9771,40.72,In Hand
337200,-3.8547,8.1666,3.1699,-16.1221,31.7557,0.3359,40.77,In Hand
337250,-3.8068,8.2313,3.5314,-6.3053,31.9084,1.7863,40.91,In Hand
337300,-4.4508,9.3829,4.2018,-1.0534,26.7939,6.7634,40.91,In Hand
337350,-3.8523,9.1602,3.9576,-7.7099,10.0763,10.4885,40.86,In Hand
337400,-3.7038,9.3853,4.3910,-14.8550,2.2748,27.1298,40.72,In Hand
337450,-2.4181,9.2105,3.0861,-7.1298,11.9389,32.3511,40.77,In Hand
337500,-0.8428,9.8976,2.6025,-8.6107,39.0382,48.1985,40.77,In Hand
337550,-1.4054,9.5720,2.6169,-15.1145,63.7710,49.5267,40.91,In Hand
337600,-2.4972,11.1282,2.8587,7.1756,71.6489,52.3359,40.67,In Hand
337650,-4.5586,10.5512,3.1316,3.3588,71.0840,44.5649,40.95,In Hand
337700,-3.2633,11.5999,3.3806,-14.5649,70.3969,14.3206,40.77,In Hand
337750,-5.6743,10.4866,2.7366,-38.1374,52.0611,26.6718,40.91,In Hand
337800,-2.9281,9.4068,2.9425,-38.8855,25.5114,-11.6489,40.72,In Hand
337850,-3.4836,7.3215,2.7964,-38.7786,28.7786,5.7710,40.86,In Hand
337900,-3.8810,10.3525,2.0997,-60.6870,20.6565,-6.6565,40.72,In Hand
337950,-3.2346,6.6655,2.4588,-32.5191,16.7634,-55.7863,40.95,In Hand
338000,-3.7709,8.3414,2.6001,-46.9618,26.1985,-56.0305,41.09,In Hand
338050,-4.8530,6.3159,2.8563,-49.1756,17.8779,-72.2137,40.67,In Hand
338100,-5.0159,5.9161,3.1580,-33.5115,2.9924,-82.4580,40.95,In Hand
338150,-4.1084,4.6687,3.7589,-8.4122,-12.4733,-78.4122,40.77,In Hand
338200,-3.3902,6.2177,4.8554,-3.5267,-25.6031,-53.0534,41.05,In Hand
338250,-2.2242,4.6304,4.8937,19.8321,-23.2519,-71.7405,40.77,In Hand
338300,-6.3542,4.2808,4.6831,57.8931,-24.3817,-76.1527,40.72,In Hand
338350,-8.7197,5.3103,5.0494,79.9542,-28.2137,-98.8855,40.72,In Hand
338400,-7.9464,6.2441,3.1580,79.3435,-20.9618,-111.6947,40.91,In Hand
338450,-8.3342,6.7253,3.3591,81.2824,-20.7939,-96.0916,40.91,In Hand
338500,-7.2161,7.0797,3.2417,61.0382,-22.9466,-80.9466,40.77,In Hand
338550,-7.6375,5.9783,3.2346,39.8168,-15.4046,-70.9160,40.86,In Hand
338600,-7.3765,4.8459,2.7126,33.7099,-10.0153,-79.8473,40.91,In Hand
338650,-9.6367,5.3654,3.4764,21.5114,-15.1908,-58.8092,40.77,In Hand
338700,-8.1499,5.5043,3.3255,0.9924,-17.1450,-56.9466,40.72,In Hand
338750,-8.1618,4.5442,3.7350,2.3206,-5.4198,-39.7557,40.91,In Hand
338800,-10.1083,4.1276,3.6895,2.7634,-1.1603,-25.3588,40.86,In Hand
338850,-10.1155,2.6288,3.0550,6.5038,-2.2901,-20.7634,40.86,In Hand
338900,-8.4108,2.3918,3.0885,18.8702,-4.5038,-16.8397,40.95,In Hand
338950,-7.5824,2.3535,3.0550,18.8550,4.8397,-13.4962,40.95,In Hand
339000,-8.9304,1.6879,3.2441,13.2519,4.2137,-13.2672,40.67,In Hand
339050,-8.6000,1.0056,2.8539,20.5954,-7.6183,-2.8550,40.91,In Hand
339100,-8.9902,0.2825,2.6743,39.5267,-11.6031,6.0611,40.72,In Hand
339150,-9.4212,1.2163,3.1556,46.6565,-14.0305,7.8473,40.86,In Hand
339200,-9.7540,1.8627,3.3639,42.5191,-13.1603,5.9542,40.86,In Hand
339250,-9.4308,1.9417,3.4022,38.6412,-8.0763,-2.4580,40.86,In Hand
339300,-8.8370,2.4588,3.2417,22.8550,-6.3664,-13.2061,40.72,In Hand
339350,-7.8530,1.7837,2.8036,21.4504,0.1527,-12.8092,40.95,In Hand
339400,-8.1786,1.9010,2.8635,31.7099,7.2824,-7.2214,40.77,In Hand
339450,-9.0118,2.3559,3.1603,34.6107,9.9695,1.5725,40.72,In Hand
339500,-9.5768,3.6990,3.4453,27.2977,9.9542,10.4275,40.67,In Hand
339550,-9.1626,3.8571,3.8164,-0.5191,1.7863,19.3435,40.91,In Hand
339600,-9.5122,3.0574,3.6895,-12.0458,-1.6031,23.2672,40.77,In Hand
339650,-10.1849,3.7733,3.9887,-20.2137,-10.8397,33.1756,40.72,In Hand
339700,-11.9016,3.9935,3.4093,-31.2214,-20.5649,30.1832,40.95,In Hand
339750,-10.0293,4.1372,3.0406,-33.4198,-12.8092,19.5878,40.77,In Hand
339800,-8.3845,3.5267,2.2075,-32.1069,-7.8321,21.1298,40.58,In Hand
339850,-6.4859,2.1356,1.4844,-2.3359,-16.3817,31.3435,40.95,In Hand
339900,-6.0238,2.1237,1.4365,35.9237,-30.3664,37.0840,40.72,In Hand
339950,-6.5218,6.2201,2.0853,46.0153,-23.8626,22.1221,40.95,In Hand
340000,-8.8011,7.1491,2.4684,-0.4885,-3.6031,2.9466,40.91,In Hand
340050,-7.7835,4.7381,1.8028,-15.0534,7.8626,-14.8550,41.09,In Hand
340100,-5.8395,4.6998,1.5969,1.5420,23.5573,-16.4275,40.95,In Hand
340150,-6.1387,5.9017,2.1620,5.9695,29.6947,-3.0229,40.72,In Hand
340200,-7.0964,5.9592,2.8683,-4.0916,28.8244,6.9008,40.67,In Hand
340250,-7.8314,5.1691,3.1627,-17.5725,26.3511,2.6565,41.05,In Hand
340300,-8.2480,4.6711,3.2872,-23.2519,25.0534,-9.5420,40.91,In Hand
340350,-7.7357,4.4915,3.4453,-29.4656,26.2290,-22.6107,41.09,In Hand
340400,-7.2616,3.6248,3.4141,-19.4198,30.9160,-25.1908,40.95,In Hand
340450,-7.9775,3.7972,3.5602,-4.5954,29.1145,-22.5802,40.91,In Hand
340500,-8.5928,4.7262,4.0510,1.4504,18.4275,-20.0763,40.91,In Hand
340550,-9.0740,5.2002,4.1515,-2.9618,4.1527,-13.8931,40.67,In Hand
340600,-9.2392,5.2768,3.8235,-10.5038,-12.3053,-6.5649,40.95,In Hand
340650,-10.8290,4.2641,3.2992,-9.6183,-26.0458,2.3511,40.77,In Hand
340700,-11.4227,3.7230,2.9712,-1.8931,-45.8473,2.1832,41.05,In Hand
340750,-9.7827,3.7804,2.7270,15.2366,-62.2901,8.4885,40.72,In Hand
340800,-9.3398,3.4668,3.5674,21.8931,-73.4962,10.8244,40.77,In Hand
340850,-7.5824,3.1364,2.9161,19.2214,-76.0000,13.5420,40.86,In Hand
340900,-8.0541,2.7797,3.3662,16.5802,-68.0000,8.8855,40.91,In Hand
340950,-8.5497,3.1747,3.6847,17.8626,-70.1679,15.5573,40.91,In Hand
341000,-8.2983,3.6966,4.5514,13.6031,-56.8397,16.5191,40.86,In Hand
341050,-8.2337,4.9081,5.2265,21.2824,-54.9160,22.5038,40.95,In Hand
341100,-6.6415,5.6934,5.9711,5.9389,-52.4733,35.5267,40.91,In Hand
341150,-4.6232,5.0015,6.5314,-18.3817,-53.5725,50.7634,40.77,In Hand
341200,-4.8387,3.5674,6.9168,2.8702,-42.3053,57.5420,40.86,In Hand
341250,-5.1499,5.0949,6.0406,3.7710,-29.2366,56.0611,40.77,In Hand
341300,-3.8978,6.2369,6.3590,-2.0611,-15.0840,58.9618,40.86,In Hand
341350,-3.3974,6.2656,7.5106,-21.3740,11.7099,56.1221,40.95,In Hand
341400,-3.6679,4.6136,7.4484,-16.2748,37.2214,53.8015,40.72,In Hand
341450,-4.8028,6.6224,6.9384,-37.3588,49.6183,40.1527,41.05,In Hand
341500,-6.1196,5.3175,6.1387,-36.0916,44.2290,45.0382,40.91,In Hand
341550,-6.1866,5.8514,6.1220,-32.9008,40.2901,61.6336,40.77,In Hand
341600,-5.5378,5.8634,5.9855,-7.6489,31.6183,58.4122,40.72,In Hand
341650,-0.3855,5.6838,5.5593,40.0458,34.5038,33.2519,40.77,In Hand
341700,-3.3567,6.0908,4.0007,76.4122,50.3359,17.0229,40.91,In Hand
341750,-3.6512,7.8961,3.9002,83.4657,61.7863,31.6031,40.77,In Hand
341800,-3.5314,9.6367,2.4588,62.9771,71.6336,61.2672,40.72,In Hand
341850,-4.2521,9.6438,2.0877,32.0611,83.4198,70.7176,40.67,In Hand
341900,-4.3359,10.2807,3.0047,4.1069,71.2672,55.8931,40.86,In Hand
341950,-2.8659,9.6678,2.6336,-25.8626,49.6031,50.1221,41.09,In Hand
342000,-2.9928,8.3318,4.1132,-17.4046,49.9847,68.7176,40.86,In Hand
342050,-0.9529,7.8147,4.6208,11.8321,44.6870,47.6947,40.91,In Hand
342100,-1.8699,7.4579,2.9497,53.1756,40.1679,38.3359,40.67,In Hand
342150,-2.3727,10.7763,4.6567,82.1374,27.4809,53.4351,40.86,In Hand
342200,-0.6512,12.2056,2.4421,48.5496,1.8931,42.6565,40.95,In Hand
342250,-0.3759,11.9590,1.7909,20.1985,5.4962,40.3817,40.77,In Hand
342300,0.1341,12.3397,2.2984,-41.4504,-0.1069,30.0611,40.72,In Hand
342350,0.3807,10.0293,1.2881,-63.3893,1.4962,14.8092,41.05,In Hand
342400,-0.9481,8.9854,3.8451,-47.8473,-6.9160,-2.6870,40.72,In Hand
342450,0.5986,9.4284,-0.2658,-17.7863,-11.3588,-4.0458,40.91,In Hand
342500,-2.3391,9.1123,2.0853,-1.4809,-18.9618,2.0611,40.91,In Hand
342550,-2.6312,11.7100,3.6703,-24.3817,-21.8168,9.8168,40.77,In Hand
342600,-1.6544,7.6160,1.3240,-19.7557,-9.7710,-10.1221,40.67,In Hand
342650,-1.2306,9.3853,2.8395,4.1679,-18.2137,-15.6183,40.77,In Hand
342700,-2.2218,9.4667,2.9640,19.8779,-13.4046,-14.1832,40.72,In Hand
342750,-0.8045,9.6414,2.3846,13.0992,-9.3130,-11.6489,40.86,In Hand
342800,-1.7190,9.8665,2.7126,16.4733,-41.0382,-9.6794,40.86,In Hand
342850,-3.3351,8.0756,3.2848,-13.6947,-36.4733,22.3206,40.95,In Hand
342900,-1.2785,8.6479,2.3727,-3.4962,-45.3435,7.0992,40.95,In Hand
342950,0.8715,9.1866,2.8443,15.0229,-57.2519,-27.1603,40.72,In Hand
343000,-1.9680,8.9256,3.1556,20.7786,-27.5114,-16.0611,40.86,In Hand
343050,-0.5100,9.5529,2.4876,15.2672,-17.6641,-4.4122,40.91,In Hand
343100,-0.4884,8.6359,2.3798,13.0229,2.9313,-6.8855,40.91,In Hand
343150,-1.4748,8.3055,2.2769,16.5038,3.5115,-8.0000,40.95,In Hand
343200,-1.9632,6.2920,2.3080,19.2214,-9.0382,-48.5191,40.77,In Hand
343250,-2.1787,7.5657,1.3719,11.8779,-29.3282,-91.1756,40.91,In Hand
343300,-3.0358,8.3414,0.4501,8.3359,-34.6260,-92.5954,40.91,In Hand
343350,-3.7350,8.5066,0.2059,25.3435,-28.4427,-92.7481,40.86,In Hand
343400,-5.1787,8.6239,0.1413,23.9237,-41.3435,-89.7252,40.86,In Hand
343450,-4.3718,8.5904,-0.6943,18.7481,-41.3130,-89.0840,41.05,In Hand
343500,-6.5553,7.0437,-0.1867,1.4046,-33.7710,-108.9466,40.77,In Hand
343550,-6.6966,7.9871,-0.0862,-10.7481,-41.9389,-122.5802,40.67,In Hand
343600,-6.2752,6.8498,-0.1844,-10.1679,-28.6565,-96.7939,40.72,In Hand
343650,-6.8115,7.8075,0.8212,5.9084,-13.0076,-71.2061,40.77,In Hand
343700,-7.6662,6.1459,0.7901,16.1221,-12.2137,-44.1069,40.72,In Hand
343750,-7.4412,6.0190,0.7997,26.9008,5.1603,-45.4656,40.91,In Hand
343800,-8.2408,6.3398,1.3240,6.6412,14.8244,-47.7710,40.86,In Hand
343850,-9.0118,5.0781,1.4700,-19.9847,14.8702,-73.8779,40.95,In Hand
343900,-8.9447,5.4708,1.2474,-54.3969,17.7710,-94.7939,40.67,In Hand
343950,-9.1363,3.2154,1.8172,-66.0611,25.2977,-109.8473,40.86,In Hand
344000,-9.8330,2.6911,1.7765,-56.8244,17.4962,-117.5725,40.86,In Hand
344050,-9.9311,1.6281,1.5562,-61.2977,17.7405,-96.3511,41.05,In Hand
344100,-9.7085,0.4214,1.4700,-51.0992,28.7634,-86.8397,40.86,In Hand
344150,-10.4387,0.1532,1.8411,-40.1527,24.8702,-76.7634,40.77,In Hand
344200,-10.9391,0.4142,1.2737,-34.1221,0.0000,-50.3817,40.86,In Hand
344250,-9.9407,-0.0072,1.4581,-32.2595,11.7710,-19.9237,40.95,In Hand
344300,-10.9152,-0.8595,1.3024,-22.9008,16.3817,-12.5802,40.72,In Hand
344350,-11.2671,-0.5578,1.2474,-16.8550,6.6718,4.2443,40.95,In Hand
344400,-10.1969,-0.2897,1.2306,-17.1145,-8.5496,7.1450,40.86,In Hand
344450,-9.5912,-0.2634,1.4365,-26.5649,-10.7023,-0.9466,40.67,In Hand
344500,-10.5153,-0.6153,0.9912,-34.0611,-21.9847,4.6565,40.95,In Hand
344550,-9.4308,-0.0862,0.9744,-43.5725,-35.6489,12.5496,40.77,In Hand
344600,-9.9311,-1.2570,0.9433,-48.8550,-25.8779,31.6641,40.86,In Hand
344650,-10.5943,-0.8452,0.9002,-45.1145,-30.6412,22.7481,40.91,In Hand
344700,-8.8370,-0.9553,1.0487,-44.6107,-32.0916,71.1603,40.86,In Hand
344750,-8.6646,-0.6416,1.5227,-43.3588,-23.1908,11.8931,40.91,In Hand
344800,-8.8418,-0.7638,1.1420,-44.5038,-13.0229,6.7481,40.95,In Hand
344850,-9.8881,-1.1372,1.1516,-35.9847,-7.8931,-23.3435,40.95,In Hand
344900,-8.8897,-1.3479,1.1229,-28.6412,14.6718,-44.6565,40.67,In Hand
344950,-8.4036,0.2490,1.4245,-28.5038,11.8473,-26.1069,40.95,In Hand
345000,-8.0206,-0.2825,1.6688,-45.8321,37.4656,-29.7557,40.95,In Hand
345050,-10.3166,-1.1684,1.9944,-34.6412,52.1832,-38.4122,40.77,In Hand
345100,-9.3446,-0.4286,2.2170,-23.0229,37.6183,-19.4351,40.72,In Hand
345150,-10.2879,-1.3312,1.6712,-8.4733,28.8550,4.9313,40.86,In Hand
345200,-10.0245,-0.9577,1.4653,8.2595,1.6641,22.0000,40.86,In Hand
345250,-9.4643,-0.4286,1.4605,3.2519,-7.5420,23.1298,40.91,In Hand
345300,-10.1706,-0.4142,1.4174,-11.7863,-2.7481,24.2748,40.53,In Hand
345350,-9.9407,-0.6632,1.0032,-20.9771,-3.6794,20.2901,40.86,In Hand
345400,-10.7787,-1.1612,0.7494,-21.4962,-4.3817,14.9924,41.09,In Hand
345450,-10.1275,-1.0175,0.8475,-18.5191,-19.7099,14.8702,40.67,In Hand
345500,-9.0214,-1.0104,1.1157,-18.0000,-25.9084,13.6031,40.67,In Hand
345550,-9.4691,-1.1181,0.8212,-26.7176,-31.6794,5.5573,40.91,In Hand
345600,-8.7029,-1.3336,0.7302,-29.7710,-22.1679,-12.9008,40.77,In Hand
345650,-8.3725,-1.2258,0.5770,-29.0382,-5.3282,-24.7786,40.72,In Hand
345700,-8.3558,-1.5060,0.6225,-25.7557,10.8702,-27.2824,40.95,In Hand
345750,-8.8777,-2.1859,0.4070,-10.6412,30.3053,-35.0229,40.86,In Hand
345800,-9.2177,-2.3296,0.3304,7.3893,52.6412,-44.9160,40.67,In Hand
345850,-9.6486,-2.0734,0.4381,24.1985,65.7557,-47.7863,40.95,In Hand
345900,-9.6582,-1.3743,0.5052,32.8855,57.2977,-33.7405,40.86,In Hand
345950,-9.5193,-1.1612,0.5171,28.9618,43.7863,-11.6794,40.91,In Hand
346000,-10.0413,-1.2617,0.4549,23.1145,31.5878,0.9008,40.91,In Hand
346050,-10.2927,-1.1779,0.3950,13.7252,15.8321,7.6947,40.67,In Hand
346100,-9.9814,-1.2570,0.3376,5.6794,-0.0458,16.7328,40.77,In Hand
346150,-9.4858,-1.2761,0.2514,-6.8702,-10.3511,27.3282,41.09,In Hand
346200,-9.6534,-1.6305,0.1197,-15.4351,-19.6489,30.5191,40.91,In Hand
346250,-9.3685,-1.8842,0.0958,-18.6107,-24.5649,27.0840,40.91,In Hand
346300,-9.6367,-2.2673,-0.2562,-13.7710,-27.3130,19.2824,41.05,In Hand
346350,-9.1626,-2.2314,-0.3184,-8.7939,-21.0229,7.4656,40.67,In Hand
346400,-8.8609,-2.1213,-0.2466,-0.3053,-16.0000,-0.7176,40.77,In Hand
346450,-8.6838,-1.9728,-0.3184,5.1450,-10.9160,-4.2901,40.77,In Hand
346500,-8.9926,-2.0255,-0.4405,8.3359,0.2748,-16.7634,40.95,In Hand
346550,-8.5018,-1.5012,-0.1891,6.4885,12.6565,-24.5038,41.09,In Hand
346600,-8.9471,-1.6424,-0.0838,4.2443,22.5954,-28.2748,40.67,In Hand
346650,-9.6678,-1.7813,-0.1053,3.2672,29.4504,-32.3359,40.95,In Hand
346700,-9.6702,-1.6544,0.1508,0.4885,30.0153,-26.2290,40.67,In Hand
346750,-9.6869,-1.7454,0.2011,0.3053,18.9924,-12.7939,40.91,In Hand
346800,-9.5720,-1.7095,0.1532,1.7252,9.7557,-0.2443,40.86,In Hand
346850,-9.2033,-1.5562,0.0790,-1.0229,-0.9466,18.6412,40.72,In Hand
346900,-9.3661,-1.8220,-0.0982,-5.4656,-8.3664,27.8168,40.77,In Hand
346950,-9.3733,-2.0806,-0.2753,-8.0763,-8.9160,25.6183,40.77,In Hand
347000,-9.4403,-2.3128,-0.3567,-6.3511,-8.7023,18.6107,40.91,In Hand
347050,-9.3494,-2.1476,-0.3735,-3.7405,-8.1832,9.1603,40.77,In Hand
347100,-9.1602,-2.0087,-0.3065,-5.4656,-7.7252,3.7252,40.72,In Hand
347150,-8.9950,-2.0111,-0.3328,-6.5954,-4.3511,-2.2901,40.95,In Hand
347200,-9.2225,-2.1021,-0.3328,-4.8550,-0.4275,-8.7328,40.77,In Hand
347250,-9.1578,-1.9417,-0.3065,-4.3664,3.7557,-9.6183,40.91,In Hand
347300,-9.1028,-1.9704,-0.1413,-2.0763,6.9313,-9.1145,40.86,In Hand
347350,-9.0357,-1.7789,0.0551,0.3969,8.2595,-9.2061,40.91,In Hand
347400,-9.2512,-1.7262,0.0311,1.5267,5.2977,-6.5038,40.67,In Hand
347450,-9.4284,-1.6209,0.0239,-0.4733,2.1832,-4.6107,41.05,In Hand
347500,-9.6462,-1.7334,-0.1173,-3.6031,-0.9924,-1.5267,40.95,In Hand
347550,-9.3470,-1.8220,-0.0838,-5.3893,-2.5649,2.0153,40.86,In Hand
347600,-9.0836,-1.8124,-0.0335,-4.2137,-3.5267,4.3969,40.72,In Hand
347650,-9.0716,-1.9273,-0.0766,-0.7786,-5.1908,5.9847,40.95,In Hand
347700,-9.0956,-1.7502,-0.2059,-0.5802,-7.4656,7.4656,40.77,In Hand
347750,-9.3422,-1.9130,-0.4573,-6.6412,-6.1069,5.2519,40.77,In Hand
347800,-8.9998,-1.9585,-0.3855,-9.1756,1.3893,-1.3740,40.91,In Hand
347850,-8.8418,-2.0087,-0.2538,-6.9008,5.0382,-0.6718,40.91,In Hand
347900,-9.3326,-2.1500,-0.2131,-2.9313,10.4885,-3.3893,40.91,In Hand
347950,-9.2009,-1.8986,-0.1077,-0.1985,12.0000,-5.0076,40.72,In Hand
348000,-9.4044,-1.7693,-0.1245,1.6183,4.4885,-0.0611,40.86,In Hand
348050,-9.3565,-1.7262,-0.2729,-3.2061,-0.3206,3.5878,40.67,In Hand
348100,-9.1387,-1.9393,-0.2873,-6.7939,-0.0611,3.1450,40.91,In Hand
348150,-8.9759,-2.1261,-0.3376,-1.6031,0.0611,2.6718,40.95,In Hand
348200,-9.4379,-2.1835,-0.5291,3.5420,0.5038,-1.4656,40.91,In Hand
348250,-9.5648,-1.9010,-0.4118,0.3817,6.9313,-10.1832,40.91,In Hand
348300,-9.3637,-1.7621,-0.1006,-2.3206,10.1374,-9.8015,40.95,In Hand
348350,-9.5648,-1.7861,0.0024,1.0840,5.8321,-2.7328,41.09,In Hand
348400,-9.5624,-1.7214,-0.0263,3.4656,-0.6870,2.5802,40.95,In Hand
348450,-9.2129,-1.5706,-0.0551,1.1450,-5.5267,7.1145,41.24,In Hand
348500,-9.4379,-1.7980,-0.4094,-0.7634,-13.5115,10.4885,40.86,In Hand
348550,-9.0429,-1.8723,-0.5602,-4.8550,-12.2748,6.6565,40.72,In Hand
348600,-8.7628,-1.8483,-0.5626,-7.7710,-7.2977,0.5649,40.91,In Hand
348650,-8.9926,-2.0207,-0.7254,-10.5191,-0.5038,-3.7710,40.95,In Hand
348700,-8.8585,-2.1811,-0.3759,-8.9924,8.6718,-7.7405,40.91,In Hand
348750,-9.1099,-2.0686,-0.3280,-1.6183,10.1985,-6.9618,40.86,In Hand
348800,-9.3278,-1.8579,-0.2322,-0.1832,12.3206,-6.3206,40.86,In Hand
348850,-9.4451,-1.8100,-0.0575,-0.7176,11.9389,-3.2366,40.77,In Hand
348900,-9.6295,-1.7813,-0.1389,1.0229,5.4198,0.0458,40.91,In Hand
348950,-9.6798,-1.7262,-0.0958,-2.0153,-0.6565,4.0763,40.77,In Hand
349000,-9.4667,-1.8555,-0.1508,-5.9084,-4.7634,5.4809,40.86,In Hand
349050,-9.2296,-2.0351,-0.1772,-5.9389,-6.5038,4.9618,40.86,In Hand
349100,-9.0764,-1.9561,-0.2873,-3.7557,-8.2290,3.4809,40.53,In Hand
349150,-8.8825,-1.8483,-0.3328,-4.8244,-9.0992,3.9084,40.86,In Hand
349200,-8.9471,-2.0135,-0.6033,-6.4733,-6.4580,1.4656,40.95,In Hand
349250,-8.6886,-1.9752,-0.4788,-6.6718,-0.7481,-2.0763,40.72,In Hand
349300,-9.0860,-2.2817,-0.6033,-3.4351,4.2595,-4.1985,40.95,In Hand
349350,-9.3087,-2.0877,-0.4908,0.2137,10.5191,-9.7099,40.91,In Hand
349400,-9.3302,-1.8483,-0.1580,0.0611,11.7557,-8.3359,40.77,In Hand
349450,-9.4739,-1.8124,-0.1149,0.7176,8.4885,-3.8473,40.91,In Hand
349500,-9.5840,-1.8028,-0.1125,0.7786,4.6565,-0.7481,40.67,In Hand
349550,-9.4451,-1.5490,-0.0910,-0.3511,-2.5038,2.9313,40.72,In Hand
349600,-9.4044,-1.5706,-0.1317,-5.3588,-8.5191,7.8473,40.72,In Hand
349650,-9.2560,-1.8244,-0.3065,-7.2366,-9.9389,7.8321,40.77,In Hand
349700,-9.0692,-2.0327,-0.4142,-6.3969,-8.8702,7.2061,40.77,In Hand
349750,-9.1028,-2.1668,-0.6009,-3.9237,-5.5115,4.3817,40.95,In Hand
349800,-8.9471,-2.0853,-0.5555,-2.6565,0.5344,-0.2595,41.05,In Hand
349850,-9.0142,-2.1380,-0.4238,-0.4122,4.8550,-2.4275,40.67,In Hand
349900,-9.1770,-2.0470,-0.4429,1.8168,8.0000,-5.6794,40.91,In Hand
349950,-9.1339,-1.8052,-0.2274,0.8550,10.5038,-7.1298,41.09,In Hand
350000,-9.3470,-1.8459,-0.1891,0.7634,6.9313,-5.9084,40.91,In Hand
350050,-9.4236,-1.7214,-0.1460,-1.0992,3.0992,-4.7786,40.67,In Hand
350100,-9.2799,-1.6137,-0.1245,-4.2137,-1.7405,-1.8321,40.53,In Hand
350150,-9.3996,-1.8818,-0.2921,-5.1298,-5.3282,1.4504,40.95,In Hand
350200,-9.4116,-1.9992,-0.4525,-3.6489,-5.4046,1.9542,41.05,In Hand
350250,-9.4140,-1.9872,-0.6847,-0.8244,-9.2977,6.0153,40.91,In Hand
350300,-9.8067,-2.2146,-1.1564,1.5725,-11.9237,9.0687,40.95,In Hand
350350,-10.0844,-2.4972,-1.6209,6.5802,-10.9618,11.1145,40.86,In Hand
350400,-9.9311,-2.6264,-1.6616,15.7557,-2.7023,9.2214,41.19,In Hand
350450,-8.6694,-1.7454,-0.9792,18.3969,14.0153,6.3817,40.67,In Hand
350500,-8.3677,-1.7047,-0.8188,17.6031,26.2443,-0.4885,40.77,In Hand
350550,-8.3845,-1.4557,-0.6249,14.0611,43.6641,-16.8702,40.86,In Hand
350600,-8.2839,-1.2402,-0.3352,13.4351,44.1527,-9.0076,40.95,In Hand
350650,-9.0621,-1.5562,-0.5459,16.1374,31.0382,18.3053,40.95,In Hand
350700,-10.7955,-1.7526,-0.5483,18.7481,9.2672,32.7328,40.77,In Hand
350750,-10.6374,-1.4748,-0.7757,10.1527,5.2672,6.5496,40.77,In Hand
350800,-9.4212,-1.1612,-0.2083,-7.6489,19.1298,-4.8702,40.91,In Hand
350850,-9.2416,-2.8395,-0.5531,13.6794,-0.2443,19.2672,40.91,In Hand
350900,-10.6542,-2.3703,-0.3831,40.1221,2.9924,9.8321,40.91,In Hand
350950,-11.1666,-2.0638,-0.2969,60.5038,-24.6870,48.0000,40.77,In Hand
351000,-11.5089,-1.1420,-0.1484,52.9466,-35.3282,50.0611,41.05,In Hand
351050,-11.5113,-0.7207,0.1844,34.6107,-36.9008,55.4962,40.86,In Hand
351100,-12.0021,-0.7207,0.4908,18.2443,-25.9237,49.6183,40.77,In Hand
351150,-9.9192,0.5315,0.7494,3.6794,-29.1298,48.0458,41.05,In Hand
351200,-12.2152,0.1317,0.9002,-7.7557,-48.4427,52.2137,40.95,In Hand
351250,-10.9750,0.5339,1.0247,-9.4351,-67.0076,49.1145,40.77,In Hand
351300,-10.9200,1.4150,0.8571,-13.4046,-82.4733,62.8244,40.77,In Hand
351350,-10.6542,1.8100,0.8667,-7.7557,-76.0916,79.6489,40.72,In Hand
351400,-8.9878,2.4134,1.9178,10.0000,-68.0305,98.1679,40.86,In Hand
351450,-8.3222,3.8355,2.9999,35.0534,-71.5267,114.7481,40.77,In Hand
351500,-8.1666,5.3103,3.9576,42.5191,-85.9695,133.6031,40.77,In Hand
351550,-7.2377,6.0813,3.8068,35.0840,-96.2748,151.0382,40.72,In Hand
351600,-6.1818,6.3949,4.1563,28.0611,-97.5267,161.3588,40.91,In Hand
351650,-3.0885,7.0006,4.2545,20.0305,-98.7786,160.1527,40.91,In Hand
351700,-3.4716,8.2504,4.1108,-0.7634,-88.6412,162.2901,40.95,In Hand
351750,-1.7358,7.5920,3.8978,-15.0992,-82.8550,161.9237,40.95,In Hand
351800,-0.6488,7.2281,3.7278,-14.4122,-78.1985,171.3740,41.19,In Hand
351850,0.8092,6.4236,4.5801,-13.3588,-74.3206,173.5420,40.86,In Hand
351900,2.3798,8.0397,4.6735,-11.4962,-65.7405,167.6488,40.91,In Hand
351950,4.0558,5.8107,4.8937,-14.0305,-53.3740,158.9924,40.95,In Hand
352000,5.1715,5.5330,4.6064,2.3206,-40.0153,141.6794,40.77,In Hand
352050,6.0478,4.7190,4.7692,-29.9084,-39.1450,120.9618,40.86,In Hand
352100,7.4340,2.5690,4.2856,-31.8779,-32.1985,90.2443,40.95,In Hand
352150,7.8099,1.9489,4.3670,-21.3435,-21.9237,71.6641,40.67,In Hand
352200,8.5641,1.7406,4.3551,-17.3435,-10.0916,46.3359,40.91,In Hand
352250,8.8322,2.0303,4.5681,-17.8626,5.0840,23.8931,40.77,In Hand
352300,8.9543,1.7549,4.2952,-6.1221,16.1679,12.8702,40.67,In Hand
352350,8.9615,3.4189,5.1140,2.6870,25.7710,8.4733,40.67,In Hand
352400,8.8035,3.7182,4.9273,-14.3817,26.8550,8.3664,40.91,In Hand
352450,8.8155,3.4979,5.3223,-12.7328,42.0305,14.9466,40.67,In Hand
352500,8.7604,2.6360,5.7006,-19.9389,51.6794,5.8168,40.77,In Hand
352550,9.4308,1.2570,6.8474,-6.6107,56.3053,-25.9847,40.95,In Hand
352600,7.6040,2.2745,5.6312,16.9618,64.2290,-38.7786,40.72,In Hand
352650,6.2608,2.9568,5.1451,30.5191,80.0458,-39.6183,40.95,In Hand
352700,5.1715,3.8906,4.9488,36.7634,93.2824,-50.7939,41.19,In Hand
352750,4.1300,2.1979,4.8147,49.4809,92.1069,-68.6412,40.91,In Hand
352800,3.0598,3.3998,5.1427,80.0153,89.8626,-97.6794,40.77,In Hand
352850,1.3695,6.1411,5.6455,79.1298,79.6641,-116.2748,40.91,In Hand
352900,0.4525,7.1611,5.1140,85.9389,73.8779,-104.1527,40.77,In Hand
352950,-0.7302,8.7915,5.6814,91.1450,66.4275,-99.4351,40.72,In Hand
353000,-2.4732,10.7500,6.0717,58.3969,52.3511,-88.3969,41.05,In Hand
353050,-2.7605,10.5034,6.2991,50.3817,41.3435,-59.1145,40.72,In Hand
353100,-2.2960,12.0045,8.2217,13.4656,-0.4885,-9.5573,40.95,In Hand
353150,-0.9888,6.0837,7.0820,24.5344,-43.7710,-27.2824,40.77,In Hand
353200,-0.6680,9.1937,6.0334,55.2519,-70.3664,-34.0000,40.72,In Hand
353250,-1.4485,11.2791,4.8483,69.9237,-87.7557,-48.9924,40.77,In Hand
353300,-2.5067,13.0460,4.8626,21.2824,-122.3511,-60.4733,40.91,In Hand
353350,-1.7573,12.2727,2.5474,-19.7099,-132.8550,-65.5420,40.95,In Hand
353400,-5.7078,9.5888,4.2713,-15.4504,-155.1298,-82.6260,40.67,In Hand
353450,-5.5809,6.4452,6.3518,-35.7710,-153.9237,-41.3588,41.19,In Hand
353500,-1.7286,0.4166,7.1946,24.5954,-54.7939,-7.5267,40.95,In Hand
353550,-0.5219,6.9791,3.4860,123.6183,-26.2443,-18.1985,40.95,In Hand
353600,3.0430,13.0556,1.9968,26.1221,25.1908,-12.3664,40.77,In Hand
353650,0.6416,9.1435,3.3854,-33.5878,48.0916,4.8550,40.91,In Hand
353700,-1.8172,7.6567,4.7381,-30.9160,62.9771,23.6183,40.72,In Hand
353750,-3.0526,8.4324,4.6807,-2.5649,35.6489,47.8321,40.77,In Hand
353800,-2.2098,10.4722,4.4628,-1.1603,17.0076,48.4427,40.86,In Hand
353850,-0.7063,11.2575,4.6328,-54.2137,40.5038,60.4427,40.86,In Hand
353900,-3.9025,7.9080,4.5993,-75.3130,45.6794,69.8626,40.72,In Hand
353950,-2.4995,8.1044,5.0637,-64.4275,22.9160,58.3817,40.91,In Hand
354000,-2.4205,8.2504,4.2353,-63.3282,9.7099,64.3359,40.58,In Hand
354050,0.5531,5.8395,5.3750,-28.6870,-11.2214,53.0382,41.24,In Hand
354100,0.4214,6.5074,5.3391,19.4046,-36.1069,32.2290,40.67,In Hand
354150,1.4700,8.4827,5.8059,46.1832,-50.6718,6.7939,40.77,In Hand
354200,3.9528,9.2847,6.1818,43.3893,-76.7939,-39.2061,41.24,In Hand
354250,4.7692,11.2647,5.4684,28.5496,-104.2595,-89.4962,40.67,In Hand
354300,3.3016,11.2551,4.3287,-4.3969,-122.6260,-108.3206,40.95,In Hand
354350,3.1029,11.4706,3.4884,-24.4886,-121.5725,-123.2366,40.91,In Hand
354400,1.5299,9.2919,4.1587,-29.4962,-113.0534,-145.0840,40.91,In Hand
354450,-1.0247,6.4141,3.6679,2.5038,-119.1450,-164.4733,40.77,In Hand
354500,-6.2345,5.4779,3.4644,67.0687,-160.0763,-172.0763,40.67,In Hand
354550,-4.5586,6.4404,2.7390,93.7099,-155.3282,-147.5725,40.67,In Hand
354600,-4.3694,6.6367,4.1108,87.8473,-115.0840,-78.0916,40.72,In Hand
354650,-3.5841,7.6136,4.8219,93.9695,-69.5573,-39.6183,40.86,In Hand
354700,-2.0638,11.8633,5.3367,79.3588,-39.9695,-50.0916,40.91,In Hand
354750,-5.0613,11.8369,5.1020,17.3740,-16.1832,-49.2824,40.91,In Hand
354800,-6.3494,10.2424,4.8267,-2.5954,-17.0992,-41.9542,40.72,In Hand
354850,-6.9049,8.3103,3.5219,3.0687,-30.3817,-11.5573,41.05,In Hand
354900,-6.8618,8.3941,1.9417,24.7328,-49.7252,6.5802,40.95,In Hand
354950,-3.9409,8.6048,2.0662,12.1985,-65.4962,21.6947,41.05,In Hand
355000,-4.3359,8.9759,2.2338,-14.8244,-50.6412,44.2137,40.91,In Hand
355050,-1.8268,9.6295,1.4892,-9.0687,-45.9847,21.3588,40.77,In Hand
355100,-4.1468,8.2911,1.7741,-22.7328,-34.8397,27.8626,40.91,In Hand
355150,-5.5522,8.0709,1.7286,-29.1145,-43.2214,18.7939,40.86,In Hand
355200,-4.5466,9.1961,2.5283,-13.6031,-71.8015,-3.8321,40.77,In Hand
355250,-2.8108,9.9048,2.6576,-36.8092,-62.6565,-8.4427,40.77,In Hand
355300,-1.8914,11.2216,3.7326,-40.6260,-67.0076,-14.1221,40.86,In Hand
355350,-2.1141,10.1778,4.1683,-45.1908,-74.7634,-44.8397,40.91,In Hand
355400,-1.3815,9.3996,5.6790,-22.9313,-63.8168,-62.0153,40.77,In Hand
355450,-1.1899,9.3925,5.4875,13.8626,-70.5343,-37.5725,40.77,In Hand
355500,0.1532,9.9192,4.8339,10.2595,-84.8702,-27.7252,40.86,In Hand
355550,0.3496,8.8753,3.5865,-0.6718,-94.3664,-6.8550,40.86,In Hand
355600,0.8930,8.6910,4.1539,10.4275,-95.1603,15.4656,40.91,In Hand
355650,0.1844,9.5744,2.9353,16.1221,-78.0763,14.5344,40.91,In Hand
355700,0.0120,8.8322,2.6073,14.5954,-66.1374,20.3664,41.05,In Hand
355750,0.5555,9.5217,3.3040,-14.4733,-51.7099,49.5115,41.09,In Hand
355800,2.0351,8.4803,4.2880,-42.8244,-31.5725,54.3359,40.91,In Hand
355850,3.5075,8.7867,5.4540,-48.3359,-35.0076,46.4122,40.77,In Hand
355900,4.6184,9.9551,6.8714,-85.4962,-12.3817,25.9389,40.91,In Hand
355950,5.0135,8.0134,7.1994,-100.2901,0.4427,0.4275,40.95,In Hand
356000,4.1683,5.9328,8.0661,-99.8321,21.2061,-2.1832,40.77,In Hand
356050,3.1795,4.1515,8.1570,-85.4809,26.0916,-8.3511,40.72,In Hand
356100,3.1220,3.5147,9.0261,-58.8397,26.3359,-13.3130,40.77,In Hand
356150,1.7214,3.2346,9.3733,-44.1527,16.2901,-19.0840,40.77,In Hand
356200,1.3862,3.3447,9.5265,-24.4427,7.4809,-20.6412,40.86,In Hand
356250,1.1181,3.7373,9.2416,-14.4885,7.6336,-21.7863,40.72,In Hand
356300,1.5945,4.9656,9.8378,12.7023,7.9847,-24.8550,40.77,In Hand
356350,1.3360,5.9687,10.0030,29.4351,10.8397,-34.3969,40.77,In Hand
356400,0.8332,6.1483,8.9280,38.8550,2.2595,-50.9008,40.86,In Hand
356450,-0.5076,5.3032,7.9440,58.6870,7.8473,-67.6031,40.86,In Hand
356500,-0.7063,7.0797,6.9935,72.7023,6.8092,-61.6947,40.77,In Hand
356550,-0.9242,7.5058,6.1938,47.8779,15.0687,-60.5344,40.77,In Hand
356600,-2.3128,5.6743,6.3087,49.5878,9.6336,-60.9618,40.95,In Hand
356650,-2.1644,6.9480,6.2728,62.1985,2.4427,-55.6031,40.91,In Hand
356700,-1.0989,9.1123,6.1435,42.7634,11.5267,-18.9466,40.77,In Hand
356750,-2.1045,6.9983,6.0214,29.3435,22.2595,15.2214,40.86,In Hand
356800,-2.8443,6.3734,5.4779,38.4733,18.9771,31.9237,40.86,In Hand
356850,-2.3583,7.7788,5.4851,46.0458,0.2901,52.7634,40.77,In Hand
356900,-1.9824,8.3773,5.8538,14.9008,0.4733,71.9542,41.09,In Hand
356950,4.4221,8.8585,5.8849,8.3053,-6.5344,49.7557,40.91,In Hand
357000,0.4788,8.7867,7.5082,38.4580,-2.3206,28.3511,40.86,In Hand
357050,1.1396,10.8026,7.4077,21.1450,-3.3435,36.9924,40.91,In Hand
357100,1.8771,11.5999,7.5968,2.1374,-14.3053,45.7710,40.91,In Hand
357150,0.8308,10.9439,7.2089,-17.7863,-26.3359,62.7328,40.77,In Hand
357200,-0.7733,11.3485,9.9527,-58.4122,-80.0763,65.6947,40.86,In Hand
357250,5.4708,2.3846,-0.5243,37.3588,-67.3740,36.6870,40.95,In Hand
357300,2.3128,10.0820,2.4541,51.1450,-22.0916,-8.2137,40.86,In Hand
357350,3.1484,10.1778,-0.9457,-31.1298,-3.1145,-25.1450,40.72,In Hand
357400,3.9073,7.1946,-0.4094,-19.6947,35.6031,-33.8168,40.95,In Hand
357450,0.6823,10.0173,4.0007,-16.7786,-0.9160,-26.5954,40.86,In Hand
357500,3.1603,9.8497,0.6895,-44.4885,-12.1069,-19.1298,40.77,In Hand
357550,1.6807,10.6997,3.5721,-61.7252,-27.8015,-15.6641,40.91,In Hand
357600,0.3855,8.3821,5.5641,-40.3359,-32.3511,-45.7557,40.91,In Hand
357650,-0.1437,5.2122,6.3375,8.2748,-39.5115,-108.5038,40.91,In Hand
357700,-0.4310,7.4603,7.4627,60.2901,-38.0153,-130.2137,40.58,In Hand
357750,-0.9433,9.0597,5.9951,6.4885,-23.8931,-70.7481,41.05,In Hand
357800,0.1652,5.8323,6.8211,18.0611,-28.8550,-41.3893,40.72,In Hand
357850,0.8835,9.0501,5.6383,11.1603,-30.7786,-24.5038,41.05,In Hand
357900,1.0391,9.8521,5.8059,1.3588,-49.6031,-24.4427,40.86,In Hand
357950,1.5538,6.4524,7.8673,9.4809,-44.6718,-16.9924,40.91,In Hand
358000,4.5418,14.0252,6.7229,-13.6641,-16.0000,-3.9389,40.77,In Hand
358050,0.1317,10.0916,6.4572,-10.1679,38.2595,-34.0611,40.77,In Hand
358100,-2.6528,11.7699,5.1380,-39.2214,25.6183,-5.2519,41.05,In Hand
358150,-3.3974,8.3199,4.1899,-20.2137,12.5038,0.2290,40.86,In Hand
358200,-2.3870,7.7764,4.8746,-22.2748,-2.1374,16.4427,40.86,In Hand
358250,-2.3822,5.9185,5.1356,-3.2824,-10.8092,32.0763,40.67,In Hand
358300,-2.5618,7.2018,6.2465,30.9466,-44.4275,23.4656,40.91,In Hand
358350,0.0503,9.3015,6.9001,19.3130,-47.3130,1.4656,40.67,In Hand
358400,0.6105,8.0325,6.4093,-13.0076,-26.0763,-13.9847,41.05,In Hand
358450,-1.0606,5.4971,5.2888,4.0916,-29.5725,-18.9771,40.72,In Hand
358500,-0.3304,5.9687,5.4779,48.7023,-53.0840,-25.9237,40.44,In Hand
358550,0.2993,9.8114,5.0087,63.9389,-50.3817,-22.1832,40.86,In Hand
358600,0.9481,11.9447,4.6926,31.2824,-38.5191,-10.3664,40.95,In Hand
358650,1.1732,11.0014,4.1994,-4.1527,-23.5725,6.4733,40.95,In Hand
358700,1.1468,9.5241,4.4365,7.0534,-5.2977,15.8321,40.72,In Hand
358750,1.9704,12.0740,4.7908,14.5038,23.4198,25.9237,40.67,In Hand
358800,-2.1811,12.3277,4.6184,2.6870,55.8931,12.8244,40.91,In Hand
358850,-2.2960,10.7021,3.3950,-25.6489,34.6565,14.9008,40.86,In Hand
358900,-1.6664,6.8019,1.1660,-38.1832,2.1679,27.1908,40.95,In Hand
358950,-0.6632,5.1930,1.4629,-6.7939,-24.7939,30.6718,41.05,In Hand
359000,2.1907,7.6183,4.0366,37.4351,-3.8168,7.8168,40.72,In Hand
359050,2.9377,11.8369,3.6416,6.6718,50.5496,-35.7557,40.95,In Hand
359100,0.3783,10.2951,3.1580,-52.1679,57.0382,-18.6718,40.95,In Hand
359150,0.2059,6.9623,4.1851,-45.8473,29.5114,4.9008,40.67,In Hand
359200,0.5698,5.9400,4.9344,-2.1527,12.8397,-5.7405,41.05,In Hand
359250,1.6065,8.7891,5.1787,10.7481,8.4580,-18.8244,40.86,In Hand
359300,0.7494,10.7188,5.4205,-15.7863,4.5191,-14.1985,40.86,In Hand
359350,0.0000,8.9926,5.6407,-25.3435,-13.0840,-6.5344,40.91,In Hand
359400,1.4078,10.3956,5.8802,-10.1832,-23.8015,-0.0458,40.77,In Hand
359450,3.4237,12.5145,5.5330,-30.5344,-14.3511,19.5267,40.95,In Hand
359500,0.9433,10.4938,6.5027,-26.4275,23.6641,-11.1603,40.86,In Hand
359550,-5.2457,10.6159,5.9903,-10.3053,0.8550,-16.2137,40.95,In Hand
359600,-1.8747,8.5018,4.0294,-22.4886,-38.4733,11.0687,41.05,In Hand
359650,1.8962,5.2720,3.6440,-15.3130,-32.8244,26.5496,40.72,In Hand
359700,-1.6065,4.3551,5.1427,22.0763,-15.8626,8.4733,40.72,In Hand
359750,-5.3199,6.6559,6.0717,58.8244,-41.3435,-24.6260,40.91,In Hand
359800,0.4214,11.7579,5.2648,32.5802,-45.0687,-61.7405,40.86,In Hand
359850,2.2793,9.5768,3.3998,-12.7786,-9.7710,-47.0076,40.91,In Hand
359900,0.8021,7.4891,3.8020,10.8397,5.7710,-20.8397,40.72,In Hand
359950,-0.5842,8.8131,4.4197,29.3740,7.6031,-7.0382,40.86,In Hand
360000,-0.1437,10.3046,4.6088,17.7252,12.9466,-4.3817,40.77,In Hand
360050,0.0742,10.8409,4.5705,-4.6565,26.8702,8.1679,40.95,In Hand
360100,0.2298,9.6917,4.4963,-3.3435,40.7939,28.9008,40.67,In Hand
360150,0.8906,12.1793,4.3622,1.8168,57.8321,43.7557,40.77,In Hand
360200,-1.1420,12.9814,5.6575,-13.2214,97.8931,27.0229,40.95,In Hand
360250,-2.9592,11.3174,4.7190,-42.3969,85.2977,27.2672,41.19,In Hand
360300,-2.0806,6.5290,3.1747,-55.4198,49.4198,44.3206,40.95,In Hand
360350,-3.8259,3.1867,3.1532,-12.6870,-19.1450,33.0229,40.91,In Hand
360400,0.0766,4.4173,5.8706,52.6107,-44.4885,21.6183,40.77,In Hand
360450,3.1963,11.7627,6.2058,50.9771,19.9695,-51.9695,41.05,In Hand
360500,-0.2658,13.3070,3.3375,-34.2137,27.7405,-39.0229,40.72,In Hand
360550,-1.0032,7.6950,3.6416,-60.1069,-12.2901,5.0076,40.95,In Hand
360600,-0.2346,4.4556,4.7357,3.6183,-32.6718,3.5725,40.86,In Hand
360650,1.6448,8.6933,4.5633,35.2214,-27.1145,-7.3893,40.72,In Hand
360700,1.9968,12.4977,4.6256,-12.5038,-6.7328,-4.9313,40.67,In Hand
360750,0.2227,9.5696,5.2313,-47.1756,-5.2977,4.1374,40.67,In Hand
360800,0.6584,10.0772,6.8953,-35.5267,-16.3511,8.4427,40.86,In Hand
360850,3.3758,11.9399,5.7461,-15.4504,-17.2672,39.5420,40.95,In Hand
360900,1.7980,10.9391,7.1826,-23.8473,13.8168,20.8550,40.91,In Hand
360950,-5.9903,9.1794,7.2089,-22.0458,-5.6947,-16.0153,40.67,In Hand
361000,-4.2090,6.6176,4.7788,-32.0305,-73.7099,-14.7634,40.95,In Hand
361050,0.7518,4.2952,3.3471,-16.3969,-88.6565,-6.2901,40.95,In Hand
361100,0.3974,3.9768,4.5729,37.7863,-61.0992,-27.3130,40.91,In Hand
361150,-1.2043,8.9328,5.3151,77.9847,-34.2443,-63.2977,40.86,In Hand
361200,1.1947,13.6781,3.6344,13.0840,-0.5649,-78.6565,40.91,In Hand
361250,0.2466,9.5648,3.0263,-27.5267,15.6947,-30.2595,40.77,In Hand
361300,0.1341,6.7493,3.9624,1.2214,20.5038,-4.5954,40.91,In Hand
361350,-0.2873,8.2624,4.7621,28.7176,37.5115,-5.9237,40.72,In Hand
361400,-1.1612,10.9128,5.4684,6.0153,44.0763,-9.6183,41.19,In Hand
361450,-1.5658,11.2312,6.2441,-13.1756,39.1603,8.1832,40.91,In Hand
361500,-0.4693,11.3605,4.9680,-19.8779,35.2977,47.4046,40.86,In Hand
361550,0.5028,11.1259,4.6663,-10.7786,47.9084,63.6336,40.72,In Hand
361600,-2.6073,11.0875,5.6336,-0.3359,66.6870,46.3511,40.72,In Hand
361650,-2.4493,9.2680,5.0206,-30.7634,52.9160,38.2748,40.72,In Hand
361700,-2.8180,5.1715,3.2753,-36.1221,14.6565,36.1069,40.77,In Hand
361750,-1.7430,3.2106,2.5977,-1.1603,-42.2137,21.4809,41.05,In Hand
361800,2.0494,6.2130,5.8706,62.4427,-43.7557,-9.4198,40.95,In Hand
361850,3.8690,15.2152,5.9256,28.2901,24.9771,-69.7557,40.95,In Hand
361900,-1.1947,11.4826,4.1324,-49.0076,16.1374,-25.5114,40.91,In Hand
361950,-1.0846,6.2345,4.6304,-23.8015,-34.6412,-4.9618,40.91,In Hand
362000,0.4046,5.7533,4.8387,23.0382,-54.5649,-7.6489,40.67,In Hand
362050,1.1013,9.0764,5.0996,26.3359,-49.4351,-17.2519,41.05,In Hand
362100,0.3998,10.1849,5.3319,-9.0534,-40.7328,-27.4656,40.72,In Hand
362150,-0.7087,8.2432,5.5138,-19.4809,-46.6718,-38.9466,40.95,In Hand
362200,-0.3280,8.7987,5.4037,-2.8550,-64.3664,-44.8702,40.77,In Hand
362250,1.0151,10.7883,5.2361,-14.8397,-69.0840,-29.7252,40.77,In Hand
362300,0.6967,10.1035,6.2776,-36.4275,-66.2595,-17.4351,41.19,In Hand
362350,-3.2274,8.3438,8.6957,-19.8321,-65.9237,-48.4427,40.77,In Hand
362400,-5.3534,9.7324,6.0597,-1.9084,-112.7176,-53.1450,40.67,In Hand
362450,-2.2242,8.3677,4.7764,-20.9618,-152.3053,-20.2137,41.05,In Hand
362500,0.1149,6.5864,5.0015,-1.6031,-140.2748,-30.1221,40.77,In Hand
362550,-1.2115,7.8889,5.2792,13.9542,-123.0840,-40.2901,41.05,In Hand
362600,-2.7964,7.9487,5.4971,-6.0763,-123.3130,-43.6641,40.86,In Hand
362650,-1.5634,7.8602,5.8706,-10.8550,-119.7557,-59.1145,40.95,In Hand
362700,1.2546,8.8226,5.5689,-19.6947,-93.5573,-73.2519,40.91,In Hand
362750,0.7326,8.4994,5.4899,-28.8092,-72.4885,-71.8779,40.58,In Hand
362800,-0.5243,7.8147,5.9209,-4.9924,-76.8092,-61.8168,40.91,In Hand
362850,-0.6321,8.6862,6.2441,-0.9618,-81.6031,-40.6107,40.67,In Hand
362900,-0.9673,8.3318,6.7780,-13.6031,-83.4962,-42.1527,40.95,In Hand
362950,-0.6680,7.3071,6.5074,-13.1756,-86.0916,-62.3664,40.95,In Hand
363000,0.0790,7.6040,6.3662,0.9466,-83.2977,-75.8626,40.95,In Hand
363050,-0.5363,8.6215,6.5338,11.8015,-83.8473,-73.0229,40.86,In Hand
363100,-0.7566,8.2265,5.5138,14.9771,-89.5420,-63.0076,40.91,In Hand
363150,-1.3982,8.0804,5.7581,25.4198,-88.1221,-58.3359,40.95,In Hand
363200,-0.8116,9.6007,5.1308,26.5802,-76.3969,-53.7405,40.72,In Hand
363250,-1.4437,9.7157,5.5426,17.5725,-54.9618,-53.8473,40.77,In Hand
363300,-1.3551,9.3182,5.1499,2.8092,-50.1985,-35.8015,40.95,In Hand
363350,-0.4094,7.7069,5.2361,0.8397,-40.5954,-22.7328,40.67,In Hand
363400,-0.7087,7.6830,5.8754,4.3359,-28.5496,-21.8321,40.91,In Hand
363450,-1.5538,8.4443,6.5266,1.4809,-26.8702,-27.0687,40.77,In Hand
363500,-2.2577,9.2632,6.7708,4.6870,-28.4580,-41.4198,40.91,In Hand
363550,-1.6759,10.2208,5.3199,5.4504,-46.6107,-35.4962,40.77,In Hand
363600,0.0000,9.2584,4.2521,5.9695,-53.2519,-7.8779,40.91,In Hand
363650,-1.4174,8.9208,5.1763,13.5573,-57.0534,6.4427,40.72,In Hand
363700,-1.4868,8.8442,5.6048,8.9008,-71.7863,4.9160,40.86,In Hand
363750,-1.1851,8.6814,5.3295,-1.9389,-85.7863,-10.6107,40.91,In Hand
363800,-1.5419,8.2696,4.5538,0.6870,-106.6107,-35.0076,40.72,In Hand
363850,-1.8124,8.6694,4.3239,20.0305,-124.0611,-48.9924,40.72,In Hand
363900,-0.9840,9.5792,3.4261,27.4046,-133.7405,-47.6641,40.91,In Hand
363950,0.2394,9.7420,2.4229,28.0305,-124.5954,-35.8931,40.91,In Hand
364000,0.8356,9.6989,2.2673,18.0153,-105.8626,-21.7099,40.95,In Hand
364050,0.5555,9.4116,2.6504,4.3206,-80.3359,-24.5496,40.86,In Hand
364100,0.6823,9.1889,2.8252,-8.1679,-59.0840,-35.0382,40.67,In Hand
364150,1.2737,8.8777,2.8060,-14.1221,-38.8702,-41.7557,40.67,In Hand
364200,0.9529,8.8657,3.1867,-12.7023,-26.0000,-39.9084,40.95,In Hand
364250,0.7159,9.2320,3.7852,-12.6412,-23.4656,-38.0458,40.67,In Hand
364300,0.0407,8.9663,4.6136,-14.0458,-27.3588,-34.0305,40.91,In Hand
364350,-0.2131,9.6630,5.0637,-12.7176,-41.1298,-27.1145,40.86,In Hand
364400,0.7063,10.4052,4.7501,-15.6794,-41.5573,-20.4733,40.91,In Hand
364450,1.2210,10.7883,4.2377,-24.5038,-31.2214,-8.5191,40.67,In Hand
364500,1.9776,10.6997,4.1324,-31.1908,-15.4962,-0.0458,40.86,In Hand
364550,-2.5474,10.2089,6.8331,-13.2824,4.0153,-32.0305,40.72,In Hand
364600,-3.2082,12.0452,5.9568,-28.0916,-25.9847,-24.9008,40.77,In Hand
364650,-0.3974,8.7843,4.6184,-45.4046,-36.7939,4.3053,40.95,In Hand
364700,-0.1676,5.8203,4.2593,-30.1069,-23.5267,15.1145,40.86,In Hand
364750,-4.4125,4.0342,5.4229,19.9237,-25.3588,4.0153,40.91,In Hand
364800,-5.1691,7.1730,5.8897,59.6336,-55.3282,-25.1908,40.72,In Hand
364850,0.6823,12.0620,4.3814,23.0229,-37.7557,-47.0229,40.67,In Hand
364900,2.4445,9.7276,2.3152,-15.0992,6.9160,-24.1985,40.72,In Hand
364950,0.6847,7.5609,2.8108,10.1985,35.7099,1.6183,40.77,In Hand
365000,-1.2378,8.7484,4.2665,24.8092,41.2061,11.1756,40.91,In Hand
365050,-1.3001,9.7995,5.4612,9.9695,41.8168,6.7023,40.86,In Hand
365100,-0.2514,9.3829,5.2146,-15.2824,48.9466,7.0534,40.86,In Hand
365150,0.0718,8.0421,4.7405,-9.1908,61.7557,14.6565,40.72,In Hand
365200,-1.3192,9.5960,5.3008,24.3969,60.9466,17.6336,40.67,In Hand
365250,-0.6153,14.0300,4.9081,14.7328,55.3740,42.6107,40.86,In Hand
365300,0.0215,11.0085,5.1715,-4.2901,84.2137,59.1145,40.86,In Hand
365350,-3.6512,10.3453,5.4181,20.0305,91.0687,31.8473,40.72,In Hand
365400,-4.3096,11.4706,4.7980,-12.9924,46.3817,45.8168,40.86,In Hand
365450,-2.5546,6.1914,2.4708,-44.9924,-6.3817,67.3435,40.95,In Hand
365500,0.6129,2.3224,2.5091,3.6183,-23.5420,49.1450,40.91,In Hand
365550,1.8771,6.2369,3.3686,63.3588,12.5344,-14.9771,40.95,In Hand
365600,1.6735,14.3868,3.0382,20.1679,46.6565,-58.7328,40.72,In Hand
365650,0.0072,12.6869,2.1428,-70.1679,48.3817,-3.7710,40.77,In Hand
365700,-0.1317,6.5410,3.6033,-53.2672,34.4122,17.3130,40.67,In Hand
365750,0.2227,5.9879,3.9169,-5.2366,27.8779,2.3206,40.86,In Hand
365800,0.9290,9.3302,4.5466,-3.5267,29.6031,-16.0458,40.91,In Hand
365850,0.7757,10.2592,4.9847,-41.3130,28.7176,-11.3435,40.91,In Hand
365900,-1.2091,8.0756,6.6463,-35.8626,12.6565,-9.3588,40.67,In Hand
365950,-0.7877,10.7093,7.1467,-6.9618,-24.2595,6.6107,40.77,In Hand
366000,2.4134,12.1602,6.0238,-27.0534,-40.2595,36.7328,41.05,In Hand
366050,1.1492,9.1602,7.6998,-27.0382,-10.5191,1.5573,40.67,In Hand
366100,-6.6080,8.9040,6.9935,-8.7328,-28.1374,-37.2214,40.67,In Hand
366150,-4.4484,7.2329,3.8762,-14.1679,-83.6947,-30.6565,40.67,In Hand
366200,0.1221,4.8985,2.5283,7.6183,-93.3588,-19.9847,40.86,In Hand
366250,0.0670,4.9105,3.5674,55.8321,-56.0763,-28.4427,40.91,In Hand
366300,-2.7222,10.3310,4.8507,82.0153,-32.7634,-48.0305,40.91,In Hand
366350,-0.6680,14.4346,3.7254,0.1069,-19.9084,-50.4427,40.91,In Hand
366400,0.3424,8.0206,3.0957,-39.2519,-2.4885,-24.7634,40.72,In Hand
366450,0.2466,5.9783,3.8618,6.2290,16.7939,-17.4046,40.91,In Hand
366500,-1.0008,8.9016,4.4221,24.7939,29.9695,-13.1145,40.86,In Hand
366550,-1.9321,10.4483,5.1404,4.5802,29.0076,-11.4656,40.95,In Hand
366600,-2.3320,10.3358,6.1316,-5.7405,20.0153,2.8092,40.95,In Hand
366650,-0.7135,10.4124,4.9177,-1.7710,10.2901,36.7786,40.95,In Hand
366700,0.4741,10.3717,4.6926,5.0382,15.7557,56.5954,40.72,In Hand
366750,0.5602,11.3509,5.1978,5.9542,38.3206,54.3664,40.67,In Hand
366800,-3.8355,11.8944,5.4013,14.9466,54.0000,20.0611,40.86,In Hand
366850,-3.2394,10.3645,3.6081,-20.6107,22.2137,15.9847,40.86,In Hand
366900,-2.1117,6.0669,1.9800,-28.9008,-13.1908,28.5344,40.67,In Hand
366950,-1.4198,3.4548,1.7502,13.3740,-45.6489,28.3511,40.91,In Hand
367000,1.2761,7.0222,3.6296,76.6565,-33.0992,3.4504,40.67,In Hand
367050,2.3774,15.6078,3.6200,24.2595,20.6260,-54.9924,40.77,In Hand
367100,-0.0431,12.3086,1.8411,-72.7328,27.1603,-6.3053,40.86,In Hand
367150,-0.5148,5.6192,2.8970,-52.6260,5.1298,23.1603,40.91,In Hand
367200,0.2346,5.1811,4.0845,16.0153,-4.9466,2.4733,40.91,In Hand
367250,1.5395,10.8601,4.0414,15.8779,1.5878,-7.2824,40.72,In Hand
367300,0.8404,11.9231,4.4460,-42.5038,4.9618,5.4809,40.77,In Hand
367350,-1.6185,8.4779,6.2656,-37.8473,-24.6718,27.0992,40.91,In Hand
367400,0.7973,9.0166,5.7126,-8.9008,-62.9160,43.8931,41.05,In Hand
367450,3.2825,10.3166,5.0326,-13.7557,-75.0229,54.1069,40.86,In Hand
367500,4.9297,9.5648,4.1899,-38.7634,-56.9771,50.9160,41.05,In Hand
367550,1.8938,8.8346,5.1858,-34.3359,-10.3206,-15.8168,40.86,In Hand
367600,-1.5945,9.8952,5.3056,-32.3206,-21.7099,-65.2519,40.77,In Hand
367650,0.6225,8.6383,3.7852,-47.8473,-27.7252,-42.4275,40.77,In Hand
367700,2.6576,6.8546,4.1731,-36.7023,-29.2061,-12.1679,40.72,In Hand
367750,2.8108,4.7956,6.4141,-31.6183,-2.4733,3.7863,40.91,In Hand
367800,0.1173,8.7173,8.1259,-11.0229,42.3817,-11.7863,40.72,In Hand
367850,-0.2107,8.5066,7.7428,-41.4198,39.7405,-7.4198,40.72,In Hand
367900,0.5195,7.4627,7.9128,-29.7863,37.8626,-39.7863,40.77,In Hand
367950,2.3104,7.1611,7.1156,-44.0305,66.1527,-54.0916,40.77,In Hand
368000,0.9649,5.5641,7.3382,-28.6260,100.4733,-59.7863,40.95,In Hand
368050,-1.2378,6.7756,6.7971,-33.1145,118.2290,-29.0840,41.09,In Hand
368100,-2.7270,5.8658,5.9400,-10.1221,110.5802,-15.8626,41.05,In Hand
368150,-3.5243,7.0940,5.5162,-0.7634,101.1756,-5.7099,40.67,In Hand
368200,-4.2449,7.1611,5.3175,11.5115,88.3969,8.1221,40.91,In Hand
368250,-4.5514,8.2049,4.9895,14.0305,71.1603,25.6336,40.91,In Hand
368300,-4.6471,8.4874,3.9049,16.0611,63.2366,48.3511,40.86,In Hand
368350,-5.6383,8.2600,3.4237,16.9160,71.7252,48.8702,40.86,In Hand
368400,-4.2329,9.5409,2.6240,17.5573,69.6336,30.1221,40.86,In Hand
368450,-3.4046,10.8505,5.3271,-31.8779,59.3893,21.1908,40.77,In Hand
368500,-4.1707,8.0804,4.1108,-36.9618,24.3817,25.2977,40.77,In Hand
368550,-5.3870,7.9583,4.4508,-35.1603,15.9695,19.1908,40.77,In Hand
368600,-5.2625,6.7876,4.0223,-22.6107,7.0687,-20.1679,40.77,In Hand
368650,-3.5769,8.9471,5.0853,-19.5725,-17.3282,-26.1069,40.72,In Hand
368700,-4.1420,6.6607,5.3630,-59.0992,0.7328,-18.9160,40.86,In Hand
368750,-3.6152,5.8035,5.7988,-22.9771,-29.4351,-28.3969,40.86,In Hand
368800,-2.7366,6.0142,6.4572,-23.8931,-11.0992,-45.9389,40.72,In Hand
368850,-4.1348,5.3415,7.2592,-9.7405,-1.7863,-65.7252,40.86,In Hand
368900,-4.2760,5.6647,7.2664,-7.2214,8.9466,-73.5725,40.72,In Hand
368950,-5.1882,4.0414,6.8474,-1.7252,20.7786,-87.0687,40.91,In Hand
369000,-4.4915,1.8818,5.0350,0.9466,46.2901,-137.2977,40.86,In Hand
369050,-5.4181,1.8316,4.8937,1.5267,49.9084,-145.5114,41.05,In Hand
369100,-6.6918,-0.2131,4.5729,1.1756,52.2748,-174.3053,40.77,In Hand
369150,-7.7788,-1.8220,3.6583,19.3893,51.1145,-192.3969,40.95,In Hand
369200,-11.2144,-2.5618,3.4453,44.2901,36.6412,-202.4886,40.67,In Hand
369250,-10.3334,-3.2202,2.1237,54.5191,28.1221,-192.3969,40.91,In Hand
369300,-10.6374,-3.3040,1.6544,58.4580,23.6183,-165.2519,40.91,In Hand
369350,-10.5034,-4.6495,0.4022,71.0229,23.3435,-133.2519,40.77,In Hand
369400,-10.4267,-4.9440,0.8332,65.9084,17.9389,-114.2290,40.86,In Hand
369450,-10.6781,-4.6687,0.6057,86.6870,23.6794,-118.1221,40.67,In Hand
369500,-8.5018,-3.5027,0.5052,65.4962,39.6336,-101.7863,40.72,In Hand
369550,-7.6591,-3.8044,0.7326,40.9008,51.6794,-81.0687,40.67,In Hand
369600,-7.4148,-4.4101,0.6871,28.2595,65.8931,-86.1985,40.95,In Hand
369650,-7.1611,-4.7166,1.3982,24.1221,69.3893,-71.3588,40.72,In Hand
369700,-9.0237,-6.2297,0.3615,18.2901,88.3359,-94.5191,40.58,In Hand
369750,-7.9128,-5.4037,0.6105,7.9847,105.0229,-89.7557,40.72,In Hand
369800,-7.8027,-5.7245,1.2282,-7.8168,118.0916,-68.0611,40.91,In Hand
369850,-7.0844,-6.9216,-2.5833,20.6260,181.7405,-56.3969,40.86,In Hand
369900,-9.0980,-6.2896,-3.5961,77.6336,254.5649,-8.6718,40.72,In Hand
369950,-11.7914,-5.8514,-2.0279,52.5496,285.2061,23.0076,40.77,In Hand
370000,-13.1609,-7.7117,-0.4573,60.0611,223.6183,19.5420,40.77,In Hand
370050,-10.6494,-6.6080,0.0599,49.6641,151.4351,-7.7710,40.86,In Hand
370100,-10.3238,-5.9687,1.6999,36.9313,78.0611,-34.2901,40.72,In Hand
370150,-8.3606,-5.1044,0.7326,21.0687,34.4427,-32.1832,40.91,In Hand
370200,-7.4675,-5.0781,0.3687,21.5725,-19.7710,20.8550,40.91,In Hand
370250,-8.7580,-6.7732,-0.5986,25.1756,-67.5420,85.0382,40.95,In Hand
370300,-9.6534,-7.0270,-0.1891,29.1145,-105.2214,154.4427,40.67,In Hand
370350,-10.5417,-7.6207,-0.7590,6.4733,-112.5191,180.3969,40.91,In Hand
370400,-8.6407,-7.3909,-1.1301,-4.6107,-95.3588,179.2824,40.77,In Hand
370450,-8.6742,-7.8386,-1.0750,3.8321,-60.2290,153.7710,40.77,In Hand
370500,-8.5832,-7.7141,-0.8140,9.5725,-10.4580,114.1069,40.77,In Hand
370550,-8.6862,-7.5896,-0.8667,21.8321,27.4351,73.3740,40.77,In Hand
370600,-8.2528,-6.9025,-0.6800,50.2901,44.2595,29.9695,40.91,In Hand
370650,-7.4340,-5.3750,-0.2251,68.4733,57.9389,-14.3817,40.72,In Hand
370700,-7.5178,-4.7309,-0.4477,85.4504,60.4885,-51.8168,40.72,In Hand
370750,-7.1946,-3.5314,-0.3711,78.1374,62.9466,-71.4962,40.67,In Hand
370800,-7.0749,-3.5003,-0.0455,60.7023,53.7405,-59.1298,40.77,In Hand
370850,-8.2696,-4.3814,-1.0654,71.9084,36.7328,-49.1908,40.44,In Hand
370900,-8.2720,-3.0765,0.0072,64.5191,16.3664,-44.2901,40.72,In Hand
370950,-8.5712,-3.5937,-0.1532,45.3588,-1.6489,-33.2977,40.91,In Hand
371000,-9.0860,-4.4005,0.2418,43.1756,-16.1832,-13.0382,40.67,In Hand
371050,-8.4348,-4.9321,-0.1221,41.3893,-16.1221,5.8931,40.67,In Hand
371100,-8.7029,-5.4899,-0.5243,66.8397,-6.8855,22.5344,40.91,In Hand
371150,-7.1802,-4.1731,-0.0838,68.3206,27.0382,28.6718,40.86,In Hand
371200,-6.0693,-2.5259,0.9074,39.6947,69.1298,25.9389,40.91,In Hand
371250,-8.0349,-4.0079,0.1365,15.2672,82.4275,21.0534,40.72,In Hand
371300,-7.9607,-3.2585,1.0965,-19.8015,84.7481,8.1221,40.67,In Hand
371350,-8.3677,-6.5194,0.4764,-17.9237,59.8015,1.6183,40.67,In Hand
371400,-8.6335,-4.4628,2.4325,0.5954,47.7710,19.5878,40.91,In Hand
371450,-8.9352,-5.8251,1.7980,12.4733,9.7252,-2.6870,40.91,In Hand
371500,-6.2752,-4.9464,-0.5698,132.0763,85.0534,-10.1985,40.91,In Hand
371550,-8.0709,-3.4381,-2.0782,106.6412,81.2672,-36.9008,40.77,In Hand
371600,-8.0756,-4.1084,-3.7757,89.1756,65.0229,-47.6031,40.95,In Hand
371650,-7.1251,-4.2713,-4.0342,78.3359,76.3664,-43.0992,40.86,In Hand
371700,-7.0820,-3.1532,-3.7421,50.0458,82.8702,-46.5649,40.77,In Hand
371750,-3.8379,-3.4692,-5.7054,18.3664,100.1069,-15.6031,40.72,In Hand
371800,-6.2872,-2.6025,-4.5203,15.7557,125.5420,27.0076,40.72,In Hand
371850,-7.6303,-2.9880,-3.7948,-22.6412,129.6183,65.9389,41.09,In Hand
371900,-7.9296,-3.2034,-3.8044,-45.3588,123.1450,91.4046,40.86,In Hand
371950,-8.7676,-4.9488,-5.2768,-43.5267,113.0992,106.3817,40.91,In Hand
372000,-8.8394,-5.7844,-6.0908,-4.4427,95.2824,105.8931,40.72,In Hand
372050,-8.7364,-6.0071,-6.4236,23.7710,85.1145,88.7634,40.95,In Hand
372100,-7.8865,-5.7892,-6.4093,62.0000,62.4885,72.9008,40.77,In Hand
372150,-5.5689,-4.1659,-6.3159,89.4504,47.9237,58.3206,40.72,In Hand
372200,-5.2888,-3.9313,-6.2393,92.0763,44.2443,63.1908,40.77,In Hand
372250,-4.9775,-4.5897,-7.0461,110.7786,54.2595,69.5420,40.53,In Hand
372300,-4.7429,-3.5147,-7.0773,114.0153,70.2748,93.6336,40.72,In Hand
372350,-4.7118,-3.2465,-6.5888,118.3053,73.8626,125.3282,40.72,In Hand
372400,-4.4197,-2.9832,-6.7109,115.6947,73.8321,124.1679,40.91,In Hand
372450,-4.2760,-4.1444,-6.6128,65.8779,82.9466,90.4275,40.67,In Hand
372500,-4.9009,-3.5386,-4.6950,59.9542,82.5954,61.6336,40.67,In Hand
372550,-6.3710,-2.8730,-4.3886,34.0153,66.4275,95.3588,40.67,In Hand
372600,-6.9743,-3.8834,-4.6280,21.9237,24.0611,113.6031,40.95,In Hand
372650,-6.2177,-4.2042,-5.2146,10.6260,-1.7099,117.5878,40.77,In Hand
372700,-6.0837,-7.6854,-7.5298,13.3435,3.6641,79.8015,40.72,In Hand
372750,-6.2728,-4.6783,-6.3422,47.2672,-1.2672,72.8244,40.72,In Hand
372800,-6.3638,-4.2449,-6.7277,85.2366,8.5802,89.5115,40.72,In Hand
372850,-5.5641,-3.3423,-6.4572,90.6870,26.0000,95.0076,40.67,In Hand
372900,-5.7557,-3.2010,-6.4332,75.8626,44.7481,76.6718,40.72,In Hand
372950,-6.5529,-2.7773,-6.0430,54.8397,55.3740,59.2366,40.91,In Hand
373000,-8.1331,-3.3686,-4.9057,35.7710,41.9695,57.3588,40.86,In Hand
373050,-8.6886,-3.7278,-4.6328,21.5114,18.3359,37.1756,40.67,In Hand
373100,-7.5657,-3.1987,-4.8507,10.9618,9.2977,44.9771,40.58,In Hand
373150,-8.5832,-3.8164,-5.3534,-3.9237,-7.8321,87.8779,40.58,In Hand
373200,-7.9200,-4.3263,-5.5952,11.8015,-26.5802,98.8855,41.09,In Hand
373250,-5.6862,-3.1101,-4.2210,34.0916,-21.9542,94.0458,40.77,In Hand
373300,-5.4779,-2.3607,-3.6320,37.0687,-10.5649,84.7634,40.91,In Hand
373350,-5.8179,-2.4445,-3.2082,21.6794,2.7634,76.7481,40.77,In Hand
373400,-7.0629,-3.7685,-3.2585,24.0000,7.4351,58.3969,40.86,In Hand
373450,-8.0948,-4.1659,-3.3088,40.6565,2.2137,25.9847,40.91,In Hand
373500,-9.3877,-6.8426,-2.3631,63.2061,-29.4656,-1.9542,40.67,In Hand
373550,-8.1858,-3.9097,-4.1731,91.5267,-40.2595,-26.1221,40.77,In Hand
373600,-8.1044,-4.1276,-4.5394,117.0229,-55.0840,-35.6641,40.77,In Hand
373650,-7.6255,-3.0358,-5.6048,136.7176,-55.6794,-29.8168,40.72,In Hand
373700,-7.1682,-2.2865,-6.0286,138.3359,-40.9618,-14.8702,40.86,In Hand
373750,-6.7708,-1.9130,-5.6982,128.2137,-27.2824,19.0992,40.95,In Hand
373800,-6.8235,-2.2673,-5.3056,105.2672,-8.7786,39.3435,40.86,In Hand
373850,-7.6255,-2.6911,-5.2696,72.6107,11.4198,39.9695,40.77,In Hand
373900,-8.8035,-4.1970,-4.2306,38.7023,46.8550,15.7405,40.91,In Hand
373950,-10.7619,-5.1212,-4.2856,4.5038,54.4275,10.9313,40.91,In Hand
374000,-9.7923,-5.2936,-3.2058,9.1145,27.7252,11.4046,40.77,In Hand
374050,-9.0716,-5.6288,-1.8340,36.6260,-3.4351,0.4427,40.77,In Hand
374100,-7.2951,-4.2090,-2.5762,42.6565,-17.7252,-14.8855,40.95,In Hand
374150,-8.0062,-3.6129,-3.3399,12.8092,-0.9771,-28.7634,40.67,In Hand
374200,-8.2624,-3.8618,-3.4931,-13.5267,-1.3893,-39.0382,40.91,In Hand
374250,-7.4412,-3.1795,-2.9425,-36.8244,0.2443,-21.3588,40.91,In Hand
374300,-7.4675,-3.2609,-2.5187,-59.7405,-6.2290,4.8702,40.77,In Hand
374350,-8.0541,-3.7014,-2.7940,-79.0840,-8.1221,-6.9008,40.86,In Hand
374400,-8.0134,-3.8307,-2.8635,-92.8702,-3.8473,-17.1756,40.91,In Hand
374450,-8.6550,-4.3215,-3.0071,-90.9771,-6.6107,-14.6718,40.67,In Hand
374500,-8.3989,-4.5418,-2.9401,-70.5038,-15.9389,-0.9008,41.09,In Hand
374550,-8.2384,-4.5370,-3.2010,-35.8473,-24.9008,10.0305,40.91,In Hand
374600,-7.9416,-3.9672,-3.5051,-17.7405,-20.0458,15.8321,40.91,In Hand
374650,-8.5928,-4.2329,-4.2186,-12.5191,-0.5954,16.6260,40.91,In Hand
374700,-8.6455,-4.2665,-4.0318,0.3664,0.8855,23.7405,40.91,In Hand
374750,-7.1706,-2.6983,-3.3423,11.2977,8.5344,9.2366,40.91,In Hand
374800,-7.0509,-2.1021,-3.2322,3.0840,10.3206,7.2672,40.95,In Hand
374850,-7.2808,-2.1165,-3.4213,-20.1985,20.4580,1.2519,40.67,In Hand
374900,-7.4962,-2.3343,-3.3375,-39.1145,27.9237,0.9008,40.77,In Hand
374950,-7.9152,-3.0765,-3.2010,-44.9466,26.3511,2.0763,40.77,In Hand
375000,-8.2839,-3.6823,-2.9951,-37.9084,17.3282,-13.0687,40.72,In Hand
375050,-8.1714,-3.6895,-3.2106,-18.3817,-2.7634,-21.3588,40.86,In Hand
375100,-7.2401,-3.1149,-3.1891,-16.5496,-13.0992,-27.5878,40.67,In Hand
375150,-7.1563,-3.3591,-3.5937,-18.4886,-15.3282,-43.4656,40.72,In Hand
375200,-7.3143,-3.0981,-3.8858,-25.2977,-14.1985,-55.3130,40.67,In Hand
375250,-7.2544,-3.4548,-4.0558,-28.4580,-16.3511,-57.9542,40.67,In Hand
375300,-7.6064,-3.5123,-3.9073,-26.9466,-15.5115,-57.9542,40.86,In Hand
375350,-8.3151,-2.2410,-2.7557,-31.0992,-19.0076,-51.1603,40.77,In Hand
375400,-10.7380,-1.1756,-1.7454,-50.9618,-56.0305,-40.3817,40.72,In Hand
375450,-7.7812,-2.3487,-3.8547,-50.7939,-70.9618,-13.9389,40.67,In Hand
375500,-6.1555,-3.3040,-3.4716,-63.2214,-50.3053,-3.5115,40.72,In Hand
375550,-8.6143,-5.3415,-4.8985,-76.3817,-11.2977,-11.6489,40.77,In Hand
375600,-9.1650,-6.0071,-4.0749,-66.8855,3.7710,-36.8092,40.72,In Hand
375650,-7.2951,-4.9799,-2.7222,-41.1603,0.9466,-44.9771,40.77,In Hand
375700,-7.2688,-4.6495,-2.5235,-23.4351,-1.7710,-47.0840,40.77,In Hand
375750,-8.2887,-4.6998,-2.9736,-19.5114,-5.4198,-54.1527,40.77,In Hand
375800,-8.0852,-4.1683,-2.6983,-20.1069,-6.6870,-43.0534,40.72,In Hand
375850,-8.7317,-4.7214,-2.8946,-13.1298,-25.0687,-22.6260,40.77,In Hand
375900,-8.0230,-4.3311,-3.0981,-11.9542,-39.4046,-13.0382,40.95,In Hand
375950,-7.2042,-3.7613,-4.3670,-26.0458,-35.3130,-13.7099,40.72,In Hand
376000,-7.0461,-4.0270,-3.1268,-52.4885,-21.6947,-11.2672,40.67,In Hand
376050,-7.2544,-4.7884,-2.9880,-52.5344,-10.9924,-3.1298,40.95,In Hand
376100,-7.6614,-5.4229,-2.7629,-34.4580,-3.9695,-0.8702,40.72,In Hand
376150,-8.1403,-5.7030,-2.9090,-1.9389,-10.6718,3.0840,40.77,In Hand
376200,-8.1331,-5.4061,-2.7581,27.8779,-8.2748,-2.8397,40.67,In Hand
376250,-8.2025,-5.0709,-2.6121,50.6565,-8.1221,4.9008,41.05,In Hand
376300,-8.4683,-5.3606,-3.0670,72.8550,-8.1527,13.7710,40.91,In Hand
376350,-8.4803,-5.1858,-3.1292,92.3969,-0.8855,25.1908,40.67,In Hand
376400,-9.6630,-5.8251,-4.5394,108.6412,6.1527,39.4504,40.86,In Hand
376450,-10.8649,-6.2489,-5.2170,111.1908,21.2519,75.5267,40.77,In Hand
376500,-6.2680,-4.2401,-2.9640,134.0458,8.3359,101.4962,40.86,In Hand
376550,-4.8004,-2.9736,-2.6480,153.4962,15.5115,80.0458,40.95,In Hand
376600,-5.4181,-2.2482,-3.4189,122.1527,62.7328,69.0534,40.77,In Hand
376650,-4.8483,-1.1588,-2.2577,87.0229,105.5115,67.0840,40.77,In Hand
376700,-6.1244,-3.0550,-2.3750,74.9313,115.6183,47.8779,40.95,In Hand
376750,-8.1331,-4.4724,-3.7948,72.1374,110.9771,23.8168,40.77,In Hand
376800,-7.8841,-4.2808,-3.2705,80.7023,89.4809,-16.6260,40.67,In Hand
376850,-8.3749,-3.6440,-3.6296,82.9466,75.4504,-34.3969,40.77,In Hand
376900,-8.0038,-3.2394,-3.5721,76.5343,45.2061,-38.3969,40.91,In Hand
376950,-7.9057,-2.5977,-3.5554,55.4962,27.6336,-40.2595,40.91,In Hand
377000,-7.9033,-2.5235,-3.5554,28.3053,-0.7176,-36.1069,40.44,In Hand
377050,-7.4148,-2.2218,-3.2681,-6.5496,-17.2366,-38.2901,40.86,In Hand
377100,-7.2449,-2.2027,-3.2058,-44.5649,-32.5038,-30.9618,40.95,In Hand
377150,-8.3390,-3.2441,-4.4197,-94.7328,-27.6489,-18.6718,40.77,In Hand
377200,-9.4643,-4.7046,-4.6304,-119.4657,-30.8550,5.3893,40.86,In Hand
377250,-9.2703,-5.6024,-4.2665,-98.3511,-54.9466,24.7634,40.77,In Hand
377300,-7.0557,-4.2808,-3.1364,-64.1374,-76.0611,24.1374,40.72,In Hand
377350,-7.9559,-4.4580,-4.3287,-57.4962,-63.7710,4.1679,40.72,In Hand
377400,-8.9663,-5.0135,-4.4125,-64.4580,-39.1756,-27.4198,40.91,In Hand
377450,-8.0804,-4.2329,-3.5721,-65.8931,-36.7328,-33.2672,40.91,In Hand
377500,-7.3574,-3.6129,-3.0813,-70.0916,-37.8321,-17.5267,40.72,In Hand
377550,-7.2209,-3.6488,-3.1125,-74.0153,-36.2595,-18.1374,40.91,In Hand
377600,-7.0916,-3.6751,-3.0478,-77.0992,-30.8397,-24.0611,40.91,In Hand
377650,-7.3263,-3.9217,-3.1939,-77.5725,-24.4275,-16.6107,40.91,In Hand
377700,-8.0780,-4.6088,-3.8523,-75.4504,-21.8015,-3.3435,40.67,In Hand
377750,-8.7628,-4.7262,-3.8164,-69.5267,-18.9466,2.9618,40.77,In Hand
377800,-8.4635,-4.5011,-3.7685,-62.3664,-11.7557,-7.8168,40.77,In Hand
377850,-9.3278,-4.7405,-4.3958,-67.5878,20.4580,-28.6870,40.67,In Hand
377900,-8.1211,-4.1827,-2.8419,-61.5115,28.5496,2.1679,41.09,In Hand
377950,-5.8610,-3.8068,-2.0231,-23.8321,19.3588,1.0534,40.77,In Hand
378000,-5.8921,-3.8355,-3.0957,37.0840,18.1832,-36.9008,40.77,In Hand
378050,-5.8227,-3.9169,-9.0836,50.7786,46.8550,-41.3893,40.86,In Hand
378100,-7.2257,-2.6312,-3.5410,42.4580,65.3130,-18.0916,40.72,In Hand
378150,-6.8211,-2.3511,-3.2657,33.7252,83.3130,-9.8168,40.67,In Hand
378200,-6.9959,-2.7246,-3.3974,36.1985,97.2977,-12.9160,40.91,In Hand
378250,-8.7987,-0.3232,-2.3511,46.2137,85.4351,3.7710,40.72,In Hand
378300,-8.3031,-2.7414,-3.3255,59.6794,53.3435,40.2290,40.86,In Hand
378350,-6.8235,-3.1484,-3.4548,80.0763,36.5649,53.0687,40.67,In Hand
378400,-7.1467,-3.5434,-3.7206,86.0000,26.7786,62.1985,40.72,In Hand
378450,-7.7381,-4.2593,-3.8690,92.0763,9.5420,68.0153,40.67,In Hand
378500,-9.2273,-5.3319,-4.5514,97.6794,-13.4809,71.4962,40.95,In Hand
378550,-12.1721,-6.6535,-6.6990,94.2443,-21.1145,68.9313,40.77,In Hand
378600,-11.2504,-6.1938,-5.5474,98.2748,-48.8702,80.4885,40.67,In Hand
378650,-7.9033,-4.2928,-3.9121,103.2824,-85.9084,94.4122,40.72,In Hand
378700,-6.5673,-3.5099,-3.7589,105.2061,-113.2672,86.6412,40.58,In Hand
378750,-6.8905,-3.3399,-4.3455,76.2290,-89.6336,44.8397,40.86,In Hand
378800,-7.9440,-3.2992,-4.1228,18.6870,-28.8092,-21.2519,40.67,In Hand
378850,-7.2113,-2.3343,-3.0335,-40.1679,-0.5802,-35.8015,41.09,In Hand
378900,-6.1627,-2.6240,-2.8611,-87.5878,24.3053,-22.7786,40.72,In Hand
378950,-6.2441,-3.2370,-3.0167,-126.0305,71.4046,-32.2748,40.77,In Hand
379000,-7.8243,-4.4317,-3.8235,-144.6718,106.9466,-41.3282,40.77,In Hand
379050,-8.6335,-3.9169,-4.4005,-156.9771,115.4809,-43.6794,40.77,In Hand
379100,-8.8681,-5.2792,-3.9433,-135.9847,101.0229,-17.0534,40.67,In Hand
379150,-9.9862,-6.1699,-3.4931,-110.9771,72.5954,2.4580,40.67,In Hand
379200,-8.7221,-5.2816,-2.3463,-73.8473,39.0992,12.2290,40.58,In Hand
379250,-8.3965,-4.9871,-2.1045,-30.1527,-0.4733,6.1374,40.72,In Hand
379300,-9.2632,-5.1356,-3.2010,7.4656,-35.6794,-9.4656,40.77,In Hand
379350,-11.7029,-6.3566,-5.1787,27.0992,-52.3511,-9.4809,40.58,In Hand
379400,-6.9839,-3.6536,-2.7126,63.0840,-69.4962,-9.2214,40.86,In Hand
379450,-4.4101,-3.1795,-3.1915,125.3282,-80.3206,6.3206,40.91,In Hand
379500,-5.6862,-3.1532,-4.6424,142.5191,-54.3664,0.2443,40.77,In Hand
379550,-7.9464,-3.3495,-4.5155,114.8702,-23.2214,13.8473,40.72,In Hand
379600,-7.2042,-3.5434,-3.7637,90.1374,-12.7939,29.9542,41.05,In Hand
379650,-5.3199,-3.1125,-3.7397,76.8244,8.2290,26.4580,40.95,In Hand
379700,-6.6319,-2.7438,-1.1947,57.0382,33.4504,3.4809,40.72,In Hand
379750,-7.5776,-4.4867,-4.0103,45.7557,39.5573,-16.3664,40.86,In Hand
379800,-7.5082,-3.8714,-2.7916,44.1985,35.6336,-28.5649,40.77,In Hand
379850,-8.0134,-4.2018,-3.3375,48.4580,28.2901,-34.5344,40.86,In Hand
379900,-7.6614,-3.6966,-3.1436,44.8092,22.0611,-26.8397,40.44,In Hand
379950,-8.0469,-3.9552,-3.4237,34.5954,14.7023,-18.4580,40.95,In Hand
380000,-7.9344,-3.8068,-3.4237,22.4886,8.8855,-8.8397,40.91,In Hand
380050,-9.5217,-4.3503,-4.3766,-3.0687,14.4580,6.2137,40.77,In Hand
380100,-8.5760,-4.2186,-3.5913,-20.5954,9.3130,26.5344,40.67,In Hand
380150,-7.5058,-3.7373,-3.2370,-30.8855,9.2824,36.1832,40.72,In Hand
380200,-7.3119,-3.7709,-3.2513,-49.5573,24.5802,33.5878,40.77,In Hand
380250,-6.7804,-3.5171,-3.0861,-65.1603,38.4122,32.4122,40.86,In Hand
380300,-7.6591,-4.2282,-3.5650,-79.4657,57.2519,22.6870,40.91,In Hand
380350,-9.0740,-5.0925,-4.3263,-91.4657,81.8321,2.1374,40.95,In Hand
380400,-8.9687,-5.1404,-4.1276,-96.3817,101.2366,-9.9084,40.67,In Hand
380450,-9.2320,-5.0159,-3.8642,-93.1603,95.0229,14.5191,40.77,In Hand
380500,-8.4060,-6.0262,-5.6838,-77.8931,77.5267,37.4656,40.67,In Hand
380550,-7.9679,-4.3718,-2.4325,-46.0305,50.5191,35.6183,40.86,In Hand
380600,-8.0278,-4.6304,-2.7869,-11.2519,24.8855,17.2214,40.77,In Hand
380650,-8.7173,-4.9153,-3.6105,25.5114,-5.9542,10.5191,40.95,In Hand
380700,-8.2361,-4.5538,-3.7685,59.4351,-39.0076,17.3282,40.67,In Hand
380750,-8.2959,-4.7094,-4.5801,94.0458,-66.9160,25.6031,40.67,In Hand
380800,-8.9256,-4.9488,-5.7988,115.7863,-76.1069,33.6031,40.72,In Hand
380850,-7.5920,-4.1755,-5.4755,125.1756,-75.4046,55.0840,40.72,In Hand
380900,-8.0397,-4.4700,-5.7006,122.7634,-66.5649,80.1374,40.67,In Hand
380950,-7.4244,-4.2641,-4.9129,115.5267,-50.7176,96.5191,40.58,In Hand
381000,-7.4891,-4.4341,-4.5035,115.4809,-39.0534,98.8397,40.72,In Hand
381050,-7.7285,-4.7238,-4.5514,111.4504,-24.6870,90.8092,40.77,In Hand
381100,-7.5872,-4.8387,-4.6926,107.3588,2.4733,61.2824,40.67,In Hand
381150,-7.0892,-4.3527,-4.1539,113.5115,23.6947,17.2672,40.67,In Hand
381200,-6.6966,-3.7038,-4.0486,121.1145,45.9389,-6.4885,40.77,In Hand
381250,-7.5441,-3.9648,-4.2856,122.3511,65.9237,-18.0763,40.72,In Hand
381300,-7.1826,-3.3902,-3.7876,128.2137,64.1527,-18.9313,40.72,In Hand
381350,-7.8769,-4.4365,-4.6711,144.0763,66.6412,-28.7176,40.77,In Hand
381400,-5.8419,-2.5618,-3.6392,158.3359,75.4504,-9.2214,40.67,In Hand
381450,-5.1811,-1.5754,-2.5091,134.6107,86.2137,40.2443,40.91,In Hand
381500,-6.8690,-2.7533,-3.4836,116.3053,91.3435,66.9313,40.72,In Hand
381550,-7.5681,-3.0071,-3.1867,94.2137,85.3740,71.2672,40.86,In Hand
381600,-7.6255,-3.1723,-3.0023,78.3053,71.3130,68.3053,40.58,In Hand
381650,-8.4707,-3.9528,-2.9664,68.1069,53.8779,56.0000,40.77,In Hand
381700,-8.7508,-4.5466,-3.4381,78.3511,25.3740,35.2977,40.72,In Hand
381750,-8.8442,-4.5897,-3.8331,80.9618,3.6947,26.3969,40.72,In Hand
381800,-8.3414,-4.6304,-4.1563,83.7405,-23.3588,26.9466,40.77,In Hand
381850,-7.5753,-4.1252,-4.4748,80.6718,-26.0611,17.8626,41.05,In Hand
381900,-8.4180,-4.5993,-5.1092,61.6031,-12.6718,11.2672,40.72,In Hand
381950,-7.4962,-4.2760,-5.1068,53.6336,-5.0076,-9.8015,40.86,In Hand
382000,-7.7141,-3.5506,-3.6990,29.4656,16.7481,-14.6260,40.67,In Hand
382050,-7.2089,-3.5434,-3.7828,21.0534,23.4198,6.6260,40.86,In Hand
382100,-7.3741,-3.2896,-3.9600,12.1832,37.7863,28.6107,40.58,In Hand
382150,-7.1802,-3.7038,-3.6512,-17.8015,54.5649,30.9160,40.67,In Hand
382200,-7.0749,-3.5793,-3.4979,-30.6565,55.6031,24.7023,40.86,In Hand
382250,-8.1307,-3.6823,-2.5355,-43.2519,52.6565,17.8626,40.67,In Hand
382300,-8.2193,-4.0941,-4.0366,-55.5267,50.3817,2.9618,40.91,In Hand
382350,-8.2025,-4.2042,-3.7541,-54.5344,44.9160,-2.0305,40.72,In Hand
382400,-7.7692,-4.5203,-3.7421,-47.8779,34.6870,-5.5725,40.72,In Hand
382450,-8.0325,-4.6495,-3.1747,-31.6336,17.7405,-17.7405,40.72,In Hand
382500,-8.4635,-5.9831,-5.3582,-8.4427,0.6565,-38.0458,40.72,In Hand
382550,-9.6750,-5.7652,-5.2170,22.0305,-26.9160,-55.9084,40.77,In Hand
382600,-10.5417,-5.3247,-4.8147,61.0229,-45.4656,-61.6794,40.72,In Hand
382650,-8.8059,-3.9528,-4.5442,73.6031,-65.6641,-5.0076,40.67,In Hand
382700,-9.5265,-4.3215,-5.2241,68.7939,-63.6183,44.3664,40.67,In Hand
382750,-7.3789,-4.0821,-3.8762,84.2290,-92.9771,66.0611,40.95,In Hand
382800,-6.5649,-4.0606,-5.3774,109.4351,-96.1679,32.7786,40.72,In Hand
382850,-5.0159,-0.7901,-4.0366,60.0763,-32.1832,21.3130,40.58,In Hand
382900,-4.4341,-2.0949,-3.7733,5.6183,22.7634,2.8550,40.58,In Hand
382950,-4.6735,-2.7509,-3.3375,-21.3282,58.6565,-5.6489,40.72,In Hand
383000,-6.1244,-3.5602,-3.7302,-25.8321,91.1603,-23.9389,40.58,In Hand
383050,-7.7883,-4.0677,-3.9768,-17.6489,99.2366,-35.6336,40.72,In Hand
383100,-8.0948,-3.5937,-3.9911,-14.0763,93.8321,-18.7176,40.91,In Hand
383150,-8.4539,-3.5362,-4.2473,-16.5649,86.7176,-5.1145,40.86,In Hand
383200,-9.0142,-3.2130,-4.4700,-28.1221,72.8550,-5.2977,40.95,In Hand
383250,-8.8370,-3.1244,-4.7788,-48.8550,48.1985,6.2290,40.67,In Hand
383300,-11.6741,-4.5083,-6.2513,-102.7328,48.8244,18.2595,40.77,In Hand
383350,-9.8497,-4.2641,-4.5777,-92.6260,-7.1756,28.9771,40.86,In Hand
383400,-8.6048,-3.9792,-4.8171,-89.2519,-31.7710,14.7328,40.77,In Hand
383450,-9.0764,-4.9991,-5.4420,-90.7786,-33.0687,-11.4656,40.72,In Hand
383500,-7.3765,-4.4580,-4.3742,-74.6107,-32.3969,-40.8702,40.72,In Hand
383550,-5.0781,-2.9880,-4.0438,-54.2290,-22.5954,-61.2977,40.86,In Hand
383600,-4.8459,-2.6839,-3.1603,-46.2901,-3.7099,-74.3969,40.95,In Hand
383650,-7.4005,-4.0127,-2.5594,-39.4504,-2.1374,-66.9924,40.67,In Hand
383700,-7.6495,-4.6711,-4.2329,-0.2290,-20.1069,-71.2519,40.77,In Hand
383750,-7.3957,-3.6823,-3.6631,15.0687,-31.0534,-50.9313,40.72,In Hand
383800,-10.3214,-5.2888,-5.5043,27.6794,-43.3893,-53.8626,40.91,In Hand
383850,-11.9878,-5.0135,-7.5729,27.1603,-68.1527,-32.1527,40.77,In Hand
383900,-9.8689,-4.4676,-7.4005,41.2366,-77.1756,-30.0611,40.67,In Hand
383950,-5.9951,-2.0255,-8.1547,41.3435,-77.8931,-27.3588,40.72,In Hand
384000,-3.5338,-0.4142,-6.1914,4.0305,-56.4733,1.1450,40.72,In Hand
384050,-3.9241,0.3759,-4.1348,-77.9695,-23.3740,30.7939,40.77,In Hand
384100,-4.4867,-0.8787,-4.6639,-133.4962,11.6336,35.1756,40.72,In Hand
384150,-5.5785,-2.7677,-5.3151,-162.3359,35.4962,53.4046,40.77,In Hand
384200,-7.9703,-4.8123,-6.4691,-165.2214,55.2061,51.0840,40.67,In Hand
384250,-7.9200,-5.4899,-6.2106,-132.9313,59.7405,22.4275,40.44,In Hand
384300,-8.8777,-5.2960,-5.6814,-92.7634,49.5878,-15.2672,40.72,In Hand
384350,-8.3773,-4.7836,-5.7628,-69.0687,34.6107,-51.1298,40.67,In Hand
384400,-8.3917,-3.6559,-5.9759,-76.8550,20.6718,-65.4504,40.67,In Hand
384450,-8.5688,-5.8466,-6.1100,-81.0687,3.7252,-57.0992,40.77,In Hand
384500,-8.0469,-5.0925,-5.9520,-64.1069,-0.1069,-83.8321,40.91,In Hand
384550,-5.9304,-3.3686,-4.1204,-39.8779,-3.1450,-94.3206,40.72,In Hand
384600,-7.0270,-4.0534,-4.6807,-24.9466,7.1450,-112.7176,40.72,In Hand
384650,-8.1786,-4.9752,-5.5234,12.9618,1.4504,-127.6336,40.58,In Hand
384700,-7.3143,-3.6990,-5.0566,40.0458,8.0153,-140.0000,40.67,In Hand
384750,-6.1363,-2.8850,-4.4819,43.3130,25.2824,-135.8473,40.72,In Hand
384800,-6.0525,-2.9832,-4.7645,47.6947,46.7481,-125.0534,40.72,In Hand
384850,-6.6535,-2.3415,-5.1404,52.2595,42.8397,-61.4351,40.77,In Hand
384900,-8.3629,-0.7757,-4.5394,35.8779,28.9771,22.0305,40.91,In Hand
384950,-7.5441,-4.5514,-5.2457,8.7786,18.8397,54.3359,40.39,In Hand
385000,-8.0996,-8.4060,-7.8865,50.6870,14.0763,114.1221,40.67,In Hand
385050,-8.1906,-5.1451,-6.3686,71.0840,34.1832,224.1985,40.72,In Hand
385100,-10.6350,-7.0174,-6.3422,122.3359,39.2519,224.7939,40.72,In Hand
385150,-7.5968,-4.0247,-4.3574,127.9084,64.9771,214.3664,40.67,In Hand
385200,-6.6391,-2.5977,-4.2186,101.0992,111.1908,199.6336,40.77,In Hand
385250,-6.5912,-2.3224,-3.7565,70.3511,149.2366,185.9542,40.67,In Hand
385300,-6.4931,-2.9233,-2.8730,60.6260,142.0458,169.3893,40.72,In Hand
385350,-6.1627,-3.0550,-2.9018,64.4122,124.4427,135.2672,40.67,In Hand
385400,-5.5881,-3.0095,-2.2098,62.7939,104.7786,98.3817,40.58,In Hand
385450,-4.6902,-2.6264,-1.7071,64.2137,61.4046,67.7405,40.72,In Hand
385500,-4.5322,-2.2793,-1.3599,53.9847,21.3130,30.2443,40.67,In Hand
385550,-6.1555,-3.1508,-1.8507,44.3053,-28.9618,0.1679,40.72,In Hand
385600,-7.7883,-4.3958,-3.2489,47.2061,-62.6107,-40.1527,40.67,In Hand
385650,-9.2560,-5.1667,-4.2713,65.1298,-92.1221,-59.4351,40.91,In Hand
385700,-9.2225,-4.2449,-4.9752,71.6489,-124.8702,-29.4504,40.58,In Hand
385750,-7.4292,-4.1851,-4.1156,48.8092,-128.2443,22.9771,40.67,In Hand
385800,-10.3022,-6.0693,-5.3510,55.8626,-124.2137,15.7557,40.77,In Hand
385850,-8.5760,-4.3287,-3.9097,32.8550,-109.4351,43.2824,40.91,In Hand
385900,-7.2784,-3.7493,-2.4660,7.1756,-103.0534,37.2061,40.67,In Hand
385950,-7.9009,-4.2018,-3.5865,-32.7786,-37.5420,9.5878,40.91,In Hand
386000,-11.1666,-6.4596,-4.2880,-67.6641,-3.6031,1.8779,40.95,In Hand
386050,-11.2384,-8.4851,-4.6160,-15.9237,-24.2901,-2.5802,40.58,In Hand
386100,-11.3964,-7.4172,-5.3463,15.9237,-41.7405,5.3282,40.77,In Hand
386150,-8.0445,-5.9209,-4.7549,55.0229,-31.5725,4.6718,40.67,In Hand
386200,-8.3893,-5.2002,-6.2896,54.1832,47.0687,12.5649,40.67,In Hand
386250,-6.1770,-5.2361,-4.2545,36.5038,110.5343,20.4275,40.91,In Hand
386300,-8.1068,-5.4923,-10.0820,102.0458,128.9924,-3.8321,40.67,In Hand
386350,-6.1723,-2.7174,-6.0956,133.3435,149.9389,25.9237,40.67,In Hand
386400,-4.9775,-1.7382,-4.5394,126.3817,166.4275,73.1908,40.72,In Hand
386450,-5.1212,-1.7621,-3.9600,130.0611,164.2901,100.1527,40.67,In Hand
386500,-5.3630,-2.2410,-4.0845,152.2901,129.2061,110.5343,40.58,In Hand
386550,-6.7253,-2.8204,-4.7022,159.6336,99.0229,121.1908,40.91,In Hand
386600,-6.4165,-2.6863,-4.3048,149.0840,63.9695,134.2290,40.91,In Hand
386650,-6.5673,-2.9760,-3.8475,134.3817,25.7252,145.3893,40.77,In Hand
386700,-8.2768,-3.8666,-4.9632,113.7710,4.3053,106.8550,40.77,In Hand
386750,-8.0565,-3.7038,-4.6448,74.9466,-17.4809,43.4656,40.72,In Hand
386800,-9.3877,-3.6895,-5.1236,11.9542,-6.7786,-13.4962,40.72,In Hand
386850,-8.6431,-3.4429,-4.3072,-50.6718,-5.5115,-49.4046,40.67,In Hand
386900,-7.9440,-3.3471,-3.9002,-90.3359,-9.0687,-78.8855,40.67,In Hand
386950,-8.5401,-3.7924,-4.1731,-119.9847,-17.5878,-99.5420,40.77,In Hand
387000,-8.5928,-4.1037,-4.3910,-130.3817,-34.6412,-124.2137,40.44,In Hand
387050,-7.1180,-3.4429,-4.0797,-134.8244,-35.7557,-144.1527,40.77,In Hand
387100,-6.7373,-3.4596,-4.0582,-145.7863,-19.2977,-141.1145,40.67,In Hand
387150,-7.6950,-4.0199,-4.5729,-152.9618,-7.1908,-129.6031,40.67,In Hand
387200,-7.5705,-4.2162,-4.7549,-151.2214,-12.6870,-98.2595,40.91,In Hand
387250,-7.6686,-4.1492,-4.3838,-130.6870,-29.4809,-71.4198,40.72,In Hand
387300,-7.5202,-3.7278,-4.1348,-118.4122,-51.3435,-37.5420,40.77,In Hand
387350,-7.0342,-3.9935,-3.8642,-102.4885,-66.0000,-26.7939,40.77,In Hand
387400,-7.2377,-3.5865,-3.7948,-81.8473,-78.6260,-39.2824,40.67,In Hand
387450,-6.9623,-3.5147,-3.9528,-61.1603,-100.2748,-40.5496,40.67,In Hand
387500,-6.8905,-3.3471,-4.0247,-36.1985,-105.6641,-59.6183,40.72,In Hand
387550,-8.6359,-4.1587,-5.1595,-14.8855,-112.3359,-81.1145,40.91,In Hand
387600,-9.0812,-4.0366,-5.2864,-3.2519,-110.3817,-104.3206,40.67,In Hand
387650,-9.2727,-3.4046,-5.0685,-6.3053,-133.8779,-96.1832,40.67,In Hand
387700,-7.1132,-2.4014,-4.4125,-45.6794,-132.3664,-55.2214,40.67,In Hand
387750,-6.3159,-3.0454,-4.3479,-67.8626,-110.7481,-45.4198,40.95,In Hand
387800,-5.4229,-2.5067,-3.3974,-90.6260,-78.2748,-40.5802,40.72,In Hand
387850,-5.5976,-2.8156,-3.3423,-123.7863,-45.0687,-24.0153,40.72,In Hand
387900,-6.7469,-3.5793,-3.8020,-151.8473,-14.0763,-1.2519,40.91,In Hand
387950,-7.7261,-4.6878,-4.2042,-176.5343,16.3359,20.0763,40.67,In Hand
388000,-7.9224,-6.3710,-4.3622,-146.4275,17.1145,0.9466,40.77,In Hand
388050,-8.7317,-6.4811,-4.0797,-103.8321,-1.5725,-55.2519,40.95,In Hand
388100,-8.6191,-5.1787,-4.3646,-70.7176,-22.2290,-86.4580,40.58,In Hand
388150,-8.1283,-3.9313,-4.4341,-61.2824,-29.9542,-82.0000,40.72,In Hand
388200,-8.2337,-3.4069,-5.2074,-79.4809,-25.9542,-44.3053,40.67,In Hand
388250,-6.8235,-2.5594,-4.4029,-116.3969,-7.6489,8.3817,40.44,In Hand
388300,-7.8147,-4.8004,-5.4851,-126.0763,8.8244,19.7099,40.77,In Hand
388350,-7.6016,-4.5346,-4.5250,-82.3511,-7.0382,-10.8397,40.53,In Hand
388400,-7.0413,-4.0510,-4.1492,-65.7099,-16.9924,-21.3588,40.86,In Hand
388450,-7.2209,-4.1252,-3.9409,-46.6565,-29.9542,-34.1527,40.72,In Hand
388500,-8.6167,-4.6400,-4.3311,-30.7176,-41.3588,-46.6565,40.91,In Hand
388550,-7.7572,-3.8427,-3.8331,-29.4962,-53.4656,-33.4046,40.86,In Hand
388600,-7.4795,-4.3766,-3.7397,-24.8397,-67.7252,-22.2595,40.91,In Hand
388650,-10.0149,-5.4636,-5.3822,-1.4504,-100.6412,-35.4656,40.67,In Hand
388700,-9.0094,-4.0725,-5.6910,6.1527,-131.6947,-31.7710,40.67,In Hand
388750,-7.1874,-3.0933,-5.3558,-18.9008,-123.6031,-11.4656,40.58,In Hand
388800,-6.1363,-2.9521,-4.7573,-46.9618,-93.8321,-4.9466,40.58,In Hand
388850,-5.0996,-2.4995,-4.0103,-77.2214,-50.9618,-10.3817,40.86,In Hand
388900,-5.2672,-2.3415,-3.9624,-119.0840,-0.3053,-15.7863,40.53,In Hand
388950,-5.3367,-2.1931,-3.5961,-153.1756,27.0687,-10.8397,40.72,In Hand
389000,-7.3861,-2.4134,-4.2689,-181.2214,48.7634,-6.5191,40.86,In Hand
389050,-10.5728,-4.7573,-6.8354,-201.8168,45.0992,16.0611,40.67,In Hand
389100,-9.7300,-6.1746,-7.1060,-171.3740,28.9313,-14.5038,40.77,In Hand
389150,-7.2832,-4.4819,-5.3941,-162.6718,40.5344,-33.4198,40.91,In Hand
389200,-7.3837,-4.5538,-5.7054,-155.4962,59.3740,-47.5725,40.86,In Hand
389250,-7.5010,-4.6855,-5.5737,-148.0763,80.2901,-67.8168,40.77,In Hand
389300,-7.2616,-4.4676,-4.8914,-139.8931,88.2748,-73.6031,40.86,In Hand
389350,-7.6591,-4.8435,-4.7716,-119.3130,85.2824,-85.7252,40.77,In Hand
389400,-7.0892,-4.3479,-3.7852,-79.3130,57.2061,-90.4885,40.67,In Hand
389450,-7.9655,-4.9464,-4.6855,-20.7939,22.5649,-111.6794,40.67,In Hand
389500,-6.7756,-2.7390,-3.8235,21.6947,-6.2901,-124.0153,40.67,In Hand
389550,-6.7373,-2.1476,-4.1013,55.8626,-33.2977,-128.2137,40.91,In Hand
389600,-6.5410,-1.3695,-4.3287,51.8015,-34.9771,-105.8321,40.67,In Hand
389650,-5.4708,-0.0048,-6.1268,46.3817,-25.8168,-49.6336,40.67,In Hand
389700,-7.5729,-0.6632,-6.3470,61.5115,5.8931,41.3435,40.67,In Hand
389750,-7.9583,-3.8283,-4.9392,36.5496,15.8321,105.0229,40.77,In Hand
389800,-7.5298,-4.4676,-4.8937,32.9924,-0.3969,122.8702,40.72,In Hand
389850,-7.5872,-5.4061,-5.3032,53.9695,-11.9542,91.7710,40.72,In Hand
389900,-7.4053,-4.3981,-4.7501,65.1603,-35.9237,44.8855,40.67,In Hand
389950,-9.8162,-5.4372,-7.1922,51.1603,-48.7176,16.6718,40.58,In Hand
390000,-9.3613,-4.7166,-6.0693,57.8931,-76.2290,-9.6641,40.91,In Hand
390050,-7.4603,-2.7581,-6.1172,31.0687,-87.4046,-23.3588,40.67,In Hand
390100,-7.5369,-2.5019,-5.4660,-16.3511,-95.9237,-43.7099,40.91,In Hand
390150,-6.5074,-1.7190,-4.7405,-64.3664,-85.4809,-64.1679,40.72,In Hand
390200,-6.4260,-2.0518,-4.9991,-95.9847,-74.4733,-78.1527,40.44,In Hand
390250,-5.5186,-2.3798,-4.6759,-124.6718,-58.3053,-79.2366,40.72,In Hand
390300,-5.8969,-2.8132,-4.8100,-143.1756,-33.5420,-76.7939,40.67,In Hand
390350,-8.0852,-4.2928,-6.1100,-162.8550,-18.7786,-56.8855,40.86,In Hand
390400,-7.8171,-4.2760,-4.8818,-158.7023,-35.9542,-30.6260,40.72,In Hand
390450,-7.8266,-3.9073,-6.0980,-164.0153,-36.7328,2.7939,40.53,In Hand
390500,-9.7372,-6.2680,-7.7117,-177.0992,-16.9771,39.0229,40.67,In Hand
390550,-8.1403,-6.5864,-5.7413,-120.9008,-5.5267,-8.2595,40.67,In Hand
390600,-6.1124,-4.2760,-2.8443,-62.9008,0.9160,-45.6336,40.77,In Hand
390650,-6.6870,-4.2090,-4.0414,-34.2901,-0.0611,-57.7710,40.91,In Hand
390700,-7.6926,-3.5051,-4.8578,-27.3435,-17.2672,-31.8473,40.67,In Hand
390750,-5.9807,-3.3974,-4.2593,-33.1450,-20.5344,-18.7328,40.77,In Hand
390800,-5.4444,-1.6113,-5.0853,-26.1527,-11.5115,-0.5802,40.72,In Hand
390850,-5.2385,-2.5618,-3.7062,-35.4809,-0.9008,5.2061,40.72,In Hand
390900,-5.4755,-2.9090,-3.8882,-46.9008,9.3588,-11.2672,40.67,In Hand
390950,-4.7501,-2.7845,-3.6871,-59.5725,25.0687,-24.3206,40.77,In Hand
391000,-5.6623,-4.0199,-4.5322,-52.7939,52.7176,-48.9771,40.53,In Hand
391050,-6.9695,-4.7884,-5.1475,-24.5802,65.0840,-56.0458,40.86,In Hand
391100,-8.1259,-4.8818,-5.1978,12.4427,61.0840,-67.6183,40.58,In Hand
391150,-8.4659,-3.9073,-5.4444,28.9466,47.0687,-42.4275,40.91,In Hand
391200,-8.8083,-4.8746,-5.6024,40.7176,8.5344,18.0763,40.72,In Hand
391250,-7.7357,-4.4173,-5.1236,60.0305,-12.5649,31.4198,40.67,In Hand
391300,-4.4412,-2.0973,-3.1723,65.8931,-16.5802,25.8626,40.67,In Hand
391350,-5.5737,-2.8036,-3.8235,42.1221,-17.5725,71.8015,40.77,In Hand
391400,-6.4117,-3.3926,-4.3383,20.4275,-17.5878,119.5878,40.72,In Hand
391450,-6.1028,-4.1180,-4.2114,14.4733,-3.5725,145.8321,40.72,In Hand
391500,-6.3662,-4.3574,-4.2665,26.7176,11.8626,157.5878,40.91,In Hand
391550,-8.3965,-5.6719,-5.6264,55.1145,10.6260,155.7863,40.34,In Hand
391600,-8.0876,-5.4540,-5.2457,91.5725,-6.4733,139.6794,40.72,In Hand
391650,-8.7987,-6.1100,-6.2345,125.2214,-12.5191,96.0305,40.72,In Hand
391700,-9.7444,-6.1986,-6.5721,163.8931,-18.8244,35.5725,40.72,In Hand
391750,-10.5943,-6.2991,-7.8075,200.4122,-46.5344,11.9389,40.67,In Hand
391800,-10.9439,-5.1667,-8.3127,216.9924,-61.7099,8.6565,40.91,In Hand
391850,-9.9072,-6.2872,-10.8529,215.5725,-54.8397,6.0153,40.91,In Hand
391900,-6.7708,-2.8443,-5.4348,185.3282,-30.9008,25.4198,40.91,In Hand
391950,-4.3503,-1.8938,-3.9672,187.4657,-46.3511,57.4809,40.67,In Hand
392000,-3.2250,-1.6352,-3.5051,174.2290,-42.2748,51.8168,40.72,In Hand
392050,-4.4772,-0.8045,-10.2711,107.4962,14.6565,44.1832,40.53,In Hand
392100,-5.8586,-1.2689,-3.3064,36.0153,38.3359,41.9237,40.86,In Hand
392150,-4.8243,-2.3200,-2.4948,5.3588,63.4046,-18.2595,40.53,In Hand
392200,-6.0693,-2.9592,-3.0813,-32.8397,95.8779,-68.5496,40.67,In Hand
392250,-8.0661,-4.3287,-4.2497,-54.5191,112.3817,-99.0382,40.67,In Hand
392300,-8.5976,-4.3790,-4.3766,-52.4122,87.0534,-95.8626,40.72,In Hand
392350,-8.4252,-4.3790,-4.3263,-47.2519,67.4962,-82.3664,40.67,In Hand
392400,-9.1099,-4.5011,-4.6974,-40.1374,35.8779,-57.4046,40.95,In Hand
392450,-8.9304,-4.1420,-4.9177,-38.1069,0.9924,-33.8626,40.77,In Hand
392500,-9.4571,-3.8259,-5.8395,-69.5420,9.4046,-8.1527,40.77,In Hand
392550,-9.9958,-4.3790,-5.8897,-91.9084,-11.0382,23.6794,40.72,In Hand
392600,-7.1515,-3.5267,-4.0965,-86.3817,-42.4427,28.0305,40.53,In Hand
392650,-6.9719,-2.9688,-5.0949,-78.9924,-47.9695,2.8702,40.95,In Hand
392700,-8.5521,-4.1899,-5.7102,-103.3893,-2.2137,-44.3359,40.77,In Hand
392750,-7.0677,-3.3088,-4.7956,-119.0382,16.7939,-59.7099,40.86,In Hand
392800,-6.1124,-2.7581,-3.4285,-119.5115,16.8702,-60.5038,40.72,In Hand
392850,-6.8594,-3.6631,-4.0725,-122.5802,9.0382,-41.3435,40.72,In Hand
392900,-8.1714,-4.3431,0.2035,-136.0153,-12.6718,-38.6412,40.77,In Hand
392950,-6.7109,-4.8243,-5.0757,-94.8550,-22.3969,-30.4733,40.72,In Hand
393000,-7.2616,-4.5274,-4.7070,-64.9924,-34.7939,-25.8168,40.77,In Hand
393050,-8.0804,-5.0278,-4.7166,-28.7023,-44.1221,-29.8779,40.67,In Hand
393100,-7.9607,-5.2960,-4.8195,14.1069,-48.8092,-37.6489,40.53,In Hand
393150,-9.6726,-5.2960,-6.4189,53.4046,-35.4504,-61.2824,40.86,In Hand
393200,-9.4810,-4.9392,-5.9831,60.1374,-41.1908,-22.6412,40.53,In Hand
393250,-7.7452,-4.0103,-5.5737,117.2061,-52.7176,-52.8092,40.72,In Hand
393300,-6.5673,-2.6671,-7.1898,128.7634,-21.3740,-65.0992,40.77,In Hand
393350,-6.6032,1.4844,-7.0916,113.8931,4.9618,4.4122,40.67,In Hand
393400,-5.5043,-0.4860,-5.6407,74.1832,57.5267,19.8626,40.58,In Hand
393450,-7.0246,-0.8906,-4.0151,17.1908,67.8931,21.2672,40.91,In Hand
393500,-7.2089,-1.7597,-4.6567,-19.8473,58.9771,21.6183,40.58,In Hand
393550,-7.4723,-2.5331,-4.9512,-50.3053,51.7863,12.1985,40.72,In Hand
393600,-7.2496,-2.6671,-4.7884,-63.2672,29.7557,18.0763,40.58,In Hand
393650,-7.5561,-2.9497,-5.6048,-66.3206,12.4580,15.4504,40.77,In Hand
393700,-7.1802,-3.3902,-5.6431,-66.4580,-4.2443,13.8473,40.44,In Hand
393750,-6.8881,-2.9736,-5.5905,-63.6183,-8.7176,-0.9924,40.67,In Hand
393800,-8.4539,-3.1580,-6.6966,-87.0687,-3.2824,4.6718,40.77,In Hand
393850,-7.6902,-4.4724,-7.1970,-89.8321,0.4427,-1.9389,40.86,In Hand
393900,-7.6279,-4.3886,-6.5074,-83.5725,5.9695,-25.5420,40.72,In Hand
393950,-6.0358,-3.3016,-5.4444,-74.3664,1.6336,-61.7710,40.67,In Hand
394000,-6.7852,-1.7382,-5.3846,-94.5038,-0.1221,-85.0534,40.72,In Hand
394050,-8.1858,-2.3152,-5.9352,-125.6489,-23.5878,-81.0992,40.72,In Hand
394100,-9.3350,-2.5019,-6.7612,-144.3359,-61.6031,-80.0763,40.77,In Hand
394150,-9.0980,-3.3639,-6.9073,-139.1145,-107.0382,-69.7710,40.67,In Hand
394200,-7.6255,-2.8299,-6.7612,-106.8855,-133.4504,-81.1450,40.91,In Hand
394250,-6.4739,-2.3248,-6.1866,-87.6794,-124.0153,-86.3359,40.67,In Hand
394300,-7.0030,-2.3367,-6.2321,-89.1603,-92.6870,-99.2977,40.67,In Hand
394350,-6.8785,-2.3607,-5.6886,-96.2443,-47.9237,-108.7634,40.67,In Hand
394400,-6.6391,-2.3535,-3.9959,-99.4351,-2.4427,-91.1450,40.67,In Hand
394450,-6.4141,-2.5833,-2.4565,-83.9695,22.0916,-39.1756,40.77,In Hand
394500,-7.2329,-3.0478,-2.1117,-53.3130,29.8168,5.9237,40.91,In Hand
394550,-7.6806,-3.3543,-1.9393,-35.8015,40.6412,21.1756,40.67,In Hand
394600,-9.2368,-4.4819,-2.3104,-18.4886,55.9695,13.3740,40.67,In Hand
394650,-9.6367,-4.2784,-2.5283,25.7863,25.3130,22.5496,40.77,In Hand
394700,-9.7157,-4.3479,-1.6688,55.1298,-16.0000,25.9237,40.58,In Hand
394750,-8.4851,-3.2992,-2.1715,51.8626,-50.9618,25.2672,40.72,In Hand
394800,-9.2608,-3.8690,-2.6552,35.0840,-66.4885,0.0305,40.77,In Hand
394850,-6.8115,-3.3136,-2.2290,30.2290,-86.4275,-12.7481,40.58,In Hand
394900,-7.5872,-4.0390,-3.0789,30.0305,-71.4657,-26.2901,40.72,In Hand
394950,-6.7636,-4.3766,-3.5458,53.8626,-38.1985,-6.5496,40.67,In Hand
395000,-6.9935,-4.3742,-4.5753,57.9389,6.9924,-19.0382,40.72,In Hand
395050,-8.9950,-4.2018,-4.1539,45.2214,52.3664,-80.0763,40.77,In Hand
395100,-9.0860,-4.3311,-2.2529,29.2061,37.7099,-68.5649,40.91,In Hand
395150,-8.5904,-3.6631,-1.6065,44.9160,21.8168,-31.3282,40.67,In Hand
395200,-6.4404,-2.1620,-0.7733,55.8473,32.7481,26.2290,40.77,In Hand
395250,-6.4907,-2.9688,-2.0782,49.5725,47.9542,38.5038,40.72,In Hand
395300,-7.7476,-3.8092,-1.2953,18.5496,68.7634,6.1374,40.72,In Hand
395350,-10.2113,-6.0549,-0.1676,13.8473,43.7557,-44.3817,40.72,In Hand
395400,-10.0652,-6.1483,-0.9481,60.5344,-25.2061,-88.7786,40.95,In Hand
395450,-7.3502,-3.6799,-0.2322,46.1527,-49.6183,-55.2519,40.67,In Hand
395500,-10.0604,-6.1339,-0.5171,26.9160,-75.7557,-22.8092,40.72,In Hand
395550,-6.9863,-4.1061,-0.9888,38.7176,-119.0992,-11.9542,40.72,In Hand
395600,-5.4516,-3.3758,-0.9457,-1.3282,-95.3893,-3.1908,40.86,In Hand
395650,-7.0868,-4.4317,-1.4533,-15.7710,-93.6947,20.4580,40.67,In Hand
395700,-5.8490,-3.4979,-1.3120,-52.8855,-59.5878,39.7405,40.86,In Hand
395750,-7.4843,-4.5083,-2.0518,-74.6718,-44.8397,51.9695,40.72,In Hand
395800,-8.5928,-5.4660,-2.7222,-92.6260,-21.6336,62.0458,40.77,In Hand
395850,-8.3582,-6.0932,-3.2322,-97.3130,14.1069,58.5038,40.86,In Hand
395900,-9.0621,-6.9791,-2.8180,-70.9771,37.3130,39.3740,40.77,In Hand
395950,-9.2775,-7.0222,-2.6767,-39.1450,51.4198,24.4580,40.58,In Hand
396000,-9.2608,-6.7732,-2.5115,-14.4122,72.7634,6.5496,40.91,In Hand
396050,-9.0597,-6.1627,-2.0279,1.9542,90.1985,6.2901,40.67,In Hand
396100,-9.0812,-5.9280,-1.5275,5.8626,108.0153,11.8931,40.72,In Hand
396150,-9.2799,-5.8227,-1.1061,13.1298,104.5038,21.6489,40.72,In Hand
396200,-8.6622,-5.3127,-0.7470,14.6260,98.9313,18.7786,40.72,In Hand
396250,-9.3972,-5.7150,-0.6512,20.3359,86.9618,26.9924,40.67,In Hand
396300,-8.9136,-5.5091,-0.3089,22.0916,74.3053,49.1908,40.77,In Hand
396350,-8.6311,-5.6240,-0.3184,36.2901,49.1298,74.4733,40.77,In Hand
396400,-8.5162,-5.7030,-0.5291,66.2901,5.9389,103.3435,40.86,In Hand
396450,-8.5521,-5.1954,-0.9337,83.5267,-44.4427,124.5191,40.39,In Hand
396500,-8.8178,-6.0190,-1.5227,71.6947,-54.9771,120.7786,40.53,In Hand
396550,-7.4484,-5.8490,-1.7286,79.2977,-54.1374,79.0840,40.67,In Hand
396600,-8.6886,-6.7684,-2.3296,98.5649,-52.0763,26.1527,40.77,In Hand
396650,-8.0254,-6.2776,-3.0047,134.0305,-58.1374,-10.4427,40.67,In Hand
396700,-8.0182,-5.9424,-3.4046,154.1985,-47.9389,-16.3511,40.58,In Hand
396750,-8.5425,-4.2665,-4.7046,175.3282,-41.1908,-18.3511,40.77,In Hand
396800,-7.7620,-3.4572,-4.1707,209.4809,-1.2366,45.1908,40.72,In Hand
396850,-7.2544,-4.7070,-2.4660,199.8168,42.4275,12.0763,40.58,In Hand
396900,-5.8778,-2.9784,-1.1803,166.8092,73.4504,-22.6107,40.58,In Hand
396950,-8.8825,-4.4772,-0.6871,146.1069,61.6336,-38.1985,40.58,In Hand
397000,-7.7189,-3.6464,0.1006,116.7481,49.0840,-32.6565,40.72,In Hand
397050,-8.5904,-4.3191,0.4597,89.3893,35.0076,-37.7557,40.86,In Hand
397100,-9.0477,-2.8802,0.1006,75.4198,19.5420,-39.7405,40.53,In Hand
397150,-8.9088,-2.4732,-0.3328,89.7710,22.7634,13.7099,40.77,In Hand
397200,-9.3637,-5.1308,0.3855,82.3053,25.9084,-6.7481,40.95,In Hand
397250,-10.8050,-5.8323,0.4932,64.8550,9.2519,-40.9618,40.67,In Hand
397300,-9.5505,-4.8291,0.6033,40.5344,-8.1832,-68.4885,40.53,In Hand
397350,-9.2153,-4.8866,0.3424,28.7786,-35.1908,-67.2214,40.44,In Hand
397400,-7.7812,-4.1204,-0.0168,21.2214,-61.7863,-43.8779,40.77,In Hand
397450,-6.8929,-3.8331,-0.4477,17.6794,-77.9847,-33.4962,40.58,In Hand
397500,-8.1211,-4.6064,-0.8835,15.7099,-88.6412,-22.2443,40.67,In Hand
397550,-8.4611,-4.2880,-1.2570,7.2672,-98.0000,12.0611,40.67,In Hand
397600,-5.7748,-2.7366,-1.0439,-43.0076,-50.9771,45.9389,40.72,In Hand
397650,-4.2210,-1.9585,-0.6225,-115.6794,24.7481,59.1603,40.72,In Hand
397700,-8.5641,-5.1858,-1.0894,-148.0458,62.2443,80.8397,40.95,In Hand
397750,-10.4267,-6.9049,-1.3144,-131.1298,63.5420,106.7176,40.53,In Hand
397800,-10.5034,-6.7493,-1.0846,-120.6412,80.0611,96.6565,40.91,In Hand
397850,-9.8497,-6.2800,-0.8332,-107.2214,84.4580,95.2519,40.95,In Hand
397900,-9.5505,-6.5170,-0.5794,-83.6794,76.5496,88.3511,40.58,In Hand
397950,-10.4986,-7.7835,-0.0503,-50.3206,74.0000,35.5573,40.67,In Hand
398000,-8.4731,-6.2249,0.2227,-9.8931,63.9237,-27.0534,40.58,In Hand
398050,-10.1897,-6.6032,0.2203,21.0076,34.3664,-73.4351,40.72,In Hand
398100,-11.2384,-6.4811,-0.2322,46.0153,-7.8321,-84.2137,40.67,In Hand
398150,-10.6422,-5.4013,-0.1293,32.8702,-23.8015,-68.4122,40.67,In Hand
398200,-12.1817,-6.5673,-0.5052,22.1832,-52.4733,-30.4275,40.53,In Hand
398250,-7.4316,-3.6799,0.0048,3.3130,-61.2214,15.2977,40.44,In Hand
398300,-5.9424,-3.4189,-0.0287,-18.5802,-46.3969,10.4275,40.44,In Hand
398350,-5.2241,-3.8355,-0.0503,-20.7328,-18.7634,-32.1069,40.53,In Hand
398400,-10.7093,-2.9281,-1.2426,39.8168,-27.0076,1.5267,40.72,In Hand
398450,-6.3877,-4.1013,-0.7925,103.4962,-42.0153,28.5038,40.77,In Hand
398500,-7.7500,-5.3199,-1.0678,134.4733,-54.2748,15.7557,40.58,In Hand
398550,-8.2648,-5.0781,-1.4629,143.0840,-56.0763,7.4351,40.72,In Hand
398600,-7.3741,-3.6607,-1.3264,118.7634,-28.0916,-4.6718,40.67,In Hand
398650,-6.6104,-2.6767,-0.5986,76.3817,-6.4275,-25.1603,40.53,In Hand
398700,-6.3638,-2.6767,0.1556,25.5878,24.2595,-52.3969,40.67,In Hand
398750,-8.5329,-4.7477,0.1772,-1.5878,31.6794,-81.8015,40.53,In Hand
398800,-6.0932,-2.9353,1.1947,-37.3435,58.6412,-102.0000,40.53,In Hand
398850,-11.6933,1.2210,4.3790,-125.8779,40.6412,9.9695,40.72,In Hand
398900,-10.2208,-7.4675,0.2921,-117.6947,38.3053,47.8321,40.67,In Hand
398950,-10.8481,-7.9966,0.5339,-71.1145,22.3359,84.8244,40.67,In Hand
399000,-8.6479,-6.1866,0.5770,-67.3893,39.5115,87.0534,40.86,In Hand
399050,-9.3182,-7.2880,0.2634,-37.1756,34.8092,54.0305,40.58,In Hand
399100,-9.5744,-7.5274,0.2538,31.5420,-13.6641,25.3282,40.91,In Hand
399150,-8.6742,-6.5050,-0.1413,62.5344,-27.1603,-0.3969,40.77,In Hand
399200,-8.5090,-6.3901,-0.8164,93.0382,-46.1527,-22.8855,40.58,In Hand
399250,-6.5960,-4.4149,-0.3352,77.3130,-21.8473,-54.5496,40.77,In Hand
399300,-9.1506,-5.5833,-0.4118,63.3130,-15.8626,-80.6718,40.67,In Hand
399350,-7.6974,-4.0534,0.1413,46.7023,-22.5496,-77.7405,40.67,In Hand
399400,-8.5090,-4.6208,0.2322,12.5649,-12.6412,-82.3969,40.58,In Hand
399450,-8.0924,-4.5969,0.4477,-8.4427,-16.9618,-72.6260,40.91,In Hand
399500,-9.6606,-6.3231,0.1844,-28.9924,-12.4885,-38.0458,40.53,In Hand
399550,-8.1666,-5.4803,-0.1844,-10.7634,-51.3893,-2.8855,40.67,In Hand
399600,-6.9504,-4.8698,0.0622,-44.3359,-14.0000,7.1908,40.77,In Hand
399650,-6.2968,-5.4133,0.0958,-67.0076,33.4656,18.0458,40.53,In Hand
399700,-5.6024,-5.8706,0.0048,-52.5802,68.2748,9.8626,40.44,In Hand
399750,-7.3023,-6.9073,-0.1197,4.6107,56.8244,18.1679,40.67,In Hand
399800,-7.4508,-5.7150,-0.4238,60.9160,26.4275,32.2290,40.44,In Hand
399850,-5.5186,-3.4189,0.3232,45.1450,31.3282,21.1450,40.58,In Hand
399900,-6.1172,-3.8618,0.1963,41.8626,20.1832,55.9389,40.67,In Hand
399950,-6.2752,-3.6057,0.2897,27.1145,13.6947,76.1069,40.67,In Hand
400000,-6.6104,-4.0318,0.3232,14.8550,16.9313,45.8321,40.44,In Hand
400050,-7.5705,-4.7525,0.3280,4.0763,12.7176,33.2061,40.72,In Hand
400100,-7.8554,-4.7357,0.3855,-3.3282,-0.6412,23.3130,40.77,In Hand
400150,-9.3972,-5.9352,0.0215,-22.8092,-21.4656,-3.2366,40.44,In Hand
400200,-9.4834,-6.8498,-0.5219,-46.5802,-5.8015,-58.6718,40.86,In Hand
400250,-11.3246,-7.9751,-0.7422,-22.7328,-32.2137,-69.0840,40.72,In Hand
400300,-8.3773,-5.9807,0.7709,-50.2137,0.9618,-47.1145,40.67,In Hand
400350,-6.5864,-5.5881,0.3615,-52.3511,41.0076,-16.6870,40.67,In Hand
400400,-6.6846,-5.9616,1.0870,-44.2137,62.5496,10.4580,40.67,In Hand
400450,-8.2145,-7.5250,0.9673,-4.5649,49.9542,19.0076,40.53,In Hand
400500,-8.0804,-6.8953,1.1037,54.7328,3.7863,49.0992,40.67,In Hand
400550,-7.6375,-6.0717,1.0439,91.7099,-25.1908,67.1450,40.67,In Hand
400600,-7.4412,-5.0254,0.6991,107.7405,-46.0458,55.2366,40.91,In Hand
400650,-8.1906,-4.8411,0.4310,99.0382,-55.6947,28.7786,40.72,In Hand
400700,-7.6351,-4.1755,0.3735,78.4275,-63.9542,8.5038,40.77,In Hand
400750,-7.9511,-4.1779,0.3903,43.2824,-56.4275,-15.4351,40.58,In Hand
400800,-9.1961,-5.3127,0.1484,17.3740,-52.8092,-20.2595,40.39,In Hand
400850,-7.9655,-4.3551,0.2442,-12.2901,-38.3206,-27.1908,40.53,In Hand
400900,-9.3925,-5.6336,-0.1772,-30.7939,-36.7634,-40.4733,40.67,In Hand
400950,-6.5122,-3.8810,0.0239,-44.4275,-30.3359,-17.2061,40.34,In Hand
401000,-4.7405,-3.0694,0.4884,-80.3511,13.5878,-3.4809,40.77,In Hand
401050,-5.3008,-3.9073,0.2274,-97.9084,42.1832,3.5878,40.58,In Hand
401100,-6.9719,-5.3774,0.1341,-76.0000,34.8702,32.3969,40.67,In Hand
401150,-7.7045,-5.7437,0.0024,-51.6947,26.3053,55.4046,40.67,In Hand
401200,-7.2688,-5.4205,-0.1915,-31.7710,24.2290,43.9847,40.58,In Hand
401250,-6.6918,-5.1547,-0.3280,-21.1298,34.8397,12.9924,40.67,In Hand
401300,-8.8250,-6.5529,-0.7829,-11.1756,41.5573,24.7176,40.67,In Hand
401350,-6.8450,-4.8746,-0.5914,-10.5038,50.4122,30.1221,40.77,In Hand
401400,-7.8745,-5.5689,-0.5124,-24.4733,58.5038,7.3282,40.25,In Hand
401450,-9.0716,-6.5074,-1.5874,-17.6031,56.7481,-5.0687,40.53,In Hand
401500,-8.2073,-5.9448,-1.4006,-25.2061,78.7481,-36.7023,40.44,In Hand
401550,-9.4619,-6.0980,-1.2402,-49.1908,101.2061,-70.5191,40.86,In Hand
401600,-12.8808,-8.3845,-1.4389,-50.5649,82.8550,-82.4275,40.67,In Hand
401650,-12.1913,-7.7261,-1.3575,-33.4809,49.6641,-68.8855,40.39,In Hand
401700,-7.4675,-4.5107,-0.4501,-43.2672,46.1221,-30.3053,40.44,In Hand
401750,-6.5960,-4.7022,-0.1508,-48.6718,53.8626,-4.8855,40.67,In Hand
401800,-9.0716,-7.1754,-0.6728,14.0611,2.8092,17.0076,40.67,In Hand
401850,-8.6933,-6.3494,-1.1684,83.2824,-47.3740,44.1679,40.72,In Hand
401900,-8.8226,-6.1196,-1.7454,112.2290,-68.1221,93.0992,40.86,In Hand
401950,-8.7795,-6.1914,-1.8747,120.2443,-68.0153,139.0076,40.67,In Hand
402000,-9.5337,-6.6080,-1.7789,133.7710,-80.5649,147.5267,40.77,In Hand
402050,-9.7803,-6.5936,-1.7286,137.4962,-94.1985,148.2443,40.77,In Hand
402100,-9.8378,-6.3015,-1.7957,130.5649,-102.5802,131.3588,40.67,In Hand
402150,-8.9399,-6.0238,-2.4588,116.9160,-103.5878,113.3282,40.67,In Hand
402200,-7.3191,-4.7070,-1.9848,97.2977,-78.0305,83.3282,40.67,In Hand
402250,-6.4907,-3.7613,-1.2929,68.0458,-41.5267,17.5114,40.53,In Hand
402300,-6.5888,-3.4093,-0.9002,37.6947,-8.3817,-60.7023,40.86,In Hand
402350,-10.4651,-4.9704,-0.7542,2.1679,18.1527,-149.9237,40.77,In Hand
402400,-9.6127,-3.9959,-0.2274,-26.8397,15.4198,-182.8702,40.91,In Hand
402450,-8.0804,-2.8946,0.0886,-81.3435,37.2519,-191.9695,40.86,In Hand
402500,-7.7548,-3.4860,-0.3615,-138.2901,53.5878,-174.0458,40.44,In Hand
402550,-8.2337,-5.6647,-0.8068,-165.3893,83.8321,-194.1374,40.72,In Hand
402600,-28.1391,12.7755,18.9525,-149.6794,-78.5954,-1.1298,40.53,In Hand
402650,-7.2305,-4.1683,-1.7573,-158.2290,-128.1832,62.9313,40.72,In Hand
402700,-8.0661,-7.8051,-2.8826,-98.9771,-119.3282,85.9084,40.53,In Hand
402750,-6.3398,-6.4931,-1.8986,-25.5725,-117.3282,114.3511,40.67,In Hand
402800,-5.5761,-5.5282,-1.1325,4.7634,-60.6260,121.5725,40.44,In Hand
402850,-8.2193,-6.9192,-0.9074,30.9466,-10.1985,104.0611,40.77,In Hand
402900,-6.2441,-5.2912,-0.7781,54.7634,29.0229,81.5573,40.72,In Hand
402950,-8.3606,-6.1579,-0.8787,69.7863,60.1679,56.2290,40.58,In Hand
403000,-7.6016,-5.4109,-0.8428,88.6565,74.3817,23.2672,40.58,In Hand
403050,-7.2808,-4.9344,-0.8452,92.0305,99.1908,-12.7481,40.67,In Hand
403100,-10.9319,-7.1467,-1.2474,112.5649,98.5649,-52.8244,40.72,In Hand
403150,-10.2999,-6.2968,-1.4748,140.0916,81.9237,-65.3130,40.72,In Hand
403200,-8.4467,-4.8387,-1.4174,149.1450,74.5649,-48.3817,40.53,In Hand
403250,-7.5082,-4.3479,-1.3431,150.7328,72.2595,-25.8473,40.67,In Hand
403300,-8.1139,-4.8530,-1.4341,155.3893,67.7252,-4.8397,40.44,In Hand
403350,-9.1387,-5.9065,-1.5131,169.6488,56.0000,22.3511,40.72,In Hand
403400,-8.6239,-5.3367,-1.4892,178.1985,41.4809,46.1527,40.77,In Hand
403450,-9.8617,-6.0885,-1.5874,184.7023,24.8702,90.2748,40.39,In Hand
403500,-8.4803,-5.0566,-0.8882,165.6641,27.8321,131.3740,40.72,In Hand
403550,-8.7293,-5.6024,-0.5243,141.0534,36.1374,133.0687,40.67,In Hand
403600,-9.2009,-6.0334,-0.5100,141.2977,16.6107,105.4351,40.67,In Hand
403650,-8.1810,-5.1116,-0.5028,144.6870,-15.2977,75.2977,40.77,In Hand
403700,-7.9679,-4.8459,-0.8284,143.2977,-41.7405,43.0992,40.77,In Hand
403750,-7.6160,-4.3646,-1.0295,132.4427,-50.0458,-4.1527,40.58,In Hand
403800,-7.7979,-4.1420,-1.6137,104.6260,-26.6718,-56.8397,40.58,In Hand
403850,-6.2991,-3.1149,-1.5610,75.8321,16.2748,-118.5496,40.67,In Hand
403900,-7.8985,-3.3830,-1.2234,32.5954,64.3359,-177.7557,40.53,In Hand
403950,-11.1474,-5.0973,-1.3192,-14.0000,92.8397,-210.4427,40.67,In Hand
404000,-9.4403,-4.1659,-0.8404,-56.7634,98.6260,-177.7405,40.86,In Hand
404050,-8.9878,-4.6017,-0.9912,-95.1603,98.5649,-122.1221,40.77,In Hand
404100,-7.9033,-4.8004,-0.8667,-112.4275,94.4580,-74.2748,40.67,In Hand
404150,-7.6950,-5.3726,-0.7973,-98.1221,77.8168,-28.0305,40.67,In Hand
404200,-7.7165,-5.8754,-1.0056,-52.0153,37.4198,36.5191,40.44,In Hand
404250,-8.1044,-5.9520,-1.0199,-5.7710,6.7023,92.3969,40.67,In Hand
404300,-9.2320,-6.5050,-1.2402,30.7481,-6.5191,118.4580,40.44,In Hand
404350,-8.1618,-5.6814,-1.3455,49.9542,3.7863,120.0000,40.67,In Hand
404400,-8.4539,-5.7365,-1.1875,60.4580,22.2137,114.0763,40.58,In Hand
404450,-9.0357,-5.8562,-1.2833,74.2595,23.6641,102.8397,40.86,In Hand
404500,-8.8849,-5.4037,-1.1923,79.2214,21.9237,78.8550,40.72,In Hand
404550,-10.4100,-5.4803,-1.2474,72.0611,9.2672,33.1756,40.72,In Hand
404600,-9.3781,-4.5203,-1.1372,46.0305,-5.9695,23.3893,40.72,In Hand
404650,-8.5018,-4.3096,-0.9266,15.7710,-10.9160,33.5573,40.72,In Hand
404700,-8.5305,-4.8626,-0.7566,3.9847,-25.8015,33.9084,40.44,In Hand
404750,-8.4515,-5.0661,-0.6919,10.7634,-45.2519,25.6031,40.67,In Hand
404800,-7.5489,-3.9792,-0.2107,0.6718,-46.2443,2.0000,40.53,In Hand
404850,-8.2720,-4.6591,-0.3831,-14.2443,-43.2824,-42.9466,40.77,In Hand
404900,-10.0724,-6.3566,-0.7901,-21.0534,-23.4656,-69.8473,40.53,In Hand
404950,-9.2656,-5.9161,-0.9792,15.0534,-43.0229,-49.2061,40.67,In Hand
405000,-7.8027,-5.2289,-0.6009,43.3130,-43.6641,-18.8550,40.39,In Hand
405050,-7.9176,-5.4037,-0.7302,63.9847,-42.8550,-11.0840,40.67,In Hand
405100,-7.4651,-5.1571,-0.8284,90.7023,-48.1985,-6.2443,40.67,In Hand
405150,-7.3358,-4.8076,-0.8691,110.6107,-49.4198,-0.8550,40.58,In Hand
405200,-7.1515,-4.0486,-0.3950,109.3282,-35.2824,-1.0687,40.77,In Hand
405250,-7.9631,-4.0223,0.0215,74.2443,-5.9084,-13.1908,40.67,In Hand
405300,-8.6981,-3.7685,0.7183,30.8550,11.9084,-60.2901,40.72,In Hand
405350,-6.3494,-3.1101,1.2402,-39.1603,48.8092,-91.6336,40.58,In Hand
405400,-7.3095,-3.8810,1.2210,-88.7176,58.2443,-98.6870,40.72,In Hand
405450,-6.3303,-3.8475,1.1444,-121.8931,55.6031,-90.8397,40.86,In Hand
405500,-7.1419,-4.4891,0.5387,-131.1756,32.8855,-66.8702,40.67,In Hand
405550,-7.5465,-5.0996,-0.4669,-120.1679,0.0916,-39.7252,40.67,In Hand
405600,-9.4978,-6.4979,-1.3671,-90.0153,-34.0611,-18.0458,40.67,In Hand
405650,-9.9671,-7.0653,-2.2745,-48.3359,-54.7481,-11.5267,40.72,In Hand
405700,-8.8035,-6.4045,-1.4293,-14.7328,-54.4275,11.9695,40.72,In Hand
405750,-6.4212,-5.1212,-1.0104,-5.6489,-6.4580,43.1450,40.86,In Hand
405800,-5.5785,-4.7142,-0.5531,-1.2672,43.6641,37.0840,40.58,In Hand
405850,-7.8099,-5.7437,-0.3879,8.4580,71.9237,22.7023,40.67,In Hand
405900,-9.1913,-6.0406,-0.1796,23.6947,59.5267,40.2901,40.77,In Hand
405950,-8.7676,-5.3391,0.2777,32.4733,36.2748,53.8779,40.53,In Hand
406000,-8.0996,-5.0302,0.3615,34.4885,16.1374,48.4885,40.72,In Hand
406050,-7.2113,-4.8674,0.2682,42.4733,0.3206,37.4046,40.58,In Hand
406100,-7.4005,-4.6902,0.2035,52.2137,-8.7786,6.7328,40.67,In Hand
406150,-8.4108,-4.9991,-0.1604,57.8779,-23.2366,-18.6260,40.53,In Hand
406200,-10.8960,-6.1794,-0.8882,66.3511,-55.2672,-21.7557,40.77,In Hand
406250,-10.1083,-5.2337,-1.0798,54.6870,-71.3282,2.3969,40.44,In Hand
406300,-11.6669,-6.4284,-1.3168,19.2061,-61.2977,32.6870,40.44,In Hand
406350,-9.7037,-5.4468,-0.9266,2.7481,-52.5802,45.5115,40.86,In Hand
406400,-6.0932,-3.3854,0.2658,-51.5725,7.5267,66.4275,40.53,In Hand
406450,-7.7907,-5.4899,0.0982,-73.6641,47.6947,62.9618,40.58,In Hand
406500,-7.2425,-6.0932,0.1987,-30.3664,32.5191,35.2977,40.53,In Hand
406550,-7.6447,-6.0454,0.4310,17.4351,12.7023,9.0382,40.53,In Hand
406600,-7.2329,-5.6790,0.3160,63.2061,-15.4198,-3.8015,40.67,In Hand
406650,-6.5003,-5.0542,0.1772,98.5496,-28.5344,-27.2977,40.72,In Hand
406700,-6.1004,-4.1899,0.2777,116.4885,-27.1145,-60.3969,40.39,In Hand
406750,-6.9743,-3.6943,0.6584,99.1756,-9.7863,-78.1985,40.67,In Hand
406800,-6.0334,-2.4684,1.1923,46.3969,15.3130,-77.4046,40.77,In Hand
406850,-6.7708,-3.3591,1.2378,-19.4656,46.4580,-69.2824,40.67,In Hand
406900,-6.2800,-3.9002,1.1420,-47.6489,58.0305,-51.5115,40.72,In Hand
406950,-6.9073,-4.3024,1.1133,-74.5802,82.6870,-33.2214,40.67,In Hand
407000,-9.3565,-6.7086,0.4453,-74.3206,74.9313,-6.3817,40.67,In Hand
407050,-9.6199,-6.9121,0.6991,-34.9313,31.8626,36.4427,40.53,In Hand
407100,-10.2161,-7.2880,0.9074,-11.4351,5.2519,65.2672,40.39,In Hand
407150,-7.4101,-4.9871,1.5371,-9.1908,4.2595,60.2290,40.67,In Hand
407200,-9.3470,-6.5170,1.5826,5.2214,-29.3588,38.4122,40.67,In Hand
407250,-7.1970,-4.5945,1.8435,4.7176,-44.1069,57.1450,40.72,In Hand
407300,-11.0038,-5.3917,-1.1205,-33.6947,-77.4351,65.3130,40.58,In Hand
407350,-8.2696,-4.4101,-1.5514,-99.8931,-50.5649,36.3053,40.58,In Hand
407400,-7.0653,-5.4085,-1.1396,-112.2290,-16.4733,14.7481,40.44,In Hand
407450,-5.7652,-5.6599,-0.8859,-82.1527,13.0229,-18.1985,40.67,In Hand
407500,-6.0645,-5.8442,-1.0032,-24.0916,25.2214,-50.9771,40.67,In Hand
407550,-6.3662,-5.2122,-1.0798,34.1527,20.0763,-65.1298,40.67,In Hand
407600,-8.0493,-4.8459,-1.7669,65.2977,1.3282,-83.4046,40.44,In Hand
407650,-11.5161,-5.6671,-2.8659,55.2824,-9.1298,-63.6641,40.58,In Hand
407700,-8.1810,-3.4979,-2.1189,-6.2137,12.9313,3.2214,40.67,In Hand
407750,-10.4052,-5.7126,-2.8587,-30.2137,2.9924,59.0534,40.58,In Hand
407800,-8.2432,-4.2425,-1.7693,-36.6412,-13.2824,100.8092,40.53,In Hand
407850,-5.3606,-2.4588,-0.7614,-75.8779,29.5878,93.0382,40.91,In Hand
407900,-8.5401,-5.3702,-2.1284,-92.8702,57.1908,71.0229,40.67,In Hand
407950,-6.3662,-3.9049,-1.7717,-85.4046,65.6641,69.6794,40.72,In Hand
408000,-8.6383,-5.5569,-1.9896,-76.9618,65.4809,104.4885,40.67,In Hand
408050,-9.0190,-6.5457,-1.7358,-24.2290,37.8015,105.2977,40.53,In Hand
408100,-7.5130,-5.9280,-1.2857,10.9924,50.9313,56.0763,40.95,In Hand
408150,-8.3438,-6.4907,-2.0518,62.3053,47.4046,11.5267,40.67,In Hand
408200,-7.6950,-5.9113,-1.6017,93.9542,51.6641,-27.8321,40.44,In Hand
408250,-9.6941,-6.2058,-2.0375,138.9008,18.0305,-65.4198,40.86,In Hand
408300,-9.4930,-5.1404,-2.3391,167.7405,-24.5802,-60.9313,40.67,In Hand
408350,-8.9950,-4.5538,-2.2505,161.5267,-44.4275,-45.2824,40.72,In Hand
408400,-9.2656,-4.8746,-2.4397,154.8702,-76.1679,-8.1679,40.86,In Hand
408450,-6.7971,-3.3351,-1.7789,122.7023,-71.9084,-4.4885,40.67,In Hand
408500,-9.4236,-5.0159,-1.8627,83.5725,-60.7634,1.7405,40.72,In Hand
408550,-12.6629,-7.0222,-2.4493,49.8015,-57.0382,7.0229,40.67,In Hand
408600,-9.0166,-4.8530,-1.6089,8.5802,-27.4198,-9.4962,40.72,In Hand
408650,-6.5050,-3.7134,-0.7590,-31.4656,22.7634,-43.7252,40.58,In Hand
408700,-10.1227,-6.7133,-1.2833,-30.5649,47.8931,-80.4275,40.77,In Hand
408750,-11.8345,-7.9104,-1.7430,20.0458,23.8015,-89.7099,40.58,In Hand
408800,-8.6742,-3.8355,-1.2785,59.6641,10.5649,-79.8779,40.58,In Hand
408850,-8.5880,-5.3295,-2.0901,104.8702,-17.0534,-46.4427,40.58,In Hand
408900,-6.1244,-3.5003,-1.5395,101.1756,-13.4351,22.3817,40.72,In Hand
408950,-6.3566,-3.4644,-1.0654,81.3588,4.0305,51.4504,40.67,In Hand
409000,-7.3406,-3.6727,-0.7877,62.9466,5.6183,59.8168,40.67,In Hand
409050,-6.9168,-3.0718,-0.3184,31.3588,8.9160,52.7634,40.72,In Hand
409100,-7.7285,-3.3543,-0.4597,-1.4809,0.7786,41.1908,40.58,In Hand
409150,-8.1355,-3.3974,-0.9146,-31.5420,-23.8626,48.0000,40.67,In Hand
409200,-6.8618,-2.8299,-1.0774,-83.6336,-7.6947,55.6947,40.67,In Hand
409250,-10.8002,-5.2936,-2.1739,-114.6870,-12.1832,73.0534,40.67,In Hand
409300,-8.4013,-3.4524,-2.0063,-151.7252,-13.4351,113.7710,40.77,In Hand
409350,-9.4762,-4.5753,-2.6121,-192.6870,13.7099,112.1679,40.53,In Hand
409400,-10.1227,-5.9927,-2.7414,-202.8092,29.8168,76.2290,40.77,In Hand
409450,-8.7939,-5.9544,-2.4660,-205.1450,59.6489,37.4962,40.44,In Hand
409500,-9.8043,-6.6679,-2.0782,-187.0534,63.4656,3.8779,40.58,In Hand
409550,-8.8442,-5.9280,-1.3958,-156.2595,41.4504,-11.0229,40.77,In Hand
409600,-7.7405,-5.1834,-0.9385,-141.2672,21.2061,-27.7557,40.58,In Hand
409650,-8.4707,-5.8490,-0.7805,-104.1527,-5.9847,-56.3664,40.77,In Hand
409700,-9.6774,-5.8969,-1.0247,-70.0916,-42.8550,-76.0153,40.67,In Hand
409750,-9.7971,-5.1595,-1.2689,-54.0305,-78.9466,-62.7786,40.67,In Hand
409800,-8.7221,-4.1827,-1.4916,-69.3588,-82.6260,-49.0687,40.91,In Hand
409850,-5.9640,-2.9090,-1.1013,-101.2519,-46.7939,-72.0153,40.67,In Hand
409900,-5.8490,-3.3255,-1.0391,-134.1679,9.8473,-120.7634,40.67,In Hand
409950,-8.2983,-5.1212,-1.4700,-148.2290,40.3511,-134.8550,40.67,In Hand
410000,-7.6207,-4.8722,-1.2881,-148.0153,40.0305,-86.9313,40.67,In Hand
410050,-7.6423,-5.0661,-1.1253,-140.5649,30.5954,-27.6183,40.58,In Hand
410100,-7.8243,-5.3965,-1.0319,-114.2595,8.8855,17.2519,40.72,In Hand
410150,-7.5800,-5.4253,-0.8835,-85.5573,-3.0534,27.0534,40.53,In Hand
410200,-8.2815,-6.0813,-1.1157,-50.8244,-13.0840,19.4198,40.67,In Hand
410250,-8.4108,-5.9520,-1.0415,-20.1679,-11.9389,-2.9618,40.58,In Hand
410300,-9.3518,-6.2896,-1.3336,6.3206,-24.0763,-19.7557,40.39,In Hand
410350,-10.4938,-6.2417,-1.7765,24.5954,-45.9847,-19.4046,40.86,In Hand
410400,-8.8992,-4.9632,-1.6712,9.9237,-33.2519,-9.4656,40.44,In Hand
410450,-9.7899,-5.7557,-1.6424,-12.4885,-5.6641,-21.8473,40.67,In Hand
410500,-9.6367,-5.8490,-1.3360,-14.3053,1.6641,-42.2748,40.39,In Hand
410550,-9.1746,-6.0047,-1.2354,6.2290,-7.3435,-62.0000,40.67,In Hand
410600,-9.8162,-6.4260,-1.9417,59.6031,-39.5725,-56.1527,40.53,In Hand
410650,-8.5569,-5.4061,-2.3152,109.1145,-74.8244,-14.9160,40.44,In Hand
410700,-7.9966,-5.0422,-2.8012,133.4809,-93.2672,33.2214,40.67,In Hand
410750,-7.9823,-4.8794,-2.6312,142.2137,-99.6489,86.5954,40.72,In Hand
410800,-7.4723,-4.6088,-2.3559,135.1908,-93.7557,104.4427,40.86,In Hand
410850,-7.0222,-4.0845,-2.0614,113.0382,-62.2748,80.6565,40.58,In Hand
410900,-7.2736,-3.9025,-1.7023,75.6641,-21.9389,56.0916,40.67,In Hand
410950,-5.7389,-3.1220,-1.1947,40.9313,18.2137,20.3359,40.58,In Hand
411000,-7.1467,-3.7517,-1.4006,9.3282,63.0229,-35.6641,40.58,In Hand
411050,-9.0597,-4.6759,-1.5610,-19.5114,91.1450,-88.2443,40.72,In Hand
411100,-10.8864,-5.5162,-1.7166,-52.1069,104.8092,-106.4427,40.67,In Hand
411150,-11.7579,-5.8706,-1.6759,-68.0763,72.6412,-71.5267,40.67,In Hand
411200,-6.7564,-3.0119,-0.7661,-107.6947,75.7710,-40.7176,40.53,In Hand
411250,-8.0134,-0.6057,0.6847,-153.5267,96.6260,-46.5191,40.58,In Hand
411300,-9.4355,-6.1028,-1.6735,-160.9466,56.3206,-27.4351,40.72,In Hand
411350,-7.6974,-4.4484,-0.2801,-116.4275,13.8473,-5.0076,40.58,In Hand
411400,-6.8881,-4.7932,-0.8978,-91.2061,-7.7557,9.6336,40.67,In Hand
411450,-7.6112,-5.3774,-1.4437,-57.6031,-35.2519,17.2214,40.77,In Hand
411500,-7.3646,-5.0135,-1.2546,-31.6641,-39.3130,-0.4275,40.67,In Hand
411550,-7.7931,-5.0781,-1.4389,-14.8702,-35.9847,-16.8244,40.67,In Hand
411600,-7.7644,-4.6831,-1.5467,0.2137,-36.9313,-20.8397,40.77,In Hand
411650,-8.0445,-4.7908,-1.5155,-2.0000,-25.7710,-36.1374,40.67,In Hand
411700,-10.0365,-5.8873,-1.8603,5.3588,-21.2977,-54.0458,40.53,In Hand
411750,-7.6064,-4.1061,-1.2761,-4.1527,-7.7252,-54.0000,40.91,In Hand
411800,-10.6015,-6.1292,-1.6496,-18.0000,2.8397,-57.9084,40.67,In Hand
411850,-12.5217,-7.2472,-2.2721,12.9160,-45.4198,-29.8931,40.58,In Hand
411900,-6.7086,-3.7014,-1.1923,-2.3359,-25.1756,6.0611,40.67,In Hand
411950,-7.0605,-4.6040,-1.1492,-15.5420,11.6489,-8.0305,40.67,In Hand
412000,-11.3222,-7.7213,-2.0973,34.6412,-10.6565,-10.4733,40.72,In Hand
412050,-8.7771,-5.7581,-1.8316,93.4198,-46.9008,27.0229,40.58,In Hand
412100,-8.3773,-5.1116,-1.7119,117.3740,-69.0840,48.0458,40.44,In Hand
412150,-8.7891,-5.0302,-1.8555,127.6031,-88.1374,56.5649,40.72,In Hand
412200,-8.8322,-4.2641,-0.9074,96.8855,-85.0229,59.8779,40.67,In Hand
412250,-8.3558,-4.2090,-0.9601,68.7786,-101.6031,53.8015,40.53,In Hand
412300,-6.7301,-3.1723,-1.0151,43.9237,-103.4809,27.5114,40.77,In Hand
412350,-6.6750,-3.1723,-0.9529,0.3359,-66.3359,-14.4733,40.67,In Hand
412400,-6.6846,-2.9401,-0.6249,-41.9542,-22.2290,-57.7557,40.67,In Hand
412450,-8.0637,-4.0390,-0.5962,-91.6336,23.9084,-104.5496,40.72,In Hand
412500,-9.7707,-5.2289,-1.1325,-97.0992,-0.8702,-82.4885,40.86,In Hand
412550,-5.8514,-2.5067,-0.7805,-125.9847,-0.0305,-8.5802,40.67,In Hand
412600,-4.4963,-1.9896,-1.0271,-175.9847,40.3664,37.9695,40.44,In Hand
412650,-9.5960,-6.0286,-2.3032,-183.6183,50.7939,79.6031,40.86,In Hand
412700,-8.6503,-5.5617,-1.6257,-124.6260,0.9771,120.1069,40.72,In Hand
412750,-7.6974,-5.2720,-1.2809,-99.9847,5.4198,110.4427,40.91,In Hand
412800,-8.5497,-6.4069,-1.3216,-57.0076,-5.1450,70.2443,40.72,In Hand
412850,-6.5577,-4.8746,-0.9433,-34.3206,6.5496,14.8244,40.72,In Hand
412900,-7.4723,-5.1308,-1.7957,-26.9924,17.0687,-28.0000,40.53,In Hand
412950,-8.9759,-5.5881,-1.5586,-22.9924,27.2214,-56.5954,40.77,In Hand
413000,-9.4355,-5.2840,-1.5323,-40.3206,51.7710,-71.0382,40.58,In Hand
413050,-9.2344,-5.3008,-1.3647,-60.0000,68.7023,-55.9084,40.67,In Hand
413100,-9.8785,-5.7485,-1.2426,-72.4733,74.8244,-27.4504,40.39,In Hand
413150,-12.5408,-8.0589,-2.0135,-45.7863,47.8931,-16.6107,40.72,In Hand
413200,-8.3749,-5.3774,-0.9433,-19.8015,35.3893,9.7252,40.72,In Hand
413250,-7.0366,-4.6926,-0.5794,-14.0458,48.6412,14.5496,40.67,In Hand
413300,-9.5864,-6.7301,-0.9601,23.7099,30.9008,-6.2748,40.53,In Hand
413350,-10.0700,-6.7588,-1.4222,92.1527,-23.8779,-20.8855,40.44,In Hand
413400,-9.7971,-5.8395,-2.3679,146.5191,-81.2977,0.7786,40.58,In Hand
413450,-10.5967,-5.5809,-2.4038,163.0229,-122.9466,27.5725,40.44,In Hand
413500,-9.9072,-4.5921,-2.4995,144.9008,-153.2214,16.4122,40.67,In Hand
413550,-10.3860,-4.8171,-2.6791,107.7099,-163.9389,16.1527,40.44,In Hand
413600,-9.1554,-4.2329,-2.5618,61.2977,-158.6565,39.1450,40.67,In Hand
413650,-6.8929,-3.1843,-2.0231,17.6794,-135.7099,30.5496,40.72,In Hand
413700,-6.4715,-2.9832,-1.8723,-27.6183,-93.2824,6.7328,40.77,In Hand
413750,-6.9791,-3.5674,-1.7813,-64.1832,-55.3740,-2.1985,40.39,In Hand
413800,-5.3917,-2.9113,-1.4150,-97.0687,-16.5496,-5.9847,40.91,In Hand
413850,-11.1953,-6.4859,-2.6264,-121.9084,16.1221,-12.3053,40.67,In Hand
413900,-8.3246,-4.4628,-1.9321,-122.0305,4.6718,34.9313,40.53,In Hand
413950,-4.8267,-2.3272,-1.2426,-153.5267,35.6489,67.0534,40.44,In Hand
414000,-8.9543,-5.9783,-1.7334,-162.7023,58.9466,59.1450,40.53,In Hand
414050,-8.5832,-6.1746,-1.2977,-124.2595,38.7786,46.5496,40.67,In Hand
414100,-8.0062,-5.4827,-0.9098,-86.4885,6.9771,54.6565,40.67,In Hand
414150,-8.4563,-5.1954,-1.0534,-60.0000,-35.2519,85.5115,40.67,In Hand
414200,-8.1570,-4.6304,-1.2330,-63.5115,-45.0382,90.3511,40.67,In Hand
414250,-7.9320,-4.9153,-2.0949,-82.0916,-27.4504,66.8092,40.53,In Hand
414300,-7.8721,-4.4269,-1.6831,-99.2824,-8.3664,42.0916,40.53,In Hand
414350,-8.5760,-4.9775,-1.6640,-123.5878,16.4886,15.0076,40.86,In Hand
414400,-9.5816,-5.4851,-1.4724,-134.1527,16.3969,-18.7634,40.58,In Hand
414450,-7.9057,-4.8626,-1.1516,-153.6794,31.5267,-49.7863,40.67,In Hand
414500,-9.9216,-6.4069,-1.5131,-158.8855,43.7557,-100.5802,40.44,In Hand
414550,-10.3669,-6.9719,-1.5227,-136.7786,39.2977,-129.1145,40.67,In Hand
414600,-9.0621,-5.6527,-0.8068,-123.3130,33.5878,-120.3511,40.67,In Hand
414650,-10.0365,-6.5457,-1.0750,-110.6870,30.4886,-107.7405,40.53,In Hand
414700,-10.1370,-6.9408,-1.0870,-78.7481,20.4427,-113.2977,40.44,In Hand
414750,-9.5888,-6.5170,-0.7949,-37.2519,2.3206,-119.1145,40.44,In Hand
414800,-9.1961,-6.0525,-1.1708,23.3740,-44.3053,-112.7939,40.72,In Hand
414850,-9.1075,-5.5689,-1.5850,77.7863,-89.8931,-85.1908,40.58,In Hand
414900,-9.4260,-5.3893,-2.1739,112.1832,-129.6488,-37.3740,40.77,In Hand
414950,-9.9862,-4.9201,-3.0885,109.1603,-156.4886,18.5649,40.72,In Hand
415000,-7.8171,-3.1963,-2.5259,72.6718,-156.5954,45.5573,40.72,In Hand
415050,-7.3598,-3.1532,-1.8866,17.1603,-132.6870,53.4809,40.67,In Hand
415100,-8.2983,-3.9576,-1.9010,-22.1069,-115.6641,57.1298,40.67,In Hand
415150,-7.0437,-3.3543,-1.6879,-63.1908,-83.5115,55.6336,40.67,In Hand
415200,-7.0222,-3.6847,-1.7621,-97.5725,-45.9389,41.2366,40.72,In Hand
415250,-9.5696,-5.3391,-2.2051,-112.6718,-34.7176,39.3282,40.44,In Hand
415300,-6.5266,-3.3974,-1.5969,-121.4962,-31.3893,69.6336,40.58,In Hand
415350,-7.0916,-3.9648,-1.7238,-140.0611,-11.6641,79.4198,40.67,In Hand
415400,-8.4084,-5.2122,-1.8268,-128.8092,-13.0992,72.5343,40.67,In Hand
415450,-8.3821,-5.3534,-1.7573,-120.8550,-1.7710,60.3511,40.25,In Hand
415500,-8.4515,-5.3223,-1.7669,-108.8855,-1.9237,50.5496,40.53,In Hand
415550,-7.9464,-4.8411,-1.8148,-107.4198,6.5802,52.1069,40.44,In Hand
415600,-7.8937,-4.8195,-1.8052,-113.0534,26.0000,46.4122,40.53,In Hand
415650,-8.1977,-5.0135,-1.6688,-114.4275,39.9389,33.8321,40.86,In Hand
415700,-7.8314,-5.1667,-1.5874,-115.3588,53.0992,16.6107,40.58,In Hand
415750,-9.7420,-6.3135,-1.4676,-110.5954,69.2977,-8.9618,40.39,In Hand
415800,-8.2576,-5.4085,-1.0008,-98.9008,76.0305,-45.7863,40.44,In Hand
415850,-8.4013,-5.5043,-0.9170,-104.6107,98.0000,-76.8550,40.58,In Hand
415900,-10.3741,-6.9097,-0.9673,-83.1450,85.9389,-83.6794,40.44,In Hand
415950,-9.7683,-6.4380,-0.5507,-59.7405,69.8473,-85.8015,40.91,In Hand
416000,-11.2982,-7.4508,-0.5914,-19.7710,30.0305,-106.8397,40.44,In Hand
416050,-9.6654,-6.1411,-0.9960,25.0534,-13.5878,-106.3206,40.39,In Hand
416100,-9.3015,-5.6312,-1.5107,67.2672,-54.5496,-91.0840,40.72,In Hand
416150,-8.8514,-5.1427,-1.8244,91.4351,-81.3740,-24.4427,40.53,In Hand
416200,-8.2408,-4.9153,-2.1787,97.9847,-85.6947,35.6031,40.72,In Hand
416250,-8.8825,-5.5641,-2.1691,105.8626,-75.2824,58.7786,40.58,In Hand
416300,-10.1275,-6.3398,-1.9920,107.6031,-65.1756,73.8168,40.72,In Hand
416350,-9.2943,-5.6862,-1.8244,114.5649,-69.6183,62.2290,40.53,In Hand
416400,-8.6024,-4.8770,-1.7837,114.7023,-79.1908,42.7481,40.67,In Hand
416450,-9.0166,-4.7573,-1.9632,104.4275,-84.5954,36.2137,40.58,In Hand
416500,-7.7907,-3.6895,-1.8172,76.1832,-71.0840,25.1145,40.72,In Hand
416550,-6.3111,-2.6911,-1.3120,37.1908,-42.5649,-0.5954,40.39,In Hand
416600,-6.7181,-2.8180,-1.2067,-9.5878,-7.4656,-29.0840,40.67,In Hand
416650,-7.3598,-3.2992,-1.2043,-52.0458,17.4046,-42.6107,40.39,In Hand
416700,-7.0437,-3.3591,-1.2594,-88.3664,35.9084,-38.2901,40.44,In Hand
416750,-10.2328,-5.6144,-2.0207,-119.2214,54.5496,-32.7786,40.67,In Hand
416800,-9.6654,-5.2888,-1.9369,-118.9771,31.3282,4.4885,40.44,In Hand
416850,-7.6974,-4.0294,-1.6759,-136.7328,46.6260,26.3511,40.44,In Hand
416900,-7.2257,-4.1013,-1.6927,-157.5725,77.3740,25.8473,40.39,In Hand
416950,-8.2049,-5.2481,-1.9824,-159.5878,99.6031,31.6794,40.67,In Hand
417000,-10.2280,-7.0318,-1.9058,-125.7557,86.7634,41.7710,40.44,In Hand
417050,-8.4396,-5.6575,-1.0104,-72.9008,48.9924,63.3435,40.72,In Hand
417100,-7.4484,-5.7509,-0.7877,-36.7023,35.3282,48.1069,40.67,In Hand
417150,-8.2935,-6.0501,-0.7590,4.5649,7.2366,5.7863,40.53,In Hand
417200,-7.9440,-5.4061,-0.7374,33.0229,-5.2672,-26.2443,40.67,In Hand
417250,-8.2384,-5.1499,-1.1349,52.0305,-18.0916,-51.6641,40.72,In Hand
417300,-8.4515,-4.7764,-1.2617,56.8092,-22.5649,-56.1985,40.67,In Hand
417350,-7.9583,-4.2449,-0.9840,41.9847,-14.3969,-49.7863,40.72,In Hand
417400,-8.7676,-5.0637,-1.1516,26.8092,-6.7176,-35.9237,40.72,In Hand
417450,-7.8937,-4.9632,-1.1301,16.1679,0.4733,-3.2519,40.58,In Hand
417500,-12.1530,-8.6287,-2.3415,46.6260,-23.0229,19.9847,40.72,In Hand
417550,-10.7356,-7.8147,-2.4780,94.0000,-43.4046,54.7634,40.72,In Hand
417600,-6.4428,-5.2577,-1.4629,103.4962,-16.3206,60.6260,40.58,In Hand
417650,-7.8913,-6.7205,-1.7549,127.0382,-3.6183,44.6565,40.67,In Hand
417700,-10.3884,-8.4204,-2.8683,182.4733,-28.7634,19.8015,40.67,In Hand
417750,-9.8689,-7.4220,-3.2082,208.2901,-36.1527,8.7328,40.58,In Hand
417800,-7.8578,-5.6120,-2.4924,198.3969,-31.3435,24.8855,40.58,In Hand
417850,-8.5521,-6.2824,-1.6831,156.8550,-12.7176,46.9771,40.67,In Hand
417900,-7.6016,-6.0645,-0.5938,111.8779,18.0000,58.1832,40.53,In Hand
417950,-7.3023,-5.9280,-0.5219,102.2137,25.2061,32.3817,40.67,In Hand
418000,-6.9599,-5.3079,-0.0359,84.1221,29.0687,-7.4198,40.58,In Hand
418050,-5.5306,-4.2689,0.1437,60.3511,49.0229,-52.0458,40.34,In Hand
418100,-6.1842,-3.7254,0.5555,39.8931,60.0916,-84.1679,40.86,In Hand
418150,-7.9655,-4.8674,0.5459,14.9466,68.1221,-107.9847,40.67,In Hand
418200,-8.4755,-5.3223,0.7063,3.2366,69.1908,-101.9542,40.44,In Hand
418250,-8.4515,-5.1044,0.6943,-1.3740,63.2672,-83.3435,40.58,In Hand
418300,-8.0158,-4.5753,1.0127,-8.4885,44.3969,-34.6718,40.77,In Hand
418350,-7.6638,-4.9752,0.7829,-14.6718,39.9389,-3.0076,40.44,In Hand
418400,-8.0565,-6.0885,0.4501,1.0076,34.5038,29.6489,40.67,In Hand
418450,-7.6040,-6.6750,0.1963,52.4122,32.9313,23.2824,40.77,In Hand
418500,-9.0142,-6.4021,-0.1796,108.1832,-0.7328,34.0458,40.72,In Hand
418550,-9.2368,-5.6503,0.1245,122.9924,-20.2595,32.3206,40.58,In Hand
418600,-9.6247,-5.5450,0.2346,117.0992,-39.5573,26.5038,40.67,In Hand
418650,-8.6407,-4.4077,0.4190,99.0076,-52.2290,14.0611,40.77,In Hand
418700,-8.2073,-4.2760,0.5770,70.1069,-50.1985,-18.3664,40.67,In Hand
418750,-7.4723,-3.6823,1.0367,40.8550,-51.5267,-42.6870,40.44,In Hand
418800,-6.5386,-3.4907,1.4748,8.3053,-41.3282,-55.7099,40.39,In Hand
418850,-5.8107,-3.0071,1.9920,-21.7405,-37.7863,-55.0076,40.39,In Hand
418900,-5.3127,-3.6224,1.8052,-59.8931,-3.5420,-27.8931,40.53,In Hand
418950,-7.3646,-5.4564,1.3886,-52.1832,-0.0916,-29.6031,40.44,In Hand
419000,-5.5115,-4.4843,1.7382,-57.7405,35.1603,-27.5725,40.44,In Hand
419050,-9.4834,-8.2313,1.2186,-41.8931,65.2519,-32.5038,40.53,In Hand
419100,-7.0988,-6.5912,1.6257,15.4504,72.9160,-3.5115,40.58,In Hand
419150,-8.0804,-6.5793,1.6472,51.4809,71.7099,57.0382,40.53,In Hand
419200,-8.6766,-6.4883,1.6424,90.4885,53.1908,88.5954,40.67,In Hand
419250,-9.0070,-3.5482,3.7637,83.2214,62.2901,68.2595,40.72,In Hand
419300,-8.1331,-3.0646,3.3567,53.0229,18.5038,74.7328,40.53,In Hand
419350,-7.5753,-3.1819,2.9856,18.2901,2.5038,63.3130,40.67,In Hand
419400,-9.7612,-5.2960,2.8347,14.4733,-16.7634,71.6031,40.53,In Hand
419450,-9.3015,-4.4317,3.1891,6.5038,-22.3206,51.0076,40.44,In Hand
419500,-9.3278,-3.0598,2.8754,-3.2366,-22.1374,26.8855,40.67,In Hand
419550,-7.6950,-1.8555,3.5314,-26.9618,-6.3053,17.8168,40.67,In Hand
419600,-8.0613,-1.5538,3.4333,-29.6336,-9.7710,20.3206,40.67,In Hand
419650,-9.8330,-1.4844,4.4388,-28.4275,-7.4046,27.6641,40.53,In Hand
419700,-9.8785,-1.9944,3.0023,-6.7023,-8.3817,32.8550,40.39,In Hand
419750,-8.6981,0.0790,2.6240,-16.9313,1.8473,43.4809,40.44,In Hand
419800,-10.2855,-0.5291,1.9632,-45.4962,11.1450,51.8626,40.44,In Hand
419850,-11.5831,-1.1827,1.3024,-73.9695,8.2290,40.7481,40.39,In Hand
419900,-11.1570,-1.0008,0.5435,-85.4046,0.5649,24.3359,40.58,In Hand
419950,-11.3677,-1.1851,0.3304,-94.6718,-1.7252,18.8550,40.72,In Hand
420000,-8.9902,-0.4334,1.1109,-91.3282,0.0000,16.9160,40.77,In Hand
420050,-11.7914,0.3543,1.9130,-124.8702,-51.0992,24.8397,40.67,In Hand
420100,-9.3422,-0.3903,2.1548,-104.1832,-53.1298,39.8473,40.53,In Hand
420150,-9.4762,-1.0678,1.8411,-57.2672,-28.2748,51.4198,40.67,In Hand
420200,-9.0142,-0.9290,1.8842,0.2290,17.2824,64.2595,40.58,In Hand
420250,-9.1961,-0.0646,1.4365,44.8092,70.4733,72.8397,40.58,In Hand
420300,-9.7755,2.2027,1.9273,53.2977,76.3969,64.2901,40.67,In Hand
420350,-9.4619,1.6400,1.3623,39.3282,59.4656,43.4809,40.58,In Hand
420400,-10.3310,1.6305,1.5634,34.1374,21.4962,13.9847,40.67,In Hand
420450,-8.8155,1.0319,1.1588,26.3206,-8.0458,-23.1756,40.44,In Hand
420500,-9.4092,0.3926,0.8140,47.2061,-29.7710,-48.0305,40.72,In Hand
420550,-8.0158,1.4724,0.9744,40.0611,-37.4046,-47.4046,40.39,In Hand
420600,-9.0477,1.6640,1.8914,32.0458,-46.2748,-29.5878,40.39,In Hand
420650,-6.6008,0.0287,0.5459,42.1679,-17.0382,-12.1832,40.58,In Hand
420700,-8.8370,0.6440,1.4198,49.2366,4.7481,-7.5420,40.58,In Hand
420750,-9.3948,3.8499,2.9784,-11.6489,-17.6031,-19.6794,40.58,In Hand
420800,-10.6183,-0.2777,1.3360,31.2519,-3.7099,19.9695,40.67,In Hand
420850,-7.7859,0.3065,0.4788,33.6947,4.0763,17.6794,40.39,In Hand
420900,-8.7221,1.4198,1.1157,12.0305,38.6260,38.5496,40.72,In Hand
420950,-9.6438,1.0127,0.8140,20.3969,55.1908,42.8092,40.53,In Hand
421000,-8.6718,2.3080,0.2059,-5.1298,50.2137,37.8168,40.72,In Hand
421050,-8.6167,1.0918,0.8619,3.6183,25.6794,33.9084,40.44,In Hand
421100,-8.2001,-0.2538,-0.7039,44.7786,-8.3664,-1.3130,40.39,In Hand
421150,-7.8195,1.4653,-0.0168,73.0840,-2.2137,-82.6107,40.53,In Hand
421200,-7.9966,2.4756,0.9792,70.2595,1.6489,-114.3053,40.67,In Hand
421250,-7.8458,1.7669,0.5267,43.8473,23.6336,-154.5954,40.58,In Hand
421300,-8.3869,0.3376,1.0032,46.8855,27.4351,-160.8550,40.67,In Hand
421350,-6.2968,-0.3424,0.2849,21.1908,32.9313,-170.7023,40.67,In Hand
421400,-5.9975,-2.8467,0.2969,11.5267,43.2061,-161.7099,40.39,In Hand
421450,-5.1020,-4.0654,-0.2945,-3.4351,61.2824,-171.1756,40.67,In Hand
421500,-3.8738,-6.0693,-1.1037,7.4351,71.6489,-177.7099,40.44,In Hand
421550,-3.4213,-5.5545,-1.8292,-13.9847,89.8321,-163.6947,40.67,In Hand
421600,-1.4700,-7.3741,-3.5243,-53.6641,105.6947,-146.2443,40.39,In Hand
421650,-2.1117,-10.2592,-3.8211,-46.8855,91.4962,-101.0534,40.67,In Hand
421700,0.3208,-9.1171,-6.0741,-47.1298,101.0687,-87.3588,40.39,In Hand
421750,-1.2474,-11.4802,-5.1715,-62.9313,86.0763,-46.2595,40.25,In Hand
421800,-0.4884,-8.7939,-6.1363,-54.6412,74.9160,-14.5954,40.58,In Hand
421850,-0.0192,-9.7779,-6.6511,-61.3282,77.4809,-6.5038,40.67,In Hand
421900,-1.5467,-9.0501,-6.5338,-50.4275,80.1985,-0.4885,40.72,In Hand
421950,0.3400,-7.7141,-6.7636,-17.0687,67.6336,9.4809,40.53,In Hand
422000,1.4437,-3.6440,-7.2927,-60.0763,86.0305,19.7405,40.58,In Hand
422050,2.2218,-5.5234,-7.4723,-108.2137,104.3359,23.7405,40.53,In Hand
422100,2.7653,-5.2577,-7.5441,-98.5038,116.7634,18.2137,40.58,In Hand
422150,4.5035,-4.4724,-7.3239,-91.4657,124.7328,9.6641,40.67,In Hand
422200,6.1866,-5.4133,-7.8171,-73.3740,139.4504,-27.0229,40.67,In Hand
422250,6.2465,-6.3973,-7.1587,-57.5115,162.9313,-65.2824,40.44,In Hand
422300,6.2441,-7.9895,-6.3949,23.2977,146.1985,-88.6412,40.53,In Hand
422350,7.8889,-5.1404,-7.2832,71.1450,143.1603,-94.2290,40.72,In Hand
422400,7.5226,-3.1340,-5.4875,44.5038,135.9237,-81.2519,40.72,In Hand
422450,7.5633,-2.7916,-4.9967,5.2824,114.4427,-55.0840,40.67,In Hand
422500,8.1020,-3.1699,-4.4460,-24.5344,97.8473,-27.4962,40.67,In Hand
422550,8.5329,-3.9385,-3.9600,-36.4122,73.2977,-11.4809,40.67,In Hand
422600,8.6000,-3.6488,-3.3184,-50.6260,56.4275,-14.9466,40.72,In Hand
422650,8.5665,-3.2513,-2.7078,-76.6107,32.1679,-25.5573,40.67,In Hand
422700,8.8849,-2.7869,-3.1891,-104.0153,18.7939,-18.0305,40.72,In Hand
422750,8.8705,-3.8595,-2.7150,-115.6794,0.5038,-2.2443,40.67,In Hand
422800,9.6079,-3.8451,-3.6512,-115.4504,-11.8626,9.3893,40.39,In Hand
422850,9.8258,-4.0462,-3.6440,-105.1145,-9.2824,38.8702,40.67,In Hand
422900,9.3829,-4.5633,-3.3184,-80.4580,-16.6260,61.7405,40.53,In Hand
422950,10.2448,-5.0685,-3.3543,-57.9695,-25.1450,66.7939,40.34,In Hand
423000,9.7252,-4.4915,-3.1939,-31.6183,-21.1603,69.3282,40.44,In Hand
423050,9.7899,-3.8547,-3.0143,-22.0611,-15.6489,72.5954,40.67,In Hand
423100,9.1123,-3.6512,-2.8036,-24.9771,-12.6565,65.3130,40.58,In Hand
423150,9.1842,-3.7493,-2.9856,-28.9924,-10.4733,56.1985,40.91,In Hand
423200,8.8849,-4.5753,-2.7821,-36.9008,-6.1985,25.2824,40.72,In Hand
423250,8.8035,-5.1380,-2.8467,-30.6870,-13.4962,-0.4580,40.58,In Hand
423300,9.0836,-5.2936,-2.9951,-12.9313,-12.0763,-25.1450,40.67,In Hand
423350,9.3613,-3.5698,-3.6105,-6.3206,-4.2901,-27.7863,40.44,In Hand
423400,8.2073,-3.2872,-2.8467,-19.5878,6.1832,-28.0763,40.58,In Hand
423450,8.4396,-2.2482,-3.2992,-49.8168,22.0611,-27.3282,40.39,In Hand
423500,8.7724,-2.5786,-2.9066,-76.0916,36.2595,-7.4962,40.58,In Hand
423550,9.0261,-2.5809,-3.4213,-106.1832,41.0840,6.5191,40.67,In Hand
423600,8.6742,-2.8060,-3.0957,-120.5802,44.5191,24.3817,40.53,In Hand
423650,9.5888,-3.6296,-3.3375,-133.7405,38.3969,33.2824,40.53,In Hand
423700,9.5744,-3.3016,-3.6033,-120.6870,43.8321,45.2061,40.53,In Hand
423750,8.1283,-2.7988,-2.2913,-114.5038,31.4198,66.3206,40.72,In Hand
423800,8.5305,-2.4876,-2.6264,-100.6260,12.1679,94.1985,40.53,In Hand
423850,8.5760,-2.5091,-2.3200,-95.5573,-7.0534,115.8015,40.67,In Hand
423900,8.7987,-1.9704,-2.5498,-80.9924,-19.8931,145.0687,40.67,In Hand
423950,8.2313,-2.3870,-2.2003,-70.6870,-32.1221,151.6183,40.58,In Hand
424000,8.5186,-2.5833,-2.2984,-52.7023,-33.4809,135.4809,40.67,In Hand
424050,8.2504,-3.2106,-2.4948,-22.8550,-24.2443,101.0687,40.58,In Hand
424100,8.3845,-2.7078,-2.5594,-3.8779,-6.6565,47.2519,40.53,In Hand
424150,8.3462,-2.7581,-2.6528,3.7863,17.3893,-3.7099,40.67,In Hand
424200,7.5393,-2.7677,-2.0710,15.1908,30.1527,-43.9695,40.72,In Hand
424250,7.7955,-3.3399,-2.0470,20.4275,35.2977,-80.3969,40.25,In Hand
424300,7.4005,-2.1213,-0.9960,24.1069,27.8931,-84.4733,40.58,In Hand
424350,8.3318,-3.2226,-1.4150,18.6260,18.0000,-94.7939,40.58,In Hand
424400,9.5074,-3.7924,-1.9465,18.3817,18.6870,-107.5878,40.58,In Hand
424450,9.5122,-4.1970,-1.4916,19.1908,13.4351,-117.2519,40.53,In Hand
424500,9.8043,-4.1492,-1.3144,34.1374,-0.3511,-107.5115,40.25,In Hand
424550,11.2551,-4.7022,-1.8938,52.8550,-17.8015,-86.3359,40.44,In Hand
424600,11.6646,-10.0509,-3.8331,114.4427,-15.4504,-71.4046,40.67,In Hand
424650,12.7252,-7.1012,-5.1547,153.2824,26.8855,-64.4580,40.44,In Hand
424700,10.8050,-5.7221,-4.6950,202.8397,56.1527,-81.2977,40.72,In Hand
424750,9.6750,-4.4580,-4.1204,213.8779,53.9237,-97.1908,40.67,In Hand
424800,8.3797,-2.8012,-3.2657,205.6947,45.7863,-87.4198,40.67,In Hand
424850,8.2576,-2.1859,-2.7438,183.2366,31.7710,-66.5191,40.67,In Hand
424900,8.9759,-2.0327,-2.7198,155.1145,26.3206,-36.5191,40.39,In Hand
424950,8.9232,-1.5706,-2.1261,126.5649,26.6718,4.1221,40.77,In Hand
425000,9.1004,-1.5610,-1.2139,81.6489,7.0076,40.4580,40.53,In Hand
425050,9.4403,-1.8124,-1.0343,28.9008,-12.1985,61.1298,40.53,In Hand
425100,9.6893,-2.0853,-1.3216,-27.2519,-25.7252,70.7481,40.58,In Hand
425150,9.0573,-2.3415,-1.4772,-74.5343,-31.5725,74.3969,40.72,In Hand
425200,9.2560,-2.8132,-2.1284,-111.6336,-36.5649,71.9389,40.72,In Hand
425250,9.4068,-2.8922,-2.6719,-133.5573,-27.3893,79.4504,40.67,In Hand
425300,9.3182,-3.5937,-2.8156,-142.1069,-24.7939,89.4198,40.39,In Hand
425350,9.7707,-4.7285,-2.9233,-132.1374,-27.9237,91.5115,40.58,In Hand
425400,9.5792,-3.7996,-2.6624,-119.5573,-32.7786,84.1527,40.77,In Hand
425450,10.8912,-4.3455,-4.4915,-114.1069,-5.4351,79.7099,40.67,In Hand
425500,9.9886,-4.8004,-3.5291,-77.0840,26.1832,73.7863,40.53,In Hand
425550,9.8545,-5.7700,-2.5953,-49.0229,29.5573,37.7252,40.39,In Hand
425600,8.3582,-4.6639,-2.5570,-21.0382,37.3588,-8.3053,40.53,In Hand
425650,8.4467,-4.5801,-2.1835,12.7328,41.0992,-27.6947,40.95,In Hand
425700,7.8985,-2.9760,-2.1237,51.2061,44.5038,-28.9313,40.44,In Hand
425750,8.3893,-3.2633,-1.9297,63.0076,31.6947,-24.6870,40.67,In Hand
425800,7.9823,-3.7493,-1.4700,60.4733,7.2977,-48.1221,40.44,In Hand
425850,8.8322,-4.1276,-1.5419,63.9237,-23.2672,-70.7786,40.67,In Hand
425900,9.0668,-3.6607,-2.3583,73.1298,-36.5038,-87.5420,40.72,In Hand
425950,8.8945,-3.0478,-2.3200,86.5954,-38.9771,-79.5878,40.67,In Hand
426000,9.2871,-2.7366,-2.8012,89.5267,-35.8779,-69.1908,40.67,In Hand
426050,8.4874,-3.0119,-2.4493,97.8015,-35.5115,-54.4275,40.44,In Hand
426100,8.2791,-2.9904,-2.6336,102.5496,-44.9771,-54.5496,40.67,In Hand
426150,7.9440,-2.6695,-2.5642,104.7634,-43.8015,-49.8779,40.39,In Hand
426200,7.8171,-2.6073,-2.5307,108.5038,-40.9924,-47.4351,40.67,In Hand
426250,8.4180,-2.6983,-3.1627,114.7634,-22.6412,-42.3664,40.67,In Hand
426300,8.9208,-2.0016,-3.0287,109.8015,8.3817,-34.6565,40.67,In Hand
426350,8.9376,-2.3990,-2.5163,91.7710,29.0687,-35.5115,40.58,In Hand
426400,9.1099,-2.7581,-2.4732,66.9771,33.3435,-35.8931,40.72,In Hand
426450,9.4739,-2.2482,-2.4421,51.1603,41.0229,-18.2748,40.67,In Hand
426500,9.6845,-2.4014,-2.5618,37.6031,39.7405,5.2824,40.67,In Hand
426550,9.5026,-2.6097,-2.3056,31.3282,37.6794,29.7710,40.58,In Hand
426600,9.2775,-2.9975,-2.0303,27.5725,25.5420,40.0763,40.77,In Hand
426650,9.0214,-3.3998,-1.8699,25.6489,9.5725,41.4046,40.67,In Hand
426700,8.6838,-3.4716,-1.6328,22.9618,-10.8397,31.1298,40.58,In Hand
426750,8.9711,-3.4261,-1.6903,15.3740,-27.2519,16.7786,40.39,In Hand
426800,9.6055,-3.1101,-1.9130,2.5344,-31.4656,2.1679,40.67,In Hand
426850,9.8450,-2.8946,-2.1548,-10.3817,-21.6489,-1.5573,40.58,In Hand
426900,9.5912,-3.0358,-1.9154,-22.9160,-13.7405,-4.9924,40.91,In Hand
426950,9.6798,-3.1843,-1.8651,-31.0229,-9.9542,-3.5878,40.67,In Hand
427000,9.1219,-3.4069,-1.5443,-32.2137,-9.9847,-1.9084,40.39,In Hand
427050,9.0956,-3.5506,-1.5969,-30.2748,-13.2824,-4.5954,40.44,In Hand
427100,8.7245,-3.4692,-1.6161,-20.0000,-11.8321,-2.7634,40.44,In Hand
427150,9.9479,-3.9552,-2.3176,-9.9237,-7.1145,-4.2748,40.34,In Hand
427200,9.8785,-3.6847,-1.9896,3.3893,8.3817,-7.4962,40.72,In Hand
427250,10.1873,-2.5690,-2.2410,-11.0534,19.7557,-7.4046,40.58,In Hand
427300,9.8904,-2.4086,-2.0542,-41.6489,36.6565,-12.8244,40.72,In Hand
427350,9.2680,-3.0789,-1.9537,-47.9695,40.6565,-2.9008,40.44,In Hand
427400,8.3318,-2.7246,-1.1516,-45.6336,24.7176,4.3206,40.67,In Hand
427450,8.8035,-2.5379,-1.2282,-49.1908,5.8779,17.4656,40.67,In Hand
427500,9.4499,-3.0406,-1.4653,-49.5420,-2.2595,23.8626,40.58,In Hand
427550,9.8378,-3.1723,-1.6664,-48.6565,-0.0763,20.6718,40.67,In Hand
427600,9.6965,-2.4086,-1.4916,-51.0840,6.6565,24.0305,40.67,In Hand
427650,9.5768,-2.4684,-1.7693,-68.7023,13.4198,17.1603,40.44,In Hand
427700,9.6199,-2.5642,-1.9489,-58.2290,4.5802,-13.4656,40.39,In Hand
427750,9.6391,-2.6959,-2.0423,-47.8473,8.0458,-17.5878,40.67,In Hand
427800,9.2416,-3.1723,-1.5658,-43.2672,8.9618,-10.5344,40.67,In Hand
427850,9.4427,-3.5003,-1.9034,-28.1374,10.6107,2.3053,40.72,In Hand
427900,9.1267,-3.6033,-1.5060,-6.9771,4.6870,3.8168,40.53,In Hand
427950,9.7995,-2.7964,-1.5706,3.5115,5.9542,-6.0153,40.86,In Hand
428000,9.5050,-3.1029,-1.7286,13.4962,10.3664,-17.8015,40.72,In Hand
428050,9.0740,-3.0382,-1.1708,29.1908,2.8855,-18.9618,40.34,In Hand
428100,9.5241,-2.4134,-1.3886,26.5649,1.3588,-21.5878,40.67,In Hand
428150,9.4164,-1.9896,-1.6305,23.2519,-3.5573,-25.8626,40.72,In Hand
428200,9.6271,-1.3623,-1.9944,21.8473,-3.7557,-24.9008,40.58,In Hand
428250,9.6319,-1.1253,-1.9130,19.2061,-5.9237,-19.6641,40.58,In Hand
428300,9.6343,-1.0726,-2.0399,14.0153,-4.6565,-11.8168,40.67,In Hand
428350,9.8210,-1.1899,-2.0758,11.5878,-3.3282,-4.5649,40.72,In Hand
428400,9.8569,-0.9768,-1.9273,4.9924,-0.5496,1.6947,40.67,In Hand
428450,9.8426,-1.1923,-1.9872,-1.2519,1.1298,5.0229,40.53,In Hand
428500,9.7133,-1.3216,-2.0327,-7.6947,4.5496,6.2901,40.67,In Hand
428550,9.6031,-1.5945,-1.9513,-13.2366,4.4885,4.7481,40.67,In Hand
428600,9.7085,-1.6424,-1.8340,-18.5496,4.5802,1.8321,40.34,In Hand
428650,9.6702,-1.6592,-1.6783,-25.4656,4.4733,-0.8397,40.67,In Hand
428700,9.6774,-1.5778,-1.6592,-27.9847,2.2901,-2.8092,40.58,In Hand
428750,10.0197,-1.4533,-1.5897,-26.9160,3.6794,-3.7252,40.58,In Hand
428800,10.4483,-1.1444,-1.3072,-27.0229,7.6794,-4.8855,40.39,In Hand
428850,10.6015,-1.2617,-1.2689,-27.7252,13.8473,-3.9695,40.44,In Hand
428900,10.8433,-1.0702,-1.1229,-29.9542,22.5191,-0.8397,40.34,In Hand
428950,10.8314,-0.6201,-0.4214,-41.4809,34.6718,-7.3435,40.72,In Hand
429000,9.5768,-1.4820,-0.3352,-53.8168,40.8855,-18.0305,40.58,In Hand
429050,9.1411,-1.5562,-0.0575,-47.1603,24.1832,-23.4504,40.44,In Hand
429100,9.7013,-1.1516,0.0287,-34.7939,10.5038,-27.3740,40.72,In Hand
429150,10.0916,-1.0008,0.1006,-16.0153,5.1908,-39.8168,40.72,In Hand
429200,9.4882,-0.8164,-0.2466,13.1908,-1.2672,-31.2214,40.72,In Hand
429250,9.7540,-0.1700,-0.0048,40.9008,-3.7252,-7.6031,40.72,In Hand
429300,11.1929,1.2570,0.5004,48.2748,19.5114,-13.0687,40.72,In Hand
429350,10.5560,0.6249,-0.4094,56.1832,49.0840,-7.4809,40.58,In Hand
429400,9.2129,-0.2203,-0.3950,74.9771,45.7099,13.0992,40.72,In Hand
429450,9.7468,0.2777,-0.3591,77.9237,31.4504,35.4809,40.77,In Hand
429500,9.7492,0.2610,0.2945,62.0763,27.7863,42.3969,40.67,In Hand
429550,9.0166,-0.4429,0.3591,35.1298,15.2519,35.7405,40.67,In Hand
429600,8.7556,0.0072,-0.3232,16.4275,-0.1374,47.0229,40.67,In Hand
429650,9.0477,-1.8723,-0.3831,-8.0916,-8.8702,55.9237,40.67,In Hand
429700,8.4851,-2.7940,-0.6321,-13.3130,-36.4885,44.2137,40.44,In Hand
429750,9.3805,-3.0742,-0.6129,-0.3359,-57.5573,50.5038,40.67,In Hand
429800,9.2033,-2.9568,-0.9577,9.0687,-70.8397,46.6260,40.72,In Hand
429850,9.6414,-2.1763,-1.2139,8.7786,-66.8855,49.4656,40.44,In Hand
429900,9.2943,-2.7581,-1.1588,7.4504,-58.5344,53.1450,40.77,In Hand
429950,9.5481,-4.1755,-1.2163,12.8244,-54.9313,33.2977,40.67,In Hand
430000,10.5919,-4.2066,-1.5826,24.0153,-46.3969,9.8473,40.58,In Hand
430050,10.3908,-4.5801,-2.0231,35.6641,-27.4046,-21.6794,40.58,In Hand
430100,9.7133,-3.6607,-1.7286,50.6718,-4.3359,-40.3206,40.72,In Hand
430150,9.3685,-2.7222,-1.3072,46.8855,11.1145,-39.2519,40.44,In Hand
430200,9.4906,-2.8659,-1.3408,28.8397,12.9771,-40.1374,40.53,In Hand
430250,9.7659,-2.9712,-1.5826,12.1527,17.2977,-33.9542,40.77,In Hand
430300,10.1394,-3.1244,-1.8699,-0.9160,27.4046,-22.5191,40.91,In Hand
430350,10.1179,-3.3782,-2.1955,-12.2595,42.0611,-13.2672,40.58,In Hand
430400,9.5265,-3.2657,-2.1045,-21.0076,47.0534,-5.8779,40.67,In Hand
430450,8.9495,-3.2920,-1.3144,-31.6641,42.2748,-0.1985,40.58,In Hand
430500,8.2025,-3.6655,-0.9936,-35.9695,22.7023,-0.6565,40.67,In Hand
430550,8.7628,-3.8738,-1.3719,-34.5191,6.0763,-6.4580,40.67,In Hand
430600,9.1482,-3.9361,-1.4605,-33.2977,-0.7786,-11.7710,40.34,In Hand
430650,9.6534,-4.0845,-1.8244,-32.1221,-1.5267,-18.9008,40.53,In Hand
430700,9.7827,-3.8259,-1.7262,-30.6870,3.1756,-18.2290,40.72,In Hand
430750,9.8450,-3.6943,-1.6328,-32.2137,1.1908,-9.9237,40.67,In Hand
430800,10.0126,-3.5219,-1.9297,-32.3511,0.8244,6.2595,40.53,In Hand
430850,9.5289,-3.1077,-1.6161,-29.6031,-3.9695,33.2977,40.58,In Hand
430900,8.8394,-3.2896,-1.1396,-25.4046,-23.2214,54.3817,40.72,In Hand
430950,9.6127,-2.7821,-1.6831,-27.8779,-43.8015,73.0992,40.53,In Hand
431000,10.1993,-4.0749,-2.1835,-38.5954,-53.3282,74.7328,40.67,In Hand
431050,9.8761,-3.9480,-2.5402,-53.2519,-48.5191,46.8244,40.72,In Hand
431100,9.0477,-3.3926,-2.3774,-63.3130,-37.8168,24.7786,40.67,In Hand
431150,9.3015,-3.1651,-2.8132,-71.1756,-17.5725,12.4122,40.44,In Hand
431200,8.9759,-3.5650,-2.9185,-70.4275,6.9160,2.4885,40.67,In Hand
431250,9.0022,-3.9289,-2.9712,-64.0153,24.5496,-12.9313,40.67,In Hand
431300,9.0884,-3.8188,-2.9808,-52.5802,40.7176,-16.3511,40.72,In Hand
431350,9.7229,-3.9959,-3.1340,-41.5267,50.4733,-18.7176,40.91,In Hand
431400,9.4475,-3.5362,-2.5618,-37.2824,52.9313,-15.2977,40.77,In Hand
431450,9.1626,-3.4189,-2.1931,-36.7328,43.1298,-6.0916,40.72,In Hand
431500,8.1523,-2.9856,-1.6065,-36.3817,28.2748,1.3588,40.67,In Hand
431550,7.9895,-2.4517,-1.7119,-34.5191,9.1145,6.7481,40.44,In Hand
431600,8.4851,-1.8268,-1.8531,-42.7634,0.4733,3.8779,40.58,In Hand
431650,8.6072,-2.5881,-2.1021,-39.9695,-4.9618,8.1679,40.77,In Hand
431700,9.2440,-3.0718,-2.1189,-27.6031,-10.6870,-5.7405,40.53,In Hand
431750,9.2225,-3.4357,-2.3439,0.3206,-10.9313,-7.9542,40.86,In Hand
431800,9.7899,-2.9951,-2.9688,24.7939,-7.6336,-18.9924,40.58,In Hand
431850,9.2105,-1.8842,-2.8299,32.5496,12.6107,-15.7710,40.67,In Hand
431900,8.7819,-0.9146,-2.3727,11.2214,26.0763,-19.1756,40.67,In Hand
431950,9.5840,-1.2282,-2.5139,-23.6641,43.3893,-22.5802,40.44,In Hand
432000,8.6311,-2.2194,-1.6664,-37.0687,40.2443,-22.0458,40.53,In Hand
432050,7.9392,-2.2266,-1.0798,38.6260,-12.0153,-47.2977,40.67,In Hand
432100,8.9759,-0.2562,-1.8244,31.7863,-32.4885,-52.0000,40.67,In Hand
432150,9.7037,0.5052,-2.8228,16.8550,-31.4046,-44.0916,40.67,In Hand
432200,8.8178,1.0223,-2.1428,4.4122,-32.8855,-36.1069,40.86,In Hand
432250,9.6630,0.2610,-3.1627,0.4733,-18.5802,-20.2748,40.67,In Hand
432300,10.7978,0.6656,-3.5123,-20.0916,12.3359,-1.4656,40.86,In Hand
432350,9.0692,-0.2131,-2.5809,-64.8244,26.4886,-4.8397,40.72,In Hand
432400,8.5258,-2.0255,-2.7845,-74.4885,24.7939,-3.8779,40.67,In Hand
432450,7.3574,-2.4493,-2.0159,-59.2672,15.6794,1.5267,40.67,In Hand
432500,7.7261,-2.9257,-1.2330,-40.0611,-6.0153,11.8473,40.67,In Hand
432550,11.0564,-2.3248,-2.8299,-13.2214,0.8702,24.2595,40.77,In Hand
432600,11.4539,-1.1732,-2.6624,-35.7405,-16.7939,63.0382,40.39,In Hand
432650,11.7053,0.6081,-2.5833,-85.9237,-27.3130,95.8473,40.58,In Hand
432700,9.2536,-0.3041,-3.0215,-144.7176,-30.1527,107.5420,40.53,In Hand
432750,8.8514,-2.1668,-3.3327,-173.9237,-24.6870,79.3588,40.58,In Hand
432800,10.1562,-2.8802,-3.6296,-174.3359,-17.1603,55.6641,40.39,In Hand
432850,11.0828,-2.3248,-3.9361,-169.0840,-6.0611,67.8015,40.58,In Hand
432900,9.9407,-2.2003,-3.4668,-156.9160,4.6565,73.0840,40.67,In Hand
432950,8.7724,-1.0127,-2.3918,-140.3359,8.8702,88.5649,40.58,In Hand
433000,9.5720,-2.5738,-3.2992,-96.4275,11.6489,89.5420,40.58,In Hand
433050,9.0740,-2.8683,-1.9537,-34.3511,17.1145,67.9695,40.58,In Hand
433100,9.4715,-1.4437,-1.8627,16.1679,22.1221,44.7176,40.58,In Hand
433150,10.0389,-0.0431,-1.9561,16.7481,28.8092,43.1908,40.72,In Hand
433200,9.8450,-0.3280,-2.1907,8.8855,35.3588,35.9542,40.39,In Hand
433250,8.7388,-2.0303,-1.8196,16.8397,42.6412,20.3511,40.44,In Hand
433300,7.8219,-2.2314,-1.9130,35.4046,36.1221,-3.0229,40.67,In Hand
433350,7.1156,-2.8659,-1.4293,53.9237,5.4962,-17.2519,40.72,In Hand
433400,9.1147,-4.3455,-3.4548,76.8702,-24.9313,-34.3817,40.72,In Hand
433450,9.9623,-2.9975,-3.7254,82.9618,-23.0382,-39.5878,40.53,In Hand
433500,10.6925,-0.5004,-4.8123,47.1298,4.7023,-33.2824,40.58,In Hand
433550,8.7053,-2.6576,-4.2832,-6.8244,21.5420,-12.6565,40.67,In Hand
433600,8.2815,-2.0542,-3.8930,-44.1221,22.3664,-9.1298,40.53,In Hand
433650,8.4587,-1.9106,-2.1787,-68.6565,26.3969,5.9237,40.58,In Hand
433700,8.5186,-1.3719,-1.8723,-94.8092,14.5038,28.7023,40.44,In Hand
433750,8.6790,-2.1979,-1.8818,-110.9160,3.7405,38.3053,40.58,In Hand
433800,9.9527,-3.9935,-2.6025,-107.6794,-11.9847,37.6336,40.67,In Hand
433850,9.9216,-3.6081,-2.3200,-88.9313,-4.6870,37.9847,40.72,In Hand
433900,9.6941,-3.2130,-1.9010,-69.7405,2.8855,39.3588,40.58,In Hand
433950,9.5481,-3.4285,-2.2075,-45.3282,13.2977,40.9466,40.67,In Hand
434000,9.7013,-3.4907,-2.2625,-16.1374,12.5191,51.9084,40.58,In Hand
434050,9.1315,-2.8467,-2.5690,6.3206,21.5725,60.9313,40.72,In Hand
434100,8.6814,-2.1404,-1.8651,2.0611,28.3817,51.9237,40.77,In Hand
434150,9.8928,-3.4740,-2.2673,-9.3588,7.8779,34.0153,40.86,In Hand
434200,9.6103,-3.9361,-1.7334,-22.9008,-23.0840,8.0763,40.67,In Hand
434250,9.9671,-3.8786,-2.3224,-33.6489,-38.1374,-23.0687,40.72,In Hand
434300,9.5792,-3.6847,-2.5762,-23.9542,-27.4809,-51.9695,40.86,In Hand
434350,9.1961,-3.0119,-2.7797,-12.1985,-7.8321,-67.9084,40.67,In Hand
434400,10.0365,-2.9305,-3.5338,-2.4733,21.1298,-75.2214,40.53,In Hand
434450,9.4020,-2.7749,-3.3854,-5.6641,44.7176,-76.1374,40.67,In Hand
434500,9.6007,-2.7821,-3.2130,-5.3740,51.4046,-66.0458,40.67,In Hand
434550,9.0381,-2.2314,-2.7557,-3.7252,44.8397,-41.2672,40.86,In Hand
434600,8.5904,-1.8268,-2.4062,-4.9008,37.3740,-11.8473,40.58,In Hand
434650,8.4803,-1.8507,-2.3487,-9.5878,26.5649,13.6641,40.44,In Hand
434700,8.4946,-1.7214,-2.1931,-14.4580,10.0916,37.1603,40.67,In Hand
434750,8.4611,-1.9537,-1.9561,-24.0916,-7.9389,51.3740,40.58,In Hand
434800,8.9256,-2.7869,-2.3583,-28.7786,-22.1832,55.0687,40.39,In Hand
434850,9.0261,-2.6312,-2.3942,-24.7481,-26.2901,51.4656,40.67,In Hand
434900,9.4284,-2.7318,-2.7629,-21.1298,-20.2595,42.1374,40.72,In Hand
434950,9.4020,-2.5905,-2.6815,-19.7557,-15.6641,32.2595,40.53,In Hand
435000,9.3422,-2.7605,-2.6240,-19.7863,-16.3511,24.1221,40.44,In Hand
435050,9.4810,-2.8778,-2.7629,-16.1832,-19.6641,17.9084,40.44,In Hand
435100,9.4715,-2.8778,-2.7869,-13.7710,-18.8244,13.6489,40.58,In Hand
435150,9.4427,-2.7821,-2.8347,-7.6641,-15.6489,10.1374,40.44,In Hand
435200,9.2249,-2.5019,-2.6719,-8.5038,-13.2214,7.8931,40.91,In Hand
435250,9.3326,-2.7246,-2.7557,-8.9313,-12.0458,4.8092,40.67,In Hand
435300,9.3230,-2.8156,-2.7581,-6.7786,-9.6489,-1.8626,40.67,In Hand
435350,9.3637,-2.6336,-2.8683,-5.2977,-3.8779,-8.7939,40.58,In Hand
435400,9.3948,-2.7869,-2.8419,-5.7252,3.5725,-16.8550,40.34,In Hand
435450,9.5912,-3.0095,-3.1196,-1.3588,13.2977,-25.7863,40.34,In Hand
435500,9.2273,-2.7821,-3.0071,0.5496,20.2290,-32.1985,40.58,In Hand
435550,9.2440,-2.6264,-3.0095,2.0916,25.8931,-33.3740,40.77,In Hand
435600,8.9543,-2.6121,-2.9257,1.7405,29.4656,-32.7328,40.72,In Hand
435650,8.5952,-2.8276,-2.8012,6.7634,26.8855,-30.6870,40.58,In Hand
435700,8.7915,-2.7940,-2.5929,15.4198,19.8779,-30.2595,40.77,In Hand
435750,8.9136,-2.4325,-2.7916,21.6031,13.1908,-21.3282,40.58,In Hand
435800,8.8250,-1.9225,-2.6576,19.1603,6.3511,-8.3206,40.53,In Hand
435850,9.0094,-1.7310,-2.7222,12.0763,-0.0153,7.4351,40.34,In Hand
435900,9.0908,-1.7166,-2.8252,3.3893,-0.8550,20.9618,40.77,In Hand
435950,8.9854,-1.8100,-2.6863,-5.5573,-4.7176,30.2595,40.77,In Hand
436000,8.9543,-2.1931,-2.6312,-11.3893,-10.5191,33.2672,40.58,In Hand
436050,9.0716,-2.4948,-2.5857,-10.9466,-18.2595,32.9160,40.67,In Hand
436100,9.1961,-2.6360,-2.6671,-7.0076,-21.6641,28.3969,40.67,In Hand
436150,9.3206,-2.7126,-2.7509,-4.9160,-21.6794,20.4580,40.72,In Hand
436200,9.4260,-2.7485,-2.7485,-2.0611,-21.1908,11.9542,40.77,In Hand
436250,9.5002,-2.6839,-2.8826,1.1908,-15.8931,2.8092,40.67,In Hand
436300,9.6869,-2.6863,-2.9473,1.4809,-9.1908,-5.8473,40.58,In Hand
436350,9.6917,-2.6193,-2.8659,2.3511,-1.1145,-12.0916,40.91,In Hand
436400,9.7851,-2.6719,-2.8371,4.0763,1.0534,-15.9237,40.58,In Hand
436450,9.6798,-2.2769,-2.2960,2.9466,-2.1527,-14.6260,40.86,In Hand
436500,9.1243,-3.6871,-2.2936,15.7099,-16.0000,-19.1908,40.72,In Hand
436550,9.7612,-3.7086,-3.1651,58.5802,-30.5649,-40.2443,40.86,In Hand
436600,9.9144,-1.2402,-3.5674,64.3053,-11.2672,-58.2290,40.53,In Hand
436650,11.0181,-1.7119,-4.3239,51.2366,14.8244,-67.6183,40.53,In Hand
436700,9.4212,-0.8308,-3.2346,46.7634,28.1679,-71.6489,40.67,In Hand
436750,9.1602,1.2306,-3.6320,4.5954,16.7328,-80.4275,40.44,In Hand
436800,9.9503,-0.5555,-3.6895,-27.7557,10.2595,-86.7939,40.53,In Hand
436850,9.2009,-1.0654,-2.8754,-24.3053,-3.0534,-72.2290,40.91,In Hand
436900,9.3063,0.5076,-1.9154,-14.0458,-33.8931,-42.2137,40.86,In Hand
436950,10.3453,0.4836,-2.8108,-24.3206,-41.6183,-27.6794,40.86,In Hand
437000,10.6087,0.9361,-3.2058,-31.3893,-20.0763,-5.2977,40.67,In Hand
437050,10.6279,1.0750,-3.0191,-44.1069,17.6031,0.0153,40.72,In Hand
437100,10.0173,0.1891,-3.2274,-45.1908,54.8855,-2.1374,40.67,In Hand
437150,9.1913,0.4669,-1.9585,-43.1603,69.1603,1.4351,40.77,In Hand
437200,8.8753,0.0000,-1.8699,-22.0000,74.3817,-0.2595,40.72,In Hand
437250,7.8075,0.6560,-1.5012,-4.5038,74.0153,-3.3282,40.67,In Hand
437300,6.4308,0.0024,-1.6137,5.0992,74.4122,-10.4427,40.39,In Hand
437350,6.9336,0.9744,-1.6879,16.4427,71.3893,-7.1450,40.67,In Hand
437400,7.2856,1.2234,-0.4621,0.9466,38.9313,24.1679,40.67,In Hand
437450,7.6543,0.5770,-0.9601,-20.7176,2.6412,56.9466,40.44,In Hand
437500,8.7891,0.8595,-1.0965,-35.5267,-19.2672,67.0840,40.72,In Hand
437550,8.4443,0.0862,-0.8930,-66.6107,-48.3664,58.8855,40.77,In Hand
437600,10.1634,-1.1229,-0.9266,-66.8855,-73.8015,46.5802,40.53,In Hand
437650,10.3262,-1.6089,-0.9649,-42.5496,-93.7863,30.2748,40.53,In Hand
437700,11.5544,-0.7566,-1.6472,-38.3359,-101.0534,25.5114,40.86,In Hand
437750,11.0708,-1.9609,-2.5690,-26.2748,-82.8244,21.1603,40.67,In Hand
437800,11.1259,-1.1037,-2.4972,-1.6794,-35.5267,2.3969,40.44,In Hand
437850,10.4579,-0.9553,-2.9401,-0.9008,5.1908,-3.1756,40.67,In Hand
437900,10.9008,-0.9505,-2.5690,0.3511,39.4656,0.9313,40.53,In Hand
437950,11.1163,-1.8483,-1.9824,-9.5573,43.5267,-2.7328,40.67,In Hand
438000,9.5984,-1.5562,-2.0303,3.8015,39.9847,5.9084,40.67,In Hand
438050,9.1482,-1.8842,-2.1045,14.9313,28.2443,14.4427,40.67,In Hand
438100,9.0094,-1.7071,-1.7430,21.7405,6.3664,27.2672,40.58,In Hand
438150,9.2201,-1.3168,-2.0423,19.1145,-20.2748,46.9466,40.44,In Hand
438200,9.0190,-0.4334,-1.6376,0.0611,-42.7786,68.5802,40.67,In Hand
438250,9.9718,-0.8308,-2.0734,-24.3664,-48.7786,83.0076,40.91,In Hand
438300,10.2137,-1.4078,-2.2936,-46.4885,-38.1374,80.3817,40.58,In Hand
438350,10.9966,-2.1213,-2.9904,-63.0687,-24.9313,67.4198,40.67,In Hand
438400,10.8290,-2.9066,-3.2681,-58.1985,-1.0382,57.5267,40.58,In Hand
438450,10.2496,-3.6727,-2.8323,-30.2137,19.0534,37.4198,40.67,In Hand
438500,9.7133,-4.3574,-2.9640,5.8779,28.4427,2.0153,40.72,In Hand
438550,9.7444,-4.0965,-3.0694,33.2061,39.4351,-42.4275,40.67,In Hand
438600,9.0118,-3.2585,-2.5570,42.0916,38.1527,-75.9389,40.67,In Hand
438650,8.9208,-3.0813,-2.6959,38.9160,28.7481,-96.1221,40.77,In Hand
438700,9.1147,-2.8467,-2.9090,37.0687,25.2672,-106.2595,40.44,In Hand
438750,8.7891,-2.1859,-2.6025,28.0916,20.2748,-104.7786,40.44,In Hand
438800,8.8178,-1.8771,-2.6264,20.7328,12.6870,-88.2137,40.67,In Hand
438850,8.7915,-1.3360,-2.3942,16.1374,8.1069,-60.5649,40.67,In Hand
438900,8.7436,-0.9385,-2.2482,3.5878,1.1450,-28.8092,40.53,In Hand
438950,8.6526,-0.9625,-2.1955,-6.0763,-6.8092,6.7023,40.72,In Hand
439000,8.7245,-0.7877,-1.9225,-14.4733,-15.6794,38.0153,40.58,In Hand
439050,9.4236,-1.4222,-2.3942,-18.0916,-19.0992,58.2443,40.39,In Hand
439100,9.3541,-1.8004,-2.0973,-18.4886,-16.6870,60.8244,40.72,In Hand
439150,9.5170,-2.3272,-2.2649,-10.1069,-14.6412,55.2672,40.91,In Hand
439200,9.4810,-2.4205,-2.2697,3.4809,-15.8015,48.5954,40.67,In Hand
439250,9.5816,-2.3032,-2.3272,12.9008,-18.1374,41.3893,40.86,In Hand
439300,9.7300,-2.2505,-2.4924,16.6870,-17.0534,35.8168,40.72,In Hand
439350,9.8402,-2.0351,-2.3655,18.0305,-12.9771,30.5496,40.72,In Hand
439400,9.8043,-2.0255,-2.6839,12.0000,-7.1450,23.2214,40.58,In Hand
439450,9.7564,-2.1691,-2.7054,5.2366,-1.6947,12.1679,40.67,In Hand
439500,9.3661,-2.4397,-2.4924,3.7557,0.7176,-0.6870,40.53,In Hand
439550,9.0501,-2.6193,-2.3535,3.8931,-1.8931,-15.8779,40.58,In Hand
439600,8.9399,-3.0119,-2.2170,8.3817,-10.1679,-34.2443,40.91,In Hand
439650,9.3015,-2.3631,-1.9249,18.7634,-20.3359,-43.0840,40.72,In Hand
439700,9.5864,-2.4900,-2.1165,21.5420,-22.6565,-58.9924,40.58,In Hand
439750,10.6877,-1.2665,-1.9752,28.7023,-17.7710,-58.8092,40.58,In Hand
439800,10.8362,-0.2849,-1.4102,4.6565,-13.3588,-43.5725,40.86,In Hand
439850,11.5999,-1.3551,-1.4245,-2.9618,0.3817,-31.9084,40.67,In Hand
439900,12.4666,-1.6448,-1.4700,14.0305,19.7099,-12.9008,40.67,In Hand
439950,11.9782,-2.3894,-1.1660,17.6794,44.5191,-28.7634,40.77,In Hand
440000,12.9359,-2.2625,-2.1644,36.7176,85.3893,-56.5649,40.72,In Hand
440050,11.1378,-0.8380,-1.0534,23.0992,109.0382,-74.3969,40.72,In Hand
440100,11.8968,-1.3431,-1.5251,4.1069,114.6718,-65.3588,40.67,In Hand
440150,10.3908,-0.3448,-0.1676,0.7939,110.0305,-43.2366,40.72,In Hand
440200,10.9008,-0.3232,-0.0503,-18.7176,99.5573,-24.3969,40.77,In Hand
440250,10.3118,0.3519,1.0558,-22.7634,103.9542,-13.0840,40.91,In Hand
440300,9.7612,1.0175,1.8028,-45.3588,101.0840,-12.9313,40.67,In Hand
440350,8.8394,-0.0048,2.1332,-37.8626,97.7099,-8.5344,40.77,In Hand
440400,7.4579,-0.4669,3.5889,-20.0611,77.6794,-16.9160,40.44,In Hand
440450,7.6998,-0.8691,3.3495,18.4886,59.4504,-20.7786,40.39,In Hand
440500,6.5841,0.2251,3.7661,45.3435,35.6031,-28.3359,40.95,In Hand
440550,7.0653,1.2474,3.2489,48.2901,2.7176,-15.1908,40.77,In Hand
440600,7.7141,4.9416,2.1763,41.7863,-11.5420,5.7252,40.44,In Hand
440650,7.6303,4.0630,2.9568,-16.5344,-4.6412,15.1756,40.58,In Hand
440700,7.5992,0.9194,4.2210,-5.6794,-41.7405,4.3817,40.86,In Hand
440750,7.6112,1.9465,3.9265,26.9160,-63.6947,-17.4198,40.67,In Hand
440800,9.3613,3.7685,4.0965,11.6641,-86.6718,-18.1832,40.53,In Hand
440850,9.5672,1.6233,3.4764,-40.3817,-65.8473,2.2290,40.34,In Hand
440900,10.0245,0.3855,4.4652,15.6336,-79.0992,5.6336,40.77,In Hand
440950,9.6367,3.3782,2.5211,35.9389,-79.8168,30.7176,40.67,In Hand
441000,9.5241,1.7885,2.9185,33.4046,-84.8702,58.0153,40.44,In Hand
441050,10.6255,0.5818,0.2825,30.1527,-66.4275,84.6718,40.77,In Hand
441100,10.7763,-0.3232,0.8571,29.1298,-24.6260,57.7557,40.77,In Hand
441150,12.0141,0.0982,0.5004,6.4427,15.7557,28.9466,40.86,In Hand
441200,10.7619,-0.9266,0.8667,1.5878,42.0305,17.7252,40.67,In Hand
441250,11.3820,0.0814,0.2107,-10.5802,73.6183,13.6947,40.72,In Hand
441300,10.6925,-0.1293,0.4764,-32.6107,104.4580,18.8244,40.95,In Hand
441350,11.2001,0.1006,0.8499,-55.8779,135.0992,18.0153,40.72,In Hand
441400,9.0812,0.0096,1.9800,-86.2595,136.9160,19.4504,40.58,In Hand
441450,8.9304,-0.9888,4.0630,-110.7328,103.2824,25.4962,40.77,In Hand
441500,7.5417,-2.1500,5.0494,-110.2290,44.4427,26.8550,40.67,In Hand
441550,7.5346,-2.9425,5.2505,-89.2214,27.6031,6.0611,40.67,In Hand
441600,5.6695,-2.3990,5.3630,-86.1221,-44.8855,-7.0687,40.77,In Hand
441650,9.4858,-4.3598,3.7685,-17.5878,-55.1756,-4.3206,40.67,In Hand
441700,10.2999,-1.8699,3.5745,-6.3969,-24.3511,-13.2824,40.58,In Hand
441750,9.2249,-3.3303,4.6926,-49.8168,-22.2137,-21.0076,40.77,In Hand
441800,8.6838,-4.5370,4.6136,-1.1603,-29.3435,-1.8779,40.67,In Hand
441850,9.7324,-1.5490,3.8164,-1.2366,-56.9618,17.5114,40.77,In Hand
441900,10.1538,-0.8475,2.5809,-68.1527,-25.8015,4.1374,40.39,In Hand
441950,9.2871,-1.9273,1.0104,-72.0305,3.0076,11.5267,40.67,In Hand
442000,9.5313,-1.4174,-0.3974,27.2672,-7.2366,50.7786,40.72,In Hand
442050,10.3142,-0.6608,0.3663,3.6794,14.0305,29.1908,40.77,In Hand
442100,10.5225,-1.1636,-0.0168,-76.9313,32.0000,-24.0305,40.53,In Hand
442150,10.2735,-1.7717,-0.2873,-160.2443,47.3282,-61.4656,40.72,In Hand
442200,10.5465,-3.2872,-1.0080,-217.4962,57.7557,-77.4046,40.72,In Hand
442250,10.2687,-3.7493,-0.8811,-244.9313,69.9542,-86.1221,40.72,In Hand
442300,10.9295,-4.8650,-1.3360,-258.0611,79.5573,-85.1298,40.72,In Hand
442350,10.2831,-4.5681,-1.1588,-267.7099,79.4046,-68.5038,40.67,In Hand
442400,9.7133,-4.2593,-1.5993,-258.1527,73.6031,-44.4122,40.58,In Hand
442450,9.2560,-4.3144,-1.0774,-257.4962,68.0458,-16.2137,40.67,In Hand
442500,9.2416,-5.0254,-1.0008,-236.2901,61.3588,1.8321,40.67,In Hand
442550,9.2751,-5.8203,0.0359,-203.0687,47.4046,9.0229,40.77,In Hand
442600,9.9551,-6.8211,-0.0287,-162.6870,42.2595,2.5954,40.67,In Hand
442650,9.1626,-6.4691,0.7829,-121.6336,42.7328,-10.8244,40.72,In Hand
442700,8.4396,-5.5952,1.3072,-79.6947,24.0916,-4.4122,40.67,In Hand
442750,8.3199,-5.2098,1.4030,-51.6947,3.7099,33.5115,40.58,In Hand
442800,9.1674,-6.2824,1.0032,-22.5649,-2.3664,39.6641,40.58,In Hand
442850,8.8083,-5.2050,1.1492,-12.2901,-0.5802,35.9084,40.58,In Hand
442900,8.8705,-5.9280,1.0463,-8.4427,-6.0916,27.0076,40.58,In Hand
442950,8.6550,-5.6312,0.9984,-0.5191,-5.6641,15.2214,40.53,In Hand
443000,8.6479,-5.1380,1.0032,3.0687,-8.7634,15.6947,40.67,In Hand
443050,8.9471,-5.0637,0.8643,8.1527,-9.6183,19.1603,40.72,In Hand
443100,8.6407,-4.6040,0.8547,11.7557,-15.5267,28.6107,40.67,In Hand
443150,8.8059,-4.6376,0.9673,15.5420,-15.2977,38.3969,40.53,In Hand
443200,8.6191,-4.5418,0.9433,15.7710,-14.9008,43.2977,40.72,In Hand
443250,9.0381,-5.2289,0.9840,17.1603,-8.8855,35.8473,40.72,In Hand
443300,8.7795,-5.0733,0.8835,15.6183,-2.9313,18.8855,40.67,In Hand
443350,8.3055,-5.0326,1.5562,7.1450,-4.5038,-8.4427,40.77,In Hand
443400,8.8083,-4.8818,0.4860,-5.2672,8.1374,-22.9924,40.67,In Hand
443450,8.3965,-5.3367,1.3743,-10.4733,17.1603,-38.6107,40.39,In Hand
443500,8.4635,-5.4492,1.0463,-11.1756,14.7023,-42.0000,40.67,In Hand
443550,8.6550,-5.7269,0.9194,-3.3740,19.0992,-38.7481,40.58,In Hand
443600,8.3055,-5.4827,1.4245,4.0916,11.6336,-30.9313,40.67,In Hand
443650,8.5281,-5.1763,0.7997,10.4122,11.4809,-14.2443,40.53,In Hand
443700,8.4803,-5.5138,1.2689,16.0611,10.7176,0.3511,40.72,In Hand
443750,8.5305,-5.4492,1.3312,16.3664,4.0153,11.5878,40.67,In Hand
443800,8.4276,-5.7413,1.4030,17.6489,1.0382,13.4046,40.58,In Hand
443850,8.3917,-5.7772,1.6568,22.3664,-5.9389,15.4351,40.77,In Hand
443900,8.4827,-5.6383,1.5107,23.0992,-11.3435,18.6107,40.67,In Hand
443950,8.5090,-6.6367,1.4437,29.7863,-16.7328,14.0000,40.72,In Hand
444000,8.7269,-6.9911,1.1325,46.7176,-20.0916,-0.8550,40.91,In Hand
444050,8.0373,-6.9935,1.3264,64.5649,-35.1756,3.3588,40.58,In Hand
444100,7.8721,-6.4907,0.9242,89.5115,-46.9466,24.9618,40.67,In Hand
444150,7.5202,-5.9304,1.2594,108.3817,-59.3893,55.4351,40.91,In Hand
444200,8.0493,-5.8059,0.7973,121.2214,-63.9695,74.6718,40.53,In Hand
444250,8.4324,-5.8059,0.8978,126.6870,-55.5573,74.8855,40.72,In Hand
444300,8.1762,-5.6767,1.2186,117.6489,-53.7710,55.4504,40.72,In Hand
444350,7.6351,-5.1404,1.4629,90.3206,-51.1298,30.2137,40.67,In Hand
444400,7.4555,-5.4588,1.7406,60.1832,-52.1527,13.2366,40.67,In Hand
444450,8.1163,-5.4253,2.0853,28.9160,-55.2366,5.1603,40.58,In Hand
444500,8.6311,-6.3303,1.9896,-9.4504,-55.7252,-6.8550,40.58,In Hand
444550,8.3175,-7.0222,1.9704,-23.1450,-58.0153,0.4580,40.44,In Hand
444600,8.7843,-7.6040,1.5203,-11.3130,-58.8702,20.6107,40.77,In Hand
444650,8.3414,-7.1754,1.2737,-0.1832,-58.3359,51.8931,40.67,In Hand
444700,8.3366,-8.3294,0.7039,29.3588,-37.3893,63.0229,40.86,In Hand
444750,7.2903,-7.8338,1.2785,70.8397,-42.6870,70.9008,40.67,In Hand
444800,8.0972,-8.4108,0.6967,107.6947,-43.2824,54.9466,40.67,In Hand
444850,7.4867,-7.2089,1.3240,116.9008,-40.3969,31.8931,40.86,In Hand
444900,5.9975,-6.8666,2.6743,124.3359,-54.7328,27.1298,40.72,In Hand
444950,6.1387,-7.1108,1.8651,139.2366,-76.5649,32.6870,40.72,In Hand
445000,6.8402,-6.1890,2.5546,144.5191,-81.7252,22.1679,40.77,In Hand
445050,7.1802,-5.3989,2.6815,137.0992,-71.1908,4.0458,40.53,In Hand
445100,7.7979,-4.4245,2.6288,117.9695,-57.0534,-6.0458,40.67,In Hand
445150,7.9942,-3.1915,2.8371,91.5878,-39.4046,-6.4580,40.44,In Hand
445200,7.5010,-1.8411,3.3279,77.2366,-36.1221,4.7481,40.67,In Hand
445250,8.2097,-3.0837,2.8012,85.9542,-30.2290,-2.6565,40.67,In Hand
445300,8.0828,-3.5099,3.2872,103.0076,-43.5420,-50.3817,40.77,In Hand
445350,7.7261,-2.1165,3.4572,90.9313,-72.5649,-78.4580,40.67,In Hand
445400,8.3677,-1.3384,3.0909,64.9618,-82.4580,-78.4122,40.77,In Hand
445450,9.0429,-0.9146,2.4780,30.0611,-76.7786,-54.7328,40.58,In Hand
445500,8.9854,-1.0798,2.2625,-1.0534,-58.7176,-33.3893,40.86,In Hand
445550,9.0190,-1.7669,1.9489,-14.1832,-54.8702,-26.7786,40.91,In Hand
445600,8.9352,-2.0016,1.7717,-13.1450,-55.9695,-18.3206,40.44,In Hand
445650,9.7420,-1.5060,1.6448,-10.5191,-63.7405,4.4427,40.67,In Hand
445700,10.6542,-1.9776,1.0894,-18.4275,-58.2137,24.3206,40.91,In Hand
445750,11.0660,-2.9856,0.3567,-29.0534,-41.7405,30.8397,40.72,In Hand
445800,10.2472,-3.4189,0.1437,-52.3206,-37.4351,26.5038,40.53,In Hand
445850,10.3860,-2.7102,0.5531,-84.2290,-20.9618,13.7405,40.67,In Hand
445900,10.4603,-3.3016,0.9409,-119.5878,-5.1298,6.2137,40.58,In Hand
445950,10.7763,-3.2417,0.8715,-139.3435,8.7328,6.0916,40.72,In Hand
446000,11.3772,-3.1675,1.1133,-142.1374,20.2290,18.1679,40.91,In Hand
446050,10.5345,-4.0797,1.4605,-123.0687,28.7634,19.5114,40.72,In Hand
446100,10.5967,-4.0462,2.0135,-87.2214,34.4885,8.7328,40.86,In Hand
446150,10.3334,-4.5107,2.2098,-49.1603,36.3053,-3.4351,40.72,In Hand
446200,11.0421,-3.5937,1.9800,-25.3740,44.2290,-18.3969,40.58,In Hand
446250,11.0373,-3.5506,1.9225,-19.6947,53.0229,-11.1450,40.39,In Hand
446300,10.8936,-3.4309,1.7334,-13.5573,58.0763,-6.7481,40.39,In Hand
446350,11.3533,-2.3559,1.9728,-34.6870,60.5344,3.2977,40.72,In Hand
446400,11.2240,-2.2051,1.7334,-70.6107,69.2672,13.5725,40.58,In Hand
446450,10.7883,-2.1117,1.4964,-116.1679,94.0763,28.0458,40.72,In Hand
446500,9.6678,-2.2098,1.3695,-159.9847,109.6641,44.4427,40.95,In Hand
446550,7.2544,-4.4843,2.3200,-197.6641,108.2595,64.5649,40.67,In Hand
446600,7.0006,-4.1587,-0.1413,-208.9771,91.2519,78.5343,40.44,In Hand
446650,6.0932,-5.1595,0.2921,-204.3664,54.9008,88.5954,40.77,In Hand
446700,5.6455,-6.0813,0.1173,-185.7405,24.5802,91.6183,40.72,In Hand
446750,5.6336,-7.1635,-1.1061,-173.3740,12.6412,92.1679,40.53,In Hand
446800,5.5498,-8.0086,-1.1468,-153.0992,11.6947,80.4580,40.86,In Hand
446850,5.0302,-8.3390,-1.4868,-132.2595,11.4504,71.2061,40.58,In Hand
446900,5.0829,-8.0709,-2.6217,-120.4885,25.8626,70.6260,40.58,In Hand
446950,4.3048,-7.6567,-3.5530,-103.3588,59.8015,84.8550,40.77,In Hand
447000,4.2808,-8.1163,-3.0598,-93.9695,72.9618,91.9847,40.72,In Hand
447050,4.3072,-7.2520,-4.2952,-109.6031,88.2748,91.6641,40.77,In Hand
447100,4.1252,-8.4874,-4.2569,-117.6336,100.2595,70.0000,40.77,In Hand
447150,3.3016,-8.5162,-5.2337,-139.1756,92.0763,82.5496,40.67,In Hand
447200,2.3918,-10.0580,-5.7078,-137.1145,68.8092,86.1221,40.77,In Hand
447250,2.6121,-10.4866,-6.3327,-114.5802,31.7252,86.9160,40.67,In Hand
447300,2.3320,-8.4013,-7.6854,-126.8702,31.3588,125.4046,40.58,In Hand
447350,1.3216,-10.4746,-7.3119,-72.6870,-2.0000,145.3588,40.77,In Hand
447400,1.0391,-8.4372,-6.8809,-26.8702,-26.4427,152.6565,40.72,In Hand
447450,0.0239,-7.3550,-6.4572,12.1374,-56.9313,138.9618,40.86,In Hand
447500,0.5124,-7.1299,-6.5122,5.2824,-46.3969,134.8244,40.77,In Hand
447550,-1.6783,-7.5082,-5.9089,48.7634,-56.5954,149.8779,40.77,In Hand
447600,-1.4964,-6.0310,-6.1890,112.2748,-80.7634,179.6794,40.53,In Hand
447650,-1.2665,-3.9504,-6.0597,79.7710,-43.0992,187.4809,40.72,In Hand
447700,-3.8235,-6.1339,-5.1260,78.7634,-30.3511,161.5878,40.67,In Hand
447750,-4.6448,-3.9528,-5.3032,54.0611,-12.8397,147.8473,40.58,In Hand
447800,-5.6743,-3.0526,-5.4540,44.2290,-8.4122,138.4733,40.77,In Hand
447850,-6.7493,-3.4309,-5.4037,25.1603,-8.1832,117.2672,40.86,In Hand
447900,-7.4244,-2.8587,-5.4540,32.6107,-16.7481,109.2824,40.72,In Hand
447950,-7.4124,-1.4245,-5.0901,19.8168,-18.9771,110.2290,40.67,In Hand
448000,-7.7907,-3.0047,-4.7812,1.4198,-20.0458,109.3130,40.58,In Hand
448050,-7.6854,-2.3391,-4.2473,36.9313,-29.1603,117.2366,40.91,In Hand
448100,-7.5034,0.3950,-4.4963,5.0229,-17.0687,122.6260,40.67,In Hand
448150,-7.7381,-0.2825,-3.7038,1.0534,-17.5420,128.4580,40.77,In Hand
448200,-7.9009,1.8004,-3.5219,-2.3969,-28.8397,117.7405,40.77,In Hand
448250,-6.5912,2.2601,-3.7828,3.9847,-22.1527,107.6183,40.86,In Hand
448300,-6.9935,4.3144,-3.6009,-8.6565,-21.1450,90.2595,40.91,In Hand
448350,-6.5529,4.6663,-3.4429,-10.6870,-18.6107,72.7481,40.67,In Hand
448400,-6.2752,4.0749,-3.1532,3.5420,-25.3740,59.9695,40.91,In Hand
448450,-6.2728,5.8227,-3.4596,9.8473,-24.8397,36.0153,40.72,In Hand
448500,-6.4428,6.7612,-3.2848,-7.6031,-24.1069,16.7023,40.67,In Hand
448550,-5.8035,5.7916,-2.5091,-15.4809,-16.7939,3.9237,40.67,In Hand
448600,-6.4021,6.1268,-2.3128,-11.7099,-11.5420,-17.4198,40.58,In Hand
448650,-6.4787,6.0047,-1.9489,-1.2061,-8.0305,-46.8550,40.58,In Hand
448700,-6.7469,5.8538,-1.9034,1.8931,-2.9466,-70.1832,40.67,In Hand
448750,-7.0844,5.1236,-1.7526,2.2748,4.4885,-89.3893,40.72,In Hand
448800,-7.4148,3.9337,-1.5610,7.4962,8.3206,-103.9389,40.86,In Hand
448850,-7.4891,2.7078,-1.5227,12.9924,8.8550,-121.0992,40.67,In Hand
448900,-7.4101,1.6712,-1.7885,19.7405,5.7863,-137.7405,40.86,In Hand
448950,-6.8450,0.8116,-2.1404,19.3435,10.7023,-151.8015,40.72,In Hand
449000,-7.0150,-1.4557,-2.3415,3.4198,17.0840,-173.0992,40.44,In Hand
449050,-6.6750,-1.5155,-2.5498,-15.1908,23.0992,-172.0305,40.53,In Hand
449100,-5.8514,-4.3766,-2.8036,-32.2137,36.1221,-174.4275,40.53,In Hand
449150,-4.4939,-5.1523,-3.5003,-56.2901,54.2137,-176.6565,40.72,In Hand
449200,-3.7445,-5.7317,-4.2976,-92.3053,81.4809,-159.2824,40.95,In Hand
449250,-2.9904,-6.8570,-5.7628,-113.0840,110.7786,-132.1832,40.77,In Hand
449300,-1.8579,-5.9568,-7.3095,-133.9695,131.2824,-87.6183,40.67,In Hand
449350,-1.8794,-8.4324,-7.1706,-109.6183,130.5954,-52.9618,40.77,In Hand
449400,-1.8148,-7.7476,-7.4891,-28.6260,110.6412,-25.2519,40.67,In Hand
449450,0.5339,-6.7062,-7.5298,4.8092,90.0153,-4.9313,40.77,In Hand
449500,0.1532,-6.8594,-7.3670,10.7176,99.7405,-10.1679,40.77,In Hand
449550,0.0479,-7.9990,-7.0533,51.8931,77.0229,-37.4351,40.72,In Hand
449600,-1.0942,-7.8626,-6.0549,99.9542,41.3435,-43.7557,40.72,In Hand
449650,2.2386,-9.1339,-6.4380,130.6107,30.6412,-52.4122,40.72,In Hand
449700,-0.5890,-7.7333,-4.5753,143.2214,2.2901,-55.5878,40.72,In Hand
449750,2.0399,-9.9695,-4.2928,124.9924,-2.6870,-53.3282,40.44,In Hand
449800,2.3990,-10.1035,-3.2968,160.9466,-37.1908,-62.9160,40.86,In Hand
449850,4.0247,-9.9024,-2.9066,144.8397,-16.2443,-57.3282,40.91,In Hand
449900,3.6631,-9.5385,-1.8028,144.2595,-36.9466,-58.6565,40.77,In Hand
449950,3.8595,-9.6822,-0.1628,132.1374,-39.6794,-56.6107,40.72,In Hand
450000,4.5466,-7.3287,0.6871,107.8168,-49.7557,-49.1145,40.77,In Hand
450050,6.4117,-8.5210,1.4245,93.9389,-51.6489,-55.7252,40.91,In Hand
450100,8.7580,-7.5322,0.1173,66.4122,-15.6489,-73.6489,40.25,In Hand
450150,7.5298,-7.2975,1.7478,54.9008,9.9847,-80.8397,40.77,In Hand
450200,7.8817,-7.2736,1.3791,52.4733,25.0534,-85.0840,40.67,In Hand
450250,7.7021,-7.1539,1.8076,67.9542,33.4351,-83.7863,40.86,In Hand
450300,7.8386,-5.5474,2.0399,57.7557,24.5496,-78.8244,40.34,In Hand
450350,8.1187,-5.3822,2.6600,28.6870,19.6183,-74.8244,40.77,In Hand
450400,8.6359,-5.6048,2.5211,4.6870,6.9924,-74.3817,40.67,In Hand
450450,8.8777,-5.9185,2.6145,-23.3893,3.9389,-76.6260,40.58,In Hand
450500,8.8729,-5.5354,3.0646,-50.7786,-1.1603,-82.4580,40.86,In Hand
450550,8.6790,-5.5450,2.5163,-68.4122,-4.1221,-85.6641,40.86,In Hand
450600,8.6143,-4.8674,2.7773,-82.6260,-10.8702,-72.8855,40.77,In Hand
450650,9.0549,-5.1811,2.1931,-88.8092,-13.8473,-51.0382,40.67,In Hand
450700,8.6694,-5.2457,2.4325,-79.2824,-14.1374,-27.5114,40.77,In Hand
450750,8.9902,-5.4205,2.4517,-67.5420,-19.2824,-4.6107,40.86,In Hand
450800,9.0453,-5.4708,2.1284,-53.3282,-17.4656,12.3359,40.72,In Hand
450850,8.9830,-5.5019,2.1284,-37.3588,-20.9924,26.8244,40.86,In Hand
450900,9.4284,-5.0398,2.1979,-22.1069,-18.4122,42.0916,40.67,In Hand
450950,9.3206,-5.4564,1.6664,-9.5420,-11.4809,50.5496,40.91,In Hand
451000,9.4140,-5.2768,1.3623,-2.7939,-4.5954,51.7863,40.67,In Hand
451050,9.1937,-4.9871,1.4054,-4.8244,-0.7939,51.7710,40.44,In Hand
451100,8.8945,-4.7980,1.1325,-13.2214,-1.6794,57.4504,40.67,In Hand
451150,8.6455,-4.6136,1.3240,-23.8015,-4.5038,57.6336,40.53,In Hand
451200,9.0429,-4.9608,0.9601,-31.9084,-2.2901,54.0611,40.72,In Hand
451250,8.9807,-5.3678,0.5004,-48.2595,3.7099,35.4809,40.58,In Hand
451300,8.5353,-4.9799,0.6009,-62.8397,13.2519,15.1450,40.44,In Hand
451350,8.1858,-5.4324,0.3831,-75.6489,16.7176,0.9924,40.77,In Hand
451400,8.2887,-5.7724,0.3065,-82.5191,17.8015,-10.9313,40.72,In Hand
451450,8.2097,-5.7868,0.0551,-78.5191,18.8550,-18.8550,40.53,In Hand
451500,8.0780,-6.0358,-0.1460,-66.7786,19.8168,-19.8321,40.58,In Hand
451550,8.0589,-5.8299,-0.0096,-45.2214,15.6183,-20.3206,40.67,In Hand
451600,7.9344,-5.7892,-0.2825,-23.4962,15.6641,-18.1374,40.77,In Hand
451650,8.0661,-5.8538,-0.4980,-0.5802,13.5573,-7.3588,40.58,In Hand
451700,8.1307,-5.7820,-0.3807,14.2748,9.9542,1.1450,40.72,In Hand
451750,8.4300,-5.8131,-0.7063,30.0153,13.0992,7.3282,40.91,In Hand
451800,7.8003,-5.2984,-0.0431,23.9084,9.8779,13.9389,40.86,In Hand
451850,8.2193,-6.6702,-0.1221,26.7634,-2.6565,15.4809,40.77,In Hand
451900,8.3486,-7.3191,-0.2227,52.6565,-11.1756,13.6794,40.58,In Hand
451950,7.8219,-7.5298,-0.0886,91.0687,-22.3359,14.3053,40.53,In Hand
452000,7.5274,-7.8410,-0.1437,142.9160,-38.5954,19.2977,40.72,In Hand
452050,7.5992,-8.0302,-0.7925,199.4809,-54.6565,33.1908,40.77,In Hand
452100,7.4292,-7.9871,-0.6416,248.8855,-66.5191,50.6565,40.72,In Hand
452150,7.4603,-5.9424,0.2274,259.6947,-73.8931,63.0534,40.72,In Hand
452200,7.7524,-6.1770,1.3575,223.1603,-78.0153,73.3130,40.72,In Hand
452250,7.8171,-4.8818,2.2817,191.9389,-82.9924,88.3817,40.91,In Hand
452300,7.8147,-4.9416,3.2968,146.2290,-87.0840,92.0153,40.39,In Hand
452350,7.9607,-5.7030,3.6847,108.0000,-92.9008,73.5878,40.53,In Hand
452400,8.2791,-5.0542,3.3471,80.4885,-90.7328,48.0000,40.44,In Hand
452450,7.3478,-6.3877,3.8547,77.1145,-85.7405,21.8931,40.67,In Hand
452500,6.9695,-6.2776,4.8722,118.1832,-103.6489,12.1832,40.77,In Hand
452550,8.1403,-4.6232,3.4165,157.0076,-93.2061,23.4504,40.91,In Hand
452600,9.8497,-2.4205,3.5913,111.4504,-48.6260,28.5496,40.72,In Hand
452650,9.2895,-3.8571,4.7285,80.8550,-14.3053,34.5191,40.53,In Hand
452700,8.6838,-3.6272,5.1356,83.4351,-5.7710,45.3130,40.72,In Hand
452750,8.8585,-2.8204,5.0829,72.8397,0.1374,49.5878,40.86,In Hand
452800,8.6143,-3.1675,5.4516,47.9237,1.2061,48.2443,40.77,In Hand
452850,8.0565,-3.4141,5.7006,39.7557,0.7634,48.4580,40.39,In Hand
452900,7.9511,-3.8355,5.7413,34.5344,0.0458,41.6641,40.86,In Hand
452950,7.9607,-3.7709,5.8586,24.7176,3.1756,36.9771,40.91,In Hand
453000,7.5154,-4.0701,6.0023,17.7099,4.9924,33.0076,40.67,In Hand
453050,7.1323,-3.7062,6.2130,13.4809,7.4504,37.9237,40.77,In Hand
453100,6.7924,-4.4748,6.2632,15.5573,8.8244,35.1908,40.58,In Hand
453150,6.5769,-3.9840,6.3231,17.6641,8.5649,26.7328,40.58,In Hand
453200,7.7740,-5.6479,7.1156,5.7405,10.7023,12.9924,40.53,In Hand
453250,6.5697,-5.8275,7.5441,7.0229,33.5420,13.6183,40.67,In Hand
453300,6.3398,-6.4260,7.5346,47.4198,37.2061,42.5344,40.77,In Hand
453350,5.8562,-6.3351,7.9942,90.5954,26.6412,39.4198,40.58,In Hand
453400,5.6886,-4.8866,8.1642,118.8702,22.4580,29.4656,40.77,In Hand
453450,6.0573,-3.0837,8.4372,128.6870,30.6412,24.4275,40.86,In Hand
453500,6.0932,-1.6352,8.9136,107.3435,55.0076,26.1679,40.67,In Hand
453550,4.5753,-1.2977,9.4379,78.5954,67.5267,37.9084,40.72,In Hand
453600,3.1484,-1.0822,9.7420,76.1069,46.0305,31.1908,40.72,In Hand
453650,2.9401,0.1963,9.5074,64.3053,28.1374,20.3817,40.58,In Hand
453700,3.1460,0.3089,9.5864,48.4733,22.8550,12.1221,40.86,In Hand
453750,2.8204,0.4070,9.4834,29.1450,24.2443,15.3588,40.72,In Hand
453800,2.2242,-0.1700,9.7612,36.3817,15.9695,19.6641,40.72,In Hand
453850,2.3870,0.5100,9.6534,41.2672,11.6031,22.0305,40.86,In Hand
453900,2.3320,1.2354,9.9407,35.1603,8.3969,21.5267,40.91,In Hand
453950,2.6624,1.8340,9.8952,14.0916,17.0229,25.2824,40.67,In Hand
454000,2.0327,0.8404,9.8952,3.0687,28.7176,23.7557,40.77,In Hand
454050,1.6257,0.6704,10.2137,24.8092,23.2214,20.2901,40.91,In Hand
454100,1.9010,1.8818,9.8617,29.4656,19.3740,20.5802,40.34,In Hand
454150,1.6472,2.2242,9.9000,14.4733,19.4656,22.1985,40.72,In Hand
454200,1.5610,1.9632,9.7827,11.0992,11.0382,23.3893,40.44,In Hand
454250,1.4748,2.2266,9.5840,5.7099,5.3435,24.3206,40.72,In Hand
454300,1.4724,1.8866,9.7659,0.8855,-0.5344,19.5573,40.86,In Hand
454350,1.6640,1.8100,10.0509,16.5191,-8.0153,11.5725,40.58,In Hand
454400,2.3822,2.8491,9.4739,6.4122,-4.6260,8.4580,40.44,In Hand
454450,2.5139,2.7318,9.7899,-16.9160,-1.5115,6.6260,40.72,In Hand
454500,1.9130,1.4892,10.1682,-22.4580,-0.5344,-4.1221,40.77,In Hand
454550,1.9848,1.5586,10.4411,-11.5725,-9.3588,-6.9466,40.58,In Hand
454600,2.2673,1.8196,10.2735,-13.6336,-11.1298,-3.6947,40.77,In Hand
454650,2.1979,1.2163,10.5848,-14.3359,-13.2519,-10.9008,40.86,In Hand
454700,2.2386,1.6017,10.5393,-8.6107,-15.1450,-13.5878,40.67,In Hand
454750,2.2577,1.1301,10.3669,-8.9924,-12.3359,-9.7252,40.72,In Hand
454800,2.0159,1.2067,10.3501,0.1679,-15.3435,-10.0458,40.77,In Hand
454850,2.1237,1.7454,10.2448,-2.4580,-15.6183,-8.6870,40.67,In Hand
454900,2.3846,1.4102,10.3022,-12.7786,-13.4046,-11.6947,40.58,In Hand
454950,2.7174,1.2833,10.1897,-13.2061,-8.7328,-8.8092,40.91,In Hand
455000,2.7102,1.0487,10.5058,-13.7557,-9.9847,-10.1832,40.67,In Hand
455050,2.7246,1.3264,10.2544,-12.0458,-9.2519,-4.6260,40.72,In Hand
455100,2.7485,2.0399,10.0293,-27.6641,-7.0534,-0.3969,40.77,In Hand
455150,2.6839,1.1468,9.6750,-46.5191,-12.3206,-3.2061,40.72,In Hand
455200,2.8371,0.9984,9.2608,-51.4046,-22.9008,-6.2443,40.53,In Hand
455250,3.3950,0.5555,9.3518,-57.9695,-34.3206,-11.0076,40.86,In Hand
455300,3.7876,-0.0072,9.2392,-69.5725,-31.8931,-1.0687,40.72,In Hand
455350,4.3407,-2.2865,9.5720,-58.6107,-31.0229,-6.0458,40.77,In Hand
455400,4.1324,-2.0590,9.7588,-38.4885,-24.7634,-3.8626,40.72,In Hand
455450,4.1396,-2.8802,10.1825,-18.5649,-25.9389,-0.8244,40.72,In Hand
455500,4.3838,-1.7861,10.2328,-11.1603,-22.1221,11.6031,40.91,In Hand
455550,6.1100,-0.8452,10.7931,-6.8855,-10.4885,28.1374,40.67,In Hand
455600,3.6248,-1.8723,11.9231,-8.5649,2.1679,20.7328,40.53,In Hand
455650,7.5824,5.8538,14.8249,17.5114,-39.3435,-2.0305,40.77,In Hand
455700,2.6169,-4.2784,9.8545,-6.9466,11.0229,-21.7863,40.72,In Hand
455750,4.7908,-2.3631,8.9447,-13.5573,29.0229,-30.7176,40.67,In Hand
455800,4.4365,-2.3990,8.8370,10.0763,17.4504,-17.2519,40.67,In Hand
455850,4.0654,-2.1979,9.1842,6.7786,11.5725,-13.2977,40.72,In Hand
455900,3.5291,-2.4397,9.1004,-9.2519,18.9924,-8.2290,40.67,In Hand
455950,3.2968,-3.4764,8.9878,8.4122,3.6031,-2.2901,40.77,In Hand
456000,3.4333,-3.0095,8.3701,31.4046,-5.3893,13.2672,40.72,In Hand
456050,3.2561,-1.9896,8.2648,26.7023,-15.3588,33.5267,40.91,In Hand
456100,7.2018,1.4030,7.9080,-3.2977,-8.5496,15.8015,40.67,In Hand
456150,4.1492,-3.0502,10.6159,-27.6641,58.4733,-1.6489,40.72,In Hand
456200,2.9305,-2.1356,10.9271,38.9466,60.9771,27.3130,40.77,In Hand
456250,2.9928,-2.0518,9.6989,8.1679,103.7863,22.4580,40.72,In Hand
456300,0.7949,-2.0255,10.1754,15.7557,132.1527,27.3588,40.67,In Hand
456350,-1.9321,-1.7693,12.9311,45.7252,138.4733,32.7939,40.67,In Hand
456400,-2.4948,-1.8124,11.1259,72.4733,90.3511,2.7328,40.72,In Hand
456450,-3.2274,-2.2314,10.5441,78.0458,23.6183,-22.1985,40.77,In Hand
456500,-2.2793,0.5986,11.8010,84.0458,-14.3053,-43.2061,40.86,In Hand
456550,-0.4405,0.9170,10.8242,84.4733,-45.6794,-46.8092,40.91,In Hand
456600,-0.2131,1.6448,11.1737,44.5191,-46.7786,-50.0305,40.34,In Hand
456650,-1.0175,2.1500,10.7883,60.4275,-70.9618,-68.9618,40.77,In Hand
456700,-0.0024,3.6823,9.7803,91.8168,-79.8626,-64.0458,40.77,In Hand
456750,1.7142,4.0342,8.8298,92.8397,-37.6031,-44.3969,40.77,In Hand
456800,1.3168,4.9584,8.2624,83.4198,13.0076,-80.5038,40.72,In Hand
456850,0.8739,7.1204,7.8338,30.8550,57.0382,-60.7634,40.67,In Hand
456900,-0.3759,5.5952,7.4292,-3.7099,90.3206,-74.1679,40.53,In Hand
456950,-2.5043,5.6527,8.1092,-41.0229,91.5573,-73.2519,40.67,In Hand
457000,-3.1244,4.2425,7.8219,-63.4809,77.7099,-56.2290,40.53,In Hand
457050,-3.9097,3.4764,9.0381,-66.1832,60.8702,-64.3359,40.67,In Hand
457100,-4.7046,3.7469,8.8777,-74.4275,43.3435,-41.9389,40.58,In Hand
457150,-4.9608,2.6576,8.8825,-85.7252,23.2214,-16.6107,40.72,In Hand
457200,-5.0422,0.4597,9.4858,-110.0305,2.5344,0.2443,40.95,In Hand
457250,-5.6790,-2.3631,11.2575,-84.7786,-36.3817,4.6107,40.72,In Hand
457300,-4.4867,0.5195,9.2249,-108.5802,-66.5038,-1.6947,40.86,In Hand
457350,-3.3495,-1.7358,8.9016,-72.7176,-57.2061,2.6565,40.77,In Hand
457400,-2.6121,-2.0494,8.9280,-26.0763,1.5420,-15.9237,40.67,In Hand
457450,-3.8379,-0.8954,10.9223,-5.9695,-4.6565,-9.8321,40.67,In Hand
457500,-2.0782,-1.6089,9.5289,-8.8092,-0.9466,-5.8321,40.86,In Hand
457550,-3.3639,-1.5945,10.0724,-9.8168,10.7176,-8.6107,40.77,In Hand
457600,-3.6152,-2.2218,9.7348,7.4046,7.6641,-8.2595,40.86,In Hand
457650,-3.8571,-0.9792,9.7755,11.5267,-2.3053,-8.5191,40.67,In Hand
457700,-2.5283,-1.1516,9.4619,5.6183,-5.8779,-6.2748,40.67,In Hand
457750,-3.7014,-1.5443,10.1275,10.9771,-8.5344,-6.4733,40.95,In Hand
457800,-2.5953,-0.9673,9.9407,21.0687,-9.5573,-3.7863,40.44,In Hand
457850,-2.9568,-0.9098,10.0078,9.8931,6.0305,-2.6260,40.77,In Hand
457900,-2.5043,1.5754,12.0907,4.9160,2.5496,1.6947,40.72,In Hand
457950,-3.1340,-1.0582,10.3142,0.6565,12.8397,-1.2214,40.86,In Hand
458000,-3.5027,-1.6640,9.7707,-4.7176,12.3817,-1.5267,40.53,In Hand
458050,-3.4333,-0.9481,9.9551,-0.3664,4.5802,0.1832,40.86,In Hand
458100,-3.0167,-0.6464,10.0365,1.0382,6.3817,-0.0763,40.77,In Hand
458150,-3.2010,-1.2186,9.6534,-12.8550,13.2672,2.5038,40.72,In Hand
458200,-3.4979,-0.9122,9.6917,-3.9237,0.9618,-0.2748,40.91,In Hand
458250,-3.7158,-1.3288,9.6127,-2.7328,5.2519,0.7634,40.77,In Hand
458300,-3.5075,-0.9170,9.9479,-0.9771,4.4885,2.7786,40.77,In Hand
458350,-3.4046,-1.0534,9.6798,-2.4733,7.0534,5.4351,40.77,In Hand
458400,-3.4931,-1.4150,9.9096,-6.0305,13.2366,3.8931,40.86,In Hand
458450,-3.8020,-0.5267,9.7492,3.1908,15.8931,2.9313,40.67,In Hand
458500,-3.9073,-1.0487,9.4260,4.9618,20.6870,7.0840,40.67,In Hand
458550,-4.7692,-1.0319,9.0836,11.8015,16.0305,-5.0229,40.67,In Hand
458600,-3.9361,-0.4836,9.2799,12.3053,1.4962,0.3511,40.91,In Hand
458650,-4.0797,-0.4693,9.4164,1.8473,3.8931,1.1450,40.72,In Hand
458700,-4.5586,-0.5507,9.3661,-8.4580,-3.6641,2.1069,40.72,In Hand
458750,-4.6639,-0.4597,9.0285,3.2672,-18.1069,-5.6794,40.95,In Hand
458800,-5.1739,-0.3735,10.2304,23.6336,-30.7176,0.1832,40.67,In Hand
458850,-4.5538,-0.8475,10.2615,9.8626,-44.7328,7.1145,40.86,In Hand
458900,-3.7661,0.1389,10.0485,10.1527,-55.3740,10.8702,40.91,In Hand
458950,-2.9497,0.0527,11.0468,16.0305,-62.1069,12.8092,40.77,In Hand
459000,-0.8236,1.4198,9.9790,19.7099,-33.8015,20.0153,40.58,In Hand
459050,0.1987,2.4995,9.8114,-16.2290,19.9695,10.0153,40.44,In Hand
459100,-1.7214,1.0032,10.7667,-48.8855,50.6412,-6.9160,40.72,In Hand
459150,-4.3191,2.0087,9.5026,-67.4046,24.8244,19.1756,40.67,In Hand
459200,-2.7988,0.5818,10.7955,-131.4809,-6.4122,20.1221,40.67,In Hand
459250,-1.7980,-1.5897,7.7524,-168.8550,10.8092,11.8321,40.72,In Hand
459300,-2.1811,-5.5593,7.4675,-151.8015,34.3969,-5.2519,41.05,In Hand
459350,-3.8762,-5.0685,8.3965,-126.2443,30.3664,-9.5420,40.95,In Hand
459400,-3.7900,-6.2417,6.1651,-108.9924,32.0916,-11.8015,40.67,In Hand
459450,-3.3662,-6.3590,6.9312,-73.0687,25.6336,-7.2977,40.72,In Hand
459500,-3.9792,-5.8323,6.8522,-65.5725,20.9618,12.6107,40.91,In Hand
459550,-4.4867,-6.2249,6.7109,-70.3817,2.0611,25.4809,40.86,In Hand
459600,-3.1532,-7.3502,5.7533,-71.2977,10.9008,22.6718,40.67,In Hand
459650,-4.4604,-6.5122,5.8849,-90.0916,23.5878,13.5267,40.91,In Hand
459700,-4.2066,-6.8690,4.1587,-111.7710,12.5954,25.3435,40.67,In Hand
459750,-5.2337,-8.8825,3.1675,-98.7328,3.9695,35.6489,40.91,In Hand
459800,-5.1691,-9.3901,2.4708,-44.6412,-0.6260,42.4427,40.72,In Hand
459850,-5.3486,-6.9719,3.4046,-22.7481,-4.1527,35.8015,40.86,In Hand
459900,-5.2481,-6.9887,3.0478,-17.2519,7.2366,18.4122,40.86,In Hand
459950,-5.4660,-7.0749,2.9281,-24.4427,7.2214,15.3130,41.05,In Hand
460000,-5.6072,-7.2089,2.7318,-24.5344,4.2901,19.9084,40.95,In Hand
460050,-5.2648,-8.0948,2.1907,-12.3359,6.5496,19.8168,40.77,In Hand
460100,-6.1794,-6.5745,3.2801,-2.5954,8.1221,28.1527,40.77,In Hand
460150,-6.1363,-7.0940,2.6719,-6.7176,-4.9771,28.5954,40.58,In Hand
460200,-6.6679,-6.7995,2.4684,-0.9618,-6.1985,18.1527,40.72,In Hand
460250,-6.8139,-6.6966,2.7414,5.0229,-6.7328,3.7099,40.67,In Hand
460300,-6.6463,-6.2513,2.7773,4.2901,-8.4275,-2.6718,40.77,In Hand
460350,-6.1387,-6.5505,2.8252,3.8931,-10.5344,-3.8015,40.67,In Hand
460400,-5.8778,-6.9887,2.9113,14.5191,-9.0534,-2.8550,40.72,In Hand
460450,-6.3207,-7.6351,3.0095,35.4809,-11.4351,-3.0382,40.77,In Hand
460500,-6.5888,-7.2616,3.4261,51.0076,-18.3817,0.5649,40.72,In Hand
460550,-6.3207,-7.2185,3.7421,59.0687,-32.1679,9.6336,40.67,In Hand
460600,-5.7581,-6.7014,4.2234,73.3893,-30.5954,14.5802,40.91,In Hand
460650,-5.9472,-5.3486,5.2984,75.0534,-25.7710,20.7328,40.77,In Hand
460700,-5.4636,-4.3431,5.9664,65.3435,-28.9313,25.6336,40.91,In Hand
460750,-5.7581,-3.6033,6.3231,46.7939,-22.5038,26.3206,40.77,In Hand
460800,-6.1962,-4.3024,6.7205,36.7481,-30.8244,6.4733,40.77,In Hand
460850,-6.0765,-4.5633,6.3901,44.6870,-23.1603,-15.1145,40.95,In Hand
460900,-5.5617,-4.5729,7.0461,57.2519,-39.1603,-21.9695,40.95,In Hand
460950,-5.3558,-3.5985,7.6471,55.1756,-33.0382,-21.5725,40.72,In Hand
461000,-5.1763,-4.4101,7.8841,64.6412,-33.6336,-13.0229,40.95,In Hand
461050,-4.8483,-2.5187,8.7005,61.4962,-21.9237,-8.6412,40.91,In Hand
461100,-4.5490,-0.9337,9.1075,29.0076,-30.4122,3.9695,40.67,In Hand
461150,-4.3934,-2.9090,8.6742,-1.3435,-30.2595,4.4275,40.77,In Hand
461200,-4.0606,-2.4541,8.8849,-0.7481,-23.7099,5.1450,40.91,In Hand
461250,-3.9792,-2.7869,9.5170,-3.2519,-17.8626,10.6107,40.95,In Hand
461300,-3.9337,-3.1412,9.2105,14.5038,-8.5496,7.4198,40.86,In Hand
461350,-3.5841,-2.5642,9.6223,12.6718,-4.6870,9.7252,40.86,In Hand
461400,-4.0606,-1.9537,9.5744,10.4275,3.4198,11.2366,40.67,In Hand
461450,-3.7038,-2.1284,9.2727,13.4809,4.8397,4.2443,40.86,In Hand
461500,-3.3758,-1.4437,9.2273,4.8550,13.4351,1.1756,40.67,In Hand
461550,-4.3503,-2.2721,8.8657,-1.1450,12.6260,-1.2366,41.05,In Hand
461600,-4.8483,-1.7286,8.9639,-4.5344,6.5496,-5.3893,40.58,In Hand
461650,-4.3694,-1.8747,9.1291,-8.7481,2.1527,-3.3130,40.67,In Hand
461700,-4.4388,-2.2721,9.0261,-15.1603,-1.1145,0.9008,40.86,In Hand
461750,-4.0797,-2.1069,8.8921,-21.7405,3.7863,1.8779,40.77,In Hand
461800,-4.5705,-2.1763,8.9519,-23.0534,-0.4580,-6.7481,40.72,In Hand
461850,-4.1611,-2.8563,8.5617,-9.1145,0.5802,-1.9542,40.67,In Hand
461900,-4.5705,-2.6217,8.9735,-3.1145,-0.6260,-2.9160,40.77,In Hand
461950,-4.3718,-2.5786,8.8992,-2.6565,-4.3664,-8.0000,40.77,In Hand
462000,-4.2353,-2.4708,8.9304,-5.1908,-5.9542,-9.8473,40.77,In Hand
462050,-4.0294,-3.0335,9.0357,-5.1450,-4.4122,-11.4046,40.91,In Hand
462100,-4.0007,-3.1867,9.0884,-2.0916,-4.6565,-6.9618,40.91,In Hand
462150,-4.1707,-3.4309,9.2392,9.7557,-4.2290,-0.9160,40.86,In Hand
462200,-4.2186,-2.3439,9.3996,9.8473,-3.2824,4.0000,40.86,In Hand
462250,-3.6057,-2.4972,9.1267,7.7863,6.9924,8.9008,40.91,In Hand
462300,-4.3311,-1.7957,8.7269,6.4733,1.4198,6.6107,40.72,In Hand
462350,-3.7110,-2.3966,8.9663,-3.8931,-0.6718,3.5878,40.95,In Hand
462400,-4.1611,-2.3942,9.2464,-4.7939,0.1374,1.3740,40.67,In Hand
462450,-4.2186,-2.1691,9.0190,-6.3206,-3.2061,1.1756,40.67,In Hand
462500,-4.2258,-2.7102,9.3111,-4.8702,-3.9847,-2.6565,40.72,In Hand
462550,-3.8140,-2.2721,9.0597,-1.8321,0.9466,-5.6031,40.86,In Hand
462600,-3.8595,-1.7142,9.1674,-19.8626,2.3053,-4.5954,40.91,In Hand
462650,-3.5458,-2.0830,9.1195,-36.8702,12.3511,-7.2061,40.72,In Hand
462700,-3.3878,-2.9113,9.3733,-44.2901,23.5573,-10.7634,40.77,In Hand
462750,-3.7206,-2.9113,9.6367,-48.0916,43.0229,-11.6641,40.67,In Hand
462800,-5.3199,-3.6655,8.8514,-61.2977,51.6336,-20.5038,40.86,In Hand
462850,-4.9967,-3.7709,8.2983,-73.7710,41.6947,-31.6794,40.86,In Hand
462900,-4.9680,-5.3558,7.2616,-62.9160,38.2901,-28.9924,40.67,In Hand
462950,-5.0494,-6.1890,6.6439,-24.1985,33.4656,-18.8397,40.72,In Hand
463000,-5.2385,-5.8610,6.3710,1.7863,19.7710,-8.7176,40.77,In Hand
463050,-5.1188,-5.8610,6.4069,4.3206,14.5038,-5.7557,40.77,In Hand
463100,-5.0278,-5.6886,6.1387,5.9542,11.5878,2.1832,40.91,In Hand
463150,-5.1164,-5.7150,6.1124,5.3282,5.3740,4.3664,40.77,In Hand
463200,-5.2601,-5.2625,6.2872,2.7634,5.4656,0.9618,40.86,In Hand
463250,-5.4660,-4.9105,6.3279,-3.2672,2.5496,0.5649,40.91,In Hand
463300,-5.5833,-5.1380,6.2824,-9.2061,-0.1069,-1.2366,40.86,In Hand
463350,-5.7461,-5.4660,6.3638,-12.8702,-4.5802,-6.8550,40.58,In Hand
463400,-5.5186,-5.5498,6.2752,1.5420,-6.6718,-2.4275,40.95,In Hand
463450,-5.4803,-5.7317,6.5505,11.2977,-10.3817,-3.2977,40.72,In Hand
463500,-4.9632,-5.2601,6.9911,15.0534,-12.0458,-5.1145,40.72,In Hand
463550,-4.5346,-5.2912,7.1371,11.5573,-11.3893,0.2137,40.86,In Hand
463600,-4.5466,-5.2313,6.9791,8.7023,-9.4351,7.0076,40.77,In Hand
463650,-3.9696,-4.8650,6.5721,13.8015,-6.7634,20.3206,40.77,In Hand
463700,-5.8610,-6.3662,4.9392,31.0076,-14.8702,29.8168,40.91,In Hand
463750,-3.7685,-4.4891,8.4396,65.6947,19.4351,-36.8855,40.91,In Hand
463800,-5.7533,-1.6568,9.3254,-8.8702,-45.0382,1.5267,40.72,In Hand
463850,-4.6448,-2.9233,8.4276,-35.0382,-27.7557,-24.9466,40.86,In Hand
463900,-3.3351,-5.4995,8.1786,-46.5191,-5.8015,-11.3740,41.05,In Hand
463950,-3.9648,-6.6319,7.4196,-24.9618,2.7939,5.7099,40.86,In Hand
464000,-4.8626,-5.5115,7.5274,5.8168,3.1450,3.0687,40.67,In Hand
464050,-5.2553,-4.6088,7.8051,-0.4580,-10.8092,-3.4046,40.67,In Hand
464100,-3.9480,-5.1834,7.5226,-0.7176,-6.3511,-7.2061,40.95,In Hand
464150,-3.5314,-4.5059,9.0692,-6.9924,8.1832,3.6183,40.77,In Hand
464200,-4.9177,-3.3734,8.4563,-6.7328,-1.0076,5.8779,41.05,In Hand
464250,-4.0869,-5.6120,7.9464,-20.3664,-0.8550,10.3206,40.86,In Hand
464300,-3.9816,-5.3654,7.9942,-4.3359,14.3053,11.6947,40.95,In Hand
464350,-5.3941,-5.1643,7.4723,11.9084,14.1527,7.9237,41.05,In Hand
464400,-4.5777,-4.6352,7.2927,2.2137,5.4046,8.5954,40.91,In Hand
464450,-4.6232,-4.7022,7.4579,-0.7176,5.9389,9.2061,40.77,In Hand
464500,-5.2002,-4.9775,7.3526,-4.7634,3.1756,10.0458,40.58,In Hand
464550,-5.1978,-4.2641,7.6614,5.5878,-0.3053,6.1069,40.77,In Hand
464600,-5.0350,-4.0941,7.5681,-1.6336,-5.5115,3.3588,40.72,In Hand
464650,-4.4197,-4.6064,7.7261,-8.8702,0.7634,2.1985,40.95,In Hand
464700,-4.9368,-4.4388,7.7165,-10.3969,2.3817,0.3359,40.67,In Hand
464750,-4.6519,-4.8746,7.5489,-9.5420,5.7252,2.4733,40.86,In Hand
464800,-5.1236,-4.8674,7.5034,-4.9160,5.2061,2.5191,40.77,In Hand
464850,-5.0829,-5.0709,7.1467,0.5954,3.5878,-1.7557,40.72,In Hand
464900,-5.2289,-4.3670,7.3071,7.3130,-1.1908,-6.9771,40.91,In Hand
464950,-4.8459,-4.2521,7.4819,-3.3435,-7.6489,-6.1069,40.77,In Hand
465000,-4.4796,-4.9392,7.6710,-8.4733,-1.4656,-4.9466,40.91,In Hand
465050,-4.9823,-5.1571,7.5202,-0.3664,1.3588,-4.8397,40.86,In Hand
465100,-4.9081,-4.7597,7.5298,-0.8244,0.0305,-2.1985,40.77,In Hand
465150,-4.6256,-4.5442,7.6662,-2.5191,2.0000,-0.2748,40.91,In Hand
465200,-4.7764,-4.6998,7.3885,-5.9389,4.0153,-1.4504,40.86,In Hand
465250,-4.8483,-4.7932,7.4388,-7.2672,4.8244,-3.7099,40.95,In Hand
465300,-4.7405,-4.7094,7.4675,-8.3053,5.6336,-3.7557,40.86,In Hand
465350,-4.8411,-4.5873,7.7333,-9.7405,7.6183,-4.0153,40.72,In Hand
465400,-4.6017,-4.9177,7.3502,-9.8779,12.6260,-7.4198,40.72,In Hand
465450,-5.0302,-4.8890,7.2736,-5.2061,15.3740,-9.1145,40.72,In Hand
465500,-5.0829,-4.9081,7.3382,-3.7710,9.4809,-11.3130,40.86,In Hand
465550,-4.7381,-4.8674,6.9336,-4.0611,12.9618,-8.6565,40.86,In Hand
465600,-5.1499,-4.9823,6.7612,-8.1679,14.9771,-5.7405,40.67,In Hand
465650,-5.8945,-5.4277,6.7253,-17.7252,12.9466,-9.4504,40.95,In Hand
465700,-5.5258,-5.5593,6.2513,-23.3435,9.3740,-12.1832,40.77,In Hand
465750,-5.6790,-6.2010,5.9352,-23.2061,4.7176,-14.2443,40.77,In Hand
465800,-5.5665,-6.6056,5.9065,-15.5420,-5.4962,-10.5344,40.95,In Hand
465850,-4.8674,-6.6272,5.8155,-0.2748,-8.9771,-7.0382,40.86,In Hand
465900,-4.4843,-6.4093,6.1339,9.0382,-8.6107,1.7405,40.91,In Hand
465950,-4.5250,-6.7373,7.0868,15.7099,-4.1069,6.3206,40.86,In Hand
466000,-4.7573,-5.6360,7.2401,4.6260,-5.6489,5.5267,40.91,In Hand
466050,-4.3120,-5.7964,6.5864,4.9924,-9.3893,13.4046,40.86,In Hand
466100,-4.5107,-6.1196,7.0318,22.0763,-3.0382,8.7176,40.67,In Hand
466150,-5.0542,-4.4532,7.8602,28.7939,-7.0076,5.7710,40.95,In Hand
466200,-4.1779,-4.7692,7.4484,3.0687,-4.7939,18.2443,40.72,In Hand
466250,-4.7836,-5.1116,7.4651,1.6489,6.2595,23.4046,41.05,In Hand
466300,-5.1044,-5.1595,7.4340,18.0000,1.6794,19.5878,40.77,In Hand
466350,-4.9632,-4.1970,7.6686,28.7634,-4.3511,20.5191,40.91,In Hand
466400,-5.3750,-2.6528,8.6455,9.8473,-10.8244,1.2061,40.95,In Hand
466450,-3.9049,-3.6631,7.9296,-13.9084,4.7481,-0.6260,40.77,In Hand
466500,-5.1475,-3.9433,7.7309,-18.3053,14.2290,-4.8550,40.91,In Hand
466550,-5.3127,-4.7788,7.1012,-22.2901,10.2595,-3.9389,40.67,In Hand
466600,-5.2505,-5.1858,6.9863,-15.1603,4.8244,-3.0229,40.95,In Hand
466650,-5.3391,-5.2289,7.1227,-2.1527,2.8855,-1.6336,40.91,In Hand
466700,-5.4684,-4.7525,7.1658,6.7328,1.5420,-1.7252,40.72,In Hand
466750,-5.2696,-4.5418,7.0701,2.6870,-3.2977,-0.2595,41.05,In Hand
466800,-5.0829,-4.3981,7.1323,0.8855,0.9924,0.3511,41.05,In Hand
466850,-5.1188,-4.5346,7.2760,2.5038,2.7939,-4.9313,40.91,In Hand
466900,-5.3127,-4.2641,7.3622,-0.4580,4.2290,-6.4122,41.09,In Hand
466950,-5.0661,-4.7716,7.1299,-6.4733,5.2366,-3.5115,40.91,In Hand
467000,-5.4516,-4.9488,7.0054,-1.0840,7.7405,0.1832,40.86,In Hand
467050,-5.7413,-4.4149,7.2185,5.3893,5.1145,-3.8168,40.91,In Hand
467100,-5.4277,-4.4221,7.0820,9.4046,2.1527,-7.9695,40.86,In Hand
467150,-5.4396,-4.2641,7.2353,4.9313,1.5115,-10.7939,40.91,In Hand
467200,-5.0757,-4.5777,6.7181,4.0458,3.1603,-14.6412,40.67,In Hand
467250,-5.1356,-4.6711,6.9001,2.0763,7.2672,-15.5878,40.72,In Hand
467300,-5.3870,-4.5969,6.9192,0.1527,11.4351,-14.7176,40.86,In Hand
467350,-5.8131,-4.2282,7.5537,-15.7557,8.1832,-13.1756,40.67,In Hand
467400,-5.8155,-5.2265,7.7859,-37.5725,8.3511,-12.0000,40.77,In Hand
467450,-5.0470,-5.2936,6.9983,-42.4427,14.7481,-3.6947,41.19,In Hand
467500,-5.2792,-5.7892,6.5505,-41.2824,21.6031,4.1221,40.86,In Hand
467550,-5.3032,-5.7676,5.9137,-37.1756,21.7099,3.6947,40.91,In Hand
467600,-5.4612,-6.0118,5.5402,-27.0076,15.3740,2.2443,41.05,In Hand
467650,-5.2936,-5.9400,5.3582,-10.7328,8.0763,-1.8168,41.09,In Hand
467700,-5.3630,-6.4548,5.2050,3.2977,8.5191,-9.6031,40.72,In Hand
467750,-5.9256,-6.4763,5.6120,13.2366,8.7023,-23.2366,41.19,In Hand
467800,-5.5330,-5.9304,6.0094,17.1756,3.9237,-24.4886,40.95,In Hand
467850,-4.7214,-5.8275,6.1220,13.7710,4.8550,-18.8244,40.72,In Hand
467900,-4.7525,-6.4596,6.2082,14.1527,8.1832,-16.5496,40.72,In Hand
467950,-4.6376,-6.5027,6.0286,25.3893,11.4198,-19.3740,40.77,In Hand
468000,-4.8578,-6.4332,5.8849,41.0840,9.6794,-18.6412,40.95,In Hand
468050,-5.1787,-6.5314,5.9927,60.3969,5.4656,-25.9389,40.95,In Hand
468100,-4.9105,-6.1938,6.1866,83.4504,-3.9847,-36.2137,40.91,In Hand
468150,-5.0805,-6.0094,7.0366,102.5191,-10.4427,-44.0611,41.09,In Hand
468200,-4.2066,-4.5586,7.1108,133.5420,-12.6107,-48.2290,40.67,In Hand
468250,-4.5753,-3.6392,8.0134,143.4046,-16.5649,-41.8473,40.72,In Hand
468300,-4.4125,-3.2705,7.8530,162.0916,-18.0305,-49.7252,41.09,In Hand
468350,-3.8140,-0.5555,9.7540,163.5725,-15.0687,-54.5038,40.77,In Hand
468400,-5.0326,0.6584,10.5512,138.1985,-42.0153,-40.3206,40.77,In Hand
468450,-2.2122,3.1005,9.8785,98.9771,-27.4351,-43.6183,41.05,In Hand
468500,-3.5075,1.1181,9.8833,74.6870,-21.6031,-40.9771,40.67,In Hand
468550,-3.0430,1.7238,9.8186,73.6489,-20.9618,-40.8702,40.86,In Hand
468600,-2.2625,1.0630,9.2943,98.5038,-24.2748,-43.4046,40.67,In Hand
468650,-2.6743,3.4333,9.4284,90.0611,-2.3511,-34.8855,41.09,In Hand
468700,-2.2625,4.2593,8.9807,70.6260,-4.4427,-19.4962,41.09,In Hand
468750,-2.7940,4.5394,9.6798,30.6260,9.5267,-6.7176,40.95,In Hand
468800,-3.0909,5.1523,9.4858,-0.3664,2.4580,2.6718,40.91,In Hand
468850,-2.8994,4.3000,9.5409,-25.2672,8.1679,1.3282,40.86,In Hand
468900,-2.7797,4.7381,8.8538,-42.4427,12.5038,10.4275,40.91,In Hand
468950,-3.1508,4.5993,9.3302,-62.1832,1.2061,26.6107,40.86,In Hand
469000,-2.7126,3.7182,9.1291,-79.1450,-3.9389,37.2519,40.95,In Hand
469050,-3.0335,2.6576,9.4691,-107.0534,-19.2672,39.5878,40.77,In Hand
469100,-2.7007,1.3072,9.6055,-118.9618,-31.1756,40.3053,40.91,In Hand
469150,-2.0375,-1.1732,9.9838,-116.3206,-48.6718,38.6718,40.77,In Hand
469200,-1.3551,-1.2737,9.9192,-112.9008,-38.0000,20.2443,40.67,In Hand
469250,-1.3910,-2.4900,9.8928,-119.1603,-45.5115,30.6260,40.91,In Hand
469300,-1.1684,-4.0414,9.6438,-103.7863,-44.9313,35.8626,40.91,In Hand
469350,-1.5634,-7.3789,9.7995,-65.5573,-44.4885,29.1603,41.09,In Hand
469400,-0.1365,-5.3798,9.8976,-41.7557,-27.4656,15.8015,40.77,In Hand
469450,-0.3519,-4.4460,9.9335,-37.5267,-23.9237,12.5496,40.91,In Hand
469500,-0.8236,-5.5019,9.4403,-9.6183,-29.4962,-1.4198,40.86,In Hand
469550,-0.0766,-4.7860,10.0916,13.0229,-28.7176,-20.9160,40.77,In Hand
469600,0.4764,-4.4772,9.9479,40.9924,-12.5802,-27.8931,40.95,In Hand
469650,0.5267,-3.2226,9.7109,48.0916,0.3511,-44.9008,41.05,In Hand
469700,0.0814,-2.8228,10.0509,36.6260,1.5267,-45.6794,40.67,In Hand
469750,0.1508,-2.9042,10.2304,40.3511,2.7481,-52.7786,40.67,In Hand
469800,-0.4357,-2.2362,10.5752,37.4656,-4.5344,-60.3359,40.95,In Hand
469850,0.3424,-2.9401,10.3406,57.5267,-9.1908,-67.2824,40.77,In Hand
469900,-0.2753,-1.7957,10.2592,87.1298,-5.5725,-83.0687,40.95,In Hand
469950,0.4310,0.1341,10.2879,95.4657,-10.4580,-81.8321,40.86,In Hand
470000,0.5339,1.4030,10.5489,82.6718,-7.6336,-64.2290,40.86,In Hand
470050,1.0774,2.5953,10.5800,45.0534,-5.4198,-50.4580,41.09,In Hand
470100,1.0918,1.5538,10.7907,21.1756,-10.1527,-42.2595,40.95,In Hand
470150,0.4310,0.8547,10.7955,22.1832,2.6870,-47.2366,40.91,In Hand
470200,-0.0048,2.2170,12.3637,16.7634,-26.7328,-44.5954,41.05,In Hand
470250,3.6703,2.3391,10.5896,23.1603,-42.3511,-10.4733,40.91,In Hand
470300,2.3990,2.5929,10.4076,16.9160,-14.1527,-17.6183,40.95,In Hand
470350,2.7318,2.6815,10.2376,7.1298,-7.8931,-14.6412,41.19,In Hand
470400,3.7134,3.2777,9.6534,-3.2824,8.3511,-4.8397,40.95,In Hand
470450,2.6767,2.6600,9.7636,-23.4351,16.5038,-4.1221,41.05,In Hand
470500,3.1077,2.1213,9.1363,-22.3511,29.0534,-13.6794,40.91,In Hand
470550,1.7478,2.3918,10.0868,-20.3511,21.2061,-10.1679,40.91,In Hand
470600,1.7310,2.4205,10.4483,-16.2748,-2.1832,7.3588,40.77,In Hand
470650,1.9824,1.2785,9.9311,-11.9847,8.0916,5.2061,40.95,In Hand
470700,1.3001,2.9018,10.2879,-19.7557,14.1527,7.1450,40.95,In Hand
470750,0.9529,2.4756,10.2807,-46.4885,0.5191,32.2748,40.72,In Hand
470800,1.3360,1.9130,9.7061,-65.3588,8.6260,41.4656,40.86,In Hand
470850,0.3903,0.8499,9.8665,-89.3282,5.1298,54.1679,41.24,In Hand
470900,0.3879,1.2522,10.5465,-97.2061,-3.9084,74.0916,41.05,In Hand
470950,-0.1484,-1.1803,10.2472,-119.4198,-16.7481,91.7405,40.72,In Hand
471000,0.0886,-3.2082,10.9367,-120.0611,-34.6718,90.3817,40.95,In Hand
471050,0.8859,-4.0366,10.1993,-110.8855,-28.0000,82.3969,41.19,In Hand
471100,0.8787,-5.1858,9.8545,-94.0458,-35.9389,73.0687,40.86,In Hand
471150,1.8651,-6.4572,8.9328,-65.5878,-38.9313,40.2901,40.91,In Hand
471200,2.0255,-4.3886,8.1834,-55.9237,-22.6412,26.0458,40.86,In Hand
471250,1.6879,-5.2409,7.9942,-52.3359,-20.5038,37.5573,40.91,In Hand
471300,1.5227,-6.5817,7.6255,-56.3206,-22.2137,37.7710,40.77,In Hand
471350,1.7621,-7.8650,8.0469,-37.9237,-29.6031,43.3740,40.95,In Hand
471400,2.1979,-7.8841,7.8865,-26.7328,-17.6489,31.6947,40.86,In Hand
471450,1.6089,-8.2456,7.3310,-18.9924,-5.5420,3.7710,40.86,In Hand
471500,1.3384,-6.3231,6.9432,-19.6336,-8.5191,9.6641,40.72,In Hand
471550,0.6273,-6.2441,6.5769,-27.2214,-13.5115,15.3588,40.91,In Hand
471600,0.5315,-6.5577,6.6535,-25.6794,-13.4046,15.2672,41.05,In Hand
471650,0.5124,-6.8115,6.8546,-25.3588,-20.3511,19.4809,40.86,In Hand
471700,1.0367,-7.5920,6.4189,-21.1908,-14.0153,15.1145,40.95,In Hand
471750,0.3711,-7.8147,6.8187,-16.1374,-7.8168,2.5649,40.91,In Hand
471800,0.2969,-7.5992,7.1539,-16.6870,-14.0763,-4.7176,40.86,In Hand
471850,0.4429,-7.8458,7.3071,-14.3664,-14.5496,-10.2901,40.91,In Hand
471900,0.5866,-7.4436,6.9623,-22.6260,-12.8702,-10.5496,41.05,In Hand
471950,1.0558,-8.2025,6.3805,-13.4046,-2.5191,0.2901,40.67,In Hand
472000,0.7302,-8.5042,6.8929,-1.5878,6.3664,14.3817,40.91,In Hand
472050,0.5914,-7.7500,6.8666,-6.1985,6.6412,23.0229,40.95,In Hand
472100,1.2258,-8.9950,6.6798,-11.0534,8.0305,-0.1374,40.67,In Hand
472150,1.7549,-9.5241,6.2201,-12.9160,3.7099,-24.1679,41.09,In Hand
472200,2.1955,-7.8650,5.7868,-2.5191,8.0458,-22.3969,40.86,In Hand
472250,2.5929,-6.7325,5.5737,-8.0000,11.2977,2.8092,40.95,In Hand
472300,1.6831,-7.3909,5.0637,-22.6718,17.3435,4.2595,40.91,In Hand
472350,2.3679,-7.7428,5.0518,-30.7481,18.6718,-10.7328,41.05,In Hand
472400,3.0622,-7.8195,5.3079,-28.1985,20.0916,-2.0000,40.91,In Hand
472450,1.8938,-8.1355,5.6312,-18.4427,25.5878,2.6412,40.77,In Hand
472500,1.2043,-7.6878,5.8562,-11.6336,14.6107,5.4198,40.77,In Hand
472550,0.9385,-7.8865,5.9113,-5.1603,6.0458,7.8931,40.86,In Hand
472600,0.9888,-8.2049,5.7317,-2.3206,12.6107,-3.1298,41.09,In Hand
472650,0.5363,-8.0900,5.6431,-2.5802,9.4504,-3.0992,40.72,In Hand
472700,0.5100,-8.2384,5.6695,0.7786,7.6641,8.1527,40.95,In Hand
472750,-0.0790,-8.3582,6.1435,-0.4580,3.5573,13.8931,40.53,In Hand
472800,0.0192,-8.9304,6.2034,12.8397,1.4351,16.8244,41.05,In Hand
472850,0.0239,-8.9447,6.6295,30.1679,6.5038,0.6565,40.86,In Hand
472900,0.4980,-8.7843,6.9240,51.3588,10.4275,-16.8550,40.86,In Hand
472950,1.4629,-9.7875,6.1220,92.7939,16.0305,-37.1603,40.77,In Hand
473000,1.3886,-9.3781,6.7109,143.1298,21.5420,-69.1450,41.19,In Hand
473050,1.4772,-6.6631,6.8043,162.9466,22.4886,-91.3435,40.95,In Hand
473100,1.5347,-5.0135,6.7109,170.7939,27.1603,-92.3511,40.86,In Hand
473150,1.6352,-2.5738,7.7572,158.6870,32.1221,-85.1145,40.91,In Hand
473200,1.8555,-2.5355,8.5281,150.1374,38.7176,-70.1832,40.86,In Hand
473250,1.4006,-1.6065,10.6326,134.3359,31.1145,-71.0534,40.95,In Hand
473300,1.6712,0.4094,10.6374,100.8702,1.0992,-59.2214,40.91,In Hand
473350,1.2809,0.2083,10.4818,72.6565,-16.0305,-54.5038,41.09,In Hand
473400,-1.9130,3.2106,10.0772,29.5725,-42.9313,-42.0763,40.86,In Hand
473450,-1.3551,1.9321,9.4571,-32.6870,-101.0076,-64.2595,40.77,In Hand
473500,0.8452,2.4325,8.4611,-124.4580,-86.5038,-20.3053,40.86,In Hand
473550,2.4062,0.9409,6.3015,-175.2366,-65.6947,-9.4962,40.86,In Hand
473600,2.5618,-1.5921,7.7835,-187.4657,-29.0992,3.4809,40.77,In Hand
473650,4.0869,-4.0821,8.6670,-164.1985,-12.6565,7.9389,40.91,In Hand
473700,3.7781,-5.7844,9.1363,-118.0153,4.1527,18.1527,41.19,In Hand
473750,4.4388,-6.9192,8.8466,-59.3740,16.2595,9.2061,41.05,In Hand
473800,4.4173,-6.1555,9.0453,-11.3893,30.1985,19.1908,40.95,In Hand
473850,3.9385,-4.2617,8.7532,-2.6107,39.4656,28.0153,41.05,In Hand
473900,4.3239,-4.2952,7.0509,-11.4198,57.1908,34.0763,41.09,In Hand
473950,4.2114,-4.3096,7.2544,-10.0916,79.4657,42.6107,40.95,In Hand
474000,2.7366,-5.9975,9.5313,-22.7634,81.6336,26.8550,40.91,In Hand
474050,1.5467,-7.2305,11.2240,-32.4122,51.1603,-27.5420,41.05,In Hand
474100,2.1835,-6.8905,9.6654,-34.7481,16.1221,-64.9160,40.95,In Hand
474150,2.5355,-7.1874,10.3501,-14.0916,1.0382,-68.7023,41.05,In Hand
474200,1.3791,-4.6256,12.1027,-46.4733,-31.6031,-75.8321,40.72,In Hand
474250,1.9656,-4.9392,9.1243,-77.2214,-56.1832,-74.0153,41.09,In Hand
474300,3.1747,-6.8139,9.1794,-72.1069,-63.2366,-65.5420,40.86,In Hand
474350,3.5793,-6.8546,9.4044,-65.8168,-47.2519,-56.1527,40.91,In Hand
474400,2.6671,-8.6790,7.8386,-22.7023,-40.5802,-59.4351,40.72,In Hand
474450,4.8937,-6.0765,8.0709,-2.3817,-18.4580,-43.3130,40.95,In Hand
474500,4.1492,-5.7700,7.6447,13.9695,7.0687,-20.5649,40.72,In Hand
474550,4.3958,-5.4540,7.5944,18.2290,23.8321,4.0305,40.91,In Hand
474600,3.8499,-5.5665,7.4795,12.8244,39.4504,28.1069,40.86,In Hand
474650,3.5219,-6.2034,8.0134,10.7634,37.7405,43.2519,41.19,In Hand
474700,3.1292,-5.9424,8.2720,12.3206,20.0458,69.6183,40.91,In Hand
474750,2.3918,-7.4819,8.9352,-3.4504,-4.5496,69.0076,41.19,In Hand
474800,2.5809,-7.7213,7.8530,-2.5344,-23.3740,36.7939,41.09,In Hand
474850,3.1364,-6.9815,7.5250,-0.3969,-27.5114,10.2290,40.86,In Hand
474900,3.4357,-6.9168,6.5625,5.8015,-17.1756,-0.2290,41.05,In Hand
474950,4.5083,-7.1706,6.2752,20.1832,6.3206,-1.4351,40.67,In Hand
475000,3.2465,-7.2616,5.9256,38.3511,29.4656,-10.9618,40.91,In Hand
475050,3.7876,-5.8849,6.1770,43.3740,46.6718,-9.4962,40.77,In Hand
475100,3.8978,-5.5857,7.1994,22.7939,59.7557,0.6870,40.77,In Hand
475150,2.5786,-6.5745,7.5896,3.1450,56.3511,-13.3893,40.86,In Hand
475200,1.8364,-6.1531,6.5984,-9.5267,37.0382,-36.5496,41.09,In Hand
475250,1.9130,-6.2800,6.5050,-14.9618,17.8321,-51.4198,40.95,In Hand
475300,2.2410,-5.7341,7.2449,-21.6641,-1.0229,-56.1527,40.72,In Hand
475350,2.7485,-4.7262,7.0222,-36.9008,-16.6565,-45.7557,41.09,In Hand
475400,2.4804,-5.8802,7.9224,-55.1908,-28.3664,-45.3435,40.91,In Hand
475450,2.7964,-7.2401,7.8099,-64.0611,-41.6947,-71.7557,40.95,In Hand
475500,2.9975,-6.2106,7.0701,-56.4885,-43.3740,-84.8550,40.86,In Hand
475550,3.6416,-5.2840,6.9168,-59.3588,-35.3130,-72.8702,40.95,In Hand
475600,4.6400,-6.4332,6.9192,-59.1298,-23.7099,-50.2901,40.95,In Hand
475650,5.5138,-8.1307,7.4292,-41.8473,-7.8015,-31.5420,40.95,In Hand
475700,6.2249,-7.7788,8.1977,-30.2443,16.2443,-10.0763,41.05,In Hand
475750,4.9057,-5.7892,6.8067,-36.7634,32.7481,-0.7328,41.05,In Hand
475800,5.4684,-7.0390,5.6886,-27.2214,59.1145,-6.0458,41.09,In Hand
475850,6.0286,-6.9959,5.6743,-6.8397,93.1450,-8.5191,41.05,In Hand
475900,5.8275,-6.6391,6.0286,2.1527,119.9237,-7.8473,40.95,In Hand
475950,5.7628,-6.2560,6.9240,7.4351,135.4046,2.9466,40.72,In Hand
476000,4.2617,-5.7628,7.2903,-2.6412,129.4809,7.4046,40.91,In Hand
476050,3.8882,-6.2848,6.9887,-9.2519,110.9313,2.3511,40.95,In Hand
476100,3.8355,-6.7516,6.7995,-4.0458,91.9542,-9.4046,41.09,In Hand
476150,3.4764,-6.7301,7.1347,2.5344,69.1908,-24.7939,41.05,In Hand
476200,3.1723,-6.9552,7.7381,1.0534,39.0534,-40.8550,40.95,In Hand
476250,3.4548,-6.3231,7.7644,-3.4351,10.0611,-45.6947,41.05,In Hand
476300,3.4022,-6.0382,7.4148,-6.4122,-10.8550,-35.2977,40.77,In Hand
476350,3.4213,-5.8610,6.9384,-7.5725,-23.5878,-23.1603,40.95,In Hand
476400,3.7302,-6.5649,7.0437,-5.4046,-30.0916,-20.2137,40.77,In Hand
476450,4.2641,-6.1052,7.0413,-7.4198,-27.8779,-12.9924,40.72,In Hand
476500,4.1899,-6.1723,7.2616,-17.6641,-23.4656,-10.7176,40.77,In Hand
476550,4.3574,-6.5577,7.1060,-25.0076,-17.6183,-11.4351,40.72,In Hand
476600,4.2210,-6.9671,7.2760,-28.7939,-12.8397,-18.7786,41.24,In Hand
476650,3.6919,-7.1012,6.8378,-25.8321,-11.3282,-30.5344,40.77,In Hand
476700,3.8188,-6.4404,6.6966,-18.3817,-9.6031,-29.7099,41.09,In Hand
476750,3.9576,-6.5864,6.1651,-6.2748,-2.7481,-20.0153,41.05,In Hand
476800,4.4891,-6.7708,6.4739,12.9160,7.5878,-5.2061,41.05,In Hand
476850,4.1468,-5.6886,6.9647,13.7863,12.2901,10.0611,41.05,In Hand
476900,4.0055,-6.2369,7.0318,2.9618,10.0916,12.1832,40.91,In Hand
476950,3.8211,-6.5434,7.3813,-5.2672,3.8321,1.1450,41.19,In Hand
477000,3.7302,-6.5529,7.3119,-13.0840,-4.4885,-9.3282,40.77,In Hand
477050,4.1611,-6.3949,7.1922,-13.8473,-8.7023,-7.0687,41.05,In Hand
477100,4.3479,-6.7971,6.6894,-6.0763,-6.4733,2.1527,40.86,In Hand
477150,4.5801,-6.9121,6.6248,9.9542,1.1145,7.5115,40.95,In Hand
477200,4.3096,-6.7924,7.1658,12.8092,4.1832,5.7405,40.91,In Hand
477250,3.9959,-6.4141,7.2257,5.0229,-0.0305,-2.5954,41.05,In Hand
477300,3.7876,-6.2177,7.0078,-5.0076,-6.2443,-12.7786,41.09,In Hand
477350,4.1396,-6.1363,6.5984,-11.5420,-6.9618,-22.1069,40.91,In Hand
477400,4.3742,-6.0142,6.3255,-17.3130,1.0687,-30.8855,41.05,In Hand
477450,4.3670,-5.8754,6.5266,-29.5573,12.3053,-43.3282,40.77,In Hand
477500,4.8028,-6.4620,7.1898,-45.8779,23.5878,-56.1679,40.95,In Hand
477550,5.1260,-6.2800,7.1323,-59.0534,34.8550,-54.1374,40.95,In Hand
477600,4.9368,-6.5122,6.7876,-60.2748,46.4122,-41.7863,40.95,In Hand
477650,4.5777,-6.4572,6.6894,-57.0382,54.7786,-35.2214,41.09,In Hand
477700,4.3574,-6.5673,6.5960,-53.8321,58.6107,-38.2595,40.91,In Hand
477750,4.4604,-6.9504,6.8283,-47.9237,60.2290,-44.5954,41.28,In Hand
477800,4.7453,-7.0701,6.9216,-39.3130,60.8092,-45.9389,40.67,In Hand
477850,4.8674,-6.7971,6.9240,-34.3359,64.0458,-37.0992,40.91,In Hand
477900,4.7860,-6.9097,7.1084,-35.0992,65.4657,-34.3053,40.95,In Hand
477950,4.2713,-6.7732,6.9168,-42.2901,64.6260,-41.4198,40.86,In Hand
478000,4.5562,-5.9999,6.5936,-51.7252,65.0687,-41.7099,40.86,In Hand
478050,5.1547,-6.0861,6.0501,-53.7710,77.2061,-23.4198,40.91,In Hand
478100,4.9608,-6.6128,6.3997,-52.7176,86.9160,-18.5802,40.91,In Hand
478150,4.5514,-6.5625,7.1371,-60.1985,87.5573,-28.6260,40.95,In Hand
478200,4.5538,-7.1467,7.8721,-73.5725,77.8015,-36.8702,40.91,In Hand
478250,4.5825,-7.5824,7.1922,-65.2366,69.4962,-34.0458,40.95,In Hand
478300,4.4293,-6.9863,6.5481,-42.9160,67.5878,-17.2061,40.91,In Hand
478350,4.2042,-7.2281,6.0238,-18.9008,67.8931,-13.3740,41.05,In Hand
478400,4.5250,-6.9456,6.2393,-1.6183,71.8626,-18.8855,40.91,In Hand
478450,4.2760,-6.6966,6.8714,-7.1908,72.1374,-30.5954,41.05,In Hand
478500,3.2633,-6.5817,7.2089,-15.9695,59.1756,-40.9466,40.95,In Hand
478550,3.2537,-5.6934,6.7756,-13.7099,46.6107,-26.9466,40.86,In Hand
478600,3.4764,-6.7421,6.9671,-15.0229,38.1527,-20.6260,40.91,In Hand
478650,4.4987,-7.5154,6.4643,-5.6183,43.7252,-26.4733,40.86,In Hand
478700,4.7645,-7.3358,6.1220,5.5878,62.6718,-33.8626,40.91,In Hand
478750,3.9409,-6.8259,6.6511,5.2519,78.1832,-45.5573,40.91,In Hand
478800,3.8355,-7.3909,6.5050,4.3817,83.3893,-61.2672,40.91,In Hand
478850,4.9632,-7.3670,6.0262,16.4733,101.8779,-52.6260,41.09,In Hand
478900,3.8571,-7.2209,6.5649,17.2672,112.0000,-52.1527,40.91,In Hand
478950,3.5913,-6.9049,6.3303,13.2214,111.3130,-57.6641,40.91,In Hand
479000,3.3184,-6.4643,6.1411,8.5649,105.9542,-58.7634,41.05,In Hand
479050,2.8371,-6.1411,6.1746,2.1832,93.5878,-61.4046,40.86,In Hand
479100,2.7150,-6.0238,6.1316,-2.8244,77.2672,-64.3359,40.91,In Hand
479150,2.4517,-6.1675,6.3662,-7.5725,56.5954,-70.4885,40.77,In Hand
479200,2.2218,-6.3398,6.6631,-10.9466,31.7710,-79.0992,40.95,In Hand
479250,2.4732,-6.1339,6.9097,-13.8321,8.1679,-78.8244,40.91,In Hand
479300,3.2681,-6.2776,7.0222,-13.2366,-8.9618,-63.5725,40.72,In Hand
479350,4.0606,-6.5290,6.9983,-11.6183,-13.2672,-40.5038,40.95,In Hand
479400,3.2058,-7.0222,6.4955,-7.6947,-19.6336,-42.3053,40.91,In Hand
479450,3.8307,-6.0525,6.1723,-2.3206,-20.5191,-44.6870,41.24,In Hand
479500,4.7669,-5.6479,6.8019,-13.9695,-15.7252,-29.5725,40.91,In Hand
479550,5.1284,-6.0932,7.8554,-36.2137,-12.9313,-17.8626,41.05,In Hand
479600,5.0350,-6.2034,8.6862,-68.9313,-18.6260,-15.1756,40.95,In Hand
479650,5.0733,-6.1818,7.8913,-98.4427,-22.1221,-17.2214,40.95,In Hand
479700,4.8363,-7.2209,6.8402,-101.9084,-17.4046,-22.3817,41.28,In Hand
479750,5.1427,-8.7843,5.9400,-67.6641,-3.6183,-29.9084,40.91,In Hand
479800,4.9488,-8.8083,5.7533,-11.0840,13.8473,-32.4427,40.95,In Hand
479850,4.9321,-8.1738,7.0940,25.7405,22.3359,-24.5954,40.91,In Hand
479900,4.2832,-6.9145,7.5393,33.0840,16.5954,-11.7099,41.24,In Hand
479950,3.9768,-6.2752,7.4220,25.8168,4.1985,6.7328,40.95,In Hand
480000,4.2449,-6.2968,7.1994,22.1527,-4.5038,29.7863,41.09,In Hand
480050,4.6424,-7.1084,7.2449,24.5496,-8.5038,51.6947,41.19,In Hand
480100,4.5011,-6.7157,6.5290,42.9160,-5.4504,66.1069,41.24,In Hand
480150,5.5426,-6.3853,7.8458,44.1832,-4.4733,87.6183,40.77,In Hand
480200,4.1827,-6.3039,7.6686,25.6183,-9.7710,100.4275,40.95,In Hand
480250,3.4548,-7.7405,6.7205,26.2748,-22.5191,76.3511,41.19,In Hand
480300,4.4867,-8.2791,7.6160,34.1374,-26.5802,45.7557,40.95,In Hand
480350,2.9712,-8.5090,6.3207,38.8702,-26.9924,-5.4656,40.91,In Hand
480400,3.0837,-8.0445,5.9424,60.4885,-22.9160,-56.7328,40.86,In Hand
480450,3.5530,-5.7269,6.1339,56.6260,-13.4198,-74.5191,40.95,In Hand
480500,3.6775,-4.5394,5.9496,38.0305,-1.4046,-64.7939,41.05,In Hand
480550,4.2258,-5.2577,6.1435,23.4962,10.7786,-42.8702,41.09,In Hand
480600,4.0366,-2.2697,6.1268,10.2290,23.2519,10.2748,41.05,In Hand
480650,2.7653,-4.8818,6.7564,-6.3817,14.7176,55.0687,40.86,In Hand
480700,3.6320,-6.2656,6.6750,-4.9008,9.6336,67.1603,40.95,In Hand
480750,3.3184,-5.9999,7.5776,-14.3511,1.7863,64.9771,40.95,In Hand
480800,2.7821,-5.3295,7.4675,-40.7481,-16.1985,54.3664,40.86,In Hand
480850,2.7629,-5.5593,7.4675,-69.6947,-36.8855,41.2824,41.05,In Hand
480900,3.4333,-6.3087,7.0605,-88.1832,-49.5267,29.2061,40.77,In Hand
480950,4.1827,-7.8554,6.6607,-80.0153,-51.1145,19.8015,40.77,In Hand
481000,4.4197,-8.8897,6.7277,-49.5725,-45.1603,8.7176,40.91,In Hand
481050,3.6009,-8.8490,6.4955,-15.0229,-41.0076,-13.2519,40.77,In Hand
481100,3.4907,-8.1977,6.6152,14.5649,-43.5115,-34.4427,40.95,In Hand
481150,3.4716,-6.9887,6.8905,29.6641,-45.8321,-34.4580,40.91,In Hand
481200,3.8499,-6.0238,6.7277,29.0840,-47.8168,-18.8550,40.86,In Hand
481250,4.4388,-6.1938,6.3949,25.2214,-37.9237,3.9084,40.95,In Hand
481300,4.8291,-7.0653,6.3542,30.3969,-17.9695,16.0153,40.91,In Hand
481350,4.6471,-7.4986,6.3686,34.8092,1.4656,9.7863,40.77,In Hand
481400,4.7573,-7.0006,6.8283,34.3359,19.5267,2.2443,41.24,In Hand
481450,4.1899,-6.2177,7.2425,13.9847,28.1221,-7.3282,41.05,In Hand
481500,4.0989,-6.1986,6.9049,-6.8702,32.1832,-14.2443,40.77,In Hand
481550,4.2377,-5.6216,6.5027,-20.9466,37.2214,-8.9160,41.19,In Hand
481600,4.2665,-5.9711,6.6367,-30.7786,41.6336,-0.1221,40.72,In Hand
481650,4.0821,-6.7229,6.8426,-33.7710,41.4962,0.2443,40.95,In Hand
481700,3.8499,-7.2185,7.0653,-31.2214,34.2595,-9.9084,40.95,In Hand
481750,3.8355,-7.2042,6.8283,-21.5878,26.8397,-15.1756,40.77,In Hand
481800,3.9528,-7.2975,6.6607,-5.1145,21.1298,-13.7252,40.95,In Hand
481850,3.9217,-6.9073,6.5218,12.0763,16.3206,-6.5038,40.95,In Hand
481900,3.9361,-6.7397,6.6415,21.8473,11.6183,0.4427,40.91,In Hand
481950,3.8906,-6.6176,6.8019,23.9084,5.0840,1.9389,40.95,In Hand
482000,3.8714,-6.4931,6.8283,18.9313,-1.4962,-0.5344,40.67,In Hand
482050,4.1228,-6.4428,7.1036,6.9924,-5.5725,-4.9313,41.05,In Hand
482100,4.2066,-7.4675,7.4891,-9.8168,-6.7176,-17.5573,40.95,In Hand
482150,4.5969,-7.3526,6.3470,-9.1603,1.5115,-26.5344,40.91,In Hand
482200,4.6376,-6.6679,6.2393,2.0916,16.1832,-12.1069,40.95,In Hand
482250,4.0749,-5.9520,6.5170,3.5115,22.0153,8.5954,40.91,In Hand
482300,3.6751,-5.4013,6.8354,-3.3435,15.7405,27.4656,40.95,In Hand
482350,3.3519,-5.5354,7.2281,-17.8473,0.0611,38.3206,40.86,In Hand
482400,3.5434,-5.9999,7.2472,-29.0992,-19.2824,38.1374,41.05,In Hand
482450,3.6368,-6.8043,7.2018,-32.6107,-34.7481,29.7252,41.19,In Hand
482500,3.8762,-7.2233,6.8594,-22.7939,-43.7863,16.1527,40.72,In Hand
482550,4.1013,-7.4603,6.7157,-6.4275,-44.4122,6.4580,41.09,In Hand
482600,4.1683,-6.9815,6.1770,14.4733,-39.7863,0.4733,41.09,In Hand
482650,4.2329,-5.9951,6.3398,23.4198,-33.1298,2.9771,40.91,In Hand
482700,3.9049,-6.5170,7.8745,11.8626,-34.8244,1.9389,41.05,In Hand
482750,3.2513,-7.6662,7.2161,5.9542,-44.4733,-18.6718,41.09,In Hand
482800,4.2521,-7.2808,6.7157,17.6183,-40.5344,-22.2748,41.05,In Hand
482850,4.1444,-6.7564,6.5362,23.6641,-30.9924,-12.9618,40.91,In Hand
482900,4.1492,-6.1435,6.8402,18.9618,-21.2366,-2.4885,40.95,In Hand
482950,4.2114,-5.6048,7.1587,-1.4046,-12.6565,7.9695,40.91,In Hand
483000,4.4293,-5.8778,6.9336,-21.0687,-1.4504,12.8702,40.95,In Hand
483050,4.7357,-6.2752,6.9504,-32.7786,13.0382,12.8550,40.67,In Hand
483100,5.0135,-6.7804,6.9791,-35.2061,28.3511,12.7939,40.91,In Hand
483150,4.9033,-8.2145,6.3614,-21.6794,44.2748,4.7481,41.05,In Hand
483200,4.6160,-8.0613,5.6719,15.5420,59.8626,-8.0611,40.95,In Hand
483250,4.3000,-6.7205,6.5553,32.6870,65.8168,-9.6947,40.95,In Hand
483300,3.4907,-5.5282,7.1132,21.1603,52.9160,-7.1603,41.09,In Hand
483350,3.1723,-5.0685,7.3310,-2.4733,29.7252,-3.8168,40.86,In Hand
483400,3.4572,-5.8323,7.1850,-24.2443,6.9466,-1.6794,40.86,In Hand
483450,3.8954,-6.5386,6.8618,-28.5344,-5.1450,-4.2901,40.91,In Hand
483500,4.3120,-7.1563,6.5936,-18.9160,-6.8397,-7.5267,40.77,In Hand
483550,4.3527,-7.4316,6.4691,-1.2366,-0.8092,-11.5573,40.91,In Hand
483600,4.1707,-7.0797,6.7301,12.8092,4.6870,-15.8321,40.91,In Hand
483650,3.8523,-6.5362,7.1443,11.0229,3.5420,-19.0840,40.91,In Hand
483700,4.2617,-6.4596,6.6008,8.8702,5.9847,-11.4351,40.91,In Hand
483750,4.1324,-6.6607,6.5481,9.8931,11.4198,-2.8244,40.86,In Hand
483800,4.0677,-6.5888,6.6822,10.6107,14.2137,1.6489,41.24,In Hand
483850,3.9361,-6.3135,6.8857,3.5420,11.5725,3.5878,40.86,In Hand
483900,3.9193,-6.3446,6.9097,-5.6794,6.4885,5.2061,40.95,In Hand
483950,3.8355,-6.4428,6.9097,-14.4885,-1.0229,4.3969,41.05,In Hand
484000,3.8235,-6.6367,6.9336,-16.5496,-8.8092,2.9160,40.95,In Hand
484050,3.9217,-6.6295,6.9528,-16.0611,-15.7099,4.9160,40.86,In Hand
484100,4.0294,-6.7971,6.9001,-11.7099,-19.1603,8.2290,40.77,In Hand
484150,4.0989,-6.9432,6.9432,-5.9695,-21.4351,8.9924,41.09,In Hand
484200,4.2760,-7.3622,6.7900,3.2977,-20.9924,7.2214,41.09,In Hand
484250,4.4077,-7.0102,6.7732,13.7405,-17.2519,10.3969,41.19,In Hand
484300,4.2808,-6.8331,6.8307,16.3664,-15.0687,16.5496,40.95,In Hand
484350,4.1276,-6.5218,6.8761,13.9084,-16.0916,20.9466,41.19,In Hand
484400,4.1563,-6.5146,6.9743,6.2137,-18.0916,22.9924,41.05,In Hand
484450,4.1779,-6.6774,6.8211,1.3740,-19.0382,23.9695,40.95,In Hand
484500,4.2090,-6.9456,6.4907,3.4351,-16.3664,25.4351,41.09,In Hand
484550,4.0055,-7.0294,6.2345,12.6260,-12.7786,23.6031,40.91,In Hand
484600,3.7230,-6.6631,6.4093,17.9389,-14.1985,22.1679,41.09,In Hand
484650,3.4309,-6.5074,6.5673,16.2443,-20.8550,21.4962,40.95,In Hand
484700,3.4955,-6.1076,6.3422,14.1679,-29.0229,23.0840,40.91,In Hand
484750,3.5458,-6.1100,6.3039,12.6565,-34.7939,28.2595,41.19,In Hand
484800,3.7709,-6.1316,6.7157,8.6870,-40.8855,31.8015,40.95,In Hand
484850,3.6152,-6.5841,6.7684,8.0458,-45.9695,26.5649,40.91,In Hand
484900,3.3998,-7.0797,6.9623,17.4656,-54.2595,16.3969,40.91,In Hand
484950,3.6727,-7.0749,7.1826,28.1069,-61.7557,9.0534,40.91,In Hand
485000,3.7421,-6.8929,6.8115,33.4046,-63.8168,3.3282,40.95,In Hand
485050,3.6296,-5.8634,6.5314,34.3206,-60.8855,3.0687,40.95,In Hand
485100,3.7733,-5.5282,6.4883,25.5725,-53.6947,9.9542,40.86,In Hand
485150,4.0270,-5.9735,6.5434,21.1756,-43.7099,17.0534,40.95,In Hand
485200,4.0558,-5.9209,6.7277,14.5038,-33.8779,8.5649,40.95,In Hand
485250,5.6575,-5.7341,7.0006,5.0992,-16.6412,5.3893,41.09,In Hand
485300,5.6072,-6.1579,7.7213,-5.7099,6.6107,6.8397,41.05,In Hand
485350,5.5115,-5.7150,7.8865,-19.5267,20.3053,-5.3130,40.86,In Hand
485400,5.9017,-5.6527,7.5968,-32.8092,40.8702,-22.5954,41.05,In Hand
485450,5.2720,-5.5186,7.3574,-35.9389,54.6412,-45.6336,40.95,In Hand
485500,6.2393,-5.6575,8.1379,-35.9847,69.6183,-48.8092,41.05,In Hand
485550,5.1523,-5.8969,7.5513,-32.9771,80.7176,-42.9160,40.91,In Hand
485600,4.1970,-5.0589,7.7357,-30.1832,78.0458,-33.7557,40.91,In Hand
485650,4.0749,-6.2848,8.8370,-39.7863,60.5649,-26.8855,40.95,In Hand
485700,4.5203,-5.6264,7.2377,-27.8931,53.7099,-20.2443,40.72,In Hand
485750,4.3766,-5.2433,7.9727,-30.9160,50.9313,-7.1298,40.86,In Hand
485800,4.2282,-5.0374,7.2305,-35.2824,44.8855,10.1679,41.24,In Hand
485850,4.4029,-6.0741,6.8953,-23.8779,41.2061,33.3740,40.91,In Hand
485900,3.7613,-6.9073,7.7117,-10.2748,32.5344,38.3511,41.05,In Hand
485950,2.7557,-8.0086,8.0756,0.0305,5.0076,8.4733,41.38,In Hand
486000,3.0646,-7.2927,8.7077,5.0534,-19.4809,-7.2366,41.19,In Hand
486050,1.6903,-8.1618,8.7747,10.9160,-44.4733,-46.9313,41.05,In Hand
486100,2.2146,-7.3789,8.1475,22.5344,-68.8550,-82.1527,40.95,In Hand
486150,3.6512,-5.3079,7.8578,19.4962,-68.7328,-69.6183,41.05,In Hand
486200,3.1939,-4.6950,7.4508,1.4656,-58.3511,-49.4504,40.91,In Hand
486250,4.2138,-4.0773,6.4620,-11.9695,-36.7634,-11.1603,41.05,In Hand
486300,3.8307,-4.7980,6.2489,-22.4886,-14.1832,19.0840,41.24,In Hand
486350,6.1172,-5.8323,5.5450,-11.3588,16.6870,36.3359,41.05,In Hand
486400,7.5154,-7.0318,7.1802,12.3053,62.8550,63.5573,41.05,In Hand
486450,4.7932,-9.2249,8.5976,39.8779,78.7634,30.6107,41.09,In Hand
486500,5.5354,-6.6295,8.2648,29.0992,72.3969,-2.8092,41.09,In Hand
486550,3.4812,-6.6726,9.2608,15.3588,67.0382,-21.7099,40.91,In Hand
486600,2.2625,-6.0430,8.0158,14.6260,32.5344,-57.4198,40.95,In Hand
486650,4.0558,-4.4173,7.3885,11.5725,19.4046,-37.2977,40.91,In Hand
486700,4.5490,-4.7142,8.1092,-2.6412,16.7328,6.4275,40.95,In Hand
486750,4.0941,-5.0518,7.1371,-10.4733,17.0229,36.6412,41.24,In Hand
486800,3.9624,-5.7221,7.1443,-8.9771,25.6489,42.5191,41.05,In Hand
486850,3.8714,-6.0310,6.8666,-2.3206,35.6183,37.2977,40.95,In Hand
486900,3.0598,-6.6080,7.0461,12.0916,40.1985,22.3511,40.95,In Hand
486950,2.6719,-5.9592,7.3957,27.0534,36.4733,13.8321,40.95,In Hand
487000,2.1117,-7.5130,8.8346,37.0992,27.2519,-0.1679,41.19,In Hand
487050,1.4245,-6.9480,8.8107,46.8397,2.7176,-30.2443,41.24,In Hand
487100,1.3719,-4.6687,8.1427,58.4427,-10.9771,-23.9542,40.91,In Hand
487150,1.0127,-3.4357,8.4228,42.4427,-24.3053,-0.3511,41.05,In Hand
487200,1.7502,-2.4469,7.4795,18.0916,-37.4809,13.0382,41.19,In Hand
487250,5.2026,-3.2130,7.4531,-3.1450,-23.5878,50.9924,41.19,In Hand
487300,3.7469,-5.1404,9.5217,-28.5954,-10.1679,59.1298,41.19,In Hand
487350,2.6767,-6.6008,9.8306,-65.8626,-19.6336,32.5802,40.86,In Hand
487400,1.6424,-7.0797,8.7269,-73.0992,-37.1298,-12.4885,41.19,In Hand
487450,2.2266,-7.4316,7.6112,-60.4885,-50.2443,-40.1527,41.05,In Hand
487500,3.1795,-6.5984,7.7357,-31.2672,-57.5267,-34.5038,40.72,In Hand
487550,4.1587,-4.8985,7.7117,-24.6412,-55.0382,-1.7710,41.19,In Hand
487600,4.1204,-5.4803,7.4148,-20.6718,-44.9771,31.1908,41.09,In Hand
487650,4.0773,-6.5122,7.1706,-1.8168,-33.0534,40.7634,41.05,In Hand
487700,3.8810,-6.7756,7.1084,20.3664,-18.8092,31.8626,41.09,In Hand
487750,3.8762,-6.3566,6.7469,40.3969,-5.5573,14.9924,40.77,In Hand
487800,4.1300,-6.2465,6.7971,56.3969,10.9924,1.5725,41.09,In Hand
487850,4.7046,-5.2577,7.6471,65.3740,25.1603,2.4275,40.91,In Hand
487900,4.9105,-4.6591,9.1889,48.4733,27.9542,16.6870,40.86,In Hand
487950,5.6216,-4.9632,8.9064,11.1145,16.0000,38.3511,41.05,In Hand
488000,4.9584,-6.1435,8.0445,-6.8550,15.4809,48.0000,40.91,In Hand
488050,2.8491,-6.9336,9.6630,-34.8397,-3.0229,28.0305,41.09,In Hand
488100,1.8483,-5.8945,8.3270,-50.0763,-34.2443,5.9695,40.91,In Hand
488150,3.1651,-4.2138,5.9568,-48.7939,-41.0840,15.1603,40.91,In Hand
488200,3.7948,-3.3519,5.6120,-40.5344,-31.3588,57.6489,41.09,In Hand
488250,2.7988,-5.0518,5.9735,-30.6412,-24.5802,76.9008,40.86,In Hand
488300,3.9911,-7.7237,5.9664,3.2672,-14.5191,55.1756,40.86,In Hand
488350,3.0837,-6.6966,5.9616,32.2137,8.0458,11.8321,41.24,In Hand
488400,1.6305,-5.9376,7.0916,45.4351,3.0382,-40.4733,40.91,In Hand
488450,2.0734,-3.7206,6.8211,37.1450,-11.4504,-10.4885,41.19,In Hand
488500,1.1492,-4.4987,8.2337,34.8550,-44.8550,-1.5573,40.91,In Hand
488550,2.3320,-4.7501,7.3143,15.8015,-70.6870,4.9466,41.05,In Hand
488600,3.1723,-5.5641,8.2073,4.9924,-70.6260,-9.6947,40.95,In Hand
488650,3.4524,-7.0773,6.8977,-13.9542,-64.1985,-20.5802,40.95,In Hand
488700,6.7660,-5.9592,7.6471,-15.8626,-44.1527,-9.9847,40.77,In Hand
488750,6.8905,-6.5673,7.9368,-12.9160,3.0382,16.6412,41.05,In Hand
488800,3.8954,-8.0182,9.7659,-20.1221,11.4504,-9.8626,40.91,In Hand
488850,4.5849,-6.8043,9.0788,-23.9237,16.3817,-27.8931,41.05,In Hand
488900,4.3503,-5.8514,8.3821,-29.7557,19.2214,-31.9542,40.77,In Hand
488950,5.7796,-5.5617,7.4627,-22.5649,33.0687,-3.3130,40.91,In Hand
489000,4.5753,-5.6719,6.8378,-11.7557,46.4733,18.5954,40.95,In Hand
489050,4.8914,-4.8914,4.9584,5.1908,58.7634,30.0153,41.05,In Hand
489100,6.2082,-5.6024,4.6184,30.9924,92.4885,47.4046,41.19,In Hand
489150,5.1284,-6.4332,7.7692,45.1908,112.0611,42.9313,41.05,In Hand
489200,2.6671,-6.5936,9.6702,18.4733,87.9695,12.7634,40.77,In Hand
489250,0.7446,-6.5027,9.4427,-9.4962,29.8168,-40.3511,40.86,In Hand
489300,2.8132,-3.7661,9.4355,-32.0611,-14.9466,-33.7710,40.95,In Hand
489350,2.3320,-6.1004,9.0860,-47.1450,-52.3969,-7.3130,41.09,In Hand
489400,5.2816,-6.7373,10.3884,-48.3969,-79.0992,7.6641,40.95,In Hand
489450,4.5442,-8.0397,9.3230,-63.1450,-90.6565,16.1527,41.09,In Hand
489500,0.9792,-8.6407,6.7828,-27.1450,-114.3664,-30.7481,41.05,In Hand
489550,0.4956,-8.0445,5.2864,23.6336,-145.2366,-61.9389,40.91,In Hand
489600,5.1667,-4.1444,5.2050,59.8931,-135.4504,-21.8473,41.05,In Hand
489650,5.6072,-4.2617,6.3087,40.7634,-94.4733,45.0840,40.86,In Hand
489700,5.1906,-5.3726,4.8171,39.3282,-67.8473,59.1298,40.86,In Hand
489750,4.9991,-5.4779,4.9991,39.2214,-29.4504,75.6641,40.91,In Hand
489800,4.3670,-6.4212,5.8347,44.3206,-10.3053,53.1756,41.05,In Hand
489850,4.7836,-5.9376,6.2944,38.3511,6.7939,28.3206,40.91,In Hand
489900,3.9840,-6.0908,6.3829,31.3588,14.7634,5.5267,40.77,In Hand
489950,3.6416,-6.9073,6.5673,29.2672,13.6489,-22.9924,40.77,In Hand
490000,3.9887,-6.8498,7.3837,23.3893,8.2443,-46.4733,40.86,In Hand
490050,2.8132,-6.1770,8.4898,10.5496,-8.6107,-60.3359,41.19,In Hand
490100,3.5291,-5.3151,7.8602,-5.0229,-24.7176,-52.3053,40.95,In Hand
490150,4.9464,-6.1124,7.7716,-14.0458,-24.4580,-32.3053,40.95,In Hand
490200,8.3366,-6.2106,9.7276,-27.5725,1.2977,17.5878,41.24,In Hand
490250,5.9711,-6.7876,8.4372,-51.0076,24.9008,38.1221,41.09,In Hand
490300,4.3742,-7.2209,5.9424,-34.1527,41.5725,17.6489,40.77,In Hand
490350,5.1978,-7.3454,6.0573,-1.4351,62.0763,-14.0916,40.95,In Hand
490400,7.2903,-6.5146,6.8953,10.6565,96.2595,-18.5954,40.95,In Hand
490450,6.2537,-5.1595,7.8841,-11.2214,118.5191,-7.9847,41.09,In Hand
490500,4.7333,-4.9895,7.2065,-29.1145,115.5878,-0.4122,40.95,In Hand
490550,4.0797,-5.2720,6.9911,-42.3053,103.3588,10.8702,40.95,In Hand
490600,3.7397,-5.5115,7.1778,-47.2366,82.0305,17.1603,40.72,In Hand
490650,3.9289,-5.6838,6.6295,-36.8397,62.6260,30.5038,40.86,In Hand
490700,3.3567,-6.5601,6.6535,-15.3282,44.6107,35.0229,40.95,In Hand
490750,3.2753,-6.5793,7.6279,3.1145,15.4351,27.6641,40.91,In Hand
490800,3.2394,-6.4189,7.0725,22.9618,-7.6489,25.0534,40.91,In Hand
490850,2.9999,-6.1986,7.2161,31.1603,-29.4809,8.5191,40.95,In Hand
490900,2.6935,-6.3398,7.0366,30.3359,-49.7710,-15.1450,41.05,In Hand
490950,4.6639,-6.9671,8.3797,25.9695,-67.3893,-35.3588,40.86,In Hand
491000,5.3199,-6.4260,9.2799,-6.8855,-78.2443,-32.9771,40.77,In Hand
491050,3.9552,-6.8474,9.0716,-38.3664,-96.5343,-59.3435,41.05,In Hand
491100,2.1691,-7.1515,7.8243,-62.2595,-122.8244,-106.4275,40.95,In Hand
491150,2.2553,-6.7301,6.1459,-47.6031,-139.3588,-141.7405,40.95,In Hand
491200,5.3439,-5.1427,5.1116,-26.6718,-122.0611,-108.2901,40.95,In Hand
491250,7.2401,-4.1755,5.8227,-19.7710,-77.3130,-32.3053,40.91,In Hand
491300,7.1682,-4.2521,6.5936,-11.6641,-29.4504,30.3817,40.77,In Hand
491350,6.0166,-5.5115,5.2577,-15.4198,11.8473,72.2595,40.91,In Hand
491400,4.7022,-6.7852,5.2337,-10.6718,43.1603,53.5115,40.95,In Hand
491450,5.1427,-5.5689,5.0159,-0.5191,69.2977,24.8855,41.19,In Hand
491500,4.3455,-4.8914,6.3015,-3.3435,89.3893,27.6336,41.19,In Hand
491550,4.5777,-4.9584,7.6806,-17.9389,88.4580,37.4351,41.09,In Hand
491600,3.9552,-6.6272,7.8027,-27.8931,77.9084,32.6870,41.09,In Hand
491650,3.6703,-8.2983,7.1754,-5.2214,69.4504,-0.7939,40.91,In Hand
491700,3.6607,-7.2688,6.9192,26.6565,67.4657,-29.5420,40.95,In Hand
491750,3.3519,-6.7014,7.5537,44.2443,60.7634,-49.2977,40.72,In Hand
491800,6.4931,-7.8817,9.9120,53.8168,56.4275,-42.1985,41.05,In Hand
491850,5.1643,-6.6774,8.3414,50.2137,65.2977,-23.9084,40.95,In Hand
491900,5.1643,-5.3079,8.6095,45.0687,72.8855,-32.0305,40.91,In Hand
491950,5.1643,-2.5809,8.6670,-3.4504,81.3893,-26.0763,40.86,In Hand
492000,4.2114,-2.9760,5.4324,-41.2214,91.5115,-15.4809,41.19,In Hand
492050,4.5370,-3.7900,6.6080,-55.8168,101.3282,-8.8702,40.91,In Hand
492100,4.0199,-5.8203,7.8602,-58.7176,99.3130,-21.8015,41.09,In Hand
492150,4.3287,-6.2393,9.7731,-64.6412,78.9313,-43.3893,40.86,In Hand
492200,3.5123,-5.4348,8.3127,-66.9924,60.9313,-53.6336,41.05,In Hand
492250,3.7852,-6.9360,8.2361,-45.3130,46.1069,-56.7939,40.95,In Hand
492300,2.9137,-7.4005,7.6207,-1.8473,32.3359,-71.5573,40.91,In Hand
492350,2.8563,-6.5745,8.1499,30.2748,12.4580,-84.7786,40.91,In Hand
492400,2.5809,-6.4955,8.4851,44.1985,-15.7863,-97.7863,40.91,In Hand
492450,3.7038,-5.0446,8.7795,40.5191,-38.4427,-85.5115,41.09,In Hand
492500,3.7589,-4.6974,8.9088,17.4504,-51.2366,-61.4046,40.95,In Hand
492550,4.0654,-4.1276,8.1954,-7.7710,-52.7786,-30.7023,40.95,In Hand
492600,4.7716,-4.6040,8.1020,-29.9847,-40.6565,1.6641,41.09,In Hand
492650,4.6160,-5.7126,8.2432,-45.4656,-23.2519,13.5573,40.91,In Hand
492700,4.1276,-6.9935,7.8338,-51.7710,-12.2748,10.6260,40.95,In Hand
492750,3.5985,-7.1826,7.6471,-42.6718,-11.6947,-14.4427,40.95,In Hand
492800,4.5610,-6.0932,7.1754,-37.2366,-2.7939,-30.0153,40.91,In Hand
492850,5.0542,-5.5354,6.5410,-32.8855,18.1832,-18.4733,41.24,In Hand
492900,4.8554,-5.5641,6.5170,-26.8702,42.5038,4.7328,40.91,In Hand
492950,4.6232,-6.2321,6.6104,-4.1985,50.4275,35.2061,41.19,In Hand
493000,4.8722,-6.5194,6.5434,32.2748,61.8168,59.4962,40.95,In Hand
493050,4.4484,-6.9719,7.5896,52.6870,63.5725,49.9237,40.95,In Hand
493100,3.3567,-6.3087,7.1563,55.5115,53.7405,12.9160,40.91,In Hand
493150,2.4660,-6.2608,7.8673,42.5344,32.1374,-35.5420,41.19,In Hand
493200,3.0670,-4.3838,8.1786,13.2977,6.0611,-66.6718,40.91,In Hand
493250,3.6966,-3.9073,6.6846,-18.4886,1.9542,-54.1679,41.24,In Hand
493300,4.3359,-5.0230,6.1316,-24.8397,17.3282,-41.4962,41.09,In Hand
493350,3.6105,-5.3534,7.3909,-38.7328,24.3359,-54.8092,41.05,In Hand
493400,3.5506,-5.5091,7.3430,-52.5802,24.2748,-78.5038,41.05,In Hand
493450,3.7828,-5.5929,7.4388,-51.8626,27.7863,-84.8244,40.77,In Hand
493500,4.2425,-6.2608,7.8793,-50.0305,26.4886,-83.0382,40.95,In Hand
493550,4.4484,-6.4069,7.8123,-40.2748,26.6260,-69.7863,41.09,In Hand
493600,4.8076,-6.0885,7.5729,-27.6794,29.9695,-53.3130,40.77,In Hand
493650,5.4372,-6.3877,7.3358,-17.8321,39.8779,-41.8321,41.05,In Hand
493700,5.4420,-6.4739,7.1012,-8.3511,55.6794,-40.5191,40.86,In Hand
493750,4.8866,-6.1818,7.3765,-1.9389,63.8931,-43.3893,41.05,In Hand
493800,4.0366,-5.3439,7.4460,-3.9389,58.6565,-38.5954,40.77,In Hand
493850,3.7781,-4.7285,7.3502,-5.9389,44.9160,-29.4656,40.91,In Hand
493900,4.0103,-4.5514,7.5034,-14.3817,30.1527,-18.6565,41.05,In Hand
493950,3.7469,-5.0542,8.0685,-23.2977,15.8015,-22.0000,41.09,In Hand
494000,3.5865,-4.7884,8.4563,-36.3206,-5.0534,-32.9771,40.95,In Hand
494050,3.9433,-5.1882,8.3222,-44.4275,-19.3588,-40.9466,40.95,In Hand
494100,4.5633,-5.4731,8.0637,-40.9618,-23.3282,-46.5954,41.38,In Hand
494150,4.9057,-5.9807,7.5944,-24.3817,-15.3893,-47.2672,40.77,In Hand
494200,4.8818,-5.6216,8.0996,-8.1679,-7.4656,-43.3740,40.77,In Hand
494250,5.0973,-5.3367,8.4898,-7.5878,-6.4427,-27.7099,40.95,In Hand
494300,4.6328,-5.4995,7.7285,-0.2443,-6.5649,-19.8015,40.91,In Hand
494350,5.2050,-5.1691,7.8721,4.7634,-1.7557,-9.0534,41.09,In Hand
494400,5.1116,-5.3127,7.5968,4.8092,4.4580,-0.2901,41.09,In Hand
494450,5.2792,-5.3486,7.1970,12.7023,11.5267,6.3359,40.95,In Hand
494500,5.1044,-4.9464,7.6614,-1.8931,13.0382,14.4733,40.91,In Hand
494550,5.3630,-5.2122,7.8697,-5.9389,17.8779,20.6718,40.95,In Hand
494600,5.1834,-5.3008,8.0900,-12.7481,20.1069,23.1908,40.95,In Hand
494650,4.6543,-6.4811,7.6998,-5.3435,16.9466,17.8626,40.91,In Hand
494700,4.9584,-5.3391,8.2001,6.2137,9.5115,31.0382,40.95,In Hand
494750,4.1444,-5.7150,7.8578,4.5191,-5.1450,39.6336,40.91,In Hand
494800,4.1468,-5.9807,7.3430,7.6794,-13.6641,25.3130,40.72,In Hand
494850,4.4101,-6.3231,7.2640,8.2595,-13.6489,-2.0458,40.91,In Hand
494900,5.1140,-5.4755,7.2640,8.5191,-5.6031,-16.6260,40.95,In Hand
494950,5.1332,-4.9680,6.9743,-5.0229,4.2901,-5.1908,40.95,In Hand
495000,4.4843,-5.4516,7.0629,0.1527,13.2824,0.7023,40.91,In Hand
495050,4.5442,-5.0518,7.3502,-0.0916,12.7786,9.0076,40.91,In Hand
495100,4.4197,-5.3510,7.3358,-5.1298,11.0534,19.3588,40.72,In Hand
495150,4.3191,-5.4540,7.2808,-3.7710,6.4122,17.4351,40.91,In Hand
495200,3.9863,-5.8012,7.6495,-5.7099,-2.7023,8.0153,41.05,In Hand
495250,3.6871,-5.8993,7.5513,-9.4046,-18.5496,-9.2214,40.91,In Hand
495300,3.9313,-6.0262,7.6399,-13.3435,-30.8092,-19.5878,41.19,In Hand
495350,4.1396,-5.9999,7.2951,-10.3206,-36.7634,-23.5114,40.95,In Hand
495400,5.0805,-5.3654,7.2568,-9.0382,-30.6565,-4.5344,41.09,In Hand
495450,4.6783,-5.7892,6.9863,-4.4580,-21.0229,12.5191,40.91,In Hand
495500,4.5753,-5.9783,6.9959,3.9084,-12.0763,17.3740,40.77,In Hand
495550,4.4987,-6.2106,7.1922,7.9847,-10.5954,12.2137,40.95,In Hand
495600,4.4939,-5.2864,7.2496,-0.7939,-11.3893,10.3206,41.09,In Hand
495650,4.7980,-5.8466,7.2903,-4.7786,-7.9542,8.5344,40.86,In Hand
495700,4.7692,-6.0262,7.5130,-7.5725,-4.9618,1.3435,41.19,In Hand
495750,4.8937,-6.1339,7.3789,-8.0458,-2.1374,-3.8015,40.91,In Hand
495800,4.9057,-5.9065,7.0318,-0.6412,5.2061,5.2519,40.77,In Hand
495850,4.6663,-5.8179,6.9863,5.7863,9.4198,13.0687,40.95,In Hand
495900,4.6184,-5.8251,7.0940,10.2137,10.9160,11.6641,40.95,In Hand
495950,4.4388,-5.4157,7.5034,5.2519,7.2672,6.2443,40.95,In Hand
496000,4.5801,-5.7389,7.8937,-9.1298,-0.3817,-3.4504,40.91,In Hand
496050,4.8698,-6.3805,7.0605,-2.5191,2.8092,-10.2595,41.24,In Hand
496100,5.0182,-6.0765,7.1227,4.7634,8.3664,-12.1069,41.05,In Hand
496150,4.8243,-5.8466,6.9839,6.8092,12.5038,-7.5267,41.09,In Hand
496200,4.6112,-5.4444,7.0485,1.8015,11.8321,-3.6641,41.05,In Hand
496250,4.1372,-5.2936,7.0605,-5.9695,6.0458,-4.1832,41.19,In Hand
496300,4.1204,-5.3271,7.4699,-17.7405,-5.1756,-4.0916,40.91,In Hand
496350,4.4173,-5.8347,7.6207,-27.2214,-14.1985,-4.7786,40.95,In Hand
496400,4.9177,-6.2513,7.3694,-26.0763,-14.2748,-5.3282,41.24,In Hand
496450,5.1164,-6.8594,6.9767,-11.9542,-5.2977,-8.9924,40.91,In Hand
496500,5.0135,-6.6846,7.1587,3.5725,4.7481,-15.9237,41.19,In Hand
496550,4.5969,-5.8778,6.8953,9.2672,10.3664,-15.7710,40.95,In Hand
496600,4.1420,-4.5873,7.1227,2.1221,6.2901,-6.5802,40.95,In Hand
496650,4.5011,-4.1563,6.7301,-14.0763,3.6031,17.4198,41.19,In Hand
496700,4.4556,-6.1196,7.2089,-13.4962,6.8092,23.6489,40.86,In Hand
496750,4.6400,-6.3518,7.2640,-11.6794,9.5420,11.9542,41.19,In Hand
496800,4.6926,-6.2393,7.4531,-2.9160,8.2748,-0.8092,40.91,In Hand
496850,4.7142,-6.3255,7.4891,4.3206,5.3130,-3.5725,40.91,In Hand
496900,4.8818,-6.4572,7.1946,18.7939,6.3664,-6.5649,40.91,In Hand
496950,4.7094,-5.9113,7.1754,25.3282,7.9847,-6.6260,41.05,In Hand
497000,4.5777,-5.4396,7.2999,20.9160,6.2137,-2.1221,41.09,In Hand
497050,4.6184,-5.1691,7.2161,10.8550,2.5954,2.7023,40.95,In Hand
497100,4.5179,-5.2696,7.2712,-1.4962,1.2519,6.3511,40.86,In Hand
497150,4.6926,-5.6168,7.5417,-10.7176,-0.5344,3.7863,41.38,In Hand
497200,4.7309,-6.0071,7.2975,-12.5649,0.9924,-1.7710,41.09,In Hand
497250,4.7645,-6.0406,7.4172,-7.1145,3.5878,-5.2061,40.91,In Hand
497300,4.5011,-5.9927,7.2736,-0.3969,3.8626,-3.6336,41.09,In Hand
497350,4.3359,-5.6790,7.4603,4.1374,-0.0305,-0.2290,40.95,In Hand
497400,4.2449,-5.3702,7.6830,1.3588,-7.7099,4.5496,40.95,In Hand
497450,4.3694,-5.4995,7.5681,-4.5496,-13.5115,8.9313,40.95,In Hand
497500,4.5298,-5.9520,7.7165,-5.4962,-15.2061,7.7557,41.28,In Hand
497550,4.7908,-6.2776,7.3454,-3.0687,-9.8473,-1.2672,41.09,In Hand
497600,4.9177,-5.7844,7.2927,3.7252,-0.4427,-6.2443,40.86,In Hand
497650,4.4939,-5.5234,7.4484,2.7176,4.1527,-5.0382,40.91,In Hand
497700,4.1611,-5.4013,7.6040,-3.1603,0.3511,-4.3664,40.95,In Hand
497750,4.2952,-5.4708,7.4436,-9.0229,-2.6718,-5.0229,40.91,In Hand
497800,4.4580,-5.5067,7.5058,-13.3588,-2.5191,-6.1985,41.19,In Hand
497850,4.7214,-5.5067,7.4172,-14.1374,2.6107,-5.1145,41.05,In Hand
497900,4.8195,-5.6527,7.4484,-13.4962,10.4580,-3.8779,40.91,In Hand
497950,4.6543,-5.9424,7.2784,-8.0763,18.2137,-9.1756,41.09,In Hand
498000,4.6088,-5.9185,7.4531,0.3969,22.3053,-18.4122,40.77,In Hand
498050,4.4197,-5.5976,7.4555,2.2595,21.7557,-20.5344,40.91,In Hand
498100,4.2665,-5.2984,7.0797,3.4809,20.4427,-21.0534,41.05,In Hand
498150,4.4125,-5.0781,7.2257,0.8092,19.6031,-19.2214,40.77,In Hand
498200,4.3790,-4.9775,8.2791,-12.5038,15.4351,-17.6031,40.86,In Hand
498250,4.5897,-5.6599,8.6024,-26.7328,6.7176,-22.6870,40.95,In Hand
498300,4.6974,-6.0645,7.9033,-22.9313,9.7405,-24.9466,41.09,In Hand
498350,4.1276,-6.3159,8.4467,-7.1603,13.2519,-34.2748,41.19,In Hand
498400,4.5945,-5.5713,8.6263,-0.1221,15.7557,-26.8702,41.19,In Hand
498450,4.4772,-5.3630,8.1139,16.4122,26.9160,-3.1298,41.05,In Hand
498500,4.7166,-5.8873,9.4954,34.3664,38.3206,19.4656,41.09,In Hand
498550,3.3255,-5.1930,9.5600,48.9008,43.6794,26.9771,41.05,In Hand
498600,3.2130,-6.2824,9.1937,80.6412,49.8168,37.8626,40.86,In Hand
498650,3.5674,-4.1037,9.8354,76.8397,62.6565,47.8168,41.05,In Hand
498700,2.7773,-3.1173,9.7157,69.1908,67.5420,44.7939,41.09,In Hand
498750,2.7916,-2.6408,9.7157,49.1145,71.0229,34.3817,40.77,In Hand
498800,0.9744,-1.9728,10.4986,21.4504,65.6794,11.0687,40.86,In Hand
498850,1.1540,-1.3599,9.9240,-9.3435,52.0153,-0.7786,41.05,In Hand
498900,0.7350,-2.2122,9.9551,-23.5420,39.7710,-10.9313,41.09,In Hand
498950,0.6728,-2.8683,10.2232,-2.1221,25.8168,-27.7863,40.86,In Hand
499000,0.4621,-2.4014,10.6590,33.5115,14.0763,-32.7634,40.67,In Hand
499050,0.5914,-2.0830,11.1235,63.2824,6.6565,-23.5725,40.91,In Hand
499100,0.7446,-1.6903,11.1378,74.1832,12.0611,-25.3588,41.05,In Hand
499150,0.4525,-0.3424,11.4682,85.8168,19.8015,-14.5802,41.24,In Hand
499200,0.8308,-0.3017,12.0835,92.3359,28.5649,-17.7863,40.91,In Hand
499250,0.9481,-0.5435,8.6191,107.1908,39.8015,-27.9542,40.95,In Hand
499300,-0.4812,1.8004,11.2671,114.3053,28.9313,-32.3053,41.09,In Hand
499350,-0.4932,2.9257,9.8090,120.8855,26.3664,-27.7710,40.95,In Hand
499400,-0.3950,3.1316,9.0357,114.1221,31.6183,-31.8321,41.09,In Hand
499450,-0.9385,4.5035,8.2935,108.8244,21.8779,-41.6183,41.09,In Hand
499500,-1.4509,4.8291,7.3526,93.2672,0.0763,-41.8626,40.72,In Hand
499550,-1.9561,5.5498,6.8642,72.7328,-16.3969,-43.8779,41.24,In Hand
499600,-1.8890,6.6128,6.3494,35.6183,-23.9389,-39.7405,41.05,In Hand
499650,-2.5881,6.9432,9.0573,-1.0840,-8.3206,-31.2519,41.24,In Hand
499700,-2.3056,6.5362,8.1618,17.0382,11.8626,-32.1069,40.77,In Hand
499750,-2.0590,6.4596,7.8458,78.7634,-22.4122,-18.8092,40.91,In Hand
499800,-1.7597,7.6279,6.5505,19.2214,-25.5573,-51.4962,40.95,In Hand
499850,-2.8706,5.9616,7.6183,-15.3435,36.3053,-79.7557,41.28,In Hand
499900,-3.9097,6.2465,7.1874,11.8321,14.3053,-55.3435,41.24,In Hand
499950,-4.1324,6.3638,8.9974,26.0763,2.8397,-27.1298,41.05,In Hand
500000,-4.1013,5.8227,8.3414,39.7863,-7.5573,-9.4351,41.09,In Hand
500050,-4.0031,5.5641,7.9176,57.1908,-19.0076,-1.8626,41.28,In Hand
500100,-3.8307,7.0509,8.5976,71.6947,-24.1985,10.1069,40.72,In Hand
500150,-2.7940,6.9216,6.6295,74.7481,-29.1450,42.3359,40.95,In Hand
500200,-2.5019,6.2393,6.5625,84.2137,-27.5114,40.1679,40.72,In Hand
500250,-1.8292,7.0868,5.6934,73.5420,-40.3053,21.6489,41.24,In Hand
500300,-1.7238,6.9887,5.1523,78.3664,-41.5115,17.1603,41.05,In Hand
500350,-1.7813,8.7436,4.3742,71.6641,-42.8397,13.6031,41.19,In Hand
500400,-1.5730,8.7197,4.2066,48.6718,-33.6641,18.1069,41.05,In Hand
500450,-1.8507,8.7747,4.1707,42.2901,-27.1908,11.3588,41.09,In Hand
500500,-1.5538,8.9136,3.5338,34.9466,-24.0000,2.5649,41.05,In Hand
500550,-1.9345,9.5098,3.0837,27.0992,-19.8321,-1.2214,41.19,In Hand
500600,-1.4245,9.6103,2.7701,22.4122,-10.8702,3.5115,41.24,In Hand
500650,-2.4708,9.6151,2.0710,16.1985,8.6107,1.8015,40.86,In Hand
500700,-2.4469,11.4491,2.7318,5.5878,27.6336,14.4885,41.19,In Hand
500750,-3.5362,10.2999,2.3056,-15.8931,46.8244,29.4809,41.09,In Hand
500800,-2.6121,10.4651,3.0478,-6.9008,44.3511,39.3893,40.77,In Hand
500850,-1.0630,11.4539,2.1308,-36.8092,56.3206,54.7023,41.19,In Hand
500900,0.0168,9.5960,3.2681,-36.3359,60.0458,44.5191,40.95,In Hand
500950,-0.3017,9.7348,4.4341,-35.1756,49.5267,38.5191,40.95,In Hand
501000,1.1827,9.9575,2.9353,-39.9542,47.4351,42.7786,41.28,In Hand
501050,1.5179,9.3948,3.0885,-53.8931,61.4046,57.6947,40.95,In Hand
501100,1.2282,8.1786,4.1611,-50.6107,56.0305,63.3435,41.09,In Hand
501150,1.6544,7.7452,4.4796,-52.8702,43.2214,53.6641,40.86,In Hand
501200,1.6735,8.1977,5.2457,-59.3588,23.8015,56.0611,41.24,In Hand
501250,2.8108,6.1794,5.4205,-58.7023,18.8702,48.2748,40.91,In Hand
501300,2.3320,7.0006,6.1268,-46.9008,41.8626,10.9313,40.72,In Hand
501350,2.0806,7.0820,5.9280,-40.6565,42.3206,2.1069,40.95,In Hand
501400,1.2474,7.0030,6.6535,-32.7481,44.1832,3.2519,41.24,In Hand
501450,1.3958,7.3382,6.8450,-28.2901,46.6718,1.2366,41.09,In Hand
501500,1.0798,7.7668,6.6798,-28.5038,55.1756,1.5725,40.86,In Hand
501550,0.4094,7.9607,7.4053,-20.9008,48.3206,5.6336,40.86,In Hand
501600,0.5746,7.9583,7.9631,-1.4504,49.0229,10.7634,41.05,In Hand
501650,-0.4501,7.4364,8.7436,4.2748,42.0916,-4.6870,41.09,In Hand
501700,0.1987,8.0948,7.9392,-4.2137,40.7786,-10.2290,41.09,In Hand
501750,-0.8930,7.4843,8.0182,-14.4122,46.7634,4.7939,41.05,In Hand
501800,-1.2426,6.9743,7.4603,-19.5420,53.8626,-7.3893,41.05,In Hand
501850,-1.7933,6.6104,7.4675,-19.6947,60.9160,12.3206,41.09,In Hand
501900,-2.1428,4.7597,8.0278,-11.5115,51.5267,9.8473,41.28,In Hand
501950,-1.9752,5.1164,8.4491,-8.2137,45.4809,-1.8626,40.77,In Hand
502000,-1.8651,6.6631,7.6519,-15.4046,32.9466,11.2519,41.19,In Hand
502050,-1.7406,7.5250,6.6559,-33.0840,30.3817,14.0611,40.86,In Hand
502100,-2.7078,6.3638,7.6303,-37.7863,35.0229,9.4046,41.28,In Hand
502150,-2.9353,6.0813,7.8578,-26.0458,30.3053,0.7634,41.28,In Hand
502200,-2.6240,6.1603,7.8913,-17.8931,24.7328,1.3130,41.05,In Hand
502250,-2.5043,6.5027,7.8195,-6.2137,16.7328,1.6794,40.95,In Hand
502300,-2.6983,7.4843,7.8697,-0.8397,11.8168,-5.2519,40.77,In Hand
502350,-2.7342,7.3191,7.7979,2.4580,5.4809,-6.4427,41.05,In Hand
502400,-2.7773,6.7852,8.1547,14.3359,3.4198,-12.2290,41.09,In Hand
502450,-2.7390,6.1435,8.2648,28.3664,-4.7634,-23.0534,41.09,In Hand
502500,-1.9728,6.2249,8.3199,34.5954,-4.1985,-22.0305,41.19,In Hand
502550,-2.5809,6.1459,8.1235,40.0763,-7.8779,-23.4962,40.95,In Hand
502600,-2.0782,6.2010,6.7493,40.5344,-4.5038,-24.0458,41.19,In Hand
502650,-2.4995,6.3111,6.1052,29.6794,12.1221,-4.8397,40.95,In Hand
502700,-2.1835,6.7900,6.2393,10.9771,19.5267,10.1069,40.95,In Hand
502750,-2.9090,7.0078,6.9983,1.4198,13.0229,27.0229,40.95,In Hand
502800,-2.5762,6.9168,6.4380,0.7328,3.8321,9.2366,40.95,In Hand
502850,-3.1963,7.7907,5.7341,-3.2519,1.7710,-0.0916,40.86,In Hand
502900,-2.8132,7.4986,5.4492,-11.3282,0.7786,18.9618,41.05,In Hand
502950,-2.7557,7.3382,5.8012,-11.4351,7.2214,17.2977,41.05,In Hand
503000,-3.2968,8.0972,6.9312,-14.9618,10.3359,5.8321,41.19,In Hand
503050,-2.6528,7.6806,7.2520,-17.5725,6.0611,1.8321,40.91,In Hand
503100,-1.9417,7.7093,6.9528,-20.4580,13.5420,9.2366,40.72,In Hand
503150,-2.8443,7.0102,6.6463,-20.0458,5.5267,14.6260,40.91,In Hand
503200,-3.0837,5.1284,7.0629,-8.9924,-21.0687,0.8702,40.86,In Hand
503250,-3.9217,4.6807,7.0629,-3.7863,-52.0153,-28.5802,40.86,In Hand
503300,-3.0981,5.0661,6.7660,-7.2977,-87.8931,-41.9237,40.91,In Hand
503350,-2.5331,3.6464,7.0318,-12.8092,-106.7481,-53.0687,41.19,In Hand
503400,-2.0518,4.1731,7.4484,-8.1069,-136.1221,-93.3435,41.05,In Hand
503450,-0.4956,6.3111,8.2744,-0.0611,-153.4962,-80.2137,41.28,In Hand
503500,0.4334,7.1443,9.5912,4.5496,-165.4046,-57.3130,40.91,In Hand
503550,0.8116,6.8091,8.0062,7.5878,-158.6565,-69.6947,40.95,In Hand
503600,1.3024,7.4747,8.2744,22.2595,-143.8473,-80.6260,40.95,In Hand
503650,1.3096,8.1523,7.8386,17.0840,-134.8550,-92.4427,40.95,In Hand
503700,0.5794,8.7556,8.0589,26.0916,-118.3664,-94.5038,40.86,In Hand
503750,1.6783,9.0884,7.9272,39.9847,-108.1832,-74.3664,40.72,In Hand
503800,-0.2873,8.1810,6.8235,71.8473,-107.0534,-52.5954,41.09,In Hand
503850,2.5259,8.5952,6.7205,59.7557,-111.5573,-37.9084,40.95,In Hand
503900,2.4684,9.0094,5.1236,58.3817,-103.5878,-36.2901,40.86,In Hand
503950,3.4979,8.8921,4.7333,61.8931,-104.7328,-38.6107,41.38,In Hand
504000,2.9425,8.9328,3.5338,76.2137,-93.6489,-44.7786,40.95,In Hand
504050,2.4612,8.8442,2.7725,77.6641,-94.6260,-49.2214,41.19,In Hand
504100,1.4653,9.9790,2.2865,54.2901,-72.1374,-43.3588,41.24,In Hand
504150,0.9649,10.7595,1.9130,37.3893,-64.8092,-13.8015,41.09,In Hand
504200,1.5945,10.4890,1.5275,20.0458,-48.2748,-9.0840,41.05,In Hand
504250,1.6831,9.6941,1.6664,-4.8397,-38.3359,-20.9466,41.19,In Hand
504300,1.9776,8.3821,1.5323,-14.9924,-42.6412,-26.9313,40.91,In Hand
504350,1.7789,8.1570,1.8747,-19.3588,-52.7176,-27.4198,40.86,In Hand
504400,1.4820,8.9352,1.6951,-30.1527,-63.2366,-25.1450,41.05,In Hand
504450,1.5131,11.2120,0.5339,-69.5267,-40.9618,-9.2519,40.95,In Hand
504500,0.7230,9.5313,2.2913,-110.9160,-17.6641,13.6489,40.72,In Hand
504550,0.8452,7.7883,4.0223,-120.1069,-19.7252,23.0382,41.09,In Hand
504600,0.6249,10.4603,4.7573,-155.3893,-5.6183,42.3359,41.09,In Hand
504650,0.8308,8.3462,7.0653,-191.2519,3.2366,63.1603,40.86,In Hand
504700,2.6145,5.8083,8.3294,-207.4046,14.1069,43.3588,41.09,In Hand
504750,2.6312,3.3806,9.2081,-206.3053,18.7328,16.9313,40.95,In Hand
504800,2.1668,2.0470,10.5417,-190.0458,0.8092,-7.7405,40.95,In Hand
504850,2.6336,1.6448,10.1347,-171.0076,-13.5725,-31.4809,40.91,In Hand
504900,2.4636,0.6297,10.0892,-146.3969,-8.1221,-46.8397,40.95,In Hand
504950,1.9944,-0.5004,9.8378,-105.3435,-11.1756,-42.7939,41.05,In Hand
505000,1.8723,-0.7207,8.6407,-48.8244,-21.9084,-23.7710,41.09,In Hand
505050,1.4820,-0.6416,8.1044,-25.1756,-18.6412,-9.5420,40.95,In Hand
505100,1.3862,-0.3807,8.1451,-42.6412,-27.3588,-32.0153,40.86,In Hand
505150,2.5666,-0.1173,8.0182,-77.7252,-30.1679,-31.8473,41.09,In Hand
505200,2.9664,-0.2729,8.6455,-105.0382,-17.4046,-18.5344,41.24,In Hand
505250,4.5466,-2.2984,9.6079,-115.5725,0.6107,-19.1603,41.09,In Hand
505300,5.5330,-5.6527,10.6422,-90.0458,28.8702,-26.5954,40.95,In Hand
505350,4.4772,-5.7844,10.6949,-36.8702,31.7099,-32.7176,40.91,In Hand
505400,4.4484,-4.3072,11.2144,-3.9084,23.3130,-11.8321,41.05,In Hand
505450,4.3622,-4.7549,11.8298,-3.0229,10.0153,-0.3969,40.95,In Hand
505500,4.4125,-3.9145,11.2144,-19.0229,2.3664,2.5649,41.09,In Hand
505550,5.3798,-4.4341,11.1139,-42.9466,5.0687,18.0916,41.24,In Hand
505600,4.7980,-6.8474,11.0349,-42.0916,10.7176,16.8550,40.91,In Hand
505650,4.1108,-7.8434,10.6350,-12.9924,-1.7405,-9.0076,40.95,In Hand
505700,3.4572,-7.1778,10.8577,8.4122,-11.4198,-24.9466,41.24,In Hand
505750,3.2250,-6.4548,9.5002,28.9618,-29.1756,-37.4198,41.24,In Hand
505800,3.3136,-4.4556,9.1075,33.6336,-35.5725,-22.9160,41.24,In Hand
505850,3.1292,-4.0414,8.7269,19.2519,-37.5573,-6.9160,40.95,In Hand
505900,3.6009,-2.9951,7.4939,5.6336,-29.9084,12.5802,40.95,In Hand
505950,4.1683,-2.5283,7.7021,-12.0458,-13.0382,36.6107,40.91,In Hand
506000,3.8738,-2.7892,7.1563,-27.1298,4.7634,51.4656,41.19,In Hand
506050,3.9600,-3.7996,7.3574,-26.9160,15.2519,52.9160,41.09,In Hand
506100,3.7493,-3.8858,8.9519,-26.7939,16.8397,46.9771,41.24,In Hand
506150,3.3902,-4.7501,8.8394,-22.2443,5.0840,27.8015,40.95,In Hand
506200,2.4924,-4.0558,8.9040,-14.3359,-11.0382,-1.1450,41.19,In Hand
506250,2.2410,-3.2010,9.1363,-22.5344,-28.9618,-22.2443,41.19,In Hand
506300,3.2753,-3.2633,7.8769,-23.8626,-30.3817,-23.7557,40.86,In Hand
506350,4.1396,-3.8427,9.4930,-22.4733,-19.3130,-13.7863,40.77,In Hand
506400,3.8834,-5.7221,10.5153,-24.8092,-14.5191,-7.4198,41.09,In Hand
506450,3.9289,-6.0741,8.4180,-19.3282,-10.6718,-17.9542,41.24,In Hand
506500,6.0454,-5.5641,6.9576,4.2137,17.4351,-2.9924,40.95,In Hand
506550,4.6567,-6.0956,7.1060,33.2672,43.8779,-0.8702,40.95,In Hand
506600,3.8068,-6.1220,8.8538,49.0229,47.8626,-2.2443,40.95,In Hand
506650,4.3311,-3.8211,9.5361,43.4962,39.8931,22.6107,40.91,In Hand
506700,2.6959,-1.8076,9.4882,8.2595,12.5191,71.8779,40.95,In Hand
506750,2.1955,-3.4644,9.4930,-22.2595,-29.8931,87.6031,41.19,In Hand
506800,1.7262,-6.3638,8.8514,-29.9695,-64.2290,54.7328,41.19,In Hand
506850,3.0239,-7.4364,8.2169,-12.7634,-78.1985,-2.6260,40.91,In Hand
506900,3.4093,-6.2034,7.4986,1.5115,-62.9466,-38.2748,41.28,In Hand
506950,4.1037,-5.9352,6.2297,18.3511,-35.7099,-57.5725,40.91,In Hand
507000,5.1954,-5.7628,6.7086,36.5954,6.1985,-48.7176,40.77,In Hand
507050,4.8794,-5.0278,7.6183,33.9847,42.9160,-37.2672,40.95,In Hand
507100,4.2713,-4.2425,7.2927,22.7023,60.4427,-22.5954,40.95,In Hand
507150,3.7876,-3.4477,7.9679,5.0992,65.2672,-3.0840,41.05,In Hand
507200,2.6695,-2.2841,8.7245,-29.9695,45.7863,8.9008,41.24,In Hand
507250,2.6193,-3.2705,8.9232,-63.1756,21.5573,2.5649,41.19,In Hand
507300,3.1771,-4.4939,8.0661,-63.2672,11.0534,-21.3740,40.95,In Hand
507350,3.7397,-5.0877,7.7883,-46.0000,14.2748,-39.4198,41.24,In Hand
507400,4.5298,-5.9664,8.8370,-21.0076,27.5267,-34.8702,40.95,In Hand
507450,4.2784,-5.8203,8.5138,8.0763,39.9847,-21.0992,40.91,In Hand
507500,4.0677,-6.0789,8.2791,34.9924,48.0458,-5.9389,41.05,In Hand
507550,3.1316,-5.3247,9.0022,49.6794,42.5344,-3.8931,41.19,In Hand
507600,2.2673,-4.1539,8.6359,43.4351,17.8015,-13.6489,41.24,In Hand
507650,2.9712,-3.0047,9.4379,17.7252,-4.1679,-11.7099,41.05,In Hand
507700,3.3734,-3.7709,9.6678,-20.5038,-13.2672,-0.4733,41.28,In Hand
507750,3.5650,-5.2337,9.5433,-34.3359,-13.4046,-1.7557,40.95,In Hand
507800,3.6631,-5.9448,9.2416,-31.0229,-7.2366,-7.1450,40.91,In Hand
507850,3.9720,-5.8730,8.2863,-12.0916,3.6794,-9.2519,41.09,In Hand
507900,3.5219,-4.7094,8.4156,2.6565,13.0840,-1.8779,40.95,In Hand
507950,2.8706,-4.4556,9.0405,2.5496,6.8092,3.7557,41.09,In Hand
508000,2.5714,-4.5873,9.4643,-5.4962,-9.9389,1.3740,40.58,In Hand
508050,2.8276,-4.5059,9.1889,-14.0305,-22.7634,3.0076,40.72,In Hand
508100,3.0454,-4.4843,8.6000,-15.9847,-25.6794,8.2443,41.09,In Hand
508150,3.2825,-4.4484,8.3127,-14.4275,-19.8473,15.9542,41.05,In Hand
508200,3.2082,-4.5801,8.6263,-14.1069,-11.2672,21.7405,40.95,In Hand
508250,3.2394,-4.9632,8.9304,-12.3664,-7.2672,19.5725,40.95,In Hand
508300,3.1364,-5.0326,8.9878,-9.0840,-5.0687,15.3282,40.95,In Hand
508350,3.3279,-4.7597,8.7412,-6.7481,-1.6947,14.4885,41.24,In Hand
508400,3.3016,-5.0111,8.3821,-1.8015,3.8321,13.6641,41.28,In Hand
508450,3.1412,-4.9297,8.4348,4.7328,6.6260,8.7939,40.95,In Hand
508500,3.0813,-5.1451,8.8346,5.7863,5.6336,2.3817,40.95,In Hand
508550,2.9592,-4.7142,8.6862,3.4198,4.3053,-0.5649,41.24,In Hand
508600,2.8467,-4.8004,8.6359,-0.1221,0.4275,-1.3588,41.05,In Hand
508650,2.9281,-5.0542,8.7388,-1.3435,-1.6183,-1.5878,41.19,In Hand
508700,2.9880,-5.0733,8.5377,0.6107,-3.4504,-3.4809,40.91,In Hand
508750,3.1101,-4.7932,8.5234,1.3588,-0.7481,-1.6641,41.19,In Hand
508800,3.1460,-4.7884,8.9854,-2.5802,0.4885,2.9618,41.09,In Hand
508850,3.0167,-4.8794,8.8035,-7.7099,-1.9542,6.4122,41.09,In Hand
508900,3.0239,-5.3534,8.6933,-6.3664,-3.7863,5.6031,40.86,In Hand
508950,2.9568,-5.2241,8.7819,-2.5496,-6.6565,1.3588,40.77,In Hand
509000,3.0335,-5.3247,8.7795,-0.1221,-7.1908,-0.6412,41.38,In Hand
509050,3.1795,-5.2457,8.9759,1.3588,-5.1603,-0.3817,41.09,In Hand
509100,2.9999,-4.9201,8.8562,-1.5267,-2.9466,3.5115,41.09,In Hand
509150,3.0933,-5.3127,8.6886,-0.9466,-0.1527,5.4046,40.95,In Hand
509200,3.0287,-5.1691,8.8322,0.3206,2.9924,7.7405,40.95,In Hand
509250,3.0718,-5.2409,8.8322,-1.6641,4.3511,12.4580,41.09,In Hand
509300,3.3423,-5.6455,8.5760,1.3130,6.6870,16.0000,41.28,In Hand
509350,3.3998,-5.9448,8.8945,7.3588,7.4198,14.0763,40.95,In Hand
509400,3.5147,-5.9759,9.1650,8.4885,7.1908,14.7939,41.05,In Hand
509450,3.5913,-5.7628,8.7412,8.8550,5.5725,18.3969,41.05,In Hand
509500,3.4046,-5.5258,8.5856,9.9389,3.6031,22.9771,41.28,In Hand
509550,3.1963,-4.8770,8.6574,1.2061,-1.7710,29.3130,41.05,In Hand
509600,3.2250,-5.4085,8.9328,-10.6412,-7.4656,34.6870,41.38,In Hand
509650,2.9928,-5.6934,8.7005,-19.8626,-12.3817,34.9008,41.28,In Hand
509700,3.0550,-5.9616,8.4204,-23.2519,-14.9771,33.5115,40.91,In Hand
509750,2.8299,-5.5593,7.8482,-24.7023,-14.5038,36.4427,40.95,In Hand
509800,2.3367,-5.0829,7.1635,-24.9160,-16.9008,39.0229,40.86,In Hand
509850,2.0016,-4.4748,7.3167,-29.7405,-24.7481,46.0611,40.86,In Hand
509900,1.4748,-5.4492,7.5441,-38.3053,-39.4046,44.6870,41.19,In Hand
509950,1.6185,-6.1555,7.7165,-35.7863,-50.7481,36.2748,41.24,In Hand
510000,2.3870,-5.9711,7.7596,-32.0458,-57.8626,38.1679,41.24,In Hand
510050,2.0087,-6.9695,6.9168,-12.5802,-58.8550,44.1069,41.24,In Hand
510100,2.2625,-7.7644,6.4212,27.1145,-56.1527,48.7328,41.28,In Hand
510150,2.6576,-7.5872,6.2537,73.3740,-48.2901,55.0992,41.05,In Hand
510200,3.7254,-8.0637,6.8618,114.8244,-36.2137,58.4427,41.19,In Hand
510250,3.2992,-5.8347,8.2193,120.5649,-22.8092,69.4657,41.09,In Hand
510300,1.8292,-4.3814,7.7979,94.6870,-30.4580,69.4809,40.91,In Hand
510350,1.9585,-3.3854,7.8123,61.0534,-45.1298,71.5267,41.05,In Hand
510400,3.0526,-2.0423,8.3438,7.0687,-50.3359,89.8321,41.05,In Hand
510450,3.0718,-2.6264,7.9440,-43.1756,-47.1908,113.2214,41.42,In Hand
510500,2.7390,-4.6495,8.4372,-71.1756,-47.1603,114.8092,40.91,In Hand
510550,2.4995,-5.8179,8.3534,-73.6489,-52.6718,98.6107,41.19,In Hand
510600,2.4612,-6.7014,9.4020,-66.5802,-62.3969,72.1221,40.95,In Hand
510650,1.9968,-7.6662,9.8258,-54.6870,-77.0992,34.8244,41.19,In Hand
510700,1.5897,-7.5369,9.6869,-38.3053,-95.0992,-1.9389,41.38,In Hand
510750,2.4181,-7.5106,9.8378,-14.7023,-106.7023,-23.0840,41.19,In Hand
510800,2.8515,-6.3638,9.9623,3.3893,-106.3969,-22.4580,40.86,In Hand
510850,1.5730,-6.1244,10.2352,19.6794,-104.2443,-11.0992,41.28,In Hand
510900,1.4748,-6.7421,8.8873,66.2901,-90.1679,8.0611,40.95,In Hand
510950,3.3615,-2.7581,9.3182,60.1985,-58.2443,48.1985,41.09,In Hand
511000,3.9816,-4.5705,9.1506,44.6565,-10.3206,85.5725,41.09,In Hand
511050,3.1843,-6.4093,9.7923,50.9008,42.2443,78.6412,41.19,In Hand
511100,2.9951,-6.0956,10.6255,57.8931,84.1832,51.1908,40.91,In Hand
511150,2.4900,-5.7245,12.8018,45.7252,100.4580,25.7710,41.05,In Hand
511200,1.2929,-5.1643,11.3964,35.3893,102.3664,8.9924,40.95,In Hand
511250,1.8818,-6.4476,11.0421,54.4580,121.4962,21.0992,41.05,In Hand
511300,0.1221,-7.0773,10.6326,109.3588,124.1374,29.4351,40.91,In Hand
511350,-0.9936,-6.3542,11.6526,162.5649,99.5115,54.0153,40.86,In Hand
511400,-1.3527,-4.6974,10.3430,193.1756,59.2214,79.2214,41.19,In Hand
511450,-2.1907,-1.3623,9.6630,188.9924,23.2061,104.8702,40.91,In Hand
511500,-2.7677,0.0670,7.6183,164.7481,-0.2748,105.7405,41.05,In Hand
511550,-1.1253,0.7733,7.3670,138.2748,7.9695,92.5802,41.05,In Hand
511600,0.2251,0.3472,6.9145,119.8473,41.7099,51.8473,41.24,In Hand
511650,0.2155,2.1308,7.7644,88.3359,58.5038,21.1756,41.38,In Hand
511700,-2.5666,3.2226,10.5991,44.5038,59.1298,-4.4733,41.09,In Hand
511750,-4.1252,5.7628,9.8162,34.6412,45.0534,37.0229,41.19,In Hand
511800,-1.8579,4.4269,6.7708,39.2366,-15.8168,75.1145,41.09,In Hand
511850,-1.0870,4.4580,6.5146,27.8473,0.8397,28.6412,41.24,In Hand
511900,-1.1851,6.0885,5.9903,17.3740,16.7634,45.5573,41.09,In Hand
511950,-3.5817,6.0525,6.1507,32.5649,61.2519,69.5115,41.24,In Hand
512000,-3.0598,8.1283,7.4675,30.2443,39.8626,94.3511,41.09,In Hand
512050,-2.0590,8.4898,6.1411,-18.2137,56.2443,81.8779,41.24,In Hand
512100,-3.6799,4.9584,6.9839,26.6412,24.1832,71.3435,41.19,In Hand
512150,-2.9113,6.3638,5.8419,111.7252,-35.8473,54.9618,40.91,In Hand
512200,1.6209,8.8609,3.2274,118.8550,-37.9847,69.9847,40.95,In Hand
512250,2.5163,10.5369,4.4915,67.7863,-12.9008,84.0611,41.19,In Hand
512300,2.3679,9.1770,5.7413,9.8931,-9.9084,67.4657,41.24,In Hand
512350,2.8683,6.5649,5.9951,28.1832,-3.8931,42.2901,41.05,In Hand
512400,3.0287,8.8514,5.7940,33.3893,-10.7786,22.7023,41.09,In Hand
512450,2.8970,10.3214,5.9328,-22.4580,14.6412,8.7939,40.95,In Hand
512500,2.2290,7.7572,5.7868,-20.2443,9.7710,0.3817,41.19,In Hand
512550,2.9305,9.6414,4.7836,-12.5649,10.5649,-1.1450,41.24,In Hand
512600,3.0406,9.2033,4.4963,-23.0992,24.0305,-4.8397,41.05,In Hand
512650,2.3511,9.0214,4.4604,-15.1145,27.0534,2.0611,41.05,In Hand
512700,1.6281,9.0405,4.4939,0.7786,22.6412,-2.0000,41.19,In Hand
512750,1.3336,9.6798,4.6950,-7.6489,20.7023,0.6565,40.95,In Hand
512800,0.9792,8.9256,5.4085,7.0382,4.8092,-7.0229,41.19,In Hand
512850,1.3072,9.3613,3.4716,0.0305,-3.6947,-3.1145,40.91,In Hand
512900,2.2410,9.3901,4.8195,-32.0458,0.7939,-10.2443,40.95,In Hand
512950,1.5299,9.1530,5.7006,-19.0992,1.9084,-25.4046,41.24,In Hand
513000,1.7382,9.6893,5.4133,-8.5344,1.8473,-11.4656,41.05,In Hand
513050,1.0367,11.7890,4.3910,-20.6870,2.5344,-6.8092,41.24,In Hand
513100,1.6807,13.6158,5.7628,-64.8550,-1.4962,33.4504,41.28,In Hand
513150,1.6999,8.7604,5.6407,-48.2901,13.8168,31.5420,41.24,In Hand
513200,1.7430,9.9000,6.5984,-19.1298,11.2977,34.5344,40.95,In Hand
513250,2.2458,7.8578,6.2369,4.9771,20.1679,20.7481,40.91,In Hand
513300,2.0973,7.7524,5.0135,-2.0611,24.7939,11.4962,41.24,In Hand
513350,3.0909,7.4579,5.6743,-18.3206,32.8244,6.0763,41.19,In Hand
513400,0.7350,5.0206,5.2601,-18.1832,29.4046,10.0916,40.91,In Hand
513450,0.7398,4.9033,6.2345,-8.6718,12.4733,-2.5496,41.09,In Hand
513500,0.2634,5.2265,6.7636,17.8626,9.2061,-15.8168,41.24,In Hand
513550,0.9290,7.4508,6.3566,37.6794,-6.7634,-20.8855,41.05,In Hand
513600,1.5227,8.8466,5.4708,18.5038,-4.4275,-16.7023,40.95,In Hand
513650,1.5874,8.7891,5.4157,-3.5267,1.5420,-12.7634,41.05,In Hand
513700,1.2258,8.1810,5.6336,-13.9389,7.5573,-13.8168,41.24,In Hand
513750,0.6081,8.0086,5.8706,-8.3206,6.7328,-14.9924,41.28,In Hand
513800,0.7063,7.9559,5.9951,1.7710,8.5649,-14.3206,41.05,In Hand
513850,-0.2705,7.2305,5.9065,15.1145,8.3359,-15.0382,41.05,In Hand
513900,-1.4485,7.2520,6.0190,50.8550,-5.7252,-14.3359,41.09,In Hand
513950,-1.6089,7.0940,4.9488,86.9008,-30.2290,-15.4504,40.91,In Hand
514000,-0.6800,7.1826,3.1915,122.9924,-45.5267,-32.7176,41.19,In Hand
514050,-0.6512,9.4906,2.0710,119.9695,-47.0382,-34.3206,41.19,In Hand
514100,-0.9337,9.1147,1.5826,95.4351,-55.9847,-32.3664,40.86,In Hand
514150,-0.3304,9.6702,1.3024,59.1298,-66.7023,-37.6641,41.05,In Hand
514200,-0.2251,9.7492,0.7039,38.4733,-55.4962,-31.4962,41.28,In Hand
514250,0.5938,11.7914,0.3232,10.6565,-39.6947,-28.9466,41.09,In Hand
514300,-0.3424,13.1370,0.2705,-22.4733,-16.9160,-8.2901,40.95,In Hand
514350,-0.7590,11.8728,0.5028,-48.0153,-4.5344,3.1298,41.24,In Hand
514400,-0.3663,11.4850,0.8882,-57.6031,3.0992,11.0687,40.95,In Hand
514450,0.3112,10.6159,1.6975,-56.0305,15.5115,5.8779,41.09,In Hand
514500,-0.2418,10.1921,2.3248,-46.0763,22.7176,1.4962,41.05,In Hand
514550,0.0168,9.2512,2.9568,-35.4198,25.2824,-1.7099,41.05,In Hand
514600,-0.5674,9.7731,3.6536,-28.1374,27.0076,-9.0382,41.05,In Hand
514650,-1.6281,9.5696,3.5865,-24.2443,22.6565,-4.8092,41.19,In Hand
514700,-1.0702,9.5074,3.6488,-19.5878,14.7786,-6.0000,41.19,In Hand
514750,-0.7997,10.2256,3.7517,-22.4275,12.3511,-4.2901,41.09,In Hand
514800,-0.8930,9.8569,3.9433,-23.4656,12.0763,-1.7557,41.28,In Hand
514850,-0.8092,9.6223,4.4101,-21.3435,8.8397,1.3435,40.95,In Hand
514900,-0.7422,9.0860,4.7405,-21.4656,6.4427,-1.3588,41.24,In Hand
514950,-0.7829,8.8609,5.1882,-13.0992,-0.8092,-4.6870,41.28,In Hand
515000,-0.6369,8.8418,5.4324,-2.2748,-9.0076,-1.6031,41.24,In Hand
515050,-0.6608,8.2337,4.5298,9.7099,-22.3359,-4.2443,41.42,In Hand
515100,-0.6632,9.3996,4.2808,7.9542,-39.1450,-5.9542,41.24,In Hand
515150,-0.4405,9.6486,4.5586,-8.5954,-50.0458,3.0534,40.95,In Hand
515200,-0.5435,8.9471,4.6040,-22.1069,-57.3130,4.2290,40.86,In Hand
515250,-0.2274,7.9464,4.3766,-40.7634,-50.7481,1.9084,41.09,In Hand
515300,-0.3783,7.6806,4.7716,-42.3053,-48.3359,-8.4580,41.19,In Hand
515350,-0.3328,7.9009,5.1930,-47.9389,-41.0687,-25.5878,41.24,In Hand
515400,0.2035,8.0349,5.4157,-55.8626,-28.0153,-28.6870,40.95,In Hand
515450,-0.2705,7.8506,5.7197,-66.3053,-15.3282,-25.2672,40.95,In Hand
515500,-1.1779,6.9743,6.0885,-82.5649,-3.1145,-35.1603,40.91,In Hand
515550,-0.8284,6.6367,7.0820,-77.2977,1.3435,-35.5878,41.05,In Hand
515600,-1.8268,6.3542,7.9248,-65.4351,5.0229,-44.2748,41.09,In Hand
515650,-1.6951,5.9640,8.4970,-48.9618,-2.3511,-35.8626,41.24,In Hand
515700,-2.1069,5.1284,8.7149,-15.3588,-9.9237,-43.3130,41.28,In Hand
515750,-1.7310,6.0980,8.5641,-0.9008,-20.4275,-42.3817,40.91,In Hand
515800,-1.3360,6.5170,8.6335,-9.0534,-16.7634,-47.8015,40.95,In Hand
515850,-1.0798,5.9328,8.6981,-14.1832,-14.4580,-49.0382,41.24,In Hand
515900,-1.2594,5.8012,9.2823,-13.8321,-12.0458,-46.8702,41.09,In Hand
515950,-2.0327,5.5641,9.9479,-5.6183,-23.8473,-32.5191,41.19,In Hand
516000,-1.2091,5.4995,9.5888,17.0229,-36.8855,-22.2748,41.09,In Hand
516050,-1.5610,6.0430,9.8474,16.6107,-40.6565,-16.7786,41.38,In Hand
516100,-1.5443,6.2632,10.0820,3.9695,-47.7099,-5.2366,41.24,In Hand
516150,-1.5874,4.4149,8.8107,17.7710,-47.3282,-5.0534,41.19,In Hand
516200,-1.4461,4.9105,8.2097,46.8244,-44.4427,-10.5496,41.05,In Hand
516250,-1.7980,6.5362,7.9990,49.6794,-34.2595,-20.1679,41.19,In Hand
516300,-2.6264,7.4627,7.7021,30.0763,-24.7939,-33.0229,41.09,In Hand
516350,-2.7869,7.3095,7.3670,10.8397,-15.9237,-35.4351,41.19,In Hand
516400,-3.1556,6.7253,6.9791,8.1832,-10.9771,-32.8550,40.91,In Hand
516450,-3.2370,6.7636,7.1084,4.1985,-7.6031,-23.3893,41.09,In Hand
516500,-3.2058,6.5050,6.8977,2.1679,-5.0076,-17.2824,41.19,In Hand
516550,-3.1867,6.3566,6.8929,4.5191,-7.8931,-17.7099,41.09,In Hand
516600,-2.6504,6.5841,7.0126,10.2901,-11.2366,-20.1374,40.95,In Hand
516650,-2.5307,6.8019,7.0988,14.2290,-17.6794,-23.2672,41.09,In Hand
516700,-2.1237,6.8666,7.2137,22.6565,-27.8168,-24.9466,41.19,In Hand
516750,-1.6903,7.6806,7.0653,19.7252,-30.7481,-26.0153,41.09,In Hand
516800,-1.4365,8.3103,7.0749,12.9618,-40.6260,-19.1298,41.38,In Hand
516850,-1.3144,8.0517,6.9312,7.1756,-45.9695,-13.0229,40.91,In Hand
516900,-2.0518,7.8626,7.5537,10.8855,-50.1221,-7.2977,41.05,In Hand
516950,-0.9026,7.4508,7.3526,35.0229,-51.2824,2.6565,40.86,In Hand
517000,-1.2881,7.5346,6.6679,52.5802,-45.1756,5.4351,40.91,In Hand
517050,-1.5227,9.1626,6.5194,61.1450,-42.7328,10.0305,41.05,In Hand
517100,-1.2019,8.8969,6.0573,54.9771,-40.0763,15.7405,41.09,In Hand
517150,-0.3998,8.7604,6.0023,59.6794,-42.3206,19.7863,41.05,In Hand
517200,0.0982,8.5928,5.2529,59.3282,-43.8168,25.0687,41.24,In Hand
517250,1.3408,9.3398,5.4731,45.3282,-40.5191,29.1908,40.95,In Hand
517300,1.4700,8.4348,4.6783,28.0458,-30.7176,31.1908,41.19,In Hand
517350,1.7573,8.0469,4.6639,34.1069,-26.1679,30.9313,40.95,In Hand
517400,2.2553,7.6064,4.4221,50.5344,-23.4504,28.2748,41.19,In Hand
517450,3.1436,8.8131,3.8140,52.0763,-7.6641,23.0687,41.19,In Hand
517500,3.2609,9.5409,2.9209,38.7328,6.4275,28.9008,41.38,In Hand
517550,3.8714,8.9328,2.4229,29.0534,22.2443,31.4962,41.05,In Hand
517600,3.7062,9.4451,1.7933,21.8931,36.2443,27.4962,41.09,In Hand
517650,2.9353,9.2033,1.7190,14.7023,38.7023,20.8702,41.19,In Hand
517700,3.3734,9.6223,1.4605,0.4122,46.4122,9.0840,41.24,In Hand
517750,3.2250,10.0197,1.2737,-22.7939,59.1908,-0.4427,41.28,In Hand
517800,2.5642,9.5553,0.9744,-43.0382,75.1450,-12.6260,41.24,In Hand
517850,2.2314,8.8562,2.3320,-48.2901,90.1221,-14.3359,41.19,In Hand
517900,1.3240,10.0437,4.1755,-51.4962,100.2443,-22.2901,41.05,In Hand
517950,1.1947,10.4052,5.3175,-62.1527,104.2595,-13.1298,40.72,In Hand
518000,0.5243,7.9847,6.5027,-55.8473,111.4657,-15.9695,40.95,In Hand
518050,0.7350,8.8681,6.6607,-57.5573,120.7634,-11.6947,41.09,In Hand
518100,-1.6831,7.7045,6.9360,-71.5267,109.2519,3.0534,40.95,In Hand
518150,-0.8667,5.6623,6.6128,-48.3969,86.8092,19.0992,40.95,In Hand
518200,-0.8523,7.7931,7.2496,-53.6794,79.5115,16.9008,40.95,In Hand
518250,-1.0774,8.1211,7.7189,-91.6794,71.9847,27.7405,41.09,In Hand
518300,-1.3695,5.4971,8.2361,-110.9160,69.3435,37.4351,41.24,In Hand
518350,-1.4269,3.8906,8.4970,-93.2519,64.0000,38.2443,40.91,In Hand
518400,-2.5498,3.7589,8.5904,-73.7405,54.7481,40.5496,41.19,In Hand
518450,-1.9824,4.2401,9.2727,-59.1603,37.7099,41.3893,40.95,In Hand
518500,-1.7190,4.5466,9.2536,-58.1221,37.1603,41.7863,41.24,In Hand
518550,-1.8842,3.7972,9.7588,-53.3893,35.5420,43.7863,41.05,In Hand
518600,-1.9297,3.3902,10.0604,-36.9466,39.0687,44.9313,40.95,In Hand
518650,-1.7549,3.5506,9.8114,-13.3588,35.2824,49.9542,40.95,In Hand
518700,-2.2410,4.6424,9.3470,-9.8321,37.6031,47.8626,40.91,In Hand
518750,-2.8036,5.2505,9.4451,-30.4886,41.1603,46.5802,41.19,In Hand
518800,-2.9018,4.0438,9.4954,-43.6641,51.5573,45.2977,41.05,In Hand
518850,-3.5362,2.3583,9.5361,-23.8931,54.7634,44.1069,41.24,In Hand
518900,-3.6392,3.3519,9.9527,0.7023,49.1145,46.7634,40.95,In Hand
518950,-4.0749,4.5179,9.8952,-6.6565,37.8779,51.4504,41.09,In Hand
519000,-3.7876,4.3263,10.1179,-17.4046,18.8092,48.6565,41.24,In Hand
519050,-2.7054,3.8140,10.1634,-16.9160,1.5115,37.1603,41.42,In Hand
519100,-1.6903,3.3543,9.7396,-5.9389,-3.2214,20.3969,40.95,In Hand
519150,-1.4533,3.5578,9.5864,8.2748,-0.8244,3.9695,41.24,In Hand
519200,-1.3791,4.1994,9.3589,17.5573,4.7176,-5.8931,41.24,In Hand
519250,-2.3535,5.0470,9.5361,9.8931,4.9924,-3.8473,41.19,In Hand
519300,-3.3255,4.3574,9.4236,6.7023,1.3130,3.1603,41.24,In Hand
519350,-3.7421,3.9265,9.2105,20.1985,-3.4656,6.7023,41.19,In Hand
519400,-3.6727,4.5490,8.8178,21.6947,-3.4351,7.0382,41.05,In Hand
519450,-4.0103,4.1803,8.6000,14.3359,1.0992,5.9389,41.24,In Hand
519500,-4.0558,3.8116,8.3749,16.8855,-0.7786,7.0534,41.05,In Hand
519550,-3.9433,4.2545,8.2432,18.9313,-4.5649,12.1832,40.95,In Hand
519600,-3.7086,5.3439,8.1906,13.4656,-9.7557,19.2366,41.24,In Hand
519650,-2.7150,5.9041,8.1451,-4.1832,-6.4275,24.3206,41.24,In Hand
519700,-2.3487,5.2601,8.3366,-6.4580,0.7023,30.9008,41.24,In Hand
519750,-2.2625,5.9472,8.2983,0.8244,-0.8244,38.0916,40.86,In Hand
519800,-1.0894,6.2369,8.0900,-1.2977,-0.7481,48.1985,40.95,In Hand
519850,-1.3647,6.2393,8.3653,-8.1527,-1.0840,51.3740,41.24,In Hand
519900,-0.6225,6.2537,8.4420,-9.2672,-3.2061,50.2595,41.38,In Hand
519950,0.3304,6.2680,8.2935,-17.6947,4.3053,42.7328,41.19,In Hand
520000,0.4070,5.9783,8.3989,-18.2137,6.3359,35.0229,41.19,In Hand
520050,0.7949,5.7604,8.5665,-17.2824,7.4351,28.7939,41.09,In Hand
520100,0.6512,5.7030,8.5569,-13.1145,6.7786,25.0534,41.38,In Hand
520150,0.6225,6.0765,8.8059,-15.8015,4.8092,21.8168,40.95,In Hand
520200,0.6728,5.8682,8.9902,-20.1374,4.9771,17.8626,41.42,In Hand
520250,0.5555,5.3295,9.1554,-13.0229,5.2061,10.3053,41.19,In Hand
520300,0.3472,5.8131,9.1243,-7.3588,7.4809,9.5725,41.19,In Hand
520350,-0.0072,5.3726,9.0166,-2.9924,11.8931,10.9466,41.09,In Hand
520400,-0.6081,5.7054,8.9280,1.7405,10.6107,12.8397,41.09,In Hand
520450,-0.6440,5.7772,9.2033,-1.7252,4.6718,15.4962,41.24,In Hand
520500,-0.2131,5.4708,9.1961,-3.4504,0.1679,14.7786,41.28,In Hand
520550,0.2107,4.8890,9.0453,4.7634,-1.8931,8.8397,41.24,In Hand
520600,0.3615,5.3654,8.8202,9.2672,-2.0611,1.4046,41.24,In Hand
520650,0.3783,5.7437,8.7700,3.6947,-1.3130,-4.6870,41.24,In Hand
520700,0.0527,5.7796,8.8849,-5.2672,-3.6336,-6.9466,40.95,In Hand
520750,0.2538,5.1260,8.9687,-4.9466,-7.8321,-5.8931,41.19,In Hand
520800,-0.1101,5.2361,9.0884,2.5038,-16.4580,-3.8015,41.38,In Hand
520850,-0.6895,5.6000,9.1411,-3.4962,-32.2290,-2.8550,41.05,In Hand
520900,-0.4381,4.9991,9.3709,-6.8397,-47.6641,-6.3969,41.42,In Hand
520950,0.4477,4.3670,9.3781,2.5344,-56.0305,-8.9618,41.38,In Hand
521000,1.0918,4.5610,8.6335,18.6565,-58.3969,-15.1603,41.05,In Hand
521050,1.9968,6.0142,8.0349,10.8702,-52.5344,-17.2214,41.19,In Hand
521100,2.0231,6.4069,7.9918,-8.9618,-45.1450,-20.3206,41.24,In Hand
521150,2.1284,6.3925,8.3438,-20.2443,-41.3435,-22.1374,40.91,In Hand
521200,0.8978,7.5322,8.7604,-47.9237,-42.2595,-23.1756,40.95,In Hand
521250,3.5267,5.5761,8.0780,-43.8321,-35.5267,-14.8702,40.95,In Hand
521300,3.7397,4.9249,8.2791,-25.5878,-19.1450,-13.0229,40.95,In Hand
521350,3.4572,4.8387,8.3941,2.5344,-2.2290,-14.6870,41.28,In Hand
521400,3.0574,5.6623,8.6143,18.1221,13.8779,-13.5878,41.09,In Hand
521450,1.9106,5.5306,8.5760,20.9924,16.7023,-11.8168,40.95,In Hand
521500,2.1739,5.4085,7.9248,28.2748,11.7557,-4.1069,41.05,In Hand
521550,2.2290,5.4468,7.4124,31.2214,9.7710,6.9771,41.05,In Hand
521600,2.3990,5.6647,7.2856,25.7557,8.5954,11.4046,40.95,In Hand
521650,2.6791,6.3303,7.6926,15.7863,13.9542,0.5191,40.95,In Hand
521700,2.9449,7.8362,8.4156,4.3053,24.2901,-14.0458,40.77,In Hand
521750,2.3104,7.1515,8.6957,-2.5038,26.8244,-14.9924,40.91,In Hand
521800,-0.0982,7.7979,9.4140,0.6870,19.8015,-7.1908,40.95,In Hand
521850,-0.2514,5.8442,9.4308,17.3435,6.5496,0.1069,41.19,In Hand
521900,-0.6943,5.5857,9.1099,44.6107,-5.9389,0.3053,41.38,In Hand
521950,-0.2322,6.5481,8.3270,64.1374,-4.5038,-10.7634,40.95,In Hand
522000,-0.9385,7.2592,8.0924,60.1679,-10.5954,-19.7405,41.09,In Hand
522050,-1.1420,9.8234,7.0701,14.1374,-20.0458,-13.5420,41.09,In Hand
522100,-0.4932,9.0166,7.5274,-11.1756,-13.2519,-5.7863,41.19,In Hand
522150,-0.4118,6.7924,7.3310,-10.3817,-9.8779,-3.1756,41.09,In Hand
522200,-0.6656,6.9097,8.1642,7.5115,-6.9313,8.6565,41.09,In Hand
522250,-0.4764,7.1419,8.5569,30.0153,-12.5038,20.3511,41.24,In Hand
522300,0.5818,7.1108,7.3813,46.6565,-11.5878,24.9313,41.19,In Hand
522350,1.2570,7.7979,6.8163,48.5954,-14.4580,22.0000,41.05,In Hand
522400,1.9297,7.7165,5.8083,34.2290,-16.0611,21.0992,41.09,In Hand
522450,0.8619,8.3773,5.5641,31.6183,-9.8779,28.7023,41.19,In Hand
522500,1.9824,8.8969,5.7126,27.6947,-17.2366,42.5038,41.24,In Hand
522550,3.5123,7.4843,4.0773,21.5878,-12.7939,43.6031,41.24,In Hand
522600,2.7318,8.6431,4.3527,10.4733,-12.6107,48.5038,41.05,In Hand
522650,2.8587,8.8873,4.4604,-9.1145,-11.2977,45.3893,40.86,In Hand
522700,3.9863,8.2504,4.0318,-28.7328,-7.6031,32.2748,41.19,In Hand
522750,3.2992,7.4962,4.6304,-38.8397,-8.5954,25.0382,41.42,In Hand
522800,3.3686,7.6734,4.8315,-42.8244,-12.9466,26.2595,41.09,In Hand
522850,2.2458,6.8307,4.4604,-45.2061,-15.6336,36.7939,41.05,In Hand
522900,1.6185,4.5011,3.7828,-38.0763,-38.2595,64.2901,41.09,In Hand
522950,2.3750,5.7174,4.0845,-14.1832,-75.9542,64.1679,41.09,In Hand
523000,4.0318,4.8028,3.5338,-24.7328,-109.6336,63.7557,40.95,In Hand
523050,6.8594,4.8985,2.2338,-9.6947,-106.2290,66.2595,41.09,In Hand
523100,7.2377,4.8363,2.3870,-43.8626,-100.7023,74.0153,41.24,In Hand
523150,9.1746,4.6352,2.2266,-53.6183,-84.1985,70.8702,41.24,In Hand
523200,9.1435,3.2010,2.1117,-100.0305,-73.3130,81.5725,41.24,In Hand
523250,11.5065,3.1532,2.8802,-107.8626,-72.0000,90.1985,41.09,In Hand
523300,12.1266,1.3312,3.2753,-150.2595,-86.6870,95.8015,41.09,In Hand
523350,13.8864,0.3496,3.9504,-122.0611,-81.1603,47.2061,41.28,In Hand
523400,13.5009,-0.4645,3.9289,-86.5954,-71.7557,4.9160,40.95,In Hand
523450,13.3573,0.3280,3.8810,-43.1145,-52.1527,-29.5725,41.09,In Hand
523500,12.6438,0.5171,3.3184,-5.5725,-32.5344,-40.8397,40.86,In Hand
523550,11.7651,0.8571,3.0742,36.3206,-6.5496,-37.4962,41.19,In Hand
523600,10.9559,1.2067,2.7007,63.5725,14.2595,-33.2977,41.09,In Hand
523650,10.9870,1.4748,2.2505,78.1527,36.1374,-41.2519,41.19,In Hand
523700,10.9511,1.1468,1.7166,90.3969,50.3511,-40.5954,41.19,In Hand
523750,9.9383,1.1779,1.6879,100.9160,58.6870,-44.4275,41.09,In Hand
523800,9.3039,1.6568,1.3599,113.7710,60.6107,-46.5191,41.19,In Hand
523850,8.4851,2.2482,0.9481,116.6718,63.7099,-34.8244,41.24,In Hand
523900,7.5657,3.1077,1.0942,112.2137,68.6718,-15.9237,41.24,In Hand
523950,7.1635,3.5913,0.9912,100.3664,70.4733,12.2748,41.09,In Hand
524000,7.0461,3.4165,0.9290,88.4733,75.1756,44.8855,41.05,In Hand
524050,7.5274,4.2258,1.1779,76.3817,74.6718,75.6947,41.24,In Hand
524100,8.0852,4.1252,1.7980,49.3282,61.9237,104.4427,41.09,In Hand
524150,9.8067,3.0574,2.3750,20.3206,41.7252,114.2748,41.05,In Hand
524200,10.9607,0.9074,2.2386,12.7786,18.7939,105.8931,41.05,In Hand
524250,10.3262,0.3687,2.2194,18.3511,2.5038,80.2595,41.05,In Hand
524300,9.4260,-0.4357,1.8364,25.2061,-7.6336,53.4962,41.19,In Hand
524350,9.1937,-1.5299,1.7933,42.7786,-13.3893,28.8092,41.24,In Hand
524400,8.3055,-1.4820,2.2386,48.3359,-39.4504,25.8015,40.95,In Hand
524450,8.8059,-1.8364,1.3838,64.9313,-49.4198,24.4427,41.09,In Hand
524500,7.9775,-1.4413,1.6424,63.1145,-58.9618,18.3969,41.09,In Hand
524550,10.6757,-1.5227,1.3791,62.1527,-66.4580,15.0687,41.19,In Hand
524600,11.1426,-1.6448,1.6688,43.8015,-85.7099,33.8779,40.95,In Hand
524650,12.6558,-2.9233,0.0646,49.1145,-81.8626,34.2137,41.19,In Hand
524700,12.0021,-1.3264,0.6440,49.6947,-71.4198,54.8092,41.24,In Hand
524750,11.7340,-0.6393,0.5507,26.7328,-67.6031,78.7786,41.19,In Hand
524800,11.8728,-1.4509,0.2394,5.6489,-56.3664,81.7405,41.19,In Hand
524850,12.2104,-3.0885,-0.4405,2.0763,-33.3588,59.0840,41.24,In Hand
524900,11.1211,-3.7493,-0.4932,17.0840,-13.5267,30.5344,41.38,In Hand
524950,10.4651,-3.3782,-0.5507,40.3206,-14.6412,15.9695,41.24,In Hand
525000,9.5385,-2.4708,-0.4573,54.4733,-14.5954,-9.9847,41.05,In Hand
525050,9.6271,-1.8124,-0.2346,43.1756,-20.0305,-32.2901,41.19,In Hand
525100,10.3621,-2.0423,-0.0575,25.5725,-27.7557,-41.8015,40.95,In Hand
525150,10.4603,-1.8771,0.1724,5.4809,-35.6489,-45.5573,41.28,In Hand
525200,10.6925,-2.0877,0.0599,-11.8321,-40.2443,-42.1527,41.28,In Hand
525250,10.2879,-2.3320,-0.0551,-13.8168,-34.4122,-38.2290,41.09,In Hand
525300,9.9024,-2.1428,-0.1077,0.2748,-16.1679,-27.8168,41.24,In Hand
525350,10.5225,-2.5546,-0.7685,21.3435,13.0992,-25.6336,40.77,In Hand
525400,10.5369,-3.7445,-1.0415,43.6489,47.1756,-50.5344,40.95,In Hand
525450,11.0014,-5.2984,-1.2689,74.8397,62.5038,-75.8779,40.91,In Hand
525500,10.7428,-4.9321,-1.6041,113.4809,71.7710,-89.9542,41.19,In Hand
525550,9.5720,-3.6655,-1.1061,126.3206,65.7405,-94.5802,40.91,In Hand
525600,9.5409,-2.5714,-0.7254,128.6107,53.8168,-79.2824,41.24,In Hand
525650,9.5146,-1.8986,-0.6393,122.9160,40.7176,-47.5420,40.91,In Hand
525700,8.9136,-1.6616,-0.5219,123.3893,33.1908,-23.1450,41.05,In Hand
525750,8.9639,-1.2330,-0.5722,122.3817,29.7405,-9.9847,41.09,In Hand
525800,9.7636,0.0120,0.0407,115.7405,21.6947,7.3130,41.24,In Hand
525850,8.3079,1.0319,0.6680,86.9466,9.7405,20.2290,41.19,In Hand
525900,8.9950,0.6680,-0.3807,84.2443,23.7252,25.4504,41.19,In Hand
525950,8.3893,1.1684,0.3663,67.0687,30.9771,30.4275,41.24,In Hand
526000,9.5600,0.2059,-0.1628,60.4580,41.0076,36.9771,41.05,In Hand
526050,9.3757,-0.1149,0.1748,53.7710,46.2748,46.7634,41.28,In Hand
526100,10.2065,-0.8978,-0.3256,53.4656,45.6336,59.2824,41.24,In Hand
526150,10.4651,-1.0630,0.2945,47.9542,42.8702,73.1450,41.24,In Hand
526200,10.6303,-2.0590,0.4812,31.3435,39.1908,62.8855,41.28,In Hand
526250,10.4435,-2.9521,0.9505,10.5649,22.0763,43.6794,41.05,In Hand
526300,10.0700,-2.7007,1.0918,-4.6107,6.5802,18.1832,41.09,In Hand
526350,8.1259,-1.8794,1.7262,-25.5114,-20.9313,18.6565,41.05,In Hand
526400,8.0086,-2.3487,1.6017,-30.0305,-40.2748,15.8321,41.09,In Hand
526450,8.2313,-3.0047,1.6233,-34.5649,-58.5344,13.9389,40.95,In Hand
526500,10.5728,-4.8554,1.6879,-39.1908,-74.4427,-7.1908,41.24,In Hand
526550,10.8386,-4.8722,1.3096,-39.6794,-92.7786,-32.0916,41.09,In Hand
526600,10.9894,-3.2896,0.6033,-26.4427,-82.5038,-43.4809,41.24,In Hand
526650,9.9647,-1.2067,0.3687,-45.5115,-69.0840,-33.4809,41.28,In Hand
526700,9.6941,-1.4724,-0.7039,-62.1679,-33.7710,-19.2672,40.95,In Hand
526750,9.6941,-1.9561,-0.8284,-69.3740,4.7328,-3.4809,41.09,In Hand
526800,10.9104,-3.1651,-1.0774,-67.8779,20.0153,18.8702,41.09,In Hand
526850,10.4483,-2.4780,-1.0558,-55.3130,22.3053,53.3130,41.19,In Hand
526900,9.8904,-1.7933,0.0982,-65.4351,21.0840,76.2901,41.28,In Hand
526950,9.7995,-1.6999,-0.2490,-98.9160,0.5191,90.5954,40.95,In Hand
527000,10.0963,-3.2298,-1.4629,-106.5038,11.9542,94.0763,40.95,In Hand
527050,9.9982,-3.1723,-1.0247,-113.7557,24.9924,73.1298,41.09,In Hand
527100,10.7141,-4.1348,-1.4772,-114.9466,41.0534,51.9695,40.91,In Hand
527150,11.7747,-4.5514,-0.7709,-122.0763,38.4733,28.0305,40.95,In Hand
527200,11.3318,-3.5698,-0.6728,-135.9695,30.7023,12.0611,41.19,In Hand
527250,10.7643,-1.6472,-0.9960,-154.7939,43.0229,13.1603,41.09,In Hand
527300,9.3182,-1.7478,-2.1332,-154.3512,81.6947,20.3206,41.38,In Hand
527350,8.1810,-1.6257,-1.2019,-151.7099,100.6565,42.6107,40.95,In Hand
527400,7.8458,-3.0095,-0.6847,-136.9313,95.9389,42.8855,41.09,In Hand
527450,8.6287,-5.7892,-0.7901,-106.6107,86.2290,-4.0611,41.24,In Hand
527500,9.5888,-6.8474,-1.1540,-50.3817,78.7786,-49.1908,40.77,In Hand
527550,8.7053,-5.3127,-0.9098,21.2977,72.3817,-63.7863,40.95,In Hand
527600,7.7500,-2.6983,-0.5890,66.9008,55.7252,-44.7786,41.09,In Hand
527650,7.4915,-1.4006,-0.2729,78.4122,35.6336,-19.9695,41.24,In Hand
527700,7.7189,-1.0630,0.4381,67.9389,10.4885,4.5191,41.24,In Hand
527750,8.2983,-0.6728,0.5626,35.3588,-19.7557,24.1832,40.95,In Hand
527800,8.6574,-0.8739,0.3112,0.3817,-35.1908,40.9466,41.24,In Hand
527850,8.9591,-1.5514,0.1221,-25.7252,-46.4275,57.9237,40.91,In Hand
527900,9.5409,-2.3966,0.0096,-33.4504,-55.9695,80.3664,41.09,In Hand
527950,9.6606,-2.7485,0.1173,-36.2443,-66.4885,95.0382,41.09,In Hand
528000,10.2903,-3.3830,-0.0838,-38.3664,-77.7863,100.2443,40.95,In Hand
528050,10.5943,-3.8164,-0.2155,-34.7634,-78.9466,92.1832,41.24,In Hand
528100,11.9495,-5.1116,-1.0678,-19.9695,-63.8931,61.6641,41.19,In Hand
528150,11.4299,-5.0853,-0.9577,1.3740,-40.2290,16.4733,40.91,In Hand
528200,10.7212,-4.6902,-1.1588,28.1679,-15.1908,-27.6794,41.28,In Hand
528250,10.5177,-4.9704,-1.4365,54.8855,4.0458,-62.0305,41.09,In Hand
528300,9.3757,-4.3503,-1.0606,73.2672,17.6183,-89.0992,41.19,In Hand
528350,9.2273,-4.7166,-1.0702,82.9618,19.0687,-113.8168,41.19,In Hand
528400,10.2017,-5.1212,-1.4245,94.1374,20.9313,-132.3512,40.91,In Hand
528450,11.9135,-5.2002,-1.2474,93.1908,15.6031,-148.6260,41.24,In Hand
528500,12.9047,-5.3630,-2.3391,91.8473,29.0534,-160.5038,41.19,In Hand
528550,9.9455,-3.7924,-1.4030,82.4427,37.2977,-178.5038,41.09,In Hand
528600,8.3318,-1.9728,-0.6369,72.1374,32.7023,-162.9924,41.19,In Hand
528650,7.4747,-0.5866,-0.2155,59.6489,22.4886,-115.6336,40.91,In Hand
528700,7.3861,-0.0359,-0.2227,40.9313,15.2519,-68.0611,41.28,In Hand
528750,8.9519,-0.3089,-0.3400,20.0153,7.8931,-20.3206,41.09,In Hand
528800,9.8761,-0.2753,-0.2370,-8.2901,1.9237,21.5267,41.05,In Hand
528850,9.4643,0.0838,-0.5195,-40.0763,7.6794,58.6107,40.95,In Hand
528900,8.7819,0.4549,-0.8092,-70.5191,18.8092,87.2519,40.95,In Hand
528950,8.7029,1.3743,-0.5986,-97.2824,19.7405,139.3282,40.95,In Hand
529000,8.5018,-0.4046,-0.5722,-134.4427,10.0611,174.5343,40.95,In Hand
529050,9.5864,-1.1157,-1.1420,-169.3588,6.3206,170.6412,40.86,In Hand
529100,10.4387,-2.7270,-1.3862,-208.7634,-4.6565,132.7481,41.05,In Hand
529150,9.9072,-2.2984,-1.0223,-246.7481,-6.5649,63.2214,41.09,In Hand
529200,10.2903,-3.2753,-0.8978,-264.6565,-15.6031,-7.4351,40.95,In Hand
529250,11.5329,-5.1787,-0.6440,-239.6336,-12.1221,-72.7939,41.19,In Hand
529300,12.3804,-5.6072,-1.0271,-180.5496,1.9847,-101.8321,41.28,In Hand
529350,11.5496,-4.5107,-0.1245,-97.0840,11.4504,-84.9008,41.42,In Hand
529400,9.4571,-3.0526,0.8811,-54.5649,-3.6794,-56.8855,41.19,In Hand
529450,9.5553,-2.6983,0.6991,-14.8702,-32.5649,-8.6260,40.91,In Hand
529500,10.4507,-2.1404,0.4836,14.2901,-34.0916,31.6183,41.28,In Hand
529550,11.4658,-2.4804,-0.1820,31.5573,-8.1679,44.1527,41.09,In Hand
529600,12.8545,-4.0606,-0.9553,62.3817,24.4580,42.4427,40.95,In Hand
529650,14.6956,-3.6416,-1.9968,111.6183,68.4427,43.1298,41.05,In Hand
529700,15.8089,-2.1763,-2.3008,133.7557,128.1527,54.1374,40.95,In Hand
529750,14.0468,-2.0255,-1.0750,134.3359,169.8015,47.9542,41.19,In Hand
529800,13.4195,-3.0430,-1.8292,142.3206,207.4198,16.1679,41.24,In Hand
529850,10.5752,-2.5187,0.0263,130.5191,204.4427,-18.8397,41.09,In Hand
529900,7.3191,-2.2386,1.4078,113.1298,162.6412,-53.5115,40.77,In Hand
529950,5.6767,-1.1732,2.4062,100.9618,101.8015,-52.6412,41.09,In Hand
530000,4.5969,-0.4381,2.2577,91.6183,49.7863,-45.8779,41.19,In Hand
530050,3.9265,0.3328,2.3320,71.4809,7.9237,-35.4809,41.19,In Hand
530100,4.9823,0.0790,1.1995,52.9924,-15.6031,-20.6870,40.91,In Hand
530150,4.7645,1.3719,2.3703,24.9160,-39.6183,-1.1145,40.95,In Hand
530200,5.9879,1.3551,2.0039,-23.4809,-80.5191,34.1679,41.09,In Hand
530250,6.5170,0.8739,1.9393,-69.3435,-112.7786,57.5725,41.09,In Hand
530300,7.9320,-0.2897,0.9146,-115.3130,-145.1298,64.9466,41.09,In Hand
530350,10.0126,-1.9752,0.1245,-136.6870,-156.9618,51.2824,40.91,In Hand
530400,11.8465,-3.4812,-0.3831,-120.5343,-154.3817,36.2137,41.09,In Hand
530450,12.7731,-3.1843,-0.2322,-111.6031,-146.0763,26.0763,41.09,In Hand
530500,13.3309,-3.7110,-0.6991,-95.7405,-126.7481,17.2061,40.95,In Hand
530550,13.2735,-3.1125,-0.6464,-83.2672,-106.3359,26.8092,41.19,In Hand
530600,12.6510,-3.2896,0.0215,-71.6794,-91.3130,35.8015,41.19,In Hand
530650,12.4929,-3.6464,-0.1293,-46.9618,-67.6031,38.8702,41.28,In Hand
530700,12.3397,-3.5985,-0.4070,-16.7023,-31.6947,31.0840,40.86,In Hand
530750,11.7986,-3.4141,-0.2610,3.5267,1.8779,18.8855,41.19,In Hand
530800,11.5736,-3.5745,-0.4717,23.6947,25.6489,5.5573,40.95,In Hand
530850,11.2743,-3.4907,-0.8571,49.4046,49.3588,4.5344,41.24,In Hand
530900,11.1259,-3.8331,-1.0582,67.8931,67.5573,-2.8092,41.09,In Hand
530950,11.4467,-3.7709,-1.1588,86.5038,82.8397,-7.3282,41.09,In Hand
531000,11.0133,-3.3447,-0.6728,91.4657,83.5878,-13.7863,40.77,In Hand
531050,11.5065,-3.8140,-0.9433,97.5115,93.2824,-21.8473,40.95,In Hand
531100,10.8074,-3.5817,-0.9098,105.8321,114.4427,-36.8702,41.19,In Hand
531150,9.7109,-2.8276,-0.4477,103.6794,119.8015,-39.7863,41.05,In Hand
531200,8.7556,-1.5586,0.8045,87.9084,105.0534,-30.6107,41.28,In Hand
531250,7.7381,-0.4262,2.1332,50.2901,70.3969,-15.3740,40.86,In Hand
531300,7.6758,0.1963,2.3343,5.9084,36.4427,4.5344,40.91,In Hand
531350,7.0533,-0.0670,2.7054,-37.5573,3.5725,18.7939,41.05,In Hand
531400,6.8642,-1.3048,2.2697,-73.3588,-29.0076,14.4427,41.24,In Hand
531450,6.9935,-2.0877,1.8794,-86.3053,-58.7939,-6.3511,40.95,In Hand
531500,7.4268,-2.7725,1.7645,-83.1603,-92.7023,-35.5267,40.95,In Hand
531550,8.8298,-3.7948,0.4262,-53.0229,-105.6031,-52.8855,41.19,In Hand
531600,8.6431,-3.2585,0.3855,-14.6870,-105.1908,-64.6718,41.09,In Hand
531650,10.2975,-2.5307,-0.3567,12.7786,-95.3893,-56.5038,40.86,In Hand
531700,10.3238,-1.5969,-0.4717,16.2901,-78.5649,-32.2443,41.19,In Hand
531750,10.9367,-1.8387,-1.3336,5.2672,-55.0534,-0.4427,40.91,In Hand
531800,10.4483,-2.3200,-1.1875,2.7939,-31.1298,29.0534,40.95,In Hand
531850,9.9647,-2.6576,-0.8954,8.0916,-26.0458,56.9618,40.95,In Hand
531900,10.0963,-3.0023,-1.0774,19.3435,-33.1603,80.1832,41.09,In Hand
531950,10.1418,-2.7461,-0.6512,19.3282,-43.6641,93.7557,41.24,In Hand
532000,10.9439,-3.2130,-1.8579,11.4198,-43.3435,97.6489,41.05,In Hand
532050,11.0564,-2.4517,-1.7454,7.5420,-28.0916,93.5115,40.77,In Hand
532100,11.0325,-3.0837,-1.9082,-7.2672,-6.6412,75.6336,41.09,In Hand
532150,10.7356,-3.2370,-1.7526,-18.0763,10.2290,50.3511,41.19,In Hand
532200,10.3022,-3.6919,-1.9441,-16.2443,30.0305,19.5878,40.77,In Hand
532250,9.7252,-4.2210,-1.6999,-8.3664,43.7099,-19.2977,41.05,In Hand
532300,9.3853,-4.2090,-1.2378,1.9847,47.7099,-49.1145,41.24,In Hand
532350,9.0908,-4.4221,-0.7518,11.3130,41.6794,-69.5420,41.09,In Hand
532400,8.9854,-4.3263,-0.5028,20.9771,25.0534,-77.2519,41.19,In Hand
532450,8.9112,-3.8307,-0.4166,26.4275,8.5038,-73.8473,41.05,In Hand
532500,9.1291,-2.9353,-0.5363,21.2214,-0.0611,-63.3893,41.38,In Hand
532550,9.1626,-2.6480,-0.3448,10.9466,-0.4733,-47.8473,41.05,In Hand
532600,9.5481,-2.5546,-0.6129,0.6718,-0.3206,-24.0153,40.95,In Hand
532650,9.3948,-3.0478,-1.0175,-8.0458,2.2595,0.1679,41.19,In Hand
532700,9.7683,-3.1795,-0.9266,-3.2672,4.2748,21.5878,41.09,In Hand
532750,9.5289,-3.1244,-0.8499,2.6718,7.0840,29.6947,40.95,In Hand
532800,9.2057,-3.0933,-0.6776,6.8397,1.7863,31.8168,41.09,In Hand
532850,9.2344,-2.8922,-0.6800,10.9160,-6.8244,31.6031,40.95,In Hand
532900,9.1722,-3.0957,-0.6416,12.0611,-17.8168,25.8321,41.19,In Hand
532950,9.4619,-3.2370,-0.8930,11.7252,-23.7252,13.2672,40.91,In Hand
533000,9.5457,-3.1292,-1.0271,18.1221,-22.2290,2.2748,41.09,In Hand
533050,9.8545,-2.9640,-1.0870,18.7939,-14.9466,-8.6718,41.05,In Hand
533100,9.7947,-3.1556,-1.1899,15.7405,-6.0763,-16.2137,41.38,In Hand
533150,9.8282,-3.0933,-1.1085,13.1756,2.9924,-22.1527,41.05,In Hand
533200,9.4595,-2.7749,-0.8475,7.1603,5.3435,-19.6489,40.95,In Hand
533250,9.7109,-2.9473,-0.9840,0.9466,7.7557,-12.0153,41.05,In Hand
533300,9.6917,-3.1125,-1.1396,-3.5267,10.7786,-9.9847,41.24,In Hand
533350,9.4667,-2.9473,-1.0870,-3.8626,11.0076,-6.2595,41.09,In Hand
533400,9.1674,-2.9784,-0.9146,-0.9771,9.3282,-1.8321,41.09,In Hand
533450,9.4978,-2.0566,0.5171,-3.3740,0.4427,3.3893,41.09,In Hand
533500,9.3781,-2.7869,-0.7733,-9.1298,-9.2366,4.1527,41.19,In Hand
533550,9.5960,-3.1508,-0.9218,-9.3893,-8.7634,1.4198,40.95,In Hand
533600,9.4739,-3.1388,-0.9649,-1.6947,-2.6107,-5.6336,41.09,In Hand
533650,9.5553,-2.6743,-0.6512,-0.8855,-3.9847,-7.2519,40.95,In Hand
533700,9.8641,-2.3894,-0.7230,-11.2366,-7.7557,-3.4046,40.77,In Hand
533750,9.9503,-2.6001,-0.9098,-16.4580,-3.3130,4.6870,41.05,In Hand
533800,9.7707,-3.1412,-0.8236,-15.7252,0.8855,-1.5878,40.95,In Hand
533850,9.6774,-2.3080,-0.8045,-10.9160,10.6260,-5.3130,41.05,In Hand
533900,10.0293,-2.1165,-0.4573,-23.5878,3.3740,2.0000,40.91,In Hand
533950,9.6103,-2.6312,-0.4932,-36.0763,-4.9771,-0.5496,40.95,In Hand
534000,10.1083,-3.4357,-1.0942,-26.0916,0.7786,-10.5954,41.24,In Hand
534050,10.6877,-3.0071,-0.5076,-27.1756,-1.9695,-22.7176,40.91,In Hand
534100,11.3701,-2.1524,-1.6735,-37.2824,5.3893,-9.9084,40.95,In Hand
534150,9.7300,-1.6831,-1.8627,-31.9695,38.7328,10.2748,40.95,In Hand
534200,9.5577,-1.7310,-2.0877,-17.9542,64.9008,24.3511,41.05,In Hand
534250,9.9144,-1.6712,-1.8842,-21.7252,68.4885,17.7557,40.91,In Hand
534300,9.5289,-1.2474,-0.4477,-45.8168,51.8931,18.3511,41.09,In Hand
534350,8.8035,-1.9273,-0.7542,-67.7557,41.1298,-5.6183,41.09,In Hand
534400,9.1746,-2.3535,-1.1660,-70.7023,41.9847,-35.5267,40.95,In Hand
534450,9.6630,-2.8850,-1.2977,-63.6489,51.0687,-59.2672,41.05,In Hand
534500,10.1011,-3.1699,-1.5083,-44.2290,56.7176,-63.8473,41.05,In Hand
534550,8.7436,-2.4421,-0.4357,-32.2137,46.1374,-55.2519,40.91,In Hand
534600,8.6910,-1.5778,-0.1484,-31.4656,18.9313,-29.9389,41.09,In Hand
534650,8.0924,-0.5148,0.1053,-40.8855,-12.7481,5.6641,40.95,In Hand
534700,8.6742,-0.9050,0.2969,-63.1603,-43.0382,29.5725,40.77,In Hand
534750,10.4794,-1.8651,-0.3089,-90.4885,-64.9924,36.5802,40.91,In Hand
534800,10.8386,-2.2673,-1.1540,-97.9084,-69.9237,37.4656,40.91,In Hand
534850,9.8881,-1.8483,-0.6560,-89.2824,-59.9695,39.6794,40.86,In Hand
534900,8.9998,-1.5874,0.0694,-82.1221,-56.7939,41.2977,41.09,In Hand
534950,8.9112,-1.8914,0.3184,-82.6412,-58.0305,23.6794,41.09,In Hand
535000,10.3166,-2.7054,-1.8531,-76.6412,-45.4656,5.7710,41.24,In Hand
535050,10.1873,-3.1125,-1.0127,-56.5191,-14.2748,-8.2748,41.09,In Hand
535100,10.5967,-2.5522,-1.1899,-34.5649,18.3053,-1.5115,41.09,In Hand
535150,10.0940,-1.1013,-0.8643,-25.9542,33.4809,37.6183,40.95,In Hand
535200,9.7324,-0.7614,-0.2849,-34.9160,42.5344,67.8473,41.19,In Hand
535250,10.0030,-1.9034,-1.8818,-34.3817,61.6947,57.8168,41.28,In Hand
535300,9.9551,-2.3703,-1.5012,-30.1069,76.2443,33.9389,41.09,In Hand
535350,9.8761,-2.3415,0.1772,-22.8397,65.6794,19.1450,41.19,In Hand
535400,9.7444,-3.1915,-0.7590,-9.4351,44.9618,10.2748,40.95,In Hand
535450,9.0166,-2.9113,-0.1341,5.1756,31.4046,0.0458,41.09,In Hand
535500,8.9328,-2.5498,1.4102,-5.0076,6.4885,-10.7481,41.09,In Hand
535550,9.3757,-4.0893,1.4006,-11.9389,-26.8397,-30.0916,41.05,In Hand
535600,9.5457,-5.0685,1.3503,19.7252,-48.1985,-51.8931,41.19,In Hand
535650,9.7276,-4.8195,-0.0168,56.9313,-54.3206,-77.2672,40.95,In Hand
535700,10.6279,-2.4924,1.2378,91.6947,-63.2519,-70.4275,41.05,In Hand
535750,11.3653,-1.4724,-0.1796,82.0916,-67.0687,-51.1908,41.19,In Hand
535800,12.4738,-0.4597,-0.1652,64.9008,-20.1221,-34.9466,41.09,In Hand
535850,13.2160,-1.0989,-0.7781,44.4275,23.4351,-16.1832,41.38,In Hand
535900,12.6055,-1.6688,-0.1652,35.0687,61.0687,-3.5725,40.95,In Hand
535950,11.6669,-3.2705,-0.8092,57.5420,69.1908,-9.1908,41.05,In Hand
536000,13.8529,-2.0255,-1.3575,51.7252,104.2137,-38.8550,40.86,In Hand
536050,11.7316,-0.9337,-0.1700,47.5573,129.9695,-80.9466,41.05,In Hand
536100,10.1155,-0.5339,-0.3783,36.1374,122.0763,-91.0382,41.05,In Hand
536150,8.2265,-0.5004,0.2538,46.9771,94.5038,-69.9847,41.09,In Hand
536200,5.3917,1.2522,2.1045,48.5649,44.7786,-45.6947,40.95,In Hand
536250,5.7078,1.8028,2.0159,29.8779,-12.9313,-21.5725,40.91,In Hand
536300,5.8610,2.8491,1.9728,6.1832,-51.8321,5.6489,40.95,In Hand
536350,7.5561,3.4046,1.7406,-20.8702,-51.5573,17.5725,41.09,In Hand
536400,9.2440,2.2338,1.7861,-47.4656,-41.2366,3.6031,40.95,In Hand
536450,9.5457,2.0231,2.8515,-61.8168,-28.6260,-31.2672,40.91,In Hand
536500,10.9654,0.5100,1.6568,-34.6718,-25.9389,-35.4962,41.19,In Hand
536550,9.8378,0.9313,1.5443,-1.4351,-25.1756,-17.6641,40.91,In Hand
536600,9.3063,1.3743,1.0534,24.7786,-27.9237,11.4809,41.05,In Hand
536650,9.5289,2.7988,1.4485,28.9313,-26.7023,31.5420,40.95,In Hand
536700,9.6941,2.7773,1.1923,2.9008,-22.7481,30.7786,41.28,In Hand
536750,10.9295,1.9848,0.8643,-36.5802,-15.1603,24.1374,41.05,In Hand
536800,10.6542,1.4365,0.9026,-38.7328,5.2366,21.8015,41.05,In Hand
536850,10.5105,1.4413,1.3455,-34.6718,12.6718,4.4275,40.91,In Hand
536900,10.5082,1.0319,0.9840,-24.4886,16.4886,-7.9695,40.86,In Hand
536950,9.9288,1.1516,1.3695,-9.5420,15.0229,-15.1603,41.24,In Hand
537000,10.4531,1.3192,1.2617,10.5496,12.0763,-40.4885,40.91,In Hand
537050,9.4643,2.8395,2.0279,1.3740,-4.7786,-64.7481,41.05,In Hand
537100,11.0109,3.2872,1.4198,-20.8702,-8.3664,-58.2595,40.91,In Hand
537150,10.4842,3.0622,0.7398,-34.1527,4.1985,-45.8473,41.19,In Hand
537200,8.5353,1.6520,0.9457,-22.8702,23.8321,-31.0382,40.95,In Hand
537250,8.3031,1.6089,2.1524,11.4504,8.9008,-12.5802,40.95,In Hand
537300,7.3047,1.4509,2.3320,21.2366,-27.8931,-3.3435,41.09,In Hand
537350,8.6838,7.0390,0.0742,41.8626,-21.9847,58.5038,40.95,In Hand
537400,7.4939,2.9042,0.5411,-57.6031,-0.3359,73.6794,41.19,In Hand
537450,7.0078,0.4717,2.3822,-67.8015,-34.0458,116.0611,40.91,In Hand
537500,6.5864,-2.3224,2.8922,-11.6489,-76.9924,132.6870,40.77,In Hand
537550,10.3501,-1.5658,1.8220,46.4275,-79.5725,119.4504,41.38,In Hand
537600,12.8329,-1.3791,0.6560,24.8855,-27.4656,92.0611,41.24,In Hand
537650,13.2064,-3.0550,-0.0814,11.2824,41.8779,49.4656,41.19,In Hand
537700,12.4953,-2.7031,-0.1556,29.6183,94.7481,20.8550,41.09,In Hand
537750,11.2264,-1.5969,0.5004,17.5114,121.2366,9.2061,41.09,In Hand
537800,8.8370,-0.7805,2.1021,-9.4962,111.5878,9.1298,41.09,In Hand
537850,8.5114,-2.2960,3.0694,-21.0382,77.3740,12.7939,41.24,In Hand
537900,8.3175,-3.0765,3.3806,-14.2901,33.0992,20.0000,41.09,In Hand
537950,8.8466,-2.9185,3.3088,-18.4733,4.4580,19.2061,40.95,In Hand
538000,8.6431,-3.0981,3.2274,-31.8473,-10.6565,16.5496,40.77,In Hand
538050,9.3206,-2.7150,3.2753,-47.4046,-23.8626,16.0000,41.24,In Hand
538100,10.0173,-3.5123,2.3463,-84.1221,-28.4580,19.4809,40.95,In Hand
538150,11.1570,-4.8866,0.9792,-71.6641,-22.0916,27.6947,41.19,In Hand
538200,10.7188,-4.1276,1.7573,-59.6489,-12.9618,43.7557,40.91,In Hand
538250,10.4627,-4.8650,0.9888,-50.4275,-10.7634,51.7405,41.19,In Hand
538300,9.6103,-5.1451,1.3575,-10.8092,-7.0076,54.2290,40.95,In Hand
538350,9.2273,-4.1970,1.5538,19.0382,-11.9695,39.2977,40.91,In Hand
538400,9.3948,-4.0582,1.2210,27.9847,-10.0916,22.5649,41.09,In Hand
538450,9.8545,-3.2010,1.1516,10.5344,1.2519,8.5191,40.91,In Hand
538500,9.3972,-3.2920,1.6281,-24.7023,5.3282,-5.6947,41.09,In Hand
538550,9.3063,-3.8714,1.3048,-47.9847,8.3511,-24.2290,41.09,In Hand
538600,9.3350,-4.3574,1.1085,-40.7328,15.0229,-35.0687,40.95,In Hand
538650,9.0788,-4.4652,1.3336,-30.0916,16.1069,-41.6489,41.24,In Hand
538700,9.0740,-4.4843,1.2091,-19.2977,14.6870,-49.8168,41.05,In Hand
538750,9.7396,-4.3910,0.7925,-15.6641,24.3206,-57.1756,40.95,In Hand
538800,9.1746,-4.0486,1.3623,-28.3817,29.9542,-63.0382,40.95,In Hand
538850,8.1570,-3.7134,1.8723,-41.0229,19.0229,-64.3359,40.91,In Hand
538900,8.9974,-3.8762,1.7214,-41.5878,1.6947,-50.6107,41.09,In Hand
538950,8.9423,-3.9911,1.6999,-37.2824,-15.8931,-26.8702,41.19,In Hand
539000,8.9854,-3.8451,1.3144,-29.5725,-26.5649,-11.0992,41.09,In Hand
539050,8.9663,-3.5171,1.2306,-22.6565,-27.2366,9.6947,40.77,In Hand
539100,9.8067,-3.6272,0.7039,-21.6641,-17.7252,32.8397,40.77,In Hand
539150,9.4188,-3.3782,0.5148,-28.9160,2.0153,44.6718,41.05,In Hand
539200,8.3582,-3.2896,0.6967,-42.3969,12.7176,38.2290,41.09,In Hand
539250,9.3254,-3.8714,0.5674,-47.0076,24.5954,32.7786,41.24,In Hand
539300,9.6127,-4.1396,0.9122,-44.2290,32.2748,33.4809,40.95,In Hand
539350,9.3158,-4.3215,0.6847,-35.2214,34.9618,32.1985,40.95,In Hand
539400,8.9687,-4.1444,1.3288,-32.9466,23.9542,24.2290,41.09,In Hand
539450,9.4691,-4.6017,1.1564,-30.7481,9.0229,16.3664,41.09,In Hand
539500,9.5960,-3.8738,1.0008,-27.6336,0.9618,15.8168,40.91,In Hand
539550,9.9024,-3.6392,0.7853,-31.2519,5.6031,27.7557,40.95,In Hand
539600,8.8945,-3.9911,0.7661,-32.5802,10.4427,14.6412,41.05,In Hand
539650,8.9328,-4.0677,0.5243,-30.8855,14.2443,-8.1679,40.95,In Hand
539700,9.3637,-4.0294,0.4597,-31.6183,24.4427,-20.2443,41.19,In Hand
539750,9.1195,-3.7900,0.5171,-31.7405,32.9618,-22.3817,41.05,In Hand
539800,9.1459,-3.8451,0.2729,-27.1450,39.8168,-17.0687,41.09,In Hand
539850,9.5720,-3.8092,0.7015,-27.7863,43.6336,-5.4962,41.19,In Hand
539900,10.1658,-3.8451,0.8571,-33.0382,41.6641,6.6718,40.91,In Hand
539950,9.8785,-4.0247,1.1995,-41.9084,34.8702,9.5267,40.91,In Hand
540000,10.2065,-4.6400,1.2450,-41.9237,22.4275,1.8015,41.24,In Hand
540050,10.2663,-4.9632,0.9098,-35.2519,22.6718,-11.1298,40.95,In Hand
540100,8.7915,-4.3287,1.3479,-38.3817,18.5191,-50.0153,40.86,In Hand
540150,9.4786,-4.2665,1.1133,-46.0000,13.5115,-74.4580,41.38,In Hand
540200,9.4379,-4.3167,0.7733,-36.3206,16.2443,-75.2824,40.77,In Hand
540250,9.7324,-3.4189,0.8882,-20.1985,23.3282,-53.5420,41.05,In Hand
540300,8.9519,-3.2202,1.5227,-12.8550,28.1985,-15.1756,41.24,In Hand
540350,8.4060,-3.8475,1.4796,10.1679,15.4351,-0.8244,41.19,In Hand
540400,10.0916,-3.7900,1.6328,26.2137,15.9695,19.4656,40.95,In Hand
540450,10.2232,-4.4269,1.0822,37.3740,22.4733,31.5267,40.91,In Hand
540500,9.2608,-3.5386,1.9225,42.9160,20.5496,36.0458,40.91,In Hand
540550,8.9950,-3.0478,2.1907,27.9847,11.7099,37.9695,41.19,In Hand
540600,8.8274,-2.8108,2.8515,1.4809,1.5267,47.5115,41.09,In Hand
540650,8.2408,-3.3208,3.0526,-15.9389,-22.8397,53.7710,40.95,In Hand
540700,9.5241,-4.3072,2.2889,-11.0382,-35.6641,55.3740,41.09,In Hand
540750,8.7532,-4.3766,2.2242,1.0687,-40.2137,35.8931,41.19,In Hand
540800,9.7229,-3.6536,2.0470,2.3511,-29.0687,12.3206,40.95,In Hand
540850,9.3111,-4.0390,1.7238,9.8168,-8.8244,-30.4275,40.91,In Hand
540900,9.2847,-2.9592,2.2984,6.5496,10.9466,-62.3817,40.95,In Hand
540950,9.2656,-3.1436,2.0590,-9.8931,19.2824,-79.4962,40.91,In Hand
541000,8.7077,-2.8898,2.1069,-17.7099,17.2672,-84.1221,40.91,In Hand
541050,9.1435,-2.8491,1.9154,-30.2290,12.2443,-68.1527,40.95,In Hand
541100,9.4164,-2.0039,1.4413,-39.3435,15.0229,-29.5267,41.09,In Hand
541150,8.5162,-1.9225,1.2977,-55.9389,21.6031,-3.7710,40.77,In Hand
541200,7.6854,-2.1644,1.7166,-80.3969,18.1985,-0.0916,40.86,In Hand
541250,7.6782,-2.8922,1.6209,-77.8015,6.6718,4.4427,40.95,In Hand
541300,7.9966,-3.2465,1.7789,-62.2748,-6.9771,11.4198,40.86,In Hand
541350,8.7747,-3.0430,1.5179,-49.8473,-15.5115,19.2061,41.28,In Hand
541400,9.0070,-3.0454,2.0973,-59.0534,-30.2748,18.8244,41.28,In Hand
541450,9.2632,-3.6727,1.5730,-62.8702,-40.8702,13.8321,41.09,In Hand
541500,10.3597,-4.4149,0.9577,-50.2443,-39.4962,5.6489,41.19,In Hand
541550,10.7763,-4.7142,0.5339,-32.4885,-24.7481,3.2366,40.91,In Hand
541600,9.9982,-3.9887,0.3926,-8.5038,-7.3130,-5.5420,41.19,In Hand
541650,10.5632,-3.4213,0.6632,-7.8168,5.7863,-9.5878,40.91,In Hand
541700,10.9056,-3.3208,0.5171,-19.4809,13.4198,-0.5038,41.05,In Hand
541750,11.0397,-3.6176,0.1820,-19.3435,22.7023,18.3664,41.09,In Hand
541800,10.3597,-3.7900,0.3639,-14.4122,28.6412,26.1069,40.95,In Hand
541850,9.2608,-4.2497,0.6081,-9.7099,27.2366,9.0687,41.05,In Hand
541900,9.7636,-4.7453,0.5339,-7.8931,25.0382,-24.3511,41.05,In Hand
541950,9.9288,-4.9177,0.0622,-2.9466,32.0916,-55.3130,41.09,In Hand
542000,11.2432,-4.1324,-0.1939,0.2748,53.3893,-64.8702,41.19,In Hand
542050,9.7612,-3.3902,0.6081,-2.5649,68.0000,-60.2290,40.91,In Hand
542100,8.9998,-2.7390,0.8188,-6.6107,61.4962,-40.4885,40.86,In Hand
542150,8.2408,-2.7892,1.3815,-3.1756,43.0534,-10.5191,40.86,In Hand
542200,8.2648,-2.8108,1.5850,3.3130,17.0687,12.1679,40.91,In Hand
542250,9.0046,-3.0023,2.1404,3.2061,-10.7176,36.2595,40.91,In Hand
542300,9.0453,-3.5937,1.3862,13.1145,-29.5878,55.5878,41.24,In Hand
542350,8.6095,-3.6129,1.8172,24.7939,-42.7481,62.0611,41.05,In Hand
542400,9.3494,-3.9935,1.1779,30.5954,-45.4198,54.5344,40.91,In Hand
542450,9.5361,-3.6943,1.2426,34.1069,-37.0229,52.3053,40.91,In Hand
542500,9.6798,-3.7182,1.5754,27.2977,-34.6870,50.7786,41.05,In Hand
542550,10.2711,-3.9433,1.2522,24.8550,-28.3053,56.9771,41.05,In Hand
542600,11.0205,-4.6783,1.1396,29.1908,-22.0763,59.7557,40.95,In Hand
542650,10.7069,-5.0398,1.6975,32.6260,-17.6336,56.8550,41.09,In Hand
542700,9.5600,-5.1260,2.3104,39.6947,-35.3588,40.7328,40.91,In Hand
542750,9.4739,-4.9009,2.0758,60.4580,-52.4275,33.2061,40.91,In Hand
542800,9.7803,-4.0270,1.6472,65.6489,-58.1374,33.8626,40.95,In Hand
542850,9.7827,-3.9217,1.3144,55.6641,-51.2061,28.3511,41.05,In Hand
542900,9.4978,-4.0414,0.8811,52.5649,-29.2519,7.2672,40.95,In Hand
542950,8.4348,-3.6871,1.3575,39.8931,-7.8168,-29.9389,41.05,In Hand
543000,8.3725,-4.4269,1.9417,27.0992,-5.8931,-73.9389,40.91,In Hand
543050,9.3829,-5.1882,1.6041,56.2290,-11.4656,-90.5954,41.19,In Hand
543100,8.4659,-3.8642,2.1931,69.6031,-30.9466,-101.5725,41.19,In Hand
543150,8.3869,-2.5283,1.8172,56.7481,-45.8321,-99.5420,40.77,In Hand
543200,8.8753,-1.9178,1.6185,33.3130,-44.8550,-76.4885,41.24,In Hand
543250,9.1291,-1.8387,1.0654,11.5115,-31.5420,-52.2443,40.72,In Hand
543300,9.5864,-1.6113,0.7949,-15.4504,-0.7939,-33.0534,41.19,In Hand
543350,9.4092,-2.1021,0.8092,-29.4962,29.6183,-18.4733,40.91,In Hand
543400,8.5449,-2.0853,1.3264,-53.6031,41.4656,-6.9466,40.95,In Hand
543450,7.8219,-2.0973,1.5826,-72.5038,38.9313,3.6031,41.05,In Hand
543500,8.2839,-2.5474,2.3152,-92.5191,22.3664,13.6183,40.91,In Hand
543550,8.9256,-3.3998,1.8411,-97.9695,5.8168,24.2137,41.05,In Hand
543600,9.7181,-3.5458,1.1923,-84.6870,10.0611,38.8092,41.19,In Hand
543650,9.6031,-3.4069,1.5179,-79.2214,18.7328,59.3130,41.09,In Hand
543700,9.1626,-3.6679,1.7286,-70.1221,19.5267,70.8702,40.91,In Hand
543750,9.1866,-4.4317,2.2913,-57.0992,6.2443,65.5725,41.05,In Hand
543800,9.1818,-4.4341,2.3990,-46.9771,-10.9160,53.5878,40.91,In Hand
543850,9.3302,-4.7908,2.3655,-29.9389,-28.3359,36.7023,40.95,In Hand
543900,9.6007,-4.7980,2.0830,-5.6336,-39.0382,18.7634,41.09,In Hand
543950,10.0700,-4.7501,1.5083,13.7863,-38.6260,-3.9084,41.19,In Hand
544000,9.7420,-4.3718,1.0463,27.1756,-24.3969,-24.6718,40.95,In Hand
544050,8.9615,-3.6583,1.1995,26.7634,-10.0763,-43.3282,40.77,In Hand
544100,8.9926,-3.1795,1.2067,14.9924,2.7634,-53.5115,40.91,In Hand
544150,8.8083,-2.9640,1.3527,-1.3588,12.0458,-50.6260,41.09,In Hand
544200,9.2153,-3.0861,1.2426,-14.0000,18.0000,-35.7252,40.91,In Hand
544250,10.3621,-3.8116,0.9409,-12.5191,27.2977,-13.5267,40.91,In Hand
544300,9.8737,-3.6320,1.3240,-8.9924,26.8550,8.3206,41.24,In Hand
544350,9.5864,-3.3519,1.0750,-7.9237,18.8397,24.5038,41.09,In Hand
544400,9.7636,-3.4979,0.7015,-18.7786,17.0687,32.1832,40.95,In Hand
544450,9.7803,-3.7158,0.6393,-26.4275,20.6870,24.0763,41.19,In Hand
544500,9.3613,-3.7685,0.7805,-33.9542,21.4351,9.5420,40.77,In Hand
544550,9.3541,-4.2042,0.7207,-27.1756,20.3817,-4.0763,40.95,In Hand
544600,9.8067,-4.0701,0.8859,-23.6794,18.4580,-12.2137,40.91,In Hand
544650,9.5217,-4.0175,0.8523,-20.8092,13.6183,-16.7176,41.24,In Hand
544700,9.5672,-3.9911,0.9266,-14.6870,9.9695,-18.7939,40.95,In Hand
544750,9.1961,-4.0701,0.9026,-7.2824,4.7939,-22.5191,41.05,In Hand
544800,9.1818,-3.9863,0.8667,-3.0076,-1.2061,-24.6718,40.91,In Hand
544850,9.0477,-3.6895,0.9026,-0.3969,-4.5802,-22.3664,40.67,In Hand
544900,9.7588,-3.7350,1.0367,-3.8931,-10.2901,-16.5649,40.72,In Hand
544950,9.6941,-3.7900,0.9529,-3.9695,-7.4504,-8.3664,41.05,In Hand
545000,9.3470,-4.0486,1.0032,-0.8397,-7.6336,-4.1527,40.86,In Hand
545050,9.3278,-3.9217,0.7470,9.3435,-2.9313,-4.9313,40.95,In Hand
545100,9.1363,-3.3208,0.8332,11.0992,2.4580,0.7481,41.24,In Hand
545150,9.1889,-2.8922,0.9625,3.4351,2.4275,15.0534,40.95,In Hand
545200,9.2009,-2.7821,1.1899,-9.9542,-3.3740,33.3740,40.77,In Hand
545250,9.1267,-3.3495,1.1756,-13.6641,-13.8321,44.5802,41.05,In Hand
545300,9.2680,-3.5219,1.2067,-11.0076,-27.0534,47.2672,40.91,In Hand
545350,9.9671,-3.6488,0.9697,-12.4733,-31.6031,46.4122,40.95,In Hand
545400,10.1562,-3.7038,0.9481,-16.4427,-25.2214,45.7557,40.95,In Hand
545450,10.2615,-4.0462,0.6393,-14.4275,-12.1374,40.2137,41.09,In Hand
545500,10.5273,-4.4173,0.7111,-4.3664,3.6794,27.4198,41.05,In Hand
545550,10.1083,-4.7405,0.9098,7.4504,13.1756,9.2977,40.91,In Hand
545600,9.6606,-4.9895,1.0008,29.5573,12.7176,-22.8244,41.05,In Hand
545650,9.9958,-4.7214,1.0702,46.3053,10.9466,-44.9771,40.95,In Hand
545700,9.8090,-4.1659,1.2857,50.1221,5.6641,-59.5725,41.09,In Hand
545750,12.4403,-4.4149,1.2091,47.2977,6.2595,-48.8855,41.09,In Hand
545800,11.2575,-3.9696,1.5490,32.9160,8.1374,-32.9466,40.77,In Hand
545850,8.8155,-3.5937,1.6161,29.6336,5.1145,-45.8015,40.95,In Hand
545900,8.0397,-2.7150,2.0734,8.9771,-7.0534,-65.9237,41.24,In Hand
545950,7.9200,-2.5331,1.8411,-16.1221,-14.9466,-74.1069,40.77,In Hand
546000,9.0501,-2.2338,0.9768,-26.4886,0.9466,-58.5191,41.09,In Hand
546050,9.6462,-2.3942,0.9768,-35.2214,35.2519,-17.7405,40.91,In Hand
546100,8.5976,-3.3255,1.4341,-33.3893,60.3206,-5.9084,40.72,In Hand
546150,7.3358,-3.7278,2.2051,-19.6183,58.7328,-17.5267,41.09,In Hand
546200,7.0988,-3.2872,2.6480,-6.0153,36.6870,-27.0076,41.05,In Hand
546250,7.2688,-3.2106,2.9161,10.0305,3.7710,-14.8550,40.86,In Hand
546300,6.4931,-2.4373,3.0382,16.9160,-37.4046,7.2214,41.09,In Hand
546350,7.1970,-2.1500,2.6887,15.2214,-64.4122,39.4962,40.95,In Hand
546400,7.7979,-2.4062,2.3894,8.9160,-80.1832,70.3206,41.19,In Hand
546450,9.4379,-3.2082,1.5275,11.4198,-77.0992,93.4657,41.09,In Hand
546500,11.3868,-4.7238,0.3519,24.8702,-50.2443,98.2595,41.05,In Hand
546550,11.8058,-4.7669,0.0479,41.5573,-7.2214,81.7099,41.09,In Hand
546600,9.7827,-2.7557,1.1708,28.0153,14.4580,59.6031,41.09,In Hand
546650,9.0166,-2.4588,1.4700,-19.1603,16.5191,32.7023,40.95,In Hand
546700,9.3757,-3.5362,0.9553,-39.2672,21.8321,8.7481,41.05,In Hand
546750,10.4004,-4.2114,0.5243,-35.4046,32.1985,-2.0000,40.91,In Hand
546800,10.1418,-3.8427,0.8021,-26.1679,42.4733,4.6107,41.05,In Hand
546850,9.3374,-3.4860,1.1109,-23.5573,34.6565,10.7634,41.19,In Hand
546900,9.1075,-3.7661,1.5131,-24.7481,19.2366,6.8397,40.91,In Hand
546950,9.6031,-3.9337,1.5490,-30.4733,3.4962,-4.1069,41.19,In Hand
547000,9.7971,-3.8738,1.3360,-35.1908,-6.1221,-13.7710,40.95,In Hand
547050,9.5361,-3.6392,1.0511,-42.0916,-10.0000,-18.3664,40.95,In Hand
547100,10.3837,-3.5506,0.2442,-47.8015,9.1298,-21.3588,40.86,In Hand
547150,10.1825,-3.3567,0.2179,-61.1298,34.7634,-18.2748,40.77,In Hand
547200,9.8258,-3.4644,0.0455,-71.6183,56.6260,-14.5954,41.19,In Hand
547250,9.4188,-3.4596,0.2274,-78.8092,70.0611,-12.8550,40.91,In Hand
547300,8.6000,-5.2050,0.9002,-77.2366,61.4656,-33.7252,40.77,In Hand
547350,9.6319,-4.8147,0.7877,-46.5038,50.6107,-43.3588,41.05,In Hand
547400,9.6127,-4.3048,0.7542,-28.2443,40.0611,-36.6718,40.91,In Hand
547450,9.6367,-3.3567,1.0726,-31.0076,33.4351,-26.2137,41.09,In Hand
547500,9.0261,-2.7126,1.2594,-51.6031,19.9695,-13.3282,41.09,In Hand
547550,9.7324,-3.4165,1.0199,-66.7786,13.1145,0.7939,40.72,In Hand
547600,10.1921,-5.2337,1.1349,-56.7481,5.6336,1.3740,41.09,In Hand
547650,10.9463,-6.1699,1.0271,-6.9313,-4.8855,-0.4275,40.91,In Hand
547700,9.8162,-5.4468,0.6656,42.5038,-18.0916,-6.7023,40.91,In Hand
547750,9.4044,-4.2473,0.4405,60.3969,-21.4046,-21.9237,40.95,In Hand
547800,9.0668,-3.2250,0.4741,42.2443,-10.5649,-40.7023,41.38,In Hand
547850,9.2057,-2.7031,0.6488,10.8702,-1.2824,-53.0534,41.05,In Hand
547900,9.5553,-2.7916,0.6081,-12.9924,11.5420,-43.8626,40.91,In Hand
547950,9.1746,-3.9816,1.7885,-21.7405,3.8779,-30.8550,40.95,In Hand
548000,8.9519,-4.0175,0.6345,9.3893,-2.7634,2.4427,40.86,In Hand
548050,9.1770,-4.1348,0.8523,49.1908,-4.8550,28.8855,41.28,In Hand
548100,10.1370,-3.3686,0.7254,57.5420,-1.7557,40.8855,40.91,In Hand
548150,10.1418,-3.6272,0.9098,41.1450,2.5344,41.1450,41.05,In Hand
548200,10.1490,-4.3096,1.4700,26.2443,7.6336,9.5267,41.05,In Hand
548250,7.7452,-3.4309,2.0925,22.9008,-19.5725,-5.2061,40.86,In Hand
548300,8.6933,-3.3160,1.1947,43.8931,-29.4198,-5.2061,40.86,In Hand
548350,8.8609,-1.9585,1.6688,39.6183,-35.1450,15.8779,41.19,In Hand
548400,8.7149,-1.5562,1.5131,20.9160,-36.6412,48.4122,41.05,In Hand
548450,9.2871,-2.8252,1.5706,3.6031,-34.1374,59.2061,40.91,In Hand
548500,9.4068,-3.2154,1.8052,-7.5725,-36.9771,46.5496,40.77,In Hand
548550,8.7508,-3.4453,1.3168,2.7328,-38.7786,35.2672,41.19,In Hand
548600,9.1746,-3.0598,1.3384,11.2824,-33.5267,16.3206,40.86,In Hand
548650,9.5696,-2.8012,0.8092,3.5267,-15.2061,6.5191,40.77,In Hand
548700,9.3613,-3.1508,0.3879,-2.1527,8.4580,-2.5344,41.09,In Hand
548750,9.6654,-3.1101,0.3663,-2.3053,32.6870,-3.6489,40.86,In Hand
548800,9.9359,-2.9329,0.3783,-4.9618,49.6794,9.4962,41.09,In Hand
548850,9.8928,-2.5498,0.4717,-10.9771,56.7176,29.2824,41.05,In Hand
548900,9.3637,-2.2697,0.7638,-34.0153,46.9008,43.1756,40.86,In Hand
548950,9.3015,-2.0135,0.7039,-49.0382,46.4580,50.8855,41.09,In Hand
549000,9.1913,-3.8642,1.3072,-78.5343,23.9695,27.5573,40.95,In Hand
549050,10.0293,-4.9871,1.2809,-77.8168,10.0000,-11.0534,40.91,In Hand
549100,9.6079,-4.8842,1.6688,-64.5038,-3.2977,-40.5191,41.05,In Hand
549150,9.5457,-4.8746,1.6592,-52.7634,-12.1679,-71.2061,41.05,In Hand
549200,10.6111,-5.2385,1.0032,-41.2672,-8.8244,-97.0534,40.91,In Hand
549250,11.3533,-4.8770,0.6129,-30.1679,10.6870,-99.9237,41.09,In Hand
549300,10.5680,-4.1875,0.3663,-19.2366,36.5191,-94.9924,40.86,In Hand
549350,9.3613,-3.5841,0.8164,-17.6031,47.0534,-90.8397,40.95,In Hand
549400,9.1506,-3.3615,1.1061,-18.0458,42.4580,-80.4122,41.09,In Hand
549450,8.8394,-3.1484,1.1827,-19.2672,32.3664,-62.8397,40.95,In Hand
549500,8.8801,-2.7892,1.3934,-23.0687,19.6336,-34.7328,40.95,In Hand
549550,8.6167,-2.4924,1.6855,-25.8779,0.0611,7.0840,40.91,In Hand
549600,8.2384,-2.9760,1.3288,-16.9771,-15.8931,40.6412,41.09,In Hand
549650,8.5090,-3.3184,1.5610,-2.4885,-27.3740,58.4580,40.91,In Hand
549700,9.0237,-3.8116,1.0391,10.5038,-33.1908,62.5191,41.09,In Hand
549750,9.4906,-3.5961,0.8978,24.3664,-26.6107,60.0153,40.95,In Hand
549800,9.9048,-3.2394,0.8188,26.1374,-13.2519,57.7252,40.95,In Hand
549850,10.0963,-3.1699,0.9098,18.8092,-0.8244,62.7634,40.86,In Hand
549900,9.8450,-3.5410,0.9505,14.1221,2.7481,61.1145,40.86,In Hand
549950,9.9407,-3.6081,1.0415,12.8855,1.2366,55.8168,41.09,In Hand
550000,10.0652,-3.9337,1.0942,17.5725,-5.7099,50.6870,41.24,In Hand
550050,10.0987,-3.6751,0.9601,18.1527,-7.6031,44.5038,41.19,In Hand
550100,9.7540,-3.7852,1.0534,12.8092,-8.3664,30.8702,40.95,In Hand
550150,9.8809,-3.9241,0.9074,13.8015,-8.3511,13.6489,41.09,In Hand
550200,9.6151,-3.7661,0.9816,11.7710,-6.3053,-1.2366,40.72,In Hand
550250,9.7037,-3.6559,0.8068,13.9847,-1.4046,-11.5267,40.91,In Hand
550300,9.5720,-3.6392,0.8715,8.5954,2.1527,-20.6107,40.91,In Hand
550350,9.6295,-3.5578,0.7230,2.5649,8.3969,-29.0840,40.67,In Hand
550400,9.3350,-3.5937,0.7925,-3.6031,10.6565,-32.4733,40.91,In Hand
550450,9.6630,-3.4213,0.7422,-6.0305,14.8550,-30.3206,41.19,In Hand
550500,9.2967,-3.3686,1.0151,-12.5802,14.7176,-24.7939,41.05,In Hand
550550,9.3111,-3.5698,0.9960,-18.5954,12.0916,-26.0763,40.86,In Hand
550600,9.2201,-3.5650,1.0822,-23.2977,7.5878,-23.7099,40.91,In Hand
550650,9.2512,-3.3160,0.7973,-27.3588,8.6718,-20.9160,40.91,In Hand
550700,9.8569,-2.7892,1.2570,-52.6107,12.8397,-8.9771,40.95,In Hand
550750,9.5433,-3.6105,0.6704,-65.6183,21.2366,-4.5496,40.95,In Hand
550800,9.2871,-3.9456,1.2737,-62.2901,22.9618,-2.7939,40.72,In Hand
550850,8.9854,-4.4939,1.2498,-47.8321,14.7634,-10.7023,40.95,In Hand
550900,8.8777,-4.5633,1.4844,-27.6794,6.3817,-22.2901,41.05,In Hand
550950,9.1267,-4.1970,1.3862,-9.7405,0.2443,-27.7252,40.95,In Hand
551000,9.3350,-3.5841,1.3958,0.1679,0.7023,-19.1450,40.95,In Hand
551050,9.1866,-3.5410,1.5251,-0.9313,-1.8473,-10.3359,41.19,In Hand
551100,9.0956,-3.4237,1.3934,-2.8092,-3.4198,-2.3511,40.95,In Hand
551150,9.2081,-3.4237,1.6568,-7.7557,-7.4809,4.1985,40.95,In Hand
551200,9.3518,-3.5961,1.3144,-8.7939,-8.8244,11.0687,40.72,In Hand
551250,9.6175,-3.6440,1.5323,-6.6260,-8.3664,17.9237,41.09,In Hand
551300,9.3589,-3.8834,1.1732,2.2443,-6.0763,18.5496,40.86,In Hand
551350,9.3589,-3.6536,1.1899,15.4809,0.0458,15.9237,40.86,In Hand
551400,9.4930,-3.5865,1.2091,17.1908,4.1832,13.5420,40.91,In Hand
551450,9.5960,-3.4046,1.0080,18.5954,9.6183,12.4580,41.09,In Hand
551500,9.6007,-3.3016,1.0247,13.5725,11.2366,13.9389,40.95,In Hand
551550,9.3230,-3.2106,1.1923,7.1298,8.3969,15.3130,40.91,In Hand
551600,9.3350,-3.3112,1.3024,2.6260,2.0916,13.1298,40.77,In Hand
551650,9.3685,-3.5386,1.1492,3.9084,-2.8550,10.4122,40.91,In Hand
551700,9.2775,-3.4788,1.1349,3.1145,-7.5420,8.2748,40.77,In Hand
551750,9.5241,-3.5602,0.9649,2.3206,-10.4427,5.4504,40.95,In Hand
551800,9.4308,-3.6057,1.1947,-1.1145,-12.0153,1.9695,40.91,In Hand
551850,9.2632,-3.7493,1.0702,-2.9160,-11.7557,-4.1069,40.95,In Hand
551900,9.4308,-3.5817,1.1588,-4.7634,-9.5267,-8.0611,40.91,In Hand
551950,9.4044,-3.4500,0.9098,-6.7176,-4.2595,-14.8244,40.95,In Hand
552000,9.5888,-3.3136,1.0654,-14.6718,3.1603,-12.9313,40.77,In Hand
552050,9.4379,-3.6057,0.8547,-19.7710,6.8092,-7.8321,40.95,In Hand
552100,9.4355,-3.6703,0.9505,-12.8092,10.0305,-3.0229,40.91,In Hand
552150,9.3254,-3.7924,1.1564,-4.4275,10.2290,-5.4809,40.77,In Hand
552200,9.1602,-3.4620,1.3455,-3.3130,5.6641,-11.0687,40.91,In Hand
552250,9.3015,-3.4500,1.4078,-5.9542,0.8855,-13.7557,41.05,In Hand
552300,9.2799,-3.4836,1.2641,-6.9924,-2.0000,-13.7710,41.05,In Hand
552350,9.3278,-3.5219,1.0798,-6.9160,-3.0992,-8.9008,41.19,In Hand
552400,9.4523,-3.4333,1.0391,-6.1527,-2.8244,-0.5802,40.95,In Hand
552450,9.3302,-3.5338,1.1444,-5.0687,-0.9618,3.8321,40.91,In Hand
552500,9.4092,-3.7158,1.0080,-2.2290,-0.5649,7.2061,40.86,In Hand
552550,9.3015,-3.7302,1.1037,5.4046,-0.3511,5.5420,41.19,In Hand
552600,9.3302,-3.4429,1.1851,4.5038,-3.2214,3.2061,40.91,In Hand
552650,9.4739,-3.3878,1.0487,0.2290,-3.4656,2.5954,40.95,In Hand
552700,9.5792,-3.3471,1.1205,-1.7863,-2.2901,7.2061,41.24,In Hand
552750,9.3853,-3.5913,1.0008,-0.4275,-0.6718,7.0382,40.95,In Hand
552800,9.3182,-3.5793,1.1301,0.1069,-2.2290,3.7405,40.77,In Hand
552850,9.5002,-3.4189,0.8284,1.9542,-0.1527,3.4046,40.72,In Hand
552900,9.4451,-3.4046,1.1157,-4.8550,3.6641,5.8168,40.86,In Hand
552950,9.4068,-3.5745,0.9936,-8.3969,4.2748,2.6565,40.91,In Hand
553000,9.3302,-3.5889,1.1181,-8.2901,3.0229,-1.9237,40.91,In Hand
553050,9.2392,-3.7326,1.0582,-1.4198,-0.1527,-5.9847,41.09,In Hand
553100,9.2464,-3.6105,1.2402,5.2061,-4.1069,-4.4733,41.19,In Hand
553150,9.4188,-3.6895,0.9649,8.0916,-5.9084,-1.0534,41.05,In Hand
553200,9.6438,-3.5051,0.8882,8.1679,-1.2366,1.8168,41.05,In Hand
553250,9.5241,-3.3184,0.9912,3.6336,2.2901,3.4351,40.95,In Hand
553300,9.3661,-3.3040,1.0247,-1.2061,3.8931,2.9466,41.19,In Hand
553350,9.4858,-3.4189,1.1229,-4.4733,3.3435,2.4122,41.09,In Hand
553400,9.4739,-3.7469,0.8140,-3.0840,2.4733,0.2290,40.95,In Hand
553450,9.4332,-3.6129,1.1205,-0.2901,1.1298,-2.7023,41.05,In Hand
553500,9.4140,-3.6344,1.0080,3.1756,-0.1374,-5.2672,40.91,In Hand
553550,9.4786,-3.4548,1.0678,3.7252,-0.6718,-6.8092,40.91,In Hand
553600,9.2584,-3.4572,1.0606,0.3053,-0.9924,-7.0229,40.91,In Hand
553650,9.4451,-3.5291,0.9649,-1.0076,0.4427,-6.8550,41.09,In Hand
553700,9.5122,-3.5171,1.1325,-5.4962,3.2977,-6.1527,41.19,In Hand
553750,9.4858,-3.8427,1.0175,-5.0992,3.4046,-6.2290,40.86,In Hand
553800,9.4954,-3.8379,1.1588,-0.3511,1.9084,-5.7252,41.05,In Hand
553850,9.1698,-3.6751,1.2330,5.2824,-0.9008,-5.9847,40.91,In Hand
553900,9.1506,-3.4405,1.2306,7.1908,-3.6489,-7.1298,41.05,In Hand
553950,9.2464,-3.3303,1.2689,6.7939,-4.5344,-3.1145,41.19,In Hand
554000,9.3302,-3.3016,1.1205,8.2748,-5.0840,3.6794,40.67,In Hand
554050,9.4092,-3.5434,1.0151,10.7634,-3.7405,9.0229,41.19,In Hand
554100,9.3565,-3.4213,1.0965,14.6565,-2.6260,13.3130,40.91,In Hand
554150,9.2057,-3.3878,1.2426,17.0534,-3.5267,14.1679,41.05,In Hand
554200,9.2225,-3.4812,1.2689,23.1450,-14.7939,13.7863,40.95,In Hand
554250,9.5265,-3.2657,0.9218,36.8702,-20.6412,20.1679,40.86,In Hand
554300,9.7683,-3.1987,0.7398,34.2901,-20.7634,16.0153,40.77,In Hand
554350,9.9192,-2.6552,0.4932,19.9542,-8.8855,9.1450,40.86,In Hand
554400,9.7707,-2.5666,0.5219,-2.3664,4.6718,7.2977,40.95,In Hand
554450,9.6223,-3.0119,0.8978,-25.7863,13.8168,1.8473,41.28,In Hand
554500,9.5816,-3.5243,0.9912,-35.3435,12.2290,-4.8702,40.86,In Hand
554550,9.6678,-3.7948,1.1061,-28.5649,8.8550,-2.9924,41.19,In Hand
554600,9.6726,-3.8331,1.0894,-17.2977,6.1221,-1.1908,40.72,In Hand
554650,9.7420,-3.9002,0.8715,-11.3282,6.8855,-4.7328,41.05,In Hand
554700,9.1913,-3.7038,1.1708,-15.4351,7.4046,-16.6870,41.05,In Hand
554750,9.3877,-3.5291,1.3192,-23.6489,2.4580,-23.5114,40.86,In Hand
554800,9.4020,-3.5961,1.2594,-23.1603,-0.0458,-20.1832,40.86,In Hand
554850,9.5960,-3.5434,1.1301,-20.0611,1.4198,-10.9771,41.05,In Hand
554900,9.6558,-3.6727,1.1492,-14.9160,4.9924,-1.1603,40.95,In Hand
554950,9.3541,-3.7014,1.3120,-9.1908,6.9160,0.4885,40.77,In Hand
555000,9.3111,-3.7445,1.0989,-2.6107,8.1221,-2.7023,40.91,In Hand
555050,9.3158,-3.6703,1.2258,1.9695,8.2290,-4.1832,41.05,In Hand
555100,9.3565,-3.5386,1.0965,3.1603,8.6718,-6.7176,41.09,In Hand
555150,9.3374,-3.4046,1.1372,2.7939,10.5191,-5.6947,40.95,In Hand
555200,9.4379,-3.3399,1.0534,-0.7786,11.5573,-2.2137,41.24,In Hand
555250,9.0573,-3.4979,1.0774,-4.2748,9.5878,-0.4733,40.91,In Hand
555300,9.1961,-3.5362,1.2546,-2.9771,4.5954,1.4504,40.91,In Hand
555350,9.1866,-3.6440,1.2809,0.3206,-3.7557,6.0305,40.95,In Hand
555400,9.0501,-3.5338,1.3527,5.2824,-11.7710,8.7786,40.95,In Hand
555450,9.2703,-3.3543,1.3240,5.6947,-16.2595,9.2214,41.05,In Hand
555500,9.4571,-3.4572,1.2163,4.2290,-16.1832,9.9389,40.95,In Hand
555550,9.4499,-3.4812,1.1013,3.0687,-10.6107,9.7252,41.05,In Hand
555600,9.5696,-3.4189,1.1013,3.5725,-3.0229,8.8702,41.19,In Hand
555650,9.5768,-3.5195,1.1061,3.7405,1.4656,6.5954,40.95,In Hand
555700,9.5433,-3.5003,1.1349,6.2443,4.6870,3.5878,40.95,In Hand
555750,9.4140,-3.4692,1.2474,6.1985,2.2748,1.4656,41.19,In Hand
555800,9.3757,-3.3710,1.1947,6.2748,-1.1908,0.2901,40.95,In Hand
555850,9.4451,-3.2633,1.1756,3.6336,-3.2672,0.2290,40.95,In Hand
555900,9.5960,-3.2848,1.1851,-1.4198,-2.1679,1.1756,41.09,In Hand
555950,9.6750,-3.3830,1.2450,-7.4962,0.2748,0.8550,41.05,In Hand
556000,9.6223,-3.4381,1.0127,-10.5954,6.3969,-0.5344,41.05,In Hand
556050,9.4595,-3.6009,1.1301,-11.9542,10.5191,-8.1374,40.77,In Hand
556100,9.6941,-3.5243,1.3551,-15.7252,11.0382,-14.1832,40.91,In Hand
556150,9.6989,-3.7158,1.8866,-20.4886,2.2290,-17.0534,40.86,In Hand
556200,9.2847,-4.1204,1.8962,-18.4580,-16.1069,-22.2290,40.91,In Hand
556250,9.5002,-3.9241,1.4581,-4.3664,-22.1221,-26.0916,40.86,In Hand
556300,9.4499,-3.6607,1.0750,4.0458,-16.9160,-26.8550,40.95,In Hand
556350,9.5026,-3.1675,0.6536,10.6870,0.8244,-18.5649,41.09,In Hand
556400,9.7444,-2.9281,0.6153,10.7634,20.3969,-2.4733,40.95,In Hand
556450,9.4786,-2.9137,1.0056,8.2748,32.4427,15.6031,40.67,In Hand
556500,9.3302,-3.1556,1.4724,9.9084,29.4198,29.8321,41.05,In Hand
556550,9.4427,-3.6823,1.8100,9.8321,12.7481,37.8015,40.72,In Hand
556600,9.2703,-4.1635,1.9944,14.5649,-10.6718,30.7023,40.95,In Hand
556650,9.4595,-4.2186,1.6640,24.3511,-28.0000,12.7634,40.95,In Hand
556700,9.7109,-3.8164,1.2977,28.5344,-31.8931,-1.8321,40.77,In Hand
556750,9.7324,-3.3878,1.0008,29.3740,-22.2290,-7.0840,40.77,In Hand
556800,9.6223,-3.0430,0.9744,26.3053,-5.9847,-4.4733,40.95,In Hand
556850,9.5505,-2.8252,0.8763,18.2595,11.3130,0.9466,40.91,In Hand
556900,9.2895,-2.9975,1.1396,9.6183,23.4046,0.8397,40.95,In Hand
556950,9.1818,-3.0765,1.5299,1.8626,24.8244,2.9313,40.95,In Hand
557000,8.9112,-2.7222,1.9537,-4.8397,16.7939,14.5191,41.05,In Hand
557050,9.3278,-3.0454,1.8507,-9.3588,3.8779,27.8779,40.95,In Hand
557100,9.3661,-3.3255,2.1021,-13.7557,-8.9008,34.6260,41.05,In Hand
557150,9.3422,-3.8930,2.2362,-17.6641,-25.3282,28.7481,41.05,In Hand
557200,9.4810,-4.3934,2.0231,-10.1985,-35.7252,11.0534,40.72,In Hand
557250,9.3757,-4.1108,1.4437,5.7252,-33.9389,-7.7252,40.77,In Hand
557300,9.3589,-3.6583,1.4030,18.8397,-20.9924,-21.1908,40.95,In Hand
557350,9.0190,-3.2417,1.5251,16.2443,-7.6947,-33.2214,41.09,In Hand
557400,9.0190,-3.1005,1.4820,8.6565,4.3053,-40.9618,41.09,In Hand
557450,8.8155,-3.3016,1.4198,-0.7023,14.9924,-44.8702,41.09,In Hand
557500,8.5162,-2.9808,1.3934,-5.3588,22.2595,-41.3740,40.95,In Hand
557550,8.2313,-2.9664,1.3838,-8.1985,22.9924,-27.7099,40.72,In Hand
557600,8.2217,-2.7414,1.5467,-8.3359,17.7099,-5.9695,40.77,In Hand
557650,8.1618,-2.4229,1.4341,-5.4198,12.7939,21.8473,41.05,In Hand
557700,8.7532,-2.3152,1.5634,-13.6031,4.8092,48.3664,40.95,In Hand
557750,8.8897,-3.1268,1.2713,-24.0000,-2.6412,66.4733,40.95,In Hand
557800,9.1243,-3.9217,1.4413,-22.1527,-12.2748,64.4427,41.09,In Hand
557850,9.5936,-4.4939,1.4485,-15.8931,-24.0000,50.6718,40.77,In Hand
557900,10.1131,-4.6040,1.2546,-4.4427,-31.1298,36.7939,40.95,In Hand
557950,9.7013,-4.6280,1.3096,1.5573,-34.2443,17.6183,41.24,In Hand
558000,9.4834,-4.5442,0.9577,11.9084,-34.7786,-9.2061,40.95,In Hand
558050,9.9407,-4.2329,0.5243,17.2519,-24.0611,-28.2290,40.77,In Hand
558100,11.2767,-3.8547,-0.4334,18.4122,2.4733,-31.0534,41.24,In Hand
558150,10.4842,-2.9688,0.3543,-6.1069,27.2519,-32.4122,40.86,In Hand
558200,9.8976,-2.8826,0.6776,-41.8626,37.4046,-30.1527,40.86,In Hand
558250,9.5529,-3.4812,0.8906,-57.8473,41.3588,-28.0000,40.95,In Hand
558300,9.4212,-4.6567,1.0870,-62.3664,26.1679,-35.1603,40.86,In Hand
558350,9.9335,-5.1619,0.9601,-42.7786,11.3893,-40.2290,40.86,In Hand
558400,10.3741,-4.3622,0.5914,-16.1985,10.6412,-34.2443,40.77,In Hand
558450,9.0836,-3.2633,0.9888,-22.4427,14.3359,-29.3740,41.19,In Hand
558500,9.2081,-3.5003,0.5411,-44.2290,22.2137,-32.7023,40.95,In Hand
558550,8.8921,-3.8331,0.6728,-41.6336,32.7786,-25.2672,40.95,In Hand
558600,8.8155,-3.9002,1.2546,-32.6260,25.5420,-15.8168,40.95,In Hand
558650,9.3422,-3.4716,1.0846,-16.5802,18.3053,14.5344,40.95,In Hand
558700,9.0621,-3.2705,1.5419,-2.6412,2.5496,52.0000,40.91,In Hand
558750,9.3230,-3.4596,1.6185,8.5191,-20.6718,84.6107,40.95,In Hand
558800,9.0884,-4.5562,1.4892,23.5114,-38.2290,93.9084,40.86,In Hand
558850,9.3254,-4.6711,1.2186,47.4198,-49.7710,77.2214,41.05,In Hand
558900,11.6358,-5.8059,0.6393,75.1603,-45.6336,58.5649,40.91,In Hand
558950,10.8625,-5.2289,0.2969,103.4046,-34.8092,36.6412,41.05,In Hand
559000,9.9910,-3.8523,0.6273,114.7939,-31.8168,18.2748,40.95,In Hand
559050,9.6606,-2.9305,1.0870,94.4580,-30.1374,-5.9847,40.77,In Hand
559100,9.2249,-2.5833,1.8411,47.1908,-34.9008,-25.3435,40.95,In Hand
559150,9.1578,-3.4357,1.3982,18.6260,-40.3817,-41.6947,40.86,In Hand
559200,8.9974,-3.9097,1.5610,15.8779,-44.5802,-55.9847,40.95,In Hand
559250,9.6630,-3.9696,1.0415,21.0840,-41.2061,-70.9008,40.95,In Hand
559300,10.1155,-3.0813,0.4812,21.9237,-20.2901,-62.8244,40.86,In Hand
559350,9.7995,-2.8084,0.1939,21.2672,4.8550,-46.0000,41.05,In Hand
559400,9.8545,-3.0382,0.8212,11.9084,18.8550,-38.9466,41.05,In Hand
559450,9.2871,-3.0502,1.0439,4.3817,10.7328,-36.7634,40.91,In Hand
559500,9.0860,-3.1867,0.9457,13.9237,0.4275,-35.8626,41.24,In Hand
559550,9.2009,-2.6145,1.3815,15.5267,-19.7710,-35.1756,40.86,In Hand
559600,8.9184,-2.3559,1.2306,9.1908,-39.8015,-34.2748,40.91,In Hand
559650,9.8019,-1.4054,1.1061,-1.0840,-50.3817,-51.1450,40.91,In Hand
559700,10.8912,-0.8188,0.7590,-6.8855,-48.4580,-51.4046,40.77,In Hand
559750,9.9264,-0.1915,0.6464,-19.8626,-55.6031,-38.6412,41.19,In Hand
559800,10.0461,-0.0622,0.0359,-46.7176,-54.7939,-23.8626,41.05,In Hand
559850,10.3070,-0.4669,-0.6800,-51.7252,-42.0305,-15.4351,40.95,In Hand
559900,9.8545,0.4884,-0.3879,-57.5878,-32.6412,-7.8015,40.95,In Hand
559950,11.1737,0.5866,0.9218,-113.5573,43.9389,-28.9313,41.09,In Hand
560000,9.0022,-0.1413,0.9840,-78.5802,24.7786,-41.2366,40.91,In Hand
560050,9.5433,0.8499,0.6728,-32.0305,-23.5420,-28.4733,40.86,In Hand
560100,10.5297,1.7047,-0.0790,-30.9924,-17.7557,-21.9389,40.91,In Hand
560150,10.6710,1.5826,-1.1803,-49.3282,7.2061,-32.4885,40.91,In Hand
560200,10.8697,2.4948,-1.4892,-63.8321,32.4885,-37.0076,41.09,In Hand
560250,10.1778,2.9568,-0.8475,-97.8626,51.5267,-59.8473,40.91,In Hand
560300,9.5624,3.0765,0.0311,-104.5802,45.6794,-73.7252,40.72,In Hand
560350,9.4954,3.3543,1.0223,-86.1069,25.8779,-78.4580,40.95,In Hand
560400,9.2991,4.3742,1.1827,-82.4885,23.2214,-84.8550,40.95,In Hand
560450,9.2153,4.3144,1.5562,-83.1145,20.5649,-84.1679,40.95,In Hand
560500,9.0142,4.5897,2.7342,-73.2824,19.2061,-76.7481,40.86,In Hand
560550,7.4172,5.4803,3.4261,-26.0611,-6.3511,-79.0229,41.05,In Hand
560600,8.3031,7.5872,3.9097,-32.7786,-5.8321,-78.2901,40.67,In Hand
560650,6.5649,6.8426,3.1651,-25.8931,3.6641,-82.6718,40.77,In Hand
560700,6.9839,7.4771,3.1891,-32.2290,-0.5802,-80.6412,40.86,In Hand
560750,6.7253,7.9727,2.6552,-48.4580,7.7863,-71.3893,41.19,In Hand
560800,5.5617,7.6854,2.4517,-67.1298,9.3435,-58.3969,40.91,In Hand
560850,5.1930,7.3047,4.4269,-70.9160,16.4275,-64.1221,40.91,In Hand
560900,5.0374,6.5529,4.1132,-88.5496,14.6260,-57.1450,40.91,In Hand
560950,4.2689,6.4165,5.7126,-65.5573,14.0458,-40.7939,41.09,In Hand
561000,3.9289,7.3789,5.5091,-19.3435,2.9008,-22.4275,41.09,In Hand
561050,4.8770,8.6670,5.9616,-4.3817,33.6031,-29.9542,40.91,In Hand
561100,4.1420,9.0621,4.7597,-20.0611,55.8168,-30.8702,41.05,In Hand
561150,2.4086,7.1611,6.5625,-27.7863,62.2595,-25.5573,41.19,In Hand
561200,1.9225,6.6343,6.7780,-14.8702,41.0992,-44.1985,40.95,In Hand
561250,1.3384,8.3629,6.8354,16.1527,28.2443,-61.0840,40.77,In Hand
561300,1.6951,8.8849,4.9249,1.5420,38.3969,-20.0458,41.24,In Hand
561350,2.4229,7.7452,3.6727,-4.1679,46.8550,-32.7481,40.95,In Hand
561400,0.5938,7.0126,6.4620,7.5573,56.1679,-26.1679,40.72,In Hand
561450,1.7669,8.0900,5.8873,18.7176,34.7634,-23.2824,40.77,In Hand
561500,2.1069,7.0366,5.4708,8.3664,43.4351,-14.4275,41.09,In Hand
561550,0.6321,6.2728,7.0533,1.6947,31.5573,-22.9618,40.95,In Hand
561600,0.8523,6.4021,7.8314,-9.4198,23.9389,-12.5344,40.95,In Hand
561650,-0.3879,5.9472,8.9399,-7.0687,23.9389,-17.4351,41.28,In Hand
561700,-1.7334,6.8283,9.8928,8.1374,8.1221,-19.3740,40.72,In Hand
561750,-3.5314,10.0245,8.7652,2.4275,-0.5649,1.5115,40.91,In Hand
561800,-4.9752,9.8761,6.2106,-15.5725,-35.0229,9.3588,40.95,In Hand
561850,-0.6752,7.1204,5.4037,-3.3282,-43.3435,6.6870,40.95,In Hand
561900,1.7286,5.7221,6.5673,35.0229,-17.5420,12.2290,41.09,In Hand
561950,1.0223,7.7141,7.1635,62.2595,-0.8244,18.4275,40.86,In Hand
562000,0.0215,8.9495,6.1004,55.0229,-4.1221,32.1221,40.95,In Hand
562050,-0.0527,9.4403,5.2194,44.3664,3.7405,22.9618,40.86,In Hand
562100,-0.2825,10.8601,4.3670,25.7863,9.0534,2.8702,40.91,In Hand
562150,-0.0168,9.2440,3.6440,21.2061,19.9847,-16.3359,40.91,In Hand
562200,0.5602,9.7779,2.3104,47.4809,41.8168,-12.5344,41.09,In Hand
562250,0.2466,11.2887,1.8340,46.7176,43.4351,16.2290,41.05,In Hand
562300,1.5419,9.4810,2.2505,51.6031,47.8626,33.3435,41.05,In Hand
562350,2.5450,9.5984,2.6001,59.9695,53.9542,15.3282,40.86,In Hand
562400,3.4141,10.9822,2.4612,39.9847,70.0611,27.8321,40.91,In Hand
562450,1.6879,9.4523,3.5961,14.3969,78.2748,47.6336,41.09,In Hand
562500,0.4884,8.8035,3.8068,16.5954,67.3740,49.7863,41.09,In Hand
562550,-0.3711,9.6079,3.2417,15.0076,53.8321,48.2290,40.95,In Hand
562600,-0.6345,10.5034,1.6879,6.5802,37.9542,35.5725,40.95,In Hand
562650,-1.3264,10.5489,1.6400,-2.1374,15.0687,18.4275,40.86,In Hand
562700,-0.9074,10.4148,1.4317,-5.3588,-11.9237,20.7481,41.24,In Hand
562750,0.3926,10.2807,1.6281,-15.7557,-30.2443,7.4962,40.95,In Hand
562800,1.2210,8.5856,1.7573,0.1069,-21.0687,0.1527,40.91,In Hand
562850,1.8986,10.5512,1.3671,-2.7328,-8.0458,1.2519,40.77,In Hand
562900,0.8404,9.8354,1.7214,-5.3893,-1.6489,-11.8626,40.77,In Hand
562950,0.6680,9.5696,1.2665,-16.4733,0.5191,8.2290,40.86,In Hand
563000,0.0622,8.9471,1.6137,-16.6412,0.1679,6.3664,40.86,In Hand
563050,0.2562,9.5146,1.3120,-14.4580,3.1756,1.2672,41.05,In Hand
563100,-0.5555,10.0963,1.9273,-12.3817,3.7710,2.2748,40.95,In Hand
563150,0.7757,9.5337,1.2689,-12.9771,17.3740,19.7099,40.77,In Hand
563200,0.7685,9.6319,1.2019,-4.1832,35.3740,-1.4504,41.19,In Hand
563250,0.3855,9.6534,1.8316,-2.7023,45.9389,7.6183,40.72,In Hand
563300,1.4868,10.2927,2.8898,1.6031,42.5038,17.8779,41.05,In Hand
563350,2.2218,10.0509,3.4860,5.2061,45.3893,2.0763,40.91,In Hand
563400,3.0167,10.7931,3.5362,2.8092,49.6031,-5.2366,40.95,In Hand
563450,2.5762,11.3509,3.8020,-16.4275,40.7023,-9.3435,40.95,In Hand
563500,2.5163,9.1866,4.2832,-29.0382,26.8702,1.4809,41.09,In Hand
563550,2.3870,8.2528,4.3215,-13.3740,8.8092,-11.7405,41.19,In Hand
563600,3.0861,8.7221,3.7326,-0.1221,-0.6565,-9.4351,40.91,In Hand
563650,2.2434,9.0980,4.2713,-6.2290,-6.6260,-0.1832,40.95,In Hand
563700,2.0758,8.4731,4.5442,-9.1298,-17.8626,8.9771,40.95,In Hand
563750,1.0702,8.7269,5.0302,-12.2443,-25.4809,0.6412,40.77,In Hand
563800,1.4748,9.1794,4.6136,-19.8473,-30.5649,16.1527,40.86,In Hand
563850,1.2905,9.3063,4.4556,-29.1450,-25.2061,14.5649,41.05,In Hand
563900,0.8595,8.6191,4.1731,-8.5344,-26.6412,7.1603,41.09,In Hand
563950,1.5036,10.1634,3.5698,-7.2519,-26.0763,14.1069,40.72,In Hand
564000,1.2139,9.6917,4.2569,3.3588,-21.6489,13.8015,41.09,In Hand
564050,2.7485,11.7723,3.2010,2.1679,-8.8244,31.5725,40.72,In Hand
564100,0.5028,7.9416,4.0247,13.6947,-2.5649,-7.6641,41.28,In Hand
564150,0.1748,10.1586,3.9433,18.8244,-7.8168,-5.8473,41.05,In Hand
564200,0.3687,9.0118,4.2329,22.3817,-14.1221,-1.6183,41.05,In Hand
564250,1.4078,9.8138,4.8578,20.1221,-16.5038,-6.7634,40.95,In Hand
564300,2.6001,10.2783,3.5075,-9.1298,-10.5802,7.5420,40.95,In Hand
564350,0.9098,7.7021,4.5059,5.4504,-13.9237,-8.1527,40.91,In Hand
564400,2.4660,11.0109,2.3535,27.2824,-24.5954,-10.1985,41.19,In Hand
564450,3.6536,13.3956,1.9968,-3.5573,-16.7328,-20.2595,41.24,In Hand
564500,4.0103,10.7260,0.7685,-27.1450,-4.3969,-13.8779,40.95,In Hand
564550,2.6264,5.7365,1.4389,-26.5802,-4.2443,-5.9542,40.95,In Hand
564600,3.2082,7.0318,2.0638,-13.2061,-14.3206,3.8168,41.09,In Hand
564650,4.3287,8.6742,2.4157,-7.5573,-5.2519,20.6870,40.95,In Hand
564700,3.9289,7.1323,2.3272,-4.0611,16.9466,34.7328,40.95,In Hand
564750,2.5522,7.8985,3.2753,1.8168,21.5878,27.0840,40.95,In Hand
564800,2.4995,8.7197,3.1508,-2.2901,10.4122,16.6565,40.91,In Hand
564850,3.0119,9.4020,2.9951,-18.8244,-3.6489,11.7863,40.86,In Hand
564900,2.7174,9.3518,3.4381,-43.3588,-16.7786,-3.9542,41.19,In Hand
564950,1.9896,8.3438,4.1324,-41.2977,-44.8702,-16.6718,41.05,In Hand
565000,3.1436,8.8705,4.3120,-40.0153,-54.7328,-14.9466,40.95,In Hand
565050,3.3830,9.2440,4.8147,-31.5267,-43.4351,-22.8702,41.24,In Hand
565100,3.6631,10.8098,4.7381,-29.8931,-28.5802,-15.5420,41.05,In Hand
565150,2.9497,11.0708,5.1571,-26.5802,-27.6031,-5.7557,41.09,In Hand
565200,3.4093,11.3413,3.5506,-41.8015,-23.8473,-5.8015,40.86,In Hand
565250,3.0263,9.0884,2.7318,-59.6031,-32.8397,-9.2824,41.09,In Hand
565300,4.8626,8.0493,3.3543,-52.2290,-60.8550,0.8244,40.86,In Hand
565350,6.6918,6.4548,3.9792,-7.1908,-61.3130,2.8397,41.09,In Hand
565400,5.5450,8.3629,4.8483,-1.6031,-53.5878,-7.2977,41.19,In Hand
565450,3.5434,8.2025,5.6503,-12.7634,-62.7023,-1.7557,40.95,In Hand
565500,3.2154,7.5753,5.9185,-30.5344,-73.4504,-10.3664,40.86,In Hand
565550,4.6687,7.9775,4.8435,-41.4962,-71.3282,-9.7099,40.95,In Hand
565600,4.2114,7.1467,5.3295,-30.1069,-54.2443,-16.5496,40.95,In Hand
565650,3.3662,9.3230,5.4540,-18.1985,-56.5649,-16.2290,40.95,In Hand
565700,3.4668,9.5098,5.1691,-35.5420,-65.5878,-16.8855,41.19,In Hand
565750,4.1300,7.9464,4.2904,-28.6718,-56.8092,-22.4122,40.77,In Hand
565800,3.0574,7.4077,4.6448,-3.4809,-40.8397,-27.6794,41.09,In Hand
565850,3.4261,8.0924,4.3072,21.0687,-30.9618,-30.1832,41.09,In Hand
565900,3.2202,11.0636,5.7509,31.7863,-38.8702,-41.8168,40.95,In Hand
565950,5.1140,12.1003,3.0287,14.3969,-37.2366,-16.4886,41.19,In Hand
566000,6.7038,10.0269,-1.1564,-8.1985,5.0076,-15.0992,40.95,In Hand
566050,2.3990,7.1922,1.8507,-28.1374,16.3511,-30.8702,41.09,In Hand
566100,0.6560,5.0230,4.5610,-1.9847,-39.7710,-18.6565,40.95,In Hand
566150,5.9496,8.9519,3.0454,5.1450,-48.2901,-4.4733,40.95,In Hand
566200,7.0940,8.7436,1.7573,-14.9313,-3.2977,13.9847,41.24,In Hand
566250,4.3335,8.2959,2.5714,-8.0153,36.6870,6.4275,40.91,In Hand
566300,0.7877,8.2624,3.1556,3.4198,37.5878,15.7557,41.24,In Hand
566350,0.6297,8.7963,3.1939,11.3282,18.6260,14.0153,40.95,In Hand
566400,2.9090,10.1634,2.2003,4.9924,25.8168,0.0916,40.86,In Hand
566450,2.7964,10.5752,3.0813,1.3893,38.2137,-7.2977,40.95,In Hand
566500,1.8603,8.4563,3.1915,6.2290,44.9160,-9.6489,40.91,In Hand
566550,2.5307,9.0956,3.7158,15.9847,49.4351,-15.1603,40.95,In Hand
566600,3.5626,9.6989,3.1484,21.3893,67.0076,-9.0687,40.91,In Hand
566650,1.7813,9.1506,4.6184,22.8702,83.4198,-14.8244,40.91,In Hand
566700,1.6305,11.4610,5.5593,20.0305,60.6870,-15.1298,40.95,In Hand
566750,4.4388,11.9231,3.7469,4.3664,73.0382,-18.9160,40.77,In Hand
566800,3.4979,9.2033,3.0550,4.7023,87.3282,-39.3740,40.77,In Hand
566850,0.9218,8.1523,5.2577,21.3282,46.3817,-35.7557,41.09,In Hand
566900,4.1252,8.5688,3.8427,47.4504,26.3511,-7.9542,40.95,In Hand
566950,5.9807,11.1546,3.3998,50.8702,15.6947,-18.2595,41.38,In Hand
567000,5.9113,10.7763,2.8132,22.5496,24.2290,14.0000,40.91,In Hand
567050,3.1340,9.0549,3.6895,8.2137,20.1374,17.6183,40.86,In Hand
567100,0.9122,7.5609,4.5107,9.0382,-8.9160,27.6641,41.09,In Hand
567150,1.7957,8.2001,4.3479,-1.8779,-41.4198,26.6412,41.19,In Hand
567200,3.1987,7.6878,3.6344,-9.4198,-55.5115,19.3130,41.05,In Hand
567250,2.0375,8.3677,4.5442,-4.2137,-72.3206,-4.5038,40.95,In Hand
567300,2.8659,10.6853,4.1348,-17.6336,-100.7939,13.3893,41.09,In Hand
567350,4.6400,10.8864,2.9904,-38.2748,-104.1679,26.1527,41.09,In Hand
567400,2.5690,8.9615,4.6759,-50.3053,-110.1679,24.4886,40.95,In Hand
567450,1.5874,9.3111,4.6759,-22.2290,-151.1298,20.7786,40.95,In Hand
567500,5.1380,11.8178,1.2330,-17.3893,-136.3206,8.5649,41.19,In Hand
567550,5.0254,10.8529,1.2953,-34.7176,-95.7863,-4.3511,41.09,In Hand
567600,2.7150,7.8075,2.3655,-37.7863,-82.0916,-16.3969,41.05,In Hand
567650,2.3032,6.9815,2.1404,-20.6565,-93.2824,-23.6794,40.91,In Hand
567700,3.1101,8.6886,2.2122,-20.4580,-100.4580,-24.7328,40.95,In Hand
567750,4.5298,10.6231,1.3719,-11.0992,-90.8855,-14.0458,41.05,In Hand
567800,4.7094,10.2232,0.4860,-31.7252,-55.3740,7.3282,40.91,In Hand
567850,2.3942,8.2001,1.1444,-25.2061,-28.0458,-0.2137,40.95,In Hand
567900,1.2617,8.7939,1.2833,-6.3206,-29.5573,0.0000,40.95,In Hand
567950,2.3846,9.2129,0.8452,-7.2061,-28.6870,4.5191,40.95,In Hand
568000,3.3327,9.5265,1.6855,-1.5878,-23.0076,-9.9389,41.19,In Hand
568050,4.2186,10.9367,1.0702,-15.7710,-16.3664,-10.1374,40.95,In Hand
568100,4.3814,9.9096,0.4788,-32.0763,-3.4504,-2.5954,41.05,In Hand
568150,2.5379,7.4771,1.5347,-24.5954,-2.2901,-3.2672,40.95,In Hand
568200,2.7845,8.9543,2.0183,5.9542,-14.9313,-5.8473,41.09,In Hand
568250,3.5745,10.3238,2.1452,0.6565,-14.8092,3.0687,40.95,In Hand
568300,4.5729,10.4794,0.7278,-3.0076,9.4504,-11.6641,40.91,In Hand
568350,2.2649,9.1339,1.0894,3.8015,17.1908,-23.2977,41.05,In Hand
568400,1.8316,9.7971,1.2761,2.2443,6.0305,-19.2061,40.91,In Hand
568450,1.9656,9.9623,1.4269,4.2443,-7.3740,-32.2137,41.09,In Hand
568500,2.9880,10.1323,1.6041,-2.4122,-12.4885,-24.3359,40.95,In Hand
568550,3.7110,9.5481,1.9920,-13.4656,-8.6260,-14.5954,40.86,In Hand
568600,4.0247,7.3071,1.7406,4.3969,8.4733,-8.3511,40.86,In Hand
568650,2.9257,8.7700,2.8012,13.9695,10.9313,-15.6336,40.91,In Hand
568700,2.9616,9.2440,2.7294,1.9084,5.5725,4.2443,41.09,In Hand
568750,3.6655,9.9096,2.5594,-14.9313,-5.0229,19.2672,41.05,In Hand
568800,4.2018,8.4827,1.2282,-6.0000,5.7863,13.8168,41.19,In Hand
568850,2.7078,10.5082,2.0686,4.2443,3.8626,-6.3817,41.28,In Hand
568900,2.6312,11.3294,1.6975,-12.7328,-12.5954,9.8015,40.95,In Hand
568950,2.9712,9.4595,1.0391,-17.2519,-9.8321,0.7939,40.95,In Hand
569000,2.4277,9.3733,1.3623,-9.2977,-11.1145,-11.4962,40.86,In Hand
569050,2.1739,9.4212,2.3559,-10.9160,-18.0458,-11.4962,41.09,In Hand
569100,2.8659,8.7724,2.1787,-0.5344,-17.0840,-5.8779,41.05,In Hand
569150,3.2034,9.4810,2.4038,2.8855,-9.0534,-16.7481,41.09,In Hand
569200,2.9975,10.7117,2.5307,-5.3130,-9.8473,-2.1069,41.09,In Hand
569250,3.2322,9.2105,1.8771,-15.4046,-2.6107,13.0534,41.19,In Hand
569300,2.1907,8.6095,2.2218,-0.0153,-3.2519,-1.1298,40.86,In Hand
569350,2.6312,10.6901,1.7885,-4.9160,-6.3511,6.2290,41.05,In Hand
569400,2.5690,9.9240,2.0782,-6.9008,-15.9237,3.4046,40.91,In Hand
569450,3.0239,9.5074,2.1524,-5.4504,-18.3053,-4.1832,40.86,In Hand
569500,3.1053,9.6869,2.3463,-4.8550,-22.6260,-10.4733,40.95,In Hand
569550,3.4117,9.5984,2.6935,-8.8702,-30.4580,-9.2519,41.05,In Hand
569600,3.6344,9.4523,2.2793,-9.0076,-38.3817,-11.4962,41.09,In Hand
569650,3.5195,9.5337,2.0782,-17.9389,-46.3511,-4.7939,41.05,In Hand
569700,2.9497,8.0206,2.0877,-6.3969,-59.5878,-12.4427,40.95,In Hand
569750,3.2992,9.7851,2.2434,3.1756,-70.6107,-22.6412,41.09,In Hand
569800,3.3710,10.9439,2.1165,-8.1374,-78.4122,-21.1756,40.86,In Hand
569850,3.1771,10.2352,1.6472,-14.8092,-87.3435,-15.6336,41.19,In Hand
569900,2.0016,9.6582,1.1779,-6.8550,-100.2595,-7.5725,40.91,In Hand
569950,2.7677,10.1107,0.2873,-0.1679,-84.6718,2.5649,40.91,In Hand
570000,1.1588,8.7987,1.3384,8.2595,-70.6260,-3.5267,41.24,In Hand
570050,1.0104,9.5098,0.9816,15.9237,-59.5878,-1.1145,41.05,In Hand
570100,1.5945,9.5457,0.6488,7.6489,-61.3435,2.2137,41.09,In Hand
570150,2.4517,10.3597,0.5962,-1.3130,-54.2901,-1.0687,40.91,In Hand
570200,2.4373,8.9495,0.2897,-7.2824,-42.4885,-1.5267,40.67,In Hand
570250,2.4612,9.8210,0.0766,-10.3206,-40.5496,-4.7634,41.05,In Hand
570300,2.0159,8.8466,-0.3041,-13.4046,-43.6336,1.6336,40.72,In Hand
570350,2.1452,9.3709,-0.2777,-12.8092,-49.6183,4.0153,41.05,In Hand
570400,2.1045,9.4691,-0.3280,-14.8855,-51.8473,8.3969,40.86,In Hand
570450,1.7334,9.3206,-0.7135,-19.8779,-45.5573,8.7634,41.05,In Hand
570500,0.9242,9.2368,-0.7063,-15.6794,-49.6031,4.1069,40.95,In Hand
570550,0.6512,9.7229,-0.7278,-20.8092,-46.7328,-0.1679,41.09,In Hand
570600,1.0343,8.4779,-1.0894,-21.0076,-35.4046,0.5038,41.09,In Hand
570650,-1.3096,8.4252,0.8859,-6.4885,-31.3740,-41.3893,40.72,In Hand
570700,-1.0989,11.9112,1.7095,-9.8168,-41.0840,-38.3053,40.95,In Hand
570750,0.7566,12.0476,1.4676,-14.2901,-40.8702,-37.8473,40.95,In Hand
570800,2.7342,11.5161,1.4437,-15.8015,-28.9160,-33.5420,41.09,In Hand
570850,3.3830,11.5736,1.4700,-12.2748,-19.5573,-27.1756,40.91,In Hand
570900,1.6664,10.0700,2.2793,-20.1832,-7.3130,-4.7176,41.09,In Hand
570950,1.3575,9.6367,2.9233,-21.7710,-20.6718,9.2824,41.09,In Hand
571000,-1.0798,7.1395,2.9928,-23.7710,-6.1221,3.5573,40.95,In Hand
571050,-0.8859,9.1004,3.8235,-2.5038,-31.0229,-0.1527,40.91,In Hand
571100,-2.9042,8.3222,3.8211,6.6107,-42.7328,-5.7557,40.77,In Hand
571150,-0.7901,10.6901,2.9592,1.6947,-57.8779,3.2672,41.09,In Hand
571200,-0.1844,11.4036,1.6352,-2.2290,-78.4427,23.9237,41.28,In Hand
571250,0.1867,10.0054,1.0151,-24.7023,-66.6107,36.1832,40.91,In Hand
571300,1.6951,9.8450,-0.0814,-5.7252,-77.2519,39.6336,41.05,In Hand
571350,2.4876,9.5912,-0.2849,2.8550,-67.1145,21.4809,41.05,In Hand
571400,4.6855,10.9702,-1.6664,7.5267,-60.4122,6.7634,41.05,In Hand
571450,3.4620,10.1179,-1.4413,2.2290,-31.4656,-1.8779,40.72,In Hand
571500,4.4317,11.1235,-1.4892,-2.2443,-20.6107,-0.9771,41.05,In Hand
571550,2.2314,12.2080,2.3942,-13.1298,-43.1603,28.8244,40.95,In Hand
571600,3.0478,10.7428,1.2354,-15.1298,-30.7023,47.7710,41.19,In Hand
571650,2.7198,9.5481,2.2984,-15.7252,-34.8397,-11.3740,40.95,In Hand
571700,5.2864,9.7947,-0.2969,-25.2977,0.0305,-15.3435,41.05,In Hand
571750,2.0279,8.6981,1.9968,-30.2443,3.5878,-30.7023,41.05,In Hand
571800,3.8140,9.7803,0.9433,-42.9008,-9.4656,-25.3282,40.95,In Hand
571850,2.9856,8.3821,1.2641,-55.7405,11.5420,-0.6565,41.09,In Hand
571900,2.1835,6.6367,1.7502,-41.6031,9.9695,1.7863,40.95,In Hand
571950,1.8387,6.9216,2.4205,-15.1908,12.9924,1.2824,41.05,In Hand
572000,1.4724,7.1826,2.6815,-5.4809,10.5038,-1.8168,40.95,In Hand
572050,0.9266,7.9990,3.2346,11.1145,4.0000,-1.6794,41.24,In Hand
572100,1.7597,10.7117,4.1037,14.7481,-26.5954,-4.7023,40.91,In Hand
572150,5.1978,12.6821,1.4820,12.4885,-6.1069,76.7939,40.95,In Hand
572200,4.7453,11.4251,2.0638,5.4198,-4.0000,90.1679,41.05,In Hand
572250,8.3294,10.4914,-0.1030,24.3359,21.4351,53.7710,41.05,In Hand
572300,5.5881,10.2687,0.7733,23.2214,78.0458,-11.4656,41.09,In Hand
572350,2.9161,9.8737,1.4174,-15.6489,95.2214,-40.9771,40.95,In Hand
572400,2.4995,8.3270,1.7334,-39.8168,101.7557,-30.8092,41.05,In Hand
572450,0.9313,7.1826,3.0382,-18.7176,89.7405,-9.0687,41.09,In Hand
572500,2.9233,8.1092,1.7765,-1.8321,69.4657,19.8779,40.95,In Hand
572550,0.6081,6.9839,4.5633,-6.2595,48.0763,22.1221,41.09,In Hand
572600,1.3120,7.0318,3.7373,-0.1221,15.2977,-11.3588,41.24,In Hand
572650,1.4461,9.2392,3.5961,18.6870,14.5802,12.9160,40.77,In Hand
572700,-0.3232,9.4786,3.6129,20.3511,-7.8473,-7.0229,40.77,In Hand
572750,0.8045,11.4419,2.5283,27.3588,-42.2290,-16.4886,40.95,In Hand
572800,1.6472,13.1059,1.3791,28.4427,-55.3282,-18.9313,41.09,In Hand
572850,2.0135,13.5608,2.1596,38.1069,-84.5802,-12.4122,41.09,In Hand
572900,5.2409,12.6869,-0.2227,29.8779,-68.2595,-15.1756,41.19,In Hand
572950,5.2481,10.9607,-0.1101,-17.5114,-14.9924,-55.1145,41.05,In Hand
573000,4.0893,8.8178,1.1325,-45.7863,1.9542,-55.6031,41.09,In Hand
573050,3.6799,6.8546,0.9936,-35.2519,-5.3130,-28.3664,40.86,In Hand
573100,2.9928,6.0621,0.9888,-26.5038,-0.7634,-8.8702,40.91,In Hand
573150,1.7478,5.9017,1.7166,-24.7023,-9.4656,-16.3817,41.09,In Hand
573200,0.6967,7.2425,1.9609,-8.8092,-7.1756,-6.8855,40.95,In Hand
573250,-0.5914,8.8035,2.7797,0.0611,-9.8168,3.0992,41.09,In Hand
573300,-2.0016,12.2200,4.7716,-20.2595,-36.3969,4.9466,41.05,In Hand
573350,1.3312,12.7731,3.3639,-48.7939,-39.8015,62.8397,41.19,In Hand
573400,2.0207,9.5624,4.1731,-35.3435,-11.0840,47.9084,41.28,In Hand
573450,1.6376,10.5656,7.0509,2.3511,-25.4809,-2.2443,40.95,In Hand
573500,4.3598,11.6191,3.8810,17.0229,-24.5954,-1.8931,40.91,In Hand
573550,4.3862,10.0628,2.7701,-4.5496,12.1069,-13.4046,40.95,In Hand
573600,2.7581,7.7093,3.8475,-14.8702,34.1832,-10.9771,41.28,In Hand
573650,1.5658,6.4524,4.6471,20.6412,9.2061,4.5802,40.95,In Hand
573700,3.1723,6.6774,2.6049,43.4351,-7.8168,-3.5267,40.91,In Hand
573750,3.7757,7.0988,1.8771,33.3435,-1.6336,-15.8015,41.28,In Hand
573800,3.2202,7.2664,3.0191,13.6947,5.2214,-3.1298,41.09,In Hand
573850,3.2417,6.5745,2.1620,21.9847,-8.1679,19.4351,41.09,In Hand
573900,1.7789,7.5585,2.8108,60.3969,-10.5191,18.5344,40.91,In Hand
573950,2.9161,13.8888,1.0726,53.4656,-20.4580,-1.2824,41.05,In Hand
574000,1.5802,16.1369,1.1085,0.9618,-16.5496,31.4656,41.38,In Hand
574050,1.1636,14.1856,0.0742,-35.7557,-23.3893,21.5878,41.09,In Hand
574100,0.5626,12.7348,1.4892,-11.7863,-38.3511,14.6870,40.91,In Hand
574150,3.0382,11.9112,0.1053,12.5344,-36.5191,-24.6870,40.95,In Hand
574200,4.1013,11.1881,-0.9792,-26.8702,4.7939,-73.0229,40.77,In Hand
574250,2.7653,9.0166,0.1772,-54.3664,21.8015,-66.7786,41.09,In Hand
574300,1.5036,7.0820,1.1037,-38.4427,-2.6718,-40.3969,41.28,In Hand
574350,1.4485,6.4835,0.9553,-33.7863,-29.5420,-31.4809,41.09,In Hand
574400,2.5570,7.0773,0.9792,-37.8168,-35.7405,-0.5649,40.67,In Hand
574450,2.3990,6.6535,1.2426,-31.5725,-11.5725,31.2366,40.95,In Hand
574500,1.1899,7.0150,1.9537,-6.0611,-0.7786,33.8779,41.09,In Hand
574550,0.3663,8.4036,3.2346,22.3969,4.3511,22.8855,41.05,In Hand
574600,1.0678,10.6757,3.5793,30.1374,13.7405,4.1069,40.95,In Hand
574650,1.5826,13.2495,4.2282,22.0458,15.7557,25.0840,41.28,In Hand
574700,0.8739,13.3285,4.8028,49.2977,-28.5649,54.5191,41.09,In Hand
574750,4.8674,13.4746,0.4980,15.1756,-14.9924,-8.8244,41.09,In Hand
574800,4.4197,11.7843,0.8452,-42.5344,44.6870,-31.4656,41.19,In Hand
574850,1.4748,8.5425,2.6911,-31.4656,43.4198,-11.7863,40.91,In Hand
574900,1.8866,7.6160,1.7621,7.4504,6.3817,-34.5954,41.19,In Hand
574950,3.7469,8.5976,0.2682,0.2901,8.0153,-52.7481,41.09,In Hand
575000,2.8754,7.7692,1.1061,-15.7557,23.4809,-26.2901,41.24,In Hand
575050,1.6759,6.6702,1.7406,-7.7252,14.1527,0.2901,41.05,In Hand
575100,1.2306,7.6183,2.0423,-6.0763,-4.7786,3.6031,40.86,In Hand
575150,1.4533,8.9735,2.2673,-12.5802,-22.6260,13.2977,40.72,In Hand
575200,0.9697,10.6710,2.7653,-8.4580,-37.9084,47.2519,40.95,In Hand
575250,0.3615,12.3445,2.0494,-8.3511,-55.8168,18.4275,40.95,In Hand
575300,0.2658,13.6326,1.8938,22.6718,-75.0687,25.1603,40.95,In Hand
575350,1.5251,13.4578,-0.2083,26.7481,-46.0458,-31.1603,40.95,In Hand
575400,1.1277,11.8681,-0.5650,-15.7863,9.0382,-94.5496,41.24,In Hand
575450,-1.1803,9.3972,1.9441,-27.2672,4.1527,-90.0611,40.77,In Hand
575500,0.4357,8.6072,1.8220,-15.1908,-42.5954,-54.6107,40.95,In Hand
575550,2.2170,7.8219,0.6776,-12.8550,-53.7710,-16.5802,41.09,In Hand
575600,1.7765,6.7588,1.4317,-15.2519,-58.8550,3.7405,41.09,In Hand
575650,2.5857,6.8283,0.8499,-24.3053,-50.0305,20.8092,40.91,In Hand
575700,1.1516,6.7756,2.2482,-15.5878,-40.8092,41.8473,40.91,In Hand
575750,1.3192,8.2408,2.1739,-8.0916,-44.5802,38.1069,40.91,In Hand
575800,1.3599,10.7667,2.4780,3.2519,-34.0000,54.2137,40.95,In Hand
575850,0.9553,12.3253,3.0382,22.0153,-30.1069,49.5573,40.77,In Hand
575900,1.4605,13.4530,1.8771,57.7099,-49.4198,21.1603,41.19,In Hand
575950,3.5267,13.2687,-0.3112,31.7252,-26.4427,-10.0458,40.72,In Hand
576000,2.0518,11.2073,-0.0311,-10.4427,5.8168,-32.4275,40.95,In Hand
576050,1.6065,10.0963,1.3168,-28.8244,-14.6718,-27.6641,40.86,In Hand
576100,2.7007,9.2129,0.8643,5.0534,-39.0840,17.5878,41.05,In Hand
576150,3.0263,8.5497,-0.2801,8.4885,-52.4580,-21.1450,40.91,In Hand
576200,3.4237,9.9024,-0.3472,-5.7863,-49.5267,-36.8397,41.05,In Hand
576250,2.3750,9.8450,0.0982,-11.9542,-58.2290,-8.3664,40.72,In Hand
576300,2.4660,9.2847,-0.7494,-19.5114,-80.4275,-5.2061,41.05,In Hand
576350,2.9185,9.2727,-0.7422,-13.5420,-90.5496,-0.1221,40.77,In Hand
576400,2.9305,9.5481,-1.1013,-11.2672,-103.0382,-8.9313,40.77,In Hand
576450,2.1907,9.3685,-0.7087,-6.9008,-115.2519,-14.4733,40.95,In Hand
576500,1.7813,10.0485,-0.0742,11.9389,-144.3053,10.9618,41.38,In Hand
576550,2.8012,10.1873,-1.3144,-8.6260,-131.1756,26.1679,41.09,In Hand
576600,2.3463,9.4403,-0.2203,-18.4427,-120.0458,21.0840,40.95,In Hand
576650,2.4684,9.3326,0.0551,-2.7939,-115.5573,3.4962,41.24,In Hand
576700,2.9640,10.4220,-0.5674,-1.1298,-100.0763,-8.6870,40.91,In Hand
576750,1.9345,10.7356,0.0263,-10.0305,-89.5420,-11.6947,40.95,In Hand
576800,1.4150,11.0109,-0.0072,-13.0840,-93.7863,-4.6260,40.95,In Hand
576850,1.9896,11.3270,-0.4693,-35.6336,-81.8473,4.4427,40.95,In Hand
576900,0.8068,9.5505,-0.2825,-51.5420,-78.1985,-6.5649,40.95,In Hand
576950,0.7230,8.6814,-0.8404,-49.2672,-87.8015,-18.3511,40.95,In Hand
577000,0.6967,8.3845,-1.0702,-36.4885,-97.8931,-13.6336,41.09,In Hand
577050,0.8595,8.6503,-1.5634,-22.1221,-108.4122,-4.5649,40.72,In Hand
577100,1.4317,8.8777,-1.8411,-18.7176,-103.6794,8.1374,41.24,In Hand
577150,0.9409,8.9974,-0.7518,-18.7786,-106.4885,3.1145,40.72,In Hand
577200,1.6233,10.2065,-0.4693,-24.4122,-112.7176,-1.4351,40.95,In Hand
577250,2.7533,10.6781,-0.6560,-38.0153,-112.6260,8.1527,40.91,In Hand
577300,2.3679,10.9080,1.0271,-28.6870,-125.5878,13.6183,41.05,In Hand
577350,3.8235,10.8936,0.2466,-33.9237,-129.2977,-5.0840,41.24,In Hand
577400,3.6847,10.5177,1.6879,-32.3359,-129.1145,-5.9237,41.24,In Hand
577450,4.6807,9.9982,1.4772,-32.1832,-128.3969,-8.0916,41.09,In Hand
577500,5.1858,9.1937,2.2170,-29.1908,-112.3206,-0.3511,41.19,In Hand
577550,5.5929,8.0972,2.1452,-21.4656,-92.9313,-11.5878,40.86,In Hand
577600,5.6096,7.7979,2.2697,-16.5344,-66.6718,-37.5573,41.05,In Hand
577650,5.0063,8.3917,2.8419,-8.0763,-40.9771,-25.7405,40.91,In Hand
577700,3.8188,8.3151,3.4500,-0.5649,-34.0458,-8.5954,40.95,In Hand
577750,3.6296,8.4013,3.5721,8.7481,-32.4580,4.2137,41.24,In Hand
577800,3.4931,8.6646,3.2274,15.8321,-29.0382,15.8015,41.09,In Hand
577850,3.4812,8.8011,2.6360,26.5802,-14.9466,18.9008,41.24,In Hand
577900,2.7605,9.0237,2.2913,40.4580,3.4656,5.5878,41.05,In Hand
577950,2.1500,9.7779,1.7334,47.1756,14.8092,-15.3130,40.95,In Hand
578000,0.9457,9.5409,1.0870,72.2290,16.0153,-15.7405,40.95,In Hand
578050,0.0144,9.4954,-0.2107,98.1527,0.7786,-17.2824,41.09,In Hand
578100,-0.6416,8.9040,-2.0853,121.6947,-18.1069,-26.3359,41.09,In Hand
578150,-0.8882,9.0621,-4.9368,183.8626,-59.8931,-13.9695,40.95,In Hand
578200,0.9649,9.4475,-7.8721,180.6412,-55.7710,-35.4809,40.91,In Hand
578250,-0.1532,7.6375,-8.3677,147.3893,-18.1679,-52.7786,41.05,In Hand
578300,-1.4222,7.8027,-7.6136,109.2214,-33.2824,-43.7252,40.95,In Hand
578350,-0.7757,6.9097,-7.7357,73.9847,-70.3817,3.0382,40.95,In Hand
578400,0.6776,4.8770,-8.6000,50.9160,-80.3053,51.6794,41.05,In Hand
578450,1.5993,4.1108,-8.6048,27.1145,-62.1221,79.0992,40.91,In Hand
578500,1.5682,3.8954,-7.6088,19.3435,-25.1756,91.8015,41.09,In Hand
578550,0.7781,3.2178,-7.4316,26.1221,10.2901,92.1832,41.19,In Hand
578600,0.0431,3.0406,-6.6272,45.5267,23.8931,82.3359,40.77,In Hand
578650,-0.3472,3.5721,-6.3231,80.9160,26.1985,61.9389,40.86,In Hand
578700,-0.4693,4.5969,-7.3789,93.6031,-1.4198,48.8397,40.91,In Hand
578750,0.7039,4.2090,-9.7300,101.9847,-33.9695,56.7634,40.95,In Hand
578800,1.5299,4.0007,-11.7555,90.8244,-45.6947,50.0458,40.95,In Hand
578850,2.1859,2.9377,-13.5440,94.9313,-49.6336,66.5954,40.95,In Hand
578900,-1.3551,-2.3607,-11.4874,114.1374,-59.0229,19.8473,41.05,In Hand
578950,-0.9864,1.4700,-10.0724,102.9160,-92.1832,-72.1985,41.09,In Hand
579000,1.9704,4.7740,-10.8769,50.3817,-60.4427,-62.9924,40.72,In Hand
579050,2.0949,3.7182,-11.5903,-33.2366,-7.6031,-2.2290,41.09,In Hand
579100,1.1708,1.2905,-10.7069,-83.5115,36.7328,19.3130,41.19,In Hand
579150,0.5555,-0.6369,-9.9503,-103.5420,63.0076,-3.7863,40.91,In Hand
579200,0.2610,-1.2354,-10.3190,-91.1145,66.0000,-27.2519,41.09,In Hand
579250,-0.0886,-1.4150,-10.3932,-78.5649,59.4809,-38.5649,40.91,In Hand
579300,-0.3112,-1.1732,-9.5912,-48.3511,47.6489,-39.6336,41.05,In Hand
579350,-0.2514,-0.5171,-9.3254,-17.6489,33.8626,-34.7481,40.58,In Hand
579400,-0.1700,0.0982,-9.8713,-6.4885,22.5649,-23.0534,40.86,In Hand
579450,-0.3208,0.4453,-10.5512,1.3130,23.8931,-11.0534,41.05,In Hand
579500,-0.3041,0.4549,-10.0916,7.4504,15.2824,1.3435,41.09,In Hand
579550,-0.1197,0.5650,-9.8713,43.7557,11.0382,15.3588,41.09,In Hand
579600,0.0215,1.2713,-8.7676,56.2443,9.7710,20.2748,40.95,In Hand
579650,-0.0096,1.6664,-7.7381,26.7023,-3.0076,21.6031,40.95,In Hand
579700,0.0048,1.7286,-7.3095,-16.5496,-22.1069,25.9084,40.91,In Hand
579750,0.0215,1.0511,-6.9216,-40.9771,-36.2748,29.1908,41.19,In Hand
579800,0.0048,0.3687,-7.3287,-33.5420,-45.0687,23.8779,41.24,In Hand
579850,0.2251,0.2801,-7.7285,-12.7939,-41.9084,17.7405,40.91,In Hand
579900,0.3639,0.5483,-7.8961,13.4046,-34.6718,13.6794,40.77,In Hand
579950,0.9864,1.8411,-8.8083,42.5191,-16.2748,22.1221,40.86,In Hand
580000,1.1971,2.6121,-9.4427,49.5573,-9.0229,48.5191,40.91,In Hand
580050,1.0918,1.6161,-11.2432,37.8626,-6.8244,46.4733,40.86,In Hand
580100,0.9529,1.0558,-10.7093,15.5115,3.1603,2.8244,41.09,In Hand
580150,0.5243,-0.0431,-12.6366,-6.1374,0.1985,-36.7939,40.95,In Hand
580200,0.3089,-0.0670,-10.7212,-13.8931,-10.6260,-55.1756,40.95,In Hand
580250,0.2825,0.3089,-8.5042,-26.9771,0.0000,-84.5191,40.95,In Hand
580300,0.1963,0.4836,-10.2807,-31.1603,14.2748,-79.8321,41.19,In Hand
580350,0.1413,0.4429,-9.6941,-47.0687,1.9237,-54.0458,40.72,In Hand
580400,0.1700,-0.0407,-8.7987,-37.9389,-5.1603,-39.2977,41.19,In Hand
580450,0.3136,0.0072,-8.7843,-7.6794,-9.6183,-29.5878,41.05,In Hand
580500,0.6823,0.2538,-9.3781,21.1145,-12.3969,-27.2977,40.95,In Hand
580550,0.7638,1.0175,-9.9144,42.4122,7.8931,-36.6870,40.95,In Hand
580600,0.4286,1.4341,-9.5744,51.3435,15.2672,-30.3969,40.95,In Hand
580650,0.3065,1.6903,-9.2560,41.2519,20.9160,-23.5420,41.05,In Hand
580700,0.3280,1.8771,-9.5936,14.1832,28.8550,-18.1832,41.05,In Hand
580750,0.5626,1.4844,-10.1921,-26.9924,45.1603,-9.9389,40.67,In Hand
580800,0.5315,0.3998,-10.6829,-46.7786,63.6031,-4.0916,40.77,In Hand
580850,0.3735,0.0072,-11.7436,-56.0458,56.1221,-1.0840,40.86,In Hand
580900,-0.1484,-0.9242,-11.2695,-59.9237,26.5038,-5.1450,40.95,In Hand
580950,0.0551,-0.6512,-8.4827,-45.5420,0.1374,-22.8550,41.19,In Hand
581000,0.4238,0.1030,-7.8961,-34.0458,-5.0534,-37.6183,40.86,In Hand
581050,0.6057,0.8332,-7.9416,-24.8244,0.3053,-24.2443,41.19,In Hand
581100,0.7230,0.9002,-7.2736,-22.3511,-1.8779,1.7557,40.91,In Hand
581150,0.7709,0.5770,-7.4555,-7.0382,-10.2137,24.5038,41.09,In Hand
581200,0.9194,0.5267,-7.7883,25.2061,-14.1985,35.8779,40.95,In Hand
581250,0.9529,0.3735,-8.3270,52.8855,-20.4886,38.9008,41.05,In Hand
581300,0.9553,0.5387,-9.6343,57.2366,-16.0916,30.2443,40.77,In Hand
581350,1.1516,0.5387,-9.4954,74.3359,-14.2595,23.2977,40.86,In Hand
581400,1.0678,0.7422,-9.4619,76.4885,-16.5954,15.3740,40.95,In Hand
581450,0.9697,0.8643,-9.8090,68.1832,-10.8550,4.1679,40.95,In Hand
581500,1.0534,1.4078,-10.3430,29.6794,-14.8092,-4.6412,41.05,In Hand
581550,1.0534,1.2234,-11.6933,-34.2443,-1.3740,-14.6718,41.05,In Hand
581600,1.1013,0.8428,-11.3246,-88.3511,5.6947,-21.5878,41.05,In Hand
581650,0.9313,0.1748,-10.0078,-117.1603,18.5496,-29.5573,40.95,In Hand
581700,0.8835,-0.2849,-8.8394,-106.9771,30.7023,-29.3893,40.77,In Hand
581750,0.7135,-0.3304,-10.0054,-83.1450,35.1756,-16.4580,40.91,In Hand
581800,0.7374,-0.2059,-9.5960,-64.5343,26.5649,3.7252,40.95,In Hand
581850,0.5363,-0.3472,-8.3534,-31.7557,10.0763,26.5344,41.05,In Hand
581900,0.3974,-0.6823,-7.8147,12.5802,-1.1298,41.0687,40.91,In Hand
581950,0.6345,0.0359,-7.4867,51.7557,-12.3511,56.4427,41.05,In Hand
582000,0.5698,-0.0958,-8.1403,84.3053,-33.0382,62.6870,40.95,In Hand
582050,0.8643,0.2753,-9.7276,97.3282,-41.6183,64.5496,41.09,In Hand
582100,1.0654,0.9744,-10.7667,89.4198,-32.1832,71.5420,41.19,In Hand
582150,1.1564,1.2761,-10.4244,54.6870,-41.7557,87.8168,40.95,In Hand
582200,0.9218,0.7278,-11.5640,16.6870,-46.9466,93.8779,41.24,In Hand
582250,0.8978,0.4956,-11.3342,-18.5954,-28.6870,85.9695,41.05,In Hand
582300,0.7494,0.2298,-13.6565,-46.8855,-5.8473,73.4657,41.09,In Hand
582350,0.7542,0.0670,-11.0708,-68.3359,8.2137,66.2290,41.19,In Hand
582400,0.8021,0.0958,-8.1068,-68.3511,18.0153,64.1985,41.24,In Hand
582450,0.6536,-0.1413,-7.5657,-66.3053,19.3435,60.8702,41.05,In Hand
582500,0.4190,-0.6177,-8.4922,-64.4122,21.2672,50.9313,40.72,In Hand
582550,0.3807,-0.9649,-7.9009,-43.5878,22.5649,36.9924,40.91,In Hand
582600,0.3903,-0.9002,-7.3382,4.0153,19.4656,30.3969,40.86,In Hand
582650,0.3855,-0.6153,-8.2025,61.6947,10.8550,24.1221,41.09,In Hand
582700,0.4788,-0.0766,-9.1411,103.9695,0.4427,15.2824,40.91,In Hand
582750,0.5986,0.4118,-9.8067,119.8015,-15.8015,9.7099,41.09,In Hand
582800,0.7709,0.7805,-9.7516,112.1832,-33.0840,6.1527,41.24,In Hand
582850,0.9864,1.1420,-10.9822,76.1832,-42.2290,2.6718,40.77,In Hand
582900,1.0463,1.3647,-10.9559,14.0000,-27.4504,-7.8779,40.77,In Hand
582950,1.1779,1.2402,-11.3413,-63.1603,-2.7176,-21.1298,41.28,In Hand
583000,1.2546,0.6608,-10.6111,-125.1756,0.1832,-28.9313,40.91,In Hand
583050,0.9481,-0.2993,-9.4020,-148.3817,-1.4198,-41.6947,41.38,In Hand
583100,0.8643,-1.4533,-9.0525,-128.2290,7.5267,-64.2443,40.86,In Hand
583150,0.8811,-1.2091,-8.5329,-86.6412,2.9466,-75.8626,41.05,In Hand
583200,0.8092,-2.0901,-11.7603,-10.8550,-17.0382,-71.2366,40.95,In Hand
583250,1.0558,-0.9457,-11.3629,56.7023,-22.3664,-67.6031,41.05,In Hand
583300,0.9768,0.0910,-9.3063,84.7328,-7.9084,-64.3817,40.91,In Hand
583350,0.8356,0.5674,-9.1004,84.0916,12.9771,-65.8626,40.77,In Hand
583400,0.8116,0.7638,-9.5529,50.7328,33.4504,-78.4733,40.67,In Hand
583450,0.6656,0.5004,-9.5816,19.2519,44.3969,-103.3435,41.09,In Hand
583500,0.5698,0.8021,-9.8617,-8.7176,50.3053,-123.1603,41.19,In Hand
583550,0.6105,0.3950,-10.7212,-66.7176,63.7405,-147.1450,41.09,In Hand
583600,0.6177,0.2873,-9.7564,-77.9389,66.7786,-160.2748,40.95,In Hand
583650,0.5866,0.6129,-8.8370,-90.2443,53.1908,-154.2290,40.95,In Hand
583700,0.4956,0.7877,-8.3318,-77.4504,27.0840,-121.8931,41.05,In Hand
583750,0.7278,-0.1484,-8.0421,-36.3817,-9.6641,-90.2290,40.91,In Hand
583800,0.9122,-0.0096,-8.4994,15.3130,-50.2137,-67.0687,41.05,In Hand
583850,1.1636,0.4573,-9.0046,56.5802,-50.0916,-61.4351,40.72,In Hand
583900,1.2282,0.8667,-9.0908,86.2290,-26.8550,-62.2595,41.05,In Hand
583950,1.0343,1.5490,-10.7643,84.0153,-4.2290,-74.8702,40.86,In Hand
584000,0.5076,2.4469,-10.1730,53.7405,13.3893,-95.8015,40.86,In Hand
584050,0.2945,2.4995,-9.7971,8.2443,13.9237,-122.2901,41.19,In Hand
584100,0.3208,1.5562,-11.0612,-22.0305,3.3282,-135.9084,40.91,In Hand
584150,0.3496,1.0127,-10.3310,-33.8626,-13.1756,-142.4122,41.05,In Hand
584200,0.4860,0.5794,-9.9527,-26.0458,-26.0153,-142.1832,41.24,In Hand
584250,0.2035,0.8021,-7.6926,-37.6336,-13.0534,-141.5267,41.09,In Hand
584300,-0.6297,1.7597,-8.9280,-17.3435,-13.6183,-85.2214,40.72,In Hand
584350,-1.2570,2.0470,-8.9998,-15.0076,-24.0916,-19.0534,40.95,In Hand
584400,-1.5921,1.4174,-9.5481,-20.9924,-34.3664,-6.5496,41.05,In Hand
584450,-2.0638,2.6288,-9.6055,-30.1527,-48.0763,-9.7405,40.95,In Hand
584500,-2.7174,3.0789,-9.3398,-44.3664,-62.1221,-5.6794,41.28,In Hand
584550,-2.7581,3.3686,-8.4563,-56.3969,-72.7634,2.3817,41.05,In Hand
584600,-2.2194,3.1460,-8.3558,-63.5725,-64.9008,21.3893,40.91,In Hand
584650,-2.1021,1.2594,-8.3294,-50.2595,-44.5802,30.5802,40.91,In Hand
584700,-2.0159,0.7973,-8.0996,-13.2824,-27.8779,16.3664,40.91,In Hand
584750,-2.9329,1.6185,-7.7620,23.3435,-22.1374,-1.6183,40.95,In Hand
584800,-3.2058,3.9241,-7.7093,29.4351,-10.1679,15.5420,41.09,In Hand
584850,-3.5985,2.4134,-7.4699,29.0992,-6.8092,18.2595,41.05,In Hand
584900,-3.1125,3.2417,-7.8961,21.0229,4.1832,-7.2061,41.24,In Hand
584950,-3.6440,4.3335,-7.9775,9.7405,8.9160,0.9008,40.91,In Hand
585000,-3.8211,2.9377,-8.1379,1.5573,8.9160,14.1069,40.77,In Hand
585050,-3.9337,3.1819,-7.9440,0.5802,3.0382,3.7405,40.91,In Hand
585100,-4.1659,2.5379,-7.9272,-1.3893,-0.6107,11.9847,40.95,In Hand
585150,-4.7621,1.6065,-7.2209,13.6794,-16.8397,11.0229,40.91,In Hand
585200,-3.9576,2.0877,-8.4396,22.7634,-31.4962,1.4351,41.09,In Hand
585250,-3.5913,3.1747,-8.8657,15.7252,-20.8550,5.6336,41.09,In Hand
585300,-3.9409,2.5522,-7.7141,3.5725,-8.5038,9.2061,41.19,In Hand
585350,-3.5362,2.1476,-7.8913,4.0458,-2.4733,-7.8931,40.86,In Hand
585400,-3.6464,2.6145,-8.4707,7.2672,6.1679,4.0458,41.05,In Hand
585450,-3.9600,2.8539,-8.2025,-0.5038,10.0611,10.8550,41.09,In Hand
585500,-4.7333,2.6647,-7.6638,-10.2748,1.8473,-1.6031,40.91,In Hand
585550,-4.2904,2.2194,-7.8434,-9.8473,-6.0153,1.5573,40.91,In Hand
585600,-4.3455,1.6448,-7.8027,4.5038,-12.7634,-0.7328,40.77,In Hand
585650,-4.1875,2.5474,-7.5010,5.6794,-8.6107,0.8550,40.95,In Hand
585700,-4.8267,4.1922,-6.8067,3.0992,-9.3130,15.7710,41.09,In Hand
585750,-5.9927,5.0613,-6.6367,-33.3588,-34.4885,30.6412,41.05,In Hand
585800,-5.7748,4.7669,-7.5250,-69.6947,-58.7328,43.4809,40.91,In Hand
585850,-4.5801,4.2282,-8.0517,-93.0229,-56.6412,51.1908,40.91,In Hand
585900,-4.0414,3.6536,-8.2911,-103.8015,-30.0153,50.1069,40.91,In Hand
585950,-2.8156,3.1053,-8.8370,-105.3893,20.4733,30.1069,41.19,In Hand
586000,-1.6400,3.5745,-7.5513,-95.1603,90.0458,-22.2137,40.91,In Hand
586050,-2.7198,8.8083,-7.0820,-93.2672,114.1221,-7.8015,41.05,In Hand
586100,-7.9487,12.0452,-1.6544,-147.1450,88.2443,41.8321,40.58,In Hand
586150,-7.2688,6.6415,-4.2904,-138.8702,4.8092,55.5878,40.91,In Hand
586200,-2.2218,7.0820,-5.2457,-111.2824,-16.7481,20.3359,40.91,In Hand
586250,-1.5993,10.5273,-4.3527,-112.8092,8.9313,24.8397,40.91,In Hand
586300,-1.7693,11.2384,-3.3208,-149.3740,26.1985,60.2443,40.91,In Hand
586350,-0.0239,11.5424,-3.3471,-196.4275,43.9542,70.9618,41.05,In Hand
586400,-2.0614,10.4770,0.7207,-227.9084,49.5115,51.6947,41.09,In Hand
586450,-0.9361,7.4867,1.3240,-192.3053,23.1145,46.8092,40.91,In Hand
586500,-0.6919,6.6056,4.2401,-138.3053,18.3664,20.3359,41.09,In Hand
586550,-0.1939,7.4627,4.8985,-100.8702,14.5191,-1.5878,40.95,In Hand
586600,0.0910,7.6351,4.6591,-91.8473,22.9771,3.9389,40.95,In Hand
586650,-1.4126,6.1818,7.0677,-85.6947,21.5878,11.5420,40.77,In Hand
586700,0.0551,5.9616,6.6463,-61.8779,16.7481,5.2519,41.09,In Hand
586750,-1.4198,5.8131,8.0589,-35.5115,15.9389,10.2901,41.05,In Hand
586800,2.6767,6.9336,6.6176,-31.4046,40.5802,-4.5496,40.91,In Hand
586850,-1.3408,6.4189,8.3342,-28.0611,67.0687,18.3206,41.19,In Hand
586900,-1.3360,4.2210,9.4164,-10.9466,51.9084,-32.6107,41.05,In Hand
586950,-3.5362,7.0150,7.8937,17.0229,56.5954,-18.3359,41.05,In Hand
587000,-4.2306,6.5936,6.4260,26.6565,43.1603,4.8702,41.05,In Hand
587050,-5.3415,10.2520,6.8929,-22.3206,1.5420,-22.7176,40.86,In Hand
587100,-1.5490,7.1539,7.5322,-18.3511,26.9618,-13.6947,41.38,In Hand
587150,-2.6264,5.9161,7.7261,-23.1450,25.1603,-26.1221,40.86,In Hand
587200,-1.9010,6.5769,7.5729,-37.3282,30.5649,-39.6947,40.67,In Hand
587250,-3.4069,6.5027,8.1092,-40.8244,39.9389,-33.5267,40.95,In Hand
587300,-3.3088,5.5306,7.0653,-39.7863,41.0382,-13.3893,41.09,In Hand
587350,-5.1954,4.7597,7.4029,-22.7481,34.4275,-5.5267,41.19,In Hand
587400,-4.1899,5.7509,7.4867,-24.3817,16.7634,-6.9313,40.91,In Hand
587450,-4.7477,4.7645,7.6758,-24.4733,9.4198,4.0305,41.38,In Hand
587500,-4.5897,4.5586,7.7333,-17.5114,5.1298,4.7023,41.24,In Hand
587550,-4.7333,4.5250,7.8697,-11.5420,-1.4809,9.7710,41.19,In Hand
587600,-4.4867,4.5849,7.6399,-4.9313,-6.1374,12.9466,40.77,In Hand
587650,-4.2090,4.1515,7.2808,3.9237,-0.2443,-6.0153,41.24,In Hand
587700,-4.3144,3.2106,7.3957,30.2137,5.0687,-30.0000,41.05,In Hand
587750,-3.7541,3.5506,7.5561,60.7634,19.7405,-41.6336,41.24,In Hand
587800,-4.1348,3.9193,7.3191,70.7328,36.3053,-73.4504,40.95,In Hand
587850,-4.8363,7.4795,6.3375,65.2366,50.8550,-101.8015,40.95,In Hand
587900,-6.1699,5.1691,5.6192,47.7863,63.9237,-110.4733,41.09,In Hand
587950,-6.9456,5.7988,5.3702,33.8626,68.5343,-129.1450,40.91,In Hand
588000,-7.9200,4.0869,4.1899,25.7863,80.8702,-136.2748,41.24,In Hand
588050,-9.8474,3.1125,3.9313,18.6870,81.3893,-124.6107,41.19,In Hand
588100,-11.1618,3.0813,3.6919,17.7557,53.0534,-80.3664,40.95,In Hand
588150,-10.0078,1.7166,2.9808,10.3511,29.4809,-34.3206,41.19,In Hand
588200,-9.1722,0.9050,2.8443,20.4427,20.7481,-19.0382,40.95,In Hand
588250,-8.8801,1.4389,2.5977,18.6565,18.1832,-21.0992,41.05,In Hand
588300,-8.9854,1.4174,2.2362,13.4046,19.2977,-24.1679,41.05,In Hand
588350,-8.7819,1.5060,2.6217,9.6947,15.0382,-16.7939,40.95,In Hand
588400,-9.6606,1.2163,2.0877,7.6641,9.9695,-16.9618,41.19,In Hand
588450,-9.4882,1.1133,2.0590,-0.9618,5.5573,-9.7557,40.95,In Hand
588500,-9.1578,0.9936,1.6735,4.8550,-0.4733,0.0763,41.09,In Hand
588550,-9.1411,0.9218,2.2027,-5.9237,9.0992,-12.5649,41.05,In Hand
588600,-9.6343,0.6752,1.9824,-7.0229,7.6183,-18.0305,41.19,In Hand
588650,-9.5122,0.4286,2.0686,-5.7710,6.0305,-17.7710,41.19,In Hand
588700,-9.3302,0.3256,2.0470,-2.4733,8.1527,-17.9542,41.05,In Hand
588750,-9.6271,0.2274,1.9656,-5.1298,6.5802,-9.8931,41.09,In Hand
588800,-9.6247,0.0742,1.9800,-2.7939,2.0611,0.4885,41.24,In Hand
588850,-9.3589,0.1556,1.9249,-2.3969,0.1527,1.3893,40.91,In Hand
588900,-9.3494,0.5698,1.9561,-1.8015,-1.5267,5.9847,40.95,In Hand
588950,-9.6774,0.3974,1.6855,-8.3206,-9.7099,23.7863,40.91,In Hand
589000,-9.6917,0.5674,1.7885,-12.6260,-18.4427,62.1527,40.95,In Hand
589050,-9.8019,0.4238,2.1428,-4.2901,-33.1145,113.8626,41.09,In Hand
589100,-9.3518,1.3575,2.6576,10.2443,-48.1374,142.4733,41.05,In Hand
589150,-8.5258,3.1963,2.8802,12.5802,-52.6107,140.9160,41.09,In Hand
589200,-7.9320,5.5043,3.0837,0.6870,-48.9008,118.9618,41.28,In Hand
589250,-6.0837,4.9919,3.6583,-13.6183,-35.0076,84.4733,41.24,In Hand
589300,-6.7588,6.3279,3.1508,-21.4351,-23.4504,71.6183,40.95,In Hand
589350,-6.7014,6.7756,4.0007,-30.0763,-37.9542,83.4809,41.05,In Hand
589400,-7.4723,6.6726,5.1882,-30.1374,-56.0916,78.0763,41.05,In Hand
589450,-5.8802,6.8977,4.8866,-33.4198,-66.5802,74.9618,40.95,In Hand
589500,-4.8818,7.9440,6.2369,-39.0382,-67.2672,85.1908,40.91,In Hand
589550,-4.3072,7.0437,5.9472,-57.1145,-71.1450,86.5038,41.09,In Hand
589600,-3.1987,6.7062,6.2345,-98.2443,-73.4046,76.9008,40.91,In Hand
589650,-1.0678,5.1763,6.7229,-51.0534,-40.6107,67.1908,41.05,In Hand
589700,-1.1803,6.7995,8.1666,-16.8855,-23.8168,51.7405,41.24,In Hand
589750,-0.6608,6.8115,8.3510,-14.9160,-18.2290,34.3817,40.95,In Hand
589800,-0.4477,6.3973,7.5346,-9.1603,-1.1603,18.0763,41.19,In Hand
589850,-1.1109,7.4005,8.2408,-28.9008,-3.9237,19.8321,41.09,In Hand
589900,-0.4525,6.2082,8.1187,-25.0382,-6.2290,16.5802,41.09,In Hand
589950,-0.5435,6.5864,8.4803,-13.0382,-2.0305,-5.1298,41.24,In Hand
590000,-0.9170,6.5936,10.2472,8.8092,16.3511,-8.5344,40.95,In Hand
590050,-1.9106,5.9400,10.5345,65.6641,26.6412,-9.7252,40.95,In Hand
590100,-1.3479,7.4124,8.0876,39.9237,10.0611,-6.2595,41.09,In Hand
590150,-1.2115,6.7756,7.4244,16.6260,-4.7328,-13.5420,41.24,In Hand
590200,-0.9984,7.0892,7.1706,8.6107,-4.7939,-23.4809,40.95,In Hand
590250,-1.0175,7.0006,7.3837,2.9618,2.6412,-18.4580,40.95,In Hand
590300,-1.3503,7.2951,7.2640,0.2290,8.0611,-28.8855,41.24,In Hand
590350,-1.7573,7.4005,6.8307,-6.3053,10.0916,-13.8321,41.09,In Hand
590400,-1.9776,6.2824,7.6519,5.6031,23.8779,-10.9160,41.19,In Hand
590450,-2.3774,7.3550,7.1802,5.7863,13.5420,-3.2824,40.86,In Hand
590500,-3.0215,6.8259,7.6902,20.1679,19.8321,36.1374,41.09,In Hand
590550,-1.4868,6.8761,7.2856,45.7863,14.0611,28.4886,40.86,In Hand
590600,-1.1660,8.0302,6.1531,49.6641,3.2672,11.4962,41.24,In Hand
590650,-1.5060,8.0158,5.8347,25.0229,-1.4656,-7.4962,40.95,In Hand
590700,-2.1452,7.7476,5.8442,28.9466,11.8015,-14.3969,41.19,In Hand
590750,-2.9113,8.3606,5.6407,14.0153,20.2290,8.4733,41.05,In Hand
590800,-2.3727,7.7931,5.4827,40.3664,34.1832,46.3664,40.95,In Hand
590850,-1.5874,7.8578,5.4779,48.5954,34.3817,24.3969,41.09,In Hand
590900,-0.7733,8.2887,4.1372,23.3893,17.5878,-9.4046,40.95,In Hand
590950,-1.9585,9.4906,4.4724,13.4198,-4.7023,-21.5420,40.91,In Hand
591000,-2.2098,9.0525,4.0486,20.9466,-16.7328,21.6031,41.38,In Hand
591050,-2.0063,8.5018,4.8219,34.8855,-12.1527,42.5496,41.05,In Hand
591100,-1.2641,8.6550,4.2042,32.2137,-6.4122,25.5420,41.24,In Hand
591150,-0.5818,10.5177,3.4405,14.8244,-10.9313,12.2748,41.28,In Hand
591200,-0.8978,8.2600,3.7445,8.9466,2.2443,28.8855,41.05,In Hand
591250,-0.2969,9.3350,3.8858,15.4046,-3.4809,-21.0687,40.86,In Hand
591300,-1.2857,9.9671,3.3926,7.3588,2.7176,-5.4504,41.05,In Hand
591350,-1.2617,8.9064,3.5889,-2.5038,12.9924,-1.1298,41.09,In Hand
591400,-0.9601,10.2520,2.8587,-29.1908,12.6870,-7.5115,40.95,In Hand
591450,-0.3974,9.4619,3.2609,-60.2748,19.2672,-17.4809,40.95,In Hand
591500,-1.7597,9.2105,4.5657,-30.3664,17.7710,-15.5267,41.09,In Hand
591550,-1.7023,9.2105,4.4173,-23.3435,16.1679,-21.4809,40.77,In Hand
591600,-1.6281,9.5600,3.9433,-39.9542,25.1908,-22.7176,41.28,In Hand
591650,-2.2410,8.6287,4.6088,-42.2901,40.3053,-35.9847,41.05,In Hand
591700,-3.1723,8.9064,5.1451,-34.4580,25.3893,-28.4275,40.91,In Hand
591750,-2.7198,8.1858,5.0853,-19.5267,17.6489,-12.2137,40.95,In Hand
591800,-3.8044,12.9598,-6.1818,-4.6718,70.1832,-36.0611,41.09,In Hand
591850,-3.8307,8.2624,4.3718,-18.1374,48.3206,2.8092,40.77,In Hand
591900,-2.7390,8.0421,5.4037,-16.1221,23.7863,12.7328,41.24,In Hand
591950,-2.8084,8.4707,4.4029,-5.4809,19.9084,3.6947,41.05,In Hand
592000,-3.1173,8.4420,4.6735,-6.4275,25.8779,0.9466,41.19,In Hand
592050,-3.4740,7.9272,5.4540,-0.2290,13.7405,-7.3130,41.24,In Hand
592100,-3.5314,-8.7436,22.8766,-87.0534,-15.6641,-7.4656,40.77,In Hand
592150,-2.2194,11.1809,3.2513,-54.4580,16.0305,28.1374,40.86,In Hand
592200,-3.2920,7.8673,5.8706,-22.6565,20.8244,31.2824,40.95,In Hand
592250,-3.0382,7.6782,5.6120,-15.0076,15.7557,18.1832,41.24,In Hand
592300,-2.9808,8.2528,5.3199,-4.7939,22.9160,8.7481,41.38,In Hand
592350,-3.7110,8.3366,5.7126,-0.4427,19.3588,23.0076,41.05,In Hand
592400,-2.8922,7.5992,5.3846,-1.5573,15.8779,18.6718,41.19,In Hand
592450,-3.4333,8.1044,5.2265,-8.1985,24.0916,2.9771,41.05,In Hand
592500,-3.9744,8.0565,5.3056,-21.8473,8.0611,7.8931,41.05,In Hand
592550,-3.0574,6.9743,4.9273,-21.9389,7.6641,0.9160,41.24,In Hand
592600,-3.7086,7.8841,5.4827,-14.1374,3.2061,-4.7023,40.91,In Hand
592650,-3.5817,7.3670,5.5952,1.4351,-8.3969,4.2595,41.24,In Hand
592700,-3.4860,7.2616,5.9352,24.9618,2.1069,1.1298,41.09,In Hand
592750,-3.6368,8.0038,6.1268,35.4656,-7.6336,12.0916,41.05,In Hand
592800,-2.7461,8.0685,5.5354,48.5191,-4.3664,25.6031,41.09,In Hand
592850,-2.4062,8.9495,5.2289,25.9084,18.5344,18.4122,41.05,In Hand
592900,-2.3056,8.4563,5.1906,8.7634,19.2519,15.6794,41.28,In Hand
592950,-2.5642,8.2863,5.5474,7.9542,18.5038,12.1221,41.09,In Hand
593000,-2.1955,8.1163,5.5186,11.1908,16.5038,5.1298,41.38,In Hand
593050,-2.2817,8.7580,5.0230,5.7252,17.9695,4.2443,40.95,In Hand
593100,-1.8986,8.2169,4.6759,6.3817,25.2366,8.2137,40.95,In Hand
593150,-2.2553,8.5138,5.0278,4.0611,29.4656,9.2061,41.19,In Hand
593200,-1.9704,8.4300,4.6831,2.3817,33.8473,12.5344,40.95,In Hand
593250,-1.9201,8.4252,4.8100,3.2824,44.0611,16.2137,41.09,In Hand
593300,-2.7078,10.0149,4.2473,7.5115,49.9542,28.6565,41.05,In Hand
593350,-1.8986,9.4715,3.5674,13.0992,47.6794,43.3740,40.95,In Hand
593400,-1.7406,9.1459,1.8196,4.0153,56.1221,11.5115,41.09,In Hand
593450,-2.2913,9.8402,1.4461,-24.6565,68.8550,4.8550,41.24,In Hand
593500,-2.8228,9.2488,2.0901,-23.9389,69.9084,4.3817,41.05,In Hand
593550,-2.8060,9.6534,1.7549,-9.9695,63.7252,12.6260,40.95,In Hand
593600,-2.1715,10.0533,1.5706,-13.6641,60.9008,18.4580,41.24,In Hand
593650,-1.7980,9.7636,1.1444,-18.0458,54.3511,-0.4275,40.95,In Hand
593700,-2.1931,9.4595,1.4964,-23.1756,56.0305,-14.8244,40.95,In Hand
593750,-2.8730,9.4451,0.9816,-25.5114,54.6107,-30.0611,40.95,In Hand
593800,-3.4524,9.1099,1.9321,-24.9618,48.3053,-45.0992,40.91,In Hand
593850,-3.8858,9.0118,1.6735,-25.9542,49.8015,-64.8550,41.24,In Hand
593900,-4.6543,8.9447,2.0758,-35.1298,46.7023,-65.2977,41.24,In Hand
593950,-5.4779,8.5377,2.2362,-46.2748,46.1832,-41.4504,41.28,In Hand
594000,-5.7892,7.9966,2.4780,-45.2061,43.5878,-8.3206,40.91,In Hand
594050,-5.5282,7.3765,2.5139,-45.5725,41.3588,20.1527,41.24,In Hand
594100,-5.5498,7.2880,2.7054,-43.4809,44.2595,26.0305,41.28,In Hand
594150,-5.4636,7.5681,2.8036,-41.2977,41.1298,32.8855,41.19,In Hand
594200,-5.3534,7.7213,2.6145,-42.3359,39.8473,27.0687,40.95,In Hand
594250,-5.4181,8.0565,2.5546,-46.1069,38.4885,19.7863,41.24,In Hand
594300,-5.8275,7.9487,2.5594,-50.2443,33.0534,23.5878,41.19,In Hand
594350,-5.6360,7.2999,2.8180,-49.1298,25.1756,24.3053,41.05,In Hand
594400,-5.5498,7.0581,2.7821,-53.5267,19.3893,18.2443,41.19,In Hand
594450,-5.9999,8.7724,4.4173,-37.1756,5.0534,44.3053,41.05,In Hand
594500,-4.5921,8.7795,4.3790,-19.3740,-8.2137,94.2137,40.91,In Hand
594550,-3.2394,7.9057,4.5610,-0.5191,-8.9313,96.0763,41.05,In Hand
594600,-2.3774,8.9974,4.8387,-1.8779,-10.1832,104.2443,41.19,In Hand
594650,-1.4413,8.4132,5.1882,-14.1679,-6.5191,95.9695,41.09,In Hand
594700,0.7350,8.8011,5.1667,-9.4198,1.6641,81.3893,41.38,In Hand
594750,0.7614,7.8817,4.9775,-9.4809,20.4275,43.9847,40.95,In Hand
594800,-0.1245,9.2871,5.9185,-14.8550,25.3130,29.5573,41.24,In Hand
594850,-0.1484,8.4324,5.8945,-4.7176,19.1603,35.7252,41.38,In Hand
594900,-0.0622,8.2815,5.3319,5.3130,17.1603,31.7099,41.38,In Hand
594950,0.1676,8.1499,5.6455,7.7710,16.9008,21.0534,41.28,In Hand
595000,-0.2586,8.1762,5.5306,7.4046,17.8931,10.6718,41.05,In Hand
595050,-0.7661,8.2289,5.2648,18.4427,19.0229,9.8473,41.09,In Hand
595100,-0.8475,8.7867,5.0182,30.5802,21.0840,9.4504,41.19,In Hand
595150,-0.8356,9.0764,4.6807,31.8779,22.4122,3.2214,41.19,In Hand
595200,-0.8978,9.9048,4.2617,22.8397,26.6718,-4.3053,40.86,In Hand
595250,-0.8595,9.9671,3.9337,2.8244,28.0611,-9.2519,41.19,In Hand
595300,-0.8284,10.5034,3.4333,-12.5649,36.4733,-7.3893,41.05,In Hand
595350,0.0646,11.0923,3.3543,-40.7786,40.2443,14.1374,41.24,In Hand
595400,0.7063,10.7308,2.9185,-92.0305,49.4962,23.6183,41.24,In Hand
595450,1.4557,9.9838,3.2681,-110.5343,38.1221,46.9466,41.24,In Hand
595500,1.2186,7.1491,6.0023,-84.2137,31.5878,63.3282,40.91,In Hand
595550,-0.0982,6.3159,6.7612,-62.1679,12.9771,50.0153,41.19,In Hand
595600,1.0080,6.9312,6.4476,-43.2824,-4.4122,33.5115,41.19,In Hand
595650,1.8028,8.0421,7.2832,-48.1374,-17.9237,34.5954,40.91,In Hand
595700,2.3296,7.2305,7.1443,-47.0992,-9.1298,35.7252,40.95,In Hand
595750,2.2913,6.3829,7.0030,-41.6183,4.6565,22.9618,40.86,In Hand
595800,1.6472,6.8738,7.3167,-31.3588,18.9466,20.5344,41.19,In Hand
595850,0.1844,6.3542,8.1882,-21.6489,21.7557,32.7328,41.09,In Hand
595900,-0.0766,7.0342,9.1506,-12.6107,9.8015,36.2290,41.28,In Hand
595950,1.3575,7.4005,8.6287,-30.3511,22.6412,31.4198,41.24,In Hand
596000,1.4006,6.6918,9.1913,-35.1603,43.6183,7.0992,40.91,In Hand
596050,1.3575,6.3039,8.9926,-42.3359,56.6870,2.7481,41.24,In Hand
596100,1.1899,6.1818,9.1171,-50.2901,52.5649,17.2824,41.09,In Hand
596150,1.3934,5.6695,10.4483,-49.7863,27.9237,56.4427,41.09,In Hand
596200,2.0183,3.5769,9.3972,-59.1756,16.1527,63.2977,40.77,In Hand
596250,1.6161,2.4325,9.4715,-75.2061,9.3130,63.1298,40.95,In Hand
596300,0.8188,1.8675,10.1610,-57.2824,-16.1832,32.2137,41.24,In Hand
596350,2.6767,3.5171,8.7149,-72.9924,-31.9237,19.0382,40.91,In Hand
596400,3.1316,2.0758,8.2145,-102.1832,-9.9695,38.2443,41.05,In Hand
596450,1.6879,0.7374,8.9399,-110.1679,17.7710,60.4275,41.24,In Hand
596500,0.1604,-0.4214,8.9878,-114.1221,16.3664,57.5725,41.19,In Hand
596550,0.4094,-1.4126,9.5361,-111.0076,6.6718,60.9160,40.95,In Hand
596600,0.5171,-1.8340,9.8952,-76.7328,-0.4122,60.4427,41.09,In Hand
596650,0.0287,-2.5115,10.3334,-56.4427,-23.2061,45.3130,41.24,In Hand
596700,0.4477,-3.0813,11.4706,-27.9389,-51.0534,45.8626,41.05,In Hand
596750,1.2330,-3.6751,12.1362,14.8092,-87.1298,28.4275,41.28,In Hand
596800,3.7134,-1.8196,11.3413,24.0611,-97.1298,16.1527,41.09,In Hand
596850,4.8459,-2.6360,9.2703,34.4580,-60.8397,6.9008,41.19,In Hand
596900,6.1292,-1.7502,8.7149,48.0458,-4.9466,4.6412,41.24,In Hand
596950,5.3630,-1.6400,8.8346,31.4504,46.6718,23.4809,41.09,In Hand
597000,3.3998,-1.3288,8.9567,16.4886,68.8702,27.3130,40.95,In Hand
597050,2.2697,-1.4461,8.8466,-14.4580,72.8855,30.1374,41.09,In Hand
597100,1.4557,-1.5658,8.4252,-37.7557,66.0763,21.7557,40.95,In Hand
597150,1.4174,-2.3655,9.1650,-66.0458,60.8092,16.8397,40.91,In Hand
597200,1.2977,-2.6647,10.5297,-75.4809,51.1298,25.7405,41.19,In Hand
597250,0.5052,-4.0558,9.3111,-76.7481,33.3893,21.5114,41.09,In Hand
597300,0.2514,-5.3774,9.8593,-47.6947,16.3511,-6.9466,41.28,In Hand
597350,0.0886,-5.5689,9.3111,-15.1145,-0.1069,-60.4122,41.38,In Hand
597400,0.8356,-3.9289,9.3757,1.8779,4.0153,-78.6718,41.24,In Hand
597450,1.4629,-3.4046,10.8290,-1.3282,10.5649,-50.6412,41.19,In Hand
597500,0.9194,-3.9217,10.6231,-7.1908,12.3664,-25.8321,41.28,In Hand
597550,1.8028,-3.6607,10.5896,-6.8550,12.6565,7.6947,41.28,In Hand
597600,-0.3424,-6.2872,10.5393,12.5649,-5.7863,17.2672,41.05,In Hand
597650,1.2785,-5.7030,11.2815,56.4427,-21.3130,41.9389,40.91,In Hand
597700,1.8124,-6.3207,10.7212,74.5649,-21.1298,62.5649,41.19,In Hand
597750,1.6041,-4.8626,10.7811,62.9313,-9.6336,76.3359,40.72,In Hand
597800,-0.0527,-1.3767,10.1610,4.1221,-8.8702,77.7557,41.19,In Hand
597850,-0.1221,-1.3767,7.8434,-67.5115,-14.8092,58.2290,41.09,In Hand
597900,1.5610,-1.8962,7.3430,-112.8244,-12.9771,56.5496,41.28,In Hand
597950,3.8618,-2.8467,7.1323,-149.0992,12.9771,80.9924,41.38,In Hand
598000,1.6664,-6.4117,8.0278,-120.9771,27.7557,104.6107,40.95,In Hand
598050,-0.8164,-5.9783,9.0668,-85.8321,21.4351,92.8397,41.24,In Hand
598100,-1.3312,-6.6942,8.2169,-68.8397,-10.7634,60.5954,41.09,In Hand
598150,-1.9704,-6.3734,9.3302,-32.0458,-44.1069,22.9618,41.28,In Hand
598200,-0.5459,-5.8179,8.2744,-15.5267,-70.5191,-6.7634,41.28,In Hand
598250,0.3926,-4.5897,8.1068,2.0153,-76.1832,-11.3588,41.19,In Hand
598300,0.9481,-5.4995,8.4922,6.9771,-69.8321,-4.4885,41.19,In Hand
598350,0.2394,-5.0757,8.7628,5.8779,-56.7939,-8.2595,41.19,In Hand
598400,0.3496,-5.3630,8.7747,-0.3359,-50.4885,-19.4504,41.09,In Hand
598450,1.0343,-5.2816,8.7771,-8.9008,-35.0687,-20.4275,40.95,In Hand
598500,1.0319,-5.5713,8.6431,-5.0992,-28.3817,-21.9847,41.05,In Hand
598550,1.8962,-6.6990,10.0916,10.4122,-10.6870,0.1679,40.95,In Hand
598600,1.5155,-7.7357,10.4315,37.1298,1.7863,15.5878,40.91,In Hand
598650,2.3846,-6.5793,10.3214,45.4198,14.5344,24.7176,41.24,In Hand
598700,1.1779,-5.0494,9.6367,33.3893,25.7099,24.7328,41.28,In Hand
598750,0.1652,-5.1188,8.1618,24.8550,19.0382,-6.5954,41.09,In Hand
598800,0.9864,-7.3215,8.8298,37.5878,18.2443,-36.9466,40.91,In Hand
598850,1.4293,-6.6248,9.8114,53.9237,22.9160,-53.0382,41.24,In Hand
598900,2.2601,-5.9352,10.3693,41.4504,37.5420,-38.5802,41.24,In Hand
598950,1.0774,-6.1459,9.1147,46.2901,40.9771,-25.8779,41.38,In Hand
599000,0.2274,-4.9297,8.5856,55.3282,28.9618,-20.1679,41.38,In Hand
599050,-0.1844,-4.3862,8.5688,48.9924,10.3053,-12.0611,41.28,In Hand
599100,-0.0622,-3.7326,8.8585,36.9924,-5.2977,0.2901,41.24,In Hand
599150,0.5004,-3.6440,8.9208,16.0458,-12.2443,13.8321,41.28,In Hand
599200,0.6536,-3.7278,8.7508,-1.0076,-15.9847,21.1756,40.91,In Hand
599250,1.0080,-3.6799,9.3661,-21.7099,-12.0000,37.7710,41.28,In Hand
599300,0.3160,-3.7685,9.7995,-38.2901,-12.1985,47.0840,41.19,In Hand
599350,1.8723,-5.2170,10.2185,-34.3206,-9.0687,75.3130,41.19,In Hand
599400,0.0982,-5.6767,10.6231,-33.4656,-7.3588,94.3359,41.05,In Hand
599450,0.4669,-4.7381,9.3134,-28.1069,-18.4886,93.4351,41.05,In Hand
599500,0.4621,-4.5011,9.1028,-30.1069,-18.6412,94.9618,41.09,In Hand
599550,0.5171,-4.7262,8.7915,-32.7634,-18.1374,88.3969,41.24,In Hand
599600,0.5291,-4.1994,8.3294,-34.5344,-19.3588,79.6641,40.95,In Hand
599650,0.4094,-4.5897,8.4515,-28.9008,-23.7710,74.4122,41.38,In Hand
599700,0.5124,-4.9464,8.8418,-16.9008,-21.2824,71.5573,41.19,In Hand
599750,-0.3208,-5.9855,9.2201,11.2672,-28.1069,63.1145,41.28,In Hand
599800,-0.4836,-3.1508,8.3821,-21.3588,-35.1603,38.5191,40.95,In Hand
599850,-0.4118,-2.4014,8.2313,-50.4427,-41.2977,15.2061,41.19,In Hand
599900,-0.2274,-2.7653,8.5305,-81.8931,-45.2977,1.5420,40.91,In Hand
599950,0.6201,-4.3862,9.0740,-90.7481,-40.7328,-5.2824,41.19,In Hand
