time_ms,acc_x,acc_y,acc_z,gyro_x,gyro_y,gyro_z,temp_c,label
50,-3.9097,-1.5490,-8.1618,15.3435,19.5267,-5.8321,40.77,On Belt
100,-4.8459,-2.0063,-7.9416,10.1527,7.4962,-31.6947,40.95,On Belt
150,-5.1619,-0.9002,-7.8123,-18.8397,-16.5038,-65.2672,40.77,On Belt
200,-5.0733,-0.5148,-7.8075,-63.7863,-39.3893,-85.1603,40.77,On Belt
250,-4.1204,-0.2969,-7.9751,-84.5954,-36.9313,-84.1374,40.95,On Belt
300,-5.8945,-1.4389,-6.6535,-84.5802,-32.4733,-68.7176,41.09,On Belt
350,-6.0525,-1.3479,-6.3805,-63.0229,-38.3817,-42.7176,40.95,On Belt
400,-6.4404,-2.2936,-6.5529,-27.3130,-39.5115,-19.3893,41.05,On Belt
450,-6.7445,-2.5570,-6.6176,-3.4504,-42.5954,-3.8473,40.67,On Belt
500,-6.2991,-0.5866,-5.9951,13.9847,-51.8779,-4.4122,40.58,On Belt
550,-6.4356,-0.4070,-6.9145,13.0534,-57.3130,-6.7176,41.05,On Belt
600,-6.9599,-0.4693,-7.8650,-8.7176,-54.6412,-24.0763,40.95,On Belt
650,-6.6104,0.8691,-8.9088,-33.9237,-41.4809,-25.2824,40.67,On Belt
700,-7.0653,0.2849,-5.5569,-70.7328,-31.8473,-36.8092,40.77,On Belt
750,-6.3303,-1.0894,-5.0925,-90.5191,-35.4046,-58.7939,40.72,On Belt
800,-6.5529,-1.1540,-5.1595,-94.3359,-21.6336,-58.4275,40.72,On Belt
850,-7.0485,-2.1955,-4.9632,-90.7023,-15.5115,-66.3511,40.72,On Belt
900,-7.4939,-1.6161,-4.6112,-87.0076,-16.7328,-67.7557,40.91,On Belt
950,-8.0038,-1.3838,-4.2258,-83.9237,-20.6107,-64.7939,40.72,On Belt
1000,-8.2791,-1.6592,-4.6567,-85.9542,-23.0382,-54.0458,40.77,On Belt
1050,-7.8458,-2.6719,-5.0829,-59.5267,-10.1832,-28.5802,40.67,On Belt
1100,-7.9200,-3.4548,-3.8068,-36.4427,1.3740,-19.8015,40.77,On Belt
1150,-7.3813,-3.4333,-3.6799,4.7481,-6.9771,-13.8321,40.95,On Belt
1200,-7.0461,-3.0335,-4.4341,31.8168,2.5038,-9.3282,40.77,On Belt
1250,-7.5681,-2.8874,-5.3654,45.8779,8.4427,6.8092,40.91,On Belt
1300,-8.1882,-2.7318,-5.7796,50.7634,18.4580,21.4046,40.72,On Belt
1350,-8.3151,-2.0901,-4.9105,53.1450,17.5267,29.3740,40.72,On Belt
1400,-7.6351,-2.1835,-4.7597,53.8779,13.2214,29.5573,40.67,On Belt
1450,-7.5968,-1.3144,-4.5131,55.0382,7.5878,29.1145,40.86,On Belt
1500,-7.6614,-1.5921,-5.1332,44.4885,6.2595,32.2137,40.77,On Belt
1550,-7.5082,-1.9249,-5.7748,35.6641,9.9695,31.5420,40.95,On Belt
1600,-7.9966,-1.9944,-5.8826,30.0916,13.9237,40.9313,40.91,On Belt
1650,-7.0749,-1.9896,-5.2672,19.3282,12.9771,39.3435,40.77,On Belt
1700,-7.2329,-2.5259,-5.2337,10.1221,11.8168,36.7176,40.77,On Belt
1750,-7.0988,-2.3894,-4.8937,6.5649,8.4275,38.0153,40.86,On Belt
1800,-7.5824,-3.0143,-5.7676,21.6794,17.4656,47.4046,40.72,On Belt
1850,-8.2217,-2.0566,-4.8554,49.5725,14.3053,70.4733,40.72,On Belt
1900,-7.0485,-0.5363,-4.4197,59.7405,24.9924,90.9618,40.77,On Belt
1950,-6.8857,-1.0080,-4.7860,73.4504,37.5878,99.2824,40.67,On Belt
2000,-7.3358,-1.3934,-5.3726,91.3740,41.7557,100.2290,40.72,On Belt
2050,-7.4531,-0.5602,-5.4420,102.3053,40.3206,105.4504,40.91,On Belt
2100,-7.2712,0.0886,-6.1651,103.6183,47.0840,112.6565,40.86,On Belt
2150,-6.7924,0.2969,-6.0980,107.8779,51.8626,125.8168,40.67,On Belt
2200,-6.1124,0.1939,-6.1316,114.3664,54.2443,129.4657,41.05,On Belt
2250,-5.7269,-0.2131,-6.2968,116.7939,50.8855,130.5496,40.72,On Belt
2300,-5.9209,0.4741,-7.2640,129.4504,47.2519,127.7405,41.09,On Belt
2350,-6.9671,0.8835,-9.0142,103.5878,52.1832,101.1756,40.72,On Belt
2400,-6.8402,-0.8954,-8.5162,68.6870,24.8702,83.9389,40.67,On Belt
2450,-4.8530,0.3424,-7.3574,30.4427,8.7786,51.3740,40.86,On Belt
2500,-4.2473,-0.4310,-5.8873,2.9618,-7.4351,23.4962,40.72,On Belt
2550,-4.5131,-1.6807,-6.6176,9.1298,-25.1603,22.6718,40.86,On Belt
2600,-5.0350,-0.9768,-9.7037,51.0229,-1.9237,63.2366,40.53,On Belt
2650,-6.6559,-0.4118,-7.5202,71.7099,3.4351,83.1756,40.86,On Belt
2700,-5.8179,-0.2801,-7.4579,44.9160,-19.8931,61.9389,40.72,On Belt
2750,-4.7621,-0.0431,-7.1946,8.0000,-40.4580,39.8168,40.77,On Belt
2800,-4.4843,-0.3232,-7.9440,-1.9084,-36.5954,35.8626,40.67,On Belt
2850,-4.9081,-0.5794,-8.4851,20.0000,-7.9847,48.5191,40.91,On Belt
2900,-6.1962,-0.1125,-6.4907,27.5725,-5.3740,51.2519,40.72,On Belt
2950,-6.2728,0.1963,-6.9480,16.7786,-19.7252,33.2214,40.91,On Belt
3000,-6.2034,0.7757,-6.8570,-2.6107,-28.8092,15.4351,40.72,On Belt
3050,-6.1435,0.3304,-6.5122,-17.3893,-32.4733,1.6031,40.95,On Belt
3100,-6.2345,0.1939,-6.2513,-15.7405,-32.9008,-8.8092,40.86,On Belt
3150,-6.4045,0.0431,-5.9161,-9.2824,-31.7099,-12.4733,40.58,On Belt
3200,-5.3534,-0.1724,-6.4069,10.1679,-13.2672,-12.9924,40.77,On Belt
3250,-6.7564,-0.2179,-6.2848,24.5038,-1.3588,-15.0076,40.72,On Belt
3300,-8.5377,1.7119,-7.2449,21.1603,-11.8015,-11.4351,40.67,On Belt
3350,-8.4491,1.6640,-6.7014,-5.9084,-19.7405,-10.2748,40.86,On Belt
3400,-6.6487,-0.9601,-5.8347,-47.5725,-33.7252,-50.2595,40.91,On Belt
3450,-6.5194,-0.4118,-5.5689,-70.1985,-35.6183,-82.0611,40.67,On Belt
3500,-6.6559,0.0000,-5.8897,-76.7481,-12.9924,-66.8092,40.77,On Belt
3550,-6.9983,-2.0327,-5.3319,-68.3359,-9.8626,-71.6183,40.72,On Belt
3600,-7.0198,-1.5371,-5.1164,-60.2901,-10.8855,-72.7481,41.05,On Belt
3650,-7.0725,-1.3958,-4.9967,-66.9924,-5.1756,-75.6794,41.05,On Belt
3700,-7.5130,-1.3024,-4.9823,-83.4504,0.6565,-70.5954,40.53,On Belt
3750,-7.3550,-2.0518,-5.0542,-94.1679,8.7176,-73.3740,40.95,On Belt
3800,-7.5824,-1.8292,-4.8674,-98.6718,10.1221,-66.2901,40.72,On Belt
3850,-8.6239,-3.1436,-5.4971,-66.8244,2.9313,-35.7557,40.77,On Belt
3900,-7.4843,-3.7326,-4.6352,-26.9008,-0.3206,-8.0916,40.77,On Belt
3950,-6.2944,-4.2928,-5.9807,17.0840,7.4198,-4.3664,40.91,On Belt
4000,-7.0150,-3.0358,-5.9065,46.3359,23.7099,19.4198,40.67,On Belt
4050,-7.9871,-1.7909,-5.2074,69.4198,18.3817,47.0840,40.91,On Belt
4100,-6.6032,-2.1404,-5.3534,91.1756,9.5115,54.7176,40.72,On Belt
4150,-6.1938,-2.5881,-6.1387,114.0000,16.3359,49.3130,40.67,On Belt
4200,-7.6782,-2.1452,-6.7086,111.2824,12.0916,55.4046,40.95,On Belt
4250,-7.2808,-0.8475,-6.5673,98.9618,12.8397,51.9695,40.77,On Belt
4300,-7.0701,0.1197,-5.6838,50.0916,8.3969,36.1985,40.72,On Belt
4350,-6.5218,-1.7286,-6.0645,-8.7634,-9.7252,6.5649,40.91,On Belt
4400,-6.2010,-3.1627,-5.8826,-43.8626,-15.9847,-28.6260,40.86,On Belt
4450,-6.2153,-2.3104,-6.4907,-62.1221,0.7023,-51.5267,41.05,On Belt
4500,-7.4986,-1.3455,-5.6360,-74.9313,9.8321,-35.6489,40.67,On Belt
4550,-7.2018,-2.3128,-5.3175,-78.9313,11.8473,-39.9847,40.72,On Belt
4600,-7.3382,-2.8036,-5.3056,-76.5038,3.1145,-37.1603,40.77,On Belt
4650,-7.4915,-2.1907,-5.2744,-64.4580,-4.3817,-28.3817,40.91,On Belt
4700,-7.4005,-2.6240,-5.5881,-40.7023,-2.5344,-12.2595,40.95,On Belt
4750,-6.4715,-3.5123,-5.4109,-10.3969,1.7710,5.6489,40.86,On Belt
4800,-6.6463,-3.5195,-5.4109,25.2061,4.5954,13.7405,40.72,On Belt
4850,-6.8091,-2.2434,-5.6264,50.5038,4.4733,24.1221,40.72,On Belt
4900,-7.3334,-2.0470,-5.7485,65.6183,4.3359,35.5878,40.77,On Belt
4950,-6.8881,-2.0949,-5.9352,69.2061,0.3511,39.9237,40.67,On Belt
5000,-6.5218,-2.2913,-6.1603,71.1298,3.4504,41.8321,40.91,On Belt
5050,-6.7325,-1.9992,-6.1172,68.0458,3.4504,37.4962,40.72,On Belt
5100,-6.6894,-1.4581,-6.1651,47.6183,3.3893,28.2901,40.77,On Belt
5150,-6.7612,-1.2546,-6.0980,16.4580,0.2901,10.6565,40.77,On Belt
5200,-6.7181,-1.7957,-5.9735,-20.9466,-6.6260,-12.4427,40.77,On Belt
5250,-6.7995,-1.6879,-5.8658,-46.4733,-6.9771,-31.0534,40.77,On Belt
5300,-6.9073,-1.9369,-5.7581,-60.4733,-4.1069,-34.0916,40.77,On Belt
5350,-7.0653,-2.3798,-5.6288,-64.6870,-2.2595,-36.1985,41.05,On Belt
5400,-7.1132,-2.3104,-5.5402,-64.3817,-2.5496,-36.0916,40.72,On Belt
5450,-7.1347,-2.2458,-5.4133,-57.5267,-3.5267,-30.4275,40.67,On Belt
5500,-7.2401,-2.5019,-5.4085,-46.4122,-2.0458,-22.6565,40.91,On Belt
5550,-7.1970,-2.5809,-5.3678,-29.5114,-2.6107,-11.7863,40.77,On Belt
5600,-6.9384,-2.6193,-5.3534,-10.2290,-1.0076,-4.2901,40.77,On Belt
5650,-7.0222,-2.7438,-5.4612,9.7405,1.7863,4.9160,40.86,On Belt
5700,-7.2113,-2.3176,-5.5067,25.9847,0.9313,13.5420,40.72,On Belt
5750,-6.8761,-2.3583,-5.6743,37.1145,1.9237,19.0840,40.95,On Belt
5800,-6.8426,-2.1931,-5.7557,44.1221,2.4427,23.2977,40.67,On Belt
5850,-7.0222,-2.0782,-5.9209,44.1374,3.2977,23.4504,40.91,On Belt
5900,-7.0030,-1.9154,-5.8323,38.5649,1.3282,22.0305,40.72,On Belt
5950,-6.7852,-1.9752,-5.8730,28.8702,0.9618,15.9695,40.72,On Belt
6000,-6.8163,-1.9369,-5.7557,15.5725,0.8702,7.5878,40.77,On Belt
6050,-6.9647,-1.8124,-5.7868,-2.2443,0.0611,-2.6870,40.95,On Belt
6100,-6.9145,-2.0016,-5.7150,-19.2214,-0.7939,-11.4809,40.72,On Belt
6150,-7.0844,-2.0806,-5.6551,-30.3359,-1.5115,-18.7176,40.67,On Belt
6200,-6.9360,-2.2386,-5.6024,-36.5802,-1.6794,-21.2824,40.95,On Belt
6250,-7.0246,-2.4205,-5.5905,-37.7252,-1.0076,-21.2061,40.67,On Belt
6300,-7.0294,-2.3463,-5.5330,-35.5878,-1.2366,-19.7710,40.67,On Belt
6350,-7.0988,-2.5067,-5.4612,-30.7176,-1.6336,-15.6336,40.91,On Belt
6400,-6.9983,-2.5067,-5.4899,-22.1985,-0.4580,-11.0534,40.95,On Belt
6450,-7.0988,-2.5881,-5.4516,-12.8244,0.0458,-5.5267,40.77,On Belt
6500,-6.9384,-2.5115,-5.3774,-1.9542,0.7786,-0.7176,40.77,On Belt
6550,-7.1347,-2.5355,-5.5569,8.9008,1.1756,5.3282,41.09,On Belt
6600,-6.9671,-2.3846,-5.5522,16.9618,1.7405,10.7786,40.91,On Belt
6650,-6.9073,-2.4062,-5.6360,22.4733,2.3511,13.6947,40.91,On Belt
6700,-6.8738,-2.2960,-5.6838,23.1145,2.7634,13.6336,40.72,On Belt
6750,-6.8905,-2.1955,-5.7365,21.2214,2.9008,12.6412,40.77,On Belt
6800,-6.9552,-2.1763,-5.7437,16.0000,2.0763,9.4351,40.86,On Belt
6850,-6.8905,-2.0853,-5.7293,9.1756,0.7939,5.7557,40.95,On Belt
6900,-6.8738,-2.1332,-5.6958,1.4809,1.5420,1.4656,40.77,On Belt
6950,-6.9504,-2.1332,-5.6934,-6.2748,0.8244,-2.5191,40.67,On Belt
7000,-6.8450,-2.2027,-5.6192,-13.5420,0.1832,-6.7939,40.91,On Belt
7050,-6.9863,-2.3655,-5.7006,-17.7252,0.3206,-8.8244,40.95,On Belt
7100,-6.9288,-2.3224,-5.6120,-18.5344,0.0458,-9.4656,40.77,On Belt
7150,-6.9576,-2.3990,-5.6527,-17.2366,0.9466,-8.5038,40.77,On Belt
7200,-6.9695,-2.4732,-5.4995,-13.4351,0.0458,-6.1527,40.86,On Belt
7250,-6.9671,-2.5211,-5.5617,-8.6260,1.3435,-3.3130,40.95,On Belt
7300,-6.9959,-2.4301,-5.4899,-2.8397,1.0229,-0.2748,41.05,On Belt
7350,-6.9887,-2.4181,-5.5665,2.5191,0.3664,2.3817,40.72,On Belt
7400,-6.9432,-2.4397,-5.5976,6.1374,0.2901,3.4656,40.91,On Belt
7450,-6.9312,-2.3176,-5.7365,7.8015,0.8702,5.7557,40.67,On Belt
7500,-6.7780,-2.3487,-5.6862,9.2061,1.4351,7.0076,40.86,On Belt
7550,-6.9312,-2.3343,-5.7054,9.3282,1.7863,6.0153,40.77,On Belt
7600,-7.0150,-2.1715,-5.7269,6.7634,0.5344,5.6489,40.67,On Belt
7650,-6.7900,-2.3152,-5.7150,2.8397,1.4656,3.8321,40.86,On Belt
7700,-6.9719,-2.1596,-5.6527,-1.0382,1.2672,1.2366,41.05,On Belt
7750,-6.8809,-2.3200,-5.6671,-4.9008,0.5344,-0.3969,40.77,On Belt
7800,-6.8283,-2.3272,-5.7078,-6.3359,0.8855,-1.6336,40.86,On Belt
7850,-6.9983,-2.3224,-5.6383,-7.2977,0.6718,-1.6794,40.91,On Belt
7900,-6.8618,-2.4110,-5.6790,-6.6107,0.4275,-1.1756,40.77,On Belt
7950,-6.9528,-2.3750,-5.5952,-5.0992,0.5802,-0.7786,40.67,On Belt
8000,-7.0006,-2.3703,-5.6144,-3.8473,0.4733,-0.0916,40.86,On Belt
8050,-6.9360,-2.3176,-5.5617,-2.0305,0.7176,0.7328,40.53,On Belt
8100,-7.0390,-2.3272,-5.5976,-0.4427,-0.0458,1.6794,40.67,On Belt
8150,-6.8618,-2.4038,-5.6431,1.1908,-0.3817,3.5267,40.72,On Belt
8200,-6.8618,-2.3990,-5.6383,3.6489,1.2977,2.9618,40.95,On Belt
8250,-7.0461,-2.1763,-5.5809,3.7710,0.0916,3.5878,40.95,On Belt
8300,-6.9671,-2.2242,-5.6383,1.8931,0.3206,2.3664,40.95,On Belt
8350,-6.9097,-2.2338,-5.6431,-0.5649,0.4275,1.3893,40.72,On Belt
8400,-7.1084,-2.1668,-5.5857,-4.0611,-0.3817,-1.0076,40.77,On Belt
8450,-6.8809,-2.2170,-5.6264,-6.9313,0.0000,-2.2443,40.91,On Belt
8500,-7.1299,-2.2051,-5.6192,-9.9084,-0.5802,-3.8931,40.77,On Belt
8550,-6.9719,-2.2051,-5.4779,-11.5573,0.1221,-3.6489,40.95,On Belt
8600,-6.9240,-2.4062,-5.5905,-9.7710,1.5725,-3.2519,40.86,On Belt
8650,-7.1778,-2.2482,-5.5067,-6.7786,1.5573,-0.7176,40.77,On Belt
8700,-7.0294,-2.3535,-5.4133,-3.1298,0.0153,1.4809,40.91,On Belt
8750,-6.8905,-2.4325,-5.5833,2.1679,1.0992,3.3740,40.72,On Belt
8800,-7.0629,-2.3655,-5.5857,6.4580,1.5115,6.0305,40.86,On Belt
8850,-6.9336,-2.2529,-5.6144,9.8168,1.6489,7.8931,40.72,On Belt
8900,-6.8809,-2.3320,-5.7293,11.5267,1.5267,8.3511,40.95,On Belt
8950,-6.9121,-2.1739,-5.7102,11.6031,1.5878,7.9542,40.91,On Belt
9000,-6.9719,-2.2218,-5.7245,9.3893,1.3130,6.2748,40.91,On Belt
9050,-6.8929,-2.0949,-5.7461,5.7252,0.3511,3.6489,40.77,On Belt
9100,-6.9432,-2.1835,-5.7293,0.6718,0.7939,1.1450,40.91,On Belt
9150,-6.9264,-2.0446,-5.7126,-5.3130,-0.9466,-2.9771,40.72,On Belt
9200,-7.0198,-2.2027,-5.7102,-9.6794,-0.4885,-5.6794,40.91,On Belt
9250,-6.9312,-2.1117,-5.6120,-13.9084,-0.9924,-8.1221,40.91,On Belt
9300,-7.0653,-2.3224,-5.6192,-15.7863,-0.7481,-9.2214,40.91,On Belt
9350,-7.0102,-2.1859,-5.6120,-16.4733,-0.3817,-9.2061,40.67,On Belt
9400,-7.1251,-2.3535,-5.5402,-15.4962,-1.2977,-8.0153,40.91,On Belt
9450,-6.8546,-2.3415,-5.5019,-14.5802,1.0992,-7.8626,40.77,On Belt
9500,-7.1036,-2.3607,-5.5665,-11.6336,1.4198,-5.4198,40.72,On Belt
9550,-7.0222,-2.3128,-5.4612,-8.9771,2.4885,-3.4198,40.91,On Belt
9600,-7.0390,-2.4900,-5.4396,-4.7328,2.5802,-1.3130,40.95,On Belt
9650,-7.0246,-2.3942,-5.5689,0.0916,4.3511,2.3664,40.72,On Belt
9700,-7.1012,-2.3942,-5.4324,5.6947,3.3893,6.4580,40.77,On Belt
9750,-6.7708,-2.4636,-5.6455,12.4580,3.0687,9.0840,40.72,On Belt
9800,-6.9887,-2.5402,-5.8131,21.1145,3.4351,12.6107,40.77,On Belt
9850,-6.7684,-2.2170,-5.7820,24.6107,1.8779,15.0076,40.58,On Belt
9900,-6.4572,-2.5043,-6.0047,27.7099,4.2137,14.4275,40.86,On Belt
9950,-6.8857,-2.0399,-5.8371,25.3130,2.9466,10.5344,40.67,On Belt
10000,-6.8283,-1.8866,-5.9783,9.9237,-3.2519,3.8321,40.86,On Belt
10050,-6.7229,-2.0925,-6.1579,-8.7634,-4.7634,-10.1374,40.67,On Belt
10100,-6.6319,-1.9106,-5.9520,-27.3588,-4.7786,-20.8092,40.77,On Belt
10150,-6.7900,-2.1979,-5.8514,-41.7557,-6.1374,-28.0000,40.95,On Belt
10200,-6.7564,-2.2721,-5.8610,-49.2519,-6.9771,-32.4885,40.86,On Belt
10250,-6.5625,-2.4900,-5.8012,-48.0458,-6.4427,-32.9160,41.09,On Belt
10300,-6.8259,-2.7797,-5.8035,-41.2214,-6.9008,-29.7252,40.67,On Belt
10350,-6.7277,-2.7749,-5.7700,-31.8779,-8.7786,-26.8244,40.77,On Belt
10400,-6.6679,-2.7150,-5.8802,-24.8397,-6.3511,-23.1298,41.09,On Belt
10450,-6.8307,-2.5498,-5.6958,-23.6641,-4.1069,-21.0382,40.91,On Belt
10500,-6.8642,-2.1859,-5.5306,-25.7557,-4.3817,-22.4427,40.58,On Belt
10550,-6.7014,-2.6240,-5.6623,-27.9084,-7.4809,-21.3740,40.91,On Belt
10600,-6.5218,-3.1651,-5.9304,-25.2519,-6.6412,-20.8855,40.95,On Belt
10650,-6.4620,-2.7916,-5.6383,-20.7328,-4.1374,-20.0000,40.95,On Belt
10700,-6.7133,-2.6815,-5.5450,-19.7863,-0.7328,-16.8092,40.58,On Belt
10750,-6.9599,-2.4205,-5.5881,-16.5802,1.2824,-15.2061,40.91,On Belt
10800,-7.1491,-2.6624,-5.6575,-14.9466,2.8550,-8.9008,40.58,On Belt
10850,-6.7277,-2.7773,-5.4708,-6.2137,-0.7634,-7.3740,40.91,On Belt
10900,-6.6104,-2.8802,-5.8538,3.0076,-0.7328,-0.7634,40.72,On Belt
10950,-6.4907,-2.8635,-5.8730,14.3969,3.0687,4.6870,40.77,On Belt
11000,-6.9767,-2.5977,-5.8873,20.5496,0.8855,7.5725,40.67,On Belt
11050,-7.0988,-2.0423,-5.8347,17.9695,0.2901,7.4046,40.91,On Belt
11100,-6.8881,-2.3439,-5.9280,8.7481,-0.1985,6.3817,40.77,On Belt
11150,-6.7373,-2.4852,-5.8419,-0.5954,-2.5802,2.9618,40.72,On Belt
11200,-6.5481,-2.6887,-6.0358,-6.8855,-2.9160,1.2977,40.72,On Belt
11250,-6.6248,-2.6719,-5.9113,-9.0229,-4.3817,-2.4427,40.67,On Belt
11300,-6.7421,-2.5881,-6.0861,-11.1603,-5.1450,-2.0000,41.05,On Belt
11350,-6.5841,-2.5881,-5.8323,-14.2748,-3.0382,-2.4122,40.67,On Belt
11400,-6.6918,-2.9161,-5.8873,-17.0382,2.1832,-4.7023,40.91,On Belt
11450,-7.1778,-2.4421,-5.7174,-18.4733,-1.6489,2.9618,40.72,On Belt
11500,-6.8354,-2.7126,-5.6838,-14.0305,-5.1908,8.2443,40.95,On Belt
11550,-6.4236,-3.3088,-5.9113,-4.8550,-3.7099,14.5038,40.72,On Belt
11600,-6.4308,-2.8706,-5.9687,6.0000,2.6718,19.2061,40.72,On Belt
11650,-6.7181,-2.3152,-5.8347,13.0840,8.5344,30.0611,40.72,On Belt
11700,-6.5841,-2.3607,-5.6838,25.4504,6.8702,39.2366,40.72,On Belt
11750,-6.4763,-2.2075,-6.0669,34.1374,13.3435,44.7939,40.67,On Belt
11800,-7.2209,-1.8340,-6.2537,40.6718,16.5649,50.9008,40.67,On Belt
11850,-6.9264,-0.7949,-6.2560,42.6412,16.4733,59.8321,40.91,On Belt
11900,-6.4069,-0.4956,-6.7205,39.6031,28.6260,68.6107,40.77,On Belt
11950,-6.5936,-0.0503,-6.9456,27.7710,43.0229,76.8397,40.91,On Belt
12000,-6.4332,-0.5914,-6.2752,15.1908,47.3740,68.4885,41.05,On Belt
12050,-6.3135,-0.5674,-6.4859,6.0916,45.0534,61.6336,40.91,On Belt
12100,-6.0047,-0.5291,-7.0701,11.9542,51.9084,57.5878,40.95,On Belt
12150,-6.0286,0.1173,-8.0732,26.5954,66.5343,63.2366,40.77,On Belt
12200,-5.2505,-0.3280,-8.0828,42.8397,80.7023,81.6183,40.77,On Belt
12250,-5.2625,-0.9026,-7.4460,71.4504,87.5115,70.0153,40.86,On Belt
12300,-5.4205,0.0072,-6.7445,65.8168,64.4885,46.3053,40.77,On Belt
12350,-5.4708,0.1173,-6.7325,40.3817,13.5267,20.1069,40.67,On Belt
12400,-5.1236,-0.6536,-7.5800,4.3969,-31.5725,-8.9008,40.77,On Belt
12450,-3.7350,-0.8068,-8.0421,-12.0763,-49.0229,-33.9389,40.72,On Belt
12500,-3.0478,-0.3376,-8.8131,-10.5344,-39.5725,-27.4351,40.77,On Belt
12550,-3.8307,-0.9673,-8.6095,-8.4427,-20.2748,-23.6641,40.91,On Belt
12600,-4.3910,-1.3048,-7.5968,-6.9008,-18.9466,-24.2595,40.86,On Belt
12650,-4.5226,-0.5578,-7.6998,-11.8473,-32.0763,-23.6794,40.91,On Belt
12700,-4.4748,-0.5578,-7.9080,-20.1679,-36.9618,-21.2977,40.77,On Belt
12750,-4.9368,-0.7590,-7.6279,-27.9237,-43.1756,-22.7481,40.77,On Belt
12800,-5.3989,-0.9529,-7.2927,-32.5954,-53.3588,-24.5344,40.72,On Belt
12850,-5.7964,-1.1349,-7.1563,-34.9466,-67.5115,-30.3053,40.95,On Belt
12900,-6.9719,-1.5993,-7.4603,-33.4046,-88.5496,-55.2366,40.77,On Belt
12950,-7.1778,2.5546,-9.0094,-70.4580,-95.3435,-61.7863,40.67,On Belt
13000,-5.6144,0.7470,-7.7428,-109.4657,-66.5802,-68.7939,40.72,On Belt
13050,-5.9089,-1.8196,-5.2337,-122.8550,-63.9389,-93.7099,41.05,On Belt
13100,-6.3063,-0.6584,-6.0621,-146.8855,-37.9847,-107.1145,40.95,On Belt
13150,-7.0198,-2.0087,-6.0382,-165.0840,-0.9924,-118.0458,40.86,On Belt
13200,-7.7835,-1.6233,-5.5426,-152.0916,-13.7710,-90.3664,40.86,On Belt
13250,-6.6319,-2.6504,-5.0542,-140.9924,-6.9771,-94.0153,40.95,On Belt
13300,-6.5984,-3.7110,-5.0374,-131.5725,-6.6412,-90.9313,40.77,On Belt
13350,-7.7859,-3.3351,-4.7429,-112.5191,-4.2290,-75.0840,40.67,On Belt
13400,-8.5377,-3.7781,-4.0223,-74.9618,1.7863,-43.1603,41.09,On Belt
13450,-7.9823,-4.5179,-3.6847,-26.8702,-2.6870,-25.5267,40.86,On Belt
13500,-6.5529,-4.6615,-4.6711,20.1221,-3.4198,-20.4733,40.86,On Belt
13550,-6.9049,-2.3415,-4.8890,55.4962,15.7405,-0.3664,40.95,On Belt
13600,-7.9344,-2.7366,-5.4253,81.6641,21.4809,23.5573,41.05,On Belt
13650,-7.7548,-2.3990,-5.6647,93.9084,16.3664,28.7328,40.77,On Belt
13700,-7.4771,-1.9249,-5.7389,94.4275,13.8473,32.5802,40.95,On Belt
13750,-6.9791,-2.1644,-5.7844,85.2824,15.1603,34.0305,40.95,On Belt
13800,-6.7181,-2.4517,-5.7916,68.4733,15.0534,26.7328,40.77,On Belt
13850,-6.9719,-1.5826,-5.6096,39.3740,8.9771,7.5267,40.86,On Belt
13900,-7.3550,-1.0343,-5.6814,-12.4275,-7.9847,-19.9237,40.77,On Belt
13950,-6.3925,-2.3463,-6.0238,-64.4122,-18.5038,-38.0305,40.67,On Belt
14000,-6.4021,-3.2848,-6.5529,-90.7023,-6.5496,-61.6489,40.77,On Belt
14050,-6.9025,-2.3128,-5.7054,-102.0916,-2.0305,-58.2290,40.77,On Belt
14100,-7.1084,-2.8730,-5.7006,-104.8244,-1.9847,-58.3053,40.86,On Belt
14150,-7.0006,-3.3495,-5.6503,-101.4657,-7.0076,-52.7634,40.77,On Belt
14200,-6.7636,-3.3327,-5.7389,-92.1985,-8.8244,-46.7023,40.58,On Belt
14250,-6.9599,-3.3447,-5.6862,-71.9847,-4.6412,-31.8015,40.72,On Belt
14300,-7.0366,-3.5051,-5.3367,-48.6107,-4.1527,-17.1603,40.86,On Belt
14350,-6.7947,-3.4500,-5.3750,-21.9084,-1.1298,-3.7863,40.58,On Belt
14400,-6.9408,-3.1556,-5.3917,0.7328,2.1221,8.6260,40.86,On Belt
14450,-6.9815,-2.5642,-5.5306,16.0611,4.9924,21.5573,40.58,On Belt
14500,-6.9240,-2.5139,-5.7533,28.1221,8.9618,32.1069,40.95,On Belt
14550,-6.7349,-2.3248,-6.1746,36.9313,15.1908,40.8244,40.86,On Belt
14600,-6.5505,-2.3750,-6.3518,45.1145,22.5802,45.6947,41.09,On Belt
14650,-6.2393,-1.4916,-6.3686,49.8931,31.6031,46.9160,40.77,On Belt
14700,-6.5146,-0.3232,-7.0437,43.3740,42.2901,50.8397,40.91,On Belt
14750,-6.4787,0.6608,-6.9360,21.7405,41.9695,50.2595,40.77,On Belt
14800,-5.7820,-0.7278,-6.7133,11.7099,29.4351,50.0916,40.86,On Belt
14850,-5.4636,-1.4509,-7.2592,16.9924,12.9466,48.1985,40.91,On Belt
14900,-5.6814,-1.3838,-7.5058,16.5191,-3.4656,36.7786,40.77,On Belt
14950,-5.1068,-0.6033,-7.9942,4.7023,-11.6947,19.3435,40.77,On Belt
15000,-4.9129,-0.4310,-7.7692,-10.9008,-13.3130,4.8397,40.67,On Belt
15050,-4.8243,-0.8045,-7.8434,-19.2366,-8.7634,-10.9008,40.91,On Belt
15100,-5.2433,-0.5219,-7.7357,-27.8321,1.1145,-25.8015,40.91,On Belt
15150,-6.9599,0.4741,-6.4260,-51.5725,-12.6565,-40.7634,40.77,On Belt
15200,-7.2472,0.3974,-6.8666,-65.0076,-17.5114,-43.6794,40.67,On Belt
15250,-7.9057,0.7374,-7.0126,-66.5649,-9.6947,-24.1221,40.86,On Belt
15300,-7.4891,-0.3687,-5.8514,-54.1679,1.6947,-12.3206,40.95,On Belt
15350,-7.2233,-0.3663,-5.3822,-38.8397,9.3435,-6.5191,40.72,On Belt
15400,-7.3047,0.3208,-5.2146,-26.1679,18.3664,11.2977,40.95,On Belt
15450,-7.4292,-0.5698,-5.6503,-2.4580,24.3664,36.2901,41.05,On Belt
15500,-6.2177,-0.8906,-5.5665,33.3435,27.5878,69.0229,40.91,On Belt
15550,-4.9464,-2.4804,-5.9185,89.6794,31.5114,96.1374,40.72,On Belt
15600,-5.8658,-3.4812,-6.6152,140.4580,31.3893,106.3817,40.72,On Belt
15650,-5.2313,-2.8587,-6.9839,185.5725,3.0534,121.9847,40.95,On Belt
15700,-6.5218,3.8259,-9.4116,151.3588,6.6718,127.2214,40.67,On Belt
15750,-6.5098,0.9242,-6.9240,39.7863,-30.2595,95.6641,40.72,On Belt
15800,-6.2153,-2.1428,-6.6128,-20.6260,-74.2901,43.6641,40.67,On Belt
15850,-6.0214,-4.4843,-6.4141,-20.9618,-91.7405,-15.4198,40.91,On Belt
15900,-4.6017,-0.8715,-8.0325,20.8702,-88.6870,-24.4427,40.86,On Belt
15950,-6.5817,-3.7589,-9.3925,80.9618,-7.1603,24.8702,40.72,On Belt
16000,-6.3614,-1.4820,-6.1962,106.2137,19.3282,43.0534,40.67,On Belt
16050,-6.7876,-0.1006,-5.6958,86.7634,2.8855,31.0076,40.77,On Belt
16100,-6.9312,-0.2274,-5.3295,34.0458,-13.0382,14.2443,40.95,On Belt
16150,-5.4540,-2.1213,-6.1794,17.0382,7.4046,3.9847,40.91,On Belt
16200,-7.8123,-0.9290,-5.8347,12.5954,34.2137,4.9771,40.86,On Belt
16250,-9.0549,-2.4636,-5.9783,0.5802,45.2672,15.7099,40.86,On Belt
16300,-6.8091,-2.3128,-4.6950,-3.3435,47.4504,16.0458,40.72,On Belt
16350,-8.3438,-3.6392,-5.9879,-12.7786,49.6031,12.2748,40.67,On Belt
16400,-7.9679,-1.7621,-5.4947,-10.8397,40.2137,31.2061,40.86,On Belt
16450,-7.9344,-1.8340,-5.5234,-7.8168,41.2366,53.7099,40.72,On Belt
16500,-8.4707,-3.9097,-6.6463,32.1374,31.2519,70.5191,40.77,On Belt
16550,-5.7988,-2.5402,-5.5545,66.6718,19.2977,98.1985,40.72,On Belt
16600,-5.4348,-3.9025,-6.3183,89.0534,18.4275,114.9771,40.91,On Belt
16650,-5.1882,-3.7709,-6.9121,129.2672,21.2366,121.0382,40.77,On Belt
16700,-5.0613,-3.2537,-6.6391,179.8473,-2.5191,147.4657,40.86,On Belt
16750,-4.2976,1.3575,-7.7979,192.7634,-14.7939,125.6031,40.86,On Belt
16800,-7.3358,1.4748,-8.2025,61.5267,-37.6031,90.3969,40.77,On Belt
16850,-6.5577,-1.4126,-7.9823,-27.5725,-89.0382,35.7252,40.95,On Belt
16900,-6.0406,-4.2018,-7.3670,-32.2290,-105.6183,-25.7252,40.86,On Belt
16950,-3.5817,-0.2466,-7.6279,-19.2977,-86.8397,-48.3206,40.67,On Belt
17000,-6.3375,-0.0934,-8.7604,9.4046,3.7252,9.5878,40.95,On Belt
17050,-7.1850,-0.8691,-5.3079,-6.7481,14.2137,5.6641,40.91,On Belt
17100,-7.0318,-0.8140,-4.9129,-26.0153,17.1756,-14.4275,40.72,On Belt
17150,-7.7764,-0.8787,-5.0063,-40.8550,15.7405,-19.3740,40.77,On Belt
17200,-7.5441,-1.1372,-4.6112,-47.0534,12.6412,-23.0687,40.77,On Belt
17250,-7.6591,-1.4988,-4.9464,-47.3740,16.4580,-27.2366,40.86,On Belt
17300,-8.0325,-1.3024,-4.7764,-48.3969,22.4427,-24.4275,40.72,On Belt
17350,-8.2839,-1.3695,-4.6735,-38.5649,15.8931,-17.8779,40.67,On Belt
17400,-8.1906,-1.5682,-4.7166,-25.5267,9.4962,-10.5954,40.72,On Belt
17450,-8.1451,-2.4134,-5.0901,-5.1908,0.4122,-1.4809,40.95,On Belt
17500,-7.2329,-1.9082,-4.9488,13.4198,-0.9313,7.9389,40.67,On Belt
17550,-7.3957,-1.6807,-4.9943,28.8092,2.3664,13.3588,40.67,On Belt
17600,-7.5896,-1.4724,-5.3151,41.1603,3.4351,22.1985,40.72,On Belt
17650,-7.6088,-1.3072,-5.1140,43.7252,2.9771,24.9771,40.86,On Belt
17700,-7.8745,-0.6895,-5.1547,37.4046,-1.5725,21.0534,40.91,On Belt
17750,-7.6255,0.3089,-5.3463,13.2366,-6.4122,9.0840,40.91,On Belt
17800,-6.6080,-1.1013,-5.4660,-13.7710,1.5878,-5.0229,40.67,On Belt
17850,-6.9264,-0.8236,-5.1643,-27.5114,13.7099,-19.2061,40.72,On Belt
17900,-7.7979,-0.5650,-5.1930,-32.1679,25.7863,-17.7863,40.95,On Belt
17950,-7.9655,-1.4820,-5.3917,-28.0305,32.4427,-13.2061,41.05,On Belt
18000,-7.9033,-2.3104,-5.6216,-9.1603,22.4427,1.4046,40.72,On Belt
18050,-7.2520,-2.2170,-5.4827,18.7328,10.9924,17.0687,40.72,On Belt
18100,-6.6295,-2.1859,-5.8993,41.8779,15.7863,24.5954,40.67,On Belt
18150,-6.1507,-2.0159,-6.1100,62.1985,30.1374,39.1298,40.91,On Belt
18200,-7.6638,-0.5626,-5.9951,75.1145,34.2748,38.8397,40.72,On Belt
18250,-6.4117,-0.1365,-6.5960,36.0000,14.5954,28.9008,40.86,On Belt
18300,-7.0102,-2.1883,-6.4691,-5.0076,-8.7176,1.3893,40.91,On Belt
18350,-5.8371,-0.8380,-7.4292,-25.5878,-19.5114,-11.2061,41.19,On Belt
18400,-6.6367,-0.5818,-6.1818,-47.0992,-7.5725,-15.2061,40.72,On Belt
18450,-6.6798,-2.1428,-6.1028,-30.7023,-12.0458,-2.5344,41.24,On Belt
18500,-6.5003,-1.5706,-5.7820,-13.8015,4.5496,-5.8626,40.67,On Belt
18550,-5.8562,-2.1308,-6.5505,13.9084,15.4656,8.5954,40.77,On Belt
18600,-7.4939,-0.1006,-5.7628,31.6641,15.7710,-0.5496,40.91,On Belt
18650,-8.4539,0.2753,-5.9376,-21.7405,10.8397,-3.4962,40.67,On Belt
18700,-7.1299,-1.8675,-5.6144,-19.4504,6.2901,-0.5038,41.05,On Belt
18750,-6.9432,-1.1013,-5.4755,-2.8092,5.9389,7.8015,40.95,On Belt
18800,-6.6726,-1.9585,-6.5841,23.4809,9.7710,28.6260,40.72,On Belt
18850,-6.4380,-3.5482,-6.2848,55.7099,1.0992,50.7634,40.72,On Belt
18900,-4.7501,-1.0343,-6.6966,85.6489,4.3817,42.2443,40.95,On Belt
18950,-6.1339,0.3448,-8.0469,49.7405,6.4427,35.9389,40.95,On Belt
19000,-6.2082,-1.1564,-7.1180,-19.5114,-4.4427,-7.6031,40.67,On Belt
19050,-5.3175,-2.2913,-6.7038,-54.8244,-17.2366,-51.0534,40.72,On Belt
19100,-6.2656,-0.0622,-6.6463,-55.4198,4.0000,-44.2901,40.72,On Belt
19150,-7.2449,-1.9585,-6.0932,-38.7481,11.9847,-24.8702,40.77,On Belt
19200,-7.2209,-2.1261,-5.7365,-18.0611,2.7176,-9.9084,40.86,On Belt
19250,-6.5721,-2.2649,-5.8395,4.1221,0.6412,-4.0916,40.95,On Belt
19300,-7.0006,-2.0279,-5.9185,17.1756,2.9924,9.2519,40.67,On Belt
19350,-6.3973,-1.2067,-6.0717,38.1679,2.1069,30.3053,40.91,On Belt
19400,-6.0885,-1.9944,-6.4380,50.5191,3.2214,28.0305,40.72,On Belt
19450,-6.1244,-1.0870,-7.2377,24.1069,-1.7863,12.1985,40.77,On Belt
19500,-6.1866,-0.4980,-7.1515,-18.1985,-12.5496,-13.9542,40.91,On Belt
19550,-6.0382,-1.3647,-7.5681,-49.8931,-15.2214,-35.7099,40.72,On Belt
19600,-6.5673,-0.9697,-6.8307,-66.3817,-9.9389,-43.8015,40.77,On Belt
19650,-7.1251,-1.2354,-5.7940,-67.8168,-12.5802,-39.0382,40.91,On Belt
19700,-6.6391,-2.1021,-5.8754,-58.4427,-8.5496,-38.2748,40.86,On Belt
19750,-6.8402,-1.9273,-5.9065,-44.4733,-6.0458,-30.9618,40.91,On Belt
19800,-6.5410,-1.7885,-5.7844,-26.6412,3.4962,-20.9160,40.77,On Belt
19850,-7.3981,-1.5443,-5.6336,-12.0305,7.3893,-12.0153,40.67,On Belt
19900,-7.2329,-1.3168,-5.6336,-0.5344,11.9084,-1.8931,40.95,On Belt
19950,-7.2568,-1.4269,-5.9711,11.4198,22.3053,6.5802,40.72,On Belt
20000,-7.4244,-1.5323,-6.0573,25.7405,27.5878,21.5114,40.91,On Belt
20050,-6.8977,-1.9130,-5.2648,46.2137,16.3664,37.3282,40.72,On Belt
20100,-5.9855,-2.7916,-5.8945,66.4885,2.7786,43.1603,41.05,On Belt
20150,-5.0398,-1.2282,-6.9480,80.1985,17.2061,36.5191,40.77,On Belt
20200,-7.6064,-0.9409,-8.1163,64.5191,15.3282,40.0153,41.05,On Belt
20250,-6.5553,-0.6345,-7.8482,21.4198,-6.9466,33.6336,40.86,On Belt
20300,-5.8562,-1.7573,-6.7014,-21.8473,-30.1985,-0.2290,41.05,On Belt
20350,-5.7820,-3.1149,-6.5362,-42.5496,-52.9924,-18.5802,40.72,On Belt
20400,-4.5466,-1.9968,-6.9288,-34.0763,-43.9695,-31.8779,40.77,On Belt
20450,-5.6360,-2.7174,-7.2592,-13.9847,-5.7405,-6.1679,40.91,On Belt
20500,-6.9288,-2.7270,-5.7341,-5.2366,-7.1603,-9.9847,40.86,On Belt
20550,-7.3478,-1.1109,-5.7820,-6.0153,-13.2214,-5.2824,40.95,On Belt
20600,-6.9623,-1.2139,-5.8059,-14.8397,-11.4809,-6.0153,40.67,On Belt
20650,-6.8905,-1.9609,-5.6096,-22.0763,-11.8931,-12.9466,40.72,On Belt
20700,-6.6343,-2.0830,-5.6671,-17.7863,-16.6565,-15.6031,40.77,On Belt
20750,-7.1850,-1.1612,-6.2393,-17.8931,-14.7939,-12.7634,40.72,On Belt
20800,-6.7684,-1.3336,-5.8107,-33.0992,-9.4962,-17.1603,40.77,On Belt
20850,-6.9815,-1.5107,-5.5498,-50.9160,-8.4122,-28.5649,40.95,On Belt
20900,-6.0813,-2.0231,-6.1196,-66.4580,7.6031,-29.5267,40.91,On Belt
20950,-6.5984,-2.8826,-5.5976,-62.0916,14.5496,-34.5802,40.86,On Belt
21000,-7.6543,-1.9537,-5.6551,-52.0763,8.6718,-31.4809,40.72,On Belt
21050,-7.0150,-1.2689,-5.8179,-42.6565,15.2061,-27.6183,40.72,On Belt
21100,-7.6567,-1.1109,-5.6264,-38.7939,13.5573,-17.4656,40.91,On Belt
21150,-7.9535,-0.8930,-5.7150,-43.1450,0.7786,-17.4809,40.95,On Belt
21200,-7.7333,-0.5171,-6.0597,-53.2366,-9.8779,-21.6947,40.86,On Belt
21250,-6.7995,-0.5507,-6.2800,-52.2901,-8.8855,-15.4351,41.05,On Belt
21300,-6.4691,-0.3687,-6.1699,-43.5573,4.6260,-0.7939,40.72,On Belt
21350,-7.1587,-1.0846,-5.7940,-40.2137,2.7939,11.2214,40.53,On Belt
21400,-7.0557,-0.5483,-6.4093,-31.3130,-2.9008,23.1145,40.95,On Belt
21450,-6.1220,-1.0223,-6.4715,-20.0763,6.3969,23.0687,40.95,On Belt
21500,-6.4572,0.5650,-6.4907,-23.9847,13.4046,28.6412,41.05,On Belt
21550,-7.2592,-0.6488,-5.8802,-38.5649,1.9695,8.6412,40.67,On Belt
21600,-7.2784,0.1820,-6.6248,-33.7405,8.5496,7.6183,40.72,On Belt
21650,-6.7900,-0.2634,-5.3079,-17.2519,11.3435,16.5038,40.95,On Belt
21700,-6.3422,0.2634,-5.6192,6.6565,10.1832,22.8702,40.72,On Belt
21750,-6.0454,0.4836,-6.6415,25.9695,15.2366,29.1145,40.95,On Belt
21800,-6.4428,1.9034,-7.1060,30.0153,14.2290,19.9695,40.67,On Belt
21850,-6.4045,1.5107,-7.7955,12.0000,0.9466,2.7786,40.53,On Belt
21900,-6.9073,1.2833,-7.1180,7.4656,-5.3130,-2.8092,40.95,On Belt
21950,-6.7947,0.8978,-6.4907,14.3664,-17.0382,-4.5649,40.86,On Belt
22000,-6.2417,0.6608,-6.6272,23.7405,-19.8779,-5.0840,41.05,On Belt
22050,-6.5074,0.5387,-6.4428,28.0916,-21.3588,-3.2214,40.77,On Belt
22100,-6.0525,0.0096,-6.5003,31.1908,-23.4198,-6.2595,40.91,On Belt
22150,-5.8730,0.1269,-6.5625,32.1221,-13.1603,-7.0534,40.67,On Belt
22200,-6.2608,-0.4214,-6.6511,33.3435,-9.3588,-8.5802,40.91,On Belt
22250,-7.1850,-0.5986,-6.7253,31.4656,-14.2290,-15.0992,40.67,On Belt
22300,-7.9224,-0.3256,-6.7205,21.4962,-19.9695,-21.3130,40.86,On Belt
22350,-7.7428,-0.0239,-5.9280,6.9466,-32.6565,-20.8855,40.95,On Belt
22400,-6.7660,-0.2466,-4.8961,-3.5115,-44.1374,-16.4580,40.53,On Belt
22450,-5.8897,-0.1963,-4.7884,-13.8931,-34.5191,-13.8473,40.95,On Belt
22500,-6.6607,-0.9194,-5.1116,-10.8550,-17.6031,-7.3130,40.86,On Belt
22550,-6.9743,-0.5291,-4.7669,2.7023,-6.3359,1.5573,40.77,On Belt
22600,-7.9440,-1.2857,-5.9999,15.4198,14.2137,6.1374,40.86,On Belt
22650,-7.9296,-1.2570,-5.9783,25.8321,35.5420,11.6336,40.95,On Belt
22700,-7.4675,-1.6185,-5.3941,32.4275,49.8473,12.3359,40.91,On Belt
22750,-7.6399,-0.3855,-4.8363,48.3817,45.8321,26.0611,40.77,On Belt
22800,-7.7500,-0.9673,-5.4420,54.5649,43.0992,38.0916,40.72,On Belt
22850,-7.4508,-1.9489,-5.5354,62.0305,37.7710,42.4275,40.86,On Belt
22900,-7.3813,-1.8148,-5.4085,68.8397,25.6641,43.0382,40.86,On Belt
22950,-5.9687,-2.1691,-6.3470,72.3664,25.1145,43.5267,40.91,On Belt
23000,-7.3430,-1.3072,-6.5170,74.2748,11.6489,38.4580,40.77,On Belt
23050,-7.4915,0.3711,-7.1682,37.2824,-8.3969,30.3969,40.86,On Belt
23100,-6.0789,-1.7334,-6.8953,-5.1756,-14.0153,4.9160,40.86,On Belt
23150,-5.4779,-1.6640,-6.7397,-20.2137,2.0611,-10.4580,40.91,On Belt
23200,-7.0509,-1.6400,-5.8945,-18.2748,7.2824,-8.2290,41.09,On Belt
23250,-7.1180,-2.7390,-5.9568,-10.2595,2.3511,-4.3664,40.91,On Belt
23300,-6.6319,-2.2266,-5.7820,-3.2214,1.6947,0.5344,40.77,On Belt
23350,-6.5314,-2.5355,-5.7988,10.0611,2.8397,3.7557,40.91,On Belt
23400,-6.1435,-2.3391,-5.9161,17.7863,8.5802,5.0687,40.86,On Belt
23450,-6.7157,-2.0590,-5.8347,18.6107,9.3435,5.1450,41.05,On Belt
23500,-7.0054,-2.0016,-6.6918,17.6489,6.0916,8.1679,40.91,On Belt
23550,-5.7581,-2.0614,-6.2010,12.6260,5.3740,5.0992,40.77,On Belt
23600,-6.0501,-2.7701,-6.1603,2.7023,2.0305,-3.0687,40.67,On Belt
23650,-6.4093,-2.5187,-6.6415,-3.7710,0.1832,-12.8092,40.91,On Belt
23700,-6.9336,-0.9720,-6.2393,-19.1145,-3.6641,-13.1908,40.86,On Belt
23750,-6.7493,-2.7485,-6.1076,-23.7557,-4.0458,-15.7405,40.77,On Belt
23800,-6.5338,-2.3774,-5.7724,-17.0992,-7.1756,-10.4733,40.91,On Belt
23850,-5.9496,-2.1452,-6.1196,-3.8321,-6.9313,-4.5802,40.77,On Belt
23900,-6.3470,-2.9688,-6.1411,-7.3282,3.7710,-6.4580,40.77,On Belt
23950,-6.9360,-2.4756,-5.5354,-12.3817,2.1832,-12.6107,40.95,On Belt
24000,-7.2449,-1.9297,-5.9376,-28.5191,1.4198,-7.3130,40.86,On Belt
24050,-5.8203,-3.4117,-5.8442,-17.8015,-4.2443,6.3664,40.86,On Belt
24100,-4.9273,-3.9289,-5.2194,10.7023,-2.8244,-0.3206,40.95,On Belt
24150,-6.1339,-3.5434,-6.3949,23.8321,-5.1908,-6.4122,40.95,On Belt
24200,-8.5497,0.6991,-7.5992,15.9542,9.6794,9.2366,40.91,On Belt
24250,-8.0565,-2.1308,-6.2560,-14.2290,-17.1298,2.0763,40.77,On Belt
24300,-6.1555,-2.2841,-6.1268,-45.4198,-39.6947,-29.8168,40.67,On Belt
24350,-5.4779,-2.3152,-6.4548,-52.9160,-31.4809,-37.6947,40.67,On Belt
24400,-6.3039,-2.3272,-6.0406,-45.1298,-21.8321,-35.1908,40.95,On Belt
24450,-5.8371,-2.3463,-5.5976,-47.2366,-14.6870,-33.9542,40.91,On Belt
24500,-6.2632,-3.1556,-5.7365,-41.2824,-11.6641,-35.3282,40.95,On Belt
24550,-8.0278,-3.4907,-6.7038,-34.9618,-19.3130,-37.4504,41.09,On Belt
24600,-7.1347,-0.6847,-5.1140,-51.4046,-24.3664,-37.8626,40.95,On Belt
24650,-5.2337,-2.9425,-4.9392,-58.6412,-34.4275,-47.1603,40.95,On Belt
24700,-7.6207,-5.4133,-6.9408,-60.4733,-61.4198,-51.0229,40.77,On Belt
24750,-6.3446,-0.5076,-5.7533,-84.7634,-51.9847,-92.1527,40.58,On Belt
24800,-7.3550,-0.7207,-6.2489,-141.8779,-60.4427,-90.0611,40.72,On Belt
24850,-5.5545,-2.8826,-5.4181,-166.3053,-53.4198,-106.2748,40.77,On Belt
24900,-5.5809,-3.6631,-5.9807,-186.2137,-39.4809,-123.5115,40.77,On Belt
24950,-7.2640,-2.8084,-6.8019,-201.4504,-28.7939,-129.9847,40.77,On Belt
25000,-7.9823,-2.3774,-7.0581,-220.2595,-19.4351,-104.2290,40.72,On Belt
25050,-6.8450,-3.5865,-6.3303,-215.4504,-10.7939,-97.6336,40.77,On Belt
25100,-6.9384,-4.2808,-6.5529,-192.2901,-19.4504,-82.1679,40.67,On Belt
25150,-6.0310,-3.9552,-5.9879,-153.5267,-23.5114,-62.7481,40.77,On Belt
25200,-6.1124,-3.4069,-5.7485,-113.0840,-4.4275,-47.2977,40.67,On Belt
25250,-7.8075,-2.2960,-4.8602,-70.6107,15.6336,-24.0153,41.05,On Belt
25300,-8.9064,-0.2705,-4.6759,-17.1908,21.5878,10.5344,40.72,On Belt
25350,-8.1666,0.4453,-4.5897,14.7023,29.1450,64.3969,40.91,On Belt
25400,-7.1443,1.0343,-4.7214,56.1527,40.8092,100.8244,41.05,On Belt
25450,-5.1595,-1.4126,-6.0621,108.6260,63.8015,110.5038,40.77,On Belt
25500,-5.3582,-2.6360,-6.5122,165.8626,70.9160,108.4733,41.09,On Belt
25550,-6.1076,-2.5450,-8.0756,212.6718,57.1756,107.9084,40.91,On Belt
25600,-6.4021,5.9855,-10.3310,181.2214,49.4962,98.8855,40.95,On Belt
25650,-5.2218,3.4548,-7.9871,54.3206,17.0076,68.7939,40.67,On Belt
25700,-4.6783,1.2067,-8.2289,-38.3969,-13.6947,33.7252,40.72,On Belt
25750,-5.2241,-2.4900,-8.4324,-64.1985,-34.2443,-0.8702,40.91,On Belt
25800,-4.6807,-3.9169,-7.5824,-49.8779,-33.1298,-38.6260,40.91,On Belt
25850,-4.5538,-3.2394,-7.3789,-30.6718,-21.2977,-66.2901,40.72,On Belt
25900,-3.0933,1.0367,-7.3382,0.9160,-14.8397,-85.7099,40.95,On Belt
25950,-8.4922,2.4517,-7.4819,-24.6107,13.4198,5.8015,40.67,On Belt
26000,-5.6982,-2.0638,-6.0789,-22.2901,-17.5725,17.7557,40.95,On Belt
26050,-5.6048,-1.8052,-6.0214,-5.1908,-29.0534,-2.8855,40.77,On Belt
26100,-7.0533,0.9888,-7.1060,0.6870,-37.6641,1.0687,40.86,On Belt
26150,-6.5434,0.4597,-7.3023,-4.7786,-42.3206,0.1832,41.05,On Belt
26200,-6.0908,0.3687,-7.4747,-24.8855,-49.3130,-23.4198,40.53,On Belt
26250,-6.7469,-0.3400,-8.5952,-50.3359,-45.0992,-50.5954,40.86,On Belt
26300,-6.8570,1.7071,-7.6926,-68.9160,-25.9542,-35.6947,40.91,On Belt
26350,-6.4859,-1.1756,-5.9592,-69.8321,-21.3740,-47.8626,40.86,On Belt
26400,-6.1459,-0.8236,-5.1763,-63.5725,-19.7405,-51.3282,40.95,On Belt
26450,-6.8450,-1.3503,-5.8371,-51.0382,-13.1603,-44.9466,40.77,On Belt
26500,-7.0892,-1.3455,-5.7197,-29.2977,-4.3817,-33.3130,40.95,On Belt
26550,-6.9121,-1.0367,-5.4229,-9.8168,9.3893,-24.3511,41.05,On Belt
26600,-7.0102,-1.4126,-5.4803,1.3588,27.6794,-18.2595,40.91,On Belt
26650,-7.1706,-1.9872,-5.4564,15.7557,28.9618,-5.8473,40.77,On Belt
26700,-5.8873,-1.0127,-4.5011,33.6947,13.3740,-0.4885,40.91,On Belt
26750,-7.5920,-1.5251,-5.5019,29.1603,2.1527,-8.9008,40.95,On Belt
26800,-7.7333,-0.1724,-6.0190,14.0611,-16.1221,-13.2061,40.77,On Belt
26850,-6.9432,-1.3288,-5.3103,-8.6565,-24.0153,-24.0305,41.05,On Belt
26900,-6.5936,-1.8699,-6.2369,-13.9847,-23.1603,-31.6947,40.86,On Belt
26950,-6.8019,-1.7262,-6.9360,-21.6031,0.7939,-21.0382,40.72,On Belt
27000,-7.4005,-2.0830,-5.4588,-17.9695,3.2214,-15.6641,40.91,On Belt
27050,-6.7660,-2.6791,-5.2840,-18.1832,1.7710,-27.1756,40.77,On Belt
27100,-6.6870,-2.8395,-5.9520,-14.0763,2.6412,-23.0687,40.95,On Belt
27150,-7.0701,-2.3535,-5.9735,-13.5267,6.0916,-8.8244,40.91,On Belt
27200,-6.6200,-2.9305,-5.6790,-7.0992,6.3206,-6.5344,40.58,On Belt
27250,-6.1986,-3.2226,-5.6790,4.2748,3.8015,-5.9542,40.95,On Belt
27300,-6.8785,-1.9297,-6.4476,15.7710,3.1908,-0.0763,40.91,On Belt
27350,-7.8051,-0.9242,-6.3111,10.7023,4.6565,7.8168,40.95,On Belt
27400,-6.8307,-1.8292,-5.8945,-8.8244,0.1527,-3.0840,40.95,On Belt
27450,-6.2584,-2.3870,-5.8921,-27.1756,1.2366,-21.3588,40.95,On Belt
27500,-6.8235,-1.7693,-6.1866,-35.6641,6.8702,-20.3969,40.91,On Belt
27550,-6.7708,-2.3511,-6.0382,-34.4275,10.6870,-11.2366,40.95,On Belt
27600,-6.6894,-3.1771,-6.0956,-20.8092,9.3893,-3.4351,40.67,On Belt
27650,-6.4691,-2.7581,-5.8514,-3.7252,6.6260,4.0916,40.91,On Belt
27700,-6.8833,-2.5905,-6.0286,7.3588,3.6031,13.4504,40.95,On Belt
27750,-6.5817,-2.2194,-6.0717,13.8168,4.3817,19.4351,41.19,On Belt
27800,-6.9983,-2.2242,-6.1028,11.4504,2.1069,24.5954,40.91,On Belt
27850,-6.4620,-2.1428,-6.2680,6.0611,3.6336,23.1298,40.77,On Belt
27900,-6.2896,-2.0207,-6.3183,-1.2061,8.7634,18.2443,40.77,On Belt
27950,-6.1938,-1.8962,-6.5170,-7.8473,17.4046,15.9084,40.77,On Belt
28000,-6.0478,-1.4868,-6.5266,-16.6412,33.0992,13.7405,40.95,On Belt
28050,-7.4891,-1.0439,-6.4212,-23.6489,36.1527,22.0763,40.72,On Belt
28100,-6.6966,-0.7087,-6.0908,-5.5115,22.3206,39.3893,41.09,On Belt
28150,-5.6312,-0.7853,-6.6200,26.6412,30.7023,54.9160,40.95,On Belt
28200,-5.2912,-1.6903,-7.8841,70.0611,47.7863,85.4504,41.19,On Belt
28250,-4.9919,-1.2091,-7.3646,101.6641,68.6107,98.3664,40.91,On Belt
28300,-4.4987,-0.9553,-6.6894,106.4275,76.2748,96.0458,41.09,On Belt
28350,-4.6711,-1.0606,-6.6391,104.6260,46.0305,91.2366,40.95,On Belt
28400,-5.6264,0.1077,-7.7883,73.0229,-11.1603,81.4351,40.77,On Belt
28450,-5.7126,-0.5962,-8.8274,1.3588,-51.2366,40.9771,40.86,On Belt
28500,-4.6304,-2.5546,-9.1578,-31.6336,-61.1450,0.0153,40.77,On Belt
28550,-2.1883,-3.4261,-8.9352,-22.3511,-27.1298,-26.9008,40.67,On Belt
28600,-1.0367,-1.9656,-11.1402,12.9771,50.4885,-18.6107,40.91,On Belt
28650,-6.7588,-1.3719,-9.3422,37.2977,111.2366,11.0382,40.95,On Belt
28700,-5.8658,-1.4030,-6.7612,44.7939,85.3893,25.2824,40.95,On Belt
28750,-4.7453,-1.5826,-5.6958,42.5344,40.5191,36.2748,40.86,On Belt
28800,-4.9033,-1.2354,-6.0549,21.1450,-13.7099,38.0153,40.91,On Belt
28850,-5.8012,-2.6935,-7.2161,-10.0611,-43.0687,18.0000,40.72,On Belt
28900,-4.9440,-2.6695,-6.2130,-19.5878,-66.3664,-3.3740,40.72,On Belt
28950,-5.2074,-3.5961,-6.2944,-13.4809,-88.9924,-16.1527,40.72,On Belt
29000,-4.1037,-0.8475,-8.0206,10.0458,-96.4122,-6.4427,40.77,On Belt
29050,-7.2688,-1.8962,-9.7348,43.5573,-51.7557,46.0305,40.86,On Belt
29100,-6.8761,-1.7957,-7.1730,28.5649,-41.1756,43.4046,40.95,On Belt
29150,-5.6695,-2.5905,-6.8905,8.6718,-45.0992,14.4885,40.91,On Belt
29200,-5.7150,-2.5905,-7.1730,-9.5115,-35.2061,-15.2061,40.72,On Belt
29250,-5.7700,-2.1476,-6.9791,-3.0687,-16.2137,0.0763,40.91,On Belt
29300,-7.1611,-0.8547,-4.7956,-4.2137,-8.6870,-4.0305,40.77,On Belt
29350,-6.8642,-1.9345,-5.2481,-21.4656,0.3664,-7.5420,40.95,On Belt
29400,-7.1299,-2.8084,-5.2792,-17.8626,6.8092,-16.5802,40.95,On Belt
29450,-7.8650,-2.2625,-5.4636,-15.4962,10.0763,-15.7863,40.77,On Belt
29500,-7.3215,-1.6137,-4.9081,-12.7328,12.1069,-8.4427,40.86,On Belt
29550,-6.5745,-2.7390,-4.8746,-20.1527,20.8244,-12.7023,40.95,On Belt
29600,-6.6152,-3.6943,-5.1332,-18.9618,21.7405,-26.4275,40.86,On Belt
29650,-7.4627,-2.6336,-5.4731,-18.9160,14.4275,-21.1450,40.95,On Belt
29700,-7.4819,-2.7797,-5.5210,-9.8321,7.5420,-13.4198,40.72,On Belt
29750,-7.4675,-2.4900,-5.6383,-8.6870,6.8092,-7.5420,40.58,On Belt
29800,-7.0773,-1.6544,-5.4875,-6.0916,8.1679,1.1908,40.72,On Belt
29850,-6.6487,-2.5809,-5.2241,1.6794,7.8473,2.8397,40.95,On Belt
29900,-6.6152,-3.3950,-5.9640,13.9389,1.3893,9.4504,40.91,On Belt
29950,-6.6224,-2.7821,-6.2058,31.0687,0.9924,20.1527,40.77,On Belt
30000,-7.0246,-2.0159,-5.9568,31.1756,0.5954,26.0611,40.86,On Belt
30050,-7.6303,-0.9984,-5.6575,10.9924,-0.5954,14.1832,40.77,On Belt
30100,-6.8187,-2.3607,-5.8826,-21.1145,-16.1679,0.4122,40.91,On Belt
30150,-5.5306,-3.0933,-6.2896,-29.3740,-11.0992,-13.0229,40.95,On Belt
30200,-5.8658,-2.6456,-6.0621,-26.5802,3.4962,-17.2977,40.67,On Belt
30250,-6.7205,-2.2745,-5.9089,-26.0916,8.0916,-16.4580,41.09,On Belt
30300,-6.8977,-2.4325,-6.0142,-27.9542,10.9924,-16.0763,40.86,On Belt
30350,-6.7660,-2.6240,-5.7988,-25.8626,11.3130,-15.3893,40.91,On Belt
30400,-6.3183,-2.6719,-5.6958,-19.6641,9.2672,-9.6794,40.91,On Belt
30450,-5.9999,-3.1771,-6.1244,-13.1145,13.5725,-8.4275,40.86,On Belt
30500,-5.4684,-2.7581,-6.2153,-1.8931,22.2748,-3.2824,40.72,On Belt
30550,-6.2034,-3.1029,-6.2560,6.8702,19.7710,-0.7023,41.05,On Belt
30600,-5.0518,-2.3631,-6.3853,6.9771,18.6412,-1.4351,40.91,On Belt
30650,-4.9321,-2.8539,-5.7940,-3.4962,21.5725,-14.4733,40.95,On Belt
30700,-5.5330,-4.0294,-6.2513,6.0458,10.1832,-31.6947,40.95,On Belt
30750,-6.3063,-1.8148,-8.5521,23.1145,14.9466,-21.9695,41.19,On Belt
30800,-10.1730,1.6640,-6.9312,-13.2672,-0.0611,-0.2748,40.67,On Belt
30850,-5.5952,-2.2338,-7.8434,-28.4427,-11.1908,17.5725,40.91,On Belt
30900,-5.3726,-3.0646,-6.5601,-1.7252,1.3588,25.9389,40.95,On Belt
30950,-6.1675,-2.2098,-6.6702,17.0687,-9.9695,30.4733,40.95,On Belt
31000,-6.1268,-1.2929,-7.2329,6.9313,-17.4198,31.4046,40.67,On Belt
31050,-5.6048,-2.7270,-6.8929,-6.1679,-14.1527,22.5496,40.72,On Belt
31100,-5.3750,-2.8371,-6.7109,-10.2443,-18.6107,4.6412,41.09,On Belt
31150,-5.5809,-1.2857,-7.4029,-11.4046,-9.9695,-2.1985,40.72,On Belt
31200,-6.8594,-1.1564,-6.7588,-22.4886,-5.8626,5.0076,40.77,On Belt
31250,-6.4739,-2.6097,-6.0837,-22.3969,-13.3130,3.6489,41.05,On Belt
31300,-6.2513,-2.2122,-6.3805,-20.3817,-11.6336,-7.8473,40.77,On Belt
31350,-6.8235,-0.9625,-6.0454,-18.5649,-1.7405,0.7786,40.77,On Belt
31400,-6.8331,-0.9792,-5.0973,-21.0229,0.5038,10.1069,41.19,On Belt
31450,-6.8307,-2.5474,-5.3630,-11.0076,-6.1527,12.1374,40.72,On Belt
31500,-7.1108,-2.5762,-6.4548,8.2290,-10.6260,17.3130,40.91,On Belt
31550,-6.9049,-1.7933,-6.7181,32.6870,-5.0076,40.4580,40.77,On Belt
31600,-5.6455,-1.8579,-6.7038,52.2595,-3.1603,43.9237,40.77,On Belt
31650,-5.4755,-0.7685,-7.2999,39.6031,-8.1221,35.4046,40.95,On Belt
31700,-5.4612,-0.5435,-7.8362,0.2595,-16.6565,5.4962,40.77,On Belt
31750,-5.6312,-0.7015,-8.2361,-49.0382,-28.3511,-38.0458,40.91,On Belt
31800,-5.3774,-0.7614,-8.9471,-89.7252,-23.7863,-68.2748,40.91,On Belt
31850,-5.6958,-0.5507,-7.9990,-108.3817,4.0611,-63.2214,40.86,On Belt
31900,-7.1539,-1.9609,-6.3758,-121.1298,2.0153,-73.2061,40.91,On Belt
31950,-6.4787,-1.8196,-5.4851,-120.8702,0.9313,-80.2595,40.67,On Belt
32000,-5.8802,-1.4198,-4.8147,-111.7863,10.5649,-86.2443,40.91,On Belt
32050,-7.8243,-1.5371,-5.6503,-90.7634,10.6107,-69.8626,40.91,On Belt
32100,-8.0732,-0.7757,-5.2529,-65.0382,4.6870,-42.8702,40.86,On Belt
32150,-7.5465,-0.9768,-5.0973,-36.3817,10.7939,-23.9847,40.77,On Belt
32200,-7.5010,-1.2929,-5.2529,-10.1069,19.2214,-1.6641,41.05,On Belt
32250,-7.3143,-1.2091,-5.3774,24.8855,24.4427,18.1221,40.95,On Belt
32300,-7.4484,-1.1301,-5.6551,58.9160,26.5802,38.3206,40.77,On Belt
32350,-7.2712,-1.0798,-6.0118,91.8321,24.1069,62.5649,40.77,On Belt
32400,-6.8857,-0.3759,-5.9831,117.0076,19.2977,82.0611,40.67,On Belt
32450,-6.7469,0.7997,-7.3454,102.4580,16.2137,85.4351,40.86,On Belt
32500,-5.9999,-0.1125,-7.5010,61.4504,7.9695,71.9237,40.91,On Belt
32550,-5.7820,-0.6081,-7.2329,16.9924,-4.3511,39.2061,40.95,On Belt
32600,-5.8682,-0.4884,-7.0653,-8.9618,-14.1679,19.4198,41.05,On Belt
32650,-6.7445,-0.4429,-6.2896,-16.2443,-24.7939,16.1374,40.72,On Belt
32700,-7.2185,-1.2210,-5.5067,-7.4656,-41.5573,19.1908,40.77,On Belt
32750,-6.8331,-2.2075,-5.3439,17.3435,-60.4427,16.1527,41.05,On Belt
32800,-6.3494,-2.3846,-6.5314,44.1985,-66.0458,13.8321,40.91,On Belt
32850,-5.3415,-1.4198,-7.4747,72.7481,-38.2595,20.0000,41.05,On Belt
32900,-6.9743,-1.2977,-8.0972,73.7099,-23.0687,18.4275,41.19,On Belt
32950,-7.3071,0.4262,-8.0613,42.3053,-30.9771,2.7328,40.91,On Belt
33000,-5.4708,1.1636,-7.6710,-4.9771,-13.0534,-9.8779,40.67,On Belt
33050,-7.3765,-1.2258,-6.3351,-52.4733,-14.7939,-51.8015,40.95,On Belt
33100,-6.8043,-0.8068,-5.3056,-94.2443,-9.6031,-84.8397,40.91,On Belt
33150,-6.9192,-0.0886,-4.9416,-128.3817,5.8015,-80.9924,40.77,On Belt
33200,-7.1539,-2.4181,-5.4085,-134.8397,19.5878,-79.2672,40.86,On Belt
33250,-6.7828,-3.2705,-5.5809,-136.7481,26.7176,-80.3511,40.91,On Belt
33300,-6.8857,-4.1444,-5.7724,-139.1908,24.5191,-75.8626,41.05,On Belt
33350,-6.6750,-3.2968,-4.8937,-127.7557,15.3893,-68.6718,40.86,On Belt
33400,-8.7293,-3.3974,-5.7461,-105.1603,9.2824,-53.6336,40.95,On Belt
33450,-10.1227,-3.0478,-3.8020,-47.1298,-2.5649,-1.6489,40.95,On Belt
33500,-6.9528,-4.6160,-4.4101,19.5420,-15.4046,16.9924,40.67,On Belt
33550,-5.4492,-4.1970,-5.5091,71.0382,-7.2977,8.5649,40.95,On Belt
33600,-6.3734,-2.4660,-6.2776,112.1527,12.8702,34.6870,40.91,On Belt
33650,-8.1211,-2.8371,-6.6439,130.8702,13.7099,62.8244,40.91,On Belt
33700,-7.1587,-2.8036,-6.3183,144.3206,4.7328,72.9160,40.86,On Belt
33750,-6.2249,-2.3822,-6.2345,148.3359,9.3740,76.6565,40.91,On Belt
33800,-6.5984,-2.4517,-6.1124,143.1756,9.9847,78.6870,40.91,On Belt
33850,-6.8091,-1.8771,-6.2776,130.0305,10.2595,74.5191,40.77,On Belt
33900,-7.1850,0.1748,-6.2632,94.5954,13.8321,62.8550,40.72,On Belt
33950,-7.1587,-1.1013,-6.3662,29.1298,12.6565,35.0534,40.91,On Belt
34000,-6.4165,-2.5762,-5.3032,-21.6336,0.1832,-4.3206,40.91,On Belt
34050,-6.4045,-3.2441,-5.2409,-51.0840,3.8168,-47.7099,40.72,On Belt
34100,-7.0916,0.0168,-5.5258,-76.0153,0.7939,-50.1679,40.72,On Belt
34150,-7.7764,-2.1380,-5.9209,-86.7176,11.7863,-42.3817,40.91,On Belt
34200,-7.0078,-2.9018,-5.5522,-87.8473,9.0992,-39.2061,40.77,On Belt
34250,-7.1204,-2.7629,-5.4300,-82.4885,5.0992,-35.3435,41.19,On Belt
34300,-7.2808,-2.3343,-5.3630,-69.4198,4.3511,-24.4580,41.05,On Belt
34350,-7.5178,-2.8587,-5.2744,-49.0534,2.8702,-12.6718,40.91,On Belt
34400,-6.9599,-3.0646,-5.2505,-23.2519,-0.8550,-0.9313,40.77,On Belt
34450,-6.7947,-3.2609,-5.3008,11.4809,7.1145,13.7405,40.86,On Belt
34500,-7.1395,-2.7845,-5.5402,45.1756,3.9084,28.3817,40.67,On Belt
34550,-6.5003,-2.6839,-5.8514,69.6489,9.0382,42.1069,40.91,On Belt
34600,-6.8450,-2.5379,-5.8227,87.5573,7.2214,45.7099,40.91,On Belt
34650,-6.6200,-2.1117,-6.2848,94.4122,5.3740,50.5038,41.09,On Belt
34700,-6.9192,-2.0207,-6.2656,93.0534,8.5954,57.4046,40.91,On Belt
34750,-6.8761,-1.8986,-5.8969,81.4504,5.5573,51.2061,40.86,On Belt
34800,-6.8426,-1.2857,-6.1220,57.8473,8.4122,41.2061,40.91,On Belt
34850,-6.5386,-1.6352,-6.0406,24.2901,9.3130,23.6183,40.91,On Belt
34900,-6.5218,-2.3008,-6.0501,-7.5420,4.4733,-4.6107,40.86,On Belt
34950,-6.3159,-2.2889,-6.2177,-26.7176,3.2672,-28.6870,40.91,On Belt
35000,-7.0773,-1.7334,-5.9448,-45.2214,1.1756,-29.8015,40.91,On Belt
35050,-6.4596,-2.0159,-5.9831,-53.7710,5.0229,-28.7023,40.77,On Belt
35100,-6.6200,-2.6408,-5.8395,-54.6870,8.4427,-28.9771,40.91,On Belt
35150,-6.8115,-2.8850,-5.8945,-46.0458,7.8015,-25.2824,40.67,On Belt
35200,-6.8785,-2.5618,-5.6886,-34.9771,8.4885,-14.8397,40.77,On Belt
35250,-6.8402,-2.7390,-5.3103,-21.2519,6.2290,-7.4504,40.67,On Belt
35300,-6.9097,-3.0095,-5.6599,-3.7405,2.8244,-1.4962,40.91,On Belt
35350,-6.9959,-2.4493,-5.6240,13.0534,0.3206,10.8244,40.86,On Belt
35400,-6.3039,-3.0526,-6.0190,30.7328,3.3130,18.8855,40.67,On Belt
35450,-6.7924,-2.4421,-6.0118,43.1145,3.1756,24.1374,41.05,On Belt
35500,-6.6224,-2.3870,-5.8562,45.6336,1.7710,28.4122,40.95,On Belt
35550,-6.4404,-2.6887,-6.0813,46.2748,1.9695,26.8244,40.91,On Belt
35600,-6.5529,-2.2625,-6.2489,40.7786,2.0611,23.7863,40.77,On Belt
35650,-6.5362,-1.9058,-6.2010,25.5573,1.2366,18.0916,40.86,On Belt
35700,-6.5457,-2.3822,-6.0286,5.3130,-2.4580,2.1069,40.86,On Belt
35750,-6.1196,-2.3607,-6.2153,-15.8626,-5.4046,-14.3511,40.77,On Belt
35800,-6.5745,-2.4469,-5.9664,-30.8550,-5.6336,-27.1145,40.95,On Belt
35850,-6.5817,-2.3918,-5.9065,-40.4122,-6.8244,-32.2748,40.91,On Belt
35900,-6.5338,-2.7509,-5.6288,-43.4351,-5.6031,-33.0840,40.86,On Belt
35950,-6.7253,-2.9233,-5.8490,-43.1298,-4.9160,-33.6641,40.91,On Belt
36000,-6.7038,-2.6935,-5.6719,-40.5802,-4.3969,-31.3130,41.19,On Belt
36050,-6.8953,-2.9185,-5.7197,-35.4504,-5.1908,-27.6641,40.95,On Belt
36100,-6.5817,-2.7988,-5.6144,-27.0992,-5.6183,-24.2748,40.91,On Belt
36150,-6.6942,-3.0335,-5.8035,-17.6183,-5.2672,-16.1221,40.77,On Belt
36200,-6.5912,-2.7964,-5.7245,-6.0611,-4.6260,-12.6565,40.86,On Belt
36250,-6.6343,-2.9113,-5.7652,-1.5420,-2.5344,-8.5038,40.72,On Belt
36300,-6.7133,-3.0430,-5.7892,3.0840,-5.4046,-6.3664,40.91,On Belt
36350,-6.5745,-2.7749,-5.6551,4.8702,-7.1756,-5.7710,40.77,On Belt
36400,-6.5745,-2.8395,-5.6000,2.1221,-7.5573,-8.0611,40.95,On Belt
36450,-6.4763,-2.7198,-5.9424,1.5267,-8.3053,-7.7405,41.05,On Belt
36500,-6.6655,-3.3926,-6.3758,3.9389,-5.6031,-2.1985,40.86,On Belt
36550,-6.6319,-2.6240,-5.3989,1.8626,-8.9466,-5.5878,40.86,On Belt
36600,-6.3877,-2.9257,-6.1483,-7.6794,-11.2366,-14.6718,40.95,On Belt
36650,-6.6295,-2.7701,-5.9424,-27.0229,-6.3969,-23.0076,41.09,On Belt
36700,-6.6607,-2.7964,-5.9568,-41.6336,-9.6183,-32.0153,40.72,On Belt
36750,-6.4859,-3.2106,-5.8514,-48.7786,-7.4351,-35.1298,40.91,On Belt
36800,-6.3494,-3.3327,-5.7413,-50.4580,-6.0916,-36.7939,41.09,On Belt
36850,-6.2201,-3.4141,-5.7604,-49.3282,-3.9389,-38.0153,40.86,On Belt
36900,-6.8115,-3.4548,-5.7581,-50.1069,-4.5191,-34.7786,40.95,On Belt
36950,-6.5553,-2.9928,-5.7676,-44.0458,-7.9847,-28.7176,41.09,On Belt
37000,-6.5888,-3.5051,-5.9113,-40.9771,-4.0916,-22.2290,40.86,On Belt
37050,-6.4236,-3.1268,-5.7509,-35.7863,-0.7939,-18.5191,40.91,On Belt
37100,-6.7014,-3.1340,-5.7652,-28.9771,1.3435,-11.6794,40.91,On Belt
37150,-6.6511,-3.0933,-5.7389,-21.6031,0.0153,-3.1908,40.95,On Belt
37200,-6.2848,-3.1627,-5.9807,-12.5191,3.2672,3.8779,41.05,On Belt
37250,-6.4380,-3.1819,-6.1914,-3.7710,7.7863,10.7634,40.91,On Belt
37300,-6.3446,-2.7869,-6.2944,1.7863,10.2443,20.3053,41.19,On Belt
37350,-6.0573,-2.0925,-6.1052,4.0153,17.7710,15.9389,40.91,On Belt
37400,-6.4165,-2.2673,-6.3446,-8.4122,14.1221,6.9313,40.91,On Belt
37450,-5.7006,-1.7597,-6.4069,-24.4275,12.7786,-6.1374,40.95,On Belt
37500,-5.9328,-2.0925,-7.0078,-39.4046,17.0840,-10.2901,40.95,On Belt
37550,-5.5330,-1.8340,-6.7660,-43.8473,22.7328,-11.1908,41.05,On Belt
37600,-6.1483,-1.2809,-7.6638,-30.8702,33.5420,-0.2137,40.86,On Belt
37650,-6.3782,-0.8739,-7.5776,-17.4198,34.1832,29.4656,40.77,On Belt
37700,-5.2720,-1.0487,-7.8482,13.6183,38.6260,54.0305,40.86,On Belt
37750,-4.8554,-0.9385,-7.8458,41.1756,42.2290,74.9160,40.95,On Belt
37800,-5.0398,-1.2546,-7.1730,44.7939,31.6947,68.6412,40.77,On Belt
37850,-5.5378,-2.5043,-7.0126,43.5725,-12.7023,49.0229,40.95,On Belt
37900,-4.9632,-1.3503,-7.5896,24.9924,-52.9313,10.6107,40.95,On Belt
37950,-4.4676,-0.4429,-8.2097,-14.2748,-68.1832,-36.0916,40.95,On Belt
38000,-4.1204,-0.9122,-7.8793,-46.8397,-46.1527,-47.9695,40.95,On Belt
38050,-4.8818,-1.8052,-7.6183,-65.7863,-57.0229,-84.3664,40.95,On Belt
38100,-3.9480,-0.0311,-8.8777,-69.4504,-33.6794,-55.1756,40.86,On Belt
38150,-6.3087,-1.9992,-6.1052,-55.7710,-5.4656,-46.7634,40.95,On Belt
38200,-5.8107,-2.5331,-6.4883,-37.1450,-3.1145,-41.8626,41.09,On Belt
38250,-6.7349,-1.2139,-6.2441,-13.5420,3.0534,-29.5420,40.72,On Belt
38300,-6.5888,-1.1396,-6.6415,-3.3893,2.3664,-20.6107,41.24,On Belt
38350,-6.2896,-1.0463,-6.8618,-5.8626,0.3969,-20.2901,40.86,On Belt
38400,-5.9951,-0.8930,-6.8666,-16.0916,-0.2748,-25.8779,40.95,On Belt
38450,-6.2321,-1.1229,-6.8857,-26.1527,-1.5115,-28.9160,40.77,On Belt
38500,-6.3470,-1.1492,-6.6176,-27.7252,-2.9771,-25.3893,40.86,On Belt
38550,-6.5194,-1.1564,-6.2369,-20.5496,-4.3664,-14.3359,41.05,On Belt
38600,-6.8091,-1.6209,-6.2489,-6.8244,-5.1298,-4.1374,41.05,On Belt
38650,-7.1754,-1.2761,-6.1675,4.3511,-14.0000,9.1298,40.86,On Belt
38700,-6.7181,-1.1037,-5.9592,7.4198,-18.8397,14.3511,40.91,On Belt
38750,-7.2712,-1.5179,-5.8754,5.1145,-30.5496,14.4427,40.58,On Belt
38800,-6.1603,-1.8100,-6.1555,12.9618,-43.4046,10.1527,40.77,On Belt
38850,-6.1483,-1.7190,-6.9073,20.2137,-42.1679,9.1450,40.91,On Belt
38900,-6.3279,-1.6089,-6.9504,20.4886,-43.2519,2.6870,40.91,On Belt
38950,-6.8546,-1.7669,-7.5992,12.5191,-43.2977,-10.9160,40.95,On Belt
39000,-6.4428,0.0790,-7.7405,-0.5802,-19.4198,-12.4733,41.05,On Belt
39050,-7.2903,-0.3304,-5.7964,-36.1985,-19.5420,-18.1069,40.95,On Belt
39100,-6.9384,-1.8004,-5.0254,-51.3893,-24.7176,-30.3511,40.95,On Belt
39150,-7.1658,-1.4222,-4.8363,-51.4656,-17.5725,-28.5344,41.05,On Belt
39200,-7.5369,-2.0853,-4.7094,-47.7710,-5.8321,-32.9618,40.86,On Belt
39250,-8.3558,-2.0925,-4.6926,-39.8015,-12.6718,-25.6489,40.91,On Belt
39300,-8.6742,-1.3479,-3.7757,-42.2595,-18.8550,-23.7252,40.95,On Belt
39350,-8.2049,-1.6520,-3.8595,-48.9160,-29.5114,-21.5725,40.77,On Belt
39400,-7.1347,-2.1691,-3.8571,-49.7557,-33.5115,-32.3359,40.95,On Belt
39450,-6.7229,-2.5163,-4.1156,-54.5191,-30.5496,-48.2748,40.91,On Belt
39500,-6.8618,-1.8196,-5.5019,-58.6260,-10.4733,-43.8321,40.67,On Belt
39550,-8.3677,-1.8076,-4.2832,-66.0611,10.8702,-31.5573,40.95,On Belt
39600,-8.7604,-2.2434,-3.7661,-68.2748,2.0153,-30.2901,40.91,On Belt
39650,-7.7381,-2.9305,-4.4628,-64.5802,-9.6489,-32.5802,40.67,On Belt
39700,-7.2951,-2.9832,-4.9919,-64.0153,3.4504,-23.1756,40.67,On Belt
39750,-8.7197,-2.2625,-3.7517,-41.2672,14.0458,4.6718,40.91,On Belt
39800,-8.5353,-3.9911,-3.6105,4.1069,14.4885,31.0840,40.95,On Belt
39850,-7.6375,-4.3527,-3.9002,51.0229,11.6336,34.0458,40.95,On Belt
39900,-7.1635,-3.8475,-5.0709,88.3969,12.6107,29.3282,40.77,On Belt
39950,-8.1283,-2.2960,-5.3534,116.1374,19.7252,56.6565,40.95,On Belt
40000,-7.9272,-2.2577,-5.4588,128.6565,23.5878,70.8550,40.91,On Belt
40050,-7.0725,-2.3774,-5.5905,128.3969,27.0229,79.0382,41.09,On Belt
40100,-6.5673,-2.7725,-5.7245,125.8779,31.6947,79.0992,40.95,On Belt
40150,-6.7109,-2.4852,-5.8203,122.1985,33.2519,79.3588,40.95,On Belt
40200,-7.2568,-1.6185,-5.7748,113.1756,33.2824,83.7252,40.86,On Belt
40250,-7.5010,-2.3487,-6.2345,101.7405,32.9924,89.6183,41.05,On Belt
40300,-6.3566,-2.2314,-5.5737,93.4962,33.9389,83.9237,40.91,On Belt
40350,-6.4620,-2.9042,-5.8993,79.7710,36.9466,72.8397,40.72,On Belt
40400,-6.9528,0.9888,-5.3654,62.3664,47.2519,60.6718,40.95,On Belt
40450,-8.2744,-0.8140,-5.6551,23.6794,47.0229,53.5725,40.72,On Belt
40500,-7.1060,-1.3431,-5.0637,6.0000,34.4580,44.3206,40.95,On Belt
40550,-6.8450,-0.6416,-6.0430,4.6565,44.0000,50.1069,40.86,On Belt
40600,-7.0078,-1.0032,-5.7628,18.0305,42.2290,61.4656,40.86,On Belt
40650,-6.8594,-0.9673,-6.0837,39.6336,40.5802,72.0763,40.95,On Belt
40700,-6.7062,-0.6680,-6.2800,58.9008,39.0534,82.2137,40.86,On Belt
40750,-6.6176,-0.4357,-6.5386,70.3359,44.4122,87.7252,41.24,On Belt
40800,-6.3494,0.0096,-6.4667,79.3130,46.1985,95.2519,41.05,On Belt
40850,-6.2968,0.4956,-7.2042,90.5496,49.3588,97.0687,40.95,On Belt
40900,-7.0868,-0.6464,-8.1259,88.9618,54.1374,94.7328,41.05,On Belt
40950,-6.3566,-1.0391,-7.6399,80.5496,38.2443,92.8855,40.91,On Belt
41000,-4.2353,-0.8739,-6.4691,63.7099,23.2214,81.1908,40.95,On Belt
41050,-3.6966,-1.6352,-6.6104,57.6336,-0.8855,73.5878,40.77,On Belt
41100,-4.4556,-1.7861,-7.8554,50.6260,-27.6489,53.8779,40.77,On Belt
41150,-4.2353,0.0599,-10.6398,29.5725,-25.1450,48.0458,40.95,On Belt
41200,-4.8291,-0.0192,-9.0597,-3.9542,-2.3664,37.9847,40.95,On Belt
41250,-5.0159,-0.8978,-7.1850,-26.4886,-15.2824,12.7481,40.77,On Belt
41300,-5.1595,0.5938,-7.4795,-31.6489,-24.4122,9.8626,41.09,On Belt
41350,-5.8059,-0.4741,-6.9121,-22.5191,-16.4275,22.1069,40.91,On Belt
41400,-6.1052,-1.4892,-6.4763,2.7328,-16.9313,30.1527,41.05,On Belt
41450,-5.8945,-0.2777,-6.4572,29.9237,-18.8550,34.8092,40.91,On Belt
41500,-6.2273,0.1221,-7.1180,35.1908,-23.1450,31.0229,40.95,On Belt
41550,-5.4133,0.2418,-7.3310,17.3893,-28.1985,17.6489,40.91,On Belt
41600,-5.7461,-0.2251,-8.0876,5.4198,-34.0763,2.8397,40.86,On Belt
41650,-5.1858,1.0870,-7.2712,-29.7099,-35.5267,-21.7405,40.91,On Belt
41700,-6.2225,0.4429,-7.4891,-48.4733,-45.9237,-38.7634,40.72,On Belt
41750,-6.5122,0.6369,-6.5505,-68.4427,-52.2290,-47.7252,41.05,On Belt
41800,-6.7564,-0.0335,-5.9233,-74.3817,-52.6870,-56.7634,40.86,On Belt
41850,-7.5776,0.3591,-6.1627,-80.8702,-44.0153,-54.5038,40.95,On Belt
41900,-7.6207,0.9002,-5.3295,-87.4504,-33.8931,-57.4351,40.95,On Belt
41950,-7.9416,-0.1748,-5.5019,-91.5267,-28.3969,-58.5954,40.91,On Belt
42000,-7.7716,-0.0862,-4.9009,-89.3588,-27.5114,-58.7023,40.72,On Belt
42050,-6.8522,0.0168,-4.3000,-89.6641,-17.4351,-61.1298,40.77,On Belt
42100,-6.6415,-0.5483,-4.3814,-100.9924,12.0611,-74.0763,40.95,On Belt
42150,-8.1930,-1.4437,-5.0661,-94.6718,18.1985,-71.8321,41.09,On Belt
42200,-7.7883,-1.2426,-4.4939,-82.1679,14.1832,-61.4046,41.09,On Belt
42250,-7.2640,-1.2019,-4.2162,-72.0916,17.7099,-58.6260,40.91,On Belt
42300,-8.0014,-2.5331,-4.9416,-58.5344,18.3817,-55.6947,40.58,On Belt
42350,-7.0892,-2.7892,-4.4365,-28.6107,12.3817,-63.8779,41.05,On Belt
42400,-7.6088,-3.2274,-5.9927,-10.4122,-6.9313,-37.8779,41.19,On Belt
42450,-7.6423,-0.7422,-5.3175,-0.2443,4.8244,-35.9389,40.72,On Belt
42500,-8.7053,0.7733,-5.5258,-32.5649,37.4351,-27.4046,40.67,On Belt
42550,-8.2887,-2.4157,-5.7844,-46.3511,42.5496,-38.6412,40.95,On Belt
42600,-7.2951,-2.9951,-5.5689,-35.6183,17.6031,-32.1679,40.91,On Belt
42650,-7.7381,-1.0942,-5.4731,-43.9084,12.2137,-36.6565,40.67,On Belt
42700,-8.0709,-1.1444,-5.9759,-49.9542,2.6870,-30.3817,40.91,On Belt
42750,-6.5769,-1.7119,-5.3941,-41.2672,0.2901,-26.0000,40.95,On Belt
42800,-5.0733,-2.0901,-4.1875,-38.0000,4.6412,-32.6565,40.58,On Belt
42850,-6.4380,-3.0718,-5.9975,-24.8397,2.7328,-40.5802,41.19,On Belt
42900,-7.4436,-1.0271,-6.5338,-12.8092,4.7481,-21.9847,40.72,On Belt
42950,-7.2329,-1.5203,-5.9496,-6.8244,1.1756,-14.2443,40.86,On Belt
43000,-7.0198,-1.8100,-6.2920,-4.7634,5.5725,-7.5267,40.91,On Belt
43050,-6.7588,-1.7071,-5.9520,-3.1756,3.2824,-0.3969,40.86,On Belt
43100,-6.7564,-2.4301,-6.1746,0.8855,6.5954,4.4733,41.05,On Belt
43150,-6.5290,-1.9920,-5.8275,8.0611,7.7710,12.9618,41.09,On Belt
43200,-6.4069,-2.3631,-6.0717,20.3206,10.9618,21.7863,40.91,On Belt
43250,-6.4620,-2.2051,-6.1507,38.3969,14.5802,31.2672,41.09,On Belt
43300,-7.0102,-2.1452,-6.1842,48.8855,9.4351,41.4351,40.67,On Belt
43350,-6.4452,-2.3056,-6.4212,56.1221,7.7710,48.5344,40.95,On Belt
43400,-6.4500,-2.3032,-6.4548,58.7023,6.8855,51.5420,40.72,On Belt
43450,-6.0741,-1.7861,-6.6870,46.4733,7.4809,41.0687,40.91,On Belt
43500,-5.9448,-1.8771,-6.7636,26.1069,2.8702,25.2519,40.77,On Belt
43550,-5.7676,-2.1356,-7.0078,4.6260,-0.5038,5.3435,41.24,On Belt
43600,-5.5641,-1.9225,-7.0294,-9.7710,1.3130,-8.4580,40.95,On Belt
43650,-6.4955,-1.6376,-6.2177,-21.9237,-0.8855,-17.4351,40.86,On Belt
43700,-6.4500,-2.0830,-6.3063,-28.6260,-6.9924,-21.5573,40.67,On Belt
43750,-6.3662,-2.2194,-6.4811,-24.4580,-3.0840,-19.3130,40.86,On Belt
43800,-6.6607,-2.0279,-6.0717,-19.9542,-1.7405,-14.4122,40.95,On Belt
43850,-6.7229,-2.2721,-5.9592,-16.4122,-4.2290,-12.0916,40.77,On Belt
43900,-6.4835,-2.1572,-6.0142,-9.8168,-3.6336,-9.2519,40.86,On Belt
43950,-6.7684,-2.0207,-6.2130,-3.1145,-1.9237,-2.3969,40.91,On Belt
44000,-6.5625,-1.9992,-6.2489,1.1298,0.0611,2.8702,40.86,On Belt
44050,-6.5074,-1.9201,-6.1292,2.1985,0.1832,3.6336,41.05,On Belt
44100,-6.5481,-1.9058,-6.1770,0.5496,-0.0611,2.1985,41.05,On Belt
44150,-6.5146,-1.7142,-6.3662,-2.6718,-0.8397,0.3511,40.77,On Belt
44200,-6.4643,-2.0470,-6.1459,-4.9466,-0.9771,-2.6718,40.95,On Belt
44250,-6.6319,-1.9345,-6.2656,-6.6412,-0.2443,-3.7252,40.95,On Belt
44300,-6.6128,-1.8675,-6.1220,-6.8855,-0.4122,-1.5725,41.09,On Belt
44350,-6.5888,-2.1787,-6.1507,-4.4580,0.3817,-0.8092,40.91,On Belt
44400,-6.7157,-1.9680,-6.1028,-1.7557,-0.2137,0.8397,40.95,On Belt
44450,-6.6391,-2.0399,-6.1100,-0.3206,-0.8702,1.6031,40.95,On Belt
44500,-6.5218,-1.9776,-6.2393,1.4656,0.5954,3.0992,40.77,On Belt
44550,-6.5817,-1.9465,-6.0980,1.5725,0.4427,2.5344,40.91,On Belt
44600,-6.6248,-1.8890,-6.1603,-0.9771,-0.2748,0.7786,40.77,On Belt
44650,-6.5912,-1.9369,-6.1100,-2.4580,-0.1374,-1.2214,40.91,On Belt
44700,-6.7181,-1.9297,-6.0549,-4.2901,-1.0229,-1.7710,40.91,On Belt
44750,-6.6128,-2.0518,-6.1292,-4.4733,-1.4504,-0.8702,40.95,On Belt
44800,-6.5601,-2.0063,-6.0238,-1.5115,0.8702,0.8550,41.05,On Belt
44850,-6.6367,-2.0662,-6.1196,0.9160,0.1069,1.5573,40.77,On Belt
44900,-6.5386,-1.9944,-6.1268,3.5878,1.0687,2.5038,41.05,On Belt
44950,-6.6535,-1.7597,-6.1746,4.1679,0.5191,2.9466,40.86,On Belt
45000,-6.5745,-1.9010,-6.2201,1.4656,-0.1374,1.5878,40.95,On Belt
45050,-6.5553,-1.7813,-6.2728,-2.6718,-0.1221,-2.9160,40.91,On Belt
45100,-6.7133,-1.7549,-6.2034,-9.5573,-1.5878,-6.4733,41.05,On Belt
45150,-6.5673,-1.9345,-6.0932,-13.9237,-2.2443,-9.1145,40.91,On Belt
45200,-6.5793,-2.0614,-6.0238,-13.2214,-0.9160,-9.1756,40.86,On Belt
45250,-6.7253,-2.1644,-6.1339,-10.3359,-0.3664,-7.7557,40.91,On Belt
45300,-6.6128,-1.9920,-6.0525,-6.7634,-0.5802,-4.6260,40.77,On Belt
45350,-6.7516,-2.1356,-5.9783,-3.6947,0.0000,-2.2748,40.86,On Belt
45400,-6.6535,-1.9632,-6.0478,-3.0382,-0.5802,-2.0611,41.09,On Belt
45450,-6.6343,-2.0782,-6.0813,-3.8626,-0.6107,-1.9084,40.86,On Belt
45500,-6.5721,-2.0830,-6.1244,-2.9466,0.5649,-1.6336,40.95,On Belt
45550,-6.6942,-2.1021,-6.0956,-3.2366,1.0840,-1.9237,40.77,On Belt
45600,-6.6104,-2.0087,-6.0885,-3.2824,0.5802,-1.3893,40.95,On Belt
45650,-6.6870,-2.1620,-6.0334,-1.4809,0.9160,-0.9924,40.91,On Belt
45700,-6.6487,-2.0135,-6.0956,-1.6794,-0.1069,-0.2748,40.95,On Belt
45750,-6.6439,-2.1237,-6.2010,-1.4809,0.8397,0.5954,40.91,On Belt
45800,-6.5649,-2.0303,-6.0837,-1.8473,0.7634,0.0153,41.19,On Belt
45850,-6.6367,-2.1165,-6.0813,-2.0611,0.7328,-0.1221,40.91,On Belt
45900,-6.6128,-1.9824,-6.1172,-1.6794,0.4733,0.6870,40.95,On Belt
45950,-6.6415,-2.0853,-6.1052,-1.0229,0.3511,1.0840,41.19,On Belt
46000,-6.5170,-2.1141,-6.1076,0.4122,1.0992,1.3282,40.77,On Belt
46050,-6.6990,-1.9992,-6.1938,-0.1679,0.2137,1.4198,40.58,On Belt
46100,-6.5146,-2.1069,-6.1172,-1.7557,0.8244,1.1908,40.72,On Belt
46150,-6.6415,-2.0111,-6.2225,-2.8244,0.5954,-0.1832,41.09,On Belt
46200,-6.6224,-2.1452,-6.0501,-2.7939,0.7328,-0.7176,40.95,On Belt
46250,-6.6248,-2.0686,-6.1244,-3.3282,0.5496,-0.7634,40.72,On Belt
46300,-6.5290,-2.1069,-6.0597,-2.7786,0.4427,-0.8397,41.05,On Belt
46350,-6.6487,-2.2242,-6.1794,-1.3740,0.1069,-0.3359,41.09,On Belt
46400,-6.6655,-1.9656,-6.1316,-0.8702,0.0611,1.0840,40.95,On Belt
46450,-6.5505,-2.0997,-6.0861,-0.9924,0.4427,0.2748,40.91,On Belt
46500,-6.6463,-1.9297,-6.1794,-2.6870,0.7634,-0.8244,41.05,On Belt
46550,-6.7133,-2.0949,-6.1316,-3.9389,-1.0840,-0.5344,40.95,On Belt
46600,-6.5386,-2.1476,-6.1699,-3.2519,0.8092,-0.8855,40.77,On Belt
46650,-6.7493,-1.9297,-5.9807,-2.7023,0.6870,-0.2901,40.67,On Belt
46700,-6.6535,-2.1476,-6.0454,-2.1527,-0.0458,0.7176,40.67,On Belt
46750,-6.5649,-2.1332,-6.0406,-0.6107,0.9008,1.1603,40.91,On Belt
46800,-6.6463,-2.0470,-6.0573,-0.2290,0.2443,1.8168,41.09,On Belt
46850,-6.5625,-2.0734,-6.0980,-1.2061,0.5649,1.0840,40.91,On Belt
46900,-6.5960,-2.0590,-6.1268,-2.0153,0.3206,0.6412,40.86,On Belt
46950,-6.6391,-2.0566,-6.1148,-3.0687,0.1985,-0.1374,40.77,On Belt
47000,-6.5912,-1.9944,-6.1172,-3.9847,-0.5344,-0.0916,40.72,On Belt
47050,-6.5673,-2.1380,-6.0980,-2.8855,0.3969,-1.4351,40.77,On Belt
47100,-6.6583,-2.0135,-6.0334,-3.3588,-0.1527,-0.5802,40.72,On Belt
47150,-6.5936,-2.0782,-6.1100,-2.5649,0.8092,0.3053,40.72,On Belt
47200,-6.6511,-2.0135,-5.9735,-2.4122,0.5344,0.1832,41.19,On Belt
47250,-6.6295,-2.0542,-6.1196,-3.1298,0.3359,-0.2901,40.72,On Belt
47300,-6.6966,-1.9776,-6.0573,-4.1985,0.4885,-0.7939,41.19,On Belt
47350,-6.5936,-2.1237,-6.0501,-4.1679,0.6870,-0.4733,40.77,On Belt
47400,-6.6032,-2.0087,-5.9616,-3.5573,0.9313,-0.8092,41.19,On Belt
47450,-6.7157,-2.0470,-6.1244,-3.1450,0.5954,-0.3817,40.67,On Belt
47500,-6.6918,-2.0877,-6.0142,-3.1908,0.5954,-0.0153,40.95,On Belt
47550,-6.5912,-2.0303,-6.0549,-2.2748,0.9313,0.0763,40.86,On Belt
47600,-6.6295,-2.0087,-6.0214,-1.8168,1.3282,0.0458,41.09,On Belt
47650,-6.6990,-1.9824,-6.0693,-2.3053,0.3053,0.2443,40.91,On Belt
47700,-6.5960,-1.9944,-6.0501,-1.9847,0.7786,-0.0458,40.86,On Belt
47750,-6.5721,-2.0399,-6.0932,-0.1374,1.2214,0.7176,40.91,On Belt
47800,-6.7205,-1.9010,-6.1339,-0.5038,1.0229,1.0229,40.91,On Belt
47850,-6.5290,-2.0423,-6.0837,-1.2366,0.9008,0.5191,40.86,On Belt
47900,-6.5625,-1.9609,-6.1818,-1.6489,1.6031,-0.6260,40.95,On Belt
47950,-6.6272,-2.0279,-6.2201,-2.9160,0.8397,-0.8092,40.77,On Belt
48000,-6.5314,-2.0446,-6.0932,-3.8626,0.9618,-2.1221,41.09,On Belt
48050,-6.6295,-2.0231,-6.0693,-3.9389,0.7176,-2.6565,41.05,On Belt
48100,-6.6487,-2.0877,-6.1292,-3.1450,-0.1527,-2.2290,40.91,On Belt
48150,-6.5146,-2.1380,-6.1220,-2.2595,0.0916,-1.8015,40.91,On Belt
48200,-6.6702,-2.0183,-6.1986,-1.7710,1.0382,-3.3130,41.09,On Belt
48250,-6.5529,-1.9345,-6.1363,-2.4427,1.5420,-1.2366,41.19,On Belt
48300,-6.5649,-2.0710,-6.1124,-1.9695,1.1603,-2.2748,40.91,On Belt
48350,-6.5529,-1.9513,-6.1387,-2.9313,0.5344,-2.7939,41.09,On Belt
48400,-6.5505,-2.0973,-6.1842,-3.2977,0.0458,-3.3588,41.19,On Belt
48450,-6.3782,-2.0758,-6.1148,-3.3435,0.1069,-4.1832,41.09,On Belt
48500,-6.7133,-2.0303,-6.2465,-3.6336,0.4427,-4.8092,40.91,On Belt
48550,-6.4428,-2.1955,-6.1483,-4.8702,-0.1832,-3.4198,40.95,On Belt
48600,-6.4476,-2.2625,-6.2345,-4.0458,-0.1527,-5.0534,40.77,On Belt
48650,-6.5122,-2.2458,-6.2537,-3.6489,1.4809,-4.2290,40.91,On Belt
48700,-6.6272,-2.0399,-6.1244,-4.2901,0.1527,-3.0992,40.86,On Belt
48750,-6.4212,-2.4493,-6.1842,-1.9542,0.8092,-1.6183,40.91,On Belt
48800,-6.4548,-2.2625,-6.2273,1.6947,1.5267,0.3206,41.19,On Belt
48850,-6.5864,-2.2817,-6.2249,1.3740,1.7863,0.9618,40.95,On Belt
48900,-6.4476,-2.2529,-6.1292,-0.3817,0.5649,0.7634,40.91,On Belt
48950,-6.5649,-2.4732,-6.2058,-0.5649,0.1221,-0.2748,40.86,On Belt
49000,-6.3686,-2.2577,-6.2680,0.8397,1.0992,0.8397,40.95,On Belt
49050,-6.5242,-2.1787,-6.2632,-0.3969,1.0076,0.9771,40.77,On Belt
49100,-6.5266,-2.2913,-6.1914,-2.9771,0.6718,-0.4580,40.91,On Belt
49150,-6.4141,-2.3798,-6.2632,-4.5802,0.1221,-1.3588,40.86,On Belt
49200,-6.5290,-2.3320,-6.0334,-3.6641,0.3969,-1.8321,40.91,On Belt
49250,-6.6391,-2.3152,-6.1316,-4.2443,-0.3817,0.0763,40.95,On Belt
49300,-6.3614,-2.6049,-6.0765,-1.0534,0.1679,0.8244,40.95,On Belt
49350,-6.5912,-2.2314,-6.2153,0.4275,-0.5344,0.9771,40.67,On Belt
49400,-6.4380,-2.2290,-6.2082,-0.3969,0.2901,2.2290,40.95,On Belt
49450,-6.5386,-2.3870,-6.2537,-1.9695,0.0153,-0.3817,40.86,On Belt
49500,-6.5362,-2.1715,-6.1483,-4.7939,-0.4122,-0.4427,41.05,On Belt
49550,-6.4907,-2.3463,-6.1100,-7.1145,-1.7863,-2.6107,41.05,On Belt
49600,-6.5481,-2.3727,-6.1603,-6.3206,-0.1221,-3.2672,40.86,On Belt
49650,-6.5697,-2.1931,-6.0980,-6.1832,-1.0229,-1.1908,40.77,On Belt
49700,-6.5721,-2.5115,-6.1603,-3.7099,0.3359,0.9924,40.91,On Belt
49750,-6.5960,-2.3391,-5.9903,-2.5954,0.3359,1.1145,40.95,On Belt
49800,-6.6295,-2.3104,-6.0118,-1.6641,0.1832,2.2290,40.77,On Belt
49850,-6.6152,-2.3272,-6.0765,-0.8550,-0.1221,4.3206,40.77,On Belt
49900,-6.6104,-2.4612,-6.1268,1.2977,-0.0611,7.0534,40.95,On Belt
49950,-6.5290,-2.2865,-5.9927,3.4198,-0.4733,8.5191,40.95,On Belt
50000,-6.5410,-2.4972,-6.2130,5.2519,-0.9618,9.6031,40.91,On Belt
50050,-6.5146,-2.0997,-6.1866,5.4351,-0.1221,10.5802,40.77,On Belt
50100,-6.4763,-2.3032,-6.1603,3.7710,-2.2290,9.1298,40.91,On Belt
50150,-6.4093,-2.2098,-6.4189,2.1221,-2.4885,7.6183,40.72,On Belt
50200,-6.5170,-2.0399,-6.1842,-2.1527,-3.5267,5.2519,41.05,On Belt
50250,-6.4404,-2.1308,-6.2920,-7.6183,-6.2901,1.5725,40.91,On Belt
50300,-6.4907,-2.1021,-6.1124,-11.8779,-7.2977,-0.9008,40.86,On Belt
50350,-6.6415,-2.0327,-6.2273,-15.1756,-7.9084,-2.8550,41.19,On Belt
50400,-6.4835,-2.0375,-6.2848,-17.0382,-4.8397,-1.5725,40.91,On Belt
50450,-6.7014,-2.2889,-5.9448,-14.8092,-3.5420,-0.3206,41.09,On Belt
50500,-6.5098,-1.9800,-5.7916,-13.8321,-4.7939,-1.2977,40.91,On Belt
50550,-6.7277,-1.8411,-5.8466,-11.8626,-5.0229,-0.2901,40.91,On Belt
50600,-6.8905,-1.4916,-5.8371,-11.6336,-5.3435,1.1908,40.95,On Belt
50650,-7.1563,-1.1564,-6.0837,-15.3740,-1.4504,3.7405,41.05,On Belt
50700,-7.2544,-1.2833,-5.7126,-20.6565,-1.4962,5.5725,40.67,On Belt
50750,-7.1778,-1.5419,-5.9233,-19.7099,-4.6412,4.7939,40.86,On Belt
50800,-6.8905,-0.8763,-5.6743,-18.4733,-1.1450,7.0840,40.95,On Belt
50850,-7.0988,-0.8284,-5.6623,-18.5191,3.2214,7.8779,41.05,On Belt
50900,-7.7620,-0.4166,-5.8658,-20.3511,3.5267,10.6565,40.91,On Belt
50950,-7.2616,-0.4501,-5.7772,-20.1374,3.7099,14.6107,41.24,On Belt
51000,-7.3454,-0.4812,-6.1507,-19.0534,11.3435,18.4275,40.86,On Belt
51050,-7.8099,0.7254,-6.1363,-22.3206,14.9466,25.5267,40.72,On Belt
51100,-7.1874,0.9792,-6.1172,-28.0305,21.2672,37.5878,40.91,On Belt
51150,-7.0629,1.0774,-6.4763,-23.4809,34.2595,46.2901,41.19,On Belt
51200,-7.0222,0.5435,-6.9576,-11.8168,46.4733,57.0992,40.95,On Belt
51250,-7.2496,0.6464,-6.7181,8.6718,47.2214,69.1145,40.91,On Belt
51300,-6.0717,1.2019,-5.8945,25.6641,40.1374,82.3053,40.91,On Belt
51350,-5.6407,0.9936,-5.8730,48.0611,38.8244,81.6489,40.72,On Belt
51400,-4.7860,0.7015,-6.6176,65.7557,38.0000,84.1985,40.86,On Belt
51450,-4.7094,1.7071,-7.3287,85.8015,40.4580,85.8168,40.72,On Belt
51500,-5.0494,2.0949,-7.9511,62.7939,25.2672,68.8855,40.91,On Belt
51550,-4.6256,0.4980,-7.3933,30.1221,-11.4504,39.2519,40.95,On Belt
51600,-3.8978,1.2163,-8.3342,3.8626,-38.1832,2.4122,40.91,On Belt
51650,-2.7725,1.8866,-9.5936,-11.0687,-31.5114,-8.3511,40.95,On Belt
51700,-2.9999,0.8691,-9.4260,-5.6794,0.4580,-6.1832,40.95,On Belt
51750,-4.6543,1.1420,-7.8075,-6.0000,1.9084,-12.1832,40.72,On Belt
51800,-4.3263,1.3815,-8.0134,-11.7405,-3.0076,-15.9695,40.77,On Belt
51850,-4.5322,1.3072,-7.7021,-12.6412,-5.3130,-20.1832,41.09,On Belt
51900,-4.7022,1.1061,-7.3574,-13.5420,-12.7481,-23.4809,40.91,On Belt
51950,-5.0182,0.7757,-7.1850,-11.6183,-23.6794,-30.1221,40.77,On Belt
52000,-5.3127,1.0199,-6.8833,-11.0840,-37.6641,-36.6870,41.24,On Belt
52050,-5.3582,1.1636,-6.8139,-10.8550,-53.4656,-44.3817,41.24,On Belt
52100,-5.1044,1.4365,-7.6638,-12.9618,-55.8931,-49.2519,40.95,On Belt
52150,-5.7868,0.7446,-8.0900,-7.0840,-45.9695,-59.5267,40.86,On Belt
52200,-6.9552,2.1500,-8.3510,-14.5802,-42.2137,-56.6565,40.77,On Belt
52250,-5.9664,1.2091,-8.1068,-36.3053,-32.6565,-47.2519,40.67,On Belt
52300,-6.4596,-0.5962,-6.5912,-31.2977,-12.9771,-58.5191,40.91,On Belt
52350,-6.2968,-1.7310,-5.9927,-35.5115,-11.5115,-80.3053,40.91,On Belt
52400,-6.6415,-0.4932,-5.3822,-54.1985,-16.5802,-92.1985,40.77,On Belt
52450,-7.6495,0.0503,-6.9863,-81.0534,-10.3053,-81.8626,40.91,On Belt
52500,-6.8738,-2.0734,-5.8179,-87.3893,-10.6412,-79.6489,41.05,On Belt
52550,-5.9089,-3.1364,-5.4660,-81.0229,-9.7710,-83.5267,40.95,On Belt
52600,-5.4420,-3.5602,-5.5952,-72.3053,-1.9847,-84.1679,40.91,On Belt
52650,-6.5362,-2.6911,-5.9879,-59.6794,6.2748,-76.0305,40.95,On Belt
52700,-7.0366,-2.8395,-5.8730,-46.8550,5.6947,-57.8168,40.91,On Belt
52750,-6.7301,-3.0670,-5.7054,-30.5038,3.7710,-49.4504,40.67,On Belt
52800,-6.3375,-3.4309,-5.7892,-14.7481,0.1832,-38.0153,41.19,On Belt
52850,-6.4715,-2.9473,-5.9783,3.8321,-2.3969,-24.5344,41.05,On Belt
52900,-6.8642,-2.3559,-6.4189,15.9542,-1.2519,-7.7252,40.95,On Belt
52950,-6.9097,-2.6097,-6.5697,26.8550,1.2214,4.6870,40.95,On Belt
53000,-6.8833,-2.0327,-6.5362,32.5344,0.2290,18.6565,40.86,On Belt
53050,-6.9240,-1.8603,-6.4548,29.8473,-1.4046,22.3206,40.86,On Belt
53100,-6.4308,-2.6480,-6.6272,18.0153,-3.8626,19.4198,40.91,On Belt
53150,-5.9496,-2.8515,-6.5769,3.7252,1.4962,4.6870,40.72,On Belt
53200,-6.3351,-2.3248,-6.5314,-19.1298,0.7023,-8.5038,40.95,On Belt
53250,-6.0765,-2.7294,-6.3542,-38.3664,-2.6565,-22.4427,40.95,On Belt
53300,-6.6080,-2.8587,-6.3734,-52.9618,-7.1756,-28.2443,40.95,On Belt
53350,-6.5050,-2.3511,-6.3494,-61.1450,-11.6183,-27.8321,41.05,On Belt
53400,-6.5338,-2.5043,-6.4117,-69.2519,-6.0458,-28.6260,40.95,On Belt
53450,-6.5553,-2.2386,-5.9185,-69.5878,-5.4351,-26.0763,41.09,On Belt
53500,-6.7325,-2.1261,-6.1914,-65.2824,-2.3359,-19.1756,40.95,On Belt
53550,-6.7924,-1.8411,-5.9137,-56.5344,-0.0153,-5.1908,40.95,On Belt
53600,-6.6655,-1.5514,-6.1842,-37.8779,6.6412,9.8626,40.95,On Belt
53650,-7.3023,-1.2282,-6.2321,-20.3817,15.8321,30.7023,40.77,On Belt
53700,-7.1635,-0.7326,-6.0549,9.2366,11.2366,54.6718,40.95,On Belt
53750,-6.8283,0.5914,-6.5242,39.3588,8.8397,79.4351,40.95,On Belt
53800,-5.7676,0.8404,-6.9815,56.8855,22.6718,100.9466,40.95,On Belt
53850,-5.2457,0.7781,-7.3430,68.4427,41.1298,118.7328,40.95,On Belt
53900,-5.2984,2.3296,-7.7381,75.7252,46.6107,126.2137,40.91,On Belt
53950,-5.2098,2.5379,-7.3574,38.0763,32.6412,104.5038,40.95,On Belt
54000,-5.8155,-1.4126,-6.4715,-1.2977,-21.8779,62.1985,41.19,On Belt
54050,-4.6807,-1.4676,-7.4388,-14.7939,-64.7328,-4.0458,41.05,On Belt
54100,-4.3311,-2.2338,-7.8769,-27.1603,-57.6336,-74.5954,41.09,On Belt
54150,-0.3041,3.5051,-9.6055,-15.6794,-28.8550,-93.4046,41.09,On Belt
54200,-5.1930,1.3527,-9.5457,-38.9313,57.7710,-68.2137,40.91,On Belt
54250,-6.1196,-1.4198,-7.2209,-71.6489,50.9466,-93.8168,41.09,On Belt
54300,-5.6312,-0.9433,-6.2465,-82.1527,32.9466,-120.4427,41.24,On Belt
54350,-6.1459,0.5339,-8.2552,-79.8626,33.1450,-101.9847,41.19,On Belt
54400,-6.3542,-0.8284,-6.6439,-53.3130,34.5191,-74.7634,40.72,On Belt
54450,-5.8347,-0.7661,-6.1339,-21.9084,25.0534,-57.6336,41.05,On Belt
54500,-6.3829,0.1772,-6.4093,3.0687,14.6565,-42.0611,40.91,On Belt
54550,-5.6455,0.1030,-6.2297,11.8015,3.8931,-29.3740,41.05,On Belt
54600,-5.5641,-0.0096,-6.2824,15.1756,8.5191,-21.7557,41.05,On Belt
54650,-5.6623,-1.0343,-7.2113,41.8779,9.4962,-2.4427,40.86,On Belt
54700,-5.3175,-1.6161,-8.2361,73.8168,10.9924,39.4504,40.86,On Belt
54750,-4.8674,-0.4429,-9.0980,85.8168,14.9313,57.2214,40.86,On Belt
54800,-5.2074,-0.6081,-9.2656,69.9847,-3.5115,64.2443,40.91,On Belt
54850,-6.3231,-1.5945,-6.7253,24.9618,-28.0000,31.3282,40.91,On Belt
54900,-5.6288,-2.7701,-8.0038,28.3053,-73.2061,25.2519,40.91,On Belt
54950,-4.2042,-0.5722,-9.7755,-0.3206,-65.7710,-4.3053,40.67,On Belt
55000,-5.1404,-1.7454,-7.5034,-34.0458,7.4198,-0.7023,40.91,On Belt
55050,-5.0111,-2.3224,-4.3934,-27.3435,4.7023,-10.7481,40.95,On Belt
55100,-5.6192,-3.4692,-4.4939,1.7252,-22.5802,-12.9160,41.09,On Belt
55150,-5.6862,-1.5467,-6.1794,3.6489,-17.8015,-4.0763,40.91,On Belt
55200,-6.3207,-1.3910,-6.6870,37.4046,10.0763,23.9237,40.91,On Belt
55250,-6.8833,-3.6583,-5.9280,46.5649,16.9618,20.5191,40.91,On Belt
55300,-6.8761,-2.0853,-6.3063,50.9008,12.2595,20.7786,40.95,On Belt
55350,-7.0916,-2.0734,-6.2537,40.7328,24.5802,20.3053,40.95,On Belt
55400,-6.6152,-2.0399,-5.6695,23.5420,42.9313,2.8550,40.86,On Belt
55450,-6.9839,-2.8683,-6.9911,19.3435,50.2443,9.3130,40.91,On Belt
55500,-7.2185,-3.5171,-7.3334,32.6107,35.9389,41.4198,40.91,On Belt
55550,-6.6128,-4.5179,-6.7900,37.7252,20.2901,63.8168,41.05,On Belt
55600,-5.6767,-4.2210,-5.9927,44.7786,3.5878,81.7863,41.09,On Belt
55650,-5.2361,-3.5410,-6.4955,70.9466,-4.2137,95.9084,40.95,On Belt
55700,-5.2337,-3.6559,-6.6655,81.9695,0.0763,114.8855,41.05,On Belt
55750,-5.7509,-3.3279,-7.1754,90.3664,-2.3969,140.9008,41.05,On Belt
55800,-5.1715,0.0790,-6.1387,69.3130,-16.0611,107.2824,40.77,On Belt
55850,-6.7062,-1.2234,-7.2903,-21.4656,-52.4427,83.9084,40.86,On Belt
55900,-6.1124,-2.9880,-7.8243,-65.2672,-66.2290,20.0153,40.95,On Belt
55950,-5.4061,-2.9856,-6.6200,-90.7328,-65.4504,-28.1069,40.95,On Belt
56000,-5.4660,-3.8954,-6.1555,-97.1145,-59.6641,-70.5191,41.09,On Belt
56050,-4.2377,2.5738,-6.7828,-94.0458,-34.5496,-55.8626,40.91,On Belt
56100,-7.5537,-0.9984,-6.4260,-112.9618,7.1298,-35.1756,40.86,On Belt
56150,-8.0062,-2.4277,-6.5194,-113.8168,16.8702,-48.4275,40.77,On Belt
56200,-7.4603,-0.7997,-5.7557,-109.1908,24.0305,-34.8092,40.91,On Belt
56250,-6.2704,-0.9864,-5.7892,-76.2595,38.1679,-13.5573,40.86,On Belt
56300,-4.8746,-2.2553,-5.9089,-27.4962,68.2748,6.6260,40.95,On Belt
56350,-5.5091,-2.8659,-6.5649,19.5420,114.9313,-5.5725,41.09,On Belt
56400,-7.7261,-3.0718,-6.2896,53.0076,140.4733,-21.0992,40.95,On Belt
56450,-9.7420,-1.8962,-6.9504,84.8244,113.5267,-7.0534,40.91,On Belt
56500,-7.9727,-1.5778,-6.6559,118.8244,74.8092,12.8244,40.86,On Belt
56550,-6.1866,1.3408,-6.6679,140.8244,55.7405,16.5191,40.72,On Belt
56600,-6.0406,1.5467,-7.2305,82.0763,-0.5649,43.3130,40.91,On Belt
56650,-5.9999,0.5076,-7.0820,-4.7634,-53.6336,22.1679,40.86,On Belt
56700,-6.3877,-2.2098,-7.5561,-71.8779,-97.9237,-4.5038,41.09,On Belt
56750,-6.5338,-4.2018,-6.8953,-80.5802,-135.3130,-19.1908,41.09,On Belt
56800,-5.9233,-4.5633,-6.4931,-48.5344,-162.5191,-26.7328,40.86,On Belt
56850,-7.0437,-5.0589,-8.2983,-30.6870,-164.1069,-35.9237,40.86,On Belt
56900,-5.9280,-5.8826,-7.7309,-5.4351,-134.0153,-61.3282,41.28,On Belt
56950,-6.9384,-0.1245,-9.9647,22.9466,-70.1069,-42.8244,40.67,On Belt
57000,-12.3756,-0.0431,-3.6440,18.4733,28.3817,58.4122,40.72,On Belt
57050,-5.3702,-1.0008,-3.1340,6.6565,33.4809,46.8550,40.95,On Belt
57100,-3.6176,-1.3048,-2.8635,-11.4198,40.0305,41.7405,40.95,On Belt
57150,-5.5881,-1.1157,-3.3686,-44.7786,77.6031,-32.9008,40.91,On Belt
57200,-10.2639,-3.0622,-6.4308,-96.4275,71.4657,-41.4046,40.86,On Belt
57250,-9.1482,-2.1261,-5.9544,-98.5496,50.5954,-56.9924,40.95,On Belt
57300,-6.3063,-3.2944,-5.0182,-117.5878,48.9313,-75.8779,40.72,On Belt
57350,-7.0270,-2.3032,-4.5586,-115.9237,23.7099,-77.4504,40.91,On Belt
57400,-7.7452,-2.8539,-5.1691,-103.5725,-3.3282,-71.4351,40.95,On Belt
57450,-7.4148,-3.0167,-5.3032,-80.0611,-27.9084,-65.9542,40.95,On Belt
57500,-7.4843,-2.5115,-6.0406,-53.7405,-50.1069,-46.5954,41.05,On Belt
57550,-6.6966,-1.4748,-6.5386,-21.9542,-45.6947,-7.5267,40.91,On Belt
57600,-6.4117,-3.5051,-6.5481,-8.9771,-34.4275,18.2901,40.72,On Belt
57650,-6.2968,-3.7900,-6.9623,8.5344,-39.7710,27.7099,41.09,On Belt
57700,-4.8674,-1.6927,-7.2856,44.0458,-16.8855,52.8550,41.05,On Belt
57750,-6.0406,-2.2505,-7.1898,57.3130,8.9924,65.7099,41.09,On Belt
57800,-6.7732,0.2945,-10.7332,94.2748,80.0458,129.0687,40.91,On Belt
57850,-4.8722,0.9122,-5.9783,106.6870,137.3893,114.0153,41.05,On Belt
57900,-3.9624,-0.0215,-4.2976,114.2290,188.9008,49.6031,40.95,On Belt
57950,-7.2113,-3.4117,-5.9687,139.0687,149.4809,19.4809,40.91,On Belt
58000,-7.7668,2.2266,-7.3191,150.7634,45.8321,-4.7786,40.95,On Belt
58050,-8.3534,4.0989,-10.5393,32.6107,-22.8397,-36.7176,40.91,On Belt
58100,-6.2560,-0.6464,-7.5872,-79.5573,-57.0534,-71.5115,40.77,On Belt
58150,-4.2856,-3.2010,-5.2002,-95.9389,-89.7252,-87.3435,40.72,On Belt
58200,-4.0414,-2.5522,-5.0781,-61.2672,-113.9542,-86.0458,40.91,On Belt
58250,-5.3965,-2.7031,-8.1594,-12.7939,-119.2519,-32.6565,40.91,On Belt
58300,-5.7820,-4.2689,-8.0421,49.6947,-92.2137,20.1374,40.72,On Belt
58350,-6.7995,-4.9895,-7.4915,75.3130,-89.2366,36.2748,40.86,On Belt
58400,-7.4819,-5.7126,-8.7173,91.3740,-98.6718,45.3282,41.05,On Belt
58450,-6.5481,-2.3679,-8.6622,78.5191,-81.3282,4.6260,40.95,On Belt
58500,-9.7157,2.8635,-10.7141,-13.4351,-10.8092,0.3511,41.09,On Belt
58550,-8.8945,0.9505,-4.7621,-93.2977,-4.6412,36.1374,40.91,On Belt
58600,-4.4005,-0.2753,-2.3990,-94.1527,-7.3282,10.1679,40.91,On Belt
58650,-2.6767,-1.6544,-2.6911,-116.9008,13.3740,-22.6565,40.91,On Belt
58700,-6.7804,-5.4181,-6.9192,-163.1298,50.2901,-64.0305,40.77,On Belt
58750,-7.8386,-7.4939,-7.0366,-137.2672,45.0534,-113.1756,40.95,On Belt
58800,-7.7979,3.9840,-1.8794,-152.2748,32.6412,-91.4962,40.91,On Belt
58850,-9.8593,-5.8658,-6.7229,-137.1450,7.2519,-71.3588,40.67,On Belt
58900,-7.5369,-2.2098,-4.0462,-117.2672,-8.0763,-70.4122,40.86,On Belt
58950,-8.5521,-3.0646,-4.5059,-79.7863,-38.0153,-43.9389,40.77,On Belt
59000,-7.5561,-3.8403,-5.3295,-9.4656,-45.0840,-2.2595,40.91,On Belt
59050,-6.1842,-4.4053,-6.3015,43.2214,-37.3588,29.7252,40.77,On Belt
59100,-5.5881,-3.5243,-7.3023,102.6718,-38.2290,63.4809,40.77,On Belt
59150,-4.9464,-2.4181,-7.7548,159.3588,-10.5191,95.3130,40.91,On Belt
59200,-4.7022,-0.1125,-8.3366,170.7481,28.0305,137.9695,40.86,On Belt
59250,-5.6407,-2.1213,-10.5728,197.4504,116.0458,216.4427,40.67,On Belt
59300,-3.6105,0.9744,-6.6583,230.3359,207.4809,104.4885,40.77,On Belt
59350,-7.0198,1.2665,-6.0908,193.8168,215.8779,43.3588,40.86,On Belt
59400,-9.3158,1.0463,-7.0892,130.5038,90.5038,17.5878,40.95,On Belt
59450,-7.6758,2.1644,-6.5003,25.5267,-43.9542,-31.8321,40.77,On Belt
59500,-7.0725,-0.9888,-9.3111,-86.8397,-92.1374,-98.4427,40.86,On Belt
59550,-5.0925,-1.6041,-6.7852,-136.0611,-99.0076,-149.8931,41.05,On Belt
59600,-3.2944,-0.0766,-6.9121,-123.7557,-88.7023,-71.5115,40.77,On Belt
59650,-6.2393,-2.8587,-6.0047,-73.6336,-74.0611,-38.4427,40.91,On Belt
59700,-6.1770,-4.9823,-5.9328,-30.0916,-82.1221,-27.3893,40.95,On Belt
59750,-7.9152,-6.9647,-7.6064,5.8321,-115.1908,-26.2290,40.91,On Belt
59800,-8.5665,-3.4093,-10.8769,67.0992,-109.5725,-26.7328,40.72,On Belt
59850,-12.0955,1.5107,-7.7213,48.6412,37.2061,75.6336,40.95,On Belt
59900,-7.7045,-1.0798,-4.3479,44.2443,22.3664,59.7710,40.77,On Belt
59950,-3.0430,-0.3041,-2.1668,22.7481,8.6565,54.5802,40.86,On Belt
60000,-4.9153,-0.7326,-2.1715,-38.9771,19.1908,-18.9466,40.86,On Belt
60050,-7.5776,-5.0757,-6.3949,-109.9237,3.7863,-47.4198,41.19,On Belt
60100,-7.9464,-3.1603,-6.2704,-82.6718,2.9924,-115.0382,40.91,On Belt
60150,-9.0333,0.0694,-5.3175,-142.9313,-10.8092,-73.2977,41.09,On Belt
60200,-7.2472,-3.2058,-5.2529,-141.9542,-31.4198,-80.4427,40.95,On Belt
60250,-5.5138,-3.4069,-4.3814,-140.0763,-50.3053,-84.5038,40.77,On Belt
60300,-6.2249,-2.1141,-5.4827,-120.6565,-56.8397,-83.0534,40.67,On Belt
60350,-7.5465,-3.0047,-7.1180,-83.0382,-33.2366,-24.1374,41.24,On Belt
60400,-7.4555,-3.6751,-5.9903,-43.0229,-14.6565,12.6718,40.91,On Belt
60450,-5.4348,-4.2353,-5.4923,19.2061,-7.5725,44.9160,40.58,On Belt
60500,-5.7078,-3.0095,-7.2975,64.4427,40.0763,56.3206,40.91,On Belt
60550,-7.2975,3.0646,-10.5728,148.7634,93.4046,194.9618,40.95,On Belt
60600,-5.9999,-2.7031,-7.4364,209.7405,157.8473,164.8702,40.91,On Belt
60650,-4.3574,1.5921,-5.0949,178.9008,231.9389,114.0305,40.91,On Belt
60700,-8.3893,-1.4844,-6.2728,180.5649,201.3130,88.2443,41.05,On Belt
60750,-8.3510,0.2682,-7.5226,232.9313,73.0840,118.6870,40.77,On Belt
60800,-8.2456,3.7373,-9.0070,89.2214,-21.7863,66.9008,40.91,On Belt
60850,-4.6280,2.4253,-8.7460,-54.1374,-80.1374,35.7557,40.72,On Belt
60900,-5.4971,-2.3990,-8.1307,-111.1145,-103.8931,-2.5191,40.86,On Belt
60950,-4.9488,-3.6512,-5.3319,-113.1145,-133.6947,-11.5420,41.24,On Belt
61000,-6.5170,-5.8993,-6.9097,-48.9771,-170.0763,-26.0458,40.72,On Belt
61050,-8.2265,-7.0773,-9.2560,0.1069,-188.1069,-39.0229,40.72,On Belt
61100,-6.8211,-6.3231,-8.3773,64.1527,-168.8702,-88.5038,40.91,On Belt
61150,-8.4300,11.1642,-10.7212,46.0153,-28.2901,-85.6183,40.86,On Belt
61200,-10.6734,3.2441,-3.8810,25.0687,21.2672,51.2672,40.95,On Belt
61250,-4.1539,-0.4645,-3.1723,14.4733,17.1450,72.1221,40.95,On Belt
61300,-2.2122,-0.4214,-1.4557,-19.2519,35.9847,48.3511,40.67,On Belt
61350,-4.2353,-1.7071,-3.4596,-93.4351,91.8626,-29.0534,40.95,On Belt
61400,-8.7867,-8.4443,-8.5425,-139.4504,141.2366,-88.8244,40.95,On Belt
61450,-8.5305,-6.3159,-6.8307,-105.5878,133.7405,-145.6183,40.86,On Belt
61500,-10.7548,-2.6935,-6.6032,-141.9389,58.9008,-15.8321,40.91,On Belt
61550,-8.3965,-2.4924,-5.3032,-114.6107,67.6336,-76.3969,40.91,On Belt
61600,-7.9009,-3.3854,-5.0566,-123.0382,35.5725,-39.9389,40.91,On Belt
61650,-10.1490,-1.9393,-3.9816,-74.1527,-9.3588,-4.3817,40.77,On Belt
61700,-8.0110,-3.8379,-5.2241,16.5038,-33.1298,64.1985,40.95,On Belt
61750,-5.4851,-5.0613,-5.7341,82.7939,-41.2061,88.5496,40.77,On Belt
61800,-4.9105,-4.0893,-6.4356,123.5267,-40.7176,103.3130,40.86,On Belt
61850,-5.6647,-4.4365,-7.6471,166.1527,-38.6107,137.3130,40.77,On Belt
61900,-6.3183,-3.8068,-8.5210,203.7099,-39.1298,167.7557,40.77,On Belt
61950,-5.7844,-4.0941,-7.6830,226.6718,-43.0840,178.0458,41.05,On Belt
62000,-7.1132,-3.4860,-11.7914,211.1450,-9.6336,197.5725,40.67,On Belt
62050,-4.4029,-0.6488,-7.8410,212.4275,62.5496,195.1450,40.91,On Belt
62100,-4.0175,-0.2203,-4.9488,173.6641,98.8702,161.3130,40.86,On Belt
62150,-5.2984,-0.8428,-4.8123,128.1527,80.5802,125.6794,40.86,On Belt
62200,-5.8419,-2.3152,-5.6814,102.2443,39.3130,84.3359,40.95,On Belt
62250,-5.5378,0.3089,-9.2895,92.9313,32.5191,58.7634,41.05,On Belt
62300,-7.4029,0.7925,-8.1307,55.0076,57.3740,58.9313,40.67,On Belt
62350,-5.8730,-0.4908,-5.6934,27.9084,39.3282,52.6412,40.91,On Belt
62400,-4.8076,-1.5275,-5.4372,20.4886,23.6489,45.9695,40.53,On Belt
62450,-4.7309,-0.8691,-6.9336,37.2824,24.3359,55.2366,40.77,On Belt
62500,-7.9344,-1.6281,-8.3414,57.5420,24.1374,77.2214,40.86,On Belt
62550,-8.7724,-1.9130,-8.1642,61.4351,-1.7710,94.7634,40.77,On Belt
62600,-5.2289,-1.0870,-7.0581,54.8702,-6.9924,89.6336,40.86,On Belt
62650,-4.2904,-1.3024,-5.7964,47.3893,-14.8397,77.6489,40.77,On Belt
62700,-4.3335,-2.2936,-5.7221,44.8855,-34.1374,67.3588,40.77,On Belt
62750,-5.0877,-3.0837,-7.8482,54.5191,-34.3359,47.6183,40.95,On Belt
62800,-5.0159,-0.9098,-9.3326,71.8626,6.9466,61.7099,41.19,On Belt
62850,-7.3167,-0.5124,-7.1611,75.8321,23.6641,68.1527,40.91,On Belt
62900,-6.4955,-0.3998,-6.4428,43.0534,-15.8931,50.5038,40.95,On Belt
62950,-6.2800,-0.1245,-6.2920,8.4427,-30.2901,19.8779,40.77,On Belt
63000,-6.2896,-1.2761,-6.1459,-11.4504,-43.3282,-1.4351,40.86,On Belt
63050,-5.6743,-2.8683,-6.2153,-3.7252,-50.3359,-13.2519,40.95,On Belt
63100,-5.2912,-2.3272,-6.8163,25.7099,-42.4275,-14.2443,40.77,On Belt
63150,-5.8059,-1.7693,-7.8314,63.6489,-28.3817,9.7252,40.91,On Belt
63200,-7.5369,-0.3160,-8.1163,73.5267,-15.3893,25.0840,40.91,On Belt
63250,-9.7683,1.2641,-7.6950,26.2595,-27.1145,4.4122,40.86,On Belt
63300,-8.6742,1.2378,-6.2201,-60.9008,-50.9160,-28.9008,40.95,On Belt
63350,-6.0238,-0.4501,-5.1475,-109.1450,-42.3664,-78.2443,40.95,On Belt
63400,-4.7597,-0.5578,-4.1348,-151.8168,-15.9542,-89.7099,40.67,On Belt
63450,-6.1842,-3.0813,-5.8275,-196.2748,22.6107,-112.0458,40.72,On Belt
63500,-8.4874,-2.9113,-6.1339,-210.9313,9.4046,-82.5649,40.77,On Belt
63550,-8.8873,-3.5075,-5.7389,-202.2595,-1.0687,-63.9542,40.86,On Belt
63600,-9.7229,-3.6536,-4.3359,-167.1145,-29.1298,-20.1679,40.86,On Belt
63650,-9.6726,-4.9704,-2.5762,-97.9237,-37.7099,4.8397,40.95,On Belt
63700,-8.2289,-5.7892,-3.5698,-15.6183,-42.7634,21.2824,40.77,On Belt
63750,-5.7485,-5.2265,-4.4197,64.1985,-28.0000,34.1985,40.72,On Belt
63800,-5.1356,-5.1044,-5.6455,135.2366,-0.9771,24.2901,40.77,On Belt
63850,-5.9759,-5.4492,-7.1802,190.3969,25.0076,8.3511,40.91,On Belt
63900,-7.6255,-1.5826,-7.9440,274.8244,51.5878,54.0000,40.95,On Belt
63950,-9.3063,-2.0303,-8.4946,305.4809,42.4733,128.2901,40.91,On Belt
64000,-7.1730,-2.3487,-8.3270,308.9618,27.9389,158.8702,40.86,On Belt
64050,-5.6862,-3.0478,-8.1475,296.1069,16.6412,181.3893,40.77,On Belt
64100,-5.5665,-3.0742,-8.0182,296.6870,5.6641,190.0305,40.77,On Belt
64150,-6.9192,2.7940,-7.6758,168.4580,18.1221,119.9389,41.09,On Belt
64200,-7.7189,2.4110,-7.9128,-9.1145,-20.1527,74.7481,40.86,On Belt
64250,-6.0454,-1.4653,-7.6614,-131.2214,-19.9542,-5.0229,40.86,On Belt
64300,-5.4851,-3.8882,-6.5888,-154.9160,7.6489,-68.0153,40.77,On Belt
64350,-7.1898,-6.5888,-7.6878,-164.6565,55.6031,-133.4962,40.95,On Belt
64400,-3.0670,12.2320,-6.8809,-150.5191,95.8626,-71.9084,40.77,On Belt
64450,-7.8841,-4.1108,-6.9767,-150.5343,145.2977,-34.5344,40.86,On Belt
64500,-6.6487,-3.7134,-5.9089,-136.9924,192.0000,-97.0076,40.95,On Belt
64550,-11.4874,-6.9815,-8.7221,-116.0153,161.2366,-88.5343,40.91,On Belt
64600,-10.3717,-1.4030,-5.6407,-53.1298,84.1069,-20.7786,40.86,On Belt
64650,-7.1611,0.4956,-4.4843,-27.0840,105.9084,-36.4733,40.86,On Belt
64700,-7.9775,-1.6951,-5.3391,-0.1374,105.1603,-24.7634,41.19,On Belt
64750,-6.4883,-1.8004,-4.3407,59.6183,42.4885,19.9237,40.95,On Belt
64800,-5.1284,-1.8794,-4.4149,107.0076,-3.5267,47.2519,40.58,On Belt
64850,-4.9799,-2.5043,-6.8354,155.4046,-31.9695,82.5496,40.95,On Belt
64900,-6.0406,-3.6631,-6.7469,180.9313,-76.3817,124.6107,40.77,On Belt
64950,-7.0940,-0.2562,-9.1435,131.6336,-127.5420,134.9160,40.86,On Belt
65000,-7.1012,-0.9577,-12.6414,43.6794,-158.9924,145.9695,40.67,On Belt
65050,-5.8802,-3.4189,-12.0093,2.3664,-123.9847,119.2519,40.77,On Belt
65100,-8.4587,-5.3247,-11.9542,-33.0992,-65.7863,48.9618,40.67,On Belt
65150,-3.5841,-1.2450,-6.8307,-72.7634,-13.3588,-23.5114,40.58,On Belt
65200,-2.7557,-1.9728,-4.0247,-90.5649,11.0687,-60.8397,40.91,On Belt
65250,-3.5889,-1.5778,-2.7246,-87.5573,20.0153,-119.1145,40.77,On Belt
65300,-5.9496,-3.3016,-5.6192,-131.5725,42.8855,-149.7557,40.72,On Belt
65350,-9.9240,-6.5386,-8.4731,-147.8168,72.3511,-211.8015,40.72,On Belt
65400,-10.4531,-4.8507,-8.0732,-168.0000,30.6565,-108.6870,40.86,On Belt
65450,-6.2537,-2.0901,-5.1284,-182.5649,12.6565,-104.6870,40.91,On Belt
65500,-5.9975,-4.8315,-5.2505,-169.2672,-29.7405,-81.7405,40.77,On Belt
65550,-7.3191,-1.9441,-4.6136,-109.5573,-34.5344,-79.9084,40.86,On Belt
65600,-8.7867,-4.0917,-4.4724,-24.3969,-36.1221,-8.9008,40.91,On Belt
65650,-6.5290,-4.9464,-5.8251,54.4733,-50.3817,14.4733,40.67,On Belt
65700,-5.2960,-4.2593,-6.8283,114.8855,-51.5115,40.1374,40.91,On Belt
65750,-5.8419,-2.8563,-8.4587,162.9771,-29.2824,81.9542,40.77,On Belt
65800,-5.6407,-3.1675,-8.9423,218.4733,-6.2137,134.1527,40.67,On Belt
65850,-5.9400,-1.5921,-8.5162,232.6718,13.7863,152.4580,40.67,On Belt
65900,-4.0677,1.8387,-14.5065,242.1221,69.7252,231.3130,40.86,On Belt
65950,-3.6440,3.8618,-7.0892,211.9542,165.7099,189.0687,40.77,On Belt
66000,-2.9090,3.1580,-4.2737,123.4351,188.3817,101.0382,40.67,On Belt
66050,-9.4762,-3.6200,-6.9983,66.1985,138.5954,10.6107,41.05,On Belt
66100,-9.3613,-4.2425,-6.8474,55.8015,33.4504,-42.2290,40.77,On Belt
66150,-6.6487,-0.6033,-5.8921,10.7176,-24.1679,-117.5725,40.95,On Belt
66200,-5.3103,1.0199,-7.1060,-44.5802,-66.4580,-143.3740,40.91,On Belt
66250,-5.3798,0.1676,-9.1578,-77.0229,5.0992,-46.4733,41.05,On Belt
66300,-5.7748,-3.8906,-4.9464,-64.2290,-7.4351,-39.6794,40.77,On Belt
66350,-5.7006,-3.1580,-4.9919,-34.7176,-49.4046,-14.9771,40.77,On Belt
66400,-5.5258,-4.4987,-6.2249,32.6260,-83.6641,22.5649,40.53,On Belt
66450,-6.6032,-5.4348,-7.3167,69.6183,-105.2214,38.9466,40.72,On Belt
66500,-5.4779,-4.0055,-9.7181,132.0763,-107.2366,46.7023,40.72,On Belt
66550,-10.1442,-1.0846,-13.0891,91.4657,-34.3511,35.7252,40.72,On Belt
66600,-7.5729,3.3830,-6.6463,-35.2214,-7.3893,29.0382,40.67,On Belt
66650,-4.9656,-2.3391,-5.3032,-89.1145,-21.0840,8.2748,40.91,On Belt
66700,-3.3902,-2.1165,-3.0478,-80.0763,-21.1908,-30.8702,40.86,On Belt
66750,-5.1811,-2.8970,-4.9943,-121.9542,11.8015,-65.4809,40.67,On Belt
66800,-9.5122,-4.4724,-7.2664,-135.2061,31.1603,-99.3740,40.77,On Belt
66850,-8.4635,-1.9561,-5.1092,-136.5649,-1.2672,-71.1450,40.72,On Belt
66900,-6.1411,-2.7605,-4.6543,-139.4198,0.0763,-82.3053,40.86,On Belt
66950,-6.6487,-4.0223,-5.2553,-142.4122,-15.6794,-71.5267,40.72,On Belt
67000,-6.4787,-3.3255,-4.7956,-103.7710,-34.6870,-72.7786,40.86,On Belt
67050,-7.8578,-1.6927,-5.5115,-61.4046,-33.6183,-42.7786,40.67,On Belt
67100,-9.3350,-2.0494,-5.2050,-17.2214,-28.8092,1.8168,40.67,On Belt
67150,-5.9831,-3.8642,-5.7964,38.3664,-32.3969,32.9618,40.67,On Belt
67200,-5.7078,-4.3383,-6.2441,77.0687,-22.0153,36.2137,40.86,On Belt
67250,-6.4236,-2.1668,-6.4572,123.4046,-18.5191,65.2366,40.77,On Belt
67300,-5.4827,-2.8539,-7.0150,162.1832,-9.5573,98.9313,40.91,On Belt
67350,-7.1587,-2.5929,-10.4531,157.1756,26.2901,137.5420,40.67,On Belt
67400,-5.1787,0.5052,-10.4100,207.8015,130.9008,238.5343,40.77,On Belt
67450,-2.7797,1.7980,-5.2337,204.3817,199.7099,125.5420,40.72,On Belt
67500,-6.2560,0.7638,-5.1858,125.2061,190.2595,53.8779,40.86,On Belt
67550,-10.5321,-2.6217,-7.7524,70.0153,78.4885,-4.3053,40.44,On Belt
67600,-6.7445,0.8978,-5.3510,5.1145,-29.4656,-70.3206,40.67,On Belt
67650,-5.3917,-0.5243,-7.2856,-78.4427,-77.8779,-122.7176,40.95,On Belt
67700,-5.7102,-3.2537,-8.3007,-109.1756,-67.5115,-168.1527,40.77,On Belt
67750,-5.2385,-3.9433,-5.4827,-125.2061,-41.3435,-212.2595,40.67,On Belt
67800,-5.4731,-2.8108,-5.1715,-99.3435,-51.1145,-210.9924,41.05,On Belt
67850,-10.0437,-2.7629,-8.0182,-54.5344,-18.6412,-12.1069,40.77,On Belt
67900,-6.0693,-3.8858,-5.5665,-37.9237,-22.1527,-10.3969,40.86,On Belt
67950,-5.3822,-4.6759,-4.8028,-9.1756,-57.8931,7.8321,40.72,On Belt
68000,-6.4763,-5.6695,-6.4093,38.7023,-101.6947,18.2137,40.77,On Belt
68050,-7.5968,-6.3183,-8.1906,57.7557,-100.7939,-6.7634,40.91,On Belt
68100,-8.3438,-6.7421,-9.3637,48.3511,-58.1374,-43.7557,40.67,On Belt
68150,-10.8793,2.2793,-4.0127,130.6718,-4.5954,96.3206,40.86,On Belt
68200,-5.9065,2.3296,-3.5769,63.3130,6.5344,54.0458,40.86,On Belt
68250,-5.7988,-1.5179,-3.6033,-46.2443,10.6412,14.3511,40.72,On Belt
68300,-7.5729,-6.3375,-6.5505,-57.1603,-7.8321,-23.8015,40.86,On Belt
68350,-5.4851,-2.8563,-4.8028,-50.0305,18.3206,-87.3435,41.05,On Belt
68400,-9.2871,-1.0175,-6.0501,-95.6031,10.9466,-16.9466,40.58,On Belt
68450,-7.0461,-2.5809,-4.7501,-80.5496,5.3588,-39.2366,40.86,On Belt
68500,-6.8474,-4.3359,-5.3558,-76.7481,-20.7328,-23.9695,40.58,On Belt
68550,-7.4723,-2.5091,-5.9280,-57.7557,-35.8931,-16.0763,40.77,On Belt
68600,-6.7277,-2.6480,-5.3056,-9.4962,-20.9618,27.8015,40.67,On Belt
68650,-6.0214,-4.2162,-5.8826,38.7786,-28.4580,47.7099,40.91,On Belt
68700,-6.2872,-4.8578,-6.6511,74.0763,-43.7557,56.6107,40.67,On Belt
68750,-3.7254,0.2155,-7.1946,116.6107,1.5725,64.3206,40.86,On Belt
68800,-9.1889,-1.6592,-14.9063,128.2901,91.5267,151.0382,40.95,On Belt
68850,-6.8307,-0.9744,-7.5657,167.7710,149.7863,183.0687,40.86,On Belt
68900,-2.5474,2.3391,-4.0989,188.2290,195.2672,120.5649,40.72,On Belt
68950,-6.5697,-1.7478,-4.9847,187.4046,199.0840,50.5191,40.86,On Belt
69000,-11.2240,0.3807,-7.5369,123.1450,70.6718,41.0076,40.67,On Belt
69050,-7.6782,3.4812,-7.8889,18.3817,-42.8702,-14.7328,40.86,On Belt
69100,-5.4181,-0.1628,-8.0804,-86.5191,-82.8244,-59.5420,40.72,On Belt
69150,-5.3127,-3.3926,-6.2632,-101.2519,-106.5802,-93.4351,40.86,On Belt
69200,-3.3040,-1.5897,-6.0047,-68.5954,-105.6641,-61.8168,40.77,On Belt
69250,-5.3846,-3.6129,-7.3861,-25.9084,-74.9313,-36.0611,40.91,On Belt
69300,-5.3965,-2.9066,-6.4212,17.3740,-58.3817,4.4122,40.91,On Belt
69350,-6.0597,-4.4843,-6.6152,52.4733,-56.9160,24.1527,40.95,On Belt
69400,-6.0693,-4.5083,-6.5769,71.7405,-62.5191,31.7405,40.53,On Belt
69450,-5.9233,-2.5929,-7.8386,70.3359,-59.1603,23.8779,40.77,On Belt
69500,-10.7045,-0.2969,-9.0357,36.7023,-27.6489,4.9008,40.86,On Belt
69550,-11.2551,2.7222,-6.6104,-80.9313,3.5115,-5.6641,40.72,On Belt
69600,-6.1124,-2.6719,-4.3527,-110.6718,-19.4046,-13.4198,40.67,On Belt
69650,-2.8706,-0.4788,-2.0782,-105.4046,-6.3053,-41.5878,40.77,On Belt
69700,-3.7206,-2.1117,-3.9672,-149.5878,27.7710,-62.7481,40.77,On Belt
69750,-9.5241,-7.8554,-8.8298,-161.7099,50.4580,-103.1908,40.91,On Belt
69800,-13.3668,-1.3767,-4.8483,-149.3282,-18.3053,-27.3435,40.86,On Belt
69850,-6.4284,-1.1732,-3.2681,-126.8092,-4.9008,-58.3359,40.95,On Belt
69900,-6.1938,-3.7350,-4.6352,-140.3969,-6.4122,-40.2595,40.91,On Belt
69950,-7.9104,-3.8403,-3.6129,-87.0534,-23.5114,-36.0153,40.77,On Belt
70000,-8.6095,-4.2353,-3.8523,5.2366,-29.7710,15.0840,40.72,On Belt
70050,-7.4843,-5.1787,-4.5945,75.9389,-19.3282,39.2672,40.58,On Belt
70100,-5.7509,-4.7621,-6.0669,135.6641,-9.8168,39.0992,40.91,On Belt
70150,-6.1459,-2.4493,-7.1347,176.6260,4.4580,74.9771,40.67,On Belt
70200,-7.1802,-2.8084,-7.2281,209.2061,14.6260,116.1985,40.77,On Belt
70250,-5.6719,-2.9137,-7.4268,222.4733,21.5725,141.9084,40.72,On Belt
70300,-5.5713,-2.0686,-8.3941,225.6183,48.4885,151.6641,40.91,On Belt
70350,-5.9831,-0.3232,-12.5169,242.9160,124.7023,217.1298,40.91,On Belt
70400,-3.9840,1.3886,-7.8099,267.5267,182.9924,214.1527,40.72,On Belt
70450,-4.5083,1.8603,-5.4636,205.5420,214.0458,116.4885,40.44,On Belt
70500,-10.0341,-1.0965,-7.8769,131.4198,119.3130,57.2672,40.86,On Belt
70550,-7.5992,0.7949,-6.1411,54.9160,-10.9771,5.4809,40.67,On Belt
70600,-4.5586,0.3184,-7.8243,-43.5878,-45.9084,-50.1221,40.77,On Belt
70650,-5.6072,-3.3830,-8.2959,-85.3740,-38.3511,-94.5038,40.86,On Belt
70700,-2.0159,2.7940,-7.5202,-74.5496,-25.1145,-72.7023,40.91,On Belt
70750,-8.0876,-1.9537,-5.4755,-26.2290,-1.9237,16.7023,40.77,On Belt
70800,-6.6080,-3.6607,-4.4221,-6.8092,-23.8779,8.4580,40.77,On Belt
70850,-5.8131,-3.8690,-4.5801,17.8931,-60.0763,16.1069,40.86,On Belt
70900,-6.3351,-4.1994,-5.8299,45.4656,-86.1221,17.3893,40.86,On Belt
70950,-6.0358,-3.9672,-7.3119,83.8626,-90.1679,23.8626,40.67,On Belt
71000,-5.8395,-2.1189,-9.0956,83.7252,-76.0153,53.6031,40.91,On Belt
71050,-8.3103,-2.7940,-9.7899,83.9542,-40.4122,35.2824,40.91,On Belt
71100,-10.5943,2.0566,-9.4930,7.9847,-9.0382,-10.9313,40.77,On Belt
71150,-6.5242,2.7797,-4.7094,-110.8244,-16.5038,-12.2443,40.67,On Belt
71200,-4.5538,-3.9361,-4.5538,-135.4504,-4.5802,-39.6183,40.67,On Belt
71250,-4.2377,-1.7980,-3.6296,-138.7786,16.5191,-69.6183,40.44,On Belt
71300,-8.7724,-2.0518,-5.3319,-173.9847,30.6412,-58.5802,40.95,On Belt
71350,-11.6143,-3.6320,-5.3846,-166.7328,11.8779,-39.2672,40.58,On Belt
71400,-8.1163,-3.3543,-5.0135,-152.9313,7.9389,-49.7710,40.77,On Belt
71450,-8.0206,-4.1827,-5.7054,-151.0840,5.5878,-37.2672,40.72,On Belt
71500,-7.8673,-3.4141,-3.7733,-111.9695,-20.2443,-18.1374,40.72,On Belt
71550,-8.0493,-4.1276,-2.7318,-35.2366,-24.0305,-0.1527,40.72,On Belt
71600,-8.1882,-4.3862,-3.2178,20.4733,-7.2824,12.7634,40.77,On Belt
71650,-7.1491,-5.3846,-5.8634,103.2366,0.4733,44.3053,40.91,On Belt
71700,-6.7181,-3.5769,-6.0142,167.6488,10.8855,87.0076,40.58,On Belt
71750,-6.1387,-3.0263,-6.4500,225.8168,23.5573,111.6489,40.53,On Belt
71800,-6.2800,-2.5043,-7.9703,254.6412,40.3359,146.5038,40.67,On Belt
71850,-6.3159,-3.4931,-8.4755,270.8244,44.1832,183.4504,40.72,On Belt
71900,-5.5115,-3.4740,-7.0797,265.9237,30.4733,198.5649,40.72,On Belt
71950,-5.3654,-4.0462,-7.3263,268.5038,11.4809,199.3893,40.72,On Belt
72000,-5.2170,-1.7382,-7.6638,250.4580,28.9160,135.4962,40.67,On Belt
72050,-5.4085,1.0942,-7.5561,150.7328,32.7176,96.3817,40.67,On Belt
72100,-5.1404,1.0199,-7.1778,53.0382,17.9695,35.1450,40.91,On Belt
72150,-5.6336,-1.2091,-7.6638,-25.8626,24.3817,-27.8473,40.67,On Belt
72200,-6.5793,0.1939,-7.7907,-62.0000,45.6489,-41.0382,40.67,On Belt
72250,-8.3797,-0.5914,-5.4396,-62.9160,37.6641,-16.3053,40.53,On Belt
72300,-7.0988,-2.7773,-5.5881,-44.0458,27.7863,-16.7481,40.72,On Belt
72350,-6.3327,-2.7653,-5.8275,-23.8473,32.0153,-19.9847,40.72,On Belt
72400,-7.8650,-2.1045,-5.8155,-3.4046,29.7099,-6.3359,40.72,On Belt
72450,-7.7405,-1.9513,-5.8826,32.6870,22.3206,8.3969,40.58,On Belt
72500,-7.5369,-2.0399,-6.1411,55.8168,8.7939,28.4886,40.72,On Belt
72550,-6.7636,-1.3312,-5.9640,69.0840,2.5954,39.1603,40.72,On Belt
72600,-5.8706,-1.3336,-6.7852,56.9466,4.7634,43.8931,40.91,On Belt
72650,-5.2481,-0.1580,-7.1443,58.4580,30.0000,58.1221,40.86,On Belt
72700,-6.4069,-1.4174,-5.5593,26.4275,32.7481,40.0458,40.72,On Belt
72750,-6.3015,-2.9760,-6.1076,10.1832,17.9847,11.6336,40.91,On Belt
72800,-5.9903,-2.7964,-6.5673,-3.9847,1.1450,-13.5267,40.91,On Belt
72850,-5.7748,-2.3607,-8.1139,10.4275,14.2290,2.6260,40.67,On Belt
72900,-6.0166,-2.0063,-7.4412,30.5344,31.3588,18.4122,40.72,On Belt
72950,-6.2800,-0.9577,-6.6774,21.8321,32.3969,14.6565,40.44,On Belt
73000,-6.8690,-1.5754,-6.6104,-0.7176,17.4962,7.8015,40.72,On Belt
73050,-6.2728,-1.7047,-6.4524,-10.9924,15.1603,7.5420,40.72,On Belt
73100,-6.0501,-1.8172,-6.5673,-3.3740,20.3511,24.1985,40.53,On Belt
73150,-6.1675,-2.3750,-6.3087,19.0992,22.5496,43.3740,40.67,On Belt
73200,-6.2944,-2.5809,-6.2393,39.6489,14.0916,57.2519,40.77,On Belt
73250,-6.7876,-2.4205,-7.1922,47.1298,7.4046,59.3740,40.53,On Belt
73300,-6.2297,-1.6281,-7.2281,37.3130,3.2672,67.0840,40.72,On Belt
73350,-4.7453,-1.7286,-7.0198,30.1679,13.0229,71.9389,40.91,On Belt
73400,-4.6639,-1.9728,-6.5290,31.5420,24.5802,74.8550,40.91,On Belt
73450,-5.4803,-2.0111,-6.3997,37.1756,21.8015,75.8321,40.58,On Belt
73500,-5.9017,-2.1237,-6.9145,44.5038,15.1298,75.2366,40.58,On Belt
73550,-6.1052,-2.3894,-6.9599,47.2519,7.1298,68.9313,40.86,On Belt
73600,-5.4899,-2.2841,-6.8378,47.1450,-7.9237,56.4580,40.44,On Belt
73650,-5.6431,-1.3767,-6.5912,35.9084,-25.2824,37.7710,40.53,On Belt
73700,-5.9783,-1.4341,-6.9025,18.6870,-45.1298,22.2748,40.91,On Belt
73750,-5.8466,-2.3750,-7.1946,10.9313,-60.3664,3.8168,40.67,On Belt
73800,-6.1076,-2.1668,-7.5681,7.7557,-81.8779,-15.5420,40.44,On Belt
73850,-6.5984,-0.9002,-9.0573,-0.4122,-83.9847,-20.5496,40.58,On Belt
73900,-5.8921,1.2426,-7.8673,-26.2595,-51.8168,-10.6718,40.58,On Belt
73950,-7.0150,-1.6496,-6.5793,-62.3511,-48.5496,-23.9695,40.77,On Belt
74000,-5.7293,-2.2817,-5.5689,-73.2519,-43.4351,-59.7252,40.53,On Belt
74050,-6.7780,-0.9744,-5.7293,-102.5038,-16.0611,-86.9313,40.95,On Belt
74100,-7.5729,-0.6704,-5.3893,-121.7863,-0.9466,-73.8779,40.86,On Belt
74150,-5.6527,-1.7406,-4.3574,-131.1145,21.0992,-87.0992,40.39,On Belt
74200,-6.9001,-3.9456,-5.8419,-147.1298,27.2977,-85.6489,40.86,On Belt
74250,-7.2544,-3.9433,-5.6838,-144.1069,14.0305,-68.5343,40.77,On Belt
74300,-7.3717,-3.5554,-5.3750,-140.8397,15.2672,-63.7710,40.86,On Belt
74350,-8.5234,-3.1771,-4.4628,-131.6488,17.5573,-52.5191,40.91,On Belt
74400,-9.6295,-5.3654,-4.9632,-41.7405,-5.5878,6.9160,40.86,On Belt
74450,-7.9033,-4.1252,-2.9377,-7.8321,-4.4122,31.2366,40.91,On Belt
74500,-7.4436,-5.2505,-4.8243,65.0840,-9.6947,47.8626,40.91,On Belt
74550,-5.6192,-4.6136,-5.3726,122.9924,-0.2595,47.3435,40.67,On Belt
74600,-5.9664,-4.5873,-7.2425,158.9160,17.0840,53.0534,40.91,On Belt
74650,-6.9240,-2.2051,-7.4005,205.6641,22.8244,108.4427,40.67,On Belt
74700,-7.1970,-2.9832,-7.5274,223.7863,21.5114,134.3664,40.72,On Belt
74750,-5.9759,-3.4213,-7.3885,217.6183,25.4198,148.3053,40.58,On Belt
74800,-5.6743,-3.2920,-6.9576,216.7634,14.4427,170.3359,40.91,On Belt
74850,-5.7796,-3.8738,-7.2832,213.4962,10.6718,176.4427,40.53,On Belt
74900,-5.3056,-1.4174,-6.8642,185.2214,28.8855,156.5649,40.58,On Belt
74950,-5.5522,-0.4022,-5.9233,117.1145,36.2443,117.4962,40.91,On Belt
75000,-7.6255,-2.9497,-7.4412,33.7252,52.8855,38.5649,40.67,On Belt
75050,-6.5769,-3.1268,-6.2297,9.8015,50.8855,-27.4046,40.77,On Belt
75100,-9.4260,5.4995,-7.6064,-58.3053,38.7176,6.9008,40.72,On Belt
75150,-5.3630,-1.5945,-5.5713,-59.8779,54.9160,-3.3893,40.67,On Belt
75200,-4.5897,-2.3296,-6.1411,-35.3435,77.6641,-15.4809,40.77,On Belt
75250,-7.1682,0.2705,-8.4922,-15.6183,123.2061,39.6641,40.91,On Belt
75300,-8.5760,-0.4764,-7.0797,32.9466,133.9389,50.1527,40.67,On Belt
75350,-7.6854,-1.6831,-6.2153,61.5267,123.7710,44.5802,40.91,On Belt
75400,-6.1627,-2.2960,-6.0861,87.1908,90.7023,68.4580,40.77,On Belt
75450,-4.9297,-1.4988,-6.8881,131.2519,45.3740,110.9160,40.58,On Belt
75500,-3.9840,2.2865,-9.3470,143.8931,59.1145,111.5115,40.91,On Belt
75550,-4.4963,2.1284,-8.0445,67.4809,27.6947,120.8244,40.77,On Belt
75600,-4.7214,-0.7518,-8.6910,-8.5649,-12.9924,106.8397,40.91,On Belt
75650,-3.7421,-4.2353,-8.9112,-14.7023,-8.7023,78.5343,40.58,On Belt
75700,-2.9305,-3.9265,-7.2832,15.0534,2.7023,73.3893,40.77,On Belt
75750,-3.6488,-3.4189,-6.9192,44.6412,-2.5038,72.5496,40.77,On Belt
75800,-4.3622,-1.8842,-7.4986,40.0763,-23.2977,54.5191,40.77,On Belt
75850,-4.4388,-1.2186,-8.3821,10.5038,-47.7405,33.0382,40.86,On Belt
75900,-3.9552,-1.2594,-8.7771,-22.9924,-57.5878,11.6489,40.91,On Belt
75950,-4.0270,-1.8244,-8.4372,-41.4198,-55.2366,-16.1832,40.77,On Belt
76000,-4.3574,-2.5929,-7.8290,-46.6565,-54.9466,-42.9924,40.77,On Belt
76050,-4.9392,-2.4756,-7.0006,-45.7099,-71.6183,-59.6336,40.72,On Belt
76100,-5.0877,-2.4948,-7.2592,-42.8702,-88.2443,-84.4885,40.58,On Belt
76150,-4.3000,-0.4477,-7.5202,-45.3282,-88.7634,-106.2595,40.86,On Belt
76200,-9.2775,0.5722,-9.2129,-47.8168,-59.5725,-28.7939,40.67,On Belt
76250,-7.7381,-2.6959,-7.1754,-63.7557,-45.5573,-59.3130,40.91,On Belt
76300,-8.0445,2.0853,-5.5809,-112.5649,-27.2672,-67.6031,40.86,On Belt
76350,-5.9424,-2.7701,-5.1906,-123.7710,-14.1985,-77.5573,40.86,On Belt
76400,-4.9273,-2.4972,-4.4939,-130.6565,-3.5115,-94.9924,40.86,On Belt
76450,-5.4899,-3.9887,-5.3343,-147.7710,-5.8321,-88.5649,40.58,On Belt
76500,-6.4141,-4.6759,-6.2465,-150.1069,0.5191,-92.9466,40.53,On Belt
76550,-9.6319,-1.5586,-5.8969,-149.0229,1.8321,-47.9389,40.77,On Belt
76600,-10.8242,-3.4477,-3.0909,-93.2366,5.0382,-9.7557,40.72,On Belt
76650,-8.7484,-5.3199,-3.3064,-25.3893,-35.5420,12.0458,40.67,On Belt
76700,-5.9376,-4.9464,-4.9560,40.9924,-36.7176,21.7557,40.72,On Belt
76750,-4.7381,-4.4628,-5.7413,99.1145,0.3817,32.0153,40.77,On Belt
76800,-5.6719,-4.9368,-7.2089,148.9466,38.3359,41.6947,40.72,On Belt
76850,-7.5585,-2.4804,-6.9743,200.5343,35.8779,97.1603,40.67,On Belt
76900,-7.9751,-2.9425,-7.7237,247.7405,24.1374,118.8702,40.67,On Belt
76950,-6.2848,-3.1699,-7.7141,249.7405,20.0458,139.8626,40.86,On Belt
77000,-5.6838,-3.2130,-7.4101,241.3282,19.0840,160.9466,40.72,On Belt
77050,-5.8275,-3.2130,-7.2425,236.3969,14.6870,158.6412,40.67,On Belt
77100,-6.2680,3.1340,-8.0996,127.4046,23.3740,99.9847,40.77,On Belt
77150,-6.9911,1.3001,-7.1635,-23.8168,-8.3664,70.7786,40.53,On Belt
77200,-5.9041,-2.5857,-6.9743,-107.8779,-16.1679,13.7252,40.72,On Belt
77250,-5.0685,-4.2521,-6.0190,-129.9542,12.1374,-42.4580,40.91,On Belt
77300,-5.9424,-5.5665,-6.0717,-125.2977,41.7863,-98.5649,40.72,On Belt
77350,-5.8610,-4.9799,-5.5713,-125.7557,64.9160,-145.0076,40.72,On Belt
77400,-6.9145,-5.5713,-6.2058,-128.6260,74.5649,-178.4580,40.67,On Belt
77450,-11.8705,-3.9169,-8.8657,-128.2290,50.5038,-70.9160,40.86,On Belt
77500,-8.4348,-1.6568,-5.2529,-156.8855,21.7557,-81.1603,40.77,On Belt
77550,-6.4739,-3.9552,-5.2098,-130.4886,-1.0229,-74.1985,40.67,On Belt
77600,-6.6343,-1.6352,-5.7557,-100.4275,-4.7481,-55.6641,40.67,On Belt
77650,-7.7428,-1.5682,-5.1954,-52.9771,9.8015,-8.9618,40.67,On Belt
77700,-8.1690,-1.4413,-5.0829,-13.6031,15.4962,24.5344,40.72,On Belt
77750,-7.2568,-1.3767,-5.4181,26.7939,2.8397,50.3664,40.67,On Belt
77800,-6.1004,-1.2474,-5.5833,54.2137,14.3969,55.7557,40.86,On Belt
77850,-6.6367,-0.8045,-5.7604,71.9237,17.2366,64.1374,40.53,On Belt
77900,-7.1419,0.5028,-6.8139,82.3206,19.8168,73.7252,40.53,On Belt
77950,-7.2496,0.0599,-7.4268,76.4427,24.8092,89.5115,40.72,On Belt
78000,-5.8371,0.1413,-6.8426,79.1298,24.7328,103.3435,40.77,On Belt
78050,-5.5234,0.0742,-7.4364,84.5038,34.9160,108.0916,40.44,On Belt
78100,-5.9903,-0.1125,-7.5920,80.4885,36.5191,104.6718,40.86,On Belt
78150,-5.3558,-0.0575,-7.5202,59.2519,24.2595,82.9160,40.67,On Belt
78200,-5.3079,-0.5219,-7.5226,34.0611,7.1603,58.8092,40.86,On Belt
78250,-4.9536,-1.2354,-6.8474,18.8855,-16.2901,36.7939,40.91,On Belt
78300,-3.7613,0.2873,-7.6399,15.7405,-23.0076,23.3130,40.67,On Belt
78350,-3.7134,-0.1413,-8.6957,5.4656,-13.6489,18.8702,40.39,On Belt
78400,-3.9576,-0.7326,-7.9703,5.1450,-2.1679,9.4046,40.67,On Belt
78450,-4.1252,-0.4908,-7.8602,2.3511,0.4885,-5.6641,40.39,On Belt
78500,-4.6088,-0.2753,-7.9799,-10.3817,-3.1450,-25.8321,40.58,On Belt
78550,-5.5929,-0.1772,-7.0820,-37.0992,-20.1374,-55.2672,40.72,On Belt
78600,-6.3303,-0.8930,-6.5457,-59.1603,-46.8397,-88.6412,40.72,On Belt
78650,-6.3925,0.1365,-6.9168,-76.0458,-60.8550,-114.0916,40.67,On Belt
78700,-6.1411,0.0383,-7.3095,-89.1298,-52.7786,-119.3435,40.67,On Belt
78750,-6.0525,-2.1045,-6.8115,-84.4885,-41.6947,-120.3359,40.67,On Belt
78800,-5.7748,-1.3934,-5.8466,-70.9618,-31.2977,-121.9695,40.67,On Belt
78850,-7.1635,-1.4030,-6.4548,-71.6336,-26.3664,-108.4275,40.72,On Belt
78900,-7.3957,-1.8723,-6.6056,-74.4275,-26.2290,-85.3740,41.05,On Belt
78950,-7.1323,-2.2314,-6.8666,-82.0458,-12.1069,-70.3206,40.58,On Belt
79000,-6.3159,-3.2801,-6.6008,-72.8092,-1.6641,-52.2748,40.44,On Belt
79050,-6.2393,-3.8714,-7.0629,-42.1832,7.9695,-33.6183,40.67,On Belt
79100,-6.8546,-2.9137,-6.8761,0.8397,7.4962,-7.6183,40.77,On Belt
79150,-5.4827,-2.2984,-6.0286,24.7023,16.9771,11.5115,40.67,On Belt
79200,-5.5402,-3.2346,-5.9137,45.9847,25.8015,11.8321,40.95,On Belt
79250,-6.4356,-2.4038,-5.9927,62.3053,3.7557,28.6107,40.72,On Belt
79300,-5.3798,0.5794,-6.7876,63.2977,-9.7863,31.4504,40.77,On Belt
79350,-6.0166,-0.4429,-6.9288,30.2290,-24.4427,20.7786,40.67,On Belt
79400,-7.2089,-1.6520,-7.7476,-39.0076,-56.0763,10.0305,40.67,On Belt
79450,-6.1962,-3.2561,-8.5641,-81.6947,-64.8244,-43.1450,40.53,On Belt
79500,-3.9959,-2.0997,-5.9304,-93.4809,-52.8092,-78.9618,40.67,On Belt
79550,-4.9775,-2.8539,-5.8897,-114.5496,-43.6947,-97.6489,40.58,On Belt
79600,-6.0047,-3.8786,-6.3566,-125.4504,-36.1679,-128.9771,40.67,On Belt
79650,-6.1076,2.5905,-7.3167,-132.0611,-20.2290,-104.6107,40.72,On Belt
79700,-8.2791,-3.0837,-6.7516,-142.1069,-3.5420,-81.7252,40.67,On Belt
79750,-6.8331,-3.7733,-5.9711,-141.2824,-19.5573,-73.8779,40.86,On Belt
79800,-5.5378,-3.2394,-6.3039,-135.6336,-7.2824,-74.1985,40.77,On Belt
79850,-6.7780,-2.9736,-5.5354,-110.0153,-11.0534,-58.0916,40.72,On Belt
79900,-7.0653,-3.3471,-6.0334,-92.5343,-12.2443,-48.7634,40.86,On Belt
79950,-7.8099,-2.5450,-5.7940,-64.3664,-11.3740,-26.9160,40.72,On Belt
80000,-7.1682,-2.1739,-5.7317,-31.1298,-10.4427,1.1756,40.72,On Belt
80050,-6.6607,-2.2649,-5.5522,-0.7328,-7.0076,21.4046,40.77,On Belt
80100,-6.0573,-1.8196,-5.8658,23.0840,7.2824,29.8015,40.91,On Belt
80150,-7.5705,-1.9680,-6.5673,46.4427,13.5878,44.0916,40.67,On Belt
80200,-7.0844,-0.3280,-6.0023,74.7023,3.5725,66.4733,40.77,On Belt
80250,-5.1763,-0.2155,-6.7325,96.3664,17.2061,88.5649,40.67,On Belt
80300,-5.3774,3.3088,-8.6790,104.7023,37.8015,110.5954,40.67,On Belt
80350,-6.2728,1.9058,-8.1882,35.1603,48.1527,90.4580,40.67,On Belt
80400,-4.7214,-0.5339,-6.1411,-29.9237,12.7481,38.0000,40.72,On Belt
80450,-3.9744,-3.0598,-7.1994,-32.7786,-2.7328,-24.6260,40.67,On Belt
80500,-4.6759,-3.5075,-8.4683,-15.1298,7.1450,-94.7481,40.67,On Belt
80550,-4.3766,0.1796,-8.3246,-32.3664,34.3359,-148.1374,40.72,On Belt
80600,-7.4029,0.7949,-8.8035,-75.8626,46.9160,-140.2901,40.58,On Belt
80650,-6.0573,-1.5706,-7.4915,-81.6336,45.6641,-128.4733,40.67,On Belt
80700,-6.1363,-1.4533,-6.2824,-75.3282,38.3664,-107.0534,40.72,On Belt
80750,-6.4260,-1.1923,-6.2776,-56.8855,27.0687,-82.3359,40.58,On Belt
80800,-6.1124,-1.5514,-6.2417,-20.5038,11.1603,-44.4580,40.91,On Belt
80850,-5.4372,-1.6616,-6.3183,19.8168,-0.3817,-7.2672,40.67,On Belt
80900,-4.8530,-1.6065,-6.3518,54.7023,-13.0076,23.0229,40.72,On Belt
80950,-5.3726,-0.9074,-7.0246,75.0534,-32.1527,47.0687,40.72,On Belt
81000,-6.6104,-1.1013,-7.7213,47.9847,-65.1450,44.5038,40.58,On Belt
81050,-6.5074,-1.4916,-7.7548,5.9847,-111.9084,20.6565,40.67,On Belt
81100,-7.5657,-3.7757,-10.0078,11.8473,-130.5343,-17.7557,40.67,On Belt
81150,-5.9999,0.1700,-12.1314,-9.6947,-66.2290,-4.5038,40.67,On Belt
81200,-6.6439,-0.9888,-6.5386,-12.8397,-19.8015,33.3588,40.67,On Belt
81250,-4.9488,-2.0949,-4.5729,-19.5878,-18.9313,1.4656,40.72,On Belt
81300,-5.4061,-1.6161,-3.9696,-46.0458,-5.4504,-28.3664,40.77,On Belt
81350,-8.0397,1.0965,-4.2401,-78.0763,-0.9771,-37.5267,40.58,On Belt
81400,-7.5537,-2.3296,-5.1068,-91.3588,7.5725,-49.2977,40.67,On Belt
81450,-7.0054,-3.0263,-5.0613,-91.2824,3.0534,-54.2595,40.86,On Belt
81500,-7.4699,-2.2170,-5.1380,-90.7634,-0.2748,-49.5267,40.77,On Belt
81550,-7.8769,-2.5450,-4.9680,-65.1756,-15.8626,-39.9542,40.72,On Belt
81600,-7.4412,-2.7054,-4.9584,-32.7481,-28.9618,-32.4580,40.72,On Belt
81650,-7.2425,-2.2817,-5.5617,-2.1374,-35.1298,-15.5420,40.77,On Belt
81700,-7.7572,-2.3727,-5.8323,25.0534,-37.0382,7.5267,40.67,On Belt
81750,-7.1587,-1.9393,-5.9376,47.1603,-35.3130,22.8397,40.67,On Belt
81800,-6.6439,-1.6783,-6.0549,53.2061,-25.1450,37.5267,40.86,On Belt
81850,-7.0988,-2.4612,-6.5410,46.7939,-20.0763,44.2595,40.72,On Belt
81900,-6.0094,-1.4629,-6.4500,49.1450,-9.7252,63.2672,40.67,On Belt
81950,-6.1387,-1.7909,-6.6439,61.4962,12.8397,48.7176,40.86,On Belt
82000,-6.5314,2.3176,-12.6486,50.7328,75.7710,97.2061,40.67,On Belt
82050,-6.0765,-0.2346,-6.3087,31.6031,144.4733,89.0534,40.58,On Belt
82100,-3.2465,-0.5770,-3.3184,16.0916,180.3053,10.8092,40.67,On Belt
82150,-6.7756,-5.5833,-5.9185,30.7481,158.0458,-37.3282,40.72,On Belt
82200,-10.7571,-8.2552,-9.1937,92.3664,104.7176,-89.3893,40.39,On Belt
82250,-9.5864,5.2888,-10.4866,12.8702,42.5954,-64.0916,40.72,On Belt
82300,-5.6671,-0.0144,-6.9647,-40.7328,-3.9084,-62.2748,40.77,On Belt
82350,-5.2026,-2.8491,-4.9344,-49.1145,-41.6489,-74.6260,40.34,On Belt
82400,-5.1667,-3.6966,-4.7262,-40.7634,-68.5038,-92.7786,40.72,On Belt
82450,-3.5099,1.8771,-7.4603,-15.6336,-76.1221,-43.0687,40.67,On Belt
82500,-5.9448,-1.8890,-8.0756,29.8168,-39.6641,20.9924,40.77,On Belt
82550,-6.5027,-3.2441,-5.9424,47.7405,-71.6489,30.3969,40.86,On Belt
82600,-7.3191,-2.1620,-8.0278,20.0458,-115.7710,18.9313,40.72,On Belt
82650,-6.7349,-4.1731,-8.3965,-8.3359,-137.0229,-19.6031,40.95,On Belt
82700,-8.8107,-4.5346,-11.3844,-26.6412,-100.3206,-57.0229,40.44,On Belt
82750,-9.3709,4.9847,-6.3327,-40.8397,16.2290,42.3053,40.86,On Belt
82800,-5.7341,-3.3232,-4.6376,-46.1374,5.5725,15.7557,40.44,On Belt
82850,-1.8100,-0.0575,-1.6424,-71.2977,25.1450,-8.8702,40.58,On Belt
82900,-5.8730,-5.0422,-5.6503,-110.0153,55.9542,-51.4046,40.72,On Belt
82950,-8.5497,-7.5824,-7.1539,-81.3588,63.0840,-118.4427,40.72,On Belt
83000,-8.0493,4.4724,-3.2705,-97.5267,36.7481,-73.8473,40.72,On Belt
83050,-9.7061,-2.1596,-5.6072,-93.6031,22.5649,-73.6641,40.67,On Belt
83100,-6.8714,-2.3248,-4.3383,-69.8779,-17.6947,-49.0076,40.72,On Belt
83150,-6.2417,-2.6456,-5.5785,-21.5725,-40.8397,-32.7634,40.72,On Belt
83200,-7.2832,-2.1548,-6.4979,30.1374,-38.6565,20.2443,40.77,On Belt
83250,-6.9168,-2.6647,-6.9240,70.0611,-31.5420,45.4962,40.44,On Belt
83300,-5.7461,-2.1596,-6.6487,96.3664,-32.3969,69.3130,40.77,On Belt
83350,-6.3159,-2.7126,-7.5130,106.9313,-39.3282,94.0458,40.91,On Belt
83400,-4.7956,-0.2035,-8.3629,124.7481,-24.4427,116.0000,40.58,On Belt
83450,-6.6607,-2.4349,-8.1570,93.9084,8.7786,112.0458,40.67,On Belt
83500,-4.1180,1.7262,-11.5831,69.8626,106.4275,145.9542,40.53,On Belt
83550,-4.8147,-0.4501,-5.8323,86.9313,179.5573,66.5343,40.67,On Belt
83600,-4.6328,-1.7214,-3.8954,74.1221,168.9466,27.3130,40.86,On Belt
83650,-9.8713,-0.8284,-9.4044,91.6947,100.9160,-18.8550,40.72,On Belt
83700,-8.1499,3.7996,-8.2361,7.2061,49.0229,-37.7099,40.77,On Belt
83750,-5.7964,-0.1748,-6.0214,-61.8626,2.9008,-61.6336,40.67,On Belt
83800,-4.5370,-2.3679,-5.0015,-64.0153,-34.9618,-76.0916,40.91,On Belt
83850,-3.8140,-0.7614,-6.2489,-41.7863,-43.6489,-55.3740,40.67,On Belt
83900,-5.9233,-2.3583,-6.7971,4.7481,-36.8550,-13.1908,40.53,On Belt
83950,-5.5234,-1.8603,-7.1251,47.4809,-67.6031,32.5802,40.58,On Belt
84000,-6.3039,-2.3846,-8.2001,81.9084,-78.8550,54.1069,40.58,On Belt
84050,-6.0430,-1.6257,-8.8131,43.4046,-110.3511,35.0076,40.86,On Belt
84100,-8.4922,-4.3958,-11.2911,19.8168,-115.4657,-12.5344,40.67,On Belt
84150,-5.4779,6.6942,-12.7635,-67.9542,-15.4198,-23.3893,40.72,On Belt
84200,-7.7572,-0.1317,-5.2529,-110.4733,-18.7939,-0.1985,40.53,On Belt
84250,-3.9887,-2.4517,-3.9600,-99.8015,-11.7863,-39.0687,40.53,On Belt
84300,-3.7421,-2.3727,-3.5243,-135.5573,2.3664,-56.7939,40.67,On Belt
84350,-6.8761,-5.8371,-6.2752,-144.2290,22.3817,-116.0458,40.67,On Belt
84400,-9.1099,-1.1277,-5.3989,-126.2443,-15.6183,-95.9542,40.53,On Belt
84450,-7.0390,-1.7286,-4.5490,-124.6260,-19.1450,-95.2214,40.67,On Belt
84500,-6.8929,-1.7166,-4.2593,-118.2137,-24.6107,-84.0916,40.67,On Belt
84550,-7.1036,-2.9401,-5.8131,-64.3969,-48.7176,-51.7099,40.53,On Belt
84600,-6.6535,-3.0550,-5.6503,-27.3130,-31.4351,-28.1832,40.77,On Belt
84650,-6.8139,-2.8132,-6.1962,27.4809,-23.8626,-1.8473,40.67,On Belt
84700,-7.2137,-1.7238,-5.3630,54.1832,-18.1832,24.3969,40.58,On Belt
84750,-7.7093,-2.7509,-6.1627,65.0534,-20.9008,34.5038,40.44,On Belt
84800,-6.8019,-2.2505,-6.9528,69.2977,-26.6718,61.9847,40.53,On Belt
84850,-5.6479,-2.1452,-6.6295,90.0000,-2.5191,54.7176,40.67,On Belt
84900,-6.1890,1.9656,-12.3852,96.4122,49.6641,108.7023,40.39,On Belt
84950,-7.3239,1.1660,-7.3574,83.8626,145.8473,145.0687,40.67,On Belt
85000,-4.0462,0.5531,-4.5681,66.3206,193.5725,67.9084,40.86,On Belt
85050,-6.2632,-3.5314,-4.9201,54.7328,171.6947,12.7939,40.95,On Belt
85100,-10.3549,-3.6919,-7.1371,96.1985,101.6336,-38.3511,40.77,On Belt
85150,-7.5058,4.0965,-9.1889,12.5802,40.3206,-52.7481,40.53,On Belt
85200,-5.3678,-0.0886,-7.4843,-30.0916,20.9160,-61.6794,40.58,On Belt
85250,-4.7477,-1.4653,-5.5713,-41.1450,-6.9466,-66.8244,40.58,On Belt
85300,-4.3862,-1.8459,-5.6695,-31.5267,-26.4733,-60.9313,40.77,On Belt
85350,-6.4931,-0.6153,-5.7341,-9.7863,-50.6107,-20.5649,40.72,On Belt
85400,-4.7477,-2.7557,-7.0246,29.6794,-81.2824,20.9924,40.53,On Belt
85450,-5.5929,-4.1922,-6.9911,72.1221,-98.3511,35.4809,40.53,On Belt
85500,-5.9233,-3.3375,-9.3733,77.6794,-125.1603,35.0229,40.67,On Belt
85550,-6.4236,-3.3088,-11.1426,53.7710,-134.1679,14.0305,40.67,On Belt
85600,-8.4228,1.3168,-14.2024,8.3206,-79.4046,-5.9389,40.67,On Belt
85650,-6.5601,1.7573,-8.5425,-110.5191,15.3893,-9.2061,40.72,On Belt
85700,-4.6855,-2.6647,-4.5586,-120.5191,12.0611,-34.6107,40.67,On Belt
85750,-3.1771,-1.4413,-3.2346,-114.5802,17.1298,-67.8931,40.72,On Belt
85800,-5.5641,-4.2042,-5.4851,-156.5191,31.8015,-92.4427,40.67,On Belt
85850,-9.0357,-6.7253,-7.6519,-145.2672,40.0763,-147.5725,40.58,On Belt
85900,-8.1403,-1.1708,-4.8602,-147.9847,-3.6183,-106.4885,40.58,On Belt
85950,-7.5250,-0.5507,-4.0845,-155.0076,-3.2214,-97.3282,40.67,On Belt
86000,-8.7005,-4.0965,-5.2122,-92.7176,-35.6947,-41.6489,40.67,On Belt
86050,-6.3853,-3.7709,-5.0709,-25.9542,-40.6718,-14.6107,40.53,On Belt
86100,-5.9520,-4.0414,-5.8442,47.3282,-16.9160,26.1832,40.67,On Belt
86150,-5.9065,-3.8475,-5.7461,121.3893,-5.7405,56.7786,40.77,On Belt
86200,-6.2249,-2.6959,-6.7732,168.8092,-1.4351,73.9084,40.67,On Belt
86250,-7.7883,-1.5347,-8.0924,182.8550,-10.7634,118.8855,40.67,On Belt
86300,-6.0645,-2.3703,-7.9368,182.8244,-0.8550,146.9008,40.72,On Belt
86350,-5.2553,-2.4110,-6.5146,189.9084,-2.2137,134.7481,40.67,On Belt
86400,-7.8697,-1.0223,-10.7356,143.4962,5.5420,122.8092,40.72,On Belt
86450,-5.1451,4.7142,-12.0333,55.8168,84.1527,131.6641,40.67,On Belt
86500,-4.3814,-0.7542,-5.6623,17.3588,136.8550,92.8397,40.77,On Belt
86550,-2.7988,-1.4245,-3.1939,10.4427,159.2366,29.0534,40.77,On Belt
86600,-8.3510,-6.4476,-7.2161,46.4580,132.2290,-25.5725,40.44,On Belt
86650,-12.4068,6.8115,-10.0940,18.5954,53.8321,24.5802,40.77,On Belt
86700,-6.1076,-0.1748,-7.5513,20.6412,54.8855,20.0916,40.86,On Belt
86750,-4.8554,-0.5770,-5.6647,18.0458,21.4504,7.2214,40.91,On Belt
86800,-4.4843,-1.2761,-4.8123,-2.0153,-18.4427,-1.6336,40.77,On Belt
86850,-5.0733,-3.0382,-5.6383,7.6947,-53.4504,-17.5420,40.72,On Belt
86900,-5.2720,-0.5100,-8.0182,34.4427,-59.9695,25.7405,40.67,On Belt
86950,-5.4875,-1.8292,-7.2233,58.0305,-70.4122,57.5878,40.86,On Belt
87000,-6.4500,-2.7366,-6.9408,52.9924,-104.3206,49.8473,40.58,On Belt
87050,-7.3526,-2.9688,-8.5401,26.9618,-139.9542,19.8321,40.67,On Belt
87100,-6.4524,-1.9513,-9.9934,34.2137,-134.2137,-24.5344,40.72,On Belt
87150,-7.3071,1.2665,-12.7395,-2.2443,-20.9313,-1.8015,40.53,On Belt
87200,-7.8985,1.1085,-5.1092,-42.2290,10.7023,15.5573,40.58,On Belt
87250,-3.9385,-2.6145,-4.2042,-65.9542,17.1908,-14.8855,40.77,On Belt
87300,-3.7014,-2.3032,-3.5291,-76.5191,47.8321,-55.8473,40.77,On Belt
87350,-8.5545,-1.2282,-4.9895,-113.0229,61.5115,-61.1603,40.72,On Belt
87400,-10.6757,-2.9305,-6.1746,-101.1603,41.6031,-60.6870,40.72,On Belt
87450,-8.2672,-3.0239,-5.7221,-101.5878,30.1221,-60.3817,40.72,On Belt
87500,-8.0182,-3.2034,-4.6831,-96.8244,22.7786,-42.0916,40.53,On Belt
87550,-7.4077,-2.6193,-5.0829,-88.5802,11.1603,-20.6412,40.58,On Belt
87600,-8.8346,-2.6049,-4.1444,-45.5878,3.8473,5.8321,40.72,On Belt
87650,-8.5665,-4.3048,-4.6687,9.1450,-14.8092,37.9084,40.72,On Belt
87700,-6.2153,-4.7070,-5.5593,87.4504,-28.0458,62.7939,40.77,On Belt
87750,-5.0877,-3.9552,-7.0509,147.5573,-11.0076,86.1069,41.05,On Belt
87800,-5.9520,-2.8994,-7.2712,184.9771,-2.4580,121.6489,40.53,On Belt
87850,-5.0781,-2.4349,-8.5138,221.0840,13.4809,154.5802,40.67,On Belt
87900,-6.0932,-3.7565,-8.0804,216.1985,16.1221,188.6565,40.72,On Belt
87950,-5.2122,-2.7198,-7.2377,233.5420,4.5191,173.5420,40.67,On Belt
88000,-6.2201,0.9744,-8.6455,141.8015,29.2519,139.8473,40.58,On Belt
88050,-5.1978,-1.0032,-6.3470,70.6260,20.9618,101.7863,40.58,On Belt
88100,-4.4819,-2.3990,-5.8059,38.2290,28.6260,47.8015,40.53,On Belt
88150,-5.1308,-2.9616,-6.7493,38.7176,39.0382,3.6794,40.72,On Belt
88200,-7.2760,3.9025,-8.6335,28.0611,67.7863,26.5649,40.58,On Belt
88250,-8.8490,-0.4860,-6.0190,-1.5115,60.7786,42.9924,40.77,On Belt
88300,-7.0078,-1.5706,-6.3015,5.7252,47.5725,44.1679,40.86,On Belt
88350,-5.5498,-1.2258,-6.9001,44.1527,63.0534,68.7023,40.72,On Belt
88400,-5.5234,-1.8172,-6.8714,90.4885,77.2214,88.0611,40.77,On Belt
88450,-5.5833,-0.2274,-7.0413,128.3817,76.6260,95.1756,40.77,On Belt
88500,-6.1651,1.0367,-7.6351,101.9695,56.7023,85.5725,40.67,On Belt
88550,-8.1283,-0.9361,-8.4539,34.6565,3.7099,54.7786,40.67,On Belt
88600,-6.5362,-1.3479,-8.4779,-26.1069,-33.3588,23.9389,40.72,On Belt
88650,-3.7350,1.2522,-8.2552,-43.6489,-22.4580,46.2137,40.77,On Belt
88700,-4.3000,-1.7214,-6.2417,-17.6031,1.2672,75.6489,40.53,On Belt
88750,-5.6934,-2.1237,-5.5162,17.0534,-1.1603,90.2595,40.67,On Belt
88800,-7.1515,-2.6600,-7.3119,59.0382,-13.6031,106.0305,40.39,On Belt
88850,-7.5753,0.3807,-8.1762,72.4122,-22.3817,116.8244,40.72,On Belt
88900,-5.1691,0.0144,-6.4643,43.7710,-28.5802,104.5802,40.58,On Belt
88950,-4.8052,-0.9720,-5.8466,11.8626,-49.4656,59.6794,40.53,On Belt
89000,-4.4388,-1.6041,-6.1986,-0.4427,-62.2595,13.3130,40.34,On Belt
89050,-4.7884,-1.6688,-7.3215,16.4886,-51.3130,-4.1832,40.72,On Belt
89100,-6.2800,-1.5586,-7.0844,52.7328,-30.3206,1.8015,40.44,On Belt
89150,-6.3782,-0.9361,-7.4747,73.5420,-33.8779,7.3893,40.72,On Belt
89200,-6.2441,0.3208,-8.1307,67.9542,-39.2519,-0.4122,40.39,On Belt
89250,-5.9113,0.7853,-8.2839,25.6336,-43.3282,-20.9924,40.67,On Belt
89300,-7.5944,0.7805,-8.5808,-25.5114,-53.9542,-51.6641,40.86,On Belt
89350,-8.6359,1.6185,-7.3717,-90.5038,-58.0305,-67.3740,40.77,On Belt
89400,-6.9815,-1.5347,-6.0358,-133.7099,-47.9695,-100.0305,40.72,On Belt
89450,-6.9743,-0.0503,-4.9991,-155.4198,-40.3206,-76.6565,40.67,On Belt
89500,-5.8873,-2.3703,-4.9847,-169.9542,-3.2519,-92.1985,40.72,On Belt
89550,-7.8841,-2.4110,-4.7333,-167.1450,-6.2748,-84.9924,40.72,On Belt
89600,-7.4747,-2.8706,-4.7573,-160.3969,-14.2595,-75.9542,40.53,On Belt
89650,-7.6878,-2.9042,-4.8076,-159.7863,-12.9618,-59.3588,40.44,On Belt
89700,-9.2105,-4.4891,-4.3455,-100.3206,-10.6412,-14.2137,40.72,On Belt
89750,-7.7812,-4.5370,-3.6895,-47.4504,-4.5649,19.2977,40.53,On Belt
89800,-7.2257,-4.9464,-2.9975,9.0992,12.8092,19.4351,40.77,On Belt
89850,-7.9152,-4.7190,-3.3615,72.4427,15.4504,20.0763,40.72,On Belt
89900,-7.4508,-4.1061,-4.7860,129.6488,20.6565,29.5114,40.67,On Belt
89950,-6.9216,-3.5338,-5.8921,167.9084,37.9389,45.4504,40.72,On Belt
90000,-8.0278,-2.6073,-6.4931,199.2672,37.3435,82.3053,40.77,On Belt
90050,-7.7093,-2.1644,-6.3494,213.7099,31.3588,92.7176,40.39,On Belt
90100,-7.2520,-2.4948,-6.8594,206.7023,28.9924,103.8626,40.67,On Belt
90150,-6.6367,-2.7821,-6.8642,203.7710,25.8015,112.3664,40.67,On Belt
90200,-6.2441,-2.3200,-6.6798,195.2519,27.0992,115.0992,40.67,On Belt
90250,-7.0725,0.2394,-6.3446,154.9160,35.3588,92.6870,40.86,On Belt
90300,-7.2329,-0.1030,-6.5769,45.2214,14.9771,60.5649,40.34,On Belt
90350,-6.8618,-2.3224,-5.9616,-33.6183,-2.7634,27.2366,40.95,On Belt
90400,-6.6726,-4.0654,-5.9903,-55.7405,-4.5496,-14.5191,40.58,On Belt
90450,-5.5210,-3.3040,-5.2816,-56.9160,-7.8931,-33.2977,40.67,On Belt
90500,-5.7844,0.7278,-6.7109,-61.5420,26.5038,-10.1679,40.72,On Belt
90550,-9.0501,-0.9697,-6.4979,-73.3130,65.4962,9.2214,40.77,On Belt
90600,-8.9615,-0.7159,-5.3582,-65.3435,56.5191,31.9084,40.77,On Belt
90650,-7.5537,-0.0790,-4.2258,-49.8015,50.3817,36.8550,40.67,On Belt
90700,-7.7141,-0.0479,-5.7772,-29.5573,57.7863,39.8779,40.39,On Belt
90750,-7.8027,1.1851,-7.5872,-6.9313,85.9847,83.8168,40.53,On Belt
90800,-7.6183,-1.2665,-6.3446,33.2977,111.8168,84.6412,40.44,On Belt
90850,-6.0717,0.1844,-4.4077,59.0534,120.7328,61.9084,40.67,On Belt
90900,-7.1682,0.7494,-4.3191,89.3130,81.8015,76.0000,40.58,On Belt
90950,-6.1675,1.0870,-7.8506,136.3206,46.8397,111.7405,40.39,On Belt
91000,-5.2481,1.4844,-7.9440,161.0840,44.2595,122.5191,40.77,On Belt
91050,-6.0717,2.4517,-7.8530,71.0076,14.1374,99.2061,40.39,On Belt
91100,-5.8993,0.1748,-6.0908,-9.0992,-56.8244,55.6183,40.53,On Belt
91150,-6.2608,-3.1651,-6.8546,-26.3817,-119.6489,11.6947,40.67,On Belt
91200,-6.4045,-4.1587,-6.8450,-4.7481,-157.8015,-33.5878,40.58,On Belt
91250,-3.4022,2.6240,-10.2496,23.2214,-159.6031,-22.0305,40.67,On Belt
91300,-5.0039,-0.8140,-10.2185,59.7710,-69.1450,24.9924,40.72,On Belt
91350,-5.4444,-0.7997,-7.1275,40.5649,-51.9237,19.8779,40.72,On Belt
91400,-6.0597,-1.2426,-7.6974,0.5802,-69.3282,-5.3740,40.53,On Belt
91450,-5.5569,-0.2370,-8.4491,-25.2824,-63.5267,-24.1221,40.72,On Belt
91500,-9.3374,0.8260,-7.8075,-48.6107,-42.7176,-35.6031,40.67,On Belt
91550,-10.1658,2.1787,-5.7030,-109.3588,-57.8321,-47.0992,40.67,On Belt
91600,-6.9456,-0.8523,-4.7525,-163.5420,-63.4046,-61.0687,40.58,On Belt
91650,-5.9304,-0.5291,-3.9983,-171.6641,-52.3206,-72.2137,40.67,On Belt
91700,-5.3271,-2.3320,-4.8602,-202.2901,-16.5344,-102.3359,40.39,On Belt
91750,-7.5776,-2.8036,-5.4755,-222.0916,-4.5038,-111.9847,40.44,On Belt
91800,-9.1985,-2.0279,-4.9153,-214.5802,-22.5649,-76.1832,40.58,On Belt
91850,-7.7285,-3.5745,-5.3079,-206.8397,-16.2595,-58.5802,40.34,On Belt
91900,-8.9016,-4.9273,-3.5219,-167.0840,-16.9618,-40.3664,40.58,On Belt
91950,-8.8322,-5.5498,-3.7469,-96.4885,-22.7328,-22.9160,40.44,On Belt
92000,-7.9464,-5.2241,-3.6248,-37.6641,-23.2061,7.5725,40.67,On Belt
92050,-5.7820,-4.2066,-2.5139,16.0305,5.2061,2.5038,40.67,On Belt
92100,-6.3279,-4.8698,-4.1348,62.0763,39.1603,-13.8473,40.58,On Belt
92150,-8.0302,-4.6591,-4.9153,119.3588,57.9237,-8.2290,40.58,On Belt
92200,-10.0916,-1.7669,-4.1132,171.1603,48.4580,55.9084,40.67,On Belt
92250,-9.4882,-2.9736,-5.7820,212.8855,32.4580,80.2137,40.72,On Belt
92300,-8.1858,-1.8124,-6.3973,216.5954,8.3053,102.0763,40.53,On Belt
92350,-7.5848,-2.9185,-7.2616,202.5343,1.0382,107.4504,40.77,On Belt
92400,-7.7476,-1.7023,-7.5824,181.8931,-9.1450,126.0458,40.53,On Belt
92450,-5.4636,0.9457,-7.4029,137.4198,16.0305,97.0076,40.39,On Belt
92500,-5.9568,2.4445,-7.5274,6.3359,43.0382,62.4427,40.39,On Belt
92550,-9.1961,0.5195,-7.6207,-81.8168,41.7557,2.6260,40.91,On Belt
92600,-9.2392,2.3703,-6.0454,-139.3282,23.1756,-10.6412,40.67,On Belt
92650,-8.0397,0.8475,-5.6719,-177.3130,19.1450,-15.8015,40.77,On Belt
92700,-4.2377,-0.7446,-5.8897,-188.5191,42.3206,-24.9160,40.44,On Belt
92750,-4.1132,-2.2218,-6.2130,-175.5878,93.4046,-36.9008,40.58,On Belt
92800,-8.0445,-3.1963,-5.9879,-142.7176,98.6870,-60.7176,40.72,On Belt
92850,-8.8083,-1.8004,-5.7030,-112.1374,89.8626,-57.4198,40.77,On Belt
92900,-9.1889,-0.0335,-4.8554,-71.8473,87.0840,-41.6489,40.86,On Belt
92950,-7.1443,-0.9625,-5.9927,-11.9847,101.9542,-19.0076,40.72,On Belt
93000,-7.2353,-0.1628,-4.8866,32.6870,116.8855,-12.0000,40.39,On Belt
93050,-7.6399,0.3567,-4.3000,64.7176,83.4809,8.5954,40.58,On Belt
93100,-7.5753,1.0032,-4.6256,88.7176,34.9771,30.7176,40.39,On Belt
93150,-5.3343,-0.5578,-7.0054,122.3359,1.0534,60.7939,40.44,On Belt
93200,-4.9799,-0.4717,-7.4699,155.7252,-14.0458,75.5267,40.58,On Belt
93250,-5.8227,2.1308,-8.7724,107.2519,-49.4351,57.7099,40.44,On Belt
93300,-5.5210,1.2378,-10.0748,8.0458,-111.6794,27.9542,40.72,On Belt
93350,-4.2138,-1.5969,-11.6406,-38.8092,-120.3206,-6.1985,40.67,On Belt
93400,-7.8314,-3.5075,-11.7148,-32.9008,-91.3435,-68.1069,40.72,On Belt
93450,-8.1307,5.1475,-10.0030,-117.8626,-38.5344,-47.2061,40.58,On Belt
93500,-5.7174,-2.8108,-6.3279,-120.5802,-25.3130,-52.9313,40.95,On Belt
93550,-3.9456,-0.7997,-2.8802,-120.9771,-14.6412,-86.8244,40.67,On Belt
93600,-4.5226,-2.7390,-3.9935,-138.4427,-8.3206,-105.0840,40.58,On Belt
93650,-7.1563,-2.8754,-5.8897,-153.5114,5.9847,-129.8931,40.72,On Belt
93700,-8.9591,-2.0399,-5.5474,-134.3664,-13.5420,-104.0458,40.39,On Belt
93750,-8.4324,-1.7382,-4.1635,-107.4046,-9.9389,-79.1298,40.53,On Belt
93800,-8.1235,-3.2633,-3.8116,-66.7939,-15.1756,-43.6336,40.67,On Belt
93850,-7.4699,-2.9233,-3.1053,-16.4733,-21.5573,-21.0382,40.53,On Belt
93900,-7.0366,-4.0199,-4.7740,46.7481,-10.0153,-3.2519,40.39,On Belt
93950,-7.4268,-3.1795,-5.4181,105.8931,-11.8015,16.8244,40.72,On Belt
94000,-7.6806,-2.0997,-6.5290,150.0763,-7.5725,52.9618,40.67,On Belt
94050,-7.9487,-1.7190,-6.9216,171.5114,-5.3130,84.6260,40.58,On Belt
94100,-7.1874,-2.1859,-7.2089,171.8626,-4.1374,99.0534,40.67,On Belt
94150,-6.9552,-1.4150,-6.8043,167.2061,-5.2672,96.1374,40.39,On Belt
94200,-7.0653,0.2394,-7.1539,107.4351,-12.8397,88.4885,40.44,On Belt
94250,-6.2321,0.8715,-8.1020,37.7710,1.6794,47.1145,40.58,On Belt
94300,-6.2704,0.6943,-10.8649,-37.1298,32.4122,39.7863,40.67,On Belt
94350,-6.9815,0.0503,-7.0701,-79.6489,122.8855,57.5115,40.72,On Belt
94400,-5.0709,-1.5658,-4.8123,-87.2824,170.2901,-15.6031,40.44,On Belt
94450,-7.6902,-4.6160,-6.4212,-95.3435,175.0992,-57.2519,40.67,On Belt
94500,-11.8705,0.1484,-7.0964,-75.2824,120.8855,-35.4656,40.44,On Belt
94550,-9.8785,1.5419,-5.1499,-67.9695,74.7176,-24.4275,40.39,On Belt
94600,-5.3199,-1.1157,-5.8395,-50.6718,62.8550,-23.2977,40.67,On Belt
94650,-5.7964,-1.0271,-4.2473,-5.7405,40.9771,-7.4962,40.39,On Belt
94700,-5.7054,0.4166,-4.8195,30.1221,10.1679,9.8779,40.44,On Belt
94750,-5.0111,-0.9026,-6.0621,67.6947,-10.0763,41.8473,40.67,On Belt
94800,-4.7070,-0.8475,-7.3550,127.0840,-23.4198,78.9313,40.44,On Belt
94850,-4.5059,0.6033,-8.5281,168.4886,-32.9466,107.4351,40.53,On Belt
94900,-6.4236,0.9864,-7.8673,116.6870,-72.1679,110.5954,40.58,On Belt
94950,-8.1906,-0.3663,-9.1315,36.3969,-147.9237,77.2214,40.39,On Belt
95000,-8.6407,-3.8882,-11.6550,9.2672,-200.6260,-9.4809,40.39,On Belt
95050,-9.5313,-2.8659,-11.1594,-56.6718,-176.4122,-78.2595,40.53,On Belt
95100,-4.2138,3.0167,-9.3158,-87.7557,-31.8015,31.2061,40.39,On Belt
95150,-6.0071,-0.6584,-3.6152,-58.4275,16.5344,-13.5878,40.44,On Belt
95200,-3.7685,-2.5331,-3.8666,-75.7405,23.0534,-17.5725,40.39,On Belt
95250,-3.7445,-2.7557,-3.8188,-95.1298,51.9084,-54.9008,40.72,On Belt
95300,-8.1068,-7.1443,-7.4148,-106.8702,90.9466,-119.7405,40.44,On Belt
95350,-11.4682,-1.7693,-6.4308,-85.6794,30.0916,-41.7252,40.72,On Belt
95400,-8.6742,-0.7590,-4.7238,-78.9771,43.1603,-46.0763,40.44,On Belt
95450,-7.8290,-3.3375,-3.5913,-63.3740,16.6565,-23.1603,40.67,On Belt
95500,-6.9839,-3.6129,-3.4524,-0.0458,-18.7328,-14.1374,40.58,On Belt
95550,-7.0318,-4.0630,-5.3750,43.5420,-24.2137,-13.3435,40.95,On Belt
95600,-7.3430,-2.6360,-6.2537,95.0382,-23.7557,22.8244,40.44,On Belt
95650,-7.3478,-0.4357,-6.0118,121.3588,-20.3817,59.6183,40.72,On Belt
95700,-7.5178,-1.9273,-6.6248,129.1756,-15.1298,86.1679,40.67,On Belt
95750,-6.4165,-3.3184,-7.1323,134.1221,-17.3130,98.6870,40.39,On Belt
95800,-5.9975,-2.8730,-6.5864,143.4657,-18.0458,97.9237,40.34,On Belt
95850,-6.5912,-0.3184,-7.6758,113.9695,-17.1603,96.9466,40.39,On Belt
95900,-6.5338,0.6297,-7.6614,39.8473,-24.0458,85.6336,40.67,On Belt
95950,-5.9424,-1.3336,-6.6511,-29.9695,-20.1985,30.4886,40.67,On Belt
96000,-5.6240,3.7493,-15.0116,-27.5878,29.0992,30.4733,40.53,On Belt
96050,-7.6830,2.0231,-5.9376,-78.8702,117.2824,58.5954,40.34,On Belt
96100,-4.3239,-1.0295,-4.2258,-59.8626,153.8931,4.5344,40.58,On Belt
96150,-4.3646,-4.2066,-3.8571,-57.5878,165.6488,-53.1756,40.77,On Belt
96200,-10.3597,-0.3950,-7.1132,-9.7405,147.3130,-92.9771,40.44,On Belt
96250,-12.7850,4.1755,-6.4428,-61.3282,57.6794,-37.5573,40.34,On Belt
96300,-5.7940,-0.4214,-6.6367,-38.0458,72.4275,-38.2137,40.58,On Belt
96350,-5.4803,-1.7765,-4.9249,-2.4275,55.4656,-28.3817,40.67,On Belt
96400,-4.6424,0.0503,-5.2840,42.0458,21.4504,-8.5954,40.67,On Belt
96450,-4.8842,0.7446,-7.9535,84.1069,7.2977,43.9084,40.67,On Belt
96500,-5.1787,0.8859,-7.8913,122.7939,-9.2672,72.1221,40.39,On Belt
96550,-5.7628,1.1396,-6.5553,64.7786,-60.9466,49.7863,40.20,On Belt
96600,-7.2808,-0.3160,-7.1850,-4.4733,-151.4046,15.5573,40.44,On Belt
96650,-6.8618,-2.7031,-9.8450,-29.1450,-192.4580,-50.8855,40.58,On Belt
96700,-4.5610,1.8220,-12.7084,-11.5725,-161.8473,-4.5344,40.67,On Belt
96750,-7.7117,-1.6855,-10.2448,43.7405,-78.3817,-6.1832,40.58,On Belt
96800,-7.8243,-1.3336,-8.1714,-10.4275,-25.0229,-21.4351,40.25,On Belt
96850,-8.3534,2.4828,-3.8451,-57.0992,-3.0076,11.5725,40.06,On Belt
96900,-5.3726,-1.2163,-3.8906,-64.9313,-3.5267,-50.6107,40.72,On Belt
96950,-5.3247,-1.6735,-4.1851,-107.6947,5.8473,-57.5573,40.44,On Belt
97000,-6.1651,-2.3272,-4.9009,-133.1298,34.3511,-90.0611,40.58,On Belt
97050,-8.9112,-4.0797,-6.2968,-127.8626,29.8626,-111.6031,40.67,On Belt
97100,-8.5712,-1.8866,-5.0398,-124.9466,0.7634,-94.2595,40.67,On Belt
97150,-8.4228,-2.0375,-4.7190,-116.9618,-10.6565,-76.0305,40.53,On Belt
97200,-8.8442,-1.6089,-3.6871,-94.8550,-33.2824,-51.0076,40.58,On Belt
97250,-6.8809,-2.8611,-4.9416,-37.9847,-31.4809,-22.4733,40.77,On Belt
97300,-7.2472,-3.2968,-4.6711,7.5725,-15.9084,-2.1679,40.77,On Belt
97350,-8.2049,-2.7390,-4.8171,69.6641,-9.2519,27.2672,40.67,On Belt
97400,-7.2951,-2.7461,-5.5593,117.4809,-11.9389,55.8015,40.53,On Belt
97450,-6.7133,-2.3032,-5.7844,151.9237,1.0992,67.1450,40.72,On Belt
97500,-7.9344,-2.3631,-6.8618,157.3893,6.6107,81.0382,40.44,On Belt
97550,-8.2720,-2.4924,-7.5250,183.5878,1.4504,110.1679,40.53,On Belt
97600,-6.9719,-2.9113,-7.6231,206.6870,7.9847,127.1450,40.44,On Belt
97650,-6.0310,0.4788,-8.3007,176.4733,47.6183,117.3130,40.25,On Belt
97700,-6.5146,4.6471,-9.2344,81.5267,66.5038,116.2137,40.67,On Belt
97750,-6.0478,2.9161,-6.5601,-35.3893,78.9618,97.7405,40.53,On Belt
97800,-4.2090,-1.4030,-4.9895,-56.0000,104.3664,42.7786,40.91,On Belt
97850,-5.5498,-3.3136,-4.8028,-43.4962,114.5343,-14.6870,40.53,On Belt
97900,-9.3996,-0.0670,-8.5353,-12.9771,104.4733,-18.8550,40.39,On Belt
97950,-10.1993,2.9161,-6.6152,-18.9466,71.6183,7.8321,40.67,On Belt
98000,-5.6096,-0.9242,-5.7892,0.5496,78.8244,-4.1069,40.53,On Belt
98050,-5.4037,-0.0144,-4.6112,12.8702,53.6183,-19.0992,40.67,On Belt
98100,-5.7221,0.2777,-5.8562,9.1603,11.7557,-24.6718,40.39,On Belt
98150,-5.3463,0.6105,-6.7493,13.1756,-9.2824,-15.8321,40.53,On Belt
98200,-5.0709,-0.0551,-6.7516,27.3435,-31.0382,-8.3206,40.67,On Belt
98250,-4.9775,0.0646,-7.0270,26.2443,-55.2214,-9.7405,40.44,On Belt
98300,-5.1284,-0.5986,-7.1347,20.7786,-80.9618,-21.1145,40.58,On Belt
98350,-4.7046,0.4046,-7.9703,9.1298,-88.8244,-22.6718,40.58,On Belt
98400,-4.5035,0.4405,-10.2615,15.8779,-68.1069,-6.3359,40.67,On Belt
98450,-7.9679,-1.6041,-9.1099,13.4809,-57.4656,-35.1603,40.44,On Belt
98500,-10.0892,-1.3288,-8.2887,-53.8626,-83.9237,-88.2748,40.34,On Belt
98550,-8.4443,6.2058,-8.0302,-173.6183,-86.1069,-83.7405,40.53,On Belt
98600,-5.5593,-0.8691,-4.8076,-169.7710,-48.1679,-74.4122,40.39,On Belt
98650,-4.0845,-3.3327,-4.8243,-151.4046,-28.1069,-89.1603,40.39,On Belt
98700,-3.6176,-2.9018,-4.7764,-163.9847,-15.5725,-90.0458,40.67,On Belt
98750,-6.4236,-6.3590,-7.4077,-157.3130,-4.7481,-110.4733,40.44,On Belt
98800,-7.9128,-7.0222,-8.2504,-141.8931,18.5344,-152.5496,40.44,On Belt
98850,-11.6023,-0.7877,-5.8371,-151.7863,1.0687,-2.1374,40.25,On Belt
98900,-8.3701,-2.2673,-3.1580,-113.8626,43.8473,-29.3740,40.34,On Belt
98950,-7.3406,-4.8626,-3.7685,-67.5115,1.8321,-16.5954,40.67,On Belt
99000,-6.8738,-5.2002,-4.4843,-13.0382,-12.5496,-25.5267,40.39,On Belt
99050,-8.2744,-2.4780,-5.1284,67.6183,7.5725,19.7405,40.67,On Belt
99100,-8.3941,-3.9193,-5.6814,126.4427,9.1145,68.3969,40.72,On Belt
99150,-6.7493,-3.0694,-6.3446,174.2901,4.2443,93.0687,40.44,On Belt
99200,-6.4117,-2.7773,-6.7421,200.1679,6.6260,115.4809,40.39,On Belt
99250,-6.5122,-2.6552,-6.9049,216.6870,6.6412,132.3206,40.44,On Belt
99300,-6.0980,-3.8283,-8.0325,230.7939,6.6412,145.6031,40.53,On Belt
99350,-5.6671,-3.4189,-7.7716,235.1298,12.7023,153.8626,40.77,On Belt
99400,-5.5545,-1.6807,-8.1355,227.1145,33.4962,136.7634,40.77,On Belt
99450,-7.4819,4.4269,-8.4180,100.7939,48.7176,113.8626,40.34,On Belt
99500,-6.5386,-0.5483,-5.6790,-2.5038,30.8702,61.9542,40.53,On Belt
99550,-6.3255,-2.6097,-4.6567,-37.0382,18.4427,-2.9466,40.39,On Belt
99600,-7.3071,1.4700,-5.7676,-69.0382,20.2443,-5.5267,40.72,On Belt
99650,-8.2911,-0.2897,-5.9544,-64.0153,31.5114,-12.6718,40.39,On Belt
99700,-8.0349,-0.2729,-5.2960,-65.0534,25.5573,-5.4351,40.58,On Belt
99750,-7.8817,-0.1867,-5.1260,-56.6870,18.9924,0.5802,40.20,On Belt
99800,-7.9344,-0.2322,-4.8123,-40.1985,9.0534,10.1527,40.34,On Belt
99850,-7.9128,-0.3807,-5.1547,-16.7328,3.0840,23.7252,40.53,On Belt
99900,-7.4005,0.6081,-5.2002,9.8168,5.6183,46.2748,40.67,On Belt
99950,-6.9480,1.1301,-5.4109,37.7557,17.8626,70.8244,40.44,On Belt
100000,-7.0701,0.5315,-5.9137,75.4962,28.3511,89.3282,40.53,On Belt
100050,-6.9695,0.9122,-6.1268,99.2061,13.6489,120.6870,40.77,On Belt
100100,-5.8802,-0.2179,-6.6463,125.6183,16.5954,120.5649,40.67,On Belt
100150,-5.9640,0.5387,-7.4627,136.5954,12.9618,116.0763,40.77,On Belt
100200,-4.4460,2.9209,-7.8051,118.8702,18.1221,94.9466,40.25,On Belt
100250,-5.3008,1.8890,-7.6902,47.6031,-1.6183,53.8626,40.58,On Belt
100300,-5.1140,0.9960,-7.9057,-4.6718,-35.0840,7.4656,40.44,On Belt
100350,-4.6783,0.0000,-9.0070,-47.1908,-42.4427,-48.3206,40.58,On Belt
100400,-4.7333,1.9082,-8.8609,-74.1985,-13.2366,-63.3893,40.25,On Belt
100450,-6.1794,1.0367,-6.0214,-86.5649,-9.2977,-67.9084,40.67,On Belt
100500,-6.7947,0.9936,-5.8778,-78.2901,-7.9542,-67.0076,40.39,On Belt
100550,-7.2377,0.7230,-6.1818,-66.0458,-5.3740,-47.8168,40.44,On Belt
100600,-7.3622,0.2586,-5.9544,-40.6870,-5.1908,-29.5573,40.58,On Belt
100650,-7.2784,0.6369,-5.6695,-17.5267,-3.4962,-9.6947,40.44,On Belt
100700,-7.5250,0.8308,-5.5545,6.2748,0.2748,5.8321,40.67,On Belt
100750,-7.0797,0.5938,-5.8586,21.6336,3.3588,25.8779,40.58,On Belt
100800,-7.1802,0.9792,-6.2752,36.4733,16.9313,36.8397,40.39,On Belt
100850,-7.4555,0.9098,-6.3063,35.9237,27.2824,50.2901,40.34,On Belt
100900,-7.4579,1.6257,-6.2752,33.2214,31.3893,55.0534,40.44,On Belt
100950,-7.2544,2.0159,-6.1842,23.3740,33.4656,62.3817,40.25,On Belt
101000,-7.1946,1.1588,-5.9807,27.0687,26.5649,70.3511,40.44,On Belt
101050,-5.9999,0.7230,-6.0023,42.1985,10.7786,78.6870,40.58,On Belt
101100,-5.2002,-0.1317,-6.3877,73.1908,5.6336,84.3664,40.44,On Belt
101150,-5.1188,0.4812,-7.4124,103.8626,-2.8550,90.8550,40.77,On Belt
101200,-4.6950,2.1284,-8.3079,108.8397,0.5496,94.2595,40.39,On Belt
101250,-4.9105,2.4157,-8.6766,67.2061,-8.2137,87.2824,40.58,On Belt
101300,-4.9368,1.9249,-7.7620,15.5420,-26.1221,60.4122,40.53,On Belt
101350,-5.0087,-0.1317,-6.6487,-15.2061,-49.9695,22.2443,40.58,On Belt
101400,-5.3343,2.0901,-7.4867,-12.6870,-50.7939,14.4275,40.67,On Belt
101450,-5.0566,0.5794,-6.3614,-2.3817,-37.9389,7.4504,40.44,On Belt
101500,-5.3271,-0.0311,-6.4572,33.8168,-33.6947,7.5725,40.39,On Belt
101550,-4.6855,0.6464,-6.9121,66.3206,-22.3206,10.7786,40.77,On Belt
101600,-4.7166,1.1444,-7.6423,96.8702,-11.1298,14.0916,40.44,On Belt
101650,-6.8115,2.0494,-8.9376,89.2824,-9.8168,-4.8855,40.34,On Belt
101700,-6.5817,1.4317,-8.9256,35.7710,-19.0229,-29.5573,40.44,On Belt
101750,-5.6240,1.5012,-8.2959,-21.2061,-28.6870,-54.4122,40.53,On Belt
101800,-7.5753,1.6424,-6.3710,-68.4275,-37.4198,-74.2748,40.39,On Belt
101850,-6.6439,-1.6975,-6.5601,-78.6565,-38.6718,-77.3740,40.67,On Belt
101900,-4.4891,-2.0375,-5.9640,-62.2290,-5.5267,-70.8550,40.39,On Belt
101950,-7.2377,-2.4062,-6.1100,-40.4885,1.4809,-67.5573,40.44,On Belt
102000,-7.0940,-2.1428,-5.8395,-34.1374,1.0992,-58.0763,40.86,On Belt
102050,-6.4572,-1.6975,-5.4516,-39.3282,11.5420,-55.0382,40.67,On Belt
102100,-7.4124,-2.3846,-6.4212,-43.0229,20.2137,-39.9847,40.72,On Belt
102150,-7.2520,-2.7126,-6.0813,-28.4122,15.6183,-16.0153,40.44,On Belt
102200,-6.7660,-2.9449,-5.7245,-10.0305,11.8321,-4.5954,40.53,On Belt
102250,-6.4380,-2.6456,-5.3534,10.9618,6.0916,4.9618,40.67,On Belt
102300,-6.4763,-2.3966,-5.9304,32.0916,7.5267,13.5573,40.53,On Belt
102350,-7.1395,-2.6193,-6.6032,48.4427,12.3206,32.6412,40.72,On Belt
102400,-7.0390,-2.2290,-6.1220,63.6641,8.5191,45.9237,40.39,On Belt
102450,-6.4524,-2.1572,-5.9544,68.4275,9.1298,53.1450,40.67,On Belt
102500,-6.5218,-2.6121,-6.3327,75.4962,8.0611,61.2366,40.58,On Belt
102550,-6.2896,-2.7126,-6.5864,85.3893,8.8702,69.9695,40.44,On Belt
102600,-6.1483,-2.7174,-6.5194,94.7939,5.2824,76.0153,40.44,On Belt
102650,-6.0023,-2.2170,-6.8139,95.4046,6.9160,72.7328,40.44,On Belt
102700,-6.4524,-1.1205,-6.9767,59.5725,4.9771,57.4656,40.39,On Belt
102750,-6.0789,-1.9201,-6.7253,15.0382,-12.5802,37.7557,40.39,On Belt
102800,-6.0813,-3.3184,-6.7229,-10.1069,-26.7634,17.7863,40.67,On Belt
102850,-5.3056,-2.7414,-7.3167,-10.6412,-25.4504,5.3130,40.39,On Belt
102900,-6.3614,-1.3144,-7.3813,-13.5267,-11.8015,27.2672,40.44,On Belt
102950,-6.3087,-3.0909,-6.6176,-20.3511,-16.3359,38.6107,40.58,On Belt
103000,-4.8626,-2.1883,-5.9687,-16.3053,3.9542,5.4656,40.25,On Belt
103050,-9.4092,-0.7207,-7.9296,-36.5802,18.2595,3.1450,40.58,On Belt
103100,-11.6262,1.6424,-6.8307,-98.6718,-11.1908,-5.7405,40.67,On Belt
103150,-5.6024,0.0335,-6.1244,-120.3969,-14.9008,2.6260,40.67,On Belt
103200,-3.9480,0.9002,-5.9376,-125.5267,33.1603,-8.5954,40.44,On Belt
103250,-5.3702,-0.5962,-6.5649,-123.0687,91.9695,-26.0611,40.39,On Belt
103300,-7.6710,-1.8962,-6.5841,-105.3893,98.3817,-31.3588,40.67,On Belt
103350,-8.4180,-1.4102,-5.4971,-83.9084,75.0229,-35.3282,40.67,On Belt
103400,-7.0054,0.1915,-5.2265,-83.9084,71.8473,-59.2061,40.44,On Belt
103450,-7.1730,0.3735,-5.6527,-73.1756,89.9847,-57.8168,40.39,On Belt
103500,-7.4915,-0.4405,-5.0159,-31.8321,58.4122,-41.7863,40.58,On Belt
103550,-7.3167,-0.6776,-4.5346,9.1450,30.6718,-42.3969,40.58,On Belt
103600,-7.2592,-0.6823,-4.1875,53.3435,-14.8092,-43.0382,40.67,On Belt
103650,-7.1706,0.5267,-5.4899,62.5649,-56.6412,-15.0840,40.58,On Belt
103700,-8.5305,0.8787,-5.3486,64.1527,-65.0534,-8.3206,40.53,On Belt
103750,-6.4715,-2.1093,-8.5449,70.1527,-60.8550,-1.7557,40.39,On Belt
103800,-4.7669,-1.5706,-9.3877,83.9695,-14.3053,34.4275,40.58,On Belt
103850,-6.7253,1.9321,-8.6263,133.1145,33.6336,69.6031,40.72,On Belt
103900,-7.6112,0.7398,-7.4986,104.6107,12.1832,86.6412,40.67,On Belt
103950,-6.6032,-3.2274,-7.7740,77.1603,19.6031,77.4657,40.39,On Belt
104000,-5.1068,-2.5618,-7.1156,64.0305,28.5344,39.4504,40.44,On Belt
104050,-5.2912,-1.1061,-6.4117,41.0687,29.0534,25.7252,40.39,On Belt
104100,-5.4564,-0.9792,-9.2656,28.4275,13.3282,27.8779,40.77,On Belt
104150,-4.9440,-0.7446,-7.8626,-2.3359,-4.9313,46.2595,40.44,On Belt
104200,-5.1212,-2.2314,-7.3981,6.1374,-8.0305,24.1069,40.53,On Belt
104250,-4.0438,-0.1987,-8.4443,1.5878,5.5878,-1.5573,40.58,On Belt
104300,-4.8746,1.3503,-7.5800,-61.0382,66.6412,-2.6870,40.53,On Belt
104350,-6.9097,0.4549,-9.4403,-75.2519,114.9466,43.0382,40.67,On Belt
104400,-5.5186,-0.6177,-7.6902,-38.0458,111.8015,40.1985,40.58,On Belt
104450,-5.9185,-3.1125,-7.2042,5.0229,108.7481,55.4351,40.34,On Belt
104500,-5.1858,-0.7063,-5.3079,93.6183,33.5878,90.6565,40.58,On Belt
104550,-4.9608,0.7566,-7.2401,128.6565,-3.9695,87.8931,40.58,On Belt
104600,-5.3199,0.1532,-8.8250,55.2672,5.0840,56.0000,40.58,On Belt
104650,-4.9440,-1.1205,-6.4428,7.9389,-13.7099,47.0840,40.72,On Belt
104700,-4.0294,-1.3910,-4.2114,28.0611,-80.1221,50.6565,40.58,On Belt
104750,-5.6719,-2.8084,-7.0892,28.7481,-140.2748,44.7481,40.58,On Belt
104800,-6.0525,-2.4373,-9.0812,3.5115,-148.2443,-16.8702,40.67,On Belt
104850,-2.4349,3.3375,-9.3972,-22.9008,-122.7023,-25.9695,40.58,On Belt
104900,-4.6448,-0.6800,-9.4571,-22.2137,-36.2901,-7.2824,40.39,On Belt
104950,-5.9089,-1.1588,-7.3622,-4.7481,11.6641,-31.2061,40.58,On Belt
105000,-9.3637,1.4844,-5.6383,-28.3053,8.3511,-14.0000,40.34,On Belt
105050,-7.9918,-1.0271,-6.7516,-40.7481,-3.2366,3.0534,40.25,On Belt
105100,-7.5729,-2.9209,-6.5457,-24.7023,15.4504,5.2214,40.67,On Belt
105150,-7.6207,-2.7725,-5.7724,-9.8473,0.2443,13.6794,40.39,On Belt
105200,-6.2968,-0.8475,-4.8483,6.4885,-8.5191,17.7099,40.44,On Belt
105250,-6.1746,-1.5897,-6.3015,30.3969,-3.9542,35.2519,40.44,On Belt
105300,-6.7900,-1.9752,-6.4907,35.1145,-5.0382,34.2901,40.44,On Belt
105350,-7.1371,-0.4932,-6.6559,15.7405,-10.5038,15.2824,40.72,On Belt
105400,-5.9472,0.1365,-6.1842,-16.7939,-31.2214,7.9389,40.34,On Belt
105450,-5.7748,-1.5347,-6.5649,-37.6183,-36.3817,-18.9924,40.39,On Belt
105500,-5.0925,-0.6440,-6.9480,-51.4809,-14.7176,-31.1450,40.77,On Belt
105550,-6.3614,-0.1269,-5.3822,-54.0000,13.3740,-22.9313,40.53,On Belt
105600,-5.7533,-2.6384,-4.9249,-37.2519,23.2519,-29.2977,40.53,On Belt
105650,-5.6383,-3.2465,-5.4348,-14.3206,22.9160,-29.6794,40.58,On Belt
105700,-5.3463,-2.0255,-5.2696,19.9389,31.1450,-25.1145,40.53,On Belt
105750,-6.6702,-3.2825,-6.1914,43.8015,32.7023,-21.4198,40.53,On Belt
105800,-9.0046,-0.1700,-6.0190,48.7328,27.1145,-33.4046,40.53,On Belt
105850,-10.8122,0.5770,-7.5944,-4.9160,-2.5802,-28.3206,40.58,On Belt
105900,-6.9719,-0.7039,-6.8187,-33.1756,0.1069,-19.7557,40.67,On Belt
105950,-6.2896,-1.7813,-5.8514,-35.6641,4.8550,-14.2748,40.39,On Belt
106000,-6.6750,-2.6719,-5.8969,-21.4504,7.6794,-8.3511,40.34,On Belt
106050,-6.9264,-3.3016,-6.4643,2.0458,-0.7786,-3.3282,40.58,On Belt
106100,-6.8642,-1.8866,-6.2824,16.8702,4.2901,9.1450,40.39,On Belt
106150,-6.7445,-2.2793,-6.4236,22.3664,-0.0305,11.3740,40.67,On Belt
106200,-6.0980,-1.4964,-6.9121,12.2595,-1.2824,7.8626,40.34,On Belt
106250,-5.7604,-1.4796,-6.8977,-6.0153,-0.4580,-0.4427,40.67,On Belt
106300,-6.0885,-2.2170,-6.5410,-14.9618,0.2748,-9.1450,40.34,On Belt
106350,-6.8163,-2.0207,-6.4093,-11.0229,-0.6870,-8.0458,40.67,On Belt
106400,-7.8721,-1.7166,-6.2800,-14.3969,-5.7252,-2.0000,40.53,On Belt
106450,-7.5465,-2.1859,-6.3901,-12.7328,-12.1832,4.4275,40.72,On Belt
106500,-7.3861,-2.6001,-6.2537,-4.9924,-9.6947,12.2595,40.53,On Belt
106550,-7.3765,-2.4612,-5.6192,6.0458,-19.6336,14.6107,40.77,On Belt
106600,-6.6774,-2.2386,-5.7796,11.2214,-27.7405,20.8092,40.44,On Belt
106650,-5.5258,-2.7007,-5.8012,19.9389,-22.7176,28.0458,40.44,On Belt
106700,-5.0302,-2.1524,-4.9919,28.9924,-12.0458,20.8397,40.39,On Belt
106750,-5.8107,-1.8986,-5.0996,26.5191,-10.4122,17.9084,40.53,On Belt
106800,-6.8474,-2.5642,-6.1435,24.2443,-4.2595,18.6870,40.53,On Belt
106850,-6.3829,-2.2075,-6.1387,32.2290,4.7481,25.8015,40.58,On Belt
106900,-7.2257,-2.2027,-6.5769,45.0534,10.2290,21.4351,40.58,On Belt
106950,-7.0964,0.2298,-5.5976,20.1374,21.5573,24.0763,40.53,On Belt
107000,-7.0413,-1.5754,-5.9376,7.6794,31.6183,19.2061,40.34,On Belt
107050,-6.6559,-0.3879,-5.6072,0.2290,50.7481,17.1603,40.53,On Belt
107100,-7.6136,-1.8603,-5.5689,-0.6565,58.3511,10.4122,40.53,On Belt
107150,-6.6655,-0.9792,-5.6719,-1.0534,59.3893,19.8473,40.72,On Belt
107200,-7.1491,-1.8148,-6.6702,24.3664,72.5191,55.1145,40.53,On Belt
107250,-7.2688,-2.3727,-6.6367,68.4580,65.2366,78.4580,40.67,On Belt
107300,-6.5290,-2.5426,-6.6511,92.6565,56.5802,102.3664,40.53,On Belt
107350,-6.4979,-2.4876,-7.3789,116.8855,45.4504,129.4351,40.39,On Belt
107400,-5.7772,1.4461,-7.5800,108.0611,29.0840,137.2214,40.39,On Belt
107450,-6.5266,0.4334,-8.0948,41.9542,4.4580,124.3206,40.39,On Belt
107500,-6.7133,-0.3639,-8.5281,-23.2977,-26.6107,86.8855,40.34,On Belt
107550,-6.7301,0.8571,-7.8338,-55.6794,-39.0687,73.2672,40.67,On Belt
107600,-6.8354,-1.0247,-6.0478,-44.5038,-48.2443,69.0076,40.34,On Belt
107650,-6.1723,-2.2146,-5.4037,-17.3130,-50.3511,55.4809,40.53,On Belt
107700,-7.4005,-0.0072,-5.0326,-2.2290,-47.5573,48.5954,40.34,On Belt
107750,-6.9408,-0.9457,-5.1356,25.7252,-54.9771,53.5878,40.53,On Belt
107800,-5.5761,-1.9489,-4.8507,55.9695,-57.3130,36.0305,40.77,On Belt
107850,-3.9720,-1.7573,-6.3758,93.5573,-43.9695,25.0076,40.67,On Belt
107900,-6.3422,-1.1684,-7.8554,126.7634,-8.8702,30.9618,40.58,On Belt
107950,-8.3701,2.4900,-7.9487,144.0458,2.1679,37.8015,40.67,On Belt
108000,-9.1099,0.6919,-10.4387,109.5420,7.4656,26.1221,40.58,On Belt
108050,-6.3662,4.6639,-6.9288,25.5114,13.7099,21.0992,40.53,On Belt
108100,-4.3527,-0.0144,-5.4253,1.0382,2.4580,8.7481,40.58,On Belt
108150,-4.3407,-1.7813,-4.1420,-35.7557,4.5038,-16.5954,40.34,On Belt
108200,-7.0246,-3.7685,-6.0813,-41.3130,-0.2443,-92.1527,40.44,On Belt
108250,-10.2304,2.3487,-7.6064,-77.6336,-19.0229,-51.6336,40.53,On Belt
108300,-8.5928,-1.7957,-6.3375,-81.5115,-8.0305,-57.5115,40.39,On Belt
108350,-7.1060,-2.8276,-5.6216,-90.5954,-6.6565,-49.1450,40.53,On Belt
108400,-6.5481,-2.8371,-4.9153,-72.0305,-12.3206,-48.2137,40.67,On Belt
108450,-6.4428,-1.1947,-3.1340,-67.0687,-3.3435,-47.8779,40.44,On Belt
108500,-5.3941,-2.3056,-3.6344,-20.4275,-14.9008,-22.1832,40.67,On Belt
108550,-5.5833,-2.5331,-4.9847,-48.7023,31.5725,-38.0153,40.39,On Belt
108600,-9.9359,-2.9904,-5.9999,17.7099,29.7557,-2.5954,40.58,On Belt
108650,-8.9016,-1.7741,-5.3870,47.4656,15.4198,19.6489,40.39,On Belt
108700,-7.8673,-1.1468,-5.4660,63.6947,1.7099,36.7939,40.72,On Belt
108750,-7.5609,-1.6903,-6.1292,76.6260,-6.4122,51.3893,40.39,On Belt
108800,-6.8570,-1.7430,-6.7086,84.5343,-12.0305,65.6489,40.39,On Belt
108850,-5.6575,-2.0782,-6.9384,97.8931,-16.9771,82.7939,40.44,On Belt
108900,-5.3439,-1.5754,-7.0126,109.9695,-19.3282,93.6489,40.67,On Belt
108950,-6.4955,-1.5203,-8.9639,100.4122,-13.6336,116.2137,40.67,On Belt
109000,-5.6096,0.6752,-7.6136,61.9389,17.9847,64.7634,40.44,On Belt
109050,-11.3365,-1.3096,-10.7500,3.4504,2.8397,24.2443,40.25,On Belt
109100,-7.1491,4.2449,-8.4467,-97.3893,19.9237,18.5344,40.53,On Belt
109150,-3.5362,1.3647,-5.7652,-146.1679,63.0076,-1.5267,40.58,On Belt
109200,-3.0526,-1.6496,-4.1492,-154.7328,118.2748,-58.2290,40.44,On Belt
109250,-5.5545,-3.9624,-5.3151,-147.0382,128.7939,-91.5115,40.39,On Belt
109300,-10.2113,0.4070,-7.0461,-95.9695,105.9847,-54.5496,40.53,On Belt
109350,-10.6159,0.3639,-6.0214,-43.7099,87.3893,-19.0840,40.72,On Belt
109400,-6.4236,-0.7949,-6.2896,27.4962,81.7252,8.4885,40.34,On Belt
109450,-5.4109,0.3783,-4.7022,71.7252,78.5191,17.5878,40.53,On Belt
109500,-6.5098,1.3048,-4.6759,92.0458,34.2290,23.1756,40.39,On Belt
109550,-5.5402,0.9074,-6.0142,93.7710,-16.1069,36.2748,40.25,On Belt
109600,-5.3702,-0.7566,-7.4531,107.9389,-43.1603,51.4046,40.53,On Belt
109650,-6.1603,-1.4748,-7.5872,107.8779,-80.6565,55.7252,40.58,On Belt
109700,-6.5984,-0.7183,-8.3199,80.8397,-141.0076,41.5878,40.39,On Belt
109750,-6.9887,-1.3001,-11.0492,26.7328,-177.2519,11.4046,40.53,On Belt
109800,-6.8498,-2.1021,-12.4953,-4.2290,-176.4580,-36.6260,40.58,On Belt
109850,-6.1268,3.2609,-13.9319,-73.4657,-59.0229,-28.8092,40.39,On Belt
109900,-8.3845,2.3822,-5.0278,-132.0611,-2.0305,6.2290,40.58,On Belt
109950,-5.9137,-2.2027,-4.7118,-123.7863,-2.5649,-24.4733,40.53,On Belt
110000,-3.2944,-1.1612,-3.1316,-135.8931,9.7557,-45.4656,40.58,On Belt
110050,-5.1188,-3.8235,-5.5162,-172.4886,43.1603,-88.8550,40.58,On Belt
110100,-9.8330,-0.1030,-4.2952,-174.7786,35.7405,-93.0840,40.39,On Belt
110150,-9.6989,-3.0981,-5.4324,-154.0916,7.4198,-86.6565,40.77,On Belt
110200,-7.9679,-2.3272,-3.8403,-123.9237,-16.7634,-56.1221,40.44,On Belt
110250,-6.4452,-3.3184,-3.8116,-67.5115,-1.8321,-44.8092,40.67,On Belt
110300,-7.3095,-3.2777,-3.6703,-5.4351,8.0153,-28.8855,40.34,On Belt
110350,-8.5018,-2.6049,-4.3024,54.5496,2.7328,-10.4580,40.44,On Belt
110400,-8.5186,-1.4269,-5.2864,88.7481,-17.1450,7.4046,40.67,On Belt
110450,-7.8099,-0.5028,-6.5984,111.9695,-24.0000,40.8855,40.67,On Belt
110500,-7.5154,-1.4389,-6.9216,120.4733,-20.6412,69.8779,40.58,On Belt
110550,-6.6248,-1.2809,-7.2568,113.3130,-19.5878,76.9160,40.44,On Belt
110600,-6.5793,-2.1141,-7.1515,98.0611,-12.9618,83.2519,40.58,On Belt
110650,-6.7181,0.0215,-7.4148,75.7710,-10.7939,80.7786,40.39,On Belt
110700,-6.9049,0.1341,-7.5250,2.7786,2.6412,31.8015,40.67,On Belt
110750,-6.4643,0.4956,-8.9447,-62.8550,7.9237,-2.2901,40.58,On Belt
110800,-4.1731,2.1069,-7.1036,-97.7405,87.4809,-6.3664,40.53,On Belt
110850,-4.7812,-1.5538,-5.7054,-111.5725,161.1145,-72.5802,40.67,On Belt
110900,-8.3007,-3.9983,-7.0557,-106.4122,170.7634,-108.4885,40.58,On Belt
110950,-11.5424,-0.7829,-6.6870,-79.2672,121.2214,-93.1145,40.53,On Belt
111000,-9.0501,0.6512,-6.3303,-52.9008,88.3206,-70.8855,40.53,On Belt
111050,-6.6128,-1.0151,-5.7078,-20.1374,74.6718,-38.1679,40.67,On Belt
111100,-6.5577,-0.9792,-4.9847,4.0305,56.1069,-22.9618,40.44,On Belt
111150,-6.5649,0.2011,-4.2425,23.6031,10.7023,-7.4656,40.72,On Belt
111200,-5.3079,-0.7063,-5.6814,47.5420,-32.6565,20.8702,40.53,On Belt
111250,-4.7621,-1.5874,-7.6303,98.2748,-46.7634,59.6183,40.39,On Belt
111300,-5.9831,-3.0382,-7.4603,136.3359,-68.2595,78.5343,40.77,On Belt
111350,-6.6918,-0.8691,-8.5545,120.3817,-111.9695,63.2061,40.67,On Belt
111400,-7.7883,-2.4732,-11.3437,64.2901,-160.9313,37.2366,40.67,On Belt
111450,-8.0517,-0.8643,-13.4578,20.3664,-125.4198,-2.1374,40.58,On Belt
111500,-5.3415,2.8419,-10.5824,-58.6107,-47.1145,14.4427,40.39,On Belt
111550,-5.2601,-0.0527,-4.8507,-83.1756,-24.5344,-4.6107,40.53,On Belt
111600,-18.7753,-30.6027,-21.2821,-150.4886,80.3359,-61.5115,40.39,On Belt
111650,-6.9719,3.1915,-6.1172,-127.4351,53.4046,-69.0840,40.67,On Belt
111700,-10.2137,-3.3998,-6.0549,-162.4427,17.5420,-75.7863,40.67,On Belt
111750,-6.4093,-2.9999,-4.9416,-148.8702,6.0611,-72.6870,40.53,On Belt
111800,-5.8730,-2.6791,-4.0342,-147.4504,-4.0916,-79.7405,40.44,On Belt
111850,-8.2935,-3.5099,-5.9376,-103.4198,-25.6183,-37.4809,40.67,On Belt
111900,-7.7812,-2.3200,-3.3734,-41.8779,-3.8779,-12.9160,40.25,On Belt
111950,-8.4970,-4.0821,-3.9672,30.0763,-11.2366,4.7023,40.67,On Belt
112000,-8.3127,-2.4038,-4.6040,91.0687,-12.2901,33.1298,40.67,On Belt
112050,-7.4316,-1.7095,-5.8442,122.9924,-11.2061,62.9924,40.44,On Belt
112100,-6.8833,-0.8068,-6.2968,138.8702,-0.5038,96.9008,40.39,On Belt
112150,-6.3422,-2.6456,-6.4141,141.7863,-1.5725,117.6183,40.53,On Belt
112200,-5.0422,-1.7526,-6.7469,166.3359,12.7023,98.1069,40.44,On Belt
112250,-7.2688,3.0981,-10.0844,146.5954,70.4733,156.5954,40.58,On Belt
112300,-6.0454,0.3735,-7.7069,151.8168,129.0076,170.8855,40.77,On Belt
112350,-4.6232,0.6416,-5.8826,154.7328,166.4733,129.8321,40.44,On Belt
112400,-8.5760,0.4334,-6.4189,169.9847,127.9695,94.9008,40.58,On Belt
112450,-8.5665,3.5099,-8.0996,76.5038,23.4809,55.6794,40.53,On Belt
112500,-6.2058,1.8627,-8.1547,-37.7557,-23.7405,-7.1145,40.53,On Belt
112550,-4.2473,0.4190,-7.6830,-87.4657,-39.7557,-43.8931,40.67,On Belt
112600,-3.9121,-0.8667,-7.0940,-62.3206,-23.1450,-28.4580,40.67,On Belt
112650,-6.4859,-1.4413,-6.1052,-23.4809,-13.4504,-17.7557,40.72,On Belt
112700,-6.9288,0.3112,-7.3263,8.7634,-30.2595,16.5496,40.25,On Belt
112750,-4.9608,-0.6153,-7.7931,45.0992,-8.9618,49.0687,40.34,On Belt
112800,-5.3965,-0.7183,-7.2832,50.6718,1.1603,39.4198,40.53,On Belt
112850,-5.6671,0.8882,-7.6303,17.5573,-11.6183,11.5573,40.39,On Belt
112900,-5.8754,1.0391,-8.1020,-28.0611,-23.2214,-7.3740,40.39,On Belt
112950,-5.1571,-0.3711,-7.0198,-40.8397,-27.3130,-31.6641,40.53,On Belt
113000,-5.3870,0.2107,-7.4412,-48.3359,-17.0687,-38.0000,40.44,On Belt
113050,-6.3829,-0.3089,-6.0573,-48.2901,-13.5115,-36.7939,40.67,On Belt
113100,-6.3710,-0.8978,-6.1794,-37.0687,-19.0534,-43.3282,40.58,On Belt
113150,-7.3909,0.6440,-7.0437,-35.2672,-13.7710,-33.3435,40.72,On Belt
113200,-7.1467,-0.0790,-6.2465,-32.9160,-5.6947,-19.4046,40.67,On Belt
113250,-6.6966,-1.2737,-5.8107,-21.9695,-7.0229,-22.5038,40.44,On Belt
113300,-7.1658,0.2274,-5.5881,-11.2824,-11.2214,-21.2214,40.77,On Belt
113350,-7.4388,0.4334,-5.7868,-12.6260,-16.1679,-13.1603,40.67,On Belt
113400,-7.4962,-0.5602,-5.9017,-13.9542,-19.7099,-11.7099,40.77,On Belt
113450,-6.8666,-0.7685,-5.8466,-11.1603,-18.6718,-15.8473,40.58,On Belt
113500,-7.3741,-0.1077,-5.9209,-11.2061,-8.6107,-16.3664,40.58,On Belt
113550,-6.9911,-0.4669,-5.7868,-9.6947,-5.8779,-9.9389,40.39,On Belt
113600,-6.5410,-1.0511,-5.7461,5.6336,2.8244,-6.0000,40.58,On Belt
113650,-7.4292,-0.9888,-5.8466,22.9924,3.1908,-0.9008,40.72,On Belt
113700,-7.3957,-0.9146,-6.0023,32.4885,-4.5191,13.0229,40.67,On Belt
113750,-7.0797,-1.0894,-6.4620,43.8015,-3.1603,19.9847,40.77,On Belt
113800,-7.0749,0.5387,-6.8259,31.2366,-11.3282,16.4427,40.44,On Belt
113850,-5.9687,-0.3160,-6.3183,-12.5802,-22.2137,-12.1985,40.58,On Belt
113900,-6.4859,-1.2282,-6.4859,-46.0763,-37.2061,-44.5191,40.01,On Belt
113950,-6.6511,-0.1796,-6.1579,-78.6412,-40.0763,-59.6794,40.58,On Belt
114000,-6.4380,-1.6472,-5.7557,-91.8015,-30.2290,-69.5267,40.58,On Belt
114050,-6.5864,-2.5426,-6.0334,-98.8855,-20.4275,-75.0229,40.72,On Belt
114100,-6.7708,-2.5881,-5.6527,-96.2137,-20.1832,-77.0534,40.53,On Belt
114150,-6.2489,-2.6743,-5.1499,-90.9466,-23.9389,-83.0534,40.58,On Belt
114200,-7.1204,-2.3583,-6.2297,-97.7252,-16.7939,-83.3282,40.67,On Belt
114250,-8.4874,-2.0901,-6.4524,-90.7481,-15.3740,-52.2901,40.34,On Belt
114300,-7.9248,-2.4349,-5.2122,-74.2748,-22.5344,-41.4351,40.44,On Belt
114350,-6.2153,-2.8371,-4.9392,-63.4198,-26.1221,-44.3664,40.72,On Belt
114400,-7.0437,-2.6480,-5.3247,-51.0840,-27.4351,-42.4885,40.67,On Belt
114450,-7.8338,-1.2737,-5.1212,-44.4885,-25.0687,-21.6336,40.44,On Belt
114500,-8.0134,-2.4205,-5.8969,-36.6412,-23.0992,-8.3511,40.58,On Belt
114550,-6.3614,-2.6432,-5.7293,-19.0687,-20.5496,8.5954,40.34,On Belt
114600,-6.3614,-2.4277,-6.3303,-11.9542,14.0000,8.1985,40.67,On Belt
114650,-8.9112,-1.9800,-7.0437,-1.4656,23.2366,29.6947,40.58,On Belt
114700,-10.0533,1.1037,-6.5362,9.7252,30.7328,63.5420,40.67,On Belt
114750,-5.8826,0.8332,-6.0980,3.6183,53.7099,99.4962,40.44,On Belt
114800,-4.0749,-0.5052,-5.2194,7.0840,121.5420,59.6947,40.53,On Belt
114850,-4.9919,-2.3607,-4.7980,6.2443,157.0687,-1.1450,40.39,On Belt
114900,-9.6486,-0.8356,-6.7181,26.9008,125.8931,-18.9008,40.20,On Belt
114950,-9.4260,2.1811,-6.9983,25.7405,80.5802,15.6641,40.67,On Belt
115000,-6.8857,0.7230,-6.2800,39.5573,64.2748,22.7634,40.58,On Belt
115050,-5.2457,-0.1939,-5.4684,43.6794,34.9008,40.1069,40.67,On Belt
115100,-5.1188,-0.7278,-5.5665,40.2595,8.7176,35.6031,40.67,On Belt
115150,-5.0350,-0.8619,-5.2912,42.9618,-33.8473,30.5344,40.39,On Belt
115200,-5.4396,-1.8292,-7.0844,53.4962,-79.1450,33.7099,40.67,On Belt
115250,-5.5593,-0.8715,-8.8897,54.0153,-107.0229,39.9389,40.53,On Belt
115300,-6.4907,-2.0686,-9.6869,45.2519,-122.4427,27.8321,40.53,On Belt
115350,-7.8099,-3.3136,-11.7436,58.3053,-131.2824,-13.9695,40.58,On Belt
115400,-6.2321,3.4931,-12.3661,-17.8015,-56.3817,-18.0763,40.67,On Belt
115450,-7.6758,1.9178,-5.8419,-66.3969,-10.9771,13.3740,40.58,On Belt
115500,-5.3654,-2.6528,-4.8770,-76.3206,-11.4504,-28.7939,40.44,On Belt
115550,-4.7980,-2.4732,-4.0223,-97.6641,3.2519,-56.7634,40.95,On Belt
115600,-8.0852,0.1628,-4.2665,-124.6718,11.9847,-61.9237,40.53,On Belt
115650,-8.5114,-2.3224,-4.9225,-122.1221,5.1756,-74.8397,40.53,On Belt
115700,-6.0837,-3.7158,-4.8315,-125.9542,-3.0687,-88.4427,40.67,On Belt
115750,-5.9352,-3.9145,-4.6902,-122.0611,-9.0229,-100.6718,40.67,On Belt
115800,-9.6486,-0.0407,-3.3567,-111.4809,-25.6641,-50.6412,40.39,On Belt
115850,-10.3765,-3.0598,-4.2329,-42.9771,-33.0534,-30.0153,40.44,On Belt
115900,-6.6200,-4.2569,-4.9632,15.5878,-37.8626,4.0763,40.67,On Belt
115950,-5.2241,-3.7134,-5.9544,80.4885,-13.7710,10.0000,40.44,On Belt
116000,-7.4316,-1.6065,-5.6886,127.9847,-0.1374,64.3511,40.39,On Belt
116050,-6.6319,-3.2825,-6.8594,166.2443,7.8015,77.6336,40.39,On Belt
116100,-7.0270,-2.1715,-6.8905,173.7710,6.3511,95.9389,40.39,On Belt
116150,-6.9168,-1.7502,-7.3502,180.4427,-1.9389,114.8397,40.25,On Belt
116200,-5.1236,0.8356,-8.3031,169.8779,16.3206,123.7557,40.34,On Belt
116250,-7.4986,1.1803,-8.5449,77.8015,53.3740,90.2595,40.72,On Belt
116300,-5.0733,2.7581,-11.1378,6.6718,68.1679,85.1756,40.53,On Belt
116350,-4.5274,-1.2019,-6.6535,1.0076,153.1145,32.7786,40.39,On Belt
116400,-5.9089,-1.7957,-4.1827,-9.0382,188.8855,-35.3740,40.58,On Belt
116450,-10.2256,-3.2585,-7.1898,6.3053,130.9008,-51.1603,40.58,On Belt
116500,-12.4355,2.9616,-5.8586,6.0611,50.2290,-34.5344,40.34,On Belt
116550,-6.9121,0.8212,-6.1699,-14.0305,18.8702,-20.9924,40.44,On Belt
116600,-4.6112,-0.7135,-5.0470,2.0763,3.4504,3.1450,40.39,On Belt
116650,-4.4676,-1.0247,-5.0709,22.0763,-17.8473,15.0687,40.44,On Belt
116700,-6.1435,-1.8004,-5.9233,37.8321,-57.5725,14.2443,40.25,On Belt
116750,-6.0142,-2.2290,-7.6112,50.9466,-86.6260,10.5649,40.58,On Belt
116800,-5.4061,-0.1580,-9.5984,44.1527,-106.2290,13.4504,40.39,On Belt
116850,-5.4899,-1.2450,-10.1107,38.7328,-87.6947,28.3664,40.39,On Belt
116900,-8.5928,-1.9896,-11.2767,44.4122,-55.0687,-3.9847,40.58,On Belt
116950,-7.7500,5.2194,-8.5760,-64.8092,0.7481,6.8855,40.25,On Belt
117000,-5.4779,-1.7573,-4.8387,-94.6260,-16.3359,-12.8855,40.53,On Belt
117050,-3.7924,-2.1452,-3.5769,-82.9771,-10.9771,-58.8702,40.72,On Belt
117100,-5.3965,-1.7047,-4.2784,-114.4427,8.5802,-75.9847,40.25,On Belt
117150,-9.5984,-0.9984,-5.9855,-133.3893,28.3359,-73.0840,40.39,On Belt
117200,-9.1267,-2.8659,-5.3798,-108.4275,5.3588,-62.3511,40.53,On Belt
117250,-7.2449,-2.8491,-4.8890,-97.0687,-8.9008,-56.7786,40.72,On Belt
117300,-7.2425,-2.2960,-4.2928,-86.4580,-15.8779,-47.5267,40.58,On Belt
117350,-9.1818,-2.2913,-3.6344,-47.5420,-26.5344,-24.0153,40.58,On Belt
117400,-7.8051,-3.4788,-4.4293,3.7252,-31.0229,-5.7252,40.39,On Belt
117450,-6.6535,-4.7094,-5.4109,54.0000,-34.8244,3.5878,40.58,On Belt
117500,-6.7947,-2.3727,-5.5522,108.3817,-15.6336,31.2519,40.67,On Belt
117550,-7.7764,-2.2769,-6.1339,137.8473,-0.7176,62.1374,40.58,On Belt
117600,-6.8618,-2.7653,-7.1754,162.3969,1.6947,89.1908,40.58,On Belt
117650,-6.1411,-2.9257,-7.1347,177.7557,15.9695,105.2672,40.58,On Belt
117700,-6.8570,-2.7366,-6.9528,183.1756,9.3130,117.5725,40.67,On Belt
117750,-6.4284,-2.4684,-6.8522,182.0458,-0.3206,124.2901,40.53,On Belt
117800,-5.3702,2.3870,-7.4077,147.7099,10.9771,111.5267,40.39,On Belt
117850,-7.2808,-0.2035,-6.4428,24.5191,16.3206,50.6565,40.53,On Belt
117900,-7.2449,-3.6440,-6.9073,-41.2061,5.0687,-20.9008,40.67,On Belt
117950,-8.9376,5.3151,-5.5689,-97.5878,28.6412,-23.1756,40.39,On Belt
118000,-7.7692,1.1875,-5.2002,-112.5343,39.0076,-25.7863,40.67,On Belt
118050,-7.2209,-0.4238,-5.5929,-116.4122,48.8092,-8.0916,40.39,On Belt
118100,-7.2975,-2.0542,-5.7796,-92.4275,64.9160,-18.9771,40.25,On Belt
118150,-8.9591,-0.9888,-5.1691,-70.1527,64.1679,-21.5114,40.67,On Belt
118200,-8.9807,0.4429,-4.4867,-51.9542,52.5954,-7.0534,40.39,On Belt
118250,-8.6503,0.2849,-4.1156,-35.7405,45.7405,-3.5573,40.44,On Belt
118300,-8.4372,-0.3448,-4.0965,-11.0229,17.2824,16.1527,40.86,On Belt
118350,-8.6383,0.3687,-4.6400,13.6489,0.2443,34.9160,40.34,On Belt
118400,-8.3629,0.0383,-4.6376,36.9313,-8.9924,55.8321,40.67,On Belt
118450,-6.8331,-0.5483,-5.2002,65.3435,-12.2290,72.3664,40.58,On Belt
118500,-6.2321,-0.9625,-5.9352,101.2214,-1.7099,92.0153,40.58,On Belt
118550,-5.9304,-0.2418,-6.5050,129.4657,7.9695,114.9466,40.53,On Belt
118600,-5.8682,-0.0982,-7.3741,149.5420,27.2214,136.7176,40.53,On Belt
118650,-6.3758,1.1708,-8.0900,158.3817,42.2137,160.1985,40.34,On Belt
118700,-7.2784,1.6999,-9.4212,154.6412,52.3511,180.6870,40.39,On Belt
118750,-6.8594,0.9505,-8.1211,114.9771,39.6183,178.4733,40.34,On Belt
118800,-5.7820,-0.5435,-6.3039,60.0458,5.0992,137.8015,40.67,On Belt
118850,-5.5043,-1.7957,-5.1882,27.6489,-40.9618,95.9847,40.77,On Belt
118900,-4.8818,-2.0806,-6.6367,30.7176,-82.4427,65.0840,40.53,On Belt
118950,-3.7876,-0.3950,-10.2472,55.9695,-40.3664,94.0916,40.58,On Belt
119000,-5.3079,-1.4557,-7.5633,81.6489,-7.6641,96.6412,40.53,On Belt
119050,-5.2888,-0.2227,-6.8785,75.9389,-25.5420,76.3817,40.44,On Belt
119100,-4.7166,-0.5148,-6.9552,52.5191,-38.3817,40.8855,40.72,On Belt
119150,-4.6615,-1.7310,-6.3662,45.6031,-49.7099,-3.6489,40.58,On Belt
119200,-3.5889,1.0056,-9.0836,64.5343,-40.3664,21.4504,40.58,On Belt
119250,-6.7947,0.5411,-8.4324,95.2977,3.2519,33.6336,40.39,On Belt
119300,-7.3239,0.7566,-8.5712,67.9084,-9.6947,23.9695,40.53,On Belt
119350,-6.8977,1.3958,-6.7516,10.2290,-22.9924,-3.4504,40.44,On Belt
119400,-6.9001,0.3735,-5.4420,-37.9847,-37.5420,-34.9771,40.39,On Belt
119450,-6.3231,-0.4070,-5.5569,-54.1679,-24.7939,-39.3740,40.77,On Belt
119500,-7.3526,-1.8435,-5.6575,-61.2824,1.7252,-32.3359,40.44,On Belt
119550,-7.1970,-3.0119,-5.3798,-65.4046,7.5878,-36.4733,40.53,On Belt
119600,-7.6495,-3.8403,-5.6743,-62.4275,6.7786,-41.7863,40.25,On Belt
119650,-7.6974,-3.0813,-4.7166,-35.3435,-22.2443,-19.7405,40.53,On Belt
119700,-7.3933,-1.7573,-4.0773,0.5496,-31.6641,-2.3817,40.39,On Belt
119750,-7.2808,-2.4660,-4.0821,41.6031,-21.3740,13.4962,40.58,On Belt
119800,-6.2058,-4.9009,-7.3119,109.1908,-4.0763,29.8168,40.77,On Belt
119850,-5.8395,-3.2585,-7.0557,164.1679,9.1756,68.5038,40.53,On Belt
119900,-8.0565,-2.8778,-7.4148,206.4275,-0.1374,79.6641,40.58,On Belt
119950,-9.8426,-2.7509,-8.4587,214.0916,-23.0229,101.1756,40.67,On Belt
120000,-8.0086,1.5467,-7.3310,194.5954,-30.4122,98.6565,40.34,On Belt
120050,-7.2927,1.2163,-8.4348,75.6794,-20.3359,84.9466,40.34,On Belt
120100,-6.4165,-0.6201,-7.1251,-14.0000,-57.1756,41.0687,40.44,On Belt
120150,-4.4484,-2.6288,-5.8083,-34.6412,-53.3740,-26.6870,40.53,On Belt
120200,-3.3974,2.8395,-8.6694,-66.3206,46.7176,56.2137,40.39,On Belt
120250,-5.8802,-2.0662,-7.0844,-53.0992,161.3740,19.3740,40.53,On Belt
120300,-6.9025,-1.7621,-4.8866,-58.8550,194.5649,-7.7405,40.15,On Belt
120350,-13.6278,-3.1029,-8.8849,-41.6336,187.6641,-2.3206,40.67,On Belt
120400,-11.2887,-1.2785,-5.9759,9.8321,135.1298,32.6412,40.53,On Belt
120450,-8.3534,-0.9697,-4.9991,35.0992,127.2366,21.0687,40.39,On Belt
120500,-8.2169,-1.2450,-4.7262,74.9160,60.9924,47.2366,40.67,On Belt
120550,-7.7452,-0.7733,-4.3910,106.4733,-6.6107,71.8931,40.58,On Belt
120600,-6.3925,-2.0351,-6.7277,121.3740,-83.4351,80.8550,40.34,On Belt
120650,-6.0573,0.5866,-6.7109,74.0305,-130.2595,54.5344,40.58,On Belt
120700,-5.8802,-0.9337,-7.8985,2.5496,-178.9160,24.1985,40.53,On Belt
120750,-4.4221,-0.7015,-8.2576,-78.7634,-126.8702,-64.5954,40.53,On Belt
120800,-6.2776,0.3304,-8.2145,-93.2977,-19.4656,-22.5496,40.44,On Belt
120850,-8.4300,-3.5051,-6.4069,-84.3664,-21.8779,-35.4046,40.67,On Belt
120900,-7.9918,-4.3838,-6.6894,-83.5573,-22.5649,-55.5725,40.53,On Belt
120950,-8.0924,-1.5299,-4.6615,-93.7557,-24.3664,-57.8473,40.53,On Belt
121000,-7.4388,-0.9936,-4.7716,-113.0229,-15.7252,-71.2366,40.39,On Belt
121050,-7.0198,-2.6983,-4.4532,-121.5725,-26.1069,-76.7176,40.67,On Belt
121100,-7.4795,-1.4748,-4.3000,-96.4733,-64.7023,-52.8550,40.86,On Belt
121150,-3.8403,0.2801,-5.7006,-47.6947,-28.5496,7.8321,40.25,On Belt
121200,-3.8451,-0.3974,-6.0573,10.2290,35.8473,57.2061,40.44,On Belt
121250,-6.2752,-2.5714,-8.2744,31.2977,126.3511,124.5649,40.58,On Belt
121300,-9.0932,-0.9026,-5.3558,39.6183,184.0000,70.3969,40.34,On Belt
121350,-12.4139,-2.9377,-9.0836,65.4657,174.0916,65.3435,40.58,On Belt
121400,-9.7348,-1.1420,-7.0006,123.9237,129.2061,88.0916,40.44,On Belt
121450,-7.5824,0.6297,-5.3750,140.0458,104.7176,84.0153,40.39,On Belt
121500,-6.7660,2.9449,-4.4676,135.1298,31.7099,100.9771,40.15,On Belt
121550,-5.7389,0.8739,-5.0398,54.4275,-42.4122,89.6183,40.39,On Belt
121600,-6.2034,-1.5874,-5.7054,18.9160,-131.4809,78.5343,40.20,On Belt
121650,-6.2560,-2.6935,-7.3694,-1.7099,-193.4657,56.1221,40.58,On Belt
121700,-8.9112,-6.3231,-10.4172,-5.0076,-180.4275,-22.0916,40.34,On Belt
121750,-5.2792,-2.6264,-7.1419,-18.2595,-124.7786,-106.1374,40.44,On Belt
121800,-8.1092,4.5418,-6.5841,-55.6031,-48.4427,7.2061,40.44,On Belt
121850,-8.7604,-3.7804,-7.7189,-92.4580,-16.3969,-13.2061,40.39,On Belt
121900,-8.2025,-5.2170,-7.4340,-89.4351,-10.1527,-40.5649,40.44,On Belt
121950,-5.5019,-0.8667,-3.7158,-108.1221,8.9924,-69.8321,40.34,On Belt
122000,-8.0852,-1.1612,-4.6088,-149.0076,11.0840,-61.1145,40.58,On Belt
122050,-8.8992,-2.2027,-4.5945,-130.3206,-27.8015,-44.5954,40.53,On Belt
122100,-5.3008,0.1891,-3.3112,-103.7405,-54.7786,-22.9008,40.53,On Belt
122150,-3.5602,-0.8092,-5.0757,-56.1832,1.9542,38.8397,40.44,On Belt
122200,-6.4165,-3.2872,-8.4659,-19.7557,87.8931,86.8550,40.77,On Belt
122250,-8.6167,-1.2929,-6.8881,9.1908,182.4886,85.5267,40.53,On Belt
122300,-11.5927,-3.5506,-7.8937,47.5878,198.4122,54.5191,40.72,On Belt
122350,-10.7069,-2.3535,-7.2664,135.4962,143.6947,74.1374,40.39,On Belt
122400,-7.3334,1.1779,-5.1811,175.1908,99.4962,94.1221,40.58,On Belt
122450,-8.8969,5.2744,-3.8858,155.6947,33.0992,104.5802,40.44,On Belt
122500,-6.6966,0.3424,-5.9137,53.0992,-43.5573,94.6565,40.58,On Belt
122550,-5.0422,0.2945,-4.5394,-2.6870,-109.6947,63.4198,40.53,On Belt
122600,-6.6272,-3.5171,-6.8307,-37.1450,-168.3817,76.5649,40.53,On Belt
122650,-8.3989,-7.8458,-9.2368,4.4275,-193.0076,23.2366,40.44,On Belt
122700,-7.9152,-4.4796,-9.0908,-10.8397,-124.1832,-70.7786,40.67,On Belt
122750,0.9170,11.6191,-9.2368,11.8931,-67.0076,-14.7634,40.39,On Belt
122800,-8.3366,0.3615,-3.1508,11.3435,1.8931,19.1908,40.53,On Belt
122850,-6.6128,-3.9097,-6.3015,-4.7939,17.8931,2.0458,40.77,On Belt
122900,-7.5561,-2.5546,-5.3702,-21.4351,45.1450,-42.8702,40.53,On Belt
122950,-9.9838,0.6776,-4.6304,-49.8015,17.2366,2.1221,40.53,On Belt
123000,-6.6918,-2.4110,-4.1659,-47.1908,7.2672,-12.9160,40.44,On Belt
123050,-5.6910,-3.6751,-4.3048,-46.3206,-14.9771,-10.9771,40.58,On Belt
123100,-4.6998,1.2594,-8.0445,-9.6947,-0.0763,38.4580,40.34,On Belt
123150,-3.3064,-1.7980,-6.4667,50.0153,82.5496,47.7710,40.44,On Belt
123200,-5.7700,-2.6432,-8.9878,58.7481,192.3206,63.9695,40.67,On Belt
123250,-11.1187,-2.3415,-7.9535,105.6489,195.2519,34.9771,40.67,On Belt
123300,-11.8728,-1.2115,-7.5226,138.7023,116.3969,66.2595,40.44,On Belt
123350,-7.2927,2.4780,-7.1180,164.9008,50.2290,79.4351,40.72,On Belt
123400,-6.6702,4.4796,-8.2049,76.2901,2.9618,66.4122,40.53,On Belt
123450,-6.4691,0.2753,-6.5410,-50.8855,-60.5802,41.2061,40.53,On Belt
123500,-6.0190,-3.9911,-6.1172,-55.3740,-116.2901,21.6794,40.72,On Belt
123550,-6.0334,-4.4293,-5.9544,-27.9847,-154.9924,12.6260,40.44,On Belt
123600,-7.0988,-5.2936,-7.6327,3.2519,-175.3282,-10.8244,40.58,On Belt
123650,-5.5809,-3.6583,-7.0222,22.1527,-166.4275,-44.1221,40.53,On Belt
123700,-4.6783,1.8914,-9.4164,69.2366,-124.8550,-71.8015,40.44,On Belt
123750,-8.2049,6.7540,-5.8275,-21.0840,37.0840,41.8015,40.44,On Belt
123800,-7.0868,-3.8906,-5.4324,-62.2901,38.2290,19.4351,40.86,On Belt
123850,-5.8945,-3.3662,-5.0159,-87.2214,48.0000,-19.3893,40.53,On Belt
123900,-8.4779,-6.7397,-7.7955,-112.0305,73.6489,-80.7328,40.67,On Belt
123950,-7.8961,1.3958,-3.6943,-129.6947,75.5267,-90.7939,40.34,On Belt
124000,-7.6255,-4.6663,-5.7772,-148.7634,57.3588,-106.5343,40.39,On Belt
124050,-6.1004,-4.2713,-5.1236,-155.8779,36.4885,-116.9160,40.39,On Belt
124100,-5.5402,-3.8044,-3.9241,-140.7176,4.0458,-117.5420,40.34,On Belt
124150,-7.2712,0.2490,-5.0422,-106.8397,-28.8244,-68.3664,40.39,On Belt
124200,-8.4420,-0.4693,-6.3638,-26.1069,-24.4122,15.1298,40.67,On Belt
124250,-4.7956,-1.0367,-8.8226,28.8855,24.2290,109.0229,40.44,On Belt
124300,-7.8243,-0.4022,-10.5034,60.3053,113.2824,210.7023,40.53,On Belt
124350,-7.5681,-1.9752,-8.6048,86.1527,177.3435,173.5573,40.53,On Belt
124400,-6.4021,-1.5490,-6.9959,99.8168,192.5191,142.7023,40.44,On Belt
124450,-6.2632,0.6081,-8.5832,157.1603,136.5191,180.5191,40.58,On Belt
124500,-6.5649,5.1475,-7.6710,94.2748,67.3130,132.2290,40.44,On Belt
124550,-5.5091,1.7861,-5.2720,-20.5954,-13.9847,104.2748,40.58,On Belt
124600,-5.2409,-2.7797,-5.1523,-66.3359,-85.5573,71.7557,40.53,On Belt
124650,-4.7669,-4.6998,-4.3670,-20.6412,-134.7023,50.0458,40.44,On Belt
124700,-6.4763,-6.1148,-8.0254,32.2901,-182.1069,38.0000,40.53,On Belt
124750,-8.0086,-6.1411,-8.9016,69.0076,-222.1679,8.4733,40.34,On Belt
124800,-9.0740,-6.1723,-11.0540,90.8397,-215.4504,-64.0000,40.25,On Belt
124850,1.1971,24.5070,-19.3595,121.0229,-132.4427,-17.0229,40.58,On Belt
124900,-8.2073,4.4819,-5.8371,-51.6183,28.3817,26.8244,40.34,On Belt
124950,-4.9799,-2.3703,-5.0206,-108.1221,22.9466,8.8244,40.53,On Belt
125000,-5.7916,-5.0901,-6.1387,-140.0916,63.9847,-62.9618,40.53,On Belt
125050,-6.5434,-5.7533,-6.6032,-151.7252,86.6260,-114.5802,40.53,On Belt
125100,-6.1699,-4.8507,-5.5857,-146.9008,81.6794,-134.5191,40.25,On Belt
125150,-8.8418,-2.3607,-6.0980,-162.0305,44.9160,-92.3817,40.44,On Belt
125200,-9.3350,-1.5299,-5.7964,-145.1908,29.9695,-89.4351,40.34,On Belt
125250,-10.3214,-1.2450,-5.6719,-153.8473,11.7863,-45.4046,40.34,On Belt
125300,-10.3094,-2.2362,-5.4396,-81.7099,-27.0992,39.2824,40.25,On Belt
125350,-7.4220,-3.2417,-5.2289,-2.2595,-28.9924,107.9695,40.44,On Belt
125400,-5.5091,-4.2425,-6.3446,69.1298,-16.3664,133.1145,40.39,On Belt
125450,-5.9233,-0.6656,-6.5098,139.9084,11.0992,169.5573,40.34,On Belt
125500,-6.6583,1.6568,-6.0645,166.0153,24.1985,210.4733,40.53,On Belt
125550,-5.3726,0.2610,-5.9664,188.3359,20.7176,238.8550,40.44,On Belt
125600,-5.3630,-2.2841,-6.6200,214.3817,4.9313,261.2061,40.58,On Belt
125650,-5.7628,-3.8834,-6.2920,228.1069,-27.4504,278.1069,40.39,On Belt
125700,-6.3734,-4.6878,-7.2329,232.9771,-68.7939,286.9924,40.67,On Belt
125750,-7.5944,-2.1979,-8.8370,185.6794,-105.1756,265.7099,40.58,On Belt
125800,-7.8410,-4.0941,-8.7724,114.5191,-132.1527,233.2672,40.39,On Belt
125850,-6.9528,-4.4149,-8.9807,98.6565,-146.6260,208.4275,40.53,On Belt
125900,-5.0398,-5.1523,-7.5106,84.3817,-118.3664,143.7710,40.58,On Belt
125950,-5.0685,-5.1356,-7.4268,110.1221,-96.9008,96.8550,40.44,On Belt
126000,-3.9289,-3.2609,-7.7285,136.6870,-77.0382,44.7328,40.58,On Belt
126050,-4.3598,-1.3671,-8.3270,114.8702,-38.9618,-23.7252,40.53,On Belt
126100,-5.7174,-0.5100,-8.5808,73.8626,-16.5802,-92.9618,40.34,On Belt
126150,-6.4979,0.4166,-8.0804,6.8550,-9.1756,-154.2290,40.58,On Belt
126200,-12.9718,3.4572,-5.8873,-38.3359,-13.6336,-14.5496,40.53,On Belt
126250,-7.8458,-3.8930,-6.7612,-31.7099,-17.0229,-12.6260,40.25,On Belt
126300,-6.6152,1.6688,-4.1803,-31.9237,43.0992,-9.7863,40.44,On Belt
126350,-10.3956,-4.4125,-5.1164,0.4427,34.2595,-13.6794,40.77,On Belt
126400,-7.5896,-1.5107,-4.4173,-33.5878,35.3130,-10.3969,40.34,On Belt
126450,-5.5929,-4.0797,-4.9656,-48.7023,53.9847,-31.2366,40.39,On Belt
126500,-4.9440,-3.6583,-4.0917,-59.4504,72.6260,-66.2901,40.58,On Belt
126550,-6.2537,-3.8068,-4.3622,-56.1679,76.2595,-93.5573,40.39,On Belt
126600,-9.2847,-1.9010,-4.8363,-50.7939,43.8321,-60.8244,40.44,On Belt
126650,-9.8881,-0.7350,-4.9249,-5.9389,14.5344,-24.8550,40.39,On Belt
126700,-8.7508,-1.5634,-5.3989,12.3511,16.3664,-7.6794,40.44,On Belt
126750,-7.9942,-2.4110,-5.2768,19.7252,0.9008,20.7786,40.53,On Belt
126800,-7.3981,-3.5817,-6.3159,72.7176,-26.3969,48.9160,40.53,On Belt
126850,-6.4260,-3.3399,-7.3813,122.8702,-28.9313,70.8092,40.39,On Belt
126900,-5.9903,-3.0191,-7.6710,147.8626,-15.2977,104.3817,40.44,On Belt
126950,-6.6655,-3.4692,-9.0501,179.4809,-13.9695,147.1756,40.53,On Belt
127000,-4.9273,-1.2019,-8.9447,200.2595,5.0382,174.0763,40.53,On Belt
127050,-5.1882,4.2808,-11.8872,118.0305,89.5267,179.0229,40.39,On Belt
127100,-6.5649,-1.3240,-9.7252,19.2366,144.7786,129.2519,40.58,On Belt
127150,-4.1084,-0.8763,-4.3862,-18.6260,160.7023,39.6641,40.67,On Belt
127200,-6.1268,-5.8155,-5.8059,-6.5802,155.3740,-17.4809,40.06,On Belt
127250,-7.7548,-6.4260,-7.0366,49.2824,134.9924,-80.7176,40.39,On Belt
127300,-6.9456,-0.8475,-5.1356,68.9466,87.5420,-148.5343,40.53,On Belt
127350,-12.7922,6.8163,-7.8099,-140.2748,-45.0229,-109.9695,40.44,On Belt
127400,-5.3702,-1.4006,-5.8299,-112.1679,-52.7023,-70.8092,40.44,On Belt
127450,-6.4763,-1.7286,-4.7118,-69.4504,-110.6565,-58.8092,40.44,On Belt
127500,-5.7341,-4.0414,-8.4204,2.4733,-115.8779,-11.6489,40.25,On Belt
127550,-5.9328,-5.2840,-7.8290,60.3969,-114.9008,14.7634,40.67,On Belt
127600,-8.8538,-2.5522,-11.5544,125.0840,-39.2366,57.7710,40.34,On Belt
127650,-10.9583,2.0853,-5.2720,43.0534,-5.9084,47.8015,40.44,On Belt
127700,-6.7804,-0.6704,-4.9728,-8.0458,-55.8168,-0.0153,40.25,On Belt
127750,-4.4053,-1.0199,-3.6105,-71.5267,-77.4962,-34.0458,40.39,On Belt
127800,-6.9695,-4.8387,-6.5170,-94.6565,-69.3282,-80.2290,40.44,On Belt
127850,-6.3686,1.6137,-4.8722,-74.4122,-81.5115,-81.6183,40.53,On Belt
127900,-6.6726,-1.2067,-5.4995,-101.3893,-56.1221,-76.7176,40.34,On Belt
127950,-6.8953,-3.0358,-5.5761,-115.1450,-38.4733,-88.6565,40.53,On Belt
128000,-7.3741,-1.6568,-4.8650,-96.8702,-57.4046,-76.8092,40.58,On Belt
128050,-7.8913,-2.3439,-5.7006,-87.6641,-63.4198,-58.0000,40.44,On Belt
128100,-7.6926,-2.9832,-6.5841,-70.8855,-52.4122,-55.0076,40.44,On Belt
128150,-8.2528,-2.8874,-7.5776,-41.7863,-42.7481,-7.5573,40.25,On Belt
128200,-4.8961,-2.6240,-7.3167,5.1908,2.5038,34.8397,40.58,On Belt
128250,-6.8402,0.9912,-10.6542,-10.1374,87.1450,105.5725,40.58,On Belt
128300,-7.7572,-4.1180,-7.6160,18.7939,182.9924,95.7557,40.53,On Belt
128350,-5.5402,-0.1676,-4.7573,13.4656,249.0687,6.2290,40.53,On Belt
128400,-11.8705,-4.4053,-10.1754,4.8244,234.0916,2.0611,40.44,On Belt
128450,-14.6334,5.1020,-5.8395,-11.5878,133.2977,52.3511,40.44,On Belt
128500,-7.5465,0.1796,-3.7421,-63.0229,79.7710,0.5802,40.53,On Belt
128550,-4.3239,-3.1125,-3.1268,-44.1221,36.2290,-8.7481,40.39,On Belt
128600,-4.2329,-1.9225,-3.5674,2.3664,-5.8168,-2.9313,40.67,On Belt
128650,-4.9871,-1.5443,-5.6671,66.3206,-55.5420,38.0153,40.39,On Belt
128700,-4.1827,-1.7334,-10.3070,131.7863,-63.8473,105.2977,40.34,On Belt
128750,-6.3686,-3.0622,-9.6726,195.1450,-70.2595,127.2366,40.25,On Belt
128800,-7.9847,-2.5307,-9.3829,137.3893,-124.4580,101.6183,40.53,On Belt
128850,-10.3813,-1.1157,-13.0316,67.6794,-183.8626,68.3969,40.67,On Belt
128900,-4.5777,0.0910,-9.7636,-92.6718,-124.9618,-33.7710,40.39,On Belt
128950,-3.7230,0.4525,-6.0118,-114.5802,-109.4962,-46.9008,40.39,On Belt
129000,-4.0917,-0.9170,-4.7190,-164.0763,-74.5191,-62.8702,40.44,On Belt
129050,-5.9568,-5.3726,-6.7660,-173.9695,-34.1374,-120.0763,40.25,On Belt
129100,-5.0278,-0.7063,-3.3639,-160.3512,-37.4656,-133.4809,40.39,On Belt
129150,-6.4979,-1.7358,-4.7956,-164.0458,-52.8397,-98.4427,40.53,On Belt
129200,-7.6519,-4.1276,-5.7509,-117.7557,-37.6183,-93.7710,40.34,On Belt
129250,-6.6104,-2.5379,-3.6631,-87.6489,-40.1679,-84.5802,40.39,On Belt
129300,-8.5545,-1.8100,-5.2313,-34.9160,-33.1756,-25.3435,40.53,On Belt
129350,-10.2687,-3.0095,-5.8035,23.6947,4.6412,25.0840,40.72,On Belt
129400,-7.5226,-2.1931,-7.5250,109.7557,1.0534,92.6565,40.53,On Belt
129450,-7.8075,4.1420,-8.4851,112.5802,96.3359,205.1298,40.67,On Belt
129500,-8.5258,-3.2465,-7.6591,118.7328,159.2977,226.0305,40.34,On Belt
129550,-4.0701,-0.8308,-4.8052,105.2977,242.2595,106.5802,40.25,On Belt
129600,-8.8394,-2.4301,-9.0261,94.0611,277.3893,47.8015,40.25,On Belt
129650,-11.7867,4.8937,-6.9911,133.9695,174.4580,99.7099,40.39,On Belt
129700,-5.0757,2.3559,-3.0885,37.4656,85.7863,39.4198,40.58,On Belt
129750,-5.0949,-1.6855,-3.4907,-32.9160,44.9008,2.8550,40.44,On Belt
129800,-4.7812,-4.4317,-3.6871,4.9771,-18.7634,0.7939,40.34,On Belt
129850,-5.6838,-3.2154,-4.8890,70.5954,-99.6641,-3.7863,40.39,On Belt
129900,-9.6295,-3.8618,-10.9630,80.6260,-218.9618,19.9084,40.67,On Belt
129950,-10.4962,-6.0669,-14.2479,56.5191,-252.4427,-79.9237,40.34,On Belt
130000,-5.2361,4.6136,-19.2542,54.9313,-116.7939,39.2519,40.39,On Belt
130050,-4.9033,1.6688,-5.9520,-118.0763,-28.0153,4.8702,40.53,On Belt
130100,-3.6129,-0.7254,-3.6296,-117.8321,-46.8244,-30.6107,40.58,On Belt
130150,-5.1020,-4.3598,-5.5354,-156.9466,-28.7786,-57.2824,40.39,On Belt
130200,-7.3622,-6.4069,-7.0701,-127.9695,-13.1145,-134.1832,40.34,On Belt
130250,-3.7517,-1.9800,-3.5530,-141.9084,-24.7176,-129.4046,40.39,On Belt
130300,-3.8595,-3.8188,-4.3574,-148.3817,-17.7099,-140.1069,40.44,On Belt
130350,-6.0549,-5.7916,-6.3135,-150.8092,11.0229,-183.1298,40.44,On Belt
130400,-8.8418,11.7531,-2.5474,-101.4046,18.1832,-119.7557,40.53,On Belt
130450,-11.6741,-1.4054,-4.8961,-4.5649,26.0763,-3.1298,40.67,On Belt
130500,-10.0293,-4.0055,-5.2912,24.3359,-0.0763,90.0916,40.44,On Belt
130550,-6.5817,0.4717,-10.7308,112.5954,51.1908,187.2519,40.39,On Belt
130600,-12.8808,3.4931,-7.6136,67.2061,101.2824,302.7634,40.44,On Belt
130650,-6.3853,-3.4668,-7.1658,106.3206,183.4198,206.3206,40.58,On Belt
130700,-5.3893,-1.2282,-5.0566,77.6489,216.7786,170.0458,40.72,On Belt
130750,-7.0677,-5.1164,-6.5817,84.0000,206.3817,141.8626,40.44,On Belt
130800,-7.5417,7.3885,-3.1603,72.5496,115.8779,132.7939,40.39,On Belt
130850,-5.3103,0.3017,-5.5952,19.1603,3.6794,130.4275,40.39,On Belt
130900,-4.9177,-2.2817,-4.9823,4.7786,-63.8473,108.4885,40.34,On Belt
130950,-4.3718,-2.6743,-5.1715,35.6489,-135.7557,96.4122,40.58,On Belt
131000,-7.2544,-4.3981,-8.0565,47.3435,-205.2214,84.2137,40.25,On Belt
131050,-7.7021,-5.6790,-10.1945,66.4122,-251.4351,46.5038,40.15,On Belt
131100,-11.3629,-6.6391,-13.4650,95.1145,-260.6718,-42.1374,40.44,On Belt
131150,-0.3496,16.5080,-17.1377,34.6412,-132.5496,14.7023,40.53,On Belt
131200,-5.5258,3.2010,-6.1172,-37.1603,4.8855,12.6565,40.67,On Belt
131250,-4.1396,-1.8148,-4.6543,-95.8779,29.7557,1.3740,40.39,On Belt
131300,-5.3415,-5.3008,-5.8299,-139.4198,76.8550,-51.2061,40.53,On Belt
131350,-6.6463,-5.8203,-6.3734,-139.5878,104.8092,-116.6565,40.53,On Belt
131400,-6.6248,-4.9177,-5.7365,-134.0763,90.7939,-126.7023,40.44,On Belt
131450,-9.2727,-1.6783,-6.0358,-143.2061,48.1374,-73.7405,40.39,On Belt
131500,-9.8761,-2.1332,-5.8993,-116.0000,29.9695,-47.4046,40.58,On Belt
131550,-9.8450,-1.9154,-4.1851,-67.3893,15.6641,9.0382,40.58,On Belt
131600,-8.2265,-3.6799,-3.6200,19.0534,-20.0458,68.0305,40.34,On Belt
131650,-6.1770,-4.7884,-5.5450,103.9237,-35.4809,104.2137,40.72,On Belt
131700,-4.0007,-2.1955,-7.7309,169.6336,-11.0534,146.6412,40.34,On Belt
131750,-4.9943,-2.1907,-8.5018,204.7481,40.5802,196.2595,40.44,On Belt
131800,-5.6336,-0.8332,-8.9663,214.5802,75.9389,247.0534,40.39,On Belt
131850,-5.9807,-0.5411,-7.4029,224.7634,81.7557,276.2137,40.34,On Belt
131900,-6.4548,1.9297,-7.7285,193.7252,97.2824,226.3206,40.39,On Belt
131950,-7.9009,0.1365,-7.2185,73.0382,70.3664,193.4351,40.67,On Belt
132000,-7.1515,-2.9999,-6.2728,24.8702,-1.4962,166.9618,40.53,On Belt
132050,-6.4308,-5.0374,-6.3255,26.1679,-48.0916,126.8550,40.25,On Belt
132100,-5.1882,-4.9871,-5.3391,36.1527,-54.6870,75.8168,40.39,On Belt
132150,-1.2665,2.4277,-10.2759,68.8397,-21.9695,128.2290,40.53,On Belt
132200,-4.2138,-1.9920,-7.0126,140.2595,19.0534,152.9313,40.39,On Belt
132250,-5.1930,-2.7222,-6.4428,127.8321,38.4733,138.2290,40.01,On Belt
132300,-5.5593,-1.1061,-7.3526,124.0000,9.5115,122.4885,40.53,On Belt
132350,-5.8730,-1.3743,-7.5920,101.6031,-21.9084,106.4885,40.39,On Belt
132400,-5.6288,-3.2944,-8.0182,65.6794,-36.1832,65.5115,40.06,On Belt
132450,-4.6376,-3.9265,-8.6383,52.6107,-3.9389,13.7405,40.15,On Belt
132500,-3.9337,-2.1308,-7.8314,93.8321,-14.9466,81.7252,40.58,On Belt
132550,-5.0685,-2.4636,-7.8243,172.8855,-61.5573,119.3893,40.39,On Belt
132600,-6.0118,-1.2881,-9.6127,113.4351,-57.6336,65.1908,40.67,On Belt
132650,-5.6743,-0.0575,-8.8178,11.4198,-45.2061,8.4427,40.44,On Belt
132700,-5.6120,-3.0119,-7.7165,-42.4275,-12.6870,-56.0458,40.39,On Belt
132750,-7.5250,3.5745,-3.9648,-94.4885,36.4122,-68.1069,40.67,On Belt
132800,-10.8290,-0.9457,-5.6575,-135.0992,26.7023,-27.8321,40.39,On Belt
132850,-9.3134,-2.4732,-6.0382,-132.3664,24.1221,-14.4885,40.44,On Belt
132900,-4.8650,-2.6887,-2.6217,-105.5420,-9.0687,3.4046,40.39,On Belt
132950,-4.5179,-3.8451,-3.2753,-75.7252,-23.4656,-10.4580,40.34,On Belt
133000,-5.8012,-4.0749,-4.7764,-0.6412,-27.5878,-18.2748,40.34,On Belt
133050,-7.3215,-4.5418,-7.1635,71.0534,-2.7481,27.5420,40.53,On Belt
133100,-7.2927,-2.2721,-5.4779,147.0840,10.5954,66.4885,40.44,On Belt
133150,-7.6183,-2.1308,-6.5601,177.2366,3.3130,99.1145,40.67,On Belt
133200,-7.0006,-2.2218,-7.2616,198.0305,-17.8473,113.7099,40.25,On Belt
133250,-6.3638,-0.5770,-8.6000,197.1603,-27.8168,134.8702,40.58,On Belt
133300,-6.4236,-1.6328,-8.6718,172.0611,-22.3206,158.3664,40.44,On Belt
133350,-7.2903,-2.3439,-8.2504,143.0534,-26.6412,145.6031,40.53,On Belt
133400,-5.5282,-1.3024,-6.4883,102.6718,-32.3969,87.7405,40.44,On Belt
133450,-6.4117,-1.1277,-7.3023,25.5878,-22.2748,15.2824,40.67,On Belt
133500,-0.8882,-0.0862,-7.3861,13.5573,40.5649,-53.8321,40.39,On Belt
133550,-3.9624,-0.5076,-7.4364,4.0153,189.9847,-63.5420,40.25,On Belt
133600,-10.4244,-3.0502,-6.5386,27.6336,163.7099,-75.6489,40.39,On Belt
133650,-11.2815,0.6800,-6.1555,28.8244,101.5115,-76.1069,40.39,On Belt
133700,-7.8865,1.4222,-6.3398,-4.6107,35.9847,-52.6412,40.34,On Belt
133750,-7.0773,-2.2194,-5.9113,-31.3435,19.4351,-45.1756,40.44,On Belt
133800,-5.7389,-1.8747,-4.0294,-38.8550,-13.2061,-44.3053,40.53,On Belt
133850,-5.7221,-2.8898,-4.7309,-31.1145,-49.9389,-32.4733,40.53,On Belt
133900,-5.9903,-3.5051,-6.6487,-0.6107,-76.8092,3.2366,40.25,On Belt
133950,-7.4316,-5.9496,-7.8602,33.1603,-99.7099,16.7176,40.44,On Belt
134000,-7.1706,-6.9001,-7.8314,68.4275,-130.8702,-3.7252,40.53,On Belt
134050,-9.6319,-1.3934,-13.8576,27.4351,-43.7252,11.5878,40.44,On Belt
134100,-12.9454,5.8562,-3.0622,-19.4809,-2.7176,81.9847,40.25,On Belt
134150,-5.0494,-0.4932,-3.2058,-40.2290,-20.7939,50.5344,40.25,On Belt
134200,-2.9808,-0.6273,-2.1548,-75.6794,-6.6718,17.2977,40.34,On Belt
134250,-6.1292,-5.3582,-5.9783,-116.0458,16.5038,-25.7405,40.44,On Belt
134300,-5.4588,-5.2026,-5.0518,-111.0840,43.6794,-100.1527,40.53,On Belt
134350,-5.7030,-1.6161,-3.1771,-106.3817,40.8550,-115.2519,40.44,On Belt
134400,-10.6973,-2.6791,-6.2944,-94.0305,-7.0534,-41.9084,40.25,On Belt
134450,-8.8538,-2.5857,-5.0829,-72.2901,-25.9084,-42.3053,40.39,On Belt
134500,-7.4316,-2.3583,-5.6455,-33.0076,-53.8168,-10.8397,40.53,On Belt
134550,-5.4372,-2.6169,-6.8809,8.8244,-23.3893,36.1527,40.58,On Belt
134600,-5.6767,-2.8970,-7.3239,50.0305,-8.3206,62.0458,40.58,On Belt
134650,-3.3710,-1.1995,-6.6104,93.5420,17.2061,80.1832,40.67,On Belt
134700,-4.2665,0.4405,-9.2009,90.9160,78.9618,136.8397,40.44,On Belt
134750,-5.9520,-3.8451,-10.2496,157.6947,175.1908,79.2824,40.25,On Belt
134800,-8.2193,0.4860,-7.3957,142.9771,218.3512,38.3817,40.20,On Belt
134850,-9.8114,1.1229,-8.6526,186.6870,157.6336,14.5802,40.44,On Belt
134900,-6.6200,3.5889,-6.7325,41.1450,43.0076,-11.6794,40.39,On Belt
134950,-5.2648,-0.8021,-5.0039,-41.1603,-26.5496,-42.0305,40.39,On Belt
135000,-5.8945,-3.0550,-5.7652,-63.6794,-76.2290,-66.8855,40.25,On Belt
135050,-5.1906,-3.5147,-4.9704,-68.4275,-101.4046,-93.4657,40.44,On Belt
135100,-4.8052,-0.3639,-7.9487,-24.3359,-96.9313,20.5649,40.58,On Belt
135150,-6.9336,-5.5689,-6.9911,35.6489,-98.0305,25.1298,40.44,On Belt
135200,-7.0701,-5.4708,-7.9224,28.4886,-127.1145,34.0916,40.44,On Belt
135250,-8.4084,-6.1507,-9.7252,97.9695,-125.8015,-16.4122,40.53,On Belt
135300,-7.2425,0.8523,-14.4251,70.9924,-16.7176,-25.1908,40.39,On Belt
135350,-13.6996,6.2608,-3.6129,18.0916,13.0687,86.8702,40.39,On Belt
135400,-5.5019,1.4676,-4.2737,-37.1298,-12.0763,47.0076,40.53,On Belt
135450,-4.0654,-0.4190,-3.5458,-121.1450,-13.1145,28.3206,40.25,On Belt
135500,-5.2289,-5.1284,-5.7341,-156.2748,12.9771,-22.4580,40.53,On Belt
135550,-4.3455,-3.9456,-4.3646,-148.0611,42.1527,-90.2748,40.53,On Belt
135600,-6.4380,-6.1603,-6.1268,-139.8321,27.3740,-104.0153,40.53,On Belt
135650,-6.6176,-4.3886,-4.9273,-92.8397,8.9924,-141.3282,40.15,On Belt
135700,-10.2472,-4.0534,-7.6806,-39.6183,11.3740,-38.9771,40.25,On Belt
135750,-8.4396,-2.8659,-4.6950,-41.6183,-42.0153,-0.3206,40.25,On Belt
135800,-6.5505,-3.3567,-5.9448,-18.6718,-23.0992,44.6107,40.34,On Belt
135850,-4.9392,-4.8507,-5.3223,49.4504,-21.0840,56.9924,40.44,On Belt
135900,-3.9792,-1.4629,-8.2384,89.0534,18.6718,68.1221,40.44,On Belt
135950,-5.4277,-2.4972,-11.0660,165.3893,121.7252,174.2748,40.25,On Belt
136000,-5.1308,0.3160,-8.2863,221.8015,223.2061,88.4427,40.39,On Belt
136050,-8.5329,-0.0527,-7.0964,208.1069,186.0458,91.5267,40.39,On Belt
136100,-9.2296,6.6367,-8.0062,167.2672,69.1908,26.1832,40.39,On Belt
136150,-5.1978,3.8451,-6.6463,1.3588,-33.9389,-24.8855,40.34,On Belt
136200,-6.1339,-1.1492,-7.8913,-100.0763,-70.5649,-84.3511,40.25,On Belt
136250,-6.0071,-3.7086,-5.9927,-111.1756,-116.1679,-111.8321,40.39,On Belt
136300,-4.0127,-1.8244,-5.5545,-68.9466,-146.4886,-105.4657,40.44,On Belt
136350,-5.2768,-2.7390,-8.0230,-21.5114,-125.1450,-16.1832,40.44,On Belt
136400,-6.2872,-4.6280,-7.9559,28.1527,-83.6489,-12.7023,40.39,On Belt
136450,-6.5122,-4.9560,-7.1778,44.7939,-87.2061,12.0153,40.34,On Belt
136500,-7.0701,-5.2984,-8.7149,113.1908,-88.7634,-7.3282,40.25,On Belt
136550,-13.1585,1.8387,-9.5864,43.6183,39.6947,38.5954,40.39,On Belt
136600,-8.4659,0.2777,-3.0718,20.9008,20.7481,74.5954,40.53,On Belt
136650,-3.8930,0.1939,-1.6759,24.0305,16.6107,49.0229,40.67,On Belt
136700,-3.9552,-1.8747,-3.9002,-31.2824,51.4504,21.2977,40.53,On Belt
136750,-8.3941,-7.8051,-7.8961,-49.5115,74.0153,-28.6107,40.34,On Belt
136800,-7.5848,1.7837,-3.4453,-35.0076,62.9466,-38.5954,40.39,On Belt
136850,-9.4882,-1.3431,-5.2648,-73.3893,43.1603,-21.6183,40.06,On Belt
136900,-7.4675,-2.5714,-4.4796,-68.5649,6.4122,-13.5573,40.53,On Belt
136950,-6.3638,-3.7038,-4.4963,-37.8168,-24.8550,-9.2977,40.67,On Belt
137000,-6.5529,-3.1125,-6.3087,7.5573,-44.0763,11.0382,40.53,On Belt
137050,-7.1874,-2.2697,-7.2281,47.9695,-31.0992,42.4275,40.44,On Belt
137100,-6.3351,-1.8579,-6.8977,54.3053,-22.7634,63.5115,40.44,On Belt
137150,-5.2313,-2.4852,-6.4045,52.8397,-10.5344,69.4962,40.25,On Belt
137200,-4.5610,-1.9800,-6.8881,61.7405,0.4733,84.2748,40.53,On Belt
137250,-5.7461,-2.4612,-9.1818,63.9847,40.4275,79.2366,40.44,On Belt
137300,-4.0845,-0.6393,-9.2512,93.6489,116.4580,152.6718,40.25,On Belt
137350,-4.6663,-2.2027,-6.4811,147.8779,218.4733,35.3282,40.44,On Belt
137400,-8.8059,-4.1013,-7.3454,120.0763,194.8397,24.0611,40.39,On Belt
137450,-10.8529,5.5330,-7.4747,156.3817,67.7405,-15.5725,40.39,On Belt
137500,-5.8634,4.3191,-8.0397,3.5115,-22.7176,-43.8473,40.67,On Belt
137550,-6.1627,-1.5993,-7.7213,-85.8168,-57.6947,-73.4657,40.34,On Belt
137600,-4.0749,-1.8962,-5.9161,-100.4275,-85.8321,-75.1298,40.67,On Belt
137650,-4.0821,-2.6408,-5.6695,-66.0763,-85.8321,-41.1145,40.25,On Belt
137700,-5.7772,-4.0414,-6.3542,-19.7557,-100.8855,-11.4351,40.67,On Belt
137750,-5.8562,-3.8618,-7.1347,25.1908,-111.3893,24.2901,40.44,On Belt
137800,-6.8235,-5.5043,-8.0062,53.0687,-111.8015,13.7710,40.53,On Belt
137850,-5.8586,-3.4788,-8.6024,69.2672,-86.9924,-11.9084,40.67,On Belt
137900,-10.6997,0.5698,-13.7547,26.6412,46.8397,16.5191,40.44,On Belt
137950,-8.4515,1.8794,-3.7014,-33.7252,19.9237,28.5038,40.39,On Belt
138000,-4.9584,-3.6392,-4.3622,-42.5496,-4.1069,8.8855,40.44,On Belt
138050,-3.5051,-1.2713,-3.2178,-71.0534,17.2214,-33.8015,40.53,On Belt
138100,-7.8865,-3.6871,-6.5434,-133.7099,61.4809,-84.9924,40.44,On Belt
138150,-10.9583,-0.6081,-5.5354,-138.7481,28.2137,-54.7481,40.53,On Belt
138200,-7.4316,-2.6791,-4.9704,-135.8015,19.7405,-53.1756,40.34,On Belt
138250,-7.1587,-3.2753,-5.0063,-126.8397,5.4198,-35.3588,40.06,On Belt
138300,-7.3885,-2.4732,-4.9392,-83.0382,-12.9771,-3.2519,40.25,On Belt
138350,-6.6463,-3.7757,-6.1531,-26.3664,-0.0153,31.5725,40.67,On Belt
138400,-5.5905,-4.3335,-5.9999,30.4580,10.4733,63.3130,40.25,On Belt
138450,-6.0693,-2.2793,-5.2601,96.5038,26.0458,90.0305,40.53,On Belt
138500,-8.1379,-2.2865,-5.8419,144.1221,18.1374,110.5038,40.34,On Belt
138550,-8.3845,-0.2729,-6.3398,164.9008,4.7023,140.0763,40.58,On Belt
138600,-4.7956,-1.4030,-6.9887,171.6488,14.7481,160.2443,40.34,On Belt
138650,-4.6974,-2.3248,-7.3646,189.1603,40.3053,169.9389,40.25,On Belt
138700,-5.0422,-2.7438,-7.4244,197.9389,39.4198,182.6412,40.67,On Belt
138750,-5.2672,-1.2809,-8.0637,223.0687,33.0229,153.2061,40.34,On Belt
138800,-6.9647,0.6153,-8.2456,120.6107,-13.5115,123.1145,40.34,On Belt
138850,-6.9839,0.6680,-9.8306,9.0687,-71.8168,64.1374,40.44,On Belt
138900,-6.4260,-3.1436,-9.8713,-62.3359,-80.0916,1.9847,40.39,On Belt
138950,-4.7477,-3.4477,-6.9384,-61.6031,-69.0076,-51.2672,40.53,On Belt
139000,-2.3942,2.2913,-6.0118,-51.6641,-37.8931,-19.2061,40.25,On Belt
139050,-7.1826,-1.1229,-5.5115,-39.6031,12.5038,10.6565,40.39,On Belt
139100,-6.6176,-3.4477,-5.8466,-15.0076,17.2672,8.9924,40.25,On Belt
139150,-6.9839,-2.7078,-5.3870,9.9237,15.0840,-0.5649,40.44,On Belt
139200,-8.6095,-0.1556,-5.1978,19.0992,18.5496,10.6718,40.34,On Belt
139250,-7.8386,-0.7638,-5.2433,24.2901,18.5038,20.4733,40.44,On Belt
139300,-6.3566,-1.1468,-5.3654,29.7252,31.7099,18.0763,40.34,On Belt
139350,-7.4579,-1.1013,-5.6192,34.3206,42.6412,10.4733,40.25,On Belt
139400,-8.2983,0.6704,-5.5713,30.7328,43.6641,9.3130,40.67,On Belt
139450,-7.5106,-0.0599,-5.8849,24.3359,45.0229,17.7557,40.44,On Belt
139500,-7.6902,-1.9010,-6.2201,25.6489,47.4809,29.9695,40.39,On Belt
139550,-7.7428,-1.5419,-5.6096,31.2519,34.0458,40.5496,40.39,On Belt
139600,-6.3111,-2.2984,-5.6551,42.8397,25.0382,55.5267,40.39,On Belt
139650,-5.6599,-2.7797,-5.6264,56.1069,16.3969,65.4351,40.44,On Belt
139700,-6.2297,-2.7438,-6.3351,70.9618,11.8015,79.7863,40.44,On Belt
139750,-6.6056,-1.9417,-6.2944,83.9847,5.7252,102.0153,40.58,On Belt
139800,-6.1986,-1.8555,-6.3422,88.0763,3.4962,107.1908,40.15,On Belt
139850,-6.2369,-2.1572,-6.6894,79.0534,-7.3130,100.7176,40.53,On Belt
139900,-6.3542,-1.9752,-6.9336,65.0840,-19.1298,78.8397,40.53,On Belt
139950,-6.8378,-1.3264,-7.4340,53.2061,-27.3435,63.9542,40.58,On Belt
140000,-6.4620,-1.0391,-6.8067,38.6107,-32.0305,50.4275,40.58,On Belt
140050,-5.1978,-1.9369,-5.9209,22.3359,-35.0534,24.1832,40.53,On Belt
140100,-5.7844,-2.8060,-5.4037,17.7710,-38.6565,-10.1832,40.20,On Belt
140150,-7.4867,-4.0007,-7.7931,22.8855,-28.8855,-35.7863,40.34,On Belt
140200,-6.0023,1.2234,-7.4005,43.5267,10.1832,18.4427,40.39,On Belt
140250,-8.6957,-1.5299,-5.2936,42.2595,0.5191,11.7863,40.44,On Belt
140300,-6.4572,-0.2873,-4.1875,10.7939,-8.2595,-2.0000,40.39,On Belt
140350,-6.6559,-0.2729,-4.6807,-29.7557,-0.7328,-10.1069,40.44,On Belt
140400,-6.1699,-2.4038,-5.0566,-59.5725,21.7710,-16.8397,40.44,On Belt
140450,-7.7093,-5.6407,-7.0030,-72.1069,35.0534,-46.1527,40.25,On Belt
140500,-7.6519,-0.8212,-4.6448,-78.3206,36.3053,-45.8473,40.20,On Belt
140550,-9.6343,-1.1899,-4.7860,-94.9313,21.9695,0.2901,40.39,On Belt
140600,-8.0110,-2.5235,-4.6136,-78.9160,23.7252,3.3588,40.20,On Belt
140650,-8.6024,-4.0845,-5.8395,-47.6794,9.4656,27.2977,40.39,On Belt
140700,-8.0996,-3.9744,-5.0733,17.9695,-19.9542,57.1756,40.34,On Belt
140750,-6.2584,-3.7804,-5.5522,65.9389,-18.0153,73.3435,40.25,On Belt
140800,-5.7245,-3.8044,-5.8059,113.0840,-5.2977,90.8702,40.44,On Belt
140850,-6.3710,-2.1883,-4.7046,140.2595,-4.6870,103.3282,40.34,On Belt
140900,-7.3837,-0.8140,-6.3351,168.7328,-3.4351,125.9084,40.44,On Belt
140950,-6.3255,-2.5187,-8.6455,174.3512,38.1069,147.2672,40.67,On Belt
141000,-5.1858,-2.7294,-7.1658,180.1374,57.4504,167.7557,40.44,On Belt
141050,-3.8092,-2.0446,-6.3710,216.9924,65.4198,164.8397,40.25,On Belt
141100,-5.2313,-3.1580,-7.2880,233.6183,64.0305,159.9695,40.39,On Belt
141150,-5.0805,-2.8132,-7.8195,255.0076,39.1908,130.8092,40.53,On Belt
141200,-5.9759,1.7549,-8.4946,150.9008,-4.1069,94.8855,40.53,On Belt
141250,-5.4540,1.4245,-10.4818,33.8626,-30.8550,43.2672,40.15,On Belt
141300,-7.1204,-2.6217,-9.8952,-50.2901,-27.4656,-10.7634,40.34,On Belt
141350,-7.1467,-5.5569,-7.7285,-47.5267,-53.5267,-30.7634,40.34,On Belt
141400,-3.8834,-0.2011,-6.0262,-26.7176,-44.7939,-29.2366,40.25,On Belt
141450,-6.9192,0.7542,-4.8866,-9.2519,-1.1908,40.9618,40.53,On Belt
141500,-6.0358,-2.5283,-5.1954,3.0382,-4.3359,54.3664,40.44,On Belt
141550,-5.8538,-4.0414,-5.7820,4.9160,5.0687,33.9847,40.39,On Belt
141600,-8.0972,-1.5706,-5.6336,24.8855,9.2519,16.9618,40.44,On Belt
141650,-9.2967,-0.2849,-5.2265,31.3588,4.2595,30.3817,40.34,On Belt
141700,-7.0629,-1.3384,-5.0446,24.6412,-10.2137,24.7023,40.39,On Belt
141750,-5.4612,-1.1851,-5.3056,17.0382,-3.4962,8.4122,40.53,On Belt
141800,-6.6655,-1.4054,-5.6360,15.6183,5.1908,3.0687,40.39,On Belt
141850,-7.3933,-1.6041,-5.4157,17.9389,2.7328,0.1985,40.39,On Belt
141900,-7.6495,-1.6113,-5.3798,19.6489,-7.8321,-2.8244,40.34,On Belt
141950,-7.7812,-1.6735,-5.4133,15.0229,-21.9847,-6.6870,40.25,On Belt
142000,-7.7428,-1.6496,-5.6503,7.8321,-37.6794,-11.4046,40.39,On Belt
142050,-6.9432,-1.4533,-5.8826,2.0763,-52.8092,-9.7099,40.53,On Belt
142100,-5.6360,-1.9489,-6.5003,13.2366,-39.2977,3.0840,40.53,On Belt
142150,-7.9631,-2.4588,-6.5170,12.4885,-20.1527,9.2824,40.39,On Belt
142200,-11.0421,1.7549,-5.0278,-10.0611,-12.6412,-2.3817,40.58,On Belt
142250,-7.9918,-0.5722,-4.8076,-59.6947,-28.0916,-18.3664,40.20,On Belt
142300,-4.6208,-2.0710,-4.4604,-93.2672,-4.6260,-54.3359,40.39,On Belt
142350,-4.6400,-1.7765,-4.1396,-136.2901,28.0000,-80.8855,40.39,On Belt
142400,-7.1898,-2.9904,-5.5115,-151.4046,39.3130,-100.5954,40.25,On Belt
142450,-7.5393,-3.5530,-6.1268,-161.8168,43.2977,-110.6107,40.67,On Belt
142500,-7.4268,-3.3447,-5.7748,-181.6336,34.8855,-95.4657,40.58,On Belt
142550,-7.5776,-4.3790,-6.1555,-181.6641,27.8321,-89.6031,40.34,On Belt
142600,-8.3270,-4.2737,-5.4827,-157.3588,12.1832,-78.9313,40.39,On Belt
142650,-9.1818,-3.9145,-4.3407,-105.8015,-15.4809,-38.7481,40.34,On Belt
142700,-8.0828,-4.3311,-3.9145,-34.1832,-10.6870,-7.5115,40.34,On Belt
142750,-6.6846,-5.2529,-4.9225,36.1832,-1.3282,18.5649,40.44,On Belt
142800,-5.6407,-4.1970,-5.7150,96.0611,14.3817,29.9695,40.58,On Belt
142850,-7.4843,-1.9369,-6.1028,135.3435,23.4046,63.3130,40.44,On Belt
142900,-7.3382,-2.9951,-6.6008,170.3512,13.7710,90.2748,40.39,On Belt
142950,-5.9376,-3.1795,-7.0246,175.5114,14.2901,100.5802,40.58,On Belt
143000,-5.8299,-3.2058,-7.1706,179.4351,12.6412,99.7863,40.25,On Belt
143050,-6.4667,-3.6152,-7.3263,171.6488,0.2748,98.0000,40.34,On Belt
143100,-5.6719,-0.0168,-7.6734,148.8702,13.6641,96.7786,40.72,On Belt
143150,-7.1036,0.2394,-6.9767,72.7786,16.5496,65.3130,40.53,On Belt
143200,-6.6128,-1.3001,-5.9400,-17.2061,-9.3893,17.1908,40.44,On Belt
143250,-5.8778,-2.9592,-5.8395,-66.1374,-22.4427,-32.5649,40.34,On Belt
143300,-5.7533,-3.8762,-5.9280,-82.9008,-10.6107,-80.2137,40.58,On Belt
143350,-7.4962,1.7286,-6.1172,-101.1603,0.6718,-66.5496,40.39,On Belt
143400,-8.0613,-2.8587,-6.1531,-115.6489,6.3511,-61.7099,40.44,On Belt
143450,-6.3901,-2.6576,-5.1499,-113.1603,3.2824,-56.6107,40.20,On Belt
143500,-6.7995,-3.0622,-5.4181,-106.1374,5.0840,-58.7786,40.39,On Belt
143550,-7.5322,-2.8970,-5.5306,-85.5725,-0.3511,-43.9542,40.53,On Belt
143600,-7.1371,-2.9209,-4.9680,-62.9618,-1.6947,-30.4275,40.44,On Belt
143650,-6.5050,-3.3351,-4.7309,-35.4504,-6.5038,-18.4580,40.25,On Belt
143700,-5.0853,-4.0079,-5.6719,3.8321,6.6412,-11.1145,40.25,On Belt
143750,-6.9288,-3.9959,-5.7221,42.8244,10.5344,-12.3664,40.25,On Belt
143800,-8.5497,-1.6281,-6.2249,67.9847,-14.5344,11.0992,40.34,On Belt
143850,-6.7564,-2.0303,-6.4763,54.3359,-11.5267,19.5267,40.20,On Belt
143900,-6.0286,-3.2657,-6.6032,49.9389,-3.7710,26.2748,40.53,On Belt
143950,-6.3470,-2.2913,-5.9951,47.3130,-5.4198,18.1832,40.39,On Belt
144000,-6.9815,-1.6999,-6.5003,30.0763,-15.3740,16.3664,40.58,On Belt
144050,-6.4763,-1.5251,-6.6511,-10.3817,-17.4198,-2.1679,40.25,On Belt
144100,-6.1627,-2.3966,-6.1316,-59.4962,-18.3206,-29.3740,40.58,On Belt
144150,-6.2608,-3.3998,-5.9903,-100.5649,-20.9924,-68.1985,40.25,On Belt
144200,-6.0932,-3.3016,-5.8083,-130.4733,-18.3053,-98.3817,40.25,On Belt
144250,-6.9432,-1.7765,-6.6511,-156.5191,-18.2137,-89.7099,40.44,On Belt
144300,-6.9671,-3.3447,-6.2537,-163.7710,-22.5191,-81.5420,40.44,On Belt
144350,-6.0525,-4.3311,-6.5505,-152.7939,-32.1374,-75.0229,40.34,On Belt
144400,-5.7772,-4.3048,-6.4236,-132.1527,-31.8626,-63.2366,40.39,On Belt
144450,-5.3893,-3.2585,-6.0478,-113.2061,-18.9618,-47.5267,40.25,On Belt
144500,-7.2856,-2.3415,-5.9903,-82.7023,15.1603,-23.8168,40.53,On Belt
144550,-9.6510,-1.5012,-4.7357,-41.0840,3.8168,10.5649,40.44,On Belt
144600,-8.1307,0.0120,-4.0893,-18.3053,3.6183,39.2824,40.53,On Belt
144650,-6.4763,-0.5243,-5.1882,4.5954,26.4733,68.8092,40.39,On Belt
144700,-6.0813,-0.3831,-5.5929,47.2061,51.8626,104.0000,40.67,On Belt
144750,-6.5960,0.3496,-5.9759,95.0534,67.4046,135.0840,40.44,On Belt
144800,-6.6535,0.9122,-6.5242,125.6641,90.5496,161.6031,40.44,On Belt
144850,-7.1108,-0.0215,-7.0605,159.9237,83.0992,178.1679,40.53,On Belt
144900,-5.9855,1.0918,-6.9576,194.4886,54.1985,198.3359,40.44,On Belt
144950,-5.4588,0.6033,-7.9009,203.6794,43.2519,205.2061,40.58,On Belt
145000,-6.0478,1.2067,-7.7117,136.3206,14.1985,179.8168,40.44,On Belt
145050,-6.1675,0.5267,-7.6351,48.7939,-52.9924,138.3053,40.44,On Belt
145100,-6.1028,-1.8627,-8.9854,-11.3740,-97.1298,73.1603,40.44,On Belt
145150,-5.9831,-3.0670,-7.8075,-32.6260,-117.8015,16.5191,40.25,On Belt
145200,-6.4069,-4.5179,-7.4891,-25.7405,-142.4733,-20.4122,40.39,On Belt
145250,-5.3941,-5.0278,-7.1012,-0.7939,-137.7710,-56.9313,40.53,On Belt
145300,-4.0893,-2.2673,-7.0868,44.4885,-118.7939,-77.6183,40.58,On Belt
145350,-6.1986,-1.9752,-10.9870,110.6260,-7.1908,43.4046,40.34,On Belt
145400,-7.1395,-1.8100,-6.2537,107.3282,30.6718,44.4580,40.53,On Belt
145450,-6.1507,-0.4477,-4.7597,64.2901,40.5802,16.3053,40.34,On Belt
145500,-7.9607,0.4669,-4.3814,9.2977,22.7328,-6.5344,40.44,On Belt
145550,-8.2313,-0.3591,-4.5897,-38.3053,6.5649,-28.3511,40.86,On Belt
145600,-6.6295,-2.1835,-5.3415,-62.5649,19.8321,-43.0382,40.67,On Belt
145650,-7.1275,-2.1787,-5.6048,-78.6412,34.3511,-46.6107,40.44,On Belt
145700,-6.7086,-2.4948,-5.0733,-88.3817,45.2519,-52.5344,40.39,On Belt
145750,-7.6662,-2.9856,-5.6096,-104.4122,56.3511,-55.3130,40.39,On Belt
145800,-8.8825,-2.8108,-5.8323,-104.1374,42.7939,-28.1985,40.39,On Belt
145850,-8.8155,-2.8180,-5.0877,-79.8473,30.2137,-5.5878,40.67,On Belt
145900,-7.6160,-3.6607,-4.4580,-39.7863,12.5649,11.7557,40.53,On Belt
145950,-7.3334,-4.4843,-4.6591,22.7481,-7.8015,36.3664,40.44,On Belt
146000,-6.3782,-4.3886,-5.8993,74.2290,-9.3893,45.4046,40.39,On Belt
146050,-6.5434,-2.7892,-6.6463,119.0992,-1.1145,85.6031,40.67,On Belt
146100,-6.2369,-3.5267,-6.8833,152.0458,-1.2977,110.3359,40.44,On Belt
146150,-5.2960,-3.4141,-6.8714,173.7099,-4.5954,122.7939,40.67,On Belt
146200,-5.9951,-3.4309,-7.1515,178.1527,-11.6641,128.1832,40.67,On Belt
146250,-6.4452,-3.4381,-8.7747,182.7634,-25.0076,139.5267,40.25,On Belt
146300,-4.3383,-0.0096,-8.0996,173.8931,10.3969,162.3206,40.53,On Belt
146350,-6.4572,-1.1875,-6.6774,114.7634,40.8855,93.6641,40.58,On Belt
146400,-7.6662,-1.9920,-7.0126,18.3359,24.2443,28.1069,40.53,On Belt
146450,-4.5945,1.7214,-5.5929,-28.4122,16.0153,-5.9237,40.44,On Belt
146500,-8.1068,0.8428,-5.7533,-64.6718,-1.7557,-34.8397,40.44,On Belt
146550,-7.7261,-0.9601,-6.1914,-81.3740,-7.2977,-47.3435,40.53,On Belt
146600,-8.0325,0.7781,-5.6599,-95.4046,-7.5573,-46.2748,40.67,On Belt
146650,-7.6016,-0.2083,-5.0326,-90.9771,-3.6336,-47.0687,40.39,On Belt
146700,-7.4699,-0.5291,-4.9775,-86.5802,1.1603,-37.9389,40.67,On Belt
146750,-7.7692,-0.9194,-4.9775,-68.7023,5.0076,-23.4809,40.44,On Belt
146800,-7.7812,-0.8643,-4.6017,-47.7099,9.8015,-10.9160,40.58,On Belt
146850,-7.5417,-0.9194,-4.3407,-22.6718,12.9618,1.5573,40.34,On Belt
146900,-7.9440,-1.3336,-4.8483,7.7557,16.8244,11.1145,40.25,On Belt
146950,-7.8673,-0.5818,-4.7429,36.3053,14.1832,27.9542,40.44,On Belt
147000,-7.4196,-0.2801,-4.8961,54.0458,14.9160,38.5649,40.67,On Belt
147050,-7.4316,-0.1963,-5.1811,64.3511,10.0916,45.0840,40.25,On Belt
147100,-6.9911,-0.2418,-6.0023,70.1527,9.1756,46.3817,40.67,On Belt
147150,-7.1587,0.1604,-6.0406,67.7863,10.5802,47.4504,40.39,On Belt
147200,-6.5434,0.0622,-6.3542,62.1221,8.4122,42.9924,40.53,On Belt
147250,-6.6391,-0.0407,-6.5098,49.2977,9.5573,31.1908,40.58,On Belt
147300,-6.2249,0.1077,-6.2225,24.6718,6.4275,8.7786,40.39,On Belt
147350,-6.3087,-0.1101,-6.3446,-1.9542,5.7557,-17.7405,40.58,On Belt
147400,-6.6535,-0.2442,-6.0190,-25.8931,0.3969,-40.7634,40.53,On Belt
147450,-6.9384,-0.4453,-5.9233,-44.3969,-3.6947,-56.4580,40.58,On Belt
147500,-7.1611,-0.2849,-5.8131,-58.5496,-4.2443,-63.2977,40.53,On Belt
147550,-7.0006,-1.4365,-6.0549,-59.8015,-3.2061,-62.0916,40.25,On Belt
147600,-6.9671,-1.5227,-5.7676,-48.4733,2.6718,-59.1756,40.67,On Belt
147650,-7.1323,-1.5945,-5.5737,-34.1679,8.3359,-55.1450,40.53,On Belt
147700,-7.7572,-1.7669,-5.9280,-21.8473,9.6031,-39.8931,40.39,On Belt
147750,-7.6279,-2.5259,-5.9711,-9.3282,8.8702,-32.0000,40.44,On Belt
147800,-6.7684,-2.2601,-6.5793,17.2214,-8.5954,-9.9237,40.53,On Belt
147850,-6.5553,-2.7318,-6.1866,44.9618,-18.9008,8.7634,40.67,On Belt
147900,-5.2433,-2.4229,-6.7924,49.6947,-14.2901,10.0763,40.39,On Belt
147950,-6.1028,-3.1651,-6.8450,30.8397,-12.6412,12.8092,40.44,On Belt
148000,-5.9185,-2.6767,-7.9990,35.3282,-9.3740,12.0611,40.25,On Belt
148050,-5.3439,-1.5826,-6.3566,33.0840,7.7863,21.7099,40.67,On Belt
148100,-5.7006,-2.2601,-6.0573,20.0305,-4.7939,12.3359,40.44,On Belt
148150,-6.6367,-1.6281,-6.7732,-7.0076,-24.6260,-11.6336,40.67,On Belt
148200,-6.8546,-2.4038,-6.9863,-70.8397,-38.9466,-45.7710,40.44,On Belt
148250,-6.3638,-3.5554,-6.9767,-102.3359,-45.5878,-77.7863,40.44,On Belt
148300,-5.3558,-2.3415,-7.0318,-121.4198,-31.0382,-90.0305,40.34,On Belt
148350,-5.8993,-2.8635,-6.1316,-138.1374,-9.6183,-93.1756,40.39,On Belt
148400,-5.8826,-3.1532,-5.6048,-150.0000,-7.5725,-98.1832,40.53,On Belt
148450,-6.3015,-4.0534,-6.3279,-159.3893,-11.2366,-99.7863,40.25,On Belt
148500,-7.0006,-3.3878,-6.7157,-147.7405,-16.3511,-85.8321,40.39,On Belt
148550,-6.8666,-3.5051,-6.1890,-135.6488,-16.9008,-68.1679,40.67,On Belt
148600,-6.5936,-3.1149,-5.8754,-124.9618,-7.0992,-59.6183,40.58,On Belt
148650,-6.3686,-3.3806,-5.8658,-97.6947,-2.1832,-30.8397,40.58,On Belt
148700,-5.9616,-2.7797,-5.5689,-53.1145,12.3664,-7.1756,40.58,On Belt
148750,-6.6702,-2.3750,-5.3295,-2.6870,20.6260,24.2443,40.44,On Belt
148800,-6.9839,-1.5131,-5.7293,50.2443,22.3969,53.9695,40.67,On Belt
148850,-6.0047,-0.4142,-6.6535,104.0305,29.4962,90.3359,40.72,On Belt
148900,-5.6144,1.0678,-9.3541,150.6107,61.8626,138.0611,40.53,On Belt
148950,-3.8211,0.6393,-8.7460,179.8321,95.1603,186.5496,40.67,On Belt
149000,-5.8083,0.5746,-6.8666,173.2214,94.4733,137.2366,40.34,On Belt
149050,-6.4691,1.5682,-6.3542,96.0153,-6.0611,107.3130,40.44,On Belt
149100,-5.7988,-0.0838,-9.2703,11.8626,-81.5878,53.0687,40.58,On Belt
149150,-3.3136,-1.4461,-9.7995,-41.9847,-61.1603,0.1679,40.53,On Belt
149200,-1.1756,-1.0319,-8.3582,-58.1527,-5.4198,-37.6031,40.67,On Belt
149250,-4.3287,-3.0095,-8.2361,-64.7481,25.0229,-78.3817,40.58,On Belt
149300,-5.6024,-3.2513,-7.2568,-71.2824,19.6794,-127.4198,40.44,On Belt
149350,-6.1962,-3.9528,-6.5936,-73.7557,3.2214,-182.4122,40.39,On Belt
149400,-7.3981,-4.1515,-6.8761,-74.1679,-29.8321,-212.6565,40.25,On Belt
149450,-8.3390,22.1416,-10.6374,-61.8168,-13.7099,-131.9695,40.34,On Belt
149500,-6.6774,2.1500,-5.9161,-168.0763,-54.6260,-78.7939,40.44,On Belt
149550,-4.5107,-3.6871,-6.5577,-112.5038,-21.6183,-56.2595,40.58,On Belt
149600,-4.4652,-2.7318,-6.6032,-59.4962,-7.5420,-35.9847,40.39,On Belt
149650,-7.2808,-1.4581,-7.1635,-11.9389,7.7252,8.3511,40.72,On Belt
149700,-8.0349,-0.7087,-6.1100,31.3130,5.3740,48.5038,40.39,On Belt
149750,-7.1682,-1.1133,-6.3494,60.4733,1.9847,81.3740,40.58,On Belt
149800,-6.1196,-1.8531,-6.0956,87.3130,-0.8397,98.4122,40.39,On Belt
149850,-6.0214,-1.7047,-6.5984,96.5954,-0.2901,118.3817,40.58,On Belt
149900,-5.5617,-1.7023,-6.2560,115.5725,-0.6412,134.1374,40.44,On Belt
149950,-6.0406,-2.2290,-7.1108,127.2977,-4.5038,146.3359,40.44,On Belt
150000,-5.2074,-1.1827,-6.7564,134.9313,2.6565,140.5496,40.67,On Belt
150050,-5.8227,-1.5227,-6.9576,101.9084,-3.6641,122.5802,40.44,On Belt
150100,-5.7772,-1.9249,-6.8091,64.5802,-32.2290,82.3817,40.44,On Belt
150150,-5.6767,-2.5426,-8.4228,41.6794,-52.1221,37.5573,40.53,On Belt
150200,-5.2122,-0.4334,-10.6662,25.7863,-39.0382,17.6183,40.39,On Belt
150250,-7.9057,0.7111,-8.2887,-11.5573,-41.7252,4.6870,40.58,On Belt
150300,-6.2345,-0.5052,-9.2129,-62.7634,-55.3588,-23.8168,40.58,On Belt
150350,-3.9193,-0.0742,-6.3422,-102.8092,-37.0840,-81.3893,40.44,On Belt
150400,-4.7980,-2.7222,-6.2656,-144.5954,-23.8626,-111.3588,40.44,On Belt
150450,-3.8690,0.2251,-4.7669,-134.6260,-8.2290,-120.3359,40.72,On Belt
150500,-7.5154,-2.8706,-7.4555,-125.7252,23.6489,-81.8779,40.72,On Belt
150550,-7.9942,-2.3679,-6.3877,-108.7176,20.5954,-45.8015,40.39,On Belt
150600,-6.3662,-2.6887,-5.3271,-100.9160,29.3740,-24.8550,40.34,On Belt
150650,-5.5665,-4.7309,-4.7932,-61.8321,20.6412,-25.7557,40.53,On Belt
150700,-7.1946,-5.5952,-6.3327,19.8626,-4.3053,-41.8779,40.58,On Belt
150750,-8.2887,-0.8164,-5.8730,70.6870,-11.1908,-4.3664,40.44,On Belt
150800,-6.9432,-1.7980,-5.8395,89.9389,-10.9313,11.6489,40.44,On Belt
150850,-6.4763,-1.4341,-5.8634,74.4733,-3.6794,19.9847,40.67,On Belt
150900,-6.7804,-0.9290,-5.6862,49.1908,10.3206,20.3359,40.72,On Belt
150950,-6.8594,-2.0159,-5.8730,23.0076,18.1679,15.0076,40.58,On Belt
151000,-6.9456,-2.8012,-5.9448,17.5725,14.8855,9.5115,40.86,On Belt
151050,-7.1251,-2.2889,-6.1770,18.6260,5.4198,9.0840,40.67,On Belt
151100,-6.8546,-1.8723,-5.9903,9.1908,2.5802,5.6947,40.72,On Belt
151150,-7.2472,-2.1117,-6.1100,-12.5496,3.1145,-1.8321,40.58,On Belt
151200,-7.7237,-2.1979,-6.1052,-35.7863,4.1221,-7.0534,40.72,On Belt
151250,-8.2624,-3.2010,-6.4093,-44.1527,-3.6641,-2.6260,40.53,On Belt
151300,-8.5449,-3.6009,-6.7995,-10.3817,-26.4580,15.1908,40.34,On Belt
151350,-4.2497,-0.3400,-4.1037,21.2824,-32.3664,32.2290,40.58,On Belt
151400,-3.8738,-2.6432,-4.6232,33.0534,-1.7557,-1.1603,40.72,On Belt
151450,-8.0469,-4.0270,-8.2911,73.4046,-48.1069,1.6489,40.39,On Belt
151500,-9.3637,5.4779,-8.9232,38.2901,-47.5878,-9.3588,40.44,On Belt
151550,-7.9296,1.4126,-8.2935,-113.6947,-74.8855,-26.3206,40.39,On Belt
151600,-5.7365,-1.8364,-7.0773,-224.0763,-91.1450,-61.1298,40.53,On Belt
151650,-3.3279,-2.9137,-5.7174,-266.3359,-53.9389,-106.9771,40.58,On Belt
151700,-4.1324,-3.3902,-6.3805,-297.5267,-28.8855,-129.5420,40.67,On Belt
151750,-6.0980,-6.8953,-8.5497,-290.0000,-41.0534,-132.9771,40.67,On Belt
151800,-7.3717,-3.5291,-3.4213,-248.0763,-53.6641,-136.8244,40.44,On Belt
151850,-12.1913,-3.5626,-1.8603,-122.7786,-63.0382,10.5496,40.53,On Belt
151900,-8.5210,-6.5673,-3.7350,-16.0153,-14.7634,11.2824,40.34,On Belt
151950,-4.6519,-4.0893,-4.1348,72.1069,5.3130,3.6489,40.53,On Belt
152000,-5.5905,-3.2082,-5.1811,111.1298,57.0229,-6.3359,40.58,On Belt
152050,-10.8218,0.7661,-4.4221,141.2214,65.9389,94.5343,40.34,On Belt
152100,-10.5034,0.8499,-5.2265,161.3740,62.2901,119.4809,40.34,On Belt
152150,-8.2576,0.1125,-5.6790,150.6565,57.6489,128.5191,40.44,On Belt
152200,-7.0773,-0.5986,-6.7708,142.3359,54.6718,135.2214,40.34,On Belt
152250,-4.5610,1.2043,-7.3885,126.2137,105.3893,133.8931,40.58,On Belt
152300,-4.2760,1.8459,-4.4700,54.2901,126.6412,66.2137,40.53,On Belt
152350,-3.0789,-1.1708,-2.5977,32.9466,88.6412,10.1985,40.67,On Belt
152400,-7.4843,-5.1212,-6.4739,62.7634,40.4427,-39.8779,40.53,On Belt
152450,-11.8465,-5.5162,-12.1242,107.7710,-47.4504,-98.1679,40.25,On Belt
152500,-6.2082,4.6902,-12.6534,-7.0687,-89.3740,-139.0229,40.58,On Belt
152550,-3.7469,3.0526,-12.5169,-185.3588,-33.0076,-200.5191,40.34,On Belt
152600,-4.2976,-1.6017,-6.8881,-274.7023,-12.6107,-208.2901,40.44,On Belt
152650,-2.4924,-2.3296,-5.6240,-275.0382,-4.2443,-188.2748,40.53,On Belt
152700,-5.1212,-2.4301,-7.3526,-230.1985,0.0305,-135.7710,40.44,On Belt
152750,-7.6399,-3.3662,-4.9728,-139.0992,-22.6870,-69.3588,40.67,On Belt
152800,-6.8642,-3.9816,-4.4604,-63.0229,-50.9466,-55.4809,40.58,On Belt
152850,-6.6990,-4.6759,-5.7485,26.5496,-61.0687,-39.6489,40.58,On Belt
152900,-6.9025,-3.9049,-6.9336,113.5420,-60.4275,-9.0076,40.39,On Belt
152950,-6.0980,-4.2306,-7.6279,188.0458,-56.8092,26.2748,40.53,On Belt
153000,-7.3215,-4.1946,-10.0030,247.9542,-54.3664,54.7176,40.53,On Belt
153050,-8.9352,-4.0486,-13.0173,276.7328,-49.5878,110.3206,40.67,On Belt
153100,-10.5201,8.1666,-12.3349,131.0534,-16.6412,116.9160,40.34,On Belt
153150,-4.6567,5.2313,-7.8219,-66.4275,-32.9313,74.5649,40.58,On Belt
153200,-4.0917,-0.9649,-5.9975,-180.8550,-21.1908,9.6641,40.58,On Belt
153250,-3.6990,-3.5554,-4.6591,-188.9924,6.2901,-47.1756,40.39,On Belt
153300,-3.1580,-3.3519,-4.4580,-201.0687,50.7786,-109.7710,40.39,On Belt
153350,-5.5426,-6.2106,-6.5577,-207.0840,86.7786,-166.1221,40.53,On Belt
153400,-12.4522,2.5187,-3.7373,-162.6870,56.2137,-137.8321,40.39,On Belt
153450,-11.4251,-7.4101,-7.0461,-96.3206,3.1298,-61.8321,40.34,On Belt
153500,-7.8841,-0.4717,-2.3679,-143.4046,2.0305,-47.2061,40.39,On Belt
153550,-8.2887,-4.7716,-3.0454,-60.1527,-18.9313,-28.9466,40.53,On Belt
153600,-7.2472,-4.3886,-3.8618,4.8855,-26.7328,-8.9160,40.39,On Belt
153650,-5.8730,-5.3175,-6.0478,87.2214,-8.3359,7.7252,40.67,On Belt
153700,-6.2345,-2.1093,-5.7533,160.2901,8.6260,43.3435,40.53,On Belt
153750,-7.6950,-2.6935,-6.5793,209.0229,9.6031,82.0611,40.39,On Belt
153800,-8.5162,-1.7214,-7.2975,211.3588,-7.5878,100.0916,40.44,On Belt
153850,-7.1299,-2.2290,-7.6854,196.3664,-20.4427,131.0382,40.72,On Belt
153900,-6.0765,-2.1668,-7.2808,178.7634,-12.9924,134.0916,40.44,On Belt
153950,-5.7964,-1.0750,-7.7045,139.3130,-0.1679,121.4504,40.39,On Belt
154000,-7.9799,-0.5124,-9.1937,43.2519,32.2901,68.8855,40.58,On Belt
154050,-4.7549,0.8978,-9.8569,4.1221,59.3130,53.7405,40.53,On Belt
154100,-2.8946,-0.6009,-5.2672,1.9847,122.9466,21.9847,40.25,On Belt
154150,-4.2665,-3.2058,-4.3096,7.0534,151.3282,-50.0763,40.44,On Belt
154200,-7.7333,-5.9017,-6.8522,20.7939,145.8931,-111.1756,40.34,On Belt
154250,-13.6637,3.0047,-7.4986,40.7328,99.3893,-108.7634,40.39,On Belt
154300,-8.1331,0.6345,-8.8107,-38.8550,36.3511,-91.6336,40.72,On Belt
154350,-5.3223,-2.8491,-5.5952,-47.8321,15.2519,-76.0153,40.39,On Belt
154400,-5.0757,-3.6703,-4.4987,-32.5496,-5.7252,-80.6412,40.77,On Belt
154450,-6.1435,-2.6456,-5.5282,-11.2061,-34.0458,-76.7023,40.53,On Belt
154500,-5.3989,0.7326,-8.3222,16.8702,-24.4580,-14.0916,40.39,On Belt
154550,-5.7557,-2.3367,-6.2896,17.6183,-14.1679,12.7634,40.25,On Belt
154600,-5.6790,-2.2936,-6.0885,-3.2366,-53.5420,5.8931,40.53,On Belt
154650,-5.7724,-3.9409,-7.3813,-13.9542,-83.5420,-2.1527,40.53,On Belt
154700,-5.7533,-4.5059,-7.5776,-18.4275,-87.3893,-13.2214,40.58,On Belt
154750,-6.4715,-5.8658,-7.6854,7.7099,-99.3130,-27.4046,40.67,On Belt
154800,-7.7357,0.0359,-13.8313,21.6794,-56.6260,-20.9618,40.44,On Belt
154850,-8.7795,1.5514,-4.5681,-41.1450,15.2366,48.6107,40.58,On Belt
154900,-4.0318,-3.4668,-3.5147,-23.9389,-12.7328,22.7939,40.67,On Belt
154950,-3.6943,-2.6049,-3.1173,-32.3206,-3.6183,-13.8626,40.53,On Belt
155000,-6.2082,-4.9201,-5.2864,-53.8779,25.8473,-81.6336,40.53,On Belt
155050,-11.0349,3.7900,-4.8076,-60.4580,-1.0076,-41.0076,40.58,On Belt
155100,-9.4116,-1.9896,-6.7660,-55.6947,5.1603,-38.3664,40.53,On Belt
155150,-5.9711,-2.5666,-4.9416,-96.5802,28.4580,-39.4809,40.77,On Belt
155200,-5.8203,-4.4891,-4.5155,-90.2290,8.7481,-47.6031,40.67,On Belt
155250,-5.6647,-4.6376,-4.4005,-41.7252,-30.0153,-58.0153,40.67,On Belt
155300,-6.7014,-1.5993,-6.6966,-2.7634,-47.7099,-28.4733,40.44,On Belt
155350,-8.5138,-1.2785,-7.1108,28.5802,-32.7481,16.1679,40.39,On Belt
155400,-6.5338,-2.1332,-6.8115,45.8015,-26.7176,50.4122,40.58,On Belt
155450,-5.3678,-3.7062,-6.4643,77.0076,-20.9924,70.3511,40.44,On Belt
155500,-6.2776,-3.5674,-6.7325,90.7328,-25.6031,86.0153,40.86,On Belt
155550,-6.1723,-3.3639,-7.5106,97.4504,-26.4122,90.9160,40.25,On Belt
155600,-5.8706,-0.7709,-8.6167,96.1527,-7.4046,100.1069,40.39,On Belt
155650,-7.7069,-2.3894,-9.3087,38.0153,12.2595,85.0382,40.44,On Belt
155700,-4.5322,1.3024,-9.4571,2.0305,55.6489,62.8550,40.58,On Belt
155750,-3.8403,-0.2682,-6.1938,-28.3053,105.7405,25.4198,40.44,On Belt
155800,-3.5291,-2.5331,-4.2186,-32.7786,138.4733,-45.8168,40.34,On Belt
155850,-7.0725,-4.8578,-5.9520,-18.1374,136.1985,-105.3435,40.34,On Belt
155900,-11.1450,2.3990,-8.6790,-15.3282,79.8626,-74.7939,40.58,On Belt
155950,-7.5657,0.0072,-7.9607,-12.2137,65.2824,-60.3817,40.25,On Belt
156000,-5.7844,-1.0151,-6.5386,4.5344,60.1527,-45.3130,40.25,On Belt
156050,-5.3056,-1.3216,-5.0470,8.3511,25.9542,-35.1298,40.58,On Belt
156100,-5.1188,-1.4078,-4.9368,4.7023,-14.7939,-32.6870,40.67,On Belt
156150,-5.1571,-0.7877,-6.7708,17.7557,-43.6489,-3.8473,40.53,On Belt
156200,-4.9177,-1.1588,-7.9631,40.5344,-61.4962,46.1527,40.67,On Belt
156250,-6.1699,-2.5929,-7.0246,47.5115,-90.8092,56.3359,40.44,On Belt
156300,-6.6774,-4.1851,-8.4228,26.7176,-142.7176,35.5267,40.53,On Belt
156350,-10.6805,-7.2209,-12.8832,9.2824,-128.3053,-21.8931,40.67,On Belt
156400,-1.8459,9.1866,-11.8034,-28.9618,-56.2443,27.6794,40.34,On Belt
156450,-7.1371,-1.8387,-6.8235,-62.7634,-43.1298,2.4275,40.34,On Belt
156500,-3.4453,-1.0726,-3.6990,-88.2137,-35.1298,-22.9618,40.34,On Belt
156550,-3.7924,-2.0399,-4.0031,-141.7863,3.8168,-70.6718,40.44,On Belt
156600,-7.0413,-5.3606,-6.1052,-140.4580,10.5496,-120.7634,40.67,On Belt
156650,-7.9607,-1.2905,-5.2672,-141.3588,-14.4427,-102.9313,40.44,On Belt
156700,-7.6183,-1.9872,-5.2792,-149.2672,-20.5954,-91.4046,40.67,On Belt
156750,-7.4172,-3.0311,-5.4588,-122.7328,-34.9771,-71.4046,40.67,On Belt
156800,-6.9336,-3.2609,-5.0302,-76.5191,-44.3206,-55.0534,40.39,On Belt
156850,-6.6439,-2.8252,-4.5059,-47.4962,-43.0534,-51.0229,40.67,On Belt
156900,-7.2999,-3.0406,-5.7604,-3.4809,-28.4886,-21.5878,40.39,On Belt
156950,-7.5992,-2.9568,-5.6360,37.8168,-23.4046,20.8092,40.53,On Belt
157000,-7.1970,-3.0191,-5.9352,72.4275,-21.9389,37.3435,40.53,On Belt
157050,-6.3327,-2.4134,-6.9264,93.7557,-10.8397,67.2061,40.53,On Belt
157100,-5.6838,-2.0614,-7.6806,125.2061,21.8473,70.0763,40.58,On Belt
157150,-5.7102,5.5498,-12.1194,141.1908,100.1527,183.8626,40.34,On Belt
157200,-5.9113,-1.4796,-7.0437,149.4046,178.2901,168.9618,40.25,On Belt
157250,-4.1659,1.1779,-4.0893,104.7176,224.9924,88.9618,40.34,On Belt
157300,-8.4707,-2.4205,-5.3510,100.9466,184.0000,8.5954,40.25,On Belt
157350,-10.4914,-0.1341,-9.2991,107.5573,71.2366,3.3435,40.44,On Belt
157400,-6.8139,2.9712,-8.1283,8.5954,3.0840,-47.7252,40.53,On Belt
157450,-4.7405,0.3041,-6.9599,-54.9466,-32.4885,-73.1298,40.44,On Belt
157500,-4.1611,-1.1612,-6.7157,-84.2443,-54.2443,-71.3435,40.53,On Belt
157550,-4.5993,-1.1396,-6.1028,-63.1145,-45.0687,-33.8779,40.67,On Belt
157600,-6.5434,-3.2705,-5.1906,-21.4046,-79.6947,-15.8931,40.39,On Belt
157650,-5.1858,-3.8068,-6.5457,34.5802,-105.2824,0.5191,40.44,On Belt
157700,-5.9759,-3.9528,-8.1547,85.6947,-112.3664,19.2366,40.53,On Belt
157750,-5.6814,0.7494,-10.2807,101.5878,-95.8473,34.6260,40.77,On Belt
157800,-8.7700,-0.7949,-11.2743,63.8015,-90.4733,17.3740,40.58,On Belt
157850,-12.1625,2.8563,-10.8457,-70.1985,-81.0534,-48.4122,40.53,On Belt
157900,-5.7557,1.5107,-8.0972,-218.6260,-79.4351,-87.6947,40.53,On Belt
157950,-3.5578,-1.4820,-4.6495,-214.6870,-47.8321,-96.0611,40.39,On Belt
158000,-3.2202,-2.2410,-4.1348,-212.4122,-41.1298,-92.9160,40.53,On Belt
158050,-4.1468,-3.8116,-5.9041,-214.9008,-25.1603,-108.0305,40.44,On Belt
158100,-6.1244,-5.6240,-8.0397,-240.3817,6.5191,-130.1679,40.44,On Belt
158150,-12.6558,-0.5507,-2.7557,-230.3053,-6.4122,-96.9466,40.44,On Belt
158200,-10.2879,-5.8682,-5.1954,-125.7710,-13.9389,10.3817,40.34,On Belt
158250,-8.8035,-4.9201,-1.4868,-105.8626,-19.5114,2.5802,40.39,On Belt
158300,-6.0214,-5.6838,-3.6057,-29.7099,-46.5954,-23.2824,40.44,On Belt
158350,-5.4755,-4.0414,-4.6064,31.8779,-3.4046,-18.1527,40.34,On Belt
158400,-8.7340,-4.3167,-4.3862,99.8015,31.1298,33.6336,40.58,On Belt
158450,-8.6550,-5.3295,-6.2584,179.4504,23.6336,70.7176,40.44,On Belt
158500,-5.9999,-3.9480,-7.1084,229.3130,24.1069,80.6107,40.44,On Belt
158550,-5.3319,-2.4780,-7.7117,248.0305,46.7176,109.6794,40.44,On Belt
158600,-6.9839,-2.0566,-7.4220,259.7557,44.5344,165.8931,40.77,On Belt
158650,-6.1507,-3.0670,-7.7357,272.4122,30.8092,173.1908,40.34,On Belt
158700,-4.6376,-2.3032,-6.9312,261.4504,34.1832,167.8321,40.44,On Belt
158750,-5.0302,-0.0144,-9.1770,225.5267,83.7252,147.4351,40.53,On Belt
158800,-8.1259,1.9106,-9.1578,133.4046,149.7099,134.2443,40.58,On Belt
158850,-7.4627,-1.0846,-6.6319,71.2366,142.0611,84.1374,40.44,On Belt
158900,-4.8171,1.8866,-5.7652,47.8015,123.7099,27.1298,40.67,On Belt
158950,-10.4100,0.3208,-5.0925,-4.3359,59.0229,-4.4427,40.53,On Belt
159000,-7.6686,-0.7757,-6.1794,-34.1527,-12.0458,-16.8550,40.39,On Belt
159050,-4.6376,0.3591,-7.4292,-22.7176,3.4962,-0.2748,40.25,On Belt
159100,-5.5785,-0.7039,-6.4715,20.4427,14.6718,33.5573,40.53,On Belt
159150,-4.7405,-0.0790,-5.0206,25.4046,0.2901,22.1679,40.44,On Belt
159200,-5.4253,-0.7063,-6.2560,2.9008,-39.3588,2.5954,40.77,On Belt
159250,-5.1643,3.0023,-10.1107,-19.2672,-7.8931,14.0153,40.44,On Belt
159300,-5.0613,-1.4772,-7.2089,-16.6718,16.3969,27.9542,40.39,On Belt
159350,-3.4213,-1.4269,-4.3311,-21.3130,-3.3740,2.6870,40.53,On Belt
159400,-3.2968,-2.2960,-4.7788,-28.7939,-23.7252,-23.0076,40.25,On Belt
159450,-3.7852,0.4046,-8.2863,-12.5649,-1.1298,-13.2672,40.58,On Belt
159500,-6.1124,-0.4573,-8.3462,16.6718,55.9847,18.4275,40.39,On Belt
159550,-5.7988,-1.3886,-6.5769,18.4733,53.0534,12.9618,40.44,On Belt
159600,-6.7229,-0.5507,-7.5705,10.1679,25.5878,0.2443,40.34,On Belt
159650,-6.9528,-0.6991,-8.0493,0.1679,5.2519,-2.8092,40.58,On Belt
159700,-6.8043,-1.3192,-8.2839,-4.7176,-16.2748,-7.8473,40.44,On Belt
159750,-5.9424,-0.8284,-8.2839,-5.0840,-24.9618,-4.0763,40.39,On Belt
159800,-5.6743,-1.1540,-7.7740,-6.6260,-26.4275,-12.6107,40.39,On Belt
159850,-5.2936,-0.9912,-7.6231,-8.4275,-23.4962,-11.7252,40.44,On Belt
159900,-5.9137,-1.2426,-7.7141,1.2519,-11.3893,-7.3588,40.72,On Belt
159950,-5.6671,-1.6137,-7.2018,13.4198,0.5954,3.8168,40.67,On Belt
160000,-6.1339,-1.9704,-7.6974,13.0076,0.5954,-3.2672,40.39,On Belt
160050,-6.0885,-0.5028,-7.9918,15.1298,8.6565,0.7328,40.53,On Belt
160100,-6.9767,-1.2833,-8.1379,7.3588,5.5267,1.1450,40.44,On Belt
160150,-7.4915,-0.8667,-7.9464,-1.0840,-2.1985,0.8397,40.58,On Belt
160200,-7.6614,-1.4700,-7.6255,-2.8092,-8.9160,3.6641,40.67,On Belt
160250,-7.3741,-1.8914,-7.8530,-0.0763,-19.6794,-0.3664,40.25,On Belt
160300,-7.6878,-1.6424,-7.7812,10.2748,-31.4351,3.5573,40.67,On Belt
160350,-7.9966,-1.8052,-7.8314,9.2672,-43.6489,3.4351,40.39,On Belt
160400,-8.2744,-1.7358,-7.5872,11.6947,-54.2595,1.9084,40.58,On Belt
160450,-7.4555,-1.0199,-7.0844,2.1374,-66.6718,-4.9160,40.34,On Belt
160500,-7.3670,-0.7278,-6.4524,-15.7863,-70.1985,-13.0992,40.39,On Belt
160550,-7.3717,-1.6113,-5.6216,-11.1145,-73.8931,-15.6947,40.39,On Belt
160600,-5.9448,-0.5698,-4.7094,-13.6031,-62.3359,-7.2519,40.34,On Belt
160650,-5.1068,-0.6704,-4.7549,-14.9466,-42.3359,2.8092,40.39,On Belt
160700,-5.4947,-1.3623,-4.5801,-19.0840,-23.0992,1.4962,40.25,On Belt
160750,-5.2505,-1.7861,-3.8092,-19.8931,-9.9084,-7.5878,40.44,On Belt
160800,-5.8730,-1.9010,-3.6512,-25.0687,0.2443,-22.5038,40.44,On Belt
160850,-7.4915,-1.9609,-3.9672,-21.6183,2.9618,-20.9924,40.67,On Belt
160900,-7.5202,-1.3168,-3.7613,-15.8473,3.6031,-6.7481,40.44,On Belt
160950,-7.1371,-1.7597,-3.8978,-10.6260,10.0153,-0.0305,40.53,On Belt
161000,-7.0964,-2.1332,-4.0055,-2.8855,16.6107,-1.9237,40.44,On Belt
161050,-8.8609,-1.4389,-3.9648,-2.4733,16.9618,4.7939,40.53,On Belt
161100,-9.4499,-0.9649,-4.2569,0.0000,19.1298,11.4962,40.67,On Belt
161150,-8.5784,-2.0949,-4.6328,-8.7786,32.0458,11.9847,40.44,On Belt
161200,-6.6272,-1.7262,-3.5099,-10.3206,33.0534,5.7557,40.34,On Belt
161250,-6.2297,-2.6432,-4.4939,-27.8626,49.8626,-11.8779,40.53,On Belt
161300,-8.3342,-1.7119,-4.9105,-28.5954,48.0916,-4.4885,40.39,On Belt
161350,-9.4595,-2.5067,-5.7676,0.6565,29.6183,7.0840,40.39,On Belt
161400,-8.6335,-0.0814,-4.7501,14.7328,22.2748,21.1145,40.44,On Belt
161450,-7.2927,-1.4988,-5.0470,22.6107,19.7863,27.6183,40.58,On Belt
161500,-6.9384,-0.9816,-5.0422,24.9313,19.1908,37.6641,40.39,On Belt
161550,-7.3717,-1.0008,-6.0478,33.0076,27.9237,50.1221,40.58,On Belt
161600,-7.3981,-1.4868,-5.9304,44.0153,31.4504,55.8321,40.39,On Belt
161650,-6.8833,-0.1221,-5.8035,51.8779,31.6336,66.5038,40.34,On Belt
161700,-6.9408,-0.7877,-6.4715,57.2366,44.2901,68.2748,40.53,On Belt
161750,-6.5553,-0.5555,-6.2824,61.2977,50.7939,76.0153,40.53,On Belt
161800,-6.7133,0.5986,-6.3829,59.1298,62.6107,81.0534,40.44,On Belt
161850,-7.0246,0.3855,-6.9887,56.4275,70.6260,89.6336,40.25,On Belt
161900,-6.2944,-0.5100,-7.2472,67.5115,69.6183,108.1221,40.25,On Belt
161950,-5.5138,-1.5850,-6.7062,88.3053,59.4198,121.2977,40.53,On Belt
162000,-5.8227,-2.2529,-7.3502,101.7099,30.0611,117.1450,40.53,On Belt
162050,-5.4875,-0.8595,-7.2353,73.7252,-22.8702,94.9466,40.72,On Belt
162100,-4.8387,-0.5076,-7.7117,17.3588,-70.4580,65.7710,40.86,On Belt
162150,-3.2609,-1.4030,-9.2153,-8.3817,-75.1756,44.6260,40.39,On Belt
162200,-2.6025,-1.5371,-9.4739,13.0076,-21.5573,69.3130,40.39,On Belt
162250,-5.9328,-0.2227,-6.3566,33.7252,9.1603,83.0229,40.39,On Belt
162300,-7.2449,-0.5243,-6.2010,35.3282,-11.1908,77.0534,40.67,On Belt
162350,-5.9544,-0.5578,-6.3303,31.2672,-28.3664,64.4580,40.25,On Belt
162400,-4.9512,-1.2378,-6.0262,39.9084,-33.4962,46.9466,40.44,On Belt
162450,-5.3343,-1.6400,-6.1124,56.4885,-36.5649,29.9542,40.44,On Belt
162500,-5.5378,-2.0662,-7.3741,79.0687,-47.1603,15.8931,40.44,On Belt
162550,-6.5817,-2.5594,-9.5577,102.7786,-48.5038,-0.1527,40.67,On Belt
162600,-7.1994,1.0750,-11.2791,71.1908,-47.3740,-17.0076,40.25,On Belt
162650,-8.1762,4.2617,-7.4531,-49.1450,-52.6565,-27.1298,40.67,On Belt
162700,-5.3319,-2.2601,-6.8426,-99.8168,-56.4427,-83.6641,40.53,On Belt
162750,-5.7174,-1.2306,-5.4779,-124.4733,-29.0992,-88.1527,40.58,On Belt
162800,-5.5857,-1.8842,-5.1523,-162.9160,12.7481,-103.1756,40.44,On Belt
162850,-6.3207,-4.2329,-6.0717,-180.4733,22.9160,-102.6260,40.39,On Belt
162900,-7.3981,-3.7613,-6.2249,-167.9542,12.3511,-84.2290,40.20,On Belt
162950,-9.8785,-3.1268,-4.1420,-139.8626,-6.2290,-27.3282,40.25,On Belt
163000,-10.1873,-4.0558,-1.6807,-75.7863,-21.2061,-12.6107,40.39,On Belt
163050,-7.6136,-6.0861,-4.6759,11.1145,-50.0916,5.5573,40.58,On Belt
163100,-5.3893,-5.2864,-6.2537,84.9466,-36.4427,16.1527,40.44,On Belt
163150,-4.9967,-4.6639,-7.0342,147.8015,10.3664,35.1298,40.34,On Belt
163200,-5.5186,-2.7198,-6.9432,201.7099,55.3282,66.1527,40.44,On Belt
163250,-7.6064,-2.4181,-7.0868,241.4962,58.8550,117.8931,40.53,On Belt
163300,-8.0661,-2.2170,-7.7500,265.1756,39.2061,138.8855,40.53,On Belt
163350,-6.0286,-2.7773,-7.5010,257.2519,26.7939,154.8702,40.58,On Belt
163400,-6.0023,-2.0949,-7.1515,232.7786,22.9160,158.1832,40.53,On Belt
163450,-6.0789,2.2649,-8.2576,154.6412,30.0153,133.8168,40.53,On Belt
163500,-6.5434,0.2969,-6.1579,34.2290,8.1527,92.0305,40.44,On Belt
163550,-5.1188,-2.0111,-6.1316,-30.8092,-7.6336,38.5802,40.44,On Belt
163600,-6.5122,-4.6017,-7.7596,-72.3511,35.4504,-42.5954,40.53,On Belt
163650,-4.1827,6.6008,-12.5767,-25.8626,74.8702,-36.3664,40.44,On Belt
163700,-8.1068,-4.2760,-8.0852,4.4122,192.7786,13.1908,40.44,On Belt
163750,-5.6814,-1.7837,-3.6631,-55.4962,195.7252,-35.4046,40.77,On Belt
163800,-9.6606,-3.4309,-6.6319,-48.9466,174.9313,-67.1603,40.25,On Belt
163850,-11.5137,0.3974,-5.8203,-30.6260,92.7023,-32.2595,40.67,On Belt
163900,-8.8969,1.8938,-3.7661,-45.5115,40.7176,-47.6947,40.34,On Belt
163950,-5.1260,-0.4597,-5.8730,-43.7252,10.3206,-34.2748,40.34,On Belt
164000,-4.3407,0.7614,-5.0015,4.0611,-5.7099,5.8779,40.06,On Belt
164050,-3.3854,-0.7302,-4.8100,53.9084,-20.5038,21.8015,40.53,On Belt
164100,-3.3758,-2.2721,-6.5338,107.6794,-25.8626,30.0153,40.34,On Belt
164150,-6.4596,1.7765,-13.4794,107.5267,31.2061,106.9771,40.39,On Belt
164200,-5.6216,1.0391,-5.9376,-2.0763,32.1374,68.3053,40.58,On Belt
164250,-4.2760,-1.5251,-4.0725,-58.2443,-37.9695,60.0305,40.67,On Belt
164300,-4.1587,-3.1244,-4.0941,-23.8473,-84.5649,36.0458,40.44,On Belt
164350,-6.0478,-5.3750,-6.2010,-9.8321,-111.5115,5.5115,40.34,On Belt
164400,-5.3295,-4.3239,-6.2704,38.6107,-128.7481,-44.2290,40.58,On Belt
164450,-6.1627,-3.8834,-7.3574,43.0382,-123.8779,-88.3969,40.53,On Belt
164500,-6.7421,-2.7773,-7.4101,34.9618,-100.8550,-143.1908,40.44,On Belt
164550,-3.9241,3.1053,-12.5600,119.8168,-36.1221,-9.7405,40.58,On Belt
164600,-7.4723,-1.4222,-7.1515,101.6794,93.9847,15.6947,40.39,On Belt
164650,-7.6399,-0.5674,-6.5003,-5.7099,49.6031,-12.4733,40.39,On Belt
164700,-8.9567,-2.4995,-6.5960,-49.1145,34.8244,4.3053,40.67,On Belt
164750,-7.8290,-4.0558,-6.2513,-48.5496,23.7557,0.7023,40.44,On Belt
164800,-7.5369,-5.0829,-6.7277,-37.5420,21.5114,2.9924,40.34,On Belt
164850,-7.9224,-4.9512,-6.4931,-5.0840,14.1527,-0.8550,40.67,On Belt
164900,-7.3622,-4.6017,-6.9671,21.6336,10.9466,5.5115,40.44,On Belt
164950,-7.2305,-3.7613,-6.9264,25.9542,0.8550,-4.7786,40.34,On Belt
165000,-6.6535,-2.2817,-6.8953,24.6412,-2.1069,-2.4427,40.25,On Belt
165050,-8.4994,-3.5626,-7.1994,6.8702,-13.9237,0.4733,40.39,On Belt
165100,-8.1690,-2.8036,-6.8809,-4.4580,-25.2519,-0.2748,40.67,On Belt
165150,-8.7700,-3.9744,-6.6343,-11.6031,-38.5496,6.9618,40.39,On Belt
165200,-8.5281,-4.1037,-6.3518,-11.7557,-47.8779,5.5267,40.39,On Belt
165250,-8.6550,-3.9361,-5.9568,-2.7939,-49.6641,12.9008,40.58,On Belt
165300,-7.7021,-4.0127,-5.6144,5.6031,-55.0382,12.9466,40.67,On Belt
165350,-6.9767,-3.5721,-5.1787,2.3359,-55.1756,5.8473,40.44,On Belt
165400,-5.9233,-2.8994,-4.6088,-2.2290,-47.1908,6.7634,40.67,On Belt
165450,-6.1890,-3.2992,-4.6807,-3.2214,-29.3282,-1.0840,40.39,On Belt
165500,-7.1706,-2.0016,-3.3734,-12.0611,-24.1221,6.9008,40.53,On Belt
165550,-7.2544,-2.6528,-3.9289,-11.2672,-20.8550,10.5954,40.25,On Belt
165600,-6.1651,-2.2697,-4.1228,-15.2061,-14.6870,17.3588,40.15,On Belt
165650,-6.1914,-3.3662,-5.0015,-18.9771,7.9695,5.4504,40.39,On Belt
165700,-6.3015,-1.9058,-3.7709,-13.2672,24.9771,5.0992,40.72,On Belt
165750,-6.6774,-1.3599,-3.2154,-18.1679,29.1756,13.8779,40.39,On Belt
165800,-6.7924,-1.1109,-2.9161,-25.2519,32.6565,11.5267,40.53,On Belt
165850,-6.6511,-1.3264,-3.0598,-39.2977,37.9084,6.7939,40.67,On Belt
165900,-7.4029,-0.7590,-3.3758,-46.0611,40.8550,-0.0763,40.72,On Belt
165950,-8.3558,-2.0853,-4.3215,-51.6183,39.5725,-8.1679,40.58,On Belt
166000,-7.7907,-2.6025,-4.8147,-46.4122,35.2214,-16.1527,40.39,On Belt
166050,-8.5688,-1.5323,-4.9392,-34.4580,30.7023,-12.2901,40.67,On Belt
166100,-8.4060,-1.7262,-4.5586,-11.4809,23.9389,-6.0916,40.44,On Belt
166150,-8.0469,-2.3750,-5.7317,10.2137,17.1298,4.7786,40.44,On Belt
166200,-7.7117,-1.4102,-5.6527,31.0229,7.3282,32.1832,40.67,On Belt
166250,-6.9192,-1.4174,-5.5067,40.8092,13.4046,21.4351,40.39,On Belt
166300,-6.7828,-1.2115,-6.1866,34.1832,-18.4886,29.8168,40.53,On Belt
166350,-5.1404,1.0032,-7.9966,6.7328,-3.5115,19.5725,40.67,On Belt
166400,-4.9009,0.0575,-6.1459,-49.8015,-8.7481,-7.5115,40.53,On Belt
166450,-4.9752,-2.4253,-5.9280,-75.5878,-20.3511,-38.7176,40.53,On Belt
166500,-6.0166,-1.1157,-7.7045,-63.6947,5.1450,-37.1908,40.53,On Belt
166550,-10.0245,-0.6129,-6.6415,-47.9084,26.1985,-4.4122,40.39,On Belt
166600,-8.5641,-2.2098,-5.5402,-24.4733,0.3511,6.4885,40.53,On Belt
166650,-6.3375,-0.7039,-6.0406,-16.9313,-6.2748,16.4275,40.58,On Belt
166700,-6.4955,-2.1428,-5.5282,8.0916,-3.6489,12.5954,40.34,On Belt
166750,-5.6120,-0.2682,-6.6224,21.8779,6.6412,14.3053,40.44,On Belt
166800,-6.5912,0.7111,-6.5505,3.9847,12.9466,9.0229,40.39,On Belt
166850,-6.4859,0.5626,-6.2848,-24.1527,9.6947,-1.9237,40.67,On Belt
166900,-6.5122,-1.6209,-6.3183,-24.1221,6.9313,-11.9847,40.67,On Belt
166950,-7.9176,-0.5339,-6.1435,-9.7252,10.9618,-6.4275,40.44,On Belt
167000,-7.1108,-0.7973,-6.1004,1.5725,-4.4580,-7.0229,40.39,On Belt
167050,-7.3119,-0.7781,-6.0478,13.3588,-1.7557,-2.5038,40.44,On Belt
167100,-7.0461,-0.7590,-6.2944,20.5191,-9.4656,-0.7786,40.39,On Belt
167150,-6.8522,-0.4334,-6.5170,15.2366,-10.0458,-3.7099,40.58,On Belt
167200,-6.7636,-0.3352,-6.1699,1.2824,-5.6489,-8.7023,40.44,On Belt
167250,-6.8905,-1.3096,-5.7126,0.0611,-6.9618,-10.5802,40.39,On Belt
167300,-6.9216,-1.6688,-5.9903,14.1069,-5.6183,-5.7099,40.39,On Belt
167350,-7.2712,-1.7214,-5.9065,24.9160,-5.4046,1.7863,40.39,On Belt
167400,-7.1132,-1.3671,-5.6838,27.7252,-5.3130,-2.1069,40.25,On Belt
167450,-6.9983,-1.3791,-5.7581,26.8244,-7.2061,-2.1679,40.58,On Belt
167500,-7.3287,-1.5826,-6.2225,26.9924,-5.2672,1.0840,40.44,On Belt
167550,-7.3885,-1.3815,-5.9783,24.8855,-7.5267,9.2214,40.39,On Belt
167600,-7.2377,-1.1349,-5.8131,18.2443,-8.8092,16.5954,40.58,On Belt
167650,-6.5936,-1.6783,-5.5881,13.4656,-7.5878,21.8015,40.67,On Belt
167700,-6.0190,-2.6624,-5.2696,17.3435,-6.1069,14.1069,40.72,On Belt
167750,-6.2345,-2.6264,-5.5617,26.5038,-6.9313,7.7863,40.34,On Belt
167800,-7.7069,-1.2953,-6.2441,26.0611,1.4656,13.7557,40.44,On Belt
167850,-7.6471,-0.7302,-5.4324,17.4198,-0.5496,15.6336,40.44,On Belt
167900,-6.4763,-1.9225,-5.1092,5.9695,1.0992,4.6565,40.58,On Belt
167950,-7.0749,-0.7446,-5.4229,1.2824,4.2748,3.5115,40.58,On Belt
168000,-8.1570,-1.3934,-6.4260,-8.6107,12.1832,5.9542,40.39,On Belt
168050,-7.5489,-1.6448,-5.3079,4.4122,-7.6794,13.9084,40.44,On Belt
168100,-6.4787,-0.2777,-5.0661,-12.7939,-1.9847,-6.9771,40.25,On Belt
168150,-6.9216,-1.9082,-5.7892,-26.0458,7.4656,-15.9237,40.39,On Belt
168200,-6.9480,-1.3384,-5.1715,-25.3893,4.8397,-23.5878,40.39,On Belt
168250,-7.9918,0.4046,-5.6719,-41.9389,6.4885,-40.2595,40.39,On Belt
168300,-7.4364,-1.1899,-5.5186,-75.2214,5.3435,-51.6031,40.58,On Belt
168350,-6.7181,-1.8579,-5.2696,-83.4962,10.1985,-65.0229,40.25,On Belt
168400,-7.5274,-1.8340,-6.3710,-83.0382,14.0916,-60.5038,40.44,On Belt
168450,-8.3582,-1.7095,-6.2297,-73.6336,11.8168,-38.5344,40.34,On Belt
168500,-7.9296,-1.6017,-5.4708,-48.8092,-0.4427,-19.8168,40.86,On Belt
168550,-7.2496,-2.0111,-4.8507,-26.4122,-11.9389,-6.2901,40.67,On Belt
168600,-7.0174,-2.5546,-5.2601,-1.9084,-19.6336,-3.6336,40.77,On Belt
168650,-5.8849,-2.9951,-6.0214,19.8321,-26.2137,6.5344,40.44,On Belt
168700,-5.7676,-2.3535,-6.8666,45.8779,-8.1221,27.5114,40.72,On Belt
168750,-6.0573,-1.8340,-6.3183,67.5573,0.9008,44.2137,40.06,On Belt
168800,-6.7540,-1.6305,-6.0837,70.0305,0.2901,44.0458,40.67,On Belt
168850,-6.7373,1.0223,-7.1563,25.6336,-3.8015,18.5038,40.58,On Belt
168900,-6.1196,-0.6129,-7.0102,-46.0458,-12.5496,-18.3053,40.44,On Belt
168950,-5.5641,-1.6903,-7.1419,-98.4580,-15.4962,-70.0916,40.39,On Belt
169000,-5.8012,-0.7135,-7.4124,-130.1527,9.4504,-99.4198,40.53,On Belt
169050,-7.0437,-0.9792,-6.8594,-150.1679,19.7405,-97.2519,40.67,On Belt
169100,-7.2784,-0.8140,-7.2449,-148.2290,29.7252,-84.1069,40.34,On Belt
169150,-6.6272,-0.4956,-7.5417,-134.8397,49.9237,-45.0076,40.39,On Belt
169200,-7.1347,-1.0846,-7.2568,-95.3740,70.1832,0.8092,40.34,On Belt
169250,-7.9176,-1.7980,-5.7461,-49.7099,69.5115,13.3588,40.44,On Belt
169300,-7.5968,-0.9649,-5.0901,-15.8321,66.0763,18.7481,40.53,On Belt
169350,-6.8546,-0.7973,-5.5498,24.9466,49.7252,51.5725,40.58,On Belt
169400,-5.1978,-0.9266,-6.2153,91.6489,55.5420,87.7405,40.44,On Belt
169450,-4.8459,-1.0942,-6.4476,139.4351,59.3282,120.5954,40.53,On Belt
169500,-4.4341,-1.7119,-6.9599,180.7634,41.4809,162.2137,40.39,On Belt
169550,-4.2904,-0.6847,-8.1427,218.7328,12.4122,201.8015,40.67,On Belt
169600,-6.2680,1.3838,-8.1642,122.0458,-32.1374,181.1145,40.53,On Belt
169650,-6.5841,-1.3144,-9.1051,33.5573,-111.3282,169.5878,40.86,On Belt
169700,-6.0885,-4.1108,-10.4531,6.6412,-141.5114,141.3282,40.44,On Belt
169750,-4.3551,-3.6224,-9.2536,4.5496,-127.4657,110.3511,40.39,On Belt
169800,-5.1212,-5.2313,-10.2424,27.6489,-107.8626,85.3130,40.67,On Belt
169850,-4.2377,-3.6296,-10.7188,43.3588,-53.4656,25.6794,40.72,On Belt
169900,-3.7876,0.3807,-8.3893,-6.7786,13.4198,-63.1603,40.44,On Belt
169950,-4.4317,0.0455,-5.8586,-102.9618,39.0382,-140.7023,40.25,On Belt
170000,-4.7525,-3.1149,-5.2457,-157.5114,46.8244,-194.3206,40.67,On Belt
170050,-5.5545,-4.7860,-5.3343,-141.7252,45.5420,-223.8931,40.67,On Belt
170100,-7.0006,-5.2720,-6.9815,-156.3969,45.4198,-233.0687,40.58,On Belt
170150,-9.1243,2.7390,-6.2345,-206.2595,40.6412,-177.2519,40.58,On Belt
170200,-9.2751,-3.5291,-7.3239,-200.5191,27.7099,-160.5343,40.44,On Belt
170250,-7.6447,-4.8746,-6.0454,-167.2214,-21.3588,-88.0153,40.44,On Belt
170300,-7.2568,-3.6440,-3.2513,-93.0382,-34.8702,-59.4046,40.58,On Belt
170350,-7.0557,-3.8978,-4.1348,-22.4275,-55.2519,-6.9160,40.53,On Belt
170400,-5.7437,-5.3606,-6.7947,53.4198,-41.7557,30.5802,40.58,On Belt
170450,-4.9895,-4.9680,-7.7524,125.0229,-20.6565,65.5725,40.53,On Belt
170500,-5.9424,-1.3958,-8.9040,178.5038,7.8626,141.9389,40.44,On Belt
170550,-7.3430,-3.6344,-9.3206,209.5114,16.3359,190.0305,40.53,On Belt
170600,-6.9240,-3.0335,-8.9615,223.3893,15.2061,229.9847,40.53,On Belt
170650,-5.8945,-3.9193,-7.1970,215.5878,5.7557,250.9008,40.44,On Belt
170700,-4.8914,-0.8667,-5.8778,164.8550,19.4046,235.8473,40.58,On Belt
170750,-4.9177,-1.6927,-5.9544,95.6947,21.9389,182.6107,40.44,On Belt
170800,-5.2122,-3.3423,-6.7756,76.8702,7.3435,152.3206,40.39,On Belt
170850,-3.7589,-1.8004,-5.6072,60.1527,16.5038,96.7328,40.53,On Belt
170900,-3.4668,-1.2665,-5.0159,43.8321,18.3664,28.4886,40.53,On Belt
170950,-7.1395,6.0166,-9.7588,5.1908,34.5038,-6.7786,40.58,On Belt
171000,-8.9016,2.4134,-7.9176,-76.1527,35.7557,-7.5878,40.53,On Belt
171050,-7.1132,1.5347,-6.0023,-76.3053,20.4886,2.0153,40.39,On Belt
171100,-5.9999,1.9225,-6.1603,-67.1908,30.5954,28.9313,40.72,On Belt
171150,-6.7014,-0.4214,-5.4181,-21.4809,35.4351,52.9008,40.53,On Belt
171200,-7.3861,-0.5148,-5.1691,36.8702,15.4351,62.7481,40.34,On Belt
171250,-8.7149,2.0063,-5.7796,74.8397,-6.5344,88.7786,40.39,On Belt
171300,-5.2409,1.1803,-6.4572,103.5878,-23.7099,125.9084,40.58,On Belt
171350,-3.7206,-0.7470,-6.9528,138.3817,-9.7557,137.9237,40.53,On Belt
171400,-3.3686,-0.5674,-7.6974,174.0611,-10.3359,146.8092,40.34,On Belt
171450,-4.4245,3.3926,-10.6087,180.0458,-8.8397,166.5038,40.58,On Belt
171500,-5.6072,4.5538,-9.3494,58.1527,-38.7481,120.9008,40.53,On Belt
171550,-5.5881,-0.6393,-7.6399,-30.3511,-95.1145,35.6641,40.58,On Belt
171600,-1.8842,2.8994,-9.3996,-32.1527,-94.0611,-24.9924,40.58,On Belt
171650,-5.6743,1.8818,-6.0837,-38.7634,-40.6565,-11.5725,40.72,On Belt
171700,-5.0206,-0.9170,-4.4365,-15.3282,-47.4809,-26.2748,40.53,On Belt
171750,-4.5945,-1.0511,-5.8395,36.0611,-37.1756,-40.5802,40.58,On Belt
171800,-6.8019,0.2801,-7.8697,93.9084,-14.5649,-27.5725,40.39,On Belt
171850,-11.1713,2.9640,-9.3278,101.0382,-20.8092,-16.0763,40.67,On Belt
171900,-6.9719,6.1148,-8.6526,-4.1985,-51.6183,-24.9618,40.44,On Belt
171950,-6.4596,0.5100,-7.4699,-87.4198,-40.2595,-65.0687,40.39,On Belt
172000,-5.4229,-1.0870,-5.4061,-110.0458,-10.3664,-85.2519,40.53,On Belt
172050,-6.0094,-0.7614,-4.3670,-132.9618,15.1756,-87.6031,40.53,On Belt
172100,-7.2065,-3.7254,-5.3606,-118.8244,12.1069,-82.5038,40.44,On Belt
172150,-6.7732,-3.7469,-5.0159,-103.6489,5.2977,-71.9542,40.53,On Belt
172200,-7.5561,-4.0845,-5.0302,-90.2748,15.6031,-57.9389,40.39,On Belt
172250,-9.2464,-2.9257,-4.0342,-45.8321,20.4122,-15.0229,40.72,On Belt
172300,-9.0261,-4.5969,-4.0151,18.8397,6.2137,13.5267,40.39,On Belt
172350,-7.4891,-3.7278,-4.5059,76.2290,-2.8550,30.9008,40.53,On Belt
172400,-7.2568,-3.3854,-5.5905,125.7252,7.1298,59.3435,40.58,On Belt
172450,-6.6750,-3.5745,-6.3997,160.4275,13.7252,83.4046,40.72,On Belt
172500,-6.3949,-2.8754,-6.6056,184.0305,17.7557,89.7252,40.67,On Belt
172550,-6.9384,-1.9609,-7.1874,192.7176,15.6489,108.5038,40.39,On Belt
172600,-6.7588,-2.7390,-7.6255,196.2595,9.9237,121.2366,40.25,On Belt
172650,-5.5689,-2.0662,-7.2712,200.5802,7.6947,119.6336,40.53,On Belt
172700,-6.7397,1.3288,-8.0158,130.4886,20.4733,80.6565,40.58,On Belt
172750,-7.1826,0.3687,-7.7764,18.8244,-19.8168,35.8321,40.44,On Belt
172800,-5.8873,-1.7454,-7.7524,-44.3664,-35.7710,-2.9924,40.39,On Belt
172850,-6.0166,-0.9313,-7.8219,-54.8092,1.8626,-18.8702,40.44,On Belt
172900,-8.7676,-1.4653,-7.9033,-68.7939,35.2366,5.8779,40.34,On Belt
172950,-9.2584,1.8100,-6.5218,-74.2748,47.2214,42.7939,40.34,On Belt
173000,-7.1802,0.7374,-5.7197,-93.6489,64.2290,79.9542,40.58,On Belt
173050,-4.4484,-2.0734,-4.9392,-88.7023,115.2214,35.3893,40.53,On Belt
173100,-6.2824,-4.8746,-5.5761,-72.1679,126.2290,-22.4427,40.39,On Belt
173150,-9.0429,0.1317,-7.4340,-27.8168,103.2824,-4.3053,40.58,On Belt
173200,-8.7939,1.5155,-5.7221,3.2824,93.2519,21.6031,40.25,On Belt
173250,-6.1890,-0.7733,-5.8012,35.5878,98.7176,15.3435,40.67,On Belt
173300,-6.7301,0.6129,-4.9704,60.0153,57.7099,20.1221,40.53,On Belt
173350,-5.6862,1.6185,-5.4396,32.8092,10.2901,-1.5878,40.67,On Belt
173400,-4.5633,0.1844,-6.4955,23.1298,-29.4046,-8.1985,40.44,On Belt
173450,-4.5370,1.0295,-8.1499,27.8168,-55.8931,-6.4122,40.39,On Belt
173500,-4.7214,1.2426,-8.8011,14.9466,-71.9389,-7.3740,40.72,On Belt
173550,-4.0630,0.3543,-8.6167,-2.2443,-87.5878,-19.4046,40.53,On Belt
173600,-3.2633,0.2131,-10.0341,-13.3893,-74.3206,-27.9084,40.44,On Belt
173650,-10.0820,3.9983,-11.6550,8.1985,-37.0229,-18.3969,40.44,On Belt
173700,-8.2696,-0.1867,-8.4420,-72.1679,-20.2748,-28.2748,40.53,On Belt
173750,-4.9823,-0.3807,-4.2928,-80.3359,-32.7176,-58.9008,40.44,On Belt
173800,-4.4556,-2.0614,-3.9911,-84.1069,-38.2901,-85.3740,40.58,On Belt
173850,-5.3534,-3.1149,-5.2696,-89.1298,-30.5344,-109.1756,40.44,On Belt
173900,-7.4555,-1.5299,-6.3542,-98.3359,-16.8702,-107.7099,40.25,On Belt
173950,-7.6543,-2.3942,-5.6048,-82.9160,-27.7557,-105.3130,40.39,On Belt
174000,-6.4691,-2.1213,-5.1356,-90.6870,-22.2443,-110.0763,40.58,On Belt
174050,-7.4843,-0.4621,-5.9280,-85.8015,-23.6794,-77.6947,40.58,On Belt
174100,-7.6160,-2.1069,-5.6982,-62.2748,-14.7481,-54.3969,40.53,On Belt
174150,-7.2664,-3.0047,-5.3870,-41.8015,-20.2290,-47.8321,40.25,On Belt
174200,-6.9504,-1.7933,-5.0805,-21.9084,-25.0840,-39.1450,40.53,On Belt
174250,-7.6974,-1.3144,-5.6814,-3.3740,-25.3282,-14.9008,40.58,On Belt
174300,-7.8913,-1.5610,-5.9089,11.7863,-22.1069,10.7023,40.53,On Belt
174350,-6.4165,-2.7126,-6.3782,39.7557,-22.3053,39.9695,40.44,On Belt
174400,-5.9855,-3.3208,-7.4771,66.1221,-6.6260,47.0229,40.39,On Belt
174450,-7.8721,-2.1548,-7.9631,55.0076,35.0382,50.9466,40.34,On Belt
174500,-11.0229,3.7613,-8.2887,56.7328,37.2672,104.2748,40.44,On Belt
174550,-6.3063,5.2122,-7.9344,-30.8855,38.2748,125.4198,40.39,On Belt
174600,-4.5083,-1.8675,-6.0094,-28.2443,91.1908,101.1756,40.58,On Belt
174650,-2.9281,-2.5498,-3.1173,-32.2901,108.9160,31.1145,40.20,On Belt
174700,-6.8163,-6.0406,-6.2249,-3.7710,100.0763,-54.1221,40.44,On Belt
174750,-4.8698,4.4053,-9.4810,79.4809,74.5191,-58.4275,40.53,On Belt
174800,-6.4236,2.4756,-8.9136,-2.3817,133.0992,-36.1374,40.67,On Belt
174850,-6.4979,-2.5546,-5.0973,-23.1145,80.0000,-34.7481,40.25,On Belt
174900,-6.4763,0.0599,-3.3184,-33.3740,28.7481,-79.8931,40.34,On Belt
174950,-5.9616,1.6568,-6.2321,-28.0000,-24.6565,-57.9084,40.44,On Belt
175000,-4.8459,-0.8547,-6.2177,5.8015,-47.5115,-19.4198,40.58,On Belt
175050,-3.7134,-0.8332,-6.4476,54.3206,-53.6794,-0.0611,40.53,On Belt
175100,-4.5346,0.4334,-8.6311,78.4122,-57.8931,5.6031,40.39,On Belt
175150,-5.2912,0.0431,-9.9000,62.5038,-70.5343,4.2137,40.53,On Belt
175200,-4.6902,0.8787,-9.7659,14.8550,-85.5420,-9.3588,40.67,On Belt
175250,-9.7420,-1.2091,-10.8864,-5.8931,-118.8092,-69.0992,40.39,On Belt
175300,-9.7181,5.2074,-11.3820,-128.9160,-109.3893,-62.3969,40.72,On Belt
175350,-4.8339,-0.0479,-6.2991,-144.5038,-40.8550,-82.8855,40.67,On Belt
175400,-3.7661,-1.9249,-4.5059,-141.8015,-15.3435,-83.1908,40.34,On Belt
175450,-2.8754,-2.6767,-3.5769,-131.2061,-6.2443,-105.3588,40.39,On Belt
175500,-5.1308,-5.2601,-6.1818,-145.0382,12.6107,-124.3359,40.53,On Belt
175550,-7.5250,-7.4484,-8.2001,-130.5343,20.3511,-156.5343,40.53,On Belt
175600,-9.5960,7.8554,-4.2760,-130.5802,23.6183,-79.4657,40.67,On Belt
175650,-11.0157,-1.5610,-3.9313,-104.8397,38.8092,-56.0611,40.53,On Belt
175700,-7.1587,-5.0254,-4.4987,-78.6260,3.2061,-27.9084,40.86,On Belt
175750,-5.5378,-4.4963,-4.0342,-28.2443,-9.9695,-27.4962,40.39,On Belt
175800,-7.7357,-2.9473,-5.3774,36.8397,2.6870,9.3435,40.58,On Belt
175850,-8.3606,-4.0007,-5.8490,113.4504,2.9160,77.6031,40.67,On Belt
175900,-5.8969,-4.4317,-7.3334,170.4580,-4.9313,108.4885,40.44,On Belt
175950,-5.3486,-3.1508,-7.9464,208.1679,5.5573,142.0000,40.44,On Belt
176000,-6.4380,-2.4373,-8.0445,224.3053,6.4733,180.1221,40.44,On Belt
176050,-5.1212,-3.0813,-8.2863,230.6565,19.7710,209.1298,40.58,On Belt
176100,-6.7756,-3.4620,-8.7508,184.6260,56.0763,204.6107,40.58,On Belt
176150,-7.5250,6.0980,-6.5242,170.7176,70.2595,195.8626,40.39,On Belt
176200,-6.8738,-0.0383,-5.7916,47.6947,50.2748,144.2137,40.39,On Belt
176250,-5.7269,-1.4269,-4.8530,14.3664,50.8397,91.3130,40.44,On Belt
176300,-6.9935,1.1061,-7.1132,1.3130,53.4046,73.6641,40.39,On Belt
176350,-7.1204,-0.9266,-5.6144,-7.2214,45.8779,66.0916,40.58,On Belt
176400,-7.2808,1.1444,-4.1611,-9.0992,23.6183,33.8931,40.44,On Belt
176450,-8.2528,2.6432,-5.6264,-23.9237,-2.5954,49.8779,40.34,On Belt
176500,-7.3287,0.3591,-5.6862,-2.3359,-28.6107,80.7481,40.39,On Belt
176550,-4.8507,-0.5339,-4.6735,27.9084,-24.6260,85.9695,40.44,On Belt
176600,-5.3391,-0.9337,-5.6120,75.3740,-16.6718,85.9389,40.67,On Belt
176650,-8.1403,0.8882,-7.7333,118.4885,-8.6107,103.6794,40.67,On Belt
176700,-7.1204,-0.2155,-8.8825,146.7328,-37.1450,149.5878,40.44,On Belt
176750,-4.7525,1.2115,-7.4005,169.7405,-27.1298,160.9008,40.53,On Belt
176800,-3.7062,2.7749,-7.7117,142.9160,-12.5496,159.2366,40.67,On Belt
176850,-4.1492,2.1476,-7.2999,95.5420,-15.3282,133.5573,40.58,On Belt
176900,-5.1691,0.5100,-7.1539,42.3664,-49.4656,81.3435,40.39,On Belt
176950,-4.8722,-0.3400,-8.0924,13.1450,-76.5954,26.8702,40.25,On Belt
177000,-3.5889,1.3288,-9.3518,22.6718,-48.4427,4.7481,40.67,On Belt
177050,-4.8411,1.0798,-5.8610,33.6336,-30.9924,-6.5191,40.39,On Belt
177100,-3.8068,-0.0168,-6.6990,66.9313,-25.4809,-14.3664,40.25,On Belt
177150,-5.3439,0.3160,-8.8633,104.9618,-6.6412,-25.5878,40.67,On Belt
177200,-9.4786,3.0909,-10.7428,77.5115,-7.4198,-40.5802,40.53,On Belt
177250,-7.0174,3.4069,-7.0150,-36.6260,-41.0534,-67.3130,40.44,On Belt
177300,-7.9344,3.2154,-7.2880,-97.1298,-50.4580,-75.4657,40.25,On Belt
177350,-4.4556,-2.8467,-6.8378,-89.4504,6.7176,-68.7634,40.53,On Belt
177400,-5.4731,-4.4676,-6.0094,-84.7176,32.3969,-85.0229,40.34,On Belt
177450,-5.8012,-3.4261,-5.1308,-77.4046,25.2824,-80.4580,40.53,On Belt
177500,-6.8115,-2.3727,-5.7102,-63.2519,22.6718,-63.4504,40.25,On Belt
177550,-8.4013,-2.2194,-6.4500,-69.0076,40.3817,-35.5573,40.67,On Belt
177600,-7.6279,-3.0047,-5.2912,-26.9313,20.0916,0.8244,40.67,On Belt
177650,-6.7301,-3.5769,-5.0039,10.0153,9.8168,14.7786,40.44,On Belt
177700,-7.0413,-3.1101,-5.9472,54.6412,5.0687,39.4962,40.39,On Belt
177750,-6.3398,-3.3375,-6.2321,103.4504,8.5802,79.4504,40.67,On Belt
177800,-5.6527,-3.8092,-7.1946,145.2366,9.9542,97.6947,40.34,On Belt
177850,-5.5809,-2.8659,-7.4508,176.6718,18.1832,122.9160,40.39,On Belt
177900,-6.1387,-2.4804,-7.5082,196.1679,19.8168,146.0916,40.34,On Belt
177950,-5.5019,-3.4955,-8.2983,204.9466,18.9771,166.8702,40.39,On Belt
178000,-5.1020,-2.4229,-7.6160,210.9466,21.7405,164.2901,40.34,On Belt
178050,-6.4667,0.6225,-7.3622,128.8092,7.7099,123.7710,40.58,On Belt
178100,-6.6056,-0.8715,-8.1044,27.8015,-48.7634,81.4962,40.58,On Belt
178150,-5.9376,-3.3806,-8.0086,-21.6489,-58.1527,17.7405,40.67,On Belt
178200,-5.5809,-3.8379,-6.6008,-26.9466,-45.0840,-35.3893,40.34,On Belt
178250,-4.0366,3.2609,-10.0197,-40.1069,16.3817,-28.8550,40.58,On Belt
178300,-11.0995,1.9130,-7.0174,-50.7481,73.3740,34.1374,40.44,On Belt
178350,-8.2408,2.3320,-4.5370,-80.6565,61.8626,80.6107,40.58,On Belt
178400,-6.7133,-1.2570,-5.2289,-81.3740,81.8779,70.8092,40.25,On Belt
178450,-6.1914,-2.6600,-5.6886,-81.4657,113.2824,34.2443,40.67,On Belt
178500,-8.6598,-2.3224,-6.7588,-43.2824,105.1756,29.0687,40.77,On Belt
178550,-8.9495,1.8364,-6.3039,5.2366,72.7939,67.6794,40.58,On Belt
178600,-7.2257,2.1979,-5.1667,3.8168,70.8855,67.5725,40.44,On Belt
178650,-6.1100,-0.5722,-4.1180,35.6031,46.1985,68.3817,40.58,On Belt
178700,-5.4372,1.4078,-4.5705,56.0000,9.1756,68.2443,40.67,On Belt
178750,-4.6136,0.3998,-6.4739,77.6794,-3.7557,82.9618,40.58,On Belt
178800,-3.9385,-0.3639,-6.3446,108.5649,-18.5344,98.7176,40.67,On Belt
178850,-3.5386,0.2251,-7.1706,130.8244,-43.1450,101.6947,40.44,On Belt
178900,-4.6998,0.1891,-8.1642,108.0305,-79.5725,69.2519,40.58,On Belt
178950,-4.6040,-0.1317,-9.8521,74.8244,-123.1450,22.9313,40.34,On Belt
179000,-4.3383,1.7047,-12.9383,41.9237,-132.3969,-6.9008,40.58,On Belt
179050,-4.1899,2.7031,-14.1809,11.4504,-60.8397,-8.7939,40.53,On Belt
179100,-9.0932,-1.1420,-8.8131,-40.2290,-65.7099,-64.4885,40.53,On Belt
179150,-6.6272,-0.1700,-7.1611,-115.7557,-50.9618,-111.8015,40.58,On Belt
179200,-7.3694,3.2154,-5.4277,-172.7939,-32.2901,-87.0840,40.53,On Belt
179250,-4.9608,-2.5642,-5.2625,-158.5954,2.3053,-107.8626,40.39,On Belt
179300,-3.9696,-3.5745,-5.0709,-154.0763,7.7252,-104.5649,40.25,On Belt
179350,-5.9185,-6.2896,-6.7900,-141.6488,1.8321,-108.7023,40.44,On Belt
179400,-6.6583,-6.8570,-7.4077,-122.0916,10.3359,-138.5191,40.44,On Belt
179450,-11.1881,-2.1117,-6.2991,-103.8321,6.1985,1.5878,40.44,On Belt
179500,-8.0230,-4.8483,-5.2720,-28.8397,37.4504,5.1603,40.58,On Belt
179550,-5.9017,-3.6703,-2.6528,19.0382,7.9237,18.5954,40.58,On Belt
179600,-7.1730,-3.0670,-4.7166,72.7939,12.6260,31.0992,40.25,On Belt
179650,-7.4939,-4.0007,-6.5074,138.8550,6.7176,84.8397,40.39,On Belt
179700,-5.4253,-3.9241,-7.4484,194.8397,5.6947,111.8321,40.39,On Belt
179750,-5.4516,-2.7198,-8.4252,231.9237,19.2824,140.1221,40.67,On Belt
179800,-5.9592,-2.8539,-8.7604,243.8473,28.0611,173.1908,40.44,On Belt
179850,-5.3774,-2.8156,-7.6782,249.5878,24.9466,187.5725,40.53,On Belt
179900,-5.2936,-0.0742,-7.2065,222.9008,20.3206,165.5725,40.25,On Belt
179950,-7.1515,1.8938,-8.0541,75.0229,-18.2290,101.8321,40.39,On Belt
180000,-6.8163,-1.2234,-9.0261,-41.8473,-69.8015,50.5038,40.06,On Belt
180050,-6.4620,-4.9728,-8.8178,-83.5573,-38.5802,-44.3817,40.67,On Belt
180100,-6.5817,-5.6360,-7.7021,-87.8779,-5.5267,-102.1679,40.44,On Belt
180150,-9.6055,3.0837,-7.4555,-90.7481,64.8855,67.3588,40.44,On Belt
180200,-7.1635,0.2921,-5.5785,-101.0534,90.8244,74.2748,40.67,On Belt
180250,-4.9895,-3.1723,-4.7597,-117.0229,113.7710,34.0153,40.25,On Belt
180300,-6.2944,-4.8650,-6.1172,-99.2977,140.2901,-24.2443,40.53,On Belt
180350,-11.2456,0.1389,-7.8721,-54.4427,99.0992,25.7557,40.67,On Belt
180400,-11.0708,4.2976,-5.0374,-44.1221,78.0611,43.2061,40.44,On Belt
180450,-7.4915,0.5650,-3.3806,-43.3588,41.9695,32.8550,40.53,On Belt
180500,-4.9273,-0.9074,-3.4740,3.0534,3.8321,27.9695,40.58,On Belt
180550,-4.1635,0.1149,-5.2840,58.4885,-7.0382,39.5267,40.39,On Belt
180600,-3.8475,0.0886,-5.7700,116.4122,-7.8779,75.8168,40.44,On Belt
180650,-3.9025,-0.6057,-6.2513,172.9466,-22.4733,99.7863,40.44,On Belt
180700,-2.8922,2.9449,-10.1466,218.8397,-23.3588,139.5267,40.44,On Belt
180750,-4.9177,3.5913,-11.0492,186.3817,-11.7099,140.5191,40.25,On Belt
180800,-5.7126,2.9497,-9.7827,77.4962,-83.3282,118.4580,40.44,On Belt
180850,-7.8937,-0.4860,-12.0333,2.6260,-161.1298,34.3664,40.34,On Belt
180900,-6.3494,-2.1404,-12.7946,-68.7328,-131.9542,-62.0611,40.25,On Belt
180950,-4.0103,-2.7916,-7.6998,-139.3282,-52.1985,-142.3512,40.44,On Belt
181000,-2.9928,-1.7909,-4.6136,-115.1603,-8.5191,-193.4657,40.53,On Belt
181050,-5.7221,-3.1723,-6.8019,-149.9237,-9.9237,-117.4198,40.25,On Belt
181100,-4.6519,-3.1484,-5.6072,-158.1374,33.6947,-149.4809,40.53,On Belt
181150,-6.9480,-5.8131,-7.3047,-168.0763,20.3969,-138.2137,40.53,On Belt
181200,-10.5177,-0.9385,-6.7349,-126.4580,-2.7328,-57.5420,40.25,On Belt
181250,-9.7731,-2.8012,-4.6543,-86.7023,23.2672,-13.6947,40.39,On Belt
181300,-7.1515,-4.4987,-3.5698,-22.0611,-6.6412,11.2672,40.39,On Belt
181350,-6.1435,-4.7788,-4.6064,37.0534,-25.0382,25.5878,40.25,On Belt
181400,-5.6958,-3.3040,-5.7581,104.0153,-0.7176,55.6031,40.72,On Belt
181450,-6.1076,-4.2904,-7.0509,164.4886,14.8855,92.7176,40.39,On Belt
181500,-5.8897,-3.0742,-7.3454,207.5573,14.9618,115.5878,40.72,On Belt
181550,-5.8203,-2.7677,-8.5712,234.9008,18.0458,146.8702,40.34,On Belt
181600,-5.7964,-2.9066,-8.2480,242.6412,23.1450,163.2824,40.39,On Belt
181650,-5.5713,-3.6105,-8.1642,238.1985,19.7557,182.1527,40.44,On Belt
181700,-5.3367,-1.0726,-8.0685,243.6183,3.0229,179.4809,40.25,On Belt
181750,-7.1515,2.8443,-8.8202,93.2977,-16.3053,100.7634,40.39,On Belt
181800,-6.8091,-0.6440,-9.5768,-39.9695,-61.7099,54.8550,40.44,On Belt
181850,-6.8498,-5.0278,-9.7181,-101.6183,-12.2748,-49.3282,40.25,On Belt
181900,-2.4397,14.2168,-12.2439,-73.6794,63.8168,15.2672,40.34,On Belt
181950,-8.8250,0.6345,-5.4899,-127.8473,89.4046,62.6870,40.58,On Belt
182000,-4.9632,-2.7461,-5.4612,-145.3282,123.7405,19.6947,40.53,On Belt
182050,-6.1316,-6.6966,-6.6391,-131.6031,139.6641,-21.7405,40.34,On Belt
182100,-8.1977,-4.9368,-7.2449,-39.4809,102.8550,-46.9924,40.58,On Belt
182150,-10.0604,3.3758,-6.4787,-50.2901,75.0382,35.6794,40.53,On Belt
182200,-5.6048,0.5818,-5.3415,-35.5878,79.2977,-4.1527,40.44,On Belt
182250,-5.9711,-1.6855,-3.7302,-2.0763,44.3511,14.5191,40.44,On Belt
182300,-4.3431,0.8428,-4.5657,45.9542,14.8244,19.4962,40.53,On Belt
182350,-4.3862,0.3711,-6.6128,94.5038,12.0153,53.6031,40.34,On Belt
182400,-3.5027,0.4764,-7.4148,148.0763,1.8168,95.8321,40.53,On Belt
182450,-3.2322,4.2952,-9.1602,182.9008,7.8931,120.0458,40.25,On Belt
182500,-5.5354,2.6384,-8.5569,85.9847,-29.1298,83.2824,40.25,On Belt
182550,-6.2872,0.8284,-8.3079,1.0076,-108.8244,49.9847,40.67,On Belt
182600,-6.0765,-1.6113,-9.1243,-35.2366,-154.0763,-22.1679,40.39,On Belt
182650,-8.7269,-4.6136,-10.9774,2.0153,-174.5343,-83.2366,40.25,On Belt
182700,-4.6328,4.2306,-15.3013,-67.5725,-16.6412,-16.9160,40.67,On Belt
182750,-5.9185,-1.1660,-5.1475,-56.8855,31.9237,-24.5802,40.39,On Belt
182800,-3.3591,-1.2594,-3.4524,-79.5878,47.9084,-53.2977,40.39,On Belt
182850,-4.8507,-4.7190,-4.4748,-85.9542,41.4504,-71.9542,40.34,On Belt
182900,-6.3279,-5.6671,-6.0310,-61.2366,35.2519,-112.2748,40.53,On Belt
182950,-7.8147,-6.8139,-7.0078,-33.9847,25.7099,-152.5954,40.58,On Belt
183000,-12.5001,5.8897,-3.8164,-131.7557,-55.1145,-66.5649,40.67,On Belt
183050,-7.8769,-0.8068,-5.7844,-75.5573,-48.4275,-46.9618,40.25,On Belt
183100,-4.9728,-4.3215,-7.0509,-7.6947,-32.0916,-20.1985,40.39,On Belt
183150,-3.9121,-3.6272,-6.5505,41.2214,-14.2595,8.4580,40.58,On Belt
183200,-6.8666,-2.6647,-6.3710,80.8702,11.1603,22.8397,40.20,On Belt
183250,-7.8434,-0.5483,-6.4356,96.1527,-4.4275,61.8473,40.44,On Belt
183300,-6.7181,-2.0446,-6.8570,106.1679,-9.6031,81.0229,40.25,On Belt
183350,-5.3798,-3.3351,-7.2472,125.3893,-3.7099,96.8397,40.34,On Belt
183400,-5.3223,-3.4524,-6.6870,143.1908,-8.3359,103.4351,40.53,On Belt
183450,-6.5170,-2.3463,-7.2089,129.8168,-21.7405,95.3282,40.34,On Belt
183500,-6.3638,0.4214,-8.4851,75.4504,-33.1908,69.2824,40.34,On Belt
183550,-6.4021,-2.5977,-8.4180,0.6565,-59.2366,48.5191,40.25,On Belt
183600,-5.6814,-2.8539,-9.0597,-48.3053,-40.4122,-15.6336,40.53,On Belt
183650,-4.7357,2.7102,-12.7563,-97.2672,24.0153,12.5802,40.44,On Belt
183700,-7.7165,3.5362,-6.4955,-152.7481,66.2290,33.0534,40.67,On Belt
183750,-5.1643,-3.4524,-6.5984,-149.2824,99.8626,1.7405,40.44,On Belt
183800,-5.1499,-4.8219,-6.0645,-147.7710,133.4657,-47.1145,40.25,On Belt
183850,-7.5513,-5.7317,-7.7548,-104.1832,128.3359,-84.8702,40.72,On Belt
183900,-10.8840,1.2594,-8.9830,-83.2824,93.6947,3.9847,40.39,On Belt
183950,-7.8362,2.1931,-4.2306,-82.8397,108.0611,-15.8015,40.25,On Belt
184000,-6.8522,-1.1660,-3.9935,-60.4885,86.1985,-29.0382,40.44,On Belt
184050,-6.0573,-0.2394,-3.2322,-11.7863,30.0611,-12.2901,40.25,On Belt
184100,-5.2241,0.6847,-4.3311,40.3053,-2.2901,7.4656,40.44,On Belt
184150,-4.0534,0.1293,-6.3063,113.8931,-22.8855,52.8550,40.34,On Belt
184200,-3.0813,2.0470,-9.2153,180.6565,-15.2519,112.8244,40.39,On Belt
184250,-3.8379,4.3958,-11.9447,211.2519,-2.5802,165.2672,40.39,On Belt
184300,-9.7492,0.8260,-11.8968,101.6947,-22.5649,71.2366,40.58,On Belt
184350,-9.3398,1.7765,-9.2368,-37.2366,-158.0763,55.4046,40.39,On Belt
184400,-6.0597,-4.5993,-9.1626,-144.0611,-122.9313,-69.3893,40.58,On Belt
184450,-3.5865,0.0766,-3.8116,-65.2366,-111.5115,-139.3893,40.53,On Belt
184500,-2.6121,3.9768,-4.3718,-82.1679,-86.1832,-68.1374,40.39,On Belt
184550,-5.8035,-0.7350,-5.9544,-69.0840,21.9389,-90.9466,40.34,On Belt
184600,-9.2368,-3.2801,-6.0956,-75.4351,21.6183,-65.7252,40.53,On Belt
184650,-7.7548,-3.1699,-5.7126,-27.1298,-8.4580,-57.4046,40.34,On Belt
184700,-6.3638,-0.8882,-3.7876,-29.4504,-4.8702,-45.0840,40.34,On Belt
184750,-7.6926,-1.1229,-3.9456,-9.9389,-3.1145,-17.6641,40.34,On Belt
184800,-7.6854,-3.2370,-5.2265,24.1221,-0.3511,-2.7786,40.44,On Belt
184850,-6.6607,-3.1460,-5.2361,55.3588,-3.3588,9.2672,40.53,On Belt
184900,-7.2736,-1.9417,-6.5697,93.2519,9.2672,33.8168,40.06,On Belt
184950,-7.9128,-2.8730,-6.2728,130.0153,4.9008,69.3893,40.39,On Belt
185000,-6.3494,-3.1580,-7.2161,160.4122,9.8321,94.0611,40.44,On Belt
185050,-6.3135,-2.9137,-6.6295,170.4122,17.9084,109.7405,40.44,On Belt
185100,-6.3853,-2.6145,-6.7493,184.7176,11.6947,112.1679,40.67,On Belt
185150,-6.5649,-0.5650,-7.2784,153.9389,10.3359,109.4046,40.67,On Belt
185200,-6.3207,-0.1221,-8.7340,87.7099,0.4580,82.0763,40.25,On Belt
185250,-7.6854,-1.2641,-9.6438,-24.4275,3.3588,31.1756,40.39,On Belt
185300,-4.3886,2.9904,-11.8058,-65.6641,40.7634,8.5344,40.44,On Belt
185350,-8.3725,0.9960,-7.2089,-133.6488,96.4733,64.7328,40.67,On Belt
185400,-5.5929,-2.7581,-5.6216,-135.5114,118.6260,6.9160,40.58,On Belt
185450,-4.7429,-4.7884,-5.0159,-132.4427,121.3740,-32.2748,40.53,On Belt
185500,-7.5992,-7.8482,-7.6088,-82.8855,113.5725,-91.5725,40.39,On Belt
185550,-10.3310,1.8699,-7.6686,-94.6412,64.4885,-14.3206,40.58,On Belt
185600,-5.2744,0.4764,-5.0422,-52.6260,63.0992,-28.7176,40.34,On Belt
185650,-5.6838,-2.3870,-4.9297,-13.8626,80.9008,-59.3740,40.25,On Belt
185700,-6.5888,-0.2610,-6.1914,5.0534,49.7863,-30.0611,40.53,On Belt
185750,-6.5960,1.2570,-6.5457,39.6641,17.3130,20.4886,40.67,On Belt
185800,-4.6256,0.5411,-6.6200,67.2061,5.5115,39.0382,40.39,On Belt
185850,-4.5203,0.8595,-6.7564,79.9084,-18.2290,52.7939,40.25,On Belt
185900,-4.4269,0.5770,-7.0102,59.3435,-51.8931,24.8244,40.44,On Belt
185950,-5.5809,-2.0231,-8.3606,47.4046,-93.2824,-3.5115,40.25,On Belt
186000,-4.4724,0.6919,-9.2225,41.8626,-123.7099,-24.8550,40.06,On Belt
186050,-5.0805,0.6823,-10.8553,15.5878,-115.4046,-37.0076,40.39,On Belt
186100,-8.0086,-1.3072,-11.2887,-3.5267,-118.8855,-73.9695,40.67,On Belt
186150,-6.9671,4.7142,-11.1115,-95.6947,-77.1908,-74.6565,40.39,On Belt
186200,-6.9312,0.6895,-6.2345,-170.0611,-32.8397,-49.3435,40.39,On Belt
186250,-4.0677,-3.3639,-5.3630,-136.0305,-14.5344,-82.8702,40.53,On Belt
186300,-3.3615,-2.9329,-5.3247,-145.3893,13.8931,-82.7786,40.67,On Belt
186350,-4.4700,-4.7190,-6.3758,-154.6260,53.2366,-101.0076,40.34,On Belt
186400,-5.6240,-5.6886,-8.1211,-170.3206,109.1756,-128.9466,40.39,On Belt
186450,-10.1754,2.4325,-3.7373,-137.6947,109.1450,-93.5267,40.20,On Belt
186500,-12.7539,-4.5945,-6.1052,34.7786,42.4427,81.8626,40.25,On Belt
186550,-7.2712,-3.8547,-4.0223,68.9008,24.9160,109.0840,40.25,On Belt
186600,-3.8738,-3.1484,-2.9473,113.8779,4.3664,110.1679,40.58,On Belt
186650,-5.5881,-4.8076,-7.2927,143.6031,-4.0000,114.0763,40.39,On Belt
186700,-3.5650,-3.7230,-10.3741,199.0840,4.8550,188.0000,40.58,On Belt
186750,-4.8554,-2.6217,-8.2073,240.9008,23.8015,228.4275,40.25,On Belt
186800,-6.0190,-3.3782,-7.8889,202.5191,40.9160,252.7481,40.58,On Belt
186850,-5.9687,-3.0694,-6.6487,166.4886,39.4656,275.2061,40.67,On Belt
186900,-7.3670,-5.0996,-7.6998,131.2366,28.6870,295.2824,40.58,On Belt
186950,-7.3885,-3.8738,-6.6224,112.5496,9.1450,305.2672,40.44,On Belt
187000,-9.3398,-8.7652,-8.7388,134.0458,-55.0382,317.5725,40.44,On Belt
187050,-4.4173,-3.7996,-5.5641,151.7710,-55.8015,260.1832,40.67,On Belt
187100,-3.1963,-3.4309,-5.9328,136.3359,-22.0458,187.9237,40.44,On Belt
187150,-4.3024,-4.7597,-9.0477,132.6565,18.6565,94.5496,40.20,On Belt
187200,-2.9521,-1.3360,-9.2560,135.3588,30.8397,54.6260,40.44,On Belt
187250,-3.2753,0.9074,-10.1466,94.4122,38.2901,3.8168,40.25,On Belt
187300,-2.8563,4.1084,-8.8250,-4.8244,29.9237,-66.8855,40.25,On Belt
187350,-2.9975,1.0080,-7.0437,-93.0534,6.1679,-126.9160,40.67,On Belt
187400,-4.0965,-3.1101,-6.5290,-120.9924,-10.0458,-164.0153,40.67,On Belt
187450,-4.9895,11.5951,-12.2990,-93.0992,67.2366,-46.2137,40.58,On Belt
187500,-10.4124,-1.3096,-6.6918,-36.5344,36.1221,32.5496,40.20,On Belt
187550,-5.9855,-2.3152,-6.1627,12.4275,16.4275,52.7939,40.39,On Belt
187600,-5.2577,-1.1636,-7.5513,61.5115,9.0687,84.3969,40.20,On Belt
187650,-5.7557,-1.1372,-8.0086,102.0611,9.8779,116.6412,40.34,On Belt
187700,-5.2720,-0.3089,-7.5561,107.9389,-5.3588,133.4351,40.20,On Belt
187750,-4.1875,1.1732,-7.1539,82.7786,-11.8626,116.1069,40.34,On Belt
187800,-5.4779,-0.2777,-7.4268,27.0382,-52.7634,90.3817,40.39,On Belt
187850,-4.4652,-0.6632,-7.9703,11.3435,-80.0000,52.1374,40.39,On Belt
187900,-5.2768,-0.0766,-9.1746,25.0992,-60.7634,61.6641,40.53,On Belt
187950,-5.9664,-0.9194,-7.4579,32.6718,-48.8244,56.6107,40.25,On Belt
188000,-4.2976,-1.1684,-6.1962,28.3206,-57.0076,24.7328,40.44,On Belt
188050,-4.4293,-1.7430,-7.0533,40.4733,-58.8702,-6.2748,40.39,On Belt
188100,-6.5266,-0.2945,-9.1578,46.8702,-40.5038,-8.3206,40.25,On Belt
188150,-6.2968,1.2953,-8.8562,48.4580,-2.1374,22.0153,40.39,On Belt
188200,-6.7971,1.7957,-5.0015,10.8550,-7.5420,11.1603,40.34,On Belt
188250,-7.3287,-0.2251,-4.9392,-13.5115,-37.7557,-34.8550,40.34,On Belt
188300,-8.3510,-0.4764,-7.0653,-54.9313,-23.9084,-61.3282,40.67,On Belt
188350,-6.7780,1.1157,-5.2074,-62.0458,-14.9008,-25.9237,40.20,On Belt
188400,-7.0581,-2.4660,-4.8028,-44.6870,14.9466,-22.5954,40.44,On Belt
188450,-6.6200,-2.5546,-4.4556,-34.7328,17.2061,-21.3588,40.44,On Belt
188500,-7.3550,-2.1668,-4.4077,-32.7786,31.1145,-14.3664,40.44,On Belt
188550,-8.2313,-3.0502,-4.5418,-14.7939,37.5725,0.1985,40.58,On Belt
188600,-8.1139,-3.3974,-4.6160,33.0076,35.8015,22.1985,40.53,On Belt
188650,-8.5617,-2.4995,-4.5346,76.2137,24.7023,45.5267,40.39,On Belt
188700,-7.8458,-2.1404,-5.2840,98.1832,15.8168,59.7710,40.39,On Belt
188750,-7.1467,-2.4948,-6.7924,109.6336,4.9466,72.1069,40.39,On Belt
188800,-6.6631,-1.9154,-7.2832,109.9542,9.2061,80.6107,40.58,On Belt
188850,-6.2249,-0.8475,-6.7133,106.5802,10.2748,88.2901,40.25,On Belt
188900,-6.1483,-1.5538,-7.2281,99.6641,7.0382,83.4046,40.25,On Belt
188950,-5.7341,-1.6831,-7.1323,83.7863,-0.1374,76.0000,40.39,On Belt
189000,-6.0741,-0.6081,-7.0030,68.6107,0.3053,61.8626,40.34,On Belt
189050,-7.1898,-0.2418,-7.1994,39.3588,-8.2137,50.0916,40.58,On Belt
189100,-5.9855,-0.5363,-6.4428,7.9847,-17.7863,28.4427,40.53,On Belt
189150,-5.8658,-1.3408,-6.2776,-8.8092,-12.4580,4.1527,40.25,On Belt
189200,-6.6822,-1.4150,-6.3686,-7.5725,-17.8168,4.4733,40.44,On Belt
189250,-6.7277,-1.9585,-6.7038,6.9008,-17.0840,23.4198,40.39,On Belt
189300,-5.9520,-2.3320,-7.6207,32.1832,30.7786,15.8168,40.25,On Belt
189350,-10.2448,0.4070,-8.8490,45.1756,53.4504,72.2137,40.44,On Belt
189400,-6.1699,1.9776,-5.5043,32.8244,68.4580,129.3130,40.25,On Belt
189450,-3.5961,0.4334,-3.9049,22.2290,150.1374,65.1603,40.53,On Belt
189500,-4.7453,-3.6224,-4.7477,38.9924,133.6031,33.9237,40.25,On Belt
189550,-7.0318,-4.1707,-8.9256,91.1603,98.1679,-1.0534,40.58,On Belt
189600,-8.0445,2.4373,-9.0525,121.3588,96.1985,55.3893,40.34,On Belt
189650,-7.0318,3.9433,-8.9950,56.5038,55.7099,34.1527,40.44,On Belt
189700,-5.4492,-0.5674,-5.9568,-25.4962,-7.3893,-11.0534,40.44,On Belt
189750,-4.9991,-2.1261,-4.5777,-56.2137,-77.7099,-58.4580,40.39,On Belt
189800,-4.2210,-1.4341,-6.2991,-44.6870,-124.6412,-61.3740,40.44,On Belt
189850,-5.3415,-2.0638,-9.2608,-0.7481,-106.9924,7.5725,40.39,On Belt
189900,-5.4253,-3.6775,-7.1371,38.7023,-97.7099,23.5114,40.53,On Belt
189950,-5.4875,-3.8211,-6.9791,48.8244,-115.3130,4.7786,40.39,On Belt
190000,-7.5322,-3.1603,-10.8074,64.9160,-88.3969,-50.5954,40.44,On Belt
190050,-12.2799,3.5171,-10.1394,39.6336,60.8855,62.0000,40.39,On Belt
190100,-7.6447,-0.4693,-4.4412,-0.8244,20.7634,44.7786,40.67,On Belt
190150,-3.8571,-1.0199,-3.5051,-18.1527,0.6260,18.9771,40.34,On Belt
190200,-5.2577,-2.4660,-4.7238,-55.2824,22.3359,-45.4656,40.25,On Belt
190250,-8.9328,2.9760,-3.9816,-111.7099,28.6565,-53.9542,40.06,On Belt
190300,-8.6526,-3.2968,-5.9951,-106.6718,-0.1069,-46.3511,40.25,On Belt
190350,-6.8402,-3.9648,-5.7557,-100.1069,-16.7634,-54.3206,40.34,On Belt
190400,-6.9216,-1.4054,-4.3359,-90.5343,-22.0153,-45.0840,40.34,On Belt
190450,-7.7189,-2.5642,-5.2194,-52.4275,-25.8015,-29.0229,40.53,On Belt
190500,-6.6032,-2.8419,-4.9871,-18.2595,-36.4427,-14.6412,40.58,On Belt
190550,-6.4165,-2.3296,-5.8012,9.0992,-39.2672,4.0305,40.25,On Belt
190600,-6.9360,-1.8555,-6.6822,29.1145,-38.3817,19.6183,40.20,On Belt
190650,-7.6303,-0.4429,-7.1060,20.6565,-17.8321,36.7939,40.53,On Belt
190700,-6.6415,-1.7430,-6.4548,-0.8397,-26.5038,31.4351,40.44,On Belt
190750,-5.1308,-2.0614,-6.5601,-8.9160,-3.4809,21.3130,40.25,On Belt
190800,-5.5019,-0.8356,-6.4356,-5.6947,31.1298,2.5802,40.44,On Belt
190850,-10.6063,-0.3112,-9.6893,22.1221,62.2290,35.2366,40.20,On Belt
190900,-5.5881,2.9736,-5.6767,22.1069,77.2519,79.9542,40.44,On Belt
190950,-3.4692,0.6584,-5.3702,24.4275,162.6870,30.3664,40.44,On Belt
191000,-6.0932,-3.8954,-5.6000,34.3664,175.9389,-30.9313,40.67,On Belt
191050,-9.3087,-4.3527,-7.1994,80.3664,88.8855,-44.8702,40.39,On Belt
191100,-9.1794,4.6926,-8.4396,72.6260,29.7863,-0.3969,40.25,On Belt
191150,-6.5003,2.5762,-8.6742,31.0687,34.4580,-4.4275,40.34,On Belt
191200,-5.1212,-1.1516,-5.3486,-16.1527,-10.8092,-18.5802,40.53,On Belt
191250,-4.4867,-2.0542,-4.5490,-26.5038,-58.1527,-49.6183,40.25,On Belt
191300,-4.8315,-2.9975,-6.3734,-12.8550,-105.5267,-46.8092,40.44,On Belt
191350,-4.3862,-1.1851,-8.9974,21.0382,-101.3282,-9.3130,40.53,On Belt
191400,-5.1092,-3.0574,-8.6119,47.8015,-67.1450,34.4275,40.15,On Belt
191450,-6.1699,-4.2545,-8.2025,54.5802,-82.0000,22.1069,40.44,On Belt
191500,-6.6822,-4.6256,-9.4020,44.8855,-110.2137,-21.2824,40.39,On Belt
191550,-9.1602,1.8124,-12.6797,-3.9847,-14.9618,-7.9695,40.39,On Belt
191600,-10.2735,1.5874,-4.6424,-75.1145,-4.6260,36.6718,40.53,On Belt
191650,-5.3917,-2.6408,-4.0917,-68.7328,-9.0229,3.2977,40.39,On Belt
191700,-3.3184,0.8930,-1.8914,-83.9389,1.1298,-21.4351,40.39,On Belt
191750,-6.1890,-3.4429,-5.6910,-129.8168,38.3664,-70.8702,40.39,On Belt
191800,-10.5034,-2.7773,-5.7581,-105.6947,-5.2366,-41.9542,40.39,On Belt
191850,-7.9631,-2.3272,-3.9768,-64.1985,-28.7176,-39.6947,40.25,On Belt
191900,-7.0342,-2.3966,-3.9792,-53.5115,-35.2672,-39.2977,40.01,On Belt
191950,-6.7301,-2.6025,-5.5450,-5.4962,-37.5115,-13.3893,40.44,On Belt
192000,-6.4811,-2.8443,-5.3175,13.8473,-16.5496,7.8626,40.39,On Belt
192050,-7.4747,-2.0446,-5.8323,40.1527,-16.5344,23.0687,40.44,On Belt
192100,-8.1092,-0.6081,-5.7245,57.3282,-16.6565,42.5191,40.20,On Belt
192150,-7.5896,-1.5179,-5.9711,41.1603,-22.4275,40.4275,40.25,On Belt
192200,-6.9935,-1.6592,-6.0645,20.9160,-32.7634,33.7863,40.53,On Belt
192250,-6.4236,-1.5969,-6.4524,7.0229,-39.2214,41.0840,40.53,On Belt
192300,-5.1811,-0.3232,-6.4811,27.9695,-2.0000,10.1832,40.39,On Belt
192350,-7.7405,0.0024,-9.5864,5.3130,69.8626,32.0458,40.25,On Belt
192400,-7.6495,1.6783,-6.4332,-11.3740,99.9847,61.1756,40.34,On Belt
192450,-4.9225,1.5969,-4.9177,-6.9160,171.9084,23.9695,40.39,On Belt
192500,-6.3135,-2.8443,-5.1140,11.6183,183.9695,-8.3817,40.67,On Belt
192550,-8.1068,-4.4652,-6.4141,40.9313,114.7023,-17.6489,40.67,On Belt
192600,-9.4643,2.1117,-6.0478,48.5496,65.6947,-29.0382,40.20,On Belt
192650,-7.2185,-0.0670,-8.3031,50.2595,50.1679,-12.0305,40.34,On Belt
192700,-5.6886,0.3400,-6.7038,30.9618,16.0458,-12.4427,40.20,On Belt
192750,-4.4436,-0.6105,-5.4372,13.4809,-31.5267,-21.0840,40.72,On Belt
192800,-4.7046,-0.8188,-6.2201,-11.3893,-82.5649,-26.9160,40.53,On Belt
192850,-5.2912,-1.4988,-8.1499,-20.6412,-113.3588,-19.1603,40.39,On Belt
192900,-6.2393,-3.4812,-7.8506,-10.5038,-122.8244,-28.3359,40.44,On Belt
192950,-6.1675,-3.9241,-8.6119,-3.7405,-141.6183,-26.7023,40.34,On Belt
193000,-6.3829,-3.5650,-11.3102,56.7634,-104.7786,-30.2748,40.44,On Belt
193050,-10.9080,0.0886,-13.6446,3.8931,45.0840,33.7557,40.25,On Belt
193100,-7.7357,-0.4190,-4.4460,-6.7023,15.0687,59.3893,40.44,On Belt
193150,-3.1005,-0.2442,-2.6839,-22.4275,6.3969,11.2824,40.39,On Belt
193200,-3.6296,-0.5890,-3.1627,-76.4427,22.5191,-44.1069,40.44,On Belt
193250,-7.3622,-6.2968,-7.0198,-121.8626,35.7099,-100.3664,40.25,On Belt
193300,-9.1985,1.3647,-4.6687,-101.0992,-13.4962,-75.0534,40.34,On Belt
193350,-7.8338,-2.8108,-5.3582,-106.5649,-26.8550,-90.9618,40.20,On Belt
193400,-6.4787,-1.4748,-4.4556,-106.7634,-41.0076,-79.6641,40.67,On Belt
193450,-5.7820,-2.9401,-6.3614,-85.1908,-29.2366,-60.0305,40.25,On Belt
193500,-7.0940,-3.0382,-6.8139,-37.0992,-23.5725,-24.0763,40.34,On Belt
193550,-7.5944,-1.7789,-5.4995,1.5573,-10.7786,9.7710,40.58,On Belt
193600,-6.3590,-2.9066,-6.4476,21.8931,-10.8244,31.7252,40.34,On Belt
193650,-6.5888,-2.7701,-6.6439,41.3130,-15.9847,55.3130,40.39,On Belt
193700,-4.4604,0.1604,-6.7277,73.6794,14.6565,52.3511,40.15,On Belt
193750,-7.4555,-1.8316,-10.1251,65.7252,66.8550,84.7481,40.34,On Belt
193800,-8.2624,1.9920,-7.8721,58.3511,102.7023,148.3359,40.25,On Belt
193850,-5.0757,3.3567,-6.5936,72.6107,184.3817,81.7405,40.44,On Belt
193900,-5.7940,-0.9242,-5.0829,66.0458,185.7405,40.3053,40.39,On Belt
193950,-6.8953,-2.5714,-5.8155,87.5267,93.4657,41.0687,40.44,On Belt
194000,-5.9759,3.3519,-9.3087,92.0611,44.2901,24.2595,40.25,On Belt
194050,-6.3494,2.1093,-8.6981,2.5954,7.2366,6.6718,40.44,On Belt
194100,-4.9464,-1.4844,-6.1459,-30.1374,-35.6183,-10.0458,40.25,On Belt
194150,-3.9624,-1.5490,-4.7884,-20.2290,-78.5343,-13.9389,40.20,On Belt
194200,-4.5466,-2.3559,-6.3614,9.4962,-123.4198,14.3969,40.25,On Belt
194250,-4.9177,-2.6169,-7.9631,45.5573,-134.4275,34.5191,40.39,On Belt
194300,-6.3973,-4.2282,-8.5018,67.6336,-139.3282,22.3664,40.25,On Belt
194350,-6.4021,-4.6136,-9.6438,74.2290,-155.6031,13.2519,40.34,On Belt
194400,-7.9128,-0.5531,-14.8488,107.1298,-86.1221,15.9084,40.34,On Belt
194450,-16.2782,8.1762,-5.4205,-9.0992,-3.1603,49.7405,40.44,On Belt
194500,-5.0925,0.6847,-4.9632,-115.7557,-31.7099,10.5038,40.39,On Belt
194550,-1.5610,-1.0199,-2.7581,-122.1221,-5.7710,-29.9847,40.44,On Belt
194600,-1.9585,-0.4381,-2.9808,-155.2824,36.5496,-66.5496,40.20,On Belt
194650,-7.5082,-8.1475,-8.6383,-204.3512,72.3664,-108.9008,40.44,On Belt
194700,-12.0740,2.7342,-2.7821,-136.1985,43.2519,-104.3206,40.25,On Belt
194750,-10.4986,-2.6432,-3.9935,-118.1985,32.8244,-57.0534,40.39,On Belt
194800,-9.1770,-4.6735,-4.5681,-70.1679,-15.3893,14.5954,40.58,On Belt
194850,-5.9903,-3.9576,-3.0574,-22.9160,-3.2824,12.4885,40.34,On Belt
194900,-6.2537,-4.6064,-5.3367,60.1985,-2.7786,22.1832,40.53,On Belt
194950,-6.3183,-4.3574,-6.3518,133.4809,4.9008,44.9008,40.44,On Belt
195000,-6.4739,-1.5586,-6.6439,180.7023,0.6107,69.2672,40.53,On Belt
195050,-7.1251,-0.7997,-7.8051,183.0992,-2.1221,118.7481,40.58,On Belt
195100,-6.5457,-1.8818,-7.3047,161.8779,-10.0000,131.2672,40.39,On Belt
195150,-6.4500,0.2251,-7.5346,142.0305,-20.6718,139.7863,40.44,On Belt
195200,-5.1260,0.2945,-6.6056,92.0916,6.2137,88.2901,40.34,On Belt
195250,-8.1570,-3.0694,-8.4635,25.0534,11.0687,30.7023,40.20,On Belt
195300,-4.6831,3.6248,-9.7276,-17.2366,79.5420,12.8702,40.44,On Belt
195350,-5.7485,2.6097,-6.4476,-53.0229,126.6718,19.5114,40.44,On Belt
195400,-4.5753,-0.4980,-4.8315,-36.0916,174.8855,-26.0611,40.44,On Belt
195450,-9.7947,-4.1492,-7.0485,-17.5420,146.6870,-44.3664,40.39,On Belt
195500,-12.6510,2.6384,-7.5130,-4.7176,77.6336,12.3053,40.25,On Belt
195550,-7.6830,0.6967,-6.6942,20.1221,79.8779,20.8244,40.53,On Belt
195600,-5.4995,-0.8811,-4.3742,56.0763,42.0611,48.8550,40.44,On Belt
195650,-4.2114,-2.3032,-4.1875,76.0305,-15.3130,64.5038,40.34,On Belt
195700,-4.7357,-2.0949,-5.6264,94.9313,-79.8626,71.4351,40.39,On Belt
195750,-6.7684,0.6273,-10.0987,48.4275,-118.5496,49.5878,40.58,On Belt
195800,-5.4109,0.7278,-11.0445,-20.6260,-96.0916,27.5878,40.39,On Belt
195850,-6.0549,-1.9944,-9.7707,-48.6260,-64.6107,-10.0458,40.25,On Belt
195900,-3.9983,-0.4453,-8.2768,-58.7176,-23.2519,-22.1221,40.34,On Belt
195950,-4.6855,-0.6871,-5.9903,-41.4351,14.1069,-9.5420,40.34,On Belt
196000,-6.7014,-1.5921,-5.5881,-28.9313,20.2901,-14.3053,40.39,On Belt
196050,-6.9599,-0.7542,-6.4356,-28.3359,19.7099,-3.5267,40.39,On Belt
196100,-7.3095,-0.9984,-6.4524,-13.5115,45.5420,11.6641,40.34,On Belt
196150,-7.3478,-0.5315,-6.1339,4.8550,59.4504,36.2748,40.53,On Belt
196200,-6.9647,-0.9888,-6.2273,29.9084,70.0153,65.0076,40.58,On Belt
196250,-7.0222,-1.9034,-6.0669,60.5954,57.8473,98.4733,40.39,On Belt
196300,-5.6671,-2.4828,-6.2058,94.5038,31.0382,124.3359,40.39,On Belt
196350,-4.8123,-2.2458,-7.7213,130.2748,20.5344,142.9924,40.58,On Belt
196400,-6.2393,-0.7111,-9.2632,137.1603,0.8702,157.2824,40.25,On Belt
196450,-6.0597,0.7326,-8.7963,45.0076,-41.0229,130.5496,40.53,On Belt
196500,-4.9249,-1.3671,-7.7620,-26.2137,-62.0458,79.8015,40.53,On Belt
196550,-3.9720,-2.4588,-7.5369,-22.5649,-61.4656,57.2824,40.53,On Belt
196600,-4.8004,-0.9074,-7.2401,4.1832,-15.7252,79.3588,40.34,On Belt
196650,-6.8402,-2.4421,-6.9815,36.1527,-5.9542,93.5725,40.06,On Belt
196700,-6.9264,-1.5658,-6.5553,70.3817,-7.5725,98.0000,40.39,On Belt
196750,-6.8307,0.4334,-5.7389,82.5649,-22.1985,99.0992,40.25,On Belt
196800,-6.2680,0.8739,-6.3255,65.1450,-40.2595,80.2901,40.44,On Belt
196850,-5.3678,-0.6321,-6.2920,33.6031,-59.0382,44.6718,40.44,On Belt
196900,-4.6711,-1.1732,-6.0861,27.5878,-60.7786,-0.6412,40.39,On Belt
196950,-6.1411,-0.0910,-7.7476,35.8473,-50.0000,-5.3282,40.25,On Belt
197000,-6.5003,0.0910,-7.4819,44.0153,-36.2137,0.4275,40.20,On Belt
197050,-5.5498,-0.2705,-6.7708,40.2443,-21.6794,-7.2977,40.39,On Belt
197100,-7.5609,-0.0192,-7.1491,32.0458,-26.7481,-30.1374,40.25,On Belt
197150,-9.1650,2.2529,-8.1834,-1.1298,-29.0382,-25.9084,40.34,On Belt
197200,-7.3454,1.1827,-6.0478,-55.0382,-42.3206,-38.2901,40.44,On Belt
197250,-5.7748,0.5076,-5.3271,-76.1069,-23.8015,-84.2290,40.20,On Belt
197300,-6.4284,-1.1540,-5.5426,-132.8092,-0.3664,-86.4122,40.39,On Belt
197350,-8.1834,-0.9313,-5.0111,-145.3893,13.7405,-77.0687,40.39,On Belt
197400,-8.0685,-2.0303,-4.7525,-136.0153,19.3435,-65.2214,40.44,On Belt
197450,-7.5441,-3.3423,-4.3574,-127.7863,14.0611,-53.8168,40.39,On Belt
197500,-9.0788,-3.7661,-4.2114,-99.5878,5.3130,-13.8015,40.44,On Belt
197550,-10.2089,-4.6495,-2.7318,-52.6412,0.3969,22.5191,40.53,On Belt
197600,-8.7317,-6.0358,-3.9361,20.2137,-11.7710,46.8397,40.39,On Belt
197650,-6.6774,-5.4157,-4.3239,97.3893,-13.1603,48.8550,40.20,On Belt
197700,-4.9392,-4.1587,-5.6719,156.7481,9.8321,46.1221,40.25,On Belt
197750,-5.6383,-4.3814,-7.8147,189.4809,30.1985,47.7405,40.44,On Belt
197800,-8.0972,0.8835,-7.3813,222.8702,33.1908,103.2519,40.44,On Belt
197850,-8.3653,-1.5275,-7.8386,217.7405,33.8626,129.8321,40.34,On Belt
197900,-6.8211,-1.6544,-6.9767,196.4886,14.6260,131.1450,40.25,On Belt
197950,-5.3606,-1.8747,-7.0629,168.1374,8.3664,119.5267,40.34,On Belt
198000,-5.6407,-1.3096,-7.2137,143.6336,15.7863,103.3130,40.44,On Belt
198050,-6.5242,-1.1109,-7.2042,99.3435,9.5878,90.2443,40.34,On Belt
198100,-6.5266,-1.8364,-6.9192,57.1908,-6.0458,60.3206,40.44,On Belt
198150,-5.2768,-1.1420,-6.3805,12.5191,-4.3053,10.5802,40.39,On Belt
198200,-6.9049,-0.0311,-6.4811,-35.8321,31.7405,-40.6718,40.25,On Belt
198250,-9.1961,2.0279,-7.1036,-83.2672,40.9466,-30.3511,40.44,On Belt
198300,-9.1770,-0.0431,-6.0956,-108.5191,48.7023,-25.6794,40.53,On Belt
198350,-6.2680,1.0008,-4.3527,-114.0153,45.0382,0.2443,40.39,On Belt
198400,-5.2457,0.0982,-6.0214,-97.2824,91.0992,34.8550,40.20,On Belt
198450,-7.5800,-1.9848,-6.6343,-34.4275,119.4351,59.0992,40.25,On Belt
198500,-9.1195,-2.4349,-6.8666,30.0763,132.6870,58.6107,40.34,On Belt
198550,-8.2863,-0.7638,-5.9089,98.9466,105.7099,84.9160,40.34,On Belt
198600,-6.1579,-0.3807,-6.1746,160.7634,71.1908,107.4504,40.25,On Belt
198650,-4.4388,0.6177,-6.5122,180.4275,51.8473,130.2290,40.44,On Belt
198700,-4.0199,2.3942,-6.8187,168.0153,22.0916,137.0840,40.39,On Belt
198750,-6.0047,0.7015,-6.9336,63.8931,-46.8550,108.5802,40.20,On Belt
198800,-6.6415,-1.9537,-8.1020,-13.2824,-117.3588,65.7710,40.25,On Belt
198850,-5.7150,-3.4907,-8.3318,-23.2214,-153.9084,37.5420,40.25,On Belt
198900,-4.8291,-4.0917,-8.6981,-5.5267,-169.2061,24.1679,40.44,On Belt
198950,-4.1755,-4.9057,-9.9790,24.0305,-144.5038,9.1450,40.39,On Belt
199000,-3.5841,-3.4764,-10.0197,49.3435,-85.2366,-12.0153,40.25,On Belt
199050,-6.3207,-2.6408,-12.0859,64.5954,-12.3359,-68.4427,40.58,On Belt
199100,-13.0747,19.2350,-6.5194,-46.1374,61.6947,-54.6870,40.25,On Belt
199150,-9.2895,-0.5267,-5.0805,-170.3817,-15.3588,-1.6031,40.25,On Belt
199200,-4.1994,-3.1699,-5.4660,-157.0687,-4.4580,-23.3588,40.44,On Belt
199250,-3.8930,-3.4381,-5.2888,-170.2443,19.8779,-47.9389,40.39,On Belt
199300,-4.8650,-5.3606,-5.9616,-187.2214,68.8855,-113.6336,40.53,On Belt
199350,-10.0509,0.4142,-2.9664,-176.2595,26.1679,-63.9389,40.25,On Belt
199400,-9.6606,-4.9752,-6.3710,-119.1603,14.6870,-77.3893,40.34,On Belt
199450,-8.7891,-1.8387,-3.4692,-112.5038,-6.1374,-32.9924,40.67,On Belt
199500,-8.1283,-4.1659,-3.3279,-34.6870,-17.3740,-16.0458,40.34,On Belt
199550,-6.0525,-5.0278,-5.1715,47.8626,-13.5725,-9.1145,40.44,On Belt
199600,-6.1172,-3.2513,-5.2960,105.0229,-14.6718,-1.5420,40.25,On Belt
199650,-8.6359,-0.9194,-6.7086,141.4809,-24.7328,25.4504,40.67,On Belt
199700,-8.9016,-1.0271,-7.4579,138.2290,-35.7710,66.6107,40.39,On Belt
199750,-5.5761,-1.7454,-7.9248,121.3282,-23.1603,93.5725,40.20,On Belt
199800,-5.8778,-2.4948,-7.3334,104.1069,-16.7634,96.2443,40.44,On Belt
199850,-4.8339,0.4812,-7.3813,94.7481,17.4046,78.5649,40.15,On Belt
199900,-6.3662,-0.1293,-8.0325,39.0382,51.1450,40.6260,40.34,On Belt
199950,-6.5673,0.5626,-9.7731,5.3588,97.8931,27.9389,40.20,On Belt
200000,-6.0837,2.9664,-6.5074,-22.9771,142.7939,28.9618,40.15,On Belt
200050,-6.5098,-2.6504,-5.8562,-21.5267,188.0611,-50.1221,40.39,On Belt
200100,-7.1850,-4.0199,-5.4708,-4.5954,147.7405,-68.8244,40.20,On Belt
200150,-10.1897,3.1149,-5.7293,19.1603,76.9313,-42.1679,40.25,On Belt
200200,-7.1395,-0.0479,-8.6119,11.1603,36.9771,-14.8550,40.34,On Belt
200250,-5.5713,-0.5962,-6.2800,28.0916,21.5420,8.4275,40.39,On Belt
200300,-4.4748,-1.2498,-5.5857,26.8550,-4.4580,12.0305,40.25,On Belt
200350,-4.8866,-1.7885,-6.2465,29.2977,-36.3969,2.5038,40.39,On Belt
200400,-5.2050,-1.5107,-7.4867,25.8626,-73.3282,3.7863,40.15,On Belt
200450,-4.6376,-0.9601,-8.1451,19.3435,-88.2748,8.3206,40.25,On Belt
200500,-5.0494,-1.9561,-8.0230,10.7939,-96.3817,5.4656,40.15,On Belt
200550,-5.4420,-2.8922,-7.8099,11.7710,-103.6183,-3.7557,40.39,On Belt
200600,-5.2241,-2.3894,-8.9519,32.5496,-100.2137,3.4046,40.39,On Belt
200650,-6.7756,-3.4261,-10.6590,62.8397,-73.6641,-2.3206,40.44,On Belt
200700,-9.7971,1.1013,-11.8992,-4.9313,-2.3053,-15.4504,40.58,On Belt
200750,-8.2863,3.8762,-5.4755,-93.6947,-1.9389,9.3893,40.44,On Belt
200800,-5.3558,-3.3686,-5.3271,-102.1679,-17.6336,-17.6489,40.44,On Belt
200850,-3.1771,-1.5610,-3.3327,-115.4198,4.9466,-50.8244,40.44,On Belt
200900,-4.5346,-3.5051,-5.3606,-161.0534,55.4351,-96.3969,40.44,On Belt
200950,-9.8258,-2.5307,-5.4061,-172.9771,36.1985,-83.5573,40.20,On Belt
201000,-7.7117,-4.8483,-5.4971,-110.9924,2.5191,-94.8550,40.34,On Belt
201050,-7.0437,-0.2346,-2.2936,-99.7252,-13.4198,-71.0992,40.39,On Belt
201100,-9.0884,-3.9002,-6.1411,-42.6412,-1.9389,-18.4275,40.25,On Belt
201150,-8.5018,-5.5617,-5.1068,50.9618,-14.3969,36.1221,40.39,On Belt
201200,-4.8291,-2.9233,-6.1770,125.4809,-19.6489,44.9771,40.44,On Belt
201250,-5.6120,-1.8340,-6.9312,154.0763,-6.7634,86.4275,40.34,On Belt
201300,-5.6743,-2.3750,-7.8793,167.3130,-3.4046,108.9160,40.34,On Belt
201350,-5.8586,-2.1404,-7.8578,164.4122,-12.2137,135.8931,40.58,On Belt
201400,-5.2361,0.4812,-7.5274,129.5573,0.9771,135.1908,40.44,On Belt
201450,-5.8969,-0.6847,-6.3925,72.3206,-0.3664,80.8092,40.25,On Belt
201500,-7.9487,-2.6001,-10.6159,22.3053,4.4122,26.9771,40.44,On Belt
201550,-4.4197,3.2513,-11.3126,8.7328,93.8321,52.6565,40.44,On Belt
201600,-5.0709,0.9697,-6.1172,-14.0153,165.9695,-1.2061,40.44,On Belt
201650,-6.2082,-3.9480,-5.6934,-23.0229,183.6183,-47.0534,40.44,On Belt
201700,-7.7979,-4.7070,-6.1842,2.3969,141.2214,-73.4351,40.53,On Belt
201750,-11.7531,2.7102,-6.6583,14.2290,72.4427,-39.4656,40.44,On Belt
201800,-7.6088,0.3639,-7.6758,15.1298,29.9695,-19.9695,40.39,On Belt
201850,-4.9177,-0.6153,-5.1811,32.8092,0.9008,18.7023,40.53,On Belt
201900,-4.5562,-1.6376,-4.7262,31.4656,-44.7786,32.4122,40.44,On Belt
201950,-4.9967,-1.9800,-4.9344,22.9313,-97.6183,24.0763,40.25,On Belt
202000,-6.5649,-3.8092,-7.6638,15.4809,-164.2137,26.1679,40.39,On Belt
202050,-6.3829,-4.8339,-9.3613,19.1450,-182.8702,-6.2290,40.25,On Belt
202100,-5.5019,-3.1556,-9.7516,32.0153,-172.7786,-8.1527,40.06,On Belt
202150,-7.5633,-3.3639,-12.8784,89.3893,-99.4962,19.0840,40.15,On Belt
202200,-8.9783,6.7876,-6.7924,0.7634,27.6947,46.9466,40.44,On Belt
202250,-4.7525,0.0359,-4.5657,-87.7405,22.0153,16.9618,40.39,On Belt
202300,-3.3112,-1.9106,-3.8188,-92.8550,35.0534,-5.4198,40.25,On Belt
202350,-5.8059,-5.5115,-6.6056,-113.4504,78.0153,-67.7710,40.77,On Belt
202400,-6.8187,-4.1084,-5.7102,-120.3511,106.3359,-120.1527,40.72,On Belt
202450,-10.5489,-3.7014,-7.1826,-117.6336,45.0076,-50.9008,40.34,On Belt
202500,-7.4412,-2.9999,-5.6048,-90.4275,32.6870,-59.9237,40.67,On Belt
202550,-5.9951,-3.0143,-4.4005,-73.2366,14.5496,-51.4962,40.39,On Belt
202600,-7.7668,-2.7390,-5.2265,-33.8931,-27.0840,-27.2366,40.39,On Belt
202650,-7.2856,-1.9082,-5.7221,5.8779,-40.2443,-8.4885,40.39,On Belt
202700,-5.3510,-2.0351,-6.7109,40.1374,-50.0000,30.0611,40.53,On Belt
202750,-5.2505,-2.4301,-6.7277,62.4427,-43.3893,55.9695,40.67,On Belt
202800,-6.1220,-2.3846,-8.7317,74.8092,-34.3206,73.5420,40.25,On Belt
202850,-4.9321,-2.7533,-6.6750,76.7786,-33.8321,81.1603,40.34,On Belt
202900,-4.3120,-0.9505,-7.5226,48.7176,15.0840,63.5573,40.39,On Belt
202950,-6.4093,-0.7542,-13.5225,78.4427,82.1374,87.4351,40.34,On Belt
203000,-5.6671,2.8156,-8.0876,72.2443,150.2748,104.4580,40.25,On Belt
203050,-4.7285,0.6177,-5.7197,86.7939,163.2977,52.1527,40.34,On Belt
203100,-5.8634,-2.2362,-4.8937,99.8321,136.1374,-0.9618,40.34,On Belt
203150,-9.2392,-3.1747,-7.4244,108.8855,26.9313,-35.1756,40.39,On Belt
203200,-5.5067,5.9807,-10.9822,-1.7099,-12.4733,-84.4427,40.39,On Belt
203250,-5.5067,-0.0503,-8.6766,-94.6412,-8.4733,-96.2443,40.34,On Belt
203300,-4.0223,-2.5642,-5.3846,-54.8092,-37.1145,-53.2672,40.39,On Belt
203350,-4.2282,-3.3208,-4.8219,-17.8168,-63.2214,-25.8015,40.44,On Belt
203400,-5.1811,-4.2138,-6.8833,33.7405,-102.6718,6.9466,40.34,On Belt
203450,-5.1930,-3.5506,-8.4252,76.4122,-96.5954,39.3588,40.44,On Belt
203500,-5.6958,-2.4588,-8.8131,90.4885,-84.5343,40.8092,40.44,On Belt
203550,-6.1124,-1.1899,-9.1195,40.0458,-106.6565,29.6947,40.53,On Belt
203600,-7.0677,-4.2329,-10.0197,4.9466,-119.2824,-8.3664,40.58,On Belt
203650,-7.1180,-0.8452,-11.8130,-31.1756,-39.2672,-24.9313,40.34,On Belt
203700,-6.3949,1.3360,-4.1994,-64.9466,26.9771,29.4656,40.34,On Belt
203750,-5.3630,-4.0007,-4.9464,-46.8855,29.8015,-6.4122,40.39,On Belt
203800,-4.4029,-1.0271,-3.3710,-63.8321,39.5267,-18.5954,40.34,On Belt
203850,-7.0557,-2.8946,-6.0717,-115.6794,96.9008,-74.0458,40.25,On Belt
203900,-9.7755,-3.5410,-5.9807,-113.7863,61.7405,-52.2901,40.25,On Belt
203950,-7.2951,-3.4117,-5.5785,-95.4504,40.0305,-49.5725,40.39,On Belt
204000,-7.0102,-2.6169,-4.8794,-97.2977,31.9847,-36.8092,40.34,On Belt
204050,-8.5497,-2.9209,-5.0589,-53.2977,-1.1450,0.9466,40.44,On Belt
204100,-7.4579,-3.7373,-5.1595,16.7176,-24.5649,25.1756,40.34,On Belt
204150,-6.1028,-3.1580,-6.9767,76.8092,-35.0687,68.0305,40.58,On Belt
204200,-6.0693,-2.3894,-6.9743,115.4657,-17.9847,112.3359,40.25,On Belt
204250,-5.7317,-2.8778,-6.8378,130.2748,-9.1908,125.0229,40.39,On Belt
204300,-5.7533,-2.6695,-7.4962,129.0687,-14.6565,141.7099,40.34,On Belt
204350,-5.4612,-1.7837,-7.5585,131.7863,-12.4885,165.2366,40.25,On Belt
204400,-5.3941,0.5315,-8.7149,101.5878,60.1374,138.9924,40.39,On Belt
204450,-9.2823,0.3065,-10.2304,93.4504,98.4885,208.6870,40.25,On Belt
204500,-6.5984,0.4836,-7.8314,117.5573,114.5191,255.2672,40.39,On Belt
204550,-2.7916,0.0335,-3.4955,139.0534,134.6260,221.3130,40.53,On Belt
204600,-5.1332,-1.8124,-3.6272,135.8779,71.7405,230.5954,40.06,On Belt
204650,-8.7747,0.5052,-7.2568,102.5191,-57.0840,160.0000,40.44,On Belt
204700,-3.3399,0.6847,-8.8873,-5.3893,-110.1527,79.8015,40.58,On Belt
204750,-3.2202,-2.1883,-8.5593,-21.7099,-112.3359,22.2901,40.20,On Belt
204800,-2.6719,-0.7901,-7.4436,-13.2977,-105.4351,-29.6336,40.34,On Belt
204850,-4.8315,0.1221,-10.2424,-17.3130,-80.5191,-63.7557,40.44,On Belt
204900,-5.9903,1.1947,-10.2185,-27.0534,-31.5267,-27.2824,40.34,On Belt
204950,-4.0773,0.4094,-7.7405,-7.1756,33.8015,-40.1221,40.39,On Belt
205000,-5.8299,-1.0750,-7.1898,0.5954,53.3740,-37.5115,40.44,On Belt
205050,-6.1124,-1.2881,-6.0573,3.4504,28.2137,-43.8473,40.44,On Belt
205100,-6.8714,0.0838,-5.6144,6.6718,-4.4275,-47.7099,40.39,On Belt
205150,-7.8769,-0.8045,-6.4308,-19.1603,-39.2824,-62.9618,40.44,On Belt
205200,-5.9711,0.2155,-5.8897,-49.7099,-76.9466,-54.0153,40.06,On Belt
205250,-5.4971,0.1389,-6.8354,-41.3435,-54.2137,-26.5038,40.39,On Belt
205300,-6.4308,-1.8220,-6.0693,-25.9542,-18.2595,-48.1985,40.44,On Belt
205350,-9.0022,-0.2705,-5.4612,-37.3435,-9.7557,-40.4122,40.34,On Belt
205400,-8.9615,-1.1492,-5.5833,-47.7557,6.3053,-43.2977,40.34,On Belt
205450,-6.8785,-3.6823,-5.5905,-34.7328,-12.2595,-38.0305,40.44,On Belt
205500,-4.9297,-2.7845,-4.4867,-41.4046,-1.9542,-52.9924,40.53,On Belt
205550,-6.8761,-2.7150,-5.6719,-61.6947,3.5420,-52.7176,40.39,On Belt
205600,-8.1259,-3.2872,-6.9121,-53.7557,-3.8473,-16.7328,40.53,On Belt
205650,-7.2281,-2.9401,-5.4851,-29.0840,0.1527,-2.3359,40.44,On Belt
205700,-6.7397,-3.3399,-5.2481,-19.2366,4.7023,-5.5725,40.34,On Belt
205750,-7.0701,-2.5642,-5.5498,14.1527,1.7099,9.0840,40.44,On Belt
205800,-7.1946,-1.4126,-5.0973,34.5344,9.8473,25.7557,40.34,On Belt
205850,-7.9416,-2.7725,-6.0525,47.8015,-0.6565,34.3969,40.39,On Belt
205900,-5.5138,-3.1987,-6.5625,61.1908,-9.7863,37.3588,40.25,On Belt
205950,-5.4444,-3.3160,-6.9576,64.8092,8.9771,30.0305,40.20,On Belt
206000,-7.4579,-1.1109,-5.9831,61.1603,8.1221,42.5344,40.34,On Belt
206050,-7.3622,-1.0199,-5.6719,37.5420,4.9466,33.4656,40.53,On Belt
206100,-7.0078,-2.0159,-5.7844,9.5573,-4.2748,21.1908,40.25,On Belt
206150,-6.7804,-2.2362,-6.3877,-17.0229,-11.4656,7.8168,40.39,On Belt
206200,-6.6080,-1.9273,-6.1076,-41.6947,-10.3969,-4.1527,40.39,On Belt
206250,-6.6726,-2.6767,-6.1100,-61.6794,-16.2595,-14.1832,40.34,On Belt
206300,-6.2321,-2.6504,-6.1746,-72.3206,-21.2977,-16.1374,40.53,On Belt
206350,-5.2672,-2.6025,-6.1483,-68.2748,-10.5038,-19.4962,40.44,On Belt
206400,-6.0813,-2.4038,-7.0198,-60.8244,7.5115,-13.4351,40.53,On Belt
206450,-6.9073,-0.2634,-6.5505,-47.4046,21.7099,11.8931,40.53,On Belt
206500,-5.4277,0.8787,-6.3231,-43.9084,53.1450,32.9160,40.34,On Belt
206550,-6.0190,-0.8787,-7.6782,-17.1756,95.6947,38.2443,40.15,On Belt
206600,-7.7668,-1.2330,-7.5776,21.2519,106.2748,37.6336,40.39,On Belt
206650,-6.1028,-2.4134,-6.0454,56.3359,77.8473,27.4198,40.34,On Belt
206700,-6.0669,-2.6504,-6.1818,93.6947,44.2290,-27.7557,40.06,On Belt
206750,-6.6679,2.5211,-8.9950,19.7863,16.2290,-65.8931,40.25,On Belt
206800,-5.6192,-0.2682,-7.7812,-31.0840,-3.9695,-98.6260,40.39,On Belt
206850,-4.6424,-0.7518,-7.1970,-50.9160,-21.0840,-102.6412,40.67,On Belt
206900,-4.5226,-1.3408,-7.9799,-44.5802,-23.9695,-80.3817,40.39,On Belt
206950,-4.5825,-1.5945,-7.0773,-22.7939,-17.2519,-49.9389,40.34,On Belt
207000,-5.8251,-2.0662,-5.9041,-6.9466,-39.7710,-29.8626,40.39,On Belt
207050,-5.1116,-0.7398,-6.7397,3.7863,-70.9771,-10.9618,40.15,On Belt
207100,-5.0422,-0.4717,-7.7117,-7.7252,-86.8397,15.0534,40.53,On Belt
207150,-5.7126,-1.9249,-7.9511,-29.1603,-106.3664,4.0611,40.53,On Belt
207200,-6.4380,-3.2178,-8.7269,-35.7863,-120.2137,-50.6565,40.44,On Belt
207250,-12.9047,7.3765,-10.9128,-109.2977,-98.8550,-74.3053,40.44,On Belt
207300,-7.5513,1.5538,-7.8913,-229.0687,-132.4733,-88.6870,40.44,On Belt
207350,-3.2992,-1.1564,-6.3470,-239.0534,-80.4427,-109.9389,40.39,On Belt
207400,-2.8802,-2.4445,-5.9161,-282.2137,-44.9008,-118.0153,40.44,On Belt
207450,-5.1619,-6.0454,-7.9487,-258.5801,-28.7023,-157.0687,40.53,On Belt
207500,-4.3934,-4.7118,-6.7157,-239.7099,-21.0076,-172.8397,40.44,On Belt
207550,-6.7588,-1.2617,-4.8650,-232.4733,-27.9847,-130.8244,40.39,On Belt
207600,-8.1977,-4.7501,-6.3829,-201.2214,-32.7176,-64.9466,40.34,On Belt
207650,-8.4874,-4.7333,-4.7166,-171.7557,-3.5420,-62.5191,40.39,On Belt
207700,-7.1036,-6.6367,-5.5378,-102.4427,-14.8550,-46.0153,40.39,On Belt
207750,-5.8203,-4.3790,-4.2760,-45.7405,12.9924,-61.8931,40.39,On Belt
207800,-8.6263,-4.0342,-3.6919,-5.4809,20.1374,-32.2595,40.20,On Belt
207850,-8.7221,-3.2465,-3.9121,35.0992,15.7252,-17.8473,40.39,On Belt
207900,-8.2025,-2.8132,-4.3479,50.3969,17.8779,0.8397,40.39,On Belt
207950,-8.2025,-2.7318,-4.8674,63.4046,14.5496,5.5878,40.34,On Belt
208000,-8.0302,-2.2865,-5.2529,71.5420,7.9237,14.0611,40.25,On Belt
208050,-8.1235,-1.8387,-5.3750,63.9389,8.1374,24.1069,40.39,On Belt
208100,-7.6806,-1.6616,-5.6647,50.5649,7.5420,30.2443,40.39,On Belt
208150,-6.8785,-1.9010,-5.3750,29.0687,11.1756,24.9466,40.39,On Belt
208200,-6.9504,-2.0423,-5.7341,0.9924,15.1908,16.9466,40.39,On Belt
208250,-6.9121,-1.6879,-5.5067,-25.7099,16.8397,5.4504,40.39,On Belt
208300,-6.9887,-1.4844,-5.4851,-54.1832,20.3969,-11.1450,40.39,On Belt
208350,-7.3502,-1.4629,-5.6958,-82.3664,23.2519,-22.7176,40.39,On Belt
208400,-8.3893,-0.9720,-6.3710,-91.9084,19.4351,-9.5267,40.53,On Belt
208450,-8.3222,-0.3543,-5.9927,-79.0534,14.9771,23.9695,40.25,On Belt
208500,-6.1363,-0.5626,-5.6767,-54.5649,30.4122,51.0382,40.34,On Belt
208550,-5.8945,-0.5028,-6.3327,-21.0992,62.1527,72.0458,40.53,On Belt
208600,-5.5545,-1.6783,-7.0892,18.2748,83.1450,90.6870,40.25,On Belt
208650,-4.5514,-2.9209,-6.6631,76.9160,119.4198,60.9160,40.39,On Belt
208700,-5.9328,-2.6791,-7.2616,126.6718,108.9771,25.3435,40.25,On Belt
208750,-5.2553,3.1939,-7.8434,150.4275,77.4046,7.2672,40.25,On Belt
208800,-5.8083,1.8316,-9.0022,49.7405,25.4046,-48.2290,40.15,On Belt
208850,-3.8858,0.3496,-8.3055,-37.3435,-7.1450,-97.4657,40.53,On Belt
208900,-4.6088,-3.2561,-9.2727,-67.1450,-25.3740,-135.5114,40.25,On Belt
208950,-3.9073,-3.5147,-7.6854,-55.6641,-28.6718,-152.3359,40.39,On Belt
209000,-5.1140,0.7302,-6.7421,-49.0229,-30.8550,-105.0534,40.15,On Belt
209050,-5.3941,-1.1516,-7.3694,-32.8397,-43.2214,-62.2595,40.34,On Belt
209100,-4.7812,-1.8794,-6.9360,-2.9924,-65.3130,-14.3053,40.44,On Belt
209150,-4.7453,0.9505,-8.3989,13.4046,-71.2672,27.5114,40.25,On Belt
209200,-5.2170,-0.6680,-7.5729,-13.6031,-93.6489,36.8244,40.44,On Belt
209250,-6.8354,-2.9544,-8.1738,-29.6794,-126.6565,-22.1221,40.39,On Belt
209300,-8.7556,-0.4310,-12.1194,-90.9313,-135.9695,-94.3969,40.34,On Belt
209350,-5.9376,4.6256,-7.6327,-159.5420,-109.3435,-67.6947,40.39,On Belt
209400,-3.5075,-2.3511,-6.0238,-130.8397,-67.8015,-80.0611,40.34,On Belt
209450,-3.6009,-2.2625,-5.2146,-163.3435,-25.5420,-99.3282,40.39,On Belt
209500,-5.7078,-5.9137,-7.0126,-164.2137,-3.6947,-136.2595,40.25,On Belt
209550,-7.9559,0.8930,-4.7238,-155.0229,3.1145,-132.0458,40.39,On Belt
209600,-7.4460,-3.7900,-5.9113,-156.4275,4.0916,-111.0382,40.58,On Belt
209650,-6.3470,-3.3710,-5.4755,-165.5573,9.5573,-104.6412,40.44,On Belt
209700,-6.7181,-4.2832,-5.5881,-142.1069,0.7939,-90.2290,40.44,On Belt
209750,-8.2384,-4.1851,-5.7317,-94.8092,-4.7176,-50.0000,40.25,On Belt
209800,-8.1331,-4.4676,-4.8459,-34.8092,6.3053,-19.4504,40.39,On Belt
209850,-7.8530,-4.1228,-3.8523,23.2977,2.6718,1.6336,40.06,On Belt
209900,-6.5984,-3.0454,-5.7724,72.7023,1.6489,17.6336,40.53,On Belt
209950,-7.1874,-1.6448,-6.0693,88.5496,18.0763,46.0763,40.25,On Belt
210000,-7.7405,-2.3152,-6.2177,97.7557,20.1374,59.1298,40.39,On Belt
210050,-6.3614,-1.4030,-5.9161,97.5725,14.8702,63.8931,40.39,On Belt
210100,-6.4141,-1.3216,-6.3446,83.4504,26.0305,56.4580,40.67,On Belt
210150,-6.4356,-0.5818,-6.2034,67.2214,28.3359,50.8397,40.15,On Belt
210200,-7.2449,-0.7039,-5.6934,42.8092,29.0687,38.4122,40.25,On Belt
210250,-6.3375,-3.1627,-4.0701,53.3893,19.4504,18.3664,40.25,On Belt
210300,-6.4763,-2.1021,-6.4380,6.8702,24.9771,8.5649,40.34,On Belt
210350,-5.4372,-1.2306,-7.1299,-2.5649,50.1221,14.0153,40.34,On Belt
210400,-6.3590,-0.7566,-6.7516,-3.1603,75.4351,2.6412,40.39,On Belt
210450,-7.6207,-0.9840,-6.1196,-27.5725,38.7328,-11.7252,40.53,On Belt
210500,-5.8299,-1.3886,-7.3047,-42.4733,17.5878,-14.6260,40.25,On Belt
210550,-6.3734,-1.9968,-6.2489,-31.9695,12.5191,-0.3053,40.67,On Belt
210600,-6.2058,-1.4198,-6.5673,-8.9160,8.3053,11.6336,40.39,On Belt
210650,-5.7150,-1.6903,-6.7780,16.0458,8.6565,29.9084,40.44,On Belt
210700,-5.7245,-0.9577,-7.1275,30.6107,7.0534,35.6031,40.39,On Belt
210750,-5.7604,-0.5818,-7.7500,24.7176,3.0992,33.8931,40.20,On Belt
210800,-5.4324,-0.7111,-7.5776,13.6336,1.8168,27.4656,40.15,On Belt
210850,-5.8778,-0.9146,-7.1682,2.5344,-5.0992,15.4198,40.34,On Belt
210900,-5.9855,-1.1636,-7.4340,-0.3511,-14.9008,11.5420,40.25,On Belt
210950,-5.4899,-0.7614,-7.1611,0.7328,-13.4656,12.0763,40.67,On Belt
211000,-5.5905,-0.7805,-6.9049,2.1679,-11.6183,12.5496,40.44,On Belt
211050,-5.8179,-0.7925,-7.3406,2.4580,-9.0382,9.6794,40.44,On Belt
211100,-5.7006,-0.6345,-7.1419,-1.5420,-8.4122,9.2214,40.39,On Belt
211150,-5.7700,-0.6776,-7.3765,1.4504,-2.1221,12.0611,40.39,On Belt
211200,-5.5833,-0.7661,-7.2568,5.0534,6.3359,22.6870,40.25,On Belt
211250,-5.7892,-0.7709,-6.8857,16.7786,9.8015,28.5344,40.53,On Belt
211300,-5.9951,-0.6464,-7.1946,25.4656,2.6718,34.1069,40.39,On Belt
211350,-5.7389,-0.5866,-7.0797,28.1832,-1.9695,34.9008,40.25,On Belt
211400,-5.4851,-0.5435,-7.2113,24.9008,-4.9466,28.6718,40.39,On Belt
211450,-5.1643,-0.4549,-7.5968,21.2061,-4.7634,19.7557,40.58,On Belt
211500,-5.2648,-0.4980,-7.6710,10.9008,-0.4275,7.4656,40.44,On Belt
211550,-5.6599,-0.4717,-7.1754,-3.4504,-6.6565,-13.4046,40.34,On Belt
211600,-5.3917,-0.6800,-7.4460,-19.3740,-11.9542,-33.8015,40.44,On Belt
211650,-5.6719,-0.6991,-7.0413,-31.2366,-9.3282,-52.5649,40.44,On Belt
211700,-6.2130,-0.5124,-6.8690,-43.5573,-12.5191,-61.8931,40.53,On Belt
211750,-6.0525,-0.3950,-6.6439,-46.1374,-7.9847,-63.8931,40.25,On Belt
211800,-6.6607,-1.8914,-6.3087,-36.6412,-15.7252,-48.8397,40.44,On Belt
211850,-5.6048,-2.5666,-6.3901,-20.3969,-14.6412,-36.9008,40.25,On Belt
211900,-5.1451,-2.5953,-6.5553,0.2901,-1.6336,-32.3969,40.44,On Belt
211950,-6.4787,-1.8004,-6.6774,2.2901,1.4046,-32.8855,40.39,On Belt
212000,-6.5242,-1.4748,-6.3853,-13.1908,-7.5878,-39.9695,40.39,On Belt
212050,-5.7676,-2.9951,-5.9927,-22.8702,-17.7405,-47.6794,40.25,On Belt
212100,-5.8993,-2.6193,-6.5936,-11.9542,-30.1221,-47.9695,40.39,On Belt
212150,-5.7581,-2.1332,-7.4268,-6.8855,-19.0534,-40.7939,40.39,On Belt
212200,-6.2728,-2.0901,-7.6543,-15.9542,-17.5573,-34.1069,40.67,On Belt
212250,-5.5162,-2.4517,-7.3885,-41.2977,-10.2443,-37.4809,40.20,On Belt
212300,-5.9472,-3.4261,-6.7373,-49.4046,-12.2290,-46.0611,40.58,On Belt
212350,-6.3135,-2.2793,-6.8259,-49.8473,-19.0992,-47.8931,40.25,On Belt
212400,-6.0908,-2.5666,-6.2680,-53.0229,-26.7939,-39.2977,40.34,On Belt
212450,-5.5952,-3.3088,-6.8043,-51.5115,-27.9389,-34.3817,40.39,On Belt
212500,-5.7700,-3.5195,-7.0126,-56.7786,-24.9466,-31.3435,40.53,On Belt
212550,-5.9711,-3.0095,-6.4452,-55.6947,-24.9160,-27.5114,40.34,On Belt
212600,-6.0501,-3.1316,-6.7780,-54.3969,-26.0305,-20.2901,40.67,On Belt
212650,-5.5737,-2.7773,-6.6798,-41.5878,-34.0458,0.2901,40.39,On Belt
212700,-5.0637,-2.4756,-7.3957,-27.4656,-7.3435,4.2443,40.25,On Belt
212750,-6.2752,-0.8595,-8.7556,-16.1069,10.5344,32.4122,40.39,On Belt
212800,-6.7086,0.5578,-8.7508,-38.5649,40.7176,47.4351,40.39,On Belt
212850,-6.2058,-0.3376,-7.4364,-51.8321,50.8550,56.0763,40.39,On Belt
212900,-3.6559,-1.1277,-6.5122,-37.9542,60.6260,49.2519,40.15,On Belt
212950,-4.3862,-1.8842,-7.0246,-9.8931,90.8092,-1.8473,40.25,On Belt
213000,-5.4995,-1.8076,-7.7955,0.5496,99.8321,-30.1221,40.25,On Belt
213050,-6.1124,-1.1420,-7.6830,28.9160,100.3206,-69.8626,40.53,On Belt
213100,-5.6072,-0.2370,-7.8147,25.6947,93.4809,-79.1756,40.67,On Belt
213150,-4.1731,-0.3400,-7.6926,43.4198,69.2214,-52.3359,40.39,On Belt
213200,-4.8650,2.2362,-8.3701,30.0763,46.6565,-35.2824,40.67,On Belt
213250,-5.1092,-0.5267,-7.2185,-23.7099,-3.6641,-47.6947,40.44,On Belt
213300,-4.4221,-3.1196,-6.5793,-32.9313,-44.0916,-51.6641,40.39,On Belt
213350,-1.4509,0.7997,-6.0597,-3.3435,-46.7939,-17.1603,40.44,On Belt
213400,-4.2928,-2.6312,-6.5745,24.9008,-63.4351,21.4198,40.44,On Belt
213450,-3.6368,-2.9137,-7.5585,57.8015,-81.0840,42.4580,40.15,On Belt
213500,-5.0206,-2.1284,-9.3685,77.6336,-94.0611,49.0076,40.34,On Belt
213550,-5.5210,-0.8260,-11.1498,42.3206,-102.1679,43.5115,40.34,On Belt
213600,-7.2927,-3.6081,-12.4427,37.7405,-100.7786,5.7557,40.39,On Belt
213650,-5.6216,0.1748,-14.7315,-20.0000,-46.8550,-19.7405,40.25,On Belt
213700,-5.7581,1.4293,-6.1387,-81.5420,1.6336,5.0229,40.25,On Belt
213750,-3.7014,-2.6240,-4.2114,-53.8168,-5.5115,-14.2595,40.58,On Belt
213800,-3.0191,-1.7406,-3.2202,-81.3740,7.0687,-37.4962,40.72,On Belt
213850,-6.7708,-6.2010,-7.4101,-102.8092,41.3282,-97.1450,40.25,On Belt
213900,-10.2208,2.7749,-5.0494,-94.4885,18.7023,-56.2290,40.53,On Belt
213950,-7.4723,-3.1077,-5.5402,-35.2977,-8.8397,-50.6565,40.53,On Belt
214000,-5.9041,-2.5283,-4.4843,-58.6718,-6.0153,-40.4885,40.25,On Belt
214050,-6.8905,-2.3343,-5.2768,-16.3664,-23.0534,-21.8931,40.39,On Belt
214100,-6.5194,-2.7773,-6.2800,29.5878,-28.4886,2.7634,40.25,On Belt
214150,-6.3853,-2.8012,-6.7229,53.0992,-20.5954,19.7557,40.53,On Belt
214200,-6.9599,-1.8483,-6.9384,76.4580,-30.7023,49.6336,40.34,On Belt
214250,-7.2353,-0.8619,-6.5673,82.7786,-37.1756,69.6794,40.53,On Belt
214300,-5.4205,-2.0351,-7.1299,67.5725,-37.1603,77.3282,40.39,On Belt
214350,-6.0885,-2.7198,-6.5984,32.4885,-38.8550,56.6107,40.53,On Belt
214400,-6.5266,-3.0813,-7.5824,2.6260,-51.8168,33.0382,40.44,On Belt
214450,-4.5849,-0.9218,-8.8490,10.4580,-26.0153,40.1832,40.53,On Belt
214500,-6.3997,-2.4684,-11.2073,0.1985,32.2290,49.4351,40.39,On Belt
214550,-5.0661,2.3511,-7.7069,-7.9389,122.8702,77.8473,40.25,On Belt
214600,-4.5059,-2.1668,-4.9704,-0.0916,166.9313,1.5420,40.25,On Belt
214650,-5.8012,-3.3902,-4.7262,-1.6794,176.8855,-55.1450,40.34,On Belt
214700,-9.3494,-5.5929,-7.3694,43.1908,121.4809,-84.3664,40.58,On Belt
214750,-12.8688,3.7733,-6.3829,6.9618,33.8473,-61.7099,40.53,On Belt
214800,-6.1962,-0.0215,-8.6742,16.1069,15.4351,-36.9313,40.39,On Belt
214850,-4.7453,-1.4700,-5.9903,10.0458,2.0458,-36.8550,40.44,On Belt
214900,-5.1380,-2.6121,-5.3127,2.3511,-32.7786,-53.1450,40.34,On Belt
214950,-4.7764,-1.0391,-6.6008,-5.4351,-68.4580,-66.8702,40.39,On Belt
215000,-4.4365,-0.2682,-7.8027,-8.8855,-57.4351,-30.8855,40.53,On Belt
215050,-5.9951,-4.0127,-7.2808,10.0000,-68.0000,-2.0611,40.44,On Belt
215100,-5.9927,-3.5985,-7.2520,21.4504,-102.6412,-10.5191,40.58,On Belt
215150,-6.0789,-2.5833,-9.2440,7.7252,-118.7634,-16.6718,40.53,On Belt
215200,-5.2888,-0.4860,-10.9654,-0.2290,-94.8092,13.5115,40.25,On Belt
215250,-6.6990,-3.3734,-9.8976,4.5649,-39.4504,-3.8626,40.44,On Belt
215300,-9.8497,-2.0351,-9.0333,-76.3664,8.9771,-41.1298,40.44,On Belt
215350,-5.0542,1.7789,-3.2513,-101.3435,-3.4351,9.9847,40.39,On Belt
215400,-5.4324,-4.4867,-5.1834,-76.8855,5.2061,-47.7710,40.67,On Belt
215450,-3.7517,-1.3192,-3.2848,-91.2977,11.9695,-61.2824,40.67,On Belt
215500,-8.5712,0.3041,-5.0589,-134.1374,43.0382,-49.1908,40.44,On Belt
215550,-10.2903,-4.7214,-6.3231,-98.7023,33.5573,-49.8779,40.58,On Belt
215600,-6.3470,-3.6966,-4.6304,-43.6336,-4.2290,-30.8550,40.67,On Belt
215650,-6.3494,-3.3232,-4.7309,-20.8702,-12.9313,-26.6870,40.39,On Belt
215700,-8.2935,-2.9329,-5.5569,26.2137,-31.1908,-3.1298,40.53,On Belt
215750,-6.9336,-1.3599,-5.3822,72.4427,-19.8321,27.7252,40.34,On Belt
215800,-7.2664,-3.0454,-6.5984,101.1298,-7.4198,58.5191,40.34,On Belt
215850,-6.4596,-3.4907,-7.1611,142.9313,-27.4351,82.2901,40.67,On Belt
215900,-6.1052,-2.4301,-7.3358,162.9924,-22.1221,93.9847,40.39,On Belt
215950,-7.0366,-1.7526,-7.0318,143.0382,-25.7099,106.6107,40.39,On Belt
216000,-6.3853,-0.5818,-7.6088,89.1145,-24.9466,98.5802,40.53,On Belt
216050,-6.6152,-1.3958,-6.8187,20.4122,-32.1221,66.6107,40.25,On Belt
216100,-6.1531,-2.8060,-6.5457,-18.9924,-57.7405,24.6565,40.67,On Belt
216150,-6.2848,-3.0765,-8.7915,-50.2748,-41.0992,-32.5802,40.72,On Belt
216200,-3.8475,3.0574,-12.0165,-65.6641,66.9924,23.2366,40.44,On Belt
216250,-5.4205,-1.7645,-6.0406,-79.3740,150.8702,16.2443,40.39,On Belt
216300,-3.7828,-2.0255,-4.1492,-88.5649,206.4580,-59.2366,40.25,On Belt
216350,-9.3613,-4.6519,-7.3933,-85.1603,200.5649,-90.4275,40.39,On Belt
216400,-12.7036,-3.1484,-9.1937,-24.0458,118.1374,-37.4351,40.44,On Belt
216450,-8.4635,-0.2442,-6.1268,0.4580,91.4351,-28.5344,40.34,On Belt
216500,-7.3957,-1.2905,-5.0757,17.1603,63.4198,-14.1985,40.15,On Belt
216550,-5.3989,-0.4429,-4.1563,50.4427,19.9542,9.8779,40.25,On Belt
216600,-5.6862,-1.1181,-4.5442,60.3359,-26.2748,29.8626,40.72,On Belt
216650,-4.9895,-1.3048,-7.5513,81.7863,-68.4122,57.0992,40.44,On Belt
216700,-5.9520,-2.5283,-8.1355,105.6947,-95.7863,76.3359,40.34,On Belt
216750,-7.2472,-2.3224,-9.0956,56.0916,-145.3282,53.7557,40.67,On Belt
216800,-8.0541,-3.9385,-11.4682,28.1527,-184.4733,0.8397,40.58,On Belt
216850,-7.6567,-0.9122,-16.0268,-6.9771,-134.4427,-56.2137,40.39,On Belt
216900,-4.0941,4.4532,-7.1132,-57.4198,20.3359,28.2290,40.39,On Belt
216950,-4.7860,-3.7014,-5.5354,-70.5343,20.1221,0.9313,40.20,On Belt
217000,-3.1603,-2.2817,-3.7086,-98.6565,41.0992,-23.8168,40.06,On Belt
217050,-5.3391,-4.6567,-5.6958,-118.2901,71.7252,-83.7252,40.39,On Belt
217100,-7.5202,-6.9312,-6.9839,-105.4504,54.5954,-118.6565,40.25,On Belt
217150,-6.4117,-2.3822,-5.0302,-82.4885,24.0153,-120.7328,40.39,On Belt
217200,-7.6016,-2.2577,-5.4348,-110.9771,3.3435,-102.0611,40.58,On Belt
217250,-8.3079,-1.3575,-5.4205,-92.8092,-21.5573,-84.3664,40.67,On Belt
217300,-7.5250,-2.7557,-5.9807,-52.2137,-45.5420,-41.2366,40.44,On Belt
217350,-5.5162,-4.1300,-6.3279,-10.4580,-44.4580,-23.0229,40.39,On Belt
217400,-4.6711,-3.5171,-7.0318,43.9084,-37.1298,7.3588,40.34,On Belt
217450,-6.1363,-2.1668,-7.3670,80.4427,-10.6107,44.6412,40.53,On Belt
217500,-6.9097,-2.3631,-7.1802,88.0305,-20.5649,61.8931,40.39,On Belt
217550,-5.4731,-1.8603,-7.3789,81.3588,-13.5420,81.2672,40.44,On Belt
217600,-5.6982,-2.2242,-7.0150,77.7557,-22.9771,95.9237,40.39,On Belt
217650,-5.6455,-0.5411,-8.8346,46.2748,-6.8550,83.6641,40.25,On Belt
217700,-2.9832,3.7373,-14.0204,8.2595,96.0763,130.2595,40.25,On Belt
217750,-5.4827,-3.1149,-7.0150,25.8626,172.7023,80.0153,40.39,On Belt
217800,-4.3527,-2.4134,-4.5729,30.1069,187.8626,8.8702,40.01,On Belt
217850,-8.6622,-5.4300,-6.8785,69.2977,137.5420,-28.4733,40.39,On Belt
217900,-8.6335,3.0143,-7.8841,43.0229,24.7328,-58.5496,40.58,On Belt
217950,-4.5107,1.5897,-8.2337,-25.2061,8.0611,-78.5496,40.25,On Belt
218000,-4.9033,-1.5658,-7.4340,-21.4198,2.3359,-70.9618,40.39,On Belt
218050,-4.4580,-2.3750,-6.5649,-11.8015,-2.9466,-54.8244,40.34,On Belt
218100,-4.3574,-1.2450,-6.0094,12.6260,-26.7176,-25.8168,40.39,On Belt
218150,-6.3782,0.3448,-6.1675,4.1374,-65.6947,-5.9847,40.34,On Belt
218200,-5.0901,-2.4541,-7.6375,17.2061,-89.9237,31.5573,40.53,On Belt
218250,-6.2944,-3.7278,-7.0557,27.8473,-132.6107,30.8397,40.34,On Belt
218300,-5.4708,-3.8786,-8.9471,24.6718,-163.7252,8.3817,40.25,On Belt
218350,-6.8402,-5.2912,-13.4219,58.9771,-121.2824,-27.9237,40.34,On Belt
218400,-8.4898,5.5330,-12.8497,18.3053,36.8702,45.9542,40.39,On Belt
218450,-4.5657,1.4222,-5.1308,-45.6183,30.5649,21.0840,40.39,On Belt
218500,-4.1731,-2.1572,-4.1444,-49.4504,8.2748,-4.6565,40.44,On Belt
218550,-4.5179,-3.0885,-4.6759,-92.8397,38.2748,-68.3206,40.77,On Belt
218600,-6.9432,-5.9304,-6.9599,-124.2137,55.8473,-130.8855,40.25,On Belt
218650,-7.5800,1.0032,-4.1659,-107.5420,9.8931,-111.4809,40.67,On Belt
218700,-7.2472,-3.2274,-6.3111,-116.7023,-1.2366,-114.2443,40.44,On Belt
218750,-7.2161,-2.1332,-5.6168,-137.6488,-12.4427,-96.4427,40.39,On Belt
218800,-8.5258,-2.4924,-4.8100,-84.2290,-39.2366,-47.2519,40.39,On Belt
218850,-7.3741,-4.0390,-5.8442,-15.9389,-46.1527,-0.7023,40.39,On Belt
218900,-5.1811,-4.4269,-7.1754,54.2137,-34.8397,55.0382,40.53,On Belt
218950,-4.2425,-4.0989,-6.4787,116.4122,-7.7099,86.4580,40.44,On Belt
219000,-5.3391,-2.9999,-6.7804,150.0611,0.1221,86.4275,40.77,On Belt
219050,-6.1100,-2.6839,-8.7388,165.9847,-9.2672,132.6260,40.67,On Belt
219100,-5.0589,-2.3008,-8.2672,175.6488,4.8550,163.0840,40.53,On Belt
219150,-5.4588,0.6704,-9.2368,159.4809,37.4046,150.4733,40.34,On Belt
219200,-6.0238,1.0343,-12.8808,108.3359,75.3130,159.0076,40.34,On Belt
219250,-4.3048,0.2873,-7.6040,58.2595,132.4122,132.1527,40.34,On Belt
219300,-2.7892,-1.0032,-4.2713,48.0916,164.6260,48.3053,40.39,On Belt
219350,-6.0262,-3.6823,-5.2050,57.7252,148.5649,-10.7176,40.39,On Belt
219400,-10.4124,1.1875,-9.6558,96.7939,47.6794,-11.1756,40.72,On Belt
219450,-7.0413,3.2226,-9.1051,-10.0305,23.4046,-22.1679,40.25,On Belt
219500,-4.6735,-1.1109,-6.6918,-36.3359,-9.5878,-22.4886,40.44,On Belt
219550,-3.8403,-2.0662,-5.3630,-27.2366,-37.4809,-15.0382,40.39,On Belt
219600,-4.2449,-2.6193,-5.8107,-4.2443,-49.3588,-1.7405,40.53,On Belt
219650,-5.4444,-3.0454,-6.9839,41.2061,-70.5954,30.3969,40.25,On Belt
219700,-5.4061,-3.0239,-7.5513,74.1527,-90.6107,52.9466,40.39,On Belt
219750,-5.6599,-0.9936,-8.8777,58.8244,-105.8931,45.7099,40.44,On Belt
219800,-5.4277,-0.9218,-8.9519,16.9466,-122.8244,27.9084,40.44,On Belt
219850,-7.3598,-3.4860,-10.9798,12.7939,-101.6947,-15.2366,40.44,On Belt
219900,-5.6312,2.8730,-11.0708,-32.3817,-6.5496,-12.2595,40.44,On Belt
219950,-7.2329,0.2849,-4.9009,-70.9008,5.4351,3.7863,40.58,On Belt
220000,-4.0725,-2.3296,-4.5298,-68.2748,21.8626,-29.8015,40.34,On Belt
220050,-4.0654,-2.2889,-4.4652,-115.3740,67.3435,-64.6412,40.25,On Belt
220100,-8.3917,-3.6871,-6.5434,-136.8702,87.3893,-88.7023,40.25,On Belt
220150,-9.5912,-3.9504,-7.0270,-119.2519,52.9924,-67.7099,40.39,On Belt
220200,-6.9743,-3.3136,-5.5617,-105.9389,42.4427,-65.3282,40.39,On Belt
220250,-7.3694,-3.2058,-5.3510,-88.0305,25.1603,-49.6336,40.25,On Belt
220300,-9.2943,-2.0590,-4.6783,-37.1908,-2.1374,-3.8321,40.34,On Belt
220350,-8.5377,-2.2889,-4.5107,15.7252,-9.9695,48.6870,40.34,On Belt
220400,-5.8514,-4.3934,-6.5098,82.5954,-9.4504,104.9924,40.58,On Belt
220450,-4.0965,-3.5961,-6.9767,135.6183,9.6794,131.1298,40.25,On Belt
220500,-4.4149,-3.2346,-8.3558,181.6336,24.2595,171.6336,40.53,On Belt
220550,-5.1547,-2.9999,-8.4898,222.3206,22.2748,206.7328,40.39,On Belt
220600,-5.2074,-2.9568,-8.1163,228.9924,17.5267,217.0992,40.44,On Belt
220650,-4.6352,2.6767,-10.0556,179.8779,51.7557,182.3969,40.39,On Belt
220700,-5.9951,1.0678,-7.4436,48.2595,11.5878,130.3512,40.44,On Belt
220750,-5.9017,-2.0662,-7.5417,-29.9695,-6.5496,58.0305,40.39,On Belt
220800,-6.1172,-5.6168,-7.3167,-25.0534,0.0611,-26.3053,40.25,On Belt
220850,-4.8914,-3.4069,-5.7820,-10.1985,11.6794,-68.6260,40.06,On Belt
220900,-8.1427,0.6009,-8.4946,45.0229,63.8779,86.3206,40.53,On Belt
220950,-6.6248,-2.9137,-6.7876,81.6489,63.6489,108.0305,40.44,On Belt
221000,-4.5562,-2.1548,-5.4253,80.0153,36.8244,103.8015,40.44,On Belt
221050,-4.2162,-0.6823,-5.8754,65.1908,12.5496,99.4504,40.58,On Belt
221100,-5.5522,-0.1844,-7.7812,39.2061,18.3053,101.6947,40.39,On Belt
221150,-6.6367,-1.2641,-7.4292,30.5954,11.8321,108.1679,40.44,On Belt
221200,-7.7309,-2.5163,-7.5202,38.7328,-12.1069,102.8855,40.44,On Belt
221250,-6.8522,-0.9601,-7.7883,48.4580,-38.5191,105.5267,40.44,On Belt
221300,-4.7501,-0.6440,-7.1180,31.5267,-33.2519,96.9771,40.25,On Belt
221350,-3.8738,-1.6640,-5.8586,27.7557,-29.2061,67.4046,40.39,On Belt
221400,-4.2856,-2.0806,-6.5529,47.0382,-16.1985,57.1756,40.53,On Belt
221450,-5.8466,-1.4389,-7.6638,74.3359,-4.2595,61.4962,40.58,On Belt
221500,-6.0741,-1.2330,-7.2760,80.7786,-13.8321,60.2901,40.34,On Belt
221550,-5.4157,-1.6065,-7.8243,73.9389,-22.8855,36.8702,40.44,On Belt
221600,-4.7669,-0.3065,-7.8219,53.8015,-31.8015,11.9237,40.44,On Belt
221650,-4.5849,0.2562,-8.2456,33.4962,-32.1679,6.3817,40.44,On Belt
221700,-4.9608,-0.9481,-8.2672,23.0382,-27.9695,4.2748,40.58,On Belt
221750,-7.4891,-1.7382,-9.0022,30.0458,-24.8092,-12.1985,40.34,On Belt
221800,-7.5872,1.6616,-9.5505,1.6183,3.0840,-2.1221,40.53,On Belt
221850,-8.3701,0.1891,-4.7262,-48.8855,-0.5038,-9.6336,40.25,On Belt
221900,-5.0039,-1.9561,-4.2521,-45.8931,-9.5725,-33.3740,40.39,On Belt
221950,-6.1890,-1.9321,-4.7525,-67.4809,6.4275,-53.4046,40.25,On Belt
222000,-7.6902,-2.1428,-5.6360,-83.5573,21.9847,-60.0611,40.39,On Belt
222050,-8.0589,-3.0957,-5.7988,-74.0305,14.3664,-51.1145,40.39,On Belt
222100,-7.1275,-2.4301,-5.2672,-68.9771,10.5496,-44.0611,40.34,On Belt
222150,-7.1419,-2.4469,-4.9704,-55.6183,2.6565,-30.4275,40.25,On Belt
222200,-7.2018,-2.5450,-5.0446,-22.3359,-7.4351,-15.3435,40.34,On Belt
222250,-6.5888,-3.1627,-5.2625,18.6107,-17.5114,2.9160,40.25,On Belt
222300,-6.2441,-4.2713,-5.5402,91.8321,-34.0916,7.3588,40.34,On Belt
222350,-8.6790,-3.8092,-8.5808,125.1908,-78.6107,56.9771,40.25,On Belt
222400,-8.9998,3.8595,-6.9121,97.9695,-67.2214,109.1756,40.25,On Belt
222450,-6.1699,2.7725,-3.6176,-90.4275,38.1221,-48.0458,40.53,On Belt
222500,-8.7843,-5.0374,-7.8075,-56.8550,-26.8244,-9.9084,40.58,On Belt
222550,-5.5952,0.3160,-6.0717,-19.5725,-24.5344,0.8244,40.25,On Belt
222600,-7.7835,-0.6560,-5.3965,-33.1450,28.8550,-5.9237,40.39,On Belt
222650,-8.0876,-1.8124,-5.0757,-37.4962,18.2290,12.2595,40.39,On Belt
222700,-6.5266,-0.0048,-4.3551,-48.4427,32.6565,11.6947,40.39,On Belt
222750,-8.4491,-0.6369,-5.7485,-54.6412,44.2748,28.2443,40.25,On Belt
222800,-8.0110,-0.5986,-4.8985,-30.6260,35.4656,50.6107,40.67,On Belt
222850,-7.0174,-1.5874,-4.6831,-7.8473,36.4885,44.9771,40.44,On Belt
222900,-5.9041,-2.1404,-4.6615,17.2214,33.3893,25.6641,40.58,On Belt
222950,-7.3358,-0.0120,-5.0015,32.8550,20.9160,22.2595,40.44,On Belt
223000,-7.6638,3.1101,-4.2904,39.2214,-1.2672,27.4198,40.39,On Belt
223050,-4.8387,0.0742,-6.4596,44.3817,19.6947,28.7328,40.44,On Belt
223100,-3.5817,0.3543,-7.7452,62.2290,43.8779,32.8244,40.44,On Belt
223150,-8.5162,5.8227,-8.0900,41.9389,76.9771,77.9695,40.44,On Belt
223200,-6.8809,1.3288,-6.1435,-0.3053,25.4809,36.0153,40.25,On Belt
223250,-3.7421,0.2705,-6.0118,-35.6489,18.6260,-12.4427,40.25,On Belt
223300,-4.3838,0.6847,-8.1594,-24.1069,34.7481,6.6870,40.53,On Belt
223350,-3.5650,0.2586,-8.0038,16.6565,47.2977,27.8626,40.25,On Belt
223400,-5.0973,0.5459,-6.3590,26.8702,71.9237,30.9618,40.67,On Belt
223450,-5.8107,0.2107,-8.3127,49.4046,22.7634,50.3817,40.25,On Belt
223500,-5.8945,0.9409,-8.3773,30.2595,31.9237,39.1908,40.15,On Belt
223550,-5.5162,0.6560,-7.5992,4.8244,-15.1450,27.0076,40.34,On Belt
223600,-5.3127,0.5674,-7.9033,-10.4580,-39.8473,22.4733,40.72,On Belt
223650,-4.4628,0.5650,-6.9168,13.5267,-50.3969,24.7328,40.39,On Belt
223700,-6.2991,-2.4636,-7.3287,2.7481,-58.8855,11.1908,40.39,On Belt
223750,-5.1260,-0.5148,-7.6088,44.1221,-66.9313,16.7786,40.39,On Belt
223800,-5.7533,0.1030,-8.6910,42.0611,-61.5115,6.0763,40.06,On Belt
223850,-6.0501,1.3001,-8.7795,38.3511,-47.1756,1.9695,40.39,On Belt
223900,-6.2968,2.3056,-9.0381,2.9313,-48.3053,-3.8321,40.34,On Belt
223950,-5.6910,2.6049,-9.0142,-15.1145,-16.0000,15.2519,40.39,On Belt
224000,-5.8012,1.4174,-7.5800,-23.9542,10.0458,31.7557,40.25,On Belt
224050,-7.4891,0.9361,-6.0358,-28.0763,16.9008,28.1527,40.39,On Belt
224100,-6.2010,0.3496,-6.0118,-16.1069,13.7405,30.5038,40.72,On Belt
224150,-6.0956,0.0934,-6.0358,1.4504,14.9008,27.4351,40.34,On Belt
224200,-5.9879,1.3288,-6.1316,13.3588,12.8855,23.2672,40.25,On Belt
224250,-6.1842,1.8028,-6.5457,11.6183,8.6107,21.8779,40.67,On Belt
224300,-5.8275,2.1021,-6.5745,1.3435,9.7557,12.7328,40.44,On Belt
224350,-5.7964,1.7669,-7.0270,3.0992,12.0153,14.8855,40.39,On Belt
224400,-6.4332,2.3703,-7.3550,3.7557,26.1069,30.6565,40.25,On Belt
224450,-5.5210,2.0949,-6.1531,-3.9847,0.6870,14.9618,40.39,On Belt
224500,-6.3111,0.6440,-6.8833,-12.5191,-7.0687,1.6489,40.39,On Belt
224550,-7.2305,1.4509,-7.9464,6.2595,-2.0916,1.7557,40.53,On Belt
224600,-6.1435,2.3798,-7.0820,-1.8931,-1.2061,1.4198,40.34,On Belt
224650,-5.5115,2.4373,-6.5577,-13.0840,-20.5649,-8.6718,40.34,On Belt
224700,-6.1986,1.0391,-6.8019,-16.3359,-18.4275,-12.8855,40.25,On Belt
224750,-5.6503,1.3958,-6.6152,-3.8321,-21.8931,-15.8015,40.44,On Belt
224800,-5.0302,1.6089,-7.2233,1.3130,-7.1756,-16.9466,40.39,On Belt
224850,-6.2297,1.4796,-7.6950,16.4886,26.7023,2.8550,40.25,On Belt
224900,-8.1187,3.4812,-6.3877,11.4504,25.8779,11.8321,40.34,On Belt
224950,-5.8945,2.1739,-6.9815,-18.5038,3.5878,0.2137,40.25,On Belt
225000,-6.0980,0.1508,-7.5441,1.7710,14.1374,6.3206,40.44,On Belt
225050,-5.9640,0.7925,-7.0413,20.1832,10.9924,10.5649,40.53,On Belt
225100,-5.0996,2.4277,-6.8259,-5.6641,2.9160,-4.0916,40.06,On Belt
225150,-5.3726,1.2905,-7.6375,-8.7176,5.8779,-6.2748,40.15,On Belt
225200,-6.0478,1.6065,-7.2113,2.1069,10.4427,-1.0229,40.58,On Belt
225250,-6.1220,1.5490,-7.7333,-2.4733,9.0992,-1.7710,40.25,On Belt
225300,-6.8546,1.8148,-8.3079,-1.6489,3.2061,6.2290,40.06,On Belt
225350,-6.8761,2.9497,-8.0302,-14.5649,2.0000,3.9084,40.58,On Belt
225400,-6.2920,2.8323,-6.4189,-44.6412,-5.7252,6.7786,40.39,On Belt
225450,-5.6886,0.6847,-5.1834,-33.7405,-10.0611,7.6794,40.39,On Belt
225500,-5.5474,-0.1604,-6.0908,8.0763,-8.4275,10.8702,40.39,On Belt
225550,-4.7405,1.4605,-7.9655,34.0611,-0.8855,4.5802,40.25,On Belt
225600,-4.8722,3.8164,-8.1954,8.4275,11.5420,-1.4962,40.53,On Belt
225650,-6.7349,3.4955,-6.7301,-27.4656,-5.9389,4.6412,40.39,On Belt
225700,-5.6719,0.7590,-6.6200,-12.1221,-3.0076,5.2672,40.53,On Belt
225750,-5.2888,0.7039,-6.5601,11.1298,2.3053,-0.7176,40.77,On Belt
225800,-5.5282,2.7940,-6.7947,16.8550,4.3359,0.0458,40.44,On Belt
225850,-5.7150,3.0430,-7.8626,5.1145,6.0458,0.8244,40.53,On Belt
225900,-5.5713,2.3607,-7.0318,-9.2977,0.7786,-1.9542,40.44,On Belt
225950,-5.2002,1.4174,-5.5593,-13.6031,-6.1679,-7.6183,40.20,On Belt
226000,-5.7245,-0.7159,-7.0916,20.1221,0.0611,-10.7481,40.67,On Belt
226050,-5.6240,3.0502,-7.7165,44.2290,17.6641,5.5725,40.25,On Belt
226100,-6.2896,4.9632,-8.2025,-10.2748,-6.0153,-8.8092,40.25,On Belt
226150,-6.0047,1.4988,-8.0613,-34.4427,-2.0916,-7.4504,40.39,On Belt
226200,-5.5330,0.4717,-6.5649,-15.3588,4.4275,-0.3817,40.44,On Belt
226250,-5.5593,1.4461,-6.9121,10.7634,12.3053,5.6947,40.44,On Belt
226300,-6.1507,2.5402,-7.1850,3.0687,0.1985,6.2748,40.44,On Belt
226350,-5.2050,2.0327,-7.3526,-13.0229,-2.3053,4.7481,40.39,On Belt
226400,-5.5545,0.6536,-6.7229,-8.2443,-1.3740,1.9389,40.39,On Belt
226450,-5.4875,0.8092,-7.2042,10.7023,4.4427,1.7710,40.25,On Belt
226500,-5.9759,2.4660,-7.6734,10.7634,6.9008,1.7557,40.39,On Belt
226550,-5.7150,2.9497,-7.2161,-6.3664,-2.0000,4.1527,40.34,On Belt
226600,-5.1930,1.3767,-7.1802,-11.5573,-5.2672,-0.1985,40.34,On Belt
226650,-5.1164,1.1372,-7.4579,0.4580,-3.4351,-1.3130,40.25,On Belt
226700,-5.3798,2.2505,-7.3406,-4.4733,-1.9847,-6.3969,40.34,On Belt
226750,-5.9592,1.7358,-6.8378,-5.3435,-0.9466,-5.6336,40.53,On Belt
226800,-5.6264,1.2617,-6.8618,-3.1298,-1.1298,-14.2137,40.44,On Belt
226850,-5.5186,1.2617,-7.9392,10.2748,2.9313,-9.2977,40.25,On Belt
226900,-5.9951,3.2130,-7.9487,6.1221,4.1832,2.1832,40.53,On Belt
226950,-5.5402,2.4612,-6.9815,-20.8702,-5.9389,-2.7328,40.44,On Belt
227000,-5.4516,0.7350,-6.5457,-12.8550,-6.0611,1.3130,40.34,On Belt
227050,-5.5833,0.9361,-6.9767,9.9542,3.9389,2.8550,40.44,On Belt
227100,-5.9711,2.1213,-7.2927,4.7634,0.5344,-2.1527,40.58,On Belt
227150,-5.7485,2.2889,-7.6136,-4.9313,-3.3282,-2.2901,40.34,On Belt
227200,-5.4684,1.4748,-7.4388,-9.1756,2.0916,-5.1908,40.53,On Belt
227250,-6.1818,2.0638,-6.9599,-0.4275,5.8015,2.5954,40.34,On Belt
227300,-5.2265,1.9201,-6.8067,-14.3206,-4.6718,-0.6718,40.34,On Belt
227350,-5.3439,0.9481,-6.8977,-2.1221,1.9542,0.2748,40.25,On Belt
227400,-5.9233,1.8507,-7.1227,5.5267,5.5267,0.9924,40.39,On Belt
227450,-5.9592,2.1404,-7.6447,-2.1221,2.9160,-1.1298,40.58,On Belt
227500,-6.0717,2.5594,-7.6088,-7.6336,3.0076,5.9695,40.39,On Belt
227550,-5.8227,2.1332,-6.9408,-19.1603,-0.8550,4.0458,40.44,On Belt
227600,-5.3606,1.3001,-6.5122,-11.6183,-4.0305,6.8092,40.34,On Belt
227650,-5.0350,0.9673,-6.8259,1.8931,1.1450,-1.8473,40.34,On Belt
227700,-5.3247,1.8914,-7.2688,12.8702,4.9618,-1.7252,40.67,On Belt
227750,-5.7102,2.8443,-7.6926,1.8473,3.7710,-2.1832,40.58,On Belt
227800,-5.9568,2.2577,-7.2281,-10.6870,-0.8702,-1.5878,40.44,On Belt
227850,-5.7437,1.4030,-6.7708,-6.7481,-1.8626,-0.2137,40.20,On Belt
227900,-5.3798,1.3719,-7.1467,4.7481,-0.0305,-4.1221,40.39,On Belt
227950,-5.6072,1.9393,-7.9535,7.4962,5.1603,-6.1527,40.39,On Belt
228000,-5.9520,3.1460,-7.3646,-4.2290,1.6336,-0.0305,40.44,On Belt
228050,-5.2601,1.7262,-6.6319,-18.3817,-6.7481,-4.1527,40.34,On Belt
228100,-4.9321,0.4070,-6.7876,-0.5954,0.1985,-3.2061,40.53,On Belt
228150,-5.6479,1.8890,-7.1515,14.7176,9.8015,-2.1832,40.44,On Belt
228200,-6.1124,3.0622,-7.4723,-1.0687,2.9160,0.1985,40.25,On Belt
228250,-5.8514,1.8172,-7.2472,-14.2443,-2.0305,-1.8321,40.25,On Belt
228300,-5.4971,0.7422,-7.1730,-2.7786,1.4504,-4.5344,40.25,On Belt
228350,-5.7030,1.7334,-7.2137,7.9237,2.9313,-1.5420,40.53,On Belt
228400,-5.6096,2.3248,-7.6136,-1.1908,1.4351,-0.9160,40.39,On Belt
228450,-5.5617,1.6903,-7.0390,-7.9084,-0.7939,0.8092,40.25,On Belt
228500,-5.3702,1.1636,-6.9887,-1.7252,-0.3359,0.4733,40.44,On Belt
228550,-5.6360,1.6472,-7.2281,5.9695,2.3359,1.2061,40.39,On Belt
228600,-5.6096,2.0758,-7.4771,-2.4122,2.8550,-1.4809,40.44,On Belt
228650,-5.5833,1.4078,-7.2688,-5.2824,-0.2748,-2.1679,40.53,On Belt
228700,-5.4540,1.8340,-6.8905,0.4733,3.0840,-1.0840,40.53,On Belt
228750,-5.7437,1.7717,-7.4101,-0.7176,2.8855,-2.0611,40.44,On Belt
228800,-5.6024,1.8747,-7.3502,-4.2290,-0.0611,0.7176,40.39,On Belt
228850,-5.3846,1.5730,-7.2951,-4.4733,0.6565,-0.6870,40.25,On Belt
228900,-5.4612,1.4820,-7.1802,-0.8702,0.5344,-0.4580,40.25,On Belt
228950,-5.7724,1.8771,-7.4484,2.6412,0.5649,2.4427,40.39,On Belt
229000,-5.9233,1.9776,-7.5058,-3.6031,-1.7863,3.2061,40.44,On Belt
229050,-5.5952,1.6520,-7.1970,-6.5649,-2.2137,4.5496,40.34,On Belt
229100,-5.3678,1.2402,-7.0749,-2.1221,-0.2748,3.4198,40.06,On Belt
229150,-5.4372,1.8268,-7.0940,4.1374,0.6412,5.3282,40.25,On Belt
229200,-5.6312,1.7933,-7.2760,2.1832,1.0687,8.4275,40.44,On Belt
229250,-5.5474,1.6783,-7.5633,1.5878,2.8702,8.1985,40.44,On Belt
229300,-5.7988,2.2529,-7.5944,-0.0916,5.9237,9.8015,40.44,On Belt
229350,-6.3135,2.5762,-7.5417,-1.2824,3.8779,17.7863,40.53,On Belt
229400,-6.7086,2.9209,-6.9504,-4.3817,-3.3435,34.1527,40.39,On Belt
229450,-5.9233,2.2793,-6.5170,-10.5496,-11.6641,39.4351,40.34,On Belt
229500,-4.5945,0.7853,-6.6798,-5.5725,-16.7023,27.8321,40.44,On Belt
229550,-3.8211,0.8811,-7.0892,0.6107,-13.1145,1.0076,40.20,On Belt
229600,-3.7445,1.2258,-7.5250,9.6794,0.7786,-10.9466,40.39,On Belt
229650,-5.3056,1.5395,-6.2776,7.2061,0.5191,-24.6565,40.58,On Belt
229700,-6.0286,1.1037,-7.2161,26.8397,3.1145,-20.6565,40.53,On Belt
229750,-6.3375,3.3926,-8.9495,34.7939,10.7939,-8.9160,40.25,On Belt
229800,-7.0342,4.8507,-8.3534,-4.4580,-1.6641,7.9084,40.44,On Belt
229850,-5.5210,4.1037,-7.8123,-42.5344,-3.3588,13.9847,40.53,On Belt
229900,-4.8052,0.0000,-6.3063,-26.6260,-12.0000,2.6107,40.67,On Belt
229950,-4.1922,-0.8212,-6.4620,9.1756,-5.8015,-3.8931,40.39,On Belt
230000,-4.4532,0.7398,-7.6710,27.7557,14.0000,-16.7176,40.39,On Belt
230050,-7.3837,3.7541,-7.5944,18.4886,7.2672,3.4504,40.39,On Belt
230100,-6.4524,3.7254,-8.5569,-25.1603,1.7710,0.9618,40.44,On Belt
230150,-6.6032,1.8842,-7.2592,-26.5344,1.6794,16.7023,40.39,On Belt
230200,-6.2249,1.7238,-6.6774,-11.1450,-0.5496,28.3664,40.77,On Belt
230250,-5.2194,1.1205,-6.5984,-8.7176,-7.4809,18.4122,40.72,On Belt
230300,-4.3527,0.5363,-6.6032,1.6794,-7.8931,6.7481,40.39,On Belt
230350,-4.3144,1.3360,-7.7979,17.0992,5.9389,-3.0992,40.44,On Belt
230400,-5.4588,3.4907,-7.8051,5.9847,11.9847,-3.0382,40.53,On Belt
230450,-6.0094,3.6176,-7.4891,-20.0458,6.9466,3.0840,40.58,On Belt
230500,-5.9185,1.5706,-6.5697,-21.1298,-0.1527,8.7481,40.39,On Belt
230550,-4.9967,0.9720,-6.8953,2.6107,1.8779,10.5344,40.67,On Belt
230600,-5.1763,1.6664,-7.1299,11.2519,1.8015,2.4885,40.39,On Belt
230650,-5.2002,2.2146,-8.0014,11.0382,1.6794,-9.5267,40.58,On Belt
230700,-5.8131,2.8180,-7.5322,5.1450,0.5802,-4.7634,40.39,On Belt
230750,-5.3391,2.5163,-7.1682,-8.4275,-5.4656,-5.9695,40.53,On Belt
230800,-4.7764,2.0063,-6.9121,-8.6107,-1.2366,-2.8702,40.39,On Belt
230850,-5.3582,1.9417,-6.9983,-0.5496,6.1832,3.0687,40.44,On Belt
230900,-5.7892,2.2027,-7.5274,0.4580,8.5496,6.1221,40.44,On Belt
230950,-6.2584,2.6839,-7.5465,-4.5496,6.4275,9.9084,40.06,On Belt
231000,-7.1994,2.4062,-6.7660,1.1298,0.4122,22.4122,40.34,On Belt
231050,-6.9719,1.7693,-6.7971,10.9313,-11.4656,31.5420,40.58,On Belt
231100,-5.4803,1.5706,-7.2975,12.7634,-23.7863,19.7557,40.39,On Belt
231150,-3.8068,1.7645,-7.4460,9.4504,-24.8397,6.8550,40.44,On Belt
231200,-3.1675,1.3072,-7.9104,9.8473,-8.3969,-2.6107,40.39,On Belt
231250,-3.7062,2.9904,-7.9751,15.2214,7.3893,2.4885,40.44,On Belt
231300,-5.2744,3.3974,-6.9863,-11.5878,3.1450,6.5802,40.53,On Belt
231350,-6.2417,2.1165,-6.8929,-7.3740,5.5573,9.0992,40.58,On Belt
231400,-7.8410,1.6209,-6.8331,2.9771,-3.2061,14.1679,40.53,On Belt
231450,-10.0556,1.9561,-7.0653,19.5420,-21.0840,13.7557,40.20,On Belt
231500,-11.0899,3.0095,-7.5106,-1.8321,-67.7099,-26.3511,40.67,On Belt
231550,-7.6016,1.9393,-7.9511,-24.8092,-98.6565,-62.0000,40.44,On Belt
231600,-5.4037,-0.4357,-8.8442,-26.5649,-73.1145,-96.4275,40.72,On Belt
231650,-6.3422,0.8954,-6.7828,-8.6412,-37.4962,-113.8626,40.39,On Belt
231700,-8.6287,2.4205,-4.6807,0.0305,-48.0153,-70.3969,40.34,On Belt
231750,-6.9432,1.3264,-5.7030,-13.4198,-36.9771,-49.1908,40.25,On Belt
231800,-8.7628,-0.3711,-4.2856,-14.8244,-41.9847,-41.6336,40.39,On Belt
231850,-8.6479,-1.8052,-4.7118,6.6107,-39.2061,-36.3664,40.39,On Belt
231900,-7.4244,-0.4788,-3.8188,13.6031,-41.9084,-36.0916,40.39,On Belt
231950,-8.0014,-1.5658,-4.8147,17.5114,-37.5267,-35.0534,40.72,On Belt
232000,-8.6981,-0.8212,-3.4405,24.0763,-43.2977,-25.0534,40.53,On Belt
232050,-8.2480,-0.8811,-3.0885,23.5114,-48.3359,-14.8092,40.39,On Belt
232100,-6.6032,-1.6688,-3.8618,22.0305,-38.2290,-13.4656,40.25,On Belt
232150,-6.7612,-2.0183,-2.7007,16.7939,-16.2290,-24.6565,40.58,On Belt
232200,-8.1092,-3.0646,-2.6049,17.1298,-11.4504,-24.0916,40.34,On Belt
232250,-8.7891,-2.0638,-1.4772,17.3282,-3.1145,-21.9695,40.34,On Belt
232300,-8.8250,-2.8204,-1.6616,22.1527,-3.7557,-11.6947,40.58,On Belt
232350,-7.2329,-2.7318,-2.0399,25.3282,9.3588,-23.8168,40.67,On Belt
232400,-7.3310,-1.4030,-1.3815,7.9847,22.6107,-13.8015,40.67,On Belt
232450,-10.0149,-3.7613,-1.3791,13.4351,27.3740,18.6870,40.44,On Belt
232500,-8.6503,-4.0438,-3.7852,41.1298,36.4580,16.7481,40.20,On Belt
232550,-8.2193,-4.5155,-4.6424,51.6641,53.0076,37.2366,40.53,On Belt
232600,-6.8618,-4.6376,-4.8698,88.4122,55.0534,38.4122,40.44,On Belt
232650,-6.0190,-1.0223,-2.4493,71.2672,82.3817,28.5802,40.34,On Belt
232700,-8.3965,-0.0958,-2.7845,19.2214,127.1145,27.7252,40.25,On Belt
232750,-12.1003,-4.3335,-7.2903,29.8626,143.1908,39.8321,40.58,On Belt
232800,-8.6838,-3.0574,-6.5386,79.1603,91.6336,90.6565,40.39,On Belt
232850,-5.6264,-3.3782,-5.6407,65.4657,96.5038,89.1450,40.44,On Belt
232900,-5.3798,-3.8642,-4.5825,78.8244,89.5267,70.8397,40.20,On Belt
232950,-5.1571,-1.6328,-2.8036,103.0534,24.7328,106.5191,40.39,On Belt
233000,-5.1858,-0.9026,-3.9624,123.5420,-4.9771,95.9847,40.53,On Belt
233050,-8.4731,2.2218,-6.2728,51.9389,17.0687,27.7557,40.25,On Belt
233100,-7.0485,-1.5562,-7.1275,-14.8397,-22.3817,33.7252,40.39,On Belt
233150,-6.3375,-2.3056,-7.3933,-57.7252,-39.7405,-0.1832,40.44,On Belt
233200,-5.9065,-0.9457,-6.2034,-80.3053,-35.5115,-44.1985,40.15,On Belt
233250,-6.2273,-0.7638,-6.1316,-95.2519,-31.4962,-46.2290,40.34,On Belt
233300,-7.1012,-2.0614,-5.9999,-99.4962,-24.6870,-60.0916,40.39,On Belt
233350,-6.1723,-1.7669,-5.6647,-105.9695,-15.2061,-75.2061,40.39,On Belt
233400,-7.1658,-2.6528,-6.8642,-112.4122,-2.1985,-72.3053,40.34,On Belt
233450,-7.7883,-1.3958,-5.8969,-94.1832,-5.9084,-50.9160,40.72,On Belt
233500,-6.4117,-2.5905,-5.5450,-71.6031,-1.3588,-40.0611,40.53,On Belt
233550,-6.3997,-2.5355,-5.2289,-52.1527,9.1756,-32.2748,40.25,On Belt
233600,-7.6327,-2.3750,-5.3822,-24.2290,3.8779,-17.4962,40.44,On Belt
233650,-7.6543,-1.7669,-5.3295,-8.1527,2.2748,-10.1527,40.25,On Belt
233700,-7.5657,-1.5060,-5.5138,-6.5038,-4.4580,-6.4580,40.15,On Belt
233750,-7.2353,-0.9792,-5.3295,-10.3664,-7.9237,-6.5344,40.25,On Belt
233800,-7.2640,-1.0965,-5.6479,-12.3206,-11.9237,-2.0458,40.39,On Belt
233850,-6.9432,-1.1037,-5.7006,-17.8321,-2.4122,-5.9695,40.67,On Belt
233900,-6.8546,-1.2163,-6.1172,-16.9771,6.1985,-1.1603,40.39,On Belt
233950,-6.5697,-1.0056,-5.9903,-8.1679,14.6718,9.6031,40.53,On Belt
234000,-6.2489,-1.0870,-6.1507,6.9618,33.2672,21.0534,40.44,On Belt
234050,-5.7820,-0.9337,-6.2106,25.0382,48.7786,39.0229,40.39,On Belt
234100,-5.4923,-1.2617,-6.7732,39.8473,75.0840,51.5420,40.58,On Belt
234150,-5.6719,-2.3415,-7.5681,66.1527,100.0458,52.2901,40.44,On Belt
234200,-5.8538,-2.7964,-8.0014,104.7939,105.3740,55.9695,40.58,On Belt
234250,-5.4444,-1.8387,-7.5920,135.0992,91.7710,75.6489,40.58,On Belt
234300,-6.6200,-0.3591,-7.7620,141.1450,64.5343,63.1756,40.34,On Belt
234350,-6.0047,0.2586,-7.4962,72.6412,-3.7252,42.7023,40.34,On Belt
234400,-5.0111,-0.5866,-7.8338,-17.6641,-52.2137,0.7634,40.25,On Belt
234450,-4.0630,-3.1915,-8.1642,-49.9847,-68.5038,-21.1756,40.44,On Belt
234500,-3.4836,-4.5586,-7.3023,-28.7328,-64.2595,-15.9084,40.39,On Belt
234550,-4.2210,-4.5849,-6.6343,1.7863,-62.0305,-9.1603,40.34,On Belt
234600,-5.2409,-4.9775,-7.3741,22.7481,-67.0076,-6.4580,40.72,On Belt
234650,-4.4963,-2.0327,-8.2815,36.0763,-69.5878,7.8626,40.44,On Belt
234700,-4.6591,-1.2881,-9.1602,24.9771,-42.5496,33.8626,40.44,On Belt
234750,-7.2329,-3.3255,-9.3637,10.2290,-26.1221,17.3588,40.44,On Belt
234800,-9.1075,0.5842,-8.1211,-44.8397,0.1374,-18.9466,40.53,On Belt
234850,-6.8594,-0.1724,-4.5777,-117.2214,-22.1221,-19.4046,40.58,On Belt
234900,-4.8626,-2.8994,-4.6208,-107.8168,-10.0763,-44.3359,40.58,On Belt
234950,-4.5633,-4.0270,-4.9775,-118.4427,0.8855,-70.7634,40.39,On Belt
235000,-7.4292,-1.2378,-4.8028,-118.5191,9.2977,-82.9924,40.39,On Belt
235050,-9.4020,-3.2058,-5.5737,-104.5496,-29.2214,-50.1832,40.67,On Belt
235100,-7.1539,-3.5841,-4.6400,-87.6031,-38.5191,-77.5573,40.67,On Belt
235150,-6.2584,-2.9449,-4.7070,-78.2901,-43.8473,-77.0992,40.53,On Belt
235200,-6.2130,-2.7916,-6.6774,-55.4962,-24.8855,-32.7634,40.39,On Belt
235250,-7.2065,-3.6823,-5.3917,-26.8550,-5.6947,-23.5725,40.53,On Belt
235300,-7.6399,-3.0478,-4.9464,11.0840,-24.9924,-14.4122,40.34,On Belt
235350,-7.4579,-1.9297,-5.2074,12.4275,-28.6260,-11.4198,40.58,On Belt
235400,-7.4412,-1.8723,-6.2034,10.4580,-29.3435,8.9008,40.34,On Belt
235450,-6.7086,-1.8986,-5.7102,2.9313,-24.9924,16.3817,40.53,On Belt
235500,-6.6391,-2.4684,-5.8682,-17.9542,-14.3511,10.5649,40.53,On Belt
235550,-6.7445,-2.1787,-5.5833,-28.2595,-14.1069,6.0916,40.34,On Belt
235600,-6.5434,-2.6983,-6.1268,-23.0992,-15.8473,15.4351,40.72,On Belt
235650,-7.2640,-2.5259,-7.8721,-19.5878,11.8473,14.9771,40.39,On Belt
235700,-10.8457,0.9146,-7.8243,-10.6565,33.4198,50.3206,40.34,On Belt
235750,-5.9017,0.1317,-5.9089,-17.8473,43.7405,65.2519,40.58,On Belt
235800,-2.8491,-1.0391,-3.6966,-13.3893,84.4427,44.4275,40.34,On Belt
235850,-2.9736,-2.8946,-3.2441,-9.8473,126.3664,-27.2977,40.91,On Belt
235900,-7.2113,-5.7964,-7.1682,17.8473,113.5878,-75.4962,40.44,On Belt
235950,-10.1969,0.2849,-8.4779,64.1679,91.1145,-15.9542,40.39,On Belt
236000,-8.2480,0.4741,-7.9416,104.6107,92.4580,-4.4885,40.44,On Belt
236050,-6.9240,1.1636,-7.0533,101.9542,71.5573,2.9466,40.44,On Belt
236100,-5.9328,0.2753,-6.4117,33.0076,17.4504,-11.7099,40.67,On Belt
236150,-5.3008,-1.2139,-6.2752,-29.3893,-32.8550,-51.6183,40.34,On Belt
236200,-5.2529,-2.8611,-6.3135,-54.2595,-77.2366,-77.0687,40.25,On Belt
236250,-2.6647,-0.2418,-7.4603,-39.4198,-85.7557,-41.2214,40.44,On Belt
236300,-5.2936,-4.7740,-7.1635,9.8931,-73.4504,0.9771,40.67,On Belt
236350,-5.8131,-4.8602,-6.9911,31.6336,-109.1908,19.7099,40.25,On Belt
236400,-5.8227,-3.9433,-9.8354,78.4580,-142.2443,13.4962,40.67,On Belt
236450,-15.9885,4.1683,-13.1418,2.5802,-74.0305,28.1985,40.44,On Belt
236500,-6.9599,-1.3192,-8.1547,-127.4962,-72.5343,-43.6183,40.58,On Belt
236550,-2.1284,-1.3168,-3.0311,-150.7481,-33.7557,-70.9618,40.39,On Belt
236600,-1.6233,-1.2019,-2.5379,-161.4962,-22.3053,-81.6336,40.44,On Belt
236650,-4.6639,-4.8961,-5.6383,-143.1603,-23.6031,-110.2748,40.58,On Belt
236700,-7.0964,-5.8442,-7.8793,-169.4809,13.3893,-159.0382,40.44,On Belt
236750,-13.2663,2.2003,-5.6551,-182.3969,-25.2214,-48.0916,40.39,On Belt
236800,-8.9567,-1.6065,-2.7318,-148.5954,-10.3359,-61.6031,40.44,On Belt
236850,-6.2465,-4.6687,-3.6799,-120.0916,-27.3740,-48.6107,40.34,On Belt
236900,-6.7301,-4.1372,-2.9951,-60.6565,-37.6641,-28.6260,40.25,On Belt
236950,-8.2744,-5.3774,-4.5945,7.4809,-19.5878,17.3588,40.58,On Belt
237000,-7.5369,-5.5474,-4.6400,79.7557,0.3969,49.7710,40.25,On Belt
237050,-5.9975,-5.2840,-5.9783,143.5725,7.2366,48.3053,40.58,On Belt
237100,-5.2194,-2.5594,-7.1874,192.3206,21.4962,63.7405,40.39,On Belt
237150,-7.1682,-2.0279,-7.3861,211.7863,27.0687,139.8779,40.39,On Belt
237200,-5.3008,-3.5554,-8.0709,230.6870,22.3817,149.3282,40.67,On Belt
237250,-5.3726,-2.2362,-8.4396,214.0611,32.3206,152.1221,40.34,On Belt
237300,-5.7581,1.2043,-13.6110,203.9237,113.6794,194.6260,40.58,On Belt
237350,-5.6814,2.2984,-8.1020,182.7481,168.7481,170.7023,40.53,On Belt
237400,-4.3670,2.4876,-5.4181,105.2366,181.9237,73.6336,40.53,On Belt
237450,-6.0478,-1.9297,-4.4221,46.2748,129.5114,18.3511,40.58,On Belt
237500,-7.3813,-5.3726,-6.2632,36.1069,72.5649,-37.2977,40.15,On Belt
237550,-6.2944,0.9194,-9.7779,96.0153,28.1221,-52.0763,40.34,On Belt
237600,-7.4340,2.5642,-9.0764,14.1069,37.1756,33.2672,40.39,On Belt
237650,-4.7262,-2.3056,-6.0501,-12.0458,-4.0611,38.1069,40.34,On Belt
237700,-4.6783,-3.5195,-4.5657,-12.4885,-49.7405,29.9084,40.67,On Belt
237750,-5.2146,-4.0917,-5.5593,-0.3053,-92.7176,21.8321,40.39,On Belt
237800,-5.8012,-5.0326,-7.4891,33.6641,-122.8244,4.9008,40.25,On Belt
237850,-6.6702,-4.6256,-9.6414,36.9618,-130.5038,-20.1374,40.25,On Belt
237900,-3.8906,-0.9888,-11.1761,40.4275,-116.4580,-10.8244,40.34,On Belt
237950,-10.4507,-0.7949,-12.1338,56.7328,-39.7710,14.2748,40.34,On Belt
238000,-8.6598,3.0718,-5.9496,-104.4122,-11.6489,10.1069,40.44,On Belt
238050,-5.6575,-4.0989,-5.3678,-112.2443,-25.4198,-3.0534,40.39,On Belt
238100,-3.3399,-1.4126,-3.5051,-108.0611,-0.1069,-45.4962,40.39,On Belt
238150,-4.3886,-2.1548,-4.5777,-161.8473,41.8779,-68.5496,40.25,On Belt
238200,-8.3558,-4.2808,-6.2417,-185.1756,47.0382,-82.7939,40.39,On Belt
238250,-9.5720,-4.8195,-6.3327,-137.6031,-1.5573,-76.3206,40.39,On Belt
238300,-6.6487,-3.1843,-5.1404,-129.4504,-22.0916,-75.6031,40.58,On Belt
238350,-6.5553,-2.8347,-4.4748,-129.2977,-20.7481,-69.4504,40.39,On Belt
238400,-7.6567,-2.6911,-4.2713,-83.1908,-29.4504,-54.1985,40.34,On Belt
238450,-7.9272,-3.4046,-4.6783,-28.0763,-20.8550,-34.3664,40.34,On Belt
238500,-6.6846,-4.6232,-5.4037,27.9237,-26.7481,-11.2519,40.67,On Belt
238550,-6.9336,-2.8635,-5.0182,76.2595,-17.9847,-1.9542,40.25,On Belt
238600,-7.3622,-2.3176,-5.4803,100.8702,-18.8397,21.1450,40.34,On Belt
238650,-7.5346,-2.5738,-6.6846,106.7481,-21.0076,46.6412,40.39,On Belt
238700,-7.3813,-3.1053,-7.1539,108.0611,-21.2061,60.5649,40.58,On Belt
238750,-7.0773,-2.4253,-6.7804,101.2977,-22.1374,79.5115,40.25,On Belt
238800,-6.6200,-2.4684,-6.2321,93.9389,-31.6489,89.0687,40.67,On Belt
238850,-4.1827,-0.1293,-6.2800,101.2672,-1.7099,77.1756,40.34,On Belt
238900,-6.0047,-0.8284,-9.4954,42.8550,88.4733,92.2290,40.44,On Belt
238950,-5.3510,0.2035,-6.3111,22.0916,131.8779,68.3053,40.34,On Belt
239000,-4.8315,-2.4373,-4.9656,15.1908,166.6260,-4.8397,40.58,On Belt
239050,-6.8139,-4.3335,-6.1507,22.9924,179.8321,-83.1450,40.58,On Belt
239100,-11.2025,-1.7238,-8.5138,47.8473,116.6412,-75.1756,40.44,On Belt
239150,-7.5322,3.1220,-9.3805,15.6947,66.7328,-62.8855,40.39,On Belt
239200,-5.8131,-1.4964,-6.7493,-16.0000,69.1756,-74.3664,40.44,On Belt
239250,-4.4772,-3.3399,-4.4532,3.0840,32.4427,-63.1603,40.15,On Belt
239300,-7.4675,-3.4644,-6.1842,29.1908,-20.7786,-50.2595,40.44,On Belt
239350,-5.4947,1.2498,-10.2256,27.5114,-36.5802,-18.8092,40.53,On Belt
239400,-5.6383,0.1604,-7.9416,-12.7481,-50.1679,2.3359,40.34,On Belt
239450,-5.3103,-2.8946,-5.7772,-32.4580,-101.8931,18.6870,40.15,On Belt
239500,-5.0589,-3.9193,-6.4236,-28.7023,-137.6794,31.1145,40.44,On Belt
239550,-6.1507,-7.0294,-8.3869,-11.6336,-141.6488,22.3206,40.39,On Belt
239600,-8.5281,-7.6854,-10.9726,20.8397,-98.3359,-27.7099,40.34,On Belt
239650,-4.7956,-5.8826,-8.4659,68.6870,-45.9389,-90.4885,40.39,On Belt
239700,-8.7173,2.4708,-4.5586,55.8321,-49.9695,78.4733,40.25,On Belt
239750,-4.6256,-0.4310,-4.5394,-12.6870,15.0840,38.4122,40.58,On Belt
239800,-6.0932,-5.8730,-6.1028,-43.6489,41.2519,14.8855,40.44,On Belt
239850,-5.5833,-4.6184,-5.5641,-3.2672,51.1450,-44.7328,40.25,On Belt
239900,-7.5058,0.7781,-4.9225,-24.0763,62.0153,-40.7176,40.53,On Belt
239950,-9.9934,-1.9345,-6.8307,-56.4733,40.8550,-24.3206,40.44,On Belt
240000,-6.7205,-2.6217,-5.1499,-46.6107,8.9924,-21.9389,40.39,On Belt
240050,-6.2273,-4.1276,-5.4708,-36.1221,-23.9084,-6.9466,40.34,On Belt
240100,-6.0142,-3.1220,-6.4715,-17.4504,-36.1527,1.3588,40.53,On Belt
240150,-6.2680,-2.2362,-6.5003,10.2443,-20.8397,31.8168,40.39,On Belt
240200,-6.8881,-3.1101,-6.1746,25.7557,-22.7176,44.0305,40.39,On Belt
240250,-5.9233,-3.3208,-6.6631,46.1069,-32.6412,68.7939,40.44,On Belt
240300,-4.0606,-2.8874,-6.5721,86.4733,-21.4656,66.6565,40.53,On Belt
240350,-4.6280,-0.1628,-12.9000,81.1908,65.0076,120.9771,40.25,On Belt
240400,-7.1156,-0.8260,-9.7468,112.6412,167.8015,208.5343,40.39,On Belt
240450,-4.5083,0.0407,-4.4987,151.7710,189.5267,143.7710,40.20,On Belt
240500,-5.7676,0.3304,-4.6136,122.0611,205.7099,88.8092,40.44,On Belt
240550,-9.4116,-1.1061,-10.2017,156.5954,97.6641,103.5267,40.53,On Belt
240600,-5.9233,1.6855,-6.3039,46.7328,12.8855,54.7328,40.67,On Belt
240650,-4.9967,-0.3496,-5.8921,-25.9847,-47.5420,8.6565,40.58,On Belt
240700,-5.1882,-2.8874,-6.6439,-41.4351,-111.1603,-13.4962,40.25,On Belt
240750,-4.3072,-3.6248,-6.3877,-21.2061,-136.9924,-16.6412,40.58,On Belt
240800,-5.4660,-4.5514,-8.0014,14.8092,-148.2748,-18.0153,40.39,On Belt
240850,-4.3239,-1.7238,-10.2879,45.0382,-125.7557,8.5649,40.44,On Belt
240900,-2.8922,-0.3376,-9.7396,48.0153,-64.4733,44.3511,40.44,On Belt
240950,-9.2775,-1.4006,-9.6726,34.9924,-3.7252,-4.3511,40.34,On Belt
241000,-10.5536,3.4716,-5.0781,-131.2672,-14.6870,-23.8626,40.39,On Belt
241050,-6.6798,-2.7414,-5.7748,-128.5954,-55.6947,-53.8626,40.39,On Belt
241100,-4.0534,-1.6376,-4.4580,-146.1985,-44.9008,-66.0153,40.39,On Belt
241150,-5.3917,-4.1180,-6.3662,-191.3282,-9.4351,-106.4885,40.53,On Belt
241200,-7.4819,-4.3191,-6.5122,-155.4657,-62.3511,-93.1603,40.53,On Belt
241250,-6.1866,-2.8754,-5.7940,-150.7176,-66.8092,-99.9237,40.39,On Belt
241300,-6.0741,-2.8874,-5.5905,-174.2901,-39.2366,-121.6794,40.53,On Belt
241350,-7.1371,-2.2577,-5.0901,-173.2366,-36.3359,-110.1985,40.77,On Belt
241400,-7.4508,-3.8188,-5.8706,-121.9389,-47.2672,-90.8092,40.25,On Belt
241450,-7.9535,-3.0239,-4.9728,-75.2366,-38.9924,-58.7634,40.67,On Belt
241500,-8.8729,-3.6847,-5.0637,-32.0458,-41.1450,-19.4046,40.44,On Belt
241550,-7.4627,-3.5602,-5.9544,4.6260,-36.3969,9.7405,40.39,On Belt
241600,-7.7955,-0.6440,-6.9671,14.2595,9.8473,58.6718,40.39,On Belt
241650,-10.0102,1.9632,-4.5418,2.3206,41.7405,158.9771,40.25,On Belt
241700,-6.5745,0.4118,-4.7333,-3.4504,122.1069,112.0458,40.34,On Belt
241750,-7.3382,-3.8355,-6.6631,-24.8702,152.2901,80.5802,40.44,On Belt
241800,-5.5091,-4.1587,-5.1858,18.0458,130.1527,36.0916,40.53,On Belt
241850,-6.0286,0.7111,-4.3574,37.0840,116.3359,-0.1374,40.25,On Belt
241900,-9.4475,3.7733,-6.5242,31.3740,83.2977,10.8855,40.44,On Belt
241950,-6.4045,1.4868,-6.2848,22.6718,21.2824,27.5420,40.44,On Belt
242000,-5.4612,1.2498,-5.1092,1.3740,-10.4275,6.0305,40.34,On Belt
242050,-5.6934,-0.0120,-4.3048,-30.1069,-53.8931,-45.0229,40.39,On Belt
242100,-3.1651,2.2793,-7.3550,-20.2748,-63.5725,-62.7328,40.53,On Belt
242150,-4.3431,1.2546,-13.8289,20.9618,23.7863,-29.8321,40.44,On Belt
242200,-11.5089,0.8882,-6.2704,-21.5725,-3.7405,-29.7099,40.39,On Belt
242250,-7.1084,3.4141,-5.5306,-70.2901,-64.7634,-44.9466,40.44,On Belt
242300,-4.9728,-1.6759,-8.5593,-30.8702,-38.0458,-21.1756,40.34,On Belt
242350,-7.4603,-0.3663,-3.9049,-27.4046,-44.4580,11.9237,40.25,On Belt
242400,-8.4803,-3.6488,-6.8833,-18.9924,-39.8931,11.1908,40.39,On Belt
242450,-5.8442,-3.9456,-7.4891,30.1221,-48.4885,26.5191,40.44,On Belt
242500,-3.7110,-1.8771,-5.2696,62.1832,-13.9695,17.6641,40.39,On Belt
242550,-3.5602,0.3400,-10.3358,86.7328,30.3206,27.7405,40.44,On Belt
242600,-4.3239,1.7693,-9.1363,47.2214,86.3053,25.5267,40.44,On Belt
242650,-5.6240,2.8299,-9.1650,-14.5954,60.3969,-17.4962,40.39,On Belt
242700,-4.8219,2.7821,-9.7157,-101.4351,30.8092,-76.1679,40.25,On Belt
242750,-2.5235,-1.0391,-10.1921,-141.7405,44.0916,-113.7863,40.44,On Belt
242800,-2.7821,-2.5379,-9.5768,-104.8092,57.9847,-102.0916,40.72,On Belt
242850,-2.2769,-1.0534,-8.9352,-95.5725,94.4275,-114.1221,40.44,On Belt
242900,-3.1484,-1.2378,-8.3199,-81.6031,69.8473,-109.9389,40.25,On Belt
242950,-2.7509,0.8571,-9.1004,-56.9924,90.0458,-121.3282,40.53,On Belt
243000,-3.9409,1.4916,-10.5943,-48.9313,99.2214,-119.6183,40.53,On Belt
243050,-5.7533,4.7645,-10.7715,-98.5038,63.6641,-146.4886,40.53,On Belt
243100,-1.3001,4.2928,-10.2208,-160.1832,49.0840,-146.8244,40.72,On Belt
243150,-1.8555,-1.1372,-8.8945,-148.2290,74.7328,-133.7099,40.39,On Belt
243200,-1.7166,0.7709,-7.2736,-88.7023,77.8321,-103.2977,40.39,On Belt
243250,-1.0870,0.2418,-6.6774,-68.2595,80.8397,-93.8015,40.25,On Belt
243300,-3.1460,-0.7398,-6.6415,-26.1374,79.9847,-122.2290,40.53,On Belt
243350,-2.3343,2.8635,-8.5760,29.9695,73.7863,-122.3206,40.34,On Belt
243400,-3.7182,0.2921,-8.7939,40.9313,63.3588,-136.1679,40.39,On Belt
243450,-2.8323,5.3750,-11.1522,28.2595,54.5496,-118.4122,40.34,On Belt
243500,-1.6735,2.9975,-10.7811,-67.6641,67.8321,-134.8092,40.53,On Belt
243550,0.0910,0.2370,-8.0254,-52.7786,51.4809,-127.4046,40.53,On Belt
243600,-1.2067,1.8627,-7.7907,2.8855,55.5725,-100.5802,40.39,On Belt
243650,-1.4557,3.9433,-8.1786,19.7252,17.8168,-97.4046,40.39,On Belt
243700,-0.8715,6.5266,-8.5114,-18.5038,24.8092,-116.1832,40.39,On Belt
243750,-1.1564,2.3679,-7.1084,-62.1527,39.3130,-109.3893,40.25,On Belt
243800,-2.5331,2.2936,-7.7883,-9.5878,22.4122,-89.0229,40.53,On Belt
243850,-1.7190,6.8211,-9.9192,-43.8015,2.4275,-88.7023,40.34,On Belt
243900,-1.7190,4.9608,-9.6845,-72.3359,-6.4275,-82.1221,40.25,On Belt
243950,0.4573,3.9720,-7.5369,-87.1450,29.4504,-91.0382,40.44,On Belt
244000,-2.3008,4.2784,-6.1675,-68.0305,24.8702,-88.6412,40.25,On Belt
244050,-2.2960,5.8969,-6.8163,-52.7939,14.4427,-64.7939,40.53,On Belt
244100,-2.9401,6.5074,-8.0613,-55.2519,15.0229,-43.5725,40.44,On Belt
244150,-2.1787,4.4269,-6.1627,-71.8626,7.3588,-21.4198,40.58,On Belt
244200,-2.0351,6.3422,-6.5122,-35.7252,21.7405,-1.5267,40.53,On Belt
244250,-2.2122,7.1036,-6.8426,-74.0305,17.0534,-9.5115,40.25,On Belt
244300,-2.1213,4.4197,-6.3231,-46.1679,6.0000,-23.8779,40.25,On Belt
244350,-3.7278,6.7014,-7.2065,-42.1527,1.5725,28.4580,40.44,On Belt
244400,-2.6432,7.1491,-6.9025,-43.2366,-1.8626,60.6412,40.53,On Belt
244450,0.2969,9.5720,-6.5553,-62.9313,-3.1450,65.8015,40.67,On Belt
244500,-0.1939,7.8266,-4.5921,-61.6183,-2.9771,16.3206,40.39,On Belt
244550,-1.2761,8.8921,-4.8028,-55.3588,-1.4656,6.4580,40.53,On Belt
244600,-1.0678,8.6287,-4.2210,-41.4504,7.0840,25.7863,40.39,On Belt
244650,-0.9697,10.4052,-3.8978,-39.5725,6.9771,31.2061,40.39,On Belt
244700,-0.2155,9.1818,-3.0478,-35.7710,2.8092,25.3893,40.25,On Belt
244750,0.2801,9.0573,-2.7102,-22.7786,13.9542,25.2214,40.39,On Belt
244800,0.4118,9.2512,-3.2322,-13.6336,17.4351,10.1985,40.67,On Belt
244850,-0.4908,9.3039,-2.9832,-11.2672,14.6565,5.8321,40.39,On Belt
244900,-0.4286,9.1123,-2.9975,-4.9618,6.5802,14.8397,40.44,On Belt
244950,-0.0910,9.3541,-3.1364,-6.1221,7.1450,14.9313,40.34,On Belt
245000,0.2370,9.4595,-3.2801,-8.9160,2.8244,9.7252,40.34,On Belt
245050,0.3136,9.5624,-3.4620,-12.6870,4.7786,10.3053,40.44,On Belt
245100,0.1987,9.5696,-2.5738,-17.2672,5.4656,10.4427,40.53,On Belt
245150,0.6728,8.9423,-2.4541,-14.5344,3.5267,7.4809,40.20,On Belt
245200,0.8835,9.5481,-2.5139,-9.9084,4.8855,9.2519,40.25,On Belt
245250,0.5602,9.5050,-2.2889,-8.8397,0.1374,8.7634,40.25,On Belt
245300,0.9864,9.3111,-2.4181,-9.3893,1.1908,7.3740,40.53,On Belt
245350,1.2665,9.5840,-2.6336,-6.9466,3.4504,8.0763,40.44,On Belt
245400,1.1229,9.4547,-2.4110,-10.8092,1.4351,3.9237,40.44,On Belt
245450,1.1779,9.4762,-2.0877,-5.2672,-2.4733,-1.6336,40.44,On Belt
245500,1.3743,9.5289,-2.2338,-3.7557,-1.5420,3.5725,40.44,On Belt
245550,1.1037,9.6702,-2.2505,-0.4427,3.2061,2.8244,40.34,On Belt
245600,0.9864,9.9503,-2.6193,-6.6260,-0.9008,3.3435,40.25,On Belt
245650,1.1971,9.2608,-2.2458,-7.3893,-1.0382,-0.8397,40.58,On Belt
245700,1.1899,9.2249,-2.1644,-4.1069,-1.3893,0.4275,40.44,On Belt
245750,1.2785,9.5553,-2.2960,-2.4427,-1.1298,1.7099,40.34,On Belt
245800,1.1947,9.5720,-2.3176,-3.9542,0.7481,-1.8626,40.53,On Belt
245850,0.9912,9.6271,-2.1021,-4.0916,2.6412,-1.8779,40.67,On Belt
245900,0.9385,9.5050,-2.0734,-2.0458,0.5038,0.3359,40.44,On Belt
245950,1.0391,9.5744,-2.3008,-0.9160,1.0382,1.3435,40.44,On Belt
246000,1.0750,9.7037,-2.4588,-2.7176,0.0305,1.1145,40.53,On Belt
246050,1.0726,9.5098,-2.1811,-6.0458,-0.8702,-0.4275,40.39,On Belt
246100,1.0870,9.3326,-2.0279,-3.1908,0.1985,1.1756,40.34,On Belt
246150,1.1013,9.3972,-2.2314,0.6412,2.1069,3.1603,40.25,On Belt
246200,1.1732,9.6893,-2.4708,-0.1679,0.5496,4.0763,40.39,On Belt
246250,1.1971,9.7468,-2.3583,-6.5649,-0.4733,1.1908,40.39,On Belt
246300,1.1851,9.2392,-2.0590,-3.4504,-0.2595,-0.3817,40.58,On Belt
246350,1.2019,9.5624,-2.0111,1.4809,0.4275,2.7328,40.58,On Belt
246400,1.2737,9.6822,-2.3966,0.3817,0.3053,3.2214,40.39,On Belt
246450,1.2594,9.5217,-2.3367,-3.6336,0.4427,-0.0611,40.53,On Belt
246500,1.2785,9.3230,-2.0925,-1.2519,0.5191,0.8550,40.67,On Belt
246550,1.2617,9.5098,-2.1811,0.0916,1.0076,1.6489,40.67,On Belt
246600,1.2833,9.4834,-2.2913,0.4733,0.0000,1.2672,40.34,On Belt
246650,1.4102,9.4786,-2.2482,1.0992,1.9542,2.0611,40.39,On Belt
246700,1.2761,10.1586,-2.5618,-1.4351,0.5344,0.9160,40.44,On Belt
246750,1.4988,9.2344,-2.1835,-7.0840,0.3206,-4.3817,40.25,On Belt
246800,1.3408,9.2488,-2.1476,0.9466,1.5115,1.9084,40.44,On Belt
246850,1.2306,9.7683,-2.5905,-1.8931,-0.0153,-1.4198,40.39,On Belt
246900,1.1540,9.3661,-2.2194,-5.7099,-0.2901,-4.0153,40.25,On Belt
246950,1.1492,9.3877,-2.2649,-1.0992,0.1374,2.6718,40.58,On Belt
247000,1.2115,9.7229,-2.4086,-3.5878,0.6260,-2.1374,40.44,On Belt
247050,1.1612,9.3948,-2.1979,-3.3893,-0.7023,1.4962,40.20,On Belt
247100,1.4557,9.5505,-2.3224,0.1527,1.4656,2.8855,40.25,On Belt
247150,1.3264,9.5888,-2.4421,-2.1527,1.8779,0.6870,40.39,On Belt
247200,1.2809,9.3087,-2.2218,-4.1679,-0.5496,-0.0611,40.44,On Belt
247250,1.2929,9.5600,-2.2338,-1.3740,0.2137,-0.3053,40.58,On Belt
247300,1.2570,9.6750,-2.5115,-1.8321,1.0382,0.9466,40.58,On Belt
247350,1.2402,9.3446,-2.2075,-4.9924,0.1374,-0.7939,40.25,On Belt
247400,1.3408,9.3805,-2.2410,-0.7176,0.7176,1.1603,40.58,On Belt
247450,1.3168,9.6534,-2.3391,-0.9618,0.0458,1.0687,40.44,On Belt
247500,1.2857,9.5720,-2.3296,-4.2137,-0.4427,-0.7328,40.58,On Belt
247550,1.3312,9.3901,-2.1548,-0.9160,0.5496,1.2824,40.44,On Belt
247600,1.3503,9.5337,-2.3607,0.1374,0.5496,2.1374,40.53,On Belt
247650,1.3719,9.6199,-2.3056,-3.3893,-0.4733,0.0611,40.67,On Belt
247700,1.3958,9.3637,-2.2051,-2.9313,0.8855,-0.5802,40.44,On Belt
247750,1.3360,9.4810,-2.2075,-1.3130,0.9771,-1.8321,40.44,On Belt
247800,1.1971,9.6247,-2.4373,-2.5802,0.0916,-0.3969,40.67,On Belt
247850,1.3096,9.4523,-2.2817,-2.1832,0.0458,0.3359,40.39,On Belt
247900,1.3336,9.4691,-2.2362,-2.6260,0.3359,-0.2748,40.34,On Belt
247950,1.2761,9.6103,-2.3032,-3.0534,-0.0305,-0.1527,40.67,On Belt
248000,1.3216,9.4834,-2.2841,-2.0000,-0.0763,1.5115,40.44,On Belt
248050,1.3862,9.4044,-2.2984,-1.3435,0.5802,0.9618,40.39,On Belt
248100,1.3360,9.5912,-2.3607,-2.5344,0.5344,-0.8092,40.67,On Belt
248150,1.4126,9.4451,-2.2649,-2.2901,0.1985,0.3359,40.53,On Belt
248200,1.3240,9.5720,-2.3607,-1.3130,1.7863,0.1679,40.44,On Belt
248250,1.3288,9.5960,-2.3846,-4.9160,-0.9313,-0.7023,40.25,On Belt
248300,1.3216,9.2344,-2.1739,-2.2137,0.0000,-1.0534,40.44,On Belt
248350,1.2617,9.5433,-2.2889,-0.7176,0.0305,1.0992,40.44,On Belt
248400,1.2713,9.4691,-2.2170,-1.6183,-0.6870,0.0458,40.44,On Belt
248450,1.3168,9.2895,-2.1955,1.4656,-0.9008,0.3969,40.58,On Belt
248500,1.3288,9.4762,-2.3774,3.1603,-0.2443,1.5725,40.39,On Belt
248550,1.4557,9.5529,-2.4852,0.9618,0.2595,-1.0534,40.44,On Belt
248600,1.4533,9.5026,-2.4373,1.0382,1.3588,-3.4962,40.39,On Belt
248650,1.3695,9.6391,-2.7653,-2.9160,0.9313,-4.2290,40.58,On Belt
248700,1.1612,9.2751,-2.3655,-6.7328,1.5878,-8.9008,40.58,On Belt
248750,0.9792,9.2703,-2.0973,-2.1069,-2.9618,-8.5649,40.67,On Belt
248800,1.1349,9.4715,-2.0853,0.7634,-4.7176,-5.7252,40.34,On Belt
248850,0.7566,9.7468,-2.2386,0.8092,-8.3206,-9.7863,40.53,On Belt
248900,0.9218,9.8426,-2.0638,1.6641,-11.8321,-5.0687,40.67,On Belt
248950,0.9337,9.7516,-2.1620,1.0229,-9.5725,-6.1679,40.44,On Belt
249000,1.1205,10.0724,-2.1476,-1.8626,-2.0611,-15.2977,40.44,On Belt
249050,-0.1963,9.9671,-1.7286,-6.2901,-6.3511,-29.4962,40.25,On Belt
249100,0.7518,9.6462,-1.4341,6.2748,-4.2443,-30.5496,40.39,On Belt
249150,-0.1365,9.5768,-1.6520,46.8244,4.7939,-19.6641,40.53,On Belt
249200,-0.6871,9.5170,-3.4668,57.2214,-18.0458,-20.1527,40.25,On Belt
249250,-0.3065,9.0788,-4.1061,63.1450,-19.5420,-27.1908,40.58,On Belt
249300,-0.6345,8.9280,-4.4197,64.2137,-27.1450,-16.4275,40.25,On Belt
249350,-0.2059,8.7077,-4.9799,67.3435,-13.2214,-1.9389,40.67,On Belt
249400,-1.2210,6.8450,-5.1451,90.1832,-12.5191,17.9389,40.25,On Belt
249450,-1.5778,7.0701,-6.1172,109.6489,-20.1832,28.5649,40.39,On Belt
249500,-1.5155,6.3422,-7.0390,122.5038,-25.5420,35.0992,40.39,On Belt
249550,-1.4054,5.0206,-7.5465,139.5420,-56.8855,57.5878,40.39,On Belt
249600,-1.3838,4.4580,-9.5840,146.3512,-58.6412,71.0534,40.34,On Belt
249650,-1.3384,4.2401,-9.2775,124.1221,-45.2824,64.8550,40.67,On Belt
249700,-1.8651,2.9209,-7.8482,103.4962,-46.6260,44.1221,40.44,On Belt
249750,-2.5307,2.9018,-8.6838,93.1908,-59.3435,19.7710,40.58,On Belt
249800,-3.0478,2.3966,-10.4028,87.9389,-49.9237,42.2595,40.25,On Belt
249850,-2.9425,0.4477,-7.4627,77.6794,-59.1145,69.4046,40.67,On Belt
249900,-3.8762,0.9481,-8.6646,82.5802,-62.2901,46.7176,40.39,On Belt
249950,-3.9313,-0.0646,-7.9080,66.7328,-67.3740,60.5954,40.34,On Belt
250000,-3.9049,-1.4868,-7.6279,83.0687,-76.4275,68.3511,40.58,On Belt
250050,-3.6751,-1.8579,-8.2768,101.2977,-76.1221,77.6489,40.34,On Belt
250100,-3.8355,-2.5019,-8.4300,106.1679,-60.2443,79.7863,40.72,On Belt
250150,-4.1994,-3.1220,-7.6016,116.3359,-63.6031,61.4198,40.67,On Belt
250200,-4.9728,-2.6288,-7.9272,99.8931,-65.5115,43.3130,40.39,On Belt
250250,-5.3606,-0.7997,-8.1355,50.1985,-55.5573,-2.6107,40.44,On Belt
250300,-5.3056,-1.2737,-7.7979,-26.0000,-57.4351,-42.6565,40.44,On Belt
250350,-4.6926,-1.9345,-6.7756,-62.0153,-51.5115,-79.1908,40.67,On Belt
250400,-5.4229,-1.3838,-6.4739,-98.5496,-26.0916,-98.7634,40.25,On Belt
250450,-6.5242,-3.0718,-7.5633,-108.1527,-11.5878,-108.2137,40.53,On Belt
250500,-6.6918,-2.8659,-6.8881,-117.5573,-6.0000,-94.5191,40.39,On Belt
250550,-6.2010,-2.9544,-6.6559,-109.6641,3.2672,-91.6031,40.53,On Belt
250600,-6.1507,-3.7014,-6.8067,-119.5725,8.7481,-80.1069,40.44,On Belt
250650,-5.6336,-2.9664,-5.5952,-91.9237,4.0305,-73.0382,40.34,On Belt
250700,-6.2704,-3.3854,-6.3710,-71.4809,-5.9695,-59.0840,40.25,On Belt
250750,-6.5434,-2.2960,-6.3590,-52.5802,-15.8779,-25.7405,40.39,On Belt
250800,-6.2273,-2.1763,-6.4572,-8.1679,-17.9695,14.7023,40.44,On Belt
250850,-5.4372,-2.5474,-8.0828,17.8473,12.8855,62.7176,40.44,On Belt
250900,-5.4899,-2.6863,-7.2161,43.1756,40.5344,106.3359,40.67,On Belt
250950,-7.6614,-2.5738,-6.6391,61.9389,28.2290,133.3130,40.67,On Belt
251000,-7.3071,-0.6440,-7.0461,96.3053,32.5344,125.3740,40.39,On Belt
251050,-6.0597,-0.0886,-8.2432,90.6107,19.8321,158.4733,40.44,On Belt
251100,-3.6679,1.6305,-8.3558,93.0076,61.1145,173.3740,40.58,On Belt
251150,-3.8714,1.8603,-9.9048,25.0382,132.5191,170.2901,40.39,On Belt
251200,-5.1475,-2.3272,-8.7795,18.3511,212.0916,104.0153,40.53,On Belt
251250,-6.9959,-3.0406,-8.3701,41.5573,197.5878,76.8244,40.44,On Belt
251300,-5.3343,0.9361,-6.2968,54.4885,100.9008,111.9847,40.58,On Belt
251350,-3.8906,-0.4022,-6.7900,85.2061,30.1221,130.3664,40.44,On Belt
251400,-3.7350,-0.7278,-6.2728,96.7176,-20.4427,115.2366,40.39,On Belt
251450,-3.9385,-2.5259,-5.5210,63.5267,-75.8168,124.9618,40.34,On Belt
251500,-4.5753,-2.7318,-8.8346,67.3130,-136.9160,122.1679,40.72,On Belt
251550,-5.2960,-3.8211,-13.1059,34.3664,-165.2519,115.7252,40.72,On Belt
251600,-2.4086,-1.2641,-11.8154,10.1679,-138.6107,85.5725,40.39,On Belt
251650,-1.5060,-1.0127,-10.2903,-30.5802,-93.4809,83.1603,40.67,On Belt
251700,-2.4253,-2.3343,-8.6574,-44.9924,-54.8397,63.0076,40.67,On Belt
251750,-4.0558,-3.4644,-8.4874,-59.4962,-29.1603,51.3588,40.67,On Belt
251800,-4.2425,-3.2178,-7.8219,-43.5573,-25.1603,7.6794,40.72,On Belt
251850,-5.9568,-3.8283,-8.0493,-42.7634,-24.3817,-72.6565,40.53,On Belt
251900,-5.8730,-1.5850,-7.2353,-96.6565,-31.3130,-172.2443,40.39,On Belt
251950,-4.7501,-1.4413,-4.9560,-139.5420,-43.2214,-234.5343,40.53,On Belt
252000,-6.3111,13.0460,-6.4763,-110.2443,-22.8550,-188.4733,40.53,On Belt
252050,-9.2225,-5.7940,-11.4323,-184.3359,4.0916,-141.3740,40.58,On Belt
252100,-6.0813,-3.3064,-7.3717,-208.9771,-12.5496,-131.9084,40.67,On Belt
252150,-5.3463,-3.4548,-5.9280,-188.7634,-23.9542,-125.7863,40.44,On Belt
252200,-5.7341,-3.0382,-5.7485,-172.0611,-20.5496,-125.4504,40.44,On Belt
252250,-6.6463,-2.2266,-5.0589,-172.4275,-14.8855,-104.1221,40.39,On Belt
252300,-8.6359,-4.5394,-4.2641,-94.4885,-8.5496,-49.4962,40.39,On Belt
252350,-8.2049,-5.1188,-4.2928,-40.5038,-6.2901,-20.6412,40.53,On Belt
252400,-6.6583,-5.2026,-5.1643,27.7252,-5.3740,-14.9924,40.39,On Belt
252450,-5.6838,-3.6871,-5.6144,72.2595,24.4275,0.0000,40.44,On Belt
252500,-7.6303,-2.6791,-6.0885,107.3588,42.1679,44.2595,40.53,On Belt
252550,-7.7333,-2.0446,-6.0310,127.9695,34.5496,78.2748,40.39,On Belt
252600,-7.1395,-2.3152,-6.2728,142.7328,33.3435,81.5267,40.34,On Belt
252650,-6.9983,-2.1356,-6.5146,133.0382,24.0763,89.0534,40.34,On Belt
252700,-6.9528,-1.9417,-7.0413,124.8244,12.0763,95.8779,40.58,On Belt
252750,-5.7940,-2.3320,-7.1778,109.6183,11.6489,95.6489,40.67,On Belt
252800,-5.6240,-2.6432,-6.9552,97.7405,18.3206,90.2748,40.39,On Belt
252850,-5.4444,-2.6719,-6.6391,80.4427,19.2366,79.8168,40.58,On Belt
252900,-5.4660,-2.3080,-6.6463,62.5496,21.5420,65.8931,40.58,On Belt
252950,-5.6743,-1.7238,-6.8546,32.9924,30.9466,40.5802,40.58,On Belt
253000,-6.3638,-0.7685,-6.7469,4.4122,50.8397,27.2977,40.39,On Belt
253050,-7.5441,0.2825,-6.4045,-17.6489,59.9237,28.8702,40.34,On Belt
253100,-6.5745,-0.7039,-6.4141,-21.7252,60.5649,47.4504,40.67,On Belt
253150,-5.7820,-0.3089,-6.7780,-5.2519,82.1069,70.9466,40.39,On Belt
253200,-6.1938,0.3472,-7.9535,19.0534,115.4198,110.6412,40.44,On Belt
253250,-6.8115,-1.6975,-8.5617,74.8397,136.1985,142.5191,40.44,On Belt
253300,-5.7533,-2.6193,-6.3638,119.2519,125.5725,144.4886,40.34,On Belt
253350,-4.5969,-2.0494,-5.4085,143.6641,83.0534,160.0916,40.58,On Belt
253400,-3.0765,-0.0431,-8.1594,212.9466,27.0534,201.1298,40.67,On Belt
253450,-4.6256,1.7382,-8.7676,71.2672,-38.0153,170.7634,40.53,On Belt
253500,-3.2441,-0.8332,-10.0652,-22.9160,-59.7557,129.4657,40.67,On Belt
253550,-2.3774,-3.5458,-9.8138,-28.8244,-40.3053,102.1069,40.53,On Belt
253600,-3.1532,-4.3527,-8.7029,-7.7557,-12.0763,88.8397,40.44,On Belt
253650,-4.1180,-3.7757,-7.1467,23.0840,-24.1374,78.3511,40.58,On Belt
253700,-4.9033,-2.3008,-7.6614,24.6107,-60.6565,49.3893,40.67,On Belt
253750,-4.3000,-0.9792,-9.5624,-3.0840,-98.3817,12.6565,40.53,On Belt
253800,-3.0574,0.2562,-10.7739,-48.9618,-99.2672,-35.1756,40.53,On Belt
253850,-4.4867,0.0742,-11.6047,-100.2443,-77.3435,-95.7405,40.58,On Belt
253900,-4.4939,-0.6225,-10.1706,-179.4351,-47.7863,-172.2595,40.67,On Belt
253950,-3.9911,-2.3296,-6.6487,-223.8321,-19.7863,-238.7176,40.44,On Belt
254000,-4.2856,-3.5003,-5.9903,-221.9695,-8.3359,-251.9542,40.44,On Belt
254050,-7.1539,5.4109,-6.7732,-262.5801,22.7328,-215.2977,40.53,On Belt
254100,-8.3965,-5.8179,-8.8155,-218.6260,-5.1145,-164.8550,40.44,On Belt
254150,-5.2648,-3.3758,-6.2010,-197.9389,-34.8244,-132.7634,40.53,On Belt
254200,-5.7820,-4.6424,-6.3255,-151.7099,-34.1985,-96.0611,40.67,On Belt
254250,-6.2896,-5.0613,-5.9113,-101.1450,-20.0763,-50.0611,40.53,On Belt
254300,-6.1938,-4.5466,-4.1875,-39.7557,12.0305,-33.3435,40.53,On Belt
254350,-7.1922,-5.5713,-5.3893,33.9084,18.3359,-6.5649,40.77,On Belt
254400,-5.6671,-4.4915,-5.7485,108.2901,21.1450,13.4351,40.34,On Belt
254450,-6.2010,-1.4820,-6.5242,155.8931,49.4046,43.4198,40.72,On Belt
254500,-8.2049,-2.8683,-7.8290,188.4886,39.9237,94.0763,40.39,On Belt
254550,-6.8019,-2.1811,-7.6327,206.7328,18.2748,121.3893,40.39,On Belt
254600,-6.1052,-1.8316,-7.5082,195.2824,16.0153,130.7481,40.53,On Belt
254650,-6.3877,2.1811,-8.3366,109.1145,44.4122,90.1374,40.44,On Belt
254700,-6.5912,-0.2059,-6.3877,-10.3969,9.3435,34.5038,40.34,On Belt
254750,-5.9975,-3.2346,-6.2321,-71.4962,-31.2977,-14.4427,40.58,On Belt
254800,-5.0805,-4.8650,-6.3255,-74.8702,-24.5344,-65.8931,40.58,On Belt
254850,-4.6615,-4.6807,-5.8419,-64.7939,-6.9771,-100.8855,40.39,On Belt
254900,-6.5410,8.5832,-7.8003,-50.6718,29.6489,-25.8473,40.58,On Belt
254950,-8.0302,-3.7757,-6.8307,-46.7481,57.3740,-42.1679,40.53,On Belt
255000,-5.7964,-3.3471,-5.6599,-48.3359,38.0916,-32.0153,40.72,On Belt
255050,-6.4045,-3.2202,-5.6575,-38.1069,25.0382,-29.6183,40.53,On Belt
255100,-7.0174,-2.8204,-6.1052,-18.0000,15.0076,-10.8550,40.67,On Belt
255150,-6.4620,-2.9951,-5.9113,5.4504,7.5115,8.1832,40.58,On Belt
255200,-5.9424,-3.4333,-6.6104,30.3053,10.1221,24.5802,40.58,On Belt
255250,-6.0310,-2.8898,-6.2872,53.1908,6.9160,40.5649,40.58,On Belt
255300,-5.9855,-2.8132,-6.6032,67.2366,9.7863,49.8931,40.34,On Belt
255350,-5.8299,-2.8754,-6.6463,73.7557,8.0458,59.4046,40.58,On Belt
255400,-5.7341,-2.1117,-6.7133,75.8473,11.9084,60.2443,40.34,On Belt
255450,-6.0166,-1.5850,-7.1682,50.2901,9.8626,52.7023,40.58,On Belt
255500,-5.6934,-2.2027,-6.8091,16.3359,7.2366,28.7634,40.44,On Belt
255550,-5.7150,-3.1412,-6.2968,-9.6336,-8.2137,-6.0458,40.44,On Belt
255600,-5.2146,-3.3064,-6.6631,-26.0611,-12.8702,-37.4198,40.39,On Belt
255650,-5.8634,-1.7047,-6.7636,-37.9695,-3.4046,-52.1221,40.44,On Belt
255700,-6.0932,-2.4924,-6.5769,-57.6183,-9.9389,-47.2061,40.39,On Belt
255750,-5.7700,-3.3926,-6.0190,-47.6031,-9.3740,-46.2137,40.67,On Belt
255800,-5.8131,-3.4261,-6.3470,-39.4656,-7.9237,-40.1832,40.25,On Belt
255850,-6.0262,-3.4213,-6.1627,-24.6412,-11.5878,-31.9695,40.39,On Belt
255900,-5.5067,-3.5578,-6.1651,-10.4122,-10.9924,-26.5802,40.53,On Belt
255950,-5.5234,-3.8786,-6.2656,2.4275,-9.3282,-22.8244,40.34,On Belt
256000,-5.9233,-3.3471,-6.3470,5.6947,-12.0763,-19.2214,40.34,On Belt
256050,-6.9552,-2.6193,-6.5410,-9.8015,-23.2824,-21.6183,40.39,On Belt
256100,-5.9999,-3.0263,-6.7612,-43.6031,-34.1832,-34.4427,40.91,On Belt
256150,-4.7022,-3.0119,-5.8538,-60.2137,-39.6031,-55.8321,40.58,On Belt
256200,-5.0566,-3.9935,-6.1387,-73.0229,-33.8779,-72.1221,40.58,On Belt
256250,-5.7389,-3.4692,-7.1611,-70.2901,-25.0534,-80.2443,40.53,On Belt
256300,-6.8642,-1.7454,-6.7445,-81.2366,-17.9847,-69.7252,40.39,On Belt
256350,-6.5290,-3.0454,-6.2106,-84.0611,-19.6031,-66.6107,40.58,On Belt
256400,-5.9041,-3.7254,-6.5936,-82.0458,-23.8015,-61.2366,40.53,On Belt
256450,-5.3917,-3.7685,-6.4212,-75.6183,-19.6031,-54.7481,40.39,On Belt
256500,-5.6982,-3.9935,-6.5338,-69.1298,-11.2519,-47.2824,40.44,On Belt
256550,-6.0334,-3.5817,-6.4667,-68.1832,-12.0153,-30.9771,40.53,On Belt
256600,-6.2656,-2.9904,-5.9855,-62.6412,-4.7481,-22.5038,40.67,On Belt
256650,-6.2321,-3.6392,-5.8562,-48.9313,-9.2061,-15.2977,40.53,On Belt
256700,-5.4636,-3.6895,-6.7062,-36.7023,-15.2366,0.8092,40.44,On Belt
256750,-4.1755,-2.4253,-7.1012,-12.9008,14.3206,16.2901,40.58,On Belt
256800,-6.1842,-3.1819,-7.2760,8.1679,41.7405,32.1527,40.44,On Belt
256850,-6.8211,-1.4605,-7.3263,37.4198,17.5573,60.0916,40.58,On Belt
256900,-4.8195,-0.1053,-8.1642,54.9160,19.5267,104.5343,40.67,On Belt
256950,-3.7086,1.0798,-9.6079,77.6794,60.4427,126.5649,40.44,On Belt
257000,-4.7692,0.3208,-8.5425,42.6870,74.5802,102.5649,40.67,On Belt
257050,-3.4213,-1.4413,-6.8953,1.2366,52.6412,44.7939,40.67,On Belt
257100,-2.5235,-4.2521,-8.6766,27.7405,37.1908,12.9924,40.77,On Belt
257150,-2.5211,-3.9193,-9.6199,64.9008,44.3969,-20.2443,40.72,On Belt
257200,-3.3351,-0.7805,-9.0812,51.8015,54.3664,-70.6412,40.58,On Belt
257250,-4.0270,-0.0096,-8.3677,-23.4504,9.6794,-110.5802,40.44,On Belt
257300,-3.5554,-2.9353,-8.2624,-66.6565,-15.3282,-135.8473,40.44,On Belt
257350,-3.5219,-4.1372,-7.6303,-55.8626,-23.4962,-145.9695,40.44,On Belt
257400,-4.3862,-4.3455,-6.3782,-28.1679,-35.6947,-144.1985,40.67,On Belt
257450,-1.9848,3.3806,-7.9224,29.4198,-63.5725,-87.3130,40.67,On Belt
257500,-5.4396,1.7526,-8.2145,-23.6336,-48.2595,7.1450,40.44,On Belt
257550,-4.6017,-3.7900,-5.8610,2.6107,-59.2519,11.9847,40.58,On Belt
257600,-4.1755,-3.4213,-5.9951,13.1908,-81.2977,12.3969,40.44,On Belt
257650,-4.7621,-3.2633,-8.1403,31.5573,-109.9237,16.6870,40.58,On Belt
257700,-4.6855,-1.4102,-10.0940,29.2519,-100.8855,38.3969,40.53,On Belt
257750,-6.6607,-2.5450,-10.0245,22.2443,-100.0000,25.1450,40.44,On Belt
257800,-7.1994,-0.4262,-12.1578,-25.3435,-102.5343,-4.9924,40.44,On Belt
257850,-4.2665,-0.1341,-8.7771,-96.6565,-42.7634,-31.0076,40.39,On Belt
257900,-3.9025,-3.7876,-5.4372,-117.1145,-21.2061,-56.1069,40.72,On Belt
257950,-3.3591,-3.7661,-4.3886,-98.2290,-1.6947,-94.6107,40.34,On Belt
258000,-4.8171,-2.7509,-4.6400,-109.6031,22.0458,-126.0153,40.67,On Belt
258050,-8.0804,-3.9648,-6.5912,-124.8244,-0.6412,-93.1450,40.72,On Belt
258100,-7.1371,-3.5650,-6.7038,-108.0458,8.4427,-104.1221,40.53,On Belt
258150,-7.8506,-2.9042,-6.4093,-126.5802,14.8855,-78.3817,40.58,On Belt
258200,-8.6072,-3.1939,-4.9297,-94.1374,-2.3359,-34.8550,40.67,On Belt
258250,-7.3622,-4.3455,-4.1515,-39.2519,-22.8702,-10.9313,40.67,On Belt
258300,-5.6455,-4.9225,-5.1834,7.5115,-31.0229,-1.5725,40.53,On Belt
258350,-4.7429,-3.5937,-6.3039,68.9618,-2.5496,34.9160,40.58,On Belt
258400,-5.7892,-4.0247,-7.0868,108.5954,14.9771,80.2901,40.53,On Belt
258450,-6.2249,-3.8618,-7.6591,165.1145,8.8397,105.0687,40.67,On Belt
258500,-5.4300,-2.7629,-7.9440,182.4122,6.9924,132.5496,40.39,On Belt
258550,-4.8698,-2.7126,-7.9990,181.8626,21.2824,153.7863,40.58,On Belt
258600,-5.3391,-2.9425,-7.5346,176.2443,21.8168,165.2061,40.39,On Belt
258650,-5.6431,1.0008,-8.6167,110.4580,28.1069,150.9008,40.44,On Belt
258700,-5.9161,-0.4094,-6.6535,11.9847,-2.3969,113.9542,40.67,On Belt
258750,-6.1268,-3.1987,-7.8554,-53.5420,-12.7634,57.7252,40.72,On Belt
258800,-7.3502,-6.8498,-8.9759,-66.8397,-3.8321,-24.9466,40.44,On Belt
258850,-4.5969,-3.9002,-5.7796,-46.1985,6.8244,-79.1145,40.39,On Belt
258900,-3.3303,-0.3831,-6.5984,-100.7634,111.6183,-7.4351,40.58,On Belt
258950,-5.3534,-2.5307,-5.4300,-16.8397,173.1450,-40.8244,40.67,On Belt
259000,-7.3095,-4.9847,-5.0446,-2.6718,156.9008,-57.7863,40.39,On Belt
259050,-8.5066,-6.4212,-8.3079,58.4580,100.2137,-84.1527,40.39,On Belt
259100,-9.4236,0.8787,-9.8545,5.4198,41.1450,-58.6870,40.58,On Belt
259150,-6.0262,0.1508,-7.1491,-4.8244,28.7328,-39.3435,40.58,On Belt
259200,-5.5905,-2.8132,-5.3965,-18.3817,-3.8779,-56.2901,40.39,On Belt
259250,-5.1427,-3.1244,-5.3654,-16.5191,-40.5038,-86.3817,40.67,On Belt
259300,-5.2888,-3.2705,-5.6814,-16.3359,-74.9924,-108.7939,40.58,On Belt
259350,-0.7446,6.1435,-12.3996,-7.3588,-58.6412,-19.0687,40.58,On Belt
259400,-5.6144,-4.8052,-7.3789,-7.8931,-31.5420,-34.2137,40.53,On Belt
259450,-4.2449,-3.4285,-5.5498,-3.2214,-69.4351,-23.2214,40.53,On Belt
259500,-5.4516,-4.8004,-7.2113,11.3282,-108.5038,-14.3206,40.67,On Belt
259550,-4.9153,-3.8882,-7.7309,18.0458,-125.0992,-15.3282,40.39,On Belt
259600,-5.1116,-2.7581,-9.2703,8.7176,-134.7786,1.5420,40.67,On Belt
259650,-10.3214,-0.5507,-12.5600,-10.1527,-99.3893,-2.8244,40.67,On Belt
259700,-9.3302,2.2673,-9.1435,-130.2137,-57.8931,-3.2977,40.58,On Belt
259750,-3.9289,-3.6368,-4.9536,-136.0000,-49.9084,-41.9695,40.53,On Belt
259800,-1.6424,-0.9361,-2.5522,-139.5878,-25.4351,-61.3740,40.58,On Belt
259850,-3.0095,-3.1915,-4.6184,-170.9618,20.8550,-96.8397,40.39,On Belt
259900,-6.7157,-8.1858,-8.5497,-177.4504,48.0916,-149.2366,40.67,On Belt
259950,-7.1275,-3.4022,-6.0741,-133.7252,34.4122,-159.1298,40.58,On Belt
260000,-9.1889,-5.4444,-8.3079,-168.2290,-16.3511,-63.2366,40.44,On Belt
260050,-11.8968,-1.3527,-1.8531,-180.6412,3.0076,-51.1450,40.53,On Belt
260100,-10.2161,-6.2345,-3.1627,-63.9847,-76.5954,-11.2061,40.53,On Belt
260150,-5.0661,-4.7070,-5.4300,18.7634,-74.6107,5.6489,40.53,On Belt
260200,-3.8690,-4.7956,-6.8594,84.1527,-18.8244,41.5573,40.44,On Belt
260250,-4.3239,-5.0159,-7.0102,163.8626,21.4962,65.6336,40.67,On Belt
260300,-5.6790,-2.3463,-7.2856,211.7557,33.8626,90.0611,40.53,On Belt
260350,-7.3239,-3.3639,-9.0453,253.0534,24.0153,141.2824,40.44,On Belt
260400,-5.8993,-3.0023,-9.3589,257.5573,4.3664,186.8397,40.44,On Belt
260450,-4.9153,-3.4165,-8.4180,245.5267,3.7099,225.3282,40.67,On Belt
260500,-3.9792,0.1245,-8.1738,209.8168,21.5267,191.6488,40.39,On Belt
260550,-8.2744,-1.9872,-10.1347,82.5038,46.7634,99.5725,40.44,On Belt
260600,-6.8450,-3.4788,-9.6271,11.3130,25.0534,0.8397,40.58,On Belt
260650,0.1173,3.7493,-8.1307,-23.9237,92.7328,5.4046,40.39,On Belt
260700,-3.3184,-1.4222,-5.2050,-33.1756,163.5267,-73.4809,40.58,On Belt
260750,-6.6032,-4.5945,-5.6407,-32.1221,143.4198,-100.3359,40.53,On Belt
260800,-9.7444,-8.3031,-9.4212,16.2748,85.3740,-111.4962,40.58,On Belt
260850,-13.6972,5.1044,-6.5410,-91.4504,36.5038,-106.9313,40.72,On Belt
260900,-6.1387,-1.8364,-6.4236,-38.5802,18.7328,-68.9466,40.53,On Belt
260950,-3.4740,-2.5355,-4.0869,-24.2137,21.3282,-45.4962,40.39,On Belt
261000,-4.7621,-4.7692,-4.9728,5.6336,-3.4198,-47.0534,40.34,On Belt
261050,-4.5657,-1.4006,-7.0054,31.8779,-22.2901,-19.2061,40.53,On Belt
261100,-5.3846,-1.3743,-8.5521,63.9237,-21.2519,43.1603,40.67,On Belt
261150,-5.1906,-1.8507,-7.3741,48.9008,-26.3969,51.0534,40.72,On Belt
261200,-4.4245,-1.5921,-7.9009,7.6947,-75.5878,38.1832,40.34,On Belt
261250,-4.3622,-3.3758,-9.0668,-18.0916,-92.3206,18.0611,40.53,On Belt
261300,-3.5027,-3.8738,-8.2121,-20.6412,-79.2519,0.3511,40.72,On Belt
261350,-7.0222,-5.8682,-9.3015,7.0382,-65.2672,-31.2824,40.39,On Belt
261400,-7.4915,2.2505,-12.3948,7.6947,-44.8092,-45.5115,40.67,On Belt
261450,-9.0405,1.3264,-5.8107,-86.5954,-20.0458,5.0840,40.67,On Belt
261500,-3.8259,-2.8683,-3.9959,-68.6870,-24.7786,-14.3511,40.39,On Belt
261550,-3.1196,-2.4373,-3.5674,-102.3817,-3.4656,-39.9542,40.53,On Belt
261600,-5.8347,-6.2968,-7.2137,-121.1756,27.8473,-103.8015,40.44,On Belt
261650,-6.6056,-6.6056,-7.2042,-112.7939,38.4122,-149.4504,40.67,On Belt
261700,-7.4962,0.6369,-4.7740,-117.1145,2.6565,-83.8931,40.25,On Belt
261750,-7.2042,-2.8635,-5.6551,-79.6031,-4.7939,-82.9924,40.58,On Belt
261800,-7.0126,-2.4397,-5.3534,-103.1298,-5.1908,-58.0916,40.53,On Belt
261850,-7.9272,-4.2258,-4.9129,-34.8092,-24.7634,-22.0305,40.39,On Belt
261900,-5.6503,-4.9584,-6.0286,27.2519,-40.0611,4.2290,40.72,On Belt
261950,-5.1427,-3.1987,-7.1204,82.4733,-13.9847,33.6794,40.39,On Belt
262000,-5.6336,-3.6727,-7.7548,121.8015,-0.9008,85.1450,40.53,On Belt
262050,-5.2672,-2.6839,-7.6830,148.9771,16.3359,116.6107,40.34,On Belt
262100,-5.3774,-3.2872,-7.4986,169.7252,17.0229,141.9847,40.34,On Belt
262150,-5.3558,-3.4357,-7.2209,175.0992,10.7176,159.3893,40.39,On Belt
262200,-5.1523,1.0080,-8.5210,131.2519,14.6107,157.8473,40.72,On Belt
262250,-6.1866,-0.4094,-7.7261,26.7328,1.4351,113.4962,40.39,On Belt
262300,-8.0062,-5.7940,-10.6255,-40.3969,-13.9084,33.4504,40.53,On Belt
262350,-3.2082,-1.5586,-7.3526,-32.0000,2.5344,-22.1069,40.67,On Belt
262400,-1.6352,-0.4908,-6.9480,-52.9771,115.4504,2.8397,40.44,On Belt
262450,-4.7908,-3.4429,-4.9991,-39.0992,167.0382,-60.1374,40.39,On Belt
262500,-8.6431,-7.9631,-8.4970,-19.4809,151.3130,-84.4122,40.58,On Belt
262550,-8.8585,-7.3550,-8.1642,64.8702,85.2672,-126.3664,40.67,On Belt
262600,-11.4179,2.8826,-6.0334,-102.2748,-52.7328,-169.1603,40.39,On Belt
262650,-5.0949,-1.2761,-7.1658,-67.4351,-20.0153,-101.5267,40.77,On Belt
262700,-4.2234,-2.6576,-5.4300,-46.2443,-15.9084,-75.8321,40.53,On Belt
262750,-6.6726,-0.6823,-5.3415,-23.6489,-12.9924,-66.0763,40.72,On Belt
262800,-5.5522,-1.5826,-6.8594,-1.7099,-36.4122,-27.3435,40.53,On Belt
262850,-4.0965,-2.4900,-7.2161,34.7939,-26.7786,18.9466,40.44,On Belt
262900,-4.5993,-3.8523,-6.7349,78.1527,-28.6260,49.8473,40.67,On Belt
262950,-4.9967,-3.0119,-7.1443,111.2977,-53.8626,64.3053,40.53,On Belt
263000,-5.0829,-1.5945,-9.1554,76.8702,-87.1908,60.5649,40.67,On Belt
263050,-5.4827,-2.0806,-10.8050,15.4504,-108.9924,22.0611,40.67,On Belt
263100,-9.4906,-3.2394,-13.6134,-51.6641,-109.3130,-42.4427,40.58,On Belt
263150,-3.8379,2.2098,-10.3789,-149.5878,-77.8779,-41.7863,40.34,On Belt
263200,-3.6081,-3.4524,-5.5306,-162.1374,-45.7405,-96.5649,40.44,On Belt
263250,-2.6959,-1.7837,-3.6559,-148.1832,-34.0763,-98.4885,40.53,On Belt
263300,-4.6855,-3.1651,-5.5498,-156.6412,-15.4198,-102.8702,40.67,On Belt
263350,-8.0325,-4.6950,-7.3909,-158.9313,-5.7710,-113.9084,40.44,On Belt
263400,-7.0270,-3.9097,-5.8730,-140.9466,-2.6718,-118.4122,40.44,On Belt
263450,-6.6990,-3.3399,-5.4995,-132.5649,-13.3588,-90.7328,40.67,On Belt
263500,-9.9288,-3.1149,-4.3144,-99.3282,-22.8702,-56.1985,40.53,On Belt
263550,-9.1985,-4.5945,-3.6368,-37.5115,-48.0916,-24.1527,40.39,On Belt
263600,-8.5784,-5.0374,-5.2098,14.8855,-82.8702,-17.2366,40.44,On Belt
263650,-6.5817,-4.2593,-6.3422,65.6641,-75.0229,15.7405,40.67,On Belt
263700,-6.7564,-3.1747,-5.5689,91.8321,-41.6794,64.7634,40.53,On Belt
263750,-6.9216,-3.2082,-6.5434,142.3664,15.0534,50.6107,40.39,On Belt
263800,-6.0334,-2.5211,-6.5481,157.5878,25.4656,99.8321,40.53,On Belt
263850,-5.2720,-3.2394,-6.2968,171.8321,29.0534,102.8397,40.25,On Belt
263900,-5.6838,-2.8778,-6.4021,192.7176,11.3740,115.6794,40.67,On Belt
263950,-5.0350,-2.3152,-7.4077,210.1069,6.9008,109.9847,40.58,On Belt
264000,-9.5600,5.7988,-12.9431,124.0611,98.2901,101.5115,40.39,On Belt
264050,-6.5745,2.3846,-8.3510,-30.2443,38.2290,74.0153,40.67,On Belt
264100,-2.5666,2.9616,-5.5522,-94.1832,70.7634,24.4580,40.34,On Belt
264150,-3.5362,-0.3615,-5.1691,-113.8779,138.2137,-30.4733,40.25,On Belt
264200,-7.8027,-1.8794,-7.3550,-92.1679,163.8931,-65.9847,40.53,On Belt
264250,-11.4826,-3.5314,-8.6886,-45.9389,94.4580,-31.3588,40.44,On Belt
264300,-8.8322,1.5634,-5.8490,-24.1527,58.3053,-12.5496,40.53,On Belt
264350,-6.4069,0.3543,-5.4564,-16.3053,69.5420,-19.2214,40.34,On Belt
264400,-5.8586,-0.4022,-4.5825,7.3588,42.0763,-6.7634,40.67,On Belt
264450,-6.2010,-0.1532,-4.6376,17.3130,6.3511,-10.4580,40.58,On Belt
264500,-5.6934,-0.4908,-5.9903,40.6870,-28.7023,11.0840,40.44,On Belt
264550,-5.2960,-0.8763,-6.4955,69.5573,-54.2901,24.1374,40.39,On Belt
264600,-3.8714,-0.0048,-8.6119,92.1527,-57.4656,43.8015,40.44,On Belt
264650,-5.3510,-0.8859,-9.6103,95.2977,-48.6412,46.7939,40.67,On Belt
264700,-5.1763,0.6249,-9.3661,52.5496,-88.0763,27.6031,40.53,On Belt
264750,-7.5298,-0.0790,-11.1235,22.7634,-101.6947,-36.0611,40.44,On Belt
264800,-9.4260,2.3080,-11.5855,-87.6489,-94.3817,-90.1527,40.67,On Belt
264850,-7.7021,1.4796,-8.0373,-190.0763,-86.4427,-80.7023,40.25,On Belt
264900,-3.8092,-0.5794,-4.8626,-194.5954,-52.5954,-82.9618,40.67,On Belt
264950,-2.0399,-2.8323,-4.2306,-195.5267,-13.0687,-95.2672,40.53,On Belt
265000,-4.0893,-4.6687,-5.7245,-179.7557,4.6260,-111.6183,40.53,On Belt
265050,-7.4555,-8.3989,-8.6526,-149.0534,1.8779,-126.1374,40.39,On Belt
265100,-10.7284,-0.1508,-2.9401,-94.4275,19.5114,-86.7481,40.53,On Belt
265150,-13.0436,-4.1204,-1.7933,-77.9237,10.8397,15.2824,40.67,On Belt
265200,-10.5872,-5.9304,-1.9106,-6.5496,-75.8626,19.6031,40.53,On Belt
265250,-5.7317,-4.3479,-4.3215,48.3053,-87.0687,0.8397,40.44,On Belt
265300,-4.3981,-3.7685,-6.3638,86.3511,-28.6107,11.7252,40.53,On Belt
265350,-5.3510,-3.9025,-6.9528,142.6565,36.2443,46.6565,40.53,On Belt
265400,-7.2113,-3.7852,-6.8139,188.3969,61.0687,81.5725,40.39,On Belt
265450,-7.3263,-3.4477,-6.7325,226.2443,50.7481,105.7405,40.53,On Belt
265500,-7.5657,-2.0255,-7.5346,240.3206,39.1450,134.6260,40.44,On Belt
265550,-6.5841,-2.6935,-8.1475,248.9771,25.7252,161.6947,40.72,On Belt
265600,-4.4005,-2.6121,-8.1475,244.3206,35.6794,158.7786,40.53,On Belt
265650,-5.4468,-0.8045,-8.7532,205.5420,80.1527,154.3664,40.25,On Belt
265700,-8.5449,4.6783,-6.6343,142.5802,99.9237,142.5802,40.25,On Belt
265750,-7.0366,0.0790,-4.8578,60.9924,66.8855,101.0687,40.53,On Belt
265800,-6.8498,1.1899,-6.0334,7.3588,75.2519,73.9847,40.25,On Belt
265850,-9.0142,0.6416,-6.4260,-18.1832,66.6565,65.2519,40.58,On Belt
265900,-8.0709,1.7454,-5.7197,-33.0534,41.4504,72.6565,40.67,On Belt
265950,-5.2481,0.0718,-6.8953,-19.4198,54.2595,84.5343,40.39,On Belt
266000,-6.3207,-0.4788,-4.3072,21.8779,74.2595,76.3359,40.53,On Belt
266050,-8.0493,0.1221,-4.8937,37.4198,55.6947,64.1679,40.53,On Belt
266100,-9.5409,0.3879,-7.3622,84.6870,0.9618,102.0458,40.25,On Belt
266150,-5.3582,0.5650,-8.0206,108.4733,-20.4733,145.9542,40.39,On Belt
266200,-4.1252,1.1732,-5.7604,102.6870,1.1908,126.7176,40.44,On Belt
266250,-4.3551,-0.1508,-6.7612,87.8168,-17.1908,109.1603,40.58,On Belt
266300,-5.4516,1.7071,-8.9088,74.2901,-36.9313,106.9466,40.39,On Belt
266350,-5.1691,0.6728,-8.9807,51.2366,-36.3664,110.8092,40.44,On Belt
266400,-4.6208,-0.3519,-8.4180,55.2366,-36.8855,101.5573,40.53,On Belt
266450,-4.1228,1.2019,-8.0732,47.4962,-25.5267,86.0916,40.72,On Belt
266500,-4.5083,0.7398,-7.1036,30.6870,-34.1374,70.0763,40.67,On Belt
266550,-4.1707,-0.0120,-6.2082,31.1298,-32.9008,44.6412,40.53,On Belt
266600,-5.3534,0.1245,-6.3398,38.2137,-47.9084,20.6870,40.25,On Belt
266650,-3.2705,-0.6608,-7.8745,57.4504,-43.0534,11.0687,40.34,On Belt
266700,-4.1276,0.6129,-9.2320,91.5573,-14.9313,15.7557,40.39,On Belt
266750,-5.3870,2.3320,-9.1171,72.1527,-37.6489,16.6718,40.53,On Belt
266800,-4.4412,2.1189,-8.9184,25.0229,-52.4427,-30.0458,40.39,On Belt
266850,-6.4117,-0.2825,-10.6566,-23.9542,-66.2748,-86.4885,40.53,On Belt
266900,-7.4316,3.1867,-7.4340,-113.2977,-79.6641,-127.8321,40.53,On Belt
266950,-8.9639,1.9656,-7.5274,-160.1527,-63.8168,-104.2443,40.58,On Belt
267000,-6.0861,-2.3798,-5.7940,-145.3282,-42.1374,-87.4198,40.53,On Belt
267050,-4.3024,-3.8954,-4.8890,-138.0000,-26.1679,-95.4046,40.67,On Belt
267100,-4.3431,-4.3551,-5.4396,-149.7405,0.4885,-116.4427,40.39,On Belt
267150,-6.0358,-5.5091,-6.8019,-149.2519,16.2137,-134.9313,40.58,On Belt
267200,-10.6518,-1.7837,-5.9161,-128.8092,3.9237,-37.2519,40.44,On Belt
267250,-9.5385,-3.0215,-4.2090,-88.6870,30.7023,-17.6489,40.53,On Belt
267300,-8.1092,-4.3886,-3.2465,-34.6718,0.1069,3.5420,40.58,On Belt
267350,-7.5274,-4.1492,-3.9863,30.3206,-15.7252,1.6641,40.72,On Belt
267400,-6.2656,-3.2729,-5.3079,81.0534,3.8015,41.2977,40.39,On Belt
267450,-6.5386,-4.0965,-5.8395,134.0153,23.6183,62.7634,40.67,On Belt
267500,-6.3159,-3.0765,-6.8163,184.1985,30.0458,92.0000,40.67,On Belt
267550,-6.2513,-2.1548,-7.1323,213.7099,39.3282,116.0153,40.77,On Belt
267600,-6.5170,-2.5594,-7.7596,223.1450,37.0534,140.5496,40.44,On Belt
267650,-5.8706,-3.2896,-9.0429,252.3664,27.6947,162.7328,40.58,On Belt
267700,-5.7628,-2.5881,-8.6239,265.7863,23.2519,191.4809,40.44,On Belt
267750,-6.7828,4.0486,-9.6199,140.2290,40.4733,128.6260,40.25,On Belt
267800,-5.4396,1.8244,-9.4284,-16.2901,-30.7939,112.0611,40.39,On Belt
267850,-4.8387,-3.2106,-9.2153,-94.3969,5.7099,3.8321,40.72,On Belt
267900,-6.2776,-6.3255,-7.2616,-87.9389,17.4962,-44.2748,40.67,On Belt
267950,-5.2385,-4.4580,-5.8610,-60.7481,46.4885,-101.9237,40.53,On Belt
268000,-11.6909,5.4971,-8.7676,-133.9542,25.8168,10.7939,40.25,On Belt
268050,-6.9504,-1.7837,-6.1603,-158.8855,56.3511,15.1298,40.44,On Belt
268100,-4.8291,-4.4436,-5.2218,-117.2519,76.1679,-29.4504,40.39,On Belt
268150,-6.1651,-3.4668,-5.3606,-91.9542,79.9389,-55.2061,40.58,On Belt
268200,-9.4762,1.8052,-6.1316,-70.2901,50.9160,-10.5802,40.44,On Belt
268250,-8.7724,2.4110,-5.5019,-67.2519,48.1069,-16.0153,40.67,On Belt
268300,-5.6767,-0.8475,-5.3702,-38.5038,53.6183,-0.0611,40.44,On Belt
268350,-5.7724,-0.0144,-5.2385,10.7786,37.5420,15.8321,40.58,On Belt
268400,-5.3295,0.9792,-6.0358,53.7710,33.0382,40.6107,40.58,On Belt
268450,-4.6831,1.0630,-6.0166,91.1145,27.5114,70.0763,40.53,On Belt
268500,-3.6823,0.8404,-7.0246,128.8092,20.1679,93.5115,40.44,On Belt
268550,-3.2154,2.0135,-8.8155,153.9695,22.3053,103.0687,40.58,On Belt
268600,-4.9273,3.6751,-8.3821,73.3893,-20.0763,67.0992,40.34,On Belt
268650,-5.3534,1.0463,-8.7053,-10.0763,-91.9389,12.7328,40.58,On Belt
268700,-5.0925,-2.4876,-8.8969,-34.5344,-136.2901,-57.8626,40.67,On Belt
268750,-2.8036,1.8340,-13.5727,35.6183,-113.8321,-79.4809,40.44,On Belt
268800,-9.6654,0.7494,-13.8936,-13.6947,-11.3282,-4.7328,40.34,On Belt
268850,-5.2457,0.0383,-5.5019,-19.7405,6.7786,-0.1527,40.44,On Belt
268900,-4.3407,-1.4174,-4.1037,-44.0763,-3.6031,-39.5115,40.44,On Belt
268950,-4.4772,-2.1715,-4.1994,-41.8931,-3.4198,-71.0382,40.34,On Belt
269000,-6.2824,-2.8778,-5.9304,-49.3893,3.8779,-94.6412,40.58,On Belt
269050,-9.1459,-0.7278,-6.6367,-58.0153,-7.8626,-84.5038,40.72,On Belt
269100,-7.2496,-1.8387,-6.1746,-53.4046,-26.5802,-77.3740,40.53,On Belt
269150,-6.3303,-2.9113,-5.9735,-52.4275,-19.2824,-81.9695,40.53,On Belt
269200,-6.0573,-2.1691,-5.5354,-46.6565,-15.6641,-67.6947,40.53,On Belt
269250,-6.5194,-1.9178,-5.6312,-32.3359,-5.9542,-50.3359,40.72,On Belt
269300,-7.2161,-2.5307,-6.1459,-0.7939,-10.8702,-21.6794,40.58,On Belt
269350,-6.9863,-2.4229,-6.2584,31.8931,-10.1069,-0.7176,40.15,On Belt
269400,-7.0677,-1.8890,-6.3494,60.3664,-14.0763,26.5496,40.39,On Belt
269450,-6.3470,-1.6065,-6.5649,76.7634,-11.6641,54.9618,40.44,On Belt
269500,-5.9975,-2.8659,-7.4005,98.3817,6.4275,74.8550,40.34,On Belt
269550,-6.7205,-1.8962,-6.9887,112.2443,0.6107,97.2061,40.53,On Belt
269600,-6.3327,-2.3320,-8.7700,113.4962,19.4198,94.5191,40.34,On Belt
269650,-8.6670,-0.8116,-11.5257,71.2519,49.4046,106.3817,40.25,On Belt
269700,-8.0948,7.8769,-9.2225,-42.0916,57.7557,121.8626,40.67,On Belt
269750,-4.7716,-1.5012,-6.9767,-96.3511,65.6794,93.1298,40.44,On Belt
269800,-2.7031,-2.7485,-3.6775,-101.4504,103.7710,25.1298,40.25,On Belt
269850,-5.0518,-6.3710,-6.1435,-73.5878,133.2672,-53.3893,40.25,On Belt
269900,-11.3198,8.4611,-8.4180,53.6183,84.8244,-4.0305,40.44,On Belt
269950,-6.6750,4.4772,-7.4986,-56.9313,17.6183,15.4504,40.44,On Belt
270000,-4.3335,-1.6305,-4.9967,-44.5344,16.2748,10.9160,40.58,On Belt
270050,-4.7573,-1.0104,-4.2090,-0.5954,16.9924,-15.2366,40.44,On Belt
270100,-5.9017,1.0582,-5.5402,21.3282,-2.4427,-10.9466,40.44,On Belt
270150,-3.7876,0.0359,-7.0509,70.3817,-10.0305,34.3969,40.34,On Belt
270200,-4.7716,1.4341,-7.3071,127.2214,-2.1832,79.3282,40.39,On Belt
270250,-4.2689,4.1300,-9.9575,149.5878,4.8092,108.0458,40.58,On Belt
270300,-3.8379,3.1532,-10.5010,83.1908,-3.9389,96.9008,40.39,On Belt
270350,-4.9871,-0.2322,-8.2073,17.0992,-37.3893,33.2672,40.34,On Belt
270400,-9.4140,-5.4851,-11.6286,24.1679,-114.5649,-22.9008,40.58,On Belt
270450,-1.4413,7.5298,-14.7914,-79.8473,-24.3969,-25.8626,40.67,On Belt
270500,-6.2130,-2.5786,-6.1124,-63.8473,-31.5420,-54.6718,40.34,On Belt
270550,-2.4660,-1.5826,-3.2058,-65.5115,-29.2672,-56.5496,40.39,On Belt
270600,-3.3160,-3.4237,-4.0055,-65.1450,-0.7176,-86.0916,40.67,On Belt
270650,-6.6272,-7.1371,-7.4101,-61.8626,20.0458,-139.6488,40.67,On Belt
270700,-10.7284,2.3200,-7.5274,-70.4427,-7.3740,-65.8626,40.53,On Belt
270750,-7.8817,-1.3743,-5.5857,-40.0000,-18.3359,-41.1603,40.67,On Belt
270800,-5.7509,-3.0119,-5.2026,-7.9695,-23.0076,-18.3359,40.58,On Belt
270850,-4.3742,-2.9305,-5.0805,16.5344,-12.9313,-11.3740,40.53,On Belt
270900,-5.8610,-2.5115,-6.9312,50.8702,13.6947,2.9771,40.25,On Belt
270950,-7.4268,-2.0327,-7.0629,81.3282,11.1756,47.7099,40.39,On Belt
271000,-7.1539,-1.9585,-6.7157,99.6031,1.3435,68.4885,40.25,On Belt
271050,-5.8466,-2.6935,-6.7205,114.7328,-4.9466,74.6107,40.53,On Belt
271100,-5.1763,-2.3703,-6.7828,124.0763,-5.3893,83.9389,40.67,On Belt
271150,-5.0853,-1.1516,-8.6479,125.1603,12.8092,92.1985,40.01,On Belt
271200,-6.3686,0.0742,-8.5305,74.7481,19.4809,62.7176,40.58,On Belt
271250,-6.5386,-1.1732,-7.9464,-19.4809,-35.4962,27.6947,40.44,On Belt
271300,-5.6527,-3.4261,-7.5753,-57.4656,-70.5954,-17.5420,40.25,On Belt
271350,-4.9344,-3.7110,-6.6679,-55.1145,-72.4427,-58.3359,40.34,On Belt
271400,-5.0182,-0.3424,-8.1738,-65.3893,-23.4962,-37.8626,40.44,On Belt
271450,-8.2624,-2.1404,-9.8090,-81.5725,27.5267,-26.2901,40.53,On Belt
271500,-9.3063,2.3128,-7.6830,-91.9847,28.0611,28.3664,40.72,On Belt
271550,-6.8905,0.6249,-7.3167,-154.1985,28.9008,51.4198,40.34,On Belt
271600,-4.1946,-3.1508,-5.3271,-123.0076,71.5573,25.0229,40.34,On Belt
271650,-3.8331,-3.9576,-4.6807,-118.5802,99.4046,-16.0916,40.39,On Belt
271700,-7.8673,-9.5840,-8.5808,-60.9313,91.2061,-83.3588,40.72,On Belt
271750,-9.7851,7.5226,-8.5736,-76.8702,118.9771,8.4427,40.39,On Belt
271800,-6.1986,0.1676,-6.0142,-28.6412,113.4657,-22.0305,40.39,On Belt
271850,-5.7628,-2.5905,-4.4269,-10.8244,71.9084,-5.2214,40.39,On Belt
271900,-5.8993,1.1947,-4.8890,12.5344,33.2061,-38.3359,40.25,On Belt
271950,-5.5761,1.0175,-6.7516,-2.5496,-6.5954,-23.0534,40.67,On Belt
272000,-4.4484,0.3017,-6.4859,12.9771,-14.1985,-19.5878,40.25,On Belt
272050,-3.9409,0.1293,-6.7852,41.4504,-35.8473,-19.5573,40.39,On Belt
272100,-3.0358,2.3367,-9.2488,36.1221,-38.7023,-29.0992,40.15,On Belt
272150,-3.9193,1.6041,-10.2807,14.9313,-36.1985,-40.2901,40.39,On Belt
272200,-3.6272,1.0271,-9.6726,-15.4504,-34.5954,-50.1221,40.58,On Belt
272250,-11.7531,4.9584,-10.0963,-36.8855,-64.0916,-65.4809,40.53,On Belt
272300,-4.5610,-4.0845,-9.4451,-94.1832,-35.1145,-71.6641,40.25,On Belt
272350,-4.7908,-0.2251,-2.8898,-68.8855,-33.9695,-98.4275,40.25,On Belt
272400,-5.5019,-1.6400,-4.7285,-78.4122,-28.7023,-121.4046,40.44,On Belt
272450,-5.4684,-0.4429,-7.5106,-68.1374,-10.2748,-108.8397,40.58,On Belt
272500,-7.0749,-2.6073,-6.5984,-47.4351,16.9160,-63.3435,40.44,On Belt
272550,-7.1419,-2.6145,-6.1483,-16.9466,7.2672,-49.5573,40.39,On Belt
272600,-7.7069,-0.9098,-5.7461,2.0153,4.7634,-25.5725,40.39,On Belt
272650,-7.3574,-1.1612,-5.2864,15.1603,2.0916,5.5420,40.67,On Belt
272700,-6.7445,-2.9784,-5.6671,44.0153,-3.0992,23.2366,40.67,On Belt
272750,-5.0422,-2.2314,-6.9240,94.6870,-3.5725,54.3206,40.53,On Belt
272800,-7.2018,-2.0542,-7.1778,120.4275,4.4733,84.5649,40.67,On Belt
272850,-6.2728,-2.5498,-7.1419,136.1832,-5.2672,106.8397,40.15,On Belt
272900,-4.9368,-2.5115,-6.6391,147.3282,-4.4733,110.3053,40.72,On Belt
272950,-4.7501,-2.2889,-7.2520,144.7023,7.3740,112.1832,40.72,On Belt
273000,-5.6910,-0.8452,-7.9895,125.6947,9.9542,112.2595,40.58,On Belt
273050,-5.8275,-0.5171,-7.8985,68.0305,-4.4733,87.1603,40.44,On Belt
273100,-5.9448,-1.6951,-8.2121,-5.1908,-20.6107,35.6641,40.58,On Belt
273150,-4.3120,2.9042,-12.5432,-10.4275,20.1374,26.6412,40.25,On Belt
273200,-9.3518,3.2705,-8.4228,-103.5573,76.9160,72.5191,40.53,On Belt
273250,-6.5362,-2.5235,-5.1212,-76.5191,78.7023,42.0153,40.58,On Belt
273300,-5.4205,-2.8228,-4.4293,-63.5420,89.6947,-5.5267,40.53,On Belt
273350,-7.7740,-1.2665,-6.0454,-60.0153,94.7176,-33.7557,40.44,On Belt
273400,-10.0748,2.8323,-7.7045,-63.1145,44.5344,9.2519,40.44,On Belt
273450,-5.3271,-0.1437,-6.6631,-43.8321,37.4351,36.2595,40.44,On Belt
273500,-5.6958,-1.6424,-4.7764,1.0687,46.6260,33.9695,40.58,On Belt
273550,-4.4436,0.4094,-5.2792,48.1221,23.1145,55.5115,40.44,On Belt
273600,-4.1779,0.9481,-7.0820,97.7863,28.5954,90.6107,40.25,On Belt
273650,-4.3838,1.2761,-6.8426,120.6107,3.8473,116.9160,40.34,On Belt
273700,-3.9983,2.2793,-7.0964,74.5191,-23.6641,84.6260,40.25,On Belt
273750,-5.5665,-0.8595,-7.3909,15.7710,-85.1756,23.4809,40.77,On Belt
273800,-5.0350,-2.3296,-7.8243,20.2290,-167.1908,-26.2595,40.44,On Belt
273850,-1.8483,2.7198,-11.3150,40.3053,-175.5267,-49.3740,40.44,On Belt
273900,-3.3351,1.5012,-15.5025,35.6336,-28.6107,-27.3893,40.39,On Belt
273950,-8.9040,-2.4373,-11.4610,-16.0000,-38.3817,-67.6336,40.39,On Belt
274000,-6.3446,2.8443,-6.6966,-130.5343,-29.3740,-104.5038,40.39,On Belt
274050,-6.6966,-0.3472,-5.9783,-163.8321,-12.5496,-119.4962,40.53,On Belt
274100,-4.1013,-3.0694,-4.7764,-174.4733,10.3969,-127.5420,40.58,On Belt
274150,-3.9624,-4.2114,-4.9105,-156.1069,8.9924,-125.7405,40.39,On Belt
274200,-6.4428,-7.2903,-7.7764,-126.9618,-6.7481,-130.2595,40.58,On Belt
274250,-6.5027,-7.4723,-8.0397,-82.8397,-7.4198,-159.2519,40.25,On Belt
274300,-10.6781,-1.1947,-4.6543,-114.4733,-25.8015,-13.0534,40.39,On Belt
274350,-8.1834,-2.2170,-4.1013,-49.4198,36.0000,-16.2595,40.53,On Belt
274400,-5.5929,-3.9983,-3.5530,11.5115,20.0611,11.1756,40.44,On Belt
274450,-5.8873,-2.9281,-4.9201,63.9389,22.0000,12.5802,40.53,On Belt
274500,-7.4124,-2.8970,-7.0150,121.8779,22.1985,64.6870,40.53,On Belt
274550,-6.5793,-2.6217,-7.4244,164.4580,8.9771,107.5573,40.44,On Belt
274600,-5.6240,-2.3631,-8.2097,186.4122,12.7328,140.1985,40.44,On Belt
274650,-5.1667,-2.0877,-7.9368,195.4657,28.9618,169.0382,40.44,On Belt
274700,-5.0949,-2.7031,-7.7381,196.0763,32.6107,191.0840,40.44,On Belt
274750,-4.9177,-1.5012,-7.7500,198.2595,31.4198,201.0076,40.67,On Belt
274800,-6.7109,1.4245,-8.2528,85.6489,39.8015,121.7710,40.39,On Belt
274850,-9.1315,-4.7956,-10.9607,-16.7634,-28.7939,67.3740,40.44,On Belt
274900,-4.4843,-3.4716,-7.4723,-49.9847,-13.9695,-15.8779,40.20,On Belt
274950,-6.9552,5.4827,-7.0916,-131.5725,75.1603,26.9771,40.44,On Belt
275000,-6.1028,-1.1708,-6.4787,-128.0763,94.2443,31.9695,40.44,On Belt
275050,-5.3774,-4.4484,-6.0885,-103.7557,104.2595,9.6336,40.44,On Belt
275100,-8.0876,-2.1093,-7.3358,-47.9542,102.3206,-11.1450,40.25,On Belt
275150,-10.5991,3.4237,-6.5027,-46.6565,37.6336,35.6947,40.53,On Belt
275200,-6.0885,0.6776,-5.0254,-40.9771,-1.5573,48.9160,40.39,On Belt
275250,-4.3958,-0.3591,-3.3327,-0.6412,13.5267,36.9771,40.34,On Belt
275300,-5.0494,0.0311,-4.5346,45.3893,4.9160,28.3969,40.67,On Belt
275350,-5.4803,0.5986,-6.5529,85.6794,-11.7863,57.2366,40.34,On Belt
275400,-4.5394,0.3903,-6.2201,122.9313,-18.9771,84.0000,40.53,On Belt
275450,-3.8116,0.0982,-7.2688,163.2977,-27.2366,107.0992,40.58,On Belt
275500,-2.9425,2.3128,-10.5584,188.3359,-7.7710,129.8321,40.39,On Belt
275550,-4.8746,2.6073,-10.4267,126.3053,-10.7328,110.7939,40.58,On Belt
275600,-4.1108,1.8866,-9.5600,54.4122,-68.4427,71.1908,40.39,On Belt
275650,-7.0940,-0.5746,-11.5927,14.2595,-134.7328,-12.3817,40.34,On Belt
275700,-5.4875,-1.5874,-10.6877,-72.5191,-105.9542,-115.3893,40.67,On Belt
275750,-3.7613,6.0214,-6.9647,-108.6260,-56.4427,-104.7939,40.39,On Belt
275800,-6.6702,-1.6903,-7.5705,-132.0153,-16.5954,-93.2061,40.44,On Belt
275850,-3.8547,-3.3447,-5.3989,-120.1069,16.0153,-93.0076,40.39,On Belt
275900,-3.7421,-4.3551,-5.3893,-107.9084,31.7252,-93.6489,40.39,On Belt
275950,-5.8634,-6.9001,-7.1108,-77.8779,27.0687,-107.8626,40.25,On Belt
276000,-6.6966,-3.4285,-6.7516,-37.8015,28.4886,-113.5725,40.53,On Belt
276050,-10.3118,-1.4653,-8.6215,-43.9542,31.7405,-20.1069,40.44,On Belt
276100,-7.4148,-2.5211,-5.8969,-31.6489,19.7099,22.8092,40.44,On Belt
276150,-4.2473,-3.4836,-4.3144,3.9389,27.9237,20.2748,40.44,On Belt
276200,-4.7597,-4.6687,-5.2313,34.2748,27.5573,13.9847,40.34,On Belt
276250,-6.3470,-0.9768,-7.9464,95.6794,15.5878,58.0763,40.25,On Belt
276300,-7.7644,-0.6704,-8.1475,110.1679,21.2977,111.9695,40.72,On Belt
276350,-5.2098,-3.2130,-7.8650,121.1450,12.5649,140.7939,40.15,On Belt
276400,-4.6040,-3.2058,-7.4172,135.5725,15.6489,157.0382,40.53,On Belt
276450,-4.9105,-3.5386,-7.6519,146.5802,11.5573,174.0000,40.53,On Belt
276500,-4.8171,-3.1867,-7.7189,155.2061,7.8931,188.9160,40.06,On Belt
276550,-5.0829,-1.2929,-7.8314,133.6183,13.5573,170.7481,40.25,On Belt
276600,-6.9360,-1.9489,-8.7987,27.8779,-8.3359,120.6107,40.34,On Belt
276650,-6.0286,-4.7573,-8.4372,-11.9695,-22.3206,59.0229,40.34,On Belt
276700,-3.1388,-2.4876,-4.7740,-8.5191,-8.9771,14.7176,40.25,On Belt
276750,-5.2002,0.1724,-5.2026,-5.9237,24.2748,-11.5267,40.44,On Belt
276800,-8.6957,-0.1532,-7.6758,-69.7252,-4.8244,6.0458,40.34,On Belt
276850,-7.2736,-1.8579,-5.9759,-70.7176,-10.0458,-1.4962,40.53,On Belt
276900,-6.9264,-1.0942,-5.5115,-64.3511,-6.5344,-8.9008,40.34,On Belt
276950,-7.2472,-0.0287,-5.8323,-57.2519,-0.9160,-1.9237,40.58,On Belt
277000,-7.3741,-0.2969,-5.9017,-42.6412,2.3359,22.0611,40.34,On Belt
277050,-7.4843,-0.3543,-5.6024,-24.9618,5.2519,39.6947,40.25,On Belt
277100,-7.6710,0.2969,-5.4253,-1.1756,0.7939,58.8397,40.44,On Belt
277150,-7.9942,0.7781,-5.1595,12.3053,-8.3206,80.1527,40.34,On Belt
277200,-7.2927,0.6991,-5.4109,29.5725,-9.3282,92.5649,40.44,On Belt
277250,-5.8251,0.1580,-5.8514,54.1527,2.8244,113.3588,40.25,On Belt
277300,-5.8754,0.6680,-6.1890,85.8168,19.7252,123.4046,40.72,On Belt
277350,-6.6343,0.3112,-6.7086,113.1298,19.9695,127.0534,40.58,On Belt
277400,-6.3351,0.4549,-7.1347,137.8168,-8.4122,145.8779,40.34,On Belt
277450,-5.2648,1.5251,-6.6750,143.2214,-21.3435,151.1756,40.67,On Belt
277500,-4.7884,2.1811,-7.2592,128.1374,-23.6031,155.0992,40.44,On Belt
277550,-5.2122,1.0463,-7.4579,114.3664,-28.2595,151.7863,40.39,On Belt
277600,-4.2210,0.6177,-8.1020,92.7481,-31.8779,125.1450,40.15,On Belt
277650,-4.2497,1.0702,-8.6095,68.0916,-38.3359,91.5267,40.25,On Belt
277700,-3.9313,0.5459,-9.1267,36.0153,-43.0229,38.8550,40.72,On Belt
277750,-2.6025,1.1013,-8.6766,17.5878,-33.6489,2.2901,40.39,On Belt
277800,-4.6831,2.2865,-6.7133,1.2061,-15.4351,-25.0382,40.67,On Belt
277850,-4.9584,1.4437,-6.2872,4.3053,-23.9847,-36.3664,40.44,On Belt
277900,-3.9361,1.0415,-7.4747,24.7328,-3.9237,-32.9924,40.34,On Belt
277950,-4.2880,0.8930,-9.1961,54.8244,27.0382,-16.7481,40.72,On Belt
278000,-7.3334,1.9369,-9.8354,68.2748,38.9466,-0.7786,40.25,On Belt
278050,-8.4084,1.7310,-7.3694,28.1527,4.7023,-14.5038,40.58,On Belt
278100,-6.7995,-2.2960,-5.6096,-5.7557,-11.5573,-63.6641,40.39,On Belt
278150,-6.7181,3.1963,-6.6248,-25.8779,-33.0382,-71.5878,40.58,On Belt
278200,-4.3383,-4.0582,-8.7029,-37.7557,1.5420,-43.4962,40.44,On Belt
278250,-4.6328,-4.7142,-6.1699,-15.3282,4.2595,-44.9924,40.39,On Belt
278300,-4.6208,-4.5753,-5.8227,-9.1298,5.0534,-46.2290,40.44,On Belt
278350,-4.9775,-0.9960,-7.8362,30.3053,10.6412,-24.9160,40.44,On Belt
278400,-8.0828,-1.4341,-7.4843,2.8092,10.2443,23.8473,40.34,On Belt
278450,-5.3750,-4.4867,-6.2608,32.3511,-9.9237,38.7939,40.44,On Belt
278500,-4.3072,-3.9624,-6.4093,57.2214,4.1832,36.9008,40.39,On Belt
278550,-5.3295,-2.2769,-7.6591,82.8244,21.2214,59.9695,40.58,On Belt
278600,-6.5553,-2.1715,-7.2185,84.9160,21.1298,82.3053,40.34,On Belt
278650,-5.6383,-3.4548,-6.7995,90.5496,14.6260,91.0534,40.39,On Belt
278700,-4.9464,-3.2753,-7.0605,100.1985,15.8779,93.1908,40.39,On Belt
278750,-4.9752,-2.3535,-7.7476,102.9313,25.3740,95.3130,40.34,On Belt
278800,-5.6695,-1.6592,-7.4819,69.2519,22.9160,70.6565,40.25,On Belt
278850,-5.7748,-2.2793,-7.0581,15.0992,-13.3130,39.1603,40.67,On Belt
278900,-5.0925,-3.6057,-7.0581,-6.4733,-34.1069,7.7557,40.25,On Belt
278950,-5.1140,-4.2377,-6.8187,3.6794,-42.1069,-16.6565,40.34,On Belt
279000,-3.7230,0.7254,-9.7420,7.1603,-5.6336,16.9160,40.34,On Belt
279050,-5.9927,-1.5778,-7.6375,-2.6412,2.3053,45.8473,40.44,On Belt
279100,-5.8562,-3.5410,-7.6543,-17.1908,4.8550,32.5344,40.44,On Belt
279150,-7.0940,-2.4373,-8.5138,-31.5573,20.1374,2.1221,40.53,On Belt
279200,-9.0764,0.7542,-7.8338,-71.2366,-13.1908,-1.5115,40.34,On Belt
279250,-4.9297,-0.0479,-7.6710,-99.8015,-14.1221,11.6489,40.53,On Belt
279300,-3.5291,0.2035,-7.1491,-119.9084,30.4122,16.5496,40.58,On Belt
279350,-4.6495,-2.5953,-7.7237,-128.0611,81.9084,-3.4656,40.44,On Belt
279400,-5.5665,-3.8403,-7.2808,-114.3359,110.7328,-35.6183,40.34,On Belt
279450,-7.9631,-1.9321,-8.2887,-78.9771,112.0000,-54.2595,40.53,On Belt
279500,-7.5034,1.7023,-8.0709,-75.9237,84.5802,-28.6107,40.44,On Belt
279550,-5.4684,-0.1221,-6.3255,-50.4275,76.7481,-6.5954,40.53,On Belt
279600,-5.7676,-0.8715,-3.6703,-22.0763,46.7328,-14.1221,40.58,On Belt
279650,-5.5234,0.2610,-3.6033,-2.1679,9.0382,-35.9542,40.44,On Belt
279700,-4.6567,1.0151,-5.1499,26.6107,-29.7099,-23.9389,40.25,On Belt
279750,-4.2665,0.5004,-6.8761,86.4580,-46.0763,2.9924,40.34,On Belt
279800,-2.2410,3.4165,-12.9766,134.7634,-22.1985,85.3893,40.67,On Belt
279850,-2.9616,6.6343,-12.3565,127.5573,49.3282,111.7099,40.34,On Belt
279900,-10.5201,-1.8579,-7.8817,18.0916,-42.3206,8.9924,40.39,On Belt
279950,-7.2137,-3.7876,-8.4228,-29.9542,-120.3817,-30.2137,40.44,On Belt
280000,-2.5953,0.4621,-7.1587,-27.0534,-109.2824,-83.5420,40.25,On Belt
280050,-6.0454,-0.5411,-6.5817,-57.8931,-87.9389,-91.0076,40.34,On Belt
280100,-3.3998,-0.9146,-7.1754,-45.2977,-66.0916,-85.5878,40.53,On Belt
280150,-5.9855,-2.0063,-6.3015,-44.2748,-17.0534,-65.7252,40.58,On Belt
280200,-6.7181,-2.1859,-6.8283,-22.4580,-21.4046,-48.9466,40.44,On Belt
280250,-6.6463,-2.3822,-6.3638,-8.4427,1.3282,-48.2137,40.58,On Belt
280300,-7.0940,-1.7597,-5.8945,-5.2519,-8.7786,-29.6336,40.58,On Belt
280350,-6.4356,-1.6137,-5.3486,0.6412,-8.1374,-24.2443,40.67,On Belt
280400,-6.3590,-2.3511,-5.4875,10.3511,-7.0992,-21.4656,40.58,On Belt
280450,-6.5745,-2.6600,-6.0310,22.8702,-16.4733,-11.8779,40.53,On Belt
280500,-6.5194,-3.6990,-6.5841,39.4046,-19.1298,-17.8779,40.34,On Belt
280550,-6.7253,-1.3455,-6.2393,35.6794,-23.2977,-3.1908,40.39,On Belt
280600,-7.6782,-0.5028,-7.7644,29.9084,-12.6260,25.2824,40.34,On Belt
280650,-7.1874,-2.4373,-7.0509,20.9160,-25.9389,50.0763,40.53,On Belt
280700,-4.7884,-2.8276,-7.4220,26.7176,-9.5420,51.0229,40.44,On Belt
280750,-6.3303,-2.4086,-7.3071,30.8855,3.4198,53.5420,40.53,On Belt
280800,-6.8738,0.3160,-8.8226,10.3969,-11.6641,49.7557,40.15,On Belt
280850,-6.5841,-0.8787,-9.4308,-64.8092,24.3511,23.8168,40.39,On Belt
280900,-7.2520,4.0749,-8.6646,-131.4657,47.7252,16.8855,40.58,On Belt
280950,-4.3814,-3.2394,-7.3694,-159.4198,82.1527,-24.6718,40.39,On Belt
281000,-3.9935,-4.7309,-5.7174,-158.3359,107.1298,-73.5267,40.44,On Belt
281050,-6.2656,-5.4684,-7.7021,-126.9466,113.2977,-121.2977,40.53,On Belt
281100,-10.7260,-0.3328,-8.4372,-139.5573,70.2595,-71.1145,40.67,On Belt
281150,-8.3749,1.2665,-5.4229,-123.9695,56.0153,-59.1756,40.44,On Belt
281200,-5.8490,-1.2977,-5.1164,-96.4733,53.8779,-58.9466,40.34,On Belt
281250,-5.4133,-0.9074,-4.4724,-63.5573,38.6565,-47.2672,40.39,On Belt
281300,-6.4165,0.5243,-4.1539,-20.8244,20.9313,-38.4580,40.39,On Belt
281350,-6.3686,1.4557,-4.6615,21.1450,-11.2519,-13.3740,40.53,On Belt
281400,-3.0574,0.1700,-6.7493,91.4962,5.9389,30.9771,40.20,On Belt
281450,-3.4117,2.6624,-8.6239,153.5725,38.8855,79.2824,40.34,On Belt
281500,-5.1523,5.3151,-10.0461,169.3435,46.2443,140.5038,40.25,On Belt
281550,-7.8410,0.6201,-9.6295,83.0992,35.0534,60.7023,40.53,On Belt
281600,-9.0812,-1.8723,-10.2520,43.1450,-91.3588,50.1527,40.34,On Belt
281650,-5.3343,-2.5235,-10.8218,-41.9389,-106.9771,4.2901,40.53,On Belt
281700,-2.6217,-0.5411,-7.2592,9.7710,-75.0229,-16.1527,40.58,On Belt
281750,-4.3239,-1.9441,-5.3415,3.6794,-53.7405,-29.2519,40.44,On Belt
281800,-3.5338,-1.9106,-6.2704,20.7328,-29.8779,-38.4733,40.25,On Belt
281850,-6.8785,-1.8220,-6.7684,-1.7252,-0.2901,-32.3053,40.44,On Belt
281900,-6.8666,-1.9513,-6.7708,3.0992,-21.6641,-16.8855,40.25,On Belt
281950,-6.1100,-2.1644,-6.2704,10.3206,3.0687,-17.6336,40.34,On Belt
282000,-6.4021,-1.7478,-6.3087,0.6412,19.6947,-7.3740,40.20,On Belt
282050,-6.6846,-1.8244,-6.5697,-3.4504,42.7634,2.4733,40.67,On Belt
282100,-6.2584,-2.6647,-6.4452,15.4198,48.8397,26.8550,40.53,On Belt
282150,-6.3734,-3.3279,-6.7516,60.0611,27.6336,66.1527,40.25,On Belt
282200,-5.9807,-2.9688,-6.3470,126.2901,-12.5344,103.6336,40.44,On Belt
282250,-4.5825,-2.9975,-6.7133,148.1374,-14.6412,122.7023,40.25,On Belt
282300,-5.3678,-3.6751,-7.4579,156.4275,-9.2824,135.9847,40.25,On Belt
282350,-6.1962,-2.1715,-8.2337,135.6641,-25.3893,116.8702,40.39,On Belt
282400,-6.7732,-1.1492,-8.5066,36.6565,-63.3893,74.5343,40.25,On Belt
282450,-5.9328,-2.8371,-8.3055,-18.0458,-100.6718,33.2061,40.58,On Belt
282500,-4.9416,-1.6568,-8.4683,-33.5420,-77.5267,-18.4122,40.39,On Belt
282550,-4.2832,0.0287,-12.6103,-50.3511,22.6260,35.6336,40.53,On Belt
282600,-6.7756,0.3926,-7.0150,-81.7405,116.6107,53.9847,40.44,On Belt
282650,-4.5873,-1.5060,-4.8483,-88.4733,152.7328,2.3206,40.34,On Belt
282700,-4.2401,-4.0294,-4.9416,-95.4657,172.9313,-52.8397,40.44,On Belt
282750,-9.4882,-5.7604,-8.5832,-57.0534,144.4733,-85.4198,40.67,On Belt
282800,-12.2655,2.3607,-7.6782,-66.7481,60.0305,-30.1527,40.39,On Belt
282850,-4.6017,-1.0056,-7.5657,-76.0916,77.5115,-57.1298,40.34,On Belt
282900,-4.9464,-2.3415,-5.5282,-31.4504,62.8855,-34.7176,40.39,On Belt
282950,-5.6838,-0.8715,-5.2433,10.3053,25.3435,-26.4122,40.39,On Belt
283000,-4.9728,-0.0742,-6.0813,37.0840,-0.5191,6.9008,40.53,On Belt
283050,-4.1994,-0.2801,-6.6391,76.7328,-13.7710,41.8626,40.15,On Belt
283100,-3.7589,0.8212,-8.7412,110.3053,-24.0153,81.9847,40.53,On Belt
283150,-5.4157,0.1389,-7.9942,92.9618,-47.9237,77.5878,40.39,On Belt
283200,-6.0238,-1.3503,-7.3526,35.7099,-122.3664,42.2290,40.44,On Belt
283250,-6.9839,-5.2936,-11.0636,45.5420,-159.9695,-39.1603,40.39,On Belt
283300,-6.2345,1.9321,-17.7913,-1.5878,-76.9924,0.4580,40.39,On Belt
283350,-4.8722,0.4693,-7.4651,-69.4046,-2.2901,5.6641,40.53,On Belt
283400,-2.9281,-1.8459,-4.3862,-66.7786,-13.8168,-31.0992,40.25,On Belt
283450,-3.3782,-2.6193,-4.3479,-90.5343,-1.4656,-69.9542,40.25,On Belt
283500,-5.3582,-5.0230,-6.5888,-107.4657,19.5267,-121.2061,40.53,On Belt
283550,-7.8769,-1.2594,-5.8395,-79.4046,11.3435,-137.8015,40.39,On Belt
283600,-8.0254,-2.4038,-7.3885,-91.0992,-24.9008,-99.8779,40.67,On Belt
283650,-6.5769,-1.9321,-5.7916,-115.4809,-15.5725,-89.4504,40.39,On Belt
283700,-7.1323,-2.5857,-5.2768,-78.0153,-25.6641,-60.7328,40.06,On Belt
283750,-6.7756,-3.0813,-5.1427,-33.8015,-29.8931,-32.1527,40.44,On Belt
283800,-6.3997,-3.8020,-5.5498,12.0763,-22.8092,-15.7863,40.25,On Belt
283850,-6.5841,-2.9568,-5.8179,61.6031,-22.1374,15.0076,40.25,On Belt
283900,-6.8283,-2.2697,-6.0765,91.8779,-18.2748,37.8168,40.44,On Belt
283950,-6.0190,-2.3750,-7.9080,107.8931,-4.5802,68.0458,40.34,On Belt
284000,-5.9951,-3.3375,-7.3430,118.3053,8.7939,96.9313,40.20,On Belt
284050,-6.5841,-2.3032,-7.0102,134.7328,-0.3969,94.6260,40.34,On Belt
284100,-5.7557,-1.1205,-7.8817,100.0305,-12.5191,93.9389,40.34,On Belt
284150,-5.7892,-0.2705,-8.4946,41.5878,10.2290,41.5725,40.25,On Belt
284200,-7.2736,-2.0446,-10.5584,-30.2748,-7.8779,21.4198,40.53,On Belt
284250,-5.2553,5.2026,-8.9878,-86.3053,70.3664,29.9389,40.06,On Belt
284300,-4.6543,-1.2761,-6.8809,-115.6947,92.9771,20.2748,40.58,On Belt
284350,-3.9720,-3.1388,-4.8004,-124.2137,124.9466,-25.6183,40.39,On Belt
284400,-6.5050,-5.2505,-6.8594,-93.1145,140.2137,-82.2443,40.25,On Belt
284450,-11.6382,-0.4142,-10.1347,-56.9771,95.2672,-35.9084,40.34,On Belt
284500,-7.0413,1.8866,-6.8139,-55.8626,65.6489,-0.4580,40.44,On Belt
284550,-5.2840,-1.3240,-5.6144,-5.9389,93.8931,-9.8015,40.58,On Belt
284600,-4.6328,-1.4485,-3.4022,30.7481,54.3359,10.8092,40.34,On Belt
284650,-5.8299,0.9002,-6.3039,51.4351,17.9542,19.9542,40.25,On Belt
284700,-4.6328,0.2107,-6.7564,57.9237,-10.6565,53.8321,40.39,On Belt
284750,-4.1899,-1.6281,-6.9408,97.4198,-35.1298,76.9771,40.25,On Belt
284800,-3.8954,0.9960,-7.9200,107.6641,-50.9771,75.7099,40.34,On Belt
284850,-5.7245,-0.1245,-8.9687,55.6947,-85.8321,53.8015,40.25,On Belt
284900,-6.0908,-2.4684,-8.8849,32.2901,-144.7939,18.6107,40.67,On Belt
284950,-4.0103,-0.2083,-10.9942,31.6183,-173.9389,11.9695,40.58,On Belt
285000,-7.4531,-0.4597,-13.5344,38.7176,-125.6336,-2.4122,40.44,On Belt
285050,-8.1570,3.2777,-8.4180,-73.5878,-102.0458,-50.7939,40.53,On Belt
285100,-4.7812,0.9625,-7.2233,-178.0305,-62.2443,-80.3511,40.06,On Belt
285150,-3.4524,-2.1428,-5.0111,-164.8092,-15.0382,-83.1145,40.39,On Belt
285200,-3.0382,-2.9305,-4.3072,-157.7405,9.8321,-92.1679,40.58,On Belt
285250,-4.5586,-5.2074,-6.1339,-165.5878,28.1832,-105.2214,40.58,On Belt
285300,-7.0940,-7.7740,-8.2696,-136.3206,34.4885,-135.6488,40.67,On Belt
285350,-10.2855,0.8356,-4.3670,-112.6718,25.9695,-88.7634,40.53,On Belt
285400,-9.6630,-3.9433,-4.6902,-74.0000,30.2137,1.4656,40.58,On Belt
285450,-6.3973,-4.1515,-1.1995,-33.8321,0.8702,7.2977,40.25,On Belt
285500,-4.7285,-4.9512,-4.3311,14.2290,-6.3969,3.7405,40.25,On Belt
285550,-5.7604,-4.8626,-6.1746,76.3053,13.1603,-2.3969,40.44,On Belt
285600,-7.0988,-2.7414,-7.4172,144.9924,28.0305,97.4504,40.25,On Belt
285650,-6.0669,-3.5913,-7.1874,211.6336,34.2137,131.1145,40.67,On Belt
285700,-6.1938,-2.5546,-8.3558,235.3435,19.6489,159.2672,40.44,On Belt
285750,-4.5657,-3.0718,-9.1602,240.5343,37.2519,192.0153,40.34,On Belt
285800,-4.6831,-1.4485,-7.9679,242.7481,39.8168,204.2901,40.39,On Belt
285850,-6.6894,1.5419,-7.8913,122.1832,23.7710,151.3740,40.25,On Belt
285900,-6.1842,-0.2873,-8.2145,-6.0305,-56.8397,119.7710,40.44,On Belt
285950,-6.0621,-4.1013,-10.2232,-71.8015,-32.7176,6.1069,40.25,On Belt
286000,-6.4739,-6.5888,-9.5481,-81.7099,-6.4733,-60.0611,40.53,On Belt
286050,-2.7485,23.3842,-5.6407,-2.3053,30.4733,16.3511,40.39,On Belt
286100,-5.5713,-0.1891,-8.1163,-143.1603,90.1985,61.6947,40.34,On Belt
286150,-4.5681,-3.2202,-5.0709,-147.4657,114.6870,-17.5878,40.39,On Belt
286200,-7.0366,-7.1970,-7.6591,-130.9618,135.5420,-73.7252,40.34,On Belt
286250,-11.5401,0.4405,-7.4005,-78.4733,90.5038,-25.4198,40.39,On Belt
286300,-9.8976,2.4876,-5.7820,-42.7023,76.5191,1.3588,40.44,On Belt
286350,-6.7493,-0.3017,-4.6064,-40.1832,71.4657,1.9542,40.25,On Belt
286400,-5.3319,-1.1301,-3.3423,14.1069,26.5038,19.9847,40.39,On Belt
286450,-6.2465,-0.2825,-4.0606,51.7252,-6.3664,23.3435,40.53,On Belt
286500,-5.1380,-0.2993,-6.7636,94.1221,-40.1985,61.0534,40.39,On Belt
286550,-3.6607,-0.8811,-8.4013,157.9237,-29.4656,103.8168,40.53,On Belt
286600,-3.1651,0.0000,-10.0461,197.8168,-4.3359,165.4198,40.25,On Belt
286650,-4.3311,3.2010,-10.4627,180.2137,17.4351,165.3435,40.39,On Belt
286700,-7.2832,0.2011,-8.5593,55.2824,-64.5802,122.3969,40.44,On Belt
286750,-7.5274,-2.7390,-10.6781,10.8550,-164.7328,66.7328,40.39,On Belt
286800,-5.3175,-4.3000,-9.9072,-38.8550,-129.3588,-42.2901,40.58,On Belt
286850,-1.1851,2.8084,-9.3374,-0.5496,-103.6641,-32.4122,40.67,On Belt
286900,-5.0446,-0.6393,-6.1579,-38.4275,-13.1603,-11.4046,40.34,On Belt
286950,-5.1906,-3.2058,-5.5426,-68.0153,20.1374,-34.7481,40.25,On Belt
287000,-6.1483,-2.5977,-5.7533,-59.0687,45.4809,-62.0916,40.67,On Belt
287050,-8.7795,-2.0183,-6.5338,-71.7252,44.0763,-37.7405,40.34,On Belt
287100,-7.9009,-2.5594,-5.6264,-53.0534,40.4122,-26.3206,40.53,On Belt
287150,-7.2520,-3.3495,-5.7030,-26.1985,24.3664,-10.5344,40.53,On Belt
287200,-7.2401,-2.3104,-5.4779,0.9771,7.5420,15.6947,40.34,On Belt
287250,-7.0270,-2.3128,-5.4971,32.4275,7.2214,39.7863,40.34,On Belt
287300,-6.9408,-2.4373,-6.2776,61.0534,9.3588,69.9084,40.25,On Belt
287350,-5.3870,-2.9425,-7.2880,97.7252,12.4122,107.2824,40.25,On Belt
287400,-4.6184,-3.2370,-7.7141,131.8168,32.0458,131.7557,40.44,On Belt
287450,-5.0398,-2.1428,-7.7812,156.7481,43.9695,157.5420,40.34,On Belt
287500,-6.2752,-2.0303,-7.5561,166.4886,37.1908,176.4275,40.25,On Belt
287550,-5.8706,-1.5610,-7.9679,159.3282,29.8321,162.7023,40.39,On Belt
287600,-6.1148,0.9313,-7.6543,56.7939,21.3282,90.2443,40.53,On Belt
287650,-5.4636,-1.6065,-7.4388,-30.9160,-14.3817,28.2595,40.44,On Belt
287700,-4.1611,-1.8459,-7.1227,-36.8092,-19.0229,-12.7786,40.06,On Belt
287750,-4.6424,-0.7781,-9.8450,-28.1679,83.2061,39.1756,40.15,On Belt
287800,-7.6591,-2.7007,-6.4907,15.2061,86.0153,60.3664,40.34,On Belt
287850,-6.9480,-0.2227,-6.5673,58.2901,37.0382,101.5725,40.34,On Belt
287900,-5.6431,0.8236,-7.0342,68.1069,37.1145,116.3969,40.06,On Belt
287950,-5.3223,0.1676,-6.3973,35.0534,2.4885,100.0763,40.25,On Belt
288000,-4.8195,-0.4956,-6.6391,0.7481,-37.7557,69.2519,40.25,On Belt
288050,-3.9959,0.1413,-8.0373,-16.5038,-33.3893,51.5267,40.44,On Belt
288100,-5.8035,-0.5076,-6.6655,-6.7481,-16.6718,62.2290,40.34,On Belt
288150,-5.0949,-1.9920,-6.8402,33.8779,-15.9695,64.2443,40.53,On Belt
288200,-6.9097,-1.7023,-8.6742,78.7328,-5.6641,81.6183,39.92,On Belt
288250,-7.9296,1.9273,-8.4420,86.8092,-15.4046,113.6641,40.34,On Belt
288300,-4.1635,0.5219,-7.2712,44.5038,-12.4275,98.6565,40.34,On Belt
288350,-3.2872,-0.7302,-6.3398,42.4275,-1.2824,80.9313,40.53,On Belt
288400,-4.1132,-1.2139,-5.9089,51.7252,-11.5267,62.5038,40.25,On Belt
288450,-4.7836,-1.3551,-7.0868,67.4351,-27.0687,48.0916,40.25,On Belt
288500,-5.1116,-0.6393,-8.4970,70.3359,-31.7710,34.1527,40.34,On Belt
288550,-4.8123,-0.7566,-8.6742,64.9618,-41.6947,31.5573,40.44,On Belt
288600,-4.5370,-0.4310,-8.0134,63.5115,-51.6947,8.1679,40.25,On Belt
288650,-4.3790,0.3543,-9.9335,50.5649,-47.3740,-14.5344,40.34,On Belt
288700,-6.0932,0.5171,-9.7276,8.1221,-47.4198,-36.9618,40.34,On Belt
288750,-7.1467,-1.2426,-8.4755,-46.6412,-65.7863,-69.5725,40.39,On Belt
288800,-6.9599,3.2705,-6.2393,-84.0305,-52.4427,-84.8550,40.39,On Belt
288850,-7.0366,-1.8364,-6.5266,-120.9618,-39.4962,-65.2214,40.53,On Belt
288900,-4.7405,-3.6631,-5.0781,-119.1298,-11.6489,-80.3206,40.25,On Belt
288950,-4.7836,-4.5131,-5.4899,-116.7328,8.7481,-101.1756,40.15,On Belt
289000,-6.2153,-3.5698,-6.2082,-125.3740,29.6489,-107.1145,40.53,On Belt
289050,-8.4324,-3.2920,-6.4691,-115.5725,33.8473,-56.9313,40.34,On Belt
289100,-8.6957,-3.6009,-5.1212,-65.2214,27.9084,-17.6336,40.34,On Belt
289150,-7.5322,-5.0685,-5.2289,-20.9313,17.7252,10.0153,40.25,On Belt
289200,-7.0940,-4.1827,-3.9552,26.0305,18.0763,23.1908,40.44,On Belt
289250,-7.3957,-4.3144,-5.7820,86.5191,9.5267,52.5496,40.34,On Belt
289300,-5.6527,-4.0127,-6.9312,138.1069,14.0000,97.4351,40.25,On Belt
289350,-4.5921,-3.6224,-7.4795,182.6107,37.6336,119.7710,40.25,On Belt
289400,-5.4396,-3.3447,-7.8099,209.6641,46.7328,142.5343,40.20,On Belt
289450,-6.0956,-3.8068,-8.1642,228.4275,30.4886,168.1221,40.44,On Belt
289500,-4.9895,-2.2218,-8.0110,241.7405,24.2443,176.3359,40.25,On Belt
289550,-6.6415,0.6776,-8.8514,142.8092,27.9847,124.1069,40.39,On Belt
289600,-6.4117,0.2203,-8.1044,-4.6107,-54.5496,73.5573,40.15,On Belt
289650,-5.8658,-4.1994,-8.7508,-72.4733,-70.8397,3.0687,40.44,On Belt
289700,-4.6471,-4.0199,-6.3638,-79.6031,-67.3282,-42.9160,40.39,On Belt
289750,-4.4221,-3.7876,-5.3367,-78.9313,-62.1374,-62.4122,40.06,On Belt
289800,-3.4357,-0.6201,-7.3430,-50.9771,-33.0687,-60.1221,40.25,On Belt
289850,-8.7436,-2.6408,-8.0732,-76.0458,45.4198,-16.3664,40.53,On Belt
289900,-10.0868,-1.8627,-7.2784,-80.5343,49.9847,2.2595,40.15,On Belt
289950,-8.2097,0.3208,-5.2888,-84.2595,60.8550,14.6718,40.39,On Belt
290000,-6.9599,0.4980,-4.7238,-112.1679,74.5496,19.4504,40.58,On Belt
290050,-6.7947,-1.5227,-5.7892,-117.9084,79.5573,25.4504,40.34,On Belt
290100,-6.9168,-3.7206,-7.3406,-89.5115,94.5191,9.7710,40.25,On Belt
290150,-7.6926,-2.1141,-7.2018,-55.2977,106.3969,8.1221,40.25,On Belt
290200,-8.6239,0.6704,-6.1603,-19.3435,85.9542,43.6794,40.44,On Belt
290250,-6.4332,0.2227,-5.5426,14.5038,69.5573,61.2977,40.39,On Belt
290300,-5.4636,-0.2682,-4.6543,49.2977,66.2137,68.9160,40.39,On Belt
290350,-4.6495,-0.0311,-5.3439,87.4962,36.6718,88.7176,40.53,On Belt
290400,-3.8211,-0.3855,-6.2991,120.7176,13.8473,114.8702,40.53,On Belt
290450,-4.4005,-2.3990,-6.9073,147.9695,-14.1374,121.4046,40.44,On Belt
290500,-4.5322,1.7597,-7.8961,136.5496,-51.4046,103.6794,40.53,On Belt
290550,-7.2089,-1.5897,-10.3573,64.5496,-148.7634,80.1527,40.25,On Belt
290600,-6.4691,-3.3040,-11.4156,20.9313,-216.8397,26.0763,40.25,On Belt
290650,-5.6264,-1.2234,-13.7930,30.0305,-189.5725,-28.6412,40.39,On Belt
290700,-3.2394,2.7031,-12.3325,-23.6031,-71.9084,-5.3130,40.53,On Belt
290750,-6.2441,1.0032,-5.2816,-85.0534,16.7481,-2.9160,40.15,On Belt
290800,-5.1356,-2.4684,-4.3335,-84.8092,13.4809,-52.8550,40.53,On Belt
290850,-4.7309,-2.2075,-4.4173,-116.1985,22.4886,-68.5649,40.25,On Belt
290900,-5.4731,-3.9025,-5.7604,-133.2214,56.3053,-116.3359,40.39,On Belt
290950,-7.3837,-4.0701,-6.2920,-128.3817,52.7328,-128.1985,40.53,On Belt
291000,-7.4268,-3.3615,-6.4165,-118.0458,26.2595,-111.7405,40.53,On Belt
291050,-7.2688,-2.8611,-6.0837,-123.9847,26.0763,-104.2901,40.67,On Belt
291100,-7.4915,-3.0215,-4.9991,-101.3435,7.2366,-83.8168,40.58,On Belt
291150,-6.5745,-3.0550,-4.2928,-45.6183,-10.3053,-62.7634,40.20,On Belt
291200,-6.3351,-3.3447,-5.3319,6.5954,-18.9924,-39.3588,40.20,On Belt
291250,-6.5745,-2.8060,-6.3829,59.3282,-9.5725,15.5725,40.01,On Belt
291300,-6.4835,-2.7940,-6.3758,115.8015,-12.6718,53.7863,40.25,On Belt
291350,-6.0908,-2.1548,-8.1044,143.1908,-8.4122,83.7405,40.15,On Belt
291400,-5.5952,-3.5769,-8.5042,146.5802,9.8931,130.2901,40.25,On Belt
291450,-5.5881,-3.0095,-7.9511,180.5802,1.1908,149.6488,40.34,On Belt
291500,-5.8131,-1.1923,-8.3797,134.9924,4.6412,136.0153,40.67,On Belt
291550,-6.5721,-0.3591,-8.7867,23.2519,-12.0763,70.0305,40.34,On Belt
291600,-6.2106,-3.2848,-10.0509,-59.1603,-32.3359,9.0382,40.06,On Belt
291650,-0.9242,4.8914,-11.8321,-120.2748,87.2672,40.7176,40.20,On Belt
291700,-5.2385,-3.1651,-6.5362,-92.7023,129.6031,-8.4427,40.34,On Belt
291750,-5.6048,-5.2529,-6.0501,-111.2824,138.5649,-55.2977,40.53,On Belt
291800,-7.9128,-4.9656,-7.1874,-69.0382,128.0458,-97.1145,40.39,On Belt
291850,-12.3277,1.6496,-7.3047,-113.6641,39.2214,-62.6718,40.25,On Belt
291900,-4.9943,0.0000,-6.6008,-106.9466,23.2672,-47.2824,40.39,On Belt
291950,-5.0757,-1.8651,-4.8459,-63.8779,39.6489,-35.5878,40.25,On Belt
292000,-6.1411,-0.4238,-5.3774,-21.9389,29.0229,-24.3664,40.34,On Belt
292050,-5.5330,-0.0551,-5.4660,12.5802,8.4733,9.7557,40.67,On Belt
292100,-4.3910,-0.5674,-5.7461,72.4122,0.1985,50.0458,40.06,On Belt
292150,-3.7804,0.3352,-7.1778,128.3359,-6.2748,100.3969,40.44,On Belt
292200,-2.7605,0.6728,-9.7276,171.7710,22.1527,143.3435,40.20,On Belt
292250,-4.8698,1.3647,-9.8162,167.1298,20.1527,158.0000,40.25,On Belt
292300,-6.1818,1.3384,-8.1307,62.6107,-61.7405,113.1908,40.44,On Belt
292350,-6.4452,-3.7972,-10.6470,8.7939,-152.2137,50.2137,40.39,On Belt
292400,-7.4388,-5.6240,-12.3780,20.7176,-184.9924,-7.3130,40.34,On Belt
292450,-4.5203,-1.1851,-8.9447,-42.8702,-138.2290,-99.6947,40.53,On Belt
292500,-6.8474,2.2290,-4.9225,-78.8244,-40.6870,-65.0687,40.44,On Belt
292550,-4.3096,-0.9433,-5.6479,-98.7023,-6.5496,-58.1069,40.39,On Belt
292600,-4.3431,-3.9983,-5.1260,-126.8702,11.7557,-73.2061,40.34,On Belt
292650,-5.3822,-5.8299,-6.3638,-123.4657,34.1985,-126.2443,40.15,On Belt
292700,-5.9089,-5.0733,-6.1339,-111.6641,31.9084,-148.5802,40.34,On Belt
292750,-7.7357,-0.7207,-5.4875,-128.3664,13.9847,-97.4504,40.15,On Belt
292800,-8.8729,-2.1380,-6.0334,-101.0229,25.8931,-84.6412,40.34,On Belt
292850,-7.0820,-3.9025,-5.3870,-82.3206,7.2672,-54.6870,40.34,On Belt
292900,-6.7732,-4.1300,-4.9464,-11.8015,-15.8931,-28.9924,40.58,On Belt
292950,-6.8761,-3.2777,-5.6240,47.6794,-23.8321,10.2595,40.67,On Belt
293000,-6.1004,-2.9832,-5.9472,96.1832,-11.7252,45.2824,40.25,On Belt
293050,-5.9855,-2.7031,-7.0868,131.6641,-4.5496,79.2061,40.34,On Belt
293100,-5.7006,-3.6631,-7.7716,155.5725,5.7405,103.0687,40.34,On Belt
293150,-5.7940,-2.8347,-7.7764,172.7634,6.1832,131.5267,40.25,On Belt
293200,-5.6623,-1.7286,-8.9136,188.2137,5.9084,163.9389,40.25,On Belt
293250,-5.4971,0.0311,-9.6941,166.8244,34.3969,147.9542,40.25,On Belt
293300,-7.5154,0.4717,-11.1378,7.0687,22.2443,111.7099,40.34,On Belt
293350,-2.8946,1.1612,-11.5760,-94.1221,84.1679,81.8473,40.34,On Belt
293400,-4.0917,-2.9449,-6.4212,-92.4427,137.6794,-14.1069,40.25,On Belt
293450,-5.0805,-5.3391,-5.9568,-117.0229,138.2290,-58.6412,40.20,On Belt
293500,-6.9839,-6.9456,-7.3023,-62.0763,115.8779,-115.2214,40.67,On Belt
293550,-11.7603,3.3567,-7.4986,-130.3817,58.6870,-82.1221,40.53,On Belt
293600,-4.1899,-1.7310,-6.3207,-75.2214,65.3130,-83.9389,40.53,On Belt
293650,-4.5993,-3.6679,-4.7381,-37.8015,38.5344,-70.6260,40.39,On Belt
293700,-5.7509,-0.0359,-5.7796,-7.6183,16.6260,-77.4351,40.53,On Belt
293750,-6.1363,0.6608,-8.0158,-7.9847,-8.1374,-31.8779,40.25,On Belt
293800,-4.8291,-0.9792,-7.2616,22.8550,-13.6336,4.2901,40.34,On Belt
293850,-4.2521,0.6225,-7.2832,47.0992,-17.6641,14.5802,40.25,On Belt
293900,-4.8914,0.6177,-7.7261,21.2672,-28.8702,-15.9237,40.53,On Belt
293950,-5.5881,-0.5052,-8.5305,3.8626,-62.8092,-43.8015,40.25,On Belt
294000,-4.8243,0.7302,-9.9407,-15.5725,-81.5115,-52.1985,40.53,On Belt
294050,-4.5777,-1.3168,-9.0237,-29.3435,-76.2137,-32.3053,40.39,On Belt
294100,-9.2296,2.2577,-7.1132,-13.7557,-61.8931,-66.7634,40.72,On Belt
294150,-4.5250,-2.9904,-9.6391,-86.5649,-54.6260,-48.7481,40.25,On Belt
294200,-4.2569,-1.6592,-3.8140,-70.4275,-22.6870,-64.4122,40.44,On Belt
294250,-4.6448,-1.2809,-3.9145,-59.8779,-7.5573,-99.0534,40.34,On Belt
294300,-7.0749,-2.4134,-7.2329,-71.5420,7.4504,-100.8855,40.25,On Belt
294350,-9.2584,-2.0614,-6.7684,-53.6641,-5.5878,-46.6565,40.25,On Belt
294400,-7.1706,-2.1284,-5.5617,-16.8397,-10.1679,-17.5114,40.25,On Belt
294450,-7.1802,-1.8507,-5.3941,5.4351,4.6412,11.0382,40.39,On Belt
294500,-7.0413,-3.2130,-5.4492,48.1832,1.4198,47.7252,40.39,On Belt
294550,-6.3829,-3.5147,-5.7748,91.0992,-7.3740,66.0305,40.44,On Belt
294600,-5.2720,-3.0406,-7.1347,139.0840,-3.0229,94.9008,40.34,On Belt
294650,-5.2672,-3.2729,-7.7620,172.2901,3.8168,125.6947,40.39,On Belt
294700,-4.7956,-2.4588,-8.6048,197.6031,13.0534,165.3282,40.39,On Belt
294750,-4.7477,-1.3527,-9.1889,212.0000,29.4351,216.0000,40.34,On Belt
294800,-3.5195,1.5299,-7.6040,194.6565,43.0229,224.8244,40.44,On Belt
294850,-6.5434,-0.0527,-8.5784,42.7481,103.2672,99.3130,40.25,On Belt
294900,-8.2097,-4.5466,-9.0285,9.9847,10.9618,49.3740,40.34,On Belt
294950,-1.1971,3.3279,-10.6710,-6.3664,69.6489,27.7405,40.34,On Belt
295000,-5.6312,-0.7566,-6.0454,-19.6947,114.7176,-46.4122,40.58,On Belt
295050,-7.4675,-2.3918,-5.7126,-47.7252,59.6489,-87.1145,40.53,On Belt
295100,-6.6343,1.3743,-8.4108,-61.5267,37.0534,-73.7863,40.20,On Belt
295150,-5.9209,-1.1660,-6.4165,-48.0916,43.0992,-45.5573,40.39,On Belt
295200,-5.1427,-1.7214,-5.9328,-8.2443,36.6260,-38.4275,40.25,On Belt
295250,-6.3446,0.4046,-6.4715,14.8244,20.3664,-16.0458,40.39,On Belt
295300,-5.6264,-0.5052,-6.6990,37.5267,-7.3130,17.2366,40.53,On Belt
295350,-4.5777,0.4525,-7.2832,36.6107,-18.2290,20.8855,40.15,On Belt
295400,-4.9392,0.1628,-8.0014,4.6718,-26.7786,-0.3664,40.53,On Belt
295450,-4.8794,-1.7095,-7.8147,-13.6336,-66.3817,-16.7481,40.34,On Belt
295500,-4.5586,-2.2697,-8.3390,-2.0305,-96.1985,-24.8244,40.15,On Belt
295550,-4.3598,-0.4381,-10.3621,10.4275,-81.4504,-23.9084,40.20,On Belt
295600,-6.7205,-1.2785,-9.9096,-8.6412,-60.8244,-47.0229,40.44,On Belt
295650,-7.5585,-1.5275,-9.6893,-63.5573,-94.9771,-87.1298,40.53,On Belt
295700,-6.9408,2.5642,-7.5202,-147.0382,-75.9847,-99.6489,40.39,On Belt
295750,-6.9767,-0.8475,-6.1172,-160.1221,-53.3435,-98.3511,40.15,On Belt
295800,-3.9696,-2.6145,-4.4053,-158.0305,-41.9084,-93.1450,40.34,On Belt
295850,-3.5195,-3.5554,-4.8100,-155.9084,-19.9389,-111.9542,40.39,On Belt
295900,-5.7365,-6.7708,-6.9504,-147.0687,-19.6489,-123.8779,40.34,On Belt
295950,-6.1483,-6.7947,-7.9344,-126.0153,-11.3740,-145.7252,40.25,On Belt
296000,-11.1187,1.8986,-3.9576,-135.0992,9.2977,-10.6107,40.25,On Belt
296050,-8.9399,-4.5107,-3.3567,-58.3969,63.1603,-27.8168,40.39,On Belt
296100,-5.9687,-4.0270,-2.9353,-11.2977,27.5725,3.1908,40.34,On Belt
296150,-6.5697,-5.5498,-4.4125,36.1679,15.2366,-0.9313,40.39,On Belt
296200,-7.7237,-4.0223,-5.9328,120.2443,10.8244,27.1298,40.39,On Belt
296250,-6.3973,-4.1827,-7.2808,167.8779,18.1832,110.9924,40.44,On Belt
296300,-5.4061,-3.1364,-7.4029,220.3512,28.8092,142.2595,40.53,On Belt
296350,-5.6790,-2.4493,-8.9471,246.1221,41.6641,187.4962,40.44,On Belt
296400,-4.5849,-3.6440,-8.5210,254.3664,48.4580,222.9924,40.34,On Belt
296450,-4.6902,-2.4014,-7.8482,233.2366,75.7405,205.6794,40.34,On Belt
296500,-7.7859,2.2338,-10.0485,161.5573,74.5954,133.4962,40.39,On Belt
296550,-7.0964,3.0813,-8.7101,-21.8626,43.4351,104.1985,40.15,On Belt
296600,-4.1779,0.4764,-7.2209,-100.1069,71.5573,56.5802,40.44,On Belt
296650,-4.3958,-3.0981,-6.4667,-89.6641,127.8779,10.3664,40.53,On Belt
296700,-7.2281,-2.6528,-6.3542,-51.0687,139.7710,-27.2366,40.44,On Belt
296750,-9.7803,0.5459,-7.4053,-18.1374,93.3130,8.7634,40.58,On Belt
296800,-8.3677,1.0894,-6.6104,-47.7405,84.6107,14.1221,40.39,On Belt
296850,-6.4380,-0.5818,-7.5082,-35.7710,128.0000,14.5802,40.44,On Belt
296900,-6.1866,-0.6153,-6.4476,-0.8855,107.8931,75.3588,40.53,On Belt
296950,-5.1308,-1.7454,-5.6814,71.4046,51.0382,145.2824,40.25,On Belt
297000,-3.7421,-2.8395,-5.6288,137.3282,10.6107,200.8244,40.15,On Belt
297050,-3.3806,-4.1108,-5.2768,175.9084,-25.4046,233.1298,40.44,On Belt
297100,-4.5035,-4.9225,-7.1467,205.5267,-94.9618,290.5191,40.34,On Belt
297150,-4.4604,-5.5545,-11.5424,235.6336,-134.9313,332.1985,40.34,On Belt
297200,-4.8195,-5.4564,-12.4522,147.1145,-87.3740,290.5649,40.39,On Belt
297250,-5.7676,-6.0358,-12.2535,65.6641,-4.5344,291.2214,40.34,On Belt
297300,-5.8754,-5.8203,-9.8952,83.3893,20.5191,295.2366,40.20,On Belt
297350,-6.2656,-3.5937,-8.8609,51.8321,9.3130,335.9084,40.25,On Belt
297400,-4.0989,-2.6193,-9.5888,95.8779,-13.9847,268.6565,40.25,On Belt
297450,0.2083,2.5067,-7.4292,24.1679,63.6947,126.5191,40.67,On Belt
297500,-1.9201,0.5818,-7.1036,-27.2977,44.9008,34.5802,40.39,On Belt
297550,-2.3200,-0.8260,-6.1627,-42.6565,33.3588,-55.4198,40.58,On Belt
297600,-3.0215,0.4046,-5.5210,-53.0534,24.5496,-142.5496,40.25,On Belt
297650,-4.1156,0.1772,-5.8059,-76.2901,-14.3817,-238.0611,40.25,On Belt
297700,-6.3949,-1.8914,-7.0102,-109.2672,-23.0687,-335.2672,40.39,On Belt
297750,-8.1211,-4.3167,-7.3239,-148.6718,-16.7481,-419.3893,40.39,On Belt
297800,-7.4771,-4.5298,-6.9839,-190.2443,-1.0840,-457.4962,40.39,On Belt
297850,-7.6710,-1.6472,-6.1292,-231.0229,-1.4962,-423.6947,40.58,On Belt
297900,-11.6119,-7.8482,-11.0660,-151.9542,-8.9008,-53.8931,40.25,On Belt
297950,-6.5673,-5.5138,-6.9312,-172.0916,-60.1679,4.8244,40.44,On Belt
298000,-6.3470,-4.7812,-3.9361,-98.4122,-34.6412,-0.0153,40.25,On Belt
298050,-7.0988,-4.0151,-4.3622,44.1374,-6.3359,47.0076,40.20,On Belt
298100,-5.3893,-4.6424,-6.1842,132.3817,-8.3053,108.7786,40.72,On Belt
298150,-4.4772,-4.2593,-6.8857,164.9160,-9.8931,110.8092,40.44,On Belt
298200,-5.4420,-4.9009,-8.0756,179.4962,-40.5954,123.1450,40.25,On Belt
298250,0.2107,6.5553,-14.2216,249.9847,-33.1756,245.9389,40.39,On Belt
298300,-3.3710,-1.8268,-9.5217,188.5343,82.8397,248.1985,40.44,On Belt
298350,-5.2218,-5.6431,-8.3007,170.5343,72.9618,202.8244,40.25,On Belt
298400,-3.2417,-0.0144,-8.4851,192.7939,98.0611,169.7557,40.34,On Belt
298450,-5.8634,1.8771,-10.4938,175.9847,125.0382,174.8702,40.01,On Belt
298500,-5.1763,1.1037,-7.2880,89.0840,74.2901,123.4504,40.53,On Belt
298550,-4.3838,-1.6376,-6.8833,22.2748,21.5267,75.4351,40.20,On Belt
298600,-2.9999,-4.3191,-8.3007,10.9618,28.2443,27.3282,40.44,On Belt
298650,-3.7397,-4.3598,-7.1658,28.5802,28.1679,8.9160,40.25,On Belt
298700,-3.3734,-3.1795,-6.7109,33.7252,26.8702,2.2595,40.44,On Belt
298750,-2.9185,2.9736,-11.7699,58.0458,63.0992,22.9466,40.20,On Belt
298800,-7.0150,-0.4429,-9.2584,14.9160,41.4046,81.1603,40.20,On Belt
298850,-4.7669,-4.2737,-7.8913,23.6947,31.1603,84.3053,40.44,On Belt
298900,-3.1795,-3.3878,-7.3670,40.6565,24.2901,62.2137,40.25,On Belt
298950,-2.5642,-1.9776,-7.4939,34.9771,27.3893,39.7405,40.25,On Belt
299000,-3.2633,-1.9585,-7.8961,16.2901,11.5878,40.4427,40.34,On Belt
299050,-3.5937,-1.8890,-8.8250,3.6489,-1.9389,40.5802,40.15,On Belt
299100,-5.4109,-2.4852,-7.9200,-7.9237,-7.0076,33.7557,40.25,On Belt
299150,-5.0973,-2.9975,-6.5434,-11.4504,-40.7786,30.7634,40.39,On Belt
299200,-4.2976,-3.5075,-6.8977,1.6336,-60.7328,31.3435,40.53,On Belt
299250,-3.9265,-3.5889,-7.1467,25.0534,-68.4580,39.8626,40.58,On Belt
299300,-4.3239,-3.2154,-8.6790,47.3130,-63.5267,52.6565,40.39,On Belt
299350,-6.0430,-3.2657,-8.9639,62.6260,-45.2672,41.8473,40.44,On Belt
299400,-4.7262,-1.2378,-8.2097,39.5267,-29.1450,29.0687,40.15,On Belt
299450,-5.7700,-1.8483,-7.2401,4.4733,-12.4427,22.6412,40.67,On Belt
299500,-5.6096,-2.0686,-6.2776,-15.2214,-20.3664,2.3969,40.39,On Belt
299550,-6.4955,-1.1971,-6.1411,-36.5649,-29.0534,-17.1756,40.25,On Belt
299600,-6.8307,-1.3288,-6.0286,-67.4504,-31.5725,-36.1527,40.25,On Belt
299650,-5.7940,-2.8563,-6.1914,-82.0000,-22.7023,-51.2061,40.15,On Belt
299700,-5.9185,-3.5817,-6.2584,-89.6947,0.7786,-70.3511,40.39,On Belt
299750,-6.9743,-2.1021,-6.3255,-83.0229,7.4809,-75.3740,40.44,On Belt
299800,-6.5841,-1.8316,-5.5234,-82.0916,-14.1069,-58.5344,40.39,On Belt
299850,-6.5242,-3.0191,-5.9113,-89.1298,1.8321,-79.5267,40.25,On Belt
299900,-5.9328,-2.2577,-5.6096,-71.4198,-4.6412,-75.9847,40.25,On Belt
299950,-7.1204,-1.8579,-6.1842,-67.7863,10.3053,-66.9618,40.39,On Belt
300000,-7.0725,-2.7677,-5.8083,-51.7405,6.8397,-35.8626,40.44,On Belt
300050,-5.6767,-3.8595,-5.5905,-41.1908,13.9695,-36.0763,40.20,On Belt
300100,-5.9017,-4.5825,-6.1890,-37.6794,19.7557,-31.1145,40.25,On Belt
300150,-6.6439,-4.5849,-6.3710,-5.1450,23.7557,-8.5191,40.25,On Belt
300200,-7.5178,-3.1580,-5.9400,29.6336,26.6565,27.1145,40.15,On Belt
300250,-6.6583,-2.5163,-5.4923,73.2824,14.4122,61.3740,40.34,On Belt
300300,-5.5569,-2.6624,-6.6487,85.3130,0.5344,82.3053,40.34,On Belt
300350,-4.7716,-3.2202,-7.4699,83.6031,29.6031,82.3664,40.25,On Belt
300400,-5.8514,-2.8778,-8.1092,106.7023,28.2137,100.0153,40.25,On Belt
300450,-5.9089,-1.2665,-6.8881,88.9160,28.8550,98.5038,40.20,On Belt
300500,-5.7820,-1.7909,-7.0533,86.1069,16.8397,99.2214,40.53,On Belt
300550,-4.9943,-1.7837,-7.5202,66.3969,15.0534,79.4046,40.58,On Belt
300600,-5.3151,-1.7382,-7.6806,35.9847,15.3435,48.7939,40.53,On Belt
300650,-5.6383,-2.2027,-7.8626,4.6260,8.2595,7.8321,40.20,On Belt
300700,-5.6527,-1.5945,-8.4276,-19.0076,-16.3206,-13.5573,40.20,On Belt
300750,-4.7692,-1.2905,-7.4292,-64.1221,-15.6183,-48.9618,40.44,On Belt
300800,-5.2720,-3.2513,-6.9264,-98.1069,-16.9466,-85.6794,40.34,On Belt
300850,-5.0039,-3.1747,-5.4229,-130.2595,-2.2901,-137.1603,40.25,On Belt
300900,-5.3846,-2.8036,-5.2720,-160.3512,-0.0153,-157.8015,40.39,On Belt
300950,-6.8426,1.1564,-8.6503,-122.0763,-8.5649,-107.1298,40.25,On Belt
301000,-7.9392,-4.5418,-6.3853,-39.4504,1.3893,0.5191,40.39,On Belt
301050,-5.3606,-5.5689,-5.4684,17.0992,-15.3893,25.3282,40.44,On Belt
301100,-3.6033,-2.7892,-7.4077,101.1450,-1.9542,59.5878,40.25,On Belt
301150,-6.3063,-0.0934,-8.1331,132.7786,29.6489,106.9771,40.39,On Belt
301200,-6.8929,-0.7063,-7.8673,107.2672,20.6870,133.2366,39.92,On Belt
301250,-5.8323,-2.7222,-6.4141,66.3359,23.0687,90.1527,40.44,On Belt
301300,-4.8626,-2.1955,-5.1595,13.7099,24.0763,42.7481,40.44,On Belt
301350,-6.8522,-5.6264,-6.7109,-12.7023,0.6565,-7.2061,40.25,On Belt
301400,-4.8602,-4.7621,-5.7533,0.4275,-14.8550,-58.0153,40.44,On Belt
301450,-4.6160,2.2721,-9.7181,-16.3664,30.3664,-18.5191,40.39,On Belt
301500,-5.1858,-2.6025,-7.8961,7.1908,8.2748,18.5191,40.25,On Belt
301550,-4.6974,-3.1580,-6.4763,35.7252,1.6183,33.4962,40.39,On Belt
301600,-5.6671,-1.1732,-9.3757,46.5191,-0.7328,27.6794,40.25,On Belt
301650,-5.8466,-1.0271,-7.2185,-36.5649,1.5725,-11.0076,40.53,On Belt
301700,-4.4556,-2.7174,-5.5115,-90.7481,-6.0305,-51.1298,40.20,On Belt
301750,-5.1882,-5.3223,-5.7772,-107.4657,-2.4275,-95.0687,40.34,On Belt
301800,-6.2082,-7.4627,-6.8163,-66.9160,-17.4809,-131.6488,40.58,On Belt
301850,-5.0613,13.1705,-9.0022,33.2366,-2.5038,-45.8168,40.44,On Belt
301900,-6.7157,-3.5314,-9.9718,-22.7786,5.1450,16.8702,40.39,On Belt
301950,-3.1053,-4.1683,-6.6583,-5.7863,-14.7023,25.1145,40.25,On Belt
302000,-5.2816,-1.5467,-7.4172,57.3740,11.8473,32.5038,40.53,On Belt
302050,-7.3310,0.1891,-7.8673,54.5038,3.0076,59.4046,40.53,On Belt
302100,-5.5522,-2.4541,-7.2401,33.2977,10.6718,54.4580,40.44,On Belt
302150,-4.9464,-3.3662,-6.0118,6.2290,8.3511,28.4275,40.25,On Belt
302200,-5.1547,-4.0821,-5.8610,-19.4351,7.2366,-6.9618,40.44,On Belt
302250,-5.7964,-5.8634,-6.6295,-16.7176,-3.9084,-45.2061,40.58,On Belt
302300,-5.0709,1.9178,-7.1275,15.8321,-10.7481,-23.4962,40.44,On Belt
302350,-5.9089,-1.1277,-8.6670,-20.6412,-7.4198,0.4122,40.25,On Belt
302400,-3.8379,-2.8084,-7.0246,7.6031,2.0000,25.3130,40.25,On Belt
302450,-4.7453,-2.4565,-7.4555,49.6947,15.1145,42.6565,40.25,On Belt
302500,-6.2656,-1.1516,-8.2241,55.6183,14.1527,50.7786,40.15,On Belt
302550,-5.3606,-2.0949,-7.4555,31.2519,5.4504,48.7176,40.25,On Belt
302600,-5.2505,-2.7749,-6.4117,-11.6947,4.9160,9.8931,40.15,On Belt
302650,-5.2625,-3.6200,-6.2010,-52.4122,-2.8244,-30.8702,40.34,On Belt
302700,-5.4803,-5.2218,-6.2872,-65.7252,-15.5573,-64.8702,40.25,On Belt
302750,-5.4875,-5.8706,-6.3398,-45.3588,-13.7252,-96.7481,40.77,On Belt
302800,-6.4979,3.2705,-8.3917,-62.6565,-3.3435,-51.6794,40.25,On Belt
302850,-5.5282,-3.3710,-7.4627,-24.6870,-1.1756,-10.8092,40.15,On Belt
302900,-3.4692,-3.4979,-7.0246,17.7405,7.4656,22.3359,40.44,On Belt
302950,-5.3103,-1.5945,-7.7500,62.4580,19.4351,44.5191,40.67,On Belt
303000,-6.7828,-1.2785,-8.2193,66.4580,9.4504,67.8473,40.34,On Belt
303050,-5.1380,-1.4222,-7.3574,40.1527,7.6489,61.9542,40.44,On Belt
303100,-5.8227,-2.9329,-6.1794,-2.5038,6.5191,24.7939,40.39,On Belt
303150,-5.3582,-3.3686,-5.8299,-44.6260,-8.5038,-18.1374,40.39,On Belt
303200,-5.2313,-5.0661,-5.8538,-51.8626,-16.3817,-55.0992,40.39,On Belt
303250,-5.9113,-6.4572,-6.8929,-28.4122,-21.0992,-90.0763,40.25,On Belt
303300,-7.5393,2.8587,-7.9823,-74.8855,6.0916,-51.8321,40.25,On Belt
303350,-5.0925,-4.1228,-6.8331,-26.2901,-2.7328,-23.4198,40.39,On Belt
303400,-3.9983,-4.0127,-7.1371,-2.8397,6.8092,5.2672,40.58,On Belt
303450,-5.7748,-0.6369,-7.0437,29.6641,28.6565,25.0229,40.44,On Belt
303500,-6.7900,-2.3559,-6.3973,31.6794,1.5878,44.7786,40.25,On Belt
303550,-5.1595,-2.8587,-6.4883,21.7099,-10.1069,40.5802,40.25,On Belt
303600,-5.6695,-4.8818,-6.8546,-1.9542,-2.8550,20.0458,40.44,On Belt
303650,-4.8219,-2.6815,-7.3981,17.5114,10.5954,9.3588,40.34,On Belt
303700,-6.8522,-1.6089,-6.1770,2.8702,2.7023,4.7328,40.25,On Belt
303750,-6.0023,-1.6137,-6.9073,4.2595,-5.0382,7.3435,40.34,On Belt
303800,-5.5689,-2.8252,-7.1611,0.5496,-1.6183,27.9695,40.39,On Belt
303850,-5.1739,-2.5259,-7.5250,9.3740,8.5344,49.8931,40.34,On Belt
303900,-5.1906,-2.4493,-6.7301,20.6718,21.8473,56.3206,40.53,On Belt
303950,-5.9472,-4.1396,-6.7995,27.2214,19.2214,43.3893,40.39,On Belt
304000,-5.8251,-2.0255,-6.7469,25.1603,7.2672,34.4122,40.39,On Belt
304050,-5.2146,-1.8244,-7.6854,17.8779,25.7557,26.0763,40.39,On Belt
304100,-5.0781,-1.2091,-7.3813,18.9618,22.7023,47.5573,40.53,On Belt
304150,-4.7836,-1.0894,-6.7828,15.4504,35.2672,36.4580,40.39,On Belt
304200,-5.6719,-2.0375,-7.5130,11.6336,34.2137,16.7481,40.53,On Belt
304250,-5.8371,-1.4126,-7.7069,-0.0916,18.1221,8.6412,40.53,On Belt
304300,-6.6607,-2.1907,-9.8402,5.5725,27.9389,-5.4962,40.34,On Belt
304350,-8.3055,-1.7430,-12.0500,14.8702,25.6947,18.9160,40.34,On Belt
304400,-5.2648,-1.4844,-8.2768,-9.8015,60.4275,37.3893,40.39,On Belt
304450,1.2953,0.3855,-4.7309,9.1450,87.3588,86.5802,40.34,On Belt
304500,-0.0694,-0.8332,-4.7573,58.2290,150.7634,48.2901,40.25,On Belt
304550,-6.3422,-2.2673,-5.1284,44.7176,61.6183,39.9237,40.53,On Belt
304600,-4.4652,-2.5450,-7.9272,14.8092,-44.8855,7.2214,40.53,On Belt
304650,-2.2936,-3.6057,-9.9838,10.7481,-64.6260,-32.7328,40.53,On Belt
304700,-1.3264,0.0335,-13.0221,27.1908,-35.7252,-20.9466,40.34,On Belt
304750,-4.7980,-0.5483,-9.9551,-25.7863,-20.1832,10.4885,40.39,On Belt
304800,-1.9632,-2.5426,-8.9040,-4.5954,8.9160,24.5802,40.15,On Belt
304850,-2.4062,-1.9010,-7.2377,3.3130,32.2443,31.6947,40.34,On Belt
304900,-3.6655,-0.8595,-7.6495,-18.8550,5.2519,6.9313,40.39,On Belt
304950,-3.4740,-0.9960,-9.2249,-37.9389,-15.0382,-15.0076,40.15,On Belt
305000,-4.3910,-1.8914,-8.4108,-24.1374,-1.9084,-12.2443,40.44,On Belt
305050,-4.2497,-2.2673,-8.2361,0.0763,-1.4504,14.4885,40.44,On Belt
305100,-3.4907,-1.3599,-8.5832,31.4046,14.9008,40.5191,40.44,On Belt
305150,-3.3998,-0.5052,-8.6287,28.1374,27.4504,51.6031,40.25,On Belt
305200,-3.4884,-1.6759,-8.3965,6.2748,28.7481,49.1908,40.44,On Belt
305250,-3.5458,-2.2817,-7.7069,0.7328,24.0153,46.0458,40.39,On Belt
305300,-3.7302,-1.7071,-8.0349,12.7939,10.7023,65.2061,40.25,On Belt
305350,-3.7852,-1.8627,-8.2097,26.3969,10.8855,89.0687,40.34,On Belt
305400,-3.6943,-2.0686,-7.7644,35.6947,3.4198,101.3893,40.25,On Belt
305450,-3.4644,-2.6217,-7.8745,39.1908,-13.5573,108.3969,40.25,On Belt
305500,-2.3559,-2.3750,-8.3725,45.9237,-7.2824,95.5115,40.44,On Belt
305550,-2.5977,-2.5786,-9.0597,47.9389,-1.3435,87.8015,40.25,On Belt
305600,-2.5498,-1.6568,-8.5760,40.4885,4.5802,67.8015,40.39,On Belt
305650,-4.0845,-1.6951,-8.1762,18.9466,-11.9389,51.3740,40.39,On Belt
305700,-3.7828,-1.5778,-7.7740,9.7252,-23.7710,38.5649,40.25,On Belt
305750,-3.9002,-3.2250,-7.8362,15.8321,-33.2366,34.5954,40.39,On Belt
305800,-3.4477,-2.8012,-7.3143,36.8702,-39.9389,23.4962,40.34,On Belt
305850,-4.2066,-3.2082,-7.9392,45.2061,-53.4504,21.4656,40.06,On Belt
305900,-3.9409,-2.1452,-9.7061,55.0992,-58.7328,26.3053,40.25,On Belt
305950,-4.6639,-0.5195,-10.4004,37.9237,-30.4733,40.9008,40.39,On Belt
306000,-5.8299,-1.1253,-7.9009,-3.0534,-26.2901,30.4427,40.34,On Belt
306050,-5.3774,-2.4732,-6.5912,-35.3588,-44.6565,-14.5344,40.25,On Belt
306100,-5.5330,-2.4421,-6.4428,-48.9160,-35.4504,-53.6794,40.53,On Belt
306150,-5.2984,-0.5243,-6.1028,-58.8702,-11.1908,-50.9313,40.39,On Belt
306200,-6.5625,-2.9233,-6.4069,-37.3130,-1.3588,-32.4427,40.25,On Belt
306250,-6.1459,-2.0183,-5.6910,-24.5038,9.6489,-24.7176,40.34,On Belt
306300,-5.9113,-3.7350,-6.1938,-42.1832,36.4885,-35.8473,40.44,On Belt
306350,-5.7102,-3.9145,-5.9041,-47.4504,45.1145,-45.1450,40.34,On Belt
306400,-6.3949,-4.1061,-6.2034,-43.8473,52.6107,-50.5649,40.25,On Belt
306450,-8.3941,-0.6704,-5.9209,-28.0305,34.3817,-21.6031,40.25,On Belt
306500,-8.0924,-3.1484,-6.0430,-2.4275,9.6183,21.7710,40.58,On Belt
306550,-6.1531,-3.9193,-5.7676,24.2443,-8.7939,57.4962,40.25,On Belt
306600,-4.4939,-3.7685,-6.8283,65.0992,0.1221,86.3053,40.25,On Belt
306650,-4.6352,-2.7964,-7.5154,90.7023,16.8244,101.4657,40.39,On Belt
306700,-5.2098,-2.1883,-8.0014,104.0458,20.4427,125.5725,40.44,On Belt
306750,-4.9656,-2.5067,-7.4364,102.9771,21.5267,139.9084,40.39,On Belt
306800,-5.0877,-3.3208,-7.0342,99.3282,22.4122,135.9695,40.53,On Belt
306850,-5.1739,-2.6767,-7.5633,87.5725,17.3435,126.6107,40.44,On Belt
306900,-5.3415,-2.8204,-7.5729,60.7328,10.8855,103.3130,40.25,On Belt
306950,-5.3032,-3.2322,-7.0078,27.4504,-6.1527,66.9771,40.39,On Belt
307000,-4.2258,-3.3662,-6.4931,7.6641,-11.6794,38.8702,40.44,On Belt
307050,-3.7589,-3.0981,-7.4723,15.9084,24.7939,8.4427,40.39,On Belt
307100,-7.3694,-0.1772,-7.9583,26.6107,48.9924,20.1374,40.72,On Belt
307150,-7.1371,-0.2011,-7.8530,-2.9466,43.5573,40.5802,40.58,On Belt
307200,-5.3056,-1.7190,-6.7947,2.9313,52.7481,52.5038,40.44,On Belt
307250,-4.6974,-1.2498,-7.5633,20.9924,84.8397,57.1450,40.25,On Belt
307300,-6.7540,0.9457,-7.3526,39.3588,84.9160,73.4657,40.53,On Belt
307350,-8.3725,0.6584,-8.6814,39.0534,80.3053,98.5191,40.44,On Belt
307400,-6.5314,0.2442,-8.1235,34.9313,51.6947,114.4275,40.39,On Belt
307450,-4.2138,-1.3312,-7.9751,31.0382,43.6336,115.5878,40.72,On Belt
307500,-3.2561,-1.5107,-7.5346,18.0000,41.0076,98.5191,40.25,On Belt
307550,-2.8132,-2.4229,-6.7636,16.9313,14.3969,94.3053,40.39,On Belt
307600,-2.4229,-2.6887,-6.4763,48.6870,-17.6183,97.1145,40.15,On Belt
307650,-2.8491,-2.4924,-7.4723,71.2366,-46.9466,85.0534,40.15,On Belt
307700,-2.6935,-1.1133,-10.3765,77.9084,-60.6870,84.6107,40.58,On Belt
307750,-2.2960,0.6033,-10.4722,55.8473,-41.0992,86.6870,40.53,On Belt
307800,-3.1651,-1.3192,-9.1075,22.7634,-17.2061,62.4885,40.39,On Belt
307850,-3.5410,-2.5666,-8.6431,17.5267,-13.6641,39.2366,40.34,On Belt
307900,-2.9377,0.1748,-8.3246,17.5267,-2.3969,30.0916,40.39,On Belt
307950,-4.9871,-1.1636,-7.3598,-4.0916,-18.4580,24.4580,40.34,On Belt
308000,-4.1635,-3.0263,-6.8235,11.6031,-37.5115,16.2748,40.39,On Belt
308050,-4.0175,-2.3535,-6.9264,29.3740,-47.2672,13.5420,40.20,On Belt
308100,-3.3974,-1.6520,-8.0302,42.9924,-47.1450,21.5267,40.39,On Belt
308150,-2.6480,-1.7166,-8.7460,44.2290,-12.6107,20.4886,40.25,On Belt
308200,-4.4173,-2.3056,-8.3582,37.0076,-5.3588,-9.2061,40.72,On Belt
308250,-7.2449,-0.1197,-7.9009,16.2748,-31.8015,-38.2901,40.25,On Belt
308300,-7.9416,-0.6440,-9.6175,-43.9847,-51.6031,-62.8855,40.53,On Belt
308350,-4.5226,-0.2203,-8.5928,-87.4046,-8.3664,-47.3740,40.15,On Belt
308400,-5.4013,-3.3806,-5.7509,-105.5878,-0.7786,-59.8626,40.15,On Belt
308450,-4.7070,-4.9512,-5.9520,-107.8168,27.7252,-95.7863,40.25,On Belt
308500,-6.4404,-3.7924,-6.1627,-99.2366,40.9466,-113.6947,40.39,On Belt
308550,-9.4619,-1.1612,-6.8690,-107.1908,38.9771,-83.8473,40.44,On Belt
308600,-8.0517,-2.7509,-6.8307,-92.1374,31.0382,-52.5191,40.39,On Belt
308650,-6.7133,-3.3495,-5.8754,-78.1832,22.7939,-29.0382,40.44,On Belt
308700,-6.5027,-3.5051,-5.9616,-47.2519,11.2214,-3.0687,40.58,On Belt
308750,-6.5218,-2.6791,-5.7221,-3.0534,-1.9542,39.5115,40.25,On Belt
308800,-5.3463,-3.6248,-7.0054,59.0840,5.7557,73.4657,40.53,On Belt
308850,-4.3670,-3.5003,-7.5322,117.8626,12.5954,110.2443,40.44,On Belt
308900,-3.4046,-1.3001,-8.3797,156.6718,61.1908,136.0611,40.39,On Belt
308950,-5.8466,-0.5052,-9.5289,165.0687,96.5649,186.4733,40.39,On Belt
309000,-6.9911,1.7166,-8.3462,82.7481,107.6489,142.0153,40.53,On Belt
309050,-4.2832,-0.3950,-6.4524,14.5649,33.1298,142.6107,40.72,On Belt
309100,-5.2050,-2.7629,-6.2920,41.5115,-31.3893,148.0916,40.53,On Belt
309150,-6.2465,-4.9464,-8.6718,45.9847,-73.9695,118.0916,40.34,On Belt
309200,-4.5681,-3.6152,-8.2193,29.4656,-99.0687,75.5420,40.25,On Belt
309250,-4.0965,-3.4213,-7.2760,24.7481,-108.7939,25.2519,40.44,On Belt
309300,-3.6224,-3.2441,-8.0613,44.2443,-97.5725,-16.1679,40.39,On Belt
309350,-2.4134,5.6862,-11.2719,68.2137,-62.2901,7.9084,40.44,On Belt
309400,-9.9120,4.1156,-8.6335,1.7405,13.3588,54.2290,40.25,On Belt
309450,-5.4157,0.1317,-7.6495,-103.0382,-32.0305,7.9237,40.44,On Belt
309500,-3.1843,-3.3064,-6.0190,-123.9237,-37.8168,-8.8550,40.44,On Belt
309550,-2.9473,-3.8906,-5.5737,-114.3969,13.2672,-59.0076,40.15,On Belt
309600,-7.4795,-1.3120,-5.9975,-117.1450,40.8702,-38.1985,40.39,On Belt
309650,-11.3342,-3.5027,-7.3023,-34.3511,52.5038,32.4885,40.53,On Belt
309700,-6.1842,-1.0223,-4.1539,3.1298,44.9466,69.2824,40.34,On Belt
309750,-4.7453,-2.3894,-4.9177,24.5496,64.0153,37.6641,40.44,On Belt
309800,-7.7859,1.6759,-4.9871,53.2366,39.3588,21.8473,40.25,On Belt
309850,-7.3789,2.9449,-7.8578,-43.0229,-6.1527,16.3359,40.39,On Belt
309900,-5.2122,-1.1349,-7.8266,-43.7252,-17.6641,-2.2137,40.34,On Belt
309950,-5.6623,0.7757,-5.3247,-14.7634,15.0840,-5.1450,40.58,On Belt
310000,-7.1658,1.2546,-7.3406,8.3664,7.2977,7.2977,40.44,On Belt
310050,-6.6319,1.0319,-7.2233,-2.5954,2.0305,0.8092,40.39,On Belt
310100,-6.4835,1.4844,-7.0054,-3.8168,5.4351,0.5649,40.34,On Belt
310150,-6.5338,1.0080,-7.9152,7.9237,-1.3893,3.0076,40.44,On Belt
310200,-7.0318,1.7119,-7.9176,-6.6107,-1.0534,2.4275,40.39,On Belt
310250,-6.4739,1.0032,-7.3167,-10.3053,-6.9771,1.4198,40.34,On Belt
310300,-6.2058,0.6297,-6.7373,-4.3969,-9.6641,0.0611,40.25,On Belt
310350,-6.0118,1.1636,-6.5960,-0.1985,-10.1374,-0.3053,40.44,On Belt
310400,-5.9233,0.6369,-6.4308,-4.5191,-9.0992,-1.2977,40.39,On Belt
310450,-5.8658,0.6297,-5.9424,2.1527,-3.7405,1.3282,40.25,On Belt
310500,-5.9065,0.6728,-6.1435,5.1450,0.7634,-0.5038,40.34,On Belt
310550,-5.8610,0.9984,-6.6631,8.9008,4.0458,6.4427,40.34,On Belt
310600,-6.0023,0.5195,-6.5505,3.1603,6.5496,4.3053,40.44,On Belt
310650,-6.2153,0.8212,-7.1467,9.8626,9.7557,2.4427,40.58,On Belt
310700,-6.6248,1.1229,-7.7357,5.9389,6.6260,5.5725,40.06,On Belt
310750,-6.7014,1.2953,-7.3909,-0.2595,1.6641,5.1145,40.34,On Belt
310800,-6.1842,1.1564,-7.9272,5.9847,1.5420,6.2137,40.25,On Belt
310850,-6.2034,1.3096,-7.8219,-5.7863,-6.0611,-0.6870,40.58,On Belt
310900,-6.5290,1.2905,-7.6902,-4.8550,-5.3588,-9.0992,40.39,On Belt
310950,-7.1275,1.2617,-6.7086,-14.2137,-13.4656,-10.0000,40.44,On Belt
311000,-5.6360,0.2777,-5.2601,-8.1985,-18.4580,-12.0763,40.39,On Belt
311050,-4.6639,0.5076,-4.3622,4.4275,-20.3511,-11.1756,40.44,On Belt
311100,-4.9775,0.2562,-5.8466,11.4046,12.8397,-12.1679,40.53,On Belt
311150,-6.3710,0.4477,-7.3933,24.0763,19.5878,12.9618,40.34,On Belt
311200,-7.5609,2.1931,-8.6479,-3.6031,25.5114,-7.6336,40.39,On Belt
311250,-7.4436,0.0790,-7.7644,-9.6794,3.1908,-4.9008,40.44,On Belt
311300,-7.3382,0.3998,-7.5393,4.1832,-10.5649,-8.4122,40.58,On Belt
311350,-6.8522,0.3448,-8.0948,9.9542,-19.5573,-18.7939,40.20,On Belt
311400,-6.6750,0.6488,-7.3287,4.1985,-25.8168,-20.5802,40.67,On Belt
311450,-5.3893,-0.3280,-6.4572,5.0534,-31.2672,-21.0229,40.25,On Belt
311500,-4.4436,-0.6967,-5.2625,9.4962,-20.1832,-29.0840,40.44,On Belt
311550,-4.2665,-1.5060,-4.9273,22.6412,-9.2672,-41.0534,40.06,On Belt
311600,-4.7429,-2.4181,-5.6982,30.7939,0.3206,-50.6107,40.53,On Belt
311650,-6.5194,-1.8483,-7.4196,36.7786,5.8779,-62.2290,40.58,On Belt
311700,-7.8841,0.1891,-7.1515,13.4962,6.3206,-28.4580,40.67,On Belt
311750,-6.0430,-2.0853,-6.2991,1.4656,2.3511,-12.9618,40.25,On Belt
311800,-6.1148,-3.6703,-6.1292,24.0305,-13.2061,-27.9389,40.34,On Belt
311850,-8.2696,-0.5602,-6.4787,14.9618,-64.2748,-44.5954,40.58,On Belt
311900,-7.0461,0.6728,-6.9504,-56.6260,-86.0305,-41.3893,40.53,On Belt
311950,-5.5138,-3.4884,-7.3670,-123.1450,-75.1450,-64.0000,40.58,On Belt
312000,-4.2952,-3.2825,-6.0358,-158.7176,-38.0153,-118.6565,40.44,On Belt
312050,-6.4907,-3.7014,-7.0270,-189.3740,-26.5191,-125.4962,40.25,On Belt
312100,-7.1922,-3.1987,-5.9783,-193.5878,-30.9160,-118.6718,40.39,On Belt
312150,-6.7516,-4.1539,-6.1723,-191.6488,-34.2901,-103.1145,40.53,On Belt
312200,-5.9352,-5.5809,-6.8594,-172.1069,-38.8092,-99.0229,40.44,On Belt
312250,-5.0494,-4.8195,-6.0861,-154.9771,-32.1985,-100.4122,40.39,On Belt
312300,-5.7581,-4.4341,-6.2153,-136.0611,-19.2977,-87.4046,40.44,On Belt
312350,-6.7038,-5.2337,-6.3422,-111.3588,-16.4886,-78.1221,40.67,On Belt
312400,-7.4029,-2.9233,-5.4229,-84.9618,-20.9771,-47.0534,40.25,On Belt
312450,-6.8331,-2.5067,-5.8586,-66.3664,9.7863,-13.0687,40.58,On Belt
312500,-7.1132,-3.6512,-6.2560,-31.5878,1.8626,30.5649,40.39,On Belt
312550,-4.1635,-3.0047,-5.9065,13.6336,22.6718,67.8321,40.39,On Belt
312600,-2.9640,-3.4046,-6.3638,52.6260,74.5802,43.6947,40.77,On Belt
312650,-5.1092,-4.6711,-6.7636,84.7634,98.2137,-7.6183,40.25,On Belt
312700,-7.9655,-4.2066,-7.4819,128.1985,73.3740,-36.1832,40.25,On Belt
312750,-10.1155,3.2848,-7.4172,103.7252,23.6031,-82.0153,40.34,On Belt
312800,-7.2712,2.0279,-8.2839,-57.2977,-50.4733,-146.7023,40.15,On Belt
312850,-6.3686,-1.2713,-7.7812,-177.9695,-110.9160,-206.5191,40.67,On Belt
312900,-4.4508,-4.3120,-6.6870,-206.4733,-131.2061,-230.7328,40.34,On Belt
312950,-3.8331,-3.0478,-6.8594,-175.5114,-95.2977,-245.5725,40.34,On Belt
313000,-3.9504,-3.2633,-8.2887,-162.1679,-55.5878,-149.2977,40.58,On Belt
313050,-5.1380,-4.4245,-6.3662,-116.7328,-9.6794,-109.3740,40.67,On Belt
313100,-6.1770,-4.3287,-5.2888,-85.8321,-14.6565,-76.5954,40.34,On Belt
313150,-5.6216,-5.2050,-5.4612,-43.9695,-33.4504,-50.8397,40.34,On Belt
313200,-4.8411,-5.4229,-6.1316,2.1832,-44.5344,-31.6336,40.44,On Belt
313250,-5.2864,-5.4875,-6.5481,41.9084,-61.8015,-13.0992,40.20,On Belt
313300,-5.7221,-6.9168,-7.6638,83.4046,-79.4809,-16.9618,40.39,On Belt
313350,-7.9009,-4.5681,-13.0460,38.6107,-30.6260,29.2977,40.25,On Belt
313400,-10.6135,-0.0958,-2.4588,112.1679,18.0611,142.9313,40.72,On Belt
313450,-4.9464,0.2514,-2.9808,149.0840,28.5649,132.2443,40.53,On Belt
313500,-6.9599,0.4549,-3.9696,66.9924,58.1374,17.8015,40.44,On Belt
313550,-7.7045,-2.0423,-4.9201,-60.0611,-24.3664,-3.6641,40.44,On Belt
313600,-6.8618,-1.3144,-6.3111,-81.4962,-56.6870,-23.3893,40.34,On Belt
313650,-6.9767,-1.8220,-6.2537,-93.9695,-45.0534,-15.3740,40.25,On Belt
313700,-6.3518,-3.5674,-5.9161,-95.4962,-50.0611,-3.2519,40.25,On Belt
313750,-5.5330,-3.2322,-5.5976,-99.7252,-47.2977,-7.5878,40.39,On Belt
313800,-5.5234,-4.0294,-5.6383,-123.9695,-36.9771,-15.1908,40.25,On Belt
313850,-6.2632,-5.0733,-6.7277,-124.2443,-27.1908,-38.7328,40.25,On Belt
313900,-8.4204,-2.4565,-7.6878,-163.0687,8.8702,-58.9008,40.67,On Belt
313950,-5.4827,-4.4460,-6.5625,-156.0916,-26.7481,-13.6336,40.39,On Belt
314000,-1.6257,-3.2034,-4.1875,-115.9389,58.7939,-57.6031,40.25,On Belt
314050,-4.0438,-2.4277,-6.9647,-48.7176,99.1908,-41.4504,40.53,On Belt
314100,-8.9352,-5.3367,-7.6974,24.5344,196.8702,-62.7786,40.25,On Belt
314150,-12.3301,-3.2705,-8.9998,78.5496,180.1374,-44.6107,40.39,On Belt
314200,-7.7883,-2.4086,-6.9552,134.0153,147.0992,-19.8473,40.53,On Belt
314250,-7.3741,-0.4597,-6.1220,154.4580,132.9160,-31.5573,40.67,On Belt
314300,-7.6998,2.5929,-6.3279,87.5115,32.0458,-12.5191,40.34,On Belt
314350,-5.7461,0.3352,-6.8331,-24.4886,-68.8092,-28.8702,40.44,On Belt
314400,-5.6407,-2.9712,-7.0677,-90.1985,-133.2214,-63.2519,40.67,On Belt
314450,-4.5035,-4.1013,-6.1770,-86.3359,-164.8092,-66.8702,40.20,On Belt
314500,-5.0206,-4.8507,-6.9576,-38.3053,-166.5802,-57.7863,40.39,On Belt
314550,-6.6080,-6.8546,-9.1123,-10.1374,-170.0611,-48.2595,40.72,On Belt
314600,-6.3494,-8.7700,-9.2249,41.7710,-163.8779,-64.1527,40.39,On Belt
314650,-6.8929,-3.3279,-11.7986,-19.3893,-85.4351,-38.5496,40.44,On Belt
314700,-10.8840,0.1748,1.1923,94.6412,40.4580,135.3893,40.34,On Belt
314750,-6.3159,-1.2210,-2.8395,142.8855,55.4198,87.8321,40.39,On Belt
314800,-4.6855,-2.3152,-4.7597,75.3588,81.6183,89.8015,40.53,On Belt
314850,-5.5138,-3.3567,-5.4181,23.4656,109.4351,65.2519,40.53,On Belt
314900,-6.3135,-2.6384,-4.9344,19.4656,103.7099,53.9695,40.39,On Belt
314950,-7.8386,0.1413,-4.1803,2.1985,86.1069,29.9847,40.39,On Belt
315000,-9.6774,-2.5355,-6.4308,-43.7252,35.2824,21.9237,40.67,On Belt
315050,-7.1587,-2.5402,-5.3319,-76.3206,-12.2748,14.9466,40.58,On Belt
315100,-6.3446,-5.0925,-5.5043,-73.5115,-47.5573,2.5496,40.39,On Belt
315150,-5.6216,-5.0398,-6.0693,-84.7176,-60.0305,-32.2901,40.25,On Belt
315200,-4.4724,-3.5602,-8.0565,-64.9160,-66.4733,-10.8092,40.53,On Belt
315250,-2.2577,-3.1915,-5.2337,-9.8779,-26.7939,14.2443,40.67,On Belt
315300,-3.6871,-4.2928,-5.8395,39.6794,31.9237,-32.2748,40.20,On Belt
315350,-6.0118,-4.9105,-13.2423,86.8702,140.1832,-71.6183,40.39,On Belt
315400,-10.9080,-2.5402,-9.6175,152.7481,181.3435,-25.0687,40.53,On Belt
315450,-10.4698,1.0415,-8.0924,210.8092,138.0153,-10.3359,40.25,On Belt
315500,-4.9488,5.1811,-5.5952,59.2519,47.7405,-14.4427,40.15,On Belt
315550,-5.6862,0.6632,-5.7748,-73.5267,-15.9389,-43.2061,40.53,On Belt
315600,-6.5338,-3.9169,-6.5817,-139.4657,-102.9466,-55.7405,40.53,On Belt
315650,-4.9584,-5.2241,-6.2632,-127.8015,-110.9313,-77.5573,40.44,On Belt
315700,-5.2026,-5.2409,-6.4979,-80.0763,-130.8397,-74.3817,40.15,On Belt
315750,-6.4021,-6.3662,-8.5856,-64.7634,-151.4657,-55.3435,40.39,On Belt
315800,-5.5138,-7.4891,-7.6926,-19.2366,-166.7176,-60.1221,40.67,On Belt
315850,-7.9057,-7.8362,-10.3956,-64.8855,-111.9389,-81.3435,40.53,On Belt
315900,-18.5311,4.5849,4.6567,41.9084,29.2214,136.0763,40.44,On Belt
315950,-7.2353,-1.8914,-2.7031,110.1374,34.5649,66.4733,40.67,On Belt
316000,-2.6911,-0.6919,-3.3998,51.8168,23.7710,107.5420,40.53,On Belt
316050,-4.4149,-5.8395,-5.9735,-29.0382,69.4198,65.4351,40.25,On Belt
316100,-4.5897,-4.2138,-4.8219,-1.4046,92.8702,-3.2366,40.53,On Belt
316150,-5.6264,-5.0949,-5.3534,0.4885,79.0840,-23.3740,40.44,On Belt
316200,-11.3868,4.0486,-6.9001,-30.8550,56.9313,8.9924,40.39,On Belt
316250,-8.4467,-3.7397,-6.4093,-45.5573,1.6947,12.2748,40.25,On Belt
316300,-5.5450,-3.1891,-4.9033,-88.1527,-22.6870,4.0153,40.34,On Belt
316350,-6.0166,-5.7820,-6.4165,-73.5878,-59.9847,-8.4122,40.25,On Belt
316400,-0.8188,-0.1820,-6.1842,-11.0992,-63.6183,18.4733,40.34,On Belt
316450,-3.7900,-3.3806,-8.3342,54.3511,51.1298,9.0382,40.39,On Belt
316500,-5.8945,-8.3893,-13.4602,115.2824,114.5954,8.7481,40.72,On Belt
316550,-9.0405,0.2849,-8.2217,145.1145,204.2290,8.2748,40.20,On Belt
316600,-7.2377,0.2083,-8.0972,239.0229,166.3206,57.1908,40.39,On Belt
316650,-6.8618,4.1468,-6.3710,166.3512,84.1527,37.9695,40.34,On Belt
316700,-5.8203,2.7797,-6.5601,7.6947,12.4580,-0.7939,40.39,On Belt
316750,-6.6655,-2.0016,-8.0756,-107.9084,-92.1069,-41.4962,40.53,On Belt
316800,-4.1372,-3.6009,-6.1220,-119.9084,-126.2443,-53.7405,40.39,On Belt
316850,-3.5913,-4.1324,-5.6144,-85.4657,-133.8015,-45.1298,40.34,On Belt
316900,-5.8610,-7.0725,-7.9487,-46.0305,-147.8015,-36.5344,40.67,On Belt
316950,-6.3375,-8.0924,-8.8107,3.2061,-160.0611,-26.9008,40.34,On Belt
317000,-5.3534,-6.7564,-9.7875,83.2824,-117.8015,-61.2672,40.39,On Belt
317050,-8.2217,7.0174,-12.7228,25.4198,46.4580,-14.4275,40.25,On Belt
317100,-10.5489,-2.4062,-4.0223,66.2290,61.8473,114.5496,40.44,On Belt
317150,-3.5530,0.1652,-2.4924,71.8931,65.6794,111.8931,40.39,On Belt
317200,-3.9552,-1.5467,-4.2760,2.1985,113.6794,106.6565,40.34,On Belt
317250,-7.4579,-8.7412,-7.9823,-3.7557,152.4427,15.4351,40.39,On Belt
317300,-5.2936,-3.9337,-5.0039,9.2672,128.4427,-8.9313,40.20,On Belt
317350,-6.9983,-4.8985,-5.6623,13.4046,94.7634,-30.3817,40.53,On Belt
317400,-14.5855,3.2058,-6.5266,-143.3893,-61.4351,-2.6565,40.25,On Belt
317450,-4.9991,-3.2441,-4.8267,-67.9237,-70.9771,32.0458,40.25,On Belt
317500,-4.4341,-4.8507,-5.4947,-60.5496,-79.2061,34.4275,40.25,On Belt
317550,-4.3431,-7.7596,-7.0605,-9.0687,-82.6870,11.2519,40.25,On Belt
317600,1.8340,1.8459,-12.9431,109.1298,53.8015,62.8855,40.72,On Belt
317650,-10.4028,-3.9073,-10.7739,114.2443,149.9695,179.0687,40.44,On Belt
317700,-5.2241,1.0511,-6.3686,197.1908,146.1985,220.1374,40.20,On Belt
317750,-3.9433,1.5706,-5.4492,220.1679,183.8168,180.4275,40.72,On Belt
317800,-7.6279,0.0407,-7.4939,239.9237,105.6336,175.2824,40.44,On Belt
317850,-7.7405,2.8060,-8.8681,85.6183,-34.3359,112.1069,40.58,On Belt
317900,-5.2098,-0.7661,-10.5441,-75.4198,-95.0992,17.9084,40.39,On Belt
317950,-2.2745,-3.6081,-9.3254,-99.7710,-98.0458,-27.4351,40.44,On Belt
318000,-2.1189,-4.4652,-7.2664,-71.3435,-58.0000,-47.8321,40.67,On Belt
318050,-2.6288,-1.7119,-8.2791,-28.4427,-10.9466,-29.3435,40.58,On Belt
318100,-6.6822,-1.3551,-7.8434,-11.0840,29.2214,5.1603,40.25,On Belt
318150,-6.4667,-2.6360,-6.5362,6.6718,28.8702,24.3664,40.53,On Belt
318200,-5.5258,-2.6695,-5.7197,17.3893,15.4351,22.9771,40.53,On Belt
318250,-5.5258,-1.8387,-6.6080,18.0458,2.0916,16.4427,40.67,On Belt
318300,-5.1834,-2.2290,-7.4436,13.1908,12.0458,12.8702,40.44,On Belt
318350,-5.6743,-2.4469,-7.2760,9.6336,1.4656,11.8473,40.15,On Belt
318400,-4.8219,-2.1596,-7.6782,4.9160,7.4962,6.0000,40.44,On Belt
318450,-4.7621,-2.0710,-7.3358,1.5267,9.3740,2.7023,40.39,On Belt
318500,-5.4061,-2.3104,-7.2137,-5.2519,5.3740,-3.7252,40.39,On Belt
318550,-5.0973,-2.2266,-7.4364,-12.6107,5.2214,-5.4809,40.25,On Belt
318600,-5.0278,-2.4517,-7.1467,-11.0382,7.2519,-4.4733,40.20,On Belt
318650,-5.2720,-2.6839,-7.0246,-5.0840,8.8855,-3.0687,40.44,On Belt
318700,-5.4396,-2.5235,-7.1515,0.8702,4.0611,2.5191,40.34,On Belt
318750,-4.9057,-2.4110,-7.2808,5.9084,10.5038,8.2595,40.44,On Belt
318800,-5.2744,-2.7078,-7.1778,11.5420,11.1450,9.8779,40.15,On Belt
318850,-4.9943,-2.6480,-7.5322,15.1298,7.4962,12.2443,40.39,On Belt
318900,-4.9201,-2.0806,-7.6447,11.7557,10.6870,8.9008,40.44,On Belt
318950,-4.8794,-2.0470,-7.5537,2.5344,13.2977,5.4962,40.25,On Belt
319000,-5.1451,-2.1069,-7.4172,-3.9542,12.5344,1.3435,40.53,On Belt
319050,-5.6312,-1.9489,-7.2305,-7.5420,10.0305,0.1069,40.39,On Belt
319100,-6.3494,-1.5802,-7.3550,-7.8168,0.4733,15.5115,40.44,On Belt
319150,-5.9400,-2.0423,-6.9983,-9.0534,-5.4656,37.4351,40.20,On Belt
319200,-4.9416,-3.2178,-6.2465,11.1908,-12.3664,49.6489,40.44,On Belt
319250,-4.3311,-2.7509,-6.4452,32.8855,-9.7710,57.8015,40.44,On Belt
319300,-5.0805,-2.3918,-7.2951,51.9084,3.3435,64.6565,40.39,On Belt
319350,-5.9089,-1.7597,-7.6734,59.5878,16.0763,73.2977,40.44,On Belt
319400,-5.6240,-1.9225,-6.6056,54.9618,7.5573,74.6107,40.39,On Belt
319450,-4.4772,-2.7198,-6.1938,52.1679,-2.8702,61.0992,40.53,On Belt
319500,-4.4532,-2.8802,-6.2896,52.3969,-7.2824,38.9160,40.34,On Belt
319550,-4.3862,-2.4493,-7.2113,56.3664,-3.3893,37.3435,40.44,On Belt
319600,-5.2744,-3.0622,-7.8458,67.0534,6.7328,37.5420,40.58,On Belt
319650,-8.4060,-1.6831,-7.4795,67.2214,-2.0305,30.1985,40.39,On Belt
319700,-8.3773,-2.6456,-9.3374,42.7176,-13.0840,34.7023,40.25,On Belt
319750,-4.7381,-2.0853,-7.2113,5.9847,14.9924,55.0840,40.25,On Belt
319800,-3.8140,-3.0526,-4.5083,3.6794,19.0687,37.3435,40.34,On Belt
319850,-4.0821,-3.5051,-4.9033,-42.7939,60.9618,8.7786,40.44,On Belt
319900,-7.3550,-8.2744,-8.1666,-49.2824,66.9466,-21.0992,40.39,On Belt
319950,-5.2529,-5.3654,-5.5593,-21.1145,54.0763,-35.0229,40.44,On Belt
320000,-8.8992,4.2449,-5.5881,-7.5573,40.5038,63.5573,40.39,On Belt
320050,-7.7045,-5.4660,-6.6774,86.5649,11.3435,104.9008,40.58,On Belt
320100,-4.3120,-5.3319,-5.5426,94.7023,-28.1374,115.2977,40.72,On Belt
320150,-5.3774,-6.4500,-6.7780,104.4122,-66.2595,121.4046,40.34,On Belt
320200,-5.3151,-5.4109,-8.9256,144.2290,-81.3130,123.8168,40.34,On Belt
320250,-4.3622,-3.2417,-9.7803,150.1679,-23.4198,172.5649,40.44,On Belt
320300,-5.5498,-4.7621,-7.1730,156.3969,-0.6412,173.6336,40.39,On Belt
320350,-5.5737,-4.7309,-6.8331,139.4809,-3.8779,168.2595,40.34,On Belt
320400,-5.7868,-6.0238,-7.3550,139.1756,-13.5420,155.1908,40.39,On Belt
320450,-4.3048,-4.3431,-7.6040,201.1298,-2.7328,100.1374,40.39,On Belt
320500,-5.3941,-4.5490,-8.6694,126.2595,16.0000,56.8550,40.58,On Belt
320550,-0.2059,2.1668,-5.6862,98.4275,76.4733,-73.4198,40.15,On Belt
320600,-8.5808,-2.1715,-9.0477,4.0000,84.0916,-196.7481,40.15,On Belt
320650,-7.3478,-1.4796,-7.1395,-60.0763,-3.3130,-240.0153,40.44,On Belt
320700,-3.9528,3.6583,-9.9120,-129.3893,-4.3053,-164.4733,40.53,On Belt
320750,-7.9128,-2.0207,-7.1323,-144.7481,33.3435,-109.7405,40.25,On Belt
320800,-6.8019,-4.8411,-6.7301,-115.6947,20.1221,-74.1527,40.53,On Belt
320850,-4.3167,-4.2258,-4.9656,-105.7099,-2.0458,-51.1756,40.53,On Belt
320900,-4.4843,-4.9081,-4.5945,-88.4733,-28.7634,-38.1527,40.39,On Belt
320950,-5.1308,-5.9783,-5.4540,-24.4580,-73.9389,-29.0687,40.44,On Belt
321000,-5.9783,-7.0006,-7.6183,9.0992,-108.0305,-11.5878,40.58,On Belt
321050,-6.2465,-8.8083,-9.8258,100.8397,-121.6947,-36.7786,40.34,On Belt
321100,-8.1499,0.6416,-16.6804,74.6565,-64.7176,6.7939,40.25,On Belt
321150,-9.9982,1.8890,-3.8092,111.8168,14.3969,164.4427,40.67,On Belt
321200,-4.5729,-0.5842,-3.6464,124.2137,33.9695,143.9542,40.39,On Belt
321250,-4.0151,-0.3974,-3.6583,80.9313,45.1298,120.6107,40.25,On Belt
321300,-7.0773,-3.8140,-5.3415,-29.8931,41.5420,25.4046,40.34,On Belt
321350,-5.1619,-3.8140,-4.4029,-46.7786,20.1832,-37.1450,40.44,On Belt
321400,-6.7756,-1.5826,-5.0159,-50.6107,-3.8473,-66.8550,40.53,On Belt
321450,-9.0214,1.3623,-7.8482,-128.6718,-27.3740,-41.6794,40.53,On Belt
321500,-6.9312,-4.7046,-6.3805,-114.1679,-48.5191,-29.7405,40.25,On Belt
321550,-4.7812,-4.0606,-5.2337,-95.0992,-61.9389,-44.4427,40.20,On Belt
321600,-4.0869,-2.8180,-8.3031,-81.8931,-47.2672,-31.2672,40.44,On Belt
321650,-6.0047,-4.2353,-8.2935,-58.7176,-1.3588,15.2366,40.34,On Belt
321700,-3.1244,-3.6919,-5.0087,1.4198,7.1145,40.5649,40.34,On Belt
321750,-3.2178,-2.1644,-6.7229,54.5802,59.0687,40.5496,40.39,On Belt
321800,-4.0270,-6.7708,-10.7069,130.5802,131.5878,46.3511,40.25,On Belt
321850,-7.8697,0.4262,-8.8442,149.6183,232.0305,-23.4504,40.72,On Belt
321900,-9.4116,-4.0510,-10.3382,186.9313,181.4351,43.6183,40.67,On Belt
321950,-7.7021,3.8499,-7.7931,166.8855,96.9466,28.9924,40.58,On Belt
322000,-6.3207,1.9178,-6.8163,13.7863,32.4580,-27.0229,40.39,On Belt
322050,-5.9616,-0.5459,-7.4627,-104.6718,-86.1527,-48.0153,40.39,On Belt
322100,-4.3000,-3.1101,-6.1483,-149.0840,-121.3740,-77.2214,40.20,On Belt
322150,-3.9887,-4.1180,-5.4420,-127.3282,-142.1679,-69.5878,40.39,On Belt
322200,-5.4013,-5.8083,-7.3047,-78.0305,-166.3512,-63.7099,40.34,On Belt
322250,-6.1986,-7.4364,-8.9232,-30.6870,-192.4580,-51.9389,40.44,On Belt
322300,-7.8745,-7.3143,-13.3884,44.1527,-112.8550,-105.4198,40.25,On Belt
322350,-10.0509,4.5107,-10.0365,34.9618,51.0687,47.1450,40.39,On Belt
322400,-8.5210,-3.0789,-3.4453,82.8702,55.2214,87.3893,40.39,On Belt
322450,-3.6152,-0.9936,-2.4349,111.7252,14.1069,118.4122,40.39,On Belt
322500,-3.4812,-1.3886,-4.4867,57.2824,69.8626,102.0763,40.44,On Belt
322550,-6.8283,-6.3542,-6.9097,44.2290,113.2366,21.8015,40.58,On Belt
322600,-6.7924,3.1651,-3.5195,30.4580,83.1756,30.7634,40.39,On Belt
322650,-9.0788,-2.1668,-6.6942,-48.8702,40.0763,10.6870,40.34,On Belt
322700,-7.0390,-2.5618,-5.1715,-60.5649,-19.0992,2.9771,40.67,On Belt
322750,-5.6503,-2.9042,-5.2912,-72.2290,-40.2595,-13.7405,40.34,On Belt
322800,-6.1770,-2.7222,-6.9384,-62.2595,-48.0611,-24.1985,40.58,On Belt
322850,-6.7924,-0.9290,-7.4101,-92.4580,-21.2519,-24.2290,40.39,On Belt
322900,-6.6104,-4.1348,-6.7588,-98.9008,-20.6260,-17.6336,40.39,On Belt
322950,-5.3032,-4.0797,-6.9097,-75.2214,-30.5802,1.6947,40.39,On Belt
323000,-1.7166,-2.2170,-3.8164,-33.7710,-19.4962,18.1527,40.39,On Belt
323050,-3.9648,-4.0486,-5.6264,-0.8550,49.2977,-35.8931,40.39,On Belt
323100,-3.4644,-3.9121,-10.9726,96.8397,100.8855,-13.9847,40.34,On Belt
323150,-9.6462,-4.1037,-12.1554,207.4046,223.1756,-26.6412,40.34,On Belt
323200,-9.6175,0.3663,-8.7029,211.9389,176.4580,38.6107,40.39,On Belt
323250,-9.2967,4.9368,-7.5441,177.6641,66.0153,37.6489,40.39,On Belt
323300,-6.1507,2.9975,-7.7141,4.0916,0.7328,-29.9847,40.20,On Belt
323350,-5.6623,-1.5921,-8.1499,-105.5267,-78.6107,-62.1221,40.39,On Belt
323400,-3.5793,-3.0670,-5.8323,-128.4733,-110.6260,-71.5267,40.53,On Belt
323450,-3.8738,-4.1851,-5.2577,-107.3130,-119.7405,-66.3511,40.39,On Belt
323500,-6.5505,-6.9049,-7.7285,-54.3053,-158.1527,-50.4580,40.34,On Belt
323550,-6.0597,-6.2584,-7.9727,-17.2824,-168.8244,-55.1908,40.25,On Belt
323600,-4.5298,-4.9775,-6.3327,-12.2137,-155.2214,-65.5573,40.58,On Belt
323650,-7.5800,-3.4884,-11.8824,28.0153,-66.2443,-57.7252,40.25,On Belt
323700,-12.2942,-2.9018,-2.6815,72.0153,58.3053,77.7710,40.53,On Belt
323750,-6.6631,-2.9113,-2.3032,101.3893,12.9771,96.0611,40.53,On Belt
323800,-3.0478,0.3089,-1.4150,122.9771,19.6183,79.8473,40.44,On Belt
323850,-4.4628,-2.1141,-5.1284,39.4351,93.6947,41.8015,40.58,On Belt
323900,-9.2512,-5.2074,-6.9240,3.3740,115.6336,27.3893,40.34,On Belt
323950,-8.7795,0.2179,-4.4556,9.6336,81.2214,70.2443,40.34,On Belt
324000,-6.9456,-3.3974,-5.7365,-7.5420,105.4351,37.7710,40.25,On Belt
324050,-5.9735,-3.5985,-4.8961,-6.7939,73.9695,36.5038,40.67,On Belt
324100,-6.1842,-3.1149,-4.7453,-11.6641,45.0687,24.3969,40.39,On Belt
324150,-8.0972,-2.0135,-6.6367,-10.0916,13.7557,20.3053,40.39,On Belt
324200,-8.4108,-2.5067,-7.5968,-32.6718,-22.8702,35.7405,40.39,On Belt
324250,-5.0374,-3.5554,-7.3981,-41.9847,-23.7252,58.1527,40.25,On Belt
324300,-4.3311,-3.9600,-5.3127,1.1450,-35.2061,72.1832,40.67,On Belt
324350,-3.2154,-4.0510,-5.6240,47.9084,0.3206,21.8626,40.25,On Belt
324400,-4.5394,-4.4221,-11.8489,99.8321,0.6718,103.8015,40.39,On Belt
324450,-2.5522,-1.9609,-7.9559,170.0916,124.3206,124.0611,40.25,On Belt
324500,-3.9433,1.0846,-6.9121,224.3053,222.0763,36.5802,40.39,On Belt
324550,-7.7021,-4.1108,-9.2081,227.1908,170.3206,79.0229,40.25,On Belt
324600,-7.9248,1.9417,-8.4946,177.3893,24.9618,62.9466,40.34,On Belt
324650,-6.1483,2.3750,-10.0580,-20.7328,-48.3359,-20.9924,40.34,On Belt
324700,-4.6783,-1.3599,-9.4595,-127.7099,-96.1832,-77.1298,40.34,On Belt
324750,-3.6081,-3.2417,-5.9879,-143.7099,-108.1985,-62.3359,40.39,On Belt
324800,-3.7373,-4.3742,-5.3774,-106.8855,-113.0382,-49.4046,40.39,On Belt
324850,-4.9775,-6.4715,-6.7253,-54.3511,-141.4809,-36.0611,40.53,On Belt
324900,-5.6838,-6.5266,-7.7069,20.0916,-153.6947,-41.1145,40.58,On Belt
324950,-5.5162,-6.0286,-9.6702,36.8244,-97.2214,-74.2290,40.34,On Belt
325000,-15.0212,-2.1308,-5.8969,5.8168,6.9618,-3.5267,40.72,On Belt
325050,-8.3941,-2.4397,-3.6152,87.0992,-46.5496,53.3282,40.44,On Belt
325100,-3.3160,-1.7502,-3.6966,80.8092,-30.6260,63.6183,40.67,On Belt
325150,-3.1556,-2.0566,-4.6112,21.5573,21.2366,37.6794,40.67,On Belt
325200,-8.0278,-0.4956,-4.1372,-32.4885,51.3588,-12.7634,40.67,On Belt
325250,-8.1044,-0.2179,-4.0007,-115.5573,18.7939,-22.8550,40.39,On Belt
325300,-5.5354,-4.3167,-6.0813,-164.2901,22.2290,-52.2595,40.58,On Belt
325350,-5.9328,-6.6367,-7.2257,-170.7328,30.8092,-87.5420,40.53,On Belt
325400,-5.4348,-6.1124,-6.7876,-175.3893,34.6260,-116.4275,40.39,On Belt
325450,-5.2840,-5.8179,-6.4165,-181.7863,26.9466,-131.4504,40.77,On Belt
325500,-5.3510,-6.3063,-6.4212,-174.4275,12.1832,-147.6947,40.44,On Belt
325550,-5.4109,-6.0717,-6.1962,-161.1908,-10.5496,-157.0687,40.34,On Belt
325600,-5.5976,-6.2608,-6.3159,-151.2519,-29.0840,-166.4733,40.25,On Belt
325650,-5.1212,-5.4827,-5.5138,-136.0153,-34.4427,-185.6641,40.58,On Belt
325700,-6.6918,-1.6448,-4.8052,-134.6260,-52.9618,-144.5649,40.44,On Belt
325750,-5.9400,-4.5705,-7.7979,-63.8779,-27.3893,-77.4809,40.67,On Belt
325800,-4.9536,-6.1100,-7.7979,-21.1756,-9.0840,-28.7634,40.58,On Belt
325850,-6.0406,-3.2058,-5.6407,25.5878,-3.6641,-7.1145,40.58,On Belt
325900,-6.2273,-3.5243,-6.1316,43.0992,-17.5725,13.1145,40.39,On Belt
325950,-5.4875,-2.9760,-7.0294,56.7786,-16.1832,31.9542,40.34,On Belt
326000,-5.3678,-2.4636,-7.6351,57.9847,-9.9542,66.8244,40.15,On Belt
326050,-4.6400,-2.8754,-6.4093,45.0076,-0.2137,85.8779,40.15,On Belt
326100,-4.4269,-2.9305,-5.8059,50.3053,4.2290,69.6947,40.34,On Belt
326150,-5.0709,-3.6152,-9.0956,60.0916,15.6947,69.8473,40.67,On Belt
326200,-3.3327,-0.4262,-9.6055,63.8473,89.5115,107.2672,40.39,On Belt
326250,-4.4508,-2.1332,-8.1235,87.0076,141.4198,102.1221,40.15,On Belt
326300,-3.4237,-3.0335,-7.0222,104.1985,156.0458,70.5954,40.25,On Belt
326350,-6.9408,-3.5314,-7.5657,122.6718,101.3435,19.9847,40.15,On Belt
326400,-7.0461,-1.4629,-8.0900,68.9160,-10.0153,-31.3588,40.67,On Belt
326450,-4.4843,-0.5315,-8.6550,-12.5191,-77.8473,-86.1832,40.53,On Belt
326500,-4.5346,-1.5945,-9.0309,-84.8244,-103.3740,-136.1374,40.72,On Belt
326550,-4.7309,-2.9544,-6.7062,-120.8855,-134.9618,-151.6183,40.25,On Belt
326600,-3.7373,-3.6823,-5.6862,-101.8931,-149.3740,-129.7252,40.39,On Belt
326650,-3.9289,-3.0765,-7.5800,-71.9847,-133.5725,-75.1603,40.67,On Belt
326700,-4.3886,-4.6471,-7.0485,-29.2214,-107.0992,-30.4580,40.39,On Belt
326750,-3.7972,-4.1851,-5.5665,-6.4122,-94.5496,0.5496,40.58,On Belt
326800,-6.4548,-6.4931,-10.0533,36.8397,-32.2595,-40.5802,40.58,On Belt
326850,-11.3964,-0.9505,-9.7229,40.1069,50.5954,30.2290,40.25,On Belt
326900,-7.0844,-2.2936,-3.9193,55.1603,5.5420,76.9924,40.72,On Belt
326950,-4.1683,-2.3487,-3.8164,46.2595,17.0076,58.8092,40.53,On Belt
327000,-4.8459,-4.3622,-5.5258,30.6107,50.1221,26.2137,40.34,On Belt
327050,-7.8673,0.3687,-4.8291,17.2366,68.4885,-12.4122,40.58,On Belt
327100,-9.2871,-1.5083,-6.7062,-61.7405,40.5954,-3.7099,40.67,On Belt
327150,-6.3446,-3.6488,-5.2936,-79.2672,-0.3511,-10.6870,40.44,On Belt
327200,-4.1755,-3.6248,-3.7948,-83.5878,-6.2290,-48.7786,40.44,On Belt
327250,-5.9807,-4.6974,-6.4332,-87.6794,5.3435,-95.2366,40.25,On Belt
327300,-7.5034,-5.7581,-10.5297,-106.6107,2.1679,-104.1527,40.39,On Belt
327350,-8.0637,-1.4317,-5.9256,-146.0916,-43.9237,-26.7328,40.20,On Belt
327400,-5.5210,-4.1180,-4.8339,-76.7939,-21.4656,-25.3893,40.39,On Belt
327450,-4.9584,-4.7429,-5.9879,-30.3206,-25.1756,4.7023,40.39,On Belt
327500,-4.0677,-3.4955,-6.1196,10.2748,1.8931,40.6718,40.34,On Belt
327550,-4.1635,-3.7014,-6.3159,46.2748,50.4275,48.7328,40.34,On Belt
327600,-7.5992,-1.0558,-7.8434,82.4427,57.4198,106.1374,40.39,On Belt
327650,-7.0533,-0.2059,-7.0844,99.0840,58.4733,151.0992,40.53,On Belt
327700,-6.1363,-0.8188,-7.0198,124.1374,88.6260,145.6183,40.39,On Belt
327750,-5.4468,-1.1899,-6.4739,128.9160,81.5420,152.7786,40.44,On Belt
327800,-5.3893,-2.5881,-7.9009,128.4733,62.3511,156.9771,40.34,On Belt
327850,-4.6543,-0.2729,-8.7580,128.4580,62.3969,150.1221,40.44,On Belt
327900,-5.1834,-0.7326,-6.6894,88.6565,13.2824,144.1069,40.34,On Belt
327950,-4.2138,-0.6440,-6.2369,26.2595,-26.1985,97.4657,40.34,On Belt
328000,-4.8866,-3.6703,-8.6838,-2.4122,-61.0840,44.0153,40.25,On Belt
328050,-3.9002,-4.7070,-9.6103,-2.8702,-55.5420,-0.6718,40.39,On Belt
328100,-3.9624,-5.7030,-10.5105,2.6107,-25.3893,-36.5802,40.25,On Belt
328150,-2.7701,4.5322,-8.0924,18.5038,15.3893,-24.6565,40.44,On Belt
328200,-6.5505,0.4836,-8.2241,-66.6718,4.1832,-2.0763,40.25,On Belt
328250,-3.6823,-3.0550,-6.3590,-61.1298,21.9389,-18.9008,40.44,On Belt
328300,-4.7716,-4.8722,-5.9735,-46.3511,26.3511,-38.9313,40.25,On Belt
328350,-6.5864,-1.7119,-6.4979,-6.2595,9.8931,-32.8244,40.58,On Belt
328400,-7.2472,-1.4700,-7.4244,3.0840,6.4275,17.2824,40.39,On Belt
328450,-4.5370,-2.9281,-6.5697,31.8626,5.0534,43.0382,40.53,On Belt
328500,-3.9193,-3.3208,-6.6200,57.8168,15.9847,38.7023,40.44,On Belt
328550,-5.0949,-2.2505,-7.4986,69.5878,16.5496,34.9008,40.25,On Belt
328600,-5.1475,-1.1037,-8.4587,50.7939,17.6641,37.7710,40.44,On Belt
328650,-5.2672,-1.7478,-8.1020,22.9771,6.9160,28.0458,40.44,On Belt
328700,-4.7070,-1.9752,-7.7405,-7.6794,-3.0382,1.2672,40.25,On Belt
328750,-4.5586,-2.2170,-8.0517,-25.6947,-1.7099,-21.8015,40.67,On Belt
328800,-5.6647,-1.3288,-7.6471,-38.0916,1.4504,-24.1527,40.44,On Belt
328850,-5.4253,-2.4852,-7.4627,-39.6489,1.6794,-12.5802,40.25,On Belt
328900,-4.9057,-3.0454,-7.1323,-16.5191,14.3511,-5.2519,40.34,On Belt
328950,-5.0039,-2.9760,-7.1443,9.2977,20.6107,15.3130,40.25,On Belt
329000,-4.4628,-3.1149,-6.9288,32.2290,28.9160,31.6947,40.06,On Belt
329050,-4.4077,-3.6799,-6.7277,52.5344,25.5725,43.2366,40.39,On Belt
329100,-4.2234,-3.0071,-7.3861,62.7481,19.9084,40.4733,40.39,On Belt
329150,-4.3790,-2.1979,-8.3007,53.5725,18.5954,34.1527,40.44,On Belt
329200,-4.8387,-1.8962,-8.7101,27.5573,11.2977,23.4656,40.39,On Belt
329250,-4.3742,-1.5826,-8.2863,-7.4656,5.2977,10.2748,40.44,On Belt
329300,-4.0390,-2.4924,-7.6112,-27.3130,3.3740,1.5878,40.58,On Belt
329350,-4.0989,-3.8618,-7.3095,-26.0763,1.2824,3.8168,40.39,On Belt
329400,-4.0582,-3.9816,-7.4508,-3.6489,-1.5267,15.1298,40.53,On Belt
329450,-4.6543,-2.5881,-7.3406,15.7710,5.1145,32.9618,40.39,On Belt
329500,-4.5801,-2.3415,-7.3310,24.3359,7.5725,51.9847,40.25,On Belt
329550,-4.4915,-2.6552,-6.7852,24.1374,14.1679,55.4046,40.53,On Belt
329600,-5.3151,-2.0925,-6.9599,32.2137,1.9847,55.3588,40.25,On Belt
329650,-5.3822,-1.9178,-7.2472,30.7481,-7.7405,60.4122,40.39,On Belt
329700,-4.9416,-2.8419,-6.7900,28.0916,-25.0840,50.6718,40.25,On Belt
329750,-4.4221,-3.2441,-6.5673,27.4198,-43.9695,29.3893,40.44,On Belt
329800,-5.1643,-3.2920,-7.7979,31.0534,-52.5344,3.6489,40.44,On Belt
329850,-6.7445,-0.2753,-8.2959,28.6565,-42.7786,17.4351,40.53,On Belt
329900,-6.6583,-2.3248,-8.0397,7.5267,-53.2977,27.9695,40.39,On Belt
329950,-6.1100,-2.6887,-7.3981,2.3053,-47.0534,27.6031,40.39,On Belt
330000,-5.6455,-2.6791,-5.9616,-8.7328,-40.8397,7.4809,40.53,On Belt
330050,-5.6264,-1.7478,-5.7940,-26.6260,-15.6183,-28.9160,40.44,On Belt
330100,-5.7604,-3.9935,-5.9304,-57.5725,20.6260,-45.4504,40.67,On Belt
330150,-7.2616,-2.9305,-6.3303,-26.0611,6.1527,-31.7710,40.44,On Belt
330200,-6.1986,-1.8771,-5.3822,-37.5878,13.5420,-27.9237,40.58,On Belt
330250,-5.2696,-4.1779,-5.3941,-51.9389,31.3893,-43.9542,40.39,On Belt
330300,-6.0932,-5.4875,-6.4260,-72.6412,45.9389,-62.6565,40.53,On Belt
330350,-7.6591,0.1915,-5.2218,-82.4275,53.5115,-35.8015,40.53,On Belt
330400,-8.2456,-4.6519,-6.1435,-50.9313,40.5954,18.4427,40.44,On Belt
330450,-6.7133,-4.7573,-4.7956,-0.3511,24.8855,55.4962,40.53,On Belt
330500,-6.3853,-5.2074,-5.7030,75.8168,19.9695,82.6565,40.53,On Belt
330550,-5.3558,-4.0438,-6.5673,124.7176,18.9771,91.3740,40.39,On Belt
330600,-5.3367,-2.6001,-7.2089,127.7863,24.8397,109.0229,40.25,On Belt
330650,-5.6048,-2.4421,-7.8003,119.0382,30.9466,129.1603,40.44,On Belt
330700,-5.1715,-2.9473,-7.3789,101.3130,34.8702,138.7328,40.53,On Belt
330750,-5.1882,-3.4213,-6.4787,95.6031,31.2519,132.4733,40.34,On Belt
330800,-5.3558,-3.7350,-6.7804,91.7099,19.2214,123.4504,40.53,On Belt
330850,-5.2960,-3.6679,-7.5848,87.1756,14.1221,113.6336,40.39,On Belt
330900,-5.1044,-3.2705,-7.3694,73.4809,15.5573,102.3969,40.25,On Belt
330950,-5.3175,-3.2394,-7.2161,59.8168,11.1298,87.5115,40.39,On Belt
331000,-4.9632,-2.8347,-7.1754,34.9466,10.5649,76.7023,40.39,On Belt
331050,-4.6926,-3.4620,-6.1507,25.1908,12.2901,63.1603,40.67,On Belt
331100,-5.0757,-3.7685,-6.9384,36.2595,36.3664,15.5573,40.58,On Belt
331150,-5.8442,-2.3655,-7.3215,39.6794,29.1908,14.4275,40.72,On Belt
331200,-7.0509,0.1963,-7.3047,10.8702,43.3588,14.1985,40.72,On Belt
331250,-6.0932,-1.7214,-7.5034,9.2214,43.6947,27.9542,40.53,On Belt
331300,-4.7908,-2.1955,-6.7301,16.9313,64.6718,29.3893,40.34,On Belt
331350,-4.3263,-0.8092,-7.1132,39.3740,87.1298,44.4885,40.77,On Belt
331400,-7.1108,-1.1779,-6.9145,53.5878,81.3435,76.7328,40.58,On Belt
331450,-5.2218,-1.2857,-6.7636,58.3053,62.8855,104.1679,40.34,On Belt
331500,-4.6615,-3.3016,-8.1714,77.3893,92.2137,105.9389,40.44,On Belt
331550,-5.0015,-3.3471,-7.2760,105.0687,90.0000,109.3588,40.58,On Belt
331600,-4.4819,-2.3846,-6.2537,113.5725,62.0763,115.4351,40.44,On Belt
331650,-5.1164,-2.5977,-6.7876,93.8015,20.8244,111.5420,40.39,On Belt
331700,-5.3486,-3.5123,-8.2815,65.0840,-23.5878,90.8855,40.72,On Belt
331750,-4.8267,-3.4117,-8.5880,28.0611,-46.5038,73.3130,40.39,On Belt
331800,-4.4939,-3.8810,-7.6351,8.7634,-65.6794,65.2672,40.39,On Belt
331850,-4.2186,-4.4101,-6.9504,8.1069,-75.7405,62.0916,40.34,On Belt
331900,-4.4029,-4.8195,-6.6607,4.8702,-75.2214,67.7405,40.58,On Belt
331950,-4.5442,-6.2321,-6.9121,12.2748,-63.9542,68.3206,40.39,On Belt
332000,-4.7621,-7.0916,-7.6255,50.3359,-40.1069,49.4809,40.53,On Belt
332050,-4.3359,-6.4165,-7.1084,92.5038,-18.9618,29.6336,40.39,On Belt
332100,-4.9201,-4.6831,-7.1275,114.3359,-6.4427,5.0382,40.53,On Belt
332150,-5.8395,-0.9601,-5.3870,90.1527,24.0000,-51.2672,40.67,On Belt
332200,-11.4515,1.0199,-6.2225,-33.2061,0.4885,27.8626,40.53,On Belt
332250,-5.9759,-2.0159,-5.2170,-10.7786,4.9008,32.1374,40.25,On Belt
332300,-4.5179,-3.9816,-5.0087,-32.9924,35.0992,-0.4733,40.34,On Belt
332350,-5.6647,-4.9991,-5.9065,-26.3511,46.5802,-45.3282,40.25,On Belt
332400,-7.7428,-1.3336,-6.2201,-53.8779,46.3359,-36.8550,40.34,On Belt
332450,-7.5681,-3.5721,-6.5960,-73.6794,39.3588,-26.4275,40.39,On Belt
332500,-5.8586,-4.6017,-5.5091,-79.4198,34.1985,-36.7939,40.39,On Belt
332550,-6.2297,-4.0965,-5.6695,-67.6336,33.4046,-54.7786,40.39,On Belt
332600,-7.3981,-2.3367,-6.5841,-52.4122,20.2443,-29.9084,40.39,On Belt
332650,-6.8690,-4.2976,-6.0094,-23.3435,-1.3435,9.2977,40.53,On Belt
332700,-5.4684,-4.3622,-5.6623,8.1832,-11.8931,19.1756,40.25,On Belt
332750,-5.4109,-3.4764,-6.5529,41.7557,-10.9313,40.9008,40.58,On Belt
332800,-5.6958,-3.0119,-6.7852,58.3664,-12.5496,61.7252,40.06,On Belt
332850,-5.4636,-3.1196,-7.1395,60.5496,-12.6412,74.8092,40.39,On Belt
332900,-5.2026,-3.3902,-7.6806,60.0611,-4.7634,84.3969,40.44,On Belt
332950,-4.6807,-2.7892,-6.9935,59.1908,7.2672,87.0687,40.39,On Belt
333000,-5.2481,-3.0215,-6.5386,57.6031,10.9008,76.4885,40.44,On Belt
333050,-6.3063,-2.8012,-6.8043,41.5115,0.5191,69.2061,40.44,On Belt
333100,-6.3997,-2.6217,-7.3167,16.0611,-5.3130,58.4733,40.58,On Belt
333150,-5.6072,-3.0957,-6.3758,-2.2748,-4.6565,35.6947,40.44,On Belt
333200,-6.1986,-4.1899,-7.9152,-14.1374,6.1221,-1.8473,40.25,On Belt
333250,-6.3542,-0.2035,-8.5425,-7.2061,28.2443,0.8702,40.34,On Belt
333300,-4.6735,-1.7573,-6.9767,-32.0916,36.5191,9.8779,40.25,On Belt
333350,-2.9544,-1.6281,-4.1156,-24.1374,43.8626,-13.3130,40.34,On Belt
333400,-2.5402,-2.4588,-3.5386,-12.9771,66.3206,-73.1450,40.44,On Belt
333450,-6.7971,-7.6567,-8.0780,6.1069,66.8855,-114.5191,40.34,On Belt
333500,-5.6958,-1.1372,-9.5960,65.2519,99.6641,-90.7786,40.67,On Belt
333550,-9.7037,-2.2553,-10.4124,98.7786,87.7710,-48.5649,40.58,On Belt
333600,-6.4883,0.8691,-8.1211,58.6412,43.5267,-36.1985,40.34,On Belt
333650,-4.8937,-0.5866,-6.6200,-22.7328,1.8779,-41.0840,40.44,On Belt
333700,-4.8315,-2.7438,-5.5522,-65.2366,-53.7405,-45.4809,40.44,On Belt
333750,-4.2258,-3.9744,-5.5929,-65.6641,-84.9924,-47.4351,40.67,On Belt
333800,-4.3191,-4.3024,-6.2872,-36.0305,-112.6718,-23.7863,40.39,On Belt
333850,-4.3407,-5.1427,-7.1371,11.2519,-127.2366,4.7786,40.58,On Belt
333900,-4.3191,-7.6375,-8.0541,50.4427,-128.9313,1.1450,40.39,On Belt
333950,-9.4092,-10.7931,-14.8991,-18.9160,-88.5802,1.0687,40.67,On Belt
334000,-10.7284,5.0637,-2.2003,69.6947,-1.6489,102.2290,40.44,On Belt
334050,-5.5162,-1.3001,-4.4436,70.1374,-6.2901,111.7405,40.44,On Belt
334100,-3.1651,-1.5682,-4.6112,26.9008,4.5344,67.6336,40.39,On Belt
334150,-5.5737,-3.3639,-5.4612,-63.7099,14.8092,-18.4122,40.53,On Belt
334200,-5.7509,-2.8108,-5.0087,-88.4275,7.9542,-60.5344,40.44,On Belt
334250,-7.6327,-2.3631,-6.5314,-123.0076,2.5038,-57.5725,40.34,On Belt
334300,-7.0078,-3.6536,-6.1076,-108.0611,0.1985,-60.7481,40.67,On Belt
334350,-5.8921,-3.5147,-5.4660,-100.7786,-10.6260,-56.4275,40.39,On Belt
334400,-6.0190,-3.3136,-5.4085,-90.9466,-22.3206,-49.8626,40.25,On Belt
334450,-6.3925,-3.3375,-5.9065,-77.1908,-29.4962,-43.5420,40.39,On Belt
334500,-6.7995,-3.3998,-6.6272,-68.0000,-27.4351,-38.1832,40.34,On Belt
334550,-6.5601,-2.4541,-6.1387,-54.3206,-25.8321,-17.4656,40.34,On Belt
334600,-6.2058,-3.7373,-6.4308,-35.0840,-23.3435,4.0153,40.44,On Belt
334650,-5.6048,-3.6607,-6.2968,-19.3893,-10.5038,15.4046,40.53,On Belt
334700,-4.7812,-3.3686,-6.1675,2.4427,-11.3588,41.0840,40.53,On Belt
334750,-3.5578,-2.3080,-6.3566,27.2977,32.3969,29.5573,40.34,On Belt
334800,-5.1978,-3.2753,-10.9247,76.4122,67.9695,75.9389,40.58,On Belt
334850,-4.7070,-0.8404,-7.1419,129.0840,130.9924,81.1298,40.39,On Belt
334900,-4.2760,-1.6376,-6.5481,156.9008,172.5191,43.4962,40.67,On Belt
334950,-7.4244,-2.6695,-6.8378,171.8931,142.1374,10.1374,40.44,On Belt
335000,-9.6414,0.2370,-8.2815,163.2672,27.1908,-21.7710,40.25,On Belt
335050,-7.1946,2.6887,-11.2719,1.9084,-88.9313,-60.0000,40.67,On Belt
335100,-4.5969,-1.2570,-10.0102,-112.3817,-95.2061,-113.7252,40.53,On Belt
335150,-2.8060,-2.7821,-6.9384,-130.6260,-92.4733,-105.2214,40.39,On Belt
335200,-2.8036,-3.6871,-4.8937,-109.8626,-88.9466,-84.6412,40.67,On Belt
335250,-3.5961,-4.6807,-5.7317,-76.3053,-86.5191,-75.9847,40.86,On Belt
335300,-4.3263,-6.3039,-7.1275,-27.2977,-97.7863,-56.9618,40.39,On Belt
335350,-3.6703,-4.6519,-7.8051,35.7252,-77.3893,-18.4886,40.44,On Belt
335400,-4.5897,-6.1292,-8.5856,74.2595,-41.4504,26.2137,40.34,On Belt
335450,-4.4700,-5.3941,-7.7692,101.7252,-20.4427,49.1603,40.34,On Belt
335500,-5.1404,-6.1435,-8.7101,139.8626,3.0687,44.0611,40.44,On Belt
335550,-11.7795,-3.2106,-9.8569,77.6183,60.5954,0.0153,40.39,On Belt
335600,-8.8681,1.5730,-5.3032,-20.8702,35.9389,68.6107,40.39,On Belt
335650,-4.5011,-1.4844,-4.2162,-12.7634,4.4275,63.5115,40.39,On Belt
335700,-4.7692,-3.0335,-5.0135,-35.4046,25.4198,-3.5573,40.39,On Belt
335750,-7.5441,-1.1684,-5.6312,-112.9313,44.9008,-53.7099,40.58,On Belt
335800,-7.3598,-5.0661,-6.7660,-125.9237,20.2290,-45.2824,40.39,On Belt
335850,-4.7908,-4.8219,-5.4899,-114.6260,19.0687,-67.0229,40.53,On Belt
335900,-5.1858,-5.2984,-5.5450,-132.7786,17.9695,-83.1450,40.58,On Belt
335950,-7.2903,-0.4669,-4.7238,-82.7786,-9.1298,-64.1527,40.39,On Belt
336000,-7.7357,-4.4963,-6.4691,-61.9847,-20.7939,-15.5115,40.39,On Belt
336050,-6.0717,-5.4827,-6.2393,-16.6870,-43.2366,18.5344,40.34,On Belt
336100,-4.1970,-3.7804,-6.1603,47.4962,-37.8931,52.0000,40.58,On Belt
336150,-4.1420,-3.2106,-6.9360,68.2901,-5.4504,74.3053,40.25,On Belt
336200,-5.0877,-3.4141,-8.9184,100.9466,4.4580,107.8321,40.39,On Belt
336250,-4.6064,-2.2529,-7.4555,95.0229,16.5038,145.6794,40.39,On Belt
336300,-4.5418,-3.4453,-6.7564,103.9847,49.5878,113.0076,40.53,On Belt
336350,-6.3111,-6.6080,-10.1825,125.4809,49.5267,108.2748,40.39,On Belt
336400,-1.0487,0.5890,-8.0589,178.4427,98.6107,124.2748,40.34,On Belt
336450,-3.7613,-0.5890,-6.7828,187.4962,172.7176,30.5191,40.44,On Belt
336500,-7.9464,0.5674,-5.8466,116.8702,67.2366,2.3817,40.34,On Belt
336550,-9.8210,-0.8308,-7.5848,-15.3893,-89.3130,-72.9313,40.44,On Belt
336600,-5.9544,-3.3016,-9.8641,-115.8473,-137.6488,-172.1832,40.34,On Belt
336650,-3.9624,-4.5514,-8.3462,-130.0916,-122.4427,-212.1374,40.34,On Belt
336700,-2.8635,-0.9697,-8.4827,-127.4046,-61.0840,-94.9313,40.67,On Belt
336750,-6.1244,-4.5203,-5.5426,-85.0229,-30.3206,-78.8550,40.39,On Belt
336800,-5.2337,-3.5937,-5.2122,-66.7176,-34.4733,-61.6641,40.39,On Belt
336850,-4.8315,-5.2648,-6.3805,-34.4885,-57.2824,-22.5496,40.58,On Belt
336900,-5.0398,-5.2648,-5.8275,-9.5725,-72.1069,-18.6260,40.39,On Belt
336950,-5.6264,-5.7389,-6.7756,1.0992,-89.3893,-6.6107,40.58,On Belt
337000,-5.1930,-5.8538,-6.5673,12.6412,-98.9618,-4.9771,40.72,On Belt
337050,-6.2704,-6.1507,-8.8394,33.1756,-58.9313,-36.3969,40.39,On Belt
337100,-8.9687,1.8148,-11.5975,15.1145,49.4351,29.4962,40.44,On Belt
337150,-8.0302,-1.8818,-5.1834,1.5115,42.7786,92.4885,40.39,On Belt
337200,-2.5690,-1.4174,-2.2889,22.5802,21.7252,85.5420,40.39,On Belt
337250,-3.4740,-2.6624,-3.6224,14.2443,45.6489,19.2824,40.53,On Belt
337300,-6.8235,-5.1332,-6.1268,-55.8321,45.4198,-56.2595,40.34,On Belt
337350,-7.9895,-2.5139,-5.9879,-64.5802,23.7710,-91.6641,40.39,On Belt
337400,-8.1068,-2.2290,-6.3327,-144.9160,-1.6641,-101.6489,40.53,On Belt
337450,-7.1251,-3.7972,-5.9783,-127.8473,-24.1679,-101.0534,40.25,On Belt
337500,-6.0310,-2.5762,-5.2792,-125.3130,-42.9160,-93.2519,40.39,On Belt
337550,-5.8347,-3.4548,-6.0980,-117.8931,-52.7634,-79.9847,40.58,On Belt
337600,-5.9304,-4.0989,-7.1395,-85.0382,-59.8321,-51.3435,40.39,On Belt
337650,-5.3678,-3.2992,-5.7844,-39.6794,-45.2672,16.1527,40.39,On Belt
337700,-5.7557,-5.6838,-6.6104,-15.0992,-20.0763,37.6641,40.67,On Belt
337750,-5.0446,-6.0310,-6.0454,27.2977,-22.7786,48.4275,40.44,On Belt
337800,-2.1500,-2.2027,-6.6559,85.9389,17.5114,41.4809,40.58,On Belt
337850,-6.6535,-3.2058,-11.4802,102.6718,95.1450,146.0763,40.25,On Belt
337900,-3.7517,-0.5435,-7.3310,186.7328,129.3893,193.2824,40.44,On Belt
337950,-2.0758,-0.3448,-7.0653,245.2519,183.1450,152.1679,40.67,On Belt
338000,-6.2273,-2.1428,-7.9990,243.3130,204.0763,70.9466,40.34,On Belt
338050,-9.9335,-1.3934,-8.0661,174.9160,61.8626,31.8779,40.44,On Belt
338100,-7.6112,0.5363,-10.3070,29.4198,-102.6718,-28.3359,40.39,On Belt
338150,-3.9911,-1.9800,-11.9542,-101.3740,-122.6107,-117.0687,40.67,On Belt
338200,-1.3264,0.8978,-10.8314,-143.6794,-73.0840,-61.4046,40.44,On Belt
338250,-4.0151,-3.6272,-6.1866,-111.4198,-31.7557,-23.6947,40.44,On Belt
338300,-3.7086,-4.4029,-4.6950,-85.2061,-37.0687,-17.8473,40.53,On Belt
338350,-4.8530,-5.6767,-5.3127,-58.7023,-77.3588,6.4275,40.44,On Belt
338400,-4.6663,-6.0765,-5.8778,1.4351,-93.5878,-6.3969,40.58,On Belt
338450,-5.5043,-6.6008,-7.1970,32.1374,-99.4198,-15.3588,40.39,On Belt
338500,-4.7309,-6.2920,-6.8259,73.0076,-110.9771,-12.3817,40.67,On Belt
338550,-6.8187,-2.1787,-10.5848,144.8550,-49.8473,56.9771,40.44,On Belt
338600,-15.2128,-2.8874,-9.7229,138.4122,38.5344,90.2748,40.67,On Belt
338650,-5.1044,-0.7901,-5.0182,85.8473,32.6107,113.6947,40.34,On Belt
338700,-2.2098,-0.0479,-2.5642,69.3893,50.0000,84.4580,40.39,On Belt
338750,-4.8195,-2.3008,-4.4628,25.3588,53.3893,25.5420,40.53,On Belt
338800,-5.3774,-1.9345,-4.2832,-51.6641,48.5649,-84.3664,40.67,On Belt
338850,-7.5441,1.1085,-5.0350,-143.6336,48.7176,-113.0687,40.44,On Belt
338900,-7.7165,-7.6183,-8.6981,-181.2824,44.6718,-148.1527,40.44,On Belt
338950,-5.7389,-5.4420,-6.1124,-181.9084,22.4275,-155.5878,40.39,On Belt
339000,-8.5976,1.0439,-5.6407,-171.0076,15.7252,-123.9084,40.34,On Belt
339050,-9.0190,-5.1858,-6.0573,-111.4809,-11.1450,-33.2672,40.53,On Belt
339100,-7.8003,-4.7812,-4.5586,-80.8550,-16.2595,38.3206,40.44,On Belt
339150,-7.9511,-7.5130,-5.4803,25.9389,-35.2672,100.1374,40.39,On Belt
339200,-4.7716,-5.4731,-5.5282,96.0305,-38.8550,98.6107,40.39,On Belt
339250,-4.7860,-5.3223,-6.3662,132.9313,-43.2977,88.8244,40.34,On Belt
339300,-5.4061,-5.8658,-7.8027,157.0840,-54.9618,80.5649,40.58,On Belt
339350,-2.2003,-0.0311,-10.5010,207.7863,-47.1756,143.4657,40.44,On Belt
339400,-4.4628,-3.0909,-8.4707,172.7634,36.6260,195.4962,40.25,On Belt
339450,-3.5769,-3.3184,-5.5402,170.8855,42.1374,170.9618,40.34,On Belt
339500,-5.8706,-6.0621,-7.7644,165.6488,53.2214,122.0305,40.53,On Belt
339550,-3.8307,-0.2753,-10.7907,246.0611,72.4885,104.6565,40.44,On Belt
339600,-6.8307,2.4924,-9.1626,165.4504,131.1450,124.1069,40.72,On Belt
339650,-5.1571,1.8986,-6.5027,98.3206,116.7634,61.8473,40.44,On Belt
339700,-4.3455,0.5315,-4.0725,27.3588,60.7939,2.3664,40.25,On Belt
339750,-5.9831,-4.5035,-6.4236,-21.5114,10.8702,-58.7176,40.67,On Belt
339800,-5.9424,-6.5481,-7.4292,-6.8092,-15.4198,-110.0153,40.44,On Belt
339850,-6.5912,-2.3655,-8.3294,30.3206,-32.6718,-109.3893,40.44,On Belt
339900,-13.7379,2.1189,-6.8714,-38.4885,-62.4580,38.7481,40.39,On Belt
339950,-6.7205,-1.4245,-6.2177,-22.8397,-65.6031,67.5725,40.39,On Belt
340000,-4.6208,-4.6807,-6.0837,-5.7252,-56.3817,61.5267,40.58,On Belt
340050,-4.3910,-5.2960,-5.9927,7.0076,-44.3053,27.5878,40.72,On Belt
340100,-4.3191,-6.1746,-6.6750,-3.1298,-19.4656,-11.4504,40.44,On Belt
340150,-3.1364,-2.0758,-6.6583,43.1756,-9.7405,-11.4351,40.25,On Belt
340200,-8.8107,-1.2163,-5.1284,36.3053,48.6412,30.3053,40.34,On Belt
340250,-7.6830,-4.0749,-6.7493,51.9237,19.9237,33.0687,40.39,On Belt
340300,-5.7102,-1.8675,-6.0645,13.6794,14.0000,26.9160,40.58,On Belt
340350,-7.4986,-1.8411,-5.9424,-3.8931,30.6565,12.6107,40.39,On Belt
340400,-6.8187,-1.9513,-5.3079,-25.6336,12.5649,0.6565,40.58,On Belt
340450,-5.4444,-2.7031,-5.0925,-48.0000,12.3817,-13.3588,40.67,On Belt
340500,-4.9488,-4.0294,-6.4452,-35.0229,38.0305,-23.6031,40.67,On Belt
340550,-6.1220,-3.5482,-6.5697,-11.5267,54.3511,-6.3053,40.25,On Belt
340600,-6.6463,-3.1556,-6.9408,22.6260,69.4351,16.3817,40.53,On Belt
340650,-5.8897,-3.6488,-7.4771,54.8550,86.7328,38.6718,40.67,On Belt
340700,-5.6312,-3.3495,-6.9815,70.1527,96.7176,55.7710,40.58,On Belt
340750,-6.2944,-3.1915,-6.7612,76.8397,68.2748,82.8092,40.34,On Belt
340800,-5.5186,-2.3272,-6.1890,54.3817,32.6565,91.7405,40.39,On Belt
340850,-4.2138,-2.6552,-6.3686,28.1985,14.3206,84.0305,40.67,On Belt
340900,-4.7118,-3.7158,-6.1770,15.8779,-8.6718,78.8244,40.53,On Belt
340950,-5.1715,-5.3079,-7.0557,16.5344,-28.9771,65.4962,40.39,On Belt
341000,-4.3598,-3.5721,-7.8961,37.6489,-21.1450,59.3588,40.25,On Belt
341050,-6.8977,-2.6121,-7.7428,44.4733,-0.9924,88.9008,40.39,On Belt
341100,-5.5043,-2.8563,-5.7174,36.2443,-23.7863,89.9389,40.58,On Belt
341150,-4.5729,-3.9385,-5.7413,34.7023,-38.0000,63.0534,40.44,On Belt
341200,-5.0039,-4.5993,-6.2513,41.2519,-52.3664,36.2290,40.44,On Belt
341250,-5.1164,-4.4436,-6.5649,45.0534,-59.3893,1.9695,40.58,On Belt
341300,-5.3893,-1.4078,-8.8825,58.2748,-30.4275,18.2748,40.67,On Belt
341350,-8.7197,-1.3623,-7.5776,46.0916,-8.6870,49.3893,40.53,On Belt
341400,-7.2784,-2.2936,-6.5050,15.2977,-26.9466,55.5420,40.34,On Belt
341450,-5.9951,-2.7390,-6.2153,-7.0840,-13.5267,3.4504,40.58,On Belt
341500,-4.6711,-1.3479,-4.5993,-52.7634,9.7863,-30.8092,40.20,On Belt
341550,-6.2704,-3.0813,-5.4061,-61.7252,22.5344,-54.5496,40.39,On Belt
341600,-6.8498,-1.6448,-5.5641,-68.3664,26.9008,-50.9160,40.44,On Belt
341650,-6.2417,-3.8020,-6.0597,-93.4962,52.3817,-72.3969,40.25,On Belt
341700,-6.1890,-5.2696,-5.9711,-112.3817,58.6107,-94.9313,40.58,On Belt
341750,-5.3870,-5.4348,-5.6479,-122.3511,59.6031,-114.3053,40.58,On Belt
341800,-6.8977,-5.8538,-6.5170,-125.5573,58.0305,-124.7481,40.39,On Belt
341850,-10.0269,-3.7278,-6.3327,-107.8473,33.5878,-19.8168,40.44,On Belt
341900,-7.1635,-5.1260,-4.3622,-33.8473,32.1832,48.5038,40.25,On Belt
341950,-7.4460,-5.8203,-4.3335,45.0229,27.2824,78.9313,40.34,On Belt
342000,-6.5505,-6.6367,-6.0166,119.8321,-15.5878,104.9924,40.39,On Belt
342050,-3.2298,-3.0335,-7.8793,170.9618,-24.9160,142.9771,40.53,On Belt
342100,-4.2138,-3.9241,-8.6167,170.0916,5.9542,197.5573,40.53,On Belt
342150,-5.1619,-4.4460,-8.5952,187.0840,-1.6641,237.0687,40.34,On Belt
342200,-5.4540,-4.9488,-7.0413,187.5725,-14.6260,247.7405,40.53,On Belt
342250,-5.5809,-4.2617,-6.8235,156.1069,-19.2672,223.3588,40.44,On Belt
342300,-5.8419,-4.3383,-7.0198,116.1679,-29.6489,195.9542,40.25,On Belt
342350,-5.2720,-4.4580,-7.1491,77.0382,-29.3893,157.5267,40.53,On Belt
342400,-4.7190,-4.4029,-7.3646,46.5344,-21.3740,104.9160,40.53,On Belt
342450,-4.0175,-2.9018,-6.5697,36.7023,16.6565,-10.3511,40.58,On Belt
342500,-7.5537,-5.3319,-8.6048,-5.2672,6.7634,-98.5649,40.53,On Belt
342550,-5.5354,-2.8252,-6.7732,-30.3053,22.8702,-181.5420,40.53,On Belt
342600,-6.1890,3.0646,-8.3246,-142.9466,64.3206,-129.1298,40.06,On Belt
342650,-4.7214,-2.4804,-6.8450,-95.2214,106.5649,-123.9542,40.44,On Belt
342700,-5.1020,-5.8299,-6.3183,-63.4351,110.1985,-138.0153,40.34,On Belt
342750,-7.6495,-6.3279,-8.0445,-28.7939,79.3435,-136.3664,40.34,On Belt
342800,-11.3868,-0.7207,-8.8442,-20.0153,50.6870,-61.9847,40.34,On Belt
342850,-7.8554,-1.1061,-9.0764,18.8397,51.2519,-17.6794,40.25,On Belt
342900,-5.3534,-1.6065,-6.6990,10.7786,55.1756,14.1069,40.39,On Belt
342950,-5.1715,-2.3703,-5.3367,-3.1603,4.2595,32.4275,40.44,On Belt
343000,-4.1731,-2.6336,-4.5466,-17.9389,-49.2519,21.4504,40.39,On Belt
343050,-4.4293,-3.7062,-5.8514,11.0229,-121.9084,29.2977,40.39,On Belt
343100,-4.7094,-4.7980,-7.9655,33.9542,-148.1374,17.9389,40.39,On Belt
343150,-5.3127,-7.7141,-10.2376,61.1298,-170.9008,15.5573,40.44,On Belt
343200,-4.3359,-2.6456,-12.0859,93.2366,-92.4580,-4.5649,40.44,On Belt
343250,-11.4179,3.0813,-7.8434,45.5267,36.9924,39.5267,40.53,On Belt
343300,-7.3430,-0.1317,-4.3574,-64.0611,-38.7176,24.0916,40.39,On Belt
343350,-3.0071,-0.8619,-2.8946,-57.2519,-46.7634,10.6565,40.39,On Belt
343400,-3.8810,-0.6369,-3.6536,-89.4657,-3.2366,-42.4885,40.15,On Belt
343450,-8.4156,-2.5259,-6.2058,-147.8779,22.0611,-64.5649,40.44,On Belt
343500,-9.4978,-3.9792,-5.9592,-113.9542,-13.3435,-39.2824,40.39,On Belt
343550,-7.0390,-3.7062,-4.9057,-114.3359,-22.5802,-47.2977,40.58,On Belt
343600,-7.8650,-3.6320,-4.1827,-110.5954,-36.1527,-45.6489,40.06,On Belt
343650,-7.5274,-2.7892,-3.5889,-58.9771,-41.4809,-19.5114,40.53,On Belt
343700,-6.3686,-4.4532,-5.1691,-25.1298,-24.0305,-3.8321,40.39,On Belt
343750,-5.2289,-4.4484,-6.1268,20.0000,-1.7557,31.8168,40.67,On Belt
343800,-6.1052,-3.9169,-6.3398,70.1832,33.4504,47.3435,40.44,On Belt
343850,-7.7165,-1.4269,-5.8442,101.3435,39.7099,65.7252,40.53,On Belt
343900,-8.2408,-1.4269,-6.3758,72.2137,19.9084,85.5573,40.53,On Belt
343950,-7.0581,-1.6735,-5.9664,50.6412,3.5267,86.1985,40.39,On Belt
344000,-5.0661,-1.8938,-6.1244,46.1374,13.8779,50.5649,40.34,On Belt
344050,-5.0470,-2.2841,-9.2727,56.9160,34.9008,46.1069,40.25,On Belt
344100,-4.5945,0.4070,-6.4356,48.0458,102.8244,46.3359,40.39,On Belt
344150,-3.7661,0.3998,-5.9424,85.3588,160.5649,47.1908,40.58,On Belt
344200,-6.5170,-2.4229,-6.5601,111.7252,199.3130,-23.2519,40.39,On Belt
344250,-8.2720,-4.3120,-6.6463,111.4351,119.3893,-20.1069,40.53,On Belt
344300,-9.1506,1.7741,-9.9000,67.5420,14.6870,-56.6718,40.34,On Belt
344350,-6.0549,1.4222,-10.4770,-25.2824,-34.1679,-62.8855,40.58,On Belt
344400,-4.2904,-1.9154,-6.8283,-56.4427,-64.0153,-50.0153,40.34,On Belt
344450,-3.4668,-3.2848,-4.7525,-44.2595,-74.6565,-30.8550,40.06,On Belt
344500,-4.1731,-4.0749,-4.7118,-28.5191,-97.0382,-22.8244,40.39,On Belt
344550,-4.4939,-4.7262,-6.3949,8.3969,-109.1450,-16.7481,40.72,On Belt
344600,-5.4684,-6.6702,-9.1530,50.4275,-96.3511,-9.0076,40.44,On Belt
344650,-4.8818,-5.4300,-9.8569,90.1985,-83.5725,23.8473,40.39,On Belt
344700,-7.8721,-3.5051,-12.4858,70.6870,2.7176,53.9389,40.25,On Belt
344750,-11.8633,4.0175,-6.0621,40.8855,30.7939,69.0687,40.44,On Belt
344800,-6.9743,-1.8220,-5.4372,-43.8168,-35.5725,42.8244,40.58,On Belt
344850,-3.9983,-1.0918,-3.2753,-46.6107,-60.9771,21.8168,40.44,On Belt
344900,-4.2784,-0.3950,-3.7828,-108.4885,-9.1298,-44.5344,40.44,On Belt
344950,-6.7564,-3.6583,-5.6838,-148.2443,7.7863,-62.8397,40.53,On Belt
345000,-6.9384,-4.5274,-6.0573,-133.1145,-1.3130,-60.5802,40.34,On Belt
345050,-6.5936,-4.6687,-5.6312,-124.2290,1.2366,-70.1374,40.58,On Belt
345100,-7.9895,-2.2051,-4.2186,-104.0763,-10.0153,-42.3817,40.25,On Belt
345150,-7.1443,-4.1037,-4.3958,-59.4046,-5.6183,-17.5114,40.25,On Belt
345200,-6.1531,-4.6184,-4.2856,-20.9008,-5.4962,-5.2366,40.39,On Belt
345250,-6.7947,-4.3239,-5.7772,35.3435,0.8244,18.1374,40.39,On Belt
345300,-7.0964,-2.7485,-5.8131,76.5954,11.3588,54.7939,40.20,On Belt
345350,-6.9480,-1.9058,-6.2106,71.0382,8.1374,71.3435,40.39,On Belt
345400,-5.5258,-1.8842,-6.4356,62.5038,8.6412,77.8931,40.34,On Belt
345450,-6.1579,-2.5091,-6.4524,52.5191,14.2290,66.1069,40.39,On Belt
345500,-6.6750,-4.0654,-7.5250,53.7405,-16.1985,81.2824,40.34,On Belt
345550,-4.0414,-1.2665,-7.6040,68.2443,-6.1221,92.3053,40.67,On Belt
345600,-6.1962,-3.3399,-9.8785,79.1145,48.3359,63.3588,40.44,On Belt
345650,-4.9273,-0.6871,-9.7731,116.3359,84.5191,71.2672,40.53,On Belt
345700,-3.2154,2.8299,-6.6822,94.8702,148.3817,43.3282,40.25,On Belt
345750,-6.8594,-0.2873,-4.6064,24.1985,129.5114,-80.9313,40.25,On Belt
345800,-7.8458,-2.0782,-4.1851,-24.9618,20.1527,-138.0611,40.86,On Belt
345850,-8.4707,-5.5929,-9.0501,-46.8244,-59.2214,-197.3282,40.53,On Belt
345900,-6.5266,0.3208,-9.6989,-81.6489,24.6412,-113.0076,40.44,On Belt
345950,-6.0956,-2.9521,-5.8371,-42.5496,19.5725,-52.6107,40.44,On Belt
346000,-4.0055,-2.8970,-3.8044,-19.5573,3.1145,-31.5267,40.06,On Belt
346050,-4.4341,-4.2138,-4.3191,-11.5267,-31.1756,-35.8321,40.44,On Belt
346100,-4.9512,-4.3742,-5.7365,14.3511,-67.6794,-33.2977,40.53,On Belt
346150,-4.3167,-3.3064,-8.0158,44.7939,-64.2443,15.5878,40.58,On Belt
346200,-5.2026,-5.2553,-8.1475,72.5649,-49.8168,41.4809,40.44,On Belt
346250,-5.5067,-4.0582,-7.9966,77.9695,-60.9313,41.4198,40.58,On Belt
346300,-5.5186,-5.0613,-8.0206,63.4809,-92.3053,19.3282,40.53,On Belt
346350,-9.1051,-5.7581,-13.6039,10.1985,-39.0687,-16.9313,40.39,On Belt
346400,-9.2680,1.1947,-6.0597,-38.2137,25.9237,45.7863,40.39,On Belt
346450,-6.0262,-2.9161,-4.6017,-16.4580,-6.3206,37.3130,40.53,On Belt
346500,-4.2665,-0.1293,-2.7557,-31.1145,-5.9695,20.9466,40.34,On Belt
346550,-5.2744,-1.8435,-4.7190,-98.6260,45.9389,-44.5954,40.53,On Belt
346600,-6.5984,-4.7740,-5.9544,-99.0534,31.4351,-44.6260,40.53,On Belt
346650,-7.5968,-4.1276,-5.8227,-91.5878,15.8473,-40.0763,40.39,On Belt
346700,-8.7005,-2.2194,-5.1571,-63.6336,5.7557,-9.2214,40.44,On Belt
346750,-7.8841,-4.1300,-5.1140,-32.2748,-0.8092,19.1908,40.39,On Belt
346800,-6.2656,-4.8387,-4.6783,15.2061,-15.5115,49.6336,40.39,On Belt
346850,-5.0829,-5.0518,-6.2848,75.9542,-19.6794,77.9847,40.44,On Belt
346900,-4.7094,-3.3902,-6.9647,124.4580,-12.2748,103.8015,40.39,On Belt
346950,-4.8339,-2.0159,-8.2073,143.1908,5.6794,131.0687,40.39,On Belt
347000,-4.8435,-3.1268,-7.0605,128.7939,18.7328,139.2977,40.53,On Belt
347050,-5.4253,-3.6679,-6.5170,106.5191,12.2290,117.2519,40.25,On Belt
347100,-4.7381,-2.9066,-6.1531,93.8473,-5.8321,92.7939,40.39,On Belt
347150,-5.3606,-1.8723,-9.5505,89.7557,41.1603,30.4427,40.44,On Belt
347200,-5.7940,-3.2178,-10.8649,75.4809,66.6718,30.3511,40.25,On Belt
347250,-3.7781,0.3376,-7.5298,58.8244,108.0153,33.7557,40.44,On Belt
347300,-4.5466,0.9266,-5.7844,41.9542,136.0458,-49.9695,40.34,On Belt
347350,-7.3837,-3.0239,-5.1882,18.9008,66.7023,-88.2748,40.53,On Belt
347400,-7.6207,-3.7134,-9.1674,19.0534,-10.1832,-87.4351,40.25,On Belt
347450,-6.5649,0.5531,-10.1490,-29.7710,0.9008,-57.2824,40.39,On Belt
347500,-5.0470,-2.0327,-7.2520,-52.1069,-3.8015,-40.7481,40.58,On Belt
347550,-4.2976,-3.9433,-5.1691,-44.9924,-14.1679,-29.6641,40.44,On Belt
347600,-3.9528,-4.8171,-5.1571,-29.3740,-24.2748,-36.3206,40.44,On Belt
347650,-4.2425,-4.6208,-6.5553,2.7481,-35.0229,-27.6641,40.53,On Belt
347700,-4.2737,-2.1284,-7.6519,37.0992,-20.2901,30.7786,40.53,On Belt
347750,-5.9376,-1.9369,-6.5242,31.9695,-25.8473,53.1145,40.15,On Belt
347800,-5.5665,-3.4237,-6.3662,3.9237,-70.8092,41.7405,40.39,On Belt
347850,-5.3678,-4.9273,-7.1970,-12.8855,-108.5649,9.3435,40.34,On Belt
347900,-4.8530,-5.5785,-7.5705,-4.5344,-116.1832,-16.5496,40.39,On Belt
347950,-4.3694,-3.7302,-8.8155,36.7634,-106.5649,-21.7099,40.39,On Belt
348000,-10.9080,-2.0830,-9.3685,12.9466,-5.8779,35.3130,40.15,On Belt
348050,-10.8266,-1.8579,-7.2856,-13.3588,-11.3588,33.7099,40.58,On Belt
348100,-4.3718,-1.1325,-3.8810,-61.3893,7.2824,11.1145,40.44,On Belt
348150,-2.8012,-2.7007,-3.0430,-65.4809,16.1527,-17.1756,40.44,On Belt
348200,-3.8690,-3.2082,-4.0797,-63.5115,27.2672,-58.8702,40.44,On Belt
348250,-6.9767,-2.6336,-5.9927,-120.6412,63.5267,-121.5267,40.25,On Belt
348300,-8.3821,-5.0350,-7.5848,-153.9695,52.5191,-112.6107,40.25,On Belt
348350,-9.1937,-3.4500,-6.2130,-147.7557,33.2519,-70.2901,40.39,On Belt
348400,-7.3789,-5.3391,-5.3056,-80.3817,15.0992,-19.9847,40.34,On Belt
348450,-5.9999,-4.5442,-3.6823,-50.7328,17.2366,-3.8015,40.39,On Belt
348500,-6.9384,-5.5162,-5.2672,17.2214,14.6107,28.7481,40.53,On Belt
348550,-6.9432,-5.2457,-6.4548,83.6183,13.5573,83.7099,40.39,On Belt
348600,-4.8219,-3.9552,-6.8115,143.3893,4.7481,118.6107,40.39,On Belt
348650,-4.5586,-3.1460,-7.4747,143.8015,10.6718,129.4657,40.67,On Belt
348700,-4.9009,-2.5690,-8.3965,150.1069,8.9924,145.4962,40.53,On Belt
348750,-5.2984,-2.3774,-8.0206,109.1908,24.7481,157.1908,40.44,On Belt
348800,-5.4564,-3.6368,-6.1890,88.2137,14.1221,147.9542,40.67,On Belt
348850,-5.6814,-4.0725,-5.9687,69.8015,-12.7023,120.2443,40.53,On Belt
348900,-4.6831,-4.0031,-6.1292,67.8473,-29.3588,68.9008,40.44,On Belt
348950,-4.5801,-2.2098,-10.1658,47.6947,12.0916,39.8931,40.39,On Belt
349000,-6.6535,-0.4022,-7.4196,22.6565,83.7557,38.1527,40.34,On Belt
349050,-7.2520,-0.5243,-6.1028,3.0840,73.0687,47.8779,40.39,On Belt
349100,-5.6336,-0.8332,-6.0214,2.7786,73.6641,53.2061,40.53,On Belt
349150,-5.6910,-2.4732,-6.9001,28.1832,90.7786,51.5115,40.53,On Belt
349200,-6.3494,-1.3216,-7.3071,67.6489,81.6336,76.1374,40.44,On Belt
349250,-6.3710,-0.8475,-7.1970,87.3588,78.0916,91.8931,40.72,On Belt
349300,-5.5952,-0.3065,-6.7684,90.6870,59.0076,88.9160,40.44,On Belt
349350,-5.4300,-0.6967,-7.5178,64.2748,31.9389,67.4657,40.39,On Belt
349400,-4.9488,-0.7350,-8.4013,37.5420,0.7786,56.7939,40.44,On Belt
349450,-4.6400,-1.1444,-8.2552,11.7863,-5.6641,43.8168,40.34,On Belt
349500,-4.4029,-1.7980,-7.2496,5.6947,-17.4351,37.6031,40.67,On Belt
349550,-4.2760,-2.2817,-7.6782,16.4580,-19.2977,37.0992,40.44,On Belt
349600,-4.7190,-1.7837,-8.2313,29.4046,-15.1756,43.4962,40.44,On Belt
349650,-5.0230,-1.2402,-7.5441,13.5878,-24.9924,34.7634,40.39,On Belt
349700,-4.3958,-2.0782,-6.6702,-5.0992,-42.1679,9.4198,40.39,On Belt
349750,-3.8068,-2.7988,-7.6064,-2.6565,-23.3740,-0.6412,40.34,On Belt
349800,-4.8818,-3.8068,-8.5497,31.4046,14.8092,20.9466,40.39,On Belt
349850,-5.9496,-0.9553,-6.3111,56.7328,-13.1450,34.0916,40.72,On Belt
349900,-5.8538,-1.2570,-8.0302,19.4962,-36.1679,15.1450,40.53,On Belt
349950,-5.0278,-2.2338,-7.7333,-25.4656,-44.7328,-19.7557,40.34,On Belt
350000,-3.3040,-2.6360,-7.6447,-53.3893,-19.4046,-29.9389,40.44,On Belt
350050,-2.9688,-2.2745,-5.3726,-46.3359,24.4275,-27.2824,40.25,On Belt
350100,-4.1875,-3.9696,-5.2768,-33.0534,41.3435,-29.3893,40.15,On Belt
350150,-4.1013,-2.4397,-5.2241,-5.3893,49.3435,-17.9542,40.53,On Belt
350200,-4.7716,-4.0749,-6.1890,26.3511,59.1298,-0.7481,40.39,On Belt
350250,-4.8315,-1.8986,-6.2944,49.0992,47.7252,8.1985,40.39,On Belt
350300,-6.0741,-1.1325,-7.2592,-3.5115,34.9466,-20.7786,40.39,On Belt
350350,-5.2098,-1.6831,-6.5434,-33.5267,5.5115,-12.1221,40.53,On Belt
350400,-4.6615,-3.8810,-5.9304,-3.9237,-4.3206,-7.8473,40.25,On Belt
350450,-5.4612,-4.5538,-6.2537,22.6260,-32.1069,-13.2824,40.39,On Belt
350500,-4.9775,-2.4732,-7.4196,28.1985,-43.4962,-8.0916,40.44,On Belt
350550,-5.8466,-3.0406,-7.6064,18.0000,-40.6412,-1.9389,40.44,On Belt
350600,-5.3271,-3.5530,-6.0262,12.7939,-65.1603,-24.2290,40.25,On Belt
350650,-4.9344,-4.4365,-8.7388,3.0076,-71.0840,-34.2137,40.25,On Belt
350700,-4.3527,-3.0071,-6.8761,15.8626,-18.2290,14.5038,40.25,On Belt
350750,-5.5162,-5.3582,-7.3191,32.8092,2.7786,11.7252,40.58,On Belt
350800,-5.9376,-5.0781,-7.7357,28.0153,21.4962,-15.9847,40.34,On Belt
350850,-6.2800,-4.4700,-8.0158,37.2366,29.4504,3.8626,40.53,On Belt
350900,-5.9448,-3.3686,-6.0430,15.6336,35.2672,-3.1450,40.44,On Belt
350950,-7.1898,-5.3223,-7.5393,-20.0000,11.5420,-9.2366,40.44,On Belt
351000,-6.8067,-5.7006,-7.6710,-2.1221,-0.3053,-2.6565,40.39,On Belt
351050,-6.6559,-5.5426,-7.7093,0.1527,0.2290,3.7863,40.58,On Belt
351100,-7.1108,-5.7748,-7.7596,9.2672,0.2901,1.7252,40.44,On Belt
351150,-7.3837,-5.2098,-7.3430,12.8092,-2.3206,1.5878,40.25,On Belt
351200,-7.0964,-4.7357,-6.7636,12.3969,-15.1603,16.9160,40.39,On Belt
351250,-6.8426,-4.6711,-6.5912,2.6565,-32.0305,8.5038,40.44,On Belt
351300,-5.7700,-4.2114,-6.3183,-11.2672,-40.0611,8.3206,40.44,On Belt
351350,-4.7549,-4.3503,-6.4572,-17.1756,-27.0382,11.8473,40.25,On Belt
351400,-3.3040,-4.6950,-6.7708,-12.3359,2.5344,12.3206,40.44,On Belt
351450,0.8835,-4.0893,-8.6598,-8.3206,65.4198,27.5725,40.34,On Belt
351500,-6.7253,-3.1268,-9.3278,15.0229,141.0687,-38.0153,40.34,On Belt
351550,-6.3518,0.3448,-5.4731,-108.3511,71.6031,-30.5649,40.34,On Belt
351600,-5.9161,-6.5697,-9.3494,-100.1374,46.5038,-15.5267,40.39,On Belt
351650,-4.8578,-5.1404,-6.3662,-46.7481,66.1832,-17.8931,40.44,On Belt
351700,-4.3622,-2.6408,-3.8642,-35.4046,42.3969,-2.4427,40.58,On Belt
351750,-4.7190,-4.6687,-4.2138,-17.4351,7.7099,-0.0305,40.44,On Belt
351800,-5.7174,-4.3886,-5.5426,26.7939,-23.4656,-5.2824,40.34,On Belt
351850,-6.1723,-2.0734,-9.0429,45.3282,-31.6947,45.0840,40.25,On Belt
351900,-5.3558,-1.8699,-7.6686,12.1374,-45.9389,57.6794,40.39,On Belt
351950,-5.4372,-3.9073,-6.6798,-12.1069,-87.8015,32.0916,40.39,On Belt
352000,-3.6775,-3.1532,-6.6128,10.1221,-105.2519,34.6260,40.39,On Belt
352050,-3.3255,-3.0071,-6.1268,23.4351,-74.0000,45.2214,40.58,On Belt
352100,-4.1659,-4.1180,-5.9089,36.0916,-64.1679,36.7939,40.39,On Belt
352150,-4.3191,-3.4524,-6.9599,43.0992,-49.3740,22.8244,40.72,On Belt
352200,-4.8578,-1.8148,-7.1946,44.4122,-7.7252,29.3435,40.44,On Belt
352250,-5.9304,-1.7238,-5.9592,20.8702,4.6870,26.6565,40.67,On Belt
352300,-5.5545,-2.7701,-6.0023,0.1069,5.9237,5.8015,40.44,On Belt
352350,-6.3063,-2.3463,-5.6096,-3.0229,9.8168,-16.0153,40.44,On Belt
352400,-6.6152,-1.8028,-6.1507,-22.7786,18.9313,-11.7405,40.39,On Belt
352450,-6.6439,-2.9018,-5.7964,-20.7786,17.1450,-12.0153,40.34,On Belt
352500,-6.4979,-2.8874,-5.8921,-25.9237,20.3969,-18.3053,40.53,On Belt
352550,-6.7684,-2.6169,-5.8323,-21.2824,20.7023,-20.5038,40.53,On Belt
352600,-7.5657,-2.3894,-6.2153,-22.6412,22.3817,-22.4275,40.53,On Belt
352650,-7.4555,-2.0710,-5.9137,-28.1985,19.9084,-20.8092,40.34,On Belt
352700,-7.2999,-2.7150,-5.7604,-30.7328,15.7863,-20.1527,40.34,On Belt
352750,-6.6559,-2.5857,-5.6671,-27.6641,10.0763,-15.0687,40.25,On Belt
352800,-6.6870,-2.8204,-5.9065,-14.7481,8.0916,-4.8244,40.58,On Belt
352850,-6.0023,-2.9281,-6.3183,5.6031,7.7252,4.7023,40.58,On Belt
352900,-6.0765,-3.0119,-6.3997,17.0687,12.5802,17.2519,40.58,On Belt
352950,-6.3710,-2.5905,-6.2465,32.5496,11.6183,24.8855,40.39,On Belt
353000,-5.8802,-2.4780,-6.8857,33.4198,12.2748,33.7557,40.39,On Belt
353050,-5.4875,-2.5259,-6.6487,38.7481,14.3817,30.2748,40.44,On Belt
353100,-5.3702,-2.4972,-7.0342,32.2290,6.7939,21.9237,40.34,On Belt
353150,-5.5617,-1.7454,-7.1754,13.2824,11.2061,8.8550,40.53,On Belt
353200,-5.1834,-1.7526,-7.3717,-11.0229,7.2366,-10.5038,40.39,On Belt
353250,-5.0230,-2.3128,-7.1132,-33.4962,12.3053,-27.5267,40.39,On Belt
353300,-4.7190,-3.0837,-6.5912,-34.8397,19.9695,-33.1756,40.34,On Belt
353350,-4.8674,-3.1651,-6.2297,-11.7252,32.5802,-30.7481,40.44,On Belt
353400,-5.4253,-3.6296,-6.5218,7.4962,39.0229,-18.0611,40.25,On Belt
353450,-6.1268,-3.4836,-6.6295,31.3588,33.2519,-7.7557,40.34,On Belt
353500,-5.0877,-1.2043,-6.7852,22.2901,11.8321,-5.3740,40.39,On Belt
353550,-5.5450,-3.0909,-6.6463,-3.0229,-10.5649,-14.4885,40.44,On Belt
353600,-4.0175,-2.5594,-5.8849,-28.5344,-39.0992,-30.5496,40.44,On Belt
353650,-3.7469,-3.8978,-5.7437,-15.7405,-29.4046,-23.5420,40.58,On Belt
353700,-4.0725,-4.3120,-5.4708,11.1298,-33.6031,-17.0992,40.34,On Belt
353750,-4.7238,-4.1492,-5.8969,10.7328,-42.7023,-11.9084,40.34,On Belt
353800,-5.1978,-4.4341,-6.4476,21.6336,-50.0611,-26.9466,40.72,On Belt
353850,-5.0446,-3.5769,-6.3662,14.2595,-60.5802,-17.3282,40.25,On Belt
353900,-4.8842,-3.8116,-6.0238,14.5496,-46.1679,-24.8244,40.53,On Belt
353950,-5.3223,-5.4492,-7.4244,5.8473,-53.0992,-17.0687,40.39,On Belt
354000,-3.9241,-2.2960,-6.6415,5.6489,-3.2672,14.9313,40.39,On Belt
354050,-4.6519,-4.5490,-6.2177,-8.8550,30.9313,21.7405,40.34,On Belt
354100,-4.8961,-4.9704,-6.0023,-8.2748,46.7634,1.7099,40.34,On Belt
354150,-5.8466,-6.5841,-6.9791,-4.7634,38.7481,-5.9084,40.44,On Belt
354200,-5.6192,-5.2433,-6.4260,1.1450,38.5954,-22.6107,40.39,On Belt
354250,-6.2465,-3.5626,-6.2249,16.8855,43.8321,-3.7710,40.53,On Belt
354300,-6.8043,-5.1978,-7.0413,21.8321,53.9389,30.2290,40.58,On Belt
354350,-6.2345,-5.2289,-6.7612,23.4198,27.0076,23.2519,40.53,On Belt
354400,-6.0573,-4.8914,-6.5170,4.4885,3.6947,0.3053,40.39,On Belt
354450,-7.0605,-6.9168,-8.2289,-9.5267,-19.9542,-20.9008,40.34,On Belt
354500,-6.2656,-6.3734,-8.6000,-4.9008,-24.8397,-27.1298,40.53,On Belt
354550,-6.0094,-5.0829,-8.3821,11.8015,-4.1985,6.8397,40.58,On Belt
354600,-7.3119,-5.8993,-7.8506,16.8550,7.5420,15.8626,40.34,On Belt
354650,-7.2089,-5.1260,-7.0868,7.3282,-9.7557,15.6489,40.39,On Belt
354700,-6.5050,-4.6543,-6.4117,-21.2519,-35.2061,13.3740,40.39,On Belt
354750,-5.8419,-4.9871,-6.0765,-24.9466,-46.6412,23.8779,40.39,On Belt
354800,-4.8866,-5.0733,-5.6767,-23.9389,-47.7710,11.7557,40.34,On Belt
354850,-4.4460,-4.8171,-5.2385,-21.2061,-45.9084,-0.4885,40.39,On Belt
354900,-4.7549,-4.8483,-5.6216,-19.0687,-35.1603,-13.8321,40.34,On Belt
354950,-5.6790,-4.0989,-4.9249,-12.4885,-26.3817,0.6565,40.39,On Belt
355000,-5.6910,-4.2641,-4.7621,-2.7328,-22.8855,11.8779,40.67,On Belt
355050,-5.3343,-3.8618,-4.5825,2.4122,-14.1985,12.7939,40.39,On Belt
355100,-5.4133,-4.0199,-4.7692,3.4198,-5.9389,14.9618,40.58,On Belt
355150,-5.6838,-3.6966,-4.6448,12.9008,0.8244,22.7939,40.34,On Belt
355200,-6.3039,-4.0342,-4.8507,13.4046,7.0076,27.9695,40.86,On Belt
355250,-6.3327,-3.5745,-4.7094,21.1756,5.0382,39.5267,40.67,On Belt
355300,-6.2752,-3.6847,-4.7262,19.7710,5.1603,46.1679,40.44,On Belt
355350,-5.9304,-3.2705,-4.3958,27.2519,2.9466,48.0763,40.39,On Belt
355400,-5.8419,-2.8850,-4.5490,29.9695,9.4046,35.8931,40.58,On Belt
355450,-6.5410,-2.9592,-4.4676,17.2977,2.8855,27.6947,40.53,On Belt
355500,-6.8283,-1.9010,-4.5514,0.7176,1.9542,17.2366,40.39,On Belt
355550,-7.2520,-2.3774,-5.1619,-13.4656,5.0382,5.3740,40.39,On Belt
355600,-7.2903,-1.8938,-4.8435,-21.5420,5.0229,-0.5802,40.39,On Belt
355650,-7.1132,-2.4876,-5.2098,-35.3130,10.7023,-10.0153,40.39,On Belt
355700,-7.4077,-2.3296,-5.1906,-38.5496,8.9008,-13.9847,40.44,On Belt
355750,-7.7572,-2.1931,-5.2720,-55.6031,12.9924,-20.3511,40.34,On Belt
355800,-7.5705,-2.4852,-5.1404,-55.0076,7.4351,-17.3588,40.67,On Belt
355850,-6.6032,-2.9688,-4.9847,-53.8779,5.2824,-18.1374,40.39,On Belt
355900,-7.0892,-2.7414,-5.0996,-50.1985,10.8855,-28.3817,40.39,On Belt
355950,-6.6176,-2.9640,-5.1763,-29.6489,5.9237,-23.6336,40.67,On Belt
356000,-7.2999,-3.7014,-5.8059,-24.5038,0.1527,-17.4046,40.25,On Belt
356050,-7.1946,-2.0830,-5.4468,2.4885,-5.2061,-10.3664,40.34,On Belt
356100,-6.9743,-2.9113,-5.6982,-6.1221,-11.5267,-3.4809,40.58,On Belt
356150,-6.6008,-2.3583,-5.7006,8.7023,-15.8473,-4.1832,40.39,On Belt
356200,-6.8594,-2.5857,-6.1555,-4.0763,-16.6260,-2.1832,40.34,On Belt
356250,-6.6176,-1.8914,-5.8610,-1.4351,-19.1450,-6.7939,40.44,On Belt
356300,-6.8905,-2.5690,-6.2968,-25.1756,-21.8015,-13.0382,40.44,On Belt
356350,-6.6535,-2.2721,-5.9520,-36.1221,-29.5420,-32.5954,40.39,On Belt
356400,-6.7708,-1.7023,-6.0932,-67.3282,-37.4656,-50.4885,40.34,On Belt
356450,-6.0166,-2.2625,-6.2704,-92.7481,-33.3893,-61.6794,40.53,On Belt
356500,-5.7293,-2.8898,-5.8849,-111.4809,-19.4198,-76.6870,40.15,On Belt
356550,-5.7389,-3.3088,-5.7341,-127.1145,-7.3435,-98.0916,40.20,On Belt
356600,-6.2177,-2.5450,-5.8179,-144.9466,5.7252,-109.0382,40.53,On Belt
356650,-7.1922,-3.4357,-6.4572,-157.8168,11.7863,-106.4885,40.53,On Belt
356700,-6.8809,-2.7198,-5.7628,-150.2290,16.6412,-94.0763,40.39,On Belt
356750,-7.3239,-3.5769,-6.1028,-130.2901,17.6794,-65.2977,40.58,On Belt
356800,-7.5944,-3.1292,-5.5138,-87.1145,19.1908,-30.7481,40.39,On Belt
356850,-7.9847,-2.7677,-4.9823,-43.2977,25.6336,4.1832,40.44,On Belt
356900,-6.6415,-2.9377,-5.5761,10.0000,34.7023,47.3588,40.39,On Belt
356950,-6.4763,-1.7717,-5.9233,47.2366,65.6031,84.9160,40.44,On Belt
357000,-6.1339,-2.7509,-6.6535,100.5649,91.5878,116.5802,40.39,On Belt
357050,-4.9321,-2.3008,-6.5266,142.7634,106.4122,137.3893,40.39,On Belt
357100,-4.9488,-2.6624,-6.9767,172.3969,97.3282,167.2519,40.58,On Belt
357150,-4.8866,-3.4381,-7.6303,196.5038,77.2672,192.9313,40.44,On Belt
357200,-4.8937,-1.9920,-8.6383,217.3282,68.3817,192.7939,40.44,On Belt
357250,-5.5881,-0.4094,-8.4443,104.1527,22.1679,168.3359,40.34,On Belt
357300,-5.3965,-2.6815,-8.8801,8.4733,-18.8397,124.3511,40.25,On Belt
357350,-4.3934,-5.1380,-8.2265,-16.2137,-23.4198,86.8244,40.58,On Belt
357400,-3.9073,-5.3271,-6.5314,-3.2977,-10.1527,75.2061,40.53,On Belt
357450,-3.8379,-5.4612,-6.2369,23.4809,-0.0916,73.7099,40.44,On Belt
357500,-4.5394,-6.6463,-7.0581,49.4351,7.4046,68.0611,40.58,On Belt
357550,-4.0366,-3.4955,-7.9535,97.1756,19.0229,77.8931,40.39,On Belt
357600,-7.1204,-1.2043,-6.5601,95.9084,54.7481,158.8244,40.58,On Belt
357650,-5.3415,-3.5123,-6.1579,108.1679,40.7328,163.0534,40.53,On Belt
357700,-5.0422,-3.2417,-5.9831,91.8931,15.7710,145.3435,40.25,On Belt
357750,-5.6431,-4.1707,-6.5769,71.4046,-12.4580,102.3359,40.44,On Belt
357800,-5.5689,-4.4819,-6.7205,52.9466,-49.7557,74.6870,40.53,On Belt
357850,-5.3989,-4.7788,-7.0605,61.5115,-75.0382,44.5802,40.25,On Belt
357900,-5.4612,-5.1811,-7.7500,52.1221,-81.5420,8.3511,40.39,On Belt
357950,-4.7956,-4.1132,-7.0222,55.0992,-61.3893,-42.1069,40.25,On Belt
358000,-7.7165,3.5219,-7.6926,46.0458,22.8855,17.0992,40.44,On Belt
358050,-6.8905,-3.6895,-6.7253,24.1832,27.2214,25.6641,40.39,On Belt
358100,-5.0685,-2.4397,-4.8842,-4.9008,38.0763,-3.9084,40.39,On Belt
358150,-5.8634,-1.7909,-4.7597,-45.8321,53.7099,-18.9160,40.67,On Belt
358200,-6.2153,-4.2353,-5.8299,-70.7786,80.7328,-54.8092,40.67,On Belt
358250,-5.7604,-5.2074,-6.1028,-90.5802,100.9924,-85.8779,40.44,On Belt
358300,-6.5793,-6.3398,-6.3135,-97.7099,100.7634,-107.6794,40.53,On Belt
358350,-10.6446,2.2122,-5.8849,-78.4275,81.5573,-55.5573,40.39,On Belt
358400,-9.2105,-5.1404,-6.3853,-45.8321,33.2824,27.4504,40.39,On Belt
358450,-6.5984,-4.6495,-4.6855,-14.5954,27.2977,70.2137,40.39,On Belt
358500,-6.7253,-6.2273,-5.2218,54.9924,7.6489,102.1985,40.34,On Belt
358550,-5.0805,-5.7054,-6.4356,106.1527,-16.7328,111.4046,40.25,On Belt
358600,-3.3998,-1.9369,-8.3462,131.7405,-19.0229,152.6870,40.58,On Belt
358650,-5.5402,-5.1451,-7.8051,119.4351,-22.0305,170.3969,40.44,On Belt
358700,-5.7916,-5.6312,-7.1539,108.1832,-41.0229,168.5954,40.39,On Belt
358750,-5.1475,-5.9544,-6.8881,122.3511,-56.7939,154.0305,40.25,On Belt
358800,-4.0869,-4.7549,-6.6942,134.6565,-32.0305,108.0000,40.67,On Belt
358850,-4.1851,-5.9831,-7.2377,142.7786,-1.6641,73.9084,40.53,On Belt
358900,-2.3727,-3.0574,-7.3167,156.5343,48.6718,55.8779,40.53,On Belt
358950,-1.2665,-2.8970,-9.0668,165.1145,154.9008,81.4657,40.53,On Belt
359000,-4.4796,-3.5937,-9.6295,206.7176,215.8931,81.2519,40.53,On Belt
359050,-7.9009,-1.1253,-8.4515,187.9084,188.3817,77.4046,40.34,On Belt
359100,-8.1594,-0.5986,-8.2145,95.3130,81.9847,67.9237,40.44,On Belt
359150,-5.0135,-0.7039,-8.1810,0.2595,0.2290,43.1908,40.44,On Belt
359200,-3.0311,-3.2848,-7.4508,-59.8779,-15.8015,19.8321,40.67,On Belt
359250,-3.0382,-5.1356,-6.3135,-46.7786,-5.4962,24.2901,40.39,On Belt
359300,-3.9887,-5.5474,-5.6192,-15.1450,0.7481,23.2519,40.20,On Belt
359350,-4.9656,-6.2728,-6.1316,9.6641,-11.3588,24.4886,40.44,On Belt
359400,-5.5833,-6.4500,-6.3758,41.8015,-38.4275,29.9389,40.44,On Belt
359450,-4.7573,-4.5203,-7.4244,86.3817,-73.9695,52.3969,40.53,On Belt
359500,-5.9783,-5.0661,-10.4483,113.1298,-47.7252,94.4733,40.44,On Belt
359550,-10.0724,-1.1325,-10.0892,93.9542,-17.8626,80.2443,40.53,On Belt
359600,-6.2010,1.4222,-6.8546,-42.5496,-52.0611,44.8244,40.34,On Belt
359650,-1.9249,-1.0965,-4.7046,-103.2366,-25.4809,-11.2061,40.34,On Belt
359700,-3.2633,-4.1348,-5.4899,-128.3969,15.4198,-51.6031,40.53,On Belt
359750,-4.4365,-5.4923,-6.1124,-140.3664,67.2824,-115.3435,40.58,On Belt
359800,-5.6814,-7.0701,-7.0102,-152.8855,73.4198,-137.4809,40.25,On Belt
359850,-6.5290,-7.1227,-7.0725,-138.3817,65.2519,-159.3130,40.25,On Belt
359900,-10.9607,-0.7590,-6.1220,-177.6336,43.0382,-81.5573,40.44,On Belt
359950,-7.9655,-5.4277,-5.2361,-36.2443,20.2595,-17.1145,40.34,On Belt
360000,-6.0454,-4.6687,-3.7637,-14.7481,7.8168,3.6794,40.53,On Belt
360050,-6.3422,-6.0214,-6.1723,38.0763,-2.1527,30.0916,40.20,On Belt
360100,-4.8339,-3.8379,-7.4364,98.8702,-9.9695,77.3435,40.58,On Belt
360150,-4.9153,-2.2577,-7.5800,108.5496,16.0611,113.2824,40.58,On Belt
360200,-5.2289,-1.9201,-8.0182,108.9618,13.9695,148.0611,40.34,On Belt
360250,-5.0326,-2.9497,-7.5681,82.5191,20.2595,144.7481,40.67,On Belt
360300,-5.1906,-4.0127,-6.7612,65.3435,16.0153,123.9695,40.72,On Belt
360350,-4.8267,-3.1077,-6.9192,51.4046,13.6947,95.9084,40.58,On Belt
360400,-3.8714,-2.2458,-6.7157,27.2366,20.9618,64.0611,40.53,On Belt
360450,-5.8897,-2.9401,-10.2376,28.7328,45.8473,18.1832,40.25,On Belt
360500,-7.7692,0.6225,-10.4387,-18.1221,66.8702,23.8626,40.53,On Belt
360550,-6.9360,-0.4190,-8.8226,-39.1756,56.2595,38.5344,40.44,On Belt
360600,-4.7118,-0.5100,-5.6120,-30.3664,29.4656,50.2443,40.34,On Belt
360650,-3.1125,-0.5555,-6.0262,4.0916,25.2824,50.2748,40.67,On Belt
360700,-4.7238,-0.3376,-8.0278,27.0687,32.3817,50.8855,40.44,On Belt
360750,-5.2601,0.1867,-8.2313,6.5038,11.8321,48.8244,40.34,On Belt
360800,-4.6495,-0.5794,-7.7069,-5.6641,-1.6031,27.9237,40.34,On Belt
360850,-3.7709,0.5291,-7.5944,-8.1221,-14.9160,16.3206,40.44,On Belt
360900,-3.7637,-0.1604,-7.9009,-18.6565,-10.3664,13.0076,40.91,On Belt
360950,-3.6607,-0.1820,-7.5106,-7.5725,-9.6489,9.4656,40.44,On Belt
361000,-3.7757,0.2107,-8.1858,-6.1527,-1.3435,6.2901,40.39,On Belt
361050,-3.9768,0.2610,-8.1163,-3.4198,0.4885,9.2977,40.53,On Belt
361100,-4.3167,0.3759,-8.0732,6.3206,-2.1832,7.8931,40.39,On Belt
361150,-4.4556,0.5507,-7.6878,-8.7939,-7.0076,-4.8092,40.34,On Belt
361200,-4.0725,-0.0024,-7.8051,-15.6947,-4.8550,-18.7481,40.67,On Belt
361250,-5.1882,0.2251,-7.5992,-19.9542,-7.0992,-21.9389,40.44,On Belt
361300,-5.0781,0.4334,-7.2856,-22.5649,-5.8168,-18.9771,40.39,On Belt
361350,-5.6024,-0.2394,-7.0533,-8.4885,-0.3053,-16.3206,40.34,On Belt
361400,-5.0230,-0.1389,-7.2999,6.8244,1.5267,5.0229,40.44,On Belt
361450,-5.0973,-0.5674,-7.2281,25.9389,16.1832,24.0153,40.44,On Belt
361500,-5.3056,-0.1293,-6.7995,43.5573,18.8397,48.0000,40.34,On Belt
361550,-4.9656,-0.6440,-7.0485,62.6565,23.2824,71.4809,40.34,On Belt
361600,-3.8427,-2.0375,-6.6056,84.1069,27.3588,82.6718,40.25,On Belt
361650,-4.2737,-1.9920,-7.4436,111.4809,14.7481,82.0763,40.44,On Belt
361700,-4.9871,-0.5339,-8.4803,102.8702,0.7481,68.2748,40.39,On Belt
361750,-5.4253,0.0120,-8.6431,60.0153,-32.6718,64.3511,40.39,On Belt
361800,-4.4317,-0.8835,-9.2273,28.6412,-59.5573,51.6641,40.44,On Belt
361850,-4.3886,-2.1093,-8.5617,3.3282,-58.6718,18.9466,40.15,On Belt
361900,-4.3215,-2.8204,-8.4635,1.3282,-55.8321,-4.4733,40.20,On Belt
361950,-6.1387,-1.4892,-7.6447,-6.9008,-46.6260,-19.6794,40.34,On Belt
362000,-6.1651,-1.2091,-7.2065,-28.1985,-60.0153,-16.7023,40.25,On Belt
362050,-5.0015,-1.7071,-6.7708,-32.9924,-44.8244,-20.5191,40.25,On Belt
362100,-5.2313,-1.4916,-6.2345,-46.3969,-26.5954,-31.2672,40.44,On Belt
362150,-6.1268,-2.8706,-6.6367,-52.2901,-13.0382,-46.9466,40.39,On Belt
362200,-6.8187,-2.4780,-6.9959,-49.3740,-3.7252,-63.2977,40.67,On Belt
362250,-6.7852,-1.6783,-6.5362,-73.6489,9.5725,-78.4733,40.25,On Belt
362300,-7.1060,-3.1125,-6.5984,-71.1908,3.1145,-81.1756,40.25,On Belt
362350,-6.0837,-1.6089,-5.1954,-76.9466,-2.1527,-85.8473,40.67,On Belt
362400,-6.5936,-3.1556,-5.9161,-89.2824,-6.7786,-99.2672,40.53,On Belt
362450,-6.8498,-3.1029,-6.5649,-77.6031,-21.9084,-85.9084,40.44,On Belt
362500,-6.6822,-1.9752,-6.0118,-69.1298,-22.8397,-60.8397,40.39,On Belt
362550,-5.8538,-4.7142,-6.3662,-38.2595,-7.8321,-48.0458,40.39,On Belt
362600,-6.2776,-2.7031,-6.0262,-8.0611,-9.8779,-25.9389,40.39,On Belt
362650,-5.7078,-3.7206,-6.3973,5.5573,-2.1985,-8.8397,40.20,On Belt
362700,-6.8091,-2.2889,-6.5242,17.3435,-7.3130,0.2443,40.44,On Belt
362750,-5.9664,-2.4852,-6.5505,7.6947,-13.0992,5.1145,40.72,On Belt
362800,-5.3175,-2.8323,-6.6750,7.6031,-3.5115,-4.7328,40.39,On Belt
362850,-6.2920,-2.3894,-6.6583,-4.3969,-4.4122,-14.6260,40.67,On Belt
362900,-6.2369,-2.1380,-6.3303,-25.3435,-11.4351,-27.6794,40.53,On Belt
362950,-6.4691,-2.4014,-6.1268,-43.7252,-20.5496,-47.4046,40.53,On Belt
363000,-6.0621,-2.3798,-6.5745,-54.7023,-22.4580,-55.7863,40.67,On Belt
363050,-6.1052,-2.7653,-6.1292,-56.3359,-18.1374,-56.3206,40.67,On Belt
363100,-6.3829,-2.8898,-6.1651,-58.5649,-13.4198,-52.2748,40.25,On Belt
363150,-6.5218,-2.9904,-5.9831,-50.1221,-7.7863,-38.3511,40.67,On Belt
363200,-6.5266,-3.2920,-5.7820,-30.0611,-2.2901,-22.6107,40.53,On Belt
363250,-6.5745,-3.3255,-5.6695,-9.2824,2.4580,-7.7863,40.34,On Belt
363300,-6.6894,-3.1795,-5.7772,8.0611,5.7405,5.8626,40.58,On Belt
363350,-6.6583,-2.9497,-5.9113,19.2061,8.1832,16.0000,40.44,On Belt
363400,-6.0286,-2.8683,-6.2489,28.7328,8.2901,25.2214,40.39,On Belt
363450,-6.1220,-2.7629,-6.3590,30.0916,13.0687,27.6336,40.53,On Belt
363500,-6.2297,-2.6983,-6.4141,26.3664,10.6260,28.4580,40.53,On Belt
363550,-6.3039,-2.5379,-6.4643,21.6641,6.3969,25.6183,40.34,On Belt
363600,-5.7820,-2.7198,-6.4763,13.3740,7.4198,17.3588,40.39,On Belt
363650,-5.9352,-2.7174,-6.5601,8.1832,4.5954,9.3130,40.34,On Belt
363700,-5.9304,-2.4684,-6.6295,-3.4809,3.4809,3.4962,40.39,On Belt
363750,-5.9448,-2.7845,-6.3997,-7.3588,2.1832,-1.8473,40.39,On Belt
363800,-6.0454,-2.8946,-6.5146,-11.2672,1.1908,-4.6107,40.34,On Belt
363850,-6.0071,-2.8180,-6.3063,-10.2443,0.0458,-4.4580,40.25,On Belt
363900,-5.9352,-2.8706,-6.3686,-4.2137,0.6718,-1.5267,40.53,On Belt
363950,-6.0310,-2.7557,-6.3758,-1.7863,3.1603,2.7328,40.39,On Belt
364000,-5.9903,-2.7342,-6.3758,0.3053,4.1832,6.1069,40.53,On Belt
364050,-6.0310,-2.5762,-6.4332,2.0763,4.3969,4.7786,40.39,On Belt
364100,-6.1172,-2.5977,-6.5841,0.3511,3.5115,3.4962,40.39,On Belt
364150,-5.9783,-2.5690,-6.6056,-2.0458,1.4809,2.3359,40.25,On Belt
364200,-5.8897,-2.4948,-6.5793,-3.5115,1.2061,0.8702,40.44,On Belt
364250,-5.9711,-2.5187,-6.5817,-4.5191,2.0305,-1.4962,40.39,On Belt
364300,-6.0478,-2.6336,-6.4572,-8.4275,0.0153,-2.6260,40.34,On Belt
364350,-5.9903,-2.6169,-6.4428,-7.4046,-1.8626,-3.7557,40.53,On Belt
364400,-5.9807,-2.7007,-6.5218,-4.4733,-1.2824,-2.6107,40.58,On Belt
364450,-6.1148,-2.6480,-6.5027,-2.4580,-0.3206,-0.1832,40.39,On Belt
364500,-5.8371,-2.7150,-6.5242,-0.3206,0.4885,3.7405,40.39,On Belt
364550,-5.8203,-2.6360,-6.5290,3.2519,2.5649,5.8779,40.34,On Belt
364600,-5.9807,-2.4804,-6.5769,1.9695,1.7710,4.0153,40.72,On Belt
364650,-6.0789,-2.4253,-6.5888,-1.2519,0.7786,-0.1527,40.39,On Belt
364700,-6.0071,-2.5474,-6.5434,-7.2977,-1.1756,-3.1145,40.44,On Belt
364750,-5.9520,-2.5402,-6.5003,-7.5267,-1.2214,-5.1145,40.67,On Belt
364800,-5.9735,-2.6959,-6.5003,-6.0305,0.4427,-3.3282,40.58,On Belt
364850,-6.1052,-2.6384,-6.4620,-2.9313,1.4351,-1.1908,40.39,On Belt
364900,-6.0238,-2.6384,-6.4476,-1.5115,0.5954,0.8397,40.34,On Belt
364950,-6.0382,-2.6097,-6.5218,-0.2748,0.0000,0.7939,40.34,On Belt
365000,-5.9520,-2.5570,-6.5410,-1.6489,-0.1985,0.9466,40.25,On Belt
365050,-6.0382,-2.5163,-6.4859,-2.1069,0.1221,-0.2290,40.44,On Belt
365100,-6.0214,-2.6935,-6.3470,-3.9847,-1.1145,-2.3664,40.39,On Belt
365150,-6.0047,-2.5355,-6.5649,-4.3664,-2.0153,-1.7863,40.39,On Belt
365200,-6.0837,-2.5929,-6.4787,-2.9008,-2.8550,1.1145,40.25,On Belt
365250,-6.2968,-2.6217,-6.2704,-5.4198,-2.1679,-1.1603,40.25,On Belt
365300,-6.3183,-2.6767,-6.2273,-6.7939,0.7328,-3.0382,40.39,On Belt
365350,-6.1579,-2.5594,-6.2632,-4.6107,3.6641,3.6336,40.39,On Belt
365400,-6.0238,-2.9042,-6.1723,0.8550,7.4351,13.0992,40.53,On Belt
365450,-5.8802,-2.8539,-6.3207,12.0916,10.7023,21.0992,40.39,On Belt
365500,-5.9520,-2.7198,-6.4093,23.2061,12.5802,27.0992,40.34,On Belt
365550,-6.0142,-2.3439,-6.7181,25.4656,13.8779,29.1145,40.44,On Belt
365600,-6.1938,-2.3272,-6.7469,20.5802,12.3969,28.8092,40.58,On Belt
365650,-5.8945,-2.1715,-6.7038,14.1985,9.7863,24.5344,40.34,On Belt
365700,-5.7197,-2.4660,-6.7205,9.5725,10.8702,18.7481,40.44,On Belt
365750,-5.8682,-2.4253,-6.7109,8.7023,8.5496,15.2519,40.58,On Belt
365800,-5.8251,-2.3990,-6.7995,7.6183,7.9847,13.1908,40.58,On Belt
365850,-5.8754,-2.2889,-6.9216,6.0458,4.8397,14.5954,40.77,On Belt
365900,-5.6000,-2.5331,-6.8354,5.2672,6.1679,13.6336,40.44,On Belt
365950,-5.6671,-2.2458,-6.7684,4.2290,4.9160,11.2061,40.77,On Belt
366000,-5.6647,-2.2745,-6.8259,1.6031,5.8931,8.9008,40.77,On Belt
366050,-5.9544,-2.1596,-6.7660,0.0153,4.1832,5.7099,40.53,On Belt
366100,-5.7365,-2.1261,-6.7924,-3.4198,0.7176,1.4656,40.34,On Belt
366150,-5.6790,-2.1284,-6.7947,-4.3359,1.4809,-4.1832,40.58,On Belt
366200,-5.9544,-2.1237,-6.9001,-8.6260,0.5496,-7.6794,40.39,On Belt
366250,-5.7269,-2.1404,-6.8905,-11.3740,-2.3969,-8.1069,40.67,On Belt
366300,-5.7389,-2.2769,-6.7253,-10.9466,-1.6489,-9.7099,40.53,On Belt
366350,-5.8658,-2.1883,-6.7157,-10.8092,-0.6565,-12.1221,40.53,On Belt
366400,-5.8802,-2.3320,-6.7564,-9.7710,-1.8473,-10.3511,40.53,On Belt
366450,-5.9328,-2.2003,-6.6463,-9.6336,-4.0000,-8.3511,40.39,On Belt
366500,-5.8754,-2.2529,-6.7109,-6.4275,-4.3664,-9.1756,40.53,On Belt
366550,-5.8754,-2.1979,-6.8666,-6.7176,-4.4427,-9.2824,40.39,On Belt
366600,-5.9927,-2.1835,-6.7301,-11.5725,-4.8092,-11.1603,40.39,On Belt
366650,-6.0142,-2.1739,-6.5888,-10.1679,-5.0076,-12.4885,40.67,On Belt
366700,-6.1675,-2.2793,-6.7493,-8.3511,-6.5344,-9.0076,40.44,On Belt
366750,-5.7748,-2.3104,-6.6367,-6.4733,-7.1603,-7.0992,40.44,On Belt
366800,-5.6934,-2.3607,-6.6966,-4.1374,-2.4122,-6.9771,40.53,On Belt
366850,-5.9975,-2.3224,-6.6774,-6.1374,-1.0076,-4.7481,40.53,On Belt
366900,-5.9520,-2.3942,-6.5505,-6.2137,-1.8015,-5.5115,40.58,On Belt
366950,-6.0813,-2.3128,-6.6439,-4.3053,-2.9313,-5.0992,40.39,On Belt
367000,-5.9448,-2.3080,-6.5074,-5.6489,-3.3588,-2.1527,40.20,On Belt
367050,-5.9544,-2.4900,-6.5984,-0.9618,0.9771,-4.6260,40.44,On Belt
367100,-6.0334,-2.3296,-6.6319,-3.7710,-0.8092,-1.4809,40.58,On Belt
367150,-5.9640,-2.4517,-6.5649,-4.0611,0.8550,-0.9771,40.25,On Belt
367200,-6.0741,-2.3918,-6.5098,-2.5496,0.3206,-0.4580,40.25,On Belt
367250,-5.9065,-2.4373,-6.5314,-1.4656,1.9695,0.0305,40.39,On Belt
367300,-6.2920,-2.3870,-6.6319,-1.5420,2.4885,1.0992,40.44,On Belt
367350,-5.9664,-2.6264,-6.4643,-1.6489,0.2290,3.2061,40.44,On Belt
367400,-5.8897,-2.3894,-6.4141,2.6870,2.6718,3.0076,40.44,On Belt
367450,-6.1387,-2.4972,-6.6487,4.9618,4.1527,6.5649,40.39,On Belt
367500,-6.1339,-2.4086,-6.4907,4.4427,6.4275,10.0916,40.58,On Belt
367550,-6.0693,-2.4325,-6.5673,6.3053,7.6183,12.7939,40.67,On Belt
367600,-5.8299,-2.4804,-6.5793,11.0382,8.0458,18.7176,40.44,On Belt
367650,-5.7724,-2.4588,-6.6870,15.1298,10.2901,21.4962,40.53,On Belt
367700,-5.8490,-2.2936,-6.8570,15.9084,11.2977,20.6107,40.44,On Belt
367750,-5.7988,-2.2122,-6.8642,12.3359,8.9160,19.9389,40.25,On Belt
367800,-5.6671,-2.2601,-6.8426,9.1756,9.6794,14.5344,40.58,On Belt
367850,-5.7485,-2.2745,-6.9815,6.7634,7.0992,12.3511,40.39,On Belt
367900,-5.6958,-2.2051,-6.8091,1.9695,5.1450,8.7634,40.39,On Belt
367950,-5.7628,-2.2218,-6.8690,0.7481,4.2901,6.4885,40.39,On Belt
368000,-5.7437,-2.2625,-6.8690,-0.7481,3.8168,4.5954,40.44,On Belt
368050,-5.6838,-2.3990,-6.8139,-0.7634,3.9237,2.6107,40.44,On Belt
368100,-5.7269,-2.2841,-6.8881,-0.1679,2.1527,3.9389,40.44,On Belt
368150,-5.6264,-2.3343,-6.8498,2.1374,1.3893,4.8702,40.39,On Belt
368200,-5.7676,-2.1835,-6.9121,3.1298,1.6641,3.9847,40.25,On Belt
368250,-5.7868,-2.3200,-6.9863,0.3664,0.0153,1.6947,40.58,On Belt
368300,-5.7796,-2.3343,-6.7732,-4.0305,-0.1374,-1.3435,40.39,On Belt
368350,-5.6790,-2.4014,-6.8450,-5.8015,-0.4275,-2.7176,40.44,On Belt
368400,-5.7724,-2.4253,-6.8378,-3.8015,2.0458,0.6107,40.39,On Belt
368450,-5.7652,-2.3128,-6.7421,-1.3893,3.0076,5.6947,40.39,On Belt
368500,-5.7197,-2.4014,-6.8187,3.3588,5.9237,8.5496,40.34,On Belt
368550,-5.9328,-2.2075,-6.8354,5.9389,4.9313,11.6183,40.44,On Belt
368600,-5.7485,-2.3703,-6.8785,2.6107,5.9389,9.6947,40.44,On Belt
368650,-5.7269,-2.0806,-6.9001,2.9466,5.9084,10.3359,40.44,On Belt
368700,-5.8107,-2.1548,-6.8714,2.4733,6.0916,10.5344,40.72,On Belt
368750,-5.7820,-2.0877,-6.9504,3.5878,6.7328,11.1145,40.53,On Belt
368800,-5.8586,-1.9944,-7.2209,5.9695,5.8473,14.5649,40.72,On Belt
368850,-5.3510,-1.8627,-6.9839,3.1756,10.8702,17.6947,40.67,On Belt
368900,-5.2816,-2.1476,-7.1132,10.1832,22.3817,16.6565,40.39,On Belt
368950,-5.9089,-1.6281,-6.9049,13.4351,15.0992,18.5191,40.67,On Belt
369000,-5.4708,-1.7406,-7.1730,14.3511,11.6641,14.3664,40.25,On Belt
369050,-5.6288,-1.6735,-7.1922,13.0076,7.5878,9.2672,40.44,On Belt
369100,-5.5545,-1.7119,-7.1371,8.9618,-0.7939,3.3588,40.25,On Belt
369150,-5.2696,-1.7717,-7.4436,6.5344,-1.2519,-5.8626,40.67,On Belt
369200,-5.1643,-1.8794,-7.2520,-0.1527,-2.0763,-14.4122,40.67,On Belt
369250,-5.2577,-2.0614,-7.1802,-4.8550,-5.7710,-23.2061,40.67,On Belt
369300,-5.1906,-2.2051,-6.9504,-13.7099,-6.7023,-34.0153,40.53,On Belt
369350,-5.1523,-2.6600,-7.0270,-14.6565,-8.0611,-41.3588,40.39,On Belt
369400,-5.4013,-2.6121,-7.0390,-16.7328,-11.3130,-46.6718,40.25,On Belt
369450,-5.2170,-2.8371,-7.0150,-15.3740,-14.6870,-43.9084,40.53,On Belt
369500,-5.0494,-3.3471,-6.9456,-14.9008,-13.7405,-40.9771,40.58,On Belt
369550,-4.7429,-3.6296,-6.7277,-10.0153,-19.1603,-37.3282,40.44,On Belt
369600,-4.6615,-3.7972,-7.3239,-8.4580,-11.3282,-40.1527,40.58,On Belt
369650,-5.2840,-3.8954,-6.8450,-19.1603,-5.5115,-41.0687,40.86,On Belt
369700,-5.4420,-3.8499,-6.7229,-22.0153,-12.3053,-41.4046,40.39,On Belt
369750,-5.2457,-3.6272,-6.9480,-27.8473,-7.8015,-36.5649,40.58,On Belt
369800,-5.3439,-4.0917,-6.6942,-21.3435,-10.3053,-20.5191,40.67,On Belt
369850,-4.9632,-3.8044,-6.6487,-11.8321,-7.8779,-9.3282,40.39,On Belt
369900,-5.0685,-4.1108,-7.0222,-1.8015,2.5038,2.1527,40.72,On Belt
369950,-5.6144,-3.6823,-6.7109,2.4275,5.4962,9.1145,40.34,On Belt
370000,-5.6048,-3.4764,-6.5242,-0.8702,0.8092,12.9618,40.39,On Belt
370050,-5.2026,-3.4860,-6.4859,-3.0382,4.3206,9.7099,40.67,On Belt
370100,-5.1164,-3.6320,-6.9049,0.0000,10.2595,15.1145,40.25,On Belt
370150,-5.1691,-3.9241,-6.8163,2.2443,15.8931,28.8702,40.44,On Belt
370200,-5.0087,-4.0510,-7.0677,14.9008,21.9389,38.1985,40.53,On Belt
370250,-4.9704,-3.8618,-7.3885,20.9771,32.2137,45.7099,40.34,On Belt
370300,-4.8123,-2.2122,-8.1044,37.4046,55.7557,64.5954,40.25,On Belt
370350,-6.0669,-2.5163,-8.2576,34.7023,80.1374,87.1298,40.44,On Belt
370400,-5.1595,-2.9832,-7.1443,32.7328,88.2901,99.4198,40.67,On Belt
370450,-3.8164,-3.0191,-6.4284,29.4504,101.5267,98.0611,40.58,On Belt
370500,-4.6184,-3.8188,-6.9168,67.2977,100.1527,114.4580,40.25,On Belt
370550,-4.4915,-2.9257,-6.7109,92.7939,77.0382,142.0611,40.25,On Belt
370600,-5.1523,-2.1620,-7.6567,87.2366,49.4351,155.7252,40.39,On Belt
370650,-5.0973,-2.3008,-7.4436,43.1450,11.9695,147.7252,40.67,On Belt
370700,-5.1092,-3.3902,-6.8283,9.6183,-29.5878,126.3359,40.58,On Belt
370750,-4.5945,-4.4125,-6.6295,7.0382,-63.8779,102.8397,40.39,On Belt
370800,-3.8164,-5.2409,-7.1443,20.7328,-63.8626,73.9542,40.53,On Belt
370850,-2.7725,-5.4420,-8.0685,50.0305,-39.3130,69.7557,40.58,On Belt
370900,-3.0382,-4.8890,-7.9057,99.5878,-2.3359,80.2901,40.34,On Belt
370950,-4.1108,-4.4077,-7.6926,131.9389,5.8015,88.3511,40.44,On Belt
371000,-4.6711,-3.0215,-7.7045,131.5114,-5.4198,80.0000,40.34,On Belt
371050,-4.8507,-2.2865,-8.0445,89.1298,-25.8473,56.5649,40.72,On Belt
371100,-6.3255,-3.4596,-9.3494,32.9160,-45.8168,6.1069,40.25,On Belt
371150,-5.5210,-3.7326,-9.5553,-39.4504,-56.2290,-38.6870,40.72,On Belt
371200,-3.9744,0.4262,-7.0509,-89.6336,-36.1069,-39.7557,40.58,On Belt
371250,-6.1818,-2.7892,-6.0932,-134.1832,-21.7710,-72.1832,40.67,On Belt
371300,-5.4492,-3.9456,-6.0621,-165.5267,-1.0687,-93.1145,40.53,On Belt
371350,-5.9304,-3.4979,-5.8035,-195.3130,20.9160,-109.8168,40.58,On Belt
371400,-7.0868,-4.2760,-5.8275,-192.5343,10.0153,-94.8092,40.58,On Belt
371450,-7.7428,-5.6599,-6.6152,-151.1756,-19.2061,-67.5573,40.67,On Belt
371500,-7.5417,-3.8547,-5.6120,-120.6870,-33.3893,-39.5267,40.58,On Belt
371550,-8.9663,-2.9904,-4.9488,-112.8244,-24.3969,-9.2824,40.53,On Belt
371600,-8.8035,-4.0342,-4.1037,-41.6336,-11.5878,30.9618,40.58,On Belt
371650,-8.1618,-5.9496,-4.1875,27.6336,-20.0916,67.8168,40.44,On Belt
371700,-5.2529,-5.7365,-5.3893,107.5115,-22.9008,87.0534,40.67,On Belt
371750,-4.1444,-4.6328,-6.8522,159.2061,7.6336,99.6947,40.53,On Belt
371800,-4.3910,-4.8985,-7.5393,204.5038,33.1908,129.9389,40.53,On Belt
371850,-4.9129,-4.7357,-8.1666,227.2214,48.1832,157.3893,40.67,On Belt
371900,-5.0063,-5.4540,-8.0541,246.9618,36.1221,176.4427,40.53,On Belt
371950,-4.8626,-4.6543,-7.8937,229.8779,36.1985,187.3282,40.34,On Belt
372000,-4.4556,-5.2170,-7.9823,252.0000,45.6183,159.7099,40.58,On Belt
372050,-4.3958,-4.7980,-9.5624,243.6488,79.6489,168.0916,40.39,On Belt
372100,-5.5545,-4.2952,-9.7181,283.6641,61.4198,185.7252,40.53,On Belt
372150,-4.0749,1.9393,-7.9080,160.6107,36.3664,145.8321,40.44,On Belt
372200,-5.8610,-0.1053,-9.6845,54.0000,0.3817,96.7328,40.25,On Belt
372250,-4.5394,-1.9824,-8.6072,-34.7634,-6.6870,17.7863,40.53,On Belt
372300,-4.2449,-3.9097,-6.6343,-61.8779,-6.0305,-29.6794,40.39,On Belt
372350,-4.2210,-5.0182,-5.8371,-58.4885,-3.3740,-56.4275,40.58,On Belt
372400,-10.1586,4.2042,-4.4341,-13.9542,20.3969,-2.8092,40.34,On Belt
372450,-9.0142,-2.9066,-4.6519,10.0763,15.9847,28.1985,40.44,On Belt
372500,-5.7221,-4.9943,-5.5258,17.9695,2.0916,19.6794,40.39,On Belt
372550,-5.9783,-6.1052,-6.0765,40.9771,-49.4198,49.4046,40.39,On Belt
372600,-7.9607,0.7135,-4.7357,66.7176,-29.7557,7.8626,40.34,On Belt
372650,-9.4571,0.0886,-5.3917,-12.2901,-28.4122,3.8626,40.72,On Belt
372700,-7.3765,-2.5570,-5.9448,-44.2443,-57.0382,6.1985,40.53,On Belt
372750,-6.5218,-1.0558,-4.6974,-40.5191,-58.3206,-18.9008,40.67,On Belt
372800,-7.3454,-2.2721,-5.4899,-58.6412,-48.0000,-40.7176,40.72,On Belt
372850,-7.4603,-2.5546,-5.2361,-53.6947,-49.9695,-47.5725,40.34,On Belt
372900,-7.2664,-2.4780,-5.4133,-93.0534,-57.3282,-28.1985,40.58,On Belt
372950,-5.9089,-1.2641,-4.6711,-119.8473,-26.8855,-54.4275,40.67,On Belt
373000,-5.5234,-0.6704,-4.0677,-168.4275,-8.2443,-67.7863,40.39,On Belt
373050,-6.2034,-4.1444,-7.3071,-179.2977,24.0305,-108.2748,40.72,On Belt
373100,-8.5042,-2.3607,-6.8067,-201.7252,36.1527,-95.8779,40.58,On Belt
373150,-8.1451,-4.8052,-6.6367,-190.4886,25.8168,-85.0382,40.67,On Belt
373200,-6.9121,-4.5274,-5.3343,-161.8931,6.4885,-69.1603,40.58,On Belt
373250,-6.4907,-6.7469,-6.2728,-81.2672,8.5649,-91.9542,40.72,On Belt
373300,-7.7859,-5.7581,-8.1762,-50.8855,-9.6489,-65.4351,40.72,On Belt
373350,-4.7669,-2.8491,-4.5657,-87.5267,-39.4198,8.2595,40.58,On Belt
373400,-11.2815,-1.1013,8.3582,-151.8321,36.5344,-112.6870,40.39,On Belt
373450,-13.6422,-11.4299,-8.9423,-65.8015,-16.4580,2.3817,40.25,On Belt
373500,-2.4708,5.4300,-4.4939,182.1527,23.0992,110.8855,40.67,On Belt
373550,-5.0996,-2.0542,-7.9823,109.5420,74.5496,81.7557,40.44,On Belt
373600,-6.9695,-2.9161,-7.0629,75.3740,30.8550,121.4198,40.53,On Belt
373650,-5.0805,-0.5578,-5.9328,151.1145,39.0229,118.8702,40.53,On Belt
373700,-6.8378,1.2737,-8.2241,147.6183,58.6107,90.6870,40.67,On Belt
373750,-6.3279,0.4214,-8.8825,28.9160,27.9695,45.9389,40.77,On Belt
373800,-5.3726,-2.0494,-7.3837,-42.9313,-16.8702,-7.4351,40.44,On Belt
373850,-4.4341,-0.9697,-7.0844,-54.7328,-22.5954,-51.0076,40.44,On Belt
373900,-5.9137,-1.1947,-7.0030,-67.9237,-8.1832,-37.5267,40.44,On Belt
373950,-7.8650,0.4190,-5.1380,-41.6947,-15.6031,1.9847,40.67,On Belt
374000,-6.6128,-3.1987,-5.6120,-16.1832,7.9695,-14.9160,40.53,On Belt
374050,-3.9576,-3.0622,-6.7995,14.3969,20.1221,-6.8550,40.34,On Belt
374100,-5.1882,-1.3336,-7.4436,12.0153,36.3206,-4.2748,40.39,On Belt
374150,-5.3199,-0.1293,-8.9304,-41.4046,23.1908,-16.5802,40.72,On Belt
374200,-5.8610,-0.0144,-8.2456,-88.3817,1.4809,-34.0916,40.67,On Belt
374250,-5.1595,0.2753,-7.4699,-107.3435,-2.1069,-49.9847,40.67,On Belt
374300,-5.2265,1.4245,-8.0014,-125.9847,9.8473,-49.0840,40.15,On Belt
374350,-5.6719,0.0503,-6.9432,-118.3817,4.9008,-14.2748,40.44,On Belt
374400,-4.7788,1.5419,-6.7349,-111.8168,21.6183,2.0611,40.53,On Belt
374450,-6.1890,1.3958,-7.0557,-86.4733,29.3435,4.0458,40.67,On Belt
374500,-6.4572,3.3375,-7.1467,-117.0382,14.8244,8.8244,40.39,On Belt
374550,-5.6264,2.6671,-5.9328,-86.3359,-1.3435,9.5115,40.67,On Belt
374600,-5.2816,2.1045,-5.8634,-81.7252,10.4733,3.4046,40.39,On Belt
374650,-6.2297,4.3718,-6.5936,-35.7099,6.5649,29.3588,40.39,On Belt
374700,-6.1435,4.4963,-6.3853,-49.6183,1.9389,28.1221,40.77,On Belt
374750,-5.8035,5.5809,-6.7516,-60.1069,8.8397,21.0229,40.58,On Belt
374800,-4.8985,4.8195,-5.6838,-66.5343,-0.5496,37.4046,40.44,On Belt
374850,-4.4556,5.5545,-5.7772,-24.9924,15.2672,35.7252,40.58,On Belt
374900,-4.0223,5.3846,-5.9113,-25.4198,14.6412,53.3588,40.53,On Belt
374950,-3.3375,6.7900,-5.8873,-36.4580,19.1450,51.1603,40.72,On Belt
375000,-2.5905,6.9983,-5.1811,-61.7863,23.6183,47.5420,40.67,On Belt
375050,-3.1412,7.6950,-5.0829,-61.5420,27.2061,46.2748,40.53,On Belt
375100,-2.6408,7.5298,-5.3032,-41.1145,30.1069,56.0611,40.67,On Belt
375150,-2.6336,9.1722,-5.3175,-56.5496,28.3359,56.5954,40.44,On Belt
375200,-1.4389,7.7165,-3.9696,-43.7710,31.2214,60.3969,40.58,On Belt
375250,-0.6393,9.2273,-3.8331,-45.4351,35.8779,59.3588,40.53,On Belt
375300,0.6800,10.1323,-2.9880,-26.7939,24.1221,39.7099,40.58,On Belt
375350,0.7781,9.9886,-2.7007,-14.8550,14.6412,10.3664,40.39,On Belt
375400,-0.4310,9.0812,-3.3591,-18.2595,6.9618,-0.9008,40.44,On Belt
375450,-0.1772,9.2703,-3.2346,-11.1603,-7.4656,7.5573,40.58,On Belt
375500,-0.1604,8.9495,-3.2968,-12.1832,22.5344,-3.5725,40.39,On Belt
375550,0.0982,9.3326,-3.1699,-11.5573,3.1908,7.0382,40.25,On Belt
375600,0.6847,9.4762,-3.4022,-14.2901,5.2519,-2.8092,40.53,On Belt
375650,0.1508,9.8641,-2.5881,-29.4504,3.2519,-13.9695,40.67,On Belt
375700,0.3472,9.5146,-2.8204,-41.4351,-2.0153,-26.1679,40.58,On Belt
375750,-0.2322,9.5936,-2.0758,-37.0382,-4.8244,-22.9618,40.72,On Belt
375800,0.1173,9.5816,-1.5826,-29.8931,0.9313,-25.6794,40.44,On Belt
375850,-1.4700,9.7157,-1.6233,-39.7252,-3.2366,-23.7710,40.44,On Belt
375900,-1.0534,9.2871,-0.4645,-18.9618,-3.0382,-10.3817,40.53,On Belt
375950,-1.0080,9.1147,-0.9720,-2.9313,5.8015,-2.3206,40.58,On Belt
376000,-0.9313,9.6343,-1.5107,5.0992,3.7557,7.4656,40.67,On Belt
376050,-0.7733,9.9527,-1.6592,1.1908,1.3588,4.7023,40.58,On Belt
376100,-0.9146,9.7420,-1.4389,-9.4198,-1.8779,-1.6641,40.34,On Belt
376150,-0.9050,9.4140,-1.1971,-3.1450,1.0687,0.0153,40.67,On Belt
376200,-0.7661,9.7947,-1.6759,-2.8397,1.5420,0.1374,40.39,On Belt
376250,-0.6177,9.3494,-1.6783,0.0763,1.5725,5.5420,40.44,On Belt
376300,-0.4070,9.2871,-1.3934,11.1145,12.3969,16.0153,40.67,On Belt
376350,0.1173,10.1849,-2.1356,14.6107,24.3053,11.5573,40.44,On Belt
376400,0.5914,9.7683,-2.9736,5.1450,29.5267,9.0076,40.58,On Belt
376450,0.8763,9.7827,-2.9473,-4.5649,38.2901,-9.2824,40.39,On Belt
376500,0.7638,10.0533,-3.3710,-21.6031,54.2137,-27.3282,40.44,On Belt
376550,-1.1229,9.4332,-1.5299,-23.0534,55.7099,-6.4580,40.34,On Belt
376600,-2.3032,9.2847,0.2131,-3.0687,48.6107,19.2977,40.44,On Belt
376650,-2.4708,9.0788,-0.5914,11.8321,25.7557,21.8321,40.53,On Belt
376700,-0.0455,10.9942,-1.6113,9.0534,6.3206,15.9237,40.34,On Belt
376750,0.8978,9.2249,-2.2242,-0.3511,-1.1145,-10.9008,40.34,On Belt
376800,0.3926,10.7045,-2.3655,-37.1450,-10.9924,-39.1603,40.58,On Belt
376850,-0.3448,10.3070,-1.9369,-48.9466,-6.1985,-48.7023,40.20,On Belt
376900,-1.3982,9.4595,-0.1221,-51.7863,-6.3969,-32.5802,40.53,On Belt
376950,-0.4764,9.0860,-1.1779,-6.2595,-9.7710,-2.3053,40.58,On Belt
377000,-1.7502,10.4531,0.4908,-18.2443,-2.0153,12.1069,40.58,On Belt
377050,-0.3519,9.5696,-0.3017,-6.9618,2.3817,-2.1679,40.44,On Belt
377100,-1.3048,10.3022,-0.7063,-24.2137,-0.9008,0.6412,40.72,On Belt
377150,-0.6967,9.7803,-0.2729,-21.3588,3.6031,-0.1679,40.39,On Belt
377200,-0.8571,9.4092,0.5722,-21.8779,2.9160,-8.3206,40.39,On Belt
377250,-1.3767,9.5600,0.3328,-17.1908,-0.1221,-4.7481,40.39,On Belt
377300,-1.4557,9.9982,0.3448,-20.5954,-3.6031,-0.7176,40.44,On Belt
377350,-0.7063,10.1227,0.1772,-19.1756,-1.2824,-5.2824,40.67,On Belt
377400,-1.6592,9.4667,0.9074,-20.9313,-6.9618,-13.0992,40.44,On Belt
377450,-1.3479,9.9766,1.0247,-18.8092,-4.6565,-14.1069,40.67,On Belt
377500,-1.7933,9.9479,0.7254,-17.0992,-6.4733,-5.8321,40.67,On Belt
377550,-1.3360,9.8234,1.0630,-14.6107,-14.5344,-9.1450,40.58,On Belt
377600,-1.5778,9.4954,1.1325,-22.1527,-14.9618,-8.0611,40.58,On Belt
377650,-1.3719,9.7659,1.2977,-12.6718,-8.3664,-4.2901,40.39,On Belt
377700,-1.7573,9.6295,1.6592,-14.1374,-11.4504,-3.4198,40.44,On Belt
377750,-1.6209,9.6606,2.2625,-14.7939,-12.5038,-3.9237,40.67,On Belt
377800,-0.9673,8.8585,1.6496,-4.0763,-5.5878,2.5191,40.44,On Belt
377850,-0.9481,10.2879,1.3360,7.8015,10.2443,10.1221,40.44,On Belt
377900,-1.5802,10.0054,1.3599,-6.4885,3.1450,4.9771,40.86,On Belt
377950,-1.1229,9.5888,1.4796,-10.3664,1.5573,-0.5344,40.72,On Belt
378000,-1.8244,9.4188,1.9034,-6.2901,-1.0229,0.4733,40.44,On Belt
378050,-1.4653,10.0844,1.7262,-0.5344,1.6336,2.7023,40.39,On Belt
378100,-1.5036,9.8282,1.5682,-4.4275,-1.6031,2.2748,40.25,On Belt
378150,-1.2641,9.4236,1.5371,-4.2443,-3.3893,1.3893,40.25,On Belt
378200,-1.2737,9.8067,1.7741,-2.2137,-1.7557,5.1908,40.58,On Belt
378250,-0.9768,9.9551,1.7478,-0.6107,-1.0534,6.9313,40.77,On Belt
378300,-1.2522,9.9766,1.7645,-1.3588,1.8015,4.4733,40.44,On Belt
378350,-1.0391,9.5720,1.4198,-2.6412,1.7557,3.6031,40.34,On Belt
378400,-0.9361,9.6127,1.7645,-0.0305,1.2519,3.7405,40.58,On Belt
378450,-1.3695,9.9383,1.5083,-2.2443,0.7328,1.1756,40.39,On Belt
378500,-1.0846,9.8928,1.6903,-3.3893,-1.4504,0.5344,40.53,On Belt
378550,-0.8140,9.7564,1.6233,-0.4580,1.3893,1.6489,40.25,On Belt
378600,-1.3216,9.7181,1.7358,-4.1985,-0.1069,0.3053,40.44,On Belt
378650,-1.1325,9.9264,1.6496,-2.3053,-0.0916,1.0534,40.67,On Belt
378700,-1.2641,9.8354,1.8579,3.7405,2.4427,0.8702,40.53,On Belt
378750,-0.9290,9.5241,1.7693,-6.7023,-0.4427,3.8321,40.39,On Belt
378800,-1.0558,9.9264,1.8292,-18.4886,1.4962,8.1985,40.44,On Belt
378850,-1.3336,9.7707,2.2817,-5.6947,-9.3130,0.0916,40.53,On Belt
378900,-0.7446,10.0604,1.6735,2.5954,6.3817,-3.0534,40.72,On Belt
378950,-1.0750,10.0149,1.8340,12.7634,8.0153,-5.0992,40.67,On Belt
379000,-0.9146,9.4236,1.8651,-2.2290,3.0229,-1.9389,40.44,On Belt
379050,-0.9601,9.8904,1.7717,-0.4427,0.6870,2.4733,40.53,On Belt
379100,-1.1013,10.1849,1.7406,-18.9924,-0.9618,6.8092,40.53,On Belt
379150,-1.0965,9.8282,2.0877,3.3893,1.1145,-2.2595,40.53,On Belt
379200,-0.9385,9.8497,1.7166,18.9313,9.1908,-1.0382,40.53,On Belt
379250,-1.0080,9.7420,1.6376,-5.9542,-0.1679,-0.9008,40.53,On Belt
379300,-0.8428,9.8378,1.6951,-6.6718,-0.0916,0.4275,40.67,On Belt
379350,-0.9218,9.4882,1.7789,5.7863,-0.9924,-4.1985,40.72,On Belt
379400,-1.2546,9.2392,2.0135,-9.6794,-10.7176,-0.1374,40.39,On Belt
379450,-0.9984,10.0149,1.8148,0.2595,1.1908,2.2595,40.77,On Belt
379500,-0.9361,9.7468,1.6831,-0.7023,2.3511,0.6412,40.25,On Belt
379550,-0.9553,9.7899,1.6903,-2.6718,-0.3969,1.3435,40.39,On Belt
379600,-0.8452,9.8497,1.7095,-4.6107,0.8244,-0.3817,40.58,On Belt
379650,-0.9649,9.8330,1.6903,-4.4885,0.9313,0.0763,40.39,On Belt
379700,-0.7326,9.8378,1.7047,-0.8550,1.3130,1.5420,40.39,On Belt
379750,-0.8787,9.7492,1.8340,-3.9237,2.4885,0.2443,40.58,On Belt
379800,-1.1732,9.7109,1.6879,1.4656,2.5191,2.4885,40.67,On Belt
379850,-0.9673,9.8090,1.8220,-4.0153,0.2137,-0.1985,40.67,On Belt
379900,-0.3448,10.5034,0.6656,16.7328,-11.9389,-25.1450,40.58,On Belt
379950,-0.4022,9.5720,1.2019,-6.1832,13.2672,-0.6718,40.39,On Belt
380000,-0.7757,10.0963,1.4581,-10.9313,-4.0611,3.6947,40.58,On Belt
380050,-1.0415,9.9455,1.8052,-3.9389,-0.6107,1.2824,40.58,On Belt
380100,-0.8859,9.8306,1.7597,-0.0305,1.7557,1.4504,40.34,On Belt
380150,-0.9050,9.6438,1.7549,0.1374,2.1527,2.1679,40.58,On Belt
380200,-1.0295,9.9503,1.6927,-2.9160,0.3969,3.0687,40.53,On Belt
380250,-0.7111,9.7205,1.7693,-3.2366,3.7252,3.1603,40.58,On Belt
380300,-0.9170,10.0102,1.6879,-1.4962,-0.6565,-5.0687,40.53,On Belt
380350,-0.9744,10.2256,1.5467,-2.7176,0.5344,-2.9313,40.67,On Belt
380400,-1.0104,9.8545,1.9561,-16.5954,-8.2901,17.5878,40.53,On Belt
380450,-0.8811,10.0317,1.8914,-16.3664,-4.4275,8.0305,40.91,On Belt
380500,-0.2897,10.0580,1.8292,-38.0611,1.4809,4.9313,40.58,On Belt
380550,-0.5674,9.4667,2.5714,-33.0382,1.8015,-10.0305,40.44,On Belt
380600,-0.7494,9.9072,2.5283,-6.7481,2.6718,-4.0916,40.58,On Belt
380650,-0.6249,9.7659,2.7078,-11.2214,3.0687,0.3817,40.53,On Belt
380700,-0.6416,9.4547,2.6815,-16.3511,6.5344,-0.9008,40.58,On Belt
380750,-0.8523,9.7971,2.9640,-18.5038,5.0840,-3.0687,40.58,On Belt
380800,-0.6608,9.7731,3.0191,-9.4809,3.1908,-0.5344,40.86,On Belt
380850,-0.9481,9.9647,3.0598,-14.0916,4.2901,-4.8855,40.95,On Belt
380900,-0.8667,9.4762,3.2394,-12.3817,2.5344,-2.8397,40.91,On Belt
380950,-0.7997,9.2416,3.1460,-2.9313,1.2214,-1.6947,40.67,On Belt
381000,-0.7661,9.4786,3.1388,-8.0916,1.9542,0.0458,40.58,On Belt
381050,-1.0343,9.4523,3.6727,-3.1145,0.7023,-7.4198,40.39,On Belt
381100,-0.9337,9.5361,3.4453,-7.9389,0.3359,-1.5115,40.77,On Belt
381150,-1.0391,9.8234,3.2394,-2.6870,-3.5725,-1.9695,40.67,On Belt
381200,-0.6943,9.1411,3.4453,-5.9237,2.9466,0.1679,40.67,On Belt
381250,-0.7781,9.7971,3.3567,-7.0076,2.1985,-2.8092,40.58,On Belt
381300,-1.2163,9.4978,3.5362,-7.3588,1.6183,2.0916,40.67,On Belt
381350,-0.9050,9.9623,3.6440,-6.8092,1.2824,-0.4122,40.86,On Belt
381400,-0.9888,9.6271,3.4979,-4.2443,-0.7939,0.7176,40.58,On Belt
381450,-0.9625,9.2967,3.8211,-3.9695,1.2519,0.9008,40.67,On Belt
381500,-1.0032,9.3374,3.3591,-1.8473,1.4962,0.4580,40.67,On Belt
381550,-1.2570,9.5217,3.9576,-1.5115,-1.6489,-0.7939,40.67,On Belt
381600,-0.6321,9.7707,3.4500,-2.7481,0.5802,2.8702,40.91,On Belt
381650,-1.2330,9.6869,3.7757,-2.3359,-0.6260,-0.9008,40.58,On Belt
381700,-0.7446,9.4523,3.5003,-2.0000,1.5115,0.0000,40.72,On Belt
381750,-0.8092,9.6271,3.3567,-3.8931,1.4046,-2.5954,40.67,On Belt
381800,-1.0534,9.1578,3.7613,-4.4885,1.4198,0.9160,40.77,On Belt
381850,-0.8667,9.6822,3.3710,-8.0611,1.7710,0.2595,40.67,On Belt
381900,-1.1875,9.1099,3.8307,-3.4962,0.6412,-0.3206,40.58,On Belt
381950,-0.7925,9.6127,3.6943,-5.3435,1.5573,0.8397,40.53,On Belt
382000,-0.9266,9.8043,3.8044,-3.2214,-0.8855,-1.4962,40.58,On Belt
382050,-0.7254,9.3111,3.6823,-0.3053,1.6794,1.6336,40.39,On Belt
382100,-0.9409,9.1937,3.9002,-0.8397,-1.3435,-1.8626,40.72,On Belt
382150,-0.6512,9.8689,3.7709,5.4962,-3.6947,1.8779,40.58,On Belt
382200,-0.2083,9.2919,3.3806,-4.4885,5.4504,-0.0763,40.39,On Belt
382250,-1.2857,9.2799,3.8595,5.1450,0.1527,3.4351,40.58,On Belt
382300,-0.6704,9.6630,2.8419,8.0000,-6.4427,3.8321,40.72,On Belt
382350,-0.8021,9.2201,3.6129,0.6870,1.2519,-2.3664,40.53,On Belt
382400,0.2849,10.5010,2.2242,4.7939,2.9618,-1.0229,40.67,On Belt
382450,-0.3567,10.4148,2.9521,-8.0000,1.2214,1.8779,40.67,On Belt
382500,-0.6847,9.6127,3.3088,0.5954,-3.0534,0.9160,40.58,On Belt
382550,-0.9122,9.5217,3.5171,-2.0763,-0.0153,0.3664,40.53,On Belt
382600,-0.7805,9.4475,3.3088,-1.5267,-0.1985,0.7176,40.77,On Belt
382650,-0.7111,9.5577,3.3160,-0.4275,0.0305,-0.5649,40.67,On Belt
382700,-0.8068,9.5337,3.3878,-0.0305,0.7481,0.7786,40.72,On Belt
382750,-0.7853,9.4092,3.4860,-1.5878,0.2137,0.2137,40.72,On Belt
382800,-0.7494,9.3901,3.2250,-2.5496,1.2214,0.5344,40.58,On Belt
382850,-0.7925,9.6103,3.3854,-11.0382,-0.4580,-1.1298,40.67,On Belt
382900,-0.8882,9.2967,3.5530,-6.9466,-0.7786,-1.2366,40.72,On Belt
382950,-0.6009,9.4332,3.4117,-11.5878,-2.2290,-5.1298,40.53,On Belt
383000,-0.8068,9.2153,3.5698,-4.2748,-2.5344,-4.4275,40.67,On Belt
383050,-0.8811,9.2919,3.7828,-10.8244,3.5420,-7.3130,40.67,On Belt
383100,-1.1708,9.1866,3.8379,-10.8397,2.7023,-4.7023,40.77,On Belt
383150,-0.8188,9.5337,3.7517,-6.3664,1.0687,-1.3588,40.91,On Belt
383200,0.9218,11.0133,9.7516,25.8015,-29.1603,-22.7634,40.72,On Belt
383250,-2.3583,10.1179,6.7780,-3.8168,-6.6107,0.0916,40.58,On Belt
383300,-0.1293,8.7556,3.4524,-4.2137,9.8626,-11.7099,40.58,On Belt
383350,-0.8356,9.9072,3.5219,-0.1832,2.9008,-1.9542,40.72,On Belt
383400,-1.7142,9.5864,3.4548,-4.7328,-6.8092,6.0305,40.86,On Belt
383450,-0.6991,8.7317,3.6392,-2.7786,0.1374,3.2519,40.58,On Belt
383500,-1.1157,10.1347,3.6416,-3.5267,-0.4275,1.6947,40.67,On Belt
383550,-0.7422,9.6941,3.6871,-2.5649,-0.5496,0.4733,40.86,On Belt
383600,-0.6105,9.3518,3.7661,-2.7176,1.1450,2.3969,40.72,On Belt
383650,-1.0487,9.0860,4.0294,1.3893,1.0382,-0.7328,40.67,On Belt
383700,-1.1636,9.7516,3.9768,2.4427,-0.7786,5.3435,40.77,On Belt
383750,-0.7494,9.7899,3.3639,4.1221,-2.2137,10.6565,40.53,On Belt
383800,-0.8667,9.1315,3.4261,5.9389,0.7481,1.6641,40.72,On Belt
383850,-0.9697,9.4619,3.3686,0.1069,-0.9924,0.8397,40.67,On Belt
383900,-0.7470,9.5002,3.3591,2.6870,-4.7939,1.9084,40.77,On Belt
383950,-0.2921,9.4595,3.0598,1.0687,0.2443,1.0840,40.53,On Belt
384000,-0.7230,9.8162,3.5195,-2.0916,0.0153,2.4427,40.67,On Belt
384050,-0.4022,9.7205,3.1603,-1.2061,1.1298,1.0534,40.67,On Belt
384100,-0.8308,9.3661,3.4524,-1.6031,0.0916,0.8092,40.91,On Belt
384150,-0.6991,9.5792,3.3064,-0.1221,0.7023,0.6565,40.72,On Belt
384200,-0.5914,9.5600,3.3998,-3.7863,0.6412,-0.2748,40.58,On Belt
384250,-0.7398,9.6558,3.4213,-5.4046,1.3893,-1.3435,40.67,On Belt
384300,-0.8308,9.1985,3.2154,-4.8092,-0.8397,-4.0611,40.72,On Belt
384350,-0.5770,9.5672,3.2585,-16.0153,2.5191,-4.9313,40.77,On Belt
384400,-0.7614,9.3470,3.4596,-19.9695,2.9466,-5.1298,40.67,On Belt
384450,-0.7805,9.1722,3.5913,-4.5802,-6.0000,2.3206,40.91,On Belt
384500,-0.6225,9.7133,3.8906,-8.0000,3.9695,-2.1069,40.67,On Belt
384550,-0.6369,9.5505,3.8379,-6.6718,6.3969,-1.0840,40.53,On Belt
384600,-1.1061,9.6845,3.2944,-2.4275,2.2137,2.1679,40.95,On Belt
384650,-0.9170,9.0118,3.9073,-4.4275,4.7786,-0.1527,40.77,On Belt
384700,-0.3112,9.8593,3.6296,-9.0534,8.6412,1.6031,40.95,On Belt
384750,-1.0942,9.3206,3.6751,-2.4733,-1.4351,-0.0611,40.67,On Belt
384800,-0.8045,9.4284,4.0366,-2.0916,2.5802,2.5344,40.67,On Belt
384850,-1.2139,8.9399,3.8882,-3.8779,0.0153,-0.1069,40.67,On Belt
384900,-0.6536,9.8545,3.6152,-3.2672,0.4733,2.0305,40.67,On Belt
384950,-0.5052,9.3996,3.5530,-1.0382,0.5649,-0.1527,40.86,On Belt
385000,-0.6680,9.4739,4.0534,0.1221,-1.1450,7.4351,40.72,On Belt
385050,-0.6105,9.5696,3.7565,-3.1908,-0.1069,-0.9160,40.72,On Belt
385100,-1.0104,9.5122,3.9576,-2.2901,0.6870,1.8473,40.67,On Belt
385150,-0.9673,9.6510,4.0294,-2.2137,1.7252,-5.0687,40.86,On Belt
385200,-0.7470,9.6007,4.0821,-0.3206,0.8855,0.1527,40.72,On Belt
385250,-0.7805,9.4739,3.8738,-1.5725,2.2443,-0.4122,40.91,On Belt
385300,-1.1205,9.2560,3.9576,8.3511,0.5344,7.3130,40.53,On Belt
385350,-2.0351,11.3629,2.8323,13.1298,-9.7252,1.7557,40.67,On Belt
385400,-0.9098,9.6798,3.7804,0.9008,-2.9466,5.8168,40.72,On Belt
385450,-0.2274,9.3685,3.1987,1.9389,-1.8779,0.1832,40.72,On Belt
385500,-0.8643,9.6031,3.3351,0.9313,-2.3969,-1.4656,40.86,On Belt
385550,-0.6728,9.3087,3.4381,0.5496,-0.7786,-2.6260,40.91,On Belt
385600,-0.7877,9.2751,3.4764,1.3588,-1.7252,-4.5954,40.58,On Belt
385650,-0.9457,9.5744,3.1843,0.5496,-2.3969,-3.3130,40.58,On Belt
385700,-0.8835,8.6095,3.4979,3.7405,-2.0763,-5.3740,40.86,On Belt
385750,-0.8906,8.0325,4.1587,18.9008,-5.3740,-10.8550,40.77,On Belt
385800,-0.9529,7.9152,3.2872,39.3588,-7.5573,-6.4885,40.72,On Belt
385850,-0.4836,8.1858,2.3535,60.7176,-1.4351,10.1832,40.72,On Belt
385900,-0.2514,9.1171,2.0087,75.1450,5.1298,29.6794,40.77,On Belt
385950,-0.6847,10.9487,1.5467,90.8244,0.6412,41.2672,40.58,On Belt
386000,0.0072,13.3237,0.2466,84.4275,0.4275,79.2672,40.77,On Belt
386050,-0.0982,10.0652,-2.1811,94.2443,11.2672,113.6641,40.91,On Belt
386100,0.7470,8.9878,0.1556,94.5343,-12.5038,97.7099,40.67,On Belt
386150,1.9225,9.0453,-1.1732,78.0153,-28.6718,89.8015,40.67,On Belt
386200,1.5012,9.0908,-3.0478,66.6565,-49.4198,77.8168,40.77,On Belt
386250,1.9273,8.4348,-2.9185,41.0534,-71.9542,43.9237,40.72,On Belt
386300,2.5019,8.6143,-3.0478,16.0458,-86.5191,21.3588,40.72,On Belt
386350,2.2913,7.4939,-4.1108,17.5878,-99.4809,18.8702,40.72,On Belt
386400,1.8794,7.0054,-5.2792,40.3817,-95.0534,33.8168,40.44,On Belt
386450,1.3168,7.2736,-4.3551,48.5344,-102.2901,35.1145,40.77,On Belt
386500,0.5602,6.5625,-6.1699,37.0840,-125.9084,15.3130,40.67,On Belt
386550,0.0215,6.0286,-7.4651,38.6870,-135.5267,-4.1985,40.67,On Belt
386600,-1.3862,5.9017,-5.0901,47.5115,-137.9389,-21.6794,40.77,On Belt
386650,-1.2498,4.4556,-7.4292,49.2214,-146.3512,-50.0763,40.77,On Belt
386700,-0.7757,5.9927,-9.8234,68.6107,-134.2290,-53.7710,40.53,On Belt
386750,2.6887,13.7954,-10.4052,47.8931,-87.5725,-33.8168,40.77,On Belt
386800,0.2083,4.7669,-15.1864,-6.9160,8.5191,-33.4046,40.72,On Belt
386850,-5.3271,6.4236,-4.5394,-22.0916,5.5115,10.7176,40.67,On Belt
386900,-2.4565,3.8307,-6.6655,-3.3893,-1.7863,-8.1221,40.72,On Belt
386950,-3.7230,5.6479,-6.5697,7.1450,2.0153,-1.1145,40.53,On Belt
387000,-3.1173,6.3710,-7.2592,-0.1679,-0.3206,-1.7252,40.77,On Belt
387050,-3.2729,5.5043,-6.7205,-1.6336,-0.2748,-1.2519,40.39,On Belt
387100,-3.0311,5.6168,-6.8905,-2.0305,-0.5191,-1.8626,40.67,On Belt
387150,-3.1340,5.7317,-6.7780,-3.2519,-3.2519,-1.4351,40.72,On Belt
387200,-3.1795,5.6982,-6.6439,-2.5649,-6.7634,-2.8855,40.72,On Belt
387250,-3.1340,5.2792,-6.9288,0.7328,-8.4733,-6.3206,40.86,On Belt
387300,-3.4500,5.2936,-6.5960,9.4046,-14.4427,-8.8397,40.39,On Belt
387350,-3.0454,5.2433,-6.9959,14.2137,-13.8168,-13.4962,40.77,On Belt
387400,-2.9018,5.1739,-6.4212,13.1756,-13.0382,-17.7099,40.72,On Belt
387450,-3.6320,4.2329,-7.2880,18.3206,-16.9466,-25.8779,40.67,On Belt
387500,-4.2473,4.9273,-7.3526,28.4275,-18.5191,-22.8550,40.77,On Belt
387550,-4.3574,4.0366,-7.5657,27.0382,-24.7634,-24.6412,40.72,On Belt
387600,-5.2601,4.6519,-8.4084,25.9847,-22.5038,-28.0000,40.77,On Belt
387650,-6.6176,4.4772,-8.0182,28.7481,-25.9389,-26.3206,40.44,On Belt
387700,-6.3973,4.8818,-8.2145,26.5649,-34.2901,-32.6107,40.67,On Belt
387750,-6.1579,5.5809,-7.7428,13.0992,-35.4198,-33.2977,40.44,On Belt
387800,-5.6862,3.6248,-7.1706,3.7252,-34.9466,-29.2519,40.77,On Belt
387850,-3.6727,1.2977,-7.4555,22.1221,-9.9847,-11.1756,40.67,On Belt
387900,-6.3159,2.5833,-5.6455,29.0382,-0.1985,-25.9389,40.91,On Belt
387950,-8.2911,2.2889,-6.0430,0.7939,-23.9237,-38.2901,40.53,On Belt
388000,-8.2839,1.8052,-6.7876,1.2824,-34.7634,-43.0076,40.77,On Belt
388050,-7.5369,2.0877,-5.8012,-3.7710,-36.8855,-35.8473,40.58,On Belt
388100,-6.8498,1.4796,-4.8387,2.1221,-33.0076,-29.5573,40.53,On Belt
388150,-5.1787,0.9505,-5.3103,6.9160,-21.0992,-24.5191,40.72,On Belt
388200,-5.6431,0.4310,-5.4995,15.0229,-10.8550,-15.4656,40.67,On Belt
388250,-5.9209,0.8475,-5.3199,24.6718,-6.1985,-8.6107,40.86,On Belt
388300,-5.9017,0.4836,-6.2201,35.0840,7.0534,6.0916,40.72,On Belt
388350,-5.8634,1.3791,-5.8466,39.8015,9.4046,5.5573,40.58,On Belt
388400,-6.8905,1.0223,-6.3566,16.6412,4.8855,-6.3817,40.86,On Belt
388450,-7.1874,0.6895,-6.7109,-5.4962,1.2214,-12.7023,40.72,On Belt
388500,-6.6104,0.0311,-6.8474,-9.2061,0.5344,-17.2214,40.95,On Belt
388550,-5.7676,0.2083,-6.1746,-5.6183,3.3740,-24.5344,40.72,On Belt
388600,-5.6264,-0.5507,-5.7413,-8.5344,20.4275,-34.1832,40.95,On Belt
388650,-6.7014,-0.2514,-5.6790,-7.3588,23.8626,-35.3893,40.86,On Belt
388700,-7.6207,0.1197,-5.8083,-10.9466,26.0611,-32.2443,40.77,On Belt
388750,-7.8554,-1.1085,-5.7772,-18.8855,9.4962,-43.3130,40.86,On Belt
388800,-7.1994,-0.8859,-5.9161,-29.0840,-7.8321,-55.2519,40.77,On Belt
388850,-6.8043,-0.4645,-5.7940,-44.6565,-9.0992,-65.0687,40.86,On Belt
388900,-7.1874,-0.9481,-6.0908,-52.5802,-13.7863,-65.8015,40.53,On Belt
388950,-6.5625,-1.0965,-6.6750,-51.6641,-12.9924,-57.4962,40.72,On Belt
389000,-6.3949,-1.4796,-6.4691,-48.7634,-3.5267,-41.8321,40.72,On Belt
389050,-6.1699,-1.3623,-6.1100,-34.5038,3.5725,-26.7328,40.86,On Belt
389100,-6.4667,-1.7693,-6.3327,-23.0229,11.2519,-13.5267,40.77,On Belt
389150,-6.7133,-1.8052,-6.4189,-7.2214,14.5344,-5.5725,40.67,On Belt
389200,-6.9887,-0.8715,-5.7604,-2.0305,14.9008,-1.4351,40.77,On Belt
389250,-7.4292,-1.4150,-5.9855,-2.4885,5.6794,-3.2519,40.77,On Belt
389300,-7.0797,-1.3312,-5.9400,-2.2137,-7.8321,-8.8092,40.72,On Belt
389350,-6.1339,-0.9409,-6.8402,-2.4122,-3.8015,-0.5802,40.67,On Belt
389400,-6.4476,-1.0726,-6.5864,1.0382,2.7176,4.9771,40.77,On Belt
389450,-6.5673,-0.6488,-6.8163,-0.1221,8.4885,9.9389,40.67,On Belt
389500,-6.2776,-0.3926,-6.6176,-6.2290,14.5038,17.7405,40.53,On Belt
389550,-6.7876,-0.8068,-6.8546,-8.4275,17.4962,19.8015,40.77,On Belt
389600,-6.3327,-0.3328,-6.7181,-21.9084,18.7786,26.5344,40.44,On Belt
389650,-5.4324,-0.6728,-5.8203,-31.5114,25.2061,23.9389,40.77,On Belt
389700,-5.5162,-0.1700,-6.2417,-26.8855,26.0611,20.9924,40.91,On Belt
389750,-5.1691,1.9944,-6.9959,-31.4809,28.1221,48.9160,40.67,On Belt
389800,-5.3582,-0.0910,-7.0030,-18.7634,41.9084,51.1756,40.58,On Belt
389850,-6.1866,1.8052,-8.1044,-22.7939,28.4122,49.0534,40.77,On Belt
389900,-4.9464,1.0989,-8.1738,-20.4122,44.4427,46.9618,40.91,On Belt
389950,-4.0199,1.3815,-7.7524,-7.7405,46.6565,66.5802,40.86,On Belt
390000,-4.3479,1.3862,-7.1754,10.8855,36.5802,66.8397,40.91,On Belt
390050,-3.8379,2.1045,-8.1211,20.6565,13.8626,57.2061,40.67,On Belt
390100,-3.5650,1.6903,-7.8602,-0.9924,22.3206,39.9847,40.86,On Belt
390150,-3.6775,1.8675,-8.2313,4.9771,13.1908,42.3511,40.67,On Belt
390200,-3.7182,3.0526,-8.1187,11.7099,4.7786,50.6870,40.91,On Belt
390250,-3.7733,3.0646,-7.9871,-10.6718,-6.4427,31.4504,40.77,On Belt
390300,-3.5602,2.9353,-8.9735,-13.9389,-10.5038,36.5802,40.58,On Belt
390350,-3.5267,2.9090,-8.3246,-17.2214,-7.4504,31.6641,40.72,On Belt
390400,-2.8850,3.2920,-8.0086,-20.6412,-7.1450,29.8473,40.67,On Belt
390450,-3.4500,3.0502,-7.7333,-20.2595,-13.1603,24.2443,40.72,On Belt
390500,-3.3854,3.0981,-7.3861,-15.2061,-10.3053,27.5725,40.67,On Belt
390550,-3.4620,2.8754,-7.1467,-10.9924,-24.3664,16.3817,40.72,On Belt
390600,-3.1963,3.5506,-7.7596,-1.0687,-28.1374,20.4122,40.72,On Belt
390650,-3.6799,3.5889,-8.5856,4.6260,-19.4351,11.6489,40.67,On Belt
390700,-3.7637,4.3503,-8.8585,1.0382,-22.1221,10.7786,40.58,On Belt
390750,-3.4596,3.9600,-8.8418,-13.9695,-21.8168,2.1221,40.86,On Belt
390800,-3.0430,3.9313,-8.3127,-18.9618,-17.0840,-6.3664,40.95,On Belt
390850,-2.9521,4.1563,-8.6479,-14.8855,-17.6794,-6.6260,40.72,On Belt
390900,-3.1196,5.5402,-9.3901,-18.0153,-0.6718,-7.0382,40.67,On Belt
390950,-3.6703,4.3479,-8.9615,-22.7481,11.5725,5.3588,40.58,On Belt
391000,-3.8666,4.5969,-7.0581,-22.3359,13.9542,0.3817,40.67,On Belt
391050,-4.4388,4.2234,-7.2449,-17.0229,11.4504,5.0687,40.67,On Belt
391100,-3.8259,3.9121,-7.2257,-4.4733,4.3511,8.2443,40.77,On Belt
391150,-3.2753,4.3718,-6.9911,5.8931,6.7328,7.4351,40.86,On Belt
391200,-3.6943,4.4987,-7.3215,1.7557,5.8931,3.1908,40.67,On Belt
391250,-3.1675,5.2648,-7.6638,-5.2672,4.9313,-3.3435,40.77,On Belt
391300,-3.7230,4.9321,-7.1682,-10.7939,6.6107,-2.9313,40.95,On Belt
391350,-3.7781,4.3479,-7.3813,-7.3893,3.6336,0.2443,40.91,On Belt
391400,-3.7565,4.7022,-7.0533,-3.2672,4.2748,1.2519,40.58,On Belt
391450,-3.5386,4.6687,-7.2880,-4.5802,1.8931,1.5725,40.77,On Belt
391500,-3.3806,4.7932,-7.3765,-4.5802,0.2290,-1.0840,40.44,On Belt
391550,-3.4213,4.7908,-7.3837,-5.2824,-1.5115,-1.6183,40.72,On Belt
391600,-3.3160,4.7357,-7.3095,-6.0305,-1.4962,-5.1450,40.67,On Belt
391650,-3.4596,4.5107,-7.2640,-3.1450,0.3359,-4.1985,40.58,On Belt
391700,-3.7158,4.6064,-7.2664,2.3359,0.0000,-1.0840,40.77,On Belt
391750,-3.6057,4.9273,-7.1539,1.6183,-0.1985,-0.6718,40.77,On Belt
391800,-3.6440,4.8100,-7.2880,-2.5649,-3.8321,-3.5878,40.72,On Belt
391850,-3.6272,4.4676,-7.1227,-2.1679,-5.6031,-4.5038,40.91,On Belt
391900,-3.7517,4.4125,-7.1802,-0.2901,-7.4046,-6.4733,40.72,On Belt
391950,-3.9385,4.4341,-7.0940,0.7939,-11.3588,-10.6107,40.86,On Belt
392000,-4.0055,4.3048,-6.8881,-2.5344,-18.4733,-20.3664,40.72,On Belt
392050,-3.9265,3.9337,-6.9001,0.0763,-25.7405,-24.7786,40.72,On Belt
392100,-4.5274,3.3974,-7.2042,9.0534,-26.0763,-27.1298,40.91,On Belt
392150,-4.5777,3.9696,-6.9863,22.6260,-23.7099,-24.6412,40.91,On Belt
392200,-5.0278,4.1946,-7.0174,18.4733,-23.1908,-24.1832,41.05,On Belt
392250,-4.9943,4.1084,-7.1658,12.5191,-27.6183,-25.1603,40.86,On Belt
392300,-5.5258,2.8012,-7.7357,18.0000,-26.0000,-14.4427,40.95,On Belt
392350,-5.3750,2.7892,-7.7668,34.1069,-14.3359,-4.3969,40.86,On Belt
392400,-5.8538,2.7629,-7.7476,31.0840,-15.7405,-6.6412,40.67,On Belt
392450,-5.9304,1.7957,-7.8266,36.0458,-17.8473,-26.3511,40.67,On Belt
392500,-7.4627,2.4995,-6.9767,48.3511,-23.3588,-36.3511,40.91,On Belt
392550,-7.3023,2.0686,-7.8554,51.4504,-35.6031,-40.1985,40.67,On Belt
392600,-7.5106,3.8092,-7.2951,33.2519,-48.5496,-42.8092,40.58,On Belt
392650,-8.1570,1.8316,-6.9695,3.8015,-65.5878,-40.2137,40.25,On Belt
392700,-6.8450,-0.3807,-5.8778,5.3282,-63.4656,-39.0229,40.67,On Belt
392750,-6.9168,-0.8643,-5.5952,12.3664,-47.4656,-39.8473,40.91,On Belt
392800,-7.7165,-0.6800,-4.9799,21.1145,-38.1069,-38.8244,40.95,On Belt
392850,-10.3645,-0.3136,-3.9576,19.1603,-46.3511,-34.5191,40.95,On Belt
392900,-10.2185,-0.3352,-3.9480,13.1298,-61.0992,-28.9924,40.72,On Belt
392950,-9.9216,0.2610,-4.3024,2.6107,-46.2901,-5.5878,40.67,On Belt
393000,-6.9815,0.3448,-3.3854,3.6336,-13.0229,9.6489,40.53,On Belt
393050,-5.8059,-1.3767,-4.4125,3.9084,-4.2137,26.3206,40.77,On Belt
393100,-5.6719,-1.1899,-4.1707,-2.0305,10.9618,8.0000,40.91,On Belt
393150,-7.7764,-0.7949,-4.0773,-8.2443,13.8473,6.1832,40.86,On Belt
393200,-7.3694,-0.2083,-4.4867,2.7023,15.0840,5.6183,40.95,On Belt
393250,-7.5848,-0.7829,-5.3630,8.6870,22.8855,8.1679,40.72,On Belt
393300,-6.8977,0.6584,-4.2018,11.6183,26.1527,3.5878,40.72,On Belt
393350,-5.8945,-0.0503,-4.5011,-1.2519,42.3359,-3.8779,40.91,On Belt
393400,-5.9065,-1.0702,-5.2648,-4.0458,56.3053,-30.4886,40.95,On Belt
393450,-7.6136,-1.0295,-5.7604,-27.0076,64.5038,-38.7328,40.77,On Belt
393500,-9.3063,0.9577,-5.0589,-65.9237,65.6183,-63.1908,40.91,On Belt
393550,-8.1882,-2.8850,-6.4428,-89.4198,41.6947,-105.9237,40.91,On Belt
393600,-5.7652,-2.1165,-6.4979,-119.2214,53.8473,-118.1374,40.72,On Belt
393650,-7.1132,-1.4054,-7.1180,-149.1145,42.4733,-84.3969,40.67,On Belt
393700,-7.6734,-1.1564,-7.0797,-108.8092,5.6336,-28.9466,40.67,On Belt
393750,-6.7133,-1.9058,-7.7859,-30.7481,17.9237,8.0916,40.95,On Belt
393800,-5.4300,-2.6001,-5.6767,27.3130,22.2901,48.2901,40.95,On Belt
393850,-4.8985,-1.8794,-5.2385,75.1298,7.3893,78.3053,40.95,On Belt
393900,-3.6703,-1.4940,-5.1595,119.6031,-8.0458,93.9542,40.86,On Belt
393950,-3.9217,-1.1708,-6.8666,136.2137,1.7557,111.6641,40.67,On Belt
394000,-6.1411,-1.8340,-9.2249,156.2443,-9.2824,145.9847,40.77,On Belt
394050,-4.3742,0.7207,-8.3558,163.6183,-17.0534,166.4886,41.05,On Belt
394100,-6.9695,1.3048,-7.8482,70.2748,-40.9924,127.4809,40.91,On Belt
394150,-6.1483,-1.2689,-9.2488,-14.6107,-76.7634,62.0611,40.72,On Belt
394200,-5.5330,-4.5155,-10.2831,-41.0382,-48.1832,-4.5802,40.72,On Belt
394250,-4.2545,-3.6847,-7.8626,-27.9847,-6.1832,-64.4427,40.67,On Belt
394300,-8.5593,7.1922,-8.6503,-57.2672,57.7863,64.7939,40.77,On Belt
394350,-7.7476,1.0056,-6.3758,-66.5649,73.3282,65.8779,40.77,On Belt
394400,-5.5952,-2.2601,-6.4212,-62.4427,91.4809,44.9160,40.67,On Belt
394450,-6.8235,-0.8116,-6.4117,-53.8931,112.2901,8.9313,40.72,On Belt
394500,-8.9328,2.4588,-6.7181,-35.2672,85.7099,41.7252,40.67,On Belt
394550,-8.1906,1.8699,-5.3534,-10.0611,60.7939,47.4504,40.39,On Belt
394600,-5.9879,0.5507,-4.6424,9.4351,33.3740,51.0229,40.91,On Belt
394650,-5.0829,0.9577,-4.7429,42.4733,2.2748,61.4046,40.77,On Belt
394700,-4.5849,0.7997,-6.0693,78.9618,-14.9924,74.7328,40.91,On Belt
394750,-3.5745,0.3112,-5.6671,100.3053,-23.7557,79.4198,40.91,On Belt
394800,-3.9696,-0.1580,-6.9288,115.9695,-40.6870,72.7328,40.91,On Belt
394850,-3.3064,1.6209,-8.9016,117.3435,-64.9771,65.2366,40.72,On Belt
394900,-4.3000,1.8268,-10.1323,76.6107,-78.8244,61.4809,40.58,On Belt
394950,-5.4229,-0.4357,-11.0253,38.0916,-100.6260,31.2824,40.67,On Belt
395000,-4.1324,2.9137,-11.9159,29.0840,-93.8779,-4.7481,40.77,On Belt
395050,-6.3039,0.6105,-12.1578,-45.2366,-45.2366,-59.7405,40.72,On Belt
395100,-3.9935,1.1899,-7.4531,-81.5267,-23.5573,-91.5725,40.72,On Belt
395150,-5.2170,1.9058,-5.5426,-99.0076,-2.0000,-78.4733,40.72,On Belt
395200,-5.0709,-3.2250,-7.2784,-99.6489,38.9313,-83.8626,40.86,On Belt
395250,-4.6232,-2.9281,-5.9448,-99.7099,54.3206,-84.3664,40.91,On Belt
395300,-5.4061,-3.7541,-6.3470,-74.0153,41.9542,-83.8321,40.67,On Belt
395350,-6.2273,-4.0989,-7.5729,-59.8931,41.4962,-87.8168,40.72,On Belt
395400,-7.9942,-0.0886,-7.4603,-52.9466,31.7405,-47.1603,40.77,On Belt
395450,-8.8298,0.0670,-6.4715,-20.8244,25.1145,-6.8244,40.77,On Belt
395500,-6.8594,-1.6927,-5.9233,-0.9924,4.3053,28.6870,40.91,On Belt
395550,-5.0949,-2.9880,-6.7373,35.7405,-3.9847,47.0840,40.67,On Belt
395600,-4.8076,-1.7789,-7.1850,77.6489,2.7786,74.6260,40.91,On Belt
395650,-5.8131,-2.3631,-8.2744,106.8397,4.9008,112.9466,40.58,On Belt
395700,-5.0518,-0.7829,-8.2911,136.0305,3.3130,150.9160,40.86,On Belt
395750,-4.2234,-1.0965,-7.7668,147.4198,13.1603,175.5878,40.77,On Belt
395800,-4.3311,-1.0918,-6.1411,131.1298,22.0611,177.7557,40.58,On Belt
395850,-5.9999,-0.8787,-7.5705,87.9389,14.2748,154.0305,40.67,On Belt
395900,-4.8435,-0.9194,-6.8570,37.8779,-7.5115,113.8015,40.44,On Belt
395950,-3.8283,-2.1093,-5.9544,29.1756,-31.4046,79.3130,40.86,On Belt
396000,-3.6152,-2.6217,-5.8395,20.7939,-20.3053,35.4809,40.72,On Belt
396050,-4.7956,-3.5913,-7.0437,22.4122,-6.9466,-11.6183,40.91,On Belt
396100,-4.1492,-2.4134,-6.3015,26.1374,13.5573,-57.0382,40.77,On Belt
396150,-3.4237,2.3918,-10.2113,62.7023,40.1679,49.6336,40.91,On Belt
396200,-4.3096,1.6616,-6.9312,70.2443,92.5038,48.3359,40.67,On Belt
396250,-6.6679,-0.2298,-6.6128,-4.0153,64.2137,24.1832,40.72,On Belt
396300,-5.6048,-0.3232,-6.4835,-30.8855,6.1069,-17.4809,40.86,On Belt
396350,-4.7190,-0.7661,-6.8618,-51.1450,-6.4122,-8.6870,40.72,On Belt
396400,-5.4995,-2.7940,-7.7979,-30.1069,-15.5267,-4.1679,40.86,On Belt
396450,-5.4277,-3.1675,-7.4699,-11.4351,-32.7176,-8.2443,40.77,On Belt
396500,-5.8059,-2.1165,-8.0732,1.9084,-42.8397,-20.1832,40.86,On Belt
396550,-6.2106,-1.7190,-9.0142,14.0916,-37.4504,-27.5878,40.77,On Belt
396600,-5.9975,-0.9361,-8.1786,9.5878,-41.4504,-20.2137,40.95,On Belt
396650,-6.2058,-1.6281,-9.1147,-5.4351,-49.7405,-44.3511,40.91,On Belt
396700,-5.3941,-0.4190,-8.2432,-16.5344,-35.7405,-36.4580,40.91,On Belt
396750,-6.2776,-2.1332,-9.1626,-19.4962,-14.5802,-23.1756,40.72,On Belt
396800,-5.5378,-0.9170,-7.7716,-8.2595,17.1450,-1.1298,40.72,On Belt
396850,-7.1227,-2.1572,-7.5872,-13.5420,16.7786,5.9542,40.91,On Belt
396900,-8.1786,-2.8108,-7.6207,-12.7634,7.6794,5.6336,40.95,On Belt
396950,-7.6447,-3.0742,-7.8937,4.3817,-7.9084,5.4504,40.67,On Belt
397000,-6.7876,-2.6025,-7.6758,7.8321,-11.0992,1.2214,40.91,On Belt
397050,-7.1946,-2.6719,-7.7261,8.7786,-9.7405,-0.9160,40.72,On Belt
397100,-7.8817,-2.4828,-7.4891,16.3206,-12.2443,-3.1298,40.67,On Belt
397150,-6.9025,-1.8914,-7.0246,15.0534,-13.9389,-0.6565,40.77,On Belt
397200,-6.4620,-2.0686,-6.9073,7.5115,-8.3664,-5.2824,40.95,On Belt
397250,-6.7253,-2.2386,-6.5242,1.3588,-11.1450,-2.9313,40.77,On Belt
397300,-7.2760,-2.1476,-6.0525,-0.9008,-16.9313,3.1908,40.72,On Belt
397350,-7.1754,-2.8850,-6.3829,4.9924,-22.7481,8.0000,40.95,On Belt
397400,-6.0142,-2.8180,-6.0094,14.4275,-25.0534,6.2290,40.53,On Belt
397450,-5.2194,-2.5307,-5.4995,19.6641,-22.9924,3.5267,40.53,On Belt
397500,-5.6599,-2.7390,-5.8107,31.7405,-26.8397,3.7863,40.86,On Belt
397550,-6.3470,-1.4557,-5.0518,27.5114,-26.5344,7.1450,40.67,On Belt
397600,-7.1658,-0.6895,-4.9967,20.3359,-27.6489,19.6183,40.72,On Belt
397650,-7.3334,-1.2067,-5.4277,9.8168,-21.4962,25.8168,40.53,On Belt
397700,-6.5314,-1.1133,-4.6591,8.5038,-18.2901,31.6336,40.91,On Belt
397750,-6.6679,-2.0087,-5.4995,4.3969,-12.0763,34.5649,40.86,On Belt
397800,-6.8091,-1.0223,-4.9321,7.2824,-10.2901,32.2137,40.77,On Belt
397850,-5.9161,-1.3024,-4.7645,2.9313,-8.2290,24.3359,40.86,On Belt
397900,-5.7844,-1.7957,-5.4875,-10.8702,2.7786,11.0992,40.72,On Belt
397950,-6.9504,-0.4238,-4.6040,-22.9466,4.5802,-0.9618,40.91,On Belt
398000,-6.3111,-1.4389,-4.4365,-29.6336,0.7023,-15.2061,40.72,On Belt
398050,-5.6551,-2.1811,-5.1811,-38.8244,10.3817,-31.0687,40.72,On Belt
398100,-5.6407,-1.6089,-5.2936,-52.1679,34.3664,-49.0382,40.86,On Belt
398150,-6.7971,-1.4605,-6.3758,-72.4122,59.1603,-54.6565,40.91,On Belt
398200,-7.1012,-3.6990,-7.5537,-71.9084,66.0916,-68.3664,40.95,On Belt
398250,-6.6152,-3.8571,-6.7038,-77.6183,59.5725,-78.3969,40.91,On Belt
398300,-6.3207,-3.4979,-6.5745,-85.5115,60.7176,-104.2290,40.91,On Belt
398350,-7.4172,-2.4277,-5.8179,-104.3664,47.8473,-114.6565,40.77,On Belt
398400,-7.8434,-2.6647,-5.9448,-118.7328,11.1908,-127.6794,40.86,On Belt
398450,-6.5793,-2.0063,-5.9520,-105.5878,-31.5267,-123.7557,40.67,On Belt
398500,-4.8483,-2.4612,-7.9057,-72.4733,-36.0000,-78.6260,40.72,On Belt
398550,-5.0350,-2.7366,-6.6224,-36.8702,-21.8015,-64.4580,40.67,On Belt
398600,-5.1164,-1.2761,-7.2065,-14.7328,-0.8550,-21.8779,40.77,On Belt
398650,-6.5338,-2.3870,-7.5657,34.1679,-0.1832,23.3740,40.72,On Belt
398700,-5.5761,-2.3559,-7.6998,78.5191,-9.2977,61.9695,40.77,On Belt
398750,-5.1451,-1.7526,-7.0318,107.5115,-5.0687,96.5802,40.72,On Belt
398800,-5.5354,-2.1500,-7.9464,121.8321,-3.9389,123.1603,40.77,On Belt
398850,-5.1667,-2.7533,-7.4939,135.0992,-8.1527,139.9389,40.67,On Belt
398900,-5.3151,-2.5666,-7.7045,132.3969,-18.7023,148.5496,40.72,On Belt
398950,-5.9209,1.5586,-7.7069,74.7176,-20.6565,91.5267,40.86,On Belt
399000,-6.0741,-0.4286,-8.7795,-34.3664,-60.3969,70.3359,40.77,On Belt
399050,-5.8466,-4.6328,-10.2855,-59.1450,-28.9771,5.1298,40.67,On Belt
399100,-4.3287,-3.2609,-7.1012,-50.5038,-3.9084,-40.4580,40.86,On Belt
399150,-3.8116,8.8394,-10.2520,-76.7939,44.4885,7.1908,40.77,On Belt
399200,-4.9704,-0.9984,-8.8250,-100.9771,100.7023,2.8855,40.72,On Belt
399250,-5.3295,-4.1851,-7.2329,-91.6489,127.1298,-34.4427,40.72,On Belt
399300,-5.8634,-4.6591,-7.0677,-71.1756,129.2977,-68.5191,40.95,On Belt
399350,-9.9599,3.2777,-7.2425,-86.6412,94.0000,-62.1374,40.67,On Belt
399400,-5.4731,-0.0982,-8.2073,-69.2519,95.8779,-41.9389,41.05,On Belt
399450,-5.1451,-2.5307,-6.3422,-26.6565,88.4122,-31.6031,40.67,On Belt
399500,-5.3510,-0.8978,-5.0254,-1.3588,54.0153,-32.8092,40.44,On Belt
399550,-5.4324,1.7502,-6.6535,22.6412,21.3435,-11.5725,40.72,On Belt
399600,-5.0637,0.9912,-6.1555,30.0000,-6.3206,14.6260,40.67,On Belt
399650,-4.4101,-0.0383,-6.4643,50.1221,-40.5496,23.1756,40.72,On Belt
399700,-4.7501,-0.9529,-7.8865,56.8397,-82.6565,26.1069,40.67,On Belt
399750,-5.6216,-1.9201,-8.3390,56.7939,-128.8244,16.9771,40.53,On Belt
399800,-4.5250,-1.2378,-9.9886,52.6260,-132.1221,-4.6412,40.86,On Belt
399850,-7.6375,-1.8220,-13.3980,67.9695,-81.1450,45.5267,40.91,On Belt
399900,-5.7700,-0.5363,-8.2169,9.1603,-36.9160,24.0458,40.95,On Belt
399950,-4.9129,-1.1325,-5.2625,-8.5191,-27.3130,-19.6641,40.95,On Belt
400000,-5.7413,0.9697,-4.4197,-42.1374,-33.0382,-41.7252,40.67,On Belt
400050,-5.5234,-1.3192,-6.8091,-67.9237,-8.0000,-58.9313,40.86,On Belt
400100,-6.2968,-2.8323,-6.7349,-67.5267,0.5649,-56.3511,40.67,On Belt
400150,-6.8953,-2.5522,-6.8522,-42.0000,-1.5267,-62.3969,40.72,On Belt
400200,-6.7277,-1.0774,-5.6120,-48.0153,-2.4122,-50.9771,40.86,On Belt
400250,-6.9121,-2.1404,-5.2936,-47.3740,-1.0534,-56.4580,40.86,On Belt
400300,-6.4404,-2.6217,-5.6719,-27.8321,-22.3969,-58.7328,40.91,On Belt
400350,-6.5410,-2.1069,-6.1507,-12.3817,-33.6031,-51.5725,40.39,On Belt
400400,-7.1467,-0.1484,-6.0956,-5.2061,-37.9695,-23.9237,40.67,On Belt
400450,-7.2927,-1.3384,-6.9073,14.7634,-34.6870,2.3969,40.91,On Belt
400500,-5.4061,-2.9808,-7.1754,26.0305,-30.2137,20.0916,40.86,On Belt
400550,-5.5378,-3.5219,-7.5633,49.2366,-24.8397,40.6565,40.77,On Belt
400600,-5.8586,-1.0630,-8.6622,76.6718,-1.8473,60.2443,40.67,On Belt
400650,-7.9655,2.1548,-9.6151,40.0916,55.3130,106.9160,40.91,On Belt
400700,-8.2217,4.2760,-8.4659,22.8397,82.9160,160.7786,40.53,On Belt
400750,-5.7485,-3.0694,-6.9719,51.3740,114.3053,121.1450,40.86,On Belt
400800,-3.5027,-1.2210,-3.7804,44.2748,123.6947,79.7405,40.95,On Belt
400850,-8.6407,-4.3311,-6.9695,25.8473,122.7176,-25.3282,40.67,On Belt
400900,-5.1140,6.4308,-8.1666,-25.4504,74.5802,-68.2595,40.95,On Belt
400950,-5.2241,1.0487,-9.6726,-56.8397,82.6107,-44.4122,40.67,On Belt
401000,-5.0494,-2.0446,-5.4253,-51.5115,62.0763,-50.9313,40.77,On Belt
401050,-5.5162,-1.5251,-4.4388,-38.5344,25.0687,-62.1679,40.72,On Belt
401100,-5.1236,1.1540,-6.5841,-20.2595,-16.4580,-29.4656,40.67,On Belt
401150,-4.3383,-0.1676,-6.2872,20.9160,-42.1832,7.0382,40.86,On Belt
401200,-3.6464,-0.1269,-8.0780,66.1679,-56.5038,38.6107,40.91,On Belt
401250,-4.7692,0.4621,-9.0357,87.4809,-68.7176,55.2519,40.86,On Belt
401300,-4.8004,0.1197,-9.0884,59.5267,-85.3130,49.2366,40.72,On Belt
401350,-7.9152,-1.2210,-13.1944,59.6794,-92.5802,9.0840,40.53,On Belt
401400,-5.2696,2.9832,-10.7811,-4.4275,-41.4962,18.2901,40.77,On Belt
401450,-5.6312,-1.6783,-6.4572,-44.5649,-21.7710,-13.2366,40.86,On Belt
401500,-4.4053,-1.5395,-5.3319,-59.0992,-24.3969,-50.6107,40.86,On Belt
401550,-4.3886,-2.6504,-4.9416,-80.4275,-23.6641,-75.6031,40.95,On Belt
401600,-5.0661,-3.5458,-5.9400,-89.8168,-16.1069,-111.7557,40.67,On Belt
401650,-6.1938,-3.9193,-6.7852,-73.5878,-13.4656,-147.6794,40.86,On Belt
401700,-6.9480,0.5531,-5.9400,-91.8321,-27.1603,-125.4351,40.86,On Belt
401750,-7.9871,-0.3017,-6.7732,-100.1069,-26.9160,-90.6870,40.77,On Belt
401800,-5.9472,-2.1404,-6.3207,-65.0229,-25.8931,-86.6107,40.72,On Belt
401850,-5.2433,-2.6336,-6.5194,-47.6794,-27.5267,-60.8855,41.09,On Belt
401900,-6.1723,-2.0710,-6.6702,-27.6947,-28.4733,-42.8855,40.86,On Belt
401950,-6.8019,-1.1660,-7.2018,-0.5191,-16.4580,7.6336,41.05,On Belt
402000,-6.7588,-3.1053,-6.9647,26.3664,-15.1908,20.8702,40.86,On Belt
402050,-5.7700,-2.9808,-6.5290,52.2901,-29.4504,31.4351,40.77,On Belt
402100,-5.0422,-1.9273,-7.8458,77.5878,-25.0229,59.2214,40.86,On Belt
402150,-6.2656,-0.3472,-9.9814,92.5191,17.8321,99.6641,40.77,On Belt
402200,-6.6463,7.6662,-10.8721,62.3206,79.9389,197.6947,40.58,On Belt
402250,-7.0725,-2.1500,-8.9064,51.1145,139.2824,181.8779,40.67,On Belt
402300,-4.8914,0.7015,-4.5562,14.5038,166.1069,103.0229,40.67,On Belt
402350,-6.8450,-2.2194,-5.2026,-27.1908,121.1145,28.5802,40.95,On Belt
402400,-7.9416,-5.4133,-7.5537,-19.8321,69.1450,-49.1908,40.86,On Belt
402450,-4.2521,-0.8212,-5.7126,-11.6794,31.3282,-106.7176,40.77,On Belt
402500,-3.7278,5.7341,-10.6063,-57.8931,28.2137,-104.3359,40.77,On Belt
402550,-5.3295,0.0790,-6.4165,-71.1450,33.4351,-90.8397,40.67,On Belt
402600,-5.1667,-1.4844,-4.2186,-59.2977,6.9618,-98.4427,40.67,On Belt
402650,-5.0566,0.6153,-5.7748,-25.9237,-42.6870,-71.0229,40.77,On Belt
402700,-3.6488,-0.1724,-7.9344,41.4504,-51.5267,-21.5573,40.91,On Belt
402750,-3.7469,-0.1700,-8.8442,98.4122,-35.0229,31.8168,40.58,On Belt
402800,-5.0087,2.0303,-9.2536,118.9160,-38.1374,59.6947,40.58,On Belt
402850,-10.3238,-0.5028,-10.6734,74.9466,-82.4427,-4.9160,40.72,On Belt
402900,-8.4420,0.8284,-9.9048,-50.7481,-131.1298,-78.4580,40.91,On Belt
402950,-3.1412,1.6209,-9.4786,-121.7710,-73.9542,-79.4198,40.72,On Belt
403000,-3.5482,-1.4605,-5.7868,-89.7557,-18.3664,-80.2443,40.86,On Belt
403050,-3.5267,-2.7078,-4.6591,-79.5267,-20.7023,-77.2061,40.72,On Belt
403100,-4.5394,-3.5195,-6.0885,-85.8931,-14.3664,-81.6641,40.77,On Belt
403150,-6.7133,-5.7748,-8.8969,-89.4962,13.7099,-111.7863,40.86,On Belt
403200,-6.3566,-5.2840,-7.7596,-73.3282,28.0153,-140.0763,40.44,On Belt
403250,-6.7062,7.3813,-3.7086,-92.9466,2.3206,-57.3282,40.95,On Belt
403300,-6.8618,-2.2936,-6.2513,-48.4275,31.9847,-70.2901,40.77,On Belt
403350,-6.1052,-2.2529,-5.4660,-36.0763,11.3893,-34.5496,40.67,On Belt
403400,-6.5266,-2.5187,-7.0222,16.5496,-9.2519,3.7252,40.91,On Belt
403450,-6.8091,-1.9249,-7.9464,63.3282,-3.8779,61.2519,40.72,On Belt
403500,-6.0430,-1.4772,-7.5609,103.9542,-20.2595,112.0916,40.86,On Belt
403550,-4.2473,-0.8428,-8.5617,129.5420,0.7634,166.5343,40.72,On Belt
403600,-4.9177,-0.9218,-8.1930,122.6565,45.7863,205.3130,40.67,On Belt
403650,-7.4436,3.0502,-9.1530,121.1756,65.0229,225.4657,40.44,On Belt
403700,-7.4915,2.7629,-9.7085,72.0458,89.3130,228.8244,40.72,On Belt
403750,-6.1770,0.5363,-7.3382,-2.7328,129.7863,160.1527,40.67,On Belt
403800,-5.1044,-2.2458,-5.5043,-34.3511,114.8244,83.7557,40.91,On Belt
403850,-5.9089,-5.6671,-6.6607,26.5344,69.3893,40.3206,40.67,On Belt
403900,-4.5083,5.3415,-5.0015,35.2672,32.4275,2.3969,40.86,On Belt
403950,-4.5729,3.3064,-9.3230,-27.3435,13.4198,26.8397,40.67,On Belt
404000,-2.9018,-0.9313,-6.3111,7.1145,7.3435,47.3588,40.91,On Belt
404050,-3.8116,-0.7997,-5.8802,38.3511,-15.0840,44.8855,40.53,On Belt
404100,-3.9433,-0.6225,-6.4212,42.6870,-54.0763,34.0611,40.67,On Belt
404150,-3.9097,-0.3496,-6.9791,55.2214,-86.3817,11.1298,40.67,On Belt
404200,-3.5147,1.2306,-9.4906,60.5038,-106.5038,0.0458,40.67,On Belt
404250,-4.6471,0.9361,-11.4802,57.3282,-107.2214,11.0992,40.72,On Belt
404300,-3.9744,1.7454,-11.7531,58.8244,-89.7252,24.0153,40.67,On Belt
404350,-7.6638,0.0934,-11.2743,48.1374,-86.8855,-20.7023,40.91,On Belt
404400,-7.1587,2.9233,-8.3821,-58.8244,-77.5420,-62.6412,40.77,On Belt
404450,-4.9847,1.9776,-7.9152,-108.1985,-36.9313,-67.6336,40.91,On Belt
404500,-5.0374,-3.0215,-6.1770,-75.9847,-14.1221,-60.1527,40.67,On Belt
404550,-3.2609,-2.1093,-4.1851,-74.2290,-0.6565,-73.6336,40.67,On Belt
404600,-3.8595,-3.1292,-5.4636,-99.9084,15.3282,-73.5267,40.86,On Belt
404650,-6.0813,-5.6072,-8.2025,-98.1679,42.0458,-101.1603,40.77,On Belt
404700,-6.9121,-5.6599,-8.6431,-82.3511,51.9542,-121.4046,40.58,On Belt
404750,-6.8881,3.6416,-4.6232,-82.8702,42.5038,-88.7023,40.77,On Belt
404800,-7.9631,-2.9329,-7.2760,-59.6183,58.6412,-43.4504,40.77,On Belt
404850,-5.8778,-2.9975,-5.7197,-37.0229,54.3053,-24.1374,40.86,On Belt
404900,-5.5234,-4.0677,-5.9568,-0.1374,22.9924,-0.4580,40.67,On Belt
404950,-6.3518,-3.0861,-7.3167,47.8779,6.1832,27.8015,40.77,On Belt
405000,-7.4340,-1.5107,-7.8793,91.7557,0.4427,104.7023,40.77,On Belt
405050,-4.9105,-2.7725,-7.7428,121.0534,-10.3664,141.2519,40.72,On Belt
405100,-4.8842,-2.8635,-7.5848,141.2824,-14.7176,166.9313,40.53,On Belt
405150,-5.4181,-3.3279,-7.5441,148.0000,-25.8321,188.1985,40.91,On Belt
405200,-5.2361,-3.8283,-7.3430,159.6031,-40.9618,199.0534,40.86,On Belt
405250,-5.7988,-3.4548,-8.5425,140.2901,-25.2214,190.5191,40.67,On Belt
405300,-5.7700,-3.3830,-8.7077,124.1221,13.7252,143.0840,40.67,On Belt
405350,-2.7892,3.5123,-6.1387,82.4580,33.6947,123.6031,40.72,On Belt
405400,-6.2010,0.5794,-6.4883,8.7176,53.6794,81.6336,40.67,On Belt
405450,-5.7389,-0.8523,-5.5929,-30.1221,54.0305,48.3511,40.77,On Belt
405500,-7.5106,-0.0431,-6.9312,-37.4809,54.2290,17.4504,40.58,On Belt
405550,-7.1060,0.4214,-6.1244,-30.0458,28.2595,20.8855,40.86,On Belt
405600,-5.8873,0.8763,-5.6551,-23.4809,22.1985,32.9618,40.67,On Belt
405650,-6.9504,0.7398,-5.1451,-18.6565,16.9008,33.5267,40.67,On Belt
405700,-6.7157,-0.0359,-5.4708,-4.2901,0.4580,30.8855,40.95,On Belt
405750,-7.2042,0.3711,-6.5170,16.2901,-7.8931,34.5954,40.67,On Belt
405800,-8.3055,-0.2825,-7.7644,44.3053,-21.1298,47.9237,40.67,On Belt
405850,-8.0493,-0.2322,-7.1467,61.4809,-43.9847,61.3130,40.53,On Belt
405900,-4.3981,0.7278,-6.7229,81.2672,-24.5038,77.1908,40.58,On Belt
405950,-4.5370,2.0830,-6.9288,102.6412,0.6870,116.6870,40.86,On Belt
406000,-5.6216,1.6041,-7.8506,113.7557,17.7710,144.4275,40.95,On Belt
406050,-5.5713,1.3671,-8.9807,118.4427,27.8779,146.4122,40.77,On Belt
406100,-5.3127,1.2929,-8.9376,79.6336,33.5573,114.7176,40.72,On Belt
406150,-4.8746,0.9768,-8.4491,35.1756,16.5344,64.7023,40.77,On Belt
406200,-3.6344,2.0925,-8.6598,-5.4046,6.7328,28.7786,40.44,On Belt
406250,-4.2425,2.3990,-8.1834,-30.3511,14.4885,18.3664,40.72,On Belt
406300,-4.5035,1.0726,-7.0150,-27.7405,5.6336,17.5267,40.53,On Belt
406350,-6.2680,1.3647,-5.6431,-22.4122,-13.5420,12.3359,40.86,On Belt
406400,-5.0063,-0.8691,-5.8107,-13.3282,-43.0992,-1.2672,40.77,On Belt
406450,-4.7333,0.7374,-6.1507,16.2137,-52.0153,-6.8550,40.72,On Belt
406500,-4.6878,2.5690,-7.0222,22.9008,-38.3053,-2.6107,40.91,On Belt
406550,-4.1539,0.9457,-7.3526,51.7099,-10.5344,12.8244,40.53,On Belt
406600,-6.0501,1.2737,-7.4268,75.5420,-20.4886,22.5191,40.91,On Belt
406650,-4.6543,1.9369,-8.3582,71.9237,-23.6336,11.3435,40.67,On Belt
406700,-4.4532,2.1979,-8.9232,43.2519,-9.8779,-15.5725,40.72,On Belt
406750,-5.9735,-0.1053,-7.9296,11.2977,-24.0458,-61.9237,40.77,On Belt
406800,-7.2065,1.0343,-8.0014,-25.1298,-43.0534,-112.5496,40.91,On Belt
406850,-6.2082,2.0806,-7.3095,-71.5267,-35.7099,-110.2137,40.67,On Belt
406900,-6.5338,1.2067,-8.3965,-80.9160,3.2977,-78.0305,40.77,On Belt
406950,-6.1004,-3.4740,-6.9192,-54.4885,10.6412,-68.1374,40.72,On Belt
407000,-4.6519,-3.1053,-5.8586,-46.4275,17.7099,-73.8015,40.86,On Belt
407050,-4.5610,-3.2968,-5.8035,-54.4580,25.6183,-70.6870,40.86,On Belt
407100,-6.1363,-2.9449,-7.3287,-56.1069,35.5267,-66.8397,40.67,On Belt
407150,-7.4244,-2.0806,-7.7764,-38.6260,30.2443,-16.4122,40.95,On Belt
407200,-6.6200,-2.4205,-6.6726,-3.7557,25.4504,10.9160,40.91,On Belt
407250,-5.4372,-3.0239,-5.9161,23.6031,16.0458,33.7405,40.39,On Belt
407300,-5.5713,-3.5386,-6.5577,54.0458,6.9924,47.3588,40.72,On Belt
407350,-4.9799,-2.9353,-7.5058,91.8779,3.0992,72.9466,40.67,On Belt
407400,-5.0613,-3.0287,-7.7069,121.4046,11.2061,101.2214,40.72,On Belt
407450,-5.2529,-2.7677,-7.6614,139.8473,12.0305,119.1908,40.58,On Belt
407500,-5.2648,-2.2458,-7.8338,149.9695,12.5496,141.7710,40.53,On Belt
407550,-5.4396,-2.5570,-7.8219,153.5878,12.6107,154.8092,40.58,On Belt
407600,-5.1547,-1.9609,-7.3933,149.1450,4.7481,148.4427,40.67,On Belt
407650,-6.0645,0.6536,-7.3646,79.7405,-4.0153,109.2214,40.77,On Belt
407700,-6.4236,-2.1835,-8.1044,11.2519,-40.1069,82.4122,40.67,On Belt
407750,-5.0398,-3.4740,-7.8314,-1.0229,-39.9084,49.6947,40.72,On Belt
407800,-4.8890,-3.4357,-7.0820,-4.0763,-23.4809,22.1221,40.77,On Belt
407850,-4.6687,-3.3878,-6.2106,-3.7557,-18.4122,-0.5191,40.58,On Belt
407900,-6.5673,-4.4412,-8.7293,-19.8779,10.3511,-35.9237,40.44,On Belt
407950,-9.7013,7.4196,-8.6359,-53.3588,32.6870,48.9313,40.86,On Belt
408000,-9.3685,3.6009,-6.3422,-74.3359,52.5038,53.2672,40.72,On Belt
408050,-5.2218,-1.6017,-7.3478,-81.7252,72.7939,65.7405,40.77,On Belt
408100,-4.2808,-2.9544,-5.5402,-70.8855,105.7710,37.2366,40.72,On Belt
408150,-5.8395,-3.5338,-6.7900,-56.1527,124.5802,-8.8244,40.72,On Belt
408200,-9.9407,2.6360,-7.5369,-57.4656,102.3969,21.6031,40.77,On Belt
408250,-7.5010,1.4006,-6.5505,-23.0840,63.4046,29.7252,40.86,On Belt
408300,-4.9177,-0.5626,-5.7485,13.5573,63.9237,43.7710,40.53,On Belt
408350,-5.3271,-0.0862,-4.9129,41.1756,39.4504,45.3130,40.67,On Belt
408400,-4.5490,0.8906,-6.3063,68.0916,8.7328,58.6412,40.67,On Belt
408450,-3.8738,0.5986,-6.9121,90.4885,-8.0000,78.7634,40.91,On Belt
408500,-4.1922,0.5124,-6.8474,98.0305,-30.9466,71.4046,40.53,On Belt
408550,-5.0973,1.2306,-7.4723,61.9389,-77.2824,49.1756,40.86,On Belt
408600,-6.5864,-1.9034,-8.9232,35.7252,-143.0992,6.1374,40.67,On Belt
408650,-5.1858,0.7997,-11.4610,33.5420,-165.0229,-15.4046,40.58,On Belt
408700,-3.5626,2.6504,-12.5025,35.6641,-103.3740,21.5725,40.86,On Belt
408750,-6.7109,-0.4884,-9.9383,10.5496,-72.2290,-20.4733,40.67,On Belt
408800,-7.0725,0.0982,-9.4355,-46.7634,-62.9771,-76.6870,40.72,On Belt
408850,-5.1954,3.6559,-5.5330,-136.5343,-16.0916,-97.9847,40.72,On Belt
408900,-5.9161,-1.4892,-6.0214,-151.2977,17.6031,-106.1527,40.67,On Belt
408950,-4.2353,-2.6360,-5.2625,-147.2519,25.8321,-108.5496,40.67,On Belt
409000,-4.2114,-3.3926,-5.7772,-156.0916,23.6947,-101.9084,40.67,On Belt
409050,-7.0318,-6.7133,-9.7085,-135.7710,27.3740,-119.0076,40.58,On Belt
409100,-6.3853,-5.2672,-8.0110,-107.3282,30.9924,-136.6107,40.72,On Belt
409150,-6.6702,5.1667,-2.3248,-105.5573,14.1679,-72.1527,40.67,On Belt
409200,-7.7141,-3.2585,-6.1627,-48.3511,59.9695,-36.8550,40.91,On Belt
409250,-5.9089,-3.6536,-5.1332,0.6412,45.7557,-7.7710,40.77,On Belt
409300,-6.0813,-4.5179,-6.4667,52.8855,20.9008,19.8015,40.91,On Belt
409350,-6.6679,-3.4716,-7.4555,120.9466,12.5954,39.9084,40.67,On Belt
409400,-6.5721,-0.3400,-8.0373,160.1221,-0.4580,140.2595,40.72,On Belt
409450,-5.7485,-1.2617,-8.2983,179.7863,-4.1985,170.5802,40.67,On Belt
409500,-5.2002,-2.5259,-7.8817,178.3969,-7.1603,199.4809,40.72,On Belt
409550,-5.0925,-2.3032,-7.1515,167.8931,-14.5344,207.5420,40.53,On Belt
409600,-5.8012,1.5610,-7.6279,95.0229,-18.2290,164.4427,40.67,On Belt
409650,-6.6319,-1.8938,-10.1514,2.2901,-33.9389,128.4427,40.77,On Belt
409700,-5.9185,-4.3120,-10.0078,-5.7710,-3.0840,53.0229,40.67,On Belt
409750,-4.0151,-1.8459,-7.3358,-23.8931,40.0153,-6.5802,40.53,On Belt
409800,0.0168,17.4537,-9.4092,-83.4351,79.2672,-12.0611,40.67,On Belt
409850,-6.2584,-0.7494,-7.5274,-128.9771,114.5191,-13.6183,40.53,On Belt
409900,-5.5641,-5.0446,-7.3957,-118.9924,126.1221,-62.6718,40.58,On Belt
409950,-9.2512,1.6257,-6.3422,-104.2748,100.8244,-71.5573,40.67,On Belt
410000,-8.9998,2.4038,-6.8666,-98.2443,51.1298,-39.8321,40.53,On Belt
410050,-4.6208,-0.7159,-5.7126,-59.4504,54.3359,-24.6412,40.44,On Belt
410100,-5.2625,-0.3256,-4.4341,-19.4504,37.3740,-13.7405,40.58,On Belt
410150,-5.5067,0.8835,-5.1643,19.3588,9.5267,7.8931,40.67,On Belt
410200,-4.0582,0.3232,-5.6120,72.2901,-7.4198,44.6107,40.77,On Belt
410250,-4.3551,0.0024,-6.2177,122.1985,-24.0305,73.4809,40.67,On Belt
410300,-3.8618,2.7485,-9.1866,165.5725,-40.0763,114.2290,40.58,On Belt
410350,-4.0462,2.6647,-10.4483,168.8397,-34.1374,138.2748,40.44,On Belt
410400,-5.2218,4.0366,-8.5593,78.3359,-70.9771,105.6794,40.67,On Belt
410450,-7.8841,-1.7573,-12.1889,18.9008,-139.9237,35.4809,40.91,On Belt
410500,-8.1690,-2.7198,-12.4451,-27.6794,-140.4122,-52.1221,40.72,On Belt
410550,-4.2138,-1.1253,-8.0685,-72.1374,-96.0000,-124.3359,40.72,On Belt
410600,-2.5235,1.6592,-4.2258,-91.5267,-42.0611,-173.2519,40.86,On Belt
410650,-5.8993,-2.0063,-6.4691,-117.7710,-6.4427,-97.8779,40.91,On Belt
410700,-4.7573,-2.4157,-5.7916,-127.9389,19.5573,-113.4504,40.72,On Belt
410750,-5.7174,-4.6064,-7.3765,-140.7634,21.3740,-109.9237,40.39,On Belt
410800,-6.6008,-5.3582,-8.1020,-110.6870,15.3435,-127.6031,40.72,On Belt
410850,-6.3877,0.1700,-5.7820,-116.2443,9.7405,-102.8702,40.58,On Belt
410900,-7.1084,-2.5307,-5.8802,-99.4809,30.5191,-62.2748,40.72,On Belt
410950,-6.6487,-3.3208,-5.5545,-50.1985,33.5878,-34.7328,40.58,On Belt
411000,-6.1339,-3.8690,-5.7964,-0.7328,10.1679,-0.3969,40.72,On Belt
411050,-6.7445,-3.8978,-6.6415,65.0534,4.5191,24.8092,40.58,On Belt
411100,-6.6391,-2.3750,-7.1491,126.0000,-11.2061,85.1756,40.58,On Belt
411150,-5.8371,-1.1660,-7.3741,169.9084,-13.5725,133.7405,40.67,On Belt
411200,-4.8626,-0.8595,-8.9759,188.7786,-6.2290,179.6794,40.72,On Belt
411250,-5.0182,-2.0039,-8.2337,193.8473,7.1298,216.6107,40.67,On Belt
411300,-4.5298,-1.7885,-7.2856,189.3282,10.0458,199.6947,40.58,On Belt
411350,-9.4906,0.9457,-10.0844,77.8321,14.4733,119.3282,40.53,On Belt
411400,-8.3797,-2.6049,-10.3214,-44.2748,-8.3664,45.4809,40.67,On Belt
411450,-0.0383,9.1937,-10.1945,-92.0611,18.4275,25.4656,40.77,On Belt
411500,-4.1396,-1.8579,-7.5489,-115.8779,85.0992,9.0076,40.58,On Belt
411550,-4.5179,-3.7781,-5.5833,-105.3740,92.4580,-29.2366,40.67,On Belt
411600,-5.8012,-5.1834,-7.1299,-88.1221,94.1679,-67.7252,40.67,On Belt
411650,-8.7724,4.3718,-6.9552,-83.3130,70.2443,-59.0992,40.72,On Belt
411700,-6.3135,0.9074,-7.3622,-56.5954,66.2901,-43.6641,40.77,On Belt
411750,-5.7844,-2.0159,-5.8682,-37.9695,55.8321,-44.4427,40.86,On Belt
411800,-5.7221,1.1277,-6.0885,-26.4427,37.9237,-49.2824,40.91,On Belt
411850,-5.7988,1.1013,-7.2305,-16.2290,20.4427,-33.4046,40.77,On Belt
411900,-4.9273,0.5483,-7.3789,9.4046,6.4733,-13.1756,40.58,On Belt
411950,-4.5921,0.6129,-7.2185,20.8550,-4.8092,-12.6565,40.67,On Belt
412000,-4.6256,0.9218,-6.7469,-6.1221,-26.1832,-46.9771,40.67,On Belt
412050,-4.5059,-0.2921,-6.4643,-39.6031,-52.3511,-97.6489,40.67,On Belt
412100,-3.6919,0.7997,-8.1954,-42.5954,-63.6947,-128.1832,40.58,On Belt
412150,-6.1052,3.3926,-8.3965,-51.4809,-42.1221,-105.0229,40.67,On Belt
412200,-5.7365,0.8332,-7.0916,-45.0382,-42.3053,-85.0229,40.67,On Belt
412250,-5.9017,-1.5778,-6.1603,-23.1450,-48.7481,-86.5191,40.72,On Belt
412300,-8.9615,-1.9034,-7.9080,-7.4351,-59.5725,-114.9466,40.58,On Belt
412350,-10.2663,4.2784,-7.0533,-64.5649,-60.8702,-120.9313,40.72,On Belt
412400,-6.1172,1.6903,-7.4148,-102.0763,-20.3053,-90.7939,40.72,On Belt
412450,-5.4708,-2.5546,-5.6647,-86.9313,-7.0229,-79.9389,40.58,On Belt
412500,-4.1922,-3.0047,-5.1811,-72.0611,-5.0076,-88.9618,40.72,On Belt
412550,-5.2098,-4.2449,-6.9001,-91.0992,2.3969,-81.1603,40.72,On Belt
412600,-6.0286,-5.4372,-7.8290,-78.6260,27.9542,-112.2748,40.53,On Belt
412650,-6.2177,-2.7533,-6.5218,-60.5649,30.1527,-111.7710,40.67,On Belt
412700,-8.1523,-2.0853,-7.4962,-39.4046,25.3740,-1.8015,40.86,On Belt
412750,-7.1539,-2.5666,-6.3949,-1.2824,43.5725,8.7328,40.67,On Belt
412800,-5.6192,-4.5969,-5.9975,20.5954,15.6183,30.3664,40.86,On Belt
412850,-5.0302,-3.8259,-5.9256,53.2824,-10.7786,36.3664,40.77,On Belt
412900,-4.5921,-3.2226,-7.3095,74.2595,4.1374,32.3664,40.67,On Belt
412950,-5.8419,-2.0566,-7.8530,103.1450,20.1221,75.1450,40.58,On Belt
413000,-5.9735,-2.4995,-7.2640,122.6870,13.2214,86.8702,40.58,On Belt
413050,-5.9975,-1.9178,-6.6080,118.1221,11.4046,89.2672,40.58,On Belt
413100,-6.2656,-1.3264,-5.8873,95.9084,2.6260,87.2977,40.67,On Belt
413150,-5.2241,-2.8108,-6.9264,85.2672,-5.0992,78.3053,40.77,On Belt
413200,-5.9089,-3.8259,-7.2496,76.1069,-6.7939,69.9695,40.67,On Belt
413250,-6.2441,-4.3670,-7.9416,79.4962,-6.8244,51.8168,40.67,On Belt
413300,-5.1667,0.9816,-7.1706,73.2672,4.5496,72.2595,40.44,On Belt
413350,-6.8594,-2.2027,-8.9280,66.7786,23.4046,94.5954,40.39,On Belt
413400,-6.6248,1.6783,-8.8083,40.9466,55.7863,128.1832,40.39,On Belt
413450,-7.0174,5.0877,-7.3981,0.7328,86.6718,160.9313,40.72,On Belt
413500,-7.4268,1.7166,-10.0437,-43.3282,138.3206,197.4962,40.44,On Belt
413550,-6.8211,-3.8259,-7.5393,-14.2748,166.1832,140.6107,40.53,On Belt
413600,-5.9065,-4.0390,-6.5769,7.7252,157.6641,104.7023,40.67,On Belt
413650,-7.7428,-3.2441,-6.3375,64.9924,111.4351,71.3588,40.72,On Belt
413700,-5.0518,6.7277,-7.7548,21.7557,60.4122,70.7328,40.44,On Belt
413750,-3.5291,-0.1293,-6.1220,33.5420,38.1679,71.4504,40.53,On Belt
413800,-4.1803,-0.7183,-4.5849,22.5496,3.0687,22.3053,40.77,On Belt
413850,-4.5921,-2.1045,-5.2768,23.0534,-62.2443,0.9466,40.72,On Belt
413900,-3.6990,-0.3855,-7.4340,44.1527,-103.6641,-25.8168,40.58,On Belt
413950,-2.8012,4.2904,-11.4012,41.5725,-100.9618,4.6107,40.77,On Belt
414000,-6.0525,-0.4214,-11.6143,46.2443,-105.8626,19.2214,40.77,On Belt
414050,-4.9680,0.6297,-10.2208,26.6565,-125.7710,5.9237,40.67,On Belt
414100,-4.7525,-0.4094,-10.8194,6.5344,-99.7863,-25.0382,40.67,On Belt
414150,-7.0174,1.6328,-11.7651,1.1450,-61.5115,-21.1603,40.53,On Belt
414200,-5.0087,0.2083,-6.0837,-65.1603,0.9618,-25.2672,40.72,On Belt
414250,-4.7405,-1.8507,-4.6064,-61.0076,15.8321,-72.0916,40.67,On Belt
414300,-5.1380,-2.7078,-5.3726,-80.0763,20.1832,-85.0382,40.58,On Belt
414350,-5.2936,-3.4764,-5.6072,-84.9160,31.4656,-115.3893,40.67,On Belt
414400,-6.4380,-4.5562,-6.8187,-80.7328,28.2748,-130.9466,40.58,On Belt
414450,-8.3222,3.3375,-5.5210,-98.1527,-3.6794,-77.5267,40.72,On Belt
414500,-8.0996,-1.5275,-6.6966,-70.3359,6.9160,-66.7023,40.72,On Belt
414550,-5.7652,-3.3639,-6.3159,-41.4046,0.6412,-46.2748,40.72,On Belt
414600,-4.9608,-3.0502,-5.2792,-4.6718,-7.1908,-27.3435,40.86,On Belt
414650,-6.4883,-2.4205,-6.7876,19.1908,-6.0153,-12.5496,40.58,On Belt
414700,-7.2233,-1.3862,-6.7588,56.8702,-7.6183,35.6794,40.44,On Belt
414750,-6.0573,-2.8299,-7.5369,93.5420,-14.5038,72.2748,40.53,On Belt
414800,-4.8291,-2.3008,-7.6279,125.7710,-3.8168,110.2595,40.67,On Belt
414850,-5.8371,-2.3056,-7.5585,144.1679,2.8702,137.5878,40.95,On Belt
414900,-5.6934,-1.6879,-7.9272,149.2519,-1.9084,170.3206,40.67,On Belt
414950,-5.0589,-0.3160,-10.3621,152.4275,35.7252,187.2977,40.44,On Belt
415000,-6.4093,12.0883,-12.4882,66.8244,103.3282,192.3206,40.86,On Belt
415050,-7.5441,-0.4717,-7.8219,-44.8397,105.3740,145.4198,40.53,On Belt
415100,-4.8770,-2.2769,-5.1643,-86.8092,87.5878,78.9771,40.44,On Belt
415150,-4.0007,-5.2074,-5.8012,-63.6183,106.8702,7.5878,40.72,On Belt
415200,-6.8857,-6.1914,-8.3510,-12.1832,111.0534,-46.4733,40.77,On Belt
415250,-11.1139,19.0100,-5.3534,-79.2366,45.5725,-7.9695,40.39,On Belt
415300,-4.7716,1.1971,-6.7900,-34.9924,24.2595,9.7252,40.72,On Belt
415350,-3.7685,-2.4876,-4.2880,-12.4275,17.3588,3.8321,40.58,On Belt
415400,-4.6424,-0.5171,-5.4300,26.7328,-10.8244,-18.2290,40.58,On Belt
415450,-4.4005,2.3200,-7.9799,44.8397,-28.9771,24.5191,40.67,On Belt
415500,-3.8666,1.0104,-7.5657,78.9313,-30.0611,55.4809,40.67,On Belt
415550,-3.8595,1.4461,-7.6136,89.4962,-46.2595,56.5649,40.77,On Belt
415600,-4.2497,1.3264,-8.8609,58.7328,-58.1679,30.0611,40.72,On Belt
415650,-4.0270,1.1732,-9.9718,35.0382,-69.2366,2.3817,40.58,On Belt
415700,-3.7230,1.7454,-10.9535,19.5725,-66.6260,-18.3969,40.58,On Belt
415750,-5.4420,-0.1867,-9.3518,9.4962,-62.9466,-53.4351,40.44,On Belt
415800,-7.6112,-0.1508,-9.4451,-21.2061,-67.9847,-93.3893,40.72,On Belt
415850,-6.0549,0.4597,-6.8498,-56.1985,-36.0916,-100.2901,40.67,On Belt
415900,-7.5441,2.2410,-7.0629,-74.6260,-39.9847,-69.3893,40.44,On Belt
415950,-5.1164,-2.0518,-5.9496,-59.6489,-9.3435,-79.2061,40.58,On Belt
416000,-4.3790,-2.4780,-5.2218,-73.3435,3.6336,-73.5573,40.58,On Belt
416050,-5.2696,-4.5346,-6.4572,-68.1374,-3.2672,-68.7023,40.72,On Belt
416100,-6.5003,-5.1068,-8.4539,-41.3740,-2.7939,-76.9466,40.44,On Belt
416150,-5.8945,-3.3232,-7.2640,-33.4656,18.3511,-67.1450,40.91,On Belt
416200,-7.1491,-1.4269,-6.2345,-38.6565,27.3588,4.3359,40.72,On Belt
416250,-5.9113,-2.6264,-5.5210,-9.6031,47.5420,-7.3282,40.58,On Belt
416300,-5.6312,-3.7326,-5.7916,4.8855,25.0992,16.5344,40.53,On Belt
416350,-6.3279,-4.7357,-7.3717,57.3130,-8.6718,27.9695,40.44,On Belt
416400,-5.8371,-0.3591,-7.1706,77.6489,-0.1985,55.2366,40.67,On Belt
416450,-7.5178,-1.4533,-7.5417,96.9618,19.6031,109.8626,40.72,On Belt
416500,-5.9113,-2.7773,-6.7469,110.1832,9.9695,127.1450,40.86,On Belt
416550,-5.0566,-3.0526,-6.3614,110.7023,7.3435,136.0153,40.77,On Belt
416600,-5.7509,-4.1587,-7.1635,116.0916,-6.7939,145.2214,40.72,On Belt
416650,-5.5569,-4.0103,-7.6734,133.2977,-20.6565,147.9847,40.72,On Belt
416700,-5.5450,-4.2569,-8.2935,125.3893,-0.9313,138.1374,40.58,On Belt
416750,-3.0861,0.2777,-6.8187,124.4733,28.3053,133.9237,40.86,On Belt
416800,-8.0014,2.0399,-6.4236,80.9466,54.9466,128.3359,40.72,On Belt
416850,-6.4931,-1.6759,-5.9209,11.6336,42.2443,94.6870,40.67,On Belt
416900,-6.6798,-3.7996,-6.2752,2.5038,33.6183,42.2748,40.67,On Belt
416950,-7.4172,2.1069,-6.3446,-26.1221,25.0534,16.7481,40.67,On Belt
417000,-7.1347,0.5674,-6.1387,-40.0763,20.9618,12.5496,40.67,On Belt
417050,-7.1874,0.2322,-5.8466,-43.8931,13.2977,14.8244,40.77,On Belt
417100,-7.4699,0.9146,-6.2297,-49.3588,10.9008,24.2137,40.67,On Belt
417150,-7.4244,1.0175,-6.3973,-44.9313,12.4885,44.3359,40.72,On Belt
417200,-7.2065,0.1269,-6.0837,-16.0000,11.3282,65.3893,40.58,On Belt
417250,-7.2544,-0.1867,-6.2656,22.8092,4.1832,80.5802,40.67,On Belt
417300,-6.5122,-0.1053,-6.1220,53.9695,-8.8855,101.7099,40.67,On Belt
417350,-5.1643,-0.0072,-5.4348,89.2977,-14.1527,109.2519,40.67,On Belt
417400,-5.7006,0.5124,-6.0142,113.3740,-18.4733,113.3893,40.53,On Belt
417450,-5.8107,1.4700,-6.6990,122.9160,-29.6641,123.1298,40.58,On Belt
417500,-6.1770,1.5347,-7.9751,129.2519,-39.3740,134.9771,40.67,On Belt
417550,-5.2648,2.2865,-8.6072,113.6336,-37.8015,129.7099,40.58,On Belt
417600,-4.7453,0.6943,-7.6495,72.5038,-33.8015,95.2366,40.72,On Belt
417650,-4.6998,0.1844,-7.2353,36.8550,-48.4580,32.7481,40.39,On Belt
417700,-3.5171,1.4700,-8.6215,7.4046,-42.8092,-13.0534,40.44,On Belt
417750,-5.5138,2.3679,-7.0150,2.0458,-19.4351,-14.3359,40.72,On Belt
417800,-5.5713,0.4453,-5.9041,6.6107,-15.6641,-15.6641,40.67,On Belt
417850,-5.5545,1.1684,-6.6774,29.7405,-6.1832,-2.7328,40.67,On Belt
417900,-5.9544,1.3192,-6.8474,57.2519,4.8244,17.6183,40.34,On Belt
417950,-6.4380,-0.7326,-7.5824,90.3359,9.7710,15.2366,40.86,On Belt
418000,-7.1994,3.0454,-9.8737,78.6718,9.4809,3.7557,40.67,On Belt
418050,-5.9999,1.0439,-8.4922,26.2443,37.9389,-20.2748,40.58,On Belt
418100,-4.4317,-0.5076,-6.6894,9.4656,62.1832,-56.2290,40.67,On Belt
418150,-8.4707,0.0096,-5.0589,-66.0763,47.1450,-65.8931,40.58,On Belt
418200,-5.8275,-1.5610,-8.4563,-53.7557,41.4351,-57.6336,40.67,On Belt
418250,-6.1746,-2.9257,-8.4443,-31.6336,38.9618,-28.9466,40.67,On Belt
418300,-5.5426,-3.0047,-7.1419,-24.0916,42.0916,2.0916,40.86,On Belt
418350,-5.9280,-2.6097,-6.6511,5.6489,19.5725,32.6718,40.39,On Belt
418400,-5.4109,-2.4612,-6.7804,50.7481,-11.5267,72.7939,40.39,On Belt
418450,-4.2641,-1.8794,-6.5888,83.3130,2.2443,87.4046,40.67,On Belt
418500,-5.5043,-3.7350,-7.3239,96.9618,-6.6107,102.5038,40.67,On Belt
418550,-4.4125,-2.4636,-6.9576,117.5115,-21.2824,113.4046,40.58,On Belt
418600,-4.3838,-1.3072,-7.8841,122.0611,-5.4962,124.6107,40.77,On Belt
418650,-4.9919,-0.8356,-7.5657,101.2519,6.7176,118.1527,40.77,On Belt
418700,-5.7485,-1.2282,-6.6487,59.1450,-11.0534,93.3282,40.58,On Belt
418750,-6.0932,-2.8180,-7.3765,19.3893,-35.4504,61.1603,40.67,On Belt
418800,-5.4755,-3.6464,-7.3526,13.1298,-38.0000,20.5649,40.77,On Belt
418850,-4.7549,-3.4381,-6.9671,20.0611,-42.1069,4.5649,40.72,On Belt
418900,-4.4412,-3.1196,-8.2911,33.9389,-30.8397,-4.1832,40.58,On Belt
418950,-6.5481,-0.5004,-8.3653,52.6870,20.8855,73.1298,40.77,On Belt
419000,-5.9161,-1.9992,-6.8977,47.3740,14.0305,65.3282,40.58,On Belt
419050,-5.4971,-2.3128,-6.5003,29.8626,1.9542,51.9237,40.39,On Belt
419100,-5.5545,-1.2402,-7.2305,23.2672,-1.6336,30.3206,40.67,On Belt
419150,-7.1946,-0.3496,-9.4762,-5.0229,11.2824,30.6565,40.44,On Belt
419200,-6.4787,0.1652,-7.9751,-18.5496,16.3053,32.7786,40.67,On Belt
419250,-4.1300,0.1221,-7.3837,-30.8550,44.0000,37.4046,40.67,On Belt
419300,-4.5897,2.4541,-8.0948,-39.8321,91.8168,69.9847,40.44,On Belt
419350,-5.0039,-2.3415,-7.5441,-19.3740,123.5267,55.0840,40.39,On Belt
419400,-6.2297,-1.7717,-6.3446,1.4046,127.2824,17.5573,40.39,On Belt
419450,-7.1898,0.4573,-8.1379,18.8244,94.7481,12.0305,40.44,On Belt
419500,-6.0501,0.1269,-7.7093,45.9695,65.5725,35.2977,40.39,On Belt
419550,-4.2856,0.3232,-7.8889,68.8855,55.9084,40.1069,40.44,On Belt
419600,-5.4731,1.8244,-6.8115,33.2061,23.8168,14.1221,40.58,On Belt
419650,-5.1763,-0.7422,-6.0190,-12.3664,-35.6641,-21.7557,40.53,On Belt
419700,-4.7764,-2.5067,-5.6503,-4.7939,-87.2366,-46.5191,40.39,On Belt
419750,-3.9600,0.2227,-7.6279,12.0763,-123.3588,-33.0382,40.44,On Belt
419800,-5.7341,-1.9800,-9.9623,55.9084,-107.1450,25.1908,40.58,On Belt
419850,-5.6671,-0.6919,-8.2768,51.5115,-111.8321,22.7634,40.95,On Belt
419900,-5.9256,-1.2426,-10.0054,14.0458,-124.3664,-3.8626,40.72,On Belt
419950,-7.4747,-1.8651,-11.9926,15.0076,-98.7481,-43.0840,40.58,On Belt
420000,-7.9535,3.8259,-8.8298,-30.9924,0.5954,6.6107,40.53,On Belt
420050,-6.8881,-1.0223,-5.3271,-64.9160,-26.0458,1.4504,40.34,On Belt
420100,-3.8020,-1.0080,-4.0749,-72.3053,-8.0153,-32.1832,40.44,On Belt
420150,-4.1779,-1.8387,-4.2186,-103.9237,15.1908,-52.7939,40.58,On Belt
420200,-7.0749,-1.2282,-5.4755,-128.3512,37.5878,-71.9847,40.72,On Belt
420250,-8.4396,-3.7110,-7.5753,-113.6489,27.5878,-79.5267,40.72,On Belt
420300,-6.5410,-2.8084,-5.8849,-103.7252,14.7481,-86.7328,40.67,On Belt
420350,-6.2896,-2.2410,-5.1451,-100.5802,6.4580,-88.7481,40.25,On Belt
420400,-6.8067,-1.1827,-5.5952,-82.3969,-6.8702,-69.7099,40.67,On Belt
420450,-7.2951,-1.9201,-6.1914,-46.1527,-5.8473,-45.5573,40.67,On Belt
420500,-6.9576,-2.8659,-6.0501,-12.0458,-14.6260,-24.1679,40.67,On Belt
420550,-6.7397,-2.3367,-5.9400,21.8168,-27.4046,-10.8550,40.67,On Belt
420600,-6.7636,-1.2354,-6.4165,46.6565,-30.8244,18.4580,40.58,On Belt
420650,-6.9121,-2.0446,-6.9815,57.3130,-26.0458,34.5191,40.58,On Belt
420700,-6.7109,-2.4876,-7.4077,65.6947,-33.5573,44.8092,40.72,On Belt
420750,-5.6527,-1.4269,-7.5753,70.6107,-28.0458,66.4275,40.67,On Belt
420800,-5.4348,-0.9529,-7.9871,76.5038,-7.5878,70.4122,40.58,On Belt
420850,-5.9592,2.6217,-10.5704,27.4962,35.7405,85.7405,40.67,On Belt
420900,-6.2010,2.6624,-8.0254,-0.5649,100.0153,95.5115,40.67,On Belt
420950,-4.7118,-1.3934,-6.2537,-25.3130,129.0229,40.5191,40.72,On Belt
421000,-3.8642,-2.8994,-4.6974,-22.5649,149.2977,-29.2214,40.58,On Belt
421050,-7.1754,-5.4492,-7.7189,-0.0458,130.4733,-73.0992,40.58,On Belt
421100,-9.4451,8.9184,-6.5338,8.5954,84.2901,-87.0534,40.67,On Belt
421150,-6.8857,1.9728,-9.2296,-15.2672,90.4733,-53.2672,40.53,On Belt
421200,-5.6383,-0.7997,-6.5553,1.2061,62.5954,-36.5496,40.53,On Belt
421250,-4.6184,-1.1444,-4.8291,5.3435,20.3053,-24.0763,40.67,On Belt
421300,-4.0558,-0.7350,-6.0789,30.1527,-20.0000,-6.4885,40.44,On Belt
421350,-4.2928,-0.4214,-6.7373,52.0611,-46.4885,21.8626,40.58,On Belt
421400,-5.4133,-0.5722,-7.8051,56.1374,-87.7252,39.4962,40.58,On Belt
421450,-6.9911,-1.8411,-8.6383,38.1221,-143.4962,23.0992,40.53,On Belt
421500,-7.5896,-2.5857,-10.7021,14.9313,-183.8779,-14.7939,40.53,On Belt
421550,-7.6878,-1.9872,-12.7443,26.8855,-179.8015,-28.8702,40.67,On Belt
421600,-4.7333,3.6296,-13.7212,1.6641,-49.6489,23.9542,40.44,On Belt
421650,-5.1930,0.8045,-4.3024,-39.8015,23.7099,35.3282,40.72,On Belt
421700,-3.8355,-2.3750,-4.4508,-37.8473,24.4122,-1.5267,40.67,On Belt
421750,-4.2808,-2.1524,-4.6088,-68.3053,46.1527,-36.7481,40.53,On Belt
421800,-6.8785,-4.1827,-6.9001,-95.0992,73.6641,-86.8397,40.67,On Belt
421850,-9.0285,-0.9864,-6.0286,-76.9313,26.5344,-67.1756,40.67,On Belt
421900,-6.5745,-1.4892,-5.5881,-80.4733,30.0763,-81.2366,40.67,On Belt
421950,-6.5457,-2.4421,-5.8754,-98.9160,23.5114,-72.9008,40.53,On Belt
422000,-7.1587,-2.3631,-5.8658,-60.0000,-8.7786,-56.0153,40.58,On Belt
422050,-6.7038,-2.1620,-5.7317,-11.0534,-27.4351,-25.7557,40.44,On Belt
422100,-6.5386,-2.2314,-6.8163,22.0000,-27.6641,7.9542,40.67,On Belt
422150,-6.1076,-2.6360,-7.3478,76.0000,-34.7786,50.5954,40.44,On Belt
422200,-4.8937,-2.1237,-7.4436,102.7786,-25.2214,74.0458,40.67,On Belt
422250,-6.0406,-2.5259,-8.1020,115.5115,-19.6183,99.6947,40.25,On Belt
422300,-5.8466,-0.9768,-8.1235,124.2595,-25.4351,113.5878,40.53,On Belt
422350,-4.9344,-0.6871,-7.2616,100.7176,-20.2595,118.6107,40.67,On Belt
422400,-5.0518,0.5267,-7.2329,51.7557,-7.3435,91.7405,40.39,On Belt
422450,-3.9648,3.1053,-13.4913,6.3511,35.1145,102.6260,40.53,On Belt
422500,-4.5322,-1.5251,-7.9368,28.2748,136.0916,81.2824,40.58,On Belt
422550,-4.6232,-1.3479,-4.8219,17.3740,162.1985,17.0687,40.44,On Belt
422600,-8.8705,-4.0175,-7.0868,6.6870,119.7710,-44.9771,40.58,On Belt
422650,-7.5106,3.1843,-7.1491,-7.3130,45.4962,-76.0000,40.53,On Belt
422700,-5.8131,0.9912,-7.9009,-32.7328,45.5878,-67.2977,40.67,On Belt
422750,-5.0757,-1.1468,-6.5505,-24.2595,27.8168,-65.3282,40.72,On Belt
422800,-5.2241,-2.1596,-6.0980,-15.6489,4.1374,-61.6794,40.67,On Belt
422850,-5.4684,-1.0151,-6.2776,2.3817,-24.4427,-46.3817,40.39,On Belt
422900,-5.0518,-0.4381,-7.4220,25.6489,-45.5115,-20.1679,40.25,On Belt
422950,-5.5976,-0.7398,-8.1499,26.9924,-68.3206,2.7939,40.72,On Belt
423000,-5.8921,-1.0223,-7.0413,6.5038,-108.4580,-16.2137,40.72,On Belt
423050,-6.3087,-1.8747,-9.0405,-29.3282,-147.2824,-32.0153,40.39,On Belt
423100,-5.8873,-2.0135,-11.1474,9.8321,-138.0611,-32.6260,40.67,On Belt
423150,-7.0198,0.4381,-12.9191,-13.4962,-39.0840,-9.5420,40.91,On Belt
423200,-7.6160,1.8507,-4.7549,-50.5038,-3.4351,17.8473,40.67,On Belt
423250,-4.2090,-2.1141,-4.7621,-54.4427,-9.2214,-25.7557,40.67,On Belt
423300,-3.9983,-1.9393,-4.3359,-87.2977,5.2061,-52.0305,40.53,On Belt
423350,-5.7341,-2.1261,-5.4133,-125.2214,32.6718,-95.0229,40.34,On Belt
423400,-9.0237,-3.1867,-7.6279,-118.6565,18.7939,-97.7863,40.77,On Belt
423450,-6.4907,-1.4054,-5.9328,-110.7023,16.7481,-101.5420,40.39,On Belt
423500,-5.4971,-2.0758,-5.2146,-134.3512,26.6107,-102.7328,40.25,On Belt
423550,-7.1060,-2.6145,-6.4069,-124.1679,12.6412,-90.6412,40.58,On Belt
423600,-7.3933,-2.4972,-5.9855,-58.8550,-12.5344,-55.2366,40.67,On Belt
423650,-6.5410,-2.9928,-5.9113,-23.2672,-13.2824,-29.1145,40.58,On Belt
423700,-6.7373,-3.1747,-5.6024,29.3588,-17.0992,-10.6260,40.53,On Belt
423750,-7.0270,-1.6735,-6.0932,64.9771,-26.9313,22.3359,40.72,On Belt
423800,-6.6655,-1.6759,-7.4388,86.4427,-26.9160,57.3282,40.58,On Belt
423850,-5.5665,-2.6456,-7.8650,102.8397,-23.8015,82.7939,40.53,On Belt
423900,-5.2481,-2.8347,-7.7237,124.6107,-21.2214,92.7786,40.67,On Belt
423950,-5.9472,-0.8715,-8.9687,116.8092,1.2824,98.2443,40.58,On Belt
424000,-7.6471,4.9608,-12.4115,85.5267,34.7176,128.2443,40.67,On Belt
424050,-5.3367,2.8659,-7.0773,15.1603,67.8626,113.9847,40.53,On Belt
424100,-3.4884,-0.5578,-5.5378,-21.0840,92.0305,77.0687,40.44,On Belt
424150,-3.9025,-3.2370,-4.8770,-2.2595,112.3359,13.6336,40.58,On Belt
424200,-6.9623,-5.6551,-7.8889,25.9084,98.6260,-24.7023,40.44,On Belt
424250,-8.6886,11.1282,-10.2999,-3.2214,83.1298,-3.6183,40.44,On Belt
424300,-6.5888,-0.1796,-8.0493,-7.9847,79.8473,-7.5115,40.58,On Belt
424350,-4.9584,-0.4166,-5.5186,-6.9771,56.9313,-15.4504,40.67,On Belt
424400,-4.8770,-0.5722,-6.0047,-0.4885,38.4427,-16.6718,40.53,On Belt
424450,-5.0757,-0.5698,-6.7109,27.2824,10.1221,3.1298,40.58,On Belt
424500,-4.7381,-0.2969,-6.9528,47.4351,-19.5878,28.1069,40.44,On Belt
424550,-5.0206,-0.3136,-6.5457,39.2061,-60.6260,26.4122,40.58,On Belt
424600,-5.8012,-1.8699,-6.8187,24.2748,-116.7634,3.2519,40.91,On Belt
424650,-5.7030,-1.5179,-8.2552,25.3588,-159.3740,-20.5802,40.39,On Belt
424700,-5.2026,0.3711,-10.7931,23.4504,-162.8397,-13.2519,40.58,On Belt
424750,-5.6814,0.1460,-11.4084,23.8626,-124.1832,14.5802,40.72,On Belt
424800,-8.1858,-1.1660,-11.2743,17.7099,-88.8855,-11.2824,40.72,On Belt
424850,-8.7628,4.6639,-7.3430,-85.0840,-71.7405,-74.5496,40.67,On Belt
424900,-5.8227,1.8316,-6.2872,-194.6870,-55.6641,-79.9084,40.39,On Belt
424950,-3.4788,-1.0774,-4.5681,-190.0458,-20.3817,-71.5115,40.44,On Belt
425000,-3.0215,-2.1668,-4.9057,-191.6947,2.5649,-95.1145,40.58,On Belt
425050,-5.0853,-3.8355,-8.4611,-235.4657,38.4427,-100.8550,40.77,On Belt
425100,-7.7189,-7.7237,-11.4850,-235.2977,65.6336,-127.5725,40.72,On Belt
425150,-15.0116,-1.6328,-3.5314,-165.9084,-16.9924,-1.4656,40.39,On Belt
425200,-12.0524,-4.3072,-1.0942,-135.0382,-37.0840,-5.2214,40.67,On Belt
425250,-7.0533,-5.2361,-4.2545,-61.7863,-82.1069,-38.3206,40.72,On Belt
425300,-4.2186,-3.3974,-5.1284,-8.2901,-66.7328,-28.3511,40.58,On Belt
425350,-5.0829,-4.2545,-6.7445,38.7786,-3.8473,-1.9237,40.67,On Belt
425400,-8.3031,-3.1627,-4.1204,126.6718,33.9542,64.6565,40.44,On Belt
425450,-7.4723,-4.6471,-6.6224,193.0229,33.2519,79.3130,40.39,On Belt
425500,-5.7700,-3.2609,-7.9272,240.5343,35.1145,86.4733,40.67,On Belt
425550,-4.9991,-2.7749,-9.4068,277.3893,52.0611,112.9771,40.67,On Belt
425600,-6.0980,-0.7230,-8.5401,292.6107,50.1374,157.9084,40.58,On Belt
425650,-7.8314,-2.4565,-10.0796,326.1221,18.8092,200.5954,40.86,On Belt
425700,-5.4995,-2.7869,-9.5792,320.9466,-0.9618,217.4351,40.44,On Belt
425750,-5.7078,3.5027,-8.2049,226.9160,17.7405,161.6641,40.77,On Belt
425800,-6.6439,3.1987,-6.6655,48.5038,-23.2061,106.3664,40.58,On Belt
425850,-6.4572,-1.2019,-8.3965,-78.8702,-20.3206,7.7099,40.53,On Belt
425900,-5.8945,-4.6256,-8.3103,-99.9084,20.0000,-73.1756,40.39,On Belt
425950,-4.8052,0.8930,-4.0486,-108.6718,61.0076,-106.9618,40.53,On Belt
426000,-10.4004,0.5315,-6.2369,-155.9237,54.3969,-16.5954,40.72,On Belt
426050,-7.0030,-0.6464,-5.0494,-143.4809,55.7405,-36.1985,40.67,On Belt
426100,-7.3095,-1.9154,-6.3111,-139.9237,47.2519,-15.1756,40.72,On Belt
426150,-9.9407,0.1030,-4.5035,-128.7939,69.5115,-7.5725,40.20,On Belt
426200,-11.5472,-2.3056,-3.4931,-74.4122,61.5725,26.3969,40.53,On Belt
426250,-8.7149,-2.6887,-3.8307,6.2901,35.7252,44.0153,40.53,On Belt
426300,-6.9695,-0.0814,-2.6911,40.2595,29.9695,78.8092,40.86,On Belt
426350,-9.2033,0.2897,-4.5107,87.0382,25.8931,121.2214,40.67,On Belt
426400,-8.2073,0.1030,-5.5354,138.7023,-1.7557,158.1069,40.67,On Belt
426450,-6.1483,0.5267,-6.1890,159.3893,-12.9466,177.6641,40.44,On Belt
426500,-5.7604,0.6081,-8.1451,176.3206,0.9313,205.7405,40.44,On Belt
426550,-6.7062,1.0343,-8.6479,178.7328,-1.0229,232.5343,40.39,On Belt
426600,-5.4899,0.6847,-9.4930,172.6870,3.9084,246.2595,40.53,On Belt
426650,-5.2816,1.2689,-8.3797,128.4122,18.4886,212.3817,40.67,On Belt
426700,-5.5761,0.1030,-6.0525,68.8397,-26.8244,172.6260,40.34,On Belt
426750,-5.4324,-2.0446,-6.6702,35.8931,-78.5802,133.4809,40.72,On Belt
426800,-5.5019,-3.7709,-7.9559,43.0382,-98.5343,79.1603,40.72,On Belt
426850,-4.9967,-3.1292,-7.0150,61.4198,-113.8168,35.8779,40.53,On Belt
426900,-1.9872,3.1651,-10.4603,77.5573,-101.0076,41.9847,40.25,On Belt
426950,-4.7812,1.0463,-8.4156,89.8473,-43.0382,55.3435,40.67,On Belt
427000,-4.8363,-0.8284,-6.9767,61.5725,-48.5954,16.6870,40.39,On Belt
427050,-5.5905,-1.5347,-8.0780,45.8015,-64.6107,-29.6031,40.44,On Belt
427100,-3.6990,3.6512,-10.4794,48.4122,-44.7939,-23.5878,40.53,On Belt
427150,-8.0589,1.1875,-9.9192,26.6870,-9.8168,-22.6260,40.67,On Belt
427200,-7.0413,1.6041,-7.2472,-51.5115,-21.5267,-66.0763,40.39,On Belt
427250,-5.7126,1.0175,-5.2720,-113.9237,-19.7557,-120.1527,40.53,On Belt
427300,-6.5529,-0.3615,-6.0358,-151.4809,-15.0534,-100.7481,40.58,On Belt
427350,-6.6822,-2.2098,-6.7301,-164.2748,13.2977,-107.7405,40.53,On Belt
427400,-7.2880,-2.6384,-6.3351,-161.3435,9.8168,-96.7634,40.72,On Belt
427450,-6.4212,-3.1388,-6.5912,-155.4809,11.0992,-88.7634,40.44,On Belt
427500,-8.1235,-2.5714,-4.9225,-159.7710,11.9389,-64.9160,40.39,On Belt
427550,-10.2089,-4.0414,-4.1468,-108.8244,-15.3282,-32.3206,40.44,On Belt
427600,-8.5234,-4.4197,-4.4604,-48.3206,-43.0687,-14.1985,40.53,On Belt
427650,-6.9432,-4.3120,-5.3079,12.3969,-36.0305,7.4046,40.67,On Belt
427700,-5.9927,-4.0725,-5.4277,65.1145,-11.0687,24.7481,40.39,On Belt
427750,-5.9089,-3.6272,-6.4620,113.2977,17.4809,46.7023,40.44,On Belt
427800,-6.5098,-3.4165,-6.6870,158.5343,37.0076,69.0382,40.58,On Belt
427850,-7.1611,-2.7916,-6.8642,197.3588,43.8168,96.3511,40.53,On Belt
427900,-6.9935,-2.5331,-7.8458,234.2290,28.9160,135.9542,40.91,On Belt
427950,-5.6862,-2.6504,-8.1954,259.8626,16.5954,147.7710,40.53,On Belt
428000,-5.8371,-2.8323,-9.3206,267.8473,16.3817,157.0687,40.53,On Belt
428050,-5.6240,-1.6185,-9.1650,269.5878,7.1908,162.2290,40.44,On Belt
428100,-5.4109,4.0318,-8.6263,175.4657,34.1985,134.4427,40.58,On Belt
428150,-7.5154,2.0782,-7.2257,27.6947,-10.2137,87.1450,40.39,On Belt
428200,-5.9496,-1.2450,-7.5250,-58.8550,-37.5573,8.3511,40.72,On Belt
428250,-5.2768,-2.8515,-7.5705,-102.7328,-0.3969,-60.4580,40.34,On Belt
428300,-5.8419,-3.9863,-7.4412,-102.0153,32.0458,-106.9924,40.44,On Belt
428350,-10.7811,3.2585,-7.3933,-125.6947,51.9389,28.7939,40.39,On Belt
428400,-7.2616,-0.3519,-5.5713,-112.9160,71.2824,23.2672,40.39,On Belt
428450,-5.4133,-2.5905,-5.5162,-98.2137,87.7099,7.2824,40.53,On Belt
428500,-7.8769,-1.4581,-6.6822,-102.2595,111.0992,-2.0763,40.58,On Belt
428550,-10.4651,-1.0965,-6.9552,-59.4656,98.0458,31.6031,40.72,On Belt
428600,-7.8219,0.3424,-5.0206,2.9618,87.6947,51.6183,40.77,On Belt
428650,-6.6200,-0.9960,-5.4109,45.8779,85.3893,61.8626,40.67,On Belt
428700,-6.3949,-0.6297,-5.1763,92.4580,48.8092,80.0763,40.39,On Belt
428750,-5.3965,-0.3136,-5.4037,124.8702,12.7176,95.4962,40.58,On Belt
428800,-4.3646,-0.3567,-7.3694,156.6260,7.9542,116.1527,40.67,On Belt
428850,-4.7405,2.3272,-7.6183,151.6336,-6.6412,117.6336,40.58,On Belt
428900,-7.1922,1.7478,-7.0797,47.8626,-77.4351,75.3740,40.44,On Belt
428950,-7.0366,-1.5251,-8.7508,-13.3435,-158.0611,19.4504,40.53,On Belt
429000,-6.5841,-3.1963,-9.1435,-18.6565,-177.4809,-40.0916,40.58,On Belt
429050,-6.4165,-3.3112,-8.9232,-5.6183,-181.9695,-81.5573,40.44,On Belt
429100,-4.3000,1.8771,-10.1418,19.2672,-159.6336,-77.6336,40.58,On Belt
429150,-6.5745,-0.1580,-11.9734,60.4733,-15.8168,3.9542,40.34,On Belt
429200,-9.7899,1.6927,-5.6407,-6.4885,10.6870,19.6183,40.34,On Belt
429250,-7.1682,0.3783,-4.5633,-60.5496,-8.1221,15.9237,40.53,On Belt
429300,-5.1236,-0.6440,-4.2162,-79.1908,14.8550,-21.5573,40.39,On Belt
429350,-4.7477,-1.3288,-3.9409,-126.3053,41.7863,-35.3130,40.58,On Belt
429400,-7.4627,-1.4150,-4.9344,-152.0763,68.1221,-60.8092,40.53,On Belt
429450,-9.5816,-4.0654,-6.7756,-131.3435,43.9389,-65.4809,40.77,On Belt
429500,-6.1459,-2.9712,-5.7676,-123.2214,39.6031,-77.4657,40.58,On Belt
429550,-5.1739,-3.9337,-5.8538,-139.2977,54.9924,-93.1145,40.44,On Belt
429600,-7.8793,-3.4261,-4.9752,-110.1832,40.5344,-93.5573,40.58,On Belt
429650,-7.8985,-3.8355,-6.1483,-44.6260,12.1527,-53.4046,40.67,On Belt
429700,-7.4148,-2.7749,-4.4221,-10.7939,11.9695,-29.8015,40.53,On Belt
429750,-8.9735,-2.2697,-4.8554,40.8855,-13.6794,12.5496,40.72,On Belt
429800,-7.2137,-2.5043,-6.9983,93.8168,-31.4656,50.2290,40.67,On Belt
429850,-5.7892,-2.9592,-7.7548,119.9695,-29.0229,83.0840,40.39,On Belt
429900,-5.6288,-2.3559,-8.5018,146.1527,-30.7328,109.8168,40.39,On Belt
429950,-5.5976,-1.4533,-8.7676,168.2748,-19.0992,131.4809,40.72,On Belt
430000,-5.5019,1.3240,-9.0046,135.1603,18.3053,122.7786,40.67,On Belt
430050,-5.8275,4.3886,-12.6438,64.1679,64.1832,145.4351,40.39,On Belt
430100,-4.8219,0.5363,-6.7253,-0.4275,126.7176,99.4809,40.53,On Belt
430150,-3.0047,-1.0367,-4.3981,-24.5954,163.5878,22.1985,40.44,On Belt
430200,-6.0621,-4.2138,-6.2944,-19.6031,171.3435,-34.0305,40.39,On Belt
430250,-12.9239,8.0709,-9.0525,1.5878,98.0000,-4.6565,40.53,On Belt
430300,-6.5481,2.0207,-6.8402,-7.9695,49.5573,8.7481,40.39,On Belt
430350,-4.4341,-0.4094,-5.3678,13.9847,34.3817,18.4122,40.39,On Belt
430400,-3.4692,-0.4908,-5.4061,27.6489,18.7481,31.6183,40.44,On Belt
430450,-4.5681,-1.7334,-6.2489,54.1221,-9.9695,45.3130,40.72,On Belt
430500,-4.5921,-0.1556,-6.6655,73.5878,-48.7328,46.8092,40.34,On Belt
430550,-5.7844,0.0838,-7.7883,53.3435,-102.9618,42.8092,40.44,On Belt
430600,-6.2177,-0.7709,-9.2273,32.2290,-148.0000,19.9084,40.58,On Belt
430650,-5.8897,-1.2258,-10.3980,23.7099,-153.2672,8.8702,40.25,On Belt
430700,-6.1603,-3.3184,-10.6326,44.4275,-139.6488,0.8092,40.72,On Belt
430750,-7.5441,-3.0191,-11.3892,34.5191,-89.2061,-38.5191,40.67,On Belt
430800,-5.5929,5.5426,-9.3087,25.7405,7.9084,48.7634,40.34,On Belt
430850,-6.7229,0.3089,-4.7956,-29.0992,16.9313,27.8015,40.67,On Belt
430900,-3.3974,-0.8811,-3.9241,-67.4962,39.5420,-8.3817,40.77,On Belt
430950,-4.4700,-2.3750,-4.8985,-124.3817,79.8473,-49.7252,40.58,On Belt
431000,-7.5106,-6.2393,-7.8721,-122.9618,87.2519,-96.4275,40.72,On Belt
431050,-7.9799,-2.1308,-6.3925,-93.6794,45.2366,-97.7863,40.67,On Belt
431100,-7.1850,-1.5778,-5.7365,-102.0305,29.7710,-82.6260,40.25,On Belt
431150,-7.0030,-1.4796,-5.1380,-100.8244,25.0382,-83.5573,40.53,On Belt
431200,-7.2042,-2.7078,-5.4779,-46.8244,-18.3359,-54.7481,40.44,On Belt
431250,-6.7780,-2.0303,-5.7820,3.0992,-39.9695,-12.8092,40.44,On Belt
431300,-6.5457,-2.1787,-6.6798,54.9008,-37.2061,23.9695,40.44,On Belt
431350,-5.4612,-2.4612,-7.1682,98.4427,-45.0534,63.6489,40.72,On Belt
431400,-5.3247,-2.7102,-7.7381,114.2748,-38.2595,88.0305,40.44,On Belt
431450,-5.2696,-2.1907,-8.5928,135.1603,-32.3664,107.4046,40.44,On Belt
431500,-4.8100,-0.3950,-8.3701,140.1527,-8.2443,111.1603,40.39,On Belt
431550,-6.2249,1.9010,-12.6988,78.3817,35.8931,137.7405,40.44,On Belt
431600,-5.7341,3.3136,-11.0277,37.2366,108.7939,134.7634,40.39,On Belt
431650,-3.9576,-0.2466,-6.0334,9.3588,133.6183,73.4046,40.58,On Belt
431700,-4.7501,-2.1452,-4.9991,-6.7939,140.3206,-4.9160,40.15,On Belt
431750,-8.6215,-5.2648,-7.8171,-2.3511,89.7710,-53.2366,40.72,On Belt
431800,-7.7859,-2.5115,-6.7157,5.4656,42.5496,-148.4275,40.39,On Belt
431850,-3.2753,6.8570,-10.0173,-76.3969,39.0076,-103.6947,40.25,On Belt
431900,-5.5737,-2.0734,-6.9815,-65.6641,27.6947,-103.1450,40.53,On Belt
431950,-4.8435,-2.3559,-5.7054,-55.5115,-8.2443,-102.1985,40.25,On Belt
432000,-4.2306,-1.2043,-7.9464,-25.4351,-20.4580,-66.0000,40.53,On Belt
432050,-4.6352,-1.0702,-7.7069,23.6794,-4.5191,-21.5267,40.67,On Belt
432100,-5.0326,-0.8811,-6.8067,38.7176,-19.0382,-3.5878,40.53,On Belt
432150,-5.1236,0.9697,-6.6942,12.9160,-43.0534,-14.8702,40.39,On Belt
432200,-5.3965,-0.5698,-6.7277,-20.2290,-76.6565,-37.0534,40.34,On Belt
432250,-5.6407,-1.7071,-7.7548,-25.1145,-105.2824,-46.9466,40.34,On Belt
432300,-5.2385,-1.5371,-8.3055,-5.9695,-114.9160,-33.2366,40.44,On Belt
432350,-6.2608,-3.3423,-8.5042,17.6794,-113.6336,-32.0916,40.58,On Belt
432400,-7.4939,-3.9648,-9.6007,24.3817,-102.7481,-62.0458,40.58,On Belt
432450,-5.8107,5.5737,-12.2296,12.2901,-17.5573,13.9542,40.67,On Belt
432500,-9.3925,-0.4693,-4.7405,20.8550,33.5267,57.6794,40.44,On Belt
432550,-4.2497,-1.1253,-3.5027,-9.9084,39.9695,23.0840,40.67,On Belt
432600,-4.5035,-1.6376,-3.4548,-45.7099,48.1679,-6.4733,40.44,On Belt
432650,-7.4867,-3.9792,-6.6679,-53.5115,57.2214,-47.5420,40.58,On Belt
432700,-8.7077,-1.4461,-5.9017,-27.0840,11.0534,-37.6489,40.67,On Belt
432750,-7.8458,-1.0127,-6.2201,-30.5649,6.6107,-24.4275,40.53,On Belt
432800,-7.0270,-0.2227,-4.8961,-53.8779,19.1450,-12.3511,40.44,On Belt
432850,-6.9791,-2.4588,-5.6120,-30.7481,5.8321,5.0229,40.67,On Belt
432900,-6.7133,-3.5889,-6.4141,22.1832,-19.8015,25.7099,40.44,On Belt
432950,-6.1028,-3.7972,-6.7660,64.5649,-31.6183,42.1527,40.44,On Belt
433000,-5.7126,-2.5450,-6.9576,107.0687,-35.5267,64.1221,40.53,On Belt
433050,-5.7796,-2.0901,-7.0150,136.3512,-28.5038,87.0687,40.34,On Belt
433100,-6.0693,-2.3080,-7.3454,143.6641,-25.0534,104.3053,40.39,On Belt
433150,-6.5649,-1.8148,-8.0637,140.7328,-22.4275,108.6260,40.44,On Belt
433200,-6.1411,0.9290,-8.0852,112.1832,-28.4122,112.5343,40.67,On Belt
433250,-5.7604,-0.0934,-7.2137,48.9008,-23.6336,76.0153,40.67,On Belt
433300,-6.8067,-2.2410,-7.9487,-26.4733,-13.8626,14.2748,40.39,On Belt
433350,-6.5338,-4.0007,-8.8442,-50.7786,25.6183,-68.0458,40.53,On Belt
433400,-7.2401,2.2482,-6.9911,-81.4198,100.0153,54.0916,40.53,On Belt
433450,-5.2218,-0.7781,-4.9799,-70.5343,139.6794,16.7481,40.58,On Belt
433500,-6.2249,-3.9433,-6.6631,-73.0992,156.5191,-9.2214,40.44,On Belt
433550,-10.5082,0.0982,-8.3629,-44.7328,128.2290,0.2137,40.77,On Belt
433600,-9.3925,1.3096,-6.7469,-2.3206,98.1985,24.1832,40.58,On Belt
433650,-6.9145,0.0575,-6.4667,7.8931,102.2443,24.7786,40.67,On Belt
433700,-5.7030,-0.6847,-5.1116,44.9313,63.9237,47.0076,40.53,On Belt
433750,-4.7956,-0.4046,-4.3814,73.1450,19.7557,61.9237,40.39,On Belt
433800,-4.5011,-0.7853,-7.2544,100.5191,-12.3511,88.1832,40.58,On Belt
433850,-4.9728,1.0367,-7.2233,97.8015,-36.8244,87.0687,40.44,On Belt
433900,-6.7588,-0.9625,-6.9360,54.1221,-107.5420,74.4885,40.34,On Belt
433950,-7.1946,-2.1668,-8.5808,24.7481,-182.8702,40.2595,40.44,On Belt
434000,-7.2113,-2.4852,-10.3549,4.7634,-210.0458,-13.2214,40.34,On Belt
434050,-6.7612,-2.8946,-9.3541,-3.6183,-208.9008,-58.4275,40.39,On Belt
434100,-5.8538,1.2330,-12.8688,22.1679,-178.1374,-57.1450,40.53,On Belt
434150,-12.2296,6.6152,-5.4708,-2.6718,-49.7710,24.6718,40.58,On Belt
434200,-5.4540,-0.2227,-5.7964,-74.7176,-22.0611,-9.7863,40.39,On Belt
434250,-2.1763,-0.8188,-3.2370,-120.5038,15.7099,-24.2901,40.25,On Belt
434300,-3.4931,-2.9616,-4.6831,-132.3206,50.8244,-59.2824,40.58,On Belt
434350,-5.4372,-3.6990,-6.5027,-153.6336,88.5649,-95.4504,40.44,On Belt
434400,-8.8322,-3.2226,-7.3406,-169.7099,84.1832,-94.9466,40.20,On Belt
434450,-9.8928,-3.2681,-8.1738,-161.8015,68.4427,-86.2137,40.67,On Belt
434500,-8.5473,-3.3495,-7.2113,-168.1069,80.5191,-60.3053,40.44,On Belt
434550,-8.1690,-4.2856,-5.7604,-151.1450,65.2061,-33.0382,40.53,On Belt
434600,-7.1539,-5.3439,-5.0542,-80.2290,18.8397,-22.2137,40.53,On Belt
434650,-5.9592,-4.1587,-4.9416,-26.5954,-7.1756,-14.5191,40.53,On Belt
434700,-6.6487,-4.1827,-6.8378,45.0534,-2.7328,-7.8321,40.44,On Belt
434750,-6.4524,-2.0231,-6.6942,137.9389,3.8473,59.5573,40.44,On Belt
434800,-5.1068,-2.1596,-8.4013,204.5496,11.1756,150.6565,40.15,On Belt
434850,-5.5737,-0.8715,-8.7077,240.9008,1.7405,210.2137,40.44,On Belt
434900,-5.0494,-1.8531,-9.3350,257.9084,-5.2672,269.2061,40.34,On Belt
434950,-4.7645,-0.1293,-6.9647,233.6031,0.0763,247.9847,40.53,On Belt
435000,-7.0749,0.2969,-8.3510,111.0840,9.2061,211.2977,40.58,On Belt
435050,-7.0797,-3.1125,-9.5313,58.7786,-1.7710,137.6183,40.44,On Belt
435100,-3.9792,-1.3551,-6.6750,29.5267,22.4275,62.6870,40.39,On Belt
435150,-3.1603,-1.2426,-5.1954,8.7939,41.5420,-6.2901,40.67,On Belt
435200,-3.7948,4.8219,-10.3860,-15.7710,91.0992,37.1145,40.44,On Belt
435250,-8.6814,1.6616,-7.6902,-15.6336,120.7634,38.8092,40.20,On Belt
435300,-8.0469,-0.8763,-6.0525,-12.2137,88.7328,34.0916,40.58,On Belt
435350,-6.5529,-0.9098,-5.8107,14.5344,47.4656,36.6718,40.39,On Belt
435400,-4.8530,0.2538,-7.1778,52.0000,38.4885,55.4046,40.39,On Belt
435450,-4.7357,0.3543,-7.5585,87.5420,40.9924,85.3130,40.58,On Belt
435500,-5.0925,1.5538,-7.7381,80.7939,27.6947,78.2901,40.53,On Belt
435550,-5.7174,-0.0958,-6.4931,29.0076,-23.4809,46.0000,40.53,On Belt
435600,-5.6527,-2.0159,-6.3398,7.4046,-86.7939,16.0153,40.39,On Belt
435650,-5.8035,-2.7916,-7.2137,19.3588,-127.3282,-19.0076,40.72,On Belt
435700,-3.4285,0.9912,-9.2344,28.6412,-118.6565,7.6794,40.53,On Belt
435750,-5.2936,-1.7095,-8.2911,47.5420,-90.5496,17.0534,40.67,On Belt
435800,-5.4444,-1.7071,-7.5513,35.5573,-92.9313,-0.0153,40.34,On Belt
435850,-6.2465,-1.5012,-8.9447,24.4427,-102.0153,-24.1221,40.44,On Belt
435900,-5.6240,2.7342,-10.4938,11.5573,-78.7634,-5.2824,40.39,On Belt
435950,-8.0206,1.7166,-7.4843,-34.2901,-43.8321,-7.5573,40.44,On Belt
436000,-7.4172,0.1724,-6.6511,-99.6794,-32.2137,-55.1603,40.44,On Belt
436050,-6.3015,0.2801,-5.1547,-150.8702,-11.7252,-83.6947,40.34,On Belt
436100,-5.4612,-0.9984,-5.0278,-194.9008,19.1603,-94.7023,40.44,On Belt
436150,-6.3925,-2.8611,-6.2824,-205.2214,28.5954,-104.9466,40.34,On Belt
436200,-7.3670,-2.5043,-6.1555,-199.1145,17.3435,-95.8168,40.53,On Belt
436250,-6.8043,-3.5530,-6.6774,-182.0153,12.9466,-89.1908,40.39,On Belt
436300,-8.3486,-3.1149,-5.6216,-180.7634,16.3053,-74.8855,40.39,On Belt
436350,-10.1323,-4.9392,-5.0398,-140.3359,-10.3359,-60.0611,40.34,On Belt
436400,-9.2536,-4.1492,-4.7477,-81.9847,-35.8321,-37.0076,40.34,On Belt
436450,-8.2361,-3.8954,-3.5841,-23.7710,-31.3282,6.2595,40.58,On Belt
436500,-6.9288,-4.5179,-4.4029,36.5038,-27.8931,23.0840,40.58,On Belt
436550,-5.7221,-4.6400,-6.1387,99.6641,-16.0458,22.5802,40.53,On Belt
436600,-4.9297,-4.0007,-7.5681,154.4733,4.5191,29.7557,40.39,On Belt
436650,-5.2122,-3.1699,-8.4803,188.5191,39.8931,45.8015,40.44,On Belt
436700,-7.9152,-0.7829,-7.6471,227.1908,54.0611,131.8015,40.39,On Belt
436750,-7.8961,-1.3144,-7.1898,249.3893,53.2824,139.1450,40.58,On Belt
436800,-6.0166,-1.4174,-7.2784,243.2672,37.4198,158.3206,40.25,On Belt
436850,-5.7796,-0.1245,-7.1922,227.5725,37.3435,141.8931,40.34,On Belt
436900,-8.5904,6.9767,-7.3023,105.3282,22.5802,96.4885,40.34,On Belt
436950,-6.7181,1.0678,-6.7086,-32.3817,-5.3588,23.8931,40.44,On Belt
437000,-5.5258,-2.3798,-6.7062,-98.4580,-13.1756,-44.7939,40.39,On Belt
437050,-4.8100,-3.5027,-5.9568,-111.6489,11.6947,-102.7176,40.44,On Belt
437100,-6.2321,2.6240,-4.9129,-129.1908,21.5725,-97.4351,40.39,On Belt
437150,-9.1243,-2.6600,-8.2672,-121.3740,34.5802,-59.1145,40.25,On Belt
437200,-7.3502,-1.7933,-6.1986,-114.5496,32.0153,-46.7481,40.53,On Belt
437250,-6.6511,-2.3966,-6.0094,-105.1908,30.6718,-43.0534,40.44,On Belt
437300,-7.7237,-1.5754,-6.1627,-87.5115,28.4275,-23.2824,40.53,On Belt
437350,-8.1403,-1.8507,-5.8227,-44.7939,26.3359,9.0534,40.44,On Belt
437400,-7.9128,-2.2314,-5.2361,-11.0076,21.6641,40.4733,40.67,On Belt
437450,-7.4101,-1.5083,-5.1954,20.1221,20.3817,69.2519,40.44,On Belt
437500,-7.1826,-1.4078,-5.5617,48.8397,19.4809,102.0458,40.58,On Belt
437550,-6.1675,-1.1732,-6.4883,78.2595,23.4351,133.2061,40.44,On Belt
437600,-5.8179,-0.7661,-6.8378,104.3969,32.7481,160.3969,40.39,On Belt
437650,-5.8969,-0.4214,-7.9942,129.0382,42.1985,191.0229,40.39,On Belt
437700,-5.0182,0.8236,-7.8003,148.0611,57.7710,223.4351,40.34,On Belt
437750,-5.9376,0.9577,-8.4324,144.3969,75.9847,229.1450,40.67,On Belt
437800,-6.6607,0.6416,-7.6183,101.4351,55.4198,208.0000,40.44,On Belt
437850,-5.3582,-0.6177,-5.1427,71.9847,-15.5725,196.3359,40.67,On Belt
437900,-6.1579,-2.8850,-7.6638,56.1221,-81.6336,196.5649,40.44,On Belt
437950,-6.7229,-4.2258,-8.3246,62.4580,-108.5802,154.7328,40.58,On Belt
438000,-5.4157,-2.8635,-6.4859,57.5420,-132.4580,135.7557,40.53,On Belt
438050,-6.3135,-4.6280,-8.6072,73.1603,-160.4122,110.4275,40.34,On Belt
438100,-6.1675,-4.4460,-9.2081,90.3359,-157.1145,61.6947,40.44,On Belt
438150,-5.7533,-2.9951,-9.0214,92.8397,-145.2824,11.7099,40.58,On Belt
438200,-5.3319,-1.1923,-9.2512,75.0534,-114.6565,-49.2366,40.67,On Belt
438250,-3.5075,7.7045,-9.8521,68.4733,-48.7328,18.0305,40.58,On Belt
438300,-7.9057,1.3719,-5.3678,30.5954,-6.5344,33.9389,40.44,On Belt
438350,-5.6623,-0.6584,-5.2720,-0.3817,2.1374,-5.8168,40.20,On Belt
438400,-6.6702,-0.6297,-4.3359,-7.6183,12.3664,-19.6183,40.20,On Belt
438450,-9.4260,-1.3001,-4.9033,7.8015,17.7099,-17.6947,40.53,On Belt
438500,-8.1954,-1.8100,-5.9831,23.8168,27.3130,-15.5878,40.53,On Belt
438550,-6.6176,-0.2969,-4.9656,41.2977,54.5802,23.6641,40.44,On Belt
438600,-10.3310,-1.1253,-4.7285,56.0763,55.5725,22.6412,40.58,On Belt
438650,-8.8873,-0.0766,-3.3088,46.7023,36.8550,16.9618,40.53,On Belt
438700,-7.8673,0.3879,-3.2082,10.8397,35.8931,-0.5191,40.39,On Belt
438750,-6.8738,-1.2809,-4.5346,-23.7405,35.3435,-13.2977,40.53,On Belt
438800,-6.9049,-2.2960,-5.4588,-42.4122,49.8321,-25.6183,40.39,On Belt
438850,-7.8099,-2.6911,-6.0932,-53.3588,57.5725,-32.0763,40.44,On Belt
438900,-8.2025,-2.6935,-6.2034,-46.1069,46.5344,-22.7481,40.53,On Belt
438950,-7.2903,-2.2505,-5.3463,-27.7099,28.3511,-11.9847,40.53,On Belt
439000,-6.2680,-2.8156,-5.3917,-12.6565,23.9695,-12.9771,40.44,On Belt
439050,-7.3454,-2.4349,-5.5210,13.5420,14.4427,-0.8397,40.53,On Belt
439100,-7.9464,-2.0135,-5.7940,60.1679,-7.4046,40.7481,40.34,On Belt
439150,-7.1970,-1.7502,-6.0621,82.3817,-10.5649,70.1679,40.34,On Belt
439200,-5.6240,-2.7677,-7.8123,121.6794,-15.4809,94.4275,40.67,On Belt
439250,-4.9775,-2.7366,-8.2983,165.6641,-13.6183,131.1603,40.44,On Belt
439300,-5.3726,-2.7485,-8.3294,190.3359,-9.3588,147.3893,40.53,On Belt
439350,-4.9608,-1.2115,-7.1395,166.8702,-2.5496,128.3359,40.53,On Belt
439400,-5.3079,0.8859,-7.2927,66.7634,32.7023,78.3359,40.39,On Belt
439450,-4.8267,1.1229,-11.0349,29.3282,67.9695,69.8779,40.67,On Belt
439500,-7.5058,2.9616,-7.3813,14.9771,134.9771,119.0534,40.53,On Belt
439550,-5.3822,-1.3431,-6.4787,18.3053,159.0840,89.5725,40.39,On Belt
439600,-7.3861,-2.4828,-6.5649,39.5725,147.9695,45.3130,40.67,On Belt
439650,-9.9048,0.4956,-6.4811,59.9084,69.4657,52.9618,40.53,On Belt
439700,-5.0589,2.1500,-7.7045,41.1908,36.2595,41.7863,40.39,On Belt
439750,-5.1020,0.4357,-6.3997,12.4275,12.3969,22.2748,40.44,On Belt
439800,-4.2976,-0.2705,-7.0198,-11.6947,-24.7786,2.3053,40.67,On Belt
439850,-4.6088,-0.6369,-8.0900,-7.9847,-28.5038,2.5649,40.39,On Belt
439900,-4.8602,-0.8763,-7.5130,9.6336,-28.6870,15.9084,40.39,On Belt
439950,-5.3008,-0.1987,-7.2640,20.4733,-48.2290,28.8855,40.53,On Belt
440000,-4.3455,0.7661,-7.6638,26.5191,-59.6183,38.3664,40.25,On Belt
440050,-5.4492,-0.2729,-7.7764,13.2824,-75.5725,38.9771,40.67,On Belt
440100,-5.5929,-1.0439,-8.3127,-5.0840,-101.8626,4.0763,40.39,On Belt
440150,-4.5394,0.5195,-8.9807,-34.9160,-103.7863,-34.8397,40.58,On Belt
440200,-4.5633,1.5395,-10.0509,-56.7481,-69.4962,-58.6412,40.34,On Belt
440250,-9.1123,1.1564,-9.4284,-90.8702,-69.8321,-92.8092,40.34,On Belt
440300,-5.9256,3.7685,-6.2824,-161.2061,-56.5954,-138.9008,40.67,On Belt
440350,-7.3765,0.1891,-8.0541,-213.7863,-32.8855,-138.6412,40.67,On Belt
440400,-4.6376,-2.7749,-6.7493,-215.2672,-3.8931,-141.8779,40.25,On Belt
440450,-3.7709,-2.6073,-5.4660,-218.5038,5.6489,-135.3893,40.44,On Belt
440500,-6.0118,-3.8906,-7.1922,-215.4198,8.6718,-134.2443,40.39,On Belt
440550,-8.1331,-3.0789,-5.4971,-191.8779,-6.8397,-109.3893,40.67,On Belt
440600,-9.3565,-3.4309,-4.4628,-168.2748,-18.5344,-90.8855,40.72,On Belt
440650,-8.8107,-4.6998,-4.8722,-107.2824,-50.2290,-57.8321,40.39,On Belt
440700,-6.1651,-5.1787,-5.4564,-42.9008,-51.1603,-45.2366,40.58,On Belt
440750,-5.0757,-3.6631,-5.9137,0.5802,-7.8321,-26.0611,40.53,On Belt
440800,-5.2888,-3.3998,-5.8155,56.8244,38.3206,11.7557,40.39,On Belt
440850,-6.9623,-3.4884,-5.7341,109.4198,65.4809,37.9847,40.58,On Belt
440900,-8.4180,-2.6025,-5.3391,157.8473,59.3282,65.8168,40.53,On Belt
440950,-8.3127,-2.4612,-6.6056,193.8779,37.1450,88.9924,40.39,On Belt
441000,-7.1658,-1.2785,-7.0126,209.0840,24.9008,97.5878,40.34,On Belt
441050,-6.6415,-1.1827,-7.0892,190.1069,27.4962,105.7252,40.44,On Belt
441100,-6.3159,-0.4621,-7.0198,166.3053,34.1832,92.1221,40.53,On Belt
441150,-6.9025,1.2689,-6.2680,97.0076,33.4809,53.0076,40.58,On Belt
441200,-7.5369,0.5076,-6.2153,-15.1756,1.8473,-3.0382,40.53,On Belt
441250,-5.6431,-2.0973,-6.3518,-79.1908,-8.5496,-52.6412,40.44,On Belt
441300,-5.6000,-2.4900,-6.0813,-107.6183,2.3817,-83.4809,40.77,On Belt
441350,-6.4452,-1.9106,-6.6774,-123.0840,11.7099,-78.0153,40.39,On Belt
441400,-6.9815,-2.7701,-6.8881,-114.4733,14.4885,-69.0076,40.67,On Belt
441450,-6.2297,-3.0718,-6.2513,-107.3435,14.2137,-63.5115,40.58,On Belt
441500,-6.1890,-3.2681,-6.2848,-97.9237,13.1908,-58.0000,40.20,On Belt
441550,-6.6607,-3.3184,-6.3877,-71.1298,10.3817,-41.5573,40.44,On Belt
441600,-6.5553,-3.3543,-5.6479,-42.3664,8.7939,-23.1908,40.53,On Belt
441650,-6.7229,-3.5482,-5.6982,-14.3206,3.6489,-8.3053,40.44,On Belt
441700,-6.3949,-3.1939,-6.4189,23.1145,0.7481,13.5725,40.39,On Belt
441750,-5.6360,-3.1340,-6.2728,52.1221,0.6260,31.9542,40.67,On Belt
441800,-5.3558,-2.9736,-6.8139,72.5802,4.6565,42.1679,40.72,On Belt
441850,-5.7365,-2.7509,-6.9599,95.5725,6.1221,56.6870,40.44,On Belt
441900,-5.8658,-2.5546,-6.7876,113.2366,-1.9542,68.4733,40.44,On Belt
441950,-6.5864,-0.6201,-7.8171,110.1221,-5.2672,65.0382,40.58,On Belt
442000,-7.3382,1.3838,-7.7261,46.4122,-13.4504,42.4122,40.58,On Belt
442050,-6.5721,-0.2442,-6.7612,-54.8855,-39.8168,-0.8244,40.53,On Belt
442100,-5.4971,-3.0071,-7.0509,-103.9389,-54.4885,-40.0000,40.39,On Belt
442150,-5.2553,-3.6105,-7.0413,-113.4046,-40.2443,-77.3740,40.58,On Belt
442200,-5.2481,-4.0199,-7.1970,-123.9237,-27.9084,-98.2595,40.53,On Belt
442250,-5.3199,-3.6775,-6.7540,-124.0305,-18.2748,-120.2290,40.39,On Belt
442300,-6.2273,0.4477,-6.3710,-148.7023,-15.7710,-91.4962,40.53,On Belt
442350,-6.9719,-3.1029,-7.5441,-146.6565,-2.7176,-89.5725,40.44,On Belt
442400,-5.9831,-3.3639,-6.7133,-145.2672,-11.7099,-83.1603,40.67,On Belt
442450,-5.9807,-4.0175,-6.9408,-136.9313,-25.6794,-82.4733,40.39,On Belt
442500,-6.1459,-2.8683,-6.6655,-121.3282,-38.8244,-75.4962,40.39,On Belt
442550,-6.0286,-1.8148,-6.5673,-89.4504,-37.5115,-42.0305,40.58,On Belt
442600,-5.9951,-1.4820,-6.8642,-63.8931,-7.1298,-11.3740,40.44,On Belt
442650,-7.8578,-1.8364,-6.8594,-36.0611,9.9084,21.5267,40.44,On Belt
442700,-7.9224,0.8140,-5.8969,-8.6718,-0.1069,54.7786,40.44,On Belt
442750,-6.7684,4.2162,-5.3965,3.3588,15.6336,106.7481,40.77,On Belt
442800,-7.2808,2.2434,-6.5027,30.2290,59.3740,108.4733,40.67,On Belt
442850,-6.0166,-1.4102,-7.5082,55.9542,49.2977,106.7176,40.39,On Belt
442900,-4.4245,-3.3806,-6.4189,100.8550,62.3969,71.0534,40.39,On Belt
442950,-3.8571,0.3687,-5.0949,99.3893,69.7710,11.7405,40.58,On Belt
443000,-5.9017,2.9449,-9.6558,26.5191,64.1985,-15.7710,40.34,On Belt
443050,-5.4109,-0.0455,-8.0278,-20.2595,34.1985,-65.3282,40.53,On Belt
443100,-3.8499,0.9050,-7.7979,-32.6565,25.8626,-92.4580,40.44,On Belt
443150,-4.3981,1.1708,-10.2544,-29.0992,54.3969,-66.5649,40.44,On Belt
443200,-6.1986,0.7302,-7.6088,-22.9771,52.1374,-39.0382,40.72,On Belt
443250,-5.1116,0.2969,-6.6128,-17.3588,20.4427,-24.7328,40.39,On Belt
443300,-4.1875,0.6177,-6.7205,-3.4046,0.7939,-7.9389,40.44,On Belt
443350,-4.1875,0.6297,-7.0916,14.5954,-10.7939,16.9160,40.67,On Belt
443400,-4.4149,-0.2035,-6.7780,29.9542,-31.6489,35.5420,40.25,On Belt
443450,-4.9368,-0.3998,-7.1108,38.4122,-63.7863,33.7099,40.53,On Belt
443500,-4.7980,-0.1413,-7.8673,41.0687,-91.4046,22.4427,40.34,On Belt
443550,-5.1834,-0.1700,-9.1051,41.7863,-117.7557,26.9466,40.44,On Belt
443600,-4.6807,-0.3400,-10.2520,51.7099,-115.8321,33.5267,40.44,On Belt
443650,-8.6550,-2.3774,-12.7826,58.3817,-93.2519,16.5496,40.44,On Belt
443700,-4.0965,5.0422,-10.1562,-3.7710,-28.0763,-5.0229,40.58,On Belt
443750,-4.3766,1.0534,-6.1004,-61.4046,13.4046,-4.1985,40.39,On Belt
443800,-3.8714,-2.4924,-5.4755,-73.1450,31.2824,-36.2901,40.44,On Belt
443850,-4.7836,-3.2346,-5.5378,-82.1374,48.6718,-68.5496,40.39,On Belt
443900,-7.0485,-4.0103,-6.8929,-87.2214,65.3740,-105.0840,40.25,On Belt
443950,-9.3757,-0.1125,-6.7014,-73.7557,22.3053,-57.1450,40.20,On Belt
444000,-7.6926,-0.8068,-5.7150,-62.9313,17.6183,-66.4122,40.39,On Belt
444050,-7.1347,-2.5546,-5.6671,-57.7557,-3.5573,-57.9542,40.39,On Belt
444100,-6.8019,-1.8292,-5.3846,-25.5114,-22.6870,-36.9771,40.67,On Belt
444150,-6.5003,-3.0239,-5.6575,14.8855,-28.4886,-13.4198,40.44,On Belt
444200,-5.6144,-3.7781,-6.6032,61.1908,-36.3969,2.5344,40.25,On Belt
444250,-5.1691,-2.0494,-7.3598,100.1985,-28.9924,28.7176,40.58,On Belt
444300,-6.6319,-0.5435,-7.9679,121.0992,-6.7176,84.0000,40.72,On Belt
444350,-7.2018,-1.9513,-8.0349,138.0305,-12.0458,108.9618,40.58,On Belt
444400,-5.4779,-1.7190,-7.3909,141.4809,-18.1221,111.9237,40.77,On Belt
444450,-5.7724,-0.7494,-6.9552,97.3893,-19.7099,89.1756,40.67,On Belt
444500,-6.3829,-0.2442,-7.1227,23.2214,-38.6718,47.2824,40.67,On Belt
444550,-5.6551,-0.9840,-7.6303,-38.2443,-50.5344,5.9237,40.25,On Belt
444600,-5.1715,-1.4605,-8.8322,-65.9695,-34.8244,-18.2137,40.44,On Belt
444650,-4.7046,1.3743,-11.5640,-77.7710,49.3893,14.7634,40.67,On Belt
444700,-8.7149,3.3902,-9.2392,-71.0687,134.8855,98.4885,40.44,On Belt
444750,-6.2345,-2.3679,-5.9879,-38.5802,164.0916,40.8702,40.67,On Belt
444800,-3.8666,-1.8364,-3.8235,-54.0916,175.7557,2.7481,40.39,On Belt
444850,-8.4276,-7.1180,-8.7053,-17.8931,146.5496,-38.9313,40.44,On Belt
444900,-12.6988,8.7460,-4.2258,-15.4656,66.9466,-38.4885,40.39,On Belt
444950,-4.9536,1.6568,-7.4843,-13.5420,51.2366,-21.3740,40.20,On Belt
445000,-4.7333,-1.9345,-5.9448,26.8855,24.2595,-0.6107,40.58,On Belt
445050,-4.1731,-1.2450,-6.0861,51.7099,-3.1756,-0.8855,40.67,On Belt
445100,-4.4867,-0.1413,-7.9248,59.2672,-19.4809,11.3893,40.25,On Belt
445150,-5.0494,1.7071,-8.4060,44.3053,-32.8702,11.8779,40.53,On Belt
445200,-5.6072,0.4812,-7.6399,8.3511,-73.7252,-2.6718,40.53,On Belt
445250,-5.3439,-1.6448,-7.4962,-20.9466,-114.2137,-39.3893,40.44,On Belt
445300,-5.5593,-2.6408,-7.5968,-14.4580,-135.0382,-77.7557,40.25,On Belt
445350,-4.8866,-0.6608,-9.8138,15.9084,-119.0534,-21.7863,40.53,On Belt
445400,-5.5354,-0.6249,-9.4020,44.8550,-73.6794,2.5191,40.58,On Belt
445450,-5.4300,-0.6991,-7.4699,33.7863,-63.3588,13.3893,40.44,On Belt
445500,-6.3542,-1.7957,-7.8434,2.9771,-68.4122,-8.9313,40.39,On Belt
445550,-10.8170,0.3400,-9.3565,-42.8397,-55.6641,-59.9389,40.44,On Belt
445600,-6.5362,3.1795,-5.7748,-95.0229,-17.2366,-1.8626,40.58,On Belt
445650,-4.0989,-2.3056,-4.1180,-114.6412,6.0611,-35.1298,40.39,On Belt
445700,-3.7397,-1.7214,-3.3471,-120.8702,20.5954,-59.2977,40.44,On Belt
445750,-6.7253,-3.3160,-6.5122,-124.1832,33.1145,-71.4962,40.39,On Belt
445800,-9.1267,-1.7980,-6.1746,-111.7099,36.4427,-51.4504,40.67,On Belt
445850,-7.9128,-3.6392,-6.6056,-75.3893,40.0916,-60.3817,40.34,On Belt
445900,-7.2113,-2.8922,-5.9807,-66.2748,41.3435,-52.9313,40.67,On Belt
445950,-8.2025,-1.7693,-4.6328,-46.9313,35.9084,-35.4962,40.39,On Belt
446000,-7.7979,-2.3942,-5.1954,-7.8779,37.5420,-2.4885,40.20,On Belt
446050,-7.2664,-2.8946,-4.5945,27.6183,31.3282,25.6183,40.58,On Belt
446100,-7.0725,-3.2896,-4.9440,82.0305,0.6412,43.2214,40.39,On Belt
446150,-7.4843,-2.2625,-6.7780,126.2901,-35.6183,74.0153,40.44,On Belt
446200,-5.8586,-1.7669,-7.1227,158.1679,-54.3359,104.4427,40.25,On Belt
446250,-5.1595,-1.9130,-8.5521,170.7023,-34.1221,135.4657,40.58,On Belt
446300,-6.6583,-3.2202,-8.5377,153.3893,-35.8473,157.8779,40.53,On Belt
446350,-5.0518,-1.4150,-7.6471,146.3206,-49.3130,133.6641,40.01,On Belt
446400,-4.9105,-0.7709,-8.1834,54.6107,0.1221,93.1603,40.39,On Belt
446450,-5.1140,-3.6823,-8.3677,49.9084,42.3359,30.5802,40.39,On Belt
446500,-6.1483,2.6767,-8.3342,48.3206,66.3511,67.1603,40.53,On Belt
446550,-5.2768,1.5203,-7.3406,10.5038,109.0992,28.2748,40.44,On Belt
446600,-6.7205,-1.1109,-6.7493,-49.7710,113.6641,-29.2977,40.44,On Belt
446650,-7.8530,-1.9321,-5.9616,-51.0229,86.0153,-85.0382,40.39,On Belt
446700,-10.4627,4.4197,-6.9983,-90.7939,32.6870,-72.4122,40.67,On Belt
446750,-6.2848,-0.6752,-6.6032,-53.9542,22.8550,-45.6183,40.58,On Belt
446800,-5.8490,-2.2170,-6.0861,-22.8092,17.6641,-17.8473,40.25,On Belt
446850,-6.2249,0.3663,-4.5801,-14.8550,22.2443,-13.1298,40.67,On Belt
446900,-6.4093,-0.6895,-5.4588,7.7405,15.1756,2.7939,40.39,On Belt
446950,-5.9783,-1.6065,-5.7485,46.3053,-2.5802,22.1374,40.53,On Belt
447000,-6.1028,-1.1732,-5.3917,59.0229,-31.8931,53.7710,40.34,On Belt
447050,-4.7238,-3.4668,-8.1523,124.8702,-70.9313,74.1374,40.67,On Belt
447100,-4.6567,0.4477,-8.8873,130.3664,-54.8550,58.4885,40.44,On Belt
447150,-6.8091,-1.1732,-9.5241,67.8473,-43.2061,35.7557,40.15,On Belt
447200,-7.6543,-1.4509,-9.9120,33.7710,-38.0153,16.7176,40.25,On Belt
447250,-7.1491,1.3671,-9.0525,-2.0611,-24.3053,7.2977,40.53,On Belt
447300,-5.1332,-2.0207,-5.5258,-45.1756,-28.4733,-20.3969,40.44,On Belt
447350,-5.1954,-3.6440,-5.2840,-46.9008,-28.7939,-38.5191,40.39,On Belt
447400,-5.9640,1.0918,-4.5610,-61.6641,-34.5954,-30.9160,40.44,On Belt
447450,-5.8299,-3.8068,-6.5601,-69.2519,-0.5038,-66.0763,40.39,On Belt
447500,-5.4277,-3.2992,-6.8307,-108.8550,54.1374,-97.7710,40.44,On Belt
447550,-7.4867,-4.6232,-8.4228,-136.0611,82.0458,-112.0611,40.44,On Belt
447600,-8.6550,-0.5578,-6.4787,-147.1603,56.2290,-76.2137,40.58,On Belt
447650,-6.6008,-3.2202,-5.6312,-104.6718,12.3053,-60.9924,40.39,On Belt
447700,-5.4157,-2.3583,-4.8387,-65.3893,-7.8626,-61.1298,40.25,On Belt
447750,-5.9975,-2.2290,-6.3782,-43.8168,-27.7710,-25.8931,40.67,On Belt
447800,-6.5721,-2.0207,-7.3071,21.9389,-26.6412,35.8931,40.58,On Belt
447850,-5.2505,-2.9832,-7.2760,71.7252,-31.4351,80.0763,40.53,On Belt
447900,-5.0709,-3.3351,-8.1570,107.1145,-29.8168,116.2443,40.34,On Belt
447950,-4.6519,-2.6049,-8.2504,141.6183,-18.0000,145.3740,40.53,On Belt
448000,-4.8411,0.8308,-9.1602,106.9618,30.0916,179.8931,40.72,On Belt
448050,-5.2744,-0.1939,-8.4755,96.0000,55.3435,173.3130,40.53,On Belt
448100,-4.8411,0.8739,-6.4308,60.6107,63.1603,120.6870,40.25,On Belt
448150,-5.5067,1.0798,-6.8019,9.5725,24.3053,48.0458,40.34,On Belt
448200,-3.7948,-0.2370,-7.9392,-21.0840,17.0229,-33.7710,40.44,On Belt
448250,-4.3527,-0.1796,-7.2425,-34.3053,-2.2595,-68.3664,40.58,On Belt
448300,-6.2249,-1.3527,-10.0820,-30.5038,4.5038,-78.7786,40.44,On Belt
448350,-5.9759,1.0127,-7.0150,-26.0305,14.7634,-97.2672,40.44,On Belt
448400,-6.0430,-0.5746,-7.3646,-52.0153,13.0687,-110.7634,40.34,On Belt
448450,-4.2617,-0.9673,-6.1124,-45.7405,9.4504,-114.1832,40.15,On Belt
448500,-5.2648,-2.3056,-7.2353,-48.6260,4.0763,-109.0229,40.44,On Belt
448550,-6.9815,0.2418,-6.1483,-42.1832,-3.9237,-92.2137,40.67,On Belt
448600,-6.3446,-1.1037,-6.5362,-35.3435,-22.2748,-65.9237,40.25,On Belt
448650,-5.3989,-1.9130,-6.6391,-20.9771,-33.7099,-52.1832,40.44,On Belt
448700,-5.2792,-1.6137,-6.6655,-5.7557,-40.7481,-48.1374,40.25,On Belt
448750,-5.8586,-1.1660,-7.5633,5.2214,-48.5038,-25.8473,40.77,On Belt
448800,-5.7652,-0.3903,-7.6950,-3.1145,-59.9389,-19.7557,40.44,On Belt
448850,-5.8299,-1.2354,-7.6495,-29.7557,-81.2977,-32.1527,40.58,On Belt
448900,-7.6878,-2.6217,-9.2416,-46.2443,-102.9466,-58.4733,40.39,On Belt
448950,-10.9487,4.7597,-11.2384,-93.4198,-73.4351,-32.8397,40.67,On Belt
449000,-5.5593,-2.8108,-6.7373,-128.5038,-51.8779,-64.6412,40.39,On Belt
449050,-2.8252,-1.4102,-3.7661,-154.8397,-22.7481,-98.7481,40.67,On Belt
449100,-3.5530,-1.7933,-3.8738,-171.7863,-10.4275,-121.4504,40.34,On Belt
449150,-6.1866,-2.1763,-5.8155,-179.1908,-14.8244,-116.4733,40.58,On Belt
449200,-7.4412,-4.8530,-8.9304,-184.6565,2.4427,-136.6260,40.58,On Belt
449250,-8.7388,-0.2969,-5.7892,-197.4351,4.6412,-101.2214,40.58,On Belt
449300,-11.1666,-3.2154,-4.5442,-149.0076,-0.7939,-39.6641,40.34,On Belt
449350,-9.3996,-4.5107,-3.5171,-91.6641,-37.0229,-10.9466,40.53,On Belt
449400,-5.3367,-4.6591,-4.2569,-33.6794,-50.2443,-22.5344,40.44,On Belt
449450,-4.6376,-4.8674,-5.9831,27.2672,-23.5267,-26.9618,40.44,On Belt
449500,-6.2393,-2.8946,-5.9783,94.6870,26.7328,22.5649,40.67,On Belt
449550,-8.7508,-3.5506,-6.7253,164.2595,33.4504,90.1221,40.53,On Belt
449600,-6.6726,-3.3303,-7.9871,222.1069,10.9771,112.4580,40.39,On Belt
449650,-5.4947,-1.3743,-7.8290,247.7863,-3.8015,139.0534,40.34,On Belt
449700,-5.0350,0.3472,-8.9974,238.9160,29.8168,168.7634,40.44,On Belt
449750,-5.5282,1.7885,-8.5760,221.8015,69.3130,209.9389,40.39,On Belt
449800,-6.5098,1.8507,-7.4124,173.4351,102.4885,195.8168,40.44,On Belt
449850,-7.0844,1.4557,-6.5721,106.4580,102.0000,122.0458,40.53,On Belt
449900,-5.3870,1.1492,-7.0318,61.0992,80.8702,83.5115,40.44,On Belt
449950,-4.9775,0.0335,-7.3263,51.6183,86.3511,54.5954,40.34,On Belt
450000,-5.2936,-0.7661,-7.1395,58.3359,85.3435,26.1832,40.44,On Belt
450050,-5.1044,0.9266,-8.2720,66.9313,79.5878,41.4198,40.39,On Belt
450100,-7.7644,1.5275,-7.4292,49.2214,50.6412,36.8397,40.67,On Belt
450150,-6.6008,0.1125,-7.0126,6.0763,-3.6336,3.4198,40.34,On Belt
450200,-5.2864,-1.4557,-6.9983,-17.0229,-42.1679,-16.2595,40.44,On Belt
450250,-4.5729,-1.2761,-8.0517,-0.2443,-59.1603,-10.9160,40.58,On Belt
450300,-4.5705,-0.6129,-8.1235,21.8779,-50.6870,20.0000,40.53,On Belt
450350,-5.0159,-1.1325,-6.8450,23.4809,-54.8397,22.3664,40.39,On Belt
450400,-5.0422,-1.7190,-6.6679,18.1374,-74.3969,10.3053,40.72,On Belt
450450,-5.4995,-1.9393,-7.7428,18.1374,-87.2366,0.4427,40.44,On Belt
450500,-5.7030,-1.3312,-8.9711,25.1603,-80.3206,2.2595,40.20,On Belt
450550,-5.2672,0.2897,-8.4874,25.2824,-67.2214,19.1603,40.77,On Belt
450600,-7.8051,-1.1061,-9.1698,9.3130,-52.2748,7.7710,40.67,On Belt
450650,-9.5529,3.3303,-6.7900,-54.7328,-56.7328,-42.9924,40.53,On Belt
450700,-7.0270,0.4357,-6.6295,-135.0076,-46.4733,-66.6260,40.53,On Belt
450750,-4.1037,-2.0255,-4.8076,-149.4351,-3.5725,-94.5802,40.67,On Belt
450800,-4.8722,-0.4118,-3.6081,-174.8244,13.5115,-89.9084,40.58,On Belt
450850,-6.0118,-2.9185,-6.6487,-198.0763,25.8473,-91.6336,40.72,On Belt
450900,-6.6966,-4.7166,-7.6638,-194.2748,37.7557,-103.7863,40.25,On Belt
450950,-9.1243,-4.0821,-7.2927,-176.4275,19.8626,-73.7557,40.39,On Belt
451000,-10.1897,-3.5171,-4.3263,-105.6794,15.6794,-6.5038,40.39,On Belt
451050,-10.6949,-4.6352,-2.8156,-69.8015,-7.2519,16.0763,40.44,On Belt
451100,-6.8019,-5.0733,-3.9217,11.8321,-41.6031,-3.9389,40.86,On Belt
451150,-4.0797,-3.5721,-5.0039,58.8092,-32.5954,-12.3969,40.44,On Belt
451200,-4.9368,-3.9193,-8.5976,119.8931,13.5878,2.2443,40.77,On Belt
451250,-7.7045,-0.7853,-7.0485,183.7252,40.2901,77.8473,40.67,On Belt
451300,-7.7596,-2.3343,-7.7764,228.2901,27.1756,135.3740,40.58,On Belt
451350,-6.7900,-1.9848,-7.9727,241.8015,0.0153,141.7405,40.53,On Belt
451400,-5.2792,-2.3391,-8.3510,232.3969,-8.5954,163.7863,40.67,On Belt
451450,-5.1188,0.6033,-7.8745,203.8473,-1.6489,157.7863,40.67,On Belt
451500,-5.4923,3.0502,-6.5888,82.8092,9.7557,97.7863,40.34,On Belt
451550,-6.1459,-0.4142,-8.1690,-57.2519,4.7023,28.1679,40.67,On Belt
451600,-5.9017,-2.7031,-9.7995,-78.8855,46.7939,-59.3130,40.53,On Belt
451650,-9.4116,3.6296,-7.0461,-114.8397,67.2672,2.5191,40.44,On Belt
451700,-5.8371,0.9361,-6.1363,-107.9084,85.5725,5.9847,40.39,On Belt
451750,-4.8123,-2.8850,-6.4093,-73.3740,124.0305,-16.5038,40.25,On Belt
451800,-6.4763,-3.1699,-6.4284,-59.5267,141.5114,-29.2672,40.58,On Belt
451850,-10.3334,-0.5770,-7.2760,-21.6794,109.6031,-11.1756,40.44,On Belt
451900,-8.5425,0.3926,-5.8227,38.8244,71.7405,25.3740,40.44,On Belt
451950,-6.0166,-0.4429,-6.4883,73.0076,71.6947,38.6412,40.39,On Belt
452000,-5.0589,-0.8308,-5.4947,104.5496,42.7328,72.2443,40.67,On Belt
452050,-5.2122,-1.0534,-6.0047,134.4275,0.1374,92.7328,40.25,On Belt
452100,-6.0621,0.7254,-7.5202,109.4198,-34.2901,73.9237,40.58,On Belt
452150,-6.2417,0.9290,-6.9839,32.2137,-114.0916,40.3817,40.53,On Belt
452200,-6.8259,-1.5826,-8.7269,-16.2290,-177.9542,2.9313,40.44,On Belt
452250,-7.4603,-3.5530,-10.2448,-24.9008,-202.1374,-38.7634,40.39,On Belt
452300,-7.1802,-3.9456,-9.8378,-16.4122,-207.6947,-75.7099,40.53,On Belt
452350,-4.6926,1.9345,-12.8808,18.0458,-145.0534,-22.7481,40.53,On Belt
452400,-10.2879,2.8563,-5.3439,-4.4733,-40.9618,23.9542,40.39,On Belt
452450,-5.9472,0.4645,-5.1427,-81.9084,-17.9695,-18.9924,40.44,On Belt
452500,-2.9592,-1.3815,-3.9049,-136.4733,18.8092,-40.7023,40.25,On Belt
452550,-3.6440,-2.5283,-4.7884,-158.5343,56.8855,-77.6947,40.53,On Belt
452600,-6.0238,-1.7573,-5.5833,-202.5343,91.4504,-98.1374,40.44,On Belt
452650,-9.8186,-4.8602,-8.5497,-208.6870,64.9313,-79.5725,40.25,On Belt
452700,-9.1315,-3.4740,-8.0421,-192.5802,56.2901,-82.5496,40.53,On Belt
452750,-10.2328,-3.0023,-3.9792,-197.1756,35.3282,-58.6565,40.39,On Belt
452800,-12.8401,-4.7094,-3.2441,-144.6260,-40.7786,-43.0840,40.39,On Belt
452850,-7.6878,-4.6328,-4.5298,-61.5878,-90.9924,-13.7557,40.44,On Belt
452900,-4.6663,-4.1108,-5.1020,-2.2290,-76.2290,-1.6336,40.58,On Belt
452950,-4.2545,-4.1587,-6.2920,52.7176,-30.5344,8.4427,40.44,On Belt
453000,-5.5929,-3.3471,-7.0844,131.9695,30.1985,48.4580,40.25,On Belt
453050,-7.2281,-3.0430,-6.7109,191.0076,53.4809,102.2901,40.77,On Belt
453100,-7.0366,-3.5793,-7.8099,238.3969,44.0611,123.9389,40.34,On Belt
453150,-5.5354,-3.1556,-8.9974,279.9084,24.9160,140.9008,40.34,On Belt
453200,-5.9280,-1.2594,-9.1219,287.4046,12.3969,181.5420,40.58,On Belt
453250,-5.4492,-2.5019,-9.6893,294.2290,11.4198,209.4046,40.44,On Belt
453300,-5.1595,-1.0032,-8.3677,257.4351,21.8779,188.8244,40.44,On Belt
453350,-5.6862,1.9992,-7.5705,141.6031,47.3130,117.4962,40.72,On Belt
453400,-5.2888,0.0431,-7.0533,36.5038,42.3206,64.7176,40.53,On Belt
453450,-3.6751,-0.2538,-6.9097,-7.7863,67.3740,27.1908,40.58,On Belt
453500,-6.7469,0.6656,-6.5864,-13.8168,97.7863,39.7863,40.44,On Belt
453550,-8.3510,-0.6728,-7.2281,-16.9771,107.0992,39.9084,40.53,On Belt
453600,-8.6455,0.4501,-6.8450,0.5954,92.4580,64.0611,40.53,On Belt
453650,-7.2616,1.0127,-6.2249,24.1679,78.3206,102.8244,40.25,On Belt
453700,-5.8419,-1.6209,-7.2544,64.0763,84.4580,124.6870,40.25,On Belt
453750,-4.7070,-1.7214,-5.2840,107.7252,61.1145,140.2748,40.39,On Belt
453800,-4.0486,-0.9792,-6.3111,135.4351,32.9008,142.5802,40.34,On Belt
453850,-7.2449,3.0311,-10.4627,113.6336,15.5878,151.3282,40.39,On Belt
453900,-7.2712,1.3647,-8.4013,12.1832,-55.3893,109.7252,40.53,On Belt
453950,-6.0645,-2.0566,-8.6766,-42.9313,-98.0458,35.6183,40.67,On Belt
454000,-4.4819,-2.4421,-6.1555,-37.1756,-115.6641,-8.4580,40.44,On Belt
454050,-3.0837,-0.2251,-7.5034,4.9008,-96.6565,38.6870,40.34,On Belt
454100,-5.0039,-2.8635,-8.1355,61.3435,-39.0534,59.0534,40.39,On Belt
454150,-5.1763,-2.8276,-7.6112,106.6718,-17.4046,78.7176,40.53,On Belt
454200,-5.5545,0.5746,-7.2712,119.1908,-2.1374,61.2061,40.25,On Belt
454250,-6.9121,2.3367,-7.8338,67.0382,-17.5114,48.7328,40.53,On Belt
454300,-6.6726,1.4653,-6.2872,-0.9160,-42.0153,7.2061,40.39,On Belt
454350,-6.5362,-0.5555,-6.8331,-40.4580,-68.5191,-35.6336,40.53,On Belt
454400,-5.1404,-1.0223,-7.0701,-26.1527,-64.9618,-42.0916,40.72,On Belt
454450,-6.4931,-1.0750,-6.1268,-3.3130,-40.9771,-22.0916,40.39,On Belt
454500,-6.9839,-1.2426,-6.5673,27.0229,-43.9237,-12.9771,40.67,On Belt
454550,-8.4156,0.1413,-6.8426,38.2901,-32.5802,-8.1527,40.39,On Belt
454600,-10.1849,2.9904,-5.9568,-21.4351,-34.6107,-28.6412,40.53,On Belt
454650,-8.6838,0.6321,-6.2728,-100.7328,-35.4656,-64.8550,40.39,On Belt
454700,-5.1332,1.0343,-3.8403,-144.2748,-14.4427,-78.7023,40.34,On Belt
454750,-5.3319,-2.2721,-5.0613,-159.4198,11.3282,-88.5649,40.39,On Belt
454800,-6.4667,-1.6161,-5.3415,-186.3206,34.4122,-86.7634,40.67,On Belt
454850,-6.7229,-3.5937,-6.7421,-198.9771,43.8779,-80.1374,40.39,On Belt
454900,-7.9487,-3.7086,-6.9528,-204.8702,39.8168,-59.7863,40.34,On Belt
454950,-9.4571,-5.7581,-6.9360,-136.3206,16.7176,-6.7481,40.44,On Belt
455000,-9.1650,-4.0749,-3.0406,-89.9084,15.4046,11.2977,40.06,On Belt
455050,-9.2871,-5.2481,-2.5283,-23.9847,-10.1832,11.8015,40.34,On Belt
455100,-7.6878,-4.6807,-4.5825,60.3206,-22.4580,18.8855,40.34,On Belt
455150,-5.5785,-3.9528,-5.7437,124.7328,-7.8473,36.3053,40.44,On Belt
455200,-5.0781,-3.6751,-7.4292,169.7252,22.7634,51.8473,40.39,On Belt
455250,-5.6551,-3.4572,-8.7077,215.7863,46.3664,74.0305,40.53,On Belt
455300,-6.9145,-0.8787,-8.0948,255.5878,38.7023,134.2290,40.39,On Belt
455350,-7.7021,-1.6281,-8.6431,270.5191,26.9924,152.3206,40.58,On Belt
455400,-6.3135,-2.0614,-8.6886,261.3588,5.2824,174.8244,40.34,On Belt
455450,-5.5593,-0.3879,-8.1977,229.5573,7.2977,161.6794,40.44,On Belt
455500,-6.5721,2.3870,-7.2975,107.6794,-1.4656,104.8702,40.25,On Belt
455550,-6.0597,1.1516,-7.0988,-14.7023,-45.3282,51.3740,40.39,On Belt
455600,-5.2026,-2.7246,-6.9983,-65.6947,-38.5954,-10.9924,40.39,On Belt
455650,-4.3527,-2.4229,-6.2297,-77.6947,-8.3817,-52.9313,40.39,On Belt
455700,-8.0278,2.2793,-8.7293,-103.1603,53.5725,-39.1298,40.39,On Belt
455750,-11.2815,-1.4844,-7.8338,-91.6794,56.1374,8.0611,40.44,On Belt
455800,-7.5274,2.0255,-4.4460,-105.8779,45.9084,54.3206,40.44,On Belt
455850,-5.4779,-1.4629,-5.2625,-97.1450,76.7023,54.8244,40.34,On Belt
455900,-4.6759,-0.9625,-3.9265,-85.3588,122.1832,26.0305,40.34,On Belt
455950,-9.1722,-2.3583,-6.4021,-54.0916,113.5878,21.6794,40.67,On Belt
456000,-11.2432,-1.2450,-7.3143,33.6336,70.6870,45.5573,40.25,On Belt
456050,-7.0749,0.5722,-5.8107,83.6183,66.4580,69.6794,40.39,On Belt
456100,-5.0422,-0.3783,-6.1339,127.7557,85.0992,79.4046,40.44,On Belt
456150,-4.8842,-0.7757,-5.1954,155.8015,59.2519,96.3359,40.53,On Belt
456200,-4.2473,2.2410,-5.8826,177.1298,12.9313,82.8550,40.39,On Belt
456250,-7.3239,1.9632,-7.5082,69.6336,-50.3817,35.5573,40.39,On Belt
456300,-7.5226,-0.2203,-8.9926,-21.0076,-134.8702,-26.1221,40.39,On Belt
456350,-7.2089,-2.6408,-9.5984,-48.1221,-168.7023,-93.2061,40.44,On Belt
456400,-3.7230,1.9369,-7.8314,-34.1832,-181.4198,-82.4275,40.53,On Belt
456450,-4.7573,-1.4054,-9.0716,-11.1603,-117.1298,-32.7939,40.39,On Belt
456500,-5.0159,-1.6927,-7.3789,14.9771,-75.7099,-1.1908,40.39,On Belt
456550,-5.6719,-2.2434,-7.2544,27.8473,-53.5267,13.0076,40.44,On Belt
456600,-7.7596,-0.0431,-7.1539,9.8168,-44.8702,-7.3282,40.67,On Belt
456650,-15.0140,3.7996,-6.6295,-65.9237,-54.3817,-13.2061,40.39,On Belt
456700,-8.0134,1.5107,-5.7892,-152.6412,-45.7557,-35.4351,40.44,On Belt
456750,-3.5243,-2.4900,-4.6136,-184.1832,-4.8702,-68.0916,40.34,On Belt
456800,-3.3902,-2.2146,-4.2665,-181.2977,7.9847,-90.8855,40.25,On Belt
456850,-4.9512,-2.0925,-5.3151,-208.3969,28.4122,-100.6565,40.15,On Belt
456900,-8.2073,-3.0718,-7.2377,-228.3969,40.9466,-96.2443,40.39,On Belt
456950,-9.8474,-4.1970,-7.6279,-203.8168,26.0000,-79.5115,40.44,On Belt
457000,-8.2983,-3.9433,-5.9041,-156.8244,15.0229,-41.3130,40.44,On Belt
457050,-9.6822,-3.7637,-3.1819,-146.2290,7.8626,-15.8473,40.25,On Belt
457100,-9.9527,-5.6934,-3.5075,-73.1908,-29.2977,-14.6870,40.44,On Belt
457150,-6.5338,-4.1683,-3.9840,1.2214,-43.2977,-12.0305,40.53,On Belt
457200,-4.5801,-3.7637,-5.2984,67.8931,-14.9924,-5.0229,40.39,On Belt
457250,-5.3056,-3.2992,-6.6176,130.0916,32.5649,24.4427,40.20,On Belt
457300,-6.6319,-3.1149,-7.6016,192.8702,62.6260,61.2366,40.39,On Belt
457350,-7.8290,-2.0566,-7.4843,240.3512,51.4046,105.3130,40.25,On Belt
457400,-7.5537,-1.7645,-8.4563,280.5191,19.9237,150.0916,40.67,On Belt
457450,-6.8546,-0.2514,-8.6838,274.6107,4.0000,178.0611,40.53,On Belt
457500,-5.6264,0.0646,-8.8394,245.7710,9.2214,184.1527,40.44,On Belt
457550,-5.8347,3.3088,-6.7684,118.4885,5.9542,131.9542,40.39,On Belt
457600,-5.8562,1.4461,-7.8290,-29.0840,-21.6183,77.5115,40.53,On Belt
457650,-6.7133,-4.4963,-9.8497,-80.8092,6.2595,-20.1985,40.44,On Belt
457700,-5.4708,-3.2801,-4.8650,-81.1603,41.3282,-91.2366,40.53,On Belt
457750,-9.5241,5.6814,-8.6598,-129.9695,66.9008,5.0229,40.53,On Belt
457800,-6.9145,-0.5914,-6.6176,-123.8626,104.7328,1.4809,40.06,On Belt
457850,-5.2792,-3.1436,-5.7676,-100.4427,132.5496,-36.4122,40.25,On Belt
457900,-7.2257,-2.6695,-5.9927,-85.0840,131.8321,-40.5191,40.53,On Belt
457950,-10.8122,0.4022,-7.2616,-32.9924,94.0000,5.8168,40.25,On Belt
458000,-8.2672,0.8428,-5.4755,18.5038,73.3740,30.2137,40.39,On Belt
458050,-5.6120,-0.0527,-4.9536,41.1603,76.1374,40.1374,40.44,On Belt
458100,-5.6886,-1.0750,-5.0398,77.5573,39.7252,60.5038,40.25,On Belt
458150,-4.4245,-1.0511,-6.3255,115.8626,4.5954,87.6794,40.34,On Belt
458200,-4.6232,-1.0415,-7.3287,156.4427,-17.5725,117.3435,40.39,On Belt
458250,-5.8993,3.0694,-8.2768,129.3588,-49.0382,109.5878,40.39,On Belt
458300,-7.5346,0.3711,-7.6327,36.2595,-137.6488,78.3359,40.25,On Belt
458350,-7.5250,-2.7605,-10.3621,-2.2595,-199.2824,32.1221,40.58,On Belt
458400,-6.5888,-3.3806,-10.5489,-10.3511,-201.8168,-26.0763,40.58,On Belt
458450,-8.0110,-3.9600,-11.1929,0.4885,-189.1603,-79.3435,40.34,On Belt
458500,-9.1028,13.5177,-9.4978,-35.5267,-85.1908,-8.2901,40.25,On Belt
458550,-5.2074,-0.6416,-6.2824,-119.3893,-19.1145,-17.2672,40.34,On Belt
458600,-2.2721,-1.2617,-3.3998,-136.1527,12.6565,-35.9084,40.25,On Belt
458650,-2.8084,-1.9896,-3.9145,-155.8321,34.5954,-53.9542,40.53,On Belt
458700,-5.2768,-4.2856,-7.5393,-196.0763,86.3053,-96.1832,40.25,On Belt
458750,-8.1642,-7.4747,-10.1035,-190.2901,100.9771,-131.2366,40.58,On Belt
458800,-11.7436,4.7357,-1.5802,-176.5191,39.4656,-65.1298,40.39,On Belt
458850,-13.7738,-2.8706,-1.4461,-165.7710,29.3130,-61.2977,40.44,On Belt
458900,-12.3038,-5.6048,-3.5650,-118.9466,-80.6565,-62.7328,40.53,On Belt
458950,-5.9927,-3.7996,-5.6862,-35.1756,-118.5649,-52.1527,40.06,On Belt
459000,-3.4405,-2.8659,-5.8993,-0.0763,-68.9313,-30.7328,40.67,On Belt
459050,-4.6735,-3.9145,-7.8171,67.2672,9.2519,9.2672,40.39,On Belt
459100,-6.1890,-3.5123,-5.8419,127.8168,43.7252,48.1679,40.25,On Belt
459150,-7.4340,-3.4141,-6.8905,181.2366,53.0534,60.1069,40.39,On Belt
459200,-8.2313,-0.5626,-7.1922,225.4657,36.2290,117.1298,40.34,On Belt
459250,-7.5633,-1.2857,-7.0222,251.0229,19.4656,151.4198,40.67,On Belt
459300,-5.7485,-1.6472,-7.9200,239.8779,15.1298,167.2672,40.44,On Belt
459350,-5.8083,-1.3575,-8.1954,224.7328,17.1450,147.4504,40.34,On Belt
459400,-7.3861,4.3527,-10.4770,117.6947,39.4198,110.1679,40.25,On Belt
459450,-7.1060,2.1787,-9.3757,0.9771,35.5115,66.1985,40.34,On Belt
459500,-3.4141,1.3958,-6.7205,-76.4427,56.6107,14.5191,40.53,On Belt
459550,-2.5283,-1.1516,-5.8203,-90.5343,109.1145,-6.7939,40.01,On Belt
459600,-4.8315,-3.8188,-5.9520,-74.6107,152.1679,-57.2977,40.39,On Belt
459650,-9.2871,-6.3925,-9.4332,-62.3817,156.0305,-98.3053,40.58,On Belt
459700,-12.3421,1.4605,-7.9583,-25.9389,82.6718,-29.2672,40.34,On Belt
459750,-6.7971,0.0287,-6.3135,17.8473,85.7557,-23.8473,40.20,On Belt
459800,-5.8993,-1.8148,-5.8299,37.9389,78.0305,-2.5191,40.34,On Belt
459850,-6.1986,-0.1413,-4.0821,64.5802,22.7328,10.8550,40.34,On Belt
459900,-5.6431,-0.0287,-6.3829,52.7176,-22.2901,7.6947,40.34,On Belt
459950,-5.3798,-0.3136,-7.2233,40.8092,-53.2061,22.6260,40.39,On Belt
460000,-5.8131,-1.0582,-7.1611,18.9618,-92.2901,13.5878,40.20,On Belt
460050,-7.0126,-3.0813,-8.2815,6.0916,-139.6183,-5.1298,40.25,On Belt
460100,-7.1970,-3.7637,-9.3589,5.3588,-166.5802,-40.4122,40.39,On Belt
460150,-3.6559,1.9297,-10.4579,18.7328,-148.8397,-8.2443,40.58,On Belt
460200,-8.0014,-1.1588,-13.1394,33.1298,-30.4122,18.1221,40.39,On Belt
460250,-8.5377,2.0207,-6.4572,-25.5114,23.1145,41.5725,40.20,On Belt
460300,-4.3574,-2.4756,-4.6855,-67.3740,22.7481,7.3740,40.44,On Belt
460350,-3.2250,-2.0446,-3.4309,-73.8321,36.6718,-28.2137,40.34,On Belt
460400,-4.5226,-2.9592,-4.8530,-100.1985,65.5420,-65.6336,40.44,On Belt
460450,-9.2033,-1.4509,-6.2513,-129.0687,60.7481,-45.4046,40.34,On Belt
460500,-9.1554,-4.1539,-7.5106,-69.3282,38.1374,-67.9847,40.25,On Belt
460550,-6.8235,-1.9465,-4.8794,-57.3435,11.8321,-49.1756,40.39,On Belt
460600,-6.7780,-0.7111,-4.5825,-44.4885,-1.4046,-26.0763,40.44,On Belt
460650,-7.4460,-1.3575,-6.2489,7.9542,2.4427,19.1298,40.20,On Belt
460700,-6.5601,-3.3974,-6.5960,59.4809,-6.8397,50.5954,40.20,On Belt
460750,-6.1627,-2.8874,-7.1706,102.3053,-21.8015,64.1069,40.39,On Belt
460800,-5.9951,-1.6352,-7.4771,127.6031,-19.2366,87.7252,40.25,On Belt
460850,-6.0837,0.2274,-7.1874,127.0382,-14.8244,119.6489,40.25,On Belt
460900,-5.9687,0.1939,-7.6878,113.0687,-11.9084,141.0992,40.39,On Belt
460950,-5.9089,-1.4030,-7.8386,72.6870,-4.8702,136.6260,40.67,On Belt
461000,-6.2896,-2.1093,-6.3494,24.9160,-11.4504,95.5725,40.39,On Belt
461050,-5.5306,-3.1125,-6.3327,-8.7023,-26.1832,54.3969,40.39,On Belt
461100,-4.8937,-4.2808,-6.0358,-7.6183,-13.8321,-1.3740,40.44,On Belt
461150,-5.0685,-3.3208,-6.9192,-4.0305,8.7634,-43.2824,40.15,On Belt
461200,-4.9728,0.5698,-14.9733,43.4046,123.3740,83.8779,40.58,On Belt
461250,-6.4452,-1.1660,-8.3582,111.0840,161.7099,73.6489,40.25,On Belt
461300,-4.8195,-0.9553,-5.1475,138.0153,149.7557,29.4962,40.39,On Belt
461350,-8.7149,0.7853,-6.3303,88.2290,61.8626,-34.1527,40.39,On Belt
461400,-8.5162,0.9720,-8.5736,-3.2214,-53.6794,-107.1298,40.53,On Belt
461450,-4.2545,2.5355,-8.8945,-92.5954,-59.7557,-167.6947,40.44,On Belt
461500,-2.9521,0.1987,-8.5880,-97.1756,-34.0000,-103.3588,40.39,On Belt
461550,-4.0749,-2.4636,-6.3039,-58.1679,-15.0229,-69.2977,40.34,On Belt
461600,-4.8746,-3.3902,-6.0885,-31.4504,-34.8244,-39.0229,40.34,On Belt
461650,-5.1092,-3.4022,-6.8426,22.4275,-64.0305,-9.3435,40.67,On Belt
461700,-4.9632,-2.8060,-7.4148,59.3282,-67.5267,24.9618,40.25,On Belt
461750,-5.8371,-3.4069,-7.7668,85.7710,-76.3206,34.3053,40.34,On Belt
461800,-5.6862,-1.5754,-8.6790,70.9008,-83.7099,21.8931,40.58,On Belt
461850,-8.3007,-1.5299,-11.6813,25.3282,-50.9618,7.1908,40.39,On Belt
461900,-7.1347,2.2410,-8.6000,-14.5496,13.2824,37.3893,40.39,On Belt
461950,-6.6439,-3.0957,-5.9544,-26.7023,-14.2137,13.3282,40.39,On Belt
462000,-4.9823,-0.0383,-3.6583,-41.8626,-0.8244,-13.7252,40.06,On Belt
462050,-5.5689,0.3831,-3.6919,-91.3588,28.8855,-31.7557,40.25,On Belt
462100,-6.5601,-4.5035,-6.2201,-99.5115,40.0153,-57.2366,40.25,On Belt
462150,-7.0318,-3.3303,-6.2824,-72.7176,16.0611,-66.9008,40.44,On Belt
462200,-6.3159,-3.0670,-5.9903,-80.2443,11.7099,-65.6794,40.34,On Belt
462250,-6.5266,-1.5203,-4.7884,-84.8550,7.8626,-60.0763,40.34,On Belt
462300,-6.9815,-2.7438,-5.5450,-48.4275,-15.3435,-49.3588,40.34,On Belt
462350,-6.5912,-2.1548,-5.9280,-11.4046,-40.3053,-15.8473,40.25,On Belt
462400,-6.1339,-2.5091,-7.0102,29.8626,-35.9695,27.6794,40.72,On Belt
462450,-5.4779,-2.8323,-7.3933,57.8321,-20.1679,61.2519,40.44,On Belt
462500,-5.4612,-2.9066,-7.7117,92.3817,-19.6031,102.4275,40.44,On Belt
462550,-4.6112,-0.3998,-8.5760,113.9084,20.8855,109.0687,40.25,On Belt
462600,-5.9137,2.9305,-13.9726,117.1603,103.3740,211.4046,40.72,On Belt
462650,-7.3191,0.3687,-8.3534,143.7099,168.3969,229.2519,40.53,On Belt
462700,-4.1372,2.2505,-4.8363,118.4885,191.3740,173.9237,40.34,On Belt
462750,-8.4467,-0.0886,-5.2984,89.9847,140.5649,76.0305,40.53,On Belt
462800,-8.7005,-1.7669,-6.0717,54.3511,1.0840,25.0992,40.25,On Belt
462850,-5.3199,-0.5267,-6.3997,-1.6183,-53.2977,-63.8168,40.44,On Belt
462900,-2.6001,4.3215,-9.5170,-33.9695,-79.3740,-83.0687,40.53,On Belt
462950,-4.9440,-0.6416,-9.0357,-20.0611,-53.5420,-26.0611,40.53,On Belt
463000,-4.7740,-1.1540,-6.0549,-18.1069,-75.2061,-17.9695,40.44,On Belt
463050,-4.7381,-0.4357,-8.2480,-13.6641,-102.3817,-22.9008,40.34,On Belt
463100,-4.9249,-0.4812,-8.2361,-40.9771,-97.2214,-54.4885,40.58,On Belt
463150,-7.4986,-0.9313,-11.3964,-66.0916,-87.6336,-64.9466,40.53,On Belt
463200,-7.5753,2.9760,-6.5098,-133.2366,-48.8092,-57.5115,40.01,On Belt
463250,-4.8052,-3.2609,-6.0358,-121.3893,-41.3588,-81.0382,40.58,On Belt
463300,-4.8291,-3.2992,-6.0142,-126.2901,-43.2061,-93.3435,40.20,On Belt
463350,-5.4013,-2.8587,-6.5050,-131.0687,-32.7176,-116.8702,40.25,On Belt
463400,-6.3710,-1.3815,-6.4069,-151.4657,-12.9313,-111.9847,40.44,On Belt
463450,-6.3015,-2.6863,-6.4332,-148.7634,-5.5878,-116.8702,40.44,On Belt
463500,-6.2106,-3.1149,-6.6559,-147.8931,-9.7710,-114.2901,40.34,On Belt
463550,-6.1818,-3.4572,-6.7708,-143.2824,-11.0382,-118.5191,40.39,On Belt
463600,-6.4739,-2.4157,-6.3662,-135.6488,-14.4885,-107.7405,40.25,On Belt
463650,-6.8115,-2.8491,-6.5505,-115.6641,-15.5267,-96.9771,40.25,On Belt
463700,-6.7947,-2.8754,-6.6104,-107.1450,-13.4962,-84.4122,40.53,On Belt
463750,-6.5338,-2.6384,-5.9041,-94.7786,-11.5725,-73.8931,40.34,On Belt
463800,-6.9384,-2.4588,-6.0741,-75.1756,-13.2824,-59.5725,40.25,On Belt
463850,-7.2856,-2.5331,-6.3805,-52.4427,-18.7786,-36.0000,40.39,On Belt
463900,-7.0078,-2.3750,-6.0334,-21.2214,-28.5954,-7.2061,40.20,On Belt
463950,-5.2912,-2.2865,-6.9456,16.5802,-21.1298,15.4809,40.44,On Belt
464000,-6.3710,-1.2163,-7.0797,36.2290,12.6718,52.5191,40.58,On Belt
464050,-9.2129,3.0239,-6.5888,39.4962,22.7328,98.0458,40.34,On Belt
464100,-6.8235,1.6688,-6.5649,34.3969,50.5649,128.7328,40.34,On Belt
464150,-4.0103,-1.3671,-6.2489,44.5802,103.6336,106.9313,40.44,On Belt
464200,-4.6448,-2.7869,-6.0741,70.7023,132.9924,43.2824,40.72,On Belt
464250,-6.4763,0.0934,-7.6878,92.9466,114.4885,-9.9542,40.44,On Belt
464300,-7.8937,2.8778,-8.8825,45.1145,76.0000,-49.9084,40.58,On Belt
464350,-6.1196,0.5076,-7.7859,-9.7710,38.7176,-81.2824,40.39,On Belt
464400,-4.1803,-0.7350,-6.0932,-27.3435,13.5725,-96.9466,40.20,On Belt
464450,-3.9696,0.0479,-6.8019,-20.8702,-12.2748,-71.3435,40.44,On Belt
464500,-6.5912,0.6081,-6.1914,-14.0458,-35.4351,-30.8550,40.25,On Belt
464550,-4.8794,-1.3695,-6.9719,7.4351,-67.2061,-1.7710,40.25,On Belt
464600,-5.2672,-3.2465,-7.1060,37.5267,-89.6641,11.6489,40.53,On Belt
464650,-7.7069,-4.4101,-9.6199,58.1679,-119.3130,-11.5878,40.34,On Belt
464700,-6.1483,5.9592,-12.8257,35.8473,-56.3817,9.4046,40.25,On Belt
464750,-6.4260,0.3280,-5.4588,-26.4580,-1.0534,1.9695,40.44,On Belt
464800,-5.2146,-3.1149,-5.2337,-37.2214,-25.8473,-30.8550,40.39,On Belt
464850,-5.6455,-1.2594,-5.6934,-61.9847,-9.7863,-53.6183,40.44,On Belt
464900,-6.5027,-1.3934,-6.6607,-67.7099,22.8855,-35.9542,40.15,On Belt
464950,-7.1419,-3.3974,-6.9168,-49.7405,19.7252,-31.3588,40.39,On Belt
465000,-7.1443,-2.5307,-6.6679,-29.3588,6.0916,-19.0992,40.44,On Belt
465050,-6.9815,-0.8643,-5.6144,-28.7939,5.8321,6.9313,40.25,On Belt
465100,-6.9719,-1.2258,-5.7389,-26.6718,20.3206,13.7099,40.44,On Belt
465150,-6.9312,-1.2737,-6.8019,-13.5420,21.0534,45.9237,40.39,On Belt
465200,-5.9304,-1.9680,-6.6104,3.2824,32.1985,86.8092,40.53,On Belt
465250,-6.4356,-2.3487,-6.7229,25.6031,34.4733,126.8397,40.53,On Belt
465300,-6.5170,-2.9544,-7.0054,76.5343,27.7405,145.0534,40.39,On Belt
465350,-6.1459,-3.0406,-6.8307,97.3740,18.2443,161.1603,40.34,On Belt
465400,-6.3039,-4.0797,-7.8626,123.2061,4.0458,161.4351,40.39,On Belt
465450,-7.3071,-4.2737,-9.3063,161.1908,-46.3969,192.0763,40.06,On Belt
465500,-3.9863,0.0575,-8.0613,193.6183,-47.4809,174.8092,40.58,On Belt
465550,-6.2752,1.0894,-7.1706,85.8626,-73.4657,143.6794,40.44,On Belt
465600,-6.0717,-1.6113,-8.7939,22.9160,-128.6260,83.5725,40.25,On Belt
465650,-4.7429,-3.1101,-8.8897,12.9313,-120.8092,23.8626,40.53,On Belt
465700,-2.6743,0.7254,-7.7620,21.8473,-98.8397,16.0458,40.34,On Belt
465750,-4.1611,-0.9505,-8.9902,47.8321,-39.0840,20.9008,40.34,On Belt
465800,-4.7118,1.2091,-7.7596,48.4275,8.0153,7.0992,40.53,On Belt
465850,-8.0565,4.0462,-6.3518,-6.6412,-0.5954,-19.5114,40.15,On Belt
465900,-7.3933,2.0351,-6.2584,-62.5191,-0.7176,-34.3969,40.53,On Belt
465950,-7.0844,-0.3472,-5.2840,-69.0229,-0.8702,-43.4198,40.34,On Belt
466000,-8.0349,0.0766,-5.0302,-59.1298,-2.8244,-50.9313,40.25,On Belt
466050,-7.1515,0.3400,-4.0869,-49.3130,-4.8855,-41.7252,40.25,On Belt
466100,-7.8003,0.4381,-4.3790,-46.1527,-10.3053,-19.4046,40.44,On Belt
466150,-8.1954,-0.7230,-5.0470,-22.7176,-11.6183,-8.9008,40.39,On Belt
466200,-6.1699,-1.8723,-5.4827,-24.9466,13.9084,-29.7099,40.44,On Belt
466250,-5.8466,-2.6743,-5.5929,-32.6870,37.5267,-56.1679,40.25,On Belt
466300,-7.0078,-0.0646,-5.0470,-55.6336,53.4046,-66.9924,40.34,On Belt
466350,-6.6224,-3.0574,-6.4620,-77.9237,75.0382,-91.7099,40.34,On Belt
466400,-6.4189,-3.8786,-6.6367,-93.7405,79.5573,-121.1298,40.53,On Belt
466450,-7.0509,-3.8786,-6.8881,-112.6565,72.7939,-131.2977,40.25,On Belt
466500,-9.4379,-1.7214,-7.6160,-146.2290,60.1985,-124.7634,40.34,On Belt
466550,-10.4315,-1.4198,-7.4579,-172.6718,34.9008,-130.7328,40.39,On Belt
466600,-8.2528,-1.5012,-6.8546,-155.6947,-15.5573,-101.4504,40.39,On Belt
466650,-6.5170,-2.0231,-6.9887,-90.0305,-42.8550,-26.4122,40.25,On Belt
466700,-5.5593,-2.5977,-5.8131,-20.8244,-25.3740,32.3664,40.58,On Belt
466750,-4.8722,-2.7054,-6.2584,36.9160,-9.3740,63.5725,40.25,On Belt
466800,-4.0247,-0.7518,-7.5393,95.5725,9.2977,122.9771,40.39,On Belt
466850,-4.6615,-0.9026,-7.8697,153.1298,23.7710,164.9008,40.34,On Belt
466900,-4.1348,-0.2274,-6.9001,176.2443,27.9542,188.3817,40.34,On Belt
466950,-5.5952,4.0103,-7.9440,157.7405,18.8244,151.4046,40.34,On Belt
467000,-7.3837,2.9161,-7.4220,7.6641,-54.1679,82.1374,40.44,On Belt
467050,-5.3079,-1.6879,-7.5393,-57.0229,-114.7176,3.9084,40.39,On Belt
467100,-4.2329,-4.5993,-8.1427,-34.9466,-103.8779,-67.6031,40.34,On Belt
467150,-4.2545,-2.6288,-5.5498,-27.9084,-79.1908,-129.2519,40.39,On Belt
467200,-6.5146,2.7031,-11.6717,-2.8397,12.1221,-6.2290,40.53,On Belt
467250,-7.1587,-0.2777,-5.8730,-17.0534,33.7557,-10.0763,40.06,On Belt
467300,-7.7021,-1.0654,-6.3255,-30.6870,25.4198,-24.9924,40.39,On Belt
467350,-8.1547,0.7877,-6.0980,-40.7481,15.1298,-22.5954,40.58,On Belt
467400,-7.1156,-0.9266,-6.0813,-36.6718,10.7176,-18.6870,40.34,On Belt
467450,-6.3159,-1.7166,-5.7269,-18.6870,5.2366,-15.9084,40.25,On Belt
467500,-6.2249,-1.6616,-5.6288,-4.8397,2.0763,-14.1527,40.53,On Belt
467550,-6.4643,-0.7805,-6.2345,11.2672,-0.7176,-6.4885,40.72,On Belt
467600,-6.6439,-0.5363,-6.7445,20.6412,6.0153,8.4427,40.39,On Belt
467650,-6.7086,-0.8356,-6.6080,27.2672,5.8626,19.9084,40.39,On Belt
467700,-6.5314,-0.8930,-6.9528,29.8473,4.4733,23.4046,40.06,On Belt
467750,-6.0789,-1.2234,-6.8642,25.8321,1.5573,18.1069,40.34,On Belt
467800,-5.9209,-0.4501,-6.9671,13.4351,3.7252,2.2901,40.53,On Belt
467850,-6.6846,0.1867,-6.9959,-12.5649,6.1527,-11.2214,40.20,On Belt
467900,-6.7660,-0.7781,-6.6702,-30.8550,3.8473,-16.5038,40.58,On Belt
467950,-6.3398,-1.1995,-6.6248,-29.6489,-1.3588,-16.8244,40.25,On Belt
468000,-5.8754,-1.6783,-6.4620,-18.9771,-0.8855,-13.9542,40.34,On Belt
468050,-6.0118,-1.2641,-6.5338,-4.3664,3.6031,-8.4427,40.25,On Belt
468100,-6.8067,-0.6225,-6.6463,0.0000,7.9237,2.1374,40.25,On Belt
468150,-6.8570,-1.2641,-6.5242,6.8550,1.4656,12.7786,40.25,On Belt
468200,-5.7485,-1.3312,-6.6822,14.2595,2.7023,14.5802,40.39,On Belt
468250,-6.3446,-0.5938,-6.5434,13.5267,6.8855,9.2366,40.39,On Belt
468300,-6.8690,-0.3496,-6.5314,3.5573,1.6031,4.3969,40.25,On Belt
468350,-6.2297,-0.7135,-6.9336,-3.6947,-1.1603,1.2366,40.44,On Belt
468400,-6.0597,-1.1157,-6.7373,-4.5191,1.2214,-0.1374,40.39,On Belt
468450,-6.3279,-0.8667,-6.5697,-5.2824,0.9618,-3.2061,40.39,On Belt
468500,-6.3925,-0.8045,-6.6559,-4.9160,-0.3969,-2.5649,40.20,On Belt
468550,-6.2872,-0.7733,-6.6726,-2.1679,0.8855,0.6260,40.39,On Belt
468600,-6.3925,-1.0942,-6.6726,-1.1298,0.9008,1.3740,40.06,On Belt
468650,-6.3327,-0.8212,-6.7205,0.7939,1.0840,2.4275,40.06,On Belt
468700,-6.4548,-0.6823,-6.6774,1.9237,-0.2290,3.7710,40.20,On Belt
468750,-6.1842,-0.8906,-6.7971,1.0687,0.1832,3.3740,40.34,On Belt
468800,-6.1363,-0.9649,-6.6918,0.8550,1.2977,2.2595,40.34,On Belt
468850,-6.1770,-0.7542,-6.7516,-0.1985,-0.7634,-1.2366,40.39,On Belt
468900,-6.3398,-0.7661,-6.8211,-4.5954,0.9466,-3.1603,40.44,On Belt
468950,-6.3686,-0.7470,-6.7277,-7.7557,-0.0305,-5.3588,40.53,On Belt
469000,-6.3422,-1.0032,-6.7205,-9.8168,-0.0305,-5.8626,40.20,On Belt
469050,-6.3518,-0.9649,-6.6846,-8.0458,1.2977,-3.4656,40.44,On Belt
469100,-6.3135,-1.0175,-6.5841,-4.3511,0.7939,-1.1450,40.25,On Belt
469150,-6.3662,-1.0223,-6.6679,-0.1527,1.2214,2.0763,40.44,On Belt
469200,-6.2752,-0.9146,-6.6439,3.1145,1.0534,5.6947,40.44,On Belt
469250,-6.3494,-0.8619,-6.6631,4.5802,1.1908,6.4275,40.06,On Belt
469300,-6.1363,-0.9122,-6.7684,5.4046,0.1985,5.8626,40.53,On Belt
469350,-6.2369,-0.8116,-6.7684,3.7557,0.8244,5.0229,40.58,On Belt
469400,-6.2896,-0.7350,-6.7995,0.8855,-0.6107,1.8015,40.34,On Belt
469450,-6.3111,-0.7685,-6.8498,-5.0840,0.1069,-2.0153,40.25,On Belt
469500,-6.1555,-0.7685,-6.7947,-7.9542,0.1221,-3.4504,40.39,On Belt
469550,-6.1890,-0.9673,-6.7421,-7.1603,1.1756,-3.6336,40.25,On Belt
469600,-6.3446,-0.7326,-6.6511,-5.2061,2.0458,-1.1450,40.20,On Belt
469650,-6.3351,-0.9242,-6.5864,-2.2443,1.1298,0.2290,40.44,On Belt
469700,-6.2728,-0.9457,-6.6798,0.1985,0.1985,1.7405,40.53,On Belt
469750,-6.3973,-0.8619,-6.6248,2.0611,-0.1221,3.4809,40.67,On Belt
469800,-6.4667,-0.9840,-6.5314,1.4962,-3.6031,4.4427,40.53,On Belt
469850,-6.1339,-1.3671,-6.5936,3.6641,-8.4275,2.3817,40.44,On Belt
469900,-6.0932,-1.1564,-6.8091,-0.0916,-8.0458,-1.2366,40.25,On Belt
469950,-6.2345,-1.2091,-7.0677,-4.4885,-6.5649,-2.1221,40.34,On Belt
470000,-5.9640,-1.0223,-6.8833,-7.4046,-2.7786,-2.8855,40.53,On Belt
470050,-5.9927,-1.0008,-6.8019,-7.0534,-0.0611,0.1221,40.39,On Belt
470100,-5.8921,-1.0846,-6.4739,-6.1374,2.4275,-0.5802,40.44,On Belt
470150,-6.4428,-0.7135,-6.4979,-8.6107,2.9618,-4.7023,40.58,On Belt
470200,-6.7924,-0.1173,-6.5386,-13.8626,1.1145,-8.7023,40.39,On Belt
470250,-6.5074,-0.4860,-6.4979,-21.0687,1.1908,-11.8626,40.39,On Belt
470300,-6.5434,-0.4453,-6.5625,-22.0305,3.0076,-11.6183,40.67,On Belt
470350,-6.6798,-0.4453,-6.6726,-19.4962,4.5344,-8.1832,40.39,On Belt
470400,-6.7684,-0.4836,-6.4428,-14.7939,2.8702,-6.2443,40.34,On Belt
470450,-6.7780,-0.3855,-6.3422,-10.4275,-0.1679,-4.0153,40.25,On Belt
470500,-6.4428,-0.6871,-6.4236,-4.9160,-0.1985,-3.2366,40.25,On Belt
470550,-6.6008,-0.5555,-6.4691,-0.9771,0.3969,-2.5191,40.39,On Belt
470600,-6.9384,-0.1532,-6.5601,-0.9313,-0.8855,-1.0229,40.44,On Belt
470650,-6.6200,-0.5148,-6.6655,-0.6718,-3.3893,1.4809,40.39,On Belt
470700,-6.3159,-0.5578,-6.5769,-0.5038,-2.4885,1.6183,40.53,On Belt
470750,-6.1962,-0.4693,-6.6607,1.5267,0.7023,2.1527,40.25,On Belt
470800,-6.3734,-0.4764,-6.8043,-0.3359,2.5344,1.3130,40.67,On Belt
470850,-6.3279,-0.4980,-6.6439,-3.3893,2.7634,-1.4351,40.67,On Belt
470900,-6.4907,-0.4357,-6.5673,-7.2061,1.1756,-4.8092,40.44,On Belt
470950,-6.3566,-0.6105,-6.7038,-7.4962,1.0382,-5.4809,40.53,On Belt
471000,-6.1794,-0.6967,-6.5074,-5.3740,0.7786,-5.6031,40.44,On Belt
471050,-6.4620,-0.3735,-6.6319,-2.7634,2.6565,-4.5496,40.34,On Belt
471100,-6.5769,-0.6416,-6.5793,-5.2214,0.9008,-2.4733,40.58,On Belt
471150,-6.3135,-0.7997,-6.7038,-3.0687,0.0916,-2.6260,40.58,On Belt
471200,-6.1363,-0.8619,-6.8522,0.8550,2.1527,1.2824,40.39,On Belt
471250,-6.4524,-0.5602,-6.7038,1.7405,3.0840,3.0534,40.39,On Belt
471300,-6.5003,-0.4932,-6.6702,-0.3969,-0.0458,2.0153,40.34,On Belt
471350,-6.0956,-0.6225,-6.8450,-0.2137,-0.9466,0.4122,40.44,On Belt
471400,-6.1028,-0.7207,-6.8761,-1.4809,2.7786,-2.0611,40.39,On Belt
471450,-6.4021,-0.4884,-6.5649,-5.6031,1.3130,-7.2824,40.44,On Belt
471500,-6.6750,-0.4525,-6.5194,-13.3282,-2.2748,-15.4962,40.39,On Belt
471550,-6.5146,-0.5028,-6.5266,-19.3435,-5.8168,-18.5344,40.44,On Belt
471600,-6.3351,-1.1229,-6.7445,-18.9313,-6.4580,-21.5878,40.44,On Belt
471650,-6.2608,-0.9481,-6.5912,-15.0382,-5.9084,-18.6718,40.53,On Belt
471700,-6.4476,-0.6943,-6.5457,-10.5496,-4.7023,-15.4198,40.58,On Belt
471750,-6.7660,-0.6321,-6.4165,-12.7328,-3.7710,-16.3053,40.58,On Belt
471800,-7.0006,-0.5890,-6.2297,-15.1908,-8.3664,-18.0763,40.25,On Belt
471850,-6.5505,-0.9481,-6.3087,-16.9160,-10.2901,-17.2977,40.34,On Belt
471900,-6.3638,-1.3168,-6.3015,-10.2748,-7.2366,-15.8321,40.53,On Belt
471950,-6.5888,-0.9720,-5.9544,-8.2748,-6.8550,-14.0305,40.39,On Belt
472000,-6.9695,-0.8116,-6.2991,-8.9160,-9.9237,-13.9847,40.34,On Belt
472050,-6.4093,-1.0415,-6.6679,-5.7252,-5.8626,-6.0763,40.44,On Belt
472100,-6.4212,-1.3240,-6.6487,1.0687,1.6641,1.0687,40.34,On Belt
472150,-6.4931,-1.3431,-6.6702,6.6565,3.6183,5.5420,40.67,On Belt
472200,-6.4907,-1.1779,-6.4380,9.6947,3.0687,6.8244,40.67,On Belt
472250,-6.4548,-0.9074,-6.4859,6.3359,2.5038,4.5954,40.15,On Belt
472300,-6.4404,-0.8835,-6.5122,-2.0000,4.1527,-0.9618,40.06,On Belt
472350,-6.7109,-0.9266,-6.3398,-10.7023,3.8015,-5.2519,40.34,On Belt
472400,-6.4356,-1.3384,-6.3518,-11.8168,1.5573,-6.8092,40.44,On Belt
472450,-6.3303,-1.4102,-6.2776,-8.5649,2.5496,-5.8015,40.44,On Belt
472500,-6.5912,-1.3120,-6.4260,-4.1527,4.2595,-0.7939,40.39,On Belt
472550,-6.5194,-1.3336,-6.3470,2.2595,3.4504,3.9542,40.67,On Belt
472600,-6.5481,-1.4245,-6.3398,7.9847,1.9237,8.5038,40.44,On Belt
472650,-6.3446,-1.1708,-6.5386,12.5802,1.4962,13.1756,40.34,On Belt
472700,-6.3470,-1.2019,-6.8331,17.2519,2.2901,16.0153,40.58,On Belt
472750,-6.4428,-0.8811,-6.7109,11.5420,4.8244,14.0763,40.34,On Belt
472800,-6.3877,-0.8691,-6.4308,4.1527,1.7405,5.7710,40.44,On Belt
472850,-6.1579,-1.1325,-6.5553,-2.0916,1.0840,-0.4427,40.44,On Belt
472900,-6.3590,-1.0175,-6.5410,-4.3206,0.1527,-5.4809,40.44,On Belt
472950,-6.9528,-0.7829,-6.6343,-13.4351,-1.8168,-10.2137,40.25,On Belt
473000,-6.3446,-0.9194,-6.3782,-17.2672,-1.3282,-10.7786,40.44,On Belt
473050,-6.4476,-1.3647,-6.4811,-14.8702,1.2977,-10.6870,40.44,On Belt
473100,-6.7014,-1.2929,-6.3039,-9.7099,0.8702,-6.3511,40.58,On Belt
473150,-6.6607,-1.2019,-6.2297,-4.5802,-0.1985,-2.7328,40.34,On Belt
473200,-6.6631,-1.2019,-6.2297,-0.4275,-0.5649,0.9313,40.39,On Belt
473250,-6.4883,-1.2426,-6.4500,4.0458,-0.4122,3.9695,40.06,On Belt
473300,-6.4667,-1.2594,-6.5434,7.4656,2.2290,7.4656,40.53,On Belt
473350,-6.7014,-0.9074,-6.5122,6.0305,0.7786,8.3969,40.39,On Belt
473400,-6.3303,-1.0391,-6.6176,1.3893,1.8931,6.5496,40.44,On Belt
473450,-6.3255,-1.0271,-6.4907,-1.8015,2.7634,1.0382,40.25,On Belt
473500,-6.5122,-1.0534,-6.5266,-4.7328,3.8321,-1.7099,40.72,On Belt
473550,-6.4620,-1.0654,-6.4476,-5.6947,1.7710,-2.7939,40.39,On Belt
473600,-6.5098,-1.1492,-6.5362,-4.3511,3.4656,0.1985,40.58,On Belt
473650,-6.6774,-1.1109,-6.5649,-3.1145,3.4351,4.2137,40.44,On Belt
473700,-6.8594,-1.2498,-6.7852,-0.0458,-0.3053,11.2061,40.39,On Belt
473750,-6.0549,-1.1109,-6.4979,6.1221,1.7099,12.1374,40.53,On Belt
473800,-6.1842,-1.2617,-6.6774,9.2519,10.4885,16.0763,40.44,On Belt
473850,-6.1148,-1.0654,-6.1818,14.6412,14.3206,17.4656,40.67,On Belt
473900,-6.9887,-0.9960,-7.3526,9.5725,24.5191,15.7710,40.58,On Belt
473950,-6.8450,-0.3496,-7.8266,-9.1908,56.5954,21.7557,40.67,On Belt
474000,-7.0485,-1.4892,-8.3677,5.1603,71.7252,38.4733,40.25,On Belt
474050,-5.4420,-1.0487,-6.5769,11.4962,77.7405,66.2137,40.44,On Belt
474100,-4.5610,-1.8555,-5.4995,48.8550,54.0305,91.0840,40.39,On Belt
474150,-4.3239,-1.0247,-6.4236,90.8244,-3.1145,127.8015,40.67,On Belt
474200,-4.7597,1.8172,-8.6981,87.2519,-2.3206,121.1908,40.25,On Belt
474250,-7.0844,0.0239,-9.4092,3.7405,-20.5802,65.9542,40.67,On Belt
474300,-6.1579,-3.1915,-9.1195,-27.5267,-27.6031,-17.6336,40.39,On Belt
474350,-2.8108,-1.2258,-5.7078,-26.8855,-31.7557,-41.9542,40.39,On Belt
474400,-1.7693,2.5355,-6.9480,-12.5344,-24.0763,-3.0076,40.67,On Belt
474450,-3.9073,-0.8332,-6.6918,23.9542,-6.5954,21.4962,40.53,On Belt
474500,-6.4236,-1.7119,-7.1922,11.9847,-0.9618,0.6870,40.34,On Belt
474550,-6.0765,3.1244,-9.6534,8.1985,-4.5954,-0.7634,40.44,On Belt
474600,-6.1004,-0.6919,-7.7692,-17.6794,2.0153,0.9771,40.39,On Belt
474650,-4.9273,-0.9649,-6.6511,-19.4504,-2.9466,-18.6870,40.34,On Belt
474700,-6.3039,0.2729,-7.8889,-27.5573,0.2290,-21.8321,40.53,On Belt
474750,-5.5234,-0.5363,-6.9671,-25.6336,1.8931,-18.8092,40.39,On Belt
474800,-5.7844,-0.4070,-6.9480,-14.7481,5.7405,-10.5649,40.72,On Belt
474850,-6.0142,-0.4381,-6.9576,1.7557,3.0076,3.5267,40.44,On Belt
474900,-5.7030,-0.7374,-7.0198,14.9771,4.2901,11.3588,40.44,On Belt
474950,-5.8179,-0.2801,-7.2018,21.5267,6.5954,20.0458,40.25,On Belt
475000,-5.5881,-0.4286,-7.5776,29.7863,5.5573,29.8473,40.34,On Belt
475050,-5.5474,-0.4381,-7.6471,33.9695,6.7939,38.4885,40.67,On Belt
475100,-5.6120,-0.4645,-7.6112,29.6641,8.4885,35.4351,40.34,On Belt
475150,-5.4037,-0.3879,-7.4579,12.1985,8.3053,17.5573,40.53,On Belt
475200,-5.4253,-0.7087,-7.6591,-4.4275,-0.6565,2.9771,40.58,On Belt
475250,-5.0039,-0.2179,-7.1826,-10.5038,-6.7481,-3.6794,40.44,On Belt
475300,-5.4731,-0.5602,-7.3765,-11.1756,-7.0687,-6.3969,40.34,On Belt
475350,-5.3750,-0.5052,-7.2688,-5.9389,-4.3206,-1.7557,40.25,On Belt
475400,-5.2505,-0.8715,-7.5513,6.5038,-0.5649,8.7023,40.39,On Belt
475450,-5.6336,-0.6273,-7.4340,12.5038,-1.6183,13.6336,40.44,On Belt
475500,-5.2984,-0.6512,-7.5920,8.7328,-5.2672,8.8397,40.53,On Belt
475550,-5.1547,-0.7183,-7.7620,0.5649,-4.5496,1.1145,40.34,On Belt
475600,-5.1116,-0.6488,-7.7333,-8.0153,-2.4885,-7.0076,40.44,On Belt
475650,-5.5474,-0.7949,-7.2329,-14.7786,-0.5038,-15.9084,40.44,On Belt
475700,-5.7628,-0.6488,-7.2472,-14.0000,1.7252,-13.5115,40.72,On Belt
475750,-5.8035,-0.8835,-7.1587,-7.6489,0.4275,-6.5802,40.34,On Belt
475800,-5.7413,-0.7111,-7.1563,2.0458,-0.7634,2.2748,40.44,On Belt
475850,-5.7174,-0.6512,-7.2018,6.9008,0.7634,8.1069,40.34,On Belt
475900,-5.6910,-0.4884,-7.2281,6.1527,1.3740,6.5038,40.39,On Belt
475950,-5.7150,-0.4070,-7.5346,-0.1679,0.7786,0.8855,40.25,On Belt
476000,-5.4660,-0.6919,-7.4843,-5.6641,3.1908,-4.1069,40.39,On Belt
476050,-5.4612,-0.5890,-7.4699,-6.1527,5.4198,-5.0992,40.58,On Belt
476100,-5.5522,-0.6847,-7.2999,-4.2748,7.1298,-2.0458,40.67,On Belt
476150,-5.5450,-0.6800,-7.2664,0.0458,7.1756,0.5344,40.25,On Belt
476200,-5.4109,-0.5650,-7.2951,1.8321,7.2214,1.7099,40.34,On Belt
476250,-5.5857,-0.5243,-7.4364,1.4046,6.3359,0.6260,40.53,On Belt
476300,-5.5115,-0.6416,-7.2951,-3.4046,2.1374,-3.5725,40.53,On Belt
476350,-5.5809,-0.3687,-7.6878,-5.1145,-0.2290,-3.8473,40.25,On Belt
476400,-5.7628,-0.6177,-7.1467,-8.2901,-3.2214,-3.2366,40.53,On Belt
476450,-5.6144,-0.9361,-7.0629,-5.9847,-6.4885,-5.2061,40.25,On Belt
476500,-5.5737,-0.9936,-7.4101,-1.5115,-3.8626,0.0305,40.25,On Belt
476550,-5.2984,-0.6488,-7.5106,6.8397,2.6412,10.0000,40.39,On Belt
476600,-5.5545,-0.6345,-7.4723,9.9237,3.6641,13.3740,40.58,On Belt
476650,-5.2265,-0.5674,-7.6064,4.9618,-0.3817,7.1450,40.53,On Belt
476700,-5.1044,-0.5363,-7.7357,-3.0229,-2.2595,-1.0382,40.44,On Belt
476750,-5.1380,-0.4741,-7.6543,-9.8015,-3.0076,-8.7786,40.67,On Belt
476800,-5.4253,-0.7350,-7.5992,-15.6641,-4.5344,-15.7710,40.25,On Belt
476850,-5.4324,-0.4046,-7.5226,-16.1374,-4.3053,-14.4580,40.34,On Belt
476900,-5.4971,-0.7685,-7.3957,-13.4809,-1.6183,-11.6794,40.53,On Belt
476950,-5.3989,-0.6105,-7.4101,-10.4275,-0.9771,-10.2137,40.39,On Belt
477000,-5.5354,-0.6919,-7.3837,-9.8931,0.8397,-9.9084,40.34,On Belt
477050,-5.5929,-0.5746,-7.2592,-11.6489,0.4580,-12.2595,40.67,On Belt
477100,-5.7628,-0.3759,-7.3430,-15.5725,-1.5725,-14.3359,40.39,On Belt
477150,-5.4013,-0.5794,-7.2832,-18.5344,-1.2061,-16.8550,40.53,On Belt
477200,-6.0501,-0.3998,-7.0509,-18.9008,2.5191,-16.7786,40.53,On Belt
477250,-6.1483,-0.6656,-6.8450,-19.2977,-2.6412,-17.7405,40.44,On Belt
477300,-5.8371,-0.6895,-7.2449,-13.1145,-0.6260,-11.4809,40.34,On Belt
477350,-5.8849,-0.5435,-6.9432,-3.3893,2.7634,2.5038,40.58,On Belt
477400,-5.9113,-0.9481,-7.1227,8.1221,1.4809,10.0763,40.44,On Belt
477450,-5.6958,-0.4669,-7.2472,14.7328,1.9542,18.8702,40.25,On Belt
477500,-5.4731,-0.5698,-7.4124,17.4198,4.2595,21.8015,40.67,On Belt
477550,-5.5402,-0.4214,-7.5465,12.6565,2.9771,16.1527,40.91,On Belt
477600,-5.2696,-0.4477,-7.6207,1.4809,0.1679,5.6031,40.53,On Belt
477650,-5.2026,-0.5914,-7.6279,-4.8092,2.6565,-1.6489,40.25,On Belt
477700,-5.4923,-0.5507,-7.2712,-5.7863,2.5802,-4.0763,40.25,On Belt
477750,-5.6120,-0.7422,-7.2975,-1.2824,3.4962,0.9160,40.15,On Belt
477800,-5.5857,-0.4932,-7.3502,5.1603,3.3282,7.3740,40.44,On Belt
477850,-5.5593,-0.5866,-7.3861,8.9771,4.0305,11.1145,40.44,On Belt
477900,-5.4181,-0.4501,-7.5274,7.1908,3.5115,10.9466,40.25,On Belt
477950,-5.1763,-0.5962,-7.5058,4.5649,3.7863,6.5496,40.39,On Belt
478000,-5.4037,-0.4429,-7.6423,1.0229,2.4427,3.5420,40.58,On Belt
478050,-5.3271,-0.6416,-7.4771,-0.7481,1.6336,2.1069,40.72,On Belt
478100,-5.3391,-0.5914,-7.5417,0.8855,1.4046,3.6489,40.67,On Belt
478150,-5.3295,-0.6943,-7.5010,1.9084,2.1374,5.1908,40.34,On Belt
478200,-5.3510,-0.5555,-7.5585,1.7405,2.7023,4.6565,40.39,On Belt
478250,-5.3032,-0.5866,-7.5872,-0.4885,2.3511,3.6183,40.06,On Belt
478300,-5.1499,-0.8499,-7.4915,-0.9313,1.4351,1.0229,40.53,On Belt
478350,-5.2289,-0.6321,-7.5537,0.1832,2.5038,1.0229,40.53,On Belt
478400,-5.3151,-0.6009,-7.5872,1.2672,3.1145,2.9924,40.72,On Belt
478450,-5.3151,-0.5746,-7.6231,1.7557,2.9008,3.8168,40.58,On Belt
478500,-5.3199,-0.5890,-7.3957,-0.2137,1.5267,2.3511,40.44,On Belt
478550,-5.2289,-0.6632,-7.6255,-0.4580,-0.0458,1.6489,40.15,On Belt
478600,-5.3247,-0.6776,-7.5585,-2.0916,-0.5649,0.1374,40.39,On Belt
478650,-5.2313,-0.6728,-7.5417,-1.9847,0.0611,-0.3206,40.25,On Belt
478700,-5.3151,-0.6249,-7.5609,-0.5038,0.3664,1.0076,40.53,On Belt
478750,-5.3175,-0.6033,-7.4843,-0.7481,0.8855,1.5725,40.34,On Belt
478800,-5.2984,-0.6488,-7.6567,-1.2519,0.6870,0.3053,40.44,On Belt
478850,-5.3151,-0.6416,-7.5369,-3.4504,-0.5802,-0.9313,40.25,On Belt
478900,-5.2505,-0.8164,-7.4891,-3.1298,-0.3664,-2.0458,40.72,On Belt
478950,-5.3486,-0.6129,-7.5250,-2.2137,0.8550,-0.6870,40.67,On Belt
479000,-5.3822,-0.7398,-7.5633,-1.9084,0.7634,0.0611,40.34,On Belt
479050,-5.3175,-0.6632,-7.5106,-2.9160,-0.7023,-1.2824,40.53,On Belt
479100,-5.3415,-0.6632,-7.5322,-3.9084,-0.4885,-1.0076,40.58,On Belt
479150,-5.3702,-0.8595,-7.4771,-2.3969,-0.4122,-0.7328,40.34,On Belt
479200,-5.4300,-0.5052,-7.4915,-1.2061,0.3664,1.2672,40.25,On Belt
479250,-5.2792,-0.8523,-7.4484,-1.7710,0.3664,0.9008,40.67,On Belt
479300,-5.3223,-0.6393,-7.4508,-1.0992,0.3053,0.7939,40.44,On Belt
479350,-5.3271,-0.7661,-7.4747,-0.3817,1.4809,1.0076,40.25,On Belt
479400,-5.3008,-0.7542,-7.5848,-0.7634,1.8321,0.3511,40.53,On Belt
479450,-5.2792,-0.6847,-7.5250,-1.0229,1.7710,1.3893,40.58,On Belt
479500,-5.2194,-0.8787,-7.4436,-0.7786,1.1450,-0.2901,40.53,On Belt
479550,-5.3271,-0.8404,-7.4819,-2.1832,-0.5954,-1.7710,40.86,On Belt
479600,-5.4564,-0.9697,-7.2856,-4.2443,1.6947,-3.0076,40.53,On Belt
479650,-6.1004,-1.3240,-7.2544,-9.0076,0.5649,-5.0229,40.77,On Belt
479700,-5.3175,-1.3264,-7.3574,-8.1679,5.8779,3.3588,40.34,On Belt
479750,-5.8131,-1.6400,-6.7516,3.6794,13.2214,14.1069,40.15,On Belt
479800,-5.7557,-1.4245,-6.6200,12.9313,6.7786,25.7710,40.39,On Belt
479850,-5.7174,-2.0231,-7.5226,30.0305,11.3282,47.9542,40.25,On Belt
479900,-5.9400,-1.5826,-7.1299,49.6183,16.6718,61.1756,40.53,On Belt
479950,-5.0087,-1.3503,-6.9815,56.1832,16.9771,72.2901,40.44,On Belt
480000,-5.0254,-0.7422,-7.6734,56.6107,17.8168,77.0992,40.44,On Belt
480050,-5.0470,-0.3376,-8.6598,51.5267,24.0305,77.4657,40.44,On Belt
480100,-5.0039,-1.2785,-7.0437,41.7557,14.6718,68.3053,40.34,On Belt
480150,-4.7884,-1.5371,-7.5848,37.4351,-0.8244,51.8931,40.44,On Belt
480200,-4.0701,-0.3065,-8.6383,42.4122,-0.0458,49.5725,40.39,On Belt
480250,-4.4053,-0.2873,-8.1259,45.7099,2.7328,53.2214,40.53,On Belt
480300,-4.4604,-0.6440,-7.3454,34.9313,-6.3206,40.4580,40.44,On Belt
480350,-4.9440,-1.2163,-8.1092,25.2977,-20.1832,28.3053,40.72,On Belt
480400,-4.5203,-0.7063,-8.8514,29.1298,-23.6947,24.1374,40.44,On Belt
480450,-4.1587,-0.6943,-8.1618,23.8931,-15.2672,27.4198,40.44,On Belt
480500,-4.5777,-1.4844,-8.4874,24.7023,-5.3740,20.7939,40.58,On Belt
480550,-5.0661,-1.2737,-8.6000,25.3588,6.0458,12.8702,40.39,On Belt
480600,-5.5761,-0.7087,-8.2600,11.7405,13.1145,0.8702,40.67,On Belt
480650,-6.3231,-0.1796,-7.8051,-5.1298,0.9924,-6.3817,40.53,On Belt
480700,-5.4157,-0.9840,-7.9535,-15.9695,-1.6031,0.0763,40.39,On Belt
480750,-5.0733,-1.8842,-7.4029,1.3893,-3.6641,3.8473,40.44,On Belt
480800,-4.9823,-1.8818,-7.0413,6.7939,-0.2137,7.6641,40.44,On Belt
480850,-5.1404,-1.5060,-6.9911,9.6641,-5.2214,9.5115,40.39,On Belt
480900,-5.2792,-1.8387,-7.8123,6.3053,-10.1221,6.7634,40.44,On Belt
480950,-4.6902,-1.6712,-7.3933,0.4122,-8.4885,0.8397,40.53,On Belt
481000,-4.9201,-2.3367,-7.1922,-13.3740,-1.7405,-9.6794,40.25,On Belt
481050,-4.3048,-3.0598,-6.4763,-15.6336,8.5954,-18.0916,40.44,On Belt
481100,-4.4604,-3.4285,-6.2465,-6.4122,16.6565,-18.6718,40.67,On Belt
481150,-6.5314,-3.9911,-7.2018,8.7481,15.6183,-30.5496,40.58,On Belt
481200,-8.7867,1.4509,-7.0150,-12.6107,-1.9389,-19.3282,40.53,On Belt
481250,-6.6272,-1.7669,-6.7636,-34.9160,-16.1069,-9.4962,40.58,On Belt
481300,-4.8722,-3.4069,-6.5098,-27.9389,-5.2519,-15.6336,40.44,On Belt
481350,-5.5474,-4.1013,-7.0270,-18.3053,-2.6718,-16.7328,40.44,On Belt
481400,-6.1220,-2.1739,-6.7181,-0.1374,-6.4580,-5.0840,40.20,On Belt
481450,-6.2632,-1.6328,-6.6224,10.7939,-2.1374,8.7634,40.67,On Belt
481500,-6.1339,-2.3248,-6.5027,7.3588,3.2061,11.5573,40.44,On Belt
481550,-5.9376,-2.9521,-6.6702,13.9847,-4.2748,12.3664,40.39,On Belt
481600,-4.7262,-2.8611,-6.7253,18.8702,2.0305,18.2290,40.34,On Belt
481650,-5.9783,-3.9025,-7.4651,19.9542,10.6565,13.0687,40.58,On Belt
481700,-5.8131,-2.3870,-6.7014,18.8855,5.3435,11.4198,40.58,On Belt
481750,-6.1052,-1.7717,-6.8809,1.4046,5.4962,1.2366,40.53,On Belt
481800,-5.4971,-1.9537,-6.8905,-4.7176,11.6336,13.9389,40.53,On Belt
481850,-5.7413,-3.3399,-6.4763,14.6260,5.0382,17.1450,40.53,On Belt
481900,-6.3758,-1.8771,-7.1802,16.7023,0.3359,18.8397,40.39,On Belt
481950,-6.3973,-0.2873,-7.3981,14.2137,3.8779,32.5649,40.39,On Belt
482000,-5.6431,-1.7837,-7.4771,11.8473,3.5573,41.1603,40.77,On Belt
482050,-4.7669,-1.7980,-7.4196,8.8244,18.8397,32.4275,40.44,On Belt
482100,-4.3359,-1.6520,-7.2832,7.3588,32.6412,14.7176,40.53,On Belt
482150,-4.2641,-0.7829,-7.9248,11.9847,57.8015,31.1450,40.72,On Belt
482200,-5.6048,-1.0942,-6.9911,24.3817,72.7481,53.6183,40.44,On Belt
482250,-6.0166,-2.2769,-7.2520,51.2824,49.4351,73.6947,40.44,On Belt
482300,-5.4013,-1.3671,-7.2760,78.3664,20.6107,85.8168,40.53,On Belt
482350,-5.6048,-0.6632,-7.2808,60.5038,-11.9695,85.7252,40.72,On Belt
482400,-5.1739,-1.0391,-7.1850,26.9160,-47.4198,74.0763,40.34,On Belt
482450,-4.5610,-2.7102,-7.8003,-0.9771,-52.5954,46.4122,40.58,On Belt
482500,-3.5961,-3.6775,-8.6526,10.0458,-36.2748,25.4656,40.34,On Belt
482550,-3.1220,-1.6879,-8.5832,40.0153,8.0153,39.3893,40.44,On Belt
482600,-6.0310,-1.9561,-7.8506,53.2061,6.7634,45.2061,40.39,On Belt
482650,-5.2984,-1.6065,-7.4268,45.0687,-7.3130,32.5496,40.67,On Belt
482700,-4.8507,-1.6712,-7.3741,20.9160,-27.0992,10.8397,40.58,On Belt
482750,-4.5418,-2.2146,-7.3646,4.9313,-51.9237,1.5115,40.44,On Belt
482800,-6.1890,-3.3351,-9.3398,11.7710,-59.6489,-14.8550,40.58,On Belt
482850,-6.0885,-0.0551,-11.1354,1.5725,-7.1908,-16.5496,40.25,On Belt
482900,-7.6016,0.7278,-5.5115,-52.1069,13.7405,-21.5573,40.39,On Belt
482950,-4.3622,-2.5426,-4.4652,-67.0687,3.4656,-27.5573,40.39,On Belt
483000,-5.1092,-4.5418,-7.0174,-69.1450,30.0611,-45.0840,40.39,On Belt
483050,-6.2225,-2.3463,-6.1579,-68.4885,65.5267,-66.4427,40.39,On Belt
483100,-8.9160,-1.7190,-6.9408,-64.0763,53.7710,-8.5496,40.77,On Belt
483150,-6.5529,-3.1819,-6.1100,-25.1603,51.5878,-5.8626,40.39,On Belt
483200,-4.8530,-2.9257,-5.3391,-33.8168,54.3359,12.2595,40.44,On Belt
483250,-6.3853,-4.6878,-7.0485,-18.9618,59.0992,8.8092,40.25,On Belt
483300,-7.1491,-0.6800,-6.1842,14.7634,34.8397,50.9008,40.44,On Belt
483350,-6.6008,-2.8635,-6.5673,68.5343,20.6565,82.0916,40.53,On Belt
483400,-5.6431,-3.2394,-6.4260,94.3969,2.8244,105.3588,40.72,On Belt
483450,-5.1954,-3.9983,-7.0916,119.4962,-10.6870,126.0305,40.25,On Belt
483500,-5.0805,-3.8930,-7.9009,135.1145,-14.6718,138.3053,40.72,On Belt
483550,-4.3144,-1.5347,-8.6263,144.7481,-0.9008,166.9924,40.72,On Belt
483600,-5.7317,-1.7741,-7.6662,113.5725,10.3664,157.6031,40.44,On Belt
483650,-6.0885,-2.0375,-6.8785,55.7405,-15.6183,140.6718,40.39,On Belt
483700,-6.2297,-3.7397,-7.2496,29.2824,-34.7786,102.2443,40.25,On Belt
483750,-5.3510,-3.8092,-7.0533,11.3740,-34.0611,72.1069,40.67,On Belt
483800,-5.2672,-4.5873,-7.0246,16.4580,-32.5038,42.7023,40.44,On Belt
483850,-4.8530,-3.8307,-6.6631,26.8550,-27.0992,21.7557,40.58,On Belt
483900,-4.4652,-1.2067,-6.9168,19.5114,-13.3893,10.5038,40.67,On Belt
483950,-6.6822,0.1915,-6.7995,22.9008,12.8397,52.7023,40.44,On Belt
484000,-6.6750,-3.7996,-7.8123,21.6336,35.8626,29.9389,40.58,On Belt
484050,-6.3853,-0.3328,-6.8139,35.4046,48.6718,14.3664,40.39,On Belt
484100,-7.3287,1.3360,-7.4364,19.9542,65.2824,33.9542,40.58,On Belt
484150,-6.1028,0.0718,-6.1531,31.5573,69.3740,47.9389,40.39,On Belt
484200,-5.4731,-0.4334,-5.0350,37.1298,59.7099,63.7710,40.39,On Belt
484250,-4.6232,-1.4916,-8.3486,57.9847,70.7328,80.3817,40.39,On Belt
484300,-5.6407,-1.8842,-8.8370,99.4351,106.7328,100.4733,40.39,On Belt
484350,-6.2153,-1.4437,-7.3406,132.0153,95.1145,101.9389,40.58,On Belt
484400,-5.8514,-0.1772,-6.8522,122.1527,39.1298,102.9008,40.34,On Belt
484450,-5.2648,1.0654,-7.0102,63.5267,-23.7863,79.1145,40.44,On Belt
484500,-5.0877,-0.9720,-8.1068,-6.8244,-53.3435,37.2977,40.58,On Belt
484550,-4.8530,-2.9999,-8.0804,-31.7405,-52.1069,-7.3893,40.20,On Belt
484600,-5.0613,-3.8595,-6.4476,-34.3511,-55.9389,-23.8321,40.53,On Belt
484650,-5.2218,-4.5322,-7.8793,1.4198,-71.2061,-15.2519,40.39,On Belt
484700,-4.4149,-3.2202,-8.1163,62.4733,-64.7023,42.2443,40.58,On Belt
484750,-5.0374,-3.5123,-6.8187,87.5115,-52.2443,58.7481,40.39,On Belt
484800,-5.2864,-3.1843,-6.9192,77.8626,-63.3130,63.5573,40.39,On Belt
484850,-5.8993,-3.4165,-8.0038,65.8168,-70.4122,46.6565,40.25,On Belt
484900,-5.3079,-3.1220,-7.0342,48.2443,-70.2901,19.4962,40.53,On Belt
484950,-7.5417,-4.6088,-9.6343,21.5420,-54.0153,-21.5725,40.53,On Belt
485000,-17.8847,12.0165,-3.3878,-27.2214,-52.1527,27.9695,40.53,On Belt
485050,-5.0805,-0.6416,-4.8028,-98.6718,-17.9542,5.9084,40.44,On Belt
485100,-2.7629,-2.5115,-4.2760,-121.7099,11.0992,3.4351,40.67,On Belt
485150,-4.0534,-4.9105,-5.8323,-109.7863,48.4275,-36.4122,40.53,On Belt
485200,-3.9337,-3.9121,-5.1499,-106.0458,80.1527,-71.6183,40.58,On Belt
485250,-5.3678,-5.2194,-7.2951,-111.6794,102.7176,-89.1603,40.53,On Belt
485300,-8.0110,-7.1682,-10.2927,-108.5496,129.5114,-117.0687,40.72,On Belt
485350,-9.1387,0.9625,-6.3734,-119.2061,126.0000,-100.2290,40.67,On Belt
485400,-9.1004,-4.0318,-7.7381,-115.4809,123.1908,-87.1298,40.72,On Belt
485450,-6.6367,-3.2968,-5.7700,-83.7099,81.5267,-60.8702,40.72,On Belt
485500,-7.3263,-3.0694,-4.9560,-45.7099,30.7786,-23.7099,40.25,On Belt
485550,-8.2983,-2.7557,-6.0166,21.8931,-18.2748,42.2137,40.44,On Belt
485600,-4.4532,-3.4405,-6.6224,77.6489,-40.8855,97.5725,40.67,On Belt
485650,-4.4245,-2.9928,-6.9456,109.4657,-59.5725,133.2061,40.67,On Belt
485700,-5.3391,-3.7972,-8.2480,137.9695,-77.3282,163.3740,40.39,On Belt
485750,-5.5210,-3.8858,-7.9344,144.2595,-86.2748,188.6718,40.67,On Belt
485800,-4.9799,-4.4029,-7.4364,139.6641,-83.2977,201.6641,40.39,On Belt
485850,-5.5162,-4.9991,-8.4204,132.6718,-59.3435,192.6565,40.39,On Belt
485900,-5.9855,-5.4731,-9.0285,127.1450,-14.9008,144.1527,40.67,On Belt
485950,-5.0661,-4.2689,-7.9727,140.1832,4.6565,97.5420,40.67,On Belt
486000,-2.3032,-0.6345,-5.4229,125.7863,26.6412,37.5573,40.44,On Belt
486050,-2.5283,0.2346,-5.7293,83.3740,53.5725,-25.0229,40.58,On Belt
486100,-7.2975,-2.1811,-9.6534,47.5878,39.9237,-83.0382,40.44,On Belt
486150,-8.9447,-1.0247,-9.3494,-16.3664,-0.6870,-150.3206,40.53,On Belt
486200,-4.7788,5.5115,-9.1028,-110.7176,-1.9847,-133.0840,40.39,On Belt
486250,-7.6686,-0.6440,-7.0677,-133.6336,25.3588,-86.0153,40.44,On Belt
486300,-5.3199,-4.2329,-6.2393,-113.0076,21.6794,-78.0153,40.39,On Belt
486350,-4.5370,-3.6440,-5.5785,-97.6641,16.0305,-73.9084,40.72,On Belt
486400,-5.2385,-5.2385,-6.6894,-74.5343,-1.7863,-60.4733,40.58,On Belt
486450,-5.3798,-5.0757,-6.7469,-27.8321,-22.3817,-57.5420,40.67,On Belt
486500,-4.6926,-4.2090,-5.7820,-1.8779,-36.1221,-48.8550,40.67,On Belt
486550,-4.7285,-2.2434,-6.6248,24.7176,-49.1603,-17.8015,40.77,On Belt
486600,-4.7740,-3.0406,-8.3606,61.9847,-34.6718,40.5191,40.34,On Belt
486650,-5.3439,-3.2202,-7.6040,77.2977,-20.5191,55.2977,40.39,On Belt
486700,-7.1658,-3.2441,-8.4898,57.4198,-26.9160,39.3435,40.34,On Belt
486750,-6.9767,-0.4262,-10.3980,1.4046,-10.6107,-15.6794,40.53,On Belt
486800,-6.8354,0.7733,-5.6000,-83.0534,1.1298,-22.5038,40.58,On Belt
486850,-4.7142,-3.1556,-5.3630,-91.0992,-8.7939,-32.7939,40.44,On Belt
486900,-4.7525,-3.7302,-5.5905,-52.9160,-17.8168,-39.8321,40.39,On Belt
486950,-5.6527,-2.3128,-6.5673,-72.0458,12.0763,-46.3511,40.53,On Belt
487000,-6.8043,-3.2010,-7.1323,-86.7176,46.5649,-61.2672,40.44,On Belt
487050,-6.4643,-4.2856,-6.5050,-59.0534,21.8779,-47.7252,40.67,On Belt
487100,-5.2984,-3.4189,-5.7964,-41.5420,6.2748,-39.6031,40.53,On Belt
487150,-5.7509,-3.0885,-6.3710,-38.8550,16.3511,-45.0687,40.72,On Belt
487200,-7.8985,-0.9385,-5.5809,-41.3282,-7.4351,-32.5954,40.67,On Belt
487250,-6.7038,-2.4900,-6.4189,-37.1603,-42.0000,-27.2672,40.72,On Belt
487300,-5.0901,-2.7773,-6.9839,-31.3893,-52.8092,-6.0000,40.20,On Belt
487350,-4.5969,-2.4780,-7.7668,-10.9313,-38.8550,21.2824,40.25,On Belt
487400,-5.3606,-3.5721,-7.6303,8.6260,-25.4809,51.9695,40.53,On Belt
487450,-4.4077,-3.3686,-5.9807,35.8015,-23.0534,51.5267,40.39,On Belt
487500,-5.3846,-1.8842,-9.1435,38.5038,0.1069,69.7405,40.34,On Belt
487550,-7.3310,0.7733,-9.8162,65.1145,43.2977,114.1679,40.25,On Belt
487600,-4.2234,-0.7135,-7.3119,69.4657,71.4504,137.3130,40.44,On Belt
487650,-3.6105,-2.0949,-6.3542,107.3282,95.8168,137.6641,40.72,On Belt
487700,-3.9528,-3.3543,-6.4548,148.9618,102.6870,127.6031,40.67,On Belt
487750,-5.4755,-3.3160,-7.3167,196.1069,86.9924,81.2366,40.53,On Belt
487800,-6.5841,3.6272,-9.0525,151.8473,19.7252,61.3893,40.25,On Belt
487850,-6.8259,2.7845,-9.3972,30.6565,-72.1527,-1.3588,40.44,On Belt
487900,-4.2186,0.7470,-9.4858,-86.3969,-80.9618,-70.5954,40.39,On Belt
487950,-4.1444,-2.4325,-8.4779,-119.7557,-65.4962,-98.9618,40.39,On Belt
488000,-3.9289,-3.4117,-5.4923,-116.4733,-61.8321,-108.5343,40.67,On Belt
488050,-3.8571,-4.1420,-6.8809,-84.7939,-68.5191,-83.4809,40.58,On Belt
488100,-5.6240,-5.3798,-8.0972,-9.4809,-97.5878,-80.6260,40.34,On Belt
488150,-4.7573,-3.8235,-6.7947,1.9847,-91.5267,-67.7099,40.39,On Belt
488200,-4.7142,-2.0614,-8.6143,37.3282,-75.9084,-10.7481,40.34,On Belt
488250,-5.7413,-3.8211,-9.3374,105.6641,-16.0458,55.6794,40.39,On Belt
488300,-6.4500,-1.9010,-7.0605,76.9313,51.0840,72.0153,40.77,On Belt
488350,-9.4164,1.7406,-4.3096,47.2824,63.3893,30.7023,40.39,On Belt
488400,-7.0629,-0.2011,-4.3934,-27.6641,37.1298,28.4580,40.58,On Belt
488450,-5.8419,-3.5291,-5.9496,-56.4275,33.4504,-1.8321,40.39,On Belt
488500,-5.8873,-4.3790,-6.4835,-46.2595,30.3664,-33.5573,40.67,On Belt
488550,-6.1794,-1.1899,-5.4300,-60.7786,32.2595,-39.2824,40.34,On Belt
488600,-6.0861,-3.9361,-6.9360,-70.0153,40.1832,-47.1298,40.34,On Belt
488650,-6.0334,-4.6759,-7.2520,-63.9847,46.8550,-56.4427,40.67,On Belt
488700,-5.6024,-2.4541,-5.6743,-63.1603,50.4122,-54.7939,40.72,On Belt
488750,-6.7109,-3.0957,-6.6248,-50.3206,32.6565,-35.1908,40.34,On Belt
488800,-5.9951,-2.9688,-6.2201,-17.0687,9.0076,-21.4046,40.77,On Belt
488850,-6.0501,-3.3615,-6.7636,-6.4885,-2.3664,-7.0076,40.06,On Belt
488900,-5.9807,-1.6759,-7.0437,10.9160,-13.7099,14.0916,40.44,On Belt
488950,-5.0374,-2.6552,-7.4244,33.2214,-6.4885,52.8244,40.44,On Belt
489000,-4.6831,-3.5937,-6.8929,53.5878,-12.1527,72.7634,40.44,On Belt
489050,-5.1356,-2.5618,-7.5322,63.3588,-16.5344,81.4504,40.67,On Belt
489100,-5.2505,-2.1548,-7.1539,48.1679,-21.6031,80.7481,40.39,On Belt
489150,-5.6312,-2.7653,-6.3997,21.4809,-39.9695,68.9313,40.44,On Belt
489200,-5.8730,-3.5721,-7.0581,-4.1374,-48.1221,45.9237,40.53,On Belt
489250,-5.0853,-3.6320,-6.8115,-15.3435,-38.8855,13.5420,40.53,On Belt
489300,-4.9392,-4.0677,-6.7157,-14.0000,-27.0687,-11.0840,40.39,On Belt
489350,-2.6073,1.8028,-10.0078,1.4809,28.6565,34.0763,40.44,On Belt
489400,-7.4124,-1.0463,-6.7373,5.0229,53.9847,50.6718,40.34,On Belt
489450,-7.2089,-1.8292,-6.6607,9.7863,43.4962,35.1145,40.67,On Belt
489500,-7.4388,-0.1460,-7.8195,0.4275,38.1985,28.7634,40.67,On Belt
489550,-5.0733,-1.0367,-7.3382,8.7328,48.0458,38.8702,40.44,On Belt
489600,-4.3096,-1.6831,-7.0988,30.1069,67.5420,45.4656,40.34,On Belt
489650,-4.3527,-1.8340,-7.1922,54.6260,82.5954,51.6794,40.25,On Belt
489700,-4.9632,-2.3750,-7.5753,83.6336,86.5191,56.7481,40.44,On Belt
489750,-5.8826,-2.3655,-7.6136,109.8473,54.7786,55.0992,40.53,On Belt
489800,-6.1220,-1.0487,-7.7117,96.6107,-6.7328,47.4046,40.34,On Belt
489850,-6.0214,0.9002,-8.3773,27.4351,-62.7939,5.9542,40.39,On Belt
489900,-4.4532,0.0431,-9.2057,-55.7557,-83.9237,-38.9008,40.15,On Belt
489950,-3.2633,-1.6137,-8.6933,-87.8931,-71.0382,-71.4962,40.44,On Belt
490000,-4.3287,-3.7565,-7.3957,-91.8931,-58.6870,-94.9008,40.53,On Belt
490050,-4.7597,-4.0797,-6.4476,-86.5191,-64.0611,-95.2519,40.53,On Belt
490100,-5.4684,-5.1404,-8.0517,-39.8779,-75.0229,-98.8092,40.67,On Belt
490150,-3.8810,-0.9481,-8.7508,24.5191,-50.3664,-0.6107,40.39,On Belt
490200,-5.6312,-2.1452,-6.1339,24.0916,-18.3206,13.7099,40.34,On Belt
490250,-5.5115,-2.4469,-6.4021,11.6183,-33.5267,12.7328,40.77,On Belt
490300,-5.4708,-2.4014,-6.6702,-15.8168,-45.2366,-8.3359,40.67,On Belt
490350,-5.6168,-2.5187,-7.2592,-38.8397,-50.3664,-32.6260,40.44,On Belt
490400,-5.7676,-1.7669,-7.2808,-51.6489,-51.8626,-30.9313,40.39,On Belt
490450,-9.0860,-0.5794,-7.6854,-60.8550,-54.8550,0.8092,40.58,On Belt
490500,-8.0302,-1.9752,-7.2329,-65.7099,-37.1603,-11.1756,40.58,On Belt
490550,-5.3678,-2.3008,-5.4755,-88.1221,-14.5802,-30.6565,40.25,On Belt
490600,-4.5155,-3.0287,-5.1236,-94.0611,6.1832,-54.7176,40.44,On Belt
490650,-4.8243,-3.4285,-5.6048,-86.0763,23.9695,-74.2595,40.44,On Belt
490700,-5.4037,-3.1603,-6.1339,-91.1603,50.7023,-91.7710,40.39,On Belt
490750,-6.1531,-4.6735,-7.4651,-101.9847,75.3130,-108.3817,40.44,On Belt
490800,-6.0118,-5.0230,-7.2425,-102.5191,92.3206,-126.7176,40.53,On Belt
490850,-6.0908,-5.2960,-7.1922,-99.8626,90.4122,-129.3893,40.77,On Belt
490900,-6.4308,-5.2601,-7.1491,-86.3206,75.0382,-127.6641,40.20,On Belt
490950,-8.0996,-2.0087,-5.6383,-80.3969,39.4198,-118.4580,40.53,On Belt
491000,-9.0237,-1.3551,-6.9432,-107.1756,-24.2443,-109.2061,40.67,On Belt
491050,-4.7453,-2.4421,-7.1204,-40.1527,-42.7023,-42.3969,40.58,On Belt
491100,-4.0893,-3.7852,-7.1515,13.6489,-38.4122,18.2748,40.44,On Belt
491150,-4.5753,-3.9624,-7.9631,51.8931,-29.7252,51.3130,40.44,On Belt
491200,-3.9385,-1.4581,-9.5433,94.2901,-11.6183,113.8473,40.39,On Belt
491250,-4.5322,-2.4660,-7.6854,140.0305,5.5725,155.4657,40.39,On Belt
491300,-4.8243,-2.3798,-6.7133,139.0687,-2.6412,180.9771,40.39,On Belt
491350,-4.9273,-1.6927,-7.7692,126.3817,-8.4580,199.2366,40.53,On Belt
491400,-5.1451,-0.0096,-8.6526,92.0000,11.1603,170.5496,40.67,On Belt
491450,-5.5809,-1.8866,-7.6016,42.4580,11.1298,139.9237,40.39,On Belt
491500,-4.7477,-2.5881,-6.9384,18.3664,3.3282,97.4809,40.58,On Belt
491550,-4.4245,-3.1412,-6.8953,8.2290,6.5802,52.1985,40.67,On Belt
491600,-4.7692,-3.7326,-7.2544,9.4504,8.9618,6.8092,40.15,On Belt
491650,-5.1116,-3.3998,-6.6295,7.4504,6.3817,-34.3664,40.58,On Belt
491700,-5.6503,-2.3032,-6.8378,-5.8931,-9.9084,-73.4504,40.44,On Belt
491750,-3.6990,5.2529,-10.3070,-57.2519,-4.3511,-74.6107,40.53,On Belt
491800,-3.9648,-1.0295,-8.8083,-77.9847,40.0916,-56.9008,40.58,On Belt
491850,-4.5490,-3.0263,-7.3765,-61.1908,50.3053,-49.4504,40.34,On Belt
491900,-4.1156,-1.5155,-8.0804,-33.2977,54.3359,-23.2977,40.44,On Belt
491950,-4.2042,-1.9944,-8.5904,-0.7786,74.8550,10.5802,40.58,On Belt
492000,-5.2648,-3.9576,-8.2480,48.4427,78.0458,25.6489,40.53,On Belt
492050,-4.5538,-2.9688,-7.8362,93.4962,65.9389,40.3969,40.58,On Belt
492100,-5.0685,-2.1883,-8.2217,137.6488,27.1603,72.6870,40.39,On Belt
492150,-5.4564,2.0375,-8.2768,100.1985,-25.1450,63.3130,40.77,On Belt
492200,-4.0151,2.7126,-8.7676,-9.1298,-71.6489,23.5725,40.39,On Belt
492250,-3.5913,-1.4581,-9.5409,-69.0076,-71.9389,-4.5191,40.39,On Belt
492300,-4.2138,-3.5314,-7.4196,-69.4657,-61.1450,-10.6870,40.72,On Belt
492350,-4.0127,-3.9816,-6.5793,-65.4657,-56.5344,3.2824,40.44,On Belt
492400,-5.2960,-6.1603,-7.9440,-18.7634,-78.5038,21.8779,40.34,On Belt
492450,-4.4101,-4.7740,-7.3310,33.8931,-92.9618,37.8779,40.72,On Belt
492500,-4.1779,-3.3830,-7.8027,32.6412,-71.3588,27.4656,40.67,On Belt
492550,-4.3551,-1.5850,-8.6119,10.2137,-60.4885,3.4809,40.39,On Belt
492600,-4.1084,-1.0918,-8.7556,-43.3282,-48.5954,-16.9924,40.44,On Belt
492650,-5.9089,-3.2561,-9.8904,-76.8092,-23.5114,-61.5878,40.44,On Belt
492700,-7.8721,-4.5514,-8.8969,-104.5954,0.3664,-139.3893,40.67,On Belt
492750,-5.3271,-1.9968,-5.2768,-155.6183,15.4046,-209.5573,40.53,On Belt
492800,-7.9990,9.8904,-5.5210,-264.0611,1.7252,-125.6947,40.58,On Belt
492850,-5.7509,-5.5306,-6.4332,-171.5114,-1.0687,-186.1069,40.58,On Belt
492900,-4.5274,-1.1516,-5.6383,-219.8473,-26.1985,-134.5191,40.39,On Belt
492950,-7.9464,-8.5234,-11.5592,-216.2748,-21.9084,-151.5420,40.39,On Belt
493000,-4.9799,-4.1013,-6.9073,-184.1527,3.8015,-187.4809,40.58,On Belt
493050,-6.5936,2.5594,-2.4732,-169.3893,-21.0992,-114.1527,40.20,On Belt
493100,-7.0749,-5.3151,-5.4061,-30.2595,-12.6107,-31.6183,40.67,On Belt
493150,-6.1459,-4.2569,-5.2241,-0.5038,-8.4122,-11.9695,40.72,On Belt
493200,-6.0908,-4.7501,-7.2760,93.4504,-10.5191,27.5114,40.44,On Belt
493250,-5.3463,-1.6520,-7.1754,154.0305,-3.7710,74.1069,40.67,On Belt
493300,-5.6767,-2.6815,-8.8897,196.3359,2.4275,153.1298,40.34,On Belt
493350,-5.1427,-2.6695,-7.7428,214.9008,-4.0305,191.7099,40.34,On Belt
493400,-4.2306,-1.9106,-6.5553,214.7481,-0.2901,196.6718,40.44,On Belt
493450,-3.0335,1.1301,-11.4706,171.8168,70.3969,218.5954,40.15,On Belt
493500,-6.4476,-2.8323,-11.2575,205.7099,156.1527,220.1679,40.44,On Belt
493550,-3.1699,2.3487,-7.0581,235.3130,139.8015,195.5420,40.44,On Belt
493600,-4.8052,5.2146,-6.8474,130.0611,114.0763,90.9618,40.25,On Belt
493650,-8.4108,-0.5315,-8.2097,6.9160,23.0992,24.6412,40.44,On Belt
493700,-5.2026,-1.9369,-8.1044,-36.9618,-28.2443,-56.7786,40.34,On Belt
493750,-4.0007,-2.8778,-7.8602,-41.8779,-23.0534,-104.1374,40.58,On Belt
493800,-3.4261,-2.5618,-6.8402,-40.2443,-7.0076,-121.3740,40.25,On Belt
493850,-4.5562,-3.2322,-6.8307,-41.9695,-0.1374,-129.6031,40.44,On Belt
493900,-5.9496,8.4443,-7.5872,-51.0840,-7.2824,-56.0611,40.58,On Belt
493950,-7.4915,-1.7813,-6.5697,-25.1450,-8.6412,-2.3969,40.25,On Belt
494000,-4.3479,-3.5123,-5.5785,-6.2443,-30.7023,16.6565,40.34,On Belt
494050,-5.0949,-4.6807,-6.5290,16.6107,-54.8702,31.9542,40.67,On Belt
494100,-5.1260,-4.5921,-7.1347,54.3817,-71.6336,27.3740,40.44,On Belt
494150,-5.5210,-3.7230,-7.9224,65.7710,-85.6641,28.8550,40.34,On Belt
494200,-4.8602,-0.3400,-10.7021,71.2366,-74.7481,45.5115,40.67,On Belt
494250,-8.8992,-0.9601,-9.7899,36.2595,-57.6947,50.6412,40.53,On Belt
494300,-7.0677,-0.4621,-7.5465,-23.8321,-54.4122,-3.0229,40.67,On Belt
494350,-3.7924,-0.8499,-5.6312,-110.7176,-9.9695,-50.6870,40.44,On Belt
494400,-4.1204,-3.8906,-5.6719,-126.9313,15.3893,-85.5725,40.53,On Belt
494450,-4.3694,-3.3782,-5.2696,-108.5191,27.9542,-113.3282,40.58,On Belt
494500,-5.8658,-1.9728,-6.2991,-140.2443,43.2214,-104.1527,40.39,On Belt
494550,-8.2217,-3.1819,-7.7189,-145.7557,48.8397,-92.9466,40.67,On Belt
494600,-7.1778,-4.2760,-7.4723,-130.5649,42.2901,-85.7863,40.25,On Belt
494650,-6.2920,-4.2856,-6.8091,-120.3817,26.3969,-67.2672,40.44,On Belt
494700,-6.8929,-3.4261,-5.9568,-96.0458,5.7557,-40.5038,40.67,On Belt
494750,-8.0828,-2.6049,-4.1635,-34.9313,0.3969,9.5878,40.67,On Belt
494800,-7.1156,-4.7573,-5.3151,17.4962,-20.8550,41.2672,40.39,On Belt
494850,-4.9871,-4.9344,-6.9384,80.8092,-28.7481,54.1527,40.34,On Belt
494900,-5.1954,-4.7142,-7.4077,115.5267,-28.2443,66.5649,40.44,On Belt
494950,-4.4724,-2.1237,-10.0533,172.2748,-10.9771,123.5878,40.67,On Belt
495000,-5.0613,-2.8922,-8.2384,212.4427,13.4809,174.5191,40.44,On Belt
495050,-5.0901,-2.6217,-7.1180,199.5267,15.3130,192.0000,40.58,On Belt
495100,-5.6096,-3.3232,-7.0773,185.9542,3.7710,203.8168,40.86,On Belt
495150,-5.6192,-3.4357,-7.2137,168.4427,2.6412,202.2595,40.58,On Belt
495200,-4.8818,-3.1077,-6.3829,154.1069,13.8168,179.1603,40.39,On Belt
495250,-5.7724,-3.3232,-7.4196,121.3893,41.6641,132.1985,40.67,On Belt
495300,-4.8052,-2.3056,-6.2010,103.2977,51.8473,74.2901,40.77,On Belt
495350,-4.8171,4.8842,-7.5776,59.6489,60.2443,42.4580,40.67,On Belt
495400,-6.4763,0.4884,-7.5274,-0.9466,73.2519,22.3511,40.44,On Belt
495450,-5.3822,-2.7198,-6.6248,-25.1756,85.8931,-9.7252,40.39,On Belt
495500,-6.3255,-0.3759,-8.5186,-31.3282,108.4427,-20.0153,40.67,On Belt
495550,-7.9176,1.2570,-8.3510,-20.4733,91.1450,5.5573,40.44,On Belt
495600,-6.3063,-0.0263,-8.0397,3.4962,76.4885,35.8626,40.25,On Belt
495650,-5.7317,-1.3336,-7.6351,27.6489,76.5802,66.0153,40.58,On Belt
495700,-5.5498,-2.3008,-6.8977,51.4198,67.6947,96.1832,40.44,On Belt
495750,-5.0063,-1.9369,-5.4181,72.9924,34.5954,124.9771,40.44,On Belt
495800,-4.0917,-2.9736,-5.8754,105.5725,-6.7023,162.6870,40.15,On Belt
495850,-4.7405,-2.8850,-7.0461,142.2901,-48.6565,199.2366,40.58,On Belt
495900,-5.3798,-2.4876,-7.9511,130.0153,-69.1298,202.3664,40.72,On Belt
495950,-5.0422,-1.7621,-8.4060,85.9389,-74.6718,177.4504,40.53,On Belt
496000,-4.6759,-2.9329,-9.0333,46.5344,-60.4733,162.2748,40.25,On Belt
496050,-3.7876,-3.9121,-8.5210,42.9618,-27.5878,148.8550,40.67,On Belt
496100,-3.4764,-4.0342,-7.2568,66.1069,-4.7939,147.0840,40.72,On Belt
496150,-4.4939,-4.7932,-8.1020,102.1527,-4.2748,147.1603,40.58,On Belt
496200,-6.4356,-5.4588,-9.7348,130.4122,-2.6260,108.1221,40.53,On Belt
496250,-6.1699,-2.3463,-8.1283,123.9695,-13.5267,40.1832,40.53,On Belt
496300,-5.3295,1.7358,-7.6567,65.4809,-48.8244,-32.7328,40.53,On Belt
496350,-6.2082,1.7502,-6.5960,-87.9542,-31.3282,-166.6412,40.34,On Belt
496400,-4.3191,-1.9465,-5.5378,-181.7405,-9.4504,-237.8168,40.39,On Belt
496450,-5.8538,-3.5889,-6.5697,-159.0229,-20.6107,-256.9313,40.67,On Belt
496500,-11.1737,10.5177,-8.1092,-247.7557,-42.5802,-79.3130,40.53,On Belt
496550,-6.0358,-3.6823,-5.7581,-173.7099,-17.3740,-120.5496,40.39,On Belt
496600,-5.3893,-3.3806,-6.2800,-169.7099,-30.9008,-91.1145,40.44,On Belt
496650,-6.0214,-6.3398,-7.1874,-90.8244,-64.9618,-90.9466,40.44,On Belt
496700,-5.9233,-3.0335,-7.6662,17.3893,-71.6794,-6.3359,40.34,On Belt
496750,-5.3391,-2.4876,-6.3111,91.5573,7.1603,31.7557,40.25,On Belt
496800,-7.2999,-3.5219,-7.6231,140.2595,1.9847,84.8855,40.53,On Belt
496850,-5.8921,-1.8603,-9.5026,216.6260,-7.9695,155.8168,40.34,On Belt
496900,-3.6536,-1.9800,-7.9583,263.5725,6.0000,221.8015,40.67,On Belt
496950,-4.2329,-0.0192,-10.1083,251.3740,56.5802,269.9237,40.53,On Belt
497000,-3.9552,-3.7326,-7.6974,262.1832,123.6336,211.2519,40.34,On Belt
497050,-4.8100,-1.8483,-8.5880,265.6641,158.3817,145.1145,40.67,On Belt
497100,-8.1738,-2.2793,-9.9551,263.7099,156.7481,38.8092,40.67,On Belt
497150,-7.0820,5.4444,-7.5657,160.3969,45.1603,-18.9924,40.58,On Belt
497200,-3.5913,5.5402,-6.0741,-46.3206,-10.1985,-63.0840,40.39,On Belt
497250,-4.7956,-1.4461,-8.5712,-137.8473,-17.9084,-111.7557,40.53,On Belt
497300,-4.3167,-3.5674,-6.2968,-145.3435,-21.6489,-120.0153,40.25,On Belt
497350,-4.4508,-4.1108,-6.1316,-131.1603,-31.5878,-102.8397,40.39,On Belt
497400,-6.7516,-6.1124,-8.2361,-75.4351,-73.5267,-85.0229,40.39,On Belt
497450,-7.0485,-6.1244,-8.8585,-18.5496,-124.7786,-57.7710,40.44,On Belt
497500,-7.2425,-3.6440,-11.6861,42.2443,-112.5802,-62.9924,40.53,On Belt
497550,-9.7061,1.6520,-7.6375,40.2595,-15.2061,124.1069,40.34,On Belt
497600,-4.6088,-0.7278,-2.8371,78.7481,27.5878,55.5725,40.53,On Belt
497650,-4.0917,0.2514,-3.8762,3.2214,70.7481,59.8168,40.39,On Belt
497700,-7.0054,-5.0398,-7.5154,-36.7634,104.7481,31.4809,40.39,On Belt
497750,-6.7038,-5.1212,-5.8873,9.3893,57.1603,4.5802,40.34,On Belt
497800,-4.8818,-1.8124,-3.5817,-14.4580,47.8321,-44.3053,40.39,On Belt
497850,-7.4316,-2.1213,-5.0781,-76.3817,9.1450,-75.0840,40.44,On Belt
497900,-8.5712,-3.5961,-5.5426,-80.7939,-71.8168,-97.5573,40.72,On Belt
497950,-6.5697,-2.8228,-6.6272,-89.8931,-123.3435,-122.3664,40.58,On Belt
498000,1.0367,11.5927,-13.9630,-113.9084,-95.2824,-43.6947,40.44,On Belt
498050,-5.0398,-4.3407,-10.3022,-23.0992,-28.0458,48.9466,40.25,On Belt
498100,-3.4046,2.1380,-12.5887,-6.2748,30.1069,171.5114,40.67,On Belt
498150,-7.9966,-9.6151,-10.4962,92.7786,84.5496,110.2901,40.67,On Belt
498200,-3.1627,-0.9361,-4.4748,124.1832,135.0840,20.4275,40.39,On Belt
498250,-5.4708,-2.7701,-7.8458,67.6947,175.3740,26.4886,40.44,On Belt
498300,-7.6495,-0.9002,-7.1395,123.5420,159.4657,38.9313,40.44,On Belt
498350,-7.1706,8.2313,-6.0262,129.6794,51.4962,45.5267,40.58,On Belt
498400,-5.6048,2.5211,-6.5170,-4.1221,-1.5725,11.2366,40.34,On Belt
498450,-4.6711,-1.7382,-5.9568,-81.1756,-26.6870,-4.5191,40.25,On Belt
498500,-6.0382,-4.9656,-6.8690,-70.9618,-62.8702,10.3969,40.44,On Belt
498550,-7.9128,-7.2305,-9.6055,-10.0611,-126.4733,26.8244,40.44,On Belt
498600,-4.6424,-6.0813,-7.1587,38.2137,-124.3969,-1.5573,40.44,On Belt
498650,-10.0293,-8.0158,-13.5751,27.0076,-100.0916,-4.3817,40.72,On Belt
498700,-2.5019,15.4115,-8.2337,121.8015,-80.4122,81.8321,40.53,On Belt
498750,-6.6295,1.8364,-5.9041,87.8015,-39.8168,116.1527,40.34,On Belt
498800,-4.3239,0.1030,-5.2505,-7.1603,-3.2214,95.6336,40.34,On Belt
498850,-6.5170,-5.0015,-7.2784,-55.6183,-3.0229,49.1603,40.39,On Belt
498900,-4.3622,-3.9289,-6.0813,-46.7023,21.5267,-16.1832,40.34,On Belt
498950,-4.8100,-4.0007,-6.4572,-92.9313,81.5878,-54.7328,40.25,On Belt
499000,-8.4060,3.7278,-4.2425,-67.6336,12.5038,9.5573,40.39,On Belt
499050,-7.1802,-1.9992,-6.7229,-19.6336,-19.8473,15.6031,40.44,On Belt
499100,-6.1028,-2.3320,-6.1938,-47.6031,-20.5038,13.3740,40.39,On Belt
499150,-6.5410,-4.3167,-7.9990,-60.0458,-10.2748,-3.3740,40.67,On Belt
499200,-4.0558,-0.0048,-7.4555,-20.2443,-3.4046,33.0992,40.39,On Belt
499250,-2.1859,-1.2115,-5.7174,10.2290,59.8473,49.2061,40.44,On Belt
499300,-5.2984,-5.3870,-9.1171,80.2443,70.7176,39.5420,40.44,On Belt
499350,-4.4843,-0.3136,-10.4052,173.2061,157.6031,63.2366,40.44,On Belt
499400,-9.3302,2.2721,-8.5042,206.6107,193.7710,46.3664,40.39,On Belt
499450,-9.7755,3.8954,-8.1858,223.2366,85.5725,72.2137,40.39,On Belt
499500,-5.8706,6.7014,-8.4994,95.8321,-34.5191,38.6718,40.67,On Belt
499550,-4.6543,2.1644,-8.9232,-76.5038,-41.0992,-16.4733,40.20,On Belt
499600,-5.4229,-3.1891,-7.7979,-109.0687,-70.0000,-46.9160,40.25,On Belt
499650,-3.4381,-2.4876,-4.4005,-93.9847,-103.3130,-30.9924,40.44,On Belt
499700,-5.5210,-4.6160,-6.5721,-57.1450,-148.6870,-8.4122,40.44,On Belt
499750,-7.0222,-5.8658,-8.9759,-10.2748,-176.5343,-17.7557,40.34,On Belt
499800,-6.8498,-5.4971,-9.1411,-0.3817,-159.8779,-44.4275,40.44,On Belt
499850,-5.8442,-5.3798,-8.1547,56.2748,-132.4275,-101.2061,40.34,On Belt
499900,-7.2496,-5.0111,-11.5927,-26.1527,15.8321,-176.5191,40.39,On Belt
499950,-20.7098,1.3048,-0.7805,58.6718,6.5954,153.0229,40.39,On Belt
500000,-3.4237,1.4916,-2.0039,95.2824,51.9084,92.9771,40.39,On Belt
500050,-3.1292,0.8236,-3.0167,6.7328,61.3740,144.8397,40.39,On Belt
500100,-7.0940,-7.9487,-8.8585,-12.5344,103.0229,92.8397,40.67,On Belt
500150,-4.8890,-3.0933,-5.3726,20.9160,145.2519,-0.5649,40.67,On Belt
500200,-5.2074,-3.9313,-5.1236,-0.8702,136.7939,-4.9466,40.58,On Belt
500250,-8.1738,-4.9752,-6.7181,16.8855,98.2137,-48.0611,40.39,On Belt
500300,-15.4474,12.2104,-0.3950,-50.4580,28.3817,-103.0229,40.34,On Belt
500350,-8.6215,-1.6352,-8.8011,-138.0458,-107.3740,-82.9160,40.44,On Belt
500400,-5.9424,-3.9672,-6.8211,-135.8779,-136.3969,-82.3359,40.67,On Belt
500450,-0.2370,4.6687,-11.1474,-78.1832,-102.7328,-15.7099,40.44,On Belt
500500,-6.1842,-4.0199,-9.6319,14.3206,-27.8931,57.2672,40.39,On Belt
500550,-5.7341,-3.5913,-12.4020,99.4351,48.8702,182.8092,40.39,On Belt
500600,-3.0885,-0.4812,-5.3032,197.3130,139.6794,113.6031,40.44,On Belt
500650,-2.9832,0.1796,-4.1779,173.8931,177.1145,82.9160,40.34,On Belt
500700,-8.3869,-4.6328,-9.5840,151.6488,179.9542,55.5267,40.34,On Belt
500750,-11.0899,5.2218,-7.5513,219.2519,46.6718,15.1603,40.58,On Belt
500800,-7.7788,7.5346,-9.5553,-10.7023,-44.3969,-32.9924,40.72,On Belt
500850,-5.3032,1.7789,-8.5904,-152.9924,-109.5573,-70.6260,40.25,On Belt
500900,-5.0278,-2.8826,-7.6567,-177.5114,-145.5725,-83.5420,40.53,On Belt
500950,-4.4843,-3.3639,-6.0023,-140.0000,-171.6031,-95.1908,40.67,On Belt
501000,-6.6128,-5.1332,-8.4922,-78.8550,-204.6565,-114.8397,40.53,On Belt
501050,-7.9895,1.3695,-13.9271,-106.0458,-139.9237,-120.3359,40.25,On Belt
501100,-11.7938,1.9082,-2.0303,-123.9237,-84.4427,-5.1603,40.53,On Belt
501150,-4.3311,-0.9912,-4.1899,-125.9542,-55.4809,-42.0763,40.39,On Belt
501200,-4.9799,-3.3495,-6.4141,-148.5649,-57.4962,-34.7786,40.44,On Belt
501250,-6.6511,-5.0542,-7.7045,-113.6947,-79.3435,-54.5802,40.67,On Belt
501300,-5.0757,-2.3056,-6.6535,-132.9160,-90.6412,-41.2366,40.44,On Belt
501350,-3.8858,-3.5817,-6.8043,-200.0916,-6.4733,-88.4580,40.44,On Belt
501400,-3.1651,-2.4756,-6.4955,-255.3282,75.0382,-128.4122,40.53,On Belt
501450,-4.1946,-4.5059,-8.0804,-301.9084,119.4809,-134.7939,40.53,On Belt
501500,-6.4548,-7.2832,-10.4794,-294.1985,140.6870,-158.2137,40.58,On Belt
501550,-8.1331,-7.8913,-10.7332,-234.3053,99.5573,-153.3588,40.25,On Belt
501600,-6.3303,-6.1459,-8.3821,-174.8244,43.3282,-127.0229,40.25,On Belt
501650,-5.9616,-5.5234,-8.3390,-142.0153,36.4885,-126.1221,40.67,On Belt
501700,-5.2409,-5.3223,-7.4986,-127.7099,62.1374,-141.8626,40.72,On Belt
501750,-5.2385,-4.8626,-6.5793,-97.1603,73.0992,-154.2137,40.53,On Belt
501800,-5.5067,-5.2457,-6.7014,-67.1145,67.0687,-151.0076,40.34,On Belt
501850,-6.6200,-5.6862,-7.6016,-9.1145,52.8855,-161.7252,40.34,On Belt
501900,-7.9607,6.7612,-5.2170,49.4962,35.9847,-131.2977,40.44,On Belt
501950,-11.5544,2.7964,-7.7644,-5.6336,-6.7634,-27.1298,40.44,On Belt
502000,-4.5131,-2.9784,-7.2233,10.1679,-47.2366,28.8397,40.44,On Belt
502050,-5.5354,-4.3981,-7.1635,52.0153,-64.0611,28.2443,40.39,On Belt
502100,-4.0438,0.3903,-8.1068,69.2977,-71.5420,60.5038,40.15,On Belt
502150,-5.1906,-2.2936,-9.8785,84.1527,-42.7481,96.9008,40.67,On Belt
502200,-5.2002,-1.2139,-8.2815,79.3130,-27.7557,111.4046,40.34,On Belt
502250,-5.7581,3.2298,-9.0166,7.7252,-7.6031,71.8015,40.39,On Belt
502300,-5.6767,0.7230,-9.2201,-94.4885,-33.4809,36.9160,40.44,On Belt
502350,-2.9975,1.1516,-9.4212,-126.9313,-24.1069,3.2672,40.72,On Belt
502400,-6.6104,3.9935,-8.8681,-125.9084,8.9160,19.0382,40.53,On Belt
502450,-4.6687,-1.2905,-7.8793,-124.7023,11.7405,35.7557,40.25,On Belt
502500,-4.8937,-1.8699,-7.8506,-88.2595,29.9847,-46.5496,40.58,On Belt
502550,-3.4740,2.4325,-8.2361,-96.0305,74.5802,-78.2748,40.58,On Belt
502600,-3.8906,-0.6153,-6.6463,-102.9924,115.1450,-87.0687,40.58,On Belt
502650,-5.8993,0.6512,-6.1124,-81.7710,128.6412,-99.7710,40.39,On Belt
502700,-8.5545,1.4964,-6.5434,-64.8550,109.3588,-89.8015,40.67,On Belt
502750,-7.2281,1.1301,-4.8267,-51.8473,67.8779,-80.8092,40.25,On Belt
502800,-6.3686,0.8739,-3.6727,-15.0992,26.7328,-76.6260,40.25,On Belt
502850,-6.2656,1.8627,-3.7206,11.3740,-12.2901,-73.5115,40.44,On Belt
502900,-5.8275,1.3336,-4.5203,42.5191,-42.3511,-64.1527,40.67,On Belt
502950,-6.9935,3.0694,-6.2273,73.7557,-61.7099,-44.0611,40.34,On Belt
503000,-6.7876,5.3702,-11.2791,104.5496,-35.7863,16.0611,40.39,On Belt
503050,-5.2529,1.6233,-8.9088,125.6183,-6.4122,67.2519,40.34,On Belt
503100,-10.6422,-1.1803,-10.3238,117.4504,-26.2901,5.7710,40.20,On Belt
503150,-8.4755,2.5426,-6.3231,-14.1679,-54.5191,-52.5496,40.53,On Belt
503200,-3.6536,2.4038,-7.6447,-65.3588,-28.9466,-85.7863,40.39,On Belt
503250,-6.2537,-2.3655,-6.3111,-62.5344,-13.0687,-66.2137,40.53,On Belt
503300,-3.8379,-1.9010,-4.5083,-67.8168,-5.9542,-68.8092,40.34,On Belt
503350,-5.2433,-3.8307,-6.7924,-99.8779,3.4962,-56.0611,40.34,On Belt
503400,-7.9128,-7.5010,-9.8785,-65.9542,6.5496,-84.1374,40.25,On Belt
503450,-5.8873,4.2760,-5.4229,-17.0076,-4.2443,-74.1374,40.34,On Belt
503500,-8.9447,-1.3360,-6.9001,3.1908,27.0534,24.8702,40.53,On Belt
503550,-6.2273,-2.5881,-6.5362,26.2443,38.5802,46.6107,40.39,On Belt
503600,-5.0973,-3.1077,-5.4277,74.7481,10.7328,64.4733,40.34,On Belt
503650,-4.8602,-2.2673,-5.4037,92.7176,0.1527,61.1145,40.53,On Belt
503700,-5.9065,-1.3168,-7.0653,87.4351,6.3053,55.3282,40.39,On Belt
503750,-6.1148,-1.7765,-7.3933,106.6107,-0.9313,81.2824,40.58,On Belt
503800,-5.2265,-1.8771,-6.9001,102.5496,1.6183,80.7481,40.44,On Belt
503850,-5.2960,-1.8890,-7.1012,95.1756,2.5344,50.3053,40.39,On Belt
503900,-6.5505,-0.9218,-8.4587,40.5344,16.0153,19.8626,40.39,On Belt
503950,-5.2002,-1.0367,-6.7157,8.5344,-15.8779,-1.1756,40.25,On Belt
504000,-5.9831,-3.9265,-7.7045,-18.0000,-18.6565,-44.1679,40.39,On Belt
504050,-4.8650,-1.9561,-5.8873,-38.3511,-17.0229,-45.2061,40.39,On Belt
504100,-5.5617,-1.6879,-6.5146,-64.9924,12.3511,-61.1603,40.25,On Belt
504150,-5.7413,-3.8283,-6.1148,-84.1221,29.0229,-64.5038,40.01,On Belt
504200,-6.7229,-3.5458,-6.4189,-55.5878,-4.8855,-52.5802,40.53,On Belt
504250,-8.0780,-3.1149,-8.0086,-58.6412,-17.9847,-39.4962,40.44,On Belt
504300,-6.9097,-0.3687,-5.8754,-60.1985,-40.0458,-34.7786,40.39,On Belt
504350,-4.8171,-2.0758,-6.7038,-57.3588,-9.4809,-39.9389,40.44,On Belt
504400,-5.7174,-2.6384,-7.4124,-46.4733,11.0534,-21.0382,40.34,On Belt
504450,-6.1555,-1.7238,-6.4643,-11.7405,5.0992,1.1908,40.25,On Belt
504500,-5.6240,-1.9297,-6.4284,8.2595,11.0840,18.0458,40.39,On Belt
504550,-4.9153,-1.2737,-6.4189,18.9313,30.9771,27.2824,40.58,On Belt
504600,-4.9392,-2.1931,-7.6543,0.9466,68.4733,38.2443,40.34,On Belt
504650,-6.2465,-2.3152,-8.0397,16.6870,75.3740,60.3969,40.53,On Belt
504700,-6.7325,-2.4134,-7.9871,96.7176,11.9847,110.3969,40.58,On Belt
504750,-4.6256,-1.1109,-6.7516,135.8473,-16.3817,128.7481,40.39,On Belt
504800,-5.4708,-0.8643,-7.2137,101.9695,-9.4809,110.7023,40.44,On Belt
504850,-6.9576,0.8236,-6.7373,9.1145,-49.1756,51.4656,40.44,On Belt
504900,-6.4715,-2.8922,-8.1738,-50.2901,-82.9466,-20.8702,40.67,On Belt
504950,-5.3534,-2.9808,-7.1778,-59.9542,-83.2061,-73.0229,40.39,On Belt
505000,-3.8283,-1.8268,-7.2233,-56.9466,-61.1450,-93.9237,40.39,On Belt
505050,-5.2265,-0.9122,-7.8458,-38.8702,25.0382,-11.6489,40.39,On Belt
505100,-6.5122,-4.1420,-6.9408,-27.2824,31.2061,-15.5725,40.25,On Belt
505150,-5.6024,-2.4828,-5.8730,-27.2824,32.4580,-18.1985,40.39,On Belt
505200,-7.0797,-2.6743,-6.7924,-34.6718,36.2595,-22.7176,40.39,On Belt
505250,-7.3670,-1.1492,-6.1100,-34.0305,24.2595,-16.3511,40.44,On Belt
505300,-6.0406,-2.1955,-5.7197,-23.9542,8.1985,-11.3588,40.34,On Belt
505350,-5.2625,-3.4261,-6.5050,4.1679,-11.2366,-2.0763,40.58,On Belt
505400,-5.4731,-1.3120,-7.2089,14.1069,-7.3588,1.5573,40.53,On Belt
505450,-5.9544,-0.1772,-7.6519,21.4351,-2.4885,12.5649,40.72,On Belt
505500,-5.7485,-1.7980,-7.3933,8.8397,-5.1756,9.2061,40.39,On Belt
505550,-4.9153,-1.1612,-7.6136,0.8397,-7.1298,-5.3740,40.39,On Belt
505600,-4.8890,-1.7119,-7.8961,-6.5344,-2.3817,-12.8550,40.39,On Belt
505650,-5.4324,-1.6927,-7.4244,-24.2290,-5.5115,-28.7634,40.34,On Belt
505700,-5.6240,-1.3575,-7.4843,-45.3130,-19.5878,-52.8397,40.39,On Belt
505750,-5.8514,-2.1213,-7.8099,-75.4504,-22.2443,-69.4962,40.67,On Belt
505800,-5.5617,-1.7645,-7.2425,-93.7252,-23.4962,-79.2366,40.44,On Belt
505850,-5.4109,-2.8323,-7.4124,-102.0916,-21.2824,-77.4351,40.44,On Belt
505900,-5.1643,-2.6695,-6.3087,-92.8855,-20.6718,-84.6565,40.25,On Belt
505950,-5.8419,-2.4277,-6.8929,-91.2061,-19.9542,-81.6641,40.39,On Belt
506000,-6.4763,-1.7095,-6.6391,-84.6870,-28.2595,-69.8321,40.72,On Belt
506050,-6.3662,-1.9034,-7.0701,-75.9237,-31.6794,-56.6260,40.58,On Belt
506100,-5.7988,-1.4581,-7.0342,-52.5649,-34.4427,-34.2901,40.53,On Belt
506150,-5.7844,-1.1229,-7.5082,-30.8550,-20.8397,-7.2214,40.34,On Belt
506200,-6.3997,-0.5914,-7.1850,-5.2214,-10.5191,17.3588,40.53,On Belt
506250,-6.3446,-0.1389,-7.1970,14.8244,-13.3740,35.2519,40.39,On Belt
506300,-5.7174,2.9353,-8.1044,6.3053,0.1527,60.8855,40.39,On Belt
506350,-5.4851,6.2632,-8.5090,-47.9389,35.2214,86.5954,40.44,On Belt
506400,-5.4540,1.3001,-9.8282,-78.1679,76.7634,67.7099,40.44,On Belt
506450,-4.9177,-1.8411,-8.8514,-77.4351,122.2137,24.4886,40.34,On Belt
506500,-6.4404,-5.7485,-6.7301,-15.4198,109.1145,-47.9847,40.39,On Belt
506550,-6.5362,6.4356,-5.9376,-14.9466,76.3817,-30.3969,40.58,On Belt
506600,-5.1715,2.3798,-8.0661,-7.4504,78.5802,21.1298,40.58,On Belt
506650,-4.1013,-0.7877,-5.5809,23.3435,64.7023,25.0534,40.67,On Belt
506700,-3.4740,1.6640,-6.3518,37.5267,41.6794,6.1985,40.39,On Belt
506750,-4.3383,2.7940,-7.4962,15.8321,-0.9008,-8.1679,40.39,On Belt
506800,-3.3758,2.5426,-6.9360,4.9313,-27.1756,-17.8321,40.53,On Belt
506850,-3.6966,2.2793,-7.3334,7.5725,-61.3435,-17.9389,40.44,On Belt
506900,-3.6440,3.8666,-9.4284,13.9237,-83.4657,-8.8550,40.67,On Belt
506950,-4.3551,2.9808,-10.3932,15.3588,-74.5496,11.8931,40.44,On Belt
507000,-7.5753,-1.6759,-11.3868,42.1985,-87.8168,-4.4427,40.44,On Belt
507050,-4.2856,4.5322,-12.3230,31.4046,-33.8015,24.9924,40.39,On Belt
507100,-6.7086,0.7901,-5.8586,-26.3511,-27.7557,-25.5573,40.34,On Belt
507150,-4.7070,-2.0901,-5.2194,-61.8168,-47.5115,-80.2901,40.67,On Belt
507200,-3.5769,-1.6951,-3.8595,-85.1603,-43.2061,-114.8244,40.34,On Belt
507250,-5.2050,0.0982,-6.6750,-80.7328,-20.2748,-113.4198,40.25,On Belt
507300,-8.2744,-0.9481,-7.5106,-32.9008,-14.9466,-67.8626,40.58,On Belt
507350,-7.0054,-1.7286,-4.8890,-9.4198,-27.4198,-52.2290,40.58,On Belt
507400,-6.9815,-1.2785,-5.3367,21.9695,-43.0534,-31.6031,40.39,On Belt
507450,-6.0166,-1.3288,-6.6343,57.5725,-47.6794,-4.3969,40.44,On Belt
507500,-5.7964,-1.5658,-7.1275,81.9695,-24.0763,19.9847,40.34,On Belt
507550,-7.3789,-0.5531,-7.4891,96.3817,-24.1832,32.0611,40.44,On Belt
507600,-9.0573,1.6376,-7.8506,65.3588,-22.9313,65.5878,40.25,On Belt
507650,-6.6128,-0.7518,-8.5449,36.1679,-44.4885,58.0916,40.58,On Belt
507700,-5.3774,-0.2945,-8.6048,7.2214,-26.4580,39.8626,40.58,On Belt
507750,-6.0908,0.9457,-10.9080,-50.2748,9.2214,42.8244,40.39,On Belt
507800,-6.5266,5.2840,-7.6160,-84.1679,95.5878,95.5420,40.39,On Belt
507850,-5.2194,-1.3192,-6.2201,-108.5496,145.8626,27.7557,40.25,On Belt
507900,-4.7860,-4.7022,-5.9113,-129.0840,164.1832,-37.8168,40.39,On Belt
507950,-8.4491,-4.2473,-9.4332,-97.9847,177.0382,-108.6412,40.53,On Belt
508000,-14.0971,2.4253,-6.9623,-73.0534,121.4351,-47.3435,40.44,On Belt
508050,-6.9073,0.3352,-4.4628,-62.3511,61.3435,-37.8015,40.58,On Belt
508100,-5.0230,-0.4022,-3.7781,-39.3740,46.4122,-41.0992,40.39,On Belt
508150,-6.3494,1.0630,-3.1220,-5.3588,0.3206,-50.8397,40.34,On Belt
508200,-4.6687,1.6831,-5.3798,45.5267,-34.0000,-12.0763,40.15,On Belt
508250,-3.3662,-0.7254,-9.5337,109.5420,-14.1985,34.0153,40.67,On Belt
508300,-3.4285,4.0917,-10.5249,162.0611,-15.2061,102.1374,40.39,On Belt
508350,-5.0996,5.8299,-9.1387,121.6031,-22.0000,110.4733,40.34,On Belt
508400,-11.5927,-1.5802,-10.6781,24.4733,-119.9695,13.9542,40.25,On Belt
508450,-9.4092,-2.3248,-12.8497,-79.5878,-144.9466,-117.5878,40.44,On Belt
508500,-1.6903,4.7716,-8.3007,-61.9389,-29.6336,-22.3664,40.58,On Belt
508550,-3.5458,-0.4884,-3.9073,-88.7786,-7.4656,-57.6183,40.34,On Belt
508600,-3.1580,-3.5602,-4.4149,-114.9160,2.2901,-83.2672,40.39,On Belt
508650,-6.7660,-6.5745,-7.9511,-89.3282,35.3282,-151.9084,40.34,On Belt
508700,-9.6414,5.7317,-4.8411,-61.7252,-5.4198,-65.8473,40.39,On Belt
508750,-9.0405,-1.0056,-4.9057,-19.6183,10.6260,-30.0305,40.39,On Belt
508800,-6.7038,-3.2202,-4.6878,29.5420,-26.8550,-7.1298,40.06,On Belt
508850,-5.3798,-2.0710,-4.9704,77.1450,-40.0458,-3.0992,40.39,On Belt
508900,-6.1699,-1.5107,-7.6806,119.5878,-25.7099,37.4656,40.25,On Belt
508950,-7.7045,-1.5778,-7.7333,150.3664,-37.7710,67.4657,40.25,On Belt
509000,-6.1531,-0.6249,-8.5425,156.7176,-32.6870,89.6641,40.34,On Belt
509050,-6.3782,0.8188,-8.7460,125.7405,-19.4962,90.7328,40.25,On Belt
509100,-6.5074,2.2745,-9.4810,36.7023,-28.8702,57.0687,40.72,On Belt
509150,-5.0374,2.6145,-10.6734,-42.3511,-3.8321,29.9084,40.67,On Belt
509200,-4.9464,3.3351,-13.7068,-88.1527,75.2214,88.4733,40.53,On Belt
509250,-8.9399,-0.9290,-9.8426,-102.4122,162.1985,92.5954,40.25,On Belt
509300,-6.4811,-3.0167,-5.9592,-106.6107,180.9618,24.4886,40.34,On Belt
509350,-6.4165,-4.1444,-5.9735,-96.1374,175.2672,-30.6718,40.39,On Belt
509400,-12.2583,2.6217,-6.0813,-78.0458,88.8550,-31.8626,40.25,On Belt
509450,-5.1643,0.2634,-4.7022,-45.9847,44.9771,-24.6870,40.34,On Belt
509500,-3.3782,-0.9577,-3.2394,1.9847,34.4733,-23.0534,40.53,On Belt
509550,-4.6807,-0.7302,-3.4500,28.0000,14.0305,-23.7710,40.34,On Belt
509600,-5.4444,1.0199,-6.0861,79.1603,-37.5267,-21.1145,40.39,On Belt
509650,-3.5291,5.2313,-10.0868,110.3053,-30.1527,21.3130,40.34,On Belt
509700,-2.3727,5.9759,-14.3580,127.1450,7.6794,114.8855,40.39,On Belt
509750,-6.6056,1.2641,-10.8074,75.2824,38.6107,74.7786,40.39,On Belt
509800,-9.4882,-0.6105,-8.2935,-17.1145,-78.4122,5.5573,40.39,On Belt
509850,-5.7317,-4.5514,-7.3981,-75.4504,-95.1145,-96.2595,40.67,On Belt
509900,-2.4900,8.0996,-4.9321,-46.0458,-92.4580,-108.4275,40.25,On Belt
509950,-7.1299,-1.2474,-7.6806,-45.0534,-85.1450,-100.4427,40.06,On Belt
510000,-2.8539,-0.4669,-6.3039,-28.7634,-43.2519,-68.3206,40.34,On Belt
510050,-6.3279,-4.5514,-8.0852,-44.5649,-26.9160,-53.9695,40.25,On Belt
510100,-5.4372,0.1987,-6.9264,-42.4580,-5.1298,-45.8931,40.25,On Belt
510150,-8.2504,1.2905,-5.0518,19.3435,-8.4733,-11.9237,40.39,On Belt
510200,-7.0030,-1.9417,-6.3901,9.5725,-11.7710,-0.6260,40.58,On Belt
510250,-5.5043,-0.7925,-6.8642,28.6565,5.2824,0.1527,40.58,On Belt
510300,-6.8857,-3.1244,-7.5322,46.1832,10.1985,29.9389,40.39,On Belt
510350,-6.7253,-0.9960,-7.7812,108.8092,-29.1603,67.0687,40.39,On Belt
510400,-5.4947,0.4764,-7.6231,92.1221,-0.5802,81.4198,40.34,On Belt
510450,-7.0198,-1.8866,-8.7700,54.4275,2.7634,80.6260,40.67,On Belt
510500,-4.0725,2.1787,-7.1515,22.3511,-33.1298,50.3817,40.34,On Belt
510550,-5.6048,-0.0335,-8.2408,-68.4122,-21.8473,-5.8473,40.58,On Belt
510600,-3.0574,7.4723,-15.9238,-77.6794,50.8244,73.4504,40.44,On Belt
510650,-6.4308,-0.9050,-8.0325,-61.5878,142.3359,62.3359,40.44,On Belt
510700,-5.5761,-3.0143,-5.0829,-77.5267,164.2290,2.1832,40.67,On Belt
510750,-7.7309,-0.8021,-6.8139,-53.1145,135.2977,-35.7099,40.39,On Belt
510800,-9.3039,1.5586,-6.7397,-12.9008,94.5954,-5.3893,40.39,On Belt
510850,-5.9640,0.4094,-5.4492,20.7939,65.5267,5.5420,40.39,On Belt
510900,-4.5610,0.9433,-4.2952,55.1145,37.3435,25.7099,40.39,On Belt
510950,-5.2601,1.3024,-5.3032,73.7099,2.2901,41.6947,40.39,On Belt
511000,-4.7501,0.8212,-5.7652,70.2595,-42.5344,46.7939,40.39,On Belt
511050,-4.5562,0.2921,-7.1539,69.5573,-86.8702,36.5344,40.25,On Belt
511100,-5.6647,-0.2490,-9.3350,69.2977,-131.5573,24.6870,40.67,On Belt
511150,-5.0350,1.0199,-12.4738,50.5802,-145.4046,41.2366,40.34,On Belt
511200,-8.4755,0.9457,-14.9781,94.9466,-103.4351,54.1679,40.58,On Belt
511250,-6.5003,3.6966,-9.9216,-63.2672,-32.5954,-12.4580,40.44,On Belt
511300,-4.6112,0.9457,-5.7892,-101.8626,12.5038,-34.0916,40.25,On Belt
511350,-3.6368,-1.0367,-3.9073,-124.8702,13.6947,-67.9847,40.53,On Belt
511400,-4.4412,-4.0318,-6.5553,-166.7023,46.7786,-95.7252,40.53,On Belt
511450,-10.9439,1.1133,-6.4979,-154.7634,49.5267,-74.2137,40.72,On Belt
511500,-11.1713,-2.7509,-5.4636,-85.7863,35.7557,5.7863,40.25,On Belt
511550,-10.1466,-3.2130,-2.6791,-28.7328,-13.1603,49.7557,40.25,On Belt
511600,-9.6750,-4.7549,-4.4149,46.2595,-57.2977,87.9847,40.39,On Belt
511650,-5.7868,-4.8100,-7.1994,125.5420,-66.0000,116.8550,40.58,On Belt
511700,-4.4532,-4.3096,-8.8657,180.1069,-35.5573,137.1145,40.44,On Belt
511750,-2.7701,-1.5921,-8.8514,233.2519,-6.2748,190.6412,40.39,On Belt
511800,-4.1779,-0.8787,-8.4803,242.8092,40.0305,233.7557,40.53,On Belt
511850,-5.8706,-2.2482,-10.6494,260.5344,47.2672,269.4962,40.34,On Belt
511900,-6.6607,1.3695,-8.0589,279.8779,40.3053,281.0534,40.25,On Belt
511950,-7.2065,2.6480,-7.6591,176.2443,-4.0305,250.9466,40.39,On Belt
512000,-7.6471,-1.4629,-7.8650,23.2672,-82.0305,176.3359,40.53,On Belt
512050,-5.7509,-3.9073,-6.6008,-8.3817,-121.7252,102.8550,40.06,On Belt
512100,-5.0949,-4.3383,-7.1946,27.6183,-154.5191,77.8168,40.20,On Belt
512150,-3.6440,-2.6552,-10.4196,113.3893,-120.4733,97.5115,40.44,On Belt
512200,-2.8467,-0.9936,-7.5776,176.6870,-49.8321,122.2137,40.25,On Belt
512250,-3.9097,-1.0726,-6.7660,172.6260,-9.4198,87.1450,40.44,On Belt
512300,-5.5665,1.0343,-6.6679,151.2366,-10.7481,33.8168,40.20,On Belt
512350,-8.0756,0.7183,-8.5545,150.5191,-17.6794,22.4275,40.25,On Belt
512400,-8.4276,-1.1229,-9.9599,121.9695,-10.0153,-7.0076,40.34,On Belt
512450,-6.3327,4.5825,-8.5928,101.9695,31.2061,53.2366,40.25,On Belt
512500,-7.8458,-0.9146,-6.1363,59.8321,3.7099,-4.4885,40.39,On Belt
512550,-5.1954,1.4054,-3.5506,-19.7252,17.1450,-31.2672,40.39,On Belt
512600,-7.4867,-0.8212,-4.2090,-68.6565,37.2519,-41.5267,40.53,On Belt
512650,-9.1243,-3.5003,-5.9879,-44.4427,24.1679,-39.2519,40.25,On Belt
512700,-7.2832,-1.8555,-4.7142,-35.8473,12.2290,-30.0916,40.34,On Belt
512750,-6.8402,-2.9449,-4.3024,-25.8473,-1.2366,-30.5496,40.06,On Belt
512800,-6.8283,-2.4828,-4.5514,9.8626,-22.3053,-37.7557,40.25,On Belt
512850,-7.4316,-1.1205,-6.5793,42.4580,-18.6260,5.6947,40.15,On Belt
512900,-7.6830,-2.7557,-6.5003,67.2214,-21.4962,24.3664,40.34,On Belt
512950,-7.7165,-0.8116,-6.4356,75.7863,-25.8779,36.3969,40.44,On Belt
513000,-8.8394,-0.3519,-7.2616,84.6565,-31.3282,64.2443,40.39,On Belt
513050,-6.4572,-1.4629,-7.9703,76.2595,-31.7863,76.1527,40.39,On Belt
513100,-3.7948,2.5522,-7.8961,47.6489,40.9313,54.9008,40.15,On Belt
513150,-7.4747,2.8180,-10.8122,18.7481,150.9924,139.4198,40.44,On Belt
513200,-7.1706,-0.0694,-6.4979,14.6870,200.5191,66.4122,40.25,On Belt
513250,-7.9727,0.3687,-4.6448,-26.3511,197.6336,32.8550,40.39,On Belt
513300,-10.0533,-0.6009,-6.9240,-16.3969,157.9389,21.3435,40.25,On Belt
513350,-7.8123,-0.3831,-4.7046,27.8015,85.9695,27.1450,40.39,On Belt
513400,-4.9704,-0.0742,-4.3311,32.8702,46.9313,25.1145,40.44,On Belt
513450,-4.0582,0.1437,-5.2433,48.0000,23.4198,30.9160,40.25,On Belt
513500,-5.2577,0.5339,-5.4875,38.4733,-16.6718,23.9695,40.58,On Belt
513550,-6.1220,-1.7813,-5.9496,36.2290,-90.7939,-0.7786,40.39,On Belt
513600,-6.3758,-1.8411,-9.5457,57.1450,-158.8244,-12.9466,40.34,On Belt
513650,-5.8251,-0.7949,-15.3612,92.7328,-119.2061,52.2290,40.25,On Belt
513700,-9.7947,-0.0742,-14.2287,71.7710,-58.7634,18.6107,40.44,On Belt
513750,-6.1435,3.7781,-6.0262,-82.4580,-29.4198,-10.3664,40.39,On Belt
513800,-5.8538,0.6704,-4.4341,-119.2672,-42.0305,-62.9466,40.53,On Belt
513850,-4.0965,-2.4900,-3.9672,-141.2977,-38.0000,-76.2901,40.39,On Belt
513900,-5.5905,-4.7860,-6.4045,-131.9695,-20.7328,-116.6107,40.25,On Belt
513950,-8.6239,1.2498,-3.6966,-104.2748,-55.2519,-81.6794,40.34,On Belt
514000,-8.8466,-1.3384,-2.3774,-63.5115,-58.4275,-64.1679,40.39,On Belt
514050,-7.4316,-4.5945,-6.4979,-7.6183,-69.2672,-31.3282,40.06,On Belt
514100,-5.6360,-4.2377,-6.8785,58.5038,-69.7863,-9.7863,40.58,On Belt
514150,-5.2289,-0.2777,-7.8219,121.8321,-6.2748,45.1756,40.39,On Belt
514200,-9.1602,-0.6416,-7.4436,129.2672,32.3053,118.1832,40.39,On Belt
514250,-5.3678,1.0056,-9.4786,179.4657,78.7939,162.5954,40.25,On Belt
514300,-8.9591,0.3950,-11.0540,184.7786,158.9313,271.6336,40.25,On Belt
514350,-2.8683,4.9081,-4.1372,189.2214,208.5038,166.3969,40.53,On Belt
514400,-7.3047,1.6281,-3.3160,78.6870,178.8244,22.7939,40.06,On Belt
514450,-8.6239,-1.1133,-6.3542,4.1985,59.8626,-88.3359,40.58,On Belt
514500,-5.3774,1.7119,-8.8681,-56.4122,-9.3740,-158.0458,40.25,On Belt
514550,-3.4740,1.6328,-8.2815,-84.9466,26.0763,-88.4885,40.25,On Belt
514600,-6.4979,-1.2809,-6.0621,-80.0000,9.6336,-75.9695,40.34,On Belt
514650,-5.9400,-1.0151,-5.1092,-73.2061,-40.4885,-68.3969,40.25,On Belt
514700,-5.7030,-0.0431,-4.7908,-57.3130,-73.5115,-58.0916,40.34,On Belt
514750,-4.9680,-3.2346,-7.7452,-7.2977,-60.6565,-30.8244,40.25,On Belt
514800,-6.1459,-3.6775,-8.4156,28.6718,-64.6412,-22.3511,40.67,On Belt
514850,-10.8721,3.6943,-9.4092,49.1145,-17.0534,22.9160,40.25,On Belt
514900,-10.0197,0.0311,-6.4787,52.6260,-11.1145,54.4427,40.53,On Belt
514950,-5.1595,-0.3232,-3.6368,13.6336,-20.0458,17.9237,40.44,On Belt
515000,-5.7365,-2.0494,-4.6519,-14.3053,-33.4504,-22.1527,40.25,On Belt
515050,-7.2209,-2.7414,-8.2241,-1.9389,-28.9313,-32.3969,40.44,On Belt
515100,-7.8673,-0.6249,-5.1475,10.5191,-43.5267,-2.9160,40.39,On Belt
515150,-5.9951,-0.3615,-4.3120,22.5649,-56.9160,10.7328,40.67,On Belt
515200,-5.0446,-2.1787,-6.4572,40.0763,-47.1145,33.8168,40.34,On Belt
515250,-5.6719,-2.8683,-6.8642,59.0229,-43.7710,36.8397,40.20,On Belt
515300,-7.4484,1.4844,-8.8801,67.3130,-28.8550,62.8397,40.39,On Belt
515350,-7.9631,-0.0886,-7.5753,32.3511,-27.1756,63.9237,40.39,On Belt
515400,-5.7964,-2.1524,-6.9959,-8.8397,-26.5954,34.3053,40.25,On Belt
515450,-3.5602,1.5754,-8.2791,-12.7481,8.8397,19.6641,40.44,On Belt
515500,-5.1164,0.7997,-11.0708,-9.0840,89.8168,64.9618,40.53,On Belt
515550,-7.2401,-0.5339,-8.0421,20.9924,165.4046,78.1985,40.44,On Belt
515600,-7.5992,-0.7829,-6.5721,14.0611,201.3130,32.1679,40.39,On Belt
515650,-7.6758,-0.5267,-4.2593,22.2901,158.6718,-10.3053,40.44,On Belt
515700,-7.6088,-0.9385,-8.2432,53.4962,94.9618,-7.8779,40.39,On Belt
515750,-7.6399,2.5426,-6.9192,64.9771,57.5420,-0.1374,40.39,On Belt
515800,-5.4923,1.8196,-6.2034,11.2672,4.5649,-18.6870,40.25,On Belt
515850,-4.3934,-0.9577,-5.7221,-27.7557,-49.2977,-58.1527,40.25,On Belt
515900,-3.5530,-0.4142,-6.0789,-28.9924,-87.7710,-60.7328,40.25,On Belt
515950,-4.6088,-1.1851,-7.7237,-0.7481,-106.7176,-34.8397,40.67,On Belt
516000,-5.2361,-1.2234,-9.2177,21.3130,-109.7252,-13.5267,40.72,On Belt
516050,-5.4516,-0.2849,-10.8362,3.3588,-106.7939,-9.4962,40.25,On Belt
516100,-8.1427,-2.8946,-11.6215,27.6336,-86.5496,-45.4656,40.53,On Belt
516150,-11.7100,4.6208,-11.9375,-73.5573,-1.9542,-13.6794,40.53,On Belt
516200,-8.1666,0.7111,-4.5346,-126.9466,-16.9466,-22.5496,40.53,On Belt
516250,-3.9911,-1.9297,-4.4173,-141.4046,-28.4122,-70.4275,40.25,On Belt
516300,-3.1795,-2.3870,-4.0917,-177.1756,-16.7023,-93.6183,40.20,On Belt
516350,-6.6415,-5.2553,-7.5681,-181.9695,3.0076,-134.0000,40.34,On Belt
516400,-8.6143,0.2346,-5.2984,-145.3282,-25.8015,-91.5878,40.58,On Belt
516450,-7.0437,-1.6113,-4.1108,-119.1450,-19.0840,-87.4351,40.15,On Belt
516500,-7.2018,-2.9042,-5.6719,-68.0611,-30.1221,-62.5954,40.25,On Belt
516550,-6.8331,-2.6169,-4.9009,-32.9160,-18.6718,-49.6031,40.34,On Belt
516600,-7.4460,-2.2386,-4.8578,-2.7786,-16.3969,-32.1527,40.34,On Belt
516650,-8.3534,-1.6472,-4.4532,29.9389,-12.1069,-5.0229,40.20,On Belt
516700,-7.9942,-2.1117,-5.1475,52.7023,-21.0687,13.4198,40.44,On Belt
516750,-7.7500,-1.5562,-5.7820,61.6641,-25.2366,31.5267,40.39,On Belt
516800,-7.7237,-2.0686,-6.1627,60.1832,-25.5725,46.3664,40.25,On Belt
516850,-6.7421,-2.4134,-6.5936,59.7405,-30.8092,49.9542,40.20,On Belt
516900,-5.4133,0.4669,-5.6288,70.1985,-0.9466,31.9084,40.39,On Belt
516950,-10.3118,1.2522,-8.6455,41.4809,38.9160,74.0916,40.53,On Belt
517000,-12.2296,4.1946,-6.6415,23.0840,43.7557,91.7557,40.58,On Belt
517050,-5.6144,0.7781,-4.3742,-18.8550,63.8779,44.4580,40.34,On Belt
517100,-3.8020,0.2777,-3.0095,-40.1069,88.9160,5.1908,40.44,On Belt
517150,-6.9839,1.0008,-4.0462,-54.1985,94.7023,-30.2137,40.44,On Belt
517200,-10.4866,1.0894,-5.5905,-40.4580,55.4962,-32.6870,40.25,On Belt
517250,-9.3494,1.8292,-4.8219,-44.9771,18.3359,-38.0153,40.34,On Belt
517300,-6.8450,1.1588,-3.8978,-48.5954,-0.6107,-46.2595,40.15,On Belt
517350,-7.2951,2.1787,-5.7676,-47.1756,-9.7863,-36.6718,40.53,On Belt
517400,-7.5417,-0.1413,-5.6982,-22.0458,-10.6870,-15.1145,40.39,On Belt
517450,-8.0493,2.5091,-4.7453,-9.4046,-21.2977,-5.7252,40.34,On Belt
517500,-7.7189,1.3240,-6.1866,-2.2901,-19.5725,12.4275,40.34,On Belt
517550,-4.9943,-1.4317,-6.4883,25.2214,4.6565,25.5420,40.44,On Belt
517600,-6.3422,0.8595,-5.1739,47.7405,12.0611,21.3740,40.44,On Belt
517650,-7.7979,2.7438,-6.7469,46.8397,-0.0458,33.6947,40.44,On Belt
517700,-7.1682,2.4038,-6.3015,30.2290,-3.4046,36.5496,40.25,On Belt
517750,-6.1938,1.0295,-6.3518,15.9695,-14.2595,21.0992,40.25,On Belt
517800,-5.4516,1.2354,-6.9480,6.6718,-6.4885,0.6565,40.58,On Belt
517850,-6.2106,2.5402,-6.7780,-10.5954,-4.3359,-9.2214,40.53,On Belt
517900,-6.1028,1.3120,-6.5122,-24.1679,-3.8931,-23.3740,40.39,On Belt
517950,-6.7349,1.4509,-6.2848,-35.0840,-2.8855,-35.5725,40.34,On Belt
518000,-6.8857,1.4437,-6.2130,-42.0000,-3.5573,-39.6336,40.39,On Belt
518050,-7.2233,1.0367,-5.8012,-41.4504,-5.2061,-37.2214,40.39,On Belt
518100,-7.1826,1.1756,-5.6958,-37.0687,-7.0687,-29.7099,40.20,On Belt
518150,-6.9288,0.5914,-5.7174,-21.6641,-1.2824,-19.0076,40.34,On Belt
518200,-7.3406,0.9385,-5.5857,-8.5954,-0.5344,-11.2061,40.39,On Belt
518250,-7.3167,1.0965,-5.8873,1.8779,1.2672,-2.4885,40.15,On Belt
518300,-7.4101,1.1444,-5.7700,8.0916,1.2061,5.7099,40.34,On Belt
518350,-7.3646,1.2689,-5.8682,7.6947,-3.5573,8.5191,40.25,On Belt
518400,-7.0557,1.3408,-6.0406,4.5496,-1.1603,6.5191,40.25,On Belt
518450,-6.9671,0.9673,-6.0214,-1.0992,-0.5191,4.1985,40.39,On Belt
518500,-7.0509,1.0008,-6.0478,-4.7939,3.5878,-1.1756,40.44,On Belt
518550,-6.9719,1.0965,-5.9065,-7.6641,1.4198,-5.0534,40.44,On Belt
518600,-6.9097,1.2330,-5.7485,-10.7481,1.6031,-5.6489,40.34,On Belt
518650,-7.2161,0.9553,-5.9855,-10.5191,1.7405,-5.9695,40.39,On Belt
518700,-7.1156,0.9553,-5.8371,-5.0992,2.0458,-1.7557,40.15,On Belt
518750,-7.1682,1.0965,-5.9161,0.3359,1.1603,3.1298,40.34,On Belt
518800,-6.9671,1.1277,-5.7413,3.7863,1.8626,6.0000,40.25,On Belt
518850,-7.1754,1.0918,-5.8610,4.7328,-0.5954,5.8321,40.44,On Belt
518900,-6.9647,1.1085,-6.0047,2.1221,-0.0153,3.8168,40.25,On Belt
518950,-7.1180,1.4964,-6.1986,1.0382,1.2824,4.7023,40.44,On Belt
519000,-6.7588,1.1157,-5.9520,-1.3740,1.5420,4.5344,40.06,On Belt
519050,-6.8426,1.3288,-5.9256,-0.4427,1.7405,1.0992,40.44,On Belt
519100,-6.8738,1.2641,-6.1387,-1.3588,0.5344,2.6870,40.20,On Belt
519150,-6.8067,1.0942,-6.0454,-1.2519,3.0534,2.3511,40.34,On Belt
519200,-6.9623,1.3767,-6.0190,-1.4046,4.2290,0.2443,40.39,On Belt
519250,-7.1706,1.3791,-6.0861,-4.2901,0.3359,0.2137,40.39,On Belt
519300,-6.6224,1.0391,-6.0118,-3.6947,1.3740,-1.4198,40.15,On Belt
519350,-7.1898,1.4269,-6.1028,-3.6336,1.1145,-1.9084,40.25,On Belt
519400,-6.8618,1.1732,-6.0406,-4.9466,0.7634,0.2443,40.34,On Belt
519450,-6.9097,1.1636,-6.0430,-1.0840,2.3053,1.3282,40.39,On Belt
519500,-6.9192,1.3288,-5.9041,0.2595,1.1450,3.7099,40.25,On Belt
519550,-6.9839,1.3240,-6.1986,-0.9313,0.1679,3.6031,40.06,On Belt
519600,-6.8307,1.0104,-6.0741,-0.8550,2.8244,3.0534,40.39,On Belt
519650,-6.7852,1.2522,-5.9065,1.4351,2.5954,5.2519,40.39,On Belt
519700,-6.7493,1.3599,-6.0190,4.3206,3.6794,5.3130,40.44,On Belt
519750,-6.6631,1.1253,-6.1866,5.5725,2.9466,4.8550,40.53,On Belt
519800,-6.8738,1.5610,-6.1627,2.8855,3.8626,3.1298,40.25,On Belt
519850,-7.1826,1.4629,-6.0813,-4.7176,0.7939,-0.6870,40.39,On Belt
519900,-6.9384,1.2498,-6.2153,-8.6565,0.2443,-2.2443,40.25,On Belt
519950,-7.2520,1.5012,-5.8945,-6.7939,1.2214,-0.3053,40.34,On Belt
520000,-7.1227,1.2522,-6.0789,-1.0840,-0.7328,5.5420,40.53,On Belt
520050,-6.7086,1.1205,-6.1196,9.2214,-0.1374,15.7710,40.20,On Belt
520100,-6.4955,1.1396,-6.1172,19.0534,4.1832,21.0534,40.25,On Belt
520150,-6.6176,1.5730,-6.3901,22.4275,7.4504,24.8702,40.72,On Belt
520200,-6.6128,1.5778,-6.4667,21.8473,8.8397,26.1679,40.58,On Belt
520250,-6.4715,1.6209,-6.5673,18.0611,9.1450,23.9389,40.34,On Belt
520300,-6.5625,1.6616,-6.5122,12.7481,6.5038,18.3359,40.25,On Belt
520350,-6.3183,1.5203,-6.7253,8.4275,2.2901,12.9160,40.34,On Belt
520400,-6.3686,1.6328,-6.5817,4.2748,0.8092,8.6565,40.15,On Belt
520450,-5.9879,1.5634,-6.5122,1.1145,0.9771,5.7863,40.15,On Belt
520500,-6.0573,1.3336,-6.6224,1.7863,-1.0687,3.7252,40.39,On Belt
520550,-5.9831,1.4964,-6.7421,4.7023,0.4733,1.4809,40.39,On Belt
520600,-6.3135,1.6903,-7.0174,2.4733,2.4733,-0.7023,40.25,On Belt
520650,-6.0094,1.6089,-6.6487,-2.2595,1.1756,-5.3130,40.44,On Belt
520700,-6.5769,2.0016,-6.7588,-9.3282,1.6031,-10.9771,40.25,On Belt
520750,-6.2273,1.4772,-6.4979,-16.4886,-2.2137,-12.8702,40.34,On Belt
520800,-6.2728,1.2977,-6.5697,-15.1908,-4.5954,-18.9771,40.58,On Belt
520850,-6.5338,1.2833,-6.4979,-14.5191,-3.6183,-18.1069,40.25,On Belt
520900,-6.4620,1.1708,-6.4045,-13.6183,-2.3206,-20.9618,40.15,On Belt
520950,-6.7516,1.3623,-6.3734,-14.7939,-4.5802,-21.3893,40.67,On Belt
521000,-6.4907,1.1636,-6.3375,-13.7252,-1.8015,-22.1832,40.44,On Belt
521050,-6.9408,1.2043,-6.5194,-15.7099,1.3282,-19.0382,40.34,On Belt
521100,-7.0150,1.1875,-6.2968,-16.7481,2.8702,-15.2061,40.20,On Belt
521150,-6.8115,0.7853,-6.0118,-13.2672,4.0611,-12.1832,40.39,On Belt
521200,-7.0988,1.0798,-6.0789,-11.8473,4.5344,-8.0763,40.58,On Belt
521250,-7.1467,0.6776,-5.9280,-6.2137,5.4046,-1.7863,40.34,On Belt
521300,-7.2520,0.7757,-6.2225,1.6489,4.4275,6.0458,40.67,On Belt
521350,-6.6679,0.6871,-6.0693,11.8779,2.5802,18.8855,40.39,On Belt
521400,-6.3135,0.6680,-5.5306,22.8855,2.8702,25.6947,40.39,On Belt
521450,-6.8091,0.9385,-6.4332,30.6412,4.5802,25.3740,40.67,On Belt
521500,-6.0023,0.8930,-5.8610,33.5420,2.2748,26.3206,40.53,On Belt
521550,-6.8450,0.9242,-6.5170,35.0229,2.5954,10.4427,40.25,On Belt
521600,-6.4931,1.6688,-6.2776,23.0687,-0.2137,4.7023,40.25,On Belt
521650,-6.2441,0.9529,-5.6862,11.5725,0.4427,-10.0458,40.44,On Belt
521700,-7.2089,1.5586,-6.5625,5.4656,2.5038,-15.6641,40.53,On Belt
521750,-6.7660,0.1628,-5.8347,6.9160,-5.4809,-9.2519,40.53,On Belt
521800,-6.7349,0.2801,-6.3159,18.3359,-3.4962,-10.4427,40.25,On Belt
521850,-6.5098,-0.3448,-6.1866,34.4275,-0.7176,-0.8092,40.39,On Belt
521900,-6.8977,-0.5411,-5.9855,46.6107,-3.8473,4.3511,40.53,On Belt
521950,-6.6918,-0.2538,-7.9392,59.8321,1.8321,12.8550,40.53,On Belt
522000,-6.3829,-0.6345,-8.4276,68.2290,5.9847,34.4122,40.39,On Belt
522050,-5.9927,1.4126,-8.0254,56.7939,10.1069,28.7023,40.53,On Belt
522100,-5.5522,-0.4669,-7.1802,3.4504,1.8168,-5.6489,40.44,On Belt
522150,-5.4731,-2.8395,-6.8761,-27.2519,-6.5649,-48.4122,40.53,On Belt
522200,-4.2952,1.4676,-8.7724,-43.4504,13.0687,-43.6947,40.58,On Belt
522250,-7.2880,-2.0039,-6.2273,-52.1374,35.3740,-25.1298,40.34,On Belt
522300,-7.0102,-3.6416,-6.7253,-8.6718,10.4580,-1.3130,40.34,On Belt
522350,-5.7844,-3.4740,-6.2201,14.8702,3.4046,16.8550,40.44,On Belt
522400,-5.2864,-1.7957,-5.2601,24.6412,22.7328,21.9847,40.44,On Belt
522450,-6.7732,-2.6456,-7.2975,30.6565,41.0992,46.5649,40.53,On Belt
522500,-6.5793,-2.2386,-7.1347,76.1832,21.0382,83.2519,40.15,On Belt
522550,-4.9081,-1.1756,-7.3167,105.9237,20.1069,110.6565,40.34,On Belt
522600,-5.1715,0.0263,-7.4723,105.8015,25.9695,100.0611,40.44,On Belt
522650,-6.5912,-0.8356,-6.8546,53.3740,-6.6565,84.1527,40.44,On Belt
522700,-6.2584,-1.9752,-7.5681,-4.1374,-44.3817,46.2901,40.39,On Belt
522750,-5.0446,-3.5219,-7.3717,-20.5191,-49.0992,-7.9084,40.39,On Belt
522800,-4.5226,-4.2880,-7.0653,-5.4504,-37.1756,-36.0611,40.39,On Belt
522850,-4.0175,-0.6656,-7.0198,7.3130,-10.3511,-55.2519,40.39,On Belt
522900,-8.5880,0.1700,-7.4555,-33.7557,2.8244,-9.6794,40.34,On Belt
522950,-6.0837,-4.1468,-6.4452,-26.1985,-1.2824,-12.2290,40.58,On Belt
523000,-5.8658,-0.4884,-5.5905,-14.1832,-1.9084,-18.0458,40.44,On Belt
523050,-7.6207,-1.9369,-6.7636,-5.8321,-0.9618,-4.4885,40.25,On Belt
523100,-6.2584,-1.3360,-6.8139,1.0382,-18.4122,0.0763,40.39,On Belt
523150,-5.8395,-0.9337,-6.7133,-15.4046,-15.5878,-13.3893,40.53,On Belt
523200,-5.8490,-1.4605,-7.2449,-39.8015,-12.0305,-35.6947,40.44,On Belt
523250,-5.8275,-1.1372,-6.5194,-63.2519,-10.9618,-54.6718,40.44,On Belt
523300,-6.5888,-1.6185,-6.6511,-54.8244,-14.2901,-54.1527,40.39,On Belt
523350,-6.1196,-1.8938,-6.1363,-51.0840,-7.8168,-47.6336,40.34,On Belt
523400,-6.1076,-2.0901,-6.1483,-35.2366,7.5115,-46.0000,40.44,On Belt
523450,-5.9304,-2.5762,-5.7245,-24.7328,13.3740,-34.9466,40.39,On Belt
523500,-6.5505,-2.4828,-6.1028,-18.1679,12.4122,-28.0916,40.58,On Belt
523550,-7.1156,-0.8739,-5.5569,-21.9695,3.9084,-35.7099,40.34,On Belt
523600,-6.9097,-2.6839,-6.7612,-23.9542,-8.1221,-31.9847,40.39,On Belt
523650,-6.7349,-2.0327,-6.6870,-14.0763,-21.2366,-25.9847,40.39,On Belt
523700,-5.9328,-2.0686,-6.8570,-21.1756,-22.3206,-24.1679,40.25,On Belt
523750,-5.6120,-2.5857,-6.9887,-23.8473,-21.2672,-23.7863,40.58,On Belt
523800,-5.7700,-2.4397,-7.2113,-32.9924,-20.0763,-33.1908,40.39,On Belt
523850,-5.5689,-2.3080,-6.5027,-43.7405,-16.5649,-41.3588,40.25,On Belt
523900,-6.2944,-2.5522,-6.5553,-51.0534,-15.6947,-42.8397,40.39,On Belt
523950,-6.6679,-1.6735,-6.4189,-56.6870,-16.1679,-39.0076,40.58,On Belt
524000,-6.0525,-2.2458,-6.2177,-61.7863,-8.0458,-37.8626,40.53,On Belt
524050,-6.3159,-2.3415,-7.0533,-65.0076,6.7786,-29.3130,40.67,On Belt
524100,-7.0126,-1.6017,-6.7349,-59.4656,19.8931,-16.2595,40.25,On Belt
524150,-7.0198,-1.1779,-5.8203,-46.2443,22.0305,-4.5954,40.58,On Belt
524200,-6.9121,-1.2402,-6.0861,-39.7557,27.6947,1.0687,40.34,On Belt
524250,-8.0349,-1.3431,-6.7253,-37.6641,24.6260,12.8550,40.67,On Belt
524300,-7.9918,-0.6823,-5.7197,-22.6107,0.8092,19.2061,40.53,On Belt
524350,-6.1316,-0.7805,-6.9025,-8.0916,-4.3664,30.0611,40.53,On Belt
524400,-5.7293,-0.2873,-6.6032,9.0534,12.9924,37.7405,40.44,On Belt
524450,-6.3638,-0.5650,-6.4691,21.9084,12.5038,49.5267,40.34,On Belt
524500,-6.1962,0.0599,-6.1339,30.4886,4.0000,53.2061,40.44,On Belt
524550,-6.0597,0.4597,-6.4955,30.7939,-0.6718,46.3969,40.20,On Belt
524600,-5.7509,0.3639,-7.1754,32.0611,-2.9924,46.0763,40.25,On Belt
524650,-5.3941,0.5339,-7.0174,26.0458,-1.2214,38.7481,40.25,On Belt
524700,-5.1523,0.2442,-7.2377,17.3435,-3.2366,20.7634,40.39,On Belt
524750,-5.3702,0.6416,-7.7476,7.1298,-9.2061,2.2137,40.39,On Belt
524800,-5.1882,0.5028,-8.1163,-12.6260,-4.3206,-16.6107,40.67,On Belt
524850,-5.7054,0.3831,-7.3478,-27.5114,-1.0992,-30.5649,40.39,On Belt
524900,-6.0741,0.4717,-6.9863,-34.7634,-1.3130,-38.6260,40.39,On Belt
524950,-6.0190,0.5219,-6.9145,-35.4809,-2.5954,-33.3282,40.44,On Belt
525000,-6.4236,0.1676,-7.1251,-26.2901,-3.4656,-23.8015,40.39,On Belt
525050,-5.6599,0.1676,-7.6375,-16.6260,3.1908,-5.5725,40.67,On Belt
525100,-4.7740,0.5148,-6.9599,1.2519,24.5496,10.8855,40.44,On Belt
525150,-5.7652,1.1444,-7.6447,13.8015,35.2824,23.1145,40.25,On Belt
525200,-6.6248,1.8938,-7.2592,4.6565,28.2748,21.3435,40.34,On Belt
525250,-6.3279,1.1061,-6.8522,-14.3817,13.9237,1.7252,40.44,On Belt
525300,-6.2106,-0.8308,-6.0382,-33.0534,-8.3359,-26.2137,40.15,On Belt
525350,-5.5091,-0.4429,-5.6934,-18.2443,-22.7328,-46.3511,40.34,On Belt
525400,-5.7006,2.0494,-6.7014,-28.8092,-37.1145,-64.9924,40.25,On Belt
525450,-4.2162,0.7709,-7.2209,-35.7557,-19.1603,-59.4198,40.20,On Belt
525500,-5.7221,-1.2977,-6.0501,-23.3282,10.1221,-77.2977,40.44,On Belt
525550,-8.2289,0.6656,-5.5330,-36.3359,-5.9237,-100.6260,40.34,On Belt
525600,-7.4986,-1.0965,-6.7277,-42.2595,-17.3740,-114.0305,40.39,On Belt
525650,-7.7548,-1.2354,-7.1539,-39.2061,-16.0458,-116.2595,40.34,On Belt
525700,-5.1356,-0.1460,-9.1554,-14.7634,-1.4504,-63.6794,40.53,On Belt
525750,-6.2920,-1.9393,-7.8410,32.3053,-13.4809,6.2137,40.58,On Belt
525800,-4.5921,-3.3088,-6.8953,62.7176,2.2595,22.5954,40.67,On Belt
525850,-4.9919,-2.8228,-6.2369,46.8244,9.2977,22.7939,40.44,On Belt
525900,-6.1746,-3.7948,-7.2664,31.5573,-1.4351,0.2290,40.44,On Belt
525950,-4.5035,-0.1317,-6.3853,14.9008,-17.1298,-32.1069,40.67,On Belt
526000,-5.6168,-1.3886,-8.0852,-28.2595,-19.3588,-42.6260,40.53,On Belt
526050,-5.7604,-3.1460,-7.4531,-45.6031,-24.7176,-54.2443,40.58,On Belt
526100,-5.3678,-3.1316,-7.7859,-47.6489,-18.0763,-55.0992,40.39,On Belt
526150,-5.5569,-2.3870,-7.8266,-42.7328,-2.2137,-42.3511,40.53,On Belt
526200,-6.0908,-2.3080,-7.1132,-45.6641,0.5496,-33.4504,40.44,On Belt
526250,-5.3702,-2.5498,-6.6008,-49.4656,-5.4809,-36.5344,40.39,On Belt
526300,-4.8578,-2.8874,-6.5290,-51.8168,-8.6260,-44.0611,40.67,On Belt
526350,-5.6671,-3.1651,-7.3239,-51.6641,-14.8397,-51.6641,40.15,On Belt
526400,-5.8826,-1.9704,-7.5561,-69.6794,-17.0992,-65.4046,40.25,On Belt
526450,-5.6479,-2.2841,-7.3813,-93.8779,-12.2901,-70.9466,40.44,On Belt
526500,-5.7557,-2.9951,-6.9384,-104.1374,-11.9695,-77.3130,40.53,On Belt
526550,-5.3750,-2.9353,-6.5553,-104.7176,-9.2061,-74.1985,40.39,On Belt
526600,-5.9304,-2.4469,-6.7852,-98.4885,1.2672,-69.9542,40.15,On Belt
526650,-6.4404,-1.0702,-7.7620,-73.2824,16.5191,-35.9389,40.44,On Belt
526700,-6.0238,-2.5618,-8.7460,-37.5878,31.9389,6.0763,40.53,On Belt
526750,-4.8483,1.0606,-7.1467,-5.4198,28.6718,46.9313,40.34,On Belt
526800,-4.2114,1.7693,-7.1826,-2.9160,31.7405,45.7863,40.25,On Belt
526850,-4.5418,0.5866,-7.3095,-23.5114,5.5267,40.3053,40.34,On Belt
526900,-4.7405,-1.8842,-6.2848,-33.4962,-28.2901,-1.2366,40.44,On Belt
526950,-4.9512,-3.0694,-7.3478,-27.5267,-53.0076,-56.5802,40.06,On Belt
527000,-3.3830,0.0383,-8.9854,-20.2137,-47.6947,-90.4580,40.25,On Belt
527050,-3.2825,1.8244,-10.8864,-22.2137,9.9542,-55.4656,40.72,On Belt
527100,-4.5250,0.1365,-6.8474,-44.0000,14.9313,-74.2595,40.39,On Belt
527150,-4.9129,-1.8004,-6.6607,-79.4657,-3.7863,-117.0076,40.67,On Belt
527200,-4.3838,-0.9744,-8.0804,-79.9389,4.9008,-113.7710,40.58,On Belt
527250,-6.9959,-0.3903,-6.8881,-51.3435,10.9618,-76.7634,40.44,On Belt
527300,-5.4468,-0.7230,-7.2784,-24.9313,3.2214,-51.6489,40.44,On Belt
527350,-5.3151,-0.4693,-7.0150,-10.5496,3.5878,-41.0229,40.39,On Belt
527400,-5.1571,-0.1652,-7.2951,-20.7481,-8.0458,-50.2595,40.39,On Belt
527450,-5.5545,0.4501,-7.3813,-26.3969,-12.6107,-43.0992,40.20,On Belt
527500,-5.2720,-0.6440,-7.1754,-19.7710,-19.6489,-30.7939,40.34,On Belt
527550,-5.5617,-0.4477,-6.9863,-9.7405,-30.9924,-22.3359,40.34,On Belt
527600,-7.3382,-1.1540,-7.7237,2.9466,-44.0916,-22.4275,40.44,On Belt
527650,-8.3701,-0.1341,-9.7181,10.7786,-47.8626,-8.6107,40.67,On Belt
527700,-6.4548,0.5722,-5.5210,-33.6641,-29.5573,6.1069,40.67,On Belt
527750,-4.8914,-1.9561,-4.6687,-32.5191,-39.7099,-40.5191,40.58,On Belt
527800,-5.8802,-2.0207,-6.0645,-30.2443,-37.8779,-58.2290,40.34,On Belt
527850,-6.1723,-1.2474,-6.1603,-35.4656,-18.1679,-41.9695,40.39,On Belt
527900,-6.7325,-2.0853,-6.3446,-35.9695,7.0840,-46.7939,40.53,On Belt
527950,-7.3119,-1.2282,-6.4093,-28.7023,11.9695,-34.0916,40.25,On Belt
528000,-6.8019,-1.7741,-6.1220,-22.3969,15.3740,-30.0000,40.39,On Belt
528050,-6.6846,-2.2793,-5.7604,-7.7557,1.7863,-22.7939,40.39,On Belt
528100,-6.7947,-2.5091,-6.4141,4.3817,-9.1298,-16.8702,40.25,On Belt
528150,-6.7277,-2.0279,-5.5761,14.9924,-21.5725,-19.2519,40.39,On Belt
528200,-6.9552,-0.6105,-5.9328,8.4122,-36.6718,-18.2595,40.53,On Belt
528250,-6.0837,-0.2394,-8.2959,-0.3969,-34.5802,4.8244,40.39,On Belt
528300,-5.9711,-2.0925,-7.6351,8.6260,-20.7176,28.2290,40.44,On Belt
528350,-5.1188,-2.2505,-7.9799,14.2290,-3.8321,36.4580,40.67,On Belt
528400,-4.2713,0.1532,-8.8178,-3.7099,44.7939,40.6718,40.39,On Belt
528450,-9.1411,3.6919,-8.6095,-33.9389,76.3817,71.5267,40.72,On Belt
528500,-7.2999,-0.3352,-7.6638,-39.3282,72.5649,78.8702,40.44,On Belt
528550,-5.1020,-3.1412,-6.6966,-32.0916,88.5496,43.3435,40.39,On Belt
528600,-6.7325,-3.3351,-4.7262,-20.0000,88.6412,-34.0305,40.39,On Belt
528650,-7.8243,2.9808,-7.8817,-34.9771,51.1603,-39.6183,40.67,On Belt
528700,-4.8387,0.6943,-7.7141,-25.0992,65.0382,-5.2519,40.53,On Belt
528750,-5.1475,-0.1820,-6.6391,-6.5802,75.2672,-4.2443,40.20,On Belt
528800,-6.8187,0.2370,-5.7150,-18.1985,30.3511,-33.3282,40.25,On Belt
528850,-5.0589,0.1197,-6.0717,-16.1985,-13.1756,-36.7328,40.53,On Belt
528900,-4.3886,1.2546,-6.6846,0.6718,-26.0153,-16.8092,40.44,On Belt
528950,-4.2713,1.5371,-7.6112,30.9618,-50.7176,8.6870,40.34,On Belt
529000,-4.1515,0.8571,-9.3877,29.8626,-60.5191,11.9847,40.39,On Belt
529050,-5.1811,-1.8890,-7.4867,16.5802,-82.3053,-20.4122,40.53,On Belt
529100,-5.6814,-1.8483,-9.8450,32.8855,-96.8092,-64.5802,40.39,On Belt
529150,-8.3222,4.3862,-12.0261,-19.2672,-28.7634,10.0153,40.44,On Belt
529200,-5.2146,-2.5738,-5.6192,-56.8244,-15.1603,-7.9389,40.39,On Belt
529250,-3.3878,-3.2202,-4.4436,-64.6412,4.9160,-70.0000,40.39,On Belt
529300,-4.9991,-4.6208,-6.4787,-55.8321,20.8092,-100.4275,40.39,On Belt
529350,-8.3270,2.8323,-6.9097,-77.1450,35.4809,-83.5420,40.58,On Belt
529400,-9.4739,-1.2043,-6.6295,-78.0763,19.1756,-67.6489,40.25,On Belt
529450,-6.5912,-1.2833,-5.6838,-48.4275,-15.9542,-42.5038,40.39,On Belt
529500,-6.0454,-1.9369,-6.7277,-32.0305,-7.4504,-20.6260,40.53,On Belt
529550,-6.4811,-1.6855,-6.8714,-9.1298,5.0382,14.9924,40.25,On Belt
529600,-6.4931,-2.0806,-6.6774,24.3969,11.0840,41.8779,40.39,On Belt
529650,-6.4332,-1.7861,-6.5769,46.5344,16.8244,70.7176,40.44,On Belt
529700,-6.7109,-1.1947,-6.6990,75.9084,8.8550,101.9695,40.39,On Belt
529750,-5.8155,-1.1277,-7.0653,97.0992,10.0000,126.7481,40.39,On Belt
529800,-4.9009,-1.6137,-8.1642,114.5802,31.8473,150.1832,40.44,On Belt
529850,-4.7357,-0.9720,-7.4603,132.6870,41.8473,177.8473,40.25,On Belt
529900,-5.5785,2.7222,-7.3861,101.2519,49.1298,133.9542,40.44,On Belt
529950,-6.4260,0.3711,-7.8745,22.2137,9.5115,88.0611,40.34,On Belt
530000,-5.0518,-1.9106,-8.3366,0.3053,-1.7710,42.1985,40.72,On Belt
530050,-3.9504,0.6416,-8.5880,16.7786,5.9084,60.2137,40.44,On Belt
530100,-5.4085,-0.2873,-7.5034,36.3664,-4.2290,80.0916,40.53,On Belt
530150,-4.4412,2.0830,-8.7436,50.9008,-2.7176,104.5802,40.25,On Belt
530200,-5.2050,1.0798,-7.3789,26.1221,-9.3588,104.1679,40.44,On Belt
530250,-5.0996,-1.7023,-7.0222,7.0840,-32.3359,72.9160,40.44,On Belt
530300,-5.3223,0.4621,-6.8498,10.6260,-45.8779,56.7328,40.67,On Belt
530350,-6.2560,0.6608,-7.4939,21.1603,-60.4427,60.5802,40.34,On Belt
530400,-5.6647,-0.3519,-7.0797,34.9618,-63.8321,59.6489,40.15,On Belt
530450,-4.5322,-0.0072,-7.1754,50.9008,-51.7710,66.9618,40.67,On Belt
530500,-4.6663,1.1181,-7.2042,60.2290,-22.8855,70.1069,40.44,On Belt
530550,-6.3422,1.1372,-7.4699,60.5496,-17.7405,63.4504,40.39,On Belt
530600,-6.2872,1.5371,-6.6607,31.6794,-28.1985,30.9618,40.53,On Belt
530650,-5.8969,0.5028,-5.8897,0.3511,-41.2824,-20.3511,40.44,On Belt
530700,-6.0071,1.2665,-6.6966,-10.8244,-43.3130,-49.8779,40.39,On Belt
530750,-7.1730,1.5921,-7.8889,-5.4198,-25.6947,-38.9924,40.44,On Belt
530800,-6.5481,-0.1365,-6.0885,11.5878,-14.4275,-14.6870,40.34,On Belt
530850,-6.0334,-0.0335,-5.9400,21.8931,8.9313,-13.0840,40.44,On Belt
530900,-6.8546,-0.9673,-6.4763,32.4885,23.9542,-1.6336,40.44,On Belt
530950,-7.0940,-0.6081,-6.1459,52.6412,22.6412,13.5878,40.34,On Belt
531000,-7.8027,0.1820,-6.1603,55.1145,13.8168,23.9389,40.34,On Belt
531050,-6.7971,-0.8882,-6.8187,47.1756,2.4275,28.9771,40.53,On Belt
531100,-6.4979,-1.4605,-6.9743,34.1527,6.7023,29.7710,40.44,On Belt
531150,-6.0023,-1.4605,-7.2281,36.5344,9.7099,34.7176,40.44,On Belt
531200,-6.1842,-1.5371,-6.8259,32.7939,17.9542,30.2901,40.44,On Belt
531250,-6.1100,-2.0710,-7.1826,22.2901,17.4198,16.5191,40.39,On Belt
531300,-5.8538,-0.8116,-6.5529,1.0076,17.9695,-2.1832,40.34,On Belt
531350,-7.1060,-0.2562,-6.3542,-21.7405,5.1450,-13.7405,40.39,On Belt
531400,-6.7852,-0.6369,-6.4069,-29.1298,6.2137,-6.5496,40.53,On Belt
531450,-6.5745,-1.5203,-6.0478,-22.2901,9.8168,-2.5038,40.58,On Belt
531500,-6.4691,-1.0008,-6.1148,-15.1908,18.0458,2.9160,40.44,On Belt
531550,-7.2449,-0.6225,-6.1292,-2.4275,17.8168,15.5725,40.67,On Belt
531600,-7.6423,-0.1844,-6.0932,10.7481,8.1069,26.4275,40.34,On Belt
531650,-6.0908,-0.6608,-6.7564,22.8397,5.8779,37.9389,40.44,On Belt
531700,-5.7461,-0.3639,-6.9863,32.7023,18.5802,45.2061,40.67,On Belt
531750,-6.4236,0.4908,-7.1275,32.0000,23.8473,42.9924,40.44,On Belt
531800,-6.6008,0.5028,-6.7325,16.4580,13.5267,32.6870,40.58,On Belt
531850,-6.1483,-0.0814,-7.0533,4.3053,1.2061,20.7481,40.20,On Belt
531900,-5.5162,-0.2634,-7.2305,5.4656,5.4351,20.3053,40.25,On Belt
531950,-5.9616,-0.4214,-6.9791,12.3053,8.5344,19.2366,40.39,On Belt
532000,-6.2273,0.5100,-6.7995,15.2977,1.5573,19.9695,40.39,On Belt
532050,-5.9352,0.0575,-6.8833,17.1450,-4.7023,19.9695,40.25,On Belt
532100,-5.7724,-0.3519,-6.9671,19.5267,-10.7786,14.7023,40.67,On Belt
532150,-5.5426,0.2873,-6.9384,18.6412,-14.3206,6.4885,40.53,On Belt
532200,-5.7988,0.7422,-7.6974,13.5725,-13.9237,3.6489,40.25,On Belt
532250,-5.7102,0.4980,-7.4651,4.3053,-13.5115,0.3817,40.53,On Belt
532300,-5.6790,0.0766,-7.4795,0.4275,-9.6183,-7.1908,40.44,On Belt
532350,-5.5593,0.1676,-7.7045,1.6794,1.3588,-2.8702,40.25,On Belt
532400,-5.9855,0.3112,-7.2856,2.3206,6.6107,-4.1374,40.44,On Belt
532450,-6.1411,0.2490,-6.8378,-8.6260,0.3511,-15.9084,40.53,On Belt
532500,-5.8873,-0.5195,-6.8498,-15.5573,-5.9389,-29.6947,40.53,On Belt
532550,-5.9640,-0.3783,-7.1299,-13.0534,-2.5038,-32.5649,40.39,On Belt
532600,-6.5625,-0.1484,-6.7660,-13.4656,-1.4046,-24.6565,40.44,On Belt
532650,-6.2776,-0.6345,-6.6224,-11.3740,-6.5496,-20.9008,40.53,On Belt
532700,-5.7700,-0.9026,-6.9240,-6.4275,-5.6183,-22.8092,40.39,On Belt
532750,-6.2824,-0.6847,-6.7924,-10.5191,-5.2061,-26.2443,40.39,On Belt
532800,-6.1004,-0.7853,-6.9719,-16.6107,-8.3053,-30.3359,40.34,On Belt
532850,-5.9807,-1.2570,-6.8905,-19.2366,-5.3893,-31.5573,40.58,On Belt
532900,-6.0358,-1.5514,-6.6846,-19.4504,-5.6031,-35.4504,40.34,On Belt
532950,-5.9951,-1.7190,-6.5098,-22.5496,-8.0611,-39.7710,40.39,On Belt
533000,-6.1627,-1.8818,-6.4739,-23.9084,-9.9389,-42.2901,40.44,On Belt
533050,-6.0741,-1.7957,-6.5817,-25.1908,-10.4122,-45.7710,40.34,On Belt
533100,-6.3710,-1.8627,-6.7780,-29.3893,-10.3053,-47.1756,40.25,On Belt
533150,-6.3686,-1.5012,-6.5984,-33.2977,-9.0076,-43.0076,40.44,On Belt
533200,-6.4643,-2.0231,-6.5122,-32.5954,-6.1221,-37.0840,40.39,On Belt
533250,-6.1339,-2.4756,-6.4500,-27.3435,-2.8855,-30.8855,40.58,On Belt
533300,-6.2297,-2.5833,-6.4620,-21.2366,1.3740,-27.2366,40.58,On Belt
533350,-6.3375,-2.2841,-6.5050,-17.5878,1.4504,-19.7099,40.25,On Belt
533400,-6.4859,-2.0351,-6.3255,-15.2977,-1.6336,-15.3282,40.25,On Belt
533450,-6.4069,-2.4660,-6.6056,-14.9771,-7.0076,-9.7099,40.53,On Belt
533500,-6.0789,-2.6384,-6.7995,-11.5420,-6.3969,-5.7710,40.39,On Belt
533550,-5.9065,-2.5355,-6.8833,-8.2443,1.4962,1.4656,40.39,On Belt
533600,-6.1627,-1.9848,-6.3590,-3.7099,2.3664,8.0000,40.44,On Belt
533650,-6.3734,-1.6688,-6.8331,-2.4275,4.3053,14.1679,40.53,On Belt
533700,-6.5529,-1.6400,-6.9815,0.8397,6.4580,22.9924,40.39,On Belt
533750,-5.9783,-1.4581,-6.9360,-0.1679,9.9389,28.5496,40.39,On Belt
533800,-5.7437,-1.4820,-7.0006,0.5649,17.1756,31.4656,40.53,On Belt
533850,-6.5098,0.3160,-6.9384,-7.1450,19.8015,30.0611,40.39,On Belt
533900,-6.5817,-0.3783,-6.3494,-20.1832,16.4580,28.5496,40.25,On Belt
533950,-6.5266,-1.0942,-6.4021,-22.4427,12.7176,24.0305,40.58,On Belt
534000,-6.4332,-0.9673,-6.4189,-13.3740,8.6718,23.1603,40.34,On Belt
534050,-6.2680,-0.9433,-6.2393,1.5420,5.4504,26.7481,40.53,On Belt
534100,-6.4356,0.1508,-6.7924,11.9389,4.2748,33.5878,40.39,On Belt
534150,-6.4189,0.6728,-7.2257,20.5649,3.4504,46.9924,40.44,On Belt
534200,-5.8251,0.0096,-7.1419,19.8626,14.5344,53.9084,40.77,On Belt
534250,-6.1244,0.3926,-7.0006,20.3206,19.5878,55.0840,40.44,On Belt
534300,-6.1627,0.9290,-7.4891,24.4580,17.8473,59.6183,40.44,On Belt
534350,-7.2281,1.1732,-7.6519,24.3206,7.4351,66.1221,40.67,On Belt
534400,-6.3710,1.7454,-7.2903,8.1679,-11.8473,66.7786,40.25,On Belt
534450,-5.0637,0.3663,-7.2161,-2.1069,-2.2137,62.7023,40.20,On Belt
534500,-4.2689,0.1891,-7.1060,15.1756,16.6260,61.2366,40.44,On Belt
534550,-4.7621,1.3695,-7.8195,32.7786,35.0992,76.3817,40.53,On Belt
534600,-4.9847,1.7142,-7.7907,43.0687,32.0153,85.8321,40.39,On Belt
534650,-4.2473,1.1396,-7.3813,42.5649,10.9771,71.8626,40.44,On Belt
534700,-4.2689,0.5267,-7.5657,30.4275,-7.6794,40.9771,40.53,On Belt
534750,-3.9265,1.9656,-8.4779,11.3740,-24.3511,18.5802,40.72,On Belt
534800,-4.1444,2.0901,-7.7835,-10.0153,-26.0458,6.8092,40.67,On Belt
534850,-4.4508,1.1779,-7.2353,-3.6794,-31.0840,0.1069,40.44,On Belt
534900,-4.7142,2.0016,-7.9535,9.5725,-24.7176,9.0229,40.25,On Belt
534950,-4.8698,1.9106,-7.9272,21.0076,-16.0916,26.5496,40.53,On Belt
535000,-4.4796,1.5730,-6.9839,29.5878,-14.2443,29.1908,40.58,On Belt
535050,-4.3455,1.7645,-7.1778,28.0305,-17.6031,17.8626,40.34,On Belt
535100,-4.0318,1.5682,-7.3717,27.0229,-13.7405,4.5649,40.58,On Belt
535150,-4.1707,2.2625,-7.8793,29.0076,-11.4656,2.9313,40.44,On Belt
535200,-3.7828,2.0255,-8.1762,31.8168,-9.4809,3.5878,40.67,On Belt
535250,-3.7182,2.8659,-8.5665,21.4809,-7.5267,-7.1756,40.39,On Belt
535300,-7.5082,-0.3304,-9.3134,23.8473,-33.1450,-56.5954,40.44,On Belt
535350,-6.5984,0.8667,-9.4954,-16.5038,-29.7863,-72.7023,40.39,On Belt
535400,-7.1658,1.8364,-5.3774,-63.1298,-10.0153,-94.4580,40.53,On Belt
535450,-7.7524,1.0558,-5.7221,-72.5343,-48.0611,-91.0840,40.44,On Belt
535500,-3.9361,-2.2649,-7.1826,-47.9542,1.0229,-67.2214,40.39,On Belt
535550,-5.2529,-4.4939,-6.9599,-54.6260,39.0076,-68.8092,40.58,On Belt
535600,-4.9608,-3.0957,-5.5713,-32.5954,34.4275,-51.8015,40.44,On Belt
535650,-6.2776,-3.7134,-7.0461,-5.8779,26.0000,-34.1832,40.34,On Belt
535700,-6.9121,-0.6057,-6.8474,13.0076,16.4886,-0.1374,40.39,On Belt
535750,-7.5058,-1.6257,-7.0318,22.7634,21.4962,27.1603,40.39,On Belt
535800,-6.6343,-2.4469,-6.3279,36.3817,8.8550,44.2595,40.58,On Belt
535850,-5.5905,-2.6049,-7.2927,61.2366,-2.1985,67.8779,40.77,On Belt
535900,-5.3151,-2.4181,-7.0677,76.7786,14.9618,83.0687,40.44,On Belt
535950,-5.5617,-2.8563,-7.3287,94.6718,13.4656,104.9618,40.58,On Belt
536000,-4.8530,-2.9664,-7.2449,115.4198,16.4427,125.6489,40.72,On Belt
536050,-5.0925,-1.9106,-7.2257,129.8626,15.2061,126.5191,40.53,On Belt
536100,-6.0597,1.0750,-7.3263,70.3206,-7.4198,84.2443,40.67,On Belt
536150,-6.1124,-2.1117,-8.1211,-2.7328,-56.1374,42.7023,40.77,On Belt
536200,-5.3558,-4.5753,-7.5106,-2.6870,-59.8931,-10.7481,40.44,On Belt
536250,-4.5777,-3.6129,-6.2920,9.3435,-58.4122,-29.2824,40.25,On Belt
536300,-2.8635,1.8387,-9.4739,9.2061,-17.8015,18.6107,40.67,On Belt
536350,-7.5298,-0.4908,-6.7756,12.1985,6.4733,39.1908,40.67,On Belt
536400,-5.8490,-2.5426,-6.8307,-7.0992,-7.6336,25.8931,40.34,On Belt
536450,-5.3103,-2.1284,-6.2249,-20.1069,-3.2061,-0.4275,40.25,On Belt
536500,-6.4260,-2.1237,-7.1036,-19.5267,-8.3359,-19.9084,40.44,On Belt
536550,-8.3941,0.3543,-7.7285,-49.4504,-5.0382,-16.2137,40.72,On Belt
536600,-6.8546,-0.3496,-6.4428,-65.8168,-10.3359,-6.6565,40.53,On Belt
536650,-5.6120,-0.7063,-6.5745,-70.3053,13.3435,-2.5038,40.44,On Belt
536700,-5.9376,0.9649,-6.7804,-81.5420,50.6260,15.5725,40.39,On Belt
536750,-7.8338,0.8475,-7.6375,-87.6031,77.2824,26.3664,40.44,On Belt
536800,-6.6343,-2.0518,-6.7133,-62.2290,86.0916,21.1450,40.58,On Belt
536850,-7.0653,-1.0774,-6.2345,-46.8397,88.4580,5.4351,40.58,On Belt
536900,-7.6327,1.3455,-7.3574,-37.3282,77.6031,23.7099,40.53,On Belt
536950,-6.0669,1.0271,-6.5362,-20.8855,66.3206,31.7405,40.67,On Belt
537000,-5.5115,0.7614,-6.3351,-9.0076,60.7634,36.2748,40.53,On Belt
537050,-6.0071,1.5778,-7.0222,4.9008,42.5496,43.1603,40.39,On Belt
537100,-5.1954,1.0367,-7.2281,22.9466,25.1450,50.1679,40.53,On Belt
537150,-3.9648,1.4222,-7.0485,37.4198,12.8092,50.2443,40.34,On Belt
537200,-3.6847,1.4820,-7.6183,28.4733,-2.3969,21.1908,40.67,On Belt
537250,-4.2713,0.8284,-8.1714,2.2137,-33.1450,-16.0153,40.53,On Belt
537300,-3.1101,1.6113,-8.6933,-10.4885,-36.5344,-35.8015,40.53,On Belt
537350,-4.3886,1.8004,-8.0397,-12.2595,-25.5878,-27.6336,40.34,On Belt
537400,-4.8052,1.8651,-8.1044,-2.1985,-34.3969,-16.1374,40.53,On Belt
537450,-4.3790,1.2258,-7.9344,12.3206,-31.3282,-3.8015,40.39,On Belt
537500,-4.2114,0.7638,-8.0230,23.8779,-28.8550,-2.8397,40.58,On Belt
537550,-4.5466,1.1229,-7.6902,18.4275,-30.5496,-20.1527,40.58,On Belt
537600,-5.3391,1.6712,-7.9080,2.3053,-37.8779,-32.7786,40.67,On Belt
537650,-5.3486,1.0822,-8.8849,-5.5878,-35.7099,-36.2290,40.58,On Belt
537700,-5.2194,1.1660,-7.3406,-8.4427,-28.1985,-36.3664,40.44,On Belt
537750,-6.1699,0.5722,-7.1635,-9.8168,-26.3359,-35.3588,40.34,On Belt
537800,-5.7030,-0.0407,-7.2856,4.0305,-23.0229,-21.9084,40.44,On Belt
537850,-5.3486,0.4525,-7.0366,19.1756,-8.5954,0.6260,40.39,On Belt
537900,-5.9185,0.1077,-7.8721,28.0916,-0.0458,11.3282,40.25,On Belt
537950,-5.4564,0.0982,-7.5729,17.9084,4.6412,2.1985,40.34,On Belt
538000,-5.8203,0.5148,-7.3047,-6.4427,2.5496,-12.1527,40.39,On Belt
538050,-6.1603,0.1460,-7.5010,-18.9771,0.3969,-12.6870,40.39,On Belt
538100,-5.8227,-0.8164,-6.7133,-9.8931,2.3053,-6.7481,40.39,On Belt
538150,-6.1675,-0.5722,-7.0366,3.4656,4.8702,2.3359,40.53,On Belt
538200,-5.9616,-0.4669,-6.9983,13.4046,3.6947,10.5954,40.39,On Belt
538250,-5.9568,-0.2251,-6.9336,10.7023,1.2519,4.5954,40.25,On Belt
538300,-6.0382,0.0407,-7.4675,-2.4733,-2.0153,-1.0229,40.67,On Belt
538350,-5.7724,-0.5914,-7.1299,-7.4656,-2.0153,-3.8168,40.39,On Belt
538400,-5.5522,-0.3950,-6.9959,-2.8550,0.9618,-4.1221,40.25,On Belt
538450,-6.0717,-0.4693,-7.1227,2.0153,1.3130,0.7176,40.34,On Belt
538500,-5.7988,-0.3472,-7.0390,3.5573,-0.0305,0.5038,40.34,On Belt
538550,-5.9735,0.0287,-7.2999,-0.9313,-0.6718,-0.6260,40.44,On Belt
538600,-5.7150,-0.6057,-7.2233,-1.4809,-0.0458,-0.8702,40.39,On Belt
538650,-5.6599,-0.2705,-7.2257,-0.1069,1.8931,-1.8168,40.58,On Belt
538700,-5.8682,-0.4429,-7.2305,-1.6031,1.9084,-3.6489,40.39,On Belt
538750,-5.9951,-0.3831,-7.1227,-4.9008,-1.1908,-5.7099,40.58,On Belt
538800,-5.7844,-0.3304,-7.0605,-5.6183,-1.2672,-6.2748,40.44,On Belt
538850,-5.8419,-0.6129,-7.1778,-2.9924,-0.6565,-2.9313,40.34,On Belt
538900,-5.6120,-0.4477,-7.1036,2.9313,-1.2977,-2.4275,40.39,On Belt
538950,-5.8012,-0.4525,-7.3382,1.4656,-2.0916,-3.8931,40.44,On Belt
539000,-5.6743,-0.2921,-7.2425,-3.8779,-4.1679,-9.5420,40.67,On Belt
539050,-5.8466,-0.4501,-7.3215,-6.4275,-3.9237,-10.1527,40.34,On Belt
539100,-5.6934,-0.6201,-7.1395,-5.9237,-2.7939,-8.3969,40.44,On Belt
539150,-5.8802,-0.6081,-7.0844,-1.9847,-3.0534,-7.2366,40.58,On Belt
539200,-5.9544,-0.5148,-7.3454,-3.1298,-2.3053,-5.2061,40.53,On Belt
539250,-5.8059,-0.7470,-7.1635,-3.3893,-1.4504,-6.1832,40.44,On Belt
539300,-6.0047,-0.9864,-6.9168,-2.3817,-3.5878,-5.4656,40.67,On Belt
539350,-5.9017,-0.9816,-7.0797,1.4046,-8.7023,-3.2977,40.25,On Belt
539400,-5.3391,-0.8906,-7.3622,2.5954,-8.2748,-6.2901,40.25,On Belt
539450,-5.3103,-0.7685,-7.4077,-4.8244,-5.1908,-16.2290,40.44,On Belt
539500,-5.9256,-0.5794,-7.2975,-22.2443,-8.1679,-32.6870,40.25,On Belt
539550,-5.9544,-0.7135,-7.0773,-35.3588,-12.6870,-43.2061,40.44,On Belt
539600,-6.3279,-0.9768,-6.8690,-37.0076,-16.8244,-43.1908,40.53,On Belt
539650,-6.0621,-1.0870,-6.5936,-31.3740,-17.6947,-40.0305,40.53,On Belt
539700,-6.1651,-1.1947,-6.7660,-27.3740,-10.1679,-34.1374,40.53,On Belt
539750,-6.3207,-1.1636,-6.7421,-20.1679,-6.8244,-26.9160,40.58,On Belt
539800,-6.1890,-1.2378,-6.6726,-14.2443,-3.2366,-20.8397,40.44,On Belt
539850,-6.3303,-0.9290,-6.7780,-15.8931,-2.4427,-22.9618,40.25,On Belt
539900,-6.1914,-0.9361,-6.8354,-22.3511,-0.9008,-23.9389,40.58,On Belt
539950,-6.1914,-1.5969,-6.4811,-29.1908,-0.9008,-31.8473,40.34,On Belt
540000,-6.3829,-1.0558,-6.5984,-33.3435,0.5191,-34.5496,40.44,On Belt
540050,-6.5050,-1.6664,-6.4787,-30.3206,2.2443,-29.7710,40.72,On Belt
540100,-6.3039,-1.9369,-6.1818,-21.3282,0.5802,-31.2824,40.67,On Belt
540150,-6.4739,-1.4174,-6.3015,-18.7786,2.4580,-28.4275,40.53,On Belt
540200,-6.7397,-1.6257,-6.4212,-14.6412,2.5496,-23.4656,40.39,On Belt
540250,-6.5793,-1.5778,-6.3327,-10.3206,1.3435,-18.5038,40.25,On Belt
540300,-6.4739,-1.6185,-6.3422,-3.5573,-0.1374,-14.5344,40.34,On Belt
540350,-6.5338,-1.5562,-6.4452,2.8397,-2.7634,-8.1527,40.72,On Belt
540400,-6.0693,-2.0327,-6.3877,5.2824,-2.2137,-5.9542,40.67,On Belt
540450,-6.0238,-2.0925,-6.4356,11.2214,-2.2137,-6.1527,40.53,On Belt
540500,-6.2441,-1.8986,-6.8211,10.0611,-3.7099,-4.0458,40.44,On Belt
540550,-6.0214,-2.0446,-6.9599,11.6641,-0.3664,-1.3130,40.58,On Belt
540600,-5.9185,-2.1476,-6.9001,11.4656,0.6260,0.9160,40.39,On Belt
540650,-5.7365,-2.3152,-6.8019,9.6641,2.7328,0.1069,40.44,On Belt
540700,-6.0358,-2.1859,-6.7421,5.6947,0.9160,-1.9084,40.39,On Belt
540750,-5.9472,-2.3152,-6.8690,1.6336,-1.0229,-3.6641,40.44,On Belt
540800,-6.0358,-2.5977,-6.6056,-1.4504,-3.1756,-4.1069,40.44,On Belt
540850,-5.8849,-2.7629,-6.4093,-0.3053,-5.5267,-2.1679,40.53,On Belt
540900,-5.6814,-2.4325,-6.8690,9.5573,-4.2443,2.6107,40.39,On Belt
540950,-6.1148,-2.4900,-7.1227,10.3206,3.0534,9.8931,40.58,On Belt
541000,-6.2034,-2.3798,-6.5146,8.3511,0.2595,11.0382,40.67,On Belt
541050,-6.1723,-2.3703,-6.6295,-1.4809,-0.2290,3.6794,40.25,On Belt
541100,-5.9975,-2.3008,-6.7469,-3.3282,1.0840,3.5878,40.34,On Belt
541150,-6.0286,-1.9417,-6.7014,-4.4275,4.4122,13.7710,40.72,On Belt
541200,-6.2393,-2.8084,-6.8785,-0.7023,5.7405,22.0000,40.39,On Belt
541250,-6.0238,-2.7845,-6.7277,7.1145,4.2443,26.5802,40.53,On Belt
541300,-6.0645,-2.9257,-6.7900,8.1069,8.2595,34.0153,40.58,On Belt
541350,-6.0645,-2.3535,-6.7971,7.1298,19.3435,36.7939,40.58,On Belt
541400,-6.5242,-0.5459,-6.3398,4.2595,28.7176,51.3740,40.67,On Belt
541450,-6.7493,-1.5730,-6.2560,6.9771,30.9008,62.5954,40.44,On Belt
541500,-6.0286,-2.1189,-6.3710,20.1069,26.8244,71.2366,40.67,On Belt
541550,-5.3151,-1.1037,-6.9623,33.1450,39.4504,87.6489,40.58,On Belt
541600,-6.0382,-1.6544,-7.0916,41.0076,50.6260,104.8397,40.77,On Belt
541650,-6.3686,-0.7829,-6.4356,51.6794,41.9542,110.4885,40.58,On Belt
541700,-5.9711,-0.5363,-6.8977,55.3282,33.0229,115.4657,40.53,On Belt
541750,-6.3853,-0.4693,-7.5226,56.4427,21.6947,128.8702,40.25,On Belt
541800,-5.1164,0.0766,-7.6662,58.6260,10.1374,131.6183,40.53,On Belt
541850,-4.3694,-0.3950,-7.9080,49.5115,15.3130,111.1298,40.44,On Belt
541900,-4.0103,0.5626,-8.2552,30.2137,17.2977,85.5725,40.44,On Belt
541950,-3.8235,0.7518,-9.0166,17.4504,18.5802,72.0153,40.53,On Belt
542000,-4.5298,0.3759,-8.0685,17.8473,20.6107,58.4122,40.34,On Belt
542050,-4.7022,0.1245,-7.4675,12.0458,4.3206,40.5802,40.39,On Belt
542100,-3.8092,0.5794,-7.5082,13.0992,-12.4733,26.6565,40.58,On Belt
542150,-3.3184,1.5012,-8.5976,16.5954,-15.4504,26.5802,40.58,On Belt
542200,-3.5195,1.2186,-8.4635,17.3893,-14.3664,22.8092,40.44,On Belt
542250,-4.1611,0.9385,-8.4252,8.8550,-21.6489,8.7786,40.39,On Belt
542300,-4.0199,0.1987,-8.2696,-1.2824,-23.4198,-8.9618,40.39,On Belt
542350,-3.8571,0.2418,-8.8298,4.6260,-18.6412,-19.5725,40.67,On Belt
542400,-4.1468,1.0534,-8.3390,-2.5191,-7.9695,-27.4046,40.77,On Belt
542450,-5.3798,0.8619,-7.7285,-27.1145,-14.0916,-45.1908,40.34,On Belt
542500,-5.6455,-0.3280,-7.1874,-35.0534,-24.0305,-57.9847,40.39,On Belt
542550,-5.4324,-0.3280,-7.1515,-28.7023,-27.9237,-56.2748,40.67,On Belt
542600,-5.4875,0.3974,-7.4651,-21.0992,-17.8779,-39.8779,40.53,On Belt
542650,-5.9185,-0.7350,-7.0390,-9.2824,-13.4046,-28.3206,40.15,On Belt
542700,-5.9161,-0.5411,-6.7924,-0.4122,-18.0000,-23.7252,40.39,On Belt
542750,-5.8107,-0.1532,-7.1084,-4.2443,-17.5114,-24.5802,40.67,On Belt
542800,-5.9161,-0.5483,-7.0006,-7.2672,-17.5878,-28.8244,40.44,On Belt
542850,-5.8251,-0.3089,-7.3095,-12.3206,-16.2901,-30.7939,40.39,On Belt
542900,-6.1292,-0.5650,-7.4531,-17.1298,-8.7176,-28.5954,40.39,On Belt
542950,-6.3518,-0.5650,-7.0773,-18.0611,-5.1603,-25.2519,40.67,On Belt
543000,-6.2872,-0.8715,-6.7924,-18.7939,-4.2595,-22.6565,40.67,On Belt
543050,-6.3614,-0.9864,-6.6439,-16.8244,-4.2595,-20.3969,40.44,On Belt
543100,-6.2321,-1.0127,-6.4811,-13.0229,-5.3282,-17.1908,40.25,On Belt
543150,-6.1890,-1.0774,-6.5745,-11.1450,-2.5496,-17.4962,40.44,On Belt
543200,-6.3997,-1.0008,-6.7995,-8.3206,-1.2672,-12.1832,40.39,On Belt
543250,-6.2704,-1.0582,-6.7373,-5.5420,0.4275,-9.7405,40.34,On Belt
543300,-6.6128,-1.1468,-6.4979,-8.3969,-0.9924,-11.2061,40.67,On Belt
543350,-6.4596,-1.1684,-6.5673,-7.2824,-5.3435,-11.5573,40.44,On Belt
543400,-6.3375,-1.1109,-6.6559,-0.9008,-6.5344,-8.7786,40.53,On Belt
543450,-6.1555,-1.2306,-6.7421,4.3664,-9.9084,-1.1756,40.53,On Belt
543500,-5.8538,-1.3551,-6.7253,9.5420,-11.1756,1.2366,40.34,On Belt
543550,-5.8275,-1.2905,-6.7229,0.8855,-12.2137,-9.7557,40.44,On Belt
543600,-5.5785,-1.1899,-7.4364,-11.4504,-13.8931,-26.5649,40.53,On Belt
543650,-6.0501,-0.9337,-8.1259,-37.0382,-7.6336,-36.7939,40.58,On Belt
543700,-6.2680,-1.0846,-7.2880,-54.1832,-12.4275,-47.4046,40.53,On Belt
543750,-6.1986,-0.5818,-7.1180,-65.5115,-16.3053,-51.8473,40.25,On Belt
543800,-6.3686,-0.4549,-7.0797,-67.0840,-12.6107,-42.1221,40.53,On Belt
543850,-5.9999,-0.4118,-7.2185,-67.4504,-3.2061,-33.9084,40.53,On Belt
543900,-6.4596,0.6201,-7.4699,-78.9008,11.4656,-19.5420,40.58,On Belt
543950,-5.6240,-0.1748,-6.7924,-89.7252,25.6947,-12.5954,40.34,On Belt
544000,-5.6431,-1.3001,-5.5569,-78.9313,34.1069,-36.8092,40.72,On Belt
544050,-6.4835,-5.3056,-6.6918,-64.7786,31.0992,-76.0153,40.53,On Belt
544100,-6.4284,-2.0973,-4.9225,-43.0229,24.5344,-119.1450,40.44,On Belt
544150,-10.0365,2.3128,-4.7285,-88.9618,-7.2672,-153.1756,40.44,On Belt
544200,-8.6167,0.2993,-5.8203,-124.4885,-45.0687,-183.1298,40.44,On Belt
544250,-6.8905,-0.6416,-6.7062,-132.1679,-50.9466,-172.8092,40.53,On Belt
544300,-5.2720,-1.4629,-6.9839,-130.8855,-22.5649,-145.0076,40.67,On Belt
544350,-4.9081,-3.5721,-7.2472,-112.0305,15.0229,-125.5115,40.67,On Belt
544400,-5.2026,-1.6065,-7.9296,-46.9008,4.2443,-50.1832,40.39,On Belt
544450,-5.2768,-4.8195,-7.7740,58.5649,0.6565,-11.0687,40.67,On Belt
544500,-4.2904,-0.4860,-6.2608,73.6794,18.2748,15.5420,40.53,On Belt
544550,-6.9839,-1.6664,-7.8075,85.1298,24.8244,54.6260,40.44,On Belt
544600,-6.6966,-2.4445,-6.7469,107.0229,-0.5954,73.1450,40.58,On Belt
544650,-4.6615,-1.0750,-6.9360,113.5878,-17.3130,72.8244,40.39,On Belt
544700,-7.2065,1.8818,-7.7261,6.5344,-23.3588,4.9924,40.58,On Belt
544750,-5.8012,-1.5754,-8.5784,-86.9924,-80.3817,-31.6641,40.25,On Belt
544800,-5.3822,-5.1619,-8.4252,-105.5573,-57.4198,-79.8626,40.44,On Belt
544850,-4.6615,-4.0773,-6.4189,-95.7405,-50.0916,-101.9542,40.44,On Belt
544900,-4.6064,-4.0247,-6.8307,-98.8855,-27.9542,-120.1985,40.39,On Belt
544950,-5.3798,0.6536,-6.5888,-118.3511,-10.2443,-76.3969,40.39,On Belt
545000,-6.2249,-3.9313,-7.4915,-102.4733,6.4275,-75.7405,40.67,On Belt
545050,-5.5785,-4.4724,-7.0078,-92.4275,-8.0916,-62.9008,40.67,On Belt
545100,-5.0518,-4.3646,-6.6702,-88.9771,-1.9389,-71.5573,40.44,On Belt
545150,-5.2696,-4.5059,-6.5218,-88.8397,9.1298,-85.4657,40.53,On Belt
545200,-6.2608,-1.9106,-5.8179,-84.2901,3.9084,-85.1450,40.67,On Belt
545250,-8.1762,-1.3312,-6.8115,-97.9695,-16.8550,-78.9771,40.39,On Belt
545300,-5.3726,-2.1380,-7.9847,-71.6031,-42.0611,-55.2977,40.34,On Belt
545350,-4.9752,-2.2889,-9.1363,-30.2290,-16.4427,-6.1679,40.67,On Belt
545400,-7.5441,-0.3543,-7.9511,-19.1450,-3.0382,24.5038,40.58,On Belt
545450,-6.6439,5.1404,-7.6519,-33.2977,-11.8473,53.8779,40.39,On Belt
545500,-4.4891,1.5658,-9.1674,-57.8473,44.8092,68.3053,40.53,On Belt
545550,-4.9344,-1.9656,-9.8833,-43.0687,85.1756,61.2214,40.44,On Belt
545600,-6.3207,-6.3925,-6.4811,-17.9847,99.6794,-0.7328,40.53,On Belt
545650,-5.2026,-4.8578,-5.2840,33.4351,81.8779,-52.3817,40.53,On Belt
545700,-2.0303,7.0054,-10.0317,3.4809,107.9542,-24.4427,40.67,On Belt
545750,-6.0669,0.2658,-9.1650,15.9084,131.2672,-25.2672,40.25,On Belt
545800,-6.2201,-2.3200,-5.6838,16.5191,76.2443,-10.5802,40.39,On Belt
545850,-5.4755,-0.1173,-5.7772,32.5038,-11.0992,15.4046,40.39,On Belt
545900,-4.1779,1.7166,-7.7812,-3.5878,-42.0458,8.5191,40.25,On Belt
545950,-4.0941,-0.8595,-6.2608,-15.0076,-74.8702,1.6489,40.67,On Belt
546000,-3.1795,0.1772,-8.1044,19.2519,-110.1374,0.9008,40.34,On Belt
546050,-4.2665,-1.0319,-9.2895,26.6870,-95.7252,13.4046,40.39,On Belt
546100,-4.6998,-1.7813,-8.6550,38.0458,-98.1985,9.4198,40.67,On Belt
546150,-4.3598,1.2186,-10.4172,37.6489,-95.7557,26.2748,40.25,On Belt
546200,-4.4700,1.4126,-10.3693,3.0229,-68.6260,28.5802,40.53,On Belt
546250,-8.8562,-3.3782,-10.7667,-1.5115,-89.7252,-32.7939,40.53,On Belt
546300,-4.4077,5.0949,-9.1219,-69.5420,-42.7634,-36.1221,40.67,On Belt
546350,-6.6679,-2.1308,-4.9895,-101.3435,-0.3359,-23.2214,40.67,On Belt
546400,-4.2114,-1.6017,-3.3950,-43.4198,-16.0458,-60.4275,40.53,On Belt
546450,-3.5889,-2.1596,-4.7525,-67.7863,12.1374,-66.6565,40.39,On Belt
546500,-4.9823,-4.0725,-6.6631,-112.3053,65.8321,-81.2977,40.72,On Belt
546550,-8.9471,-5.0829,-8.4922,-54.8244,63.5878,-104.0611,40.53,On Belt
546600,-9.2249,-0.6488,-7.1754,-52.5038,35.1145,-52.2748,40.44,On Belt
546650,-7.2975,-1.1875,-4.9368,-45.6641,28.8092,-47.7557,40.44,On Belt
546700,-5.7676,-2.5019,-4.3024,-0.7786,-15.2824,-26.2901,40.72,On Belt
546750,-5.8323,-3.0047,-6.4572,25.3588,-29.5420,-7.3435,40.34,On Belt
546800,-6.3087,-1.7262,-7.4699,68.7176,-35.4046,29.7557,40.39,On Belt
546850,-6.0789,-2.2338,-7.1515,93.3893,-41.2519,64.1374,40.67,On Belt
546900,-5.8275,-1.9848,-6.9887,102.6107,-37.6947,82.3511,40.53,On Belt
546950,-5.5809,-2.0016,-8.0373,102.5649,-34.1221,95.9389,40.53,On Belt
547000,-7.0749,-0.6608,-8.4467,39.2519,-30.4427,66.5496,40.34,On Belt
547050,-5.8586,-1.7669,-8.3151,-14.8550,-61.9237,37.3435,40.58,On Belt
547100,-4.8961,-2.3918,-11.1426,-57.2061,-20.3053,-15.0534,40.58,On Belt
547150,-6.6343,2.5666,-10.4986,-57.2519,92.7786,67.6947,40.39,On Belt
547200,-5.3510,-3.1771,-6.9025,-66.1985,124.9618,22.2443,40.67,On Belt
547250,-5.3798,-4.4412,-5.4157,-80.4275,132.3359,-49.4809,40.67,On Belt
547300,-6.3494,-5.7940,-6.5769,-43.1756,122.4580,-96.3511,40.53,On Belt
547350,-9.8186,2.8060,-8.1523,-83.0076,87.3435,-79.7557,40.53,On Belt
547400,-5.4516,-1.2641,-6.3470,-56.0305,78.5496,-47.8626,40.34,On Belt
547450,-5.6982,-3.6775,-5.7174,-17.6489,59.4198,-51.9084,40.44,On Belt
547500,-6.0310,0.7135,-5.3893,-12.2901,30.5649,-65.9847,40.44,On Belt
547550,-6.1411,1.6257,-6.8331,-4.9924,16.6718,-33.4504,40.39,On Belt
547600,-5.2744,-0.7638,-6.0238,15.4046,-16.1985,-4.7786,40.39,On Belt
547650,-4.0055,0.1676,-7.3047,40.7023,-36.9313,7.7863,40.53,On Belt
547700,-4.6017,0.0311,-8.1163,38.2137,-49.3282,4.3053,40.67,On Belt
547750,-5.2457,-0.5028,-9.0046,32.0305,-74.5954,8.8855,40.77,On Belt
547800,-4.2617,-0.6871,-10.2041,28.8397,-68.8550,16.7481,40.25,On Belt
547850,-7.3310,0.1796,-10.5800,55.1298,-72.8397,17.4504,40.58,On Belt
547900,-5.7509,-1.3551,-9.0788,31.4198,-46.1221,10.2290,40.58,On Belt
547950,-7.5346,1.1468,-5.2840,-20.1832,-29.2061,-15.3588,40.67,On Belt
548000,-5.3941,-0.6464,-4.5059,-43.0840,-69.5267,-44.5954,40.39,On Belt
548050,-4.1563,-3.5267,-5.6814,-50.2901,-62.3664,-65.1298,40.53,On Belt
548100,-5.3534,-4.0893,-7.4747,-56.1985,-17.1908,-96.0153,40.34,On Belt
548150,-5.8897,1.5275,-6.6032,-57.6336,14.5649,-61.6336,40.58,On Belt
548200,-7.8147,-2.0303,-7.1754,-33.8779,32.0000,-39.2061,40.67,On Belt
548250,-6.5817,-2.4157,-6.1914,-8.0611,19.0382,-12.3053,40.58,On Belt
548300,-5.7628,-2.1548,-5.7485,12.1679,22.7176,0.1832,40.44,On Belt
548350,-6.5266,-1.4198,-6.1220,13.7405,35.3435,18.4580,40.44,On Belt
548400,-7.3119,-2.3535,-6.7612,42.1679,16.8092,51.0534,40.67,On Belt
548450,-6.1435,-3.3184,-6.6104,82.6718,-12.0305,75.6794,40.39,On Belt
548500,-5.8921,-3.6200,-7.2472,104.7023,-36.1374,104.7176,40.53,On Belt
548550,-5.2146,-1.2570,-8.1379,113.0840,-37.3282,111.3740,40.39,On Belt
548600,-6.6511,-0.5866,-8.1044,37.1450,-44.1985,84.9771,40.67,On Belt
548650,-5.8754,-2.6743,-9.1650,-4.7939,-62.0305,45.5267,40.67,On Belt
548700,0.0311,7.3310,-14.7148,-33.7557,26.2137,97.4809,40.58,On Belt
548750,-5.3606,-4.1659,-8.6311,5.0229,150.4580,78.6260,40.44,On Belt
548800,-5.9448,-3.4764,-5.2481,-33.9237,154.8092,7.8321,40.34,On Belt
548850,-8.9423,-3.0550,-5.7796,-13.4962,121.4504,-79.5725,40.44,On Belt
548900,-8.2001,2.7461,-7.9440,-67.7710,87.5573,-66.1374,40.34,On Belt
548950,-6.0071,-1.8579,-5.8826,-49.5267,70.0458,-49.3893,40.44,On Belt
549000,-5.1882,-1.2641,-4.4532,-17.0992,42.6260,-35.3282,40.58,On Belt
549050,-6.0047,-0.5986,-4.9680,3.8779,16.8397,-29.6641,40.39,On Belt
549100,-6.1483,-0.4310,-5.3798,23.8168,-23.7557,-0.8550,40.53,On Belt
549150,-4.8147,0.0000,-7.3957,57.6183,-62.2595,28.3206,40.58,On Belt
549200,-5.0398,-0.1915,-10.0868,92.3664,-77.9237,60.2901,40.58,On Belt
549250,-5.9783,-1.4676,-9.2751,40.1679,-102.2290,24.8855,40.34,On Belt
549300,-7.1826,-3.3974,-10.6925,25.5114,-119.0229,-22.2290,40.39,On Belt
549350,-6.2034,0.9720,-12.8497,31.2214,-60.7328,15.6031,40.25,On Belt
549400,-6.7612,-0.0335,-6.7636,-37.8473,-19.2061,6.0305,40.34,On Belt
549450,-4.9368,-1.2977,-5.0685,-72.1221,-26.8550,-51.2824,40.53,On Belt
549500,-4.1061,-1.7693,-4.1635,-73.4657,-30.5802,-59.6336,40.39,On Belt
549550,-4.4365,-3.3734,-5.7293,-94.1832,-4.6718,-84.9618,40.67,On Belt
549600,-5.7772,-5.3247,-7.4172,-89.5878,33.6489,-126.6412,40.58,On Belt
549650,-5.4253,-2.6193,-5.6024,-76.9771,43.7405,-129.8931,40.34,On Belt
549700,-8.2744,-0.8188,-3.5650,-71.6489,30.1527,-80.2748,40.25,On Belt
549750,-8.4659,-3.4141,-6.0166,2.7023,-14.1527,-9.8015,40.53,On Belt
549800,-5.3008,-3.3710,-5.6455,44.5954,-24.7176,23.0992,40.39,On Belt
549850,-4.9368,-3.4740,-5.9137,48.9924,-16.2901,29.5114,40.44,On Belt
549900,-5.8682,-1.7095,-7.7069,63.1450,-15.5725,46.1832,40.39,On Belt
549950,-7.7476,0.6345,-8.7700,57.7557,-19.4198,80.8092,40.39,On Belt
550000,-5.9304,-2.2841,-7.9176,18.8397,-25.2519,83.8626,40.44,On Belt
550050,-6.0190,-3.8068,-7.6447,3.9389,-33.8321,53.3740,40.44,On Belt
550100,-0.4286,10.1299,-15.8041,10.6260,10.2748,91.9695,40.34,On Belt
550150,-7.3622,-2.3631,-9.8354,-1.5115,171.9695,132.3817,40.39,On Belt
550200,-5.8562,-2.7222,-3.0358,-35.0382,163.2824,46.0916,40.39,On Belt
550250,-7.3215,-6.4763,-5.7197,-17.0382,112.5038,-40.9466,40.39,On Belt
550300,-7.8266,-0.8068,-6.1579,3.6489,57.1145,-102.9466,40.72,On Belt
550350,-5.6144,3.9840,-8.9088,-52.3511,48.9924,-54.6107,40.34,On Belt
550400,-5.0182,-0.9505,-5.0254,-40.3359,32.2443,-44.4580,40.58,On Belt
550450,-4.7501,-1.6424,-4.1300,-21.4198,-10.5191,-54.5344,40.67,On Belt
550500,-5.2648,-0.2322,-6.0118,3.9542,-40.4733,-50.7176,40.67,On Belt
550550,-5.0853,0.0910,-6.8259,29.7252,-57.3282,-15.7557,40.39,On Belt
550600,-3.8906,1.9201,-9.8569,63.3893,-54.9313,19.0229,40.67,On Belt
550650,-4.8650,2.5283,-10.2448,66.8855,-50.0916,54.3664,40.39,On Belt
550700,-5.4013,0.2131,-8.6431,11.6336,-71.5878,32.1985,40.77,On Belt
550750,-7.1778,-2.8611,-10.8769,12.5802,-103.3130,-46.7481,40.58,On Belt
550800,-4.0223,1.4509,-11.3461,-7.8015,-21.6031,-8.4122,40.53,On Belt
550850,-6.7564,-1.6424,-5.3750,-22.9466,26.0916,-21.4656,40.53,On Belt
550900,-5.7365,-1.4653,-4.7764,-27.8015,12.3053,-48.5191,40.53,On Belt
550950,-5.4995,-3.0981,-5.3151,-35.9237,9.9695,-57.8779,40.53,On Belt
551000,-5.9999,-3.4716,-6.2465,-38.7634,10.6260,-66.4275,40.53,On Belt
551050,-8.1570,-1.1133,-6.5242,-27.4046,0.2290,-71.1145,40.44,On Belt
551100,-6.7086,-1.1301,-6.1363,-30.7176,-12.2595,-54.0611,40.44,On Belt
551150,-6.4284,-2.2290,-5.9711,-2.9771,-23.8321,-15.5115,40.53,On Belt
551200,-4.8123,-3.3998,-6.4787,44.5802,-28.5191,18.1374,40.53,On Belt
551250,-5.2241,-4.2210,-7.0270,64.4733,-23.2672,36.9313,40.44,On Belt
551300,-5.2816,-0.5986,-7.7045,85.1603,-12.8244,56.0916,40.34,On Belt
551350,-7.6183,-1.4222,-7.6782,100.2443,-5.8779,99.1756,40.44,On Belt
551400,-5.7365,-0.6153,-6.9935,62.1221,-9.2366,77.9695,40.34,On Belt
551450,-5.6120,-2.9281,-7.3119,21.3282,-23.2519,58.5496,40.39,On Belt
551500,-4.9871,-3.9409,-6.7924,18.7328,-25.5573,33.4351,40.44,On Belt
551550,-6.2968,-5.0996,-9.1435,7.6947,3.5420,-6.9160,40.44,On Belt
551600,-7.6160,7.5944,-11.7507,-24.5802,68.8550,71.1298,40.58,On Belt
551650,-7.7572,2.4995,-7.0677,-63.0229,90.0916,105.2214,40.53,On Belt
551700,-5.5929,-3.0358,-6.1196,-39.8931,89.8626,85.9237,40.58,On Belt
551750,-5.4396,-3.6751,-4.6160,-26.3206,101.6336,26.2748,40.53,On Belt
551800,-9.2344,0.3184,-6.1651,-21.4962,83.2366,-9.0229,40.39,On Belt
551850,-7.5800,2.0853,-7.9823,-26.0153,46.5191,16.7939,40.39,On Belt
551900,-4.3598,-0.9936,-6.3422,1.4656,43.8321,41.6794,40.67,On Belt
551950,-5.0398,-0.0599,-5.3391,27.7863,42.7481,31.2366,40.25,On Belt
552000,-5.5522,1.0032,-6.2465,21.2672,6.7176,19.4504,40.25,On Belt
552050,-4.2162,-0.4142,-7.6758,32.6718,-16.2748,28.5344,40.53,On Belt
552100,-3.3064,0.9409,-7.7045,47.3282,-15.0382,31.9389,40.34,On Belt
552150,-4.1084,0.2945,-7.9392,43.6336,-27.9542,19.1298,40.44,On Belt
552200,-3.6344,0.4022,-8.2959,28.9771,-49.6489,5.2519,40.67,On Belt
552250,-4.8028,-0.4166,-8.6119,12.7023,-60.8244,-22.1069,40.44,On Belt
552300,-3.1963,2.2482,-11.1905,11.1756,-46.7786,-3.7252,40.44,On Belt
552350,-4.8411,1.0391,-9.2512,12.5802,-15.0840,11.9695,40.25,On Belt
552400,-6.4979,-0.2442,-8.6503,9.6183,-38.6870,-11.2366,40.44,On Belt
552450,-4.9033,-0.0072,-8.6574,-1.9389,2.8397,2.7176,40.25,On Belt
552500,-6.4212,-0.6464,-4.5298,-21.7863,-5.6794,-9.5878,40.53,On Belt
552550,-5.4516,-2.5594,-5.0518,-11.4809,-18.7328,-32.4885,40.67,On Belt
552600,-5.5498,-2.3942,-6.9480,-4.3511,-7.3588,-39.2519,40.39,On Belt
552650,-6.8474,-0.9122,-6.7756,-14.6718,12.5038,-19.4962,40.58,On Belt
552700,-7.0078,-2.7366,-6.7062,1.5115,6.5496,-14.3817,40.72,On Belt
552750,-6.5122,-2.6097,-6.6750,13.0992,-4.3664,-1.5267,40.53,On Belt
552800,-6.3494,-2.2913,-6.6104,23.4198,-7.0076,11.5115,40.39,On Belt
552850,-5.7724,-1.9034,-6.5481,41.0076,-3.5878,32.3969,40.34,On Belt
552900,-6.1387,-2.1213,-6.3590,50.6870,-2.8397,47.1145,40.39,On Belt
552950,-5.6120,-2.6935,-7.0150,66.5649,-5.4046,60.8550,40.44,On Belt
553000,-5.1308,-2.9928,-7.7381,88.6718,2.4122,77.1298,40.72,On Belt
553050,-5.9999,-1.3120,-7.2353,92.8244,9.1756,90.8855,40.39,On Belt
553100,-6.0932,-0.3232,-7.4388,62.6565,7.2366,69.6031,40.39,On Belt
553150,-5.7724,-1.7549,-7.4005,18.9618,-9.2214,40.0153,40.67,On Belt
553200,-5.0039,-3.2609,-7.3478,-4.7939,-12.9313,10.0000,40.44,On Belt
553250,-4.0701,-1.5682,-7.7381,1.1298,10.8550,6.0611,40.67,On Belt
553300,-6.8307,-1.1157,-6.8043,-5.5878,18.3359,13.6336,40.67,On Belt
553350,-6.3422,-1.9130,-6.9408,-10.7939,16.7786,15.3893,40.44,On Belt
553400,-5.8826,-1.4916,-6.8283,-15.2366,25.9695,20.7328,40.53,On Belt
553450,-6.0382,-0.9625,-6.4165,-12.7634,39.6031,30.7023,40.72,On Belt
553500,-6.7852,-0.7638,-6.3111,-12.7176,43.5878,40.7634,40.44,On Belt
553550,-7.0078,-1.0295,-6.6966,-7.8931,37.8626,51.1756,40.67,On Belt
553600,-6.6463,-0.4453,-6.9719,1.0229,33.2214,56.6718,40.53,On Belt
553650,-6.4787,1.7478,-7.6878,-6.0305,45.7557,91.3893,40.67,On Belt
553700,-5.9616,-1.4940,-6.5362,22.3511,43.6031,97.6794,40.44,On Belt
553750,-6.0573,0.6440,-7.0294,33.2672,32.9924,104.1832,40.44,On Belt
553800,-5.3439,2.0375,-7.8099,23.2672,47.4198,111.0687,40.67,On Belt
553850,-5.5498,-0.2490,-7.4077,34.6565,43.5878,118.7176,40.53,On Belt
553900,-4.7118,-0.0383,-7.3095,48.1679,24.2748,116.3817,40.67,On Belt
553950,-4.4341,1.6041,-8.2456,38.4580,2.0153,109.8779,40.67,On Belt
554000,-4.9081,0.0527,-8.3821,29.9695,-18.0916,97.4198,40.34,On Belt
554050,-4.3622,0.1341,-8.6383,32.0916,-37.1908,100.1832,40.44,On Belt
554100,-4.8602,1.0319,-8.2791,31.1450,-36.3664,111.1908,40.53,On Belt
554150,-4.3311,0.1915,-7.0270,24.5496,-49.6947,107.6489,40.39,On Belt
554200,-4.4867,0.3424,-7.8195,29.6489,-66.8244,99.0687,40.67,On Belt
554250,-4.7884,0.5148,-7.8506,23.6489,-70.1832,86.5191,40.44,On Belt
554300,-4.6448,-1.2641,-7.6638,25.9847,-68.1679,71.5878,40.67,On Belt
554350,-3.9648,-0.8787,-6.8259,52.7481,-56.3664,61.1756,40.44,On Belt
554400,-3.7326,-1.1612,-6.7540,90.1832,-49.4351,50.5649,40.39,On Belt
554450,-3.7038,-0.0742,-8.4036,116.5343,-39.1145,39.2061,40.72,On Belt
554500,-3.8547,-0.0431,-9.6199,133.5267,-29.6031,42.3664,40.44,On Belt
554550,-4.2760,0.5148,-9.5313,123.0687,-23.4656,25.1145,40.39,On Belt
554600,-6.7157,-1.3623,-10.5201,96.5954,-32.5954,-12.7939,40.25,On Belt
554650,-6.2345,-1.1013,-9.8569,49.6183,-42.1985,-45.4809,40.67,On Belt
554700,-5.8227,-0.3783,-8.3893,-11.7252,-10.1985,-66.2443,40.34,On Belt
554750,-8.0876,1.6592,-7.1299,-63.4198,-20.3206,-35.1145,40.25,On Belt
554800,-4.9871,-3.7709,-6.7349,-52.2137,-2.9466,-43.5725,40.25,On Belt
554850,-3.7421,-4.4460,-6.0645,-52.6260,30.2443,-53.3740,40.44,On Belt
554900,-4.2569,-4.1587,-6.1890,-46.1985,67.9695,-70.6718,40.39,On Belt
554950,-5.6072,-3.6200,-5.4277,-69.6183,91.8321,-58.6718,40.39,On Belt
555000,-8.8945,-5.9616,-6.0837,-17.7099,58.6412,-6.4275,40.53,On Belt
555050,-8.0254,-0.1508,-3.1771,46.1221,15.6947,23.0992,40.67,On Belt
555100,-5.9807,-1.7789,-6.9959,64.0763,-6.9924,74.0611,40.67,On Belt
555150,-5.5857,-4.0414,-6.1723,73.4198,-11.5725,86.8550,40.39,On Belt
555200,-5.7293,-4.7046,-8.0110,89.8168,-20.3969,83.7863,40.86,On Belt
555250,-3.8451,-1.8603,-8.3246,110.3206,-3.2366,112.9771,40.34,On Belt
555300,-5.8802,-0.8308,-7.4148,72.7786,2.5038,91.6641,40.39,On Belt
555350,-5.7796,-2.9808,-6.7229,22.1069,-33.1908,64.3053,40.34,On Belt
555400,-5.4971,-5.2601,-7.5082,26.4580,-41.2214,39.5878,40.39,On Belt
555450,-4.8219,-3.2537,-6.8259,26.3664,-43.8015,22.2748,40.34,On Belt
555500,-4.7429,-2.1284,-7.6471,-10.4427,-33.1603,-7.5115,40.58,On Belt
555550,-4.0055,0.8404,-8.5018,-47.1450,-19.5267,-17.4351,40.86,On Belt
555600,-6.8833,-2.6264,-7.0653,-61.3893,-21.0382,-28.9466,40.34,On Belt
555650,-6.5218,-2.3415,-7.4771,-46.9008,-20.8855,-13.2214,40.39,On Belt
555700,-6.6463,-2.4229,-7.2664,-48.2595,2.0000,7.2977,40.67,On Belt
555750,-6.4787,-2.2841,-7.3287,-14.6870,8.9924,18.6107,40.58,On Belt
555800,-7.1275,1.3695,-8.4300,-15.0534,40.9313,58.5191,40.39,On Belt
555850,-7.5010,4.0031,-7.8889,-42.8702,74.6718,131.3130,40.58,On Belt
555900,-6.0286,-5.0613,-7.5968,-9.5878,110.9618,96.5191,40.44,On Belt
555950,-6.2920,-4.1635,-4.0989,-29.0076,107.6031,15.3282,40.39,On Belt
556000,-5.6886,0.8619,-7.0485,-10.0611,71.1298,-38.4580,40.39,On Belt
556050,-6.6319,3.1029,-7.9009,-26.5802,84.9618,-13.0534,40.25,On Belt
556100,-6.0358,-0.5938,-6.2824,-15.5420,66.2443,6.0763,40.39,On Belt
556150,-4.7692,1.1899,-4.5394,-30.4427,31.1908,-19.1756,40.39,On Belt
556200,-4.3120,-0.3783,-5.9568,-28.1985,-7.0992,-39.7252,40.39,On Belt
556250,-4.3886,0.8859,-6.0454,-1.1450,-9.3130,-26.8244,40.44,On Belt
556300,-4.7764,1.7933,-7.6638,27.5420,-38.1069,-7.8626,40.34,On Belt
556350,-3.5817,2.7892,-10.3645,40.8244,-43.4351,13.4504,40.25,On Belt
556400,-3.4333,2.2793,-10.2089,24.6107,-46.1069,13.9542,40.44,On Belt
556450,-7.7740,-2.2314,-11.2120,30.5802,-58.3206,-40.8244,40.39,On Belt
556500,-6.4308,0.9074,-11.4730,6.3206,-25.3740,-12.8550,40.53,On Belt
556550,-7.2616,-0.1724,-4.9871,-53.6489,-22.3053,-28.9160,40.44,On Belt
556600,-5.7126,-2.8539,-4.7812,-32.5954,-60.9618,-72.5802,40.34,On Belt
556650,-4.9967,-2.5498,-5.5641,-17.9695,-80.7328,-70.0458,40.53,On Belt
556700,-4.8219,-1.6664,-5.9496,-23.0076,-44.3664,-75.4351,40.53,On Belt
556750,-7.3382,-0.8978,-6.5745,-32.2748,-30.9160,-65.2824,40.44,On Belt
556800,-6.6607,-0.8763,-6.3614,-18.8550,-29.1756,-49.2519,40.39,On Belt
556850,-6.1531,-1.5993,-5.9209,-9.4809,-20.3969,-35.1908,40.39,On Belt
556900,-5.9185,-2.8587,-6.5697,14.7634,-16.5038,-25.7252,40.44,On Belt
556950,-5.7221,-1.6520,-5.9975,31.3740,-12.2901,-8.6870,40.53,On Belt
557000,-6.9168,-0.8906,-6.1746,29.5725,-5.6794,5.5573,40.34,On Belt
557050,-8.9016,-0.2035,-6.9360,0.2137,-27.8931,12.8702,40.58,On Belt
557100,-5.8802,-1.9585,-9.2488,15.2366,-16.3969,40.4580,40.58,On Belt
557150,-4.8985,-0.3328,-10.3190,30.5038,47.7099,63.3588,40.39,On Belt
557200,-8.4587,4.8842,-10.1299,-8.1221,101.1908,98.8244,40.39,On Belt
557250,-7.9464,-1.6448,-8.3869,-62.4275,114.2137,94.7481,40.25,On Belt
557300,-5.9999,-4.4460,-5.8490,-20.6565,111.3130,43.4809,40.25,On Belt
557350,-8.7724,0.1508,-4.5226,-35.2977,82.9313,-13.0382,40.39,On Belt
557400,-7.4651,1.6424,-5.6599,-64.3817,43.6489,-25.2061,40.39,On Belt
557450,-5.3965,0.0670,-4.7884,-62.3053,15.7710,-20.1221,40.25,On Belt
557500,-3.7373,0.5842,-4.6639,-56.4885,24.6260,-15.7099,40.44,On Belt
557550,-4.3287,-0.3687,-5.0326,-11.4809,30.0153,-6.5954,40.44,On Belt
557600,-4.2737,-0.6512,-5.7174,44.0000,18.7328,2.2443,40.25,On Belt
557650,-4.2808,4.5155,-7.6327,92.3053,2.0305,38.4885,40.53,On Belt
557700,-3.1556,6.4835,-12.3134,74.3053,13.5420,70.7786,40.53,On Belt
557750,-3.6631,4.2880,-11.9088,45.8015,18.3206,78.8855,40.34,On Belt
557800,-5.7652,-1.1851,-9.6845,8.8244,20.3969,34.1374,40.34,On Belt
557850,-5.8849,-3.3088,-7.0964,35.5573,-34.4733,-15.6336,40.34,On Belt
557900,-8.9136,-1.1875,-8.1618,17.5420,-66.9008,-66.2901,40.44,On Belt
557950,-6.2920,-0.5938,-6.4787,-63.4809,-86.7634,-80.2137,40.58,On Belt
558000,-4.0941,-1.7837,-4.7621,-42.4580,-94.0000,-93.6641,40.39,On Belt
558050,-4.4245,-3.5291,-7.6950,-38.4275,-64.8244,-94.1527,40.39,On Belt
558100,-5.8610,1.4892,-7.4675,-17.2977,1.2672,-34.9924,40.67,On Belt
558150,-7.2903,-1.5012,-6.2848,-11.0687,-0.9313,-14.5802,40.39,On Belt
558200,-6.2393,-2.7725,-6.5697,39.2214,-21.6947,-4.6718,40.53,On Belt
558250,-4.3934,-2.0806,-7.1850,75.1145,-20.5344,28.3664,40.58,On Belt
558300,-5.1834,-2.3248,-7.0844,95.2214,-14.0305,60.0153,40.39,On Belt
558350,-6.5936,-0.3208,-6.6511,106.9618,-34.9618,86.1527,40.20,On Belt
558400,-5.6910,2.2625,-7.9392,74.3359,-36.1374,60.1374,40.44,On Belt
558450,-6.3351,-1.4437,-8.6143,3.4351,-54.2290,16.3817,40.67,On Belt
558500,-6.4356,-3.2058,-9.8210,-16.9160,-62.0305,-23.8626,40.39,On Belt
558550,-2.4852,2.6480,-10.1658,-58.5191,-11.5878,6.5802,40.34,On Belt
558600,-7.9799,1.2857,-10.3765,-76.6412,58.8550,23.7405,40.53,On Belt
558650,-9.2823,-0.3903,-7.4388,-112.3817,62.6107,26.0916,40.20,On Belt
558700,-5.1691,-3.8547,-5.7102,-117.7710,74.9466,-25.2061,40.25,On Belt
558750,-4.3838,-4.6495,-6.3327,-95.0992,100.5191,-65.4046,40.34,On Belt
558800,-9.1195,-1.1492,-7.1371,-93.9237,115.5420,-78.1221,40.15,On Belt
558850,-9.2799,-1.4269,-4.8578,-81.3130,75.1145,-43.2672,40.39,On Belt
558900,-6.9623,-0.0455,-4.7597,-70.1679,36.9008,-17.2061,40.34,On Belt
558950,-5.8993,-0.1317,-4.3934,-52.3359,14.2748,-17.9542,40.34,On Belt
559000,-4.7094,-0.4286,-4.1635,-26.6718,0.5344,-22.1832,40.53,On Belt
559050,-5.9448,-0.3519,-5.8730,19.2824,2.7023,-6.9313,40.44,On Belt
559100,-4.8363,1.3719,-6.5457,59.4656,-11.3588,23.9695,40.39,On Belt
559150,-3.5554,2.3894,-8.5258,101.7710,-2.6565,73.8168,40.44,On Belt
559200,-3.6248,2.7821,-10.7763,130.9466,37.0076,125.6031,40.25,On Belt
559250,-6.3375,5.1092,-8.7293,84.0000,16.8397,93.6794,40.25,On Belt
559300,-5.8227,-1.2306,-8.6095,38.6718,-62.7481,30.6412,40.44,On Belt
559350,-5.5043,-4.6831,-9.3661,22.8397,-35.9389,-16.2290,40.15,On Belt
559400,-6.6032,5.2218,-7.3119,-1.7863,-1.0229,4.8855,40.58,On Belt
559450,-5.9783,-2.0901,-5.1978,-6.6260,-33.6031,-8.4122,40.53,On Belt
559500,-5.3415,-4.7166,-6.5721,23.3435,-42.1221,-26.2748,40.34,On Belt
559550,-4.6256,-1.0056,-8.9783,48.0458,-14.9160,-7.1145,40.34,On Belt
559600,-7.9128,-0.8284,-4.9464,41.6031,6.2137,6.0000,40.06,On Belt
559650,-6.6152,-2.6815,-6.4955,51.9084,-10.0916,37.9695,40.06,On Belt
559700,-4.6448,-3.0670,-5.5474,69.8168,-17.7557,52.0000,40.44,On Belt
559750,-4.2018,-3.1939,-6.1387,88.9618,-24.7481,66.4427,40.44,On Belt
559800,-5.2050,0.5124,-7.2736,90.3969,-10.0153,67.0840,40.44,On Belt
559850,-7.0006,-0.0048,-7.4915,31.0534,-24.9466,62.1527,40.53,On Belt
559900,-5.7533,-3.5291,-7.0318,11.1603,-35.0534,42.6565,40.44,On Belt
559950,-5.5019,-3.1675,-8.7053,14.7939,-8.3359,37.5267,40.39,On Belt
560000,-7.1395,-0.2346,-7.6399,13.5115,8.5344,69.0534,40.15,On Belt
560050,-6.0190,-0.9457,-7.7381,12.1374,9.3588,87.8321,40.34,On Belt
560100,-5.7293,0.3974,-7.8817,28.4427,17.8931,76.8397,40.25,On Belt
560150,-11.5544,4.1013,-9.6055,-33.2824,42.8092,85.0229,40.67,On Belt
560200,-8.6790,-2.8563,-6.7947,-43.5115,38.4580,47.0229,40.25,On Belt
560250,-7.8673,1.5347,-5.2744,-45.8168,28.0916,39.1298,40.44,On Belt
560300,-7.8219,0.7638,-3.6775,-81.8473,-24.7786,15.7710,40.39,On Belt
560350,-3.9504,-1.1013,-3.8666,-67.6641,-36.7023,-33.4504,40.25,On Belt
560400,-4.4748,-1.2139,-4.2042,-60.9313,-29.6183,-36.2443,40.34,On Belt
560450,-5.6599,0.2658,-4.5490,-48.4427,3.9695,-59.6336,40.67,On Belt
560500,-7.5513,1.2163,-3.9217,-24.0458,9.4809,-67.3893,40.25,On Belt
560550,-9.6031,4.9177,-5.2146,-25.0840,-6.0153,-37.2977,40.39,On Belt
560600,-8.9950,1.6161,-5.1547,-48.5191,-15.2366,-27.8473,40.20,On Belt
560650,-10.0652,0.3711,-4.6256,-54.3969,-24.3206,-54.3664,40.53,On Belt
560700,-9.2033,1.5682,-4.2928,-54.3511,-48.9160,-57.7863,40.39,On Belt
560750,-5.2960,-0.4669,-5.7604,-24.0305,-24.7176,-33.8931,40.53,On Belt
560800,-6.3901,-0.0120,-4.1276,8.5038,12.1985,-12.0000,40.44,On Belt
560850,-9.2967,0.7733,-3.4979,14.9924,5.4351,-10.4885,40.39,On Belt
560900,-8.3558,1.2330,-4.2545,7.9237,-3.1908,-11.6031,40.53,On Belt
560950,-8.3199,1.7047,-4.6663,10.0305,-1.0229,5.5115,40.25,On Belt
561000,-7.9057,0.4717,-4.8028,1.9084,0.3817,7.5115,40.25,On Belt
561050,-7.8051,-0.2251,-5.1523,1.8626,3.9542,-1.9542,40.58,On Belt
561100,-7.0820,1.1516,-4.9752,-0.1527,10.3053,-1.6183,40.34,On Belt
561150,-7.5034,1.3408,-5.2050,-0.4580,19.5114,6.7023,40.58,On Belt
561200,-7.8697,0.9361,-4.9871,-5.1298,23.5725,8.3206,40.44,On Belt
561250,-7.8386,0.6991,-4.6687,-9.2672,20.1069,8.9618,40.67,On Belt
561300,-7.2089,0.4429,-5.2361,-0.4427,22.7786,14.4122,40.25,On Belt
561350,-6.9408,0.5411,-5.1380,8.6260,30.2748,16.1679,40.67,On Belt
561400,-6.7612,0.5076,-4.9297,19.2672,32.3664,23.3740,40.15,On Belt
561450,-6.6559,0.8667,-5.1427,29.0382,36.5038,21.3435,40.53,On Belt
561500,-7.1778,1.0343,-4.8818,32.0458,27.1603,26.6870,40.39,On Belt
561550,-7.2592,2.4900,-5.9568,42.5649,30.1832,32.2290,40.25,On Belt
561600,-7.6136,-1.5179,-7.0030,37.2214,49.5115,29.3130,40.25,On Belt
561650,-7.5968,0.3831,-5.9759,65.3435,18.4580,57.5420,40.39,On Belt
561700,-7.8027,-1.2546,-6.9384,83.0992,8.4580,61.7252,40.39,On Belt
561750,-5.7940,0.0215,-7.7213,94.6412,-1.1603,60.7939,40.44,On Belt
561800,-4.3287,0.4764,-7.8554,99.8626,35.1450,77.6031,40.34,On Belt
561850,-8.0469,0.6057,-7.2329,92.4733,40.5038,78.2901,40.58,On Belt
561900,-7.7213,2.8299,-7.8745,58.7328,-11.1908,79.1756,40.34,On Belt
561950,-4.4532,-3.1627,-7.4364,63.8626,-2.0611,103.8626,40.20,On Belt
562000,-4.9560,-4.0606,-7.4939,87.9695,9.9084,92.8550,40.44,On Belt
562050,-4.1922,0.6991,-7.0485,72.9313,19.2061,57.8321,40.39,On Belt
562100,-6.4260,-1.8244,-8.4707,35.8015,0.1374,38.7634,40.39,On Belt
562150,-4.5346,-1.3288,-7.1180,16.2901,-3.2061,17.5878,40.53,On Belt
562200,-6.1555,-1.8603,-7.6878,-3.6031,6.3817,8.2901,40.44,On Belt
562250,-5.1954,-0.8739,-7.0342,9.0992,6.9618,13.5878,40.39,On Belt
562300,-5.1427,-1.0846,-7.2784,22.5802,3.4809,33.5573,40.15,On Belt
562350,-5.0063,-1.0630,-7.6878,14.5191,15.6031,55.8626,40.39,On Belt
562400,-5.1260,-1.1827,-8.7484,44.0153,8.2443,66.1527,40.15,On Belt
562450,-4.2042,-0.0168,-7.7620,41.9237,19.7405,68.7481,40.44,On Belt
562500,-5.0278,-0.8475,-7.3119,20.6412,15.8626,52.5649,40.34,On Belt
562550,-4.9656,-1.7262,-7.2018,18.2901,5.5267,26.9466,40.39,On Belt
562600,-4.7908,-0.0862,-7.7021,6.2748,19.3740,4.8244,40.25,On Belt
562650,-6.1986,0.3496,-6.9935,-14.8244,19.3282,-4.7939,40.34,On Belt
562700,-5.4205,-0.6464,-7.6471,-12.5954,19.4504,9.5573,40.25,On Belt
562750,-4.1444,-0.2394,-7.8266,3.1298,34.1832,35.9084,40.39,On Belt
562800,-5.6288,1.3862,-8.2839,22.1832,52.5649,58.2290,40.39,On Belt
562850,-5.8802,1.8076,-7.7979,6.9618,46.6107,64.3206,40.58,On Belt
562900,-5.4947,0.3735,-8.2983,-1.7405,47.6031,72.9313,40.53,On Belt
562950,-5.6910,0.8715,-7.5585,-10.6107,45.7863,89.9237,40.53,On Belt
563000,-5.6934,-0.1197,-8.3079,-6.9924,27.2214,123.0840,40.15,On Belt
563050,-4.6232,-0.1437,-7.6902,36.5802,-9.6947,164.7328,40.34,On Belt
563100,-3.9409,0.2921,-6.8211,65.7557,-45.7863,150.1374,40.44,On Belt
563150,-4.9297,-0.8930,-6.6583,53.5267,-86.9160,122.8855,40.25,On Belt
563200,-4.9081,-2.4972,-8.1379,39.4962,-101.7099,69.6641,40.53,On Belt
563250,-2.4924,1.4245,-11.0445,39.5420,-92.7939,72.4122,40.39,On Belt
563300,-2.9616,0.4669,-9.8641,76.9924,-35.7405,108.7786,40.58,On Belt
563350,-4.1492,-0.2538,-6.8378,65.6641,-19.1756,86.5343,40.44,On Belt
563400,-3.9313,-0.3089,-7.6423,50.9313,-19.2977,49.2061,40.44,On Belt
563450,-3.8116,0.8763,-8.4204,49.4656,-3.8931,50.8244,40.39,On Belt
563500,-4.1659,-0.0742,-8.1523,66.0000,3.5267,59.0992,40.34,On Belt
563550,-3.8092,0.8643,-8.2384,74.7176,-0.1069,55.4809,40.39,On Belt
563600,-4.0534,0.8523,-8.6072,72.4122,-2.1374,52.0458,40.34,On Belt
563650,-5.3175,-0.4836,-9.7133,75.6183,-19.6947,35.6489,40.44,On Belt
563700,-5.3056,0.1341,-9.6079,59.1603,-19.8626,24.4733,40.39,On Belt
563750,-5.4348,1.9489,-9.2991,17.0687,9.4046,30.2748,40.44,On Belt
563800,-6.7445,-0.5602,-5.5522,-11.5878,-27.7863,-17.8626,40.34,On Belt
563850,-6.0956,-2.4373,-6.3997,-39.3740,-26.2748,-50.4733,40.53,On Belt
563900,-5.4684,-1.4916,-5.8562,-56.3969,-11.3588,-59.5267,40.44,On Belt
563950,-5.7413,-2.2266,-6.5697,-46.2137,-1.0687,-48.2290,40.20,On Belt
564000,-6.4093,-1.5203,-6.6319,-36.6412,10.6107,-26.5496,40.39,On Belt
564050,-6.5529,-1.8699,-6.6415,-5.7557,7.2519,3.0992,40.58,On Belt
564100,-7.1395,-3.1340,-7.0390,27.6336,1.5420,30.8855,40.20,On Belt
564150,-6.2225,-2.1644,-5.8275,79.8473,-2.2901,49.4962,40.44,On Belt
564200,-6.1459,-3.2298,-7.8530,105.6336,-2.6260,59.9847,40.39,On Belt
564250,-6.5529,-3.3351,-7.8051,137.0992,-14.9466,81.7863,40.58,On Belt
564300,-5.5306,0.8188,-6.9264,134.7023,-13.7557,92.0916,40.34,On Belt
564350,-5.7221,-0.6656,-7.4124,102.9313,-17.5267,79.6794,40.39,On Belt
564400,-5.3630,-0.9170,-7.7524,59.4351,-23.2214,55.7710,40.25,On Belt
564450,-5.2289,-2.1811,-8.3462,21.7710,-22.6870,24.2901,40.58,On Belt
564500,-4.9129,-2.0877,-8.0589,-3.4962,-7.8015,5.0534,40.44,On Belt
564550,-4.9512,-0.6847,-7.6638,-45.4198,21.4351,21.1298,40.34,On Belt
564600,-6.5673,-1.5945,-7.2185,-14.0305,8.1832,19.9695,40.25,On Belt
564650,-7.5226,-2.9113,-8.3893,-22.4122,8.9466,26.9008,40.34,On Belt
564700,-6.5481,-1.8723,-7.6183,6.3664,-12.9771,43.5267,40.39,On Belt
564750,-5.5929,0.5722,-8.8562,-1.6794,11.8473,52.2290,40.25,On Belt
564800,-4.0103,2.8012,-7.3454,-34.7176,55.9847,79.1908,40.34,On Belt
564850,-4.2114,-1.7454,-5.2529,-26.6718,80.1374,33.6183,40.39,On Belt
564900,-3.7469,-3.2178,-5.0063,-33.2672,113.8168,-43.3282,40.20,On Belt
564950,-6.5529,-1.4102,-9.9551,-17.3740,124.2290,-44.2443,40.39,On Belt
565000,-8.8921,1.2953,-7.2784,33.8473,109.8321,-9.1450,40.25,On Belt
565050,-6.2441,1.2761,-6.0501,49.7557,78.6870,-6.2748,40.34,On Belt
565100,-5.6838,0.5363,-5.6647,3.4504,47.2366,-20.5344,40.15,On Belt
565150,-5.5354,-2.1213,-4.5490,-11.3740,10.2748,-34.8397,40.53,On Belt
565200,-4.6831,-0.5411,-6.0430,14.0611,-34.3053,-15.1908,40.25,On Belt
565250,-4.0989,0.2849,-9.1578,53.1756,-49.0229,45.2366,40.53,On Belt
565300,-6.0023,-2.3774,-7.2760,65.9847,-64.7786,53.6641,40.25,On Belt
565350,-7.7021,-3.1292,-9.6917,46.5496,-119.4962,47.1756,40.25,On Belt
565400,-7.2065,-3.9576,-11.9782,63.2824,-159.6794,28.6107,40.53,On Belt
565450,-6.9647,-0.9888,-9.9455,38.2595,-139.1450,-37.6794,40.25,On Belt
565500,-3.9720,3.8379,-9.2177,-57.0076,-33.4656,10.9008,40.39,On Belt
565550,-6.7852,-0.6440,-4.9560,-54.1069,-36.4885,-16.5191,40.44,On Belt
565600,-4.6950,-1.2522,-5.1140,-91.0229,-10.4733,-31.6794,40.44,On Belt
565650,-5.3367,-3.2226,-5.6312,-110.6565,22.4733,-62.9313,40.39,On Belt
565700,-6.0406,-1.7621,-5.6647,-96.7328,21.6794,-64.5038,40.25,On Belt
565750,-6.7349,-2.3942,-6.3303,-93.6183,32.4580,-60.9466,40.39,On Belt
565800,-6.6870,-2.4014,-5.9233,-64.5802,14.5802,-44.3206,40.20,On Belt
565850,-6.5505,-2.3104,-5.7916,-44.3511,9.4046,-36.9466,40.25,On Belt
565900,-7.9057,-2.3320,-6.7445,-8.4122,-14.7328,-15.4962,40.39,On Belt
565950,-7.3382,-1.1444,-6.9360,18.3053,-27.9542,20.6870,40.44,On Belt
566000,-6.6511,-2.5546,-8.6526,38.5954,-43.0229,61.5115,40.15,On Belt
566050,-3.9385,-2.2458,-6.9791,64.5496,-35.0229,80.5802,40.25,On Belt
566100,-3.6248,2.0446,-6.5721,64.9618,19.2672,80.6870,40.15,On Belt
566150,-5.0901,-0.2059,-12.6079,88.7786,122.1832,167.3282,40.58,On Belt
566200,-4.3934,2.2458,-5.1020,105.0840,190.7939,83.2977,40.53,On Belt
566250,-8.3869,-0.6416,-6.9216,59.2824,182.1985,38.4885,40.25,On Belt
566300,-7.8506,0.2777,-7.4843,76.1679,115.0076,-3.5878,40.44,On Belt
566350,-8.4180,2.5259,-7.2329,31.9695,34.0458,-32.0305,40.20,On Belt
566400,-4.2689,1.7549,-7.2018,-36.2901,-0.5344,-54.7939,40.53,On Belt
566450,-3.8427,-1.0271,-6.8259,-39.1756,-20.0153,-45.2519,40.34,On Belt
566500,-4.2593,-2.2098,-6.5242,0.3969,-34.7786,-8.3206,40.39,On Belt
566550,-5.5593,-2.8180,-6.0980,34.0916,-73.3893,1.3435,40.44,On Belt
566600,-4.7716,-0.8643,-8.4204,41.7405,-89.6336,14.5649,40.34,On Belt
566650,-6.5074,-2.1668,-10.0197,34.7023,-119.8931,20.2443,40.44,On Belt
566700,-5.5617,-2.1500,-10.0628,25.3435,-141.9389,5.2061,40.44,On Belt
566750,-8.0948,-2.7174,-13.7092,29.8779,-125.2214,-4.5038,40.44,On Belt
566800,-5.4205,6.7086,-9.6414,-60.7023,-11.8931,19.2061,40.25,On Belt
566850,-5.4300,-2.9616,-6.2297,-109.6794,-12.0916,-21.0687,40.34,On Belt
566900,-1.7789,-0.6105,-2.8826,-107.9542,8.5802,-56.8244,40.44,On Belt
566950,-2.5235,-2.1811,-4.3144,-155.9542,42.3817,-68.2290,40.25,On Belt
567000,-7.0725,-7.3239,-9.1051,-132.3359,49.0229,-105.3588,40.20,On Belt
567050,-6.3638,-5.4181,-7.8554,-95.4198,45.7557,-135.8168,40.34,On Belt
567100,-6.7828,3.1603,-3.1268,-108.1374,42.2595,-115.4504,40.39,On Belt
567150,-9.8809,-2.0590,-7.2209,-58.7939,16.6107,-63.3588,40.39,On Belt
567200,-6.9791,-1.8890,-5.1188,-26.3359,-6.5802,-21.4046,40.34,On Belt
567250,-5.8059,-3.5434,-5.0733,14.7328,-32.7176,-4.7939,40.25,On Belt
567300,-5.0925,-3.2896,-7.1515,70.6412,-49.5573,16.6107,40.44,On Belt
567350,-5.6383,-0.5219,-8.8777,85.2519,-35.0534,78.8244,40.58,On Belt
567400,-5.6599,-1.8244,-8.9495,112.8244,-35.8168,123.1603,40.25,On Belt
567450,-5.6383,-1.1612,-7.7764,100.3817,-31.1450,97.3893,40.53,On Belt
567500,-4.4748,4.9656,-15.6293,56.3053,2.1985,128.7634,40.39,On Belt
567550,-4.8171,0.4310,-8.1403,29.7252,120.6870,124.0153,40.72,On Belt
567600,-3.0167,-0.7542,-4.2545,2.3206,165.0992,38.1985,40.58,On Belt
567650,-5.8299,-5.1978,-6.4117,2.4733,179.6488,-29.8168,40.39,On Belt
567700,-8.4851,3.4548,-8.7724,50.2748,127.9695,-26.4886,40.06,On Belt
567750,-7.8769,2.4205,-7.3741,45.0992,66.7328,-13.0687,40.25,On Belt
567800,-5.5881,0.6584,-6.5577,24.5191,29.4962,-23.0687,40.25,On Belt
567850,-4.5394,0.0455,-5.4779,-10.5496,-30.2595,-31.3893,40.34,On Belt
567900,-3.5793,-1.6592,-5.5186,-11.2366,-65.8168,-21.9695,40.34,On Belt
567950,-3.7326,-1.8028,-6.6152,24.5649,-81.5115,-3.5115,40.39,On Belt
568000,-5.1595,-1.4676,-9.0860,65.9389,-111.4198,18.3664,40.44,On Belt
568050,-5.9209,-0.3663,-10.9607,61.4046,-116.9313,47.3740,40.39,On Belt
568100,-5.7150,-0.0838,-10.6087,19.4046,-147.2519,29.4809,40.53,On Belt
568150,-8.1499,-1.7214,-12.6079,-18.8397,-160.7939,-49.5115,40.39,On Belt
568200,-7.9464,7.4124,-10.7763,-130.5496,-106.8702,-81.5725,40.39,On Belt
568250,-4.5586,-0.9888,-5.5186,-192.0000,-20.0611,-79.7099,40.34,On Belt
568300,-3.3303,-3.1268,-4.7645,-171.6641,-6.2137,-92.3511,40.39,On Belt
568350,-3.3615,-2.6743,-5.4636,-180.2443,12.0000,-98.0611,40.34,On Belt
568400,-5.8754,-5.8227,-9.1506,-199.1603,41.8168,-104.1985,40.25,On Belt
568450,-7.6447,-4.1396,-5.8251,-166.9160,41.5725,-111.8779,40.53,On Belt
568500,-14.5065,-2.4421,-2.3511,-124.3359,6.1069,-22.4580,40.39,On Belt
568550,-10.7907,-6.7421,-5.2984,-53.9695,-85.2214,-14.5191,40.58,On Belt
568600,-5.3247,-3.9385,-5.8538,23.3435,-106.0153,-15.3893,40.34,On Belt
568650,-3.8690,-2.5211,-5.4396,56.3664,-46.6412,21.9847,40.25,On Belt
568700,-4.8602,-3.6416,-7.0390,110.0611,21.2519,63.6641,40.34,On Belt
568750,-5.8610,-4.3239,-7.5393,170.5343,42.4427,82.8092,40.34,On Belt
568800,-7.2688,-3.0191,-7.3646,216.3053,40.2595,103.3435,40.39,On Belt
568850,-7.8410,-1.3408,-7.7788,254.4733,17.6489,156.9160,40.34,On Belt
568900,-4.5586,-1.6592,-9.1195,282.1832,18.2443,182.8397,40.15,On Belt
568950,-5.0829,-0.8739,-10.9798,243.8168,64.9771,233.8015,40.06,On Belt
569000,-5.0805,4.7238,-9.6750,249.9389,148.5496,301.6947,40.39,On Belt
569050,-7.1802,5.8682,-5.1739,179.4962,157.8473,217.6488,40.34,On Belt
569100,-8.5258,0.5650,-5.0949,63.0382,96.1832,88.2137,40.58,On Belt
569150,-6.9791,-2.7318,-5.7317,16.6870,18.5344,-10.5038,40.44,On Belt
569200,-4.7836,6.1316,-9.3039,-18.8550,30.5191,-5.4198,40.39,On Belt
569250,-6.6391,0.5866,-6.2417,-28.3664,28.3206,7.6641,40.34,On Belt
569300,-6.9264,-0.1053,-5.3247,-23.9542,5.8931,10.3969,40.44,On Belt
569350,-7.6591,0.7494,-6.1579,-18.5649,-15.8779,22.0458,40.44,On Belt
569400,-6.5122,-0.5052,-6.2345,0.8244,-22.5344,41.2519,40.25,On Belt
569450,-4.9560,-1.1516,-7.4939,23.5114,0.4580,54.0305,40.34,On Belt
569500,-5.1954,-0.3950,-9.1746,63.1908,55.2061,100.7786,40.44,On Belt
569550,-6.9576,0.2514,-9.3302,97.2214,76.1527,158.9008,40.39,On Belt
569600,-6.4404,-0.4501,-7.7021,125.6947,62.9160,211.6641,40.39,On Belt
569650,-4.3646,-1.4916,-5.4444,144.1374,21.1450,241.2366,40.44,On Belt
569700,-3.8954,0.1293,-4.0390,123.9847,-22.5649,222.9313,40.39,On Belt
569750,-6.2345,-2.6073,-7.3071,69.8626,-85.8015,165.4046,40.25,On Belt
569800,-6.0478,-2.8395,-8.8514,29.0382,-111.6336,95.8015,40.25,On Belt
569850,-5.3463,-4.1468,-9.6989,36.8244,-126.2901,21.6031,40.34,On Belt
569900,-4.8794,-2.3463,-8.9399,44.0458,-120.8550,-32.4580,40.20,On Belt
569950,-3.6847,0.1245,-10.5512,89.5420,-68.9008,45.2366,40.15,On Belt
570000,-4.0199,-1.4437,-6.6750,88.0153,-22.1832,19.8779,40.25,On Belt
570050,-4.4245,-1.5945,-6.2034,52.1527,2.4885,-0.0305,40.39,On Belt
570100,-6.3542,-3.5075,-9.8545,81.9237,-14.3053,27.1603,40.25,On Belt
570150,-7.8937,0.5770,-10.6350,126.0305,17.4198,86.8855,40.44,On Belt
570200,-9.2392,0.8859,-6.7612,100.1985,-7.2366,79.5420,40.44,On Belt
570250,-6.8570,1.9513,-5.5138,15.2824,-22.5802,14.7023,40.58,On Belt
570300,-5.5450,1.6352,-4.6160,-81.4504,-10.6107,-49.6031,40.44,On Belt
570350,-5.6623,0.4405,-5.4013,-138.3664,36.6565,-92.1679,40.25,On Belt
570400,-5.5809,-3.9097,-7.3837,-189.2519,84.8397,-98.9771,40.34,On Belt
570450,-6.6798,-4.9392,-7.9248,-201.2061,99.6489,-113.0992,40.39,On Belt
570500,-11.6957,-0.8835,-3.1149,-135.2672,51.6183,13.1298,40.39,On Belt
570550,-11.1546,-5.9735,-6.3494,-47.1450,20.9618,85.9389,40.25,On Belt
570600,-9.4739,-5.2720,-3.0263,40.7481,-15.5878,102.0763,40.06,On Belt
570650,-7.7644,-5.6743,-6.2752,122.5802,-53.5115,112.4427,40.20,On Belt
570700,-5.4133,-4.3718,-7.4891,179.8931,-55.6641,118.0458,40.39,On Belt
570750,-5.1044,-3.9624,-8.3438,208.4886,-58.4580,122.1069,40.39,On Belt
570800,-6.2824,-4.9752,-10.0700,234.3359,-77.0076,113.6336,40.53,On Belt
570850,-3.3471,1.0199,-11.1067,251.1603,-79.2824,140.2137,40.15,On Belt
570900,-5.0063,-2.0782,-10.3190,254.8397,-1.1908,237.9389,40.25,On Belt
570950,-5.3846,-1.6735,-7.1994,227.4046,-10.1679,199.2061,40.39,On Belt
571000,-5.5330,0.0551,-6.7564,150.2748,-31.3893,123.0992,40.34,On Belt
571050,-5.9400,0.3831,-7.6183,39.1908,-51.1145,16.2595,40.15,On Belt
571100,-4.7597,0.2658,-8.1594,-36.9618,-40.3359,-64.5038,40.44,On Belt
571150,-8.1163,1.5921,-7.4196,-78.0458,22.7176,-14.6107,40.25,On Belt
571200,-5.9185,-2.8754,-6.2177,-57.7405,29.1603,-36.1221,40.39,On Belt
571250,-6.3542,-2.9305,-11.3725,-58.6565,100.2443,-43.7405,40.15,On Belt
571300,-10.5465,0.0814,-7.4244,-4.0916,104.8550,43.6794,40.25,On Belt
571350,-4.9728,2.0566,-3.4213,17.3740,149.1603,3.2977,40.39,On Belt
571400,-4.5825,-3.2705,-4.2258,4.1069,151.5878,-26.6565,40.25,On Belt
571450,-8.0397,-6.4739,-8.0062,26.0916,104.8550,-61.0534,40.72,On Belt
571500,-9.1650,6.8019,-5.3151,19.8931,53.6183,-89.5878,40.25,On Belt
571550,-7.9344,1.1157,-8.9112,-14.2137,29.6183,-70.8397,40.20,On Belt
571600,-5.8419,-2.0446,-6.1794,-33.7405,-4.9160,-81.1298,40.20,On Belt
571650,-4.6567,-2.1380,-5.1427,-43.3740,-44.0763,-109.4504,40.39,On Belt
571700,-3.6775,-0.5626,-7.2903,-27.0382,-65.2977,-89.9237,40.44,On Belt
571750,-5.1140,-2.2218,-9.7851,3.2824,-32.7176,-34.6565,40.44,On Belt
571800,-5.5378,-1.5347,-6.3183,5.1145,-35.6336,-16.8397,40.15,On Belt
571850,-5.3750,-1.8268,-5.7485,-25.2366,-74.9160,-36.2901,40.39,On Belt
571900,-5.6336,-2.6791,-7.0222,-51.1145,-115.0687,-56.0916,40.25,On Belt
571950,-5.6527,-3.4117,-8.1714,-50.9466,-128.9618,-72.8397,40.25,On Belt
572000,-4.7764,-2.7533,-7.9703,-19.1756,-118.0000,-56.8855,40.15,On Belt
572050,-8.1283,-1.2785,-12.6390,-42.1221,-20.7939,-22.7786,40.34,On Belt
572100,-12.2607,-1.0654,-5.8849,-1.7099,24.2137,62.1832,40.44,On Belt
572150,-6.8546,-0.0766,-2.7485,21.6336,19.8779,47.4046,40.34,On Belt
572200,-5.1188,0.4118,-3.1915,17.4046,8.9924,37.1603,40.39,On Belt
572250,-6.7540,-3.8523,-6.7852,-35.8321,48.9618,-19.7405,40.20,On Belt
572300,-10.0556,-0.1006,-6.0238,-49.1450,30.0305,-12.6107,40.25,On Belt
572350,-9.6798,-2.0351,-7.4244,-40.4580,-4.1832,13.9847,40.44,On Belt
572400,-6.3351,-0.1484,-5.0781,-45.7405,-1.6947,24.0153,40.58,On Belt
572450,-3.1244,-2.7342,-2.9544,-25.7557,-26.5954,19.6794,40.34,On Belt
572500,-2.3032,-1.9178,-2.3655,-38.1221,-5.4046,-15.4656,40.39,On Belt
572550,-5.7988,-1.8004,-7.2425,-13.9847,-4.8092,-12.4885,40.15,On Belt
572600,-8.7484,0.7853,-9.0860,22.2137,16.9313,45.0534,40.34,On Belt
572650,-8.6933,-1.4533,-7.0533,15.9389,-0.2901,64.8855,40.39,On Belt
572700,-5.5354,-2.3367,-7.4915,15.8168,-19.9237,52.2748,40.34,On Belt
572750,-2.5809,-0.2753,-7.4627,49.3588,11.4046,50.6718,39.92,On Belt
572800,-5.7485,-1.1349,-11.4491,71.1603,62.2443,70.0153,40.01,On Belt
572850,-5.3151,2.9305,-9.2464,93.3740,114.5038,96.0153,40.25,On Belt
572900,-5.8802,2.9640,-5.7293,92.2595,157.8321,39.7252,40.39,On Belt
572950,-7.2425,-0.9720,-5.4492,48.2901,109.8779,-8.6412,40.58,On Belt
573000,-7.1012,0.2993,-6.2800,18.5344,17.0534,-53.6641,40.25,On Belt
573050,-4.4245,3.3447,-8.9687,-8.5802,-17.5114,-70.0153,40.20,On Belt
573100,-4.5729,0.3567,-8.4587,-9.0534,-4.6260,-14.5038,40.25,On Belt
573150,-4.5633,-1.8172,-6.6176,11.4809,-0.6718,23.8626,40.25,On Belt
573200,-4.1587,-2.5019,-5.2840,29.6794,-6.5496,29.6031,40.39,On Belt
573250,-5.1092,-1.3384,-5.3151,44.3664,-69.8015,44.6565,40.25,On Belt
573300,-7.2951,-2.4708,-8.5665,22.5191,-150.4122,-3.1908,40.44,On Belt
573350,-7.5058,-3.4117,-11.6047,9.4962,-184.3664,-44.1832,40.44,On Belt
573400,-6.4189,-3.7852,-12.4834,58.5344,-145.4046,-32.7634,40.39,On Belt
573450,-5.9496,0.6656,-11.6598,37.2214,-31.5878,27.5420,40.39,On Belt
573500,-8.9088,1.5730,-3.9313,22.8397,30.1832,74.6107,40.34,On Belt
573550,-6.0813,0.0287,-3.4620,-5.6183,1.7252,39.4351,40.39,On Belt
573600,-5.8299,1.7406,-3.2082,-49.9084,-0.0763,2.8244,40.53,On Belt
573650,-6.3949,-1.1540,-5.6072,-125.8015,24.3053,-30.0763,40.39,On Belt
573700,-7.2113,-2.5905,-6.1292,-131.4962,23.4962,-37.5725,40.34,On Belt
573750,-7.4053,-2.4684,-5.4899,-104.3359,23.6947,-36.5344,40.25,On Belt
573800,-6.9360,-2.8347,-5.4995,-79.5115,19.7557,-30.9771,40.15,On Belt
573850,-6.7421,-1.8890,-4.5969,-51.0840,13.5725,-18.0000,40.15,On Belt
573900,-6.5697,-2.3080,-5.4109,-25.1756,20.2137,7.5725,40.39,On Belt
573950,-6.4643,-3.0215,-6.4117,15.1756,24.2595,31.2366,40.53,On Belt
574000,-7.5226,-0.2466,-6.4691,46.1069,25.7557,71.3740,40.39,On Belt
574050,-8.9950,-0.6680,-7.5465,36.5191,1.1145,85.9389,40.67,On Belt
574100,-4.9943,-2.0039,-7.5776,32.9924,-19.0687,91.2366,40.25,On Belt
574150,-2.6264,-1.3599,-5.4468,60.1527,1.5878,58.5344,40.34,On Belt
574200,-5.5091,-2.6743,-11.6191,84.1527,25.9084,48.0611,40.39,On Belt
574250,-3.1795,3.4955,-8.8202,122.7328,117.6336,75.1756,40.25,On Belt
574300,-7.7883,-1.0487,-8.4036,140.7328,176.7634,8.6565,40.25,On Belt
574350,-8.0206,0.8116,-5.6671,95.9695,79.6794,-31.1756,40.39,On Belt
574400,-7.0030,4.5059,-7.9272,-7.2214,-39.4962,-90.2901,40.25,On Belt
574450,-4.7285,3.4860,-10.4818,-85.1450,-57.1908,-115.6947,40.39,On Belt
574500,-3.0789,-1.1349,-8.6910,-64.8702,-22.8550,-48.7786,40.25,On Belt
574550,-3.9145,-2.6360,-5.2888,-15.0992,-16.1832,-11.7710,40.34,On Belt
574600,-4.0869,-3.2489,-4.5729,4.7023,-47.1603,-3.8779,40.39,On Belt
574650,-5.5282,-4.3479,-6.5194,30.5191,-77.6336,-16.4122,40.34,On Belt
574700,-4.8626,-1.0463,-9.3015,53.5420,-92.9924,-3.8168,40.58,On Belt
574750,-6.3422,-1.7214,-9.7444,47.8779,-73.0076,13.8626,40.34,On Belt
574800,-6.2441,-2.9161,-9.0501,35.9695,-103.8779,2.3206,40.20,On Belt
574850,-7.2281,-1.6712,-12.5600,6.7786,-40.8702,-13.7405,40.53,On Belt
574900,-11.0205,4.3167,-3.1268,-17.0992,3.7405,53.9389,40.39,On Belt
574950,-6.8690,-1.2641,-4.3958,-33.2061,-13.9084,21.8473,40.25,On Belt
575000,-4.8602,0.4166,-3.2154,-60.4733,-5.9389,1.1756,40.39,On Belt
575050,-5.8849,-3.6464,-6.7373,-109.9542,28.5802,-33.4962,40.25,On Belt
575100,-7.3646,-1.3623,-5.3367,-100.3053,23.0992,-47.9237,40.39,On Belt
575150,-8.0804,-0.8164,-4.7094,-98.8550,14.9771,-26.5954,40.06,On Belt
575200,-7.4005,-3.3686,-5.8730,-61.8015,-11.8626,-8.0000,40.25,On Belt
575250,-6.3542,-2.9544,-5.2601,-16.3817,-22.6412,8.8244,40.39,On Belt
575300,-5.4444,-2.9137,-5.7221,37.6031,-11.5267,41.4809,40.44,On Belt
575350,-4.8985,-2.5642,-6.2728,83.9847,-2.5649,65.8626,40.15,On Belt
575400,-5.6719,-0.8188,-6.7876,93.9237,17.6183,82.9618,40.39,On Belt
575450,-7.1084,-0.5794,-8.2624,95.9542,13.9847,102.0305,40.25,On Belt
575500,-3.7637,-0.6967,-7.4531,110.9008,44.7176,99.5573,40.25,On Belt
575550,-6.3231,-2.2817,-10.5824,107.2977,71.6794,81.8168,40.44,On Belt
575600,-4.9775,3.2058,-12.1506,123.1756,139.5420,58.7786,40.25,On Belt
575650,-9.5577,1.3048,-6.2920,51.3740,105.9084,-47.2824,40.25,On Belt
575700,-7.9799,1.2857,-5.9759,-78.9771,-23.1603,-142.0153,40.25,On Belt
575750,-3.4692,2.4421,-9.0022,-133.9084,-49.1603,-170.9008,40.53,On Belt
575800,-2.9329,0.9481,-5.9520,-85.7099,7.7405,-63.2977,40.44,On Belt
575850,-6.7469,-2.9951,-6.0358,-58.0305,-3.2366,-28.8397,40.39,On Belt
575900,-6.4189,-2.3296,-4.8267,-29.5725,-35.9084,-21.1450,40.39,On Belt
575950,-6.0047,-2.4900,-5.4899,16.7023,-64.8092,-1.9542,40.34,On Belt
576000,-5.6288,-4.3527,-7.4723,61.0382,-85.6489,-0.8702,40.58,On Belt
576050,-4.5969,-0.0455,-9.7971,78.7634,-41.7863,-0.9618,40.53,On Belt
576100,-12.6079,5.5761,-8.5162,45.6641,17.9389,56.6107,40.34,On Belt
576150,-7.0318,2.9975,-6.9504,-69.6031,-33.1298,-15.3893,40.39,On Belt
576200,-4.3958,-2.7342,-6.1579,-105.6031,-46.9313,-61.4809,40.25,On Belt
576250,-3.9217,-2.8563,-6.4045,-126.7939,-17.7863,-83.9695,40.25,On Belt
576300,-7.2377,-0.4645,-5.9376,-127.9084,10.3511,-68.1679,40.25,On Belt
576350,-9.4930,-2.9975,-6.9240,-101.5573,4.5496,-45.1450,40.44,On Belt
576400,-7.5130,-1.8076,-5.4971,-76.9618,0.2290,-22.6412,40.44,On Belt
576450,-6.5721,-2.3583,-5.0350,-52.6107,7.7099,-10.7481,40.34,On Belt
576500,-7.3789,-2.6839,-5.7533,-45.1908,9.7099,9.4046,40.25,On Belt
576550,-8.8370,-1.5251,-5.2385,-17.3588,10.7176,22.6870,40.39,On Belt
576600,-8.6359,-3.3423,-6.6319,34.4275,-20.5344,44.6412,40.25,On Belt
576650,-7.4484,-1.6999,-5.9664,77.9084,-32.6107,64.0305,40.34,On Belt
576700,-5.9448,-0.4597,-5.3798,93.3435,-38.3969,83.1603,40.34,On Belt
576750,-4.1372,-0.5578,-7.3646,107.7863,-8.9160,105.0382,40.39,On Belt
576800,-4.2042,1.4198,-6.5673,135.6488,26.5038,109.1450,40.20,On Belt
576850,-6.4452,4.3287,-8.5138,55.1756,10.8855,58.4275,40.44,On Belt
576900,-5.3439,2.9616,-8.7412,-31.8779,-14.8244,-6.5954,40.06,On Belt
576950,-4.5657,1.3288,-8.3342,-54.4580,-6.0458,-28.5344,40.39,On Belt
577000,-6.5457,0.8643,-5.7796,-41.1908,0.9924,-17.4351,40.34,On Belt
577050,-6.8522,0.2418,-5.7628,-14.3053,6.0763,-2.8092,40.25,On Belt
577100,-7.9224,1.2474,-5.4300,7.3740,-4.2290,8.9924,40.34,On Belt
577150,-6.8570,1.4317,-6.5218,16.2290,-9.7099,25.4809,40.20,On Belt
577200,-4.9608,0.5076,-6.7876,17.5573,1.1756,24.0458,40.34,On Belt
577250,-4.7621,0.4908,-6.7493,17.8168,19.6489,9.0229,40.34,On Belt
577300,-6.6750,1.5586,-6.4548,3.3435,17.8779,-2.2443,40.06,On Belt
577350,-6.6511,0.5076,-6.1675,-2.9771,12.5649,-0.0153,40.25,On Belt
577400,-6.0190,-0.1891,-6.1316,7.8626,13.6031,2.6565,40.39,On Belt
577450,-5.9927,0.3256,-6.4021,20.1221,19.4962,12.8397,40.34,On Belt
577500,-6.7876,0.5842,-6.6798,29.9389,26.4427,21.7252,40.44,On Belt
577550,-6.4476,0.5818,-6.4907,32.0153,23.6031,26.6412,40.34,On Belt
577600,-6.5074,-0.1006,-7.2185,28.8397,19.5573,28.1527,40.25,On Belt
577650,-6.1124,0.7661,-7.0581,35.5267,19.3130,32.5191,40.25,On Belt
577700,-5.6336,0.0144,-6.8043,41.6641,17.4046,36.2290,40.34,On Belt
577750,-5.7197,0.1341,-6.9168,48.3817,20.5038,39.0687,40.39,On Belt
577800,-5.6886,0.4190,-7.6136,50.5038,27.9389,42.7634,40.34,On Belt
577850,-5.4468,0.0958,-7.3310,55.2824,29.1756,54.8855,40.06,On Belt
577900,-5.6000,-0.2394,-7.3909,58.0763,17.5114,63.5725,40.25,On Belt
577950,-5.5569,-0.1700,-7.7644,56.2748,5.2366,70.1832,40.25,On Belt
578000,-5.6838,0.0886,-8.3701,50.8702,-5.1908,74.7481,40.44,On Belt
578050,-6.0358,0.0742,-8.7101,44.9160,-17.0382,78.7481,40.20,On Belt
578100,-5.7317,-0.3735,-8.2504,31.6031,-28.0611,73.9084,40.53,On Belt
578150,-5.1188,-0.7278,-8.0589,27.4351,-26.7328,70.3359,40.25,On Belt
578200,-4.2784,0.2131,-7.1730,38.3359,-11.3435,82.8702,40.34,On Belt
578250,-4.9321,-0.9553,-6.4835,48.0000,-4.2137,81.6031,40.25,On Belt
578300,-5.7509,-1.4676,-6.8618,65.8321,-10.5496,65.1908,40.25,On Belt
578350,-6.6535,-0.8380,-7.2185,69.0687,-21.2824,61.3588,40.44,On Belt
578400,-6.0286,-0.1484,-7.1682,71.1298,-34.1527,54.6260,40.20,On Belt
578450,-6.1244,-0.6919,-7.5872,57.6641,-44.1374,38.4275,40.15,On Belt
578500,-4.8507,-0.5794,-7.2185,39.5420,-49.3282,14.9313,40.25,On Belt
578550,-4.8483,-0.4549,-8.0852,26.2443,-43.8626,-1.0229,40.25,On Belt
578600,-7.0174,-0.0048,-8.4396,15.8015,-32.9160,2.3664,40.53,On Belt
578650,-6.8761,-0.1125,-7.0892,-5.6641,-16.8244,11.4809,40.34,On Belt
578700,-5.9448,-1.7789,-5.6144,-15.0229,-4.3359,-15.3435,40.25,On Belt
578750,-6.3087,-1.2617,-5.0230,-13.1450,0.8092,-23.8321,40.25,On Belt
578800,-5.7437,-1.0606,-4.7573,-14.8550,17.4809,-28.2748,40.53,On Belt
578850,-7.4029,-2.1165,-6.6248,-15.8779,35.4962,-21.7099,40.25,On Belt
578900,-7.7021,-0.3136,-6.1196,-6.0458,41.5267,9.6183,40.39,On Belt
578950,-5.9113,-2.8659,-6.0813,7.2366,56.6260,6.5496,40.44,On Belt
579000,-5.4899,-3.9121,-6.2513,-1.1603,78.6260,-12.7634,40.15,On Belt
579050,-7.3933,-1.9441,-6.1723,-0.4427,72.5496,-7.4809,40.39,On Belt
579100,-10.1203,-1.1899,-7.1922,-9.0687,46.7481,38.0000,40.44,On Belt
579150,-6.9576,-2.0662,-5.2098,19.6947,10.2443,56.2901,40.25,On Belt
579200,-4.8459,-3.5817,-6.5457,51.5878,-3.2672,69.5878,40.58,On Belt
579250,-5.1667,-2.4038,-7.7141,77.2214,-11.9542,90.2290,40.25,On Belt
579300,-5.5545,-1.1181,-8.6718,85.9389,-5.6947,111.8321,40.44,On Belt
579350,-5.1954,-1.5706,-7.6231,78.0916,-1.5878,120.8550,40.53,On Belt
579400,-5.4324,-2.9329,-6.6152,69.2977,-11.0992,104.8244,40.25,On Belt
579450,-5.4061,-2.9209,-6.5146,57.8321,-31.9389,85.5878,40.53,On Belt
579500,-5.1068,-2.1907,-7.9631,51.5267,-41.3282,78.3511,40.44,On Belt
579550,-4.3311,-1.7669,-7.6830,55.1756,-23.5878,76.8397,40.34,On Belt
579600,-4.2425,-1.8866,-7.5705,56.0153,13.8473,58.2595,40.25,On Belt
579650,-6.8594,1.0104,-7.9033,59.4198,47.2977,56.6412,40.25,On Belt
579700,-7.8769,0.7350,-7.2425,32.9313,48.2901,63.4656,40.39,On Belt
579750,-4.8243,0.1820,-5.3846,38.3511,54.5038,53.1145,40.01,On Belt
579800,-4.2808,-1.5658,-6.0118,49.7405,69.8779,43.2977,40.39,On Belt
579850,-4.0510,0.8212,-9.0980,76.9160,96.7481,82.4885,40.44,On Belt
579900,-7.2329,0.1508,-8.9376,112.7023,114.8244,107.2824,40.25,On Belt
579950,-7.0749,0.4573,-7.2592,104.2748,76.4885,106.5191,40.34,On Belt
580000,-7.2305,-0.2658,-7.4268,58.0763,8.2290,64.7328,40.25,On Belt
580050,-6.6248,-0.6919,-8.1786,-8.9313,-66.4122,5.6183,40.34,On Belt
580100,-3.7493,-0.0383,-7.3741,-20.3053,-94.2290,6.9618,40.20,On Belt
580150,-3.4692,-2.1213,-6.9767,10.7939,-69.0687,40.9924,40.44,On Belt
580200,-5.2792,-4.4317,-7.2018,29.4351,-57.0840,37.6641,40.44,On Belt
580250,-4.9129,-4.3383,-6.9121,53.4046,-55.5573,15.1603,40.25,On Belt
580300,-4.1755,-3.0694,-7.7788,70.0611,-37.7252,20.2137,40.44,On Belt
580350,-4.2353,-1.3767,-8.2001,84.5191,-19.0687,34.1679,40.15,On Belt
580400,-5.0781,-0.9553,-7.8099,60.4580,-7.0229,31.4351,40.44,On Belt
580450,-6.7660,-1.0774,-7.6902,4.9924,-27.6336,-2.2137,40.53,On Belt
580500,-6.0238,-0.3448,-8.0158,-39.2672,-45.8168,-19.2519,40.34,On Belt
580550,-5.8514,-0.9697,-7.2688,-45.5725,-20.5191,5.5878,40.01,On Belt
580600,-6.3183,-2.9568,-6.2273,-50.6565,-27.5420,7.3435,40.39,On Belt
580650,-5.2816,-3.1556,-6.1555,-38.2290,-30.3053,-9.9847,40.25,On Belt
580700,-5.0757,-2.3128,-6.9959,-13.2366,-4.4885,-23.2824,40.44,On Belt
580750,-10.9630,-2.1404,-10.0389,-22.7328,60.1374,4.2748,40.34,On Belt
580800,-9.2584,-0.8428,-4.6831,21.0076,19.7710,49.2519,40.34,On Belt
580850,-4.9656,-0.9361,-3.5410,18.8397,14.3969,36.1985,40.06,On Belt
580900,-5.2864,-3.4884,-5.8778,-12.7023,33.3435,-1.4351,40.34,On Belt
580950,-7.4124,0.4573,-4.5586,-50.5802,65.0840,-36.8397,40.39,On Belt
581000,-8.8897,-0.2011,-4.8985,-74.1527,52.0611,-13.2977,40.58,On Belt
581050,-6.6032,-3.7996,-6.2417,-64.4275,43.8931,-28.5344,40.34,On Belt
581100,-6.1555,-3.8523,-5.8586,-54.0000,31.1298,-41.1298,40.39,On Belt
581150,-8.2097,0.4214,-5.3175,-33.4504,13.9237,-21.5573,40.25,On Belt
581200,-8.3246,-1.5850,-6.2225,-4.9008,-2.6870,13.2061,40.53,On Belt
581250,-5.8538,-3.0813,-6.1244,17.4046,-28.8550,26.4275,40.44,On Belt
581300,-5.2553,-2.1691,-6.5960,40.8397,-33.5115,36.2290,40.34,On Belt
581350,-5.5569,-1.5682,-8.0828,52.1985,-35.3740,56.9008,40.20,On Belt
581400,-5.0566,-0.6895,-8.2313,54.6260,-16.9313,82.8397,40.58,On Belt
581450,-5.4420,-1.6712,-7.7237,37.9542,-2.2443,87.0840,40.53,On Belt
581500,-5.8083,-2.4756,-7.1706,18.9160,-7.1450,66.1985,40.25,On Belt
581550,-4.1276,-1.0391,-6.0334,14.3053,-5.8779,21.4351,40.44,On Belt
581600,-7.2808,-2.8587,-14.1042,8.7786,31.7099,12.0916,40.39,On Belt
581650,-4.0366,4.2425,-8.9759,43.5725,94.2290,53.5115,40.53,On Belt
581700,-5.1499,0.4621,-5.9376,44.9313,127.6336,-4.6718,40.34,On Belt
581750,-5.1834,-0.9601,-3.4500,16.6565,78.9008,-70.8397,40.67,On Belt
581800,-8.1499,-2.6360,-6.1627,-23.8321,2.3817,-144.7786,40.44,On Belt
581850,-5.5569,3.6368,-10.8146,-44.5344,14.8855,-104.2137,40.39,On Belt
581900,-6.2968,-0.8116,-7.8650,-33.5115,18.5954,-69.7863,40.44,On Belt
581950,-4.7046,-2.5642,-5.7437,-22.5038,6.4427,-61.6794,40.39,On Belt
582000,-4.2689,-2.5714,-5.5067,-4.7786,-18.4122,-60.6260,40.39,On Belt
582050,-4.3838,-0.7446,-7.0629,14.7328,-26.4275,-42.9924,40.44,On Belt
582100,-5.2170,-0.5650,-7.5729,14.0305,-42.3664,-14.6565,40.39,On Belt
582150,-4.8794,-1.6640,-7.3430,-2.9771,-62.5649,-2.2595,40.25,On Belt
582200,-5.2457,-2.9856,-7.1515,-6.5954,-84.4122,-18.8855,40.25,On Belt
582250,-5.5138,-3.3064,-7.8721,-3.3588,-107.4351,-31.5267,40.39,On Belt
582300,-4.5226,-3.0167,-8.9687,37.8015,-93.9847,-22.3359,40.25,On Belt
582350,-8.7412,-3.3686,-15.0523,-4.1527,-2.0611,13.2061,40.25,On Belt
582400,-9.8426,3.9959,-4.4221,37.4809,34.7481,65.1298,40.53,On Belt
582450,-6.0645,-0.9912,-4.5610,3.3588,10.7481,43.5115,40.25,On Belt
582500,-4.4101,-0.1317,-3.3423,-26.7634,16.8092,-7.4504,40.39,On Belt
582550,-5.9352,-2.7174,-6.3159,-98.7176,45.4656,-41.6947,40.25,On Belt
582600,-8.4108,-1.1181,-6.1459,-83.7099,30.9771,-41.1603,40.34,On Belt
582650,-8.3534,-2.2146,-6.6104,-69.1756,14.4427,-14.7786,40.25,On Belt
582700,-6.4979,-2.6312,-5.5450,-46.8550,-1.8626,-2.6565,40.44,On Belt
582750,-6.4332,-2.3679,-5.4468,-26.5802,-13.5267,7.1145,40.34,On Belt
582800,-6.5122,-2.1308,-5.9185,-0.8244,-25.3893,27.6183,40.15,On Belt
582850,-5.4995,-2.3128,-7.3454,22.1832,-25.4962,57.0687,40.25,On Belt
582900,-5.2074,-1.7502,-7.5824,51.6794,-13.4046,95.2977,40.67,On Belt
582950,-5.3846,-2.7031,-7.3143,65.0840,-4.7481,103.8321,40.34,On Belt
583000,-4.0151,-2.5666,-6.5098,85.1603,-1.6183,88.4580,40.58,On Belt
583050,-4.4939,0.5722,-7.2616,89.7710,34.9160,78.7023,40.25,On Belt
583100,-10.8290,0.9553,-10.5273,105.0382,58.8550,88.2595,40.25,On Belt
583150,-8.0685,3.3351,-7.0605,75.3588,44.7481,111.4504,40.25,On Belt
583200,-4.2042,0.1293,-6.2249,68.5038,46.4427,119.8626,40.25,On Belt
583250,-3.4285,-1.3048,-4.3287,81.0687,40.5344,94.1985,40.20,On Belt
583300,-6.1938,-3.0622,-6.9192,80.4580,0.4885,40.0916,40.25,On Belt
583350,-3.6512,4.0031,-11.6957,58.5802,10.8855,51.4656,40.39,On Belt
583400,-5.1906,1.3982,-8.1475,30.9160,25.3130,48.1985,40.25,On Belt
583450,-4.9656,-0.6321,-6.5912,-0.3206,2.0153,14.7481,40.44,On Belt
583500,-4.4748,-0.1676,-7.9655,-0.0763,3.5573,12.9313,40.39,On Belt
583550,-6.1100,-0.0742,-7.5848,14.2595,5.3740,44.2595,40.25,On Belt
583600,-5.3726,-1.1612,-7.5322,32.5649,1.2366,61.0076,40.44,On Belt
583650,-4.5250,-1.1636,-7.5250,46.4122,2.9924,65.8321,40.58,On Belt
583700,-4.4580,-0.0239,-8.0804,46.5344,6.3969,61.8321,40.25,On Belt
583750,-5.1164,0.2251,-8.4060,35.5573,9.2977,58.3664,40.25,On Belt
583800,-5.2241,-0.0575,-8.0325,12.2595,0.7481,43.8473,40.34,On Belt
583850,-4.7980,-0.2897,-8.4635,4.6412,0.6870,28.6718,40.39,On Belt
583900,-5.3367,-0.7278,-8.1307,10.7023,11.5725,36.9008,40.34,On Belt
583950,-5.3965,-0.9960,-7.7931,23.6183,11.2977,48.0458,40.34,On Belt
584000,-5.0589,-0.8116,-7.6519,34.7328,11.0992,53.4504,40.72,On Belt
584050,-4.8770,-0.8380,-7.6375,35.9542,7.1298,56.3206,40.34,On Belt
584100,-4.5011,-0.5842,-7.3478,30.9771,0.8550,57.9847,40.06,On Belt
584150,-4.3598,-0.9290,-7.2903,23.6336,-4.1221,47.3740,40.34,On Belt
584200,-4.9560,-1.5945,-7.9607,24.1374,-10.1985,40.5038,40.34,On Belt
584250,-5.0302,-0.9337,-7.9631,30.8702,-17.3740,40.1069,40.25,On Belt
584300,-5.0685,-0.4453,-7.6686,27.2824,-26.9160,36.7786,40.44,On Belt
584350,-4.8914,-0.8260,-7.5872,18.7786,-41.5267,24.8702,40.34,On Belt
584400,-4.9799,-1.0774,-7.8003,9.8473,-52.3053,5.6641,40.34,On Belt
584450,-4.6591,-0.2825,-8.5258,4.4275,-43.5573,-2.0305,40.25,On Belt
584500,-4.9728,-0.2897,-8.3103,3.1450,-24.3817,1.7099,40.34,On Belt
584550,-5.9879,-0.8116,-8.0397,-5.9847,-17.6489,-7.0382,40.53,On Belt
584600,-6.2465,0.4884,-7.4819,-15.9847,-10.6870,-14.6565,40.39,On Belt
584650,-6.8690,0.0982,-6.3087,-36.9008,-17.4046,-26.3969,40.67,On Belt
584700,-6.2225,-1.0080,-6.5170,-46.8397,-22.2290,-43.0382,40.39,On Belt
584750,-5.9256,-0.5794,-6.5649,-52.6260,-9.9389,-45.4809,40.25,On Belt
584800,-6.4572,-1.0774,-6.0765,-51.3740,0.4733,-40.0000,40.53,On Belt
584850,-6.5218,-1.4533,-6.1292,-42.2443,8.6260,-42.7023,40.58,On Belt
584900,-5.7461,-1.1995,-6.1627,-31.2977,25.7863,-19.8626,40.15,On Belt
584950,-7.4939,-0.8428,-5.1619,-8.0458,33.4351,-10.7328,40.44,On Belt
585000,-8.0900,-1.4533,-5.9209,9.8015,19.6031,0.8397,40.34,On Belt
585050,-7.9799,-0.3687,-5.5162,20.5191,14.3206,17.1908,40.53,On Belt
585100,-7.3310,-1.8890,-5.8897,28.7023,13.1603,28.4580,40.34,On Belt
585150,-6.3183,-2.3104,-5.6862,26.3053,16.8855,21.5573,40.34,On Belt
585200,-6.4236,-2.3607,-5.9640,15.0687,23.8321,13.9237,40.58,On Belt
585250,-7.3885,-2.0470,-6.5434,15.4046,18.2595,28.1069,40.15,On Belt
585300,-7.4053,-2.0925,-6.5625,29.0992,10.4580,48.4275,40.15,On Belt
585350,-6.7181,-2.5786,-6.3303,46.2595,-3.6794,65.1756,40.34,On Belt
585400,-5.1858,-2.7222,-7.5130,75.2672,-3.5878,85.6794,40.53,On Belt
585450,-4.5993,-2.4349,-7.4005,99.7252,-2.4427,105.0687,40.39,On Belt
585500,-4.7429,-2.0542,-7.5489,108.6718,0.5496,109.2519,40.39,On Belt
585550,-4.3000,-0.7997,-7.8650,110.9618,7.8473,99.3435,40.53,On Belt
585600,-4.6519,-0.7398,-7.5465,89.9237,14.3969,72.3511,40.34,On Belt
585650,-4.0630,-1.4126,-7.3143,75.7557,40.8397,42.6260,40.34,On Belt
585700,-4.8842,-1.8268,-7.8817,60.4733,67.4504,42.1985,40.15,On Belt
585750,-8.0565,-0.9218,-8.3989,57.7710,47.9695,23.5878,40.53,On Belt
585800,-6.7469,1.4150,-8.0613,13.6336,10.1374,16.2290,40.34,On Belt
585850,-5.2194,-0.3615,-6.7469,-0.7786,1.8626,39.2977,40.25,On Belt
585900,-4.4843,-2.0327,-6.0861,-4.8092,-8.0153,50.6412,40.25,On Belt
585950,-4.9584,-3.6919,-6.2034,-0.0153,-25.8473,30.9771,40.34,On Belt
586000,-5.1308,-3.9576,-7.1108,15.1450,-34.7176,-4.9924,40.34,On Belt
586050,-5.2577,-1.6664,-7.7428,34.4580,-30.0611,-1.5420,40.39,On Belt
586100,-5.2050,-0.8811,-7.9942,52.6107,-19.5725,38.4122,40.44,On Belt
586150,-5.5881,-1.6424,-7.1180,38.0611,-30.0916,39.9542,40.44,On Belt
586200,-5.6838,-3.6033,-7.4340,18.2290,-51.3435,9.3740,40.34,On Belt
586250,-6.3207,-2.0063,-10.2568,6.3359,-17.7099,-16.6870,40.25,On Belt
586300,-9.6869,3.1149,-5.3247,4.1985,33.8779,31.9084,40.34,On Belt
586350,-7.0988,-0.7805,-4.3862,-12.1069,5.7405,19.6794,40.25,On Belt
586400,-5.0518,-2.4732,-5.1906,-28.7786,5.4198,2.0000,40.44,On Belt
586450,-6.1244,-2.3535,-5.7341,-56.2443,42.5496,-35.3588,40.53,On Belt
586500,-8.7364,0.1772,-4.4412,-71.0382,46.1679,-11.1450,40.39,On Belt
586550,-8.0086,-3.5626,-6.0142,-40.9466,22.4580,0.8550,39.92,On Belt
586600,-6.6128,-2.8228,-5.1691,-17.6183,11.9847,0.3817,40.34,On Belt
586650,-7.4005,-2.0327,-5.6479,11.4504,-0.7176,23.1603,40.25,On Belt
586700,-7.3957,-2.3080,-6.0214,45.2672,-10.0458,46.0305,40.34,On Belt
586750,-6.7756,-2.2458,-6.1651,62.9313,-22.2137,60.4427,40.25,On Belt
586800,-6.4883,-1.7430,-6.8761,73.7099,-33.3740,81.7099,40.39,On Belt
586850,-6.8067,-0.9266,-7.1060,78.7328,-42.9771,98.5038,40.58,On Belt
586900,-5.0661,-1.0080,-6.8546,66.0458,-36.0000,93.5573,40.25,On Belt
586950,-4.8291,-2.6025,-6.7852,42.1374,-21.0229,78.5649,40.67,On Belt
587000,-5.4899,-2.9353,-7.9631,32.1221,-7.8168,42.6260,40.25,On Belt
587050,-4.7621,-0.1437,-6.3015,35.8931,12.6565,26.1527,40.58,On Belt
587100,-5.8203,-1.4700,-9.3829,29.2672,47.4351,17.7863,40.15,On Belt
587150,-6.1483,-0.1269,-9.8689,59.4046,90.4275,24.8244,40.44,On Belt
587200,-5.6503,0.9002,-8.1211,77.6336,143.8473,43.8931,40.39,On Belt
587250,-7.1922,-0.7542,-6.4907,88.8092,160.7023,3.3740,40.39,On Belt
587300,-8.0278,-1.4988,-5.0733,73.7710,79.0840,-30.3053,40.39,On Belt
587350,-7.4077,2.6528,-8.4156,11.2519,-12.3664,-80.3817,40.53,On Belt
587400,-5.0159,2.5714,-9.6510,-43.3282,-7.4351,-60.9771,40.44,On Belt
587450,-4.6878,-1.6376,-6.8522,-40.3511,-1.3435,-16.6870,40.44,On Belt
587500,-4.3790,-3.2274,-5.1427,-22.9618,-14.6260,-3.6794,40.25,On Belt
587550,-5.2194,-4.3335,-5.6719,11.0687,-54.6870,-13.5725,40.44,On Belt
587600,-5.4372,-2.9712,-7.2329,37.8473,-88.0153,-15.3740,40.06,On Belt
587650,-5.0374,-0.2777,-8.7747,45.8168,-89.6031,19.8931,40.25,On Belt
587700,-6.5074,-1.8435,-8.8681,18.9313,-102.5038,14.3817,40.34,On Belt
587750,-6.5314,-3.3447,-8.4276,-9.8015,-128.4275,-27.5878,40.25,On Belt
587800,-6.1627,-2.5307,-9.6534,-4.8244,-104.3206,-66.9618,40.34,On Belt
587850,-10.4244,1.5874,-9.3972,-18.2290,26.8397,18.4580,40.39,On Belt
587900,-7.8099,-1.5036,-4.6711,-20.8397,13.2977,41.3130,40.44,On Belt
587950,-5.6336,-1.1325,-3.3255,-19.1298,6.4885,24.6412,40.25,On Belt
588000,-4.5418,-0.6512,-3.6033,-67.0840,36.1069,1.5573,40.39,On Belt
588050,-6.2704,-3.6727,-6.6080,-111.1908,64.0611,-25.4962,40.53,On Belt
588100,-7.2449,-2.8204,-6.0286,-89.5267,47.9237,-46.0000,40.44,On Belt
588150,-9.3158,-0.9457,-4.8243,-88.4733,32.6718,-36.6870,40.34,On Belt
588200,-6.7469,-2.9209,-5.4516,-65.2214,7.1908,-23.3588,40.44,On Belt
588250,-5.9089,-4.1156,-4.5825,-51.9237,2.5954,-28.3053,40.44,On Belt
588300,-6.3255,-2.8323,-5.9185,-25.1603,0.9160,-9.6489,40.34,On Belt
588350,-7.3670,-1.6041,-6.3758,15.7405,-9.5878,20.4427,40.34,On Belt
588400,-6.4356,-1.0894,-6.2824,38.7481,-4.2748,52.3511,40.06,On Belt
588450,-5.7413,-1.6352,-6.9168,47.9237,1.7405,64.7786,40.58,On Belt
588500,-5.9592,-0.8140,-6.4524,39.8779,10.1374,69.4962,40.44,On Belt
588550,-5.1954,-0.5435,-6.6966,44.9160,19.3435,70.9008,40.06,On Belt
588600,-5.1954,-0.6440,-9.4834,55.4809,53.1298,77.4504,40.34,On Belt
588650,-7.3215,0.6177,-10.3789,93.2977,88.9160,110.4885,40.34,On Belt
588700,-8.8131,3.8595,-10.4076,67.9389,111.3435,96.0458,40.34,On Belt
588750,-6.2872,1.3815,-5.6096,4.1374,73.4198,26.7939,40.25,On Belt
588800,-4.9847,-0.9290,-3.7948,-24.7023,-1.7252,-39.6641,40.39,On Belt
588850,-5.5498,-0.7422,-7.5393,-42.3664,-61.8931,-95.2824,40.39,On Belt
588900,-6.0454,3.9025,-9.7013,-34.4733,-4.8550,-0.5802,40.34,On Belt
588950,-5.3079,-0.2514,-6.5721,-19.2366,-14.2137,17.2366,40.20,On Belt
589000,-4.6495,-0.5650,-5.6192,-7.3893,-35.8168,-7.5420,40.39,On Belt
589050,-4.4556,1.3862,-8.1930,-11.9542,-33.9389,-15.8321,40.53,On Belt
589100,-6.1076,1.3934,-9.1650,-11.3740,-3.1450,8.2137,40.34,On Belt
589150,-7.0198,1.0032,-6.7181,-23.9847,-18.5344,0.3664,40.25,On Belt
589200,-5.1619,0.6512,-7.3239,-17.6336,-18.3206,7.6489,40.25,On Belt
589250,-5.5713,0.6967,-6.3542,-4.5038,-9.5420,21.8321,40.39,On Belt
589300,-6.0382,-0.9026,-6.4715,-2.0153,-20.2748,5.0534,40.58,On Belt
589350,-3.9456,0.8212,-7.5968,1.9237,-8.4580,-4.6870,40.39,On Belt
589400,-5.8035,1.5730,-7.3358,-0.9924,4.6260,3.1603,40.44,On Belt
589450,-6.6367,0.9601,-6.7780,-11.0229,-2.1985,2.4122,40.25,On Belt
589500,-6.3901,0.3615,-6.8235,-12.7634,-12.5649,-4.5038,40.44,On Belt
589550,-5.7581,0.4190,-6.7301,-4.4122,-8.3206,1.5573,40.44,On Belt
589600,-5.6838,0.2825,-6.5793,7.1756,-2.2748,10.9313,40.39,On Belt
589650,-5.8299,0.6464,-6.8163,13.2519,-3.1756,12.9618,40.58,On Belt
589700,-5.9017,0.9266,-7.3789,13.3740,-3.5725,12.4275,40.25,On Belt
589750,-5.6383,1.2570,-7.3310,4.9466,-1.3893,4.8397,40.25,On Belt
589800,-5.8131,0.8954,-7.0366,-3.6794,2.3664,-2.8550,40.25,On Belt
589850,-6.0765,0.8428,-6.7181,-4.2137,2.3206,-1.8626,40.39,On Belt
589900,-6.1244,0.5866,-6.7469,4.9618,2.9618,5.2824,40.44,On Belt
589950,-6.2225,0.6129,-6.8953,12.3053,2.2595,11.4809,40.44,On Belt
590000,-5.9520,0.8547,-6.9887,14.5191,1.5420,11.7405,40.39,On Belt
590050,-5.8897,0.8547,-7.2089,11.0229,2.1221,8.9771,40.25,On Belt
590100,-5.4827,0.6536,-7.0773,8.0611,3.2519,5.4809,40.53,On Belt
590150,-5.4684,0.4046,-7.0533,9.8779,7.1908,3.5573,40.15,On Belt
590200,-5.6695,0.3160,-7.0509,12.6260,9.0840,5.2519,40.20,On Belt
590250,-5.3582,-0.0120,-6.7876,20.3359,12.3969,9.5878,40.53,On Belt
590300,-5.4827,-0.0551,-7.0844,31.4198,11.1908,8.3969,40.34,On Belt
590350,-6.1220,0.6009,-7.5106,28.3359,1.5573,5.0840,40.34,On Belt
590400,-5.7341,1.0750,-7.6423,15.5573,-9.8931,-0.8397,40.39,On Belt
590450,-5.7150,0.9050,-7.8793,1.5725,-20.7176,-9.3130,40.53,On Belt
590500,-5.7030,0.7087,-7.8793,-13.6336,-18.7023,-17.6183,40.25,On Belt
590550,-5.7269,0.2801,-7.3358,-24.8550,-13.3130,-24.2901,40.25,On Belt
590600,-6.4045,-0.2035,-6.6679,-26.9313,-12.5954,-25.4198,40.25,On Belt
590650,-6.5170,-0.3256,-6.2656,-24.0000,-15.9389,-26.3664,40.58,On Belt
590700,-6.7181,-0.1867,-6.1842,-16.3969,-16.2443,-22.6412,40.53,On Belt
590750,-7.3694,-0.5578,-6.7325,-4.5954,-18.5496,-11.1298,40.44,On Belt
590800,-7.4843,0.0383,-6.6367,6.3511,-23.2366,2.1221,40.34,On Belt
590850,-5.6168,-0.2705,-6.5793,16.9618,-14.5954,15.6794,40.39,On Belt
590900,-5.7748,-0.7709,-6.2130,23.4809,-6.8702,5.4504,40.53,On Belt
590950,-7.1323,0.8523,-6.9983,10.6412,1.6947,1.5573,40.25,On Belt
591000,-7.5202,0.1125,-6.5362,-1.4962,-3.4198,2.7328,40.39,On Belt
591050,-5.8107,-0.9074,-6.2513,-6.5802,-1.4656,-3.4809,40.53,On Belt
591100,-6.2584,-0.9984,-6.2680,-2.1832,1.5573,-6.0763,40.44,On Belt
591150,-6.6415,-0.3591,-6.4452,4.3359,2.8397,0.3664,40.34,On Belt
591200,-6.7445,-0.8428,-6.3063,11.2214,-1.4351,6.6870,40.34,On Belt
591250,-6.7804,-0.4214,-6.1459,12.4427,-7.9084,2.3664,40.53,On Belt
591300,-6.6487,-0.2059,-6.3231,7.6641,-11.5725,0.4885,40.44,On Belt
591350,-6.2082,-0.6847,-6.4596,0.2137,-7.1298,-8.0000,40.44,On Belt
591400,-6.6463,-0.8571,-6.7301,-7.3588,5.7252,-15.7557,40.34,On Belt
591450,-6.8259,-0.5962,-6.6200,-9.5878,7.9237,-18.1679,40.53,On Belt
591500,-7.1635,-0.7302,-6.3279,-15.5115,7.4198,-22.9771,40.39,On Belt
591550,-6.8953,-0.7853,-6.4643,-23.9847,-0.3817,-25.2824,40.25,On Belt
591600,-6.4620,-0.9529,-6.2968,-27.1756,0.1985,-27.6947,40.25,On Belt
591650,-6.5290,-0.8068,-6.2034,-24.5802,2.2137,-24.3817,40.39,On Belt
591700,-6.8570,-1.2402,-6.2345,-18.7939,0.2290,-21.6336,40.44,On Belt
591750,-6.5625,-1.3982,-6.0885,-14.9313,1.6489,-23.2672,40.67,On Belt
591800,-6.4380,-1.7669,-6.0190,-13.6183,2.1527,-25.7710,40.34,On Belt
591850,-6.4021,-1.5754,-6.4763,-15.8626,3.3588,-23.1603,40.39,On Belt
591900,-6.0525,-1.7909,-6.8378,-15.5725,7.7405,-13.3435,40.53,On Belt
591950,-6.4955,-2.3511,-6.7588,-14.2748,11.4962,-14.3969,40.44,On Belt
592000,-6.7612,-1.9321,-6.3925,-16.2290,12.4733,-18.0916,40.34,On Belt
592050,-7.0246,-1.2282,-6.3518,-15.8779,9.1298,-9.8931,40.25,On Belt
592100,-7.0126,-1.4126,-6.4715,-14.0611,7.8321,3.6336,40.34,On Belt
592150,-6.6607,-1.8938,-6.3710,-5.4504,5.7099,14.5191,40.25,On Belt
592200,-6.6559,-2.0877,-6.3901,1.2061,4.1221,18.4733,40.39,On Belt
592250,-6.1172,-1.8818,-6.1603,8.7023,4.2443,22.1527,40.58,On Belt
592300,-5.9879,-2.4014,-6.5122,13.5878,5.9237,25.2824,40.67,On Belt
592350,-6.2249,-1.7645,-7.4627,20.9924,14.9924,35.4351,40.25,On Belt
592400,-7.3837,-1.3815,-8.2815,38.6870,21.0840,60.4580,40.39,On Belt
592450,-6.2991,-0.6033,-7.7213,61.5267,29.1756,80.8855,40.39,On Belt
592500,-5.4013,-0.3208,-7.2640,62.1679,49.0076,87.7557,40.34,On Belt
592550,-5.4324,0.8428,-6.9911,44.7176,57.1756,77.6336,40.39,On Belt
592600,-5.2720,-0.4693,-6.8714,23.3740,37.3282,58.9160,40.34,On Belt
592650,-5.2720,-0.4142,-7.1419,6.5496,-0.3359,32.9771,40.34,On Belt
592700,-4.9871,1.2905,-9.4164,-12.9618,-12.9313,19.5114,40.39,On Belt
592750,-5.1044,0.9313,-8.5066,-32.6870,-9.5878,19.4198,40.39,On Belt
592800,-4.3718,-0.5339,-7.5417,-31.0840,-10.3511,18.7634,40.25,On Belt
592850,-4.6376,0.1437,-7.9559,-11.5878,6.3359,32.5038,40.39,On Belt
592900,-6.4811,1.3767,-6.9863,-14.9313,-0.8550,32.5191,40.53,On Belt
592950,-5.1523,0.1556,-7.5657,-12.5344,-6.4885,35.7863,40.39,On Belt
593000,-4.6088,0.2490,-7.3526,-2.5954,-3.3282,34.5038,40.39,On Belt
593050,-4.6160,1.2186,-7.5824,-3.0992,0.8702,31.5114,40.58,On Belt
593100,-4.8028,0.8882,-7.4316,-10.0916,1.8321,19.5267,40.44,On Belt
593150,-4.7238,1.4509,-7.1132,-9.8779,-1.1145,6.9618,40.39,On Belt
593200,-4.9536,1.8962,-7.1730,-13.0687,-1.1298,0.8550,40.39,On Belt
593250,-5.2984,1.5347,-6.8714,-12.7634,-1.5725,-1.0687,40.44,On Belt
593300,-5.5138,1.4341,-6.5673,-3.4504,-2.9924,1.7863,40.06,On Belt
593350,-5.5354,1.5179,-6.3255,4.3817,-5.5115,5.1298,40.39,On Belt
593400,-5.5306,0.8380,-7.4531,17.6947,-3.6489,8.5802,40.39,On Belt
593450,-5.2194,1.4461,-7.8626,23.8168,6.4733,14.9771,40.25,On Belt
593500,-5.2122,2.0590,-7.4172,18.4122,8.5954,17.0992,40.53,On Belt
593550,-4.9991,0.7230,-7.1515,19.2977,4.2290,17.2977,40.34,On Belt
593600,-5.6336,1.1708,-7.4603,21.5267,-1.4198,8.0458,40.25,On Belt
593650,-5.5426,1.4485,-7.1395,13.7405,-12.3511,5.0076,40.39,On Belt
593700,-4.8794,0.4022,-6.5793,17.8931,-16.0153,5.1298,40.44,On Belt
593750,-5.1404,0.1293,-6.3518,28.7634,-21.2519,6.7939,40.39,On Belt
593800,-5.2864,-0.0622,-6.7924,38.3969,-26.1985,5.8473,40.39,On Belt
593850,-5.4947,0.1963,-6.9623,45.5267,-27.7557,5.4504,40.53,On Belt
593900,-5.6790,-0.0239,-6.7947,40.9466,-31.9237,-0.8244,40.25,On Belt
593950,-5.8706,-0.5339,-7.4388,37.2672,-31.6183,-11.7557,40.53,On Belt
594000,-6.1411,0.1101,-7.6998,43.6794,-21.5267,1.2824,40.67,On Belt
594050,-6.5362,-0.1484,-7.5082,52.1679,-17.2672,15.9847,40.39,On Belt
594100,-6.5864,0.1939,-7.9272,49.3588,-16.8092,27.2366,40.06,On Belt
594150,-6.8067,-0.3639,-8.0134,41.0382,-14.8244,27.2824,40.53,On Belt
594200,-7.1467,-0.5650,-7.7596,24.4886,-16.2748,8.3053,40.44,On Belt
594250,-8.0038,1.4868,-6.4404,-2.9313,-25.6031,-5.2366,40.39,On Belt
594300,-6.3638,0.0072,-6.0741,-18.4580,-27.0534,-8.5038,40.39,On Belt
594350,-5.7700,-0.9098,-6.1196,-33.0076,-0.4885,-17.0534,40.44,On Belt
594400,-6.4859,-1.4437,-6.0166,-43.3588,18.9466,-19.8473,40.39,On Belt
594450,-6.0693,-2.0135,-6.1052,-33.7710,34.3969,-23.5420,40.39,On Belt
594500,-6.7229,-2.1284,-6.1459,-19.2519,47.8168,-23.8321,40.58,On Belt
594550,-7.4364,-2.2697,-6.4739,-13.5878,51.7863,-8.3817,40.34,On Belt
594600,-7.1204,-2.2697,-6.1746,-4.7176,54.6718,14.3969,40.25,On Belt
594650,-7.8578,-3.6057,-5.9640,21.7557,45.1603,32.4275,40.44,On Belt
594700,-7.4292,-1.8723,-5.7150,39.5573,35.4656,61.7252,40.67,On Belt
594750,-8.1068,-1.5227,-6.7564,51.4656,5.0687,78.2595,40.25,On Belt
594800,-5.8538,-1.7693,-7.3502,59.6489,2.6870,101.7557,40.34,On Belt
594850,-5.4157,-2.1404,-7.1922,67.3282,3.0076,109.7252,40.39,On Belt
594900,-5.1020,-2.2865,-7.4579,75.5573,4.6718,117.6947,40.39,On Belt
594950,-5.2457,-2.6312,-7.6160,80.5649,2.9313,118.1527,40.25,On Belt
595000,-4.9488,-1.8411,-7.4364,73.5878,5.8779,119.6947,40.25,On Belt
595050,-3.8882,-0.8906,-7.6830,70.3359,22.9466,111.6489,40.39,On Belt
595100,-4.9321,-0.9002,-9.3134,78.1679,44.4733,112.7939,40.53,On Belt
595150,-6.5242,1.3216,-7.4939,84.1679,47.4656,112.3206,40.39,On Belt
595200,-6.0789,-0.0239,-7.7213,76.4427,45.3893,102.1679,40.39,On Belt
595250,-4.7405,-0.4118,-7.0988,71.0534,53.9847,90.1679,40.44,On Belt
595300,-4.8554,-2.2122,-7.2209,76.9008,54.3053,78.2748,40.72,On Belt
595350,-4.4005,-1.2043,-7.7333,96.5954,37.3740,90.5954,40.67,On Belt
595400,-4.5873,-0.7853,-7.3526,100.8397,14.7176,128.2137,40.53,On Belt
595450,-5.4061,-1.8340,-6.0597,76.5191,-33.3893,126.6107,40.44,On Belt
595500,-5.7557,-3.0957,-6.9599,55.7710,-85.2824,104.9618,40.53,On Belt
595550,-5.8945,-3.8283,-7.5274,42.5038,-118.4733,73.9695,40.44,On Belt
595600,-5.7844,-4.6352,-7.8243,43.3130,-137.8931,47.9695,40.53,On Belt
595650,-5.4708,-4.4748,-7.6902,53.8779,-139.6183,19.8473,40.44,On Belt
595700,-5.4205,-4.6711,-8.4874,72.4733,-121.5267,-20.1069,40.44,On Belt
595750,-5.8586,-4.1228,-8.7173,73.2366,-91.2214,-45.6947,40.34,On Belt
595800,-6.3135,-4.6160,-9.2368,80.3053,-61.8168,-58.4122,40.34,On Belt
595850,-5.5569,-0.2634,-8.7484,139.6794,-7.0840,-10.2595,40.39,On Belt
595900,-12.2607,1.5706,-4.3838,79.4504,50.3511,59.1145,40.34,On Belt
595950,-10.8649,0.8428,-3.1316,13.9237,20.6718,47.8015,40.53,On Belt
596000,-4.8770,-0.6728,-2.8778,-25.6183,18.8855,27.5725,40.58,On Belt
596050,-4.3670,-0.7063,-3.0813,-68.7939,55.0229,6.9771,40.39,On Belt
596100,-6.8546,0.1700,-3.5051,-123.2977,96.5038,2.9771,40.44,On Belt
596150,-8.7987,-3.7158,-7.1395,-138.0153,110.5802,2.1221,40.39,On Belt
596200,-7.0485,-5.5545,-8.2863,-124.4733,126.3969,-20.2137,40.34,On Belt
596250,-7.5705,-5.0661,-6.6607,-105.5573,132.1221,-44.1832,40.44,On Belt
596300,-9.0214,-1.6089,-5.3247,-82.0763,107.2519,-19.0076,40.53,On Belt
596350,-8.3246,-3.2274,-6.5027,-39.1603,91.0229,-1.9389,40.06,On Belt
596400,-6.4212,-3.1867,-5.0685,6.9160,58.5649,20.5344,40.34,On Belt
596450,-6.0238,-1.8220,-4.6088,57.4198,9.9542,41.0840,40.44,On Belt
596500,-6.8618,0.7925,-7.6710,76.5038,-29.7863,75.7863,40.44,On Belt
596550,-5.4157,-0.7374,-7.6375,73.4046,-47.6641,108.3817,40.25,On Belt
596600,-5.8945,-2.4948,-7.9559,62.0000,-60.5191,96.3206,40.39,On Belt
596650,-5.9640,-3.0789,-7.1132,40.7176,-81.5725,67.2977,40.20,On Belt
596700,-5.4612,-2.9760,-7.8314,25.9847,-97.3282,42.1374,40.39,On Belt
596750,-3.5961,-0.5698,-9.6151,25.2366,-56.9160,57.9542,40.58,On Belt
596800,-5.0350,-1.8818,-8.9112,23.7099,0.1679,52.5802,40.53,On Belt
596850,-4.9512,-1.5395,-10.5560,35.8015,45.8779,42.1832,40.58,On Belt
596900,-3.5937,1.4988,-7.0940,42.3969,93.8931,52.8092,40.58,On Belt
596950,-3.3734,-0.1101,-5.6024,52.4885,137.3893,17.5420,40.06,On Belt
597000,-5.9328,-3.4022,-5.3750,62.2443,121.3588,-42.4275,40.53,On Belt
597050,-9.4212,-4.6855,-7.6854,64.2748,54.1527,-103.5878,40.34,On Belt
597100,-6.7612,4.9536,-11.3916,3.9237,15.9695,-102.7176,40.44,On Belt
597150,-6.5362,1.9106,-9.1530,-41.7405,5.5573,-74.6565,40.34,On Belt
597200,-4.4939,-1.5850,-6.0047,-63.0076,-23.6641,-67.7710,40.44,On Belt
597250,-4.3167,-3.4357,-5.6360,-46.9313,-41.6489,-66.5496,40.39,On Belt
597300,-4.6352,-3.0335,-5.7174,-18.2748,-58.7176,-54.4580,40.34,On Belt
597350,-4.7309,-1.9106,-7.3789,8.8397,-74.9924,-10.2443,40.53,On Belt
597400,-5.6144,-3.3639,-8.0110,33.8321,-76.6718,18.3206,40.39,On Belt
597450,-5.8466,-3.0861,-7.5800,22.6260,-103.7863,3.0382,40.34,On Belt
597500,-4.8698,-3.0598,-7.7452,9.9389,-121.3282,-17.2366,40.39,On Belt
597550,-6.9097,-3.0191,-12.5049,-15.6183,-54.6412,-8.0763,40.34,On Belt
597600,-9.9958,3.3471,-6.2106,-4.2137,33.4351,37.9847,40.06,On Belt
597650,-5.5282,-2.7007,-5.4348,-27.0992,18.4275,27.9695,40.25,On Belt
597700,-3.1963,-2.3607,-3.6105,-15.8931,15.2366,8.3817,40.34,On Belt
597750,-5.1930,-0.6560,-4.5562,-50.9313,52.1679,-43.5725,40.58,On Belt
597800,-9.8114,-1.4509,-7.0485,-86.9160,51.4962,-38.8397,40.44,On Belt
597850,-8.1523,-2.8874,-6.9983,-64.2137,18.9160,-32.6412,40.25,On Belt
597900,-6.0454,-3.1532,-5.5952,-55.1908,9.2061,-37.2519,40.25,On Belt
597950,-6.2369,-1.6712,-5.4372,-43.9237,-4.8397,-23.0229,40.39,On Belt
598000,-6.7708,-1.7885,-6.4141,-26.1679,-10.9008,-0.8092,40.25,On Belt
598050,-5.8490,-1.9106,-6.0071,-19.8626,-19.2519,21.3130,40.53,On Belt
598100,-5.1164,-2.0734,-6.7852,-7.3740,-29.1298,42.5344,40.25,On Belt
598150,-5.6000,-2.4684,-7.0054,10.6870,-29.8321,50.0153,40.39,On Belt
598200,-5.4324,-2.8204,-8.3438,17.5114,-21.7863,43.3588,40.44,On Belt
598250,-4.1803,-2.3703,-7.0102,15.8626,0.1374,45.8168,40.44,On Belt
598300,-3.1173,-0.6943,-6.6894,28.9618,34.8092,41.2214,40.44,On Belt
598350,-5.8083,-1.8627,-12.3397,61.5573,68.5649,64.7023,40.58,On Belt
598400,-5.2409,1.3767,-9.9527,105.5573,136.9313,103.0229,40.44,On Belt
598450,-6.2848,0.1508,-7.4220,122.4580,146.7634,51.6183,40.44,On Belt
598500,-5.0996,0.5052,-4.0606,89.4809,76.0305,-4.8092,40.34,On Belt
598550,-7.3215,-0.0024,-6.5362,30.0763,-51.6641,-67.1145,40.58,On Belt
598600,-6.5074,0.0838,-10.5536,-51.6794,-106.3359,-167.7863,40.25,On Belt
598650,-2.2338,2.9521,-11.7651,-75.8168,-40.0763,-84.8702,40.39,On Belt
598700,-4.6304,-2.7270,-6.6439,-49.6947,-11.0382,-54.2443,40.39,On Belt
598750,-4.2282,-3.6392,-4.8483,-32.3664,-24.7481,-51.0840,40.58,On Belt
598800,-5.1020,-4.6567,-6.1387,2.2901,-61.7405,-46.9771,40.39,On Belt
598850,-3.7781,-1.5490,-7.5537,38.0153,-73.7405,-13.3282,40.67,On Belt
598900,-5.0159,-0.3663,-8.6790,53.7710,-45.2519,39.1145,40.53,On Belt
598950,-5.6240,-1.8364,-7.0270,22.3359,-57.6031,37.5878,40.39,On Belt
599000,-6.2321,-2.6887,-7.8769,-20.3206,-92.3206,-9.1603,40.39,On Belt
599050,-6.3590,-4.3096,-8.6383,-32.1221,-112.4427,-44.0458,40.15,On Belt
599100,-5.8371,-4.0318,-8.8059,-10.2901,-100.6565,-73.3740,40.44,On Belt
599150,-9.3541,1.8292,-11.5089,-18.7176,25.0687,26.3664,40.58,On Belt
599200,-7.7452,-1.0415,-4.6926,-11.9847,36.3206,59.4656,40.34,On Belt
599250,-3.9720,-1.8340,-3.5338,-10.1374,32.8855,45.5573,40.44,On Belt
599300,-3.6607,-3.1484,-4.7214,-20.8855,65.1450,-6.2443,40.44,On Belt
599350,-7.1275,-1.7142,-5.9544,-70.0153,102.5191,-47.2824,40.39,On Belt
599400,-10.3430,-2.1979,-7.5178,-73.2519,62.0000,-41.2977,40.44,On Belt
599450,-6.5745,-3.2920,-5.9041,-72.7634,36.3511,-55.1603,40.53,On Belt
599500,-5.7581,-3.5338,-5.3630,-75.1298,19.3282,-62.9160,40.34,On Belt
599550,-7.1036,-1.1013,-5.7269,-67.1145,-8.2290,-41.3893,40.67,On Belt
599600,-6.9791,-2.2817,-6.5769,-35.5573,-21.1908,-12.2595,40.15,On Belt
599650,-5.0326,-3.4931,-6.7157,4.2748,-37.0992,6.8092,40.58,On Belt
599700,-4.4652,-1.2522,-8.1930,40.8244,-34.4427,39.5420,40.25,On Belt
599750,-4.9943,-0.6369,-8.1068,52.0153,-16.2137,71.7557,40.20,On Belt
599800,-4.9775,-1.8890,-7.1419,37.3282,-9.1298,67.3893,40.39,On Belt
599850,-5.4731,-2.4373,-6.9599,22.5344,-23.8779,43.5878,40.34,On Belt
599900,-4.9656,-1.4892,-7.8458,7.0534,-35.0076,37.1298,40.39,On Belt
599950,-3.8595,-1.1253,-7.4412,6.9771,-18.0458,34.7786,40.34,On Belt
