time_ms,acc_x,acc_y,acc_z,gyro_x,gyro_y,gyro_z,temp_c,label
50,-0.3543,10.2376,1.2115,-0.0458,-8.5496,-5.3130,41.09,On Head
100,-0.4693,10.0341,1.0798,-0.1069,-2.1985,-2.8244,41.19,On Head
150,-0.3855,9.9742,0.7685,0.1069,8.4275,5.6489,40.72,On Head
200,-0.3232,10.3286,0.2634,0.9313,25.8321,19.2824,40.86,On Head
250,-0.0527,10.3549,-0.1221,-0.9008,44.8092,34.0611,41.19,On Head
300,0.2490,10.0796,0.0239,-10.7481,68.3053,43.0076,40.95,On Head
350,0.0263,9.6343,0.7494,-7.0382,72.8244,42.3969,40.91,On Head
400,-0.0192,9.6893,1.2067,-9.3435,62.9618,40.9160,41.09,On Head
450,0.6464,9.4810,1.1851,-3.2366,53.6183,36.1679,40.91,On Head
500,1.3767,9.1794,1.1875,-2.0153,52.6107,32.3206,40.86,On Head
550,1.5538,9.5888,1.1085,3.6336,52.5649,30.8397,41.05,On Head
600,2.7366,9.7540,0.7949,8.8702,53.4504,21.4962,41.24,On Head
650,2.8706,10.9295,0.0670,0.5344,75.0229,1.1145,40.95,On Head
700,1.9824,10.4890,0.1030,1.4809,102.0000,2.1832,40.86,On Head
750,1.6735,9.6510,0.5938,6.3511,130.1374,14.2137,40.77,On Head
800,1.6233,9.3829,0.9840,17.0840,138.3053,18.3664,40.95,On Head
850,1.3240,9.8809,1.0415,18.5802,130.1527,13.8168,40.95,On Head
900,1.0295,10.0293,1.2617,13.5267,102.6870,18.1527,40.72,On Head
950,1.0678,9.9814,1.0654,14.6565,65.1450,11.3282,40.77,On Head
1000,1.8076,10.2065,0.3639,3.5573,46.4580,-0.5802,41.09,On Head
1050,1.3551,9.9551,0.6153,-2.0000,39.5878,-0.6565,41.05,On Head
1100,2.0207,9.5265,0.7805,-8.3206,32.6260,4.4122,40.91,On Head
1150,2.4517,9.3757,1.0367,-6.0305,34.1221,0.5038,41.24,On Head
1200,2.1739,9.9072,1.1516,-4.0916,25.2672,-1.0076,40.91,On Head
1250,2.0423,9.7324,1.3240,-5.0534,14.3969,-1.2824,41.09,On Head
1300,2.2649,9.6295,0.7494,0.0000,6.2290,0.5038,41.05,On Head
1350,2.3296,9.3805,0.3089,-0.6718,-0.7634,6.6565,40.95,On Head
1400,2.9042,9.4164,-0.1365,-4.0763,-1.9389,4.9771,40.95,On Head
1450,2.9856,9.4164,-0.2777,-7.6031,0.2595,1.1298,41.05,On Head
1500,3.2298,12.2176,-0.1221,-8.5038,-2.9924,0.3053,40.91,On Head
1550,2.7102,10.2663,-0.0407,-26.0000,2.1832,-9.9542,41.05,On Head
1600,2.4110,10.0772,1.1779,-50.0611,8.4733,-21.7710,41.09,On Head
1650,0.7374,10.0149,3.1891,-70.0153,13.8626,-36.2595,40.95,On Head
1700,-0.9625,8.9160,5.8442,-86.0916,2.1985,-23.0534,41.09,On Head
1750,-0.3783,8.0637,7.4316,-63.5878,-7.9084,-5.7863,41.05,On Head
1800,-0.0479,7.0916,7.4531,-35.3893,-14.0916,-13.3282,41.19,On Head
1850,-0.2035,7.6734,6.4404,-9.3740,-17.6947,-13.8015,41.09,On Head
1900,-0.2227,8.7149,5.6743,-3.6947,-21.3435,-14.7023,41.09,On Head
1950,-0.0670,8.9064,5.2888,-8.3817,-16.2901,-11.2519,40.91,On Head
2000,0.2514,8.3965,5.7221,-7.2977,-11.0382,-1.9389,40.86,On Head
2050,0.6416,8.5234,5.8682,-6.3969,-6.5496,-2.4275,41.09,On Head
2100,0.5148,8.6119,6.3183,-4.6718,-4.5038,-5.9237,41.24,On Head
2150,0.2035,8.4563,6.9025,-3.3740,-15.0076,-15.7099,40.95,On Head
2200,-0.0383,9.1746,6.7995,2.3664,-27.1908,-16.6260,41.05,On Head
2250,-0.8978,8.6910,6.8187,9.1603,-40.6870,-11.8931,40.91,On Head
2300,-0.2083,8.8274,5.3870,22.9466,-69.2061,-0.0305,40.95,On Head
2350,0.9792,8.9304,4.2449,18.7634,-82.4427,-7.3435,40.95,On Head
2400,0.9457,9.2009,3.9840,17.2519,-94.8855,-22.0153,41.19,On Head
2450,0.8906,8.8466,3.0047,25.8473,-94.0458,-12.3511,40.95,On Head
2500,1.2594,8.9663,2.3152,17.0687,-93.9389,1.8473,41.05,On Head
2550,2.2170,9.5648,1.9201,12.7481,-104.1679,11.1603,40.95,On Head
2600,3.7110,10.7260,1.5179,-1.8931,-105.0382,5.5725,40.95,On Head
2650,3.8331,10.4411,1.6759,-17.9542,-93.8168,-8.5649,41.09,On Head
2700,2.8683,8.6095,1.9249,-21.7099,-76.4885,-25.7863,40.77,On Head
2750,2.3152,8.3773,1.9489,-10.2901,-65.7405,-28.4122,40.86,On Head
2800,2.9521,9.9599,2.2434,-9.0076,-51.4962,-32.2137,41.09,On Head
2850,2.8706,9.9216,3.6440,-19.6336,-33.0840,-42.8702,40.91,On Head
2900,1.7933,9.2201,4.5777,-13.8015,-37.1145,-51.1603,41.05,On Head
2950,1.3312,8.4731,3.8331,2.3969,-46.8550,-56.2595,40.95,On Head
3000,1.0702,9.0597,2.7126,4.0763,-43.1603,-47.0534,40.95,On Head
3050,0.5698,9.3063,2.2625,22.7176,-38.1832,-19.6336,40.91,On Head
3100,1.3288,10.1107,1.4389,23.4198,-36.7176,-30.3511,40.95,On Head
3150,1.4964,10.3310,0.9816,3.7863,-34.6412,-60.2137,40.95,On Head
3200,0.9194,9.2296,1.6065,-6.6412,-19.7557,-82.8092,40.95,On Head
3250,0.2370,9.3302,1.9273,-13.3740,-5.5725,-100.4275,41.09,On Head
3300,-3.0430,9.7252,3.1891,-26.8855,8.0916,-84.2290,40.67,On Head
3350,-3.2848,9.0956,2.9856,4.8702,3.4046,-42.9313,40.91,On Head
3400,-3.9121,10.6877,2.3296,-3.3893,4.8855,-31.7557,41.05,On Head
3450,-3.4405,9.9096,2.5019,-12.7786,5.7252,-5.9389,40.91,On Head
3500,-2.8132,9.1028,2.7007,-9.5267,6.0000,0.5344,41.05,On Head
3550,-2.3248,8.9495,2.7916,-10.4275,13.0992,-3.7710,40.91,On Head
3600,-2.7892,8.9423,3.0239,-2.9008,13.6947,-4.6718,41.09,On Head
3650,-2.6480,9.1554,2.8060,0.5038,14.9924,-6.0000,40.77,On Head
3700,-3.1220,9.3685,2.7653,2.7481,15.4351,-0.6412,41.19,On Head
3750,-3.1436,9.4379,2.6097,-0.7481,13.2977,4.3053,40.77,On Head
3800,-3.4477,9.8450,2.4660,-2.0153,11.5878,7.8321,41.19,On Head
3850,-3.9049,9.7276,2.7246,-4.8397,4.6107,22.6565,41.09,On Head
3900,-4.0294,9.5337,3.3064,-2.8092,-17.5420,43.3740,40.77,On Head
3950,-2.6887,8.9519,3.1627,-0.7176,-30.9466,43.9237,41.09,On Head
4000,-1.5778,9.1602,2.8850,-4.9924,-41.8626,39.7405,41.38,On Head
4050,-1.1803,8.8729,3.3615,3.8931,-43.0076,25.8473,41.09,On Head
4100,-0.6464,9.0549,3.1005,5.9695,-41.1298,18.4122,40.91,On Head
4150,-0.6488,9.2249,3.4620,12.2290,-46.7176,12.3817,41.09,On Head
4200,-0.0503,9.7109,2.8060,17.6336,-47.2214,1.4198,40.86,On Head
4250,0.0790,9.8976,2.1452,9.1908,-41.6336,-5.5267,40.86,On Head
4300,-0.1173,9.3948,1.9297,10.2137,-27.8321,-4.8855,41.09,On Head
4350,-0.5507,9.7707,1.8842,11.6183,-24.0153,-1.2519,41.05,On Head
4400,-0.6847,9.6510,2.1380,7.0840,-24.1069,-4.4580,41.09,On Head
4450,-1.3168,9.9527,1.9225,12.4275,-30.9160,-6.9466,40.91,On Head
4500,-1.3647,9.6175,1.4341,14.1221,-39.0840,-7.9389,41.09,On Head
4550,-1.4557,9.8114,0.7757,14.5649,-39.5878,-9.1756,40.91,On Head
4600,-1.2546,9.8785,0.4573,12.0458,-35.0229,-2.8397,41.05,On Head
4650,-1.0463,9.8761,0.2705,10.0611,-27.5725,-2.2595,41.19,On Head
4700,-0.9888,10.1849,0.2346,3.0992,-17.4504,-3.2519,40.95,On Head
4750,-1.3862,10.2256,0.6273,-0.5649,-11.1756,2.6718,40.95,On Head
4800,-1.0463,10.1347,0.6752,-1.9847,-6.3053,8.8855,41.05,On Head
4850,-0.9409,10.3166,0.8045,-5.1450,6.7023,21.2366,40.95,On Head
4900,0.2370,9.6414,0.8906,2.1069,29.0534,33.6794,40.91,On Head
4950,-0.1030,9.4403,1.4772,16.5802,46.7634,33.5878,40.95,On Head
5000,0.0934,9.9216,1.1325,15.5725,40.9771,22.7634,41.09,On Head
5050,-0.2442,10.6566,0.7494,1.7252,40.7634,26.0763,40.95,On Head
5100,-0.0287,10.3046,0.8236,0.4885,41.7557,37.7557,41.05,On Head
5150,1.0487,9.9742,1.0463,-6.8702,40.4122,41.8626,40.77,On Head
5200,1.3072,9.7181,1.3288,-6.5649,45.0992,34.8244,40.77,On Head
5250,1.5514,9.6031,1.2546,-1.9847,44.6412,29.2824,41.05,On Head
5300,2.1093,9.5553,1.3982,-0.0305,47.2672,26.8855,40.91,On Head
5350,2.0686,9.4427,1.8866,0.1374,45.6947,23.6031,41.05,On Head
5400,2.4804,10.0868,1.5993,3.3588,43.7405,19.4504,40.72,On Head
5450,2.6647,9.6175,1.7238,-4.2901,48.1527,16.5802,40.95,On Head
5500,2.6528,9.8497,2.0063,-7.8931,53.0534,14.0153,41.28,On Head
5550,2.4062,9.4619,2.4229,-10.4122,57.8168,11.3740,41.24,On Head
5600,1.9800,9.2919,3.1819,-6.9160,49.7863,8.6412,41.19,On Head
5650,2.2218,9.2799,3.1388,-1.4504,41.0840,4.7939,41.19,On Head
5700,2.5522,9.7540,2.5426,0.9008,33.5115,8.1985,40.95,On Head
5750,3.0095,9.3254,2.2410,-7.4962,21.9542,-8.0153,41.19,On Head
5800,1.7885,9.0190,2.5618,-14.9618,-1.2366,-29.1756,40.95,On Head
5850,2.1117,9.4810,2.3631,-31.8015,-28.9771,-44.3053,40.91,On Head
5900,1.6137,9.2919,2.4421,-39.7405,-46.1832,-60.5496,40.86,On Head
5950,1.3647,10.3358,2.5450,-56.5344,-71.6183,-61.8779,41.05,On Head
6000,1.9585,8.9663,3.0239,-50.7786,-48.1832,-69.8931,40.95,On Head
6050,1.1588,9.1123,3.1627,-36.6412,-15.0534,-63.0840,40.91,On Head
6100,0.6321,8.9471,3.1220,-21.6336,21.6641,-56.9618,41.19,On Head
6150,-1.3767,9.0309,3.4381,-2.2443,54.1221,-39.2061,41.09,On Head
6200,-2.7318,10.3573,3.5386,9.8321,49.8473,-10.4885,40.95,On Head
6250,-2.2865,9.8234,3.5506,-1.2519,36.3817,7.3435,41.09,On Head
6300,-1.7645,9.7636,3.3639,-0.4427,29.4504,10.9466,40.72,On Head
6350,-1.4485,9.9551,3.1005,-3.4351,23.7099,17.5725,41.19,On Head
6400,-1.0798,9.3518,2.9233,3.2214,24.9771,18.7176,41.09,On Head
6450,-0.7446,9.4260,2.5331,-2.0611,29.7710,14.4275,40.95,On Head
6500,-1.2306,10.1035,2.7845,-6.1527,33.1908,14.3511,40.86,On Head
6550,-1.7262,10.4387,3.8403,-25.0687,26.4275,14.2595,40.95,On Head
6600,-1.2881,9.8689,3.4596,-0.8397,22.4427,11.0992,41.24,On Head
6650,-1.4461,9.5385,3.6272,-4.5038,18.2137,11.5878,41.09,On Head
6700,-0.8882,9.7779,2.6624,-0.4122,8.1832,11.4351,41.09,On Head
6750,0.0048,9.6343,2.7940,-4.6565,15.0076,4.3053,41.24,On Head
6800,-0.6201,10.3884,3.0861,-16.0153,19.2977,12.8092,41.28,On Head
6850,-0.1365,9.6582,3.2585,-23.9542,28.5954,17.2061,41.05,On Head
6900,-0.7422,9.7683,3.8906,-24.0611,29.8015,17.5725,41.09,On Head
6950,-0.7039,8.7580,3.9840,-21.0076,28.5344,17.8626,40.91,On Head
7000,-0.5411,8.5353,3.4572,4.9008,20.1374,8.0611,40.95,On Head
7050,-0.1556,9.7157,3.5267,13.0229,15.2977,8.7481,41.09,On Head
7100,-0.2801,9.6391,3.0909,24.5344,27.1298,13.1756,41.05,On Head
7150,-0.2729,10.0916,2.7078,21.7557,25.3435,20.3511,40.86,On Head
7200,0.0072,9.8258,2.5163,21.5725,35.1145,26.9771,40.95,On Head
7250,0.2203,10.3118,2.2242,18.5649,34.8702,28.6565,41.24,On Head
7300,0.5578,10.4842,2.2673,-1.8015,52.6718,41.8779,40.91,On Head
7350,1.2498,9.8881,2.1931,2.5802,73.3588,48.2595,41.09,On Head
7400,1.7861,9.5026,2.0806,6.6260,98.4733,37.6031,41.09,On Head
7450,0.6847,10.4004,2.3200,11.9237,114.1221,43.6947,41.05,On Head
7500,0.6560,9.3182,2.8491,21.5267,106.3359,34.7023,41.09,On Head
7550,0.1077,10.1275,2.9521,7.4198,75.4809,27.8931,40.95,On Head
7600,0.5459,9.6989,3.2058,-2.9924,49.2672,14.8092,41.09,On Head
7650,1.0965,9.2847,3.0861,-0.1069,32.6718,12.6260,40.95,On Head
7700,1.3599,9.6941,2.8802,5.8779,33.2061,14.1069,41.09,On Head
7750,1.8818,9.5888,2.5426,6.7634,49.2824,21.2824,41.24,On Head
7800,2.0470,9.3541,2.3703,12.2443,64.3664,16.7481,40.95,On Head
7850,2.3056,9.1554,2.3798,9.0534,72.3969,-4.9771,40.95,On Head
7900,0.9074,9.7013,2.7078,27.3282,73.5878,-21.0534,41.09,On Head
7950,0.3807,10.3286,2.2386,26.8244,78.6260,5.1603,41.19,On Head
8000,-0.0886,9.6989,2.3822,30.6870,70.6718,17.1908,41.24,On Head
8050,0.2729,10.5967,1.5131,33.2519,54.0458,25.7405,40.86,On Head
8100,0.6704,10.4435,1.3695,14.4427,28.9313,30.7176,40.77,On Head
8150,1.0463,9.7875,1.7334,2.5344,7.0382,21.7710,40.91,On Head
8200,2.2146,9.7133,1.0008,3.8473,-4.6260,-0.1832,41.19,On Head
8250,1.5395,10.2041,1.1349,-5.8168,-1.1450,8.9771,40.91,On Head
8300,1.7238,9.6462,1.2905,-3.1450,6.0000,16.5954,41.09,On Head
8350,1.4557,9.7444,1.4868,1.8321,3.9847,18.1221,41.09,On Head
8400,1.5443,9.8641,1.4964,5.7863,-5.1756,20.3511,41.09,On Head
8450,2.8204,10.3645,1.6209,-15.6489,-22.0916,20.6412,41.09,On Head
8500,2.8060,9.8593,1.1516,-20.1221,-13.0840,20.0153,40.95,On Head
8550,2.9185,9.5816,1.2139,-22.1527,-16.8397,12.7328,41.09,On Head
8600,2.7294,9.6151,1.2953,-27.0534,-12.4885,11.1145,41.09,On Head
8650,3.0358,9.8569,1.2546,-25.4351,-2.2595,16.1527,41.19,On Head
8700,2.7892,9.4643,2.1117,-22.8244,4.3053,27.1450,40.91,On Head
8750,3.0718,9.2751,2.6073,-22.3817,0.3206,32.2290,41.19,On Head
8800,3.4931,8.7628,3.0239,-16.9771,-3.2519,26.4733,41.05,On Head
8850,3.6966,8.3103,3.2561,-9.3588,-14.5496,12.1374,40.86,On Head
8900,3.9241,8.8298,2.6911,0.9618,-19.3435,3.2824,40.91,On Head
8950,4.0773,8.6287,2.5139,3.2824,-18.0458,-4.9771,41.19,On Head
9000,3.4381,9.0429,2.5187,12.6718,-13.0229,-5.9542,41.05,On Head
9050,3.3639,8.7077,2.3272,13.3740,-23.0229,-5.0534,41.24,On Head
9100,3.5386,9.9503,1.8292,1.3893,-42.3511,-7.6031,41.09,On Head
9150,4.0127,9.0980,1.2067,-4.6565,-56.4427,-11.5573,40.95,On Head
9200,3.8642,9.6606,0.6895,-12.5191,-55.6489,-11.0076,41.09,On Head
9250,3.5386,9.5146,0.5674,-16.0153,-66.8244,-20.1679,41.19,On Head
9300,4.4029,10.6422,-0.3041,-50.7023,-54.3359,-19.7863,41.05,On Head
9350,2.8491,9.9192,1.1037,-64.7176,-63.6336,-22.9313,41.42,On Head
9400,2.4373,9.5337,2.1859,-80.8244,-88.2901,-34.9008,41.09,On Head
9450,1.6759,9.2129,3.5530,-82.9008,-121.0229,-35.6031,41.24,On Head
9500,2.3631,8.5952,4.2545,-67.0229,-129.2519,-27.3282,41.24,On Head
9550,2.9712,7.6231,4.3191,-33.5573,-127.6947,-19.3893,40.91,On Head
9600,3.3710,8.4108,2.9066,2.6107,-120.6870,-17.7863,40.77,On Head
9650,3.5985,9.3446,1.8890,13.8015,-103.7557,-10.9466,41.24,On Head
9700,4.2042,9.7899,1.3192,10.4885,-78.1832,-0.7786,40.95,On Head
9750,3.7996,9.3901,1.2641,0.2443,-56.2443,-3.6794,40.95,On Head
9800,3.1364,9.8857,1.1181,-6.5649,-46.4275,-11.0687,40.91,On Head
9850,2.4229,9.7300,1.4245,-6.5496,-52.9160,-3.7099,41.19,On Head
9900,3.0789,9.5553,1.1037,-7.2519,-54.4275,-1.3435,40.95,On Head
9950,3.6871,9.6151,0.3160,-6.4885,-52.2290,-3.5573,41.05,On Head
10000,4.4556,9.2009,0.6321,-42.3969,-33.6641,-6.5344,41.05,On Head
10050,2.6408,8.3246,1.8914,3.2672,-35.7710,-9.0229,41.19,On Head
10100,3.3854,10.8194,0.2825,-0.7786,-46.7939,1.9084,41.05,On Head
10150,3.7086,9.9838,0.3376,-32.8550,-42.0458,-16.3969,40.95,On Head
10200,2.3990,10.3717,0.8332,-36.7328,-45.1603,-10.3817,41.24,On Head
10250,3.3399,9.5337,1.0391,-54.0763,-55.5725,0.0611,41.05,On Head
10300,3.4764,9.4691,1.3623,-45.9389,-51.0534,0.8855,41.24,On Head
10350,4.1300,8.8801,2.2218,-52.7634,-39.7557,10.7786,41.38,On Head
10400,3.6943,7.6183,3.5195,-27.9847,-39.0382,-4.3664,41.09,On Head
10450,3.6440,8.5114,2.7294,5.4351,-39.5725,-8.8550,41.38,On Head
10500,3.7350,9.1842,2.0638,10.5496,-31.4656,-10.6107,41.24,On Head
10550,3.3854,9.5313,1.6424,8.8244,-25.9847,-10.4733,40.95,On Head
10600,3.3303,9.8306,1.4198,0.3969,-24.2443,-3.5573,40.91,On Head
10650,3.2681,9.5529,1.5299,-1.9847,-23.2366,-3.3282,41.19,On Head
10700,3.7852,9.5624,1.2617,-2.6107,-18.5344,-0.1221,40.91,On Head
10750,3.4668,9.1075,1.2163,4.7939,-4.8092,-0.8550,41.19,On Head
10800,3.8954,9.8737,0.6943,7.4809,4.3969,5.5573,41.24,On Head
10850,3.7733,9.7157,0.7087,-0.5191,23.4504,-1.8015,40.95,On Head
10900,3.6919,9.5600,0.8811,-4.8702,31.6183,-2.9771,40.95,On Head
10950,3.4309,9.6534,1.1444,-6.6870,38.6565,-3.4046,40.95,On Head
11000,4.0654,9.4427,1.2163,-9.2824,51.3435,-5.8779,41.28,On Head
11050,4.2760,9.2799,1.0702,-6.3664,77.0534,-15.7099,40.95,On Head
11100,3.4189,9.4212,1.4245,-1.3740,111.0076,-12.6565,40.91,On Head
11150,1.8723,9.3182,2.7701,6.7328,114.6565,-7.4809,41.09,On Head
11200,1.2450,9.7229,3.2370,8.3359,98.2748,0.0305,41.05,On Head
11250,1.3982,9.2416,3.4836,14.0305,75.2824,8.7176,40.86,On Head
11300,1.5251,9.3182,3.1316,18.8702,55.9847,8.5954,41.28,On Head
11350,1.9920,9.6582,2.5666,21.0840,42.6870,4.2901,40.91,On Head
11400,2.5833,9.5050,2.3296,17.1603,42.6412,0.4580,40.95,On Head
11450,2.4493,9.2727,2.2458,22.3359,49.8168,-5.6794,41.09,On Head
11500,2.6600,10.1323,1.6257,20.0458,62.3359,-0.9618,40.91,On Head
11550,0.7326,9.7372,2.2290,25.7710,60.8855,-2.3511,41.19,On Head
11600,0.4357,11.1809,1.8842,3.9237,25.0992,6.1527,41.19,On Head
11650,1.2354,9.8569,2.1141,-6.0916,9.6489,14.5954,41.24,On Head
11700,1.8148,9.7564,2.1189,-6.0305,1.1298,13.8015,41.24,On Head
11750,2.2721,9.5241,2.1428,-9.7099,-2.9160,12.0916,41.09,On Head
11800,2.1045,9.7205,2.2936,-8.6870,-4.1069,12.2901,40.95,On Head
11850,2.5379,9.2464,2.3703,-9.1145,-11.0076,9.3588,41.19,On Head
11900,3.0909,8.8226,2.3846,-6.0916,-6.9771,-0.0763,41.09,On Head
11950,2.5283,9.2296,2.5091,2.9313,-14.8397,-10.3206,41.09,On Head
12000,2.7725,9.9718,1.6759,-0.8550,-18.4886,-26.4886,40.91,On Head
12050,2.1117,9.9431,1.7765,-9.5420,-13.1450,-18.6107,40.95,On Head
12100,1.8986,9.8545,2.0111,-7.0229,-8.6870,-14.5496,41.24,On Head
12150,1.8603,9.4858,2.2170,-4.0153,-10.8092,-11.5420,41.05,On Head
12200,1.7310,9.5864,2.3248,0.0000,-12.7481,-14.8855,41.19,On Head
12250,1.9465,9.5457,2.2218,-2.7786,-23.3130,-24.1832,41.19,On Head
12300,1.7813,9.1004,2.3272,0.1679,-27.9084,-34.4733,41.05,On Head
12350,1.6951,8.9998,2.3320,4.9008,-33.8473,-51.0382,41.24,On Head
12400,0.8212,9.3446,2.1404,10.7939,-41.4046,-71.8931,41.47,On Head
12450,-0.1437,10.2544,1.6328,4.4733,-46.0153,-66.5343,40.91,On Head
12500,-0.5339,10.1754,1.4629,4.0458,-39.6489,-57.6489,40.91,On Head
12550,-1.1396,10.0987,1.5921,-3.9389,-37.3130,-39.4198,40.95,On Head
12600,-1.5802,10.3334,1.7789,1.5573,-32.6565,-33.7710,40.95,On Head
12650,-1.6951,9.9359,1.8890,-1.1756,-34.7634,-18.3969,40.91,On Head
12700,-1.8890,10.0078,1.9201,1.2214,-40.9466,-10.9160,41.19,On Head
12750,-1.4078,9.7492,1.7238,-1.9542,-46.3664,-14.5038,41.05,On Head
12800,-1.7430,9.9311,1.8364,-1.9847,-46.2443,-10.0458,41.38,On Head
12850,-1.2665,9.7636,1.7406,2.9466,-35.6947,-4.3359,40.77,On Head
12900,-0.8428,9.6438,1.5371,2.9160,-25.6489,-2.9008,41.09,On Head
12950,-1.3695,9.9886,1.5371,5.4504,-15.2519,-5.9847,41.09,On Head
13000,-1.8196,10.0341,1.5395,-2.3206,-13.9847,-2.4733,40.95,On Head
13050,-1.9489,10.4435,1.7023,-16.1985,-28.5649,3.5878,41.24,On Head
13100,-1.3958,9.4619,2.2218,-20.1679,-29.3282,1.0382,41.09,On Head
13150,-1.2570,9.7468,2.2673,-17.5267,-28.0000,4.9313,40.86,On Head
13200,-0.4836,9.2009,2.4565,-16.3511,-20.2443,7.3588,40.95,On Head
13250,-0.3543,9.0333,2.6528,0.5802,-0.9618,-0.8397,41.09,On Head
13300,-1.1253,9.5864,2.5857,6.3817,9.2519,-2.6870,41.24,On Head
13350,-1.3982,9.8521,2.4349,9.0840,6.8244,1.1908,40.86,On Head
13400,-1.1899,9.8162,2.2889,4.3053,1.8473,2.0611,41.09,On Head
13450,-1.2067,9.6726,2.1859,5.1450,5.8168,-0.7634,41.05,On Head
13500,-1.2929,9.9575,2.1165,1.5878,-0.7328,3.7557,41.28,On Head
13550,-1.1277,9.7875,2.0590,0.5954,-0.2443,1.0382,41.09,On Head
13600,-0.8835,9.7827,1.9800,-0.6565,-0.0611,0.5496,41.19,On Head
13650,-0.9553,9.8450,1.9680,-4.3053,4.0153,1.9847,41.19,On Head
13700,-1.1420,9.6558,2.2290,-3.5267,3.9695,3.9695,41.09,On Head
13750,-0.9361,9.6726,2.0734,-3.2214,5.1450,3.5725,40.95,On Head
13800,-1.1995,9.7157,2.3128,0.0153,2.5649,2.4427,40.77,On Head
13850,-1.0319,9.8258,2.1165,-0.6718,3.5878,3.1908,41.09,On Head
13900,-0.8404,9.8450,1.9776,-0.4122,8.8702,6.1374,41.09,On Head
13950,-0.7111,9.8138,1.8675,1.7252,18.2443,10.1679,41.24,On Head
14000,-0.4549,9.9479,1.7119,1.2977,27.8779,12.7176,41.09,On Head
14050,-0.2729,9.6941,1.7214,-3.2672,34.9008,10.8702,41.19,On Head
14100,-1.2617,9.7181,2.2194,4.0458,32.8550,13.8626,41.19,On Head
14150,-0.7638,10.0652,1.7909,1.9695,26.2137,14.7939,40.91,On Head
14200,-0.6153,9.9862,1.8124,-3.6489,25.8168,16.0611,41.28,On Head
14250,-0.3496,9.9718,1.4868,-1.2519,27.1908,13.4351,41.09,On Head
14300,-0.0551,10.3262,1.1684,-5.5573,40.1069,18.6107,41.09,On Head
14350,0.4597,10.2999,0.8284,-12.2443,74.4885,34.7481,41.24,On Head
14400,-0.5219,10.2304,1.5227,-0.2748,87.3588,49.8473,41.24,On Head
14450,0.0431,9.5457,1.9585,-6.8092,78.9924,43.6641,40.86,On Head
14500,-0.1149,9.5744,2.3990,-4.1985,53.8779,28.5496,41.05,On Head
14550,0.2514,9.6798,2.4852,-10.4122,27.4504,12.2137,41.09,On Head
14600,0.3448,9.5936,2.4852,-10.5954,7.9389,8.3664,41.05,On Head
14650,1.0080,9.8282,2.0207,-11.9237,3.1145,9.4656,41.09,On Head
14700,1.6927,9.9311,1.7190,-21.4046,26.9313,13.9084,41.24,On Head
14750,1.6831,9.8114,2.0135,-9.3740,31.9237,16.4275,40.95,On Head
14800,1.6688,9.2584,2.4708,-6.4122,50.4275,12.7939,41.28,On Head
14850,1.0702,9.3015,2.7773,4.2748,51.9237,11.3588,41.38,On Head
14900,0.3663,9.7540,2.9521,6.9618,32.0000,9.1603,40.95,On Head
14950,0.6512,9.8593,2.7342,2.1985,7.9695,1.7099,40.95,On Head
15000,0.8739,9.8426,2.4565,-6.2443,-5.3282,0.1221,41.19,On Head
15050,1.2929,9.6391,2.3511,-3.4809,-6.8702,-0.4885,41.24,On Head
15100,1.2857,9.8210,2.3248,-1.9847,-5.6336,0.5802,41.24,On Head
15150,1.3791,9.6391,2.3703,-2.5191,-4.6870,0.2748,40.95,On Head
15200,1.4533,9.8665,2.2745,-1.8779,-3.6794,-1.7252,41.24,On Head
15250,1.3240,9.6702,2.4181,-3.0840,-2.6260,-0.1221,40.86,On Head
15300,1.2594,9.7229,2.3463,-0.9160,-2.8855,-1.5267,41.28,On Head
15350,1.0487,9.8138,2.4804,-0.2901,-7.4809,-0.7634,41.09,On Head
15400,1.3671,9.7157,2.3966,-4.3359,-9.8168,-3.1298,40.95,On Head
15450,1.2091,9.7444,2.3942,-2.5954,-12.0611,-3.3893,41.24,On Head
15500,1.2617,9.7013,2.4301,-1.0687,-14.7481,-3.2519,41.19,On Head
15550,1.2546,9.7899,2.2673,0.0611,-14.4427,-4.6260,41.28,On Head
15600,1.4916,9.9407,1.9561,-1.0687,-11.8779,-2.9618,41.24,On Head
15650,1.4198,9.7157,2.0303,-1.4809,-6.4122,-1.6183,40.95,On Head
15700,1.3384,9.7995,2.0399,-3.2214,-4.3817,-2.0763,40.91,On Head
15750,1.3264,9.6223,2.2362,-3.4046,-0.8702,-1.6336,41.38,On Head
15800,1.1827,9.7731,2.1308,-1.1450,-0.4427,-2.0153,41.05,On Head
15850,1.1971,9.7683,2.1787,-0.9771,-1.5573,-2.7023,41.09,On Head
15900,1.0127,9.7779,2.2505,-2.5496,-4.0458,-4.1832,41.24,On Head
15950,1.0367,9.7659,2.2841,-0.8092,-7.1145,-3.4656,40.95,On Head
16000,0.9673,9.7205,2.2505,0.1374,-11.8779,-4.7328,41.09,On Head
16050,1.1253,9.7540,2.1548,1.4198,-14.2901,-7.9237,41.28,On Head
16100,1.0199,9.8665,1.9632,0.8092,-17.4809,-8.8550,41.05,On Head
16150,0.6081,10.0509,2.1644,-0.6718,-23.3130,-6.2443,41.05,On Head
16200,0.9050,9.7899,2.0662,-2.9618,-29.2214,-6.0458,41.09,On Head
16250,0.8667,9.8067,2.0542,-3.6947,-36.4122,-5.5267,41.24,On Head
16300,1.2761,9.6822,1.7142,-4.3359,-33.3435,-10.7786,41.05,On Head
16350,0.6823,10.2448,1.7645,-10.7176,-28.5344,-10.0000,41.24,On Head
16400,0.6728,9.7588,2.0375,-9.4504,-27.1603,-4.4733,41.24,On Head
16450,0.7757,9.7899,2.2314,-8.0153,-33.2824,-2.4885,40.95,On Head
16500,0.9457,9.7636,2.1045,-5.6183,-33.7099,-5.6947,41.19,On Head
16550,1.0199,9.6486,2.0949,-7.0382,-36.3511,-8.1985,41.19,On Head
16600,0.9960,9.8928,1.9465,-5.9389,-35.2824,-12.4580,41.09,On Head
16650,1.1636,9.9144,1.9417,-9.4656,-27.6947,-9.6031,41.19,On Head
16700,1.0726,9.7037,1.9872,-3.5115,-13.4351,-5.6947,41.09,On Head
16750,0.8859,9.8809,2.0590,2.3511,-6.7023,0.9466,41.05,On Head
16800,0.8547,9.8761,2.0710,1.8931,-2.0000,-0.0305,41.09,On Head
16850,0.7733,9.8306,2.0853,-4.0916,-5.1603,2.8702,41.05,On Head
16900,0.8930,9.7013,2.1500,-2.0916,-3.6031,-0.6718,41.19,On Head
16950,0.7207,9.8617,2.1859,-1.2061,-4.9771,-1.7099,41.28,On Head
17000,0.7925,9.7755,2.1045,-0.6870,-4.6412,-0.6870,41.09,On Head
17050,0.6632,9.8881,2.2290,-0.4275,-5.1603,-1.2824,41.19,On Head
17100,0.4717,9.7971,2.4205,0.9466,-10.5344,0.0000,41.24,On Head
17150,0.5052,9.8090,2.6671,0.9924,-18.4733,1.2672,41.09,On Head
17200,0.5986,9.3733,2.5738,8.7634,-31.7099,-0.5649,41.24,On Head
17250,0.7829,10.0126,1.7669,12.4427,-36.8092,-1.1908,40.95,On Head
17300,1.2067,9.7636,1.3024,10.1069,-37.2366,-0.6107,41.05,On Head
17350,1.2498,10.1849,0.8643,4.8702,-25.1603,-5.9847,41.05,On Head
17400,0.9337,9.9671,0.9337,1.9237,-15.1450,-6.5802,40.95,On Head
17450,0.3687,10.2592,0.7829,-3.7557,-9.6489,-4.0458,41.19,On Head
17500,-0.5986,11.0445,1.2689,-5.8321,-27.6489,4.9313,41.05,On Head
17550,1.8627,9.8569,1.2665,-25.8626,-25.0076,10.0611,41.24,On Head
17600,1.6185,9.3685,2.0997,-10.7481,-8.5191,6.7481,41.19,On Head
17650,1.8531,9.4858,2.0087,-7.1298,0.7634,3.8931,41.05,On Head
17700,1.2498,9.5720,2.3750,-2.2137,6.8702,-2.8244,41.24,On Head
17750,1.1325,9.5074,2.2673,2.2290,1.8321,0.0916,41.05,On Head
17800,1.1684,9.6630,1.6640,5.1298,0.5649,-4.5954,41.05,On Head
17850,0.9912,10.3789,1.4030,-0.6412,1.2061,-5.3130,41.24,On Head
17900,0.7661,10.1227,1.4533,-4.0153,2.4885,-3.4046,41.38,On Head
17950,0.8068,10.2615,1.5347,-6.3053,6.5496,-1.2672,40.95,On Head
18000,0.8452,9.7348,1.8699,-6.2443,8.9008,2.6412,41.09,On Head
18050,0.7590,9.7444,1.8866,-0.3359,6.9008,6.1527,41.09,On Head
18100,1.2139,9.8354,1.8196,-1.3435,8.4427,5.0076,40.86,On Head
18150,1.0750,9.8474,1.9992,0.7786,8.2137,5.6031,41.09,On Head
18200,1.0343,9.9503,1.9225,-1.3740,3.7710,3.1603,41.09,On Head
18250,1.1827,9.7300,1.9345,-2.9771,0.8550,0.2595,41.19,On Head
18300,1.0511,9.7707,1.7813,3.4504,-1.3740,-0.4275,41.28,On Head
18350,1.0774,10.0197,1.5921,0.2748,-0.5649,-0.7481,41.24,On Head
18400,1.0032,9.7827,1.7933,-0.3206,-2.7939,1.4351,41.24,On Head
18450,1.3599,9.8641,1.7717,-2.0305,-3.4198,0.9160,40.91,On Head
18500,1.3168,9.7995,1.6616,0.3359,-1.5115,-3.6947,40.95,On Head
18550,1.2115,9.9168,1.6664,-0.2901,1.0534,-1.6336,41.19,On Head
18600,1.2378,9.9910,1.7478,-2.7328,-3.2977,2.5191,41.05,On Head
18650,1.2977,9.5457,2.0614,-2.7481,-4.4427,-2.6718,41.38,On Head
18700,1.1157,9.7851,2.1069,-4.2443,-11.3893,-3.8779,41.19,On Head
18750,1.0558,9.7396,1.9297,-0.6412,-14.9771,-6.4580,41.09,On Head
18800,0.8954,9.6558,1.7478,3.5115,-18.9160,-7.2519,41.19,On Head
18850,0.9601,10.0556,1.1708,5.9542,-15.4046,-6.4733,41.24,On Head
18900,1.0654,10.4291,0.7709,1.0382,-5.4351,-0.6718,40.95,On Head
18950,1.1540,10.2232,0.7877,-7.0687,10.3511,7.0076,40.95,On Head
19000,1.0965,10.2448,0.9864,-5.2214,21.5573,14.2901,41.38,On Head
19050,1.2163,9.7133,1.3551,-7.4656,32.2595,16.3206,41.19,On Head
19100,1.2641,9.9503,1.5107,-3.8473,36.5954,20.3817,41.19,On Head
19150,1.5850,9.6822,1.6759,-3.6031,41.2519,19.0992,41.24,On Head
19200,1.5850,9.8138,1.5323,2.6718,42.3664,16.0305,40.95,On Head
19250,1.8340,9.8138,1.6951,-4.0000,44.4885,15.7863,41.05,On Head
19300,1.6520,9.8043,1.9225,1.0076,41.8168,12.0305,41.24,On Head
19350,1.7023,9.5289,2.0830,0.1832,40.0458,10.6870,41.05,On Head
19400,2.1141,9.8713,1.9010,2.7176,38.3511,9.7405,40.95,On Head
19450,1.8818,9.5337,2.1404,-1.0992,39.6641,8.5038,41.42,On Head
19500,2.0949,9.9335,2.1261,2.8550,35.8015,9.1756,41.05,On Head
19550,2.1644,9.5984,2.3391,-0.9924,37.8779,7.7252,41.09,On Head
19600,2.1117,9.4092,2.5355,5.0992,34.8855,5.3893,41.05,On Head
19650,2.3367,9.6438,2.3367,5.4656,34.0458,7.1450,41.19,On Head
19700,2.6839,9.5146,2.3463,7.7557,38.4580,5.9695,41.05,On Head
19750,2.8371,9.1913,2.1476,10.1679,43.8626,3.1908,41.24,On Head
19800,2.9521,8.8490,2.0255,8.4427,51.3740,-0.1069,41.38,On Head
19850,2.2458,8.9519,1.8794,23.6183,45.7405,-13.2061,41.24,On Head
19900,1.8699,9.3326,0.8523,29.4504,49.9389,-21.6641,41.09,On Head
19950,0.7063,9.5888,0.6369,36.6412,50.4733,-15.0229,41.05,On Head
20000,0.6752,10.8553,-0.6943,29.5420,45.6031,-15.0992,41.38,On Head
20050,0.0192,12.1218,-1.5490,7.4656,35.3435,-6.4580,40.86,On Head
20100,0.7278,10.8697,-1.0606,-26.2595,12.6565,-4.0611,41.09,On Head
20150,1.1420,10.0006,-0.4381,-29.7405,18.3511,-7.5878,41.24,On Head
20200,1.4605,9.9982,0.1030,-24.0916,33.3435,3.9542,41.05,On Head
20250,1.3791,9.6055,0.4381,-14.7634,53.6336,7.2519,41.09,On Head
20300,1.1109,9.3829,0.8475,-3.7710,60.5496,9.6031,41.09,On Head
20350,0.8739,9.8928,0.8116,5.1145,60.9924,10.6412,41.19,On Head
20400,0.8092,9.7707,0.6728,4.6107,54.2595,10.0458,41.09,On Head
20450,0.8954,10.0078,0.4836,3.9542,47.8168,6.0611,41.09,On Head
20500,0.7661,10.3813,0.5411,-4.2443,40.5496,6.5649,41.19,On Head
20550,0.8835,10.4363,1.0247,-10.7328,33.2366,13.8321,41.19,On Head
20600,1.2115,9.9072,1.7789,-4.1374,19.1298,17.7252,41.24,On Head
20650,1.4748,9.1339,1.7190,-1.9389,13.3435,0.2290,41.28,On Head
20700,0.9529,9.4691,1.8435,-1.2977,14.5038,-3.0840,41.28,On Head
20750,0.9122,9.5816,2.1524,-3.3740,13.0840,3.8015,41.24,On Head
20800,1.0774,9.9790,2.3080,-3.1450,10.5038,7.3588,41.28,On Head
20850,1.4700,10.3430,2.4684,-7.4962,11.6947,12.0000,41.19,On Head
20900,1.4174,10.0940,2.7438,-10.2748,10.0305,8.9313,41.05,On Head
20950,1.6185,10.2065,2.8802,-17.0076,5.3435,2.9466,41.09,On Head
21000,1.5490,10.2807,3.4500,-27.9389,5.5725,-2.7786,41.28,On Head
21050,0.8356,9.2201,4.1252,-25.2519,2.4733,7.1908,41.09,On Head
21100,0.9074,8.6215,4.3981,-9.6947,-10.5191,14.1985,41.24,On Head
21150,1.4198,8.5210,3.8188,2.3359,-29.1908,13.7710,41.05,On Head
21200,2.0830,8.4060,3.4022,3.4656,-42.4122,7.5420,41.09,On Head
21250,2.5235,8.9974,2.6671,10.3053,-42.4427,-5.3130,41.24,On Head
21300,2.2218,9.6462,2.5211,2.4885,-39.2672,-11.2061,41.38,On Head
21350,2.1811,10.4579,2.6264,-3.1298,-32.8397,-4.1374,41.28,On Head
21400,2.0686,10.1394,3.1220,-6.0611,-23.8168,-13.0229,41.38,On Head
21450,1.4796,10.2592,3.0765,-6.1527,-19.3740,-9.7557,40.95,On Head
21500,1.6424,9.6893,3.3351,-5.7557,-12.0916,7.2214,41.42,On Head
21550,1.9632,9.3446,3.4046,2.5191,-7.9542,13.3740,40.95,On Head
21600,2.3248,9.3134,3.3279,11.4198,-5.5725,6.5649,41.19,On Head
21650,2.0662,9.5720,2.9401,18.9771,-6.9313,10.0611,41.09,On Head
21700,2.5426,9.6678,1.8555,24.5191,-9.5420,3.2977,41.28,On Head
21750,2.5355,9.6510,1.4317,11.7252,-5.0992,0.1985,41.09,On Head
21800,2.6432,9.6079,1.2234,4.5649,-6.3664,2.0611,41.24,On Head
21850,2.6624,9.9000,1.5921,-2.8702,-1.3282,12.8244,41.24,On Head
21900,3.2154,9.2392,1.6520,-6.2137,13.8626,21.3740,40.95,On Head
21950,1.7071,9.8928,2.0686,0.9313,7.0840,-3.0534,41.09,On Head
22000,1.1588,11.0445,2.1308,-13.5878,-32.1832,-0.7786,41.24,On Head
22050,1.0774,9.3877,2.0925,-28.7023,-68.3664,-9.3282,41.05,On Head
22100,1.2905,9.1459,1.8268,-33.4962,-94.5191,-17.3588,41.05,On Head
22150,1.1756,9.1722,1.8866,-24.0763,-108.2137,-11.2366,41.24,On Head
22200,2.7438,9.5816,1.1923,-18.5191,-107.1603,-4.2443,41.38,On Head
22250,3.2944,9.4762,0.9313,-10.9313,-80.6565,-6.0611,41.05,On Head
22300,3.1077,10.3310,0.8667,-11.7557,-63.2977,0.5038,41.28,On Head
22350,2.7964,9.5217,1.2282,-4.6718,-53.9237,7.4351,41.19,On Head
22400,2.8850,8.9064,1.0678,-0.7023,-61.4351,9.3740,41.42,On Head
22450,3.0406,8.6024,0.5435,8.3511,-63.7557,0.0458,41.19,On Head
22500,2.3607,9.8976,0.0742,5.1145,-74.5496,-4.0305,41.38,On Head
22550,2.3320,10.4435,-0.4669,-15.2672,-94.0000,-6.6107,41.42,On Head
22600,1.0175,10.7763,-0.6536,-29.5420,-127.4962,-21.2061,41.28,On Head
22650,1.4988,11.7172,-1.3671,-72.3053,-160.7939,-16.3053,41.09,On Head
22700,2.1763,10.6279,-1.2282,-72.3511,-144.4580,-20.8244,40.95,On Head
22750,3.3519,8.6359,-0.1365,-103.3588,-130.9924,-17.9695,41.09,On Head
22800,3.5626,7.7141,1.0199,-35.8626,-75.7252,-21.0229,41.28,On Head
22850,2.3128,9.0190,1.0343,8.1679,-23.2977,-15.4962,41.24,On Head
22900,0.5770,10.6734,1.1061,-0.3206,-34.7328,-12.5649,41.05,On Head
22950,1.0630,11.1019,0.4669,-8.2901,-38.0305,-6.4427,41.05,On Head
23000,1.3719,9.9048,0.8236,-8.2595,-37.2977,-12.2443,41.38,On Head
23050,0.8284,9.5577,1.5347,-17.9237,-50.0763,-7.3435,41.38,On Head
23100,1.1732,9.2344,1.7645,-8.2443,-54.1985,-14.3969,41.09,On Head
23150,0.9409,9.3541,2.0494,-3.7405,-73.1756,-18.4886,41.24,On Head
23200,1.3431,10.2352,1.5155,8.6107,-87.9847,-35.4504,41.24,On Head
23250,1.6376,10.5752,0.3352,4.1069,-77.2366,-36.7481,40.95,On Head
23300,1.6520,9.7707,0.1437,2.3511,-52.3817,-22.9466,41.24,On Head
23350,0.5602,10.2783,0.3950,-5.4351,-37.1908,-9.3130,41.24,On Head
23400,1.0295,9.9718,0.7997,-10.5344,-32.6718,4.2595,41.42,On Head
23450,0.7590,10.1251,1.3743,-11.2672,-31.4809,3.9542,41.38,On Head
23500,1.0989,10.1778,1.8196,-13.9237,-35.8015,8.1679,41.38,On Head
23550,0.0551,8.9926,2.6671,-3.9084,-49.8321,15.5878,40.95,On Head
23600,0.2586,10.7524,1.1037,14.5191,-57.3282,40.6870,41.05,On Head
23650,1.9369,10.1562,-0.2658,19.9237,-44.9466,59.8779,41.24,On Head
23700,2.8347,10.2783,-0.7709,-6.1221,-33.2214,62.5802,41.19,On Head
23750,3.4931,9.6845,-0.3424,-22.4580,-24.9618,48.8397,41.38,On Head
23800,3.5338,9.2823,0.4597,-36.4733,-19.0992,44.9008,41.19,On Head
23850,4.7836,8.8585,1.3168,-39.8168,-7.5420,38.5038,41.42,On Head
23900,5.1092,7.7955,3.8810,-36.5954,2.3969,24.2901,41.38,On Head
23950,3.8379,7.0581,4.4915,17.7863,-11.1298,9.6794,41.28,On Head
24000,4.1539,9.3206,1.8507,24.6870,-39.9847,13.4198,41.19,On Head
24050,4.6663,9.3158,1.0127,6.2290,-34.5191,17.6641,41.19,On Head
24100,5.1236,9.3374,0.1173,8.9771,-19.4656,26.9160,41.09,On Head
24150,5.7413,8.9807,-0.0239,-2.6412,5.1145,31.8321,40.95,On Head
24200,6.8067,9.3829,-0.6752,-12.2901,40.7786,35.4962,41.38,On Head
24250,6.4931,8.9064,0.3400,-20.5954,77.0992,38.5496,41.28,On Head
24300,5.4588,7.8650,2.4972,-23.9542,77.9695,32.5802,41.05,On Head
24350,5.0613,7.3861,3.5961,-12.2901,56.6870,22.0916,40.91,On Head
24400,4.0821,6.1579,4.5633,-0.7786,19.8626,11.2061,41.28,On Head
24450,5.4755,7.4005,2.9497,27.6489,-7.9084,9.7405,41.24,On Head
24500,6.6535,8.4803,1.7549,22.7023,-7.3130,3.8779,40.95,On Head
24550,6.7564,8.8370,1.5036,12.5649,5.0840,1.5420,40.95,On Head
24600,6.9049,8.5090,1.5443,8.8702,18.9771,1.7252,40.95,On Head
24650,5.9448,7.8243,2.2218,4.0000,25.3282,-6.9771,41.24,On Head
24700,5.3774,7.8578,2.2889,11.0229,20.2290,-9.1145,41.24,On Head
24750,5.3678,8.2169,2.2003,10.3969,12.3511,-6.6107,41.05,On Head
24800,5.4995,8.4252,1.7933,10.8244,9.8473,-4.2443,41.09,On Head
24850,5.6503,8.3390,1.7286,6.7328,12.4427,-2.4122,41.24,On Head
24900,5.6671,8.1355,1.6735,7.7557,11.6947,-5.1450,41.19,On Head
24950,6.4548,8.3773,1.4557,8.2443,19.9847,-7.9237,41.05,On Head
25000,8.1738,8.0373,1.1325,10.9008,63.3435,-6.1221,41.38,On Head
25050,7.9942,7.4843,1.2570,39.8626,139.6641,-3.4351,41.05,On Head
25100,6.2608,8.2217,1.0798,65.3282,196.2748,5.9847,41.05,On Head
25150,4.0654,8.9232,1.8651,63.7557,206.0611,13.1908,41.28,On Head
25200,1.8818,8.6095,3.4668,54.3511,164.9618,-6.3817,40.95,On Head
25250,1.7023,9.4571,3.8858,43.8779,110.1221,-2.8244,41.05,On Head
25300,2.4612,9.0764,3.9744,37.7557,74.7328,4.7176,41.38,On Head
25350,3.5698,9.2201,3.5626,40.6412,49.7252,0.5496,41.09,On Head
25400,3.4836,8.6024,3.2681,30.6718,33.5725,-21.4809,41.38,On Head
25450,3.4548,9.7205,2.3918,25.5573,41.7252,-33.9084,41.24,On Head
25500,2.8563,9.5577,2.5714,15.0076,57.5725,-21.3893,41.24,On Head
25550,2.0877,9.6127,2.4325,25.4504,51.8931,-17.3588,41.19,On Head
25600,2.2817,10.1466,1.5730,20.3511,49.3435,-11.8168,41.09,On Head
25650,1.7238,9.9144,2.1691,3.9389,44.8550,-9.4656,41.24,On Head
25700,1.2929,9.4236,2.7054,2.8550,28.1221,-6.7939,40.91,On Head
25750,1.7597,9.7827,2.5474,2.4275,15.0229,-0.9924,41.28,On Head
25800,1.7885,9.4188,2.2889,15.0229,1.7557,4.1679,41.09,On Head
25850,2.7342,10.2352,0.7207,20.3817,-5.6641,13.8168,41.28,On Head
25900,3.6655,9.5217,0.3232,4.3511,3.6336,12.5191,41.19,On Head
25950,4.1013,8.8394,-0.6105,0.0916,22.1069,-3.4046,41.28,On Head
26000,6.0765,12.0811,-3.7972,-35.0076,115.8473,-5.4504,41.28,On Head
26050,0.4525,10.0245,1.6807,-67.7405,130.8855,6.7176,41.42,On Head
26100,0.3376,8.4180,5.1260,-62.2595,81.0687,-1.7710,41.38,On Head
26150,-1.1085,8.2624,7.7524,-37.4046,18.5496,-18.2748,41.19,On Head
26200,-0.4812,7.7931,7.7524,-17.4198,-30.5191,-13.2061,41.24,On Head
26250,0.6440,8.0445,5.7054,33.9084,-60.7481,-7.0076,41.38,On Head
26300,2.5594,9.1794,3.0646,33.5878,-60.9313,0.3511,41.09,On Head
26350,2.9209,9.0764,2.2697,18.9008,-40.6260,4.0305,41.09,On Head
26400,3.5027,9.3446,2.0925,13.6031,-24.0763,-0.8702,41.42,On Head
26450,2.5690,10.3070,1.8387,14.6870,-6.7023,-9.2519,41.38,On Head
26500,2.5211,10.0868,1.6903,12.2595,-2.0916,-11.0840,41.09,On Head
26550,2.1835,10.9152,1.4868,3.0229,9.3588,-7.0534,41.28,On Head
26600,1.9201,9.8833,2.0470,-2.5191,2.2748,0.1069,41.42,On Head
26650,3.7828,12.4187,-1.2258,-16.9771,23.6489,18.3359,41.05,On Head
26700,2.9113,8.5832,1.7119,-63.3893,35.4656,12.1832,41.19,On Head
26750,1.4485,7.9128,4.6471,-43.9542,8.9618,-8.8092,41.38,On Head
26800,2.0111,7.9033,5.9711,-28.8397,-7.1908,-14.1069,41.28,On Head
26850,1.2067,7.7548,6.1770,7.1145,-6.9924,-18.9466,41.24,On Head
26900,0.6393,8.8609,5.6431,24.0305,-19.2824,-15.5420,41.42,On Head
26950,1.7214,9.1794,4.3024,42.9160,-12.7328,-15.2824,41.38,On Head
27000,-0.2969,9.5720,3.2298,75.2519,-14.8550,-1.2672,41.24,On Head
27050,1.6520,11.1881,0.2825,38.2290,-33.1298,17.3130,41.28,On Head
27100,3.3303,9.5026,0.3783,8.9313,-21.5725,2.3206,41.09,On Head
27150,2.6983,9.9742,0.6608,-0.9008,-7.6794,-17.8779,41.24,On Head
27200,1.7214,10.2568,1.6161,-10.7328,4.7939,-16.1832,41.24,On Head
27250,0.8859,9.6486,2.6719,-12.2443,1.8168,-13.3435,40.95,On Head
27300,0.8882,9.5313,2.8898,-7.2824,-1.7252,-8.9160,41.19,On Head
27350,0.9074,10.5536,2.5307,-1.9847,-0.8244,-4.6260,41.47,On Head
27400,0.1269,11.7507,1.5347,-2.1069,2.4733,-6.5496,41.09,On Head
27450,0.2705,11.5640,1.1923,-26.9008,12.7634,15.9389,41.19,On Head
27500,1.6783,8.9136,2.4086,-32.6107,16.6870,18.3359,41.09,On Head
27550,2.5594,8.3031,2.8587,-30.4427,19.6947,-0.7328,41.19,On Head
27600,2.8683,8.1355,3.4692,-36.1679,24.3511,-11.8931,41.24,On Head
27650,1.8866,7.1491,4.6855,-18.7481,32.2290,-22.6260,41.05,On Head
27700,1.0606,8.0278,4.5155,11.0076,21.7557,-31.8473,41.24,On Head
27750,0.3903,8.9615,3.9337,11.2824,14.1527,-47.7710,41.38,On Head
27800,-0.2059,9.5337,3.5578,6.7176,7.6183,-50.7939,41.24,On Head
27850,-0.7015,9.6654,3.6679,2.0916,11.5573,-46.6718,41.19,On Head
27900,-2.1763,10.2711,3.5961,2.0153,15.0840,-43.0534,41.28,On Head
27950,-3.4644,10.5656,4.1013,-7.3282,14.1985,-23.4656,41.38,On Head
28000,-3.2681,9.5289,4.3383,0.8550,1.4198,3.8626,41.24,On Head
28050,-2.5235,8.7795,4.3287,11.2214,-13.6489,8.1985,41.28,On Head
28100,-1.3910,9.3613,3.8475,17.4351,-23.2214,8.6412,41.09,On Head
28150,-1.2330,9.3733,3.5219,15.0992,-31.4046,7.0229,41.05,On Head
28200,-1.3360,8.7532,3.0646,26.7023,-46.7176,2.9466,41.19,On Head
28250,-1.6783,10.0556,1.3455,38.7176,-64.0305,-3.2672,41.09,On Head
28300,-1.0056,12.0835,0.2107,-11.0229,-54.1985,-7.4809,41.19,On Head
28350,-1.1372,9.5768,2.4924,-33.0382,-38.3664,15.7405,41.19,On Head
28400,-0.5195,8.3558,3.7852,-10.7023,-36.6412,22.0611,41.19,On Head
28450,0.2370,8.2935,3.8858,10.0153,-40.6412,13.6031,41.24,On Head
28500,0.7949,8.5760,3.0526,30.9008,-45.5725,-2.7939,41.42,On Head
28550,0.6943,9.6103,1.6328,39.8473,-41.6336,-5.2214,41.24,On Head
28600,0.8236,10.3262,0.5674,44.6107,-33.1450,-5.4656,41.05,On Head
28650,0.6752,10.8697,-0.2322,31.7557,-20.3053,-2.6870,41.28,On Head
28700,0.4214,10.3358,0.3831,15.2519,-13.7710,-1.0840,40.95,On Head
28750,0.0934,9.8426,0.3903,19.6336,-12.1985,-8.2290,41.38,On Head
28800,-0.2705,10.0485,0.2298,13.0840,-12.5038,-3.8626,41.38,On Head
28850,0.1221,10.0796,-0.0431,11.1756,-12.5649,4.6718,41.24,On Head
28900,0.6464,10.2735,0.7111,-6.0611,-4.2748,2.7328,41.24,On Head
28950,0.0287,9.5217,1.3408,3.0687,-5.0382,-3.4656,41.09,On Head
29000,-0.1460,9.8904,0.8045,14.9313,-11.9237,0.2595,41.19,On Head
29050,-0.0239,9.7707,0.0766,26.1527,-19.4656,1.4656,41.24,On Head
29100,0.3591,10.0006,-0.7135,16.3511,-19.7252,-0.9924,41.38,On Head
29150,0.3376,10.3118,-0.9313,11.8931,-18.0916,0.7634,41.24,On Head
29200,0.7853,10.2903,-0.8906,-1.5420,-14.6565,-5.1603,41.24,On Head
29250,0.5004,9.8545,-0.6273,-3.2672,-8.2137,-11.8626,41.28,On Head
29300,0.4453,9.7396,-0.7350,-2.6870,-2.5344,-14.5344,41.28,On Head
29350,0.1580,9.8067,-0.9242,-1.3740,2.1985,-15.1908,41.24,On Head
29400,0.1173,10.2017,-0.7614,-12.7481,6.5038,-19.8931,41.24,On Head
29450,-0.7566,10.2113,-0.3304,-16.8855,9.0992,-24.0000,41.28,On Head
29500,-1.2809,10.2113,-0.2945,-13.6031,2.8702,-14.3359,41.24,On Head
29550,-1.3886,10.2999,-0.1149,-18.4580,-5.9542,-6.7481,41.09,On Head
29600,-0.8787,9.8665,-0.0599,-22.7328,-14.1985,-7.7252,41.09,On Head
29650,-0.4836,9.6367,0.2394,-26.1527,-18.2748,-15.0076,41.09,On Head
29700,-0.5578,9.7348,0.6560,-31.3130,-8.0611,-25.2214,41.09,On Head
29750,-1.1396,9.4116,1.2881,-24.2290,2.7786,-26.2595,41.28,On Head
29800,-1.5347,9.4260,1.4102,-5.6183,6.1832,-20.4733,41.28,On Head
29850,-1.9752,9.6127,1.3264,-3.4656,5.1908,-17.0840,40.91,On Head
29900,-1.9896,9.5337,1.4174,-1.7863,-1.1603,-19.7405,41.19,On Head
29950,-2.8204,9.6989,1.8340,1.9389,-12.9008,-25.9542,41.28,On Head
30000,-3.1484,9.9886,1.3575,-0.7481,-25.8015,-30.4122,41.24,On Head
30050,-3.5410,9.8833,1.1420,-3.5420,-21.6794,-18.7176,41.38,On Head
30100,-3.0358,9.5050,1.4030,-3.4504,-14.8244,8.6565,41.38,On Head
30150,-2.4157,9.0621,1.7047,-3.0992,-13.5878,16.9618,41.24,On Head
30200,-2.1596,8.9591,2.0782,-6.0000,-14.1221,13.2061,41.05,On Head
30250,-1.9058,9.4715,2.1524,-1.7252,-18.1527,10.2290,41.09,On Head
30300,-1.7502,9.4308,2.2625,-5.3740,-17.6947,3.5267,41.24,On Head
30350,-2.0877,9.2943,2.4972,-4.1527,-13.8779,-0.8244,41.28,On Head
30400,-2.3750,9.3613,2.5738,5.1450,-13.6336,6.4733,40.95,On Head
30450,-2.0877,9.2847,2.4756,11.0229,-15.9695,9.2672,41.09,On Head
30500,-1.8148,9.2895,2.4157,14.4122,-21.4198,8.3206,41.19,On Head
30550,-2.2984,8.7053,1.9489,22.7328,-30.3053,-5.0229,41.05,On Head
30600,-3.8547,10.6015,1.4317,10.2595,-81.4504,-15.4198,41.28,On Head
30650,-1.4772,10.0556,0.8021,-14.1985,-105.6489,-17.0534,41.24,On Head
30700,0.2921,11.0756,0.5028,-10.3969,-76.8092,-9.7863,41.28,On Head
30750,0.8021,10.9487,0.9553,-15.7557,-21.8168,7.4351,41.09,On Head
30800,0.1389,9.7923,2.3750,-18.6718,15.9084,12.1069,41.19,On Head
30850,-0.3448,8.8897,3.0861,-16.1832,22.1679,3.1450,41.28,On Head
30900,-0.8212,9.1674,3.2944,-6.7939,16.3053,-2.8702,41.47,On Head
30950,-0.6656,9.6295,2.9066,-7.2672,14.6260,-6.3511,41.28,On Head
31000,-0.7135,10.2735,2.3439,-7.3893,24.6718,-1.7863,41.28,On Head
31050,-1.2594,9.6798,2.8563,-32.7481,40.6565,6.0916,41.19,On Head
31100,-1.8100,8.6167,3.5889,-15.4809,31.6489,2.0916,41.28,On Head
31150,-1.8004,9.4284,3.6919,-10.5802,24.3053,4.1679,41.24,On Head
31200,-1.2378,9.4810,3.7350,-2.3664,20.9160,11.8779,41.19,On Head
31250,-0.5938,9.7468,3.5147,4.5954,23.6947,10.6565,41.24,On Head
31300,-0.5770,8.3462,3.1077,8.3511,26.4275,-3.5420,41.24,On Head
31350,-1.7502,7.9583,2.8371,31.1450,28.3817,-19.0229,41.24,On Head
31400,-3.0742,9.8114,1.5682,41.2061,17.1603,-19.5420,41.09,On Head
31450,-2.7821,10.5728,0.4381,26.5954,14.3053,-7.0687,41.38,On Head
31500,-2.4876,10.1849,0.0790,14.0305,14.2443,3.2824,41.19,On Head
31550,-2.2458,9.7133,-0.2322,1.7710,20.6107,-5.3435,41.38,On Head
31600,-1.4054,7.8171,-0.7254,12.8550,55.7099,-13.1145,41.24,On Head
31650,-3.5171,9.4810,-1.3264,23.1145,58.1374,-15.6947,41.28,On Head
31700,-4.5035,10.2999,-0.9840,-7.7710,43.3740,-18.0000,41.38,On Head
31750,-4.2713,9.5505,-0.4190,-15.0840,31.1145,-7.5725,41.28,On Head
31800,-4.5418,9.3853,0.0958,-14.1069,22.5344,-0.6107,41.42,On Head
31850,-3.6943,9.1075,-0.0575,-16.9466,18.7328,0.5649,41.09,On Head
31900,-3.7900,9.3230,0.1269,-15.7405,16.0763,0.9618,41.19,On Head
31950,-3.2920,9.4260,0.1867,-16.5038,15.2366,1.7252,41.28,On Head
32000,-3.3471,9.1171,0.5291,-10.7328,16.7023,0.5496,41.28,On Head
32050,-3.3926,9.3374,0.5578,-6.5038,13.6947,4.8855,41.38,On Head
32100,-2.9425,9.0860,0.6728,-5.0534,10.9160,3.1145,40.91,On Head
32150,-2.7509,9.2656,0.5746,-1.8779,9.0076,0.4885,41.38,On Head
32200,-2.8754,9.6271,0.4669,-3.1603,-1.2366,-1.2824,41.19,On Head
32250,-2.2697,9.6007,0.4980,-14.4733,-4.5954,-5.3588,41.05,On Head
32300,-2.3966,9.1698,0.7518,-8.5954,-0.5496,-2.3206,40.95,On Head
32350,-2.2936,9.2129,0.6847,-4.9008,4.9008,-2.4427,41.19,On Head
32400,-2.5355,9.2919,0.3950,-1.5725,11.3130,-6.4580,41.05,On Head
32450,-3.0837,9.0214,0.3926,-0.1374,13.1145,-7.1603,41.05,On Head
32500,-3.6440,9.5098,0.3424,1.2672,13.3893,-9.4198,41.19,On Head
32550,-4.0223,9.6678,0.1652,-1.1145,11.4962,-8.4733,41.24,On Head
32600,-4.1252,9.6798,0.1628,0.4580,10.5802,-1.7405,41.42,On Head
32650,-4.0414,9.5912,0.0838,-2.3969,8.3664,1.3893,41.24,On Head
32700,-3.7493,9.3302,-0.0311,-3.5420,5.4809,6.5038,41.28,On Head
32750,-3.9528,10.2352,-0.6249,-0.3206,11.8168,7.2824,41.38,On Head
32800,-4.4245,10.1778,-0.4094,-15.9237,14.9160,19.1756,41.05,On Head
32850,-4.0821,9.3589,0.3926,-20.4580,8.7176,24.3206,41.42,On Head
32900,-2.9497,8.8681,0.9074,-15.2519,3.2214,21.9847,41.05,On Head
32950,-2.6815,8.8083,1.1325,-8.7939,-3.9084,20.4733,41.05,On Head
33000,-2.2913,8.9615,0.7039,-1.0992,-8.5802,18.7786,41.19,On Head
33050,-1.8914,9.3374,0.2634,-1.3130,-8.9924,13.6336,41.05,On Head
33100,-2.1021,10.1801,-0.1844,-3.3740,0.2137,11.3588,41.28,On Head
33150,-2.3152,10.2256,0.2490,-16.6718,1.4809,25.3740,41.05,On Head
33200,-1.6448,9.7779,1.0343,-20.8855,-1.6794,27.3435,41.24,On Head
33250,-1.1995,9.4930,1.6735,-18.2290,-5.5267,19.6336,41.19,On Head
33300,-0.7566,9.6726,1.7166,-8.3817,-9.7252,20.0000,41.28,On Head
33350,-0.3065,9.3398,1.8938,-9.2672,-6.6107,15.4809,41.38,On Head
33400,-0.2083,9.1626,1.9393,-2.5344,-6.6412,15.2214,41.19,On Head
33450,-0.0646,9.3398,1.8938,-0.4733,-7.2824,7.1450,41.24,On Head
33500,-0.3759,10.0245,1.6281,-2.2595,-4.7176,-2.1221,41.28,On Head
33550,-0.8404,9.8019,2.0135,-3.0687,-8.2901,7.7557,41.28,On Head
33600,-0.2658,9.8067,1.8316,2.5191,-15.7099,11.0076,41.28,On Head
33650,0.3496,9.5026,1.5802,5.6641,-17.2061,8.1527,41.24,On Head
33700,0.4501,9.7755,1.3958,8.1832,-16.8855,2.7176,41.09,On Head
33750,0.5986,9.8665,1.1827,7.3740,-14.9924,-4.5954,41.24,On Head
33800,-0.0120,9.8617,1.2594,4.3817,-15.1603,-7.7863,40.95,On Head
33850,-0.2059,9.9623,1.1277,1.4046,-16.6565,-11.2672,41.42,On Head
33900,-0.3879,10.0485,1.2163,-3.8168,-16.1069,-9.9695,41.28,On Head
33950,-0.3807,10.0413,1.2857,-4.3206,-14.0763,-6.8550,41.42,On Head
34000,-0.3974,9.9934,1.4629,-3.6183,-14.4885,-3.5420,41.38,On Head
34050,-0.3184,9.8761,1.4533,-1.8168,-15.2977,-3.1450,41.28,On Head
34100,-0.2705,9.8186,1.3240,-0.0153,-14.1374,-5.5267,41.42,On Head
34150,-0.1867,10.0341,1.2330,0.1832,-10.3053,-4.6870,40.95,On Head
34200,-0.2705,10.0389,1.1684,-1.2061,-5.2672,-3.8779,41.24,On Head
34250,-0.1053,9.7731,1.2809,-1.2519,-2.7786,-5.9084,41.05,On Head
34300,-0.5148,10.0149,1.3384,-1.1450,2.6260,-10.0458,40.95,On Head
34350,-0.7973,10.1514,1.3743,-2.4580,-0.2443,-5.2214,41.38,On Head
34400,-0.6153,9.7588,1.4245,-3.4351,2.3053,-6.2748,41.19,On Head
34450,-0.7685,9.9144,1.4245,-2.8855,5.4046,-5.5573,41.28,On Head
34500,-1.0127,9.8330,1.4605,-2.4885,6.5191,-4.2748,41.19,On Head
34550,-1.0702,9.8785,1.2833,1.1756,7.0687,-3.3740,41.24,On Head
34600,-1.1516,9.9048,1.3096,-1.0840,4.2137,-1.8626,40.95,On Head
34650,-1.0750,9.6702,1.1779,-0.2901,3.2366,-2.0000,41.19,On Head
34700,-1.0726,9.7588,1.0391,1.3740,6.3969,-1.8321,41.05,On Head
34750,-1.2210,9.7683,0.9768,-0.1679,4.4122,-4.1832,41.19,On Head
34800,-1.3910,9.8090,0.9960,-2.1374,2.4427,-7.0076,41.19,On Head
34850,-1.2498,9.6822,0.9649,-3.5573,0.3206,-5.3435,41.42,On Head
34900,-1.1899,9.5888,0.8164,-4.9618,3.6794,-9.5267,41.28,On Head
34950,-1.5730,9.3853,0.9984,-3.3893,3.7099,-15.8779,41.38,On Head
35000,-2.0183,9.8450,0.9720,-4.7023,1.7710,-18.7786,41.24,On Head
35050,-2.2410,9.9072,0.9290,-3.3740,1.9847,-17.8931,41.24,On Head
35100,-2.6552,9.8474,0.9601,-3.0840,4.8550,-12.4580,41.42,On Head
35150,-2.6671,9.6247,0.9002,-1.6947,4.6718,-4.4275,41.42,On Head
35200,-2.6504,9.5816,0.8188,-5.0229,5.7863,-6.3206,41.38,On Head
35250,-2.8467,9.5217,1.0056,-3.8168,0.9466,-2.0153,41.42,On Head
35300,-2.7126,9.5361,1.0104,-3.7557,-0.5802,-3.8015,41.19,On Head
35350,-2.8204,9.6343,1.0870,-4.4733,-1.6183,-5.4809,41.28,On Head
35400,-2.6863,9.5146,1.0846,-1.8931,-0.4733,-2.1527,41.05,On Head
35450,-2.5259,9.4427,1.0989,-0.7023,-0.3664,1.1756,41.38,On Head
35500,-2.4445,9.5577,1.0726,2.2443,-1.5267,2.3359,41.24,On Head
35550,-2.2122,9.6007,0.9290,1.5267,-2.0763,2.1221,41.24,On Head
35600,-2.1476,9.5505,0.8475,1.6183,-2.8550,-0.8550,41.38,On Head
35650,-2.1979,9.6678,0.7733,0.1832,-1.3588,-5.0840,41.28,On Head
35700,-2.3128,9.7013,0.7398,0.4580,0.4122,-2.1985,41.38,On Head
35750,-2.3559,9.7875,0.6201,-2.6412,2.8397,0.0611,41.24,On Head
35800,-2.4660,9.6678,0.6991,-3.3740,3.4351,2.4580,40.95,On Head
35850,-2.4972,9.8330,0.7111,-1.3435,5.3893,6.2901,41.05,On Head
35900,-2.7821,10.1490,0.7254,-3.2214,5.5573,14.4275,41.19,On Head
35950,-2.3439,9.8641,0.5986,-2.1832,4.4733,19.5267,40.95,On Head
36000,-1.8962,9.5289,0.6632,-7.5267,6.7328,16.3969,41.24,On Head
36050,-1.8627,9.7396,0.8452,-7.2824,7.7405,12.6107,41.28,On Head
36100,-1.5754,9.4739,0.8954,-7.2214,8.1069,9.6947,41.28,On Head
36150,-1.6041,9.5960,0.9816,-4.7328,8.3206,6.8855,41.28,On Head
36200,-1.5826,9.6391,0.8595,-5.2977,9.9237,4.3664,41.38,On Head
36250,-1.7023,9.6774,0.9625,-5.6641,11.3740,4.3664,41.24,On Head
36300,-1.6879,9.7444,0.9553,-6.1069,11.2672,1.7252,41.09,On Head
36350,-1.8387,9.7492,1.1013,-5.5878,11.7099,3.0992,41.28,On Head
36400,-1.8268,9.6941,1.0463,-1.2824,11.7252,4.6718,41.09,On Head
36450,-1.9537,9.7636,1.0271,0.0916,8.2901,6.3664,41.19,On Head
36500,-1.8842,9.7540,0.9242,2.9008,7.7405,6.6412,41.05,On Head
36550,-1.8962,9.9240,0.7422,1.2824,2.4275,8.0458,40.95,On Head
36600,-1.2570,9.9742,0.5866,1.1145,2.8550,6.8702,41.38,On Head
36650,-1.3001,9.7348,0.8523,1.0992,3.9237,6.0153,41.38,On Head
36700,-1.1540,9.9886,0.7374,-0.0305,0.8550,4.9008,41.42,On Head
36750,-1.0463,9.9072,0.6728,-2.1527,1.8473,-0.3206,41.42,On Head
36800,-1.3144,10.1275,0.7063,-6.7939,3.0992,-0.6107,41.19,On Head
36850,-1.2258,9.8450,1.0271,-10.2748,2.4733,5.9084,41.19,On Head
36900,-1.0080,9.1937,1.4796,-5.9847,6.7939,6.3969,41.28,On Head
36950,-1.4916,9.6055,1.8220,7.4809,6.6412,9.1603,41.09,On Head
37000,-1.4174,9.8497,1.4054,18.6565,4.1832,19.7863,41.19,On Head
37050,-1.2474,10.0054,0.7446,22.6260,1.8779,24.0916,41.19,On Head
37100,-1.4365,10.5201,0.0024,18.5649,-4.8244,42.1832,41.28,On Head
37150,0.0263,10.3382,-0.5171,7.1145,-4.4122,53.9695,41.09,On Head
37200,1.4820,10.1873,-0.8835,-5.1450,10.6107,48.1679,41.38,On Head
37250,1.7741,9.9335,-0.6728,-9.9542,29.3130,38.1374,41.28,On Head
37300,2.3631,9.9958,-0.7254,-17.6489,53.5878,30.4580,41.42,On Head
37350,2.6312,9.9575,-0.3998,-26.1527,77.7099,28.7328,41.38,On Head
37400,2.1093,9.5768,0.7254,-23.8931,88.6870,24.7939,41.19,On Head
37450,2.3032,9.6247,1.0391,-16.7939,95.5115,21.1450,41.19,On Head
37500,1.7957,9.4930,1.4796,-21.4504,102.8702,14.0611,41.05,On Head
37550,1.3527,9.4547,2.1404,-18.5649,94.0611,14.9618,41.28,On Head
37600,1.1468,9.8833,2.7198,-19.6031,82.2290,13.5267,41.24,On Head
37650,1.4557,9.8497,3.1316,-20.0305,66.5038,17.2977,41.24,On Head
37700,1.7047,9.4164,3.3088,-18.3511,53.3435,17.1603,41.24,On Head
37750,2.2577,9.4236,3.2729,-20.3511,43.6031,13.6183,41.19,On Head
37800,3.6033,8.6407,2.7174,-20.2748,65.8931,37.4351,41.09,On Head
37850,4.4987,7.9344,2.3487,17.3282,129.3588,51.1450,41.42,On Head
37900,3.4477,8.3270,2.8970,18.8702,156.4580,4.9924,41.24,On Head
37950,0.3519,9.7731,3.7445,24.4886,144.2748,-16.4733,41.42,On Head
38000,-0.8452,10.8577,4.0845,17.3282,111.8168,6.0611,41.28,On Head
38050,0.2490,9.1578,4.4843,-11.2366,76.0153,11.4809,41.24,On Head
38100,-0.5578,9.1267,4.5442,4.6870,40.7023,0.6870,41.19,On Head
38150,0.5148,9.0621,3.7445,5.5878,11.5420,2.3359,41.24,On Head
38200,0.9433,9.1937,3.3878,7.1908,8.3817,6.4885,41.24,On Head
38250,1.7430,9.7324,3.2178,7.6489,6.6107,4.7481,40.95,On Head
38300,1.4317,9.9838,3.0718,13.6489,9.7557,-2.8092,41.24,On Head
38350,1.0822,9.9192,2.6647,11.3435,7.2672,-4.0916,41.09,On Head
38400,0.8092,9.6774,2.5139,13.7405,8.2443,5.1756,41.42,On Head
38450,1.0295,9.8474,2.5474,6.3969,0.7023,7.0687,41.42,On Head
38500,1.2522,9.6031,2.6384,5.2672,-5.7405,9.4046,41.47,On Head
38550,1.4054,9.6247,2.6552,5.2824,-15.1908,6.9924,41.19,On Head
38600,1.5490,9.5361,2.3367,10.8702,-21.9389,6.3511,40.95,On Head
38650,1.8076,9.9862,1.9561,10.3053,-26.3817,1.6489,41.24,On Head
38700,1.7502,10.1059,1.5921,10.0763,-25.0992,2.4427,41.47,On Head
38750,1.8723,10.1993,1.4126,1.1450,-21.6031,10.5954,41.28,On Head
38800,2.1045,9.6726,1.6376,-9.2977,-18.9466,15.0687,41.24,On Head
38850,2.1524,9.3877,2.0542,-11.5420,-22.0305,15.0076,41.42,On Head
38900,2.3152,9.4475,2.1021,-13.5267,-29.9542,11.8321,41.28,On Head
38950,1.9632,9.6391,2.5905,-12.6565,-44.1374,3.1145,41.05,On Head
39000,1.8818,10.1754,2.6456,-15.7405,-70.0916,-2.7634,41.24,On Head
39050,0.5363,9.8545,3.1532,-14.0000,-110.6412,-11.1756,41.19,On Head
39100,1.7478,9.7540,1.9465,-25.7405,-147.6794,-11.6794,41.05,On Head
39150,2.0016,9.1530,1.4964,-21.2061,-166.0916,-15.3740,41.09,On Head
39200,2.8515,9.1722,1.0678,-20.6260,-163.6947,-27.5725,41.38,On Head
39250,3.1603,9.7827,0.8116,-14.1679,-146.0611,-30.9313,41.28,On Head
39300,3.3208,9.6869,0.8212,-10.1832,-115.2366,-32.1985,41.05,On Head
39350,2.7270,9.7851,0.9936,-7.0840,-91.7863,-33.9084,41.28,On Head
39400,2.3487,9.7061,1.2306,-11.0992,-75.4657,-41.0229,40.95,On Head
39450,1.3240,9.5409,1.7047,-4.3664,-65.0840,-46.0916,41.38,On Head
39500,0.6728,10.1634,1.5897,-1.3893,-65.7710,-33.8168,41.28,On Head
39550,1.2282,9.7468,1.3575,-0.9313,-59.8473,-32.5954,41.57,On Head
39600,0.6440,10.1873,1.3120,0.0000,-54.4885,-34.9008,41.38,On Head
39650,0.9385,9.8569,1.2186,-3.3740,-47.3893,-35.3588,41.19,On Head
39700,-0.0622,9.9527,1.4054,-3.5420,-40.8092,-39.6489,41.24,On Head
39750,-0.0239,9.8569,1.3527,-2.7939,-37.2214,-38.0916,41.24,On Head
39800,-0.2658,9.7851,1.4461,-0.2901,-26.5802,-38.4427,41.28,On Head
39850,-0.9098,10.0173,1.4293,2.1985,-19.7405,-37.0382,41.24,On Head
39900,-1.1109,10.1921,1.3288,1.3893,-16.3511,-33.8931,41.24,On Head
39950,-1.7430,10.2089,1.2689,-5.3282,-12.5649,-31.6947,41.28,On Head
40000,-1.9249,9.9695,1.2282,-5.5573,-9.7557,-23.4046,41.38,On Head
40050,-1.9345,9.7683,1.2594,-7.1145,-3.3588,-16.9313,41.38,On Head
40100,-1.9178,9.6486,1.1301,-3.7557,3.4504,-13.1603,41.38,On Head
40150,-2.1979,9.6151,1.0104,1.5878,9.9695,-10.8550,41.47,On Head
40200,-2.4469,9.7971,0.7039,3.6947,8.8397,-4.1832,41.24,On Head
40250,-2.1668,9.3422,0.6656,-2.0305,8.0000,-6.2748,41.42,On Head
40300,-2.3320,9.6630,0.5004,-1.3282,10.4122,-9.1145,40.95,On Head
40350,-2.2505,9.5433,0.5171,-4.9771,11.6794,-7.8626,41.09,On Head
40400,-2.4134,9.4403,0.3950,-7.6794,19.3893,-9.0229,41.05,On Head
40450,-2.6384,9.2057,0.3519,-7.1756,25.2366,-3.4198,41.42,On Head
40500,-2.7892,9.3925,0.3974,-7.7405,29.8931,3.2366,41.38,On Head
40550,-3.2537,10.2520,0.3112,-6.8702,36.6107,19.7099,41.19,On Head
40600,-3.4524,10.1394,0.5219,-15.1908,37.7710,48.2290,41.24,On Head
40650,-1.9201,8.7987,0.6297,-6.5038,33.3740,36.6412,41.28,On Head
40700,-1.6281,9.2057,0.4597,-2.7634,31.0534,17.7099,41.38,On Head
40750,-1.2498,9.2273,0.3711,-0.2137,28.4122,6.2901,41.47,On Head
40800,-1.1684,10.0030,0.2825,0.7328,28.8702,2.9466,41.24,On Head
40850,-1.2402,10.2304,0.1987,1.7252,29.1298,-0.9160,41.42,On Head
40900,-1.8866,9.9431,0.0670,4.4275,23.6183,-10.0305,41.28,On Head
40950,-2.1811,10.1155,-0.3974,3.7710,16.3053,-6.1832,41.38,On Head
41000,-1.6496,9.8019,-0.4788,-2.9160,14.6565,4.7634,41.09,On Head
41050,-0.9433,9.8450,-0.4501,-6.6565,18.2901,5.5573,41.38,On Head
41100,-1.0894,9.8713,-0.3591,-7.6336,23.8779,-0.7481,41.24,On Head
41150,-1.4916,10.1849,-0.4477,-6.0611,24.7786,0.8855,41.42,On Head
41200,-1.5682,10.2352,-0.5866,-8.1527,24.0611,7.8321,41.57,On Head
41250,-1.5562,9.8761,-0.3280,-11.8321,19.6947,14.2137,41.24,On Head
41300,-1.4054,9.6702,-0.0096,-15.0382,17.2366,12.2137,41.38,On Head
41350,-1.4222,9.6534,-0.0263,-13.7405,12.0611,11.3435,41.42,On Head
41400,-1.4222,9.9168,-0.1939,-12.0611,8.0916,9.9237,41.38,On Head
41450,-1.0942,9.9982,-0.1700,-16.9924,6.7176,9.4809,41.42,On Head
41500,-1.3695,10.0221,0.2107,-18.0000,12.3664,8.9160,41.28,On Head
41550,-1.6927,10.5584,1.0391,-15.6489,3.0076,19.6947,41.38,On Head
41600,-0.9649,10.3837,1.3767,-16.0458,-12.1832,21.2366,41.24,On Head
41650,-0.2849,9.7109,1.6568,-16.3664,-21.7099,18.6107,41.38,On Head
41700,0.3711,9.3565,1.8435,-14.7786,-25.6794,12.2290,41.38,On Head
41750,0.7015,9.4308,2.0183,-15.5573,-22.1527,9.2672,41.42,On Head
41800,0.6393,9.1315,2.5690,-17.0534,-19.9542,4.0763,41.19,On Head
41850,-0.0862,8.5234,3.1699,-9.9237,-22.5649,-5.6031,41.57,On Head
41900,-0.4956,9.1554,3.1053,5.6031,-33.2977,-3.3893,41.05,On Head
41950,-0.2370,10.1323,2.5714,5.2977,-43.8473,1.5573,41.38,On Head
42000,0.2586,10.5680,2.4565,0.4580,-51.6641,-0.2290,41.19,On Head
42050,0.8236,10.6470,2.3774,-5.2824,-54.4733,-4.3359,41.19,On Head
42100,1.2474,10.0940,2.2266,-5.9389,-49.6641,-12.5802,41.42,On Head
42150,1.1971,9.4643,2.3343,-10.1832,-36.7481,-12.7023,41.28,On Head
42200,1.1325,8.8801,2.5833,-3.0840,-26.3817,-9.1450,41.19,On Head
42250,1.1660,9.4523,2.7007,0.6870,-19.4962,-8.7328,41.24,On Head
42300,1.2809,9.7803,2.6863,3.8626,-16.7023,-12.0916,41.57,On Head
42350,1.1253,10.0461,2.5570,1.0076,-12.1069,-19.8015,41.42,On Head
42400,0.8571,9.6606,2.4708,0.1679,-7.0382,-22.3969,41.38,On Head
42450,0.7422,9.4739,2.4804,1.6031,3.1603,-20.9008,41.05,On Head
42500,0.6369,9.5553,2.5019,5.2824,10.6870,-17.4198,41.19,On Head
42550,0.6177,9.3925,2.6480,5.9695,15.0382,-18.0305,41.28,On Head
42600,0.3855,9.5217,2.8587,8.5649,16.0305,-21.0076,41.42,On Head
42650,-0.3639,8.6335,3.7589,5.3893,9.5420,-25.7557,41.28,On Head
42700,-1.4868,9.8019,2.7198,32.3206,-10.0153,-23.5725,41.19,On Head
42750,-0.5291,12.0859,1.5610,25.0382,-10.8092,-3.9695,41.24,On Head
42800,-0.8356,11.0373,0.6656,12.5038,-4.7939,-18.8855,41.38,On Head
42850,-2.8778,9.8545,0.3184,6.3664,-1.0534,-19.4504,41.28,On Head
42900,-2.4876,9.7683,-0.3400,11.1756,-8.8244,-8.3817,41.38,On Head
42950,-1.8100,9.1770,-0.6512,2.0916,-1.0076,-18.5344,41.24,On Head
43000,-1.6592,8.3797,-0.0431,-3.8779,5.3282,-23.2061,41.24,On Head
43050,-2.4517,8.2384,-0.1173,3.0534,9.4809,-39.1603,41.38,On Head
43100,-3.7541,9.0716,-0.7614,0.2595,16.3511,-42.9618,41.24,On Head
43150,-4.9488,9.0525,-0.8308,5.4504,20.4122,-32.9160,41.19,On Head
43200,-4.2521,8.8633,-1.1325,-3.2061,28.9466,-31.8321,41.28,On Head
43250,-5.9640,8.7604,-0.7374,-2.9313,23.4198,-41.0992,41.42,On Head
43300,-6.6774,8.9735,-0.6033,-13.1298,15.7710,-33.8626,41.38,On Head
43350,-6.4643,9.0501,-0.3065,-9.6489,8.6718,-14.5191,41.38,On Head
43400,-6.1363,8.5880,0.1221,-2.5802,5.4046,4.0153,41.42,On Head
43450,-5.0135,8.6526,-0.1748,5.7099,-0.6718,7.6794,41.19,On Head
43500,-4.4125,8.5305,-0.1245,4.3053,-2.7786,8.0916,41.28,On Head
43550,-3.9097,8.2552,-0.1939,6.7939,-5.1450,-0.3817,41.24,On Head
43600,-4.2521,8.1977,-0.0168,7.8015,-7.4962,-6.7481,41.38,On Head
43650,-5.4037,8.0038,0.8691,15.9237,-33.9237,-8.6718,41.38,On Head
43700,-4.4269,8.8226,-0.2873,16.5954,-49.8015,-21.0076,41.38,On Head
43750,-4.8076,8.9687,-0.8021,10.9160,-38.5191,-20.5344,41.42,On Head
43800,-4.8411,8.9256,-1.0918,12.0305,-27.0229,-6.4427,41.24,On Head
43850,-4.7405,8.8633,-1.0463,4.8855,-10.8702,-0.9160,41.28,On Head
43900,-4.9943,9.0046,-0.7925,-1.1298,-3.2519,1.9542,41.24,On Head
43950,-4.6663,8.6383,-0.3496,-8.5802,-0.8397,0.2901,41.19,On Head
44000,-4.9488,8.6886,0.0622,-12.4580,3.6031,-2.2748,41.28,On Head
44050,-5.1691,8.4803,0.4166,-6.9924,0.6412,7.9237,41.57,On Head
44100,-4.5801,8.4994,0.1891,-2.8550,1.5725,8.5038,41.24,On Head
44150,-4.6495,8.6311,-0.0287,-1.9389,2.0305,10.4580,41.24,On Head
44200,-4.5633,8.8801,-0.3783,-2.3817,3.0229,9.9084,41.24,On Head
44250,-4.7309,8.9304,-0.4908,-6.3359,6.5802,11.1603,41.09,On Head
44300,-4.6136,8.9519,-0.4884,-9.4656,8.9466,14.9008,41.24,On Head
44350,-4.7908,9.1866,-0.4429,-13.4046,10.1679,17.3588,41.19,On Head
44400,-4.4077,9.0333,-0.5004,-16.0458,15.5420,23.4809,41.28,On Head
44450,-4.4867,9.0142,-0.3280,-18.8855,22.1527,27.9084,41.38,On Head
44500,-4.7740,9.5840,-0.2753,-18.0000,24.1985,43.4504,41.57,On Head
44550,-3.3926,9.1818,-0.4070,-19.0534,33.5420,48.2137,41.19,On Head
44600,-2.9999,9.2296,-0.3041,-18.1374,44.8550,44.5649,41.42,On Head
44650,-3.1244,9.4762,-0.1484,-19.7557,52.9313,46.0611,41.47,On Head
44700,-2.9209,9.6941,-0.1149,-22.7481,53.0534,51.3130,41.19,On Head
44750,-1.9656,9.6678,-0.0072,-24.1221,57.2366,54.0611,41.19,On Head
44800,-1.5275,9.6582,0.1844,-26.4733,62.1069,56.7939,41.42,On Head
44850,-1.4150,10.3932,-0.1197,-25.6489,68.1985,61.8626,41.38,On Head
44900,-2.2721,10.5728,0.5842,-60.3817,54.1985,98.3206,41.38,On Head
44950,1.0678,8.9807,1.6065,-54.8397,47.5420,85.1756,41.24,On Head
45000,2.3918,8.6910,2.5283,-50.8244,57.2519,57.6336,41.09,On Head
45050,2.2817,7.8410,3.7038,-35.0534,59.6183,34.6107,41.42,On Head
45100,1.9752,8.0469,4.3622,-16.2290,47.3740,18.7481,41.42,On Head
45150,2.0877,8.6598,4.4125,-4.7634,29.5878,13.6489,41.24,On Head
45200,2.6791,9.5553,4.3048,-4.1527,15.4656,4.2748,41.28,On Head
45250,3.0813,9.1075,4.2665,-6.7786,5.2824,-9.2824,41.24,On Head
45300,3.2896,8.0445,4.1444,-2.4580,4.0153,-28.6107,41.24,On Head
45350,3.3998,7.7500,3.8451,5.5725,4.7023,-55.9847,41.42,On Head
45400,3.3662,7.6734,3.1220,11.3740,15.0076,-91.3893,41.24,On Head
45450,1.8962,7.7261,2.1524,18.1679,31.6641,-137.5114,41.28,On Head
45500,-2.1165,10.5656,1.0726,10.9771,43.2519,-136.6718,41.19,On Head
45550,-3.1939,9.7923,1.3096,-27.5420,36.5191,-106.2595,41.38,On Head
45600,-5.4348,9.7564,2.9137,-33.7405,26.2748,-65.0076,41.19,On Head
45650,-4.7597,9.8665,2.9832,-32.4427,21.7252,-46.0611,41.42,On Head
45700,-5.8682,8.7556,4.1204,-36.2443,16.2748,-25.6031,41.19,On Head
45750,-4.8291,8.3749,4.0869,-25.5725,5.6031,-13.6641,41.28,On Head
45800,-4.2162,8.6622,3.6200,-12.6260,16.9160,-4.4885,41.38,On Head
45850,-4.2952,8.8131,3.5650,-21.0534,27.0840,9.1908,41.28,On Head
45900,-4.2928,7.5824,3.9600,-12.8550,26.7634,8.8244,41.28,On Head
45950,-4.3790,9.0070,3.5841,0.7023,23.2214,2.0611,41.24,On Head
46000,-4.1013,7.6207,3.4189,-15.5878,35.5725,15.1450,41.24,On Head
46050,-4.0845,8.7317,3.3232,-11.4809,25.0076,11.2366,41.28,On Head
46100,-4.0869,8.5042,3.4453,-14.7939,22.8550,10.8702,41.24,On Head
46150,-4.0558,8.7340,3.4572,-14.8092,8.0153,9.0382,41.42,On Head
46200,-4.5657,8.7963,3.5769,-15.5725,4.5496,16.3817,41.42,On Head
46250,-4.2593,9.2584,3.5626,-13.5115,3.2214,24.8855,41.42,On Head
46300,-3.8666,7.8386,4.2904,-2.2748,1.6947,27.5267,41.28,On Head
46350,-4.9297,11.0157,3.3567,11.3893,-10.1527,59.1298,41.24,On Head
46400,-1.5275,8.6407,2.5618,-21.3740,7.3435,75.6183,41.28,On Head
46450,-3.7134,9.2033,4.1156,-31.3588,-3.6641,60.3664,41.09,On Head
46500,-1.4988,7.8530,3.9169,10.2595,-11.9847,51.9695,41.24,On Head
46550,-0.2394,7.7117,4.2784,-14.7786,-17.5420,29.1908,41.38,On Head
46600,-1.3695,8.7556,4.1635,15.9542,-12.1069,3.6489,41.24,On Head
46650,-0.4932,9.0118,3.6966,3.6183,-28.3053,-12.5191,41.38,On Head
46700,-0.6895,9.7827,3.2753,7.9542,-6.2901,-14.3359,41.09,On Head
46750,-1.3264,9.4379,3.7062,2.0153,-7.8168,-13.5725,41.28,On Head
46800,-1.5371,9.6319,3.2633,15.6489,-1.9084,-8.7176,41.28,On Head
46850,-1.6903,9.7468,3.3662,-2.7328,-3.5267,-6.4885,41.28,On Head
46900,-1.8890,9.4308,3.2082,12.4122,-2.6870,-1.5878,41.38,On Head
46950,-1.2450,9.3254,3.3136,-6.1069,-2.6870,-11.7710,41.42,On Head
47000,-1.1827,9.3805,3.2274,9.7252,9.9847,-8.7634,41.24,On Head
47050,-2.3774,9.0214,3.4955,3.1450,5.3740,-14.2595,41.38,On Head
47100,-1.9417,9.8665,2.8180,5.5420,6.5954,-9.9389,41.42,On Head
47150,-1.7478,9.5457,3.0861,-4.1679,10.6718,-0.4275,41.38,On Head
47200,-2.6217,9.9695,3.3710,6.7634,11.1756,13.7405,41.24,On Head
47250,-1.1612,8.2480,3.3088,-2.1832,9.6947,5.6947,41.42,On Head
47300,-1.5012,9.5074,3.0718,13.2824,8.4427,5.5878,41.24,On Head
47350,-1.4317,8.9735,2.9999,19.0687,11.1298,1.4198,41.28,On Head
47400,-1.2210,8.7245,2.7485,11.6794,17.3282,-18.1374,41.38,On Head
47450,-1.4844,8.4611,2.3367,28.5496,23.3893,-44.2748,41.42,On Head
47500,-3.2657,9.6438,1.8555,23.0382,13.6947,-52.3206,41.38,On Head
47550,-4.1611,10.3525,1.4892,7.0840,3.5267,-36.0916,41.19,On Head
47600,-3.5195,9.3446,1.6688,2.7939,-1.8015,-19.9695,41.38,On Head
47650,-3.5913,9.5816,1.5036,9.3893,0.5649,-15.6489,41.24,On Head
47700,-3.1867,8.9543,1.5275,-5.7710,0.4275,-23.9237,41.28,On Head
47750,-3.3902,8.9950,1.2282,6.1374,6.6718,-25.1908,41.38,On Head
47800,-3.4596,8.4276,1.5897,2.3206,4.1374,-34.0000,41.38,On Head
47850,-4.4053,9.1075,1.4485,15.2519,17.6031,-28.0763,41.24,On Head
47900,-4.6232,8.8107,1.6065,8.0305,9.1908,-17.8168,41.38,On Head
47950,-4.5370,9.0573,1.2091,10.8244,8.8550,-10.0916,41.38,On Head
48000,-4.7501,8.7819,1.2929,8.7634,3.0076,-16.9313,41.28,On Head
48050,-5.4085,9.0716,1.0894,9.7099,-4.1679,-10.2443,41.47,On Head
48100,-4.9608,8.8178,0.7135,1.2519,-4.0000,-0.9924,41.24,On Head
48150,-4.6519,8.9423,0.5770,8.8702,3.2366,5.6947,41.38,On Head
48200,-4.2042,9.2751,0.6608,2.2748,7.8626,6.2137,41.19,On Head
48250,-4.9823,8.6048,0.9697,9.4046,21.5573,2.1832,41.38,On Head
48300,-5.1619,8.9759,0.5435,12.7023,1.8473,3.1756,41.38,On Head
48350,-4.2234,10.0245,-0.2298,-13.3130,-3.9389,4.3206,41.24,On Head
48400,-4.9392,8.5186,0.7278,-16.2901,6.2137,8.9313,41.24,On Head
48450,-4.1276,8.8083,0.6776,-19.0687,4.4733,13.1756,41.28,On Head
48500,-3.7254,7.8458,0.7518,2.9466,19.9695,15.6183,41.09,On Head
48550,-4.2880,9.5624,0.2274,-14.4733,11.8015,10.6565,41.24,On Head
48600,-5.6360,10.4890,0.7709,-33.4809,5.8931,19.7405,41.47,On Head
48650,-3.9169,7.4723,2.0830,-42.6260,-18.8092,-0.3359,41.24,On Head
48700,-4.3359,8.2001,2.2817,-4.0153,-25.7252,2.9313,41.42,On Head
48750,-3.4093,9.1506,1.0343,-2.3817,-25.1298,3.1298,41.38,On Head
48800,-2.9305,8.9854,0.6967,-7.5573,-4.7481,1.4504,41.09,On Head
48850,-3.6943,9.1794,1.1277,-6.0916,8.8702,9.4046,41.28,On Head
48900,-4.3000,9.9120,1.4054,-13.8931,1.8473,7.8779,41.47,On Head
48950,-4.5777,9.7971,1.9010,-25.2214,2.5038,23.0534,41.28,On Head
49000,-6.8929,10.5632,2.4469,-21.1298,-12.9160,67.5725,41.38,On Head
49050,-5.0829,9.9264,2.5929,-25.5114,-41.4351,103.0992,41.19,On Head
49100,-3.7421,9.0621,2.6719,-16.9313,-57.4809,119.6336,41.28,On Head
49150,-0.7973,8.6143,2.2314,-27.7099,-77.0687,100.3817,41.42,On Head
49200,1.2689,8.9256,1.7382,-30.7786,-71.2824,71.1603,41.24,On Head
49250,1.6688,9.4284,1.9441,-49.3130,-65.2366,53.2366,41.42,On Head
49300,2.5355,9.0716,2.7821,-57.9084,-55.7099,38.7176,41.05,On Head
49350,2.9856,8.2289,3.7900,-58.2901,-34.0458,30.6870,41.42,On Head
49400,2.8036,7.3167,5.6240,-39.6336,-22.4427,24.0000,41.38,On Head
49450,3.7637,6.4715,6.0861,-12.4580,-17.0534,12.1527,41.38,On Head
49500,2.6719,8.5545,4.4748,-23.7557,-18.3053,6.1679,41.24,On Head
49550,1.6113,9.5050,4.7836,-29.1145,-21.8168,14.3969,41.38,On Head
49600,2.8706,8.8107,4.6519,-13.5267,-13.2977,18.4427,41.42,On Head
49650,2.9712,8.0038,4.6160,-22.9160,-22.5954,9.8473,41.28,On Head
49700,4.2042,8.5114,3.7254,-7.9237,-4.1069,-20.5191,41.19,On Head
49750,3.0670,8.4396,4.2593,6.1679,1.3893,-37.8931,41.09,On Head
49800,2.1835,9.2584,4.2449,4.0458,-0.5954,-30.3359,41.28,On Head
49850,2.0614,9.2129,4.2737,-2.9008,1.1603,-29.4351,41.38,On Head
49900,1.9441,9.0716,4.3072,-6.9771,-1.9847,-30.9466,41.09,On Head
49950,1.1181,9.4547,4.5226,-1.8931,-2.6718,-27.2366,41.24,On Head
50000,1.2665,9.4547,4.3455,-11.6794,-13.3282,-22.5802,41.24,On Head
50050,1.8962,9.1889,3.8307,-8.8855,-6.9466,-22.9008,41.42,On Head
50100,1.7071,9.0956,4.4508,-11.5420,-4.4885,-17.1450,41.42,On Head
50150,-0.3950,9.8426,5.2792,-7.1756,-13.0992,-6.3969,41.57,On Head
50200,-0.0263,9.2560,5.8945,-37.4046,-62.8244,9.6641,41.38,On Head
50250,1.4461,8.6790,5.3606,-14.5954,-73.4046,-2.1679,41.28,On Head
50300,3.0742,8.4420,4.3862,-12.2748,-56.6565,-5.5725,41.19,On Head
50350,2.7557,8.7197,4.6017,-9.6641,-22.9160,-1.4351,41.38,On Head
50400,2.5738,8.7867,4.6567,-11.9084,-5.0992,0.4427,41.42,On Head
50450,2.5570,8.1020,5.5809,-19.1756,-0.4580,1.1145,41.42,On Head
50500,2.1308,8.7747,5.5522,-8.6870,1.2977,-3.4198,41.47,On Head
50550,2.4948,7.8266,5.6479,-8.6260,-0.1679,-16.3359,41.28,On Head
50600,1.9178,8.5760,5.2313,2.5496,-1.8779,-16.2290,41.24,On Head
50650,2.0470,9.0381,4.5753,-2.1374,1.7099,-12.6870,41.05,On Head
50700,1.8866,9.0932,4.6519,-8.9008,6.3817,-7.0840,41.42,On Head
50750,2.3200,8.6957,5.5785,-21.8321,16.3359,-1.1450,41.38,On Head
50800,1.8124,8.1570,5.7628,-11.1908,32.9618,-3.8168,41.24,On Head
50850,0.7781,8.2193,6.4093,-10.0153,25.7710,-0.0305,41.38,On Head
50900,1.4174,6.5553,6.1986,4.6260,11.8931,-7.5725,41.28,On Head
50950,1.9609,7.4579,6.3758,5.3130,14.5496,-1.2214,41.38,On Head
51000,0.7733,8.6622,6.4691,-7.6031,5.8779,-6.3359,41.28,On Head
51050,0.7183,8.1068,6.3422,-7.9084,-12.6412,-5.4504,41.28,On Head
51100,1.4509,8.0158,6.1986,-2.4275,-17.8015,-11.9237,41.57,On Head
51150,1.8483,8.0972,6.3015,-8.0305,-12.9313,-12.5344,41.61,On Head
51200,1.7478,7.7500,6.6535,13.0534,-2.9466,-16.3359,41.42,On Head
51250,1.5490,7.8506,6.9935,16.9008,-5.6489,-16.4427,41.24,On Head
51300,0.9146,7.4460,6.9097,37.1908,-1.1908,-13.4504,41.38,On Head
51350,0.9529,7.6974,5.9640,57.6947,-17.6947,-19.0534,41.28,On Head
51400,-0.2466,8.5473,5.0518,69.1450,-27.1298,-27.7557,41.28,On Head
51450,0.2035,10.1275,3.5793,57.2061,-43.4046,-12.8702,41.38,On Head
51500,0.1580,9.9383,2.6695,47.6489,-47.1145,-15.8321,41.28,On Head
51550,1.2474,10.9918,1.7071,25.2977,-42.6870,-12.2290,41.38,On Head
51600,0.6321,10.1682,2.2721,10.3206,-29.7863,-5.3130,41.28,On Head
51650,1.1564,10.0245,2.4660,6.5038,-20.2595,-0.0153,41.38,On Head
51700,0.3663,9.6271,2.6576,19.2824,-5.2977,-4.0763,41.38,On Head
51750,0.4429,10.1993,2.3104,16.4275,-7.9695,11.1756,41.42,On Head
51800,1.4317,9.5361,2.0063,14.6412,-3.2519,13.5420,41.24,On Head
51850,1.2450,9.2344,1.8794,17.1756,4.1221,8.4427,41.24,On Head
51900,1.1349,9.1530,1.4174,18.1374,11.0229,-2.8550,40.95,On Head
51950,1.1923,9.9551,0.3208,15.0992,21.5267,-15.3282,41.38,On Head
52000,0.3017,10.6087,0.1724,-6.0611,43.2214,-19.0229,41.38,On Head
52050,0.2897,10.5536,1.1468,-22.1221,43.3588,-6.0305,41.42,On Head
52100,-0.3567,9.6295,2.5905,-19.2519,40.0458,-11.9389,41.38,On Head
52150,-0.5171,9.4332,2.7438,-2.6718,16.9313,-6.3817,41.38,On Head
52200,0.0551,9.5720,1.9513,4.7634,6.2443,-3.9695,41.24,On Head
52250,0.5770,9.4882,1.6951,10.8244,6.1527,-5.4351,41.47,On Head
52300,0.6632,9.6055,1.4916,13.9847,7.8779,-11.5725,41.19,On Head
52350,0.1365,10.1945,1.0151,11.1145,8.6565,-13.9695,41.38,On Head
52400,-0.9409,8.9423,1.7478,4.2901,6.0763,-15.6947,41.09,On Head
52450,-1.4916,10.0173,1.6664,30.2595,-29.8779,1.8931,41.42,On Head
52500,1.1349,9.5553,0.3591,8.0763,-20.5191,-1.5420,41.47,On Head
52550,0.3496,10.2448,-0.0239,14.5344,-2.2290,-24.7786,41.19,On Head
52600,-1.0008,10.7691,0.1676,-0.9160,11.2061,-25.7099,41.47,On Head
52650,-1.5826,10.5417,0.4717,-1.8168,15.3130,-13.1450,41.38,On Head
52700,-1.7478,10.2472,0.6512,0.8855,4.2595,3.9542,41.38,On Head
52750,-0.6321,9.6678,0.4836,-4.0153,3.2824,-5.0992,41.42,On Head
52800,-1.0391,9.8809,0.8140,-5.8931,14.9008,-17.3740,41.28,On Head
52850,-2.1548,9.8258,1.1468,-6.1832,16.5496,-15.2824,41.28,On Head
52900,-2.4756,9.7707,1.1301,-0.4580,6.1832,-3.6947,41.38,On Head
52950,-1.7789,10.1514,0.7518,-7.9237,-0.3664,-1.3893,41.42,On Head
53000,-1.5275,9.9862,0.9002,-9.9237,-5.9237,-3.4198,41.28,On Head
53050,-1.4940,10.2711,0.8404,-14.0000,-4.0305,-3.5420,41.28,On Head
53100,-1.4916,9.8138,1.3072,-13.5115,-4.1374,0.1679,41.24,On Head
53150,-1.3336,9.4810,1.6616,-10.0305,-6.3817,5.6031,41.38,On Head
53200,-0.5459,9.6845,1.4653,-0.0916,-12.3053,4.3206,41.47,On Head
53250,-0.5650,9.7588,1.5227,-3.0229,-4.1985,-4.2443,41.38,On Head
53300,-1.4940,9.6007,1.5802,3.2061,-6.0305,0.3053,41.24,On Head
53350,-1.1253,10.0054,1.2378,3.7252,-7.6031,1.1756,41.24,On Head
53400,-1.3599,9.8354,1.2785,7.7405,-5.2366,4.2443,41.19,On Head
53450,-1.2857,9.7181,1.1636,5.2519,-7.1756,6.4427,41.57,On Head
53500,-0.9481,9.5864,0.9218,4.0305,-14.0916,5.8779,41.47,On Head
53550,-0.7350,9.4906,0.8715,6.7786,-16.6718,-3.5573,41.28,On Head
53600,-0.8763,9.7923,0.6153,0.6718,-22.3359,-10.9160,41.47,On Head
53650,-1.2306,9.9599,0.5555,-2.2137,-24.0305,-14.0153,41.38,On Head
53700,-1.3719,10.0700,0.4405,-5.0840,-23.7252,-17.6947,41.42,On Head
53750,-1.8364,10.0221,0.6584,-6.9771,-21.3130,-14.8397,41.42,On Head
53800,-1.5562,9.6869,0.5722,-6.8397,-16.3206,-14.3817,41.38,On Head
53850,-1.7597,9.7588,0.7087,-5.5573,-7.8168,-15.5420,41.47,On Head
53900,-2.1093,9.8497,0.5459,-3.9847,-1.8168,-13.9542,41.47,On Head
53950,-2.5857,9.9886,0.6991,-4.7328,-0.8702,-6.4275,41.24,On Head
54000,-2.4995,9.9240,0.5076,-5.4809,1.9237,-1.4809,41.47,On Head
54050,-2.5905,9.8928,0.5459,-7.4046,4.4427,3.5725,41.57,On Head
54100,-2.4253,9.8067,0.4812,-7.3740,7.2672,8.6718,41.28,On Head
54150,-2.4014,9.7037,0.4597,-8.8702,10.7481,14.4885,41.28,On Head
54200,-2.2338,9.7444,0.3304,-11.0382,15.7863,15.9847,41.19,On Head
54250,-1.9872,9.7013,0.1987,-12.7023,22.7023,17.8931,41.38,On Head
54300,-1.6352,9.8641,0.1125,-13.1908,32.8702,17.9695,41.28,On Head
54350,-1.0511,10.0868,-0.0239,-15.5420,51.6641,20.8550,41.38,On Head
54400,-0.7207,9.9335,0.0215,-17.1298,76.6565,24.0458,41.24,On Head
54450,-0.4094,9.7276,0.1820,-18.1985,101.3588,17.9847,41.24,On Head
54500,-0.7494,9.7133,0.6991,-19.7710,121.0229,14.3969,41.57,On Head
54550,-1.4700,9.8952,1.2929,-14.5954,122.6412,18.7328,41.42,On Head
54600,-1.3671,9.9288,1.5371,-18.2443,117.4046,18.8855,41.28,On Head
54650,-1.6281,9.3901,2.4086,-20.6870,107.6336,20.9618,41.47,On Head
54700,-1.2043,9.5361,2.5402,-9.8626,95.8321,18.4886,41.38,On Head
54750,-1.6257,9.7396,2.6480,-14.3053,93.0534,10.4580,41.28,On Head
54800,-2.4062,9.8258,3.0933,-11.6183,79.8321,18.3817,41.24,On Head
54850,-1.9489,9.7827,2.9880,-13.8779,67.5573,11.5115,41.38,On Head
54900,-2.1404,9.7516,2.7581,-14.4275,58.1374,16.0458,41.19,On Head
54950,-1.7861,9.3422,2.7174,-13.7405,49.5573,24.2595,41.09,On Head
55000,-0.6632,9.9216,2.5043,-18.5496,48.3511,23.1756,41.38,On Head
55050,-0.4238,10.3046,2.5426,-27.4656,58.2748,21.5725,41.24,On Head
55100,-0.6728,10.2951,2.7677,-36.3053,68.9466,31.6031,41.38,On Head
55150,-1.0127,10.5560,3.3734,-45.7405,76.1069,46.3817,41.09,On Head
55200,-0.3879,9.8258,3.6966,-50.0000,83.3130,70.1832,41.24,On Head
55250,0.2131,8.9807,5.2170,-58.4885,74.2595,72.8244,41.57,On Head
55300,1.2833,7.3837,6.0023,-37.3435,56.2290,59.4809,41.19,On Head
55350,1.6999,7.8075,6.1244,-20.5038,45.7863,48.5496,41.09,On Head
55400,2.2075,7.7428,5.7676,1.6641,29.7252,41.6336,41.19,On Head
55450,2.1452,7.9751,5.6048,6.3511,23.0382,35.2824,41.42,On Head
55500,2.4804,8.5521,5.1116,16.2595,11.5267,33.2214,41.28,On Head
55550,2.9544,8.6167,4.7764,12.5496,8.4427,27.2672,41.38,On Head
55600,3.1196,8.5425,4.8100,9.9084,4.8855,18.8550,41.38,On Head
55650,3.1580,8.4180,4.8866,5.9847,2.8550,16.3206,41.38,On Head
55700,3.1340,8.3414,4.9775,10.1679,-0.7176,15.1908,41.42,On Head
55750,3.0957,8.3486,4.8100,12.2290,-3.7252,12.4427,41.38,On Head
55800,3.3662,9.1195,4.6448,14.7481,-6.8550,10.3817,41.24,On Head
55850,2.9353,8.8777,4.5131,13.6947,-9.9084,-1.0840,41.38,On Head
55900,2.3727,9.1411,4.0294,23.7710,-25.7099,-1.3740,41.28,On Head
55950,3.0119,9.3206,2.7892,24.7023,-35.6794,-2.4580,41.42,On Head
56000,4.4269,9.7899,1.9489,16.4275,-26.3359,2.1832,41.24,On Head
56050,3.8762,8.3510,2.0016,23.2519,-11.5115,-20.6107,41.47,On Head
56100,2.7318,10.1730,1.1732,18.5954,-29.4962,-35.6794,41.38,On Head
56150,2.5283,9.7013,1.3312,-13.0840,-34.5649,-29.5878,41.42,On Head
56200,2.2266,8.6646,2.0159,-11.0382,-37.7710,-24.5191,41.42,On Head
56250,2.8467,8.6000,1.8627,-3.9084,-33.1298,-17.7557,41.42,On Head
56300,3.2154,9.0190,2.3008,-5.9084,-12.3053,-9.6031,41.28,On Head
56350,1.9417,9.1842,2.1907,41.9237,-17.0229,-25.9695,41.38,On Head
56400,1.7669,11.3461,0.3639,30.9313,-17.7252,-29.6031,41.38,On Head
56450,0.6321,11.4922,0.2227,14.3511,-28.0763,-21.4504,41.38,On Head
56500,0.9792,10.4052,0.1748,0.1527,-33.8321,-12.4122,41.28,On Head
56550,1.2378,9.6941,0.2777,-6.9313,-36.4122,-2.8397,41.42,On Head
56600,2.3655,9.6869,-0.2825,-10.2290,-25.0076,-0.5038,41.24,On Head
56650,2.1021,9.6917,0.1006,-10.0458,-7.6641,-0.1069,41.47,On Head
56700,1.6712,10.5967,0.4190,-12.4580,-9.7405,-1.8168,41.38,On Head
56750,1.4389,10.4291,0.7805,-15.4351,-12.8702,-0.4427,40.95,On Head
56800,1.8364,9.6606,0.9050,-16.7481,-14.7481,0.4427,41.05,On Head
56850,2.0159,9.7827,0.8404,-12.9466,-14.4275,2.1374,41.42,On Head
56900,2.4493,9.6414,0.8882,-20.8702,-9.8321,7.0992,41.28,On Head
56950,2.2529,9.4834,1.1349,-15.1298,-5.1450,0.5496,41.38,On Head
57000,2.9497,10.0963,0.7805,-22.8702,-4.0916,-0.8397,41.38,On Head
57050,2.1691,9.3326,1.5443,-20.2290,4.0916,0.5038,41.42,On Head
57100,3.5769,10.2496,1.3408,-1.4962,21.5114,5.3282,41.42,On Head
57150,2.6360,10.6590,1.1732,-5.3588,52.8550,0.1985,41.42,On Head
57200,1.0463,10.1299,2.2266,-19.1145,49.3282,7.5420,41.28,On Head
57250,0.6991,9.0836,3.0191,-21.1756,36.4885,6.6260,41.42,On Head
57300,0.6177,9.0022,3.2633,-10.9466,4.7939,11.3740,41.38,On Head
57350,1.4772,9.4355,2.8491,-16.1527,-12.9466,9.9847,41.28,On Head
57400,1.7837,9.3470,2.9449,-22.5496,-20.3969,-1.7405,41.42,On Head
57450,1.8196,9.4858,3.1388,-23.2672,-19.3282,-10.8244,41.24,On Head
57500,1.8675,9.4619,3.5195,-20.9771,-19.1603,-8.5954,41.28,On Head
57550,1.9704,8.8873,3.4477,-19.3588,-18.6412,-4.5038,41.28,On Head
57600,2.3320,8.8418,3.8786,-15.7252,-17.1756,-6.5802,41.24,On Head
57650,2.6743,9.5050,3.6081,-9.6183,-18.0611,-24.2595,41.42,On Head
57700,1.9465,10.3190,3.3758,-17.2824,1.1603,-25.5878,41.38,On Head
57750,1.5299,9.6917,3.4046,-24.5191,16.3206,-12.9313,41.24,On Head
57800,1.8459,9.3685,3.3495,-36.7023,35.5573,0.5496,41.19,On Head
57850,1.3001,8.6503,4.7860,-45.9847,52.7023,-5.0992,41.57,On Head
57900,-0.0886,8.0661,6.0238,-34.3511,61.0534,-12.2901,41.38,On Head
57950,-1.5371,8.8753,6.4931,-17.7557,39.6031,-8.7023,41.47,On Head
58000,-1.0582,9.6989,6.5960,-10.2595,10.4733,0.7176,41.61,On Head
58050,-0.1796,8.3342,6.0789,0.7176,-2.7786,7.8931,41.38,On Head
58100,0.9744,8.2241,4.8866,12.6565,-13.6489,10.9924,41.42,On Head
58150,1.6257,8.6359,4.3455,8.0305,-10.0916,4.6870,41.47,On Head
58200,1.3479,8.7891,4.4245,7.6183,-6.7023,-3.1908,41.42,On Head
58250,0.9409,9.7707,4.6184,2.7634,-4.5496,-11.6031,41.28,On Head
58300,0.3017,9.8162,4.9680,-3.1450,-4.3664,-7.0687,41.38,On Head
58350,0.1365,9.2967,4.9368,3.3740,-13.5267,1.9389,41.38,On Head
58400,0.9002,9.0597,4.5753,0.9466,-21.4198,3.8473,41.19,On Head
58450,1.3862,8.9639,4.4748,0.7023,-29.1450,-3.5573,41.57,On Head
58500,1.0678,8.4348,4.6974,6.3053,-49.0992,-11.3282,41.38,On Head
58550,1.0654,8.7077,5.1020,-0.9924,-60.6565,-13.5573,41.24,On Head
58600,0.4310,8.4084,5.2840,6.7328,-81.3282,-23.8015,41.47,On Head
58650,-0.6225,9.2225,5.3582,4.0916,-115.9542,-28.7176,41.38,On Head
58700,-0.3089,9.1650,4.3215,6.1374,-152.7939,-34.3206,41.38,On Head
58750,-0.3400,9.2488,3.8954,-3.2977,-171.1298,-28.9618,41.38,On Head
58800,0.4764,9.7205,3.1125,-0.7481,-185.8779,-26.2290,41.28,On Head
58850,1.1540,9.9192,2.7294,-7.1603,-189.4657,-27.9847,41.24,On Head
58900,1.8555,9.8402,2.4325,-3.1603,-176.8244,-25.1450,41.24,On Head
58950,1.7813,9.5002,2.1596,3.1603,-167.1908,-29.1145,41.28,On Head
59000,1.7957,9.8737,1.7789,5.0992,-153.0534,-18.8397,41.47,On Head
59050,2.5115,9.5122,1.3671,6.2137,-136.8397,-8.6718,41.42,On Head
59100,2.9233,10.2256,0.8523,4.5649,-119.5267,-11.3435,41.28,On Head
59150,2.8156,10.2256,1.0846,-12.8702,-96.5649,-21.3435,41.28,On Head
59200,2.0063,10.5680,1.1756,-17.1450,-84.9771,-23.8626,41.38,On Head
59250,1.9680,9.6151,1.4772,-21.9237,-71.6489,-7.1298,41.42,On Head
59300,2.7198,8.9136,1.6376,-18.4427,-68.3817,1.6183,41.28,On Head
59350,3.9385,8.9519,1.5586,-21.4198,-55.4198,-11.6794,41.38,On Head
59400,3.5051,8.8825,2.3080,-17.5878,-48.4275,-37.4351,41.61,On Head
59450,3.5841,9.6438,2.2817,-17.1450,-44.5038,-67.3435,41.09,On Head
59500,3.0287,8.7532,2.0494,-22.6718,-29.8015,-96.7786,41.38,On Head
59550,1.2091,8.3941,1.9106,-11.8931,-19.4809,-118.2290,41.38,On Head
59600,-0.4501,9.4116,1.1468,-15.0382,-6.4580,-115.2519,41.42,On Head
59650,-2.2434,10.7308,0.9864,-29.8779,3.1298,-93.2519,41.38,On Head
59700,-6.0238,9.5720,3.6081,-37.3435,-9.5115,-49.8626,41.47,On Head
59750,-5.0781,10.4722,2.2577,-1.5267,-5.5573,-38.5954,41.38,On Head
59800,-5.2912,9.5960,2.4948,-6.5496,1.9389,7.1756,41.24,On Head
59850,-2.9401,8.4683,2.3272,11.2519,-6.1832,34.9008,41.28,On Head
59900,-0.9146,8.5305,2.3032,14.7176,-10.6870,31.6031,41.42,On Head
59950,-0.3208,8.6814,2.5259,14.8855,-6.8550,2.3817,41.38,On Head
60000,-2.6815,8.6957,2.4301,30.4122,-14.5954,-31.6183,41.09,On Head
60050,-4.0462,10.1323,1.5874,32.0458,-31.0840,-55.4198,41.38,On Head
60100,-5.3534,10.0820,1.5299,25.4962,-35.8779,-42.9618,41.28,On Head
60150,-4.3551,9.1913,1.2258,31.3130,-45.8931,-0.8855,41.61,On Head
60200,-2.6001,8.6383,0.6919,20.3817,-31.6641,-2.3664,41.28,On Head
60250,-4.1204,8.0325,1.2474,30.7328,-31.9847,-13.3588,41.38,On Head
60300,-4.5035,9.3518,0.1939,39.9847,-38.2595,-6.1221,41.47,On Head
60350,-3.5267,9.7085,-0.8763,43.7710,-44.8092,3.6489,41.28,On Head
60400,-3.0933,10.2280,-1.2761,29.5114,-46.7939,4.7328,41.47,On Head
60450,-2.4636,9.5912,-1.0439,20.5954,-52.3053,10.8702,41.38,On Head
60500,-1.9178,9.8354,-0.9792,19.2519,-48.8244,11.8779,41.47,On Head
60550,-2.0111,9.4308,-0.6632,16.6565,-47.5573,0.9924,41.28,On Head
60600,-1.8890,9.9695,-1.0151,11.4046,-43.0992,-2.9466,40.91,On Head
60650,-2.0518,9.8234,-0.8380,2.7634,-39.4809,-7.1603,41.38,On Head
60700,-2.6288,9.6391,-0.4549,-3.9084,-39.6794,-9.1450,41.38,On Head
60750,-3.1580,9.5481,-0.3567,-5.1908,-43.3130,-4.2748,41.28,On Head
60800,-3.2154,9.3087,-0.2945,-6.9618,-43.1450,4.4122,41.38,On Head
60850,-2.9353,11.2480,0.0383,0.3359,-40.4733,9.4962,41.42,On Head
60900,-2.6288,10.9271,-0.0383,-11.9237,-27.7099,-0.2443,41.38,On Head
60950,-2.5163,9.4715,0.9050,-23.9389,-16.3206,1.8473,41.42,On Head
61000,-2.2362,8.6718,1.6137,-28.6107,-8.1985,3.8626,41.42,On Head
61050,-2.3774,8.3653,2.7485,-28.9924,-4.4275,-1.0534,41.47,On Head
61100,-3.2417,8.2768,3.4165,-15.1756,-6.0916,2.0305,41.57,On Head
61150,-3.5458,8.7125,3.5650,-0.2901,-14.6260,5.6794,41.24,On Head
61200,-3.4979,9.7659,3.3471,19.2366,-26.0916,12.2137,41.42,On Head
61250,-2.5594,10.1323,2.5067,18.5344,-34.5496,12.5191,41.38,On Head
61300,-2.1117,9.4116,2.0518,8.4275,-35.7252,7.3740,41.24,On Head
61350,-2.3439,8.5688,2.2386,2.1679,-32.5038,-3.5267,41.47,On Head
61400,-2.3607,8.5545,2.4014,6.0458,-34.7786,-0.9618,41.28,On Head
61450,-2.1955,8.6646,2.4373,7.4351,-35.4504,-5.2366,41.28,On Head
61500,-2.5786,9.4691,2.6671,7.8321,-38.0458,-9.4046,41.09,On Head
61550,-2.7294,10.0293,2.8347,4.0305,-40.1832,-16.1679,41.47,On Head
61600,-3.1220,9.8617,3.0861,1.9695,-41.3282,-16.8702,41.24,On Head
61650,-3.2657,10.1945,2.8515,4.7176,-41.0076,-5.7710,41.28,On Head
61700,-2.7318,9.2440,2.9832,-6.1679,-43.3130,12.0916,41.24,On Head
61750,-1.6424,8.7293,3.2729,-4.7481,-39.5573,12.6870,41.42,On Head
61800,-1.4557,8.5258,3.8116,3.7099,-37.8626,1.7099,41.09,On Head
61850,-1.5610,9.0644,3.8738,9.2214,-36.0153,-9.0992,41.42,On Head
61900,-1.8842,9.2895,3.6200,17.8626,-32.7176,-18.0000,41.38,On Head
61950,-1.6831,9.8689,2.9401,16.6107,-20.7634,-12.5191,41.24,On Head
62000,-1.8747,9.0668,2.9904,15.6794,-8.6718,-0.3817,41.57,On Head
62050,-1.5993,9.1459,2.8802,11.1298,-7.6489,-1.3130,41.24,On Head
62100,-2.0470,8.5952,3.3543,13.3740,-3.5267,-9.2366,41.28,On Head
62150,-3.0885,10.5034,3.0885,25.4962,-10.0763,-1.6031,41.28,On Head
62200,-3.6799,10.2352,2.1715,18.3359,-11.4198,10.8244,41.42,On Head
62250,-4.2138,10.6686,1.1013,18.4122,-10.7328,46.5191,41.47,On Head
62300,-3.3184,10.8625,0.2059,7.2672,-3.8473,89.3435,41.05,On Head
62350,-1.1061,9.9335,0.1628,-6.2595,10.7176,110.5191,41.38,On Head
62400,0.3759,9.8785,0.0838,-9.3588,31.8779,100.7328,41.38,On Head
62450,1.3958,9.3350,0.3711,-7.4198,45.8473,87.1756,41.47,On Head
62500,1.8699,8.6790,0.7805,-12.9771,57.9237,71.9695,41.28,On Head
62550,2.3176,8.1259,1.3001,-10.4733,61.1603,58.6565,41.09,On Head
62600,2.5953,9.5409,1.6017,-2.1832,63.2977,46.8397,41.42,On Head
62650,3.2058,9.4954,1.5036,7.7405,60.9924,33.8473,41.28,On Head
62700,3.2513,9.8210,1.2594,13.8168,64.5191,17.7099,41.09,On Head
62750,2.7988,9.0070,1.0822,15.4046,65.2519,2.6718,41.24,On Head
62800,1.6999,9.0070,1.1779,17.9847,53.8626,9.3740,41.09,On Head
62850,2.5498,9.7516,1.1349,8.1527,41.6031,23.2977,41.38,On Head
62900,3.2513,9.6989,1.1157,16.2748,34.1832,20.5038,41.38,On Head
62950,3.7302,10.4244,0.7254,9.7557,28.4427,11.3130,41.38,On Head
63000,3.7517,10.3430,0.3136,-0.7939,34.7634,-2.1679,41.28,On Head
63050,3.1388,9.8641,0.8045,-17.6183,40.3053,0.3359,41.42,On Head
63100,3.2130,9.0597,1.4676,-21.6794,45.3740,-0.5649,41.28,On Head
63150,3.2370,9.2775,2.1093,-18.8092,50.0916,1.5573,41.24,On Head
63200,3.3830,8.9759,2.5953,-5.1756,55.9847,10.0000,41.19,On Head
63250,3.2465,9.0309,2.5594,11.6183,56.2901,5.8931,41.24,On Head
63300,3.2681,9.2201,2.2601,19.9084,51.8015,2.8092,41.47,On Head
63350,3.4692,9.4858,1.9106,15.9695,51.4809,8.2595,41.47,On Head
63400,4.2186,8.6886,1.6496,26.0153,72.7939,15.1603,41.47,On Head
63450,4.3263,8.6526,1.1923,40.8855,104.3511,14.5038,41.28,On Head
63500,4.5753,9.7875,-0.1915,53.3588,142.0153,15.7863,41.19,On Head
63550,2.8802,9.6822,0.2873,59.0840,162.3512,23.8626,41.38,On Head
63600,2.3439,10.6973,0.2849,55.3740,148.1221,22.9466,41.38,On Head
63650,2.0255,10.0485,0.8499,42.1679,119.2366,14.3359,41.28,On Head
63700,1.4533,10.2017,0.6129,12.5649,85.0382,-1.9084,41.47,On Head
63750,1.5802,9.8761,0.8643,-4.0763,64.8855,1.9847,41.42,On Head
63800,1.9393,9.8402,1.3240,-13.2519,54.9313,1.4198,41.28,On Head
63850,1.9992,9.5529,1.7765,-13.5725,57.8015,-4.8244,41.38,On Head
63900,1.3934,9.3613,2.2913,-9.8931,58.6260,-8.8702,41.28,On Head
63950,1.1971,9.9072,2.5762,-10.3511,60.0000,-6.3206,41.28,On Head
64000,0.9840,9.9168,3.1077,-6.7328,61.5573,-5.6336,41.38,On Head
64050,1.0965,9.9000,3.1843,7.3588,57.0687,-5.2977,41.42,On Head
64100,0.8763,9.4284,2.5091,12.8397,54.5038,-8.4733,41.28,On Head
64150,0.8140,9.4499,1.5490,22.2290,50.2443,-8.7939,41.38,On Head
64200,1.2019,9.8378,0.6943,15.4198,66.3359,-7.9847,41.09,On Head
64250,1.1827,10.3669,0.3256,-1.8015,91.4962,-10.1832,41.24,On Head
64300,-0.2634,10.7212,1.6257,-24.2290,96.6718,-14.2901,41.28,On Head
64350,-0.7470,9.3853,3.0239,-24.6870,92.5343,-19.0840,41.42,On Head
64400,-1.7190,10.5273,2.6408,10.9008,90.8397,-9.5115,41.38,On Head
64450,-1.2186,10.7260,2.1141,-20.1221,91.7099,18.3817,41.09,On Head
64500,-0.5794,9.4427,3.1101,-20.5802,88.8702,21.0840,41.24,On Head
64550,-1.0056,9.3254,4.4101,-24.1527,68.3053,10.9618,41.47,On Head
64600,-1.5897,9.2416,4.8554,-9.2824,44.2901,6.4275,41.38,On Head
64650,-0.6967,8.9663,4.2449,-15.8168,23.9084,14.3664,41.38,On Head
64700,0.8045,9.4786,3.9840,-15.4504,15.5725,18.1679,41.71,On Head
64750,0.9816,8.2768,4.5011,-23.3740,19.1298,-0.3359,41.38,On Head
64800,-0.5459,8.9543,5.0542,-13.4504,2.2443,-15.3435,41.24,On Head
64850,-1.4892,9.0453,5.3008,-7.8931,-18.0458,-23.6336,41.42,On Head
64900,-2.5546,9.6319,5.4468,0.9924,-39.7252,-9.8473,41.24,On Head
64950,-1.4102,9.4403,4.9584,-3.8779,-63.2672,3.3130,41.38,On Head
65000,-0.8811,9.0716,4.9321,0.0458,-87.9695,3.0840,41.19,On Head
65050,-0.0407,9.3541,4.1635,-3.0382,-109.8321,-13.9084,41.24,On Head
65100,-2.1141,10.7404,4.1563,-10.2290,-137.9542,-15.6031,41.42,On Head
65150,0.5100,10.2304,3.4500,-70.9618,-163.9542,-12.4885,41.61,On Head
65200,1.1540,7.9823,4.2282,-22.3817,-148.0458,-6.5344,41.38,On Head
65250,2.7701,8.6000,3.3806,-18.5038,-125.1756,-7.3893,41.61,On Head
65300,3.9193,8.3151,3.2058,-11.0076,-79.1756,-6.0763,41.38,On Head
65350,3.3543,8.0469,3.8618,8.3053,-32.1374,-6.0305,41.24,On Head
65400,3.1843,9.1674,3.5865,21.0992,-3.3740,-10.0153,41.57,On Head
65450,1.8196,9.5529,4.2377,19.7252,10.7023,-8.7481,41.42,On Head
65500,1.8076,9.5672,4.0270,22.3206,5.9237,-2.5191,41.42,On Head
65550,1.9106,9.2177,3.4788,20.7023,5.0840,-7.2519,41.38,On Head
65600,1.9752,9.6893,2.8036,18.6870,7.9695,-8.9160,41.28,On Head
65650,2.0614,10.3166,2.1668,8.0458,23.3130,-2.9008,41.19,On Head
65700,2.1021,10.0772,2.3367,1.8321,39.5267,9.2061,41.24,On Head
65750,2.1261,9.5720,2.7845,-0.6260,51.4504,14.8855,41.28,On Head
65800,2.1308,8.9399,3.1412,3.8779,54.9008,15.9847,41.38,On Head
65850,2.2889,8.3462,2.9664,11.1145,53.7710,8.2443,41.42,On Head
65900,2.1691,8.7412,2.6719,13.7710,52.7023,2.1985,41.57,On Head
65950,2.2434,8.6694,2.6528,15.0382,56.9618,0.0305,41.28,On Head
66000,1.4557,8.9280,2.8228,19.6794,59.9389,-14.2748,41.28,On Head
66050,0.7757,9.4786,2.5355,19.1450,54.4885,-12.4885,41.24,On Head
66100,-0.0670,10.3573,2.5738,23.1298,48.2443,-2.7023,41.61,On Head
66150,0.3112,11.1761,2.6504,15.5725,33.8931,12.0000,41.38,On Head
66200,1.0127,10.4818,2.5762,18.7176,25.9847,2.0611,41.05,On Head
66250,0.1963,10.6255,1.5945,26.5191,16.8702,-4.8397,41.42,On Head
66300,-0.2059,10.6518,0.9912,11.9695,9.5878,11.5115,41.05,On Head
66350,0.6919,9.6750,1.0942,3.1908,2.0916,19.0534,41.28,On Head
66400,1.4150,9.9407,1.2091,-0.0305,0.0305,10.8855,41.38,On Head
66450,1.3767,10.4435,1.0918,4.1374,-3.1145,13.8626,41.28,On Head
66500,2.0327,10.2280,0.9146,-2.5954,-3.5267,20.2901,41.38,On Head
66550,2.3296,9.2488,1.5347,-9.0229,2.1527,18.4733,41.38,On Head
66600,2.0710,9.1459,1.6089,-1.0992,0.3053,17.3740,41.28,On Head
66650,2.4924,9.4643,1.5562,1.2977,-2.4885,14.2290,41.24,On Head
66700,2.6384,9.3589,1.3288,6.5496,-5.2519,5.7099,41.28,On Head
66750,2.8730,9.7659,1.1349,0.4733,-5.2061,-1.8779,41.28,On Head
66800,2.1165,9.5122,1.6712,-3.6336,-1.9847,-9.7557,41.57,On Head
66850,1.5419,9.9192,1.9082,-3.5267,-4.7786,-2.7634,41.28,On Head
66900,0.8906,9.5481,1.4629,-0.8244,-8.5802,2.9008,41.47,On Head
66950,2.1883,9.8976,1.6257,-6.2748,-10.0611,4.2290,41.28,On Head
67000,2.3415,9.8641,1.6759,-8.5496,-6.1069,10.8702,41.38,On Head
67050,2.6264,9.6271,2.0016,-8.5191,-2.0611,4.4580,41.42,On Head
67100,2.0039,9.7133,2.2984,-7.2214,-3.0382,7.6641,41.42,On Head
67150,2.3487,9.6055,2.2362,-5.6336,-4.2595,5.0840,41.38,On Head
67200,2.2697,9.7659,2.3439,-11.7710,-5.7863,3.7557,41.28,On Head
67250,2.3679,9.3015,2.4397,-9.2824,-7.0840,4.1985,41.38,On Head
67300,2.9497,9.6103,2.3128,-0.9618,-5.4809,-1.1450,41.38,On Head
67350,2.4972,9.6917,2.4708,-5.8168,-5.9084,-3.1450,41.28,On Head
67400,1.9656,9.4882,2.3703,2.2748,-12.1832,-2.9008,41.47,On Head
67450,2.5857,9.8378,2.0159,-6.3206,-15.5420,-6.9160,41.38,On Head
67500,2.4445,9.5960,2.1955,-8.7023,-13.6489,-8.4427,41.42,On Head
67550,2.2266,9.6965,2.5307,-5.9542,-11.9084,-9.6336,41.42,On Head
67600,2.0016,9.7276,2.5522,-6.8855,-14.8855,-7.2214,41.38,On Head
67650,1.8938,9.6079,2.4349,-4.8244,-20.7481,-8.3206,41.19,On Head
67700,2.1428,9.7133,2.2242,-3.9084,-23.5267,-9.3282,41.28,On Head
67750,2.2003,9.5672,2.3343,-8.1679,-22.9160,-12.9771,41.71,On Head
67800,2.3607,10.4722,2.3128,-8.5344,-21.1908,-21.4962,41.38,On Head
67850,1.5083,9.6702,2.8132,-8.3359,-22.1832,-18.1527,41.38,On Head
67900,1.4916,9.6869,2.5331,-4.1527,-24.9008,-18.9771,41.38,On Head
67950,1.6257,9.6845,2.5067,-3.4046,-23.8321,-19.9695,41.38,On Head
68000,2.0853,9.4834,2.3176,0.7481,-17.7405,-26.6565,41.24,On Head
68050,1.5036,9.9958,1.9225,-2.7176,-10.1985,-32.7176,41.28,On Head
68100,0.3424,10.3549,2.4469,-6.6870,-8.4580,-12.5344,41.24,On Head
68150,0.5243,10.0724,2.5402,-4.3511,-8.1374,-7.1603,41.24,On Head
68200,1.0630,9.8210,2.2913,-0.2901,-4.6412,-2.2443,41.28,On Head
68250,0.9026,9.5289,2.1452,1.6794,0.6565,-5.2366,41.42,On Head
68300,1.2043,9.2201,2.1500,3.3893,-3.2672,-8.9924,41.28,On Head
68350,1.4844,10.1131,1.6113,3.9084,-2.2748,-21.6489,41.24,On Head
68400,0.7063,10.4172,1.6400,-11.9847,4.0000,-14.2137,41.42,On Head
68450,0.9601,9.8282,1.6113,-12.5496,15.9542,-16.8244,41.38,On Head
68500,0.9864,9.4691,1.7741,-11.2214,18.8397,-28.3969,41.42,On Head
68550,1.0965,9.4212,2.0614,-10.4733,19.4351,-42.0611,41.24,On Head
68600,0.2035,7.9703,2.3008,-8.1679,16.5802,-52.5038,41.42,On Head
68650,-0.7326,9.2560,2.3367,3.2061,10.5496,-62.9008,41.47,On Head
68700,-2.2386,9.5170,2.2601,14.9466,10.3053,-55.5267,41.28,On Head
68750,-2.3080,9.6534,1.6735,16.5038,14.4275,-48.5344,41.38,On Head
68800,-4.2856,9.0214,0.6584,11.5573,24.4580,-56.6565,41.28,On Head
68850,-4.1827,9.9407,-1.6999,-6.1527,10.3817,-25.5725,41.61,On Head
68900,-2.8252,9.5050,-0.2610,-3.4656,8.2443,-2.9466,41.47,On Head
68950,-3.6559,7.9655,0.3304,-23.4656,15.7405,16.0305,41.42,On Head
69000,-2.5738,9.4236,0.5100,-18.6870,21.1603,35.0076,41.42,On Head
69050,-2.2913,9.4403,1.0774,-17.4198,20.6107,32.0305,41.24,On Head
69100,-2.2721,9.3925,1.2163,-17.3893,14.5191,35.2672,41.42,On Head
69150,-1.5251,9.5146,1.2115,-18.0153,8.4275,26.4275,41.28,On Head
69200,-1.3288,9.5026,1.2857,-11.6947,17.1603,17.0076,41.24,On Head
69250,-1.2977,9.5960,1.2450,-10.7939,18.9313,16.6107,41.42,On Head
69300,-1.1396,9.6199,1.5945,-12.9771,9.5420,12.3817,41.28,On Head
69350,-0.8404,9.4978,1.8172,-11.7863,14.0611,3.9084,41.57,On Head
69400,-1.1325,9.4691,1.9393,-7.6336,12.8244,1.2366,41.42,On Head
69450,-1.4461,9.8402,1.8962,-5.3435,9.5420,2.0000,41.57,On Head
69500,-1.2713,9.6055,1.7502,-0.2595,8.2901,-0.8092,41.42,On Head
69550,-1.3072,9.6917,1.5467,-0.5191,7.9389,-4.3817,41.38,On Head
69600,-1.7166,10.3238,1.4533,-0.0916,5.1298,-5.5725,41.24,On Head
69650,-1.4724,10.1418,1.2115,-4.7176,-2.7634,-5.0840,41.19,On Head
69700,-1.7142,9.7683,1.2258,-15.9695,-11.2977,-5.4046,41.47,On Head
69750,-1.2043,9.8928,0.8475,-21.2977,-4.9008,-2.8244,41.42,On Head
69800,-1.3791,9.2536,1.7142,-17.4504,2.9160,0.6870,41.61,On Head
69850,-2.2697,9.3182,2.1069,0.0000,6.9313,3.0534,41.42,On Head
69900,-1.7957,10.1418,1.4868,2.9313,-0.5649,12.3969,41.24,On Head
69950,-1.4892,9.8761,1.5203,-4.1679,-7.7863,9.5573,41.38,On Head
70000,-0.8045,9.8162,1.3048,-6.1221,-8.6260,6.0458,41.38,On Head
70050,-0.5291,9.4930,1.5107,-11.1145,1.4962,2.6718,41.42,On Head
70100,-1.2115,9.7037,2.0255,-8.3053,2.3664,2.7176,41.61,On Head
70150,-1.1181,9.6486,2.0446,-4.4122,-0.0458,-0.2290,41.24,On Head
70200,-1.1899,10.3166,1.9154,-5.8168,0.9466,-0.0458,41.24,On Head
70250,-1.0271,9.9288,1.9273,-9.3435,2.4275,2.7481,41.57,On Head
70300,-1.1396,9.6606,2.4445,-16.1069,5.1298,2.1679,41.28,On Head
70350,-1.2306,9.4930,2.9521,-16.4886,5.2366,2.4122,41.38,On Head
70400,-1.1923,9.4332,2.8970,-8.5191,8.5954,1.8473,41.42,On Head
70450,-1.1109,9.8952,3.1627,8.2748,2.4427,14.3053,41.05,On Head
70500,-0.7374,9.6414,3.2322,-0.1527,1.7252,16.7328,41.19,On Head
70550,-0.2969,9.4978,3.1340,-2.5802,-3.6794,6.4885,41.42,On Head
70600,0.0144,9.3182,3.1675,-7.3588,-6.2290,0.4275,41.38,On Head
70650,-0.4022,9.1219,3.4644,-5.2824,-2.2901,-9.6183,41.47,On Head
70700,-1.0008,9.5505,3.4931,-2.5802,-6.7481,-11.3282,41.61,On Head
70750,-1.0104,9.6989,3.3447,-7.0687,-6.1374,-8.9924,41.05,On Head
70800,-1.2139,9.5265,3.4357,-5.3893,-6.6565,-5.2214,41.38,On Head
70850,-0.9218,9.7181,3.2154,-7.4351,-4.2901,-4.4275,41.42,On Head
70900,-0.9050,9.5289,3.4093,-13.8321,-0.2595,-3.8473,41.28,On Head
70950,-0.9505,9.3350,3.6152,-12.8397,0.8092,-0.6718,41.28,On Head
71000,-0.8930,9.1961,4.0797,-16.3817,1.5878,-5.0687,41.24,On Head
71050,-1.4102,9.2919,4.5969,-10.2748,-4.4275,-6.7939,41.42,On Head
71100,-0.4812,9.4044,4.3144,-0.7481,-3.8779,1.9084,41.42,On Head
71150,-0.9170,9.3422,4.1084,11.8931,-7.9847,7.4046,41.42,On Head
71200,-0.4046,9.5385,3.5698,4.3206,-8.6718,4.7328,41.38,On Head
71250,-0.7542,9.2943,3.9959,-3.7863,-14.9313,0.2290,41.28,On Head
71300,-1.1851,9.8593,4.0654,4.1527,-18.3053,10.9008,40.95,On Head
71350,-0.7278,9.3350,3.8618,3.8015,-22.3969,24.3969,41.09,On Head
71400,-0.2107,9.7779,3.7445,5.2214,-17.2519,22.0611,41.38,On Head
71450,-0.0527,8.9998,3.9217,8.3359,-12.9466,29.4198,41.38,On Head
71500,0.8499,9.4427,3.5721,16.7176,-14.0458,41.8473,41.28,On Head
71550,1.8124,8.8825,3.4189,17.4046,-12.2137,34.5496,41.57,On Head
71600,2.0423,9.2823,3.3686,11.5420,-6.6718,25.7252,41.09,On Head
71650,1.6209,9.0860,3.6440,9.7252,-0.2595,16.3359,41.42,On Head
71700,1.6520,9.0668,3.2561,17.9847,0.5954,13.9084,41.24,On Head
71750,1.6999,9.2225,3.2968,22.9771,-1.9237,7.8473,41.24,On Head
71800,2.0614,9.9671,2.4181,23.1908,-9.7099,4.7786,41.57,On Head
71850,1.9249,10.0987,1.7430,14.2443,-12.2901,2.4122,41.19,On Head
71900,1.8196,10.2424,1.2977,6.8855,-5.1756,6.5954,41.61,On Head
71950,1.6257,10.2472,1.4102,0.0458,9.7863,14.1832,41.42,On Head
72000,1.2378,10.1370,1.7382,0.8550,20.7634,11.6794,41.38,On Head
72050,0.8787,9.6271,1.6185,9.2977,20.9466,2.0000,41.19,On Head
72100,0.3352,9.7755,1.4126,16.3206,10.1069,0.0305,41.42,On Head
72150,0.1820,9.5888,1.4988,16.6718,0.8092,-4.1374,41.38,On Head
72200,-0.3184,9.8258,1.1564,23.5267,-25.0687,3.6336,40.91,On Head
72250,0.9290,9.5624,0.0096,23.3130,-28.7786,7.0382,41.38,On Head
72300,1.9249,10.9367,-0.5148,11.2061,-26.9618,2.7481,41.38,On Head
72350,2.0399,10.0748,0.3232,0.6260,-11.3893,-7.5115,41.42,On Head
72400,1.2594,9.6869,0.4477,6.3511,-7.0687,-15.9542,41.42,On Head
72450,0.7350,9.0956,0.2634,9.5878,-9.7405,-20.5344,41.38,On Head
72500,0.0455,9.5361,0.0862,12.5649,-19.0992,-16.4122,41.42,On Head
72550,-0.3903,9.5002,0.2705,15.1908,-39.5115,-17.0687,41.38,On Head
72600,0.2418,10.8553,-0.9505,11.7863,-62.7481,-17.0992,41.47,On Head
72650,0.8715,10.8242,-1.6664,-0.1679,-46.7634,-12.8855,41.42,On Head
72700,1.2330,10.0197,-1.4293,-8.9313,-29.3740,-9.4198,41.42,On Head
72750,0.8739,9.5529,-1.0175,-8.3817,-9.6489,-9.7863,41.28,On Head
72800,0.5291,9.6367,-0.6584,-5.2519,-6.1374,-7.7557,41.38,On Head
72850,0.5004,10.1370,-0.3831,-9.5878,-10.1069,-10.7176,41.42,On Head
72900,-0.0431,10.4746,0.1460,-10.1679,-11.8473,-12.1374,41.38,On Head
72950,-1.2043,9.9695,1.3168,-18.5191,-44.2748,-8.9008,41.38,On Head
73000,0.4310,9.2296,0.4836,-4.5038,-47.8473,-15.7863,41.47,On Head
73050,0.2179,9.8162,-0.0455,2.0305,-31.2366,-18.2290,41.38,On Head
73100,-0.3160,9.9982,-0.2298,1.6183,-17.6336,-19.1603,41.38,On Head
73150,-0.4717,9.9431,-0.0479,-5.8321,-8.1832,-24.4275,41.38,On Head
73200,-1.1564,10.2687,0.3328,-0.1832,4.6565,-23.9847,41.38,On Head
73250,-1.7023,10.1251,0.2107,3.2977,6.1374,-11.1298,41.47,On Head
73300,-1.2378,10.5704,0.0742,0.5191,9.6947,-2.0000,41.42,On Head
73350,-0.7590,9.8258,0.2370,-4.8855,12.5038,5.7252,41.42,On Head
73400,0.2753,9.1051,0.3065,3.3740,22.3969,0.8092,41.38,On Head
73450,-0.3400,9.1339,-0.0239,26.8702,46.5802,-15.8015,41.24,On Head
73500,-2.3272,10.9535,-0.9960,24.3206,33.4809,-14.4885,41.42,On Head
73550,-1.8818,10.1203,-1.4293,10.4122,23.8168,3.8168,41.19,On Head
73600,-0.9720,9.8210,-1.7813,-2.0611,18.7176,11.1145,41.38,On Head
73650,-0.2658,9.3661,-1.7789,-2.9160,30.9313,6.4580,41.38,On Head
73700,0.4022,9.7683,-2.3104,0.8244,52.0458,1.9695,41.38,On Head
73750,0.2801,9.4667,-2.3008,7.4198,87.2977,-2.1832,41.28,On Head
73800,-0.6345,10.3525,-2.7605,9.3588,115.1298,4.6412,41.71,On Head
73850,-0.0144,10.3358,-3.3112,-5.4046,136.4275,12.3359,41.42,On Head
73900,-0.9146,9.4571,-2.0901,-4.5344,151.4046,20.7939,41.28,On Head
73950,0.0814,9.7947,-2.3750,-3.6794,145.2061,11.3588,41.28,On Head
74000,-1.1732,9.8450,-2.0614,-6.7939,137.0840,3.9695,41.38,On Head
74050,-0.8475,10.4818,-2.5379,-10.8397,112.7481,1.8168,41.19,On Head
74100,-0.4788,9.9575,-2.6264,-16.8244,105.0840,5.0534,41.24,On Head
74150,0.0311,9.7612,-2.5187,-21.6489,100.4733,11.0992,41.38,On Head
74200,0.7781,9.5026,-2.5259,-22.2290,104.9618,14.9313,41.24,On Head
74250,1.0415,9.4882,-1.9465,-29.3893,103.4809,15.4046,41.47,On Head
74300,1.1612,9.6055,-1.3527,-30.0916,96.9618,4.7481,41.38,On Head
74350,1.3001,10.7428,-0.4645,-30.4275,85.1603,2.6260,41.57,On Head
74400,1.4988,9.8761,-0.1748,-33.6794,82.6870,-1.2824,41.42,On Head
74450,1.7334,8.9016,0.2203,-38.4275,100.0305,0.4122,41.38,On Head
74500,0.6440,9.6774,1.3647,-52.8702,115.7405,-12.6718,41.19,On Head
74550,-2.2745,10.0556,4.7621,-66.4580,102.6412,-15.9389,41.47,On Head
74600,-2.9544,9.1387,6.6463,-44.2137,64.9618,0.9771,41.24,On Head
74650,-1.7286,8.9543,6.5841,-25.0382,41.1298,17.7252,41.19,On Head
74700,-0.6704,8.5329,5.8538,-7.1450,21.2061,19.1908,41.71,On Head
74750,0.5100,8.3246,4.9895,-2.3664,12.1374,22.5038,41.42,On Head
74800,1.0774,8.2983,4.9584,1.2519,6.1679,15.4809,41.47,On Head
74850,1.1684,9.0429,4.6160,6.2595,0.8855,9.9542,41.38,On Head
74900,1.6065,9.2249,4.2593,2.6260,-0.6565,12.5191,41.57,On Head
74950,1.7693,9.4140,4.2545,1.2672,1.6183,9.4351,41.38,On Head
75000,1.7669,9.3757,4.4867,-1.4656,0.4733,8.0611,41.24,On Head
75050,1.6328,9.3685,4.7094,0.2748,-0.9008,12.5038,41.61,On Head
75100,2.1021,9.2129,4.5538,3.4656,-5.8626,16.2748,41.42,On Head
75150,2.3535,9.3278,4.4628,-0.7481,-6.2443,15.4504,41.28,On Head
75200,2.6600,8.8466,4.5226,2.4122,-8.5191,19.6183,41.24,On Head
75250,2.8132,8.7221,4.3072,3.8473,-10.6718,14.7176,41.38,On Head
75300,2.8563,8.7364,4.0654,3.3740,-14.3664,13.7405,41.38,On Head
75350,2.7054,8.8849,3.8978,6.4580,-16.2290,10.1832,41.42,On Head
75400,2.4660,8.5521,3.7397,7.8779,-23.8779,6.2290,40.95,On Head
75450,2.3918,8.8729,3.3184,11.1756,-28.6718,12.3511,40.95,On Head
75500,3.3040,8.9376,2.8323,12.5496,-28.0153,14.8244,41.24,On Head
75550,3.9169,9.7348,2.7222,9.5725,-22.7786,28.9924,41.42,On Head
75600,4.7621,10.6925,2.9425,7.7557,-16.2443,20.0611,41.38,On Head
75650,3.4357,8.9663,3.0478,7.7405,-9.9389,-7.2672,41.28,On Head
75700,3.5027,9.5457,0.8140,20.8092,-0.8855,-1.4504,41.24,On Head
75750,3.1005,10.1754,0.4381,-30.1832,13.6336,13.5267,41.24,On Head
75800,4.1611,8.5976,2.4181,-37.0840,-6.3359,3.8168,41.42,On Head
75850,4.4508,8.8514,3.4093,-10.1527,5.0229,-6.4733,41.42,On Head
75900,3.2298,8.8011,3.2465,18.0153,5.6489,-8.5954,41.38,On Head
75950,3.2034,8.6574,2.2577,26.5038,3.7557,2.0916,41.61,On Head
76000,3.3806,8.4372,1.9920,19.4656,3.9847,14.0763,41.24,On Head
76050,4.0893,8.1762,2.0399,10.4580,3.6794,14.8855,41.38,On Head
76100,4.0917,8.9663,1.8483,19.7099,2.6260,-2.8702,41.28,On Head
76150,3.5338,10.8026,1.2258,12.1985,0.1985,-15.4809,41.28,On Head
76200,2.7270,10.6614,1.1851,9.7863,-5.3740,-9.9389,41.42,On Head
76250,2.8635,9.6893,0.7159,6.0611,-12.2137,-1.3282,41.19,On Head
76300,3.1005,8.6622,0.5890,2.1221,-12.5649,1.1298,41.19,On Head
76350,3.4500,8.6119,0.6895,-1.2061,-14.9924,-3.7863,41.47,On Head
76400,3.8930,9.3422,0.8835,-0.1679,-18.9008,-7.0840,41.42,On Head
76450,3.6990,10.0221,0.6464,4.1985,-20.5344,-9.5115,41.38,On Head
76500,3.4716,10.2951,0.3807,5.0687,-24.8855,-0.4580,41.28,On Head
76550,3.8068,9.2632,0.0934,-0.3817,-24.1069,-1.2366,41.47,On Head
76600,3.7733,9.0142,0.1317,-0.8702,-18.1069,-4.4427,41.24,On Head
76650,3.3902,9.1315,0.1365,-5.7710,-17.8626,-10.9771,41.24,On Head
76700,2.8012,9.8162,0.1484,-5.1298,-19.1756,-16.6412,41.38,On Head
76750,2.3607,10.6039,-0.1365,-10.1374,-30.1527,-12.7786,41.38,On Head
76800,1.9704,10.7284,-0.2993,-21.5725,-48.8855,7.6641,41.24,On Head
76850,1.9776,10.3693,-0.1796,-29.9695,-72.5343,31.5420,41.24,On Head
76900,3.2154,10.4770,-0.0910,-45.4504,-92.6565,44.9618,41.24,On Head
76950,5.0661,8.7771,0.1604,-43.5878,-77.3130,36.2595,41.57,On Head
77000,5.1763,8.4611,0.2227,-31.8473,-45.5267,23.2672,41.28,On Head
77050,4.8100,9.2320,0.3950,-29.3282,-22.3511,29.7710,41.38,On Head
77100,4.8770,8.9974,0.8882,-31.8015,-9.9542,44.8244,41.24,On Head
77150,5.5833,8.6479,1.2450,-32.2443,-1.0076,49.2977,41.47,On Head
77200,5.7892,8.2839,1.7142,-40.2443,10.9618,37.1145,41.38,On Head
77250,6.4835,8.2768,1.8723,-52.4427,39.8931,23.2824,41.28,On Head
77300,4.6663,7.4747,4.0175,-39.8626,59.1756,32.8855,41.42,On Head
77350,3.7996,7.2377,4.3886,-20.7023,40.8550,62.8855,41.42,On Head
77400,5.0949,6.8977,4.9273,-17.6641,26.6107,55.2672,41.24,On Head
77450,5.6838,7.1012,4.9656,-7.2061,4.4275,34.2137,41.05,On Head
77500,6.0861,6.7277,4.8459,-15.4809,-11.7557,15.5115,41.38,On Head
77550,5.8538,6.7564,4.3215,-15.5420,-24.5496,14.3359,41.28,On Head
77600,6.3494,6.8354,3.7757,-22.3817,-34.9924,27.9847,41.38,On Head
77650,7.4747,5.8299,3.7014,-29.4046,-28.4122,25.2214,41.19,On Head
77700,7.9727,5.6120,4.1851,-26.9466,-16.3206,24.0153,41.28,On Head
77750,7.7213,4.1922,4.5131,-15.7099,-16.7634,15.3893,41.28,On Head
77800,8.4300,5.1451,3.3303,-2.0153,-29.2977,-4.1527,41.28,On Head
77850,7.4771,5.5067,2.6983,-10.6107,-33.2061,-27.7405,41.28,On Head
77900,7.2760,5.9089,2.7294,-24.8550,-40.3053,-28.7634,41.24,On Head
77950,7.1419,8.4443,2.2984,-32.3359,-68.7939,-22.7939,41.42,On Head
78000,10.0221,9.1482,1.6520,-80.0763,-73.4351,-13.5725,41.28,On Head
78050,9.1602,6.0765,3.2274,-73.8626,-51.4351,-11.7252,41.42,On Head
78100,8.0996,5.1308,3.0430,-50.0153,-31.2214,-15.4504,41.47,On Head
78150,7.0988,5.2625,3.1556,-39.8473,-22.7634,-18.8244,41.38,On Head
78200,6.1627,5.5402,3.5698,-30.1527,-29.1298,-14.5191,41.42,On Head
78250,5.8873,4.8435,3.6559,-24.4886,-55.5725,-15.6794,41.38,On Head
78300,8.0828,7.8410,2.1117,-39.3282,-96.8397,-19.6183,41.42,On Head
78350,9.0453,6.9192,1.5538,-56.0000,-90.2595,-31.0840,41.19,On Head
78400,9.6391,6.3327,1.3575,-45.3893,-52.4580,-22.6870,41.24,On Head
78450,8.2815,6.7588,1.5754,-10.1527,-5.4198,-18.4580,41.42,On Head
78500,6.5577,6.4835,1.7957,-7.0076,8.4122,-18.0763,41.28,On Head
78550,5.7245,7.1251,1.8028,-2.6565,3.7557,-4.0458,41.19,On Head
78600,6.8618,6.7804,2.0686,-11.9542,-0.1221,4.9466,41.28,On Head
78650,7.3239,6.9887,1.9920,8.0611,6.1069,8.5191,41.24,On Head
78700,7.8506,7.3837,1.6544,5.9695,5.7710,4.5344,41.42,On Head
78750,7.8027,7.5417,1.7238,-0.7786,14.6870,3.1756,41.57,On Head
78800,7.2832,6.4763,2.3607,-5.3435,9.2366,3.8626,41.38,On Head
78850,7.4962,5.9352,2.3798,-2.2137,6.3817,0.1374,41.38,On Head
78900,7.4388,6.4308,2.2697,4.0916,3.5725,-2.0000,41.47,On Head
78950,7.1443,6.6822,2.2458,1.2977,2.6870,-4.6260,41.38,On Head
79000,7.3957,6.9360,2.0590,-0.9466,-3.9542,-0.6260,41.42,On Head
79050,7.5393,7.0006,1.9441,-0.3206,-4.2137,-3.4198,41.19,On Head
79100,7.6423,6.8187,1.9082,-4.3359,-1.9542,-4.5191,41.24,On Head
79150,7.4148,6.9168,1.9201,-3.4504,0.8397,-4.0763,41.19,On Head
79200,7.3670,6.6559,2.1763,-6.7786,3.4962,-4.4580,41.42,On Head
79250,7.1371,6.7277,2.3918,-2.7939,2.2137,-3.0840,41.47,On Head
79300,7.2305,6.6942,2.4038,0.7328,-0.2290,-0.6565,41.42,On Head
79350,7.2903,6.9911,1.9249,3.3740,-0.7328,-2.9466,41.57,On Head
79400,7.0485,7.1395,1.9345,0.4885,-1.6031,-2.0763,41.42,On Head
79450,7.2305,7.0557,1.7406,-2.4427,-4.3359,-0.2595,41.38,On Head
79500,7.2544,6.8354,1.9010,0.1069,3.4809,-0.6870,41.47,On Head
79550,7.4340,7.0605,1.8818,-0.2137,2.7023,0.8855,41.57,On Head
79600,7.3263,6.8115,1.8962,4.6565,6.2290,-2.2137,41.28,On Head
79650,7.4508,7.0964,1.6735,3.7863,8.5649,-5.0534,41.47,On Head
79700,7.7620,7.1371,1.5634,6.8550,20.7481,-9.3740,41.47,On Head
79750,7.7835,6.8953,1.6520,13.0534,39.1145,-3.4351,41.38,On Head
79800,8.6000,6.7445,1.3886,28.7481,76.2901,6.7328,41.38,On Head
79850,7.9104,6.6655,1.8986,41.8931,118.1679,7.3435,41.47,On Head
79900,6.4021,7.0916,2.6576,56.2748,123.0840,2.5038,41.42,On Head
79950,5.4612,7.9224,2.9616,46.8550,107.2366,1.1145,41.28,On Head
80000,5.5354,7.9224,3.3279,31.8779,83.9847,-4.7786,41.28,On Head
80050,5.3510,7.9128,3.4237,25.4809,69.3740,-0.7176,41.47,On Head
80100,5.3750,7.9200,3.5578,19.7252,58.2595,2.0000,41.24,On Head
80150,5.6575,7.8290,3.7182,6.8550,47.9389,-3.4504,41.38,On Head
80200,5.4396,7.7213,3.8427,6.2137,45.2061,-7.8473,41.24,On Head
80250,5.2792,7.9176,4.0821,4.0458,40.7176,-7.4351,41.57,On Head
80300,5.3558,7.7883,4.2545,-0.2901,44.2901,-5.8473,41.24,On Head
80350,5.0087,7.6950,4.2617,11.7557,48.2595,-4.1985,41.28,On Head
80400,4.6687,8.1307,4.4101,6.6260,50.1527,-3.0382,41.24,On Head
80450,4.1324,8.3414,4.8770,-2.9618,41.5725,-2.2748,41.42,On Head
80500,3.9409,7.8362,5.4684,-7.3435,28.9160,-5.5878,41.24,On Head
80550,3.6966,8.0972,5.8179,-8.2290,13.1756,-6.1985,41.42,On Head
80600,3.8690,7.6782,5.8251,-5.6183,5.1145,-5.5115,41.38,On Head
80650,3.9480,7.8362,5.5067,-0.0458,-0.8244,-6.2443,41.38,On Head
80700,3.9696,8.0924,5.3175,1.2519,-0.0611,-2.8397,41.28,On Head
80750,4.0582,8.2600,5.2768,-6.4580,1.0992,6.0153,41.42,On Head
80800,4.1875,7.7668,5.5474,0.6565,-2.0000,0.2443,41.42,On Head
80850,4.2186,7.8745,5.2601,4.2443,-4.5038,-2.6412,41.24,On Head
80900,4.5179,7.8937,4.9512,4.7481,-4.7939,-5.5573,41.61,On Head
80950,4.2904,8.2504,4.8004,2.6412,-3.8931,-4.4275,41.47,On Head
81000,4.2138,8.3270,4.8243,0.2137,-1.6031,-0.1527,41.38,On Head
81050,4.1539,8.2361,4.7597,1.0382,-0.5802,9.1298,41.42,On Head
81100,4.3981,8.0709,4.9704,-3.1145,-1.3588,1.0076,41.42,On Head
81150,4.4101,7.9128,4.8363,0.3664,-2.1679,-7.4656,41.38,On Head
81200,4.1492,8.1355,4.8028,0.8244,-3.5267,-5.0992,41.47,On Head
81250,4.4149,8.1547,4.6878,-1.8931,-1.2366,-1.9084,41.57,On Head
81300,4.2856,8.1211,4.8985,0.4580,0.4885,-2.7328,41.28,On Head
81350,4.0390,8.2097,4.9297,2.9618,-3.0076,2.4427,41.38,On Head
81400,4.4221,8.2193,4.7980,-2.9924,-5.5267,-2.2290,41.42,On Head
81450,3.9911,8.0685,5.0542,-1.1298,-10.1221,-6.6870,41.38,On Head
81500,4.1276,8.0397,4.9632,0.1221,-16.5802,-5.1145,41.57,On Head
81550,4.1851,8.0613,4.8722,2.9466,-21.2519,-9.3130,41.57,On Head
81600,3.7278,8.1379,5.0901,0.9008,-27.8321,-11.0840,41.28,On Head
81650,2.4924,8.2815,5.8969,3.0382,-65.1450,-16.7634,41.38,On Head
81700,3.2082,8.6814,4.9560,-8.3817,-106.9466,-26.3206,41.47,On Head
81750,4.0414,8.2313,4.0414,-10.0611,-125.0382,-38.0153,41.28,On Head
81800,4.1276,8.5281,2.6671,-1.6489,-123.3435,-33.1145,41.24,On Head
81850,4.5155,9.2057,1.6472,-0.1221,-112.8550,-22.3969,41.42,On Head
81900,5.2648,9.1219,1.0127,-10.0000,-87.2214,-21.6489,41.24,On Head
81950,4.8291,9.0788,1.2115,-8.0611,-68.3969,-24.4427,41.57,On Head
82000,4.2042,8.9495,1.3862,-4.0611,-61.5115,-13.5115,41.47,On Head
82050,5.0996,9.0836,0.7374,-4.6718,-47.1756,-9.1298,41.42,On Head
82100,4.6950,9.2273,0.9337,-6.9771,-35.7405,-9.6947,41.42,On Head
82150,4.4700,9.0573,1.0511,-11.4656,-26.0458,-14.2901,41.42,On Head
82200,4.3383,9.5720,0.8715,-11.1145,-28.3206,-11.3435,41.38,On Head
82250,4.4724,9.1578,1.2857,-19.3435,-21.0992,-12.7939,41.38,On Head
82300,4.2353,8.7771,1.6233,-18.5191,-15.8931,-9.9237,41.24,On Head
82350,4.0031,8.9950,1.8364,-13.9084,-16.4580,-10.5344,41.24,On Head
82400,3.9768,9.3398,1.6616,-8.6718,-17.6794,-8.0153,41.24,On Head
82450,3.9816,9.0309,1.7095,-11.0229,-16.5038,-9.1298,41.38,On Head
82500,3.7637,9.2368,1.6592,-4.0153,-18.7481,-9.9237,41.57,On Head
82550,3.8738,9.3637,1.3910,-4.8550,-15.8321,-9.3740,41.42,On Head
82600,3.8858,9.2847,1.4269,-10.1679,-15.4656,-10.6107,41.28,On Head
82650,4.1396,8.9016,1.5347,-8.7481,-17.2977,-21.0229,40.95,On Head
82700,4.1156,8.7125,1.6783,-6.5496,-17.1298,-42.2290,41.42,On Head
82750,3.4836,8.9112,1.6352,-1.6183,-14.6260,-60.2290,41.42,On Head
82800,1.5251,10.0078,1.7837,-1.6183,-20.6107,-58.3359,41.57,On Head
82850,-0.1604,11.4036,1.8818,-9.0840,-44.8092,-19.2824,41.42,On Head
82900,1.5323,10.5082,1.3216,-24.9313,-59.5115,8.5496,41.24,On Head
82950,2.8850,9.3254,1.3527,-22.5038,-54.2595,-0.3511,41.75,On Head
83000,2.9664,9.2799,1.6640,-16.5649,-40.4275,-2.9924,41.28,On Head
83050,2.8132,9.5170,1.4581,-8.4885,-30.9160,-11.0382,41.57,On Head
83100,2.3224,9.5648,1.7837,-10.4122,-27.4656,-15.8321,41.24,On Head
83150,2.4062,9.4164,1.6999,-2.3359,-21.1298,-16.8397,41.28,On Head
83200,2.2362,9.8497,1.4557,-4.9008,-15.6336,-14.6107,41.19,On Head
83250,1.5993,9.5217,1.8148,3.4351,-10.3511,-17.3740,41.09,On Head
83300,1.5371,10.4938,1.2594,-0.7328,-10.1374,-8.9160,41.19,On Head
83350,1.7166,9.6798,1.3886,-1.6336,-6.1221,-3.0534,41.24,On Head
83400,1.6472,9.9766,1.4461,-0.1221,-9.0840,-1.3740,41.71,On Head
83450,1.9082,9.8641,1.2330,-1.8015,-5.4046,-3.4351,41.47,On Head
83500,1.6496,9.8593,1.4006,-2.4275,-3.3740,-0.8550,41.57,On Head
83550,1.7478,9.8881,1.2163,-0.8244,-4.9466,0.3359,41.71,On Head
83600,1.7885,9.9120,1.4653,-5.6336,-2.7176,0.3817,41.28,On Head
83650,1.8866,9.7157,1.6017,-5.7863,-2.7023,-0.5802,41.24,On Head
83700,1.9656,9.7468,1.4820,-1.8473,-4.5802,-3.2214,41.19,On Head
83750,1.6281,9.7779,1.3455,-0.2137,-4.1832,-6.3817,41.38,On Head
83800,1.8028,9.9934,0.9409,-2.5344,0.8855,-4.8397,41.42,On Head
83850,1.6568,9.7779,1.2115,-8.5954,0.3664,-1.9389,41.24,On Head
83900,2.1979,9.8881,0.8523,-3.2214,10.5344,-4.5802,41.28,On Head
83950,2.8252,10.1323,0.0814,-6.6718,33.1756,-7.8321,41.61,On Head
84000,4.2689,9.6845,-0.2394,-16.9924,101.6641,-13.8473,41.38,On Head
84050,2.0638,8.6048,0.3328,20.2443,169.6794,-10.6870,41.28,On Head
84100,0.5148,10.5872,0.0982,28.3664,192.0763,2.3969,41.19,On Head
84150,-0.1173,10.1035,0.4238,16.1985,191.2977,7.0534,41.28,On Head
84200,-0.5435,9.8354,0.7398,16.9618,173.9084,-1.4046,41.24,On Head
84250,-0.7302,10.1083,0.9888,9.6489,147.6183,-2.9618,41.47,On Head
84300,-0.9002,10.2089,1.1420,4.5802,117.2366,-5.2977,41.42,On Head
84350,-0.6057,10.2137,1.3360,-1.8626,90.0153,-9.7099,41.42,On Head
84400,-0.4884,9.9814,1.6448,-2.3511,67.3130,-5.2366,41.47,On Head
84450,0.3232,9.8617,1.3168,1.3130,55.7405,-8.9008,41.28,On Head
84500,0.5602,9.6462,1.0630,-1.8168,55.4046,-18.5191,41.38,On Head
84550,0.7230,9.2847,0.9864,-5.0076,58.2748,-29.2824,41.24,On Head
84600,0.6273,9.2416,1.1061,-2.7176,60.4122,-42.6565,41.42,On Head
84650,0.0000,8.9735,1.4245,-9.2214,55.5725,-43.2214,41.42,On Head
84700,-1.1301,8.0445,2.2027,4.3359,45.1145,-74.4733,41.38,On Head
84750,-2.6839,8.6598,1.7334,17.3130,17.1145,-88.5954,41.42,On Head
84800,-2.8084,8.2911,0.7901,19.2977,-1.1298,-110.3817,41.38,On Head
84850,-5.8083,10.5058,0.5195,5.2061,-28.7939,-106.4885,41.24,On Head
84900,-5.4444,8.6598,0.7781,-18.9313,-23.5267,-83.7099,41.38,On Head
84950,-6.6295,8.9591,1.0223,-3.7557,-18.6107,-64.6565,41.42,On Head
85000,-6.3949,8.7005,0.9553,-6.8092,-11.4046,-43.3740,41.47,On Head
85050,-6.5553,7.9104,1.1995,-2.6412,-1.7557,-27.8473,41.24,On Head
85100,-6.1316,7.9487,1.0606,-0.3969,2.9008,-15.9847,41.38,On Head
85150,-5.6719,7.4986,1.1181,3.8321,8.2290,-14.5954,41.47,On Head
85200,-5.3127,7.6112,1.1732,2.4427,9.5878,-22.6870,41.38,On Head
85250,-5.6000,7.5441,1.1133,9.1145,16.7328,-21.1450,41.24,On Head
85300,-5.6599,7.4915,0.8835,8.1832,17.9695,-16.5038,41.28,On Head
85350,-5.8155,7.7213,0.4190,6.7634,18.5191,-21.9695,41.19,On Head
85400,-5.9544,7.1204,0.3735,4.4733,16.8092,-20.9618,41.24,On Head
85450,-6.0932,6.9168,-0.1006,5.7405,12.9618,-27.2824,41.38,On Head
85500,-7.3047,7.3622,-0.5746,-0.4275,-17.4962,-41.0687,41.38,On Head
85550,-6.9552,7.6327,-1.1396,-29.1450,-23.6947,-40.1374,41.19,On Head
85600,-7.7476,6.3566,-0.2466,-30.3969,-0.2290,-22.3359,41.61,On Head
85650,-7.9416,6.0980,0.2945,-18.9466,13.2061,-9.1145,41.28,On Head
85700,-7.9224,5.7892,0.5387,-16.3053,17.7099,-9.7099,41.42,On Head
85750,-7.9464,6.0310,0.3783,-14.6870,21.8626,-9.3740,41.38,On Head
85800,-7.8003,6.0478,0.2801,-13.3588,24.3817,-3.3740,41.28,On Head
85850,-8.0014,6.0956,0.4046,-15.5115,23.4504,-3.4198,41.57,On Head
85900,-7.8841,5.6862,0.5315,-16.0763,23.3282,-0.3817,41.38,On Head
85950,-8.3318,5.9328,0.6321,-8.3359,18.1069,3.4351,41.24,On Head
86000,-8.0469,6.0358,0.6752,-11.7099,7.1603,6.1221,41.24,On Head
86050,-8.0373,5.9664,0.8284,-3.0076,2.8550,9.1450,41.57,On Head
86100,-7.6016,5.9328,0.7039,0.1374,-3.7252,9.5878,41.42,On Head
86150,-7.3143,6.1052,0.5818,4.9771,-1.8168,8.1832,41.42,On Head
86200,-7.3430,6.2058,0.6273,7.0687,-6.7939,10.9313,41.19,On Head
86250,-7.1778,6.2417,0.5578,13.4809,-5.9847,6.4427,41.24,On Head
86300,-7.1946,6.2130,0.6057,10.2443,-12.8244,7.0382,41.42,On Head
86350,-7.0485,6.1028,0.6297,22.7634,-18.9924,9.6947,41.38,On Head
86400,-6.7301,6.4955,-0.1221,23.6489,0.4580,4.1679,41.24,On Head
86450,-7.9272,6.4045,0.1700,30.4886,0.5344,12.8550,41.61,On Head
86500,-8.3007,6.7181,0.2897,31.7863,-16.5191,15.4504,41.28,On Head
86550,-9.3230,5.7892,1.5012,30.0458,-58.8550,14.1221,41.28,On Head
86600,-9.0357,6.1316,1.1708,47.1603,-107.5267,19.3893,41.24,On Head
86650,-7.9918,5.8419,0.9864,47.3588,-129.5420,14.6412,41.47,On Head
86700,-6.3087,6.1603,0.0862,60.7023,-123.2824,17.1450,41.61,On Head
86750,-5.6958,6.3925,-0.1245,54.2595,-102.2137,6.9771,41.38,On Head
86800,-5.7724,7.5178,0.0239,45.2977,-74.7786,-4.2137,41.57,On Head
86850,-5.9951,7.1467,0.4669,42.1832,-52.7023,-3.2672,41.57,On Head
86900,-6.3494,7.1204,0.9768,37.0382,-42.3664,-1.4046,41.19,On Head
86950,-6.3159,7.1850,0.8092,36.0458,-32.1374,-3.0840,41.42,On Head
87000,-6.5218,7.4939,0.7230,26.9924,-28.5496,-2.4885,41.19,On Head
87050,-6.3542,7.2712,0.8284,21.9237,-22.1679,1.6031,41.61,On Head
87100,-6.0478,7.1084,0.8595,20.0763,-16.6718,3.5573,41.42,On Head
87150,-5.8059,7.3526,0.8284,23.3893,-7.9847,2.9466,41.38,On Head
87200,-6.0310,7.3981,1.1037,20.9313,-2.9924,-1.0840,41.38,On Head
87250,-6.0669,7.7189,0.9481,10.3664,-10.1221,-8.4733,41.47,On Head
87300,-6.4763,7.2568,1.0319,1.4656,-15.1298,-11.7405,41.19,On Head
87350,-5.5761,7.7213,0.8356,2.5802,-8.7634,-8.0000,41.47,On Head
87400,-5.7796,6.3063,1.3551,8.7328,3.3893,-11.6489,41.38,On Head
87450,-6.0358,7.3454,0.7398,5.8015,0.7634,-26.8702,41.42,On Head
87500,-6.5577,7.0054,0.4621,-0.9160,5.6031,-31.4809,41.38,On Head
87550,-7.0557,6.9815,0.6345,-5.4351,6.7634,-27.2366,41.38,On Head
87600,-7.5346,7.0964,0.5100,-12.9924,12.5802,-25.1756,41.42,On Head
87650,-7.9296,6.8642,0.7254,-15.5573,14.5649,-13.2214,41.42,On Head
87700,-7.7979,6.5170,0.9361,-20.1069,17.2366,-2.4275,41.28,On Head
87750,-7.5346,6.1699,1.1085,-15.4351,17.4198,4.8550,41.38,On Head
87800,-8.0685,6.6631,0.7135,-11.2519,15.4198,2.4427,41.24,On Head
87850,-8.0517,7.1180,0.0072,-21.0534,16.1221,18.2137,41.47,On Head
87900,-7.0246,6.6080,-0.4214,-37.3893,32.1832,26.5954,41.47,On Head
87950,-7.2089,6.4931,-0.3448,-43.4198,51.2061,22.5649,41.47,On Head
88000,-7.2784,6.7540,-0.6249,-51.3130,64.9466,22.3206,41.38,On Head
88050,-6.8618,6.5027,-1.0989,-62.6107,84.9771,23.7557,41.38,On Head
88100,-6.7924,6.9097,-0.9601,-72.6412,105.5878,22.0763,41.42,On Head
88150,-7.0892,7.0677,0.1844,-95.6641,107.0687,25.0840,41.42,On Head
88200,-7.9080,5.5115,2.4636,-86.0458,91.1145,21.7099,41.42,On Head
88250,-6.9264,6.7756,2.6983,-43.1756,55.0076,23.3282,41.28,On Head
88300,-5.9735,7.1994,2.3798,-29.6641,30.0153,15.8779,41.38,On Head
88350,-4.8004,7.6399,1.5443,-18.5649,18.8550,10.9924,41.05,On Head
88400,-5.4061,7.1946,1.1301,-2.5649,13.8168,3.0687,41.47,On Head
88450,-4.8123,8.1211,-0.3807,6.6107,10.6718,-3.3740,41.61,On Head
88500,-5.4372,8.2480,-0.4070,-14.6107,20.0916,-15.3130,41.42,On Head
88550,-6.4141,7.5705,0.3496,-20.6870,19.7710,-14.6260,41.47,On Head
88600,-6.9432,7.1395,1.1971,-19.0076,9.4046,-11.6794,41.24,On Head
88650,-6.8163,6.8857,0.8571,2.0611,-0.6870,-5.1298,41.38,On Head
88700,-6.3159,7.8817,0.1365,-2.8855,-5.5420,-5.5267,41.42,On Head
88750,-6.4260,7.2903,0.5866,-9.1450,-2.6565,-3.6183,41.24,On Head
88800,-7.2042,7.6088,0.8499,-2.3817,-5.8931,1.7099,41.28,On Head
88850,-7.3095,7.3598,1.4557,-0.2290,-17.4046,14.6718,41.42,On Head
88900,-6.4667,7.3191,1.1061,14.6565,-22.8550,20.4427,41.38,On Head
88950,-5.4803,7.2616,0.3998,21.0840,-17.4656,18.3511,41.24,On Head
89000,-5.4061,7.7476,-0.2394,18.2595,-9.9542,13.0687,41.38,On Head
89050,-5.5282,7.9344,-0.5052,12.9771,-10.5649,12.6260,41.19,On Head
89100,-5.0925,7.9511,-0.2658,-3.6031,-10.2137,6.5344,41.42,On Head
89150,-6.3997,7.3670,0.4884,4.7481,-15.2824,-11.2061,41.24,On Head
89200,-6.3159,8.5808,-0.1796,7.4046,-23.1603,-4.1069,41.38,On Head
89250,-5.8251,8.1331,-0.2921,4.7023,-20.2595,9.0076,41.47,On Head
89300,-4.9632,8.0948,-0.3879,1.6947,-14.3664,14.8397,41.24,On Head
89350,-5.0518,7.8410,0.0694,-2.3359,-8.8244,8.1069,41.38,On Head
89400,-6.1603,7.7692,0.3998,0.5649,-10.3359,3.9847,41.47,On Head
89450,-7.1156,8.6431,0.4884,2.0305,-16.5954,10.8092,41.28,On Head
89500,-7.0916,8.6311,0.4717,8.2901,-20.9466,23.5420,41.38,On Head
89550,-6.0454,8.1738,0.5243,5.1603,-25.0229,36.1221,41.28,On Head
89600,-5.4324,8.5305,0.3184,3.2061,-33.7252,36.5038,41.38,On Head
89650,-5.7581,8.7436,1.1708,-10.8550,-42.6412,36.8702,41.38,On Head
89700,-6.5314,9.1004,2.1835,-9.9084,-77.6641,55.5267,41.57,On Head
89750,-5.4803,7.8817,2.5809,-7.5725,-103.6947,58.0000,41.28,On Head
89800,-4.4005,8.9974,2.5163,4.9008,-125.8473,62.6260,41.42,On Head
89850,-3.3303,7.7979,2.3966,20.9466,-145.7710,70.4580,41.42,On Head
89900,-0.7326,7.9703,1.3360,33.1603,-147.7557,71.2061,41.42,On Head
89950,0.9122,8.8322,0.8092,30.9008,-131.3893,54.0000,41.42,On Head
90000,1.2019,8.8466,1.0056,24.7481,-111.0840,30.7328,41.42,On Head
90050,0.6895,9.7540,1.2450,19.2366,-104.3359,19.8779,41.28,On Head
90100,0.3879,9.3015,1.5299,20.0305,-106.0916,5.1908,41.42,On Head
90150,0.2849,10.1514,0.9290,18.4580,-114.1679,9.4809,41.57,On Head
90200,1.3671,9.6151,0.7278,9.0229,-110.6870,3.3740,41.38,On Head
90250,1.2210,10.0604,0.3903,11.7557,-95.2061,-0.9466,41.38,On Head
90300,1.6281,9.5577,0.2059,11.9847,-82.3511,-1.1756,41.28,On Head
90350,1.2546,10.4052,0.4070,10.3206,-80.4275,1.0992,41.38,On Head
90400,1.8938,10.1418,0.5100,1.1145,-78.1221,-4.2595,41.28,On Head
90450,1.7023,10.4866,0.6991,1.6031,-68.9466,-9.5115,41.24,On Head
90500,1.7286,10.1011,0.9170,-4.2595,-59.8321,-8.0916,41.42,On Head
90550,1.7789,9.6941,0.9840,-3.7405,-40.3511,-10.0305,41.47,On Head
90600,1.3599,9.6558,1.1325,1.9695,-25.3893,-4.5344,41.57,On Head
90650,1.1684,10.1107,1.3384,5.8626,-20.1985,1.3740,41.42,On Head
90700,1.4437,10.2879,1.1588,8.3206,-19.0687,1.1298,41.42,On Head
90750,1.5443,10.2304,1.1277,-4.6718,-4.1679,-11.9847,41.61,On Head
90800,0.3639,9.8210,1.3838,9.8168,9.0992,7.4809,41.42,On Head
90850,1.5036,9.6367,1.1564,5.8168,10.3969,22.1832,41.38,On Head
90900,2.1859,8.6335,1.4820,6.2137,15.7710,15.0687,41.42,On Head
90950,2.1715,8.9639,1.2115,10.5954,19.0840,1.2366,41.42,On Head
91000,2.0207,9.7133,1.2785,7.2061,22.2595,-10.8244,41.47,On Head
91050,1.3838,10.5153,1.3001,1.2366,29.3740,-14.6565,41.42,On Head
91100,1.2378,10.5034,1.1061,3.9389,24.1374,0.0458,41.38,On Head
91150,1.0199,10.3046,-0.1437,2.5954,28.5954,-0.4885,41.28,On Head
91200,0.5339,10.1251,-0.5315,4.5954,29.5420,2.3817,41.47,On Head
91250,0.0646,10.1873,-1.1372,8.0916,26.2901,-11.5115,41.42,On Head
91300,-0.3017,10.0030,-1.5395,4.9160,22.4580,-10.5954,41.24,On Head
91350,-0.0790,9.6965,-1.3024,-2.9160,26.2901,-4.5802,41.38,On Head
91400,-0.0575,9.4619,-0.5914,-2.5649,27.7099,-4.5038,41.28,On Head
91450,-0.1891,9.3182,-0.3783,2.9618,27.6794,-6.3053,41.09,On Head
91500,-0.3974,9.0070,-0.3089,5.7405,19.3282,-6.3664,41.47,On Head
91550,-0.4357,9.1459,-0.7111,15.8321,12.3359,-15.3588,41.19,On Head
91600,-0.1341,9.8521,-1.5419,19.4351,7.4656,-20.4733,41.42,On Head
91650,-0.3831,10.0580,-2.1117,12.3817,6.8092,-20.0305,41.38,On Head
91700,-0.4286,10.3669,-2.4277,8.5344,0.6565,-18.5496,41.42,On Head
91750,-0.1173,10.2615,-2.5426,-5.3740,6.7023,-22.0305,41.42,On Head
91800,-0.4836,9.8138,-2.1524,-10.4427,10.3053,-21.8626,41.28,On Head
91850,-0.7901,9.5241,-1.7980,-15.5725,12.0916,-23.1756,41.42,On Head
91900,-1.0271,9.7061,-1.6041,-16.6107,14.0916,-23.1298,41.19,On Head
91950,-0.9912,9.7947,-1.5467,-17.3130,15.0076,-18.9160,41.42,On Head
92000,-0.9457,9.7300,-1.2857,-17.4504,18.5496,-18.9160,41.57,On Head
92050,-0.8475,9.7923,-1.0319,-17.3893,22.9313,-22.3664,41.28,On Head
92100,-1.2977,9.7947,-0.8499,-15.3893,26.9466,-23.6336,41.57,On Head
92150,-1.5850,9.8186,-0.6105,-14.5649,26.3817,-20.3053,41.38,On Head
92200,-1.6424,9.5577,-0.2586,-14.4122,19.7863,-14.8397,41.57,On Head
92250,-1.5682,9.6247,-0.1580,-9.7252,14.1374,-14.8550,41.28,On Head
92300,-1.6664,9.8689,-0.3280,-8.0000,7.8473,-12.0458,41.47,On Head
92350,-1.7478,9.6917,-0.5387,-4.0916,1.5267,-9.2366,41.28,On Head
92400,-1.8675,9.7396,-0.8787,-7.8626,-3.5725,-5.7863,41.47,On Head
92450,-1.8340,9.8330,-1.0606,-10.7634,-5.9847,-3.5725,41.42,On Head
92500,-1.7214,10.7978,-0.7685,-14.3664,-7.6336,-5.7863,41.47,On Head
92550,-1.9441,10.3908,-0.4214,-21.2672,-4.7328,-10.0763,41.38,On Head
92600,-2.0494,9.1842,0.3735,-23.4046,-2.1527,-10.4885,41.28,On Head
92650,-2.1835,9.1099,0.8260,-22.0458,0.9008,-11.9084,41.47,On Head
92700,-2.3224,8.7676,1.3072,-24.5496,-1.0840,-7.6794,41.42,On Head
92750,-2.2362,8.6239,1.6520,-24.9924,-3.7863,-10.4275,41.47,On Head
92800,-2.4660,8.9950,1.9154,-24.5649,0.9008,-22.4886,41.71,On Head
92850,-2.9736,9.1937,2.2577,-29.9695,7.8779,-30.9924,41.47,On Head
92900,-3.9911,9.1578,2.8132,-24.3817,13.0534,-31.2519,41.42,On Head
92950,-3.9169,9.5026,2.9209,-19.0840,9.3893,-14.4122,41.38,On Head
93000,-3.4692,8.8394,3.1149,-10.6412,10.5191,-8.0153,41.28,On Head
93050,-3.0670,8.9926,3.0718,-8.1221,10.4427,-6.1527,41.28,On Head
93100,-3.1508,8.6263,2.9353,-3.5420,10.3359,-8.2595,41.38,On Head
93150,-3.7661,8.6838,2.9856,-3.3893,13.6031,-14.3817,41.24,On Head
93200,-4.2952,8.9830,3.0574,-0.7328,15.5267,-12.6107,41.71,On Head
93250,-4.7094,9.0142,3.1532,-3.0229,22.5649,-4.2748,41.24,On Head
93300,-4.5107,9.1578,3.0909,-1.6183,25.6641,12.8855,41.42,On Head
93350,-3.8283,10.3501,3.0119,1.7863,22.9008,17.6947,41.28,On Head
93400,-4.1803,9.5888,2.1165,5.0076,23.7252,11.6336,41.42,On Head
93450,-4.0199,9.3805,1.4700,9.6489,17.4962,36.6870,41.28,On Head
93500,-2.5283,8.6095,0.9720,12.2290,5.4198,41.6794,41.42,On Head
93550,-1.2905,8.4874,0.2418,14.2137,8.1069,26.2290,41.61,On Head
93600,-2.0518,8.8825,0.0287,19.9847,10.3969,7.7863,41.47,On Head
93650,-2.3248,9.0070,-0.4764,15.6031,9.9542,2.2137,41.28,On Head
93700,-2.7964,8.8992,-0.8260,20.3359,9.7252,-0.3359,41.38,On Head
93750,-2.9161,8.9088,-1.0104,12.7634,8.7634,-2.2137,41.42,On Head
93800,-2.6671,8.6574,-1.1349,6.1221,12.4122,3.7252,41.38,On Head
93850,-2.3870,9.3541,-0.7470,8.0305,17.6641,8.4885,41.42,On Head
93900,-2.3176,10.7069,-0.8068,2.5191,24.1679,-5.9847,41.57,On Head
93950,-3.8642,9.9647,-0.5267,-1.0076,20.0611,-16.5038,41.24,On Head
94000,-4.0390,9.3637,-0.7183,1.7863,12.7328,-13.0382,41.38,On Head
94050,-3.7589,8.8969,-0.7925,1.4962,10.6870,-0.7176,41.47,On Head
94100,-2.9497,8.5401,-0.9146,4.0763,10.0305,8.8244,41.38,On Head
94150,-2.5019,9.1171,-1.1540,1.6183,9.5115,2.5496,41.28,On Head
94200,-3.0670,9.6750,-1.3384,1.5878,11.0992,-12.3664,41.71,On Head
94250,-3.9935,9.9623,-1.4557,-1.7252,11.7405,-21.1756,41.19,On Head
94300,-4.6998,9.9862,-1.4724,-7.0382,8.4275,-10.8397,41.24,On Head
94350,-3.9935,9.3829,-1.6352,-11.2824,7.7252,5.9084,41.24,On Head
94400,-3.1651,8.9423,-1.4222,-13.6641,13.2672,8.3053,41.47,On Head
94450,-3.1029,9.2081,-1.2474,-18.2748,18.1832,-0.1832,41.28,On Head
94500,-4.0366,9.5170,-0.8380,-21.5878,16.2137,-5.6336,41.28,On Head
94550,-4.0199,9.3757,-0.4286,-22.0611,6.0458,-0.9924,41.38,On Head
94600,-3.8020,9.4523,-0.4334,-23.5878,6.1374,4.5344,41.42,On Head
94650,-3.5985,8.9687,-0.1963,-18.9771,4.7176,12.0763,41.42,On Head
94700,-3.3615,9.1578,-0.2227,-15.4656,7.0382,12.2595,41.42,On Head
94750,-3.6727,9.2632,-0.1460,-14.7023,5.4504,15.3588,41.47,On Head
94800,-3.2920,9.0190,-0.1676,-14.0000,3.4656,15.8931,41.42,On Head
94850,-3.3208,9.3039,-0.1508,-13.8473,4.6260,15.2366,41.47,On Head
94900,-3.3303,9.2584,0.2035,-10.7939,1.4809,16.2901,41.42,On Head
94950,-2.9928,9.5289,0.1077,-12.6870,-0.1832,17.3282,41.42,On Head
95000,-2.7414,9.5026,0.1844,-15.9084,-3.4351,19.9695,41.38,On Head
95050,-2.0830,9.2033,0.3017,-18.9313,-3.2061,20.8244,41.28,On Head
95100,-1.6664,10.3741,0.6560,-16.9618,-4.2748,19.3130,41.47,On Head
95150,-0.8523,9.8162,0.9529,-28.0763,-3.0382,5.2977,41.28,On Head
95200,-0.8332,9.4236,1.5275,-20.1527,-0.0916,9.3435,41.19,On Head
95250,-0.2634,9.8210,1.7262,-28.0611,-4.1069,9.2672,41.09,On Head
95300,-0.2514,9.4116,2.5809,-30.7176,-5.3435,-2.0305,41.05,On Head
95350,-0.8643,9.3901,3.0430,-17.1908,-13.0229,-4.1832,41.42,On Head
95400,-0.8643,9.6510,2.9018,-20.2595,-14.5038,-7.1908,41.61,On Head
95450,-1.2641,9.8258,3.2705,-12.9771,-16.9160,3.0840,41.24,On Head
95500,-0.6823,10.0245,3.2825,-10.9313,-15.4046,6.2290,41.38,On Head
95550,-1.0319,10.0461,3.2561,-6.8855,-11.1756,8.5344,41.42,On Head
95600,-1.3168,10.1538,3.1220,-7.8931,-7.1450,24.2137,41.28,On Head
95650,-0.9218,9.7276,2.8012,0.2443,4.1069,52.9771,41.24,On Head
95700,0.5076,9.6750,2.2649,0.5954,17.3282,64.1069,41.42,On Head
95750,2.0901,9.6678,1.7621,-8.0305,41.6031,54.3053,41.38,On Head
95800,2.7629,9.5864,1.8986,-15.9847,78.1832,41.9389,41.42,On Head
95850,2.2386,8.9950,2.6217,-16.9466,107.6336,30.0000,41.57,On Head
95900,1.7382,9.1482,2.8228,-18.1069,131.6794,20.5649,41.38,On Head
95950,0.6369,9.0501,3.4189,-5.2977,132.2748,19.2672,41.61,On Head
96000,0.0144,9.6079,3.6033,-9.8779,128.3053,12.2137,41.61,On Head
96050,-0.8260,9.2440,4.3622,-8.4275,89.9695,9.5267,41.28,On Head
96100,-0.4214,9.4451,4.5657,-13.0229,62.4122,1.5725,41.24,On Head
96150,-1.3072,8.7771,5.6048,-6.4733,19.5114,-2.6412,41.47,On Head
96200,0.0287,9.1459,4.3574,7.5267,-3.0382,-4.2748,41.57,On Head
96250,0.4812,9.3805,4.0749,0.8550,-10.0000,-11.7405,41.47,On Head
96300,-0.0503,8.9543,4.3383,10.5191,-17.5878,-21.6183,41.28,On Head
96350,-0.1700,8.9184,4.4005,14.3511,-29.6183,-27.2977,41.24,On Head
96400,-0.4334,8.6670,4.0558,27.9695,-40.5954,-39.1298,41.38,On Head
96450,-0.7733,9.3278,3.1388,28.7481,-52.0153,-44.3053,41.42,On Head
96500,-1.4653,9.6319,2.9999,31.8626,-57.7252,-41.3435,41.28,On Head
96550,-1.5107,10.2520,2.2194,27.2824,-60.5954,-33.9389,41.19,On Head
96600,-1.6472,10.2113,2.0710,22.3664,-58.8092,-28.0153,41.38,On Head
96650,-1.5155,10.0413,1.7717,16.6107,-52.6412,-22.4580,41.24,On Head
96700,-1.7047,9.6989,1.6927,17.0076,-44.5649,-21.6794,41.57,On Head
96750,-2.0614,9.4810,1.5562,15.9542,-39.5878,-15.9389,41.42,On Head
96800,-1.9585,9.5529,1.5514,15.4198,-38.9924,-13.3893,41.28,On Head
96850,-2.2553,9.6534,1.3599,14.6870,-34.8092,-15.9237,41.24,On Head
96900,-2.6695,9.7085,1.2019,12.1527,-33.0534,-15.4504,41.38,On Head
96950,-2.6025,9.4499,1.0558,12.7176,-30.7939,-10.8244,41.42,On Head
97000,-2.4134,9.2895,0.8260,9.7252,-28.5038,-8.0763,41.42,On Head
97050,-2.2936,9.1459,0.6728,9.0687,-23.1298,-9.4351,41.57,On Head
97100,-2.4636,9.3589,0.3352,2.8702,-16.1374,-6.4733,41.42,On Head
97150,-2.2601,9.6462,0.2035,0.2748,-6.0611,-11.5115,41.28,On Head
97200,-2.7581,9.8043,0.2370,-2.4885,8.4733,-15.5115,41.38,On Head
97250,-3.0765,10.0916,0.2586,-3.6183,18.2443,-7.7710,41.38,On Head
97300,-2.7485,9.8641,0.3089,-7.9237,26.8702,1.0534,41.28,On Head
97350,-2.6073,9.4164,0.4046,-6.3053,36.9924,5.5267,41.38,On Head
97400,-2.7342,9.4020,0.2753,-4.9466,41.2366,3.8015,41.61,On Head
97450,-2.8826,9.7755,-0.0575,-8.4885,47.1908,2.7634,41.24,On Head
97500,-3.5314,9.9096,0.0192,-12.3511,48.9466,9.2824,41.38,On Head
97550,-3.4093,10.0149,0.0670,-19.2672,47.2366,16.8092,41.28,On Head
97600,-3.0574,9.7971,0.2083,-20.3511,47.4504,21.3740,41.38,On Head
97650,-2.9544,9.9910,0.2466,-23.3893,44.3359,25.1298,41.09,On Head
97700,-2.7988,9.7971,0.4214,-26.8397,40.4275,32.3664,41.42,On Head
97750,-1.9896,9.7803,0.5674,-26.1832,36.8397,36.6565,41.57,On Head
97800,-1.3695,9.6031,0.8308,-24.5344,36.6565,37.5115,41.24,On Head
97850,-1.0343,9.5912,0.9697,-19.5573,37.4962,36.1374,41.38,On Head
97900,-1.1803,9.7037,1.1396,-19.2672,28.4427,43.9389,41.42,On Head
97950,-0.1053,9.6869,0.9433,-16.9466,27.1145,41.0534,41.47,On Head
98000,-0.1293,9.6558,1.2139,-19.9084,25.7099,36.2137,41.71,On Head
98050,0.2753,9.4667,1.3240,-14.7939,22.8397,30.5649,41.38,On Head
98100,0.0287,10.0341,1.6783,-14.0153,16.8092,29.9237,41.28,On Head
98150,1.0127,10.3430,1.8627,-9.8168,9.8779,28.3206,41.42,On Head
98200,1.5083,10.2113,2.1045,-17.0992,13.1756,11.4809,41.28,On Head
98250,0.8643,8.8849,3.0861,-18.5038,13.6641,-5.2214,41.42,On Head
98300,0.2274,9.7540,3.1867,-8.4580,5.6336,1.6183,41.38,On Head
98350,1.2498,9.8019,3.1939,-4.3664,13.4198,1.6336,41.61,On Head
98400,2.2386,9.4786,2.6624,-2.3664,49.6031,-4.4885,41.28,On Head
98450,1.4389,8.7005,2.6049,13.1450,92.6412,-6.0763,41.57,On Head
98500,0.5148,9.4739,2.3296,15.4351,118.8855,10.5802,41.38,On Head
98550,0.1604,9.9575,2.6025,11.4198,124.2595,15.5115,41.61,On Head
98600,-0.7230,10.0772,2.8778,3.7405,121.2977,7.7557,41.09,On Head
98650,-1.9632,9.6582,3.5506,-2.9771,99.5725,4.9618,41.42,On Head
98700,-1.6879,9.7779,3.3471,4.9466,71.3893,13.6489,41.24,On Head
98750,-0.7542,9.1985,3.0502,-0.6107,58.5802,18.3359,41.28,On Head
98800,-0.1532,9.2249,2.9305,10.7481,37.2977,16.5038,41.57,On Head
98850,-0.0982,10.5105,2.8347,1.9695,25.2214,13.7405,41.24,On Head
98900,0.0599,10.0221,3.1436,-4.4122,12.0916,18.7176,41.42,On Head
98950,0.4956,9.7659,3.3591,-6.0000,3.3130,20.7023,41.47,On Head
99000,0.9505,9.0285,3.6033,-1.3740,-2.4733,26.8092,41.42,On Head
99050,1.3910,9.0429,3.4548,7.8473,-4.5496,26.8244,41.24,On Head
99100,1.9273,9.3063,3.1005,9.7099,-4.6107,29.4046,41.42,On Head
99150,2.1835,9.3422,2.7054,15.0534,-2.7023,26.2748,41.42,On Head
99200,2.2505,9.9192,2.2338,12.5191,-2.9924,27.8626,41.42,On Head
99250,3.4644,12.7587,2.2122,10.4427,-0.1527,31.7099,41.28,On Head
99300,2.4636,10.9080,1.5060,21.4962,0.5038,12.4275,41.38,On Head
99350,2.3176,10.7045,0.9936,6.0153,-5.4198,5.2214,41.28,On Head
99400,1.7693,9.5888,0.4908,5.1450,-1.4656,-4.5649,41.09,On Head
99450,2.8515,9.0381,-0.3376,-10.8397,13.9389,12.4122,41.24,On Head
99500,2.8754,7.5681,0.6632,4.3359,33.3130,17.8473,41.42,On Head
99550,3.2034,9.3709,-0.2083,34.7939,27.1450,9.8779,41.38,On Head
99600,2.8874,10.3382,-1.2282,29.0992,26.6107,-4.7786,41.24,On Head
99650,2.2553,10.6374,-1.1684,8.0153,17.2977,-8.1374,41.47,On Head
99700,2.2242,9.6391,-0.2753,-11.5573,9.6031,-7.6031,41.38,On Head
99750,2.6097,9.6367,0.0575,-20.5496,8.4885,-7.7252,41.38,On Head
99800,2.3559,8.8849,0.8523,-29.5420,5.0687,1.6947,41.38,On Head
99850,2.4852,8.9328,1.2234,-26.6107,-11.6641,1.4351,41.38,On Head
99900,2.8994,8.9854,0.9170,-25.2519,-20.9771,-12.0916,41.24,On Head
99950,2.4469,10.1251,1.0127,-26.8702,-34.2748,-15.2366,41.42,On Head
100000,2.4205,10.1418,0.7877,-30.0458,-36.8702,-12.4275,41.19,On Head
100050,2.3750,9.8114,0.9601,-38.9160,-35.9237,2.8397,41.28,On Head
100100,2.6863,9.6774,1.8052,-30.5344,-39.2366,10.2901,41.57,On Head
100150,4.5849,11.2312,2.5235,-48.7176,-47.6336,11.6947,41.38,On Head
100200,2.8395,10.7428,3.7565,-43.7405,-32.4733,-3.2824,41.38,On Head
100250,1.5658,8.5042,4.2401,-37.0229,-32.3969,-19.9847,41.42,On Head
100300,0.1963,7.2018,4.0151,-11.6336,-38.1374,-24.3511,41.19,On Head
100350,1.4605,9.0668,3.5243,-11.2366,-47.7405,0.7023,41.28,On Head
100400,3.1029,9.3111,3.9576,-25.7710,-36.7328,-14.4275,41.42,On Head
100450,2.0877,8.6862,5.2648,-24.8092,-23.2366,-15.7405,41.47,On Head
100500,1.9201,8.4994,5.3319,2.3511,-30.6718,-13.2214,41.42,On Head
100550,2.4732,8.9591,4.0510,13.7557,-33.9389,-10.3511,41.38,On Head
100600,2.8395,8.5377,3.0909,18.9771,-28.1985,-5.0534,41.42,On Head
100650,3.1220,8.4731,2.5977,18.3206,-19.0534,-3.7252,41.38,On Head
100700,2.5618,8.8202,2.7031,14.8244,-12.2443,-9.9847,41.24,On Head
100750,1.9465,9.2201,3.1364,8.3359,-11.6183,0.5038,41.42,On Head
100800,2.8108,8.9974,3.2561,9.9847,-11.3435,0.2137,41.05,On Head
100850,2.1165,10.3956,2.2625,2.4580,-4.8397,-15.8015,41.42,On Head
100900,2.8347,13.3668,3.5530,-11.7252,-18.9313,7.3740,41.38,On Head
100950,4.5538,10.9080,2.0830,18.8397,0.3969,5.8168,41.38,On Head
101000,2.0758,10.8984,1.9656,25.7863,7.5878,2.3359,41.42,On Head
101050,0.7159,8.8801,1.0391,11.4809,-0.2748,-13.5725,41.24,On Head
101100,0.1891,8.3965,0.5267,19.6794,-6.9160,12.9466,41.38,On Head
101150,2.6695,9.4834,-0.4022,16.5954,-11.6489,20.4733,41.38,On Head
101200,2.0830,9.8090,-0.0646,1.8015,-1.3130,-5.5420,41.57,On Head
101250,1.9585,10.9798,-0.1365,-6.0305,1.4504,-13.2061,41.42,On Head
101300,1.1516,10.2831,0.3304,-21.5878,7.9237,-18.6565,41.42,On Head
101350,0.8571,9.2703,1.0989,-25.2061,2.8244,4.6870,41.28,On Head
101400,2.2122,8.5545,1.1205,-13.8626,-0.3664,13.5267,41.28,On Head
101450,2.4900,8.7245,1.2594,-12.6870,0.8550,-2.3053,41.24,On Head
101500,1.7023,9.5122,1.3192,-8.0000,1.0229,-9.5115,41.05,On Head
101550,1.3312,10.5704,1.0391,-7.8015,-2.9008,-3.9847,41.28,On Head
101600,1.0918,10.5512,1.0391,-12.2443,-6.2748,3.9237,41.28,On Head
101650,1.9178,10.2137,1.0894,-11.8931,-6.3511,18.0611,41.38,On Head
101700,2.1763,9.6702,1.6592,-13.2977,-1.4962,21.6183,41.19,On Head
101750,4.0582,12.4163,2.5283,0.9924,6.7176,32.7176,41.38,On Head
101800,6.2201,11.3461,2.0973,13.8473,45.1756,8.1679,41.42,On Head
101850,2.5714,9.0022,3.6727,15.5420,59.3588,-13.0992,41.57,On Head
101900,0.4190,7.9871,3.5458,15.6183,32.0611,-13.6947,41.24,On Head
101950,0.2083,8.6957,3.7589,0.6412,-10.1985,20.8550,41.28,On Head
102000,2.3511,8.7101,3.7158,-7.3130,-35.1450,8.7481,41.24,On Head
102050,2.6384,9.7444,3.7230,-15.8168,-43.6794,-4.9618,41.38,On Head
102100,2.8371,9.0261,3.8092,-18.5344,-48.1985,-17.0534,41.28,On Head
102150,2.8299,8.7317,2.8850,2.9160,-43.8931,-32.3053,41.57,On Head
102200,3.0047,9.4451,1.4317,2.0916,-16.0763,-23.0076,41.42,On Head
102250,2.1117,9.5648,2.0016,6.9924,-8.6870,2.6260,41.38,On Head
102300,2.8994,9.1171,2.2458,-3.2061,-13.1298,5.4351,41.24,On Head
102350,2.7581,9.3350,2.4421,1.6489,-14.4580,1.5725,41.57,On Head
102400,3.3591,9.1171,2.2553,1.4351,-11.6947,9.6489,41.42,On Head
102450,3.6655,8.9567,2.3463,7.8015,0.5802,5.9695,41.38,On Head
102500,2.9928,8.7795,2.3056,26.5344,9.9237,7.8931,41.47,On Head
102550,3.8355,9.3661,1.3431,30.7328,22.7634,18.1221,41.28,On Head
102600,6.2201,11.4874,-1.9489,26.9160,60.2137,16.2595,41.24,On Head
102650,4.1108,13.1466,-1.4724,-47.3893,118.2748,16.3817,41.28,On Head
102700,3.4668,9.4164,1.3024,-37.6641,135.5267,22.0763,41.38,On Head
102750,1.7406,6.7564,2.0231,-4.5344,153.3282,-6.0458,41.28,On Head
102800,-0.1844,7.1515,2.1045,35.8168,140.4427,7.9084,41.28,On Head
102850,1.1636,8.9328,1.5921,51.0229,114.8092,30.6718,41.24,On Head
102900,1.8364,10.3262,1.1349,51.1756,96.4275,11.3435,41.38,On Head
102950,1.8962,12.2296,0.3807,33.0534,74.2290,-1.7405,41.28,On Head
103000,1.5443,10.8673,-0.1532,16.4427,55.5878,-10.2748,41.42,On Head
103050,1.3575,10.0676,0.0335,-7.2519,39.6947,-3.1298,41.38,On Head
103100,1.9680,8.9256,0.9385,-19.0687,29.3588,8.2595,41.42,On Head
103150,2.5714,8.6479,1.6161,-15.8931,21.0076,8.1679,41.42,On Head
103200,2.8395,9.2727,1.7837,-7.1450,14.2137,1.3588,41.09,On Head
103250,2.9329,10.0700,1.5107,-5.1756,8.2137,-2.3359,41.42,On Head
103300,2.4541,10.0221,1.3144,-11.0840,5.7405,-10.2748,41.38,On Head
103350,1.9225,9.9264,1.4964,-23.4809,1.7710,-2.0305,41.38,On Head
103400,2.1380,9.2105,1.8890,-33.5115,0.7481,9.8168,41.24,On Head
103450,2.5522,9.1219,2.4684,-35.3740,3.3282,11.6794,41.57,On Head
103500,3.1173,9.6582,3.4093,-38.5649,-0.7328,13.0840,41.19,On Head
103550,2.7054,10.3860,3.9433,-29.2977,-0.9008,4.6870,41.24,On Head
103600,2.3918,10.0652,4.3287,-19.5267,3.0687,-7.8321,41.24,On Head
103650,0.0718,8.8322,4.7022,-10.1985,-19.6489,-7.5573,41.42,On Head
103700,0.8547,7.5537,4.1803,-9.4809,-52.7176,6.4885,41.38,On Head
103750,2.5474,7.5920,3.5865,0.3053,-56.1527,17.6794,41.19,On Head
103800,4.0294,8.9160,3.4333,4.1374,-44.9618,17.2824,41.42,On Head
103850,4.7525,10.2927,3.9792,-4.3817,-24.2443,-1.3282,41.42,On Head
103900,3.7326,9.8354,4.6711,-6.8397,-14.1985,-15.5725,41.09,On Head
103950,1.9513,9.3565,4.7621,-15.6489,-37.1450,-25.5573,41.28,On Head
104000,2.5522,7.5848,4.4987,-22.7328,-45.9695,-15.5267,41.47,On Head
104050,3.1795,7.0270,4.0797,5.1298,-42.3053,-8.9313,41.05,On Head
104100,4.3503,8.3965,3.3088,9.5267,-24.1985,-13.7405,41.24,On Head
104150,4.0821,9.0142,3.1747,21.0687,1.7557,-18.7176,41.57,On Head
104200,3.2274,9.4786,2.9377,17.6336,14.3359,-31.1908,41.24,On Head
104250,1.8627,9.7420,3.3543,15.3282,20.8550,-21.9695,41.19,On Head
104300,1.5682,9.2416,3.5291,20.9160,17.0992,3.9237,41.38,On Head
104350,2.2745,9.9168,3.6272,23.5878,16.9160,17.1603,41.09,On Head
104400,2.5905,10.1801,2.7102,33.0076,17.4504,8.5344,41.28,On Head
104450,1.9489,10.7619,1.8651,36.5649,17.8321,4.0916,41.42,On Head
104500,1.9968,10.7404,1.1061,31.6641,13.1908,13.4351,41.19,On Head
104550,1.8794,10.1107,0.3041,20.7023,2.9771,5.4504,41.24,On Head
104600,2.0590,9.7971,-0.0575,-2.2137,4.0611,4.3664,41.28,On Head
104650,2.6001,8.9352,0.2921,-12.5649,11.8321,5.2519,41.05,On Head
104700,2.2170,8.7963,0.9625,-19.9542,8.9771,-1.0229,41.38,On Head
104750,2.3631,9.0525,1.2450,-10.5344,-4.0000,-24.7786,41.05,On Head
104800,1.8268,10.4339,0.6536,-3.4962,-9.4809,-36.5649,41.28,On Head
104850,1.0487,10.1754,0.2586,-1.3740,-0.6412,-38.8397,41.28,On Head
104900,0.1604,10.1083,0.3879,-4.8855,3.7099,-25.3740,41.42,On Head
104950,0.3926,9.9671,0.8571,-4.5038,-1.1908,3.9237,41.38,On Head
105000,1.8220,9.6822,0.9218,-1.0534,-1.3740,12.0000,41.28,On Head
105050,2.1045,9.6798,0.9744,4.7786,-1.2824,5.4198,41.57,On Head
105100,2.0111,9.9958,0.8404,3.7099,-8.0305,-4.1679,41.24,On Head
105150,1.7095,9.8114,0.6201,1.1145,-14.0305,-7.2366,41.42,On Head
105200,2.0614,9.7971,0.4501,-4.0763,-17.2824,-5.7863,41.05,On Head
105250,2.2338,9.6917,0.5578,-4.6565,-14.2595,-11.2214,41.24,On Head
105300,2.4205,10.1370,0.4022,-11.2366,-6.8092,-7.2672,41.28,On Head
105350,1.9321,9.1937,1.0918,-0.4122,-1.9542,1.2977,41.05,On Head
105400,2.4972,9.9455,0.3519,1.8168,-7.9084,-5.8321,41.38,On Head
105450,1.7071,10.4603,0.0000,-8.4427,-4.5038,-12.7786,41.28,On Head
105500,1.3096,10.0940,0.4214,-19.2366,-12.6718,1.1908,41.19,On Head
105550,2.6767,10.6350,1.0918,-27.0076,-9.6336,10.1679,41.42,On Head
105600,3.4644,9.0357,2.1787,-9.4809,-14.1069,17.6947,41.24,On Head
105650,3.0789,10.0868,1.0343,2.8702,-17.3435,2.2290,40.95,On Head
105700,1.8699,9.9623,1.2474,-18.1679,-6.7634,-22.0763,41.19,On Head
105750,0.3208,9.6343,2.1787,-20.4733,-4.8244,-17.1908,41.38,On Head
105800,0.4166,9.2680,2.4517,-9.8015,-14.7786,1.2366,41.38,On Head
105850,1.2617,9.1674,2.3990,-9.0076,-14.3664,-4.3664,41.42,On Head
105900,0.8188,9.7779,2.5474,-6.8550,-13.9847,-13.3282,41.19,On Head
105950,0.5986,9.9096,2.7605,-14.3359,-11.1603,-21.7557,41.09,On Head
106000,-0.2131,9.5912,3.6871,-14.1069,-13.6183,-21.6183,41.28,On Head
106050,-1.3791,8.4611,4.3215,18.2137,-43.8168,-15.2061,41.19,On Head
106100,-0.8859,10.5919,2.9880,4.6107,-112.3817,-19.6336,41.28,On Head
106150,0.5746,10.4004,2.1141,-21.0076,-148.1832,-23.9542,41.09,On Head
106200,1.9752,10.5201,1.4317,-36.1374,-139.6947,-11.8779,41.42,On Head
106250,3.2154,8.9423,2.1069,-26.5344,-90.4122,-0.2595,41.24,On Head
106300,3.1268,8.4348,2.4445,8.6718,-39.6641,3.7405,41.28,On Head
106350,2.2218,9.7157,2.4732,21.5420,-13.4198,9.9847,41.38,On Head
106400,2.2936,9.3853,2.3367,19.7710,-2.0305,10.0458,41.47,On Head
106450,2.2889,9.5361,2.2075,24.2595,0.4580,9.1603,40.95,On Head
106500,4.3766,8.4348,0.8571,38.6107,44.7023,8.8702,41.38,On Head
106550,2.9137,12.3158,1.1803,58.4122,82.0000,3.9389,41.42,On Head
106600,0.9888,12.0572,1.4006,55.9695,64.5038,-5.4046,40.91,On Head
106650,0.5195,12.0021,0.2921,33.4504,27.9389,-16.1527,41.05,On Head
106700,0.1389,10.0556,-0.2298,9.0840,14.3511,-16.5649,41.42,On Head
106750,-0.2634,7.8721,-0.3759,3.1145,6.7328,-6.3969,41.28,On Head
106800,0.5076,8.0254,-0.6081,8.0305,1.8015,-0.8244,41.19,On Head
106850,0.5674,9.6965,-0.9505,8.7634,3.3588,-23.3588,41.28,On Head
106900,-1.6424,11.1594,-1.3527,14.1221,-3.5267,-37.3130,41.38,On Head
106950,-2.1644,12.3852,-1.7980,-16.0916,-32.2137,-15.7099,41.24,On Head
107000,-0.1700,9.6702,-1.4509,-23.9695,-21.6489,-0.4733,41.19,On Head
107050,0.1891,9.4595,-0.8404,-16.2137,-10.0305,8.6260,41.28,On Head
107100,0.9050,8.8226,-0.3496,-23.4809,-3.2824,4.5496,41.05,On Head
107150,0.9553,9.5313,0.0096,-12.4580,-9.6794,-7.0382,40.95,On Head
107200,1.2522,9.8593,-0.1101,-11.6947,-9.9389,-18.7939,41.19,On Head
107250,1.0080,9.8761,-0.4190,-3.5115,-5.2672,-25.2824,41.38,On Head
107300,0.3855,10.3022,-0.7661,-6.5802,-0.9618,-21.0534,41.09,On Head
107350,0.2682,9.5122,-0.1891,-15.2519,6.6412,-17.3282,41.38,On Head
107400,-0.4381,9.8186,0.2179,-12.0916,2.7176,-18.1985,41.38,On Head
107450,-0.3232,9.5648,0.3448,-10.0305,-3.6336,-11.4809,41.24,On Head
107500,-0.6081,9.7779,0.2490,-2.3511,-5.1145,-15.9695,41.09,On Head
107550,-0.6536,10.2783,0.6369,-17.6794,-24.3053,-16.6565,41.47,On Head
107600,-1.9417,11.0684,0.5770,-28.5191,-20.5802,-16.9924,41.24,On Head
107650,-2.3679,9.8904,1.4820,-29.3588,-25.4046,3.0229,41.28,On Head
107700,-2.1668,9.3039,2.0853,-20.7939,-37.5420,2.3206,41.19,On Head
107750,-1.9417,9.7037,2.2290,-12.9771,-58.0153,4.4122,41.28,On Head
107800,-1.6640,9.6414,2.5139,-15.9847,-70.0305,-9.8931,41.42,On Head
107850,-2.0949,9.4882,2.6719,-8.7176,-80.4733,-6.0763,41.19,On Head
107900,-1.4653,8.6670,2.3439,2.2290,-84.0000,3.3282,41.24,On Head
107950,-1.0870,9.1075,2.1284,2.7939,-84.2901,-3.3435,41.24,On Head
108000,-1.4317,9.4523,2.4349,1.8168,-81.4198,-8.5191,41.47,On Head
108050,-2.2170,9.7947,2.7102,1.4809,-82.9313,-21.9389,41.28,On Head
108100,-3.5913,9.9335,2.8252,10.2901,-86.9771,-19.0076,41.24,On Head
108150,-3.0526,9.9072,1.8507,20.4580,-87.0840,14.5649,41.38,On Head
108200,-1.1037,9.6438,1.0104,24.6565,-81.0687,44.4733,41.28,On Head
108250,0.5291,10.0676,0.5339,19.0076,-77.7557,46.0916,41.05,On Head
108300,1.4820,10.4962,0.4046,5.9847,-75.7710,32.5802,41.24,On Head
108350,1.9082,10.0293,0.4405,-2.0153,-72.9160,14.0916,41.19,On Head
108400,1.6400,9.7492,0.5459,-12.0611,-65.2214,1.9237,41.38,On Head
108450,1.3240,9.5672,0.8332,-16.2748,-56.0305,-2.7328,41.42,On Head
108500,0.2801,9.9288,1.2546,-12.9924,-55.9084,1.1908,41.42,On Head
108550,-0.8021,10.5441,2.0159,-33.8321,-89.7405,1.8779,41.38,On Head
108600,-1.2330,10.5225,2.4373,-39.0382,-135.5878,-5.5420,41.19,On Head
108650,0.2610,9.4619,2.1404,-47.7557,-151.4504,-7.8779,41.28,On Head
108700,1.0056,8.9352,2.3224,-28.4122,-140.8092,-11.7099,41.38,On Head
108750,1.4533,9.0477,2.4181,-4.6107,-118.4275,-9.4351,41.24,On Head
108800,1.5012,9.6319,2.0303,10.7634,-99.4962,-4.9618,41.05,On Head
108850,1.9728,10.9176,1.5778,20.7328,-83.2214,0.5191,41.38,On Head
108900,1.2929,10.8649,1.1157,6.9924,-70.2595,-4.3664,41.28,On Head
108950,1.5203,9.1961,1.5419,5.4198,-60.7328,9.8168,41.42,On Head
109000,2.9329,9.8545,1.3168,-0.3511,-50.9466,10.6870,41.28,On Head
109050,2.1907,10.9247,1.6520,-17.1298,-36.5038,34.2290,41.24,On Head
109100,2.6719,9.1506,3.3998,-52.5344,-47.5573,52.0305,41.24,On Head
109150,2.6264,8.2815,5.5306,-36.8855,-55.4656,5.0992,41.19,On Head
109200,1.7789,6.9983,4.8052,13.9542,-73.6489,-6.2595,41.19,On Head
109250,2.5953,8.5856,1.6520,58.8244,-81.9847,10.0305,41.24,On Head
109300,4.1252,10.1730,-0.3352,42.6412,-67.7252,14.3053,41.42,On Head
109350,4.4341,9.3350,-0.4597,11.8473,-46.7634,15.0687,41.28,On Head
109400,4.8890,9.9407,-0.5291,-2.9160,-30.8244,3.1756,41.42,On Head
109450,4.3670,9.2751,0.4525,-22.8855,-15.6489,-14.2443,41.28,On Head
109500,3.3375,9.8569,1.4317,-17.6336,-14.8702,-18.8702,41.19,On Head
109550,2.4804,9.6199,0.9720,-7.2214,-18.4427,-19.1603,40.95,On Head
109600,2.3272,9.7037,0.0670,-4.6260,-10.4580,-7.1603,41.42,On Head
109650,2.0973,9.6941,0.3783,-7.2214,-10.7634,11.2214,41.38,On Head
109700,3.2154,9.9072,0.2514,-3.8321,-11.7405,2.0916,41.47,On Head
109750,1.9968,9.6630,0.7901,-12.5038,-17.6947,-6.8550,41.28,On Head
109800,1.6089,9.4619,0.3807,-0.6718,-32.5954,-16.5344,41.24,On Head
109850,1.6855,9.9479,-0.1269,-11.0992,-32.8855,-11.6336,41.24,On Head
109900,1.6759,9.8761,0.4477,-7.8626,-26.1527,-12.5344,41.28,On Head
109950,2.1093,10.5512,0.6129,-6.7634,-26.9618,-12.9313,41.19,On Head
110000,1.5538,9.7181,0.4884,-1.4656,-25.4504,-17.1145,41.19,On Head
110050,1.4581,9.4236,0.1006,5.1145,-29.3130,-19.7405,40.86,On Head
110100,1.2498,9.3422,-0.2083,0.9771,-31.2672,-16.2290,41.42,On Head
110150,1.4796,9.2392,-0.4884,-2.1527,-38.2137,-22.9771,41.24,On Head
110200,1.3288,9.9120,-0.9194,1.8779,-40.6870,-23.7252,41.24,On Head
110250,1.4269,10.4770,-1.4174,-0.6870,-37.2214,-20.7939,41.19,On Head
110300,1.4533,10.3789,-1.3408,-7.9695,-31.8015,-16.6565,41.38,On Head
110350,1.8340,9.9623,-1.2713,-14.7786,-26.3206,-14.9008,41.24,On Head
110400,1.5658,9.8162,-0.7422,-21.3282,-22.5954,-16.0000,41.24,On Head
110450,1.5778,9.7372,-0.4405,-21.4351,-14.1832,-19.3282,41.05,On Head
110500,1.2474,10.0341,-0.2466,-21.8626,-7.7863,-14.5649,41.28,On Head
110550,1.1468,9.7995,-0.0072,-15.4046,0.4122,-5.0382,41.47,On Head
110600,1.0846,9.9407,-0.4812,-14.8855,8.8702,-1.4962,41.24,On Head
110650,0.9720,10.2280,-0.2322,-22.3053,16.3511,4.3511,41.38,On Head
110700,0.5555,10.0796,0.0886,-25.3130,17.4656,1.8015,41.24,On Head
110750,-0.2346,11.3892,1.5179,-23.9542,6.3969,11.7863,41.05,On Head
110800,1.5969,10.7715,1.6999,-19.1756,-18.0611,21.5725,41.24,On Head
110850,1.4868,10.8793,1.7358,-24.8397,-10.6565,16.5344,41.24,On Head
110900,1.0271,8.6455,2.4948,-23.7405,1.2672,3.1450,41.24,On Head
110950,0.3041,7.2592,2.7964,-6.5344,11.4962,11.8168,41.05,On Head
111000,1.8124,9.3901,1.7190,7.3282,20.5344,29.8931,41.28,On Head
111050,1.6999,9.8354,2.9712,-33.0687,32.5038,18.6870,41.28,On Head
111100,0.5483,9.0405,4.9273,-12.3664,28.4580,10.6107,41.09,On Head
111150,0.4884,9.7659,3.9385,13.7405,10.3817,6.1527,41.28,On Head
111200,1.0271,9.3948,2.8228,17.0534,6.1527,14.6565,41.24,On Head
111250,2.0039,8.7891,2.0135,18.9924,2.5802,24.1832,41.05,On Head
111300,2.2290,9.2249,1.7310,18.5649,2.7023,28.7786,40.95,On Head
111350,3.3567,9.5816,-0.3184,21.4962,9.8626,25.8015,41.28,On Head
111400,3.9433,11.7364,-0.5650,-49.5573,49.0382,29.1756,40.95,On Head
111450,2.2865,9.2608,3.3040,-61.0229,69.3740,34.6870,41.09,On Head
111500,0.8859,8.1355,6.3279,-32.3053,36.5802,27.2519,41.38,On Head
111550,1.9465,9.3422,5.8658,-6.5344,7.2824,34.7176,41.05,On Head
111600,4.1444,10.8386,5.1834,-4.1985,-13.1908,48.5038,41.42,On Head
111650,3.9528,8.7700,4.1444,13.7863,-26.7786,29.1450,41.05,On Head
111700,2.9449,6.1579,1.7023,44.5649,-39.0992,-0.7481,41.09,On Head
111750,3.3591,9.4667,-0.6177,56.6870,-31.8015,0.4885,41.09,On Head
111800,4.2545,9.9359,-0.8930,10.5954,-22.3359,18.3053,41.28,On Head
111850,4.2042,9.1674,-0.4836,8.3206,-17.1603,-2.0763,41.24,On Head
111900,4.1851,10.7308,-1.1564,-3.9084,-14.9466,-9.4809,41.19,On Head
111950,3.8499,9.0980,-0.1580,-24.2443,0.4580,-10.3206,41.09,On Head
112000,3.2801,7.9655,1.1253,-7.9237,1.7252,3.9695,41.28,On Head
112050,4.1899,8.4443,0.2322,3.7099,15.6183,12.5038,41.09,On Head
112100,3.9361,8.6095,0.3998,-8.3511,16.7786,13.7099,41.28,On Head
112150,4.5825,9.0166,0.4597,-12.8855,13.1756,5.0992,40.95,On Head
112200,4.6735,9.5864,0.7661,-18.8244,15.6031,-0.8702,41.24,On Head
112250,4.4149,9.4188,1.3264,-23.6794,14.7939,-2.3511,41.19,On Head
112300,3.8092,8.9256,1.7286,-14.1679,5.6031,-9.1908,41.38,On Head
112350,5.0374,11.1354,2.7414,-45.6183,-23.3740,-4.0763,40.91,On Head
112400,3.1292,9.9407,3.3543,-32.9771,-19.3282,-5.3130,41.09,On Head
112450,2.9066,7.5920,3.3184,-30.4275,-20.0000,-17.7252,41.24,On Head
112500,2.9975,7.8099,3.6847,-30.1374,-14.5038,-2.0000,41.28,On Head
112550,3.7709,8.6862,4.1324,-7.7099,-20.3511,13.7557,40.91,On Head
112600,4.2090,8.6311,3.9337,-7.6183,-16.6718,-1.0992,41.38,On Head
112650,3.3543,7.3310,4.2306,5.0992,-21.0076,-20.3359,41.09,On Head
112700,3.1963,8.4970,2.8467,25.4198,-29.6336,-34.6412,41.24,On Head
112750,3.2729,9.0046,2.0877,17.4504,-21.8015,-23.9389,41.09,On Head
112800,3.3136,8.7197,1.9609,7.9389,-14.2901,-7.6794,41.05,On Head
112850,3.2394,8.8035,2.4205,7.0840,-14.4885,-6.0305,41.09,On Head
112900,3.7038,9.9024,2.3439,5.0229,-11.8931,-6.9924,41.38,On Head
112950,3.4117,9.8474,2.5115,7.4504,-12.6412,-2.3664,41.09,On Head
113000,4.4245,11.7124,2.1883,28.0458,-6.3969,7.0076,41.19,On Head
113050,4.8339,11.4610,0.6464,24.1221,4.3817,1.1145,41.24,On Head
113100,4.0318,10.3358,-0.5531,9.7557,7.3435,-10.3969,40.95,On Head
113150,2.1859,7.0126,-0.9912,2.3206,10.9924,-25.7557,41.28,On Head
113200,2.0063,9.7683,-0.4357,1.8473,7.4962,6.5038,41.47,On Head
113250,3.8451,9.1482,-0.5483,-7.6641,13.1450,-4.3664,41.28,On Head
113300,2.7821,9.1842,-0.1413,-0.6260,21.7557,-21.0229,41.19,On Head
113350,3.2825,9.2656,-0.1772,-10.3511,20.2748,-30.2748,41.28,On Head
113400,2.1931,8.8777,0.3974,-4.9160,28.1832,-46.6870,41.28,On Head
113450,1.3048,9.1530,0.2682,-2.8397,22.7634,-41.6794,41.24,On Head
113500,1.1827,9.6654,0.1796,-8.7328,19.2824,-23.9847,41.28,On Head
113550,1.2570,9.5433,0.5674,-8.6565,18.4733,-16.9771,41.09,On Head
113600,1.3360,11.1139,0.2777,-7.4198,16.9008,-3.3740,41.38,On Head
113650,1.6951,10.5393,0.6584,-14.1374,15.9695,-1.5878,41.19,On Head
113700,1.2737,10.2687,1.1684,-15.2061,7.9389,0.8702,41.19,On Head
113750,1.8531,13.1059,2.2027,-1.6794,-6.1679,8.0611,41.05,On Head
113800,3.8618,12.7946,0.1652,13.0992,11.3893,-5.4351,41.19,On Head
113850,1.3599,10.1658,2.3535,-20.3053,42.5191,-3.9542,41.19,On Head
113900,-0.7422,7.4029,3.9863,-9.1908,19.9542,10.6260,41.09,On Head
113950,0.8595,8.7364,3.4477,9.6641,-10.2443,29.4809,41.19,On Head
114000,1.9273,9.0860,2.8706,-1.7557,-19.0076,7.5115,41.09,On Head
114050,0.9697,8.9064,3.0861,2.5038,-31.6794,-1.6489,41.28,On Head
114100,1.3719,8.7221,2.2649,16.4733,-46.3817,-17.8779,41.09,On Head
114150,1.2426,9.4715,1.6472,12.8397,-49.6183,-22.4733,41.19,On Head
114200,1.0319,9.2895,1.6257,13.4809,-50.6870,-3.0534,41.38,On Head
114250,1.3815,9.0836,1.1875,10.3053,-60.1374,-0.4733,41.24,On Head
114300,1.2833,9.5265,1.1061,9.3893,-61.9847,-5.4809,41.24,On Head
114350,2.2817,10.5919,0.7997,2.5802,-59.5267,7.0534,41.28,On Head
114400,2.9018,9.7157,1.0511,0.3664,-43.9695,10.3817,41.42,On Head
114450,3.2753,11.6741,1.1779,19.6641,-26.1221,17.6031,40.91,On Head
114500,5.0661,11.5975,-0.6752,16.7786,-17.2366,8.3206,41.09,On Head
114550,1.5562,8.5018,-0.4884,4.6718,0.3511,-9.8321,40.95,On Head
114600,-0.1365,8.3246,-1.1827,21.4198,-15.6183,-8.5954,40.86,On Head
114650,0.5483,9.5385,-1.6257,11.0534,-28.4275,7.6031,41.28,On Head
114700,1.2665,9.6223,-1.8004,-7.1450,-40.3969,-12.2901,41.24,On Head
114750,0.9481,10.3238,-1.7166,-25.0382,-29.6336,-22.5344,41.28,On Head
114800,1.3384,9.6678,-1.1133,-35.8779,-16.9924,-20.6870,40.86,On Head
114850,0.6009,9.5792,-0.0120,-35.1603,-7.5878,-8.7328,41.19,On Head
114900,1.4820,8.9639,0.4693,-27.5878,-7.7252,6.4580,41.09,On Head
114950,1.6113,9.1435,0.6823,-22.0153,-8.3969,1.2672,41.47,On Head
115000,1.2665,9.4619,0.6584,-25.6947,-10.9924,-9.7710,40.91,On Head
115050,0.7135,10.9559,0.5171,-21.6183,-7.8473,-5.0076,41.28,On Head
115100,1.1947,11.0899,0.0311,-34.8855,6.9771,-0.9771,41.05,On Head
115150,2.9137,15.4641,1.3072,-22.9618,35.3893,26.8092,41.09,On Head
115200,3.9816,12.0165,1.3096,-9.3893,66.0458,11.4351,41.05,On Head
115250,1.6927,8.4659,2.7797,-32.2595,90.1069,-1.9389,41.09,On Head
115300,-0.3065,6.0047,3.9768,-29.6794,92.5343,-1.8168,41.09,On Head
115350,0.1700,7.6902,4.0055,10.6260,77.9542,27.4351,41.09,On Head
115400,0.4717,9.2273,4.0031,7.7557,69.0076,12.0916,41.19,On Head
115450,0.0168,10.1682,4.4125,2.3053,51.4809,3.0687,41.09,On Head
115500,-0.1125,8.2384,4.2306,19.9847,33.3435,-7.8626,41.09,On Head
115550,0.2251,8.9136,3.1580,28.7328,19.8321,-7.5420,41.38,On Head
115600,0.5507,8.8849,2.5474,36.1985,21.3893,4.5496,41.19,On Head
115650,0.7973,9.7109,1.7310,33.6947,25.8779,11.6641,40.95,On Head
115700,0.8356,9.5217,1.4916,28.9466,38.0305,11.8626,40.91,On Head
115750,1.3958,10.7955,0.8499,25.2824,47.0687,10.1679,40.95,On Head
115800,0.9002,10.4627,0.8811,13.0229,67.5878,18.3817,40.91,On Head
115850,2.6504,11.9399,1.6448,-16.7328,60.8550,30.2137,41.09,On Head
115900,1.9872,11.7364,0.1748,7.3893,89.4351,-0.2290,41.24,On Head
115950,1.4126,9.1818,-1.5371,25.3588,91.7863,6.4122,40.91,On Head
116000,2.2027,10.8266,-1.7023,0.6107,101.1756,21.2061,40.95,On Head
116050,2.0877,7.8530,0.0455,-2.9924,85.6794,11.2061,41.24,On Head
116100,1.9225,8.6670,-0.2969,20.4733,48.0611,-20.1221,40.91,On Head
116150,3.2441,9.9575,-1.7909,3.9542,56.8550,-19.7710,41.05,On Head
116200,2.9449,9.3230,-1.8962,15.1298,98.3359,-12.2443,41.24,On Head
116250,2.5905,9.5146,-1.6185,7.5115,139.4504,-2.6260,40.91,On Head
116300,1.4198,9.1219,-0.8332,20.3206,166.0305,15.6031,41.19,On Head
116350,0.7925,9.7779,-0.1508,27.2214,145.0076,12.0763,41.05,On Head
116400,0.5962,10.8146,-0.0144,20.2748,104.1374,7.8321,41.05,On Head
116450,0.7446,10.8840,0.1484,-3.9695,60.8855,0.3969,41.05,On Head
116500,0.9912,10.2783,0.3136,-25.8473,23.5267,-1.8626,40.95,On Head
116550,1.9992,10.5177,1.6592,-54.1221,-2.5649,-5.1603,41.09,On Head
116600,1.3336,11.0229,1.9154,-46.9924,-4.4427,-10.1679,40.91,On Head
116650,0.6273,9.9479,2.1261,-24.5649,-0.1832,-13.3130,40.91,On Head
116700,-0.1676,8.9854,2.1644,-19.0992,-10.9466,-0.4733,40.91,On Head
116750,0.9026,8.8178,2.4780,-22.9313,-26.3053,21.4198,40.86,On Head
116800,1.3001,7.7309,3.0263,-4.5191,-42.5344,0.6260,41.05,On Head
116850,1.8747,9.6031,1.6233,19.5573,-42.2595,-32.2290,41.24,On Head
116900,-0.0790,9.8952,1.2091,29.3435,-46.5344,-39.9389,40.91,On Head
116950,0.5171,9.7803,-0.4741,44.9160,-50.7328,-33.2672,40.72,On Head
117000,0.5483,10.5249,-0.8068,29.7557,-28.5038,-28.1221,40.95,On Head
117050,0.3017,10.9200,-0.9026,11.8779,-8.3969,-16.2748,41.24,On Head
117100,0.2945,10.1107,-0.4597,1.2824,3.3282,-12.7939,41.19,On Head
117150,0.4956,10.0820,-0.3160,0.1069,23.4504,-15.9084,40.95,On Head
117200,-0.3879,9.8881,0.4022,-6.2290,28.9466,-18.0763,40.91,On Head
117250,-0.5698,9.6103,0.8643,0.6718,25.8473,-13.2214,41.05,On Head
117300,-0.8380,9.5361,0.7685,4.5649,18.4275,-21.1603,41.05,On Head
117350,-0.8619,10.4435,0.2490,-4.2290,23.4809,-14.4580,41.19,On Head
117400,-1.0463,10.3860,0.5148,-1.0534,23.1603,-15.2061,41.09,On Head
117450,-0.9170,9.8928,0.0670,-0.1527,20.5802,-10.1832,41.09,On Head
117500,-0.8356,9.4906,0.3256,-7.2672,12.4580,-12.0763,41.09,On Head
117550,-1.1037,10.1203,0.1077,-0.1527,14.1985,-4.8550,41.09,On Head
117600,-0.6560,10.0054,-0.0072,1.8931,17.0687,3.8779,40.95,On Head
117650,-0.2346,9.7372,-0.1413,2.7634,19.6947,0.1527,41.19,On Head
117700,-0.1030,9.7875,-0.3065,7.3282,20.6260,-1.5725,41.24,On Head
117750,0.1987,9.9311,-0.5770,2.4275,21.6031,-2.1985,41.09,On Head
117800,0.4549,9.2943,-0.5100,2.3206,24.4580,-7.2824,41.24,On Head
117850,0.0646,9.5648,-0.5315,8.0611,24.5344,-16.5496,41.24,On Head
117900,-0.1915,9.8378,-1.0199,4.0458,22.3359,-18.1221,41.05,On Head
117950,-0.6823,9.2967,-0.1125,-3.7710,19.1298,-15.4351,41.19,On Head
118000,-1.3575,8.1211,0.3879,14.7481,0.8855,-20.9008,40.91,On Head
118050,-0.7039,10.7117,-1.7813,16.1221,-4.3664,-27.7557,40.95,On Head
118100,-1.3072,10.2185,-1.8531,-1.7710,11.2214,-17.4962,40.95,On Head
118150,-1.9297,10.4076,-1.7526,-8.5344,18.1374,-4.7786,41.19,On Head
118200,-1.4461,9.5672,-1.6472,-3.2061,20.8855,-4.5496,41.09,On Head
118250,-1.9800,10.5848,-2.4636,2.1069,26.5344,-3.1756,40.91,On Head
118300,-1.9417,10.5201,-2.8132,-4.0611,31.4504,6.0153,41.05,On Head
118350,-1.3934,10.0604,-2.7078,-14.8550,39.5267,16.3969,41.09,On Head
118400,-1.0056,9.7276,-2.3439,-18.5344,43.5878,17.4198,41.05,On Head
118450,-0.6680,9.5122,-1.9632,-23.1908,47.6794,10.6260,41.09,On Head
118500,-0.7446,9.6606,-1.5490,-20.0611,48.5649,6.6870,41.09,On Head
118550,-0.7925,9.8210,-1.4844,-20.6107,49.2214,4.7634,41.05,On Head
118600,-0.8763,9.5026,-1.3264,-17.5878,46.7939,5.3588,41.05,On Head
118650,-0.6895,9.5792,-1.3384,-17.5878,41.7405,7.7557,40.86,On Head
118700,-0.3591,9.5624,-1.5036,-17.1603,39.6183,10.5649,41.38,On Head
118750,-0.2370,9.7995,-1.5874,-16.8550,39.7710,6.9313,41.19,On Head
118800,-0.8643,9.6031,-1.4676,-11.6641,34.4122,6.0000,41.28,On Head
118850,-0.7590,10.7093,-1.3336,-15.1450,21.0382,6.6412,41.05,On Head
118900,-0.4477,10.5560,-1.0199,-24.4122,18.6260,5.1450,40.95,On Head
118950,-0.0910,10.6279,-0.5818,-41.8015,32.8397,6.6565,40.86,On Head
119000,-0.1987,10.2951,0.6416,-56.5649,64.3359,14.4122,41.09,On Head
119050,-0.1006,9.6007,1.9465,-55.0382,98.9771,28.7176,41.28,On Head
119100,-0.4334,8.8825,2.8323,-46.3511,123.4046,35.3588,40.95,On Head
119150,-0.3639,9.7516,4.1228,-44.5038,135.3740,40.5802,40.95,On Head
119200,-1.1468,8.8801,5.4013,-23.5420,126.5343,39.3893,41.24,On Head
119250,-0.9481,8.1499,5.6264,7.5267,89.4962,43.6336,40.95,On Head
119300,0.4477,8.5162,4.3167,26.6870,54.2748,31.5878,41.28,On Head
119350,1.3815,9.3398,3.1723,21.5420,35.3130,20.4733,41.24,On Head
119400,1.6209,9.5409,2.8922,11.9542,29.6794,11.8321,41.19,On Head
119450,1.3958,9.5720,2.9233,10.2748,25.4046,5.9542,41.05,On Head
119500,1.3838,9.7755,2.8276,8.4122,24.5649,4.0153,41.19,On Head
119550,1.4748,9.7061,2.7677,14.1679,24.3359,5.3740,41.09,On Head
119600,2.0566,9.5960,2.5953,26.1527,26.8550,17.8473,41.05,On Head
119650,2.9305,9.1530,1.6999,43.6336,50.9618,32.1069,41.05,On Head
119700,2.5163,9.4332,1.0439,44.8855,61.6947,27.6489,41.28,On Head
119750,2.2218,9.5744,0.7254,38.9008,62.4885,16.7023,41.09,On Head
119800,1.8364,10.3645,0.4788,24.9160,61.3130,15.0687,41.42,On Head
119850,1.4964,10.3765,1.1349,9.9084,49.3588,19.2519,41.24,On Head
119900,1.5323,10.3358,1.5874,0.4122,32.5802,24.0153,41.28,On Head
119950,2.6504,12.0524,1.9441,-1.9237,15.1756,36.1985,41.24,On Head
120000,3.8690,10.6829,1.5251,-0.7481,6.1374,32.4427,41.19,On Head
120050,3.8954,9.6271,0.4381,7.9237,-6.0153,17.2366,41.09,On Head
120100,3.4477,8.7460,-0.0790,-0.7176,-10.4275,6.7939,41.05,On Head
120150,3.1867,7.7644,-0.1844,-5.2519,-10.8550,3.7405,41.24,On Head
120200,3.4596,7.6758,-0.0910,-7.7252,-8.0000,5.8473,41.24,On Head
120250,3.8140,8.3414,-0.3448,2.9924,-7.0076,5.2519,40.95,On Head
120300,3.7350,10.2927,-1.1612,16.7939,-12.7939,-0.4733,41.19,On Head
120350,4.1611,11.4203,-2.2003,0.8855,-15.6794,-4.9313,41.24,On Head
120400,4.0103,9.7971,-2.0566,-16.5954,-13.7405,-0.7023,41.19,On Head
120450,3.8834,8.6072,-1.5155,-27.3282,-8.5038,-7.5267,41.28,On Head
120500,3.7685,8.1139,-0.6177,-41.9542,1.9084,-15.2824,41.24,On Head
120550,3.5889,7.9679,-0.0335,-36.4885,6.7176,-13.1756,40.95,On Head
120600,3.8642,9.0381,0.1293,-27.5267,5.8779,-16.5344,41.38,On Head
120650,3.2465,10.9583,0.2562,-28.6260,5.8931,-13.9542,41.38,On Head
120700,3.2896,10.3190,0.4836,-30.7786,2.4885,-8.5191,41.24,On Head
120750,2.7438,9.7109,1.0367,-34.6565,5.9542,-1.4046,41.24,On Head
120800,3.0550,10.6949,2.4014,-21.5267,0.3511,8.5191,40.95,On Head
120850,5.0111,10.1370,2.1165,-22.6718,-8.3206,15.3588,40.91,On Head
120900,3.1101,9.5600,3.5051,-35.6489,-10.6260,-9.9389,41.09,On Head
120950,1.0080,6.9671,3.7134,-16.1527,-25.3130,-31.3435,41.05,On Head
121000,1.2067,9.0908,3.0119,-3.0076,-36.7023,-7.8015,41.19,On Head
121050,2.2266,9.4858,3.3662,-16.2748,-42.4885,1.9542,41.19,On Head
121100,2.6480,8.9878,4.0127,-29.2214,-39.4198,-9.5115,41.05,On Head
121150,2.0830,7.8338,4.2353,-0.2137,-43.2214,-14.0611,41.05,On Head
121200,2.1069,9.2608,2.9999,19.8779,-51.8015,-21.1145,41.19,On Head
121250,2.2865,9.1842,1.9393,14.0305,-56.2443,-17.6336,40.95,On Head
121300,2.6959,8.9735,1.4892,16.3969,-52.7023,-6.4427,41.09,On Head
121350,2.9473,8.9495,0.9960,13.8168,-44.6565,-12.6412,40.95,On Head
121400,2.6145,9.1315,1.0822,12.4733,-35.5573,-13.2519,40.91,On Head
121450,3.0167,10.1251,0.9122,9.8015,-26.2901,-2.3053,41.09,On Head
121500,3.2729,9.4379,1.3384,11.3893,-12.3359,3.1298,41.19,On Head
121550,2.8228,9.9264,0.9050,18.8702,-1.8931,3.8473,41.05,On Head
121600,3.7996,14.5113,0.9170,31.0229,1.1603,21.0534,41.28,On Head
121650,3.6440,12.7563,-0.8116,26.8855,6.7939,2.2290,41.19,On Head
121700,1.9321,9.5936,-1.0750,9.3282,13.4351,-4.5344,41.09,On Head
121750,0.5243,9.1051,-0.7590,-1.2366,5.6947,1.2519,41.19,On Head
121800,2.5977,9.8474,-1.4150,-10.6870,-11.7557,0.1527,41.19,On Head
121850,2.4972,9.7995,-0.8068,-30.2901,7.4046,-29.8473,40.91,On Head
121900,0.4645,10.2879,0.9481,-31.4504,13.2519,-7.6947,41.09,On Head
121950,1.7621,9.1746,1.4198,-23.4656,18.2901,4.1069,41.24,On Head
122000,1.7741,8.7843,1.7454,-15.5878,13.3130,7.3588,40.91,On Head
122050,2.1404,8.5042,1.3838,-1.4046,1.9695,6.0458,41.09,On Head
122100,2.1859,9.2512,0.9074,-5.4351,-10.9008,2.3664,41.09,On Head
122150,1.7478,9.3470,1.0606,-6.1527,-21.1908,-4.9313,40.91,On Head
122200,1.4174,10.5465,0.5650,0.5649,-35.8931,5.8779,41.09,On Head
122250,2.0446,10.5728,-0.2251,-3.3740,-35.2824,12.2443,41.24,On Head
122300,1.9513,10.1658,-0.0838,-17.9237,-39.1450,22.8092,41.19,On Head
122350,3.2441,13.5584,0.8475,0.5954,-47.7252,35.6336,41.09,On Head
122400,5.4731,12.3493,0.0335,7.6489,-48.7023,22.2748,41.38,On Head
122450,5.0566,9.6510,0.3591,-17.1450,-28.8244,12.3511,40.95,On Head
122500,3.3543,6.3901,1.9537,-39.6947,-8.0458,10.9313,40.95,On Head
122550,4.0773,6.8738,2.6336,-7.3893,-15.5115,24.5649,40.95,On Head
122600,5.1332,8.9447,2.9975,-29.2366,-20.0458,-2.3053,41.09,On Head
122650,3.2082,9.0285,4.1372,-22.4427,-24.1221,-15.5115,41.19,On Head
122700,2.4948,9.0549,3.2896,-9.5725,-52.3664,-26.3359,41.24,On Head
122750,2.5235,8.8801,2.0207,-6.2595,-64.2901,-21.2977,41.19,On Head
122800,2.9473,8.4060,1.0127,0.9160,-60.4122,4.7634,41.19,On Head
122850,4.2641,8.3342,0.6297,-2.5191,-56.2290,6.7481,41.38,On Head
122900,4.9823,9.2201,0.4549,-10.4122,-29.5114,-14.1069,41.19,On Head
122950,4.1444,9.6055,1.1588,-9.4504,-6.3664,-15.4198,40.86,On Head
123000,3.7421,9.2727,1.5395,3.0229,6.3817,-7.4351,40.95,On Head
123050,3.0837,9.3518,1.3743,16.0305,15.1298,-2.9313,41.05,On Head
123100,3.9911,11.0923,1.0415,37.2061,8.4275,9.0992,41.05,On Head
123150,3.8642,11.2743,-0.0096,25.1450,13.1603,-7.2824,40.91,On Head
123200,2.6719,9.9503,-0.9290,16.7328,20.5954,-23.5573,41.38,On Head
123250,1.1133,8.1858,-0.7278,5.1450,25.3588,-14.7481,41.19,On Head
123300,2.9688,8.7604,-1.2450,15.5115,16.4580,6.6412,41.28,On Head
123350,3.2585,9.9695,-1.5754,-3.5267,40.7939,-34.2901,40.86,On Head
123400,0.7254,11.2695,-1.2115,-0.6870,53.8321,-37.3893,40.72,On Head
123450,0.7039,10.4962,-1.4341,-18.7328,69.1603,-12.0611,41.24,On Head
123500,2.1691,9.0477,-1.5323,-12.5038,120.1832,19.2824,40.86,On Head
123550,2.0662,8.8466,-1.2186,12.1985,157.4809,34.0458,40.91,On Head
123600,2.9185,9.1243,-1.5347,12.5954,172.1985,23.5114,40.95,On Head
123650,1.9154,9.4930,-0.8212,5.4656,187.6794,16.2290,41.24,On Head
123700,1.9992,9.7205,0.3089,15.1145,177.0687,1.9389,41.24,On Head
123750,1.3024,10.2161,0.5698,22.1069,173.5878,-5.4809,41.24,On Head
123800,1.5083,13.8433,2.1835,25.0076,145.7405,14.4580,41.09,On Head
123850,2.8802,11.8178,1.8818,34.2901,119.5420,5.1756,41.19,On Head
123900,1.6903,10.2304,2.3511,3.4351,109.2061,-8.0000,41.05,On Head
123950,-0.3089,7.0126,3.2657,1.8321,81.7710,-11.7252,41.24,On Head
124000,-0.2322,9.1626,3.7948,4.8702,44.2443,11.2061,41.24,On Head
124050,0.9242,10.2975,4.1252,1.8626,17.4809,9.2061,41.24,On Head
124100,0.8739,9.6534,3.9073,6.8702,0.6107,-4.6565,41.05,On Head
124150,0.9960,9.1435,3.1388,5.3130,-12.8855,-20.3053,40.91,On Head
124200,0.8380,9.2249,2.5043,5.5878,-12.9466,-17.4046,41.05,On Head
124250,0.9625,8.9352,2.4277,7.7405,-10.4580,4.1221,40.77,On Head
124300,1.7071,8.8585,2.0734,4.8244,-7.5573,10.4733,40.95,On Head
124350,2.6456,9.0309,1.8364,-12.2443,9.3740,11.0992,40.95,On Head
124400,2.5379,10.2615,1.7071,7.6947,40.3969,-3.0992,40.95,On Head
124450,2.0590,11.5065,1.3336,-13.7405,75.2824,10.1069,40.91,On Head
124500,0.6847,9.4523,3.0263,-20.8702,80.5496,20.5191,41.28,On Head
124550,1.6041,11.2073,5.1236,-48.1069,53.6336,32.8397,41.05,On Head
124600,0.6560,9.9790,5.4612,-4.9160,35.8473,22.4733,40.95,On Head
124650,0.3232,9.6486,3.2872,27.4351,-10.8397,5.5420,41.19,On Head
124700,0.7949,7.6064,1.0870,5.2977,-48.1069,1.2214,41.19,On Head
124750,2.4995,8.3151,1.0511,-17.4198,-61.4504,23.3282,40.91,On Head
124800,4.1779,9.1435,0.1820,11.9389,-58.2137,-18.8855,40.91,On Head
124850,2.5857,11.4227,0.5986,-3.8015,-41.9847,-39.0534,41.24,On Head
124900,2.1572,10.3022,0.8954,-13.6031,-46.4885,-37.5573,40.95,On Head
124950,1.3408,9.3374,1.0487,-11.3588,-50.5038,-36.4733,41.05,On Head
125000,2.0423,9.0357,0.9768,-12.7786,-44.0611,-22.5191,40.91,On Head
125050,2.2410,8.3486,1.3623,-16.1985,-29.3130,-15.4198,40.91,On Head
125100,1.9106,8.7580,1.8052,3.6794,-25.0076,-19.6794,41.05,On Head
125150,1.6903,10.0676,1.3671,13.3282,-24.9313,-21.4504,41.28,On Head
125200,0.7374,10.5943,1.4964,13.1298,-34.5802,-8.8550,41.09,On Head
125250,0.9984,10.1993,0.9409,7.6641,-51.3282,-3.2824,40.95,On Head
125300,3.1029,16.2135,1.1133,27.9542,-53.3282,0.7786,40.91,On Head
125350,2.7198,11.8920,1.0965,30.3511,-39.5725,-30.8702,41.19,On Head
125400,1.9010,9.4619,1.2641,8.5496,-38.3359,-40.5496,40.91,On Head
125450,0.9912,7.4555,1.8435,-10.8550,-38.7939,-50.3817,41.24,On Head
125500,0.9290,7.2329,2.4493,-4.3511,-46.3359,-56.4275,40.86,On Head
125550,-1.0032,10.2759,2.1069,7.4809,-45.1908,-107.0382,40.95,On Head
125600,-3.8978,11.5472,2.8276,-32.0458,-35.7863,-66.7786,40.95,On Head
125650,-3.7445,8.8897,3.4453,-4.4733,-38.9771,-29.3588,41.05,On Head
125700,-2.5929,9.4762,2.5139,-4.4427,-38.8397,-16.0763,41.19,On Head
125750,-1.9082,8.7005,2.7246,-9.5267,-28.9466,-1.9084,41.05,On Head
125800,-1.6712,8.7125,3.0071,-1.6031,-20.1374,-0.2290,41.19,On Head
125850,-3.0957,9.5768,3.2705,0.7634,-24.9160,-5.0229,41.24,On Head
125900,-2.9161,9.3422,3.5458,-9.6031,-34.7481,3.3130,41.05,On Head
125950,-2.5043,8.7221,3.8331,11.6641,-36.3817,14.8550,41.05,On Head
126000,-1.1708,9.3182,2.7485,29.0076,-29.6336,29.6031,41.05,On Head
126050,-0.5626,10.0197,2.1213,28.9313,-14.8244,35.3435,41.28,On Head
126100,0.7805,11.1761,1.4557,25.6641,-9.8779,30.0916,41.05,On Head
126150,-0.9409,11.4467,0.9912,12.0305,-7.3130,1.3282,41.24,On Head
126200,-2.4684,10.8769,0.4094,5.4504,-21.2061,13.6489,41.19,On Head
126250,-0.9816,7.4077,0.0694,-2.1221,-22.6107,47.5267,40.95,On Head
126300,1.4126,7.2233,-0.1628,11.1145,-9.9695,51.2824,40.95,On Head
126350,2.3248,9.0429,-1.0558,8.6718,10.3511,-13.8779,40.77,On Head
126400,-0.4693,11.1905,-0.5004,-4.5191,21.3130,-61.9237,41.05,On Head
126450,-3.0430,11.8657,-0.2873,-7.5573,15.4351,-60.4275,41.05,On Head
126500,-3.4716,10.1323,0.1173,-27.3282,-3.8626,-26.0000,40.95,On Head
126550,-2.0279,8.4994,1.1468,-23.1756,-15.0992,-4.4733,41.19,On Head
126600,-1.2881,8.4276,1.5083,-20.8397,-25.2519,-12.5344,40.95,On Head
126650,-2.1691,8.9830,1.8052,-3.8015,-38.3206,-24.7176,40.95,On Head
126700,-2.4421,10.5273,1.1995,2.7176,-60.3511,-36.8244,40.86,On Head
126750,-3.4764,10.5489,0.9864,0.5038,-72.9008,-34.3969,41.05,On Head
126800,-2.9640,9.6558,0.9146,-5.2366,-81.4809,-15.1908,41.24,On Head
126850,-2.8276,8.8992,1.1827,2.2595,-79.6489,-7.5115,40.91,On Head
126900,-2.4972,10.0006,1.5036,7.1603,-88.0458,2.1832,41.24,On Head
126950,-1.6257,8.5593,0.9816,2.9008,-103.1603,-15.2977,41.09,On Head
127000,-2.5331,11.3701,1.4892,-16.9771,-99.2214,0.1221,41.09,On Head
127050,-2.1859,9.0980,3.1005,-19.7405,-91.9084,5.5267,40.91,On Head
127100,-2.0135,8.9136,2.9975,6.8702,-97.2672,8.9924,41.24,On Head
127150,-0.7326,9.1482,2.2984,15.2824,-92.0916,13.3893,40.95,On Head
127200,-0.3065,8.8729,2.1835,11.9542,-78.8855,3.4962,40.91,On Head
127250,-0.7015,10.1586,2.1811,14.9466,-75.1756,3.4198,41.24,On Head
127300,-0.2274,9.8521,2.5642,-5.0992,-69.6641,-11.7557,40.95,On Head
127350,-0.9984,9.5529,3.1675,-21.9084,-69.5878,-14.7634,40.95,On Head
127400,-0.7566,9.5074,4.0151,-33.4504,-67.2519,-6.5191,41.05,On Head
127450,-1.1325,7.9679,5.2194,-24.3359,-58.0000,-12.9771,41.09,On Head
127500,-1.5371,8.6263,4.2904,6.0305,-39.6336,4.2748,41.24,On Head
127550,-1.8148,9.8928,4.1132,16.6412,-46.7481,30.1832,40.91,On Head
127600,0.9601,11.3509,2.9999,5.2672,-60.3053,19.6489,40.91,On Head
127650,1.6592,11.4491,2.3679,-18.6870,-55.3893,3.5725,41.19,On Head
127700,1.1708,9.1961,3.5410,-53.1756,-41.6031,1.3893,40.91,On Head
127750,0.7374,7.3909,4.7908,-27.1145,-18.0305,1.1908,41.09,On Head
127800,0.0263,7.6303,5.0494,20.0458,-18.6107,8.4580,40.95,On Head
127850,-0.0048,9.0022,4.4915,27.6794,-40.7023,13.9847,40.72,On Head
127900,1.4557,10.4387,3.4500,7.2672,-44.7634,5.2061,40.91,On Head
127950,1.3886,9.6702,3.7661,1.0076,-40.5496,-10.4427,41.05,On Head
128000,1.5754,9.7037,4.1635,-13.7557,-24.8855,-19.1756,40.95,On Head
128050,0.7230,7.7021,4.7669,12.3969,-14.0305,-12.5954,40.91,On Head
128100,1.1061,9.0237,3.7589,22.6107,-3.3588,-11.9237,41.24,On Head
128150,1.1325,10.0916,2.7342,11.2519,6.8244,-10.2595,41.09,On Head
128200,1.2641,9.4571,2.9760,-5.3435,16.0611,-9.0840,41.05,On Head
128250,0.3256,9.4140,3.6607,1.8321,22.9771,-8.4733,41.28,On Head
128300,-0.1987,9.0740,4.0175,9.9389,22.2901,-0.5802,41.28,On Head
128350,-1.0223,9.3518,4.1108,32.1985,19.5573,8.1985,41.24,On Head
128400,-0.2274,9.8689,3.2537,34.6565,9.9847,17.8015,40.95,On Head
128450,0.1939,10.4555,2.7366,28.2443,6.9924,15.2977,41.09,On Head
128500,0.2849,10.2783,2.2529,16.4275,4.2443,16.7786,41.09,On Head
128550,0.4286,9.9479,1.8531,11.8321,2.9618,18.5191,41.05,On Head
128600,-0.0287,10.3142,1.5227,8.2748,-5.7099,22.5954,41.09,On Head
128650,0.1939,10.1634,1.5227,-11.0382,-22.1832,27.2214,41.09,On Head
128700,-0.4645,10.4339,2.2075,-14.3359,-62.2595,29.4962,41.24,On Head
128750,0.7614,9.9024,1.8675,-30.5649,-94.4733,32.7328,41.05,On Head
128800,2.2194,9.0764,1.6999,-26.8550,-111.3893,25.2672,40.95,On Head
128850,3.2322,8.6119,1.5107,-18.6565,-104.0000,13.8473,40.95,On Head
128900,3.0287,8.8274,1.4676,-12.6565,-94.2595,2.9924,40.91,On Head
128950,2.4014,8.9423,0.8787,-16.7176,-86.1069,11.5420,40.91,On Head
129000,3.1436,9.5792,1.0630,-17.6794,-83.8015,11.3893,40.91,On Head
129050,2.6719,11.0109,0.4286,-12.5496,-82.1527,-15.1145,41.09,On Head
129100,2.7054,10.6374,0.1700,-22.3511,-77.8626,-18.9008,40.95,On Head
129150,2.5570,10.0940,0.3639,-29.7099,-77.1145,-11.5878,40.95,On Head
129200,3.3519,8.6766,0.8523,-29.4809,-59.7710,-7.8015,41.09,On Head
129250,2.1739,8.6167,1.5155,-3.9389,-51.7405,-9.0534,41.19,On Head
129300,2.6839,9.3781,0.8859,7.6183,-63.3740,-13.5267,40.72,On Head
129350,2.2913,10.3286,0.1460,2.9160,-77.0687,-10.9466,41.28,On Head
129400,3.2250,10.6925,-0.2658,-14.3969,-79.2366,-11.7099,40.95,On Head
129450,2.8587,9.9407,0.4190,-18.9771,-78.4275,-5.9237,40.95,On Head
129500,4.3072,10.0868,-0.0144,-27.6183,-68.4275,4.4733,41.19,On Head
129550,3.8666,9.1147,0.1053,-27.5420,-50.4122,-0.2748,41.24,On Head
129600,3.6057,9.2177,0.5339,-27.1756,-40.3817,-2.7176,40.77,On Head
129650,3.4285,9.2632,0.9768,-24.6412,-44.4122,-6.4275,41.24,On Head
129700,3.5243,9.5553,0.5219,-20.7481,-43.4656,-0.4580,40.86,On Head
129750,3.4213,9.4044,0.3041,-17.8779,-40.0611,7.3130,41.05,On Head
129800,3.3998,10.0341,0.2059,-30.0153,-33.4504,7.6641,40.72,On Head
129850,3.1388,9.3063,0.6177,-39.2977,-27.8779,17.0076,40.95,On Head
129900,4.9105,11.3270,2.0135,-38.9008,-24.3817,10.1527,40.95,On Head
129950,4.7716,9.8641,2.3583,-25.8626,-19.6336,2.3511,41.09,On Head
130000,4.6831,9.5002,2.6743,-25.0687,0.5649,11.4198,40.95,On Head
130050,3.4548,8.2241,2.9975,-20.1527,9.9084,-1.6489,41.24,On Head
130100,2.7629,7.8961,2.9928,-16.5496,-5.1145,-20.6870,40.91,On Head
130150,2.8252,8.8490,3.0478,-31.0992,-7.6641,-30.7023,40.77,On Head
130200,2.8874,8.4060,4.4412,-24.6412,-5.5267,-27.1908,40.95,On Head
130250,2.5762,9.3111,5.0542,-19.5420,4.5038,-26.3359,40.86,On Head
130300,2.5163,8.8011,4.8674,-7.6031,7.2672,-18.3969,40.91,On Head
130350,1.9082,8.2815,4.0797,6.6107,8.8244,-22.3053,40.91,On Head
130400,2.0542,8.4587,3.6536,20.5649,6.1527,-20.9313,41.05,On Head
130450,2.3703,9.0980,2.7390,21.4351,7.5115,-3.8015,41.09,On Head
130500,3.3639,9.5385,2.1117,21.2214,31.1908,7.6031,40.91,On Head
130550,3.2609,8.9160,2.3559,14.1221,40.4580,-12.4580,41.05,On Head
130600,2.7749,9.3326,2.6264,4.1832,45.0076,-17.5420,40.77,On Head
130650,2.5498,8.8609,3.1196,-1.3435,49.8473,-18.6718,41.05,On Head
130700,1.3623,8.8107,4.2449,5.8779,40.8244,-18.5191,40.91,On Head
130750,1.2378,9.9359,3.9385,14.0458,27.2519,-7.3282,41.19,On Head
130800,1.0965,10.3597,4.0318,13.4962,16.9771,1.8779,41.09,On Head
130850,1.2474,10.2089,3.7254,19.1756,7.3740,8.3511,40.95,On Head
130900,2.6312,11.9447,3.0406,20.6107,-0.9771,8.6718,41.09,On Head
130950,1.3360,11.2001,1.4437,11.9695,5.6183,-7.0229,40.95,On Head
131000,0.2466,8.8514,0.6680,-2.5344,15.6641,-8.0153,41.19,On Head
131050,-0.1676,9.1147,0.7638,6.0763,16.1374,11.1908,41.05,On Head
131100,1.0726,9.3877,0.1197,14.7786,14.0611,11.2672,40.95,On Head
131150,0.9553,10.1299,0.0838,2.1221,19.2519,1.7252,41.19,On Head
131200,0.6776,10.1754,-0.1197,7.9695,18.9160,0.9771,41.09,On Head
131250,0.9649,10.1442,-0.2538,-1.8779,28.7786,1.9695,41.24,On Head
131300,1.2809,9.3111,0.5938,-17.6336,35.1603,6.3359,40.77,On Head
131350,0.5435,8.1475,1.7023,-16.9618,28.0305,-0.0153,41.28,On Head
131400,0.2682,9.4906,1.9393,-14.1527,-20.6565,-9.5420,40.95,On Head
131450,0.9697,9.7109,1.3838,-24.0153,-38.5038,-15.6183,40.72,On Head
131500,1.5778,10.9439,0.8739,-11.0229,-27.4962,-0.7328,40.95,On Head
131550,2.3104,11.1043,0.6680,-16.2595,-2.2901,13.0382,41.05,On Head
131600,1.7789,10.2568,1.7957,-17.4809,14.8550,23.7710,40.91,On Head
131650,2.2027,10.2161,3.6033,-27.5878,-10.1527,31.0076,41.24,On Head
131700,1.8986,11.3198,4.1922,-22.9008,-6.6260,9.2061,41.19,On Head
131750,0.8930,8.3390,4.9153,-30.0611,-9.0229,-19.2824,40.91,On Head
131800,-0.1963,7.7668,5.3582,-8.4275,-18.0153,-5.7252,41.24,On Head
131850,1.3001,8.4491,4.4915,14.7328,-27.5420,15.1908,41.05,On Head
131900,1.6855,8.4994,3.7038,17.2519,-34.7176,-9.6947,41.05,On Head
131950,1.1588,8.9495,3.3040,6.2595,-37.8015,-21.3435,40.91,On Head
132000,0.2083,8.8753,3.3950,15.0992,-42.5038,-19.4656,41.19,On Head
132050,0.0718,9.3613,2.3104,26.1221,-48.2748,-11.6947,41.09,On Head
132100,-0.0742,10.9247,1.7765,7.7252,-34.7634,29.5114,40.67,On Head
132150,1.8100,9.1842,2.4253,-1.3893,-30.9618,62.9618,40.67,On Head
132200,3.7781,8.7532,2.8084,3.9237,-24.1679,45.1450,40.95,On Head
132250,4.1851,9.6486,2.3463,3.0992,-13.4046,25.0076,41.05,On Head
132300,5.2218,13.3285,2.1380,15.6336,7.2366,31.7099,41.24,On Head
132350,5.0087,10.4411,1.4293,6.3511,12.0916,31.6947,40.77,On Head
132400,4.3215,9.9024,0.0024,18.1374,18.9466,1.1908,40.91,On Head
132450,2.5953,7.8147,-1.0965,5.2214,25.8931,-26.7023,40.95,On Head
132500,1.4150,9.0405,0.2562,-12.5344,20.6107,8.3206,41.09,On Head
132550,3.3447,9.0764,0.5602,-3.5878,14.6107,9.0382,40.91,On Head
132600,3.0957,9.2895,0.5555,-4.7328,18.4427,-14.0458,40.91,On Head
132650,3.0765,9.8378,0.6680,-13.1603,12.5344,-10.5954,40.91,On Head
132700,2.8635,9.1099,1.0295,-12.3969,20.8702,-21.6489,40.95,On Head
132750,2.5402,9.0740,1.1540,-14.3359,21.7252,-14.0000,41.38,On Head
132800,2.7438,8.4779,1.5730,-15.4962,23.6336,-2.9160,40.95,On Head
132850,2.7246,8.4515,1.4557,-0.4885,18.3206,-19.2214,40.77,On Head
132900,2.4780,9.9264,1.2522,-12.2748,11.4198,-10.3817,41.05,On Head
132950,2.8395,9.8138,1.3001,-1.4962,5.8168,2.7786,40.86,On Head
133000,3.1723,10.0796,0.7326,-1.4351,1.6031,6.4733,41.19,On Head
133050,5.1380,14.8871,1.7286,14.1985,1.4962,13.6947,40.77,On Head
133100,4.9680,10.2711,2.0925,-10.7481,22.2901,-17.4046,41.05,On Head
133150,0.7781,7.8051,3.4836,-26.7786,12.9618,-24.0153,41.09,On Head
133200,0.1460,8.0445,4.7309,-19.8015,0.2137,-27.8015,41.05,On Head
133250,0.8523,8.9807,3.8451,15.4198,-0.4733,-14.3053,40.86,On Head
133300,1.4940,9.4188,2.6001,26.9924,6.3511,0.7328,41.05,On Head
133350,1.4365,9.2632,2.0566,19.7557,9.4351,-13.7710,41.24,On Head
133400,0.7111,9.4978,1.5850,19.5114,3.2214,-14.7023,41.05,On Head
133450,1.3767,9.4762,1.2210,12.0458,-2.7023,9.8931,40.77,On Head
133500,2.3655,8.7101,1.5850,10.1374,-3.7099,9.0534,40.91,On Head
133550,1.4988,8.4587,2.0135,16.6107,-11.0229,-15.8168,40.86,On Head
133600,0.8811,9.9814,1.4772,21.4351,-19.1756,-13.6489,41.05,On Head
133650,1.5538,11.2001,1.4676,4.0000,-26.3817,4.2290,40.95,On Head
133700,2.2960,10.5704,1.2641,-1.3588,-20.7939,4.0305,41.05,On Head
133750,3.7948,17.0754,1.6209,13.7099,-3.4504,30.8855,40.95,On Head
133800,3.7014,11.4682,0.3472,17.5114,22.4427,0.3053,41.09,On Head
133850,0.9122,7.1754,-0.4501,9.2672,21.8321,-10.1527,40.77,On Head
133900,1.0774,10.1059,-0.9697,6.2748,14.1832,21.7557,41.09,On Head
133950,2.8802,9.8450,-0.7757,-5.2672,26.7328,17.4656,40.91,On Head
134000,2.0949,9.0932,0.0670,-8.4427,39.9542,-10.4733,40.95,On Head
134050,1.4198,8.9687,0.7302,-10.0611,36.2595,-17.0687,40.86,On Head
134100,1.1827,8.6910,0.9529,-4.9618,33.8015,-19.8015,40.95,On Head
134150,1.1325,8.8825,1.0678,-9.8015,32.5344,-13.1298,41.09,On Head
134200,1.2737,8.6981,1.1229,-5.8015,29.9084,-1.1908,40.91,On Head
134250,1.8435,9.6295,0.9385,1.5420,27.1145,-5.6336,40.91,On Head
134300,1.7741,10.5010,0.7446,-3.8626,25.2366,-8.7176,40.95,On Head
134350,1.4078,10.5632,0.7135,-6.2290,19.5114,-5.3282,41.05,On Head
134400,-0.0479,9.7157,1.5347,-9.8015,-3.9237,-4.2443,40.91,On Head
134450,2.3391,15.3157,1.1301,-6.5496,-15.9237,9.8015,40.95,On Head
134500,1.9704,10.5872,1.9752,15.9695,-1.7557,-20.0305,40.95,On Head
134550,0.5052,8.9711,2.0734,4.3511,14.0000,-35.2061,40.95,On Head
134600,-0.2298,9.2751,2.6887,-15.9695,32.5649,-11.8473,41.09,On Head
134650,0.4238,8.8729,3.3591,-12.0000,41.4656,3.6947,41.05,On Head
134700,-0.0431,8.1618,3.0837,3.5573,40.5649,-11.3130,40.95,On Head
134750,0.1748,9.4834,2.5115,8.5038,37.3282,-13.9542,40.77,On Head
134800,-0.4597,9.0453,2.3631,21.0992,28.2290,-8.8397,40.95,On Head
134850,0.3639,9.6079,1.2594,15.8321,23.8168,-8.1221,41.05,On Head
134900,-0.0766,9.3374,1.4461,-0.8550,31.2061,-5.4656,40.95,On Head
134950,-0.7805,9.4379,2.1428,1.6183,36.9771,-11.9695,40.72,On Head
135000,-1.5012,10.3525,2.1045,10.0916,36.5496,-2.5191,40.95,On Head
135050,-1.1013,10.0006,1.4964,-1.5573,41.5115,14.1679,40.95,On Head
135100,2.0063,14.9685,1.9489,-34.2901,64.6718,13.2977,40.91,On Head
135150,-0.1580,12.3804,1.6281,48.8244,74.5954,-2.7634,41.28,On Head
135200,0.2538,8.5904,-0.0670,39.5420,54.6260,1.9237,40.86,On Head
135250,1.4150,9.9910,-1.0774,29.6031,53.3893,3.5725,40.95,On Head
135300,1.6544,8.6814,-0.8356,7.5878,57.7557,-8.0611,40.91,On Head
135350,0.6536,9.8593,-1.3216,19.3435,58.0153,-29.8931,40.95,On Head
135400,-0.2514,10.3980,-1.4341,-9.6336,60.5954,-26.1069,40.91,On Head
135450,-0.6081,9.4810,-0.2993,-14.0305,58.3664,-3.1603,40.86,On Head
135500,0.5938,9.3877,0.0311,-12.6565,48.9924,7.8626,41.09,On Head
135550,1.5778,9.0573,-0.1460,-4.6412,41.9084,-7.5725,40.86,On Head
135600,1.2450,9.5624,-0.3136,-2.0763,36.4885,-19.2519,40.95,On Head
135650,1.3791,10.0126,-0.4693,-9.5420,29.4962,-33.5878,40.91,On Head
135700,0.5171,10.1658,0.0192,-18.5649,37.3130,-29.5267,40.72,On Head
135750,0.3807,9.4571,0.5076,-19.7099,35.8626,-19.3130,40.86,On Head
135800,0.4836,9.2823,0.9433,-31.8473,34.6565,-18.6107,40.91,On Head
135850,0.0575,9.3039,1.4533,-14.9771,36.6565,-31.0076,40.95,On Head
135900,-1.8531,12.5935,2.2218,-25.7252,29.9237,-23.3893,40.67,On Head
135950,-3.6512,11.6885,2.2362,-16.2137,12.9466,-4.2290,41.05,On Head
136000,-1.8340,10.2663,2.4229,-21.6183,12.4733,5.2824,40.86,On Head
136050,-1.7741,7.4819,2.7533,-3.4962,20.3511,-12.1221,41.05,On Head
136100,-2.6169,7.4412,2.8084,9.1908,12.9160,-19.3282,40.58,On Head
136150,-3.0239,8.2887,2.3439,16.6412,1.5420,-26.4275,40.77,On Head
136200,-3.4141,8.6191,1.8052,15.4962,-7.1756,-35.7557,40.91,On Head
136250,-4.0007,8.0876,1.5802,15.1603,-12.3053,-43.5878,41.38,On Head
136300,-5.1523,8.1786,0.7661,31.0229,-20.5344,-70.3664,40.95,On Head
136350,-5.8107,9.8210,-0.2825,25.0534,-11.1450,-50.7023,41.24,On Head
136400,-5.7030,9.2296,0.1939,5.4656,-3.9237,-16.1221,40.95,On Head
136450,-5.4181,9.2296,0.2346,3.3282,3.1603,-10.1374,40.91,On Head
136500,-5.4755,8.6455,0.6704,-4.4122,-3.6641,-6.4885,40.95,On Head
136550,-4.9919,8.6455,0.7087,-4.6870,-12.7634,-5.9847,40.77,On Head
136600,-4.5346,8.3773,0.7590,-3.1450,-9.9237,-11.1145,40.86,On Head
136650,-4.7405,8.4204,0.9194,-2.6260,-7.7710,-17.6641,40.86,On Head
136700,-5.3606,9.0860,0.5722,-2.9313,-3.9237,-10.0763,40.95,On Head
136750,-5.9807,8.7245,0.9673,-20.9771,-3.5878,3.7405,40.95,On Head
136800,-5.4803,8.6622,1.1516,-14.6565,-11.6336,4.8092,40.91,On Head
136850,-5.0518,8.3246,1.5060,-7.8779,-7.8168,1.6489,40.95,On Head
136900,-5.1499,8.2863,1.7980,-2.9008,-4.4427,2.8855,41.24,On Head
136950,-5.1715,8.1283,1.7358,12.5038,-8.9160,-3.3893,41.28,On Head
137000,-5.4013,8.4515,1.3647,15.0382,-11.3740,-4.5344,40.91,On Head
137050,-5.0111,8.6838,1.1923,14.9160,-13.2519,-7.2519,40.91,On Head
137100,-5.6240,8.7340,1.1756,5.0840,-11.1450,-6.5649,40.86,On Head
137150,-5.1595,8.7724,1.1253,-2.5649,-17.2061,-2.7634,40.77,On Head
137200,-4.2401,7.2449,1.6616,0.5954,-13.1450,-14.2443,40.86,On Head
137250,-3.1580,5.4875,1.9824,-0.9771,-9.8779,-43.7710,40.95,On Head
137300,-6.4332,7.1658,1.6783,42.3511,-5.7099,-95.2061,40.77,On Head
137350,-7.5705,8.5641,1.1133,-5.2672,-9.3435,-37.9695,40.95,On Head
137400,-7.3933,7.4412,1.2641,11.0229,-2.1679,-33.9695,40.91,On Head
137450,-7.3191,7.9823,1.1109,-16.7939,-1.3740,-22.1527,41.05,On Head
137500,-7.1371,7.9535,1.5467,-20.9771,-0.2901,-0.4427,41.24,On Head
137550,-5.7724,7.6734,1.5490,-24.1832,13.0687,17.0687,40.95,On Head
137600,-5.1356,7.3550,1.5706,-17.7863,23.8931,29.4046,40.95,On Head
137650,-3.8355,7.4723,1.2809,-13.7405,37.4504,28.5802,40.95,On Head
137700,-4.3072,8.6048,1.0223,-2.4580,46.8092,16.1679,41.19,On Head
137750,-4.5203,9.9359,0.0407,-6.3206,51.9542,10.4580,40.91,On Head
137800,-5.1020,8.8873,0.1030,-2.7786,50.9618,8.6107,40.91,On Head
137850,-4.9297,9.4906,-0.4501,0.9771,44.7481,12.2901,40.91,On Head
137900,-4.5777,9.1075,-0.9385,0.6870,40.5038,9.2824,41.19,On Head
137950,-4.0510,8.2289,-0.7853,-13.4198,38.3817,16.2748,41.05,On Head
138000,-3.6679,7.3119,-0.9290,-2.6260,38.0458,8.0305,41.05,On Head
138050,-3.5745,9.2153,-1.9369,0.9771,36.8397,2.7176,40.91,On Head
138100,-3.9025,8.6095,-1.3240,-27.6489,35.2214,-5.6336,40.91,On Head
138150,-4.8770,8.6048,-0.8068,-19.6641,29.5420,-23.4351,40.77,On Head
138200,-5.5234,8.6503,-0.8571,-21.3435,24.1221,-18.3511,40.95,On Head
138250,-5.3008,8.3031,-0.9625,-19.5267,23.0992,-3.4962,40.91,On Head
138300,-4.7238,8.0948,-1.0511,-23.2672,28.2901,4.5038,40.91,On Head
138350,-4.3886,7.6854,-1.0295,-22.4886,34.8702,4.0916,41.24,On Head
138400,-4.8267,8.7556,-1.4485,-21.3740,43.2366,-7.5420,40.91,On Head
138450,-5.3295,8.8801,-1.7238,-20.9160,51.2366,-10.7786,41.09,On Head
138500,-5.6120,8.6479,-2.2051,-23.0382,51.5420,-1.4046,40.95,On Head
138550,-5.2289,8.5042,-2.5690,-31.0076,50.7786,3.7405,41.05,On Head
138600,-4.9321,8.4204,-2.2482,-54.3206,51.6641,5.7710,40.77,On Head
138650,-4.8100,7.8889,-1.3982,-55.4046,52.9466,3.4046,40.95,On Head
138700,-4.9488,8.1738,-0.9098,-50.1069,49.9389,-2.0611,40.67,On Head
138750,-5.0182,8.3749,-0.6560,-46.8397,45.0992,-3.6641,40.95,On Head
138800,-4.8387,8.1211,-0.3831,-42.4122,39.4809,-0.9618,41.05,On Head
138850,-4.5562,7.9607,-0.4884,-35.4198,35.7863,-4.2901,40.86,On Head
138900,-4.6735,8.2361,-0.3855,-31.2214,33.1450,-4.6412,40.86,On Head
138950,-4.9680,8.2456,-0.4334,-26.0305,28.6107,-8.7023,40.72,On Head
139000,-5.3822,8.7005,-0.3879,-24.0153,23.6336,-8.1374,40.86,On Head
139050,-5.5474,8.7556,-0.3376,-24.9771,18.1527,-0.5496,41.05,On Head
139100,-5.1906,8.6718,-0.1724,-30.8244,14.7328,7.0076,40.95,On Head
139150,-4.3910,8.0254,0.2849,-33.0992,14.3511,12.8855,41.19,On Head
139200,-3.8882,8.0325,0.3496,-33.2214,22.2137,3.8321,40.91,On Head
139250,-4.4556,8.4491,0.6560,-35.8473,34.4733,-4.5802,40.86,On Head
139300,-4.9536,8.6503,1.0295,-37.4198,44.9924,-1.6031,40.95,On Head
139350,-5.1595,8.6311,1.3647,-38.4580,51.1450,4.1221,40.95,On Head
139400,-5.1715,8.1163,1.8196,-38.4427,55.3740,9.5878,40.95,On Head
139450,-4.8602,7.9607,2.0494,-32.3817,51.1908,8.1527,40.91,On Head
139500,-4.7692,8.1235,2.1476,-25.6031,47.4656,0.2290,40.77,On Head
139550,-5.0805,8.6646,2.0446,-16.5038,40.6870,-2.0153,41.09,On Head
139600,-5.2337,8.5928,1.9513,-10.1527,28.3206,-6.0153,40.77,On Head
139650,-4.9847,8.3845,1.6185,-8.7634,16.8550,-7.4962,40.91,On Head
139700,-4.7692,8.4683,1.2929,-11.3893,11.4962,-11.0534,40.95,On Head
139750,-4.7357,8.4874,1.5371,-12.6870,11.0229,-5.1603,40.77,On Head
139800,-4.1970,8.1163,1.5275,-9.6336,10.3511,-2.8550,40.95,On Head
139850,-4.4724,8.4731,1.5036,-5.6794,14.4427,-11.3893,40.77,On Head
139900,-4.8746,8.6550,1.6041,-5.6489,14.6565,-8.6870,41.19,On Head
139950,-4.7836,8.6263,1.4317,-4.7176,10.7786,-3.0840,41.05,On Head
140000,-4.7357,8.5808,1.1899,-6.0763,10.8702,-5.8168,40.95,On Head
140050,-4.7070,8.6335,1.2641,-7.0076,13.6031,1.5420,41.19,On Head
140100,-4.3287,8.5042,1.2522,-3.2519,16.6870,8.3664,40.95,On Head
140150,-4.2425,8.6790,1.2881,-4.1679,23.0840,8.5496,40.91,On Head
140200,-4.6807,9.2608,1.2977,1.3282,26.6107,11.6031,40.91,On Head
140250,-4.9129,9.9048,1.2905,-0.5802,22.6107,23.6336,40.86,On Head
140300,-4.4628,9.7061,1.0032,1.3282,20.4122,18.9924,41.28,On Head
140350,-4.7262,9.2967,0.5363,5.2366,17.1603,13.4962,40.95,On Head
140400,-4.7333,8.8514,-0.3184,2.2443,17.3893,17.0687,41.05,On Head
140450,-4.3239,6.9911,-0.5602,-4.1985,15.6641,32.7786,41.09,On Head
140500,-3.6272,8.3653,-1.2665,6.3511,12.6565,34.1527,41.09,On Head
140550,-3.2010,8.7915,-1.6352,-3.7252,23.1908,13.4809,40.91,On Head
140600,-3.8714,9.2727,-1.6017,1.2366,24.5344,6.6565,40.86,On Head
140650,-3.7781,9.1147,-1.9106,-1.6183,24.3664,-5.2672,41.05,On Head
140700,-3.9217,8.8921,-1.7310,-13.7252,27.3893,-3.1450,41.19,On Head
140750,-3.6081,7.9152,-0.9553,-19.0992,23.2977,0.5954,40.95,On Head
140800,-3.2825,8.2768,-0.9481,-10.2901,20.2137,-7.9847,40.95,On Head
140850,-3.3423,8.8107,-1.1037,-8.0153,16.7786,-12.1374,40.86,On Head
140900,-3.7445,9.3039,-1.3431,-2.6107,17.7099,-17.1603,40.77,On Head
140950,-4.1228,9.2799,-1.4054,-7.7099,12.1985,-14.1374,40.72,On Head
141000,-4.0701,9.1578,-1.1181,-10.6107,5.5878,-4.9924,40.86,On Head
141050,-3.6488,9.0309,-0.8188,-11.1603,-1.1603,0.3206,41.09,On Head
141100,-3.1149,9.1794,-0.8092,-9.6183,-7.3893,2.2290,40.86,On Head
141150,-3.3232,9.2105,-0.7015,-11.0076,-11.6336,-3.0382,40.95,On Head
141200,-3.7709,9.7564,-0.7039,-10.2901,-20.5496,3.4809,40.77,On Head
141250,-3.3495,9.3039,-0.7494,-14.6870,-22.2595,9.8015,41.05,On Head
141300,-2.7701,10.7978,-0.3567,-14.2443,-22.3053,10.3053,40.77,On Head
141350,-3.2058,10.1370,-0.0670,-18.9924,-16.7023,-2.4427,40.77,On Head
141400,-4.0989,9.5553,0.7638,-25.4656,-7.7099,-9.5725,40.86,On Head
141450,-4.8195,8.9136,1.1612,-14.7328,-6.5954,-9.3435,41.19,On Head
141500,-4.5442,8.7460,1.6376,-14.7481,-11.3588,6.6260,40.95,On Head
141550,-3.9169,7.5944,2.2290,-13.4351,-15.3282,1.3740,40.72,On Head
141600,-4.1827,7.3167,2.1524,-9.6641,-13.0229,-5.2824,41.19,On Head
141650,-4.7094,8.6766,2.0518,-0.9924,-6.2901,-3.6183,40.86,On Head
141700,-4.4365,8.3629,1.8723,-4.7786,0.9618,0.8244,40.91,On Head
141750,-4.5801,8.2959,1.5850,4.3359,5.8015,-4.5344,40.91,On Head
141800,-4.1803,8.9543,0.8380,-0.1527,9.8473,-5.4962,40.91,On Head
141850,-4.1037,9.3302,1.2522,-16.8092,18.1985,-2.9618,40.72,On Head
141900,-3.3543,8.6119,1.6233,-14.9618,22.9313,5.7863,40.86,On Head
141950,-3.0694,8.3558,1.8028,-8.8397,31.5725,-3.0076,40.95,On Head
142000,-3.6344,9.0549,1.6568,-7.7863,37.2672,-7.1145,41.28,On Head
142050,-3.9792,8.9232,1.7190,-7.4351,37.7557,-2.2443,40.67,On Head
142100,-4.0366,9.2680,1.5179,-7.0382,37.3740,5.9389,40.95,On Head
142150,-3.6871,9.1051,1.4174,-7.7710,41.4809,10.8092,41.24,On Head
142200,-3.7900,9.2680,1.3551,-5.4198,46.1221,14.9924,40.77,On Head
142250,-3.9002,9.2009,1.4078,-1.5573,41.8779,23.5114,41.09,On Head
142300,-3.6272,9.1913,1.1636,-1.2672,38.1069,30.8855,40.86,On Head
142350,-2.7988,10.4722,0.9457,-0.4275,36.5344,31.9389,40.77,On Head
142400,-2.8563,10.2208,0.7039,-4.2137,35.5725,20.9771,41.09,On Head
142450,-2.8228,9.8593,0.2610,-15.6947,43.1603,23.6336,41.09,On Head
142500,-2.5402,9.1363,0.2586,-6.8855,38.3053,21.4809,41.09,On Head
142550,-2.2697,8.6550,-0.1891,-1.9847,37.1450,9.8931,41.28,On Head
142600,-2.8443,8.1834,-0.8547,5.9542,35.0382,4.7328,40.86,On Head
142650,-2.7414,8.8466,-1.2689,7.8626,22.3969,-1.9542,40.95,On Head
142700,-2.8611,9.7875,-1.6424,3.2061,19.6031,-9.7405,40.95,On Head
142750,-3.0550,9.4762,-1.6664,4.8244,11.8321,-10.5344,40.86,On Head
142800,-3.0622,9.2177,-1.6999,1.6183,9.4046,-9.9237,40.77,On Head
142850,-3.0789,9.2919,-1.4844,-3.0229,4.9466,-3.5115,41.05,On Head
142900,-2.5953,9.0788,-1.2570,-5.4962,-1.1298,-1.4809,40.95,On Head
142950,-2.5522,9.3254,-1.1492,-3.2366,-5.8473,-3.8473,40.91,On Head
143000,-2.4612,9.5265,-1.1516,-0.2901,-9.0382,-6.2595,41.09,On Head
143050,-2.8611,9.6750,-1.2450,1.2672,-14.6260,-8.1679,40.77,On Head
143100,-2.5402,9.7372,-1.3072,-3.4198,-22.5954,-4.0305,40.72,On Head
143150,-2.2051,9.4260,-1.1516,-9.0687,-23.9542,-3.1756,40.95,On Head
143200,-1.9896,9.4020,-0.9194,-10.7786,-22.8092,-7.3435,41.09,On Head
143250,-2.3248,9.4978,-0.6680,-10.2443,-21.6031,-6.8550,40.95,On Head
143300,-2.1835,9.5912,-0.8045,-9.2519,-21.4198,-6.1985,40.95,On Head
143350,-2.1931,9.7252,-0.8068,-14.4885,-20.7023,-3.3282,41.05,On Head
143400,-2.1500,9.5289,-0.7614,-12.2748,-18.1374,-1.3130,40.95,On Head
143450,-2.2721,9.5457,-0.7685,-15.1908,-15.9847,3.5573,40.91,On Head
143500,-1.8507,11.5951,-0.4142,-10.5802,-12.5344,5.7252,40.91,On Head
143550,-2.4948,10.8936,-0.2849,-11.5115,-5.3130,-3.7099,40.95,On Head
143600,-3.3662,9.6486,0.4573,-25.8779,2.1832,-6.9313,40.91,On Head
143650,-3.8116,9.1674,1.2163,-28.6565,4.1985,4.1527,40.86,On Head
143700,-3.4141,8.6981,1.9178,-26.2137,7.0382,6.4733,40.95,On Head
143750,-3.7517,8.8442,2.3583,-15.6489,4.3206,-1.0382,40.91,On Head
143800,-3.8595,8.6048,2.5043,-15.4809,-4.1985,-0.8702,40.86,On Head
143850,-3.7278,8.3917,2.7342,-12.5344,-10.3664,1.3130,40.72,On Head
143900,-3.5195,8.2672,3.0215,-10.3359,-15.4504,-1.7710,40.86,On Head
143950,-3.3998,8.5569,3.2202,-2.5649,-17.1298,-9.2214,40.91,On Head
144000,-3.5482,8.9304,3.1867,3.2366,-16.7939,-16.2290,40.86,On Head
144050,-3.9145,8.9639,3.0837,10.2901,-18.1069,-14.7176,41.05,On Head
144100,-3.4453,9.0860,2.6504,11.9237,-22.8550,-2.6870,41.19,On Head
144150,-3.3447,9.3206,2.5379,11.5267,-25.3588,7.4656,41.05,On Head
144200,-2.1739,8.7795,2.4421,1.7252,-31.1908,5.2977,41.09,On Head
144250,-2.3846,8.7604,2.5642,4.4427,-20.9160,-15.5115,40.67,On Head
144300,-3.1077,9.2105,2.7342,6.0611,-12.9771,-10.9618,41.09,On Head
144350,-2.7797,9.1123,2.5738,14.0916,-2.7786,0.4885,40.91,On Head
144400,-2.7270,8.9567,2.4397,19.3130,4.9924,5.4351,40.91,On Head
144450,-2.7892,9.4643,2.1356,23.0687,1.7405,10.2137,40.77,On Head
144500,-2.4421,9.4643,1.7454,23.0992,-1.9237,10.5344,40.77,On Head
144550,-2.7557,9.8306,1.3408,14.9466,-3.1756,9.4809,40.86,On Head
144600,-2.2482,9.6774,1.3527,8.2137,-8.5038,9.4656,40.91,On Head
144650,-2.7509,10.0365,0.6009,7.0534,-3.1756,4.9313,40.95,On Head
144700,-3.1580,10.3980,0.0838,10.9924,1.9084,0.2595,40.95,On Head
144750,-3.6775,8.8969,-0.2682,7.2214,5.3588,-4.1069,40.95,On Head
144800,-3.8547,8.3534,-0.6129,5.0840,4.3053,2.2901,40.91,On Head
144850,-3.3639,8.2504,-0.7757,-0.7786,9.0840,-0.6260,40.86,On Head
144900,-3.8211,8.7101,-0.7254,0.9313,13.0229,-1.5420,40.95,On Head
144950,-3.9409,9.3853,-0.9577,4.1374,9.9542,-6.4427,40.91,On Head
145000,-4.1372,9.8833,-1.1277,4.5038,5.2366,-9.8626,40.95,On Head
145050,-4.3239,9.9096,-1.0726,-5.0534,-1.2519,1.2977,41.09,On Head
145100,-3.3112,8.8753,-0.7063,-12.8092,-7.1603,9.0992,40.95,On Head
145150,-2.9353,8.8107,-0.2682,-8.0611,-11.2214,3.9237,40.91,On Head
145200,-2.4086,8.8202,-0.2274,-4.5191,-15.6183,2.6718,40.95,On Head
145250,-2.1668,9.1075,-0.3519,-2.0000,-13.0992,-8.5191,40.95,On Head
145300,-2.7461,9.8402,-0.3256,-3.7405,-15.4046,-11.7099,41.05,On Head
145350,-2.6695,9.7372,-0.2801,-4.9008,-18.5344,-9.3588,40.72,On Head
145400,-2.8587,9.5409,-0.0287,-5.7557,-16.0611,-6.6870,41.05,On Head
145450,-3.0670,9.5577,0.1915,-7.0534,-23.1908,1.9237,40.91,On Head
145500,-2.8180,9.5289,-0.0144,-3.4046,-24.1679,6.3664,41.24,On Head
145550,-2.7653,9.3111,-0.0982,-4.6565,-23.6641,11.1450,41.09,On Head
145600,-2.8491,9.5672,-0.2682,-4.7939,-21.9237,15.1603,40.95,On Head
145650,-2.9329,11.5472,0.1389,-4.1679,-20.8397,21.5420,40.95,On Head
145700,-2.7869,11.5712,0.0144,1.8931,-10.2443,22.7176,40.95,On Head
145750,-2.4157,10.0700,0.3639,-7.6641,-4.4885,19.8015,41.09,On Head
145800,-2.2290,10.1394,1.4126,-20.0763,-3.9847,24.4580,40.95,On Head
145850,-1.9345,9.0214,2.1332,-20.5191,1.1908,26.2443,40.86,On Head
145900,-1.5969,8.2025,2.4421,-12.8092,0.1679,24.6107,41.05,On Head
145950,-1.4772,8.0014,2.7270,-4.8397,-1.4962,8.4275,40.91,On Head
146000,-1.9848,8.7771,2.9425,-0.2595,-8.9924,4.5649,41.05,On Head
146050,-1.5993,9.6917,2.9209,1.2824,-12.0000,2.9008,40.91,On Head
146100,-2.0782,10.3765,3.0981,1.5878,-12.2137,-3.8626,40.95,On Head
146150,-1.9537,10.0796,2.8419,3.7863,-13.9847,5.0382,40.86,On Head
146200,-1.3048,9.2081,2.3128,10.0153,-10.3664,20.0611,40.77,On Head
146250,-0.3663,9.2081,1.6424,13.4351,-6.3969,23.4809,40.91,On Head
146300,0.3089,9.4834,1.2929,7.8626,3.7710,13.1756,40.91,On Head
146350,0.2298,9.8737,1.3024,3.4351,15.7557,3.8321,40.95,On Head
146400,-0.4980,9.9527,1.6185,-1.2214,26.7634,1.7252,40.95,On Head
146450,-1.0008,10.5632,1.6855,-3.2366,38.3053,17.6336,40.95,On Head
146500,-1.4150,9.3637,2.3463,5.6794,32.6260,33.7252,40.91,On Head
146550,-0.0814,9.6223,1.9848,8.2748,23.2366,30.2595,41.19,On Head
146600,0.5171,11.5257,1.9106,21.6336,25.3282,37.3130,40.95,On Head
146650,1.3168,10.9846,0.8212,32.3206,33.9389,20.9008,40.86,On Head
146700,0.5435,10.9798,0.0000,20.7786,33.3282,14.5802,40.91,On Head
146750,0.3160,9.9695,-0.2514,15.4504,31.2061,15.8626,41.09,On Head
146800,0.0096,9.1794,-0.8978,9.1145,24.6260,10.3359,40.72,On Head
146850,-0.0431,8.9088,-1.3120,-4.7634,24.3969,1.6947,40.91,On Head
146900,-0.0982,9.4020,-0.9194,-14.9008,24.7634,-4.1985,40.91,On Head
146950,-0.4693,9.6319,-0.5076,-4.1832,31.9542,-9.1145,40.91,On Head
147000,-0.3112,10.3046,-0.5818,0.9160,24.3053,-9.1298,40.91,On Head
147050,-0.5794,10.4028,-0.8667,-0.5649,20.4886,-7.7099,40.91,On Head
147100,-0.3639,9.7133,-0.7063,-8.1985,12.9466,-7.8168,40.77,On Head
147150,-0.1891,9.3996,-0.3855,-12.5038,7.2672,-2.9466,40.77,On Head
147200,0.2322,9.5577,-0.3424,-9.3893,3.6641,-2.5802,40.91,On Head
147250,0.3065,9.6582,-0.4669,-7.4962,-0.8550,-4.9008,40.72,On Head
147300,-0.0575,9.9814,-0.3256,-9.1908,-6.9313,-13.0992,40.91,On Head
147350,-0.3903,10.2879,-0.4118,-9.9695,-16.2748,-5.8321,40.72,On Head
147400,-0.1460,10.1921,-0.3759,-13.2824,-21.6031,1.7252,40.95,On Head
147450,0.3998,10.2687,-0.3496,-15.4962,-23.4962,9.2824,40.95,On Head
147500,0.4022,10.0580,-0.0599,-16.4733,-20.0153,12.4427,41.24,On Head
147550,0.5698,11.7196,0.4908,-9.5267,-19.4962,23.5725,40.91,On Head
147600,0.7278,10.1849,1.0463,-7.3740,-21.2214,10.8550,40.91,On Head
147650,-0.2825,10.6326,1.4820,0.7328,-23.9084,24.1527,41.09,On Head
147700,1.0247,10.1323,0.9816,-6.1069,-15.2214,25.2061,40.86,On Head
147750,1.0008,9.3182,1.2426,-5.9695,2.0763,30.7481,40.86,On Head
147800,1.6017,9.2656,1.4772,-9.2824,3.7863,34.6107,40.95,On Head
147850,2.1141,8.9591,2.1284,-13.7252,2.5649,19.0382,40.95,On Head
147900,2.1404,9.3757,2.6240,-16.1069,-2.7786,1.7557,40.86,On Head
147950,1.9106,8.8562,2.9664,-7.4962,-6.7481,-14.3664,41.19,On Head
148000,1.5682,9.3015,2.3535,2.7786,-10.9618,-17.6641,40.91,On Head
148050,1.6592,9.5648,1.9465,1.1908,-13.7252,-16.8702,40.95,On Head
148100,2.0039,9.3446,1.7454,-0.0763,-12.8702,-16.7939,41.05,On Head
148150,2.3511,9.0740,1.7190,0.0153,-6.5496,-24.8550,40.77,On Head
148200,2.2505,8.6263,1.9872,-5.2519,2.1069,-42.8397,40.95,On Head
148250,0.6249,9.1387,2.5570,7.4046,6.4885,-48.6412,40.86,On Head
148300,-0.2634,9.5648,2.4900,20.4886,2.9008,-39.5878,40.77,On Head
148350,-0.5722,10.3453,1.8507,26.1221,-0.0763,-20.6412,40.72,On Head
148400,-0.2777,9.8402,1.3072,19.8473,0.7328,-9.5725,40.95,On Head
148450,0.2059,13.5057,1.1971,28.9466,4.0458,5.3893,40.77,On Head
148500,-0.1772,12.4882,0.0814,39.4656,7.5878,-7.7405,40.86,On Head
148550,-0.6464,11.5472,-0.6919,16.4886,4.2290,-16.3817,40.77,On Head
148600,-2.5929,8.9471,-0.5483,12.2901,-13.1450,-16.5191,40.86,On Head
148650,-1.5586,8.3629,-1.3455,3.3282,-18.3053,5.6183,40.67,On Head
148700,-0.5866,8.6670,-1.4078,5.2672,-3.3130,-3.9084,40.91,On Head
148750,-2.6408,10.2903,-1.1181,-3.1450,9.0076,-27.8779,40.72,On Head
148800,-3.6392,11.1402,-0.8308,3.8321,-2.7634,-3.8626,40.91,On Head
148850,-2.8108,9.7899,-0.8380,-3.5115,-12.1527,8.8397,40.95,On Head
148900,-1.4700,8.9447,-0.7135,1.6031,-24.2595,28.1679,40.95,On Head
148950,0.2634,8.6191,-0.8811,-0.4122,-26.2443,25.8321,40.91,On Head
149000,0.4357,9.1123,-0.8332,-0.3664,-32.0763,2.5954,41.05,On Head
149050,-0.7781,10.0078,-0.6105,-2.2290,-41.3282,-14.9466,41.05,On Head
149100,-2.3415,10.2735,-0.2370,9.6489,-72.8855,-7.8779,41.05,On Head
149150,-0.1413,10.6398,-2.1452,-0.1374,-80.9466,5.7557,40.72,On Head
149200,0.7829,9.7109,-2.1955,-10.5954,-52.8244,5.5573,40.91,On Head
149250,0.3998,9.8713,-1.5443,-15.8779,-31.8931,6.8244,40.77,On Head
149300,-0.0814,9.0261,-0.8930,-21.1145,-23.5878,1.4656,41.19,On Head
149350,-1.0774,9.3134,-0.4956,-13.2977,-21.6489,0.8702,41.19,On Head
149400,-1.0774,14.2886,0.3017,13.2519,-31.9237,14.5038,41.09,On Head
149450,-1.2043,13.0005,0.2466,11.5115,-28.9008,10.4580,40.77,On Head
149500,-0.9122,10.6255,0.6177,10.5802,-27.8931,5.8321,40.91,On Head
149550,-0.7278,10.0245,0.8236,-12.2290,-20.6718,3.4198,40.72,On Head
149600,-0.4788,8.5497,1.8268,-14.5496,-19.4809,33.5878,40.91,On Head
149650,0.7973,8.5353,2.3367,-14.0458,-24.7328,23.4504,41.05,On Head
149700,0.9242,9.3853,2.8347,-27.1450,-25.3282,-7.5267,40.91,On Head
149750,-0.2083,8.9902,3.5913,-18.4886,-23.8168,-12.8397,40.95,On Head
149800,-0.4693,9.0597,3.2920,2.5649,-26.3206,-18.8702,40.91,On Head
149850,-0.5171,10.0365,2.5498,11.0229,-29.7710,-14.9924,40.91,On Head
149900,-0.1724,9.8186,2.1284,3.1756,-28.9771,-6.2290,40.77,On Head
149950,-0.4836,10.0221,2.0063,11.5420,-32.0000,10.4733,40.91,On Head
150000,0.0982,9.6055,2.6121,-24.5038,-38.0000,-4.3817,40.86,On Head
150050,-1.0343,8.6072,3.8834,-8.3511,-35.5878,-32.5954,40.91,On Head
150100,-1.7789,9.3254,3.2920,18.9924,-37.4198,-14.6107,40.95,On Head
150150,-0.4884,11.8848,2.1955,49.4351,-29.0382,15.1145,40.77,On Head
150200,-0.1580,9.6630,0.0072,51.4351,-25.9389,0.4733,40.72,On Head
150250,-1.5586,9.0190,-0.6081,40.5038,-31.7099,-5.8321,40.86,On Head
150300,-1.9178,9.9958,-1.7933,40.5191,-46.2595,-8.2137,41.09,On Head
150350,-1.6927,10.5656,-2.4732,9.6794,-45.3740,-6.7328,40.95,On Head
150400,-1.9249,9.5672,-1.7430,2.7023,-30.3206,-2.7176,40.91,On Head
150450,-1.5921,10.2615,-1.5347,-1.9847,-23.7557,-1.7557,40.86,On Head
150500,-2.0830,10.0556,-1.1301,-3.8626,-17.3282,0.5344,40.77,On Head
150550,-2.3822,9.9335,-0.6943,-9.3130,-21.2519,0.8397,40.86,On Head
150600,-2.4325,9.5217,-0.6823,-6.0763,-27.3893,6.7634,40.86,On Head
150650,-2.3343,9.4691,-0.8380,-8.5344,-34.9771,11.0382,40.91,On Head
150700,-2.2793,9.5193,-0.6967,-8.4275,-41.1450,9.1298,40.67,On Head
150750,-2.7078,9.4475,-0.6919,-5.0992,-52.7023,10.9160,41.05,On Head
150800,-1.9489,9.9168,-1.1923,-3.0076,-59.8779,14.4427,40.72,On Head
150850,-1.1971,10.5704,-1.0223,-15.9695,-47.4351,15.4504,40.72,On Head
150900,-0.7949,10.0628,-0.1820,-11.4656,-39.3130,27.9542,40.86,On Head
150950,0.3567,9.2512,0.3112,1.1145,-37.7557,36.8550,40.95,On Head
151000,1.3623,9.5217,0.1700,2.4275,-40.2748,22.2290,40.77,On Head
151050,0.7087,9.2560,0.3998,-3.2519,-46.9924,9.6031,41.05,On Head
151100,1.1037,9.9527,0.6057,-9.2519,-59.0382,1.6489,40.91,On Head
151150,0.7326,10.4052,1.7095,-29.8931,-62.2137,-24.5496,40.91,On Head
151200,-1.9872,9.0429,3.0861,-17.0076,-79.7710,-25.9237,41.19,On Head
151250,-1.7957,9.8114,2.0111,5.9237,-93.7710,-7.3435,40.95,On Head
151300,-1.4054,10.3238,1.2282,0.3359,-94.5496,2.6412,40.77,On Head
151350,-0.5124,10.4746,0.9194,-0.9771,-91.3435,18.3359,40.91,On Head
151400,-0.2107,10.3573,1.2210,1.3435,-93.8321,21.9084,40.77,On Head
151450,0.1844,10.4962,0.8954,1.0229,-106.4885,31.2214,40.91,On Head
151500,1.1851,10.1490,0.2610,5.0992,-107.2672,31.6183,40.95,On Head
151550,1.1349,11.3461,-0.7518,-14.8244,-93.4046,42.9771,40.91,On Head
151600,2.0973,8.7388,0.0766,-37.2061,-93.8321,57.5420,40.95,On Head
151650,3.4429,8.6598,1.0654,-25.7557,-79.3893,24.0916,40.86,On Head
151700,3.4213,8.5593,1.8507,-16.6565,-70.1985,-5.3893,40.77,On Head
151750,2.5857,9.2105,2.0207,-2.9160,-68.2901,-19.8015,40.86,On Head
151800,2.2577,8.8155,2.1931,-1.3130,-77.6794,-39.1298,40.86,On Head
151850,2.1356,9.2775,1.8028,6.3817,-82.8244,-55.1908,40.95,On Head
151900,0.9577,11.0181,0.8595,7.1145,-70.4580,-53.6183,41.09,On Head
151950,0.3687,10.4555,1.3001,-10.8702,-58.1527,-31.7710,40.77,On Head
152000,0.3759,10.1730,1.3838,-5.4809,-47.3588,-18.3359,40.67,On Head
152050,0.5315,9.5337,1.6352,-1.5115,-32.1527,-11.3282,40.91,On Head
152100,0.4310,9.8186,1.4676,3.9389,-27.1756,-8.4122,40.77,On Head
152150,0.6177,9.8976,1.3048,8.0000,-12.7176,-9.8015,40.86,On Head
152200,0.6201,10.6710,0.8547,10.2748,-2.8702,-4.5649,40.95,On Head
152250,0.5483,9.8450,0.3831,6.8855,13.0687,-10.1221,40.67,On Head
152300,-0.7518,9.8521,0.4477,11.7252,18.1374,-9.9084,41.19,On Head
152350,-0.5531,9.9934,0.3232,11.7252,13.7557,1.3130,40.86,On Head
152400,-0.8092,10.1490,0.0838,16.8702,9.2214,-0.9008,41.05,On Head
152450,-0.6584,9.9623,-0.3663,8.5496,-0.9771,-1.3588,40.91,On Head
152500,-1.1181,9.9096,-0.7302,12.3511,-0.6870,-0.2748,40.77,On Head
152550,-0.8691,9.7683,-0.9409,2.7786,-7.8015,3.6183,40.72,On Head
152600,-0.6823,9.9623,-0.9433,-0.0305,-10.1374,-1.7405,40.86,On Head
152650,-1.1133,9.6965,-0.7326,-3.4351,-11.6947,-4.6870,40.91,On Head
152700,-0.8140,9.9048,-0.7207,-2.4580,-20.4122,-5.2061,40.95,On Head
152750,-0.6656,9.9910,-0.8045,-0.4733,-18.1832,-7.4046,40.91,On Head
152800,-0.4860,10.0293,-0.9218,0.1985,-15.8779,-5.2519,40.95,On Head
152850,-0.9816,9.9335,-0.6584,1.7099,-14.7939,-1.2672,40.77,On Head
152900,-0.1125,9.6223,-0.9529,-3.2061,-15.6489,-2.3511,40.77,On Head
152950,-0.8882,9.9431,-0.7087,-1.5267,-13.0992,-5.1298,40.86,On Head
153000,-0.9697,10.1227,-0.8571,0.4733,-19.2977,3.6489,40.91,On Head
153050,-0.2466,9.8593,-1.2737,1.2519,-18.3511,13.8321,40.95,On Head
153100,0.1389,9.8904,-1.4437,0.2443,-13.3282,7.5115,40.72,On Head
153150,-0.2346,10.1107,-1.4988,-9.7252,-16.3817,-4.6565,40.95,On Head
153200,-0.0479,9.9718,-1.3192,-16.4427,-12.7176,-0.7176,40.91,On Head
153250,0.0072,10.2017,-1.0750,-24.3817,-11.2061,9.3588,41.19,On Head
153300,0.1652,9.7971,-0.6656,-21.4809,-5.3588,13.5878,41.05,On Head
153350,0.4262,9.6822,0.1963,-27.2824,-1.5878,32.2137,41.05,On Head
153400,0.2682,10.0221,0.3879,13.0687,7.9542,19.8779,40.77,On Head
153450,0.2921,11.9710,-0.9313,-12.5649,-8.3206,8.4122,40.72,On Head
153500,-0.7230,10.6973,0.5531,-36.2137,3.2977,22.4886,40.95,On Head
153550,-0.2083,9.1506,2.0063,-41.8473,-1.9389,32.3359,40.91,On Head
153600,0.9625,8.0900,2.4038,-25.3282,-2.4885,20.6565,41.09,On Head
153650,1.3455,9.3182,2.4541,-19.0687,2.8244,8.7939,40.77,On Head
153700,0.4381,9.3733,3.1125,-11.7099,8.0916,-3.5267,40.86,On Head
153750,-0.1389,9.2991,3.0885,7.0229,0.7023,1.4351,40.86,On Head
153800,0.4956,9.7707,2.5163,4.2595,-8.3206,5.0992,41.05,On Head
153850,0.5100,9.7755,2.2673,3.4504,-12.4580,3.7710,40.72,On Head
153900,1.2402,9.6869,1.9034,6.3359,-21.5114,3.8626,40.77,On Head
153950,1.9225,10.4555,1.3838,-1.2977,-15.4504,1.0992,40.95,On Head
154000,2.0231,9.6391,2.1811,-13.7710,-8.7939,3.4351,40.72,On Head
154050,1.8842,9.0405,2.5881,-2.6870,-3.8168,4.5802,40.86,On Head
154100,1.2953,9.0549,2.4588,9.0382,-5.6947,-8.2137,41.19,On Head
154150,1.6640,11.6191,0.5100,-29.2366,-19.8015,-10.9313,40.72,On Head
154200,1.5251,9.4044,2.7390,-47.3588,-7.1145,-5.1298,40.91,On Head
154250,1.3168,8.1858,4.0797,-12.3359,-2.0458,3.5115,41.05,On Head
154300,1.2186,8.9471,3.4524,21.5114,-2.1069,9.8321,40.91,On Head
154350,1.4078,9.3134,2.7174,26.8092,-5.3893,6.0611,41.19,On Head
154400,1.0487,11.1330,2.1763,38.5038,-9.0840,6.9160,40.77,On Head
154450,1.7717,11.7268,0.7398,30.5496,-10.7634,7.6641,40.95,On Head
154500,1.6640,11.6191,0.1101,11.1145,-7.7099,8.0916,40.91,On Head
154550,3.2106,10.5991,-1.5850,12.7481,17.9389,5.4962,40.72,On Head
154600,1.6113,10.5608,-1.3527,-1.6031,70.3053,17.2824,40.95,On Head
154650,0.2969,8.1379,0.5866,-21.8626,53.0534,18.3206,41.05,On Head
154700,0.6297,8.9711,1.1229,-12.9313,15.1908,0.9771,40.95,On Head
154750,1.5083,9.7085,0.9481,-8.1069,-2.5649,-3.6794,40.86,On Head
154800,1.7071,10.2783,0.3926,3.8779,-10.7176,-14.9771,40.72,On Head
154850,1.7813,10.6159,-0.3926,-5.4504,-10.4733,-15.6031,41.05,On Head
154900,1.4293,9.2919,-0.0527,-9.4198,0.1679,-14.0611,41.09,On Head
154950,1.5179,8.4276,0.3639,-9.0076,1.7252,-9.5878,40.91,On Head
155000,1.1947,9.4499,0.6416,-10.3817,2.0153,-10.3359,40.67,On Head
155050,1.4844,9.9311,0.4022,-2.9924,5.0076,-6.0305,40.58,On Head
155100,1.7478,10.2304,0.1939,-1.1908,10.7328,-8.2901,40.72,On Head
155150,1.6496,10.2161,0.0503,-5.5725,9.7710,-20.2290,40.95,On Head
155200,1.5299,10.3382,-0.3065,-14.1527,14.5802,-7.9389,40.86,On Head
155250,2.4469,9.6917,-0.3711,-7.0687,53.7557,18.0000,40.91,On Head
155300,1.7430,10.1514,0.0814,9.8168,78.4733,20.1069,40.77,On Head
155350,1.3455,11.9447,0.7997,-11.0229,51.6336,-3.6489,40.86,On Head
155400,-0.1413,11.2934,2.9760,-62.4885,-6.2748,-59.7557,41.09,On Head
155450,-2.1548,10.2256,3.6895,-42.0763,-25.2824,-66.2290,40.67,On Head
155500,-2.3798,7.5082,3.6416,-16.7328,-6.8550,-19.6336,40.91,On Head
155550,-1.6807,8.1858,2.9497,14.8244,2.2748,11.2519,40.91,On Head
155600,-0.9337,9.2823,2.7031,4.5344,-6.8092,10.1679,40.91,On Head
155650,-0.3065,9.4116,3.2537,-6.4122,-16.1527,-5.5725,40.77,On Head
155700,-0.2897,9.7133,3.5243,-6.5649,-14.9313,-28.1985,40.91,On Head
155750,-1.3503,9.0980,3.7397,-1.6641,-13.3130,-21.2061,41.24,On Head
155800,-1.2905,8.8178,3.5458,18.4427,-19.5267,-2.0763,40.91,On Head
155850,-0.4022,9.5289,2.8635,24.7176,-25.1756,-3.3893,40.77,On Head
155900,-0.0766,10.0126,2.3870,12.4733,-29.4962,-4.8244,40.86,On Head
155950,-0.1245,9.5648,2.3511,4.0611,-33.3893,-8.6565,40.95,On Head
156000,-0.1580,9.2464,2.4636,-1.2824,-23.5573,-17.4198,40.95,On Head
156050,-1.0894,9.3374,2.7605,5.0992,-11.0840,-7.0076,40.95,On Head
156100,-0.8236,9.4092,2.9784,14.3359,-5.2214,15.7099,40.86,On Head
156150,0.1844,9.2656,3.0789,26.3511,10.0916,29.0992,41.09,On Head
156200,-0.6225,10.0748,2.9257,32.3053,2.0916,35.3282,41.05,On Head
156250,1.3719,11.6406,0.9888,23.0534,-16.0611,26.5038,40.95,On Head
156300,0.8859,12.5241,-0.2322,9.0534,-12.1679,16.5038,40.67,On Head
156350,0.5962,9.4212,-0.6991,6.1374,0.2137,5.8626,40.91,On Head
156400,-0.7135,7.5298,-1.0271,3.0229,2.4275,7.0840,40.72,On Head
156450,0.4094,8.9136,-0.6057,-2.9618,-4.1985,31.5114,40.72,On Head
156500,0.5531,9.5744,-0.7063,0.3969,4.6412,-16.0763,40.91,On Head
156550,-0.3496,11.8082,-1.3096,12.8397,-7.4198,-6.9924,40.72,On Head
156600,0.8595,10.8074,-1.7262,-9.0076,1.5725,-17.6794,40.95,On Head
156650,-0.6680,9.4810,-0.6728,-15.3130,7.7405,-13.3893,40.91,On Head
156700,-0.0263,8.7149,-0.3567,-16.7786,0.8244,-3.6183,41.09,On Head
156750,0.4860,9.0405,-0.2753,-19.0992,-5.2519,-0.7176,40.86,On Head
156800,1.4748,9.4427,-0.1844,-25.4962,-10.1069,-14.4275,40.91,On Head
156850,0.5459,10.0987,0.3328,-18.7176,-9.6641,-36.2443,40.77,On Head
156900,-0.3352,10.8816,0.4094,-20.2748,-13.1298,-26.8092,40.72,On Head
156950,-0.8116,10.1586,0.8835,-22.0000,-13.9389,-11.7557,40.91,On Head
157000,-0.5243,10.0078,0.7183,-20.9160,-19.0229,5.1756,40.95,On Head
157050,0.0359,9.2967,0.7638,-27.9237,-17.5420,10.5038,41.09,On Head
157100,1.4700,12.7491,1.7119,-10.3817,14.3053,12.8397,40.77,On Head
157150,-0.6967,12.8114,1.8771,30.3206,24.4122,11.4046,40.95,On Head
157200,-1.4509,10.5776,2.8970,-13.3740,5.3130,-0.1069,40.67,On Head
157250,-2.1859,8.5760,3.2298,-2.5038,-11.2366,-1.3893,40.77,On Head
157300,-1.1205,8.3079,2.3487,7.6031,-27.5420,22.4275,40.77,On Head
157350,0.5794,8.2791,2.0207,3.1450,-26.7786,14.7481,40.77,On Head
157400,0.6129,9.0237,2.0973,14.3817,-16.2748,-1.9237,40.91,On Head
157450,0.0670,10.1083,2.1955,-4.4427,-12.4580,-11.0687,40.91,On Head
157500,-0.3855,9.5505,2.2434,6.0763,-7.0840,-19.8473,40.91,On Head
157550,-0.8116,10.2687,1.9872,5.3588,-6.2137,-7.8015,40.77,On Head
157600,-0.1077,9.7540,1.8818,3.7710,-8.5496,4.1527,40.95,On Head
157650,0.5243,9.3206,1.8100,1.5115,-6.5649,4.5954,40.91,On Head
157700,0.4046,9.5433,1.7765,1.2672,-1.7557,-2.5496,40.91,On Head
157750,-0.5219,10.5273,1.3838,-2.0916,11.0229,-0.2901,40.86,On Head
157800,-1.1181,10.0341,2.5402,-3.6336,9.8168,20.2595,40.86,On Head
157850,-0.0718,9.5241,2.4397,4.2290,-3.6336,40.5496,40.95,On Head
157900,1.4174,8.9759,1.9896,6.5344,-0.5649,23.8015,40.86,On Head
157950,2.0303,14.9350,1.1133,18.6107,17.7405,22.8855,40.86,On Head
158000,0.6201,10.8481,1.5203,1.1908,29.0382,30.2443,40.91,On Head
158050,0.5866,10.2232,1.1013,31.4046,15.7863,39.7252,40.95,On Head
158100,2.1811,9.4499,-0.3783,4.9160,6.6412,22.0153,40.91,On Head
158150,2.2266,8.1020,-0.1317,-2.9466,9.9542,17.4504,40.86,On Head
158200,3.0837,9.1411,-0.2777,0.6870,19.7405,-1.5878,40.77,On Head
158250,2.2817,9.8282,0.0096,6.7023,31.2672,-16.0763,40.77,On Head
158300,1.2929,10.5297,-0.2825,7.1603,30.8092,-22.7176,40.72,On Head
158350,0.7877,10.0652,-0.1939,-5.4656,27.7405,-27.2366,40.77,On Head
158400,0.3280,9.6822,0.2705,-8.3359,28.0611,-17.9389,40.86,On Head
158450,0.9649,9.1626,0.6225,-4.6565,22.9008,-6.6260,40.95,On Head
158500,0.9744,9.4355,0.2610,0.0153,18.0000,-9.5878,40.91,On Head
158550,0.5962,9.5720,0.2035,-1.8321,7.9695,-12.0763,41.09,On Head
158600,0.7494,9.8330,-0.0551,-1.0687,1.6641,-7.1145,40.58,On Head
158650,0.8978,10.3238,0.0311,-9.2977,2.7939,4.4885,40.91,On Head
158700,1.0223,9.9000,0.9768,-6.2137,-0.8397,3.3130,40.91,On Head
158750,1.1061,10.4579,0.6153,-5.9847,-8.3359,-4.6412,40.72,On Head
158800,0.8116,10.4722,0.7326,-14.4427,-3.6183,7.0076,40.67,On Head
158850,1.3216,12.3684,1.5850,-3.4656,-7.2214,29.2061,41.19,On Head
158900,2.4660,11.1594,1.1444,1.4656,-10.9008,17.0840,40.95,On Head
158950,1.8531,10.3741,1.5610,-5.7710,-13.3588,4.6412,40.91,On Head
159000,0.7901,9.0309,1.6209,-1.0840,-21.5114,-8.3817,40.95,On Head
159050,0.6967,9.1123,1.3527,0.3206,-28.1679,0.4733,40.67,On Head
159100,1.3384,8.9926,1.5921,-2.8092,-25.9084,6.1374,40.86,On Head
159150,1.6352,9.6558,2.0566,-8.6870,-23.0382,-6.8092,40.86,On Head
159200,1.0870,9.6702,2.4684,-8.1527,-17.6641,-13.8168,40.77,On Head
159250,0.4381,9.5600,2.5474,1.6947,-17.9084,-19.6183,40.91,On Head
159300,0.2394,9.3230,2.0806,10.1985,-20.5496,-16.1221,40.72,On Head
159350,0.6632,9.8761,1.5586,7.7405,-22.8855,-9.2214,40.91,On Head
159400,1.2570,9.4619,1.6281,-0.6565,-18.8550,-9.6489,40.95,On Head
159450,1.3455,9.2536,2.3032,-5.0840,-12.0916,-13.3740,40.91,On Head
159500,-0.3663,8.7867,2.5738,36.2443,3.6794,-27.5573,40.91,On Head
159550,-0.9481,11.3820,1.2953,25.8321,-6.6870,18.9924,40.86,On Head
159600,0.2849,10.2280,1.2857,9.9237,-24.0458,34.7023,40.77,On Head
159650,2.0351,9.7612,1.0774,3.8931,-19.5725,34.5954,40.77,On Head
159700,2.4684,8.9280,1.2929,4.4885,-11.6183,24.0458,40.86,On Head
159750,0.6033,10.0461,2.3248,41.1908,-46.2901,-16.5954,40.72,On Head
159800,0.2729,12.2368,-0.8859,38.5038,-71.4809,-7.6031,40.95,On Head
159850,0.7709,11.1953,-2.6647,19.0687,-71.0840,28.5344,40.91,On Head
159900,1.3479,8.5210,-2.7653,-11.4046,-60.3053,35.7099,40.72,On Head
159950,2.4636,7.5657,-1.9585,-20.9771,-37.9542,26.5954,40.86,On Head
160000,2.4684,9.2823,-1.6568,-19.5573,-16.3206,-13.6641,40.72,On Head
160050,-0.0766,10.4770,-1.1684,-8.2137,-0.7481,-44.0458,40.67,On Head
160100,-1.8962,12.3349,-1.7717,2.7634,-15.9542,-15.2977,40.86,On Head
160150,-0.0646,10.5058,-1.8268,-23.4809,-19.8626,6.0763,40.86,On Head
160200,1.2546,8.7101,-0.8356,-31.3130,-6.3511,13.3893,40.58,On Head
160250,2.1308,8.4348,-0.2490,-29.1908,6.9771,6.9771,40.77,On Head
160300,2.0853,8.7580,0.2921,-26.6718,19.0229,-11.5725,41.05,On Head
160350,1.1444,9.6774,0.4262,-13.7863,15.3588,-25.9542,40.72,On Head
160400,0.3926,10.5297,0.0646,-9.7710,6.3817,-26.8244,40.77,On Head
160450,0.2179,10.4435,-0.1389,-10.2748,1.4809,-9.2214,40.72,On Head
160500,0.4980,9.7300,-0.0407,-15.7710,0.6718,1.9084,40.77,On Head
160550,0.3376,9.8761,0.1317,-17.7557,-1.6794,1.7252,40.67,On Head
160600,0.5914,9.9479,0.1820,-18.3969,-5.0076,3.8931,40.77,On Head
160650,0.0982,10.3022,0.4549,-11.0534,-2.7481,12.6870,41.05,On Head
160700,1.3910,10.1083,-0.2227,-11.1908,-25.4504,19.9389,40.91,On Head
160750,1.7861,11.0109,-0.9218,-16.4122,-20.6718,19.1756,40.67,On Head
160800,2.1141,9.9695,0.3496,-54.0305,-4.7023,4.9924,40.91,On Head
160850,0.5578,8.1307,2.6647,-59.4809,-1.5878,-9.8626,40.86,On Head
160900,0.5770,8.2361,3.7876,-28.0153,-11.0534,3.5878,40.72,On Head
160950,1.3791,10.3573,3.3399,-14.0611,-3.4809,-1.7863,40.95,On Head
161000,1.0271,9.6582,3.8403,-21.1450,-3.6794,-10.9160,40.95,On Head
161050,0.4549,8.9759,3.8379,-9.4046,-0.1069,-30.5802,40.95,On Head
161100,0.0910,9.0357,3.4046,3.3435,-0.6718,-27.5114,41.09,On Head
161150,0.2298,9.2919,2.9544,11.6336,0.1221,-18.9924,40.77,On Head
161200,0.6009,9.5624,2.1979,16.5344,1.7710,-12.3206,40.86,On Head
161250,0.4453,9.7420,1.7597,8.7328,3.6031,-16.1069,40.77,On Head
161300,-0.0407,9.6486,2.0135,4.5191,10.9466,-19.0229,40.95,On Head
161350,-0.5650,10.0341,2.2505,2.1221,19.0534,-12.2595,40.72,On Head
161400,-0.5578,9.5912,2.5307,8.7634,23.2214,4.3359,40.95,On Head
161450,-0.4405,9.6606,2.2817,20.5496,19.7405,9.7252,40.86,On Head
161500,-0.7877,10.5369,2.2122,9.8015,-4.2443,16.4733,40.77,On Head
161550,0.6249,11.4515,1.9704,12.0611,-11.6641,19.0229,40.95,On Head
161600,0.6560,11.4994,1.2450,26.0000,-7.0534,7.3282,40.77,On Head
161650,0.3974,10.9630,0.4310,22.8702,2.5496,8.0000,40.58,On Head
161700,-0.1484,10.3645,-0.1101,14.7023,6.1985,12.3969,40.67,On Head
161750,-0.3831,8.8370,-0.1867,-3.5420,10.1679,21.6336,40.72,On Head
161800,0.4262,7.9033,0.3065,-4.0611,8.7939,26.6107,40.91,On Head
161850,1.8699,9.0668,-0.4166,8.9771,14.9618,-3.7099,40.77,On Head
161900,0.3065,10.9774,-0.8404,12.8550,20.4427,-18.0000,40.77,On Head
161950,-0.0551,11.1761,-1.2857,6.7023,12.3359,-20.1527,40.77,On Head
162000,-0.5794,10.1730,-1.0630,-15.6794,10.5954,-28.2901,40.77,On Head
162050,-0.7949,8.9376,0.0287,-24.2748,7.4198,-10.6260,40.72,On Head
162100,-0.1939,8.6191,0.4669,-16.4580,-1.1145,-1.8931,40.72,On Head
162150,0.2610,9.5696,0.2562,-9.5267,-9.1145,-15.3740,40.77,On Head
162200,-0.4405,10.6422,0.2586,-5.4656,-20.4275,-12.6565,40.91,On Head
162250,-0.8691,10.5752,0.3472,-6.7939,-31.0840,-16.9924,40.86,On Head
162300,-1.7621,10.4531,0.7207,-12.0305,-48.4885,-6.7023,40.77,On Head
162350,-1.9824,10.0006,1.4413,-9.4962,-67.6641,11.1756,40.91,On Head
162400,-1.1085,10.4627,1.0511,6.8244,-88.3969,29.7252,40.72,On Head
162450,0.4693,11.2647,0.3112,-9.0687,-88.4580,29.2977,40.77,On Head
162500,1.0295,10.0389,1.0487,-26.4580,-66.5954,20.7786,40.72,On Head
162550,0.8116,9.1842,2.1572,-20.2595,-57.7557,15.5573,40.95,On Head
162600,1.0582,8.9399,2.4110,-12.4885,-51.7710,10.1679,40.91,On Head
162650,0.7135,8.8322,2.8683,-10.5038,-52.8702,-3.0382,40.95,On Head
162700,0.1508,9.1099,2.9521,-3.4962,-66.4275,-13.5420,40.67,On Head
162750,-0.1604,9.1674,2.9473,2.0305,-79.8168,-23.2519,41.05,On Head
162800,-0.2658,9.6151,2.6552,3.2672,-89.6336,-26.0153,40.91,On Head
162850,-1.3336,10.7188,1.9273,2.5954,-93.2672,-9.2366,40.95,On Head
162900,-1.1277,9.8881,2.2745,-10.1221,-114.1832,13.1603,40.95,On Head
162950,-0.3496,9.9527,1.9010,11.1603,-127.0076,-3.4351,40.91,On Head
163000,-0.0263,9.9383,1.2354,9.9847,-140.0916,-4.2443,40.77,On Head
163050,-0.2514,9.5648,0.8428,8.6565,-150.1985,-10.7939,40.67,On Head
163100,-0.0982,9.8426,0.5243,8.5038,-152.3969,-7.9237,40.72,On Head
163150,0.4549,10.2280,0.3519,0.8550,-142.1832,-13.6794,40.72,On Head
163200,0.3831,10.8840,1.0367,-12.1374,-120.6718,-11.2519,40.67,On Head
163250,0.1413,10.2639,1.6879,-3.8321,-102.2443,3.2977,40.95,On Head
163300,0.6225,10.0030,1.6664,7.2061,-94.8702,15.6794,40.86,On Head
163350,1.2498,9.4667,0.9553,12.3511,-89.3893,11.0076,40.67,On Head
163400,1.7095,9.8162,0.3328,4.1679,-86.8550,7.8321,40.77,On Head
163450,1.9632,9.5720,0.5219,-3.9695,-73.0534,1.3282,40.95,On Head
163500,1.6616,9.5816,1.0080,-0.1221,-60.4885,-1.8931,40.77,On Head
163550,1.0702,10.1754,1.0965,2.1069,-56.5802,-2.4275,40.72,On Head
163600,1.3910,10.0126,0.7925,-1.7405,-53.8626,-0.8092,40.72,On Head
163650,1.5634,10.3501,0.6129,-2.8855,-38.5191,2.1069,40.91,On Head
163700,1.4820,10.6470,0.5171,-0.0458,-28.3817,4.5954,41.05,On Head
163750,1.2546,9.7444,0.5052,-3.4046,-23.8015,4.8244,40.77,On Head
163800,0.9529,9.8833,0.5219,2.7786,-22.3359,3.0382,40.91,On Head
163850,0.7470,9.6965,0.1173,4.4885,-24.0000,0.1985,40.67,On Head
163900,0.1221,9.5672,-0.3950,8.4122,-24.3206,-1.4809,40.95,On Head
163950,-0.4429,9.9072,-0.8164,3.2366,-24.1679,-6.3664,40.91,On Head
164000,-0.1987,10.4148,-0.9266,-4.3817,-32.2595,-3.0229,40.91,On Head
164050,-0.6440,10.5536,-0.7518,-1.7710,-37.4504,-0.5802,40.77,On Head
164100,0.4573,10.0269,-0.8547,-12.2901,-38.6107,1.1298,41.19,On Head
164150,0.4286,9.3254,-0.5770,-4.4580,-23.2519,1.4809,40.77,On Head
164200,0.4932,9.3996,-0.3903,-8.5496,-34.0763,5.8626,40.86,On Head
164250,0.8811,9.2967,-0.2466,-3.5725,-31.9084,-2.2901,40.91,On Head
164300,-0.6129,10.1586,1.1492,-4.7786,-32.0153,-16.0763,40.67,On Head
164350,-5.1523,7.0437,4.2401,53.9237,-68.5954,16.1985,40.86,On Head
164400,0.6943,8.6886,-2.0686,160.4886,-64.0763,86.9771,40.72,On Head
164450,4.9656,11.4658,-8.1211,98.7786,-40.3969,85.2672,40.72,On Head
164500,4.4676,10.1562,-6.0741,-39.3893,-51.4046,16.3664,40.86,On Head
164550,3.6799,9.0405,-3.9456,-54.2137,-43.2977,-11.5267,40.67,On Head
164600,2.6408,9.2009,-2.6264,-57.4351,-38.5802,-24.6718,40.91,On Head
164650,1.2570,9.5050,-1.7861,-49.9084,-37.4656,-18.5191,40.67,On Head
164700,1.3120,9.4930,-1.5490,-51.9237,-35.0076,-7.3435,40.95,On Head
164750,1.2522,9.2249,-1.1277,-41.5420,-29.7099,7.8931,41.09,On Head
164800,1.8364,9.5577,-1.2594,-39.7557,-19.8931,9.6183,40.67,On Head
164850,1.9896,9.7420,-1.0343,-37.5573,-11.2366,12.3206,40.77,On Head
164900,2.2218,11.4610,-0.5483,-34.1832,-8.1985,4.8550,40.67,On Head
164950,1.7358,11.8154,0.0646,-45.8931,-3.8626,2.7786,40.86,On Head
165000,1.4940,10.3573,1.1133,-53.3130,5.3435,-1.9847,40.72,On Head
165050,0.5387,8.7556,2.3367,-50.1374,6.3511,-1.8626,41.05,On Head
165100,0.8236,8.1235,2.4421,-31.6947,-0.9313,13.3282,40.91,On Head
165150,3.3854,8.9950,1.5419,-34.5496,-3.0992,0.6412,40.67,On Head
165200,2.0686,7.8266,4.4724,-78.1832,12.3053,-51.6794,40.72,On Head
165250,-1.5897,8.5808,6.8259,-34.7786,6.1221,-73.2672,40.72,On Head
165300,-2.7821,9.7899,5.7365,8.5496,2.3053,-12.5954,40.67,On Head
165350,-0.5722,9.4332,4.5514,11.1603,-13.4046,26.1069,40.86,On Head
165400,1.0726,8.5808,3.6224,16.2137,-17.1908,20.8855,40.95,On Head
165450,1.8340,9.4762,2.9497,7.9084,-18.6870,21.8321,40.77,On Head
165500,2.3200,8.5952,3.4812,-4.5802,-16.5649,15.4962,40.95,On Head
165550,2.4493,8.0637,3.7493,7.1145,-6.5191,-11.0076,40.95,On Head
165600,0.8523,9.6558,3.7302,9.7710,-0.1527,-11.2519,40.91,On Head
165650,1.3455,10.2089,3.3088,6.2748,1.5115,12.3817,40.77,On Head
165700,1.7837,9.4643,2.5019,-6.7786,19.9847,6.6565,40.91,On Head
165750,2.3774,15.7730,3.0263,-1.8779,43.9084,25.2824,40.95,On Head
165800,0.5267,10.7428,3.9361,18.9313,32.5191,12.5649,40.58,On Head
165850,0.6488,9.7396,2.9449,20.1832,11.3435,4.1069,40.91,On Head
165900,0.0215,8.2528,1.5083,34.1679,-11.0992,-3.0229,40.86,On Head
165950,0.9768,8.8969,0.3831,21.2061,-17.6336,13.3282,40.67,On Head
166000,2.0566,9.0237,0.0000,22.9008,-18.1985,8.0458,40.95,On Head
166050,1.8938,10.6374,-1.1372,25.9237,-3.5267,-20.3511,40.67,On Head
166100,0.9577,10.6446,-1.1109,4.5038,9.3282,-15.7863,40.67,On Head
166150,0.9290,9.8067,-0.6297,-6.5649,26.6107,-19.2977,40.77,On Head
166200,-0.1293,9.7755,0.9218,-14.4885,20.1069,-8.8855,40.67,On Head
166250,1.3144,9.2919,0.6943,1.7099,6.7786,1.6031,40.67,On Head
166300,1.6640,9.6917,0.0742,-2.2901,12.5038,-11.0534,40.91,On Head
166350,1.2043,9.9527,-0.0646,3.6641,10.9924,-20.0305,40.91,On Head
166400,0.9529,10.0389,-0.0335,-8.5344,7.7863,-19.7863,40.91,On Head
166450,0.7733,10.1706,0.1915,-8.8550,7.1145,-19.3740,40.67,On Head
166500,0.6033,10.0796,0.4381,-13.1756,13.3435,-8.9466,40.67,On Head
166550,0.6680,10.0580,0.6201,-5.7710,18.1069,5.4504,40.86,On Head
166600,0.6225,9.7851,0.5794,-1.1145,20.1069,6.4580,40.86,On Head
166650,0.5674,10.0796,0.9218,-0.1679,16.4886,10.7634,40.95,On Head
166700,1.7909,10.9726,1.6951,-24.4122,0.9771,0.7176,40.53,On Head
166750,-0.3041,10.9200,2.5762,-4.2748,-4.1069,-1.6947,40.77,On Head
166800,-0.2658,8.9759,1.6807,2.8702,11.7252,-7.7863,40.86,On Head
166850,-1.1803,9.1650,1.3743,6.9008,22.3511,4.7634,40.95,On Head
166900,-0.2227,9.5074,1.4772,3.9237,21.7405,16.8855,40.72,On Head
166950,-0.5052,9.2225,2.1213,5.6641,10.6565,0.2137,40.91,On Head
167000,-0.2346,9.5840,2.0039,3.6031,-1.4046,-8.0763,40.95,On Head
167050,-0.6321,9.4116,1.6688,10.7176,-5.3435,-24.5344,40.95,On Head
167100,-0.9313,10.3214,0.9744,17.8168,-7.2977,-16.1832,40.77,On Head
167150,-0.5890,10.3406,0.6776,5.2824,-9.4504,3.2366,40.91,On Head
167200,0.2538,9.2608,0.8116,9.2977,-12.0458,2.7786,40.72,On Head
167250,0.5339,9.5337,0.7374,6.3511,-14.8702,0.5802,40.77,On Head
167300,0.7087,9.1171,1.0343,0.1374,-8.7176,-12.7634,40.95,On Head
167350,0.3735,9.5002,1.2354,4.7939,-0.0305,-10.2595,40.91,On Head
167400,0.1053,10.0940,1.1540,10.4275,5.2672,-5.4656,40.91,On Head
167450,-0.0024,10.3406,1.0511,15.6489,0.3359,2.3817,40.86,On Head
167500,0.0862,10.6757,0.7614,8.7176,-9.6031,4.9771,40.72,On Head
167550,0.3352,10.7500,0.6728,10.7176,-11.6031,8.1527,40.86,On Head
167600,1.5921,10.2113,-0.2849,4.8397,-22.3664,1.1756,40.72,On Head
167650,0.5267,10.5417,-0.4693,-6.8092,-21.0687,-9.9542,40.95,On Head
167700,-0.6297,8.0373,-0.6704,5.2672,-14.5191,-19.6489,40.72,On Head
167750,-0.9840,9.0046,-1.4820,16.2290,-13.9237,-0.7939,40.86,On Head
167800,-1.2019,8.4970,-2.0231,23.4656,-12.3511,-8.9313,40.86,On Head
167850,-1.8699,11.3964,-3.7158,8.8702,-19.9695,-18.8550,40.91,On Head
167900,-1.8938,10.6326,-3.6536,-8.6107,-3.3130,-2.6107,40.77,On Head
167950,-1.5299,9.9551,-2.9760,-26.6412,6.6565,-0.3817,40.77,On Head
168000,-0.1556,8.8825,-1.8842,-43.4656,10.8702,-1.7405,40.58,On Head
168050,1.3072,7.8051,-0.9912,-42.1985,26.7176,-17.6641,40.72,On Head
168100,0.0000,7.4077,0.3567,-26.5496,35.4046,-46.0763,40.72,On Head
168150,-2.5091,8.9064,0.3687,-7.3435,25.0076,-55.1756,40.86,On Head
168200,-3.4189,10.7595,-0.6369,-0.8855,16.1679,-25.8473,40.67,On Head
168250,-2.7869,11.2408,-1.2665,-4.0458,8.1832,2.4885,40.91,On Head
168300,-2.5953,11.1091,-1.2833,-14.7023,3.5573,20.5191,40.86,On Head
168350,-1.6640,9.9790,-0.7470,-26.7786,-1.7099,27.4351,40.77,On Head
168400,-1.5443,10.2400,0.0718,-20.6565,-6.4122,30.3969,40.91,On Head
168450,0.2873,11.3413,-0.0982,-26.0000,-16.5038,34.3664,40.67,On Head
168500,-0.2179,11.2144,0.5914,-32.6565,-6.8397,20.9466,40.77,On Head
168550,-1.0343,9.1028,1.3910,-32.9771,7.2214,6.0305,40.77,On Head
168600,-2.2889,7.7165,2.8491,-24.7481,4.9160,23.1756,41.05,On Head
168650,-0.4046,8.1307,2.7988,6.2443,-5.4046,34.8092,40.77,On Head
168700,0.2466,9.9192,2.3391,0.2443,-7.4809,2.3969,40.77,On Head
168750,-0.1844,10.0173,2.5642,-1.5725,-6.7023,-2.2748,40.95,On Head
168800,-0.4836,9.2033,2.4325,4.4885,-8.9466,-13.2977,40.77,On Head
168850,-0.5483,8.9591,2.0542,13.4351,-16.8855,-8.5191,40.95,On Head
168900,0.2011,9.1937,1.3120,18.7634,-21.2824,-2.5802,40.67,On Head
168950,0.5004,9.4930,0.9529,11.4809,-23.5420,-7.5878,40.72,On Head
169000,0.2466,9.3637,1.0774,2.0611,-19.0534,-18.9160,40.67,On Head
169050,-0.6847,9.9455,1.4174,1.7863,-14.8550,-17.5573,40.86,On Head
169100,-0.6871,10.1251,1.6520,-1.2214,-11.1450,-3.3130,40.53,On Head
169150,-0.6895,9.9910,1.6855,5.0534,-8.6412,6.4885,40.72,On Head
169200,0.2849,14.4849,1.4198,21.4046,-6.4427,23.1603,40.72,On Head
169250,1.1923,12.3134,0.0958,17.2366,-2.5191,-4.2595,40.67,On Head
169300,-0.0263,9.8090,0.3232,3.6641,-1.7099,-18.4122,40.86,On Head
169350,-1.4150,8.4396,-0.2538,12.0000,-9.7557,-24.5954,40.77,On Head
169400,-1.4629,8.3582,-1.0319,9.4962,-10.3053,-0.5802,40.77,On Head
169450,-0.8859,8.8107,-1.2857,6.8550,-4.3969,-14.4580,40.91,On Head
169500,-3.1125,9.8234,-1.4437,6.1221,-0.2443,-37.2824,40.67,On Head
169550,-4.3455,12.1290,-1.8794,-12.0611,-12.2137,-18.8702,40.77,On Head
169600,-2.6408,9.8114,-1.0367,-19.2519,-3.2519,30.5191,40.77,On Head
169650,-0.4693,8.9304,-0.6105,-11.2366,9.4962,51.1756,40.44,On Head
169700,0.8356,8.6263,-0.6632,-10.1832,8.7786,25.9695,40.72,On Head
169750,0.5339,8.8322,-0.7063,-14.6718,16.5802,-0.9771,40.77,On Head
169800,-0.6536,8.8681,-0.3184,-11.0076,13.8168,-15.1298,40.58,On Head
169850,-0.9888,10.0676,-0.6105,-13.7099,10.5344,-23.6031,40.72,On Head
169900,-1.7286,10.8122,-0.2753,-23.7557,12.5496,-9.4198,40.77,On Head
169950,-1.4988,10.5656,0.4310,-23.9237,10.8397,9.6794,40.72,On Head
170000,-1.4509,10.0293,0.7326,-16.2595,11.8931,14.9618,40.77,On Head
170050,-1.9201,9.7468,1.0247,-8.5344,3.9695,26.4275,40.77,On Head
170100,-0.4932,11.8681,1.6735,-3.9237,-10.8855,41.5420,40.86,On Head
170150,0.6201,11.3413,1.6233,-20.5038,10.9008,17.7252,40.53,On Head
170200,-1.5275,9.6702,2.1021,21.7710,13.8168,32.2443,40.72,On Head
170250,0.2921,8.6455,1.1660,-13.0840,-3.6183,51.2977,40.67,On Head
170300,1.9632,8.1762,1.8196,-26.9924,5.0229,30.5954,40.91,On Head
170350,2.4660,9.5050,1.4245,-22.7328,28.3817,-6.8702,40.77,On Head
170400,2.7773,9.0716,1.1660,-54.9008,110.6718,-14.0458,40.77,On Head
170450,-1.3910,8.5712,2.7533,18.7481,140.3817,5.7099,40.86,On Head
170500,-1.2186,10.3046,2.4900,10.2595,117.1756,29.3435,40.67,On Head
170550,-0.5722,8.9447,3.2274,-1.7405,79.2366,31.2977,40.72,On Head
170600,-0.3065,8.8442,3.8283,0.4275,35.6183,14.1069,40.72,On Head
170650,0.2969,9.0501,3.0933,0.1374,-0.8244,-6.1832,40.72,On Head
170700,0.4118,9.6223,2.1668,3.4962,-18.9924,-10.7176,40.86,On Head
170750,0.4908,10.2544,1.5610,-3.8473,-20.7786,-23.3588,40.91,On Head
170800,-0.5315,10.6973,2.3774,-21.4198,-14.6412,-12.2290,40.72,On Head
170850,1.3336,11.7723,4.1635,-41.9237,-20.4580,16.1374,40.86,On Head
170900,1.4796,11.7100,2.8754,-4.1374,1.5878,-15.8626,40.95,On Head
170950,0.4573,9.1578,1.4988,6.8550,10.9618,-23.7252,40.72,On Head
171000,-0.6297,7.9583,0.0072,12.2748,6.7939,-18.8702,40.91,On Head
171050,-0.5004,9.3541,0.2634,-12.3053,7.4046,-4.0305,40.77,On Head
171100,0.0670,9.7923,0.6752,-9.1908,15.5725,-19.8626,40.67,On Head
171150,-0.8763,11.1067,1.5083,-11.8015,19.1450,-19.4351,40.67,On Head
171200,-0.2586,10.4363,1.3455,-8.4275,15.5725,-15.4962,40.77,On Head
171250,0.0455,9.3709,0.7877,-4.7939,18.3511,-16.8855,40.77,On Head
171300,-0.2035,9.4691,1.2139,-18.9313,17.8931,-19.5878,40.67,On Head
171350,-0.7254,8.6215,2.3176,-21.4198,14.9313,-14.0000,40.77,On Head
171400,-0.5339,9.0740,2.4660,-3.4962,8.9313,-18.0916,40.77,On Head
171450,-0.5243,9.7396,2.2913,-3.5878,0.7328,-25.3588,40.77,On Head
171500,-0.4693,9.8138,2.2697,3.3130,-4.3206,-32.8092,40.72,On Head
171550,-1.0127,9.7037,2.4517,1.0534,-16.6412,-36.2290,40.91,On Head
171600,-1.5275,8.6790,3.2825,5.3588,-32.7328,-44.2748,40.53,On Head
171650,-1.7933,9.0812,2.6839,6.4733,-49.5878,-53.6183,40.95,On Head
171700,-2.6456,9.9575,1.6879,22.3053,-51.4504,-47.6794,40.72,On Head
171750,-3.6559,10.0844,2.0542,7.5725,-62.0153,-14.5038,40.86,On Head
171800,-2.0997,11.0852,2.9760,-9.2061,-57.0229,-36.0458,40.67,On Head
171850,-4.1515,9.6007,3.6775,-4.8244,-36.7786,-37.5725,40.72,On Head
171900,-3.9528,9.2249,2.4014,22.2595,-18.1985,-24.3511,40.77,On Head
171950,-4.0007,7.4484,3.0239,-9.0076,-18.8702,-0.8550,40.58,On Head
172000,-4.2808,7.2664,3.7781,14.0153,-22.0153,-19.6489,40.91,On Head
172050,-4.0342,8.5736,3.2010,30.5649,-11.2061,-32.1527,40.72,On Head
172100,-5.3056,7.4771,2.8156,21.2672,-11.5267,-26.8397,41.09,On Head
172150,-5.2672,8.9902,1.7214,28.0611,-17.2977,-24.9008,40.95,On Head
172200,-5.3678,8.7364,2.1237,2.8244,-37.5878,-10.9618,40.58,On Head
172250,-4.4341,9.1075,2.3463,4.1069,-38.4885,4.9313,40.91,On Head
172300,-4.2282,8.2361,2.9521,-2.7786,-45.6183,5.0992,40.91,On Head
172350,-3.6488,7.6016,3.3112,15.8931,-48.6718,-1.2214,40.77,On Head
172400,-3.1005,8.8633,3.1436,26.3206,-37.7863,-5.8626,40.77,On Head
172450,-3.3662,8.1259,3.4261,16.0763,-24.1832,-12.7634,40.86,On Head
172500,-3.8259,7.9080,3.5267,24.4886,-23.3740,-13.3435,40.72,On Head
172550,-4.4963,8.8514,2.6336,37.0229,-35.2061,-24.2595,40.86,On Head
172600,-5.3199,9.7707,2.0901,14.1069,-37.2366,-3.9237,40.86,On Head
172650,-4.0223,10.4315,2.0255,16.0153,-31.2366,10.5802,40.67,On Head
172700,-4.1611,10.1347,2.3631,8.3511,-16.2137,10.8397,40.72,On Head
172750,-4.3024,8.4779,2.2913,21.6794,-23.0992,17.3588,40.67,On Head
172800,-3.7038,8.4851,2.0590,14.8397,-41.0840,13.8626,40.72,On Head
172850,-2.4684,7.6160,1.9752,9.3435,-53.6641,3.5420,40.72,On Head
172900,-2.2458,8.5401,1.0798,12.5038,-31.8931,-17.8473,40.77,On Head
172950,-3.6631,7.8314,0.7254,16.8855,-6.5649,-23.6641,40.53,On Head
173000,-4.7549,9.0285,0.4741,26.4275,1.6183,-16.9924,40.67,On Head
173050,-5.2792,10.2472,0.1030,9.2519,5.2061,-22.8550,40.77,On Head
173100,-5.7437,9.2033,0.7159,-6.7328,5.2672,-8.7634,40.67,On Head
173150,-5.1547,8.6742,0.8475,-6.7786,2.3817,2.5038,40.91,On Head
173200,-4.6759,8.1666,1.3886,-12.8855,3.4504,1.1450,40.67,On Head
173250,-4.9584,8.2768,1.6233,1.7863,5.0382,1.3282,40.91,On Head
173300,-5.0230,8.4515,1.2857,7.2672,-3.3588,4.0305,40.91,On Head
173350,-5.0159,8.6622,1.0654,13.2366,-13.4809,5.6336,40.77,On Head
173400,-4.4317,9.3709,0.6225,5.6947,-28.5802,13.4198,40.86,On Head
173450,-3.2489,8.6335,0.8356,-0.7023,-29.7252,6.4885,40.72,On Head
173500,-3.5458,8.8753,1.0774,7.3588,-21.7710,-3.4504,40.95,On Head
173550,-4.2521,9.0453,1.1133,7.3740,-20.4275,-6.7786,40.77,On Head
173600,-4.6184,9.1291,1.6281,8.0000,-27.0382,-6.3359,40.67,On Head
173650,-3.9025,8.9591,1.6041,10.8244,-31.6489,-1.6183,40.72,On Head
173700,-3.9816,9.3470,1.7334,13.6794,-35.2824,1.4351,40.44,On Head
173750,-2.9544,9.3087,1.4820,10.4885,-35.0534,5.7099,40.72,On Head
173800,-3.2920,8.8849,2.0901,4.8092,-36.8550,-3.4962,40.58,On Head
173850,-3.3495,9.1913,1.9728,10.1374,-31.0840,0.8855,40.77,On Head
173900,-2.9880,9.0860,1.8196,2.0000,-23.6336,2.9160,40.67,On Head
173950,-3.5314,9.6199,1.8435,0.1832,-13.3893,-5.0687,40.58,On Head
174000,-3.8020,8.7293,2.4277,6.5496,-13.4504,12.3359,40.77,On Head
174050,-3.3998,9.2703,2.0806,4.9466,-19.0840,4.1679,40.53,On Head
174100,-3.1005,9.0190,2.1979,11.8473,-17.6336,0.6565,40.58,On Head
174150,-2.7342,9.1028,1.8076,-1.6031,-19.0840,-5.3130,40.86,On Head
174200,-3.0335,9.7324,1.8651,3.4198,-10.0153,-6.4275,40.72,On Head
174250,-3.0526,8.8083,2.2458,-1.4962,-7.3588,-0.8092,40.95,On Head
174300,-3.0909,8.9615,2.1500,9.9695,-7.3130,-0.8702,40.72,On Head
174350,-2.8419,9.3972,1.8579,11.2824,-8.0916,-1.8931,40.86,On Head
174400,-3.3686,9.1842,2.1644,2.2137,-8.9618,-5.5725,40.91,On Head
174450,-3.4022,9.2967,1.8052,-1.9084,-9.1145,-15.9695,40.95,On Head
174500,-3.6057,9.0142,1.7669,-3.5573,-7.7252,-12.1985,40.58,On Head
174550,-3.9313,9.1363,1.8890,-9.7557,-4.1069,-1.4656,40.58,On Head
174600,-4.1037,8.7628,2.1548,-5.2824,-4.8550,-0.5802,40.91,On Head
174650,-4.2329,9.0884,2.2003,-6.0153,-10.4275,2.3206,40.77,On Head
174700,-3.7302,8.9352,2.0638,3.6794,-11.2519,6.5649,40.67,On Head
174750,-3.6296,8.6862,2.2577,1.4656,-18.9160,2.8855,41.09,On Head
174800,-3.8714,8.7149,2.4517,8.7634,-30.2901,0.2595,40.77,On Head
174850,-5.3870,8.8825,2.8659,26.4733,-58.9313,-2.2901,40.91,On Head
174900,-4.0606,8.9423,1.5538,37.0992,-97.2672,2.2595,40.72,On Head
174950,-4.0773,9.0261,1.8579,33.3893,-108.8702,10.1679,40.72,On Head
175000,-2.9856,9.8067,1.7573,22.5496,-119.8321,20.2595,40.72,On Head
175050,-2.5283,9.9120,2.3152,5.8321,-106.9771,7.6336,40.91,On Head
175100,-2.5809,10.0341,2.8850,3.3893,-91.7863,0.8244,40.86,On Head
175150,-2.5546,8.9399,3.4596,0.1374,-75.4504,-0.7481,40.77,On Head
175200,-2.2936,8.7221,3.3471,18.6565,-61.7405,16.6107,40.72,On Head
175250,-1.5969,8.9328,3.3088,25.8015,-53.8931,25.3435,40.91,On Head
175300,-1.4581,10.0269,3.5434,30.1832,-59.4504,36.3206,40.72,On Head
175350,-0.0048,9.4044,3.2082,19.5878,-59.8626,32.3969,40.86,On Head
175400,-0.1125,9.1075,3.2274,25.9084,-58.0763,30.2443,40.72,On Head
175450,0.2777,8.3845,2.7509,28.0458,-62.3359,14.6565,40.67,On Head
175500,-0.6416,9.0142,2.5450,34.6870,-73.0840,1.6031,40.53,On Head
175550,-0.5962,9.7995,1.7909,22.9924,-82.5191,-12.6107,40.67,On Head
175600,-0.5052,9.8138,1.6257,8.4427,-88.8855,-11.6336,40.77,On Head
175650,0.3591,10.6925,1.5850,-9.9542,-76.0000,-6.9924,40.91,On Head
175700,1.0487,10.3430,1.8244,-16.5038,-50.7328,2.2595,40.77,On Head
175750,0.4836,9.5409,3.3662,-46.1374,-30.5802,12.2901,41.05,On Head
175800,-0.0790,10.0197,2.7509,-6.2443,-17.2519,12.7786,40.72,On Head
175850,-1.7238,10.2592,2.4948,-8.0916,-25.3740,6.3359,40.72,On Head
175900,-2.0111,10.0868,1.1779,11.8015,-23.5573,-3.4504,40.95,On Head
175950,-2.2027,9.9264,0.1293,9.4504,-29.4962,2.0153,40.53,On Head
176000,-1.3551,10.8290,0.2155,-3.6794,-35.5267,12.4275,40.91,On Head
176050,-0.3807,10.1706,0.9385,-19.1908,-30.5344,1.4504,40.58,On Head
176100,-0.8212,8.9615,1.9513,-14.2443,-35.3893,2.7634,40.67,On Head
176150,-0.1484,9.3111,1.5778,1.6947,-42.1069,4.0153,40.77,On Head
176200,0.1628,9.3948,1.5419,0.8550,-44.1069,1.2366,40.67,On Head
176250,0.4884,9.9024,1.4509,2.8550,-47.0382,-1.5420,40.67,On Head
176300,0.6297,10.3310,1.5275,-3.6489,-49.6489,1.0382,40.77,On Head
176350,1.1133,10.1059,1.8244,-4.7939,-47.4656,-4.6260,40.91,On Head
176400,1.1708,9.9383,1.8842,-7.1450,-44.3359,-5.8626,40.91,On Head
176450,1.1612,9.7612,2.1141,-7.3282,-40.8855,-8.6718,40.77,On Head
176500,1.0606,9.5122,2.2003,-9.3740,-40.7939,-9.2061,40.67,On Head
176550,0.7111,8.9064,2.2936,0.7023,-41.1756,-2.5496,40.77,On Head
176600,1.3312,9.9144,1.2953,10.7328,-44.3359,6.4427,40.86,On Head
176650,1.4389,9.9240,1.3120,-1.9695,-38.2137,12.6412,40.77,On Head
176700,1.8603,10.2328,1.0702,-3.7710,-32.5954,19.6947,40.72,On Head
176750,1.6903,10.2304,1.0271,-7.6031,-26.6718,23.6641,41.19,On Head
176800,1.3623,10.3789,0.7590,-11.5115,-20.2290,26.0611,40.86,On Head
176850,2.2027,14.9326,1.6161,-11.8779,-15.2366,62.4275,40.72,On Head
176900,3.6847,12.0021,1.6352,-12.5649,1.2519,61.8168,40.86,On Head
176950,3.5003,8.9519,2.6432,-40.6412,4.7786,53.0992,40.95,On Head
177000,2.7653,7.4555,3.5267,-38.5496,6.2443,34.3969,40.67,On Head
177050,2.7797,7.4196,4.0701,-20.8550,5.9389,24.0000,40.95,On Head
177100,2.7390,7.7788,4.7740,-12.1527,3.7557,11.1145,41.05,On Head
177150,2.6169,7.9128,4.8794,0.5954,-4.2748,1.0229,40.72,On Head
177200,3.1364,9.2919,4.8339,-2.4580,-12.3359,-4.9924,40.53,On Head
177250,3.0622,8.6933,4.8866,2.5496,-19.8321,-16.4580,40.95,On Head
177300,2.9185,8.2241,4.1420,13.9847,-26.5802,-26.8550,40.72,On Head
177350,2.9736,8.2983,3.3662,23.1145,-28.2443,-19.9389,40.86,On Head
177400,3.5099,8.4803,2.7126,22.3511,-23.8931,-16.0153,40.86,On Head
177450,3.0263,8.3725,2.7246,16.4733,-20.5649,-19.4046,40.77,On Head
177500,2.6528,8.9256,3.2585,10.6870,-23.7252,-27.7557,40.72,On Head
177550,2.0901,9.0812,3.6607,14.2901,-32.9160,-43.7710,40.72,On Head
177600,1.9872,8.9783,3.4620,19.7557,-46.4580,-60.7176,40.95,On Head
177650,2.8180,14.0659,2.6624,49.3282,-60.0916,-66.1069,40.67,On Head
177700,1.7358,12.9143,0.5315,19.8931,-48.5038,-63.1908,40.86,On Head
177750,0.9768,10.5896,-0.2849,21.8168,-36.7023,-46.9008,40.67,On Head
177800,0.5914,9.2919,-1.4269,10.1679,-6.0611,-47.8779,40.72,On Head
177850,-0.9673,8.7149,-0.7661,-4.7328,13.0992,-26.8550,40.95,On Head
177900,-0.4812,9.2799,-0.5890,2.3053,11.4656,-12.7176,40.77,On Head
177950,-0.7087,9.7683,-0.7997,-3.6183,14.6870,-27.7099,40.91,On Head
178000,-1.2210,9.9479,-0.8595,1.9237,10.4733,-31.3130,40.72,On Head
178050,-1.3695,9.6367,-1.1899,-10.3969,17.4198,-40.7328,40.72,On Head
178100,-1.8148,9.3853,-0.6009,-17.8321,21.2977,-29.8626,40.91,On Head
178150,-1.8675,9.6319,-0.5004,-10.1374,24.0458,-17.3588,40.72,On Head
178200,-1.8244,9.2488,-0.2586,-15.6336,23.6641,-10.9313,40.39,On Head
178250,-2.2553,9.8426,-0.2969,-5.3282,19.2214,-3.6031,40.44,On Head
178300,-1.8316,10.6183,-0.4741,-10.6107,12.9160,0.8092,40.67,On Head
178350,-1.5036,10.3310,-0.1676,-16.6260,10.1832,1.0382,40.86,On Head
178400,-1.5083,10.0533,0.0168,-15.9847,11.5725,1.9695,40.72,On Head
178450,-1.9632,9.7157,0.2227,-13.7863,13.2519,10.0000,40.95,On Head
178500,-2.1739,9.4882,0.7039,-11.1450,8.4275,23.4351,40.86,On Head
178550,-0.7159,11.4563,1.0175,-8.1679,-6.0458,24.5496,40.91,On Head
178600,-0.8835,11.0014,1.0750,-23.7405,-0.7634,0.2443,40.91,On Head
178650,-1.6735,9.2225,1.9465,-28.5191,6.1069,-4.9924,40.72,On Head
178700,-1.7023,8.2768,2.6169,-18.8244,5.5267,18.4427,40.77,On Head
178750,-0.1987,8.5305,3.0071,-9.0382,0.2290,19.8473,40.95,On Head
178800,-0.4621,9.2895,3.3375,-14.8244,0.2137,-27.5267,40.77,On Head
178850,-1.8076,9.2656,3.4812,-10.0153,1.0534,-30.6718,40.86,On Head
178900,-2.1284,9.0621,3.1268,8.8855,-0.3817,-19.6794,40.77,On Head
178950,-1.3264,9.6031,2.4900,10.5191,0.0916,-8.2595,40.86,On Head
179000,-1.0199,9.4523,2.4205,10.2137,3.0076,-7.5573,40.91,On Head
179050,-1.2689,9.2847,2.3104,7.7710,-0.6107,-10.3511,40.91,On Head
179100,-1.5371,9.2967,1.9704,5.4656,-2.4122,-16.1527,41.19,On Head
179150,-1.8483,10.1849,1.9944,-3.2977,0.8397,-9.9695,40.72,On Head
179200,-2.0446,9.2464,2.9664,-7.1603,5.4962,2.5038,40.72,On Head
179250,-2.4110,8.7771,2.9018,22.9618,3.6489,7.0840,40.72,On Head
179300,-2.1859,10.1370,1.8483,28.9313,-2.9771,16.3511,40.91,On Head
179350,-1.0343,10.8960,0.8068,23.3435,-6.0305,11.8168,40.77,On Head
179400,-1.9656,11.7029,-0.2274,11.4351,1.9542,1.6947,40.86,On Head
179450,-2.3176,11.7220,-0.6273,4.3664,2.1221,13.0992,40.77,On Head
179500,-1.7597,9.9335,-1.1732,-6.9466,4.8702,17.7099,40.91,On Head
179550,-1.1827,7.7285,-0.6895,-12.9924,10.3969,21.8321,40.86,On Head
179600,-0.8380,7.8913,-0.2586,-13.6794,13.4046,4.1832,40.72,On Head
179650,-1.2809,8.9040,-0.1269,-7.5267,15.8626,-13.9542,40.77,On Head
179700,-1.7861,9.9359,-0.0479,-0.2901,18.6870,-24.2595,40.95,On Head
179750,-2.8946,10.4291,-0.2059,3.8168,11.6794,-31.2977,40.95,On Head
179800,-2.9975,10.1323,-0.3352,-4.9466,1.9389,-17.6794,41.05,On Head
179850,-2.1572,9.3158,-0.0503,-7.2519,0.7481,-2.8397,40.77,On Head
179900,-1.4820,8.9376,-0.0431,-6.7176,-2.9008,-2.6870,40.72,On Head
179950,-1.5275,9.4858,-0.1197,-5.4962,-1.7405,-11.9389,40.72,On Head
180000,-1.9058,9.8761,-0.0527,-5.0382,-4.9618,-11.4809,40.67,On Head
180050,-1.9632,10.1993,-0.2921,-5.5115,-8.8855,-10.4122,40.72,On Head
180100,-2.0255,10.1370,-0.3376,-11.8626,-10.1069,-2.8855,40.91,On Head
180150,-1.5514,9.8857,-0.1484,-15.9847,-9.2519,3.1450,40.67,On Head
180200,-1.6616,9.9623,0.1269,-18.9160,-4.6260,4.5954,40.67,On Head
180250,-2.0039,9.5577,0.3711,-15.5267,-5.0992,8.8550,40.77,On Head
180300,-1.8124,11.6215,0.8715,-8.3511,-5.9695,19.1145,40.72,On Head
180350,-1.8627,11.5161,0.9553,-8.0305,-2.6412,6.4885,40.72,On Head
180400,-2.4493,10.5560,1.5443,-17.6947,-2.8702,6.1221,40.58,On Head
180450,-2.0016,9.3637,1.9537,-29.2366,1.4656,7.3435,40.67,On Head
180500,-2.1859,7.8147,2.7821,-22.8855,5.0840,9.6489,40.58,On Head
180550,-1.8148,8.4707,2.7318,0.1985,6.7023,5.4656,40.77,On Head
180600,-2.2098,9.2871,2.7557,-11.0992,8.8550,-7.2824,40.72,On Head
180650,-2.3176,9.5648,2.9425,-16.1527,11.5267,-8.2290,40.72,On Head
180700,-2.2003,8.9184,3.3136,-14.7481,12.8397,-1.0382,40.91,On Head
180750,-1.4126,8.4898,3.4477,8.0611,3.8015,-0.3969,40.44,On Head
180800,-0.4453,8.7915,2.4732,2.3817,3.2366,-22.9924,40.77,On Head
180850,-0.5986,9.4212,2.0303,2.0916,22.9160,-29.4962,40.77,On Head
180900,-1.9034,9.5122,2.3774,-4.8855,40.5191,-32.2443,40.58,On Head
180950,-3.0789,9.5481,2.9113,-19.8168,39.5573,-28.0763,40.67,On Head
181000,-3.9983,9.1722,3.6751,-8.6260,31.5878,-6.0916,40.86,On Head
181050,-3.0789,9.2656,3.2154,8.1527,29.8626,16.4580,40.77,On Head
181100,-2.8898,9.7133,2.9975,10.8397,30.7176,30.3969,40.58,On Head
181150,-2.5259,9.2057,2.9951,13.1603,21.2977,38.0611,40.67,On Head
181200,-2.1117,9.1147,2.5307,14.2443,18.3053,36.1527,40.53,On Head
181250,-1.7023,11.8321,2.3822,25.9084,16.3817,48.5954,40.72,On Head
181300,-1.2354,11.4299,1.7454,31.7557,11.7099,25.1450,40.67,On Head
181350,-1.7885,11.0899,1.0175,18.6260,7.4504,18.9160,40.86,On Head
181400,-1.4988,10.1801,-0.5171,14.0305,5.5420,21.4962,40.77,On Head
181450,-1.2665,8.4372,-1.4844,-14.1374,7.7405,24.9466,40.91,On Head
181500,-1.3384,8.7293,-1.0702,-13.2977,24.6870,24.9313,40.72,On Head
181550,-1.8100,9.4691,0.3232,-3.4351,13.3588,27.6489,41.09,On Head
181600,-0.9960,10.6183,-0.2035,20.7023,10.8244,18.5802,40.58,On Head
181650,-1.4102,10.2687,-0.4717,8.2901,0.3359,7.5573,40.67,On Head
181700,-0.9816,9.7803,-0.3591,-4.9008,-18.3664,16.8092,40.77,On Head
181750,0.2562,9.4236,-0.1413,-14.5496,-19.4809,20.2595,40.91,On Head
181800,0.7326,9.3422,0.0383,-11.6183,-8.1832,29.7710,40.91,On Head
181850,1.0175,10.2256,0.2562,-9.9542,-6.5802,24.6260,40.67,On Head
181900,1.3144,9.7995,0.4262,-8.3817,-10.1374,13.1145,40.91,On Head
181950,0.7757,9.4355,0.3232,3.8015,-21.7863,1.5725,40.53,On Head
182000,1.2713,9.8354,-0.3639,1.4504,-37.1603,0.4122,40.53,On Head
182050,1.6017,9.8234,-0.3926,-7.4656,-39.2519,1.0382,40.39,On Head
182100,1.8771,10.0724,-0.6009,-8.4580,-47.7099,0.5802,40.67,On Head
182150,2.0135,10.2137,-1.0630,-14.4885,-43.6641,-9.1145,40.67,On Head
182200,1.2761,10.3669,-0.7518,-26.0153,-39.9389,-3.9695,40.86,On Head
182250,0.7829,10.1466,-0.3567,-26.6412,-36.0916,13.2824,40.72,On Head
182300,2.2218,10.4315,1.4413,-57.7252,-49.2061,32.9924,40.72,On Head
182350,2.2913,11.5305,2.0782,-58.0458,-21.2672,24.9771,40.44,On Head
182400,1.7238,9.2416,2.8994,-26.2595,4.7634,-3.0687,40.95,On Head
182450,0.7254,9.2416,2.5067,-11.8626,4.7176,3.6947,40.77,On Head
182500,1.4605,8.3845,2.9497,-23.6641,-5.5725,20.0000,40.58,On Head
182550,1.8411,8.1906,3.4907,-24.7328,-11.9237,0.0611,40.67,On Head
182600,0.8380,8.4252,4.7573,-26.6107,-23.2366,-24.9160,40.58,On Head
182650,0.5004,8.7747,5.0877,-20.7023,-33.0992,-42.0305,40.72,On Head
182700,-0.5195,9.0405,5.2170,-9.0534,-41.8473,-51.7863,40.67,On Head
182750,-1.0343,9.5600,4.6160,6.0305,-47.9389,-35.7710,40.72,On Head
182800,-0.5028,9.6151,3.7326,0.2290,-64.6412,-5.1908,40.77,On Head
182850,1.5730,8.7867,3.5003,-4.6260,-63.9237,-11.6947,40.67,On Head
182900,1.0487,9.1219,3.7804,-1.8321,-49.0382,-31.5725,40.86,On Head
182950,0.4166,9.0980,3.7110,-3.3893,-37.1298,-28.6107,40.39,On Head
183000,-0.4645,10.0126,2.7533,6.3206,-20.3664,-14.7176,40.72,On Head
183050,-1.4293,10.7117,3.7565,-78.7023,-77.0229,7.8931,40.67,On Head
183100,2.1691,7.4651,5.5043,-56.3511,-72.4122,-29.2366,40.67,On Head
183150,0.1293,7.8410,5.8203,26.5649,-17.9847,-1.6183,40.77,On Head
183200,1.0630,10.4986,4.3239,64.1374,-8.5802,34.0763,40.53,On Head
183250,2.6264,12.3684,1.5203,59.8321,12.8092,12.4733,40.91,On Head
183300,2.7174,10.7452,0.4070,29.6336,49.4351,-4.3206,40.58,On Head
183350,1.7549,11.0038,-0.9553,19.4198,81.7252,3.6336,40.86,On Head
183400,2.1332,7.8626,-0.6273,-5.4656,132.1069,27.1603,40.72,On Head
183450,2.4756,8.0709,-0.9505,27.5267,190.4275,26.4886,40.67,On Head
183500,-0.2251,9.8306,-0.4357,35.2977,219.1908,2.6412,40.72,On Head
183550,-1.9249,10.8122,0.3017,34.7481,186.7786,-6.2137,40.67,On Head
183600,-2.1859,10.8290,0.1963,33.5878,134.0916,-0.0916,40.72,On Head
183650,-0.7350,10.3741,-0.8092,16.2595,95.7710,-1.9542,40.86,On Head
183700,-0.3304,9.4762,-0.0718,-7.2061,68.4733,-12.0000,40.67,On Head
183750,0.0359,9.4403,0.6201,-14.4122,50.7939,-19.1908,40.91,On Head
183800,0.9242,9.2847,0.5986,-14.0458,56.3359,-20.7939,40.67,On Head
183850,0.7853,9.5193,0.6369,18.5038,89.5573,-8.1221,40.91,On Head
183900,-0.4334,10.3094,0.4717,20.7786,87.1450,-7.2519,40.44,On Head
183950,-0.7398,10.9918,0.1293,2.6260,61.0840,-12.1985,40.53,On Head
184000,-0.9816,10.4818,0.5866,-19.2824,29.2672,-16.9771,40.58,On Head
184050,-0.8523,10.1562,0.8021,-32.7328,8.7328,-14.2443,40.86,On Head
184100,-0.1317,9.9383,0.7638,-36.7023,0.6718,-8.4275,40.44,On Head
184150,0.1820,9.9024,1.0391,-36.9466,5.3130,1.2366,40.86,On Head
184200,0.5674,9.7444,2.0662,-51.5267,6.9771,-9.4046,40.67,On Head
184250,-1.6137,10.4962,1.9609,-41.2672,16.5496,-11.8168,40.86,On Head
184300,-1.7861,9.9479,0.9553,-20.2901,35.1756,-2.4580,40.72,On Head
184350,-2.3535,9.6343,0.7422,-16.6870,50.2901,9.5115,40.58,On Head
184400,-2.4349,9.3326,1.8316,-32.7176,48.4427,29.4656,40.67,On Head
184450,-1.8196,8.8322,2.4924,-21.5420,43.0534,21.5114,40.53,On Head
184500,-1.9848,9.4164,2.8060,-18.1069,45.4046,15.0076,40.72,On Head
184550,-1.6640,9.4212,2.7174,1.0076,51.9389,15.4046,40.72,On Head
184600,-1.3001,9.8450,2.3463,9.2061,55.0534,15.5573,40.95,On Head
184650,-0.8930,9.4643,2.6600,-0.0611,52.7023,24.8855,40.67,On Head
184700,-0.6488,8.7460,3.8092,-0.2748,52.0916,38.5802,40.72,On Head
184750,0.0192,7.7141,4.3886,23.4809,52.0000,41.6641,40.91,On Head
184800,0.4166,9.7588,0.4238,67.9695,51.1756,17.6641,40.77,On Head
184850,-0.3280,11.9638,-1.5921,23.2977,65.2977,21.5114,40.86,On Head
184900,-0.0239,10.6710,-0.6943,0.2748,80.9008,12.6565,40.58,On Head
184950,-0.5435,10.3860,-0.0934,-2.3206,88.3969,14.2137,40.67,On Head
185000,0.3926,11.2767,1.5227,-24.3664,92.0611,11.8321,40.72,On Head
185050,-1.9968,10.0030,2.9832,6.4427,67.9542,7.3282,40.72,On Head
185100,0.5363,9.0932,1.8986,14.6412,31.5267,21.5878,40.67,On Head
185150,2.4756,9.6055,-0.3232,9.3282,28.5496,15.2366,40.72,On Head
185200,2.5450,8.9352,-0.3950,-24.2901,46.1832,15.1450,40.67,On Head
185250,1.9489,9.5720,0.5435,-23.2672,44.7634,15.8015,40.58,On Head
185300,2.8108,10.3908,2.5474,-34.6412,33.7557,-6.6260,40.91,On Head
185350,1.2617,10.3741,2.0590,6.4275,31.4351,-38.1832,40.72,On Head
185400,0.5674,10.3286,-0.6823,9.2824,11.5573,-3.8321,40.58,On Head
185450,2.4229,9.8402,-1.9704,-20.5038,14.8855,-6.9313,40.72,On Head
185500,2.1668,9.1818,-0.4453,-48.5649,19.3893,-29.3588,40.77,On Head
185550,1.0511,9.9718,0.9457,-43.9084,34.9313,-22.9771,40.77,On Head
185600,0.7446,9.7252,1.6352,-43.8931,54.8092,-20.9008,40.77,On Head
185650,-0.5674,10.2185,2.0255,-36.9924,80.1832,-21.5267,40.77,On Head
185700,-3.1436,10.2472,3.8044,-35.5267,64.8855,-1.8321,40.86,On Head
185750,-2.1763,11.0875,3.6296,-45.0534,39.4656,9.2061,40.86,On Head
185800,-1.1420,9.9479,3.8116,-38.1374,38.5954,18.3206,40.77,On Head
185850,0.0527,9.2440,3.7134,-47.2824,44.3817,27.7252,40.72,On Head
185900,0.5890,8.2384,3.8930,-36.5191,60.6260,30.4733,40.72,On Head
185950,0.0311,8.1403,4.7764,-28.0305,73.4657,26.8702,40.72,On Head
186000,-1.4916,7.9128,5.7126,-12.8397,64.7176,12.3359,40.91,On Head
186050,-2.1883,8.9280,5.9520,-14.3664,29.2366,6.7328,40.72,On Head
186100,-1.3791,9.1411,5.5641,-17.2519,7.7099,6.2137,40.77,On Head
186150,-1.5969,9.6965,5.2768,-24.7786,-1.0076,11.4351,40.72,On Head
186200,-1.0774,8.7101,5.8227,-32.8550,-7.7405,19.2519,40.44,On Head
186250,-0.6919,8.5832,5.6958,-16.7939,-10.7939,9.2824,40.72,On Head
186300,0.0455,7.3861,5.5115,1.4351,-10.6565,0.6870,40.86,On Head
186350,-0.1532,7.7931,5.6072,17.8321,-12.7634,-9.4046,40.67,On Head
186400,-0.4214,8.4324,5.1380,32.1985,-13.7252,-16.7023,40.77,On Head
186450,-1.4006,9.7468,4.9991,27.8931,-25.2061,-16.9008,40.95,On Head
186500,-1.3288,9.5385,4.9680,20.8244,-39.3893,-12.7176,40.72,On Head
186550,-0.8667,9.2440,4.3622,12.9160,-50.9466,-12.7328,40.72,On Head
186600,-0.3280,9.6630,3.8595,9.3588,-51.4504,-22.2290,40.86,On Head
186650,-1.9561,9.8450,4.3934,-3.7252,-54.7786,-23.0534,40.95,On Head
186700,-1.1325,9.5984,4.3527,-4.5649,-69.8626,-3.3130,40.58,On Head
186750,-0.3184,9.3134,4.3096,-9.5420,-75.2214,5.5573,40.95,On Head
186800,0.2682,8.9830,4.9129,-11.4809,-82.9618,6.2595,40.67,On Head
186850,0.9050,9.0525,4.8004,-6.9313,-90.4733,-4.1679,40.72,On Head
186900,0.3855,7.8985,4.1922,15.4504,-105.1298,-22.0153,40.58,On Head
186950,-0.7494,11.4012,1.8986,7.0687,-158.4733,-21.9542,40.67,On Head
187000,2.4588,10.0485,2.9066,-88.1527,-169.9695,-48.5038,40.67,On Head
187050,2.3750,6.6415,5.3391,5.0687,-85.2366,-24.2901,40.91,On Head
187100,0.5004,7.8027,5.5426,6.5496,-105.2824,1.5725,40.72,On Head
187150,3.4907,9.6534,2.5546,38.2290,-84.0763,-7.9237,40.91,On Head
187200,3.2154,9.8426,2.3080,-1.1450,-64.3511,-9.8779,40.67,On Head
187250,2.4804,9.9599,2.8012,-2.0916,-32.9771,-11.3588,40.95,On Head
187300,2.9951,8.8825,3.5219,-11.9542,-19.7710,-7.8779,40.91,On Head
187350,2.3846,9.1147,4.0438,-8.2443,-8.3206,-2.7023,40.77,On Head
187400,2.0566,9.2656,4.1300,-9.8321,-13.8473,-8.0916,40.44,On Head
187450,2.5019,9.2368,3.9552,-7.2672,-19.1908,-16.7939,40.77,On Head
187500,2.1644,9.0046,4.2760,-18.5496,-24.8397,-21.0992,40.86,On Head
187550,1.5826,9.5720,4.0606,-23.7405,-34.7176,-20.3969,40.67,On Head
187600,2.0853,9.5146,3.5650,-27.5878,-33.1908,-19.4351,40.86,On Head
187650,2.5163,8.8370,4.5633,-34.9618,-27.9695,-17.6489,40.72,On Head
187700,1.5036,6.8522,5.9951,-22.1374,-37.6489,-26.5344,40.67,On Head
187750,4.0989,8.6311,3.8259,7.7557,-26.1069,-50.6565,40.95,On Head
187800,3.0646,8.4827,3.7373,-9.2519,-5.5878,-76.2901,40.72,On Head
187850,1.3838,8.1427,4.2641,2.1069,1.9237,-93.6183,40.67,On Head
187900,-0.1748,8.9088,4.5059,2.5344,6.7939,-106.6870,40.72,On Head
187950,-2.6504,8.4922,4.9823,20.2443,-3.0840,-101.1908,40.91,On Head
188000,-2.6624,9.6343,3.4764,18.7176,-7.3740,-66.3359,40.91,On Head
188050,-1.3791,10.9583,2.8778,-0.3053,-10.0916,-37.4504,40.86,On Head
188100,-3.3064,8.4515,4.2234,-5.2824,-7.7099,-43.4504,40.77,On Head
188150,-2.8347,9.0597,3.7996,-2.9008,-3.9237,-34.6565,40.77,On Head
188200,-2.9401,8.4443,4.3598,-6.7481,-3.2061,-31.5420,40.86,On Head
188250,-2.7078,8.0278,4.2569,-5.7557,-1.7405,-37.5878,40.67,On Head
188300,-3.5219,8.5641,4.6735,-3.1756,-0.0305,-37.8473,40.67,On Head
188350,-3.4596,8.6790,4.7333,-2.7634,1.9084,-33.3130,40.72,On Head
188400,-3.8451,8.8418,4.7070,-1.1756,3.7099,-29.4046,40.72,On Head
188450,-3.9217,8.4731,4.8219,-1.4504,4.0916,-24.2748,40.86,On Head
188500,-4.0582,8.2456,4.6591,2.5649,4.8397,-21.3130,40.58,On Head
188550,-3.8283,8.2145,4.3479,3.5115,5.9542,-15.1145,40.77,On Head
188600,-3.5674,8.1283,4.0055,0.3664,6.4580,-15.3588,40.72,On Head
188650,-3.3782,8.1810,3.7158,-0.4580,15.3893,-19.3588,40.77,On Head
188700,-3.7541,8.5234,3.7876,-6.7481,22.5191,-14.5038,40.91,On Head
188750,-4.1300,8.4108,3.9049,-5.0382,30.5344,-11.5267,40.77,On Head
188800,-4.2689,8.5114,3.8331,-10.9160,36.3511,-6.9313,40.67,On Head
188850,-4.4460,8.0182,3.8020,-11.8473,44.3206,-2.2901,40.72,On Head
188900,-4.9584,7.8410,3.9911,-6.4275,49.2214,8.7939,40.67,On Head
188950,-5.0230,8.0254,3.7134,-1.2519,48.7786,13.1298,40.72,On Head
189000,-5.1667,8.8825,3.3160,-2.1832,50.7481,3.5115,40.72,On Head
189050,-6.6128,7.7428,3.1508,-8.2290,48.8244,3.0687,40.72,On Head
189100,-6.6607,7.5657,2.0662,13.6947,34.7023,17.1603,40.86,On Head
189150,-5.1643,8.8442,0.7566,1.0076,34.5496,20.0611,40.77,On Head
189200,-5.6407,8.0900,0.8763,-17.1756,40.1985,11.1603,40.44,On Head
189250,-5.2074,7.8769,0.0551,-14.8244,42.4733,14.5038,40.67,On Head
189300,-6.9264,5.8586,1.1851,-12.9160,45.3740,11.8779,40.77,On Head
189350,-6.0286,8.7867,0.0096,-1.1145,37.1145,8.2290,40.58,On Head
189400,-6.2153,8.1858,0.5411,-27.3588,34.1527,-4.1221,40.86,On Head
189450,-6.1962,7.3095,0.8499,-25.5573,28.9618,5.4962,40.67,On Head
189500,-5.7413,6.8714,0.9577,-20.5802,29.5725,11.6336,40.67,On Head
189550,-6.0142,7.2161,1.1947,-8.0305,33.2214,7.3893,40.67,On Head
189600,-6.4141,8.8873,1.0606,-1.4504,26.7176,13.7557,40.67,On Head
189650,-6.1651,9.3470,0.8643,-6.2443,19.4809,13.8779,40.53,On Head
189700,-5.7317,8.4204,0.9984,-10.3053,11.4656,22.6718,40.86,On Head
189750,-4.2569,7.9057,0.8835,-9.2672,12.8855,31.1603,40.67,On Head
189800,-3.6009,7.7572,1.0582,-4.4427,19.4962,21.6489,40.58,On Head
189850,-4.2473,8.7556,1.1899,-3.2672,13.0840,6.5649,40.86,On Head
189900,-4.4724,8.8992,0.9649,-5.7405,4.9313,-0.8244,40.72,On Head
189950,-4.7453,8.7556,0.8739,-5.2824,5.2366,1.3282,40.77,On Head
190000,-4.3718,8.7412,0.7733,-4.6718,6.7023,9.6641,40.53,On Head
190050,-4.2018,8.6072,0.8643,-5.0992,9.0992,8.5802,40.77,On Head
190100,-4.2090,8.8346,0.9601,-7.8168,7.4809,1.9237,40.67,On Head
190150,-4.3670,8.7269,1.0989,-6.8702,5.1756,-1.0076,40.77,On Head
190200,-4.2808,8.6431,1.0367,-6.0458,2.9924,0.5344,40.77,On Head
190250,-4.3886,8.9878,1.1109,-3.4809,2.3817,1.6336,40.58,On Head
190300,-4.1204,8.8178,1.0870,-6.1221,0.7939,-1.2519,40.72,On Head
190350,-4.1348,8.8681,0.9218,-6.6870,1.7099,-5.6641,40.86,On Head
190400,-4.2569,8.7364,0.9984,-6.6565,4.5344,-0.8244,40.91,On Head
190450,-4.4077,8.7987,1.1971,-6.9008,5.5115,-1.9237,40.72,On Head
190500,-4.3574,8.8083,1.1708,-7.7557,4.0305,-3.3588,40.72,On Head
190550,-4.4915,8.7293,1.3001,-9.3282,3.2214,-1.6794,40.95,On Head
190600,-4.3263,8.7724,1.1109,-6.4122,4.4733,0.2443,40.67,On Head
190650,-4.3646,8.6886,1.1827,-6.8855,5.2214,-1.6183,40.72,On Head
190700,-4.5849,8.7436,1.1971,-5.6336,5.3893,-0.1679,40.67,On Head
190750,-4.4101,8.6095,1.1612,-5.8779,5.4656,0.6412,40.67,On Head
190800,-4.4365,8.6838,1.1756,-5.2519,3.2519,-0.3969,40.77,On Head
190850,-4.4436,8.6407,1.1325,-2.9313,1.7252,0.0458,40.67,On Head
190900,-4.4149,8.7963,1.0965,-4.4580,0.7786,-2.0763,41.05,On Head
190950,-4.5586,8.8250,1.0391,-6.3511,1.7710,-1.0992,40.72,On Head
191000,-4.5394,8.8825,1.1564,-7.3740,0.6412,1.0687,40.67,On Head
191050,-4.5777,8.6191,1.4269,-6.0916,0.6412,2.7023,40.67,On Head
191100,-4.4556,8.7843,1.3767,-3.8473,-0.5649,3.8015,40.53,On Head
191150,-4.3503,8.7412,1.3192,-2.7634,-0.7634,4.5802,40.67,On Head
191200,-4.2521,8.8131,1.2498,-1.4351,-1.0992,6.2290,40.91,On Head
191250,-4.7645,9.2368,1.1995,-0.9924,-1.8015,10.6412,40.72,On Head
191300,-5.4708,9.9814,1.2833,-5.1756,-2.9924,35.6489,40.58,On Head
191350,-5.5857,9.9455,1.5443,-4.2748,-11.4809,84.7481,40.95,On Head
191400,-3.5841,8.8825,1.8579,-3.0687,-20.4580,95.7863,40.86,On Head
191450,-2.8323,9.1099,1.7358,6.3664,-22.0611,92.0153,40.72,On Head
191500,-1.1947,9.0357,1.3671,10.2901,-29.4656,84.3206,40.67,On Head
191550,0.3065,8.7412,1.1157,7.0840,-28.6718,67.2672,40.67,On Head
191600,0.4884,9.6343,1.1181,14.3053,-23.5420,44.0916,40.72,On Head
191650,0.7135,9.6199,0.9266,6.6718,-22.2290,33.4198,40.77,On Head
191700,1.1085,9.7659,0.5626,0.7328,-20.0305,27.5267,40.77,On Head
191750,1.1732,9.8881,0.7518,-1.2519,-11.3282,15.2214,40.91,On Head
191800,1.2186,9.6702,1.0487,-0.6718,-10.9618,15.6031,40.53,On Head
191850,1.3791,9.6989,1.0343,4.6260,-5.0076,9.1603,40.67,On Head
191900,1.4078,9.9886,0.6536,4.8244,-3.6947,10.6718,40.86,On Head
191950,1.4629,9.7181,0.6536,1.7557,-1.8473,3.2519,40.95,On Head
192000,1.5443,9.8521,0.5195,-2.1374,-0.0611,-2.0611,40.77,On Head
192050,1.2139,9.9886,0.8092,-3.4198,-0.9771,-3.2061,40.67,On Head
192100,1.2210,9.5553,0.9050,-1.6641,1.2061,-8.2901,40.86,On Head
192150,0.9768,10.0078,0.7494,-2.3359,-0.2137,-10.4733,40.77,On Head
192200,0.7829,9.8833,0.8212,-1.7405,1.4809,-10.7786,40.95,On Head
192250,0.8787,9.9264,0.8906,-3.8779,0.6107,-11.7405,40.67,On Head
192300,0.7183,9.9766,0.8308,-4.3817,0.8092,-13.7405,40.72,On Head
192350,0.5746,9.9718,0.7829,-2.0916,4.1527,-16.5649,40.91,On Head
192400,0.3256,10.0772,0.7733,-5.7405,4.9008,-14.3664,40.72,On Head
192450,0.0335,10.0676,0.7901,-3.5420,8.1527,-14.4122,40.86,On Head
192500,0.1197,10.1347,0.9960,-5.2824,3.8015,-8.8855,40.67,On Head
192550,-0.0335,9.8928,0.9697,-0.4122,6.2443,-10.0611,40.95,On Head
192600,-0.1580,10.2999,0.7446,-2.8855,3.7405,-6.2901,40.77,On Head
192650,0.0599,10.0365,0.7614,-5.6489,3.8473,-4.5649,40.77,On Head
192700,0.0670,9.8665,0.9074,-7.6489,8.9466,-8.4275,40.77,On Head
192750,-0.2562,9.7396,1.1013,-5.3588,11.1908,-5.6031,40.91,On Head
192800,-0.2538,9.6965,1.1133,-3.5267,10.4733,-4.9313,40.67,On Head
192850,-0.2610,9.8928,1.0367,-4.4427,11.2061,-10.1069,40.58,On Head
192900,-0.3017,9.9000,0.9242,-2.5496,11.0687,-10.7176,40.77,On Head
192950,-0.0958,10.1011,0.7422,-3.0229,14.1527,-13.4198,40.72,On Head
193000,0.0503,10.4148,0.6153,-9.0229,19.6183,-12.7328,40.95,On Head
193050,-0.0814,10.1562,0.9553,-13.0229,26.0305,-12.5344,40.67,On Head
193100,-0.1987,9.3158,1.4174,-11.4809,29.8168,-15.3435,40.67,On Head
193150,-0.6871,9.0668,1.4916,-8.5191,31.3435,-17.2824,40.95,On Head
193200,-0.8428,9.2320,1.3599,-0.8702,29.1908,-21.5725,40.67,On Head
193250,-1.3240,9.3087,1.1540,-1.0382,28.7176,-28.3053,40.72,On Head
193300,-2.3894,9.8426,0.6871,5.5420,25.4046,-30.9618,40.95,On Head
193350,-3.3016,10.6734,0.2035,-1.9542,22.7939,-25.4962,40.72,On Head
193400,-3.3974,10.0820,0.4238,-0.9008,20.3817,-8.1679,40.67,On Head
193450,-3.2537,9.7707,0.2897,-0.6870,17.6794,-0.2901,40.72,On Head
193500,-2.6073,9.7276,0.2274,-7.8931,11.1756,3.2824,40.91,On Head
193550,-2.3727,9.6151,0.1915,-6.5802,9.0687,-0.8855,40.91,On Head
193600,-2.3152,9.6822,0.1604,-10.4885,8.6260,0.7786,40.77,On Head
193650,-2.4397,9.8019,0.1341,-11.2366,11.6183,0.9618,40.91,On Head
193700,-2.3894,9.7827,0.1628,-15.1603,13.0840,0.7634,40.72,On Head
193750,-2.6983,9.4212,0.5459,-15.0076,15.5267,4.3206,40.67,On Head
193800,-2.6528,9.6486,0.6440,-12.4733,14.0611,7.6183,40.86,On Head
193850,-2.7366,9.6391,0.6800,-13.5725,13.0229,6.6412,40.86,On Head
193900,-2.3846,9.7851,0.6129,-13.0382,12.7481,5.9237,40.77,On Head
193950,-2.5809,9.8833,1.0008,-13.2519,16.0000,6.1221,40.86,On Head
194000,-2.7629,9.5960,1.5706,-9.5115,9.6641,13.6031,40.77,On Head
194050,-2.0614,9.3470,1.4293,-9.7710,-1.6794,16.4580,40.72,On Head
194100,-1.3599,9.8809,1.2091,-11.5725,-6.2901,14.0763,40.86,On Head
194150,-1.1444,9.7468,1.3001,-17.8931,-3.1298,4.6565,40.77,On Head
194200,-1.0846,9.2057,2.1979,-27.9847,2.4580,0.2443,40.53,On Head
194250,-1.9824,9.3182,3.2633,-12.5649,7.5115,1.3588,40.72,On Head
194300,-2.2482,9.6941,3.0813,4.5496,-10.8092,17.6183,40.67,On Head
194350,-1.1468,9.7636,2.3224,0.1527,-25.5267,21.2366,40.72,On Head
194400,-0.2107,9.6438,1.7454,0.0305,-27.1145,18.3969,40.91,On Head
194450,0.2107,9.8569,1.6975,-1.2061,-21.8473,10.7176,40.72,On Head
194500,-0.1484,10.1466,1.9896,-4.2595,-21.3435,6.4733,40.72,On Head
194550,-0.1125,9.9718,1.9369,-8.0458,-24.0305,1.8321,40.91,On Head
194600,-0.2849,9.5529,2.0135,-11.2366,-21.2061,-1.4962,40.86,On Head
194650,-0.0838,9.3996,1.7573,-4.1832,-13.0534,3.2061,40.77,On Head
194700,0.0120,10.0437,1.4245,-6.1832,-5.8015,-1.2366,40.72,On Head
194750,0.4142,9.9766,1.4317,-19.5878,3.9542,-10.7786,40.67,On Head
194800,0.3974,9.4403,1.4030,-21.4351,23.4351,-19.2672,40.72,On Head
194850,-0.4262,9.7372,1.6975,-22.9466,37.0076,-18.3664,40.77,On Head
194900,-1.2402,9.7995,2.2697,-29.6183,42.9924,-7.0229,40.72,On Head
194950,-1.1779,10.5872,2.9233,-38.5496,43.8931,4.4580,40.91,On Head
195000,-1.1851,10.1825,3.8331,-40.7786,44.7023,5.7099,40.72,On Head
195050,-1.3455,9.5433,4.2162,-32.9924,42.9313,11.0992,40.91,On Head
195100,-0.7781,8.8370,4.0989,-22.6412,47.2214,15.5420,40.58,On Head
195150,-0.6895,8.1882,4.2569,-12.0611,50.5649,15.9847,40.91,On Head
195200,-0.6297,8.6670,3.8571,-3.6336,46.8244,17.0840,40.91,On Head
195250,-0.3998,9.3613,3.6009,-5.5878,45.8321,13.1756,40.77,On Head
195300,-1.1372,9.2967,3.7158,-10.4733,37.3588,7.2366,40.77,On Head
195350,0.0718,9.8306,2.8012,-12.2290,35.5573,9.3588,40.67,On Head
195400,-0.2634,9.7181,2.8898,-15.8168,54.1221,5.2214,40.67,On Head
195450,-0.6033,9.9335,3.3184,-16.0305,54.0000,8.0458,40.67,On Head
195500,-1.5203,9.5864,5.1068,-25.2824,42.2137,-2.7939,40.72,On Head
195550,-1.9201,8.9854,4.7094,18.4886,29.7252,8.2290,40.77,On Head
195600,-0.4453,9.9168,2.5019,29.0840,50.2137,34.7481,40.72,On Head
195650,0.0024,10.6781,1.5706,9.4198,78.3511,58.9466,40.91,On Head
195700,0.2705,10.0556,2.7797,2.9160,94.9466,74.3511,40.67,On Head
195750,0.2466,10.4890,3.8475,4.9008,93.5573,75.2214,40.95,On Head
195800,0.5890,10.0197,4.3646,6.6870,76.3817,69.9084,40.86,On Head
195850,1.8244,10.6446,4.2521,3.4656,64.5038,65.1145,40.72,On Head
195900,1.4605,8.5641,4.0534,8.6718,59.4809,44.9924,40.53,On Head
195950,0.8308,6.9288,2.2434,27.1603,49.4962,11.2672,40.72,On Head
196000,-0.0551,8.7101,0.2825,42.1374,36.1069,9.6183,40.86,On Head
196050,1.6400,10.0293,-2.0638,25.5573,50.8550,38.2290,40.86,On Head
196100,2.8611,12.0452,-2.1189,-5.0687,113.3893,42.1069,40.77,On Head
196150,1.2330,13.5272,1.1109,-12.1679,91.3435,29.8168,40.95,On Head
196200,1.3743,11.1618,2.1332,-24.4122,57.0687,-7.7710,40.95,On Head
196250,-0.7230,6.7349,2.5953,-14.7939,28.4886,-32.4885,40.91,On Head
196300,-0.1987,6.5074,2.9137,-15.2519,23.3130,3.8931,40.86,On Head
196350,1.9034,7.5369,3.5482,-8.5496,23.2824,50.1374,40.58,On Head
196400,1.3144,8.1618,3.8355,7.3740,17.0229,15.5420,40.77,On Head
196450,1.7502,11.8369,3.2130,26.3206,-1.6947,25.5573,40.72,On Head
196500,3.4477,11.0875,2.4852,2.8702,-3.8779,33.6031,40.67,On Head
196550,2.7916,9.8210,2.2458,4.5649,-13.1450,14.9618,40.95,On Head
196600,4.2976,12.9622,2.1237,5.9542,-8.4427,23.6336,40.58,On Head
196650,2.8683,9.4810,3.2082,-8.4275,8.0611,2.5802,40.91,On Head
196700,1.0822,8.1882,3.6895,16.4427,-14.9924,-17.6183,40.67,On Head
196750,2.2098,9.8928,2.3942,-4.5954,-27.7099,8.6870,40.86,On Head
196800,3.5841,10.0245,2.7270,-36.0611,6.9313,19.8321,40.77,On Head
196850,2.7821,8.7532,3.3686,6.9924,47.4962,16.3664,40.91,On Head
196900,1.8794,7.4101,2.7725,35.2672,45.2977,10.8397,40.67,On Head
196950,1.8292,9.2177,1.6496,41.4046,14.3969,12.9924,40.67,On Head
197000,2.5498,8.6479,1.3048,20.0611,-8.3511,15.7557,40.86,On Head
197050,3.0287,9.4332,1.0367,2.2137,-12.6870,0.1374,40.77,On Head
197100,2.9401,9.8617,1.0726,-1.5115,-11.1450,3.6641,40.86,On Head
197150,3.3615,9.9311,1.4629,8.3664,-6.4885,5.0687,40.91,On Head
197200,3.2370,10.1825,1.0487,9.4046,-6.7176,7.1450,40.53,On Head
197250,5.2888,13.4746,1.4174,-2.0611,3.2519,21.0534,40.77,On Head
197300,4.9680,9.5696,1.5826,-2.3053,17.7557,6.3206,40.86,On Head
197350,3.9169,8.5449,0.3160,-9.5420,25.7099,-10.8397,40.58,On Head
197400,2.6073,9.5577,0.6728,-0.2443,33.1145,2.3206,40.39,On Head
197450,3.3854,8.7077,0.8954,11.2519,23.4656,8.1069,40.77,On Head
197500,2.9185,10.0844,-0.3232,2.7634,21.5725,-24.8855,40.72,On Head
197550,2.1668,9.8904,0.7350,-13.4962,12.3053,-11.3893,40.67,On Head
197600,3.0789,9.3733,0.7566,-1.4351,15.4198,-11.8015,40.77,On Head
197650,2.3296,8.8298,1.4389,-21.5725,12.3053,-10.0611,40.77,On Head
197700,1.5131,8.1020,2.5666,-21.8931,-0.8244,3.4351,40.58,On Head
197750,1.0247,7.4029,3.6607,-18.9466,-45.3588,-3.3740,40.91,On Head
197800,0.3328,9.7947,3.9049,-2.1374,-122.8397,-15.7252,41.05,On Head
197850,3.2920,10.5441,0.7374,-7.0382,-152.1832,-25.1298,40.44,On Head
197900,4.1851,9.7396,-0.4932,-10.9924,-128.8244,-22.4122,40.77,On Head
197950,3.9696,11.1929,0.6369,-0.1069,-106.3969,-24.7634,40.67,On Head
198000,2.9018,10.6781,1.0989,-13.8168,-69.0840,-51.5115,40.77,On Head
198050,1.0965,9.7947,1.8986,-9.5573,-38.3969,-48.7939,40.77,On Head
198100,1.3886,10.4435,2.0470,-8.3511,-31.6794,-4.7634,40.95,On Head
198150,2.8515,10.2592,1.3408,0.7176,-7.2519,6.2290,40.95,On Head
198200,3.4309,9.4762,1.0798,-10.8855,20.5191,-5.8168,40.72,On Head
198250,2.5881,9.1650,1.2809,-12.7786,47.1756,-17.0992,40.67,On Head
198300,4.0654,9.3398,0.5291,-27.3435,108.8702,-5.7710,40.72,On Head
198350,3.2585,9.0142,0.6608,-5.4504,207.3435,22.7023,40.77,On Head
198400,2.3128,8.3749,0.0503,13.2061,260.6107,19.4351,40.95,On Head
198450,-2.2482,10.6255,0.4956,-11.1756,270.7634,1.0534,40.72,On Head
198500,-4.0151,10.3837,4.2401,-4.3053,165.4046,34.4427,40.67,On Head
198550,-1.7334,10.1155,5.6719,-20.6870,55.5725,43.9695,40.77,On Head
198600,0.0120,8.9974,5.8610,-27.3282,-13.2519,26.6565,40.67,On Head
198650,1.6328,8.8609,4.0677,22.8702,-54.3817,3.8015,40.58,On Head
198700,3.3160,11.2168,2.7366,15.5267,-44.0458,-1.4504,40.77,On Head
198750,1.6735,10.8290,2.3870,31.6947,-38.9313,-8.4275,40.77,On Head
198800,0.6512,10.5153,2.7270,19.8626,-55.5878,-12.1832,40.77,On Head
198850,-3.5219,9.9862,3.2322,24.8397,-145.6947,-23.2061,40.95,On Head
198900,-1.6472,7.5609,-0.3041,18.1221,-248.0763,-24.9160,40.77,On Head
198950,2.6480,10.7691,-3.9265,3.1756,-208.3206,-15.5115,40.95,On Head
199000,3.1556,10.1873,-2.4612,-27.8626,-100.7939,-1.2824,40.91,On Head
199050,2.7438,9.4020,-0.9744,0.2137,-38.8092,11.3740,40.77,On Head
199100,2.6432,10.1730,-0.7230,-2.0916,16.2443,17.5114,40.58,On Head
199150,1.6376,9.8402,0.5770,-10.5649,19.0687,-1.6031,40.72,On Head
199200,0.3041,10.3286,0.6105,-3.8779,0.1527,-12.7939,40.91,On Head
199250,2.0039,10.1514,0.1245,-35.9695,-28.4122,10.9618,40.95,On Head
199300,2.9161,8.2959,0.8739,-23.9389,-7.5267,-1.7252,40.67,On Head
199350,2.2817,8.4276,0.6369,-3.2977,14.4427,-13.0687,40.67,On Head
199400,1.9561,11.0468,0.1748,-8.4885,31.8779,12.8702,40.72,On Head
199450,1.3862,10.6590,1.2426,4.2137,30.5496,32.3664,40.86,On Head
199500,3.2465,11.7340,0.8068,-12.2901,2.6260,46.5954,40.72,On Head
199550,4.6040,9.8258,1.9010,-18.0153,18.7176,39.0992,40.77,On Head
199600,4.8243,8.9902,1.6783,0.9771,12.1527,0.4275,40.67,On Head
199650,2.6719,10.5848,1.9609,-13.4962,20.1985,-5.9847,40.95,On Head
199700,-0.1604,6.6535,3.1891,-4.8092,27.7405,-11.7099,40.58,On Head
199750,0.0646,9.0070,1.7382,34.6412,0.2748,-8.4885,40.95,On Head
199800,1.1349,10.4196,0.0527,7.0687,-1.1756,-13.8015,40.77,On Head
199850,2.1691,10.7500,-0.0670,-22.5649,13.8626,-16.5954,41.09,On Head
199900,2.5953,9.0740,0.8954,-46.2137,44.7176,1.6947,40.72,On Head
199950,1.5275,7.9918,3.1915,-32.7176,51.2824,-5.4046,40.95,On Head
200000,1.2426,9.5600,3.3902,19.0229,32.7939,-5.5725,40.86,On Head
200050,1.7621,10.8074,2.9401,2.6107,0.5344,4.7786,40.77,On Head
200100,2.8060,9.3805,3.2441,0.6565,-8.2290,-11.7710,40.58,On Head
200150,1.7789,10.1418,3.5506,-2.4122,-12.1069,-23.4656,40.72,On Head
200200,0.7087,7.7141,3.6272,29.8626,-15.7405,-11.9695,40.72,On Head
200250,-0.1532,7.7117,1.7214,72.1985,-51.8779,-0.5191,40.91,On Head
200300,2.7653,12.4139,-2.6456,48.3664,-55.6336,13.8473,40.95,On Head
200350,3.5674,10.3813,-1.7597,-10.4122,-15.3282,4.3817,40.86,On Head
200400,3.3375,12.7850,-0.3280,-9.7557,29.7557,20.1221,40.77,On Head
200450,2.7031,11.3294,0.2490,13.0382,52.5496,-11.3740,40.86,On Head
200500,1.6735,9.9168,-0.7542,-22.7634,59.1908,-16.7176,40.44,On Head
200550,-0.1604,9.1339,0.5243,-47.8015,58.5191,9.9237,40.67,On Head
200600,1.2953,8.5545,1.9369,-50.7939,39.2214,25.1756,40.86,On Head
200650,0.3639,8.8873,3.3950,-41.5420,21.8168,-10.8397,40.86,On Head
200700,0.0239,13.4913,3.3064,-8.8550,-5.1450,-4.3053,40.86,On Head
200750,0.5986,9.3206,3.3806,-14.2901,-21.4504,-13.0534,40.77,On Head
200800,1.0678,7.8626,2.5498,16.3206,-31.5420,6.8397,40.67,On Head
200850,1.9992,6.9743,1.9776,12.4733,-43.9084,17.7557,40.77,On Head
200900,2.7797,6.2177,2.0111,-1.3282,-53.0382,2.8855,40.67,On Head
200950,2.8587,8.4611,1.5012,13.4351,-40.9924,-15.3130,40.67,On Head
201000,1.6305,11.0899,1.8004,19.0229,-50.1527,-6.1069,40.58,On Head
201050,3.2226,12.6198,0.0934,18.7328,-51.0534,1.4809,40.77,On Head
201100,3.3399,12.1602,-0.2849,-1.0687,-41.7099,-13.4656,40.67,On Head
201150,2.5905,11.1402,-0.3735,-13.2824,-30.9618,-10.0763,40.77,On Head
201200,3.1675,11.4275,0.5004,-12.0916,-14.9466,11.5115,40.86,On Head
201250,3.1029,8.6814,1.2139,-1.3282,-7.9542,11.6794,40.67,On Head
201300,3.3591,9.6510,2.0949,-20.1527,-18.4886,-8.4275,40.77,On Head
201350,1.5897,8.8969,3.6919,-38.8855,-20.9313,-31.7710,40.67,On Head
201400,0.8906,9.7995,4.7716,-29.8321,-29.8626,-13.9237,40.72,On Head
201450,0.0144,8.9088,5.4564,-10.1985,-38.7786,-34.9313,40.77,On Head
201500,-0.9385,9.2608,4.4197,6.9160,-55.6031,-26.8397,40.58,On Head
201550,-1.8028,9.3278,3.5961,15.1145,-86.0611,-23.5420,40.77,On Head
201600,-1.3216,9.6606,2.5546,11.2672,-120.4580,-10.2137,40.91,On Head
201650,0.2011,9.5337,1.2163,11.2672,-134.4275,2.8855,40.91,On Head
201700,1.5538,9.7755,0.7973,5.0076,-121.4809,0.9466,40.86,On Head
201750,1.7262,9.5050,0.6273,6.0000,-96.0153,-1.2366,40.67,On Head
201800,1.8435,10.0987,0.6728,5.7710,-73.5267,4.5802,40.77,On Head
201850,1.8340,9.8809,0.8188,9.7099,-50.9924,5.6641,40.72,On Head
201900,1.8220,10.7380,0.5962,22.0153,-42.4122,14.5038,40.72,On Head
201950,2.3703,11.2623,-0.4166,19.0076,-38.2595,14.9160,40.67,On Head
202000,1.7765,8.6215,-0.4573,2.3969,-26.6718,7.9389,40.72,On Head
202050,0.8835,7.9559,-0.3567,8.8244,-26.8244,5.4046,40.77,On Head
202100,1.1013,9.5553,-0.4429,11.1145,-39.0534,9.8168,40.77,On Head
202150,1.4533,11.2240,-1.3408,1.5573,-38.6870,-13.0076,40.72,On Head
202200,1.0942,12.5504,-1.4844,-17.5573,-29.8168,-20.8397,40.95,On Head
202250,-0.0359,11.2408,-0.0958,-36.9008,-25.4656,-35.9237,40.86,On Head
202300,-0.5411,9.2943,1.1827,-37.0534,-35.8626,-19.2366,40.72,On Head
202350,-0.1293,8.2839,1.1109,-25.5725,-44.0611,-16.7328,40.77,On Head
202400,-0.9481,9.0812,1.7334,-30.3969,-44.9313,-23.0534,40.95,On Head
202450,-2.6911,9.6295,2.1069,-14.7634,-65.9237,-20.4427,40.58,On Head
202500,-0.6416,10.5967,0.8667,4.6870,-76.0458,10.8702,40.67,On Head
202550,0.6967,11.1043,0.1748,-4.2137,-63.0076,3.6947,40.95,On Head
202600,0.2658,10.4603,0.5219,-4.2901,-56.4275,-1.3740,40.77,On Head
202650,0.8045,9.5840,0.3783,-1.0076,-50.9771,-1.7557,40.77,On Head
202700,0.7111,9.2464,0.2466,12.5954,-41.2061,3.7099,40.86,On Head
202750,1.0487,8.9998,-0.2442,12.5802,-31.4046,6.6412,40.86,On Head
202800,0.6105,9.6319,0.0335,20.8702,-30.3817,21.6183,40.91,On Head
202850,1.7502,10.0844,-1.0846,17.2366,-38.3359,15.6336,41.05,On Head
202900,1.8387,10.1347,-1.3072,-20.3206,-35.0687,-16.8855,40.77,On Head
202950,0.0192,9.0094,-0.0168,-36.9313,-27.0534,-25.9237,40.67,On Head
203000,-0.2873,8.7795,0.6153,-24.4580,-29.0382,-9.3588,40.67,On Head
203050,1.2929,11.6502,1.3240,-35.2519,-25.2061,-0.2748,40.77,On Head
203100,0.1293,11.2504,3.1651,-31.4046,-20.6107,-15.4351,40.77,On Head
203150,0.7709,11.1737,2.6240,-8.4122,-28.9924,3.1603,40.72,On Head
203200,1.4796,9.5792,2.0494,2.8397,-16.5954,16.7634,40.72,On Head
203250,1.8699,8.7293,1.5778,4.5496,-14.8397,14.1069,40.67,On Head
203300,1.3384,8.1714,1.6233,17.6947,-21.4656,-2.4122,40.91,On Head
203350,0.9912,10.6542,1.1325,10.6412,-32.4275,-6.2901,40.72,On Head
203400,0.0239,10.6710,1.3024,4.8855,-52.3817,-7.2977,40.67,On Head
203450,0.5363,10.5465,0.9361,-5.4809,-72.9160,4.5038,40.67,On Head
203500,1.3048,9.3541,0.9601,-3.9847,-74.5649,16.6260,40.67,On Head
203550,2.0806,9.3039,0.9816,-4.4427,-69.8168,12.3359,40.86,On Head
203600,1.8507,9.5170,1.1540,-10.0611,-58.1374,-2.1069,40.67,On Head
203650,0.6033,9.8857,1.2617,0.0000,-57.7557,0.8550,40.86,On Head
203700,1.2426,10.4339,0.8499,-10.6718,-60.8397,3.4351,40.91,On Head
203750,1.6209,11.2312,1.5682,-14.4122,-52.6718,8.3969,40.91,On Head
203800,1.3695,10.0987,1.7645,-6.0153,-44.3511,-0.4275,40.67,On Head
203850,0.7685,9.2871,1.2833,4.4427,-41.5573,2.9008,40.72,On Head
203900,0.0263,9.2799,0.6823,11.4504,-46.6412,3.7863,40.72,On Head
203950,0.6871,10.1155,-0.3807,4.2443,-58.5191,4.2443,40.72,On Head
204000,0.6823,9.1770,-0.5650,-11.7252,-45.4046,-8.6565,40.77,On Head
204050,0.3376,8.9016,-0.0670,-16.4886,-33.4046,1.2672,40.77,On Head
204100,0.4070,10.3094,-0.1389,3.5115,-38.8550,5.9542,40.72,On Head
204150,0.9936,13.0388,-0.6345,-11.4809,-44.9924,8.7023,40.72,On Head
204200,1.6927,11.5209,-0.4022,-14.0305,-44.6565,3.5878,40.72,On Head
204250,1.3384,10.0221,-0.1101,-16.6260,-42.8397,-10.0916,40.72,On Head
204300,1.1947,8.2217,0.2873,-18.2748,-34.8855,-2.7176,40.67,On Head
204350,1.4030,7.9200,0.4429,-4.3053,-32.6870,-1.8168,40.86,On Head
204400,1.4174,9.3206,0.4621,-12.1679,-26.6718,-4.0305,40.72,On Head
204450,1.5323,10.6350,0.3184,-0.4275,-24.0000,-5.3893,40.44,On Head
204500,1.7095,11.0636,-0.1389,-1.7863,-21.2824,-5.5115,40.86,On Head
204550,1.4557,10.3813,0.0503,-7.1908,-17.8931,-12.0916,40.77,On Head
204600,1.1995,9.3470,0.2705,-9.6336,-17.0992,-6.6718,40.67,On Head
204650,1.5203,8.7317,0.6321,-14.8855,-9.5115,2.9008,40.67,On Head
204700,1.2498,9.1578,1.2641,-10.0763,-2.3817,4.1527,40.53,On Head
204750,0.7973,10.2304,1.2402,-3.9084,-3.3740,10.3206,40.72,On Head
204800,2.5881,15.4234,1.2091,14.3359,-5.1603,25.4962,40.58,On Head
204850,1.8627,11.9542,0.5674,24.3664,2.3511,-6.1679,40.67,On Head
204900,1.4198,11.0540,0.7063,-3.5267,3.3893,-5.1603,40.91,On Head
204950,0.1484,7.9080,0.4836,2.6565,6.9618,-20.4122,40.58,On Head
205000,0.2274,8.8992,-0.3472,-34.7786,5.7099,1.3740,40.86,On Head
205050,0.6369,8.3534,2.0782,-45.9847,-4.9466,5.9389,40.86,On Head
205100,0.4094,10.0652,3.5769,-30.3969,1.0992,-7.5878,40.86,On Head
205150,0.8068,11.0038,3.8547,-22.5649,10.2901,21.2977,40.77,On Head
205200,1.8220,11.4299,1.7669,5.3130,19.7710,11.7099,40.58,On Head
205250,0.9337,9.9647,2.0016,-48.9771,25.0687,8.0916,40.72,On Head
205300,0.9936,7.1898,3.4548,-34.6412,16.8855,32.8397,40.91,On Head
205350,2.3439,6.8163,3.9385,-24.4886,12.7328,27.8626,40.77,On Head
205400,1.6352,7.2880,4.8028,-6.3359,7.8931,5.3588,40.58,On Head
205450,1.6089,10.0197,4.3574,14.6565,-2.8244,-4.7176,40.77,On Head
205500,1.5993,11.2144,4.2234,10.8550,-4.3969,-11.4809,40.67,On Head
205550,1.0463,10.9942,4.0701,8.5649,-6.8855,-0.5038,40.67,On Head
205600,1.5299,11.1115,4.2497,12.3664,-13.4046,17.0687,40.77,On Head
205650,2.5331,8.8394,3.5243,8.9160,-15.7252,8.4885,40.72,On Head
205700,2.8156,8.7221,2.7054,4.2290,-11.9237,6.2137,40.77,On Head
205750,2.3583,6.1052,2.5139,2.4275,6.0763,-3.3740,40.58,On Head
205800,1.9201,7.7428,1.7573,22.1527,7.2366,-7.8473,40.67,On Head
205850,1.4629,10.7212,0.1221,43.1298,4.0916,-0.5038,40.77,On Head
205900,1.2330,13.9558,-1.6879,26.3817,11.4656,-6.1679,40.72,On Head
205950,0.8978,13.2902,-1.9393,-12.3359,8.0000,12.1069,40.91,On Head
206000,0.6800,9.1171,-0.0407,-49.0229,14.0000,-2.8397,40.95,On Head
206050,1.0774,7.0749,2.6839,-61.3130,18.3511,1.2366,40.53,On Head
206100,1.7430,5.3702,4.2329,-21.7405,25.4504,1.3130,40.67,On Head
206150,1.7813,8.3462,3.0095,32.9924,29.2061,1.7405,40.77,On Head
206200,1.9345,11.1713,1.5778,33.9084,26.3511,7.6641,40.72,On Head
206250,2.2673,11.9710,1.1109,10.9771,18.9313,5.3130,40.67,On Head
206300,2.7461,11.6095,1.1301,-11.9695,16.2901,20.1985,40.58,On Head
206350,3.0502,9.6869,2.6887,-28.0763,18.9008,16.4122,40.58,On Head
206400,1.5658,7.2903,4.6759,-10.4885,-6.7786,16.1527,40.53,On Head
206450,2.3272,8.9735,2.5355,65.2824,-32.3664,20.3969,40.91,On Head
206500,4.0869,10.2687,0.2753,-1.7863,-67.6183,1.9542,40.77,On Head
206550,3.1915,9.7851,0.6943,-33.4351,-63.2519,-34.5496,40.67,On Head
206600,0.8021,9.3350,2.4612,-49.1298,-39.6794,-40.0763,40.91,On Head
206650,-0.3950,8.5617,3.9217,-35.2672,-44.3359,-10.0458,40.91,On Head
206700,1.6807,9.6941,3.2705,-3.9237,-49.3893,0.2290,40.72,On Head
206750,1.7382,9.6798,3.1675,0.9313,-33.0992,-26.7176,40.77,On Head
206800,0.6273,9.7229,2.4588,18.2595,-30.8550,-37.7099,40.95,On Head
206850,0.4501,9.7229,1.5706,20.9008,-32.6565,-18.0611,40.67,On Head
206900,1.2402,8.6191,1.0798,7.8779,-32.6107,-1.7710,40.67,On Head
206950,1.6712,8.7771,1.0870,-0.5954,-28.6565,13.8626,40.72,On Head
207000,2.3367,9.0597,1.4629,2.3053,-26.5038,5.5725,40.72,On Head
207050,2.7557,10.6518,1.5131,-0.5496,-15.9542,-2.2595,40.95,On Head
207100,2.4014,11.0373,1.8004,-6.9466,-2.1679,-3.1145,40.77,On Head
207150,2.2553,12.8617,2.0207,-0.7939,5.9237,11.4656,40.77,On Head
207200,3.0957,11.3342,1.1995,-7.8931,5.4046,7.8931,40.72,On Head
207250,1.5323,8.1283,0.2466,-13.2672,3.6489,-23.9084,40.86,On Head
207300,0.0622,8.5449,-0.1508,-8.8702,6.4733,-19.0382,40.67,On Head
207350,0.7207,9.3302,-0.1030,-2.8702,4.4275,7.9237,40.86,On Head
207400,1.1109,9.9264,-0.1077,5.9695,15.0534,-5.0076,40.72,On Head
207450,0.8021,11.0133,-0.8380,5.9695,21.4962,-20.0000,40.72,On Head
207500,0.0144,10.4411,-0.2921,-18.6260,30.8855,-22.3969,40.67,On Head
207550,-0.1030,9.6031,1.1588,-31.7405,31.5420,-3.3740,40.95,On Head
207600,0.9050,8.4228,2.1404,-30.7634,25.5420,10.2290,40.72,On Head
207650,1.6137,7.9655,2.1069,-13.4656,20.3206,-0.2443,40.77,On Head
207700,1.4389,8.9208,1.6352,-5.5725,21.3130,-15.7405,40.72,On Head
207750,0.9840,10.2017,1.2139,-4.3053,24.6870,-23.4656,40.72,On Head
207800,0.9840,10.7524,1.2809,-11.5878,30.8855,-21.8168,40.86,On Head
207850,0.6081,9.4332,1.8124,-9.2977,32.9160,-23.4504,40.67,On Head
207900,0.8284,9.9335,2.5259,-6.2595,28.6718,-22.0916,40.44,On Head
207950,1.3336,10.3382,2.3703,-26.9924,24.5496,-54.9008,40.86,On Head
208000,-4.1132,9.4475,3.2729,9.0076,11.8931,-51.5267,40.77,On Head
208050,-3.2944,10.8840,2.2003,3.5573,7.9695,-11.8321,40.77,On Head
208100,-2.6169,9.2680,2.6049,8.4580,6.6870,-6.2443,40.72,On Head
208150,-2.4948,9.3877,2.0039,12.9313,-0.4427,-6.2595,40.72,On Head
208200,-1.9848,8.4013,1.8100,11.1756,-1.5725,-4.2137,40.77,On Head
208250,-1.7166,9.2991,1.2354,21.5114,-4.9160,-10.7481,40.77,On Head
208300,-0.8332,9.8306,0.8092,4.9771,-1.8015,0.6565,40.95,On Head
208350,-0.4381,8.6526,1.2785,-1.6489,5.0382,2.6565,40.72,On Head
208400,-1.0104,8.5736,1.8052,0.7481,8.9160,-16.6565,40.72,On Head
208450,-1.7741,9.7827,1.9034,6.4733,9.8473,-16.4733,40.67,On Head
208500,-1.8316,10.3118,2.2218,-0.5344,2.7176,-7.7099,40.58,On Head
208550,-0.8356,9.5385,2.2075,-9.7099,1.6794,-16.2137,40.53,On Head
208600,-2.4684,9.4954,1.9656,4.6565,14.5954,-11.4656,40.77,On Head
208650,-1.8723,12.1673,2.1668,3.3740,27.1756,-1.8321,40.53,On Head
208700,-3.7086,11.1761,1.0798,25.8015,44.7786,-12.0763,40.72,On Head
208750,-4.8411,8.2887,-1.1636,41.0534,23.8473,0.6260,40.58,On Head
208800,-2.5786,9.1913,-1.3982,8.9008,-4.1221,39.5420,40.72,On Head
208850,-0.8308,8.7700,-1.6759,14.8702,-3.9084,-8.3969,40.67,On Head
208900,-2.8754,9.9383,-1.4700,6.1374,-4.8855,-20.3817,40.86,On Head
208950,-2.5402,9.0142,-1.3551,-3.3740,-14.5954,-12.2443,40.67,On Head
209000,-2.3056,9.1746,-0.6680,-11.7863,-7.0229,-24.3969,40.67,On Head
209050,-1.9992,8.2073,0.2298,-7.0382,7.8168,-13.6336,40.67,On Head
209100,-2.8898,8.6910,0.1532,24.5496,4.7176,-10.0000,40.67,On Head
209150,-3.2441,10.2975,-0.9098,2.1069,-14.3359,-7.7099,40.72,On Head
209200,-3.0742,9.5050,-0.7853,-0.1985,-22.1985,0.0000,40.58,On Head
209250,-2.5379,10.2256,-0.7063,-9.5878,-31.7405,3.3740,40.67,On Head
209300,-2.3607,10.2352,-0.3232,-18.0153,-35.5420,5.4809,40.77,On Head
209350,-2.3511,9.3805,0.1700,-22.7634,-37.3740,10.8702,40.58,On Head
209400,-2.1548,10.0293,1.7597,-29.8779,-52.5344,1.7405,40.72,On Head
209450,-3.3495,11.3246,1.8268,-22.7328,-51.1298,-6.8855,40.86,On Head
209500,-4.2569,9.3350,2.2529,-3.8168,-52.2137,-15.0992,40.77,On Head
209550,-4.5586,7.8290,2.7078,-3.8015,-61.8473,9.2672,40.53,On Head
209600,-2.8132,7.7285,2.7007,15.4962,-75.8931,26.4427,40.95,On Head
209650,-2.4541,9.1004,2.5786,11.3130,-71.6183,0.3359,40.77,On Head
209700,-2.9928,9.0597,2.7892,10.6260,-66.2748,-3.7710,41.05,On Head
209750,-3.3686,8.3941,2.5833,31.4351,-62.5954,-6.2901,40.72,On Head
209800,-2.7150,9.1889,1.6712,35.2519,-68.5954,4.9618,40.91,On Head
209850,-1.9154,8.7556,1.2833,29.3893,-65.4504,7.0534,40.67,On Head
209900,-1.9297,10.0868,0.8499,23.8779,-59.3130,0.1069,40.67,On Head
209950,-2.2936,9.4451,1.2186,10.3359,-52.8244,4.0305,40.67,On Head
210000,-2.2362,9.3158,1.3551,6.7481,-45.2366,7.3282,40.67,On Head
210050,-1.8962,9.0908,1.6209,1.0840,-38.0000,15.3588,40.67,On Head
210100,-2.1428,9.0788,1.7095,16.7023,-28.1221,5.5573,40.58,On Head
210150,-2.0423,9.6558,1.2833,15.0229,-22.7786,13.0534,40.72,On Head
210200,-1.4389,11.7076,1.0271,25.1145,-8.7634,22.4122,40.67,On Head
210250,-0.9098,11.6885,-0.0455,20.0000,-11.3435,5.9389,40.86,On Head
210300,-1.5706,11.4994,-0.4501,-0.3053,8.1679,5.1603,40.77,On Head
210350,-2.0877,7.8697,-0.2011,-5.6794,10.9924,10.6107,40.72,On Head
210400,-1.8531,7.3981,-0.1245,8.0458,-3.9695,33.8779,40.77,On Head
210450,0.3663,8.4084,-1.2665,14.5954,-5.1450,14.9466,40.53,On Head
210500,-1.5347,10.7691,-1.3264,7.4504,-4.5344,-16.8702,40.67,On Head
210550,-2.3056,11.1187,-1.2689,1.4962,-14.7939,-13.8015,40.67,On Head
210600,-2.6719,10.1011,-1.2282,-3.7710,-20.1527,-10.0458,40.86,On Head
210650,-1.6975,9.0812,-0.7877,-10.3359,-27.5573,6.7634,40.53,On Head
210700,-0.9673,8.3558,-0.1245,-8.8702,-33.6947,-5.4046,40.77,On Head
210750,-1.6783,9.8330,-0.4717,6.4580,-36.4580,-9.2061,40.67,On Head
210800,-1.6281,9.7564,-0.7398,3.7863,-45.4809,-6.2595,40.86,On Head
210850,-1.8076,10.2687,-1.1851,6.3969,-61.1603,-6.6412,40.86,On Head
210900,-1.5658,10.0556,-1.4389,-4.0763,-61.6947,-5.2214,40.72,On Head
210950,-1.9824,9.4762,-0.8930,-9.5878,-59.7863,7.6336,40.58,On Head
211000,-1.7142,10.6829,-0.0766,-1.4198,-60.9160,15.4809,40.72,On Head
211050,-0.4764,10.2352,-1.1277,1.0687,-68.3053,-0.9771,40.72,On Head
211100,-1.1923,10.3406,0.7398,-32.4427,-62.3206,-0.6412,40.44,On Head
211150,-1.7717,9.3948,2.2841,-26.4122,-60.9771,-0.4122,40.72,On Head
211200,-1.4341,9.0309,2.6456,-7.3130,-56.6565,5.5267,40.67,On Head
211250,-1.4078,8.8083,2.8419,1.7099,-59.1298,0.9160,40.53,On Head
211300,-1.4461,8.9376,2.8706,2.2901,-65.9084,-14.0763,40.53,On Head
211350,-2.1596,8.8753,3.3399,4.8550,-69.5267,-25.1298,40.91,On Head
211400,-2.7940,9.0070,3.7421,5.5115,-80.2137,-24.2290,40.72,On Head
211450,-3.0574,8.5305,3.5602,14.8244,-91.5420,-15.0076,40.72,On Head
211500,-3.2944,8.2504,3.0742,28.7328,-107.5267,-11.5115,40.67,On Head
211550,-3.1819,9.4379,1.6951,47.6489,-120.0916,-3.0840,40.67,On Head
211600,-2.7677,11.5065,0.2921,45.8779,-121.8473,5.3435,40.77,On Head
211650,-4.2545,12.1147,0.3424,17.8473,-137.2977,29.9695,40.53,On Head
211700,-1.2450,10.1682,-0.0311,6.2137,-140.8855,44.0916,40.72,On Head
211750,0.3639,8.7245,0.7422,2.9008,-120.7328,33.0992,40.77,On Head
211800,0.9840,8.8250,1.3288,7.1603,-105.6031,15.3435,40.53,On Head
211850,1.6161,9.2536,1.5490,7.1756,-84.3817,-6.0000,41.05,On Head
211900,0.8547,10.1562,1.8627,9.0687,-66.3969,-15.5420,40.67,On Head
211950,0.4788,10.4148,2.0901,3.5267,-62.3969,-13.3740,40.67,On Head
212000,0.4190,9.6295,2.4517,5.6794,-57.4962,-9.1298,40.67,On Head
212050,0.3328,9.4427,2.2601,14.5191,-57.7405,-8.4885,40.95,On Head
212100,0.7757,9.5122,1.7789,11.4504,-53.6183,-13.7099,40.77,On Head
212150,0.2873,9.3805,1.8938,9.0840,-40.8702,-19.8168,40.72,On Head
212200,-0.3711,9.9407,2.1069,6.7939,-30.4275,-24.0611,40.67,On Head
212250,-0.9313,9.8689,2.3367,12.2595,-25.2214,-22.5649,40.58,On Head
212300,-1.8938,10.0820,1.4892,21.3130,-24.5344,-19.0992,40.72,On Head
212350,-2.1811,9.9072,0.6297,15.6336,-22.2290,-7.3893,40.77,On Head
212400,-1.9944,9.8857,0.0000,22.4886,-19.2214,-0.2290,40.72,On Head
212450,-2.5977,10.5297,-0.6704,14.3053,-22.1527,-5.3435,40.67,On Head
212500,-3.0694,9.6941,-0.7326,2.3053,-23.6947,-1.8321,40.58,On Head
212550,-3.1460,9.4930,-0.4477,2.1527,-36.8855,11.6031,40.77,On Head
212600,-1.8268,9.4212,-0.4956,9.1756,-38.7786,13.3893,40.77,On Head
212650,-1.7621,9.9120,-0.7446,7.5573,-38.5191,1.5420,40.44,On Head
212700,-2.1045,9.6750,-0.3424,4.7176,-40.6412,-1.5878,40.67,On Head
212750,-2.1021,9.5289,-0.1700,7.5115,-44.0611,-0.5038,40.58,On Head
212800,-1.9632,9.4379,-0.2370,11.1908,-47.4351,3.3130,40.86,On Head
212850,-1.6664,9.7324,-0.4597,12.6412,-52.3969,4.4275,40.67,On Head
212900,-1.3048,9.6750,-0.6369,11.8626,-51.9389,-0.9160,40.77,On Head
212950,-1.0870,9.9048,-0.7207,5.2519,-51.4809,2.3206,40.77,On Head
213000,-0.9385,10.1299,-0.7566,4.1069,-47.2519,2.7328,40.77,On Head
213050,-1.1061,10.2615,-0.6081,-0.1374,-40.8244,2.9160,40.77,On Head
213100,-0.8116,9.9335,-0.5291,-4.7023,-37.4198,2.9313,40.86,On Head
213150,-0.8811,9.8809,-0.6081,-7.3282,-28.2137,6.7328,40.77,On Head
213200,-0.8068,10.1562,-0.5411,-5.9389,-24.3969,14.2901,40.67,On Head
213250,-0.7470,9.6103,-0.3831,-9.2977,-21.4809,13.5267,40.86,On Head
213300,-1.0127,9.9288,-0.4238,-0.7939,-21.3130,6.2137,40.77,On Head
213350,-1.1253,12.2344,-0.2873,-4.4733,-24.5496,19.9542,40.67,On Head
213400,-0.8906,11.7268,-0.2849,-4.3664,-15.7863,24.2137,40.53,On Head
213450,-0.4669,10.3789,0.1796,-18.3664,-11.0076,24.1527,40.67,On Head
213500,-0.6823,8.5832,1.4772,-27.5878,-12.2137,16.7176,40.67,On Head
213550,-0.6919,8.0421,2.6480,-26.1832,-24.2748,7.9389,40.53,On Head
213600,-0.4693,8.5569,2.9401,-8.2595,-26.4733,0.7634,40.53,On Head
213650,-0.2873,9.4882,2.9951,-12.8550,-14.1832,-2.6260,40.58,On Head
213700,-1.0894,9.3398,3.6823,-5.2824,-9.3130,-5.3740,40.67,On Head
213750,-1.0343,8.8298,2.8754,19.0076,-12.4885,1.2672,40.72,On Head
213800,0.1724,9.9096,1.1636,22.4733,-12.2901,5.8321,40.86,On Head
213850,0.7015,10.8960,-0.4429,8.4275,4.6870,6.8244,40.53,On Head
213900,1.6376,11.3150,-1.4174,-44.5191,41.0687,11.7405,40.39,On Head
213950,-0.4597,10.3717,1.8914,-35.6794,54.6718,38.9771,40.77,On Head
214000,0.6440,9.5696,3.5937,-37.0534,38.7786,41.2214,40.77,On Head
214050,1.5131,8.6263,3.7757,-11.6947,19.6031,24.2901,40.72,On Head
214100,2.1979,8.9304,3.0861,0.6107,19.5573,6.0305,40.86,On Head
214150,1.8292,8.9016,2.6504,8.5954,23.6489,4.3359,40.91,On Head
214200,1.6017,9.0549,2.4828,18.9008,30.3664,-10.9771,40.58,On Head
214250,0.3400,10.1634,2.4110,10.8397,20.7634,-2.4122,40.91,On Head
214300,0.2777,9.4379,2.2482,6.1985,14.7023,2.2748,40.91,On Head
214350,1.2785,12.6941,0.0982,3.4198,46.3359,11.1298,40.86,On Head
214400,-0.2586,12.7036,0.6297,-32.1069,46.1221,31.4351,40.72,On Head
214450,0.2490,9.8904,2.4948,-43.5115,30.5649,24.2901,40.72,On Head
214500,0.6249,7.9344,2.6839,-12.1985,24.8855,23.5267,40.67,On Head
214550,1.1923,7.5681,1.9225,16.1985,16.9771,17.2824,40.67,On Head
214600,2.3176,9.0836,0.9649,22.9771,19.7710,1.2366,40.67,On Head
214650,1.7885,9.5888,0.4573,31.3435,28.0763,-24.6870,40.67,On Head
214700,0.6105,11.0253,0.0694,21.5878,26.3511,-24.7328,40.67,On Head
214750,0.1556,10.7835,0.0575,6.8550,16.6870,-19.1145,40.53,On Head
214800,0.6273,10.0341,0.3328,-0.5496,14.5496,-11.4656,40.95,On Head
214850,1.0774,9.5768,0.5770,-1.2061,14.7176,-3.5573,40.72,On Head
214900,1.4269,9.1937,0.6129,-0.2443,11.5878,-3.6031,40.67,On Head
214950,1.3886,9.4044,0.8164,-4.3969,8.0000,-18.7481,40.91,On Head
215000,0.9290,10.4818,0.5938,-2.0763,6.8397,-16.9160,40.91,On Head
215050,0.6728,10.5848,0.6057,-8.4427,1.0229,-11.0534,40.72,On Head
215100,0.7638,10.4579,0.8715,-12.8702,0.4427,-6.0458,40.72,On Head
215150,0.6943,9.9264,0.9840,-18.2901,-2.2901,0.3664,40.72,On Head
215200,1.1349,9.5385,0.7733,-17.4046,-3.1450,4.8550,40.67,On Head
215250,1.7693,13.5919,1.5490,-7.2672,6.9771,6.8702,40.72,On Head
215300,0.2274,11.3030,2.6719,-8.2595,8.2595,-18.6260,40.72,On Head
215350,-1.6999,9.5313,4.0462,-15.5420,-10.9466,-22.4122,40.91,On Head
215400,-2.0830,7.4124,4.2641,0.0611,-34.6870,-20.9618,40.58,On Head
215450,-0.1820,8.7197,2.8299,14.2595,-43.7099,-0.8397,40.53,On Head
215500,0.8571,8.8418,2.9473,1.8015,-33.4962,-27.0534,40.95,On Head
215550,-1.2210,9.8138,3.2465,8.8855,-29.6641,-39.4962,40.53,On Head
215600,-1.2594,9.4116,2.8371,10.1221,-28.2595,-32.2290,40.58,On Head
215650,-1.3192,9.5840,2.7174,12.1832,-21.6641,-19.2061,40.91,On Head
215700,-0.5435,9.4810,2.5043,13.7252,-16.8244,-2.6412,40.91,On Head
215750,0.2753,8.9352,2.4086,14.5802,-15.0382,-4.3969,40.53,On Head
215800,0.0575,8.8370,2.4181,11.7405,-7.1145,-21.2061,40.72,On Head
215850,-1.2139,9.5648,2.5977,19.4046,-7.2672,-15.6336,40.91,On Head
215900,-0.7925,10.0796,2.3296,21.0382,-10.7481,-0.6870,40.67,On Head
215950,-1.0008,10.1347,1.8723,27.5420,-11.9084,1.3130,40.67,On Head
216000,-0.7661,11.4634,1.3815,24.1832,-12.2901,11.9542,40.91,On Head
216050,0.2466,10.4627,0.1987,15.5878,-23.2977,11.3893,40.67,On Head
216100,-0.9218,10.7643,-0.4334,2.7481,-20.9771,-5.8779,40.67,On Head
216150,-2.3296,9.4667,-0.7925,4.4427,-7.2366,-11.7099,40.58,On Head
216200,-2.7007,9.2799,-0.9936,1.6794,-5.7099,21.9237,40.77,On Head
216250,-0.1389,9.3709,-1.9441,10.7939,2.2901,22.1527,40.58,On Head
216300,-0.9960,9.6151,-1.8747,-10.7023,18.3817,-13.6794,40.86,On Head
216350,-1.9872,10.2927,-1.4820,-13.4962,19.0382,-7.4656,40.58,On Head
216400,-1.5443,9.6223,-0.8906,-26.9008,28.2137,-6.2901,40.39,On Head
216450,-1.5060,8.8466,0.0622,-26.1985,31.8626,5.4656,40.91,On Head
216500,-0.8021,8.4970,0.6536,-14.1832,20.8702,15.2519,40.67,On Head
216550,0.0024,8.0685,0.5243,-5.4962,5.4656,-0.6870,40.39,On Head
216600,-0.2993,9.7731,-0.4190,-2.7939,-4.3664,-22.1374,40.44,On Head
216650,-1.3001,11.0540,-0.6129,-11.5420,-6.7176,-19.0840,40.72,On Head
216700,-1.5179,11.3796,-0.2682,-19.5114,-11.5573,-2.8244,40.91,On Head
216750,-1.1756,10.7093,0.1484,-19.6641,-12.6107,8.0916,40.77,On Head
216800,-0.9266,9.8713,0.5267,-21.7099,-12.2443,12.0458,40.72,On Head
216850,0.3807,14.7626,1.1037,5.0687,-9.7252,20.2595,40.44,On Head
216900,-0.9912,12.7443,1.5993,-12.4275,-10.6565,-6.8092,40.67,On Head
216950,-2.3152,8.8274,3.9648,-45.8931,-29.0382,-21.5420,40.34,On Head
217000,-2.6049,7.0533,5.0518,-23.5725,-48.5802,10.4733,40.58,On Head
217050,-0.5938,7.8027,4.4197,11.1908,-58.0305,26.3511,40.67,On Head
217100,0.3735,8.5425,3.5626,14.1221,-57.4198,-15.2366,40.86,On Head
217150,-0.5578,9.3470,3.1364,10.1832,-50.4733,-17.2977,40.58,On Head
217200,-0.5124,8.6694,2.7150,16.9466,-42.7634,-16.5344,40.67,On Head
217250,-0.2394,9.2368,2.2865,24.2595,-32.5038,-15.4962,40.72,On Head
217300,-0.1149,9.0788,2.0997,21.1908,-28.7023,-4.1832,40.58,On Head
217350,0.0120,9.1985,1.7454,24.4580,-20.1527,-6.1527,40.91,On Head
217400,-0.1293,9.8857,1.7334,17.7405,-16.3664,-5.6947,40.91,On Head
217450,-0.4142,10.6063,1.6855,20.2595,-11.5573,-1.1450,40.77,On Head
217500,-0.1963,10.6087,0.9649,17.9847,0.2901,8.6412,40.53,On Head
217550,0.7135,10.3956,0.2227,16.1832,-11.8473,13.5878,40.67,On Head
217600,-0.3112,11.2480,-0.0263,-15.0229,-0.5344,-11.5878,40.72,On Head
217650,-3.2394,9.7923,-0.1676,-8.2901,8.3206,-22.9771,40.67,On Head
217700,-3.3112,9.5026,-0.3831,-16.6718,-13.1756,35.2061,40.67,On Head
217750,0.8284,8.3773,-1.1899,2.8702,6.0916,19.5725,40.72,On Head
217800,-0.4645,9.4068,-1.3743,-7.5878,42.0763,-43.8626,40.67,On Head
217850,-3.3351,10.2017,-0.9553,-10.3969,47.3893,-23.7252,40.67,On Head
217900,-2.5450,10.0987,-0.9912,-23.1145,49.2824,0.5649,40.67,On Head
217950,-2.2984,9.0812,-0.3328,-28.7023,55.0229,12.8550,40.72,On Head
218000,-2.0734,9.3134,0.1197,-26.0763,46.0763,35.8931,40.86,On Head
218050,-1.7478,8.4013,0.6416,-22.0000,38.6718,44.4580,40.53,On Head
218100,-0.8236,10.4627,0.3950,-12.5649,29.5725,30.0916,40.67,On Head
218150,-0.2394,10.5058,0.5770,-17.9847,28.8092,29.2061,40.95,On Head
218200,-0.0694,10.2137,0.9122,-8.2748,22.7481,28.2901,40.72,On Head
218250,-0.3567,9.5265,1.1516,-8.9313,15.4198,32.3359,40.86,On Head
218300,1.6257,14.8033,1.8555,17.6183,15.1908,49.0229,40.67,On Head
218350,2.0446,11.3102,1.3527,21.4962,18.4275,12.6565,40.67,On Head
218400,0.4693,9.1339,2.2745,-3.2824,7.5267,-1.1298,40.91,On Head
218450,-0.0455,8.1906,2.6671,-10.5191,-0.7939,12.4580,40.77,On Head
218500,1.2857,8.5210,2.7438,2.2901,-7.4809,17.7863,40.72,On Head
218550,1.5203,9.0573,2.6240,0.2595,-7.0229,-12.8550,40.72,On Head
218600,0.5243,9.5481,2.8898,-0.2595,-10.5802,-17.4504,40.44,On Head
218650,-0.3783,9.9958,2.5450,1.5115,-32.1374,-24.5038,40.67,On Head
218700,0.9912,9.8426,2.1021,-11.7252,-33.6947,-10.1679,40.77,On Head
218750,1.6688,8.9256,2.2865,-3.3130,-21.2977,1.4046,40.44,On Head
218800,1.7238,8.5904,2.3080,7.6336,-9.6183,4.7176,40.67,On Head
218850,0.4836,9.4427,2.3559,20.2901,-2.3664,-1.3130,40.91,On Head
218900,0.1532,10.6087,2.1644,6.5954,-17.0076,11.2824,40.72,On Head
218950,0.9313,9.7181,2.0399,10.4580,-13.0840,23.1756,40.77,On Head
219000,1.6640,10.7787,1.1325,14.5191,-2.3206,23.5114,40.77,On Head
219050,3.7781,12.8497,-0.2682,2.2901,2.4733,30.2595,40.91,On Head
219100,2.3727,11.0038,-0.0838,-7.3282,15.0076,5.2061,40.58,On Head
219150,0.8021,8.1762,-0.2801,-5.4198,13.7863,-3.3130,40.58,On Head
219200,0.6297,8.2313,-0.2945,2.3053,10.8244,23.2824,40.67,On Head
219250,2.8180,8.3606,-0.6225,7.7863,10.3511,19.7710,40.58,On Head
219300,1.6831,10.1993,-0.8164,6.5191,14.4733,-30.6718,40.77,On Head
219350,0.5962,11.8705,-0.7470,0.2290,5.3740,-27.0534,40.77,On Head
219400,0.0048,11.1450,-1.2306,-3.3740,4.5649,-29.2366,40.77,On Head
219450,-0.1748,9.8474,-0.7446,-19.2824,1.5420,-7.8015,40.67,On Head
219500,0.6752,8.5425,0.2418,-25.0229,-6.2901,11.9542,40.72,On Head
219550,1.3743,8.1547,0.8619,-11.3130,-21.3588,7.9847,40.44,On Head
219600,1.9249,9.2847,0.3232,-2.5649,-35.2366,-16.2595,40.91,On Head
219650,1.1684,10.4674,0.1053,2.2901,-42.1374,-23.2366,40.77,On Head
219700,0.8188,10.8002,-0.2969,-2.2290,-48.7786,-15.6641,40.67,On Head
219750,0.5100,10.3238,-0.4310,-10.0000,-49.3282,-7.1298,40.58,On Head
219800,0.7326,10.0389,-0.0934,-18.2290,-49.9389,6.5802,40.58,On Head
219850,1.7885,10.0365,0.8571,-29.5420,-67.0840,9.9084,40.53,On Head
219900,1.3671,11.6981,1.2522,-32.7481,-59.2214,-5.9542,40.72,On Head
219950,-0.6201,9.6630,2.4565,-26.0611,-65.4046,-17.4656,40.77,On Head
220000,-1.9968,9.5936,3.1077,-17.6336,-106.5649,-13.0534,40.58,On Head
220050,-0.2466,9.3494,2.5522,-20.5191,-137.2824,4.6107,40.58,On Head
220100,0.8978,8.3031,2.1021,-12.0153,-143.1756,-6.5802,40.91,On Head
220150,1.6209,8.6694,1.6664,-12.7176,-132.8702,-36.2595,40.91,On Head
220200,0.3903,9.5217,1.7310,-12.1985,-107.2061,-59.9695,40.67,On Head
220250,-1.5754,9.3757,2.3272,-8.5649,-92.9313,-38.1832,40.72,On Head
220300,-1.5778,9.1818,2.1404,5.5420,-102.5038,-8.7634,40.91,On Head
220350,-1.0439,8.6862,2.2098,4.2290,-112.7939,-5.9542,40.58,On Head
220400,0.1963,11.5616,1.5538,19.6947,-126.5038,-6.5649,40.58,On Head
220450,1.1109,13.4746,0.6560,-9.1603,-106.1374,-22.0611,40.86,On Head
220500,-0.6177,10.4196,2.4445,-29.7252,-78.3664,-18.1221,40.77,On Head
220550,-1.5802,8.6455,3.1053,-15.8931,-76.2748,0.4580,40.67,On Head
220600,-0.8356,8.0421,3.2346,1.8321,-79.5573,20.1832,40.39,On Head
220650,-0.2921,9.2344,3.0478,9.7252,-86.7939,13.5115,40.72,On Head
220700,0.3567,10.4076,2.7773,12.1221,-88.5649,8.3359,40.86,On Head
220750,0.3615,10.8601,2.3080,11.4046,-86.3969,1.6336,40.67,On Head
220800,0.4693,10.5058,1.4748,3.0076,-82.5343,17.5114,40.77,On Head
220850,1.9489,9.0573,1.2306,-8.2290,-58.4122,17.5267,40.39,On Head
220900,1.6807,8.4563,2.3104,-22.0153,-51.5725,-1.8473,40.67,On Head
220950,0.4381,9.1674,3.7421,-10.8092,-62.2901,-16.3359,40.86,On Head
221000,1.4509,12.0141,2.9736,6.0916,-65.8626,-0.0153,40.53,On Head
221050,0.9242,9.6965,2.4900,2.5344,-59.7252,-8.7939,40.72,On Head
221100,0.5818,9.6798,1.5993,5.0382,-60.9466,-3.0076,40.72,On Head
221150,0.6991,9.7205,1.0582,4.2290,-59.6183,4.5191,40.72,On Head
221200,0.7063,9.4068,0.1101,10.4122,-58.1832,-5.9084,40.72,On Head
221250,0.3519,10.4674,-0.6991,2.9771,-52.2137,-6.4275,40.67,On Head
221300,-0.4238,9.6941,-0.9242,7.6947,-52.0458,-7.2366,40.77,On Head
221350,0.5626,10.6662,-1.5371,1.7557,-49.2519,-4.0000,40.86,On Head
221400,0.1772,10.6638,-1.1540,-13.4962,-35.6947,-9.9695,40.77,On Head
221450,-0.0431,10.0987,-0.2466,-19.2824,-32.4427,-6.6107,40.44,On Head
221500,-0.0239,9.6869,0.4597,-16.5344,-36.1221,-5.5725,40.58,On Head
221550,0.5602,9.3877,0.6297,-9.2977,-41.3435,-0.1985,40.67,On Head
221600,0.9577,9.5553,0.4549,-2.1069,-44.6412,5.9084,40.53,On Head
221650,1.5945,9.8210,0.0239,3.2214,-44.1679,5.0382,40.91,On Head
221700,1.6640,10.1370,-0.2610,1.7863,-40.1832,1.4351,40.72,On Head
221750,1.7693,10.3430,-0.3376,-5.9847,-33.0534,3.0992,40.86,On Head
221800,1.7047,9.5385,0.0120,-8.5802,-25.4504,4.3817,40.72,On Head
221850,1.7597,9.9192,-0.3089,-5.4351,-22.7481,5.3740,40.44,On Head
221900,1.9728,10.1299,-0.3041,-16.5649,-15.7252,9.4046,40.72,On Head
221950,2.1021,10.0437,0.0527,-24.6412,-10.9313,8.1679,40.44,On Head
222000,2.3343,9.8569,0.5746,-31.2519,-9.1145,12.3664,40.77,On Head
222050,2.5762,9.4954,0.9720,-26.3359,-1.6031,11.8321,40.77,On Head
222100,2.5379,9.7659,1.3575,-22.9618,5.4351,12.3664,40.58,On Head
222150,2.1308,9.2656,1.7047,-16.4275,9.2366,14.1069,40.39,On Head
222200,2.8132,11.3653,2.6073,-16.7634,6.0763,18.1069,40.91,On Head
222250,3.0718,10.8481,2.5594,-10.0458,8.3206,9.4809,40.44,On Head
222300,2.2505,9.1554,2.8036,-8.4733,11.2672,-8.2443,40.53,On Head
222350,0.9744,7.8482,3.0406,-6.7634,10.6107,-27.1145,40.67,On Head
222400,0.5914,9.0190,3.4046,0.5038,5.1145,-9.0076,40.58,On Head
222450,1.6903,9.5648,3.5721,-1.1298,2.7176,-2.1679,40.67,On Head
222500,1.7238,9.4092,4.1252,-11.6641,4.2290,-12.9924,40.44,On Head
222550,0.8021,8.8394,4.1659,0.1069,-3.1908,-17.9389,40.72,On Head
222600,0.3615,9.0309,3.5099,12.1985,-11.8779,-16.6412,40.58,On Head
222650,1.5036,8.7891,2.8084,21.4198,-10.7939,-17.2519,40.58,On Head
222700,1.0965,10.1873,2.5259,9.9084,-11.1298,-8.5191,40.72,On Head
222750,1.4988,9.2847,2.6671,3.4809,-5.1908,-3.6183,40.67,On Head
222800,0.9002,9.3685,2.8299,2.4580,-0.4733,-10.5344,40.72,On Head
222850,1.1684,9.1746,2.5355,9.8473,6.4733,-10.9313,40.53,On Head
222900,0.3711,10.1514,2.8850,10.1832,12.4427,-2.9466,40.67,On Head
222950,0.4262,10.3310,3.0406,8.3206,2.7939,7.9847,40.53,On Head
223000,0.3998,9.9335,2.5187,13.5115,-4.5649,7.0229,40.72,On Head
223050,2.3032,16.5703,1.7717,26.8397,0.3206,25.3588,40.86,On Head
223100,1.3743,11.4371,1.1588,22.8244,11.4046,5.1450,40.44,On Head
223150,0.6201,9.9000,0.2658,14.5802,11.7710,0.3817,40.91,On Head
223200,0.0287,8.2265,-0.3496,7.6183,13.4046,-1.0687,40.72,On Head
223250,0.4884,9.5553,0.0431,2.2290,-0.8092,22.1527,40.72,On Head
223300,1.2737,9.4906,0.0575,-9.1908,0.4427,4.0153,40.86,On Head
223350,0.8452,9.7564,0.2490,-4.9313,-6.4733,8.1832,40.67,On Head
223400,1.8651,9.4068,-0.0551,-6.1985,-3.7557,-7.2061,40.91,On Head
223450,1.3048,9.8976,0.4597,-18.5191,4.7786,-8.8244,40.44,On Head
223500,1.4653,9.0166,1.1181,-22.0305,4.6260,5.3893,40.58,On Head
223550,2.1237,8.5545,1.3120,-7.6794,3.1145,9.0534,40.67,On Head
223600,1.7813,8.9112,1.2737,-0.5802,6.4885,-13.7710,40.72,On Head
223650,0.8667,10.6326,0.8499,8.6870,-1.4198,-10.5802,40.86,On Head
223700,1.1588,10.6422,0.2873,-2.6107,-9.6031,5.6336,40.77,On Head
223750,1.7669,10.1299,0.0982,-7.0076,-6.9313,3.6794,40.86,On Head
223800,1.5658,9.5840,0.6584,-11.3282,0.4885,-4.2901,40.72,On Head
223850,1.8842,11.2767,2.9712,-30.6107,-5.5573,-11.7863,40.77,On Head
223900,0.2490,9.8138,3.1244,5.8321,-4.9466,-26.0458,40.86,On Head
223950,0.3208,8.0732,2.3152,12.9008,-5.3130,-43.3282,40.53,On Head
224000,-0.3926,8.9543,2.3894,19.7863,-3.8779,-31.1756,40.77,On Head
224050,-0.3041,10.6710,1.7430,16.2595,-8.8397,-34.1374,40.53,On Head
224100,-0.9577,10.3741,1.9321,-9.0992,-7.4198,-18.5344,40.58,On Head
224150,-0.7326,8.9830,2.6432,-7.7557,-12.6870,-16.2443,40.67,On Head
224200,-0.8954,9.2057,2.6169,0.4275,-16.7481,-18.0305,40.72,On Head
224250,-0.6369,8.9471,2.6073,6.9008,-25.4504,-10.4885,40.86,On Head
224300,-0.4525,9.0860,2.6025,10.4427,-27.7252,-11.8321,40.67,On Head
224350,-1.8004,9.0668,2.8347,27.3588,-38.9160,-12.5496,40.58,On Head
224400,-0.7877,10.3813,1.2737,28.1374,-42.0153,-2.4733,40.77,On Head
224450,-0.0982,10.0772,0.9218,17.5114,-28.5191,8.5038,40.67,On Head
224500,0.4405,10.1011,0.4788,17.5725,-11.3893,11.8015,40.58,On Head
224550,0.1101,10.4531,0.6321,5.3435,2.2290,17.5114,40.44,On Head
224600,1.7861,11.1713,-0.1700,2.7023,0.0916,16.7786,40.91,On Head
224650,0.4166,11.8369,-0.6895,-6.0916,11.1298,-5.6489,40.77,On Head
224700,-1.0295,9.6007,-0.7853,-8.6718,19.0076,-6.2748,40.72,On Head
224750,-1.2809,8.0086,-1.0127,-3.6947,14.3511,11.1756,40.53,On Head
224800,0.4286,9.0357,-1.4389,-2.1221,14.8397,-0.9618,40.86,On Head
224850,-0.7422,10.1993,-0.9313,-4.4733,22.5038,-20.1527,40.72,On Head
224900,-0.8140,10.2951,-0.5818,-12.1832,12.5344,-15.1145,40.67,On Head
224950,-1.1923,9.5241,-0.5028,-7.9084,10.5802,-27.3740,40.77,On Head
225000,-1.4772,9.6510,-0.3855,-11.6641,4.0458,-19.4504,40.67,On Head
225050,-1.0774,9.2105,-0.1508,-12.0000,0.9466,-3.8321,40.67,On Head
225100,-0.3519,9.0860,-0.0790,-11.3740,-2.6260,-3.4504,40.58,On Head
225150,-0.8212,9.5792,0.0072,-7.8626,-4.0611,-12.6718,40.58,On Head
225200,-0.9625,10.4315,-0.3304,-6.8092,-11.6947,-5.5573,40.53,On Head
225250,-0.6201,10.2113,-0.6009,-9.5115,-13.1756,-1.1756,40.72,On Head
225300,-1.1372,9.9551,-0.6081,-13.3893,-14.1985,1.5725,40.72,On Head
225350,-1.5443,10.1754,-0.2825,-19.0076,-17.5114,10.1832,40.58,On Head
225400,-0.5435,11.3820,0.3735,-26.0153,-25.6641,18.5344,40.58,On Head
225450,-0.4166,11.3174,1.0822,-39.8626,-17.8321,7.7863,40.58,On Head
225500,-1.2546,10.1706,2.1644,-34.5038,-5.4809,1.2824,40.53,On Head
225550,-1.9680,8.2241,2.4373,-12.2290,-4.9466,7.6183,40.67,On Head
225600,-0.7590,8.4467,2.1715,-5.6031,-13.6794,13.1603,40.53,On Head
225650,-0.3184,8.9495,2.1668,-5.1756,-7.1298,-12.0916,40.67,On Head
225700,-0.9697,9.8282,2.5690,-17.6336,-1.7557,-15.8168,40.67,On Head
225750,-1.5490,9.0621,2.8898,-8.4885,6.1527,-14.4122,40.58,On Head
225800,-1.8244,9.4834,2.4804,4.3053,6.8702,-13.9389,40.67,On Head
225850,-1.3575,9.5816,2.2410,2.8855,8.0305,-2.5038,40.67,On Head
225900,-0.7446,9.6151,2.0375,3.2672,9.6031,1.1298,40.44,On Head
225950,-0.3448,9.3254,2.1907,-4.4885,10.6718,-5.6183,40.77,On Head
226000,-0.5387,9.4188,2.2290,-2.7634,13.0076,-9.9542,40.77,On Head
226050,-0.6943,9.3422,2.4014,-1.3130,19.3130,-9.7099,40.91,On Head
226100,-1.1588,9.7803,2.3296,4.8092,17.3130,-0.9008,40.53,On Head
226150,-0.6225,9.8043,2.3583,4.6412,17.1603,4.7023,40.67,On Head
226200,-0.6464,10.0652,2.3128,8.3206,14.1679,8.4275,40.58,On Head
226250,-0.5602,9.7659,2.1500,8.9313,15.7405,5.7863,40.53,On Head
226300,-1.5467,13.3860,2.5666,15.8626,14.3817,7.8626,40.67,On Head
226350,-1.4150,11.9447,1.0582,17.3893,4.6565,3.2366,40.53,On Head
226400,-1.4245,9.8258,0.6297,13.8473,4.0611,12.8550,40.72,On Head
226450,-1.7238,8.2648,-0.2227,13.4351,-6.0611,9.4962,40.58,On Head
226500,-0.5555,8.7963,-0.6536,8.5954,-6.7634,22.8702,40.39,On Head
226550,0.2418,9.5385,-0.9457,6.1985,-0.7939,3.8168,40.58,On Head
226600,-1.0630,9.8904,-0.5267,-0.3511,2.4275,-17.9542,40.39,On Head
226650,-2.0518,10.0173,-0.1341,-3.3435,-2.9160,-28.8397,40.53,On Head
226700,-2.6695,10.2065,0.5124,-10.9313,-6.2290,-19.8626,40.91,On Head
226750,-1.7382,9.3398,1.1851,-6.1985,-15.4656,1.1450,40.72,On Head
226800,-0.7829,8.8490,0.8475,4.6260,-26.1832,7.1603,40.72,On Head
226850,-0.5028,9.3206,0.2729,4.7939,-30.1069,-6.3664,40.77,On Head
226900,-1.2857,9.7995,-0.0575,7.0840,-31.2366,-7.7557,40.58,On Head
226950,-1.3455,10.3382,-0.4597,2.7786,-33.7557,-2.1527,40.58,On Head
227000,-1.4509,10.3142,-0.3735,-6.3511,-35.9542,1.3435,40.58,On Head
227050,-1.5706,10.1658,-0.1652,-11.1298,-38.3664,12.3817,40.77,On Head
227100,-0.4429,13.9510,0.4836,5.1603,-37.0534,25.4962,40.72,On Head
227150,-0.1245,12.9071,-0.2921,15.3282,-26.7328,0.8244,40.77,On Head
227200,-1.0367,9.6726,0.8116,-12.9313,-25.6183,-6.0916,40.58,On Head
227250,-1.7454,8.9136,1.4557,-20.9466,-31.2061,-3.3282,40.44,On Head
227300,-1.8459,8.1283,2.2913,-20.4275,-36.9313,8.4580,40.72,On Head
227350,-0.9720,8.7029,2.5283,-6.7786,-40.1527,2.1221,40.72,On Head
227400,-0.8954,9.9599,2.3750,-17.3282,-32.0153,-8.9771,40.72,On Head
227450,-1.1468,9.4116,3.1053,-15.2824,-20.4580,-7.9847,40.86,On Head
227500,-1.5227,9.2584,3.2585,-2.4275,-15.8168,-8.7481,40.72,On Head
227550,-1.2210,9.2967,3.0885,3.3893,-17.4198,-2.0458,40.44,On Head
227600,-0.7470,9.4212,2.7916,8.9313,-19.3282,-3.5878,40.53,On Head
227650,-0.5004,9.5505,2.5833,4.1679,-19.1756,-7.8779,40.72,On Head
227700,-0.6225,9.3374,2.5426,4.6260,-15.1756,-13.9237,40.39,On Head
227750,-0.8691,9.5768,2.4660,6.8702,-10.6718,-14.7939,40.67,On Head
227800,-1.2091,9.2943,2.3367,9.2214,-6.2443,-13.0076,40.58,On Head
227850,-1.3384,9.5936,2.2218,12.0916,-1.5420,-6.0458,40.58,On Head
227900,-1.7190,9.6774,2.3391,4.8550,0.5191,-0.8550,40.67,On Head
227950,-1.9489,9.6127,2.2266,12.1527,3.8168,4.2290,40.86,On Head
228000,-1.5107,11.5831,2.0566,20.1374,4.3053,20.3664,40.86,On Head
228050,-0.9361,11.4563,1.2498,28.0458,3.8779,9.2061,40.72,On Head
228100,-1.2258,10.5967,0.3783,14.9771,7.0229,5.8473,40.39,On Head
228150,-1.0247,9.4571,-0.0144,10.1985,12.2290,16.4427,40.53,On Head
228200,-0.7685,8.5210,-0.2155,5.9847,16.2595,17.2824,40.67,On Head
228250,-0.6847,8.7676,-0.4118,5.5573,17.9695,10.5649,40.39,On Head
228300,-1.6472,9.9479,-0.6728,8.5344,17.4198,-2.1527,40.67,On Head
228350,-2.1715,11.1378,-0.7326,1.4962,6.7481,-9.6336,40.67,On Head
228400,-2.2553,10.6446,-0.6369,-2.0305,3.3130,-6.2290,40.67,On Head
228450,-2.5546,9.8881,-0.3089,-6.7481,-3.9542,6.1832,40.67,On Head
228500,-1.9201,9.5912,0.0503,-11.8931,-14.2290,15.8626,40.58,On Head
228550,-1.5299,9.6247,0.3759,-11.8473,-21.9542,23.9847,40.58,On Head
228600,-0.9146,9.7037,0.4717,-8.1679,-32.9008,23.2519,40.67,On Head
228650,-0.8523,10.1538,0.3950,-4.7939,-40.9466,18.2290,40.67,On Head
228700,-0.4142,10.2615,0.0622,-4.4122,-49.7252,24.4275,40.67,On Head
228750,-0.1030,9.9958,-0.2035,-1.7405,-50.5496,24.4886,40.72,On Head
228800,0.4884,9.6965,-0.3974,-6.0000,-47.1298,32.4122,40.67,On Head
228850,0.6345,9.9479,-0.3017,-8.9771,-48.6565,36.8092,40.72,On Head
228900,1.7071,9.9862,-0.2729,-20.4275,-46.3969,33.7557,40.67,On Head
228950,1.5347,10.1370,0.1724,-19.3588,-39.9237,32.6870,40.67,On Head
229000,2.3750,9.8090,0.1748,-20.6718,-37.1298,34.3206,40.44,On Head
229050,3.0598,9.5768,0.4238,-15.7405,-21.4198,29.2672,40.67,On Head
229100,2.6169,9.5672,0.4956,-13.9542,-28.2137,23.1450,40.53,On Head
229150,2.8299,9.8426,0.8835,-30.7481,-25.9847,24.1069,40.53,On Head
229200,2.0566,9.6606,1.8316,-23.0992,-18.5344,16.4427,40.58,On Head
229250,2.2673,9.7803,2.1021,-16.0000,-21.8779,20.8550,40.53,On Head
229300,2.8276,9.5816,1.8076,-8.6565,-18.5191,20.9008,40.58,On Head
229350,2.6264,8.7484,1.8914,-15.5725,-18.3053,21.9237,40.72,On Head
229400,3.4548,8.9232,2.4038,-17.6183,-15.3282,16.3359,40.58,On Head
229450,3.6799,9.2177,2.8802,-13.3740,-13.5267,0.6565,40.53,On Head
229500,3.4524,9.6438,2.8898,-9.8321,-4.6260,-0.3359,40.34,On Head
229550,3.4333,9.2943,3.0765,-9.9389,-0.9771,5.6336,40.72,On Head
229600,3.4141,8.5784,3.0837,0.2290,4.0153,7.2061,40.72,On Head
229650,3.3950,8.9807,2.8084,9.0840,0.6718,10.9008,40.53,On Head
229700,4.3934,9.0668,2.1763,12.7786,4.6107,13.5420,40.72,On Head
229750,4.6064,9.1866,1.9058,11.4656,14.7328,7.3740,40.67,On Head
229800,3.9217,9.1243,2.3056,4.5802,22.1832,2.5038,40.44,On Head
229850,3.7804,9.0644,2.6288,5.4351,23.2366,4.7176,40.72,On Head
229900,3.4716,8.8705,2.6695,8.6718,21.6641,4.1221,40.53,On Head
229950,3.7110,8.8825,2.8323,10.7328,19.9542,4.5191,40.44,On Head
230000,3.7134,9.6103,2.7342,16.8702,18.4886,-1.7099,40.67,On Head
230050,3.5578,9.3829,2.1931,15.3893,13.0076,0.3359,40.67,On Head
230100,3.1268,8.7412,1.8675,11.4504,7.5725,4.3511,40.58,On Head
230150,3.6607,9.3398,1.4461,17.6183,2.7328,11.1298,40.72,On Head
230200,4.2569,9.6007,0.2562,26.1221,5.3588,5.4962,40.67,On Head
230250,4.4676,10.1754,-0.3974,15.2977,15.2214,1.6336,40.77,On Head
230300,4.0390,9.5265,-0.0886,7.2519,26.7328,-2.9160,40.95,On Head
230350,3.4884,8.9519,0.2346,12.4885,30.7939,-5.5573,40.67,On Head
230400,3.1460,9.2177,0.0718,17.2672,29.5267,-1.7099,40.67,On Head
230450,3.3279,9.1889,-0.0814,20.7481,25.8931,-6.0153,40.67,On Head
230500,3.1603,9.6630,-0.5650,24.9771,26.2595,-10.1069,40.58,On Head
230550,2.9880,9.8569,-0.7422,18.3969,29.7557,-10.3969,40.77,On Head
230600,2.9281,9.7348,-0.4980,14.2595,36.1832,-0.0153,40.67,On Head
230650,3.1915,9.1363,-0.1772,18.8855,43.4046,6.7786,40.44,On Head
230700,3.4237,9.7061,-0.3759,24.3664,41.5115,7.4962,40.58,On Head
230750,3.5530,9.7133,-0.3184,17.9389,38.6870,6.2595,40.77,On Head
230800,3.4979,9.5816,-0.3041,16.8702,31.3282,6.1679,40.91,On Head
230850,3.3806,9.2368,-0.3208,15.7557,21.9237,4.1527,40.67,On Head
230900,3.6536,9.1698,-0.4693,13.1298,13.0229,5.8168,40.72,On Head
230950,4.0797,8.9376,-0.7733,11.9084,10.4733,0.8702,40.72,On Head
231000,3.8547,9.2416,-0.9098,11.4504,11.2519,-4.4885,40.67,On Head
231050,3.6559,9.4930,-1.0127,6.5802,8.1527,-5.8626,40.58,On Head
231100,3.4812,9.5122,-0.9433,4.6107,4.8855,-3.2977,40.58,On Head
231150,3.7733,9.3230,-0.7685,-2.0153,3.1603,-1.2214,40.58,On Head
231200,3.6559,9.2632,-0.6033,1.5878,3.8015,-1.9237,40.86,On Head
231250,3.7397,9.4930,-0.7494,3.1450,5.4962,-0.2443,40.77,On Head
231300,3.8068,9.4834,-0.6273,-1.5267,4.8855,0.9313,40.77,On Head
231350,3.6919,9.1698,-0.2705,-1.3588,4.5496,2.9008,40.53,On Head
231400,3.6895,9.0094,-0.2011,3.9542,0.0000,3.3282,40.91,On Head
231450,3.7589,9.1291,-0.7709,9.4962,-5.6183,2.5954,40.67,On Head
231500,4.0127,9.2847,-1.2282,4.5344,-7.6183,1.1450,40.34,On Head
231550,4.0917,9.2177,-1.3360,-0.5496,-6.8702,1.0229,40.72,On Head
231600,4.0630,9.1171,-1.1684,-4.3511,-7.2824,-3.5878,40.77,On Head
231650,3.8738,9.2608,-1.0487,-1.8168,-3.5573,-2.5496,40.53,On Head
231700,4.0558,9.2656,-1.0415,-3.4962,-1.7710,-2.5649,40.67,On Head
231750,3.8235,9.3422,-0.9170,-1.7863,0.2595,-2.3359,40.53,On Head
231800,3.8499,9.2225,-1.0199,-2.4275,-1.8168,0.2290,40.67,On Head
231850,4.0630,9.1937,-0.9936,-3.8015,-0.6260,0.7634,40.44,On Head
231900,4.1276,9.1387,-0.9529,-4.8855,4.0916,-1.2977,40.67,On Head
231950,3.7757,9.1889,-0.8092,-3.5420,4.4885,-3.7863,40.72,On Head
232000,3.8116,9.1889,-0.7446,-4.4733,3.3893,-4.4122,40.67,On Head
232050,3.6440,9.3661,-0.6991,-1.8168,3.2061,-5.7557,40.58,On Head
232100,3.6871,9.3757,-0.7614,-5.8931,2.2595,-2.5038,40.44,On Head
232150,3.7613,9.2033,-0.5626,-4.6565,3.2366,-2.6412,40.67,On Head
232200,3.6990,9.1722,-0.6440,-2.4580,4.3359,-5.3282,40.67,On Head
232250,3.7350,9.2057,-0.6081,-5.3740,5.3130,-3.6489,40.67,On Head
232300,3.7086,9.2680,-0.4238,-2.8397,6.6260,-5.2824,40.72,On Head
232350,3.8044,9.1698,-0.4381,-0.6412,6.8702,-5.4504,40.58,On Head
232400,3.9097,9.1746,-0.5339,0.8092,9.0534,-7.7863,40.53,On Head
232450,3.7757,9.1099,-0.5722,-0.3969,9.1756,-8.8397,40.53,On Head
232500,3.6344,8.9902,-0.6847,3.2366,11.4656,-13.5878,40.72,On Head
232550,3.3327,9.0860,-0.9266,3.0534,13.9237,-10.1832,40.77,On Head
232600,3.7254,9.2608,-1.0989,3.6947,13.8168,-12.3969,40.72,On Head
232650,3.0550,9.6199,-1.2665,6.5344,20.1374,-20.6565,40.67,On Head
232700,2.8970,10.0413,-1.2665,3.7557,25.6947,-8.9466,40.58,On Head
232750,2.6097,9.5744,-1.4102,11.1145,32.3664,-16.0458,40.67,On Head
232800,2.5474,9.8641,-1.6807,5.0840,37.8626,-5.0687,40.72,On Head
232850,2.7653,9.6199,-1.4126,2.5649,42.7023,-1.0229,40.86,On Head
232900,2.8563,9.7205,-1.3192,2.5344,47.6489,-4.5649,40.77,On Head
232950,2.6863,9.6822,-1.1277,0.9771,52.2137,0.0000,40.67,On Head
233000,2.7533,9.5433,-1.0343,2.9160,49.6336,0.5649,40.44,On Head
233050,3.0047,9.4715,-1.3072,3.6031,53.0840,1.4504,40.77,On Head
233100,3.1891,9.4643,-1.3551,2.6107,57.3893,2.9160,40.53,On Head
233150,3.3878,9.3039,-1.3647,3.9084,61.4351,0.2901,40.44,On Head
233200,3.3232,9.2392,-1.2905,3.4962,65.7863,-2.0458,40.44,On Head
233250,3.0909,9.3206,-1.3120,4.3511,65.7099,-6.8397,40.39,On Head
233300,2.8635,9.7181,-1.4150,2.0763,65.0840,-6.5802,40.53,On Head
233350,2.7102,9.7683,-1.2737,-0.7023,65.7252,-7.9542,40.53,On Head
233400,2.7461,9.9383,-0.9385,-6.1374,62.9466,-8.0153,40.58,On Head
233450,2.9568,9.9383,-0.3926,-12.6718,66.9160,-8.0611,40.72,On Head
233500,2.6073,9.3757,0.5770,-12.2443,75.0229,-7.8321,40.58,On Head
233550,2.6001,9.4092,1.2617,-8.9160,78.8244,-7.4504,40.77,On Head
233600,2.2434,9.1985,1.9058,-6.0611,77.8168,-10.3969,40.77,On Head
233650,2.2027,9.4619,2.2769,-1.0382,72.1069,-15.1450,40.58,On Head
233700,1.8004,9.4164,2.5594,-3.3130,70.1221,-19.4656,40.72,On Head
233750,1.5850,9.5457,2.8826,0.2595,68.0458,-18.5954,40.77,On Head
233800,0.9409,9.8114,2.9377,3.2061,63.1298,-19.9847,40.39,On Head
233850,1.1588,9.8043,2.7390,4.9160,57.1450,-13.3893,40.77,On Head
233900,0.8930,9.8809,2.3990,7.1908,51.3130,-10.3664,40.67,On Head
233950,1.0223,9.7396,2.2505,-0.8855,41.1145,-12.0305,40.67,On Head
234000,1.0798,10.1251,2.2553,-6.8855,40.9160,-15.4198,40.53,On Head
234050,0.9170,9.7612,2.6528,-14.0458,41.4809,-16.5038,40.53,On Head
234100,0.5794,9.6654,3.2370,-9.8931,41.1145,-12.1221,40.72,On Head
234150,0.6823,9.2488,3.2441,-1.6641,40.3969,-8.0916,40.44,On Head
234200,0.7398,9.6726,3.0311,6.5954,39.1756,-9.7252,40.67,On Head
234250,0.9457,9.9359,2.6647,9.8473,41.5878,-7.9389,40.77,On Head
234300,0.8260,9.8114,2.4588,11.2366,42.1069,-6.0153,40.58,On Head
234350,1.0582,9.8090,2.2051,12.3817,41.5573,-6.5191,40.67,On Head
234400,1.0271,9.7229,2.0183,12.9160,42.7023,-6.1221,40.58,On Head
234450,1.5347,10.0078,1.5730,8.9771,48.1832,-9.9084,40.72,On Head
234500,1.7454,9.9479,1.1947,-4.3817,62.9466,-17.0382,40.67,On Head
234550,0.4573,9.5337,2.5450,-9.7099,71.3588,-24.7481,40.58,On Head
234600,-0.3687,9.5624,2.6264,7.0534,66.2901,-22.4580,40.67,On Head
234650,-0.5219,9.6774,1.9082,16.7939,60.6565,-15.1603,40.58,On Head
234700,-0.5195,9.5265,0.8021,16.7634,57.1908,-21.8626,40.67,On Head
234750,-0.8882,9.6965,-0.2035,18.3359,64.5038,-15.6947,40.67,On Head
234800,-1.2665,9.6271,-1.4054,22.1985,69.2672,-16.7176,40.77,On Head
234850,-1.8268,11.4323,-2.7126,4.8092,74.7023,-11.1908,40.86,On Head
234900,-1.4629,10.1155,-1.8579,-13.7557,71.8015,-5.8321,40.53,On Head
234950,-1.7071,10.1849,-1.9656,-5.3893,75.2672,-10.9160,40.67,On Head
235000,-1.8268,9.9264,-1.7861,-16.9313,73.6336,-2.5802,40.53,On Head
235050,-1.2498,9.2775,-1.4533,-22.8702,70.3359,0.9618,40.44,On Head
235100,-0.8811,9.2680,-1.4174,-20.9466,72.8550,-2.8397,40.67,On Head
235150,-0.9984,9.5936,-1.4461,-18.1985,73.1908,-0.8550,40.58,On Head
235200,-0.7183,10.2208,-1.6065,-24.4122,74.8550,-2.9160,40.39,On Head
235250,-1.1325,10.1514,-1.1588,-26.0763,74.2137,-1.8626,40.53,On Head
235300,-1.3455,10.1634,-0.9936,-25.6489,68.8244,1.4046,40.58,On Head
235350,-1.6951,9.5912,-0.6153,-27.5573,59.0076,10.5496,40.72,On Head
235400,-0.6488,12.7156,0.1867,-19.2061,50.0153,18.0611,40.86,On Head
235450,-0.8116,11.1833,0.3591,-23.2366,55.1450,-3.8168,40.86,On Head
235500,-2.6887,10.0126,1.9561,-34.2748,58.4733,-13.5115,40.72,On Head
235550,-3.2801,8.7891,3.0287,-30.0916,52.9313,1.5878,40.58,On Head
235600,-2.5091,8.1523,3.6009,-19.4809,45.5725,22.7634,40.67,On Head
235650,-2.0063,8.5712,3.6224,-8.0611,32.6107,12.7176,40.53,On Head
235700,-1.8411,9.1147,3.4500,-4.8855,24.7786,6.1221,40.72,On Head
235750,-1.9249,9.0740,3.0502,8.3511,17.7405,0.4427,40.77,On Head
235800,-1.4437,9.9000,2.2075,11.0382,14.6565,-1.2977,40.77,On Head
235850,-1.4269,9.9431,2.1332,7.2366,14.9618,8.1527,40.58,On Head
235900,-0.5052,9.4906,1.9082,5.5420,11.1908,19.2366,40.67,On Head
235950,-0.0838,9.3087,1.9225,6.6260,11.4198,11.3282,40.58,On Head
236000,-0.8212,9.8665,1.9106,8.9313,12.6870,8.7023,40.67,On Head
236050,-0.8116,9.8330,1.6640,7.9847,9.5725,17.5420,40.44,On Head
236100,-0.5195,9.8569,1.6352,2.9924,16.4886,22.6870,40.72,On Head
236150,-0.3711,9.6798,1.5610,7.5725,19.6031,28.7481,40.53,On Head
236200,0.9481,13.2399,1.5107,26.2748,22.7328,44.0916,40.72,On Head
236250,2.6576,10.4579,-0.9122,28.7481,33.1603,14.8092,40.67,On Head
236300,0.6440,10.8409,-0.8882,5.3130,33.6183,14.0916,40.72,On Head
236350,0.1939,8.6000,-0.6728,3.8626,28.4580,16.5038,40.53,On Head
236400,0.4836,8.6263,-1.3551,3.3282,28.1221,16.2290,40.67,On Head
236450,1.3168,8.9639,-1.3240,-4.3206,32.5802,13.3740,40.72,On Head
236500,0.9984,10.0126,-1.5874,12.9771,40.4580,-5.5267,40.44,On Head
236550,0.7949,10.5656,-1.8818,1.3130,39.1450,-5.1756,40.58,On Head
236600,0.8691,9.3158,-1.2043,-12.8855,40.5191,-4.0305,40.39,On Head
236650,0.8308,9.0118,-0.4812,-10.5496,32.2137,-5.2824,40.67,On Head
236700,1.4150,9.4212,-0.7638,-11.5573,27.2214,-9.9084,40.72,On Head
236750,0.8356,9.4164,-0.6800,-11.0992,22.9008,-10.5191,40.86,On Head
236800,0.6321,9.8019,-0.8092,-10.6565,14.5191,-16.2137,40.67,On Head
236850,0.3089,10.4100,-0.6943,-15.5420,14.7328,-14.4580,40.91,On Head
236900,0.2634,10.6183,-0.3519,-21.2824,8.3359,1.8473,40.67,On Head
236950,0.8667,10.3645,0.0742,-19.7863,7.1298,12.9160,40.53,On Head
237000,0.7661,9.7779,0.2658,-16.2137,7.6794,10.9771,40.77,On Head
237050,0.6752,12.1913,0.7614,-9.4962,-1.6641,27.0687,40.72,On Head
237100,1.9201,11.0109,0.6153,-11.9389,-7.4351,24.8092,40.86,On Head
237150,1.5371,10.0533,1.2546,-23.9542,-11.4962,8.6870,40.91,On Head
237200,0.5124,8.3366,2.4421,-29.0687,-11.9542,-2.4733,40.77,On Head
237250,0.5387,8.5832,3.0263,-9.7710,-20.0763,15.4046,40.67,On Head
237300,1.6735,9.5361,2.6671,1.0840,-20.5649,-0.5038,40.72,On Head
237350,1.5012,9.8162,2.7150,-5.6336,-17.2672,-9.7252,40.77,On Head
237400,1.0942,9.0022,2.3822,-0.1832,-13.5115,-17.5114,40.67,On Head
237450,1.0175,9.2129,2.1237,2.4427,-13.0534,-14.8550,40.67,On Head
237500,1.7454,9.4355,1.6712,4.9160,-2.9924,-7.5573,40.95,On Head
237550,1.6185,9.1219,2.0231,7.3435,5.8015,-9.6183,40.58,On Head
237600,0.9768,9.5265,2.0949,9.6794,6.3664,-18.5344,40.58,On Head
237650,0.2849,10.1251,1.9704,6.2901,3.0840,-9.4504,40.58,On Head
237700,0.9050,9.9790,2.1979,5.4809,0.0916,1.7863,40.77,On Head
237750,0.7230,9.9240,1.9082,14.2901,-0.5344,3.4809,40.58,On Head
237800,2.3272,14.5759,1.4485,28.6565,-1.0229,21.8321,40.67,On Head
237850,1.9585,11.8728,0.5315,30.8397,10.0458,-5.1298,40.58,On Head
237900,0.8835,10.6518,-0.0646,15.5725,5.7252,-12.1832,40.67,On Head
237950,-0.3855,8.3869,-0.6704,14.2443,5.9695,-18.0458,40.53,On Head
238000,-0.2322,9.6917,-1.5586,15.7863,2.4427,12.0153,40.95,On Head
238050,1.0606,9.7396,-2.1955,6.2595,10.6107,-8.1527,40.53,On Head
238100,-0.2131,10.5177,-1.9489,1.2824,12.5344,-11.9847,40.72,On Head
238150,0.0862,9.7229,-1.4892,-19.6794,9.4809,-11.0534,40.67,On Head
238200,-0.0670,9.2488,-0.7039,-20.5191,8.7176,-9.2672,40.77,On Head
238250,0.5076,9.1267,-0.4597,-19.8931,9.8931,-2.8244,40.67,On Head
238300,0.7207,9.2129,-0.5962,-12.0611,11.8321,-5.9542,40.67,On Head
238350,0.2227,9.4499,-0.5818,-15.1450,12.2595,-11.3130,40.77,On Head
238400,-0.1077,10.0006,-0.4788,-15.0229,10.6107,-5.6641,40.53,On Head
238450,0.2801,10.2783,-0.2753,-14.8702,8.9771,4.9008,40.67,On Head
238500,0.2753,10.1658,-0.0383,-15.5115,8.7176,6.3664,40.67,On Head
238550,-0.3017,9.4715,0.2227,-14.5344,2.0153,11.8321,40.77,On Head
238600,1.7669,15.8592,0.6728,5.7557,-1.0840,22.9771,40.67,On Head
238650,1.2115,12.2248,1.3096,7.0076,6.3053,-12.4580,40.72,On Head
238700,-0.0814,9.1842,2.2482,-22.2748,4.8702,-25.5114,40.53,On Head
238750,-1.1875,8.0613,3.6823,-22.3206,-2.6412,-7.4351,40.58,On Head
238800,0.0144,9.1722,3.3112,-1.7099,-9.0687,-0.6107,40.67,On Head
238850,-0.2586,9.3685,2.8036,0.9313,-6.0305,-12.9924,40.58,On Head
238900,-0.4238,8.9208,2.7390,4.0153,-5.2366,-8.0458,40.72,On Head
238950,-0.1173,9.4451,2.1189,10.1527,-6.0153,-8.6260,40.72,On Head
239000,0.3855,9.4858,1.8962,6.3053,-1.7405,0.7786,40.77,On Head
239050,0.5459,9.3134,1.9465,8.6718,1.6183,1.2519,40.72,On Head
239100,0.4022,9.4643,2.0351,3.6641,1.5878,-6.6718,40.72,On Head
239150,0.0455,9.4834,2.1620,6.4580,0.3053,-7.4504,40.58,On Head
239200,-0.0359,10.1155,2.0183,9.3435,-2.5649,-1.3740,40.58,On Head
239250,-0.1341,9.6941,1.8052,6.3969,-1.2672,4.4885,40.72,On Head
239300,1.1444,15.0691,1.8938,33.6336,4.4580,22.4427,40.58,On Head
239350,0.6608,12.9574,0.5986,40.3206,18.6718,0.5038,40.72,On Head
239400,-0.2586,10.6159,-0.1915,24.9313,11.6031,-2.0611,40.67,On Head
239450,-0.8643,8.8657,-0.8164,8.5038,-0.4733,-13.6031,40.67,On Head
239500,-1.4365,9.7157,-1.2450,-6.9618,-18.9008,3.2366,40.39,On Head
239550,0.6201,9.3565,-1.2450,-31.4046,-21.4046,-12.9618,40.67,On Head
239600,-1.1205,9.5864,-0.2658,-9.0382,-3.4809,-19.7557,40.58,On Head
239650,-0.8452,10.0293,-0.5626,-6.6260,5.8321,-7.5573,40.72,On Head
239700,-1.2067,9.8090,0.1341,-11.3740,9.3435,1.4504,40.86,On Head
239750,-0.1580,9.0908,0.4573,-11.9237,3.5573,5.2366,40.58,On Head
239800,0.1604,9.0501,0.5028,-3.8626,3.8779,-4.7481,40.67,On Head
239850,-0.6273,9.4739,0.2514,-2.3817,-3.8168,-10.6107,40.67,On Head
239900,-1.7214,10.2759,0.1413,-3.1298,-20.4886,-9.6641,40.67,On Head
239950,-0.6488,10.1035,-0.2801,-13.2824,-31.4962,4.6718,40.72,On Head
240000,0.1221,10.3477,-0.2179,-10.4275,-17.8931,9.6641,40.58,On Head
240050,-0.6728,10.0245,0.3831,-7.4656,-11.5725,15.7863,40.58,On Head
240100,0.7135,13.4339,0.8739,0.2901,-17.3130,23.7405,40.77,On Head
240150,0.6656,10.8553,0.9002,-3.3588,-7.5115,0.3053,40.58,On Head
240200,-0.0503,9.6175,1.6999,-1.5420,-7.6336,-1.3130,40.72,On Head
240250,-0.6608,9.1363,2.2769,-7.5725,-20.2748,-7.0229,40.72,On Head
240300,-0.1604,9.1674,2.6121,-16.4886,-30.4122,3.2672,40.53,On Head
240350,0.4525,9.3350,3.1939,-9.4962,-28.6107,-0.8855,40.77,On Head
240400,0.3208,9.6438,3.3639,-5.8168,-24.1374,-17.2519,40.44,On Head
240450,-0.3639,9.2368,3.3686,-2.3359,-23.4504,-22.1069,40.72,On Head
240500,-0.5339,9.1842,2.8946,11.7863,-26.7786,-18.1985,40.67,On Head
240550,0.0072,9.5457,2.2553,11.8779,-27.0840,-10.5802,40.72,On Head
240600,0.3112,9.1171,2.2913,9.2977,-23.5420,-16.0611,40.67,On Head
240650,-0.0072,9.7564,2.1620,6.2443,-17.6183,-12.5344,40.67,On Head
240700,-0.6393,9.4499,2.2194,6.6107,-7.1603,-11.0382,40.58,On Head
240750,-1.3192,9.8833,2.0638,15.4962,-3.7710,-2.6412,40.67,On Head
240800,-0.8475,10.8625,1.5371,4.9771,-17.9084,24.4427,40.67,On Head
240850,-0.2035,8.9878,2.0423,-4.5344,-15.8931,18.8550,40.67,On Head
240900,0.1676,12.5193,1.9513,11.2824,-4.5649,9.0687,40.91,On Head
240950,0.2059,12.0692,0.9673,30.6260,0.1221,-4.2290,40.67,On Head
241000,-1.1277,10.3956,0.1867,27.9847,9.2061,-21.0840,40.72,On Head
241050,-2.0758,8.2121,-0.6800,13.5573,0.8397,2.8550,40.53,On Head
241100,-0.1125,8.4443,-1.1133,10.9618,-8.2137,16.1985,40.67,On Head
241150,-1.0654,9.6702,-1.1756,-1.1145,5.5420,-28.5802,40.67,On Head
241200,-2.5426,10.9295,-0.6608,-1.3282,3.3130,-19.5573,40.53,On Head
241250,-2.2075,10.4746,-0.6464,-4.7481,1.9237,-10.2901,40.72,On Head
241300,-1.9872,9.3637,-0.2729,-5.4504,-3.9389,8.0763,40.53,On Head
241350,-0.4693,8.7963,-0.2227,-6.3664,-10.4275,15.4351,40.67,On Head
241400,-0.0431,8.8705,-0.1293,-3.7710,-15.2061,0.6870,40.67,On Head
241450,-0.3160,9.8258,-0.1987,0.3206,-25.0992,-10.8855,40.86,On Head
241500,-0.2083,10.4435,-0.6153,-6.6260,-37.9695,-12.5344,40.72,On Head
241550,-0.1556,10.2592,-0.5076,-13.5725,-39.7099,-15.4046,40.53,On Head
241600,-0.4405,10.0317,-0.2705,-13.7099,-40.6260,-7.5878,40.77,On Head
241650,-0.8619,9.6079,0.1796,-19.2824,-41.2519,-13.1603,40.67,On Head
241700,-1.9010,9.3278,0.6536,-17.5878,-51.9084,-5.8931,40.72,On Head
241750,0.1389,16.2183,1.2186,20.0916,-54.7481,9.1603,40.58,On Head
241800,-1.3479,14.3006,0.8475,19.2977,-30.9466,-26.8092,40.72,On Head
241850,-2.2314,10.5872,3.5506,-17.4656,-35.7405,-17.8321,40.58,On Head
241900,-2.5833,8.1307,4.2545,-23.6794,-49.7710,-6.9466,40.86,On Head
241950,-1.7813,7.4053,4.0294,2.8092,-61.5420,10.9618,40.67,On Head
242000,-0.9098,7.7213,3.2082,11.1145,-68.4275,-7.2214,40.77,On Head
242050,-1.9632,9.2512,3.7828,6.2595,-76.2137,-24.3817,40.72,On Head
242100,-2.5331,9.2967,3.7924,13.2061,-87.3282,-25.6031,40.58,On Head
242150,-2.2434,9.6510,3.1915,11.1756,-94.8092,-21.6794,40.58,On Head
242200,-1.9728,9.1339,3.2896,12.7634,-90.1679,-25.2977,40.67,On Head
242250,-2.8515,8.6622,3.4261,21.0076,-97.6336,-31.7252,40.58,On Head
242300,-2.8754,9.3613,2.4876,21.1298,-99.6183,-19.3588,40.72,On Head
242350,-2.9185,9.2225,2.5594,27.9237,-100.3206,2.6565,40.72,On Head
242400,-2.2218,10.0652,2.2984,16.1527,-101.0382,-3.9695,40.77,On Head
242450,-2.6743,9.7013,2.9784,15.7710,-105.3435,2.0305,40.72,On Head
242500,-2.3798,9.7827,3.1699,16.8550,-108.2137,-0.1527,40.39,On Head
242550,-1.7597,10.2089,2.9592,17.8168,-106.3206,4.1374,40.72,On Head
242600,-1.2402,9.6702,3.0382,14.3053,-95.3588,3.0229,40.58,On Head
242650,-1.3719,8.9016,2.9449,25.0534,-85.4046,5.5420,40.72,On Head
242700,-0.8332,9.5744,2.2051,30.2595,-79.6183,13.0229,40.53,On Head
242750,-0.4477,9.2153,1.8004,29.7405,-73.2977,15.4046,40.39,On Head
242800,0.1413,9.7995,1.3575,26.3817,-71.0229,9.6489,40.72,On Head
242850,0.5124,9.7803,1.2953,14.0916,-58.7328,-1.0687,40.72,On Head
242900,-0.2083,9.9216,1.5538,9.8473,-54.6565,8.4733,40.77,On Head
242950,0.1700,9.6654,1.6233,4.1679,-48.4580,9.8779,40.58,On Head
243000,0.5171,10.2544,1.5179,6.8092,-35.1603,3.1756,40.53,On Head
243050,0.6201,10.3453,0.2610,14.7023,-21.8168,6.5038,40.67,On Head
243100,-0.3567,11.4275,-0.8092,3.2672,-4.8550,23.9542,40.25,On Head
243150,-0.6680,10.1562,0.1365,-16.6412,-4.9771,28.4427,40.77,On Head
243200,-0.6153,8.9926,1.2809,-6.9924,-31.4046,27.5420,40.72,On Head
243250,0.4118,8.3031,0.7374,2.8702,-70.7939,-15.8321,40.34,On Head
243300,0.0934,10.3549,-0.4788,15.6794,-71.6336,-28.0458,40.53,On Head
243350,0.0311,10.2903,-0.8978,4.9924,-68.7634,-18.9313,40.67,On Head
243400,-0.3041,10.0437,-0.4238,7.2977,-61.2824,-13.5725,40.72,On Head
243450,0.3304,9.7396,-0.6536,6.0000,-63.0534,-7.4962,40.53,On Head
243500,0.0575,9.7851,-0.5722,4.0916,-58.8244,-10.8550,40.67,On Head
243550,0.5650,9.7516,-0.6225,2.7328,-55.1756,-15.5115,40.72,On Head
243600,-0.2035,10.0556,-0.3783,2.4275,-52.2901,-26.3511,40.44,On Head
243650,-0.3041,10.1442,-0.3184,-2.3664,-54.1832,-22.9466,40.72,On Head
243700,-0.1748,9.5672,-0.1820,-1.0076,-52.4427,-26.3359,40.58,On Head
243750,-0.2753,10.1179,-0.4525,-2.3511,-46.6412,-22.5344,40.67,On Head
243800,-0.5219,9.9695,-0.2251,-4.9771,-39.2214,-17.7252,40.95,On Head
243850,-0.8045,10.3166,-0.1820,-3.3130,-32.9924,-9.1145,40.95,On Head
243900,-0.9529,9.8186,0.1149,-6.0153,-32.9618,-1.0992,40.53,On Head
243950,-1.3455,9.6606,0.3496,1.6489,-43.1145,2.6412,40.53,On Head
244000,-0.7901,10.3477,-0.6129,1.7405,-49.9237,11.8473,40.67,On Head
244050,-0.5315,10.0341,-1.1349,-4.8397,-41.7863,16.8244,40.53,On Head
244100,0.4022,11.7819,-0.6656,-15.3130,-40.6107,19.1145,40.67,On Head
244150,0.2610,11.5784,-0.3687,-37.5115,-16.6718,-1.6794,40.72,On Head
244200,-1.8052,9.9383,1.8028,-44.3664,1.2366,-8.4885,40.72,On Head
244250,-2.7701,8.4180,3.1771,-34.3511,-0.3817,8.6107,40.44,On Head
244300,-1.6664,8.2265,3.5482,-10.2137,-6.4275,34.6718,40.53,On Head
244350,-0.1006,8.7532,3.2465,-8.0916,-8.6260,12.5496,40.72,On Head
244400,-0.4262,9.0405,3.6919,-11.3588,-3.2824,-0.9008,40.39,On Head
244450,-0.9720,9.0597,3.9002,1.5267,-6.7939,-7.0229,40.77,On Head
244500,-0.8859,9.2895,3.3351,11.6489,-14.4885,-4.4885,40.67,On Head
244550,0.0383,9.4786,2.5977,14.0763,-15.6794,4.3817,40.72,On Head
244600,0.7709,9.0788,2.1189,15.0992,-10.4733,-3.5573,40.77,On Head
244650,0.6536,9.2129,2.1763,9.4046,-4.8702,-14.2748,40.53,On Head
244700,-0.0263,9.2201,2.2003,9.8779,-3.9695,-19.4198,40.72,On Head
244750,-0.6967,9.3972,2.3296,10.1221,-5.7863,-18.2748,40.67,On Head
244800,-0.8523,9.9695,2.3415,13.4504,-7.3435,-2.7786,40.53,On Head
244850,-0.4717,10.0652,2.1644,14.3817,-13.1756,4.5802,40.58,On Head
244900,-0.3543,10.3382,1.5467,13.4046,-9.2824,9.7710,40.53,On Head
244950,0.4166,11.0852,1.0870,15.3282,-16.6107,12.0611,40.67,On Head
245000,-0.2969,11.2911,0.2322,0.6870,-7.2214,-8.7786,40.58,On Head
245050,-1.3072,9.5193,-0.2897,2.7634,10.9160,-37.2061,40.58,On Head
245100,-2.2266,7.9487,-0.2897,15.8168,25.9389,-9.4198,40.58,On Head
245150,-0.7254,8.3677,-1.8675,52.6412,37.0840,-8.8550,40.44,On Head
245200,-3.3423,10.5058,-2.7222,3.0992,25.6031,-46.7939,40.72,On Head
245250,-5.9209,12.3924,-2.0638,-34.5191,-38.0611,-5.9237,40.39,On Head
245300,-1.4748,9.4116,-1.3336,-76.5802,-50.0305,1.9695,40.53,On Head
245350,-0.6752,8.1259,0.0910,-52.0458,-15.1298,-1.6947,40.53,On Head
245400,-0.8428,8.3558,0.4238,-24.0916,10.8702,13.7252,40.77,On Head
245450,-0.5435,8.5832,0.3639,-13.1908,27.5114,19.8015,40.86,On Head
245500,-1.2258,9.4691,0.4046,-10.5191,32.0305,12.9924,40.67,On Head
245550,-1.1492,10.0533,0.4884,-11.2214,33.5878,9.5267,40.67,On Head
245600,-1.6400,11.0277,0.4741,-4.6870,38.0916,17.3435,40.53,On Head
245650,-1.4222,10.7045,-0.0335,-18.5344,47.1603,34.2443,40.67,On Head
245700,0.0359,16.6852,1.8842,7.0534,49.4351,60.3511,40.58,On Head
245750,0.2131,12.8042,1.8292,8.4275,49.9084,25.0992,40.39,On Head
245800,-0.9074,9.2512,3.5219,-9.8931,30.3969,0.5191,40.77,On Head
245850,-2.4014,7.8769,3.4644,-6.2137,3.0687,0.1527,40.67,On Head
245900,-0.8021,8.8394,3.0981,-1.4351,-13.0229,35.9084,40.67,On Head
245950,0.1173,8.9878,2.9257,-3.8015,-14.9618,7.1908,40.58,On Head
246000,-0.6057,9.1099,3.0646,0.2595,-17.7405,3.0687,40.58,On Head
246050,-0.4621,8.9016,2.1165,15.3130,-17.8015,2.7939,40.77,On Head
246100,-0.3615,11.0038,1.5155,-6.0305,-28.2748,12.2901,40.58,On Head
246150,1.0942,8.4755,2.7892,-31.3893,-15.6641,26.7023,40.58,On Head
246200,1.5802,8.3797,3.3686,2.7176,-14.4580,32.5344,40.44,On Head
246250,1.9752,8.6790,3.1101,5.2214,-8.2137,11.7099,40.53,On Head
246300,1.1756,9.4858,2.5738,10.5496,-6.2901,7.3740,40.58,On Head
246350,1.2857,10.9535,2.0494,3.7557,-3.2824,12.5344,40.67,On Head
246400,1.1708,10.0963,2.7773,3.6336,-5.6031,28.6870,40.72,On Head
246450,2.9856,11.4491,1.5778,-27.0534,-21.0840,46.0305,40.86,On Head
246500,1.4533,9.6774,2.0734,-37.6031,-48.1374,6.5344,40.39,On Head
246550,1.0056,9.0190,-0.2969,2.6260,-26.2595,-32.1832,40.67,On Head
246600,-0.1915,9.3781,-0.4812,17.0076,-3.9084,21.4962,40.58,On Head
246650,2.7342,9.9623,-1.2594,22.7939,9.8473,15.1756,40.67,On Head
246700,1.5179,10.0580,-1.3240,0.5649,26.4733,-13.9237,40.67,On Head
246750,1.2809,9.6247,-0.6967,-13.4046,23.4198,-2.8855,40.58,On Head
246800,1.8914,9.9096,-0.3256,-22.9771,37.3893,-8.7023,40.72,On Head
246850,1.8124,8.7364,0.5291,-28.6565,61.3282,8.8702,40.58,On Head
246900,0.9481,9.1459,0.8667,5.0382,77.2672,31.5420,40.67,On Head
246950,1.4030,9.2823,1.1947,-19.5420,59.8626,24.6565,40.77,On Head
247000,1.3408,9.8306,1.6089,-8.3359,41.6336,14.6412,40.53,On Head
247050,1.8771,10.4052,2.0351,-13.0076,16.2901,7.4046,40.72,On Head
247100,0.9792,10.1754,1.9968,-7.3740,6.0763,24.3053,40.53,On Head
247150,2.6624,15.3732,2.8515,21.9237,-16.1527,54.4885,40.77,On Head
247200,4.6878,9.7157,2.6073,-16.1221,-28.6718,21.6947,40.77,On Head
247250,2.4708,8.3582,3.2681,-22.6870,-53.3740,-7.5267,40.67,On Head
247300,1.9369,8.1642,3.2920,-24.2595,-58.9771,-15.1908,40.34,On Head
247350,2.4684,9.1099,3.7397,-15.9389,-56.0611,-7.8779,40.86,On Head
247400,2.5642,8.2361,3.9217,-7.0840,-55.4656,-26.7176,40.77,On Head
247450,2.0710,8.7029,3.1651,14.1374,-56.6260,-35.1450,40.58,On Head
247500,1.6616,9.0429,2.3774,18.8244,-56.4122,-37.8626,40.67,On Head
247550,2.1404,9.4691,1.7669,14.7328,-55.0687,-22.2748,40.67,On Head
247600,2.6528,9.2273,1.4341,14.0763,-48.1527,-17.4656,40.67,On Head
247650,2.8060,9.3374,1.5897,-2.8855,-35.2824,-18.7176,40.53,On Head
247700,2.1979,9.7588,2.0877,0.8397,-31.7099,-23.6641,40.58,On Head
247750,2.0135,10.3166,1.9800,-3.0840,-26.7481,-21.3740,40.77,On Head
247800,1.6424,9.8761,1.9417,7.4351,-28.7939,-8.0000,40.72,On Head
247850,2.1931,10.2783,1.3767,6.3359,-25.4656,-8.6718,40.72,On Head
247900,2.8850,11.0756,0.3998,13.0687,-29.5420,-5.5115,40.77,On Head
247950,1.8818,10.6398,-0.2011,-2.0153,-15.2214,-23.3893,40.72,On Head
248000,-0.1772,7.9224,-0.2155,0.2137,-2.3511,-40.8092,40.44,On Head
248050,-0.7638,8.6407,-0.2969,19.2672,-4.3969,-24.5344,40.67,On Head
248100,0.3184,10.2304,-1.4653,13.8931,-9.2366,-23.6947,40.77,On Head
248150,-0.5986,10.2232,-1.4916,-2.7786,-0.0611,-51.2519,40.44,On Head
248200,-1.5107,11.0373,-1.2977,-20.8855,1.8168,-45.8015,40.67,On Head
248250,-0.6752,9.0597,-0.7709,-20.7786,23.1908,-42.1069,40.39,On Head
248300,-0.4525,9.8234,-0.9146,-22.4886,42.6260,-27.9847,40.34,On Head
248350,-1.0894,9.3374,-0.4094,-27.7863,54.3053,-18.1985,40.67,On Head
248400,-1.9321,9.7492,0.4908,-33.5115,38.5954,-11.2977,40.44,On Head
248450,-1.6424,9.8617,0.9337,-33.1756,30.4733,-2.1832,40.44,On Head
248500,-0.9984,10.1323,1.0942,-23.9542,25.4504,2.0000,40.67,On Head
248550,-0.5698,10.2544,0.3017,-16.7634,34.4885,1.2214,40.34,On Head
248600,-0.2203,9.5002,0.2083,-22.5496,59.8015,8.4275,40.67,On Head
248650,-0.1221,9.1219,0.0359,-12.5344,88.7786,5.5725,40.44,On Head
248700,0.4501,10.4651,1.1061,-14.6718,110.4427,-5.0840,40.67,On Head
248750,-3.2729,11.5472,1.2402,-1.6031,112.9008,-33.9847,40.72,On Head
248800,-4.6160,8.7029,0.9146,-3.2519,85.7863,-14.5038,40.44,On Head
248850,-3.3040,9.5744,1.0319,-29.9847,67.0992,12.3817,40.72,On Head
248900,-3.0526,7.9392,2.0446,-21.6336,55.9847,10.4885,40.58,On Head
248950,-3.0813,9.4762,1.3048,0.1069,46.9466,-2.0305,40.58,On Head
249000,-3.4141,8.9783,1.2689,-1.7863,44.2290,-7.8015,40.53,On Head
249050,-3.1675,10.5177,0.2562,22.2748,35.2977,3.4504,40.67,On Head
249100,-1.6161,10.2400,0.3256,-7.3282,31.1450,22.0458,40.58,On Head
249150,-0.8356,8.8633,0.9984,-8.0458,36.2901,20.1527,40.72,On Head
249200,-0.9146,10.0006,0.3376,-11.7099,52.0916,16.1527,40.72,On Head
249250,-1.9201,9.1770,0.3376,-2.6565,61.8015,16.7634,40.67,On Head
249300,-2.1069,10.5105,-0.0335,-4.0305,61.0840,26.7023,40.25,On Head
249350,-1.8723,9.8641,0.1317,-14.3053,60.7328,34.7328,40.53,On Head
249400,-1.1085,9.8306,0.4310,-30.9618,53.4656,40.1527,40.86,On Head
249450,0.4357,11.0301,2.6312,-58.2901,56.6412,27.5725,40.39,On Head
249500,0.6464,10.6662,1.4317,8.9313,74.9313,6.4275,40.72,On Head
249550,1.1492,10.8074,0.0072,10.1069,88.1069,27.9847,40.53,On Head
249600,1.5826,8.0397,-0.6895,-5.0534,117.2977,38.2595,40.58,On Head
249650,1.1109,8.5162,-0.2729,4.1069,135.2977,58.0916,40.67,On Head
249700,1.8938,8.8298,-0.1389,27.0992,126.0611,50.3817,40.53,On Head
249750,2.9377,11.0157,-0.9649,32.9618,109.0382,38.6412,40.72,On Head
249800,3.5745,10.6590,-0.7159,3.5115,92.5802,24.6718,40.53,On Head
249850,3.3423,9.0309,-0.1101,5.0076,77.0840,11.8015,40.67,On Head
249900,3.3758,8.1858,0.3807,3.7405,62.6412,-2.4885,40.67,On Head
249950,3.3567,8.5497,0.8595,-3.9847,45.2061,-15.8473,40.58,On Head
250000,2.9640,9.2727,1.4341,-1.4198,31.0840,-27.0534,40.53,On Head
250050,2.8204,9.8617,1.5538,-5.3740,8.3206,-33.7710,40.58,On Head
250100,2.7605,9.7923,1.6640,-10.4427,-10.4275,-35.2672,40.67,On Head
250150,2.5953,9.3254,1.6520,-17.7099,-21.9084,-34.6412,40.77,On Head
250200,2.4804,8.8226,1.6209,-12.5802,-28.8702,-37.5573,40.58,On Head
250250,1.8651,9.3230,1.2426,-10.9008,-29.3740,-38.6718,40.25,On Head
250300,1.8627,11.4586,2.0399,-26.9924,-23.8015,-30.2290,40.44,On Head
250350,1.2498,11.0421,1.6879,-4.9771,-8.3053,-31.7863,40.67,On Head
250400,0.4262,9.8330,1.7980,-10.6870,1.3282,-37.3740,40.77,On Head
250450,-1.2210,8.5210,1.9632,-5.9084,-0.2748,-40.9466,40.91,On Head
250500,-1.1779,8.0589,1.8292,-5.8321,-12.4427,-40.3359,40.67,On Head
250550,-2.3679,8.4348,2.0016,3.7710,-17.2214,-66.2137,40.53,On Head
250600,-4.0031,9.3326,0.9457,14.3359,-10.3817,-58.1985,40.67,On Head
250650,-4.9081,9.6941,0.8212,16.2443,-8.0153,-34.0916,40.53,On Head
250700,-4.4245,10.0365,0.3208,14.3359,-13.7710,-29.5267,40.67,On Head
250750,-4.4724,10.0892,0.3352,3.0229,-8.2137,-28.0305,40.58,On Head
250800,-4.5681,9.1937,1.1564,-6.7939,-6.1069,-14.8702,40.44,On Head
250850,-3.9073,8.8035,1.7406,-9.5573,-7.6031,-8.1985,40.53,On Head
250900,-3.5338,8.8226,1.7813,1.1145,-4.1985,-12.9771,40.67,On Head
250950,-3.4477,10.2352,0.1365,5.5420,13.7252,-9.9542,40.44,On Head
251000,-6.2441,9.3302,2.5786,-27.5267,-1.4198,12.4427,40.44,On Head
251050,-3.2896,9.1147,1.4820,-10.2137,-33.9542,12.4275,40.67,On Head
251100,-2.0255,8.6239,1.3264,-8.1527,-14.8244,-1.1145,40.72,On Head
251150,-2.1691,9.1794,1.2498,0.0000,-0.4427,-9.5420,40.67,On Head
251200,-2.7198,8.7412,1.4509,1.4351,17.9389,-11.7099,40.44,On Head
251250,-3.6631,9.4810,1.3815,0.3206,20.8855,-4.6870,40.77,On Head
251300,-3.2370,9.1339,1.4581,-0.7634,22.5038,-7.5725,40.58,On Head
251350,-3.7302,9.3948,1.4844,3.2977,23.4198,-10.5649,40.53,On Head
251400,-3.9409,9.3613,1.5467,4.2901,19.3893,-7.0229,40.39,On Head
251450,-4.2282,9.4595,1.3982,3.2366,11.5115,0.0763,40.77,On Head
251500,-3.5219,9.3278,1.2019,4.0000,6.2901,9.7099,40.67,On Head
251550,-3.0909,8.8370,1.1492,7.5725,8.9313,-0.6870,40.67,On Head
251600,-3.4022,9.5193,0.7374,5.9237,7.1908,-6.0611,40.44,On Head
251650,-3.5075,9.8210,0.6321,-2.5649,3.3130,-2.4733,40.39,On Head
251700,-3.4261,8.9495,0.8475,-7.2672,1.6183,2.1527,40.72,On Head
251750,-3.1819,8.8178,0.9481,-2.1679,5.1450,-2.3053,40.67,On Head
251800,-3.9265,9.3565,0.8236,-0.4580,9.7405,-5.6031,40.67,On Head
251850,-4.2090,9.4212,0.9577,0.0916,10.4885,-4.6870,40.44,On Head
251900,-4.4484,9.4715,0.9840,-3.4809,8.3817,3.0687,40.44,On Head
251950,-4.3598,9.1171,0.8882,-0.2901,8.0305,6.7634,40.53,On Head
252000,-4.1013,9.2129,0.8643,-2.4275,7.9695,11.2214,40.58,On Head
252050,-4.0390,9.3565,0.8475,1.0992,9.1450,13.1450,40.58,On Head
252100,-3.9145,9.3470,0.5962,-1.9542,6.3817,15.6794,40.67,On Head
252150,-3.8547,9.0932,0.5531,-0.5649,7.6947,14.4580,40.53,On Head
252200,-3.8547,8.8250,0.6752,-1.4809,4.5496,17.1298,40.44,On Head
252250,-3.0670,9.2919,-0.0886,2.8244,3.0992,11.2672,40.72,On Head
252300,-1.7119,10.6398,0.6608,-23.3130,10.1527,16.2137,40.67,On Head
252350,-0.9218,9.9335,1.4174,-5.5573,16.0305,15.9084,40.44,On Head
252400,-0.2203,9.1698,1.3120,0.6870,9.5725,18.0458,40.72,On Head
252450,0.9553,8.6095,1.0774,-1.1298,0.9924,16.1985,40.67,On Head
252500,1.6879,9.1219,1.1109,-6.9618,4.2595,3.9695,40.77,On Head
252550,1.1612,8.4994,1.7861,5.6183,8.8397,-5.3282,40.67,On Head
252600,-0.6009,9.5146,0.7925,29.3435,10.8702,-34.1374,40.72,On Head
252650,-2.4493,10.1682,0.0551,7.3282,0.5038,-34.8550,40.72,On Head
252700,-3.5817,9.7947,0.5507,-2.4275,-4.0153,-26.2290,40.67,On Head
252750,-4.3048,9.3661,1.2378,-1.8321,-4.6565,-25.5573,40.34,On Head
252800,-4.9656,9.1985,1.3599,6.3664,-5.5420,-24.8702,40.39,On Head
252850,-5.0877,9.5912,0.4429,20.1527,-8.3817,-21.2214,40.53,On Head
252900,-5.1691,10.3166,-0.1604,12.0305,-7.6641,-6.3359,40.77,On Head
252950,-4.3311,9.5313,-0.0215,5.4809,-7.9084,1.0076,40.77,On Head
253000,-3.7972,9.0405,-0.0958,3.3588,-9.4198,-1.3435,40.67,On Head
253050,-3.6129,8.6239,-0.0527,1.5115,-4.1985,-3.3435,40.86,On Head
253100,-3.8164,8.8633,-0.0215,1.2366,-3.0076,-2.8244,40.67,On Head
253150,-3.8834,8.9591,0.0742,2.3664,1.5878,-0.5496,40.77,On Head
253200,-3.7541,9.0166,-0.1269,5.6031,1.3282,-3.0382,40.67,On Head
253250,-3.8331,9.1411,-0.0646,-1.4962,1.4656,2.8397,40.58,On Head
253300,-3.8810,9.0836,-0.0215,1.8473,-0.6107,-2.8092,40.58,On Head
253350,-3.9097,9.0453,0.0335,-2.1832,-1.8168,1.5115,40.72,On Head
253400,-3.8331,9.0237,0.1101,-2.5344,-6.1374,-2.0305,40.53,On Head
253450,-3.8379,9.0190,0.0287,-1.2214,-5.7863,-0.2290,40.53,On Head
253500,-3.9002,9.1698,0.0838,-1.2672,-3.5878,0.5496,40.44,On Head
253550,-4.0031,9.2225,0.2131,-0.8092,-6.6107,1.6794,40.58,On Head
253600,-3.8379,9.0237,0.3519,-0.5038,-11.2214,0.8397,40.67,On Head
253650,-3.6943,8.9232,0.2801,2.8855,-11.6489,-5.1603,40.44,On Head
253700,-3.8020,8.9567,0.2179,3.7710,-12.9466,-6.3817,40.58,On Head
253750,-3.9480,9.1889,0.0263,4.9160,-7.0534,-4.1985,40.39,On Head
253800,-3.9744,9.1937,-0.0024,0.0763,-6.2137,0.8092,40.77,On Head
253850,-3.9648,9.0094,0.0982,-1.8168,-4.8702,1.2061,40.44,On Head
253900,-3.9696,9.1123,-0.0192,-0.3664,-3.3893,2.6718,40.67,On Head
253950,-3.9025,9.1219,-0.0120,-2.3206,-1.1298,3.0687,40.39,On Head
254000,-4.0318,9.3039,0.0646,-3.8931,-1.1603,4.6260,40.67,On Head
254050,-3.9145,8.8921,0.1006,-2.8397,-0.2901,6.9466,40.58,On Head
254100,-3.8978,8.9208,0.0263,-1.5725,0.0763,4.3206,40.67,On Head
254150,-4.0965,9.0644,-0.3208,-2.0000,1.4198,0.7328,40.58,On Head
254200,-4.3072,9.2105,-0.3974,-2.1221,4.0611,3.1298,40.77,On Head
254250,-4.4484,9.0477,-0.2035,-3.1450,11.2519,6.8397,40.34,On Head
254300,-4.7932,9.1004,0.0431,-4.1985,10.4885,11.1756,40.44,On Head
254350,-4.6136,9.2105,-0.1580,-3.3130,12.7634,13.1145,40.67,On Head
254400,-4.7333,9.1866,-0.3711,-5.6794,11.1145,16.0611,40.58,On Head
254450,-5.3917,9.3206,-0.6656,-10.1069,10.5038,24.2595,40.72,On Head
254500,-5.3941,11.1953,-1.3192,-47.1756,3.9237,55.4809,40.77,On Head
254550,-3.9911,8.1834,0.5986,-57.2824,-0.2443,49.4198,40.67,On Head
254600,-2.5043,8.4204,1.4174,-39.4046,8.5649,43.7405,40.72,On Head
254650,-2.0231,8.3486,2.0375,-26.1985,19.9542,29.4351,40.72,On Head
254700,-1.7047,8.7364,2.4421,-15.0382,20.5954,24.3359,40.58,On Head
254750,-0.6536,8.6287,2.6695,-8.3969,18.8550,21.1450,40.67,On Head
254800,-0.0287,9.0788,2.7677,7.5115,16.7481,21.7557,40.77,On Head
254850,0.7230,9.4308,2.4588,20.0305,7.5878,7.5267,40.67,On Head
254900,0.7063,10.1993,1.4964,24.2748,3.9847,6.4580,40.72,On Head
254950,1.3910,10.9008,0.3184,27.3893,1.0992,6.4427,40.72,On Head
255000,1.4461,11.2097,-0.1484,11.1298,3.6794,3.0229,40.44,On Head
255050,1.3360,10.0772,0.1125,-5.7863,9.4656,-3.1756,40.53,On Head
255100,1.1732,9.3757,0.3089,-16.4886,11.4962,-10.4275,40.67,On Head
255150,1.0343,8.6287,0.7973,-15.4962,16.8702,-29.7863,40.58,On Head
255200,0.1820,9.3158,1.2450,-6.5802,15.0382,-32.4733,40.72,On Head
255250,0.0239,9.4547,1.2163,0.1527,17.4656,-39.6794,40.67,On Head
255300,-0.3735,9.8090,1.0702,5.3130,14.9008,-50.7481,40.67,On Head
255350,-1.0822,9.7420,0.6081,16.7023,10.1069,-57.2061,40.67,On Head
255400,-2.1189,10.6111,0.0096,11.4198,9.8473,-42.7939,40.58,On Head
255450,-2.2769,9.5457,0.2059,6.2595,6.0916,-26.8397,40.39,On Head
255500,-2.6001,10.3142,-0.1556,3.8321,4.4733,-19.2977,40.77,On Head
255550,-3.0119,9.2440,-0.3400,4.4427,1.8473,-17.9542,40.72,On Head
255600,-3.8211,10.3430,-0.8380,2.6870,-0.0305,-15.2672,40.72,On Head
255650,-3.7350,9.9264,-0.2107,-15.4504,-8.0763,13.1450,40.58,On Head
255700,-2.0423,11.9471,0.7087,-8.7481,-14.6870,21.6489,40.58,On Head
255750,-2.1308,9.4092,0.7207,1.0382,-4.4580,-4.0000,40.86,On Head
255800,-2.5379,8.8538,0.8356,-4.4122,-10.4122,-4.7328,40.67,On Head
255850,-2.9664,8.8777,1.0008,-9.4656,-8.9924,-7.4656,40.67,On Head
255900,-3.7134,8.7340,1.5299,-8.9466,-9.4504,-8.1679,40.77,On Head
255950,-4.2018,8.7197,1.1875,1.9542,-11.9084,-16.7023,40.77,On Head
256000,-4.8914,9.4068,0.7877,-1.7099,-9.5115,-12.5496,40.67,On Head
256050,-4.8195,8.6790,1.3168,-2.5344,-9.9695,-1.7863,40.72,On Head
256100,-3.9792,7.9655,1.4605,-1.0076,-12.4275,-0.0305,40.72,On Head
256150,-4.0677,8.2408,1.1229,10.8702,-9.5573,-10.3206,40.91,On Head
256200,-4.5514,8.2313,0.7614,13.1756,-6.6870,-8.5038,40.72,On Head
256250,-4.5705,8.5377,0.2538,15.8931,-5.3130,-10.9160,40.58,On Head
256300,-4.9033,8.7340,0.0646,8.2443,-1.4198,-10.1527,40.67,On Head
256350,-4.9799,8.7388,0.1077,6.9924,-2.1985,-9.7405,40.67,On Head
256400,-4.9823,8.8059,-0.0192,4.7176,-4.0000,-9.5420,40.67,On Head
256450,-4.7166,8.7724,0.0239,1.8626,-2.3664,-8.6107,40.53,On Head
256500,-4.9249,8.8226,0.0910,1.3282,-0.5954,-5.0534,40.53,On Head
256550,-4.7788,8.7412,0.0192,-1.5115,-2.1221,0.8550,40.91,On Head
256600,-4.5514,8.6886,-0.0383,-0.9618,-2.6107,1.0076,40.72,On Head
256650,-4.7094,8.6526,0.0575,-8.2443,-0.8244,3.6183,40.67,On Head
256700,-5.1308,8.7987,0.2346,-8.3664,-0.2290,5.4809,40.58,On Head
256750,-5.6575,8.8155,0.1341,-9.5115,0.3969,18.2443,40.72,On Head
256800,-5.4348,8.9543,0.2729,-7.0229,4.2901,25.2519,40.44,On Head
256850,-4.9943,9.5600,0.1413,-7.2366,7.3893,33.6489,40.72,On Head
256900,-4.9464,9.2033,0.6177,-37.1756,-8.1832,42.8702,40.95,On Head
256950,-3.4333,8.0086,1.4341,-34.2901,-24.4886,12.4733,40.91,On Head
257000,-3.4141,8.1116,1.7693,-11.2672,-21.6336,-4.0305,40.44,On Head
257050,-3.7757,9.4451,1.3838,-2.7176,-15.0687,6.7328,40.58,On Head
257100,-3.5267,9.1698,1.3336,-0.4580,-7.9542,11.7557,40.58,On Head
257150,-3.3686,9.0884,1.1923,-0.2290,-0.8397,12.4122,40.67,On Head
257200,-3.5171,8.8202,1.3455,0.0611,9.8321,15.2519,40.67,On Head
257250,-3.4860,8.9830,1.3001,2.1221,14.6718,21.3130,40.72,On Head
257300,-3.2681,9.0621,1.3096,0.9618,15.5573,17.1145,40.72,On Head
257350,-2.8228,9.4140,1.4461,-7.4962,11.0687,19.8321,40.67,On Head
257400,-2.4325,9.0956,1.7358,-11.0076,12.4580,11.2977,40.86,On Head
257450,-1.8627,9.3709,1.8411,-13.4198,13.3740,16.4733,40.77,On Head
257500,-0.7302,8.4036,1.0439,4.9618,17.6794,22.3206,40.77,On Head
257550,-0.2969,9.6917,0.1508,0.7023,35.4046,12.7328,40.53,On Head
257600,-1.1133,10.5441,0.5770,-8.4885,38.1832,8.9924,40.44,On Head
257650,-1.5874,10.4124,1.0774,-14.3664,32.4122,9.5725,40.72,On Head
257700,-1.3455,11.4610,1.0798,-0.6565,23.6641,8.9771,40.67,On Head
257750,-1.3384,10.9798,0.6536,-2.2443,24.0916,10.2443,40.77,On Head
257800,-1.2809,9.3541,0.6608,-7.0534,21.7405,18.2290,40.86,On Head
257850,-1.1732,9.1506,0.6608,-6.7328,18.2290,19.0687,40.67,On Head
257900,-0.8643,9.7420,0.5555,-11.2824,17.4809,17.8779,40.58,On Head
257950,-0.6656,10.4315,0.5818,-12.3664,19.7710,18.4580,40.67,On Head
258000,-0.0096,10.9511,0.6895,-16.6107,25.5267,15.5573,40.77,On Head
258050,-0.3376,9.3613,0.9361,-9.2977,26.4580,15.2519,40.77,On Head
258100,0.4453,9.1866,-0.3160,13.4351,22.0763,12.9466,40.58,On Head
258150,0.4717,10.8721,-1.6975,-6.5802,36.1832,20.4886,40.86,On Head
258200,0.3543,10.4052,-0.9577,-34.4427,54.6412,16.8702,40.67,On Head
258250,0.2562,10.1107,0.0814,-41.1908,70.5191,20.4580,40.58,On Head
258300,-0.1341,9.5792,0.9242,-39.2672,85.7710,25.3435,40.67,On Head
258350,-0.2921,9.4427,0.8068,-14.7176,95.8321,30.0611,40.67,On Head
258400,0.0527,10.2568,0.0072,-10.9618,116.5191,36.6718,40.67,On Head
258450,-0.3041,9.5936,0.3328,-2.5038,128.0153,41.6031,40.77,On Head
258500,0.0000,10.4459,0.5986,1.5878,118.8092,43.7099,40.72,On Head
258550,1.2713,10.8266,1.0870,-7.8779,102.7176,44.0153,40.72,On Head
258600,0.3328,9.7085,2.6121,-7.4809,81.9084,28.0305,40.44,On Head
258650,0.6680,9.6965,2.7509,-7.4504,64.6107,22.0153,40.72,On Head
258700,0.2274,9.4188,4.1899,-21.8168,54.1679,18.4886,40.91,On Head
258750,-0.0168,8.7340,5.0494,-10.5802,39.6641,16.2595,40.67,On Head
258800,0.2873,9.4188,5.1787,-4.1374,31.5114,19.0229,40.53,On Head
258850,0.3783,9.1937,5.3606,-1.8321,16.9466,21.5114,40.95,On Head
258900,1.3192,9.6007,4.7764,9.8779,5.5267,22.9924,40.72,On Head
258950,1.9393,9.0812,4.2449,20.1679,1.2061,3.3282,40.44,On Head
259000,2.1572,9.9168,3.5889,17.1908,2.2443,-3.0382,40.67,On Head
259050,1.6376,8.6957,2.9090,14.4885,12.0458,7.9695,40.67,On Head
259100,2.0111,8.3270,2.2434,17.3282,8.4427,16.8397,40.91,On Head
259150,2.5594,8.8538,1.7837,20.3359,1.1145,9.8321,40.67,On Head
259200,3.4453,9.4092,1.0343,14.3206,1.9084,7.8779,40.72,On Head
259250,4.0342,9.4140,1.1779,4.5038,12.5191,3.8779,40.44,On Head
259300,3.8666,9.2320,1.7957,-0.5191,20.5191,-2.3359,40.72,On Head
259350,3.7254,8.7724,2.7988,-3.3588,19.3893,-7.6794,40.77,On Head
259400,3.7062,9.8426,2.6193,14.6565,13.9084,-17.4198,40.44,On Head
259450,3.8259,10.8601,1.9106,-0.4275,11.0992,-18.7634,40.53,On Head
259500,4.3646,12.5672,1.3455,-16.5344,26.8855,-14.4122,40.53,On Head
259550,3.5841,9.8258,2.9928,-64.6565,32.0916,-9.6641,40.77,On Head
259600,2.4995,6.1244,4.0199,-24.2748,22.2443,-17.6031,40.86,On Head
259650,1.8364,6.7804,1.5275,33.4656,30.4275,-8.3053,40.58,On Head
259700,1.2522,9.7252,-0.4764,34.5802,40.7176,3.3588,40.67,On Head
259750,0.9768,10.8457,-2.1261,24.1527,40.7939,10.5954,40.58,On Head
259800,1.8986,14.6453,-2.5570,-4.6412,42.4275,16.3359,40.86,On Head
259850,1.4748,12.5600,-0.2083,-7.3588,46.3359,14.1527,40.39,On Head
259900,1.6831,12.4666,0.9050,-3.0382,40.3511,12.7634,40.58,On Head
259950,1.4772,9.8857,1.0080,0.9618,41.0076,7.3588,40.72,On Head
260000,0.8763,7.9583,0.6728,8.2595,30.7786,15.8931,40.77,On Head
260050,1.7334,5.8059,0.6345,-1.3130,28.7176,25.6641,40.72,On Head
260100,0.3831,1.8603,0.9720,4.7786,16.4427,2.6718,40.95,On Head
260150,-0.7398,7.2832,5.2313,-36.3664,-45.4656,23.7557,40.67,On Head
260200,-0.1748,15.2367,4.0151,16.5649,24.5496,-4.1069,40.44,On Head
260250,1.5706,13.7379,4.0893,44.4580,9.9542,30.4733,40.58,On Head
260300,3.0909,13.2806,3.5817,-1.8015,-24.0000,8.6412,40.67,On Head
260350,3.5674,11.8082,2.5546,-3.7557,-36.0305,39.7710,40.72,On Head
260400,5.3271,9.6654,1.7789,-8.4122,-27.2061,31.8473,40.72,On Head
260450,3.8283,5.3463,1.7095,-0.6260,-12.0458,4.9924,40.53,On Head
260500,2.0734,5.1858,0.6847,10.7786,0.2748,-10.1374,40.72,On Head
260550,1.5060,3.0933,-0.8212,1.3435,7.2366,-9.8626,40.67,On Head
260600,2.8347,8.1379,2.2434,-68.6718,-15.7099,57.2214,40.86,On Head
260650,2.3822,14.2838,-0.2394,33.6794,88.1832,-38.7634,40.77,On Head
260700,1.6664,11.9854,2.2984,31.8931,20.7023,37.1756,40.67,On Head
260750,7.6231,13.4243,-1.1492,27.7557,10.2595,-11.4046,40.77,On Head
260800,4.2114,9.9671,0.7087,-12.0000,32.2443,-9.6031,40.77,On Head
260850,3.1388,8.6814,1.9058,-10.0000,22.7481,7.1145,40.67,On Head
260900,2.5666,6.1770,1.4964,-0.3206,22.5802,11.9084,40.67,On Head
260950,1.9513,5.5354,1.2378,6.7481,7.1298,1.7710,40.77,On Head
261000,0.1532,2.9329,1.7909,4.3664,-5.0076,-18.3969,40.67,On Head
261050,2.2170,6.7708,3.2561,-59.4656,-97.7710,38.2748,40.72,On Head
261100,1.7789,15.3540,5.2672,4.9160,-13.6336,-26.5496,40.67,On Head
261150,5.8538,14.7243,3.7158,36.8855,-9.3130,28.1374,40.72,On Head
261200,5.0350,11.0157,3.4955,-1.6794,1.1756,-7.1908,40.72,On Head
261250,3.1340,6.9719,2.9113,7.4198,-14.5191,-14.9313,40.86,On Head
261300,2.9281,7.6375,1.7693,17.0534,-29.7252,-6.1679,40.67,On Head
261350,2.6288,6.2106,1.3096,6.6565,-29.6031,-17.1908,40.67,On Head
261400,2.5091,6.0023,0.7063,1.8015,-15.2824,-15.7557,40.67,On Head
261450,3.7661,12.7755,0.1030,21.2824,17.3282,29.8168,40.58,On Head
261500,3.7804,9.5816,-1.1037,66.7176,20.6565,1.0076,40.67,On Head
261550,4.5610,12.9526,-2.2362,4.6565,3.9237,6.3359,40.58,On Head
261600,5.5474,13.9438,-2.1404,4.2137,6.3053,0.5038,40.72,On Head
261650,4.7118,11.5137,-0.9481,-27.6336,18.2290,-11.7252,40.91,On Head
261700,3.0622,8.5976,0.2921,-28.2290,21.1145,-3.3282,40.58,On Head
261750,2.5115,5.9759,1.1636,-18.1069,18.1832,-2.0763,40.72,On Head
261800,2.4995,5.8395,1.3216,-9.4046,12.9008,-21.2061,40.72,On Head
261850,1.5778,5.2840,0.9673,-3.6183,-7.3130,-16.5954,40.58,On Head
261900,1.8076,11.9519,2.3439,35.4046,-19.1298,4.1832,40.67,On Head
261950,1.8986,12.4091,3.0574,30.3053,-14.3206,-32.1527,40.72,On Head
262000,3.7804,13.3764,4.0606,-6.3817,-14.8855,23.8015,40.72,On Head
262050,3.8523,11.6334,3.5003,-0.0916,-22.6412,-10.9618,40.77,On Head
262100,2.8587,9.8761,1.9728,-4.0763,-28.9313,-31.4504,40.95,On Head
262150,1.6185,8.7843,1.3024,-3.3282,-16.9160,-14.0763,40.58,On Head
262200,1.4365,6.8307,1.1301,-9.5115,-20.0305,15.0076,40.53,On Head
262250,2.6073,6.1363,1.3695,-10.7939,-12.6718,9.8015,40.67,On Head
262300,2.4612,5.6719,0.9313,2.6107,-2.5954,-3.3588,40.72,On Head
262350,2.6647,12.6438,2.1117,13.2366,31.4809,-3.7099,40.53,On Head
262400,1.8435,13.9103,-0.8380,80.4122,41.3130,-10.8550,40.44,On Head
262450,4.7932,13.7427,-1.8052,43.4046,-4.3817,-1.7710,40.53,On Head
262500,3.3064,13.0460,-2.1835,13.2366,-0.2137,-32.2137,40.58,On Head
262550,2.4972,10.0030,-1.1588,-24.1832,-4.4733,-1.2824,40.91,On Head
262600,3.0670,8.1307,-0.2969,-39.1756,8.4580,-5.9847,40.72,On Head
262650,2.2362,6.3207,1.1325,-53.0992,17.8168,-14.8244,40.77,On Head
262700,1.2474,4.4053,2.6121,-35.0840,10.3359,-33.7405,40.44,On Head
262750,-0.5650,5.6623,4.9871,5.6794,-29.8015,-42.2748,40.95,On Head
262800,-1.5730,8.6933,0.8835,70.0153,-60.0611,-24.5954,40.67,On Head
262850,-2.6001,12.8257,3.0430,-2.5954,-159.1298,-5.6947,40.86,On Head
262900,0.0838,15.1505,2.1189,-84.1221,-156.6107,-59.0687,40.72,On Head
262950,-0.5626,11.2863,4.9919,-102.9160,-108.1527,-23.4046,40.67,On Head
263000,-2.3655,5.2864,4.6400,13.8473,-131.0992,-11.4198,40.67,On Head
263050,-0.0192,8.8538,1.0534,21.8168,-161.6183,-18.6107,40.72,On Head
263100,0.4525,10.0916,0.4357,-1.5115,-144.4886,-33.7710,40.72,On Head
263150,0.1700,10.8218,0.6943,-7.4656,-137.2214,-2.7481,40.53,On Head
263200,1.3048,9.6199,1.4748,-20.8855,-121.1603,6.6718,40.72,On Head
263250,1.1851,9.3613,2.1907,-17.1908,-110.0458,-7.9542,40.44,On Head
263300,-0.1293,9.1363,3.3567,-15.2061,-113.8168,-9.5878,40.39,On Head
263350,-0.6416,9.3518,2.9760,10.8092,-133.3130,-12.2137,40.58,On Head
263400,-0.2227,11.3102,1.8603,0.7328,-144.7939,-7.2366,40.44,On Head
263450,0.2873,10.4220,1.9417,-7.1908,-137.9695,2.8397,40.72,On Head
263500,0.7254,10.5967,2.3607,-18.8244,-132.5496,2.2748,40.67,On Head
263550,0.2777,9.2416,2.8395,-17.8015,-128.5038,-1.7099,40.67,On Head
263600,0.8356,9.3877,1.9130,-8.5496,-128.5802,0.7786,40.58,On Head
263650,1.5610,9.3996,1.7262,-23.7710,-117.5725,-5.9847,40.44,On Head
263700,1.3001,9.1123,2.1739,-5.4656,-102.0763,-6.7328,40.95,On Head
263750,1.3312,10.2280,1.7957,4.9466,-85.0076,-7.3130,40.53,On Head
263800,0.9649,9.7779,2.0853,5.2061,-76.4885,-0.5802,40.86,On Head
263850,1.5179,10.7571,1.4868,10.4733,-67.2519,15.8626,40.58,On Head
263900,1.7933,9.9311,0.6943,7.5573,-65.1756,17.8015,40.44,On Head
263950,1.3408,9.8450,-0.3807,4.1221,-57.4198,5.8473,40.86,On Head
264000,0.7542,10.6805,-1.0271,7.2672,-57.1145,1.7863,40.58,On Head
264050,0.7973,10.6949,-1.2522,-16.8855,-62.2901,9.7099,40.77,On Head
264100,2.5642,9.3182,-0.7326,-19.6794,-66.8244,30.1221,40.58,On Head
264150,3.6847,8.7245,-0.6728,-20.0763,-52.8244,-1.0840,40.44,On Head
264200,2.7988,9.0644,-0.5459,-26.9924,-34.6107,-16.0000,40.67,On Head
264250,1.9992,8.9878,0.3112,-27.6641,-34.1527,2.1832,40.72,On Head
264300,2.5379,8.4683,0.4573,-12.3511,-36.3053,-5.5725,40.58,On Head
264350,2.7821,10.1849,0.1915,-14.5954,-25.2977,-11.4198,40.67,On Head
264400,2.8898,8.4898,3.1556,-32.9008,-13.5573,-18.0611,40.58,On Head
264450,0.8739,10.1730,0.9984,75.2061,10.6718,-6.3053,40.44,On Head
264500,2.1476,13.7954,-1.3910,8.2137,-34.0611,22.6260,40.77,On Head
264550,2.8778,10.2328,-0.2298,-23.8626,-38.1069,12.6412,40.53,On Head
264600,3.3806,11.0947,0.0958,-6.7481,-54.1985,9.9237,40.58,On Head
264650,2.8443,5.6120,-0.2729,-38.3664,-50.0305,-26.1374,40.58,On Head
264700,-0.8787,10.5153,4.1156,-56.7634,-51.2977,-0.5191,40.53,On Head
264750,-0.1772,10.3932,3.5817,19.0076,-49.5573,-2.2748,40.58,On Head
264800,1.9058,12.2392,2.4157,10.0458,-43.6183,27.9542,40.91,On Head
264850,2.9784,10.8050,2.7078,-8.8702,-8.8855,21.6489,40.53,On Head
264900,1.5251,11.5520,1.4748,15.7252,-16.0916,17.9389,40.39,On Head
264950,2.5091,8.8657,0.5842,-11.4046,-12.3664,23.5878,40.95,On Head
265000,2.1069,6.7277,0.5674,-0.6565,2.8702,-14.5954,40.44,On Head
265050,2.1284,8.8538,1.1085,-3.8473,-3.3130,19.7405,40.72,On Head
265100,4.2737,3.2370,-0.9457,-18.1069,-15.2061,21.8779,40.53,On Head
265150,4.9249,12.1314,-2.0734,-10.3206,-16.5191,10.2595,40.67,On Head
265200,3.0885,13.5871,-0.7542,-37.3282,2.5191,4.5344,40.39,On Head
265250,3.7086,12.3541,0.0215,-27.9542,4.7481,0.9771,40.72,On Head
265300,3.4500,10.4291,0.2825,-18.7939,16.6260,0.5191,40.67,On Head
265350,2.9161,8.1762,1.0295,-28.9466,24.8397,1.6947,40.67,On Head
265400,0.7949,5.9496,1.7190,-10.7634,23.4809,-9.7710,40.58,On Head
265450,-1.0678,2.2601,1.2426,4.6870,-8.9924,-15.8321,40.72,On Head
265500,0.4046,15.3468,1.9201,40.2443,-1.0534,47.7252,40.58,On Head
265550,4.3144,10.4651,2.1284,100.6260,29.4046,-12.2901,40.53,On Head
265600,2.5522,13.5919,1.0630,22.9466,-33.8473,-17.9847,40.39,On Head
265650,4.3910,13.5536,1.5897,-51.8321,-5.0229,-10.9466,40.72,On Head
265700,1.1660,9.1698,4.0031,-31.0840,-7.5725,-1.0992,40.72,On Head
265750,1.7645,8.2528,2.5187,1.5878,-9.7099,3.4351,40.53,On Head
265800,2.0901,6.9360,0.8308,20.2290,12.4427,2.3664,40.53,On Head
265850,0.2298,3.3806,-0.2753,1.0840,19.1908,-16.8092,40.77,On Head
265900,0.4310,17.4082,-2.7533,71.5725,65.7710,44.1679,40.53,On Head
265950,2.8635,11.6741,-0.9840,45.6489,62.4275,-14.7939,40.53,On Head
266000,3.1723,10.6350,-0.2394,5.3893,13.5115,15.2366,40.39,On Head
266052,4.3574,12.4355,-0.0024,-31.4962,28.8702,-19.6947,40.72,On Head
266102,1.7334,9.7061,0.6967,6.4580,15.6031,-6.7176,40.44,On Head
266152,2.4684,10.5153,-0.0838,-22.8550,18.1832,8.0763,40.58,On Head
266202,1.6999,6.2896,1.5251,-14.6718,15.7710,3.4962,40.44,On Head
266252,1.3647,6.6631,1.4317,5.5420,5.7252,-19.3588,40.53,On Head
266302,-0.8045,4.4819,1.9728,0.6870,-11.4809,-18.7634,40.58,On Head
266352,2.0279,4.2138,2.0638,-73.0992,-85.5267,18.2137,40.67,On Head
266402,-1.4030,12.3277,5.2289,-37.7557,-24.1832,-5.5573,40.72,On Head
266452,2.7629,13.5679,2.8994,40.3969,-0.8397,7.2977,40.44,On Head
266502,1.3192,12.5983,2.1763,8.1527,0.4427,-27.7252,40.77,On Head
266552,0.7997,9.9144,1.1947,23.3588,-20.5802,7.2366,40.67,On Head
266602,2.8563,8.3606,-0.1389,1.8168,-24.4580,9.2824,40.39,On Head
266652,1.4293,6.7612,0.7159,-5.5115,-18.4122,-17.3893,40.53,On Head
266702,1.0247,7.9272,1.0870,-12.2137,-19.0534,1.0076,40.58,On Head
266752,2.8467,9.4691,1.2641,-4.4733,-6.8855,20.2901,40.72,On Head
266802,4.1659,0.9313,-0.7278,-90.3817,-23.8779,-20.5496,40.72,On Head
266852,0.0910,13.6278,1.5562,3.9084,-12.1374,26.6870,40.67,On Head
266902,3.9552,13.4051,-0.8068,3.9389,5.1298,-20.1069,40.67,On Head
266952,1.7909,12.3613,-0.5483,-12.2595,28.9924,-22.0763,40.44,On Head
267014,2.0087,9.0381,0.1389,-31.0534,41.1450,6.7023,40.72,On Head
267064,2.0758,8.7580,1.3791,-42.7939,62.0916,2.8244,40.53,On Head
267114,1.5395,6.0382,2.7701,-42.8092,64.0000,-0.7939,40.53,On Head
267164,1.8890,7.4891,2.5067,-3.9542,70.5191,4.4580,40.39,On Head
267214,2.6097,7.9392,1.5395,19.2824,90.9008,4.7939,40.67,On Head
267264,0.5626,9.2129,1.6664,41.8626,105.3130,12.1832,40.67,On Head
267314,3.4357,6.3853,0.8643,-28.5496,67.3282,18.9924,40.44,On Head
267364,-0.7302,14.8608,2.4924,15.6031,98.2443,-9.0229,40.72,On Head
267414,-1.5538,11.5137,3.1580,10.9008,98.0916,-9.4962,40.58,On Head
267464,-1.2833,10.9654,1.9441,32.4427,81.2061,0.1679,40.72,On Head
267514,0.7230,8.7149,0.8404,19.5878,72.2137,15.4656,40.58,On Head
267564,1.8411,9.0525,0.2514,27.4962,83.8779,16.0763,40.67,On Head
267614,1.6448,8.7197,0.2155,-1.1603,120.4733,15.3588,40.77,On Head
267664,-0.2514,9.5313,1.4245,11.5420,119.4504,27.8626,40.58,On Head
267714,1.4796,9.1459,1.3671,15.0687,124.8855,50.2443,40.58,On Head
267764,2.1548,7.8817,2.4636,23.8626,96.7481,6.1679,40.44,On Head
267814,2.6504,9.6750,0.6776,14.7023,101.6489,-15.0992,40.58,On Head
267864,0.7614,8.9184,1.0894,8.2748,102.8855,22.3969,40.39,On Head
267914,1.3743,10.6374,0.3496,30.8092,91.0076,43.8779,40.39,On Head
267964,4.2569,10.6805,-1.0894,54.3359,76.3664,51.6336,40.67,On Head
268014,5.5067,11.3078,-3.0406,36.5954,78.1527,20.8855,40.53,On Head
268064,4.9081,10.7787,-3.6512,40.6565,96.4885,-7.8321,40.72,On Head
268114,4.0582,10.7835,-3.7230,10.8702,114.8550,-15.1145,40.44,On Head
268164,4.1084,9.2512,-2.4062,-17.2977,136.1221,-6.4733,40.53,On Head
268214,3.3806,7.2975,-0.5555,-15.6183,144.2443,-11.1145,40.53,On Head
268264,2.8635,7.1802,0.0335,7.1908,149.7710,-7.6641,40.72,On Head
268314,2.3128,7.1371,0.0479,20.4580,146.2443,-3.8015,40.67,On Head
268364,1.7717,9.5529,-0.4022,52.1985,126.7939,-3.6489,40.58,On Head
268414,1.8818,11.8848,-1.6496,33.6183,106.2137,-0.7023,40.67,On Head
268464,2.8635,11.7843,-1.2785,-1.3282,92.7328,13.7252,40.67,On Head
268514,3.6057,10.7212,-0.2322,-9.3893,82.9008,6.5954,40.39,On Head
268564,3.7230,10.4986,0.0838,-5.1145,82.9008,-4.3817,40.77,On Head
268614,2.7964,10.2017,1.1229,-7.4656,77.8321,3.2366,40.53,On Head
268664,2.2458,8.7221,1.8747,-8.3664,63.3740,9.6794,40.58,On Head
268714,0.2083,8.5665,2.7557,12.9313,51.9695,-3.8473,40.44,On Head
268764,0.4717,9.5744,2.8635,1.4504,39.4351,4.9313,40.53,On Head
268814,0.4238,9.4308,3.7757,-11.9542,37.1450,4.5802,40.67,On Head
268864,0.0311,9.0190,3.7110,9.2061,27.2824,-6.6260,40.58,On Head
268914,0.9170,11.0780,2.7366,17.5267,24.3969,9.2061,40.58,On Head
268964,1.3982,10.1251,2.7701,15.3130,19.6336,7.7863,40.44,On Head
269014,2.2410,10.6757,1.8579,15.0229,5.9542,6.9008,40.72,On Head
269064,2.6552,10.6542,1.2881,-0.1374,9.4351,1.4504,40.53,On Head
269114,1.9944,9.6271,2.2218,-12.1374,12.7176,2.7328,40.53,On Head
269164,1.5251,8.6598,2.5402,11.1450,11.5420,-4.8550,40.58,On Head
269214,1.6735,6.7852,1.7430,-5.3893,22.1679,-6.6412,40.72,On Head
269264,3.1173,13.0484,-0.4717,5.0840,89.2977,17.5725,40.67,On Head
269314,0.2682,10.9846,0.6943,92.9618,61.8626,50.8397,40.39,On Head
269364,6.2417,9.8330,-1.9273,16.8550,25.4504,12.0611,40.72,On Head
269414,3.5027,11.4898,-0.7278,-15.8473,42.1069,-7.5573,40.39,On Head
269464,2.4732,11.3605,-0.2370,-2.5954,11.8015,10.4275,40.39,On Head
269514,2.4229,10.2520,-0.1844,-15.0229,19.1603,-5.0382,40.67,On Head
269564,2.0423,8.5090,1.0056,-17.8931,23.1450,12.5954,40.95,On Head
269614,2.0087,7.2640,1.6113,-2.9008,15.1450,11.3740,40.86,On Head
269664,2.9784,9.7396,1.5993,14.3053,8.1832,-1.5725,40.53,On Head
269714,1.4222,7.4531,1.5730,9.7710,-1.0840,-4.6412,40.58,On Head
269764,3.9217,15.6820,0.8954,52.0000,7.3435,20.7786,40.72,On Head
269814,2.0566,9.0597,2.4277,45.2672,1.8321,-20.1069,40.72,On Head
269864,3.6536,11.1187,1.5778,-10.0916,-14.5496,5.9389,40.58,On Head
269914,3.4524,10.5225,1.8675,-42.1221,-3.4046,-21.9237,40.53,On Head
269964,1.3264,10.9583,2.1476,-10.1985,-9.0229,-34.8702,40.86,On Head
270014,0.4717,10.2855,1.8890,-8.8855,-8.6260,-7.8626,40.58,On Head
270064,1.0750,8.4467,2.2314,-7.6183,-13.5115,33.5115,40.44,On Head
270114,2.7078,7.9416,2.4684,-3.3588,-19.4962,9.4809,40.77,On Head
270164,1.6999,7.6974,2.0901,-4.2290,-10.7481,-5.2824,40.67,On Head
270214,2.9616,13.2615,2.4900,10.5954,-9.1756,37.9542,40.72,On Head
270264,4.9584,3.5817,-1.6400,-38.3359,-8.6412,-5.8779,40.39,On Head
270314,1.6448,11.1618,-0.0072,-42.9008,-47.6641,-3.5115,41.05,On Head
270364,4.0151,13.6446,-0.7661,-7.8626,-15.7252,12.8550,40.67,On Head
270414,2.7342,12.0189,0.0742,-12.1527,13.5267,5.2977,40.67,On Head
270464,2.6360,9.9407,-0.0599,5.9542,14.7481,-6.3053,40.44,On Head
270514,2.0470,8.4827,0.3208,-5.9542,19.6031,-6.0763,40.67,On Head
270564,1.7358,7.3143,0.7135,-10.7634,18.1832,3.5115,40.72,On Head
270614,0.9218,7.6471,1.5083,0.7939,12.1832,2.8244,40.67,On Head
270664,0.5626,7.2401,1.4557,10.5191,-4.6412,-1.2366,40.58,On Head
270714,5.3391,24.2628,2.5307,53.5267,-18.7634,61.3588,40.39,On Head
270764,3.2992,11.3749,2.2003,52.5649,-18.3359,-11.0229,40.53,On Head
270814,3.5865,12.3517,1.1588,-46.3817,-29.8931,-0.3359,40.72,On Head
270864,2.0710,10.1897,2.3655,-33.4656,-24.2748,-16.5649,40.77,On Head
270914,1.4245,9.1099,2.0853,-13.5878,-11.3588,17.3435,40.58,On Head
270964,2.4948,6.9288,1.7095,2.8092,-10.7481,28.1679,40.53,On Head
271014,3.1675,6.8738,1.4269,9.0840,-14.8702,10.2595,40.53,On Head
271064,3.2441,7.1826,1.1803,7.1908,-12.2901,1.4504,40.67,On Head
271114,3.2106,9.4164,1.6999,2.0305,-1.8168,1.8015,40.39,On Head
271164,2.9928,9.6845,1.3168,3.6947,9.2672,3.4198,40.67,On Head
271214,6.3758,19.5247,-0.5028,30.1679,58.9771,20.7176,40.39,On Head
271264,1.8866,9.9168,-0.9984,41.8779,73.8473,-45.4656,40.39,On Head
271314,-0.6943,11.2384,-0.8380,49.4046,44.7786,8.6260,40.86,On Head
271364,3.4955,11.3006,-1.1564,2.0611,9.3130,26.4275,40.58,On Head
271414,2.7461,8.3438,-0.0766,-7.1603,12.9008,-1.0840,40.58,On Head
271464,3.1388,8.7317,-0.0407,-18.9313,-5.9084,-0.8397,40.53,On Head
271514,3.7038,7.9559,0.7063,-22.9618,5.5267,-1.3893,40.53,On Head
271564,3.2370,7.8075,1.1708,-13.0229,7.5725,9.1756,40.44,On Head
271614,3.4788,7.5896,1.2546,-9.2061,8.0153,0.9618,40.58,On Head
271664,2.9401,8.7508,0.9649,5.8931,7.6489,-9.2519,40.53,On Head
271714,2.1476,9.9934,0.5315,6.7023,-1.5878,-20.0000,40.67,On Head
271764,1.1588,9.3613,0.9936,0.7176,-12.3359,-10.3511,40.67,On Head
271814,1.4174,10.8362,5.1044,-33.5115,-60.1527,-10.0305,40.72,On Head
271864,2.1237,14.1737,2.2625,32.8244,-3.6641,-27.0229,40.25,On Head
271914,2.4301,8.9471,2.5067,7.9847,-4.5191,-22.1832,40.34,On Head
271964,1.8028,8.4156,2.9066,-6.6412,-11.0229,-16.9008,40.44,On Head
272014,1.5060,7.5944,3.1196,-1.8168,-24.6412,-13.0534,40.39,On Head
272064,1.1444,9.1506,2.6073,9.8931,-39.1603,-15.3130,40.44,On Head
272114,1.4676,9.3470,1.7502,3.5420,-51.5267,-17.2824,40.67,On Head
272164,1.2186,8.6766,1.5730,-4.9008,-47.7863,-17.0382,40.34,On Head
272214,0.9242,9.4523,1.6759,1.8473,-45.4656,-8.4122,40.53,On Head
272264,2.1428,11.7867,-0.7757,2.6870,-22.6718,-8.8244,40.53,On Head
272314,0.7805,11.0804,1.8220,-58.0916,-13.2519,18.8550,40.72,On Head
272364,3.2178,12.7084,4.0845,-17.6489,-24.5496,47.0992,40.67,On Head
272414,4.5370,9.0525,1.7358,-16.3817,-23.4046,4.4122,40.72,On Head
272464,2.4421,8.5473,0.5698,4.7481,-34.7786,-25.8473,40.53,On Head
272514,0.8643,7.8961,-0.6943,5.0992,-36.1832,-44.1069,40.72,On Head
272564,0.3687,10.2783,0.2466,-10.8244,-39.9847,-4.0763,40.53,On Head
272614,1.2282,9.8330,0.0096,1.3740,-37.6641,-25.9695,40.39,On Head
272664,-0.0503,10.9702,0.0694,-0.8855,-36.7481,-16.5802,40.53,On Head
272714,0.3807,9.4116,0.2945,-7.0992,-43.9847,-13.4198,40.44,On Head
272764,0.2945,9.5098,0.4166,-6.6565,-55.9695,-19.3893,40.58,On Head
272814,0.1915,9.1889,0.4046,-6.4580,-63.5725,-17.0687,40.44,On Head
272864,-0.3831,8.9376,0.1532,2.5191,-80.0916,-22.0458,40.58,On Head
272914,-0.6704,9.7588,-0.2203,8.6260,-94.3511,-31.8626,40.67,On Head
272964,-1.3048,9.8952,-0.0551,18.2137,-113.5115,-34.5802,40.72,On Head
273014,-1.5490,12.4810,-0.6560,14.7176,-138.8855,-25.6336,40.67,On Head
273064,-0.7997,10.7907,-0.4884,-1.8321,-140.3664,-10.9313,40.95,On Head
273114,-0.1149,9.7995,-0.1844,-1.0382,-132.9160,-0.2595,40.67,On Head
273164,0.7159,9.6414,0.0886,-9.1908,-117.4046,0.2901,40.53,On Head
273214,0.4190,9.2225,0.9720,-16.3817,-98.8702,-3.9237,40.67,On Head
273264,-0.7230,9.5026,2.0470,-24.8550,-90.9008,-26.5344,40.77,On Head
273314,-2.5929,9.1722,3.0885,-13.0076,-97.1756,-35.3893,40.77,On Head
273364,-2.9018,8.8083,2.3248,10.3053,-106.2595,-9.3740,40.53,On Head
273414,-1.7023,8.9615,1.3910,25.7710,-112.1527,16.8550,40.44,On Head
273464,-0.7709,10.6087,0.9170,20.9771,-118.8244,9.1908,40.39,On Head
273514,-0.4980,11.9040,0.7278,15.6794,-113.7710,-7.5725,40.53,On Head
273564,-0.8523,11.8728,0.7494,6.1069,-101.5878,-4.2443,40.58,On Head
273614,-0.9242,9.9216,1.0487,-4.1069,-86.6870,8.0763,40.44,On Head
273664,-0.2801,8.4396,1.4485,1.9084,-75.8779,20.6107,40.77,On Head
273714,-0.4884,8.5976,1.6975,20.1374,-77.2366,9.0992,40.77,On Head
273764,-0.0503,10.5297,1.1827,20.8244,-83.1298,12.4122,40.67,On Head
273814,0.4286,10.6949,0.9026,16.1374,-83.1145,10.3664,40.53,On Head
273864,0.4357,10.3094,0.7326,6.1985,-78.6870,4.7176,40.53,On Head
273914,0.5363,9.4140,0.8835,2.4885,-71.6031,9.0992,40.58,On Head
273964,0.5435,9.2416,0.9409,6.1374,-59.5267,6.2748,40.34,On Head
274014,0.3519,9.8210,1.0056,3.8931,-48.7786,2.0763,40.53,On Head
274064,0.0646,10.4004,1.2163,-2.8397,-35.6336,-2.9466,40.39,On Head
274114,-0.3759,10.9415,1.6472,-3.9695,-26.5496,5.6947,40.39,On Head
274164,-1.0104,10.2951,0.9960,13.5115,-26.4122,6.3359,40.58,On Head
274214,-0.7374,9.9000,0.0335,1.7557,-30.0305,13.8168,40.53,On Head
274264,-0.1101,9.2153,-0.6728,3.8779,-27.3435,27.9847,40.58,On Head
274314,1.1037,9.4834,-0.9960,-3.3130,-24.3511,32.5344,40.44,On Head
274364,0.9888,9.3039,-0.5028,-2.4427,-18.1527,36.9008,40.39,On Head
274414,1.2426,9.9671,-2.0566,21.6794,-27.6641,1.8473,40.58,On Head
274464,1.0870,10.9104,-2.5379,8.6260,-22.8550,-4.4733,40.67,On Head
274514,1.2043,10.3070,-2.4157,-3.3130,-16.1221,-6.6870,40.67,On Head
274564,1.6017,9.1961,-1.5921,-18.1221,-10.0763,-0.4885,40.67,On Head
274614,2.0877,8.7221,-1.0846,-11.0076,1.5115,-10.5496,40.86,On Head
274664,1.4293,9.3518,-1.0367,-7.8321,12.0611,-20.7634,40.44,On Head
274714,0.9553,9.8952,-1.0008,-10.2290,15.2519,-25.3588,40.53,On Head
274764,0.4453,10.2232,-0.9529,-9.9237,14.9924,-22.5344,40.72,On Head
274814,-0.0192,10.0580,-0.6033,-13.7252,12.7176,-13.9695,40.67,On Head
274864,0.2466,10.0628,-0.5842,-13.8931,5.2061,-3.8168,40.67,On Head
274914,0.4884,9.5936,-0.5100,-14.6718,5.7863,0.1221,40.67,On Head
274964,-0.3639,11.2432,-0.7805,-12.8397,10.4733,19.6031,40.39,On Head
275014,0.1844,10.1993,-0.3472,-24.8244,7.2672,57.2061,40.44,On Head
275064,0.8811,9.5624,0.1484,-14.5802,16.5191,55.5420,40.58,On Head
275114,3.1987,11.1139,0.6369,-28.7023,-3.9084,49.5115,40.58,On Head
275164,2.8587,10.0963,0.5626,-25.3130,6.7634,-10.8550,40.58,On Head
275214,1.0894,8.6981,1.3384,-32.7634,14.0763,-49.2977,40.44,On Head
275264,-0.6632,8.6000,2.0638,-20.3511,26.8092,-21.5573,40.91,On Head
275314,-0.4405,8.7652,2.9999,-33.2824,26.5496,23.6947,40.67,On Head
275364,0.3160,9.9216,3.9935,-17.6489,25.5420,12.1985,40.39,On Head
275414,0.3376,10.9535,3.6703,0.2443,26.5038,2.1221,40.58,On Head
275464,0.1700,9.1291,3.6200,-6.3359,22.3664,-0.3206,40.44,On Head
275514,0.0551,8.5497,3.1196,18.8702,13.5725,16.7939,40.72,On Head
275564,1.7789,9.2009,1.9321,19.3588,4.3817,32.7481,40.39,On Head
275614,2.0686,9.1506,2.5738,-13.7252,10.1679,35.2061,40.53,On Head
275664,1.4293,8.1858,2.8084,12.0916,4.6718,17.6031,40.58,On Head
275714,1.6496,10.2831,2.2769,14.6412,4.4275,13.6183,40.53,On Head
275764,1.9441,9.9886,1.7789,19.5420,13.7405,17.2824,40.44,On Head
275814,4.2210,16.3213,0.8164,39.4962,27.1908,46.3053,40.58,On Head
275864,4.1372,11.9686,1.3048,16.5649,42.2748,30.6260,40.39,On Head
275914,2.6600,7.7021,-0.1365,46.9160,17.4198,5.2366,40.67,On Head
275964,2.2386,6.5625,-2.1668,19.3588,19.0382,-7.8779,40.58,On Head
276014,2.0207,8.3007,-0.2251,-32.6565,6.0458,25.4809,40.39,On Head
276064,3.1987,9.6079,-0.5914,14.9160,-1.0534,-19.2519,40.67,On Head
276114,2.3343,13.8505,-1.6400,-8.3969,-7.4351,-31.7863,40.53,On Head
276164,1.6759,9.9599,1.1109,-32.5954,-29.6489,-8.4580,40.58,On Head
276214,2.0470,7.2927,0.6560,-6.2595,-28.8550,-35.6031,40.58,On Head
276264,0.5578,7.9942,0.2514,-1.6641,-15.2824,-22.0916,40.34,On Head
276314,1.1803,7.7788,0.0766,-6.4122,-20.5191,6.3817,40.58,On Head
276364,1.8220,9.4284,0.2466,6.0763,-16.4275,1.7405,40.77,On Head
276414,2.1261,15.0930,-1.7238,0.1527,-32.3511,13.3740,40.58,On Head
276464,4.5514,11.3174,0.0263,-58.7176,-38.3511,-5.3130,40.53,On Head
276514,2.9832,9.1147,1.0487,-14.5496,-5.3893,-10.4275,40.72,On Head
276564,1.0127,8.7891,1.5083,-7.4656,-10.6870,-9.9542,40.44,On Head
276614,1.3910,10.8481,0.7829,14.0305,-13.7557,0.0458,40.58,On Head
276664,1.2594,9.1219,2.1644,-40.3664,-24.7481,-10.7176,40.53,On Head
276714,0.8835,7.8266,2.0423,17.2977,-33.0687,9.2214,40.39,On Head
276764,1.5802,9.1411,0.2514,22.8092,-27.9389,-1.2061,40.53,On Head
276814,1.4964,9.9934,0.8930,-24.7176,-12.7328,-20.3359,40.72,On Head
276864,-0.8691,11.3485,4.5466,-44.5038,-16.2443,-9.7557,40.67,On Head
276914,0.6321,9.0285,2.0183,37.9084,-36.3817,7.7405,40.72,On Head
276964,3.8283,10.1514,-2.3080,39.5420,-33.3588,18.9924,40.58,On Head
277014,2.3176,7.9607,-1.1372,-44.3053,-8.8092,-27.6947,40.58,On Head
277064,-0.7254,9.5170,2.1141,-13.8779,-12.5954,-16.5954,40.58,On Head
277114,1.1013,11.9614,1.3192,-3.7099,-18.5496,11.4809,40.25,On Head
277164,2.4565,13.0676,2.0638,3.8473,-6.3511,22.6107,40.44,On Head
277214,1.9130,10.5776,3.0311,-21.0229,-8.3053,-24.1069,40.72,On Head
277264,-0.1006,8.4970,2.0997,2.0153,-25.9847,-21.9847,40.53,On Head
277314,0.1700,7.4388,0.5578,-1.8473,-40.7634,5.8168,40.72,On Head
277364,2.4732,9.8162,-1.3743,28.1069,-31.2366,17.1756,40.72,On Head
277414,3.2561,11.3677,-0.6823,-23.9542,-10.9160,0.9466,40.72,On Head
277464,2.3631,11.5855,0.7709,-10.7023,-7.3740,1.7710,40.67,On Head
277514,1.9178,7.9607,1.6592,-38.4427,3.8168,-21.0534,40.44,On Head
277564,-1.1037,4.6615,2.6552,-13.7557,4.8244,-37.3588,40.58,On Head
277614,-0.0886,11.0899,1.1684,32.1985,-9.5420,19.6641,40.44,On Head
277664,1.0008,14.2096,1.6352,-7.6947,-8.7786,-10.9313,40.58,On Head
277714,-0.7805,12.5480,1.8364,38.3053,-27.9389,5.8168,40.72,On Head
277764,1.4461,9.0501,-0.0287,11.0687,-41.4504,1.0687,40.67,On Head
277814,0.1867,7.4962,0.3543,1.3740,-29.7863,-6.6412,40.34,On Head
277864,1.3551,7.2688,0.9577,-9.2824,-35.0076,17.8015,40.67,On Head
277914,2.2051,9.1578,-0.0958,35.8015,-24.8855,6.6412,40.67,On Head
277964,1.9776,12.1841,-1.5083,5.8626,-17.3740,11.2824,40.67,On Head
278014,2.3391,12.2344,-1.1157,-2.9160,-39.2519,20.3511,40.53,On Head
278064,3.2825,9.5122,-1.4964,-10.3359,-25.1450,-13.4198,40.44,On Head
278114,0.9481,8.3749,0.4381,-45.8473,-4.2290,-8.6718,40.44,On Head
278164,0.6752,8.8992,1.2115,-3.5115,-13.2519,-1.0382,40.67,On Head
278214,2.1668,11.6789,0.0934,-14.7939,-15.3740,5.2519,40.58,On Head
278264,2.0734,11.8728,0.5914,-10.7176,-15.9542,4.1832,40.72,On Head
278314,2.6169,9.1674,0.2801,-25.4809,-36.8397,-30.1221,40.67,On Head
278364,0.1676,9.3733,0.8068,-12.5344,-32.3053,-32.2901,40.72,On Head
278414,0.2011,7.9559,1.1301,-23.7405,-42.5344,-24.7023,40.72,On Head
278464,0.0000,6.8019,0.7661,13.2824,-36.6565,-29.0992,40.53,On Head
278514,-2.0566,7.7572,0.4214,40.4275,-57.2061,-34.8702,40.53,On Head
278564,-0.7614,15.6581,-0.1748,-16.0763,-64.0000,8.3664,40.53,On Head
278614,0.1676,12.5313,2.6312,-31.4351,-56.6107,15.6336,40.67,On Head
278664,0.3543,10.0820,2.1835,-5.6947,-55.6794,-16.3053,40.72,On Head
278714,0.0407,8.4707,1.2546,-2.0458,-57.4046,-7.4046,40.25,On Head
278764,0.0192,7.4053,-0.8930,30.1832,-55.7099,-22.6107,40.53,On Head
278814,-0.6656,11.9351,-1.5874,-34.3359,-33.9847,23.0229,40.58,On Head
278864,1.9728,11.6215,1.5467,-69.7252,-16.9160,54.9771,40.58,On Head
278914,3.5913,11.7723,3.5003,-70.3817,27.2977,41.0229,40.67,On Head
278964,2.4181,9.9958,4.5801,-50.8550,66.9466,43.1756,40.53,On Head
279014,2.0446,7.7285,4.4843,-26.9924,72.3053,29.4809,40.44,On Head
279064,1.2354,6.7014,3.5937,1.7710,65.2366,33.9847,40.77,On Head
279114,1.6544,7.4531,3.2465,9.6031,42.2137,36.8244,40.72,On Head
279164,3.4046,11.6167,3.0909,12.0458,49.7710,32.8092,40.77,On Head
279214,2.0925,8.5569,3.8690,7.8473,44.2748,15.1603,40.53,On Head
279264,2.8922,11.3988,2.4995,23.4046,40.7939,16.0305,40.44,On Head
279314,1.8507,9.1770,1.8292,28.2137,38.4427,-16.6718,40.06,On Head
279364,0.7901,8.8346,1.4533,4.5496,37.0076,-16.5496,40.67,On Head
279414,0.8499,8.4922,1.5060,-8.1374,38.6718,-3.5267,40.44,On Head
279464,1.5036,10.2663,1.2258,-26.0458,47.3588,6.0458,40.39,On Head
279514,0.9840,10.7188,3.3184,-10.5802,23.3435,11.0382,40.39,On Head
279564,3.2465,12.6773,2.5379,12.0153,26.0611,9.2061,40.67,On Head
279614,1.2282,9.1363,2.5666,32.7023,23.1908,-4.3511,40.67,On Head
279664,0.6608,8.7388,0.8140,39.1603,7.3740,3.9389,40.53,On Head
279714,1.9992,7.1539,1.1396,-13.6489,-6.1985,23.3893,40.53,On Head
279764,3.2465,6.7564,0.9361,19.2366,-10.9466,-2.6718,40.58,On Head
279814,3.4524,10.1323,-0.0694,7.0382,5.6794,-24.0305,40.44,On Head
279864,0.4477,11.4515,0.2753,47.5115,-2.4122,-14.1221,40.58,On Head
279914,-1.5921,11.7986,2.3463,50.3206,-90.4427,5.9084,40.58,On Head
279964,2.5187,11.1881,-0.4046,39.2672,-91.0687,30.4886,40.67,On Head
280014,2.1835,9.0022,-0.4094,3.5878,-91.4198,26.4580,40.67,On Head
280064,2.6647,7.9847,-1.1181,20.6260,-106.3053,21.2977,40.72,On Head
280114,4.1755,8.6048,-2.2793,2.7328,-72.1527,20.1221,40.77,On Head
280164,4.6759,10.1993,-1.9585,10.5344,-38.6870,24.7328,40.58,On Head
280214,5.4277,10.2735,-2.6121,9.4504,-8.6412,9.4046,40.39,On Head
280264,3.8403,10.8242,-2.0423,-9.7252,7.6336,15.7557,40.53,On Head
280314,3.2944,9.3541,-0.6680,-26.4580,25.0992,3.1603,40.39,On Head
280364,2.2482,9.3565,0.4405,-13.9084,15.1908,-5.7405,40.44,On Head
280414,2.3750,9.8114,0.3352,-12.4733,10.9160,-14.5954,40.53,On Head
280464,2.0423,9.8426,0.5914,-6.6718,8.2901,-19.5725,40.44,On Head
280514,1.9680,8.2911,0.0383,9.4809,25.9847,5.8779,40.53,On Head
280564,2.9401,9.0549,-1.6999,0.4427,31.7710,-17.4656,40.72,On Head
280614,3.6129,10.5034,-2.6217,-48.7634,72.8397,-20.8397,40.58,On Head
280664,2.6169,11.9207,-1.9656,-92.6412,169.8168,2.9924,40.34,On Head
280714,-0.5315,9.6486,3.3998,-102.8550,186.7939,18.2137,40.77,On Head
280764,0.0407,8.0134,5.6120,-29.8015,135.9084,-0.4733,40.44,On Head
280814,-0.6704,9.7324,5.1092,-7.6947,84.6870,7.5115,40.86,On Head
280864,0.5626,8.1116,4.8435,0.9618,32.1069,19.0687,40.44,On Head
280914,1.8196,8.0541,3.5985,15.9389,4.6260,9.1298,40.25,On Head
280964,1.9776,8.5593,3.2489,8.7176,-8.5954,6.2443,40.53,On Head
281014,3.1077,11.4994,4.1252,-9.4809,-16.9771,13.3740,40.44,On Head
281064,2.9281,10.2783,3.3806,27.7557,-12.0000,3.2061,40.39,On Head
281114,2.8323,8.7388,2.2984,19.6947,-5.1145,-13.4046,40.58,On Head
281164,0.9768,7.6902,1.2689,27.6794,-4.2901,-19.2061,40.72,On Head
281214,1.6807,9.2560,1.0175,7.9084,-14.2595,4.7481,40.67,On Head
281264,1.6783,9.3350,1.5083,11.9542,-6.9313,-16.5191,40.67,On Head
281314,-1.2641,10.5441,2.5809,32.1069,-46.7786,-20.2137,40.58,On Head
281364,-0.8691,13.2304,1.2258,36.7176,-114.8702,-8.4427,40.72,On Head
281414,0.4214,10.5082,0.9409,10.2290,-135.4198,-21.9542,40.53,On Head
281464,0.8404,8.7963,-0.6009,26.2137,-132.4886,4.0763,40.67,On Head
281514,2.3631,7.4508,-1.2594,25.2061,-108.2748,23.0076,40.67,On Head
281564,2.7438,7.8290,-1.3072,32.6260,-83.8168,15.1908,40.58,On Head
281614,3.3926,8.5353,-2.0494,14.0000,-52.2595,10.0458,40.67,On Head
281664,2.7557,10.3860,-1.8866,18.0153,-38.5496,5.3893,40.39,On Head
281714,2.7677,10.7643,-1.7526,-2.4275,-23.3130,14.5038,40.44,On Head
281764,4.3814,12.4882,-2.6695,-15.7557,1.7099,22.2748,40.25,On Head
281814,2.8898,10.7093,-0.8835,-35.7710,15.3588,11.5878,40.44,On Head
281864,3.4596,11.2384,-0.4190,-26.7176,3.5878,19.1756,40.67,On Head
281914,3.0981,9.9958,0.1987,-32.4885,5.4809,5.3435,40.39,On Head
281964,2.5809,9.0597,0.6177,-20.8092,1.0687,3.0840,40.39,On Head
282014,2.5953,7.9847,0.0527,-17.0840,5.6336,-5.2061,40.53,On Head
282064,2.7964,7.4220,-0.4956,-27.2214,22.5191,-6.0916,40.39,On Head
282114,4.3718,12.9526,-2.1356,-62.8550,82.9618,12.4122,40.72,On Head
282164,2.7007,10.3741,1.4892,-90.7176,116.2748,0.1985,40.53,On Head
282214,1.1516,10.3645,4.3838,-69.6031,137.2366,-6.8092,40.44,On Head
282264,0.1077,9.1123,4.8483,-27.1908,130.5038,7.8931,40.58,On Head
282314,-0.1772,7.7117,4.9081,-33.0229,124.8702,18.9313,40.72,On Head
282364,0.5794,5.8442,4.6471,13.9237,96.3511,9.6031,40.44,On Head
282414,1.0798,7.8961,3.9265,31.0840,76.3053,-3.4504,40.58,On Head
282464,0.2370,8.2839,4.5394,17.8931,39.6641,-5.2519,40.58,On Head
282514,1.1229,9.3901,4.3766,11.9389,36.8397,-1.9542,40.39,On Head
282564,0.0503,9.6630,4.5203,35.1450,33.1603,-5.8015,40.53,On Head
282614,0.6321,10.9798,3.1484,42.1221,42.8244,11.8168,40.44,On Head
282664,1.4317,10.7380,2.6049,36.6412,52.3359,30.3664,40.44,On Head
282714,1.8387,9.2895,2.6504,33.3740,55.9084,22.1985,40.86,On Head
282764,1.9513,9.0621,2.2529,30.5496,55.3588,8.2290,40.77,On Head
282814,3.8834,11.2288,2.1237,4.5038,70.7634,-11.9084,40.72,On Head
282864,1.8603,9.8809,1.7454,45.8779,87.2061,-34.2290,40.39,On Head
282914,0.1053,10.4746,0.3304,26.6870,95.8015,-49.7099,40.67,On Head
282964,-1.8723,12.5456,-0.1053,-14.4733,112.9771,10.1832,40.67,On Head
283014,-1.5634,10.4004,1.3384,-23.9542,128.0611,67.6489,40.53,On Head
283064,0.0934,10.4339,1.5012,-12.7634,140.3817,90.2290,40.44,On Head
283114,1.0008,9.5122,2.1596,-9.3893,143.1298,98.8092,40.58,On Head
283164,1.7286,7.8266,2.8395,6.4275,122.2137,82.0305,40.53,On Head
283214,2.9592,7.1658,2.6432,31.5573,97.4046,40.8550,40.44,On Head
283264,2.8970,8.1235,1.6448,49.6794,84.6718,6.6870,40.72,On Head
283314,2.1907,9.9647,0.9074,40.3817,68.3969,2.7634,40.72,On Head
283364,0.9385,9.3422,0.8835,41.2214,46.5649,9.8321,40.67,On Head
283414,1.4293,11.0875,0.0311,15.3740,22.9313,21.5725,40.72,On Head
283464,1.8459,11.2982,0.0192,-3.2672,21.3740,47.8473,40.53,On Head
283514,3.5458,9.8067,1.0175,-21.0534,8.6718,51.4504,40.39,On Head
283564,5.2888,8.8514,1.4892,-10.5344,12.4427,23.3130,40.39,On Head
283614,4.3814,7.7500,2.0853,2.2443,11.0534,-16.2595,40.77,On Head
283664,3.7134,8.2480,1.9872,12.8244,-3.2061,-34.9160,40.67,On Head
283714,2.3631,9.6750,0.4645,18.1832,11.0992,-10.0153,40.67,On Head
283764,1.1372,13.5368,0.7039,-27.4504,13.9084,66.1527,40.67,On Head
283814,4.1515,10.2639,2.1452,-32.3359,21.4198,84.3511,40.53,On Head
283864,6.3949,8.1930,3.5291,-28.1679,20.4580,39.8473,40.67,On Head
283914,5.5809,5.9185,4.0582,6.2443,0.0153,-41.8473,40.67,On Head
283964,4.3024,8.6167,1.9609,21.8321,-8.3359,-62.2595,40.53,On Head
284014,2.2936,10.2711,1.0965,9.3588,-2.3664,-28.4733,40.91,On Head
284064,2.3224,8.7364,1.5921,-21.8473,-5.2214,15.9237,40.67,On Head
284114,3.3902,7.5848,2.3679,-9.9542,-9.6947,5.3893,40.39,On Head
284164,4.1468,8.4922,2.6264,14.1679,-12.6412,-21.8015,40.53,On Head
284214,4.5394,11.1546,1.0223,26.7786,-11.4046,-33.8015,40.67,On Head
284264,2.7605,14.8081,0.5626,4.7481,2.7328,6.7786,40.39,On Head
284314,4.0031,11.5568,1.3431,-17.8626,3.2214,29.0687,40.67,On Head
284364,3.8930,8.6383,2.0734,-16.3664,0.8092,11.8626,40.34,On Head
284414,3.2753,7.2784,2.1021,-15.6794,-15.0382,0.6718,40.44,On Head
284464,3.7493,6.7086,2.0590,-14.2901,-13.0992,-9.0687,40.39,On Head
284514,3.2872,6.9504,2.1835,5.8931,-18.2748,-12.4580,40.44,On Head
284564,3.7421,7.6255,1.7549,4.5344,-22.1221,-12.7023,40.44,On Head
284614,4.3215,9.2105,2.1069,-5.9084,-28.2595,-29.2366,40.67,On Head
284664,2.6097,9.6438,1.1660,69.2214,-21.4046,-58.0611,40.67,On Head
284714,2.5977,13.8912,-2.2266,30.8244,1.6794,-41.7405,40.44,On Head
284764,1.6113,10.5034,-1.2402,-11.0229,19.6641,-4.5191,40.39,On Head
284814,2.7366,9.3709,-1.0487,-26.5496,35.5267,13.5878,40.72,On Head
284864,3.2370,8.6383,0.1341,-24.8702,50.8855,12.3206,40.44,On Head
284914,3.3878,7.8338,0.3472,-5.9084,61.3740,-19.2519,40.53,On Head
284964,2.5570,10.8314,-0.6033,17.2366,62.4122,-40.4733,40.39,On Head
285014,2.7461,9.9623,-0.7518,-3.6031,108.4275,-32.5954,40.58,On Head
285064,1.4341,10.1059,-0.6009,15.0229,130.9771,-33.5573,40.58,On Head
285114,0.0551,10.5129,-0.0838,5.4198,143.6183,-3.6489,40.86,On Head
285164,0.2346,9.6367,0.7207,9.7863,137.7099,8.8244,40.67,On Head
285214,0.2251,10.0102,1.0295,10.1985,127.6183,-3.8626,40.67,On Head
285264,-1.1875,10.4770,1.6855,6.0000,100.6718,-6.5802,40.67,On Head
285314,-1.7358,9.0573,2.3391,-17.7252,78.2137,-16.3969,40.58,On Head
285364,-1.9273,10.6470,2.8443,-8.8397,65.7557,5.9389,40.53,On Head
285414,-0.4094,11.0804,3.3112,-7.7099,58.7176,18.2443,40.39,On Head
285464,0.0407,10.5560,3.3303,-5.1908,56.9008,23.7710,40.25,On Head
285514,0.5291,9.0094,3.3255,0.9313,42.9160,25.1450,40.67,On Head
285564,1.1277,8.7436,2.6528,10.5802,32.9924,15.9084,40.67,On Head
285614,1.6400,9.3637,2.1907,8.3053,29.1450,15.2061,40.72,On Head
285664,1.8387,9.4619,2.1907,5.8626,28.9771,7.6489,40.72,On Head
285714,1.4293,10.0940,2.0782,1.5573,25.2977,8.9466,40.34,On Head
285764,1.8627,9.2009,2.1093,5.9389,19.9542,-1.0992,40.44,On Head
285814,1.5945,9.0884,1.7286,15.2366,18.3206,-10.2901,40.77,On Head
285864,1.6185,9.5313,1.3862,17.0687,17.5114,-5.6947,40.58,On Head
285914,1.9465,9.5241,1.4676,7.6336,17.8321,3.0076,40.44,On Head
285964,1.7669,9.5792,2.0470,8.9771,18.6107,2.4885,40.58,On Head
286014,1.7861,10.3334,2.1213,12.9771,17.0534,9.0840,40.53,On Head
286064,1.9417,10.4124,1.5323,6.6412,17.6947,9.9695,40.72,On Head
286114,3.0765,14.9015,0.3208,5.7099,37.1908,16.5038,40.44,On Head
286164,1.4437,11.5305,0.3519,34.1527,36.8702,2.3664,40.53,On Head
286214,1.5203,9.1435,-0.5650,9.6947,36.1069,-27.4504,40.53,On Head
286264,-0.5507,9.7013,-0.8284,10.1527,36.9466,-19.0687,40.67,On Head
286314,0.5100,9.4092,-0.7781,-8.7481,19.3740,14.9160,40.72,On Head
286364,1.5155,9.3470,-0.7781,-4.6870,14.5191,-0.9160,40.53,On Head
286414,1.3072,9.9623,-1.1636,-3.2061,12.9618,-12.5802,40.34,On Head
286464,1.0391,9.5720,-0.6560,-15.9389,16.9008,-12.4275,40.39,On Head
286514,1.0750,8.7508,-0.0168,-19.4504,25.7710,-8.9008,40.72,On Head
286564,1.1468,8.3175,0.8595,-15.6641,23.9389,-0.5649,40.72,On Head
286614,1.7047,9.0285,0.4860,-5.1908,27.0382,-6.5496,40.67,On Head
286664,0.4310,10.0102,0.5938,-4.6107,26.2443,2.1527,40.58,On Head
286714,0.3208,11.4706,0.8523,-14.5496,18.9924,33.8473,40.58,On Head
286764,1.1372,10.3573,1.1803,3.6031,11.6794,25.8931,40.72,On Head
286814,1.6712,13.2902,1.9106,0.6565,14.4275,17.9542,40.58,On Head
286864,1.3455,12.4044,2.9329,6.6412,5.5267,-5.3893,40.67,On Head
286914,0.3065,8.9998,3.4165,-8.0305,-6.0305,-26.3817,40.39,On Head
286964,0.0239,8.0302,3.4788,-14.1832,-11.5267,-8.5954,40.67,On Head
287021,0.8068,8.1116,3.7421,5.0840,-14.9160,-5.1908,40.44,On Head
287071,0.5698,8.6263,3.3351,4.8550,-18.7023,-19.8321,40.53,On Head
287121,0.2466,8.7747,3.0454,14.7786,-23.9389,-13.5420,40.77,On Head
287171,0.8332,9.2440,2.4014,16.4275,-30.2443,-18.1527,40.67,On Head
287221,0.6129,9.4236,2.2194,9.3588,-27.6794,-20.0916,40.39,On Head
287271,0.5243,9.3972,2.2410,12.4580,-29.5573,-3.8015,40.44,On Head
287321,0.8045,9.3757,1.9920,12.9313,-29.6947,-7.6031,40.34,On Head
287371,0.8164,10.4603,1.7957,13.8321,-27.3588,-6.6260,40.58,On Head
287421,0.5387,10.4220,1.4006,1.9542,-22.7786,3.4962,40.34,On Head
287471,1.3910,13.7954,1.3575,15.3130,-22.3359,23.2824,40.44,On Head
287521,3.4931,12.5408,-0.7781,-1.9389,-13.6031,3.0840,40.39,On Head
287571,1.1492,8.7915,-0.0048,-13.8779,-12.6718,-20.1679,40.34,On Head
287621,-0.9433,8.1786,-0.6656,-18.6260,-13.0382,-32.6718,40.39,On Head
287671,-0.3543,9.2105,-0.3950,-11.2519,-16.5344,7.2672,40.39,On Head
287721,0.5315,9.5313,-0.5986,-7.6183,-0.7023,-12.0611,40.58,On Head
287771,-1.0463,10.0173,-0.3448,-0.7023,11.8321,-24.5344,40.67,On Head
287821,-1.3647,10.1083,-0.5076,-3.7557,14.0305,-22.4733,40.67,On Head
287871,-1.2282,9.9072,0.0263,-14.8702,12.0611,-2.8092,40.72,On Head
287921,-0.2490,8.8298,0.3591,-13.5267,10.8702,6.5496,40.58,On Head
287971,-0.0072,8.5976,0.2227,-1.6489,11.4198,2.2901,40.53,On Head
288021,-0.4764,9.8354,0.0144,0.6565,6.0305,4.2137,40.67,On Head
288071,-0.9242,10.5297,0.8571,-3.9695,-0.3664,8.4275,40.67,On Head
288121,-1.3336,9.7468,0.2562,29.9084,-22.3969,35.2214,40.53,On Head
288171,1.2761,14.1354,-0.7757,21.1145,-28.1069,58.6565,40.58,On Head
288221,3.8355,11.4491,-0.8116,-15.8015,-26.8550,20.3511,40.77,On Head
288271,1.9992,11.9159,1.4102,-29.3588,-36.6565,10.3359,40.58,On Head
288321,0.7422,8.7173,2.3918,-48.0916,-35.6489,-6.4122,40.86,On Head
288371,0.0144,7.7596,2.9544,-27.7099,-35.0382,10.1679,40.72,On Head
288421,1.2522,8.5042,2.9999,-4.5954,-35.5878,9.2824,40.53,On Head
288471,1.5754,9.5600,2.8371,-13.2214,-32.7634,-8.9466,40.72,On Head
288521,0.9050,9.3996,3.0430,-7.3893,-28.2290,-13.8015,40.58,On Head
288571,0.5722,9.4451,2.8898,-2.2137,-27.1908,-24.2748,40.25,On Head
288621,0.3448,9.3948,2.6767,4.7328,-25.8779,-15.2366,40.72,On Head
288671,0.2442,9.7061,2.4181,10.7328,-22.1069,-0.5802,40.67,On Head
288721,0.1101,9.5792,2.2458,9.1298,-30.2748,1.0840,40.53,On Head
288771,0.3328,10.1155,2.2122,2.3053,-35.0229,4.1221,40.67,On Head
288821,0.0742,9.5912,2.3798,-0.8244,-27.7405,2.8855,40.67,On Head
288871,0.1724,9.7923,2.2003,4.7481,-34.2137,20.9008,40.58,On Head
288921,2.1045,11.7220,1.2402,21.9084,-29.8473,26.6412,40.67,On Head
288971,1.9585,11.7555,0.2155,1.7557,-25.3893,5.7863,40.72,On Head
289021,1.0750,9.5912,0.5387,1.1603,-20.7481,7.7863,40.53,On Head
289071,0.8715,7.6758,0.0215,0.7481,-20.7786,3.5420,40.39,On Head
289121,0.7973,8.5497,-1.1133,18.1679,-19.9695,12.0305,40.67,On Head
289171,1.1420,11.0014,-1.0295,-17.3740,-21.9389,12.6870,40.67,On Head
289221,0.4022,11.4203,-0.3041,-14.0611,-15.6794,20.0153,40.72,On Head
289271,0.2155,10.2783,0.2035,-17.1298,-25.6947,3.4656,40.44,On Head
289321,-0.0024,9.9814,0.8356,-17.6031,-29.2366,6.5954,40.58,On Head
289371,0.4645,9.3685,0.6895,-14.1985,-44.4885,9.5115,40.53,On Head
289421,0.1676,8.5018,0.7207,-14.9924,-54.8092,-2.4275,40.34,On Head
289471,1.4437,9.9407,0.1245,-1.2061,-66.1832,20.5496,40.34,On Head
289521,3.3543,11.5329,-0.1748,-6.3664,-54.2137,8.9008,40.67,On Head
289571,2.9090,9.9144,0.2107,-13.1908,-35.1145,-3.8473,40.53,On Head
289621,1.6951,9.5864,0.6345,-12.5038,-38.4885,-4.7786,40.86,On Head
289671,1.9968,10.1275,0.3400,-12.3206,-37.6183,-2.8550,40.67,On Head
289721,2.2601,9.6869,0.5339,-17.0534,-34.3817,7.7557,40.72,On Head
289771,2.5331,9.4308,1.1396,-18.5038,-27.9542,11.3893,40.58,On Head
289821,2.7869,8.9687,1.3503,-15.1603,-21.7863,8.1679,40.67,On Head
289871,2.9544,9.8809,1.2546,-13.4046,-23.2672,13.6794,40.72,On Head
289921,3.8403,10.1801,1.4269,-17.2977,-17.6489,10.0000,40.72,On Head
289971,3.2202,9.8809,2.0949,-18.9924,-15.8779,-4.7176,40.39,On Head
290031,2.6217,9.1028,2.3104,-15.4962,-13.8779,-14.0611,40.39,On Head
290081,1.8651,9.0597,1.9968,-3.2061,-15.5115,-2.9924,40.53,On Head
290131,2.5570,9.3565,1.1444,-1.2672,-14.6412,3.5420,40.58,On Head
290181,2.6983,9.5313,1.1899,-4.9466,-10.4733,4.7634,40.72,On Head
290231,3.2370,10.2951,1.2354,-14.0000,-2.6718,-4.8702,40.44,On Head
290281,2.4038,9.7396,2.1859,-15.3282,2.8092,-3.9695,40.58,On Head
290331,2.2625,9.3901,2.2697,-6.9008,-2.4427,-0.9313,40.39,On Head
290381,2.4732,9.6079,1.8076,-0.0458,-3.4962,2.7023,40.39,On Head
290431,2.6863,9.6127,1.5778,1.7863,-0.0458,0.4427,40.39,On Head
290481,2.4253,9.8258,1.4245,2.2290,0.3206,-0.4122,40.67,On Head
290531,2.5857,9.7324,1.3767,-4.2443,-0.7786,1.4351,40.39,On Head
290581,2.6863,9.5768,1.3384,-1.4809,0.0763,-0.3359,40.67,On Head
290631,2.8060,9.5122,1.2186,-6.1679,4.8855,-5.8473,40.44,On Head
290681,2.3080,9.8114,1.5107,-2.6565,8.3664,-3.6794,40.39,On Head
290731,2.4134,9.7468,1.5897,-4.6718,10.3969,-2.3969,40.44,On Head
290781,2.9712,9.9766,1.2330,-0.7786,19.5267,-0.6718,40.58,On Head
290831,3.9169,9.1770,0.8475,1.9084,52.3664,0.4580,40.77,On Head
290881,4.0079,9.3015,0.5387,22.4580,97.3740,-1.2519,40.34,On Head
290931,3.5171,9.0764,0.4262,34.9924,134.9313,-5.0076,40.67,On Head
290981,2.7725,9.8402,-0.2083,43.1603,168.9771,-6.1527,40.58,On Head
291031,1.4772,10.2759,0.1556,42.9313,176.1221,6.5649,40.53,On Head
291081,1.3838,9.8737,0.1556,35.4046,178.5343,5.9695,40.44,On Head
291131,0.8739,10.5010,0.3974,30.0458,163.0992,9.9847,40.72,On Head
291181,0.9218,9.6774,1.0558,23.7252,137.4962,13.5725,40.67,On Head
291231,0.8835,9.9216,1.2522,21.8626,108.0305,4.6107,40.67,On Head
291281,0.7925,10.3070,1.1372,14.9466,77.4657,5.3740,40.53,On Head
291331,0.8380,9.9718,1.2833,5.7557,43.5267,2.2901,40.44,On Head
291381,0.9649,10.0317,1.2737,-7.3588,16.1374,1.4656,40.53,On Head
291431,2.0039,9.5409,1.4676,-8.2595,3.9084,-6.7939,40.58,On Head
291481,1.8076,9.8593,1.1636,8.7786,1.7710,-6.9008,40.53,On Head
291531,1.8603,9.9695,1.1564,-3.6641,0.1374,-1.5420,40.53,On Head
291581,2.0231,9.8090,0.9553,2.0763,0.4885,2.0763,40.53,On Head
291631,2.0111,9.7588,0.8906,-1.6031,0.3511,0.5496,40.44,On Head
291681,2.4565,9.8569,0.7207,-7.3130,13.4046,2.3511,40.58,On Head
291731,1.9441,9.5289,1.2163,2.4275,14.2443,1.5267,40.67,On Head
291781,2.0470,9.9144,0.8954,3.0534,11.0687,-3.9237,40.58,On Head
291831,1.5538,10.1873,1.0415,-1.1756,2.9313,-6.1527,40.67,On Head
291881,1.4796,9.7995,1.2186,-1.2214,-3.1908,-2.1527,40.53,On Head
291931,1.8124,9.8593,1.1732,-3.6031,-9.5878,-2.3969,40.53,On Head
291981,2.3990,9.8689,0.8763,-3.7557,2.6870,2.6412,40.44,On Head
292031,1.5467,9.1530,1.5706,12.4885,10.8244,7.8473,40.53,On Head
292081,1.7238,9.9958,0.8882,10.9924,-11.2366,-2.1832,40.58,On Head
292131,1.4653,10.2017,0.7661,1.0840,-19.5267,-1.2977,40.53,On Head
292181,1.5562,9.8186,0.7590,-1.4198,-31.5267,-4.7023,40.67,On Head
292231,0.6680,10.1251,1.0295,0.6565,-50.6870,-4.7939,40.72,On Head
292281,-1.1133,10.2113,1.6113,-7.6031,-101.0076,-6.5649,40.67,On Head
292331,-1.8100,10.4890,1.4581,-19.1298,-176.1985,5.2824,40.25,On Head
292381,-0.0766,10.2472,-1.2067,-20.7023,-226.0153,31.7863,40.44,On Head
292431,3.0478,9.8617,-2.4780,-27.8626,-193.2977,8.7023,40.67,On Head
292481,2.2505,10.0916,-1.9465,-42.6565,-169.8779,4.3664,40.53,On Head
292531,2.8252,9.8569,-1.6927,-38.8397,-137.8168,0.1069,40.67,On Head
292581,2.1332,10.1155,-0.7015,-46.0611,-118.3053,4.9466,40.39,On Head
292631,2.4660,9.4595,-0.2059,-35.2366,-92.7176,6.3359,40.58,On Head
292681,2.8659,9.3925,0.3184,-38.6412,-81.0840,5.8626,40.44,On Head
292731,2.6097,9.5840,0.7781,-21.5420,-61.9237,4.6412,40.44,On Head
292781,3.4692,9.1004,0.6632,-11.3893,-33.2824,4.5191,40.95,On Head
292831,2.9832,9.8521,0.5674,1.9695,-11.0382,7.0840,40.67,On Head
292881,1.9752,9.7037,0.9313,-0.4580,-1.4656,4.1679,40.44,On Head
292931,2.0806,10.0389,0.7230,-7.0382,-12.7328,6.5191,40.67,On Head
292981,2.1237,9.8497,0.9768,-7.9695,-14.2595,3.6336,40.53,On Head
293031,2.7366,9.6558,0.7877,-9.0840,-11.1908,1.9084,40.86,On Head
293081,2.5905,9.5337,1.0199,-4.7023,-4.6565,0.2595,40.58,On Head
293131,2.5905,9.7923,0.9337,-4.5344,3.0840,0.0305,40.39,On Head
293181,2.2170,9.7636,1.2043,-4.7786,1.1756,2.4580,40.72,On Head
293231,2.6169,9.6774,0.9337,-2.8397,7.1298,4.1374,40.67,On Head
293281,2.5522,9.7947,1.0511,-1.8931,12.3206,2.3817,40.77,On Head
293331,2.6863,9.8713,0.9673,-2.8092,19.1145,2.3511,40.58,On Head
293381,2.9377,10.0269,0.8667,-1.8626,35.8626,6.9313,40.53,On Head
293431,2.7629,10.0987,0.7590,6.9618,61.8015,23.5573,40.67,On Head
293481,2.7198,10.1131,0.6943,12.7176,84.5802,44.4733,40.44,On Head
293531,2.9544,10.0126,0.8212,15.1145,101.5725,56.1832,40.58,On Head
293581,2.8204,9.1339,2.2769,5.4962,101.2061,67.4809,40.58,On Head
293631,3.5243,7.7141,3.2729,38.3511,106.2748,91.9542,40.44,On Head
293681,2.8659,9.3446,1.7933,88.4580,72.9008,76.9466,40.67,On Head
293731,4.6495,10.6997,0.3184,7.8473,30.5191,65.0534,40.67,On Head
293781,5.7916,8.2241,0.8045,6.3206,34.2595,53.5115,40.72,On Head
293831,5.8562,8.2337,1.1995,-9.8168,27.1298,42.9008,40.58,On Head
293881,6.0861,8.4324,1.8866,-9.0534,29.6641,32.6412,40.44,On Head
293931,4.9704,7.2568,2.4732,1.8779,29.7863,52.9466,40.58,On Head
293981,6.0430,7.7524,2.1189,5.0076,19.8321,67.8626,40.53,On Head
294031,6.7253,6.8115,2.0949,0.1221,12.1527,70.3359,40.72,On Head
294081,7.7500,6.3782,2.1739,-9.7710,3.7099,61.5115,40.53,On Head
294131,8.7005,5.4755,2.4469,-14.5038,-4.5496,47.1298,40.72,On Head
294181,8.8250,4.9416,2.4253,-7.2214,-10.6412,24.1527,40.58,On Head
294231,8.4467,5.4636,2.0925,-2.0611,-10.7328,14.5038,40.39,On Head
294281,8.5066,5.4755,1.6209,-2.2290,-6.3206,16.5191,40.58,On Head
294331,8.6263,5.5689,1.6735,-6.4580,1.9847,17.1450,40.67,On Head
294381,8.7388,5.5019,1.6903,-5.8626,7.4198,18.3664,40.53,On Head
294431,8.8897,5.2409,1.8890,-11.4809,11.0534,15.1603,40.44,On Head
294481,8.5928,5.0470,2.4828,-14.5649,8.9313,11.6031,40.58,On Head
294531,8.7771,4.8076,2.6743,-11.5725,2.1832,6.7328,40.67,On Head
294581,8.6670,4.7740,2.7845,-8.2748,-0.1527,0.2137,40.77,On Head
294631,8.6862,4.9249,2.4708,-3.2977,-1.0076,0.1221,40.77,On Head
294681,8.6910,4.8243,2.3894,-0.6412,-0.8092,3.3130,40.72,On Head
294731,9.1363,5.0709,2.0734,-3.8626,3.2824,-2.5038,40.67,On Head
294781,8.8825,4.9991,2.4828,-6.9771,5.3130,-4.7939,40.91,On Head
294831,8.8801,4.6807,2.7222,-6.1069,3.4809,-10.1679,40.67,On Head
294881,8.8059,4.3479,3.0071,-2.6260,0.9924,-20.0305,40.53,On Head
294931,8.9256,4.7142,2.6624,6.1527,-10.0000,-30.1221,40.53,On Head
294981,9.8186,3.9361,2.6887,-0.8855,-16.5038,-60.3053,40.67,On Head
295031,9.5313,5.1691,1.8340,6.9313,-10.7481,-89.6336,40.67,On Head
295081,8.4994,6.9887,1.5251,-2.3206,6.0458,-102.3206,40.44,On Head
295131,7.3813,5.7676,2.3798,-7.7405,18.7023,-122.2290,40.67,On Head
295181,5.6575,6.2321,2.4995,15.8168,27.1756,-139.5878,40.58,On Head
295231,4.5083,6.7971,2.1213,22.6870,28.7023,-158.0153,40.67,On Head
295281,3.0670,7.4436,1.8531,29.3282,24.9313,-168.9008,40.58,On Head
295331,1.1133,8.4491,1.1827,21.1145,21.1298,-161.2366,40.72,On Head
295381,-1.6257,8.1906,1.8627,20.9924,5.5725,-166.8702,40.67,On Head
295431,-2.9449,10.0317,1.1085,15.4809,11.4046,-154.9313,40.77,On Head
295481,-3.7900,9.6414,0.9361,24.6718,20.7176,-108.4275,40.86,On Head
295531,-4.0462,9.6869,0.5195,19.1756,16.0916,-96.8855,40.53,On Head
295581,-4.2737,9.9599,0.1820,9.6183,17.3588,-91.4809,40.67,On Head
295631,-5.0757,9.2009,0.6895,-2.2901,15.6336,-73.6641,40.72,On Head
295681,-5.3798,9.1602,0.6991,0.5802,11.8626,-54.7481,40.44,On Head
295731,-5.4324,8.5880,0.4836,4.2290,9.0534,-48.6260,40.58,On Head
295781,-6.6966,9.2799,0.3424,-4.6718,8.9618,-28.7328,40.67,On Head
295831,-6.3063,8.4324,0.3711,-5.1298,5.2824,-9.6183,40.67,On Head
295881,-6.0190,8.5449,0.3639,-3.4504,6.4733,2.0305,40.58,On Head
295931,-5.6120,7.7093,0.5746,-2.1832,3.0382,3.5115,40.67,On Head
295981,-5.5210,8.1570,0.3687,-0.2595,-1.3893,0.9924,40.86,On Head
296031,-5.2098,7.9655,0.4214,3.2519,-3.3435,-3.5573,40.58,On Head
296081,-5.1140,8.0924,0.3352,-0.1069,-0.2748,-4.0458,40.39,On Head
296131,-5.2361,8.1403,0.2873,0.5802,4.5191,-6.3206,40.77,On Head
296181,-5.8251,8.3438,0.3400,-3.8321,5.0382,-2.5191,40.72,On Head
296231,-5.5857,8.0972,0.3783,-2.5191,1.8473,0.9008,40.58,On Head
296281,-5.5426,8.0493,0.3065,-1.4656,1.7252,0.2901,40.34,On Head
296331,-5.6096,8.1092,0.2777,-4.0153,0.4427,1.8931,40.53,On Head
296381,-5.5330,8.1523,0.3519,-5.6031,0.6870,4.2595,40.53,On Head
296431,-5.3654,7.8841,0.4980,-3.5725,0.1374,3.7863,40.39,On Head
296481,-5.5857,7.6878,0.7350,7.3893,-6.0000,5.3435,40.77,On Head
296531,-5.1523,8.6407,0.1460,8.9924,-3.2672,4.1527,40.67,On Head
296581,-5.2744,8.4683,0.2274,1.0687,-3.9237,4.9466,40.39,On Head
296631,-5.1475,8.4204,0.2562,-0.1832,-4.1985,6.0153,40.44,On Head
296681,-4.9081,8.2001,0.4812,-0.9466,-4.3053,5.9389,40.44,On Head
296731,-5.1619,8.3989,0.5387,6.6565,-7.0534,8.1374,40.67,On Head
296781,-4.6040,8.2815,0.1221,12.7023,-15.0229,11.0840,40.58,On Head
296831,-4.0749,9.5241,-0.3591,-3.4809,-18.4580,9.5725,40.53,On Head
296881,-3.8307,9.2751,0.0790,-8.4122,-14.3206,11.5725,40.53,On Head
296931,-4.2856,9.2871,0.4788,-10.3511,-8.5802,26.0611,40.58,On Head
296981,-2.9760,8.5042,0.5507,-14.9160,-2.5649,32.7328,40.67,On Head
297031,-2.5905,7.6974,0.7949,-8.0305,0.8550,21.2672,40.67,On Head
297081,-2.2577,6.7612,1.1827,-20.7023,2.4122,11.1450,40.67,On Head
297131,-2.6384,5.4109,1.3527,-15.5725,9.8015,-7.7252,40.67,On Head
297181,-3.6655,6.9959,1.1803,-10.7328,11.7863,-18.6260,40.86,On Head
297231,-5.8993,8.9759,0.1628,-9.9389,2.6107,-22.9466,40.67,On Head
297281,-4.8842,7.5729,1.5921,-80.0000,-22.9466,10.0611,40.72,On Head
297331,-3.3375,4.9680,2.3128,-32.0611,-20.0916,18.1374,40.72,On Head
297381,-4.0390,6.7995,2.8204,-28.4580,-1.7252,0.1527,40.86,On Head
297431,-4.9512,6.1124,2.7294,15.0992,-1.5725,-2.7176,40.58,On Head
297481,-4.0725,7.5537,1.7119,3.0382,0.4275,-21.2366,40.72,On Head
297531,-5.1619,8.1930,2.0782,8.8397,-3.0076,-16.7786,40.53,On Head
297581,-6.6080,8.4228,2.8036,3.1298,-0.9466,-26.3511,40.91,On Head
297631,-6.1794,9.8474,1.8627,1.1603,-28.9771,-5.2672,40.77,On Head
297681,-5.7245,8.9280,2.3128,-0.3206,-26.1221,-2.2137,40.77,On Head
297731,-6.1723,9.2440,2.7366,-10.8702,-23.6336,15.5420,40.72,On Head
297781,-5.1667,9.1051,2.3104,11.8779,-18.8092,6.1069,40.77,On Head
297831,-4.1659,8.8155,2.1093,-1.0534,-18.8397,11.0076,40.67,On Head
297881,-4.4724,8.4779,2.3463,-2.0611,-28.3817,-0.4580,40.67,On Head
297931,-3.2896,8.4779,2.2266,-5.7557,-26.4122,-21.4198,40.67,On Head
297981,-4.6974,9.6007,2.3679,-8.6260,-1.5725,-34.4733,40.25,On Head
298031,-6.3135,9.7492,3.0957,15.9542,17.3282,-13.6183,40.67,On Head
298081,-6.3949,9.2344,2.9760,7.6489,12.8244,-0.6260,40.53,On Head
298131,-6.2441,9.3111,2.9377,5.0382,4.9008,14.8397,40.67,On Head
298181,-4.7094,8.3079,2.4397,14.6718,9.6489,10.5496,40.58,On Head
298231,-4.7118,8.9854,1.7717,9.7863,11.0229,7.5725,40.44,On Head
298281,-4.5969,8.4276,1.7980,-0.8550,18.5038,-2.2748,40.67,On Head
298331,-5.4085,8.6263,2.1811,7.1145,12.4122,-6.7328,40.39,On Head
298381,-5.0254,9.2249,1.6783,4.0305,13.3435,-17.2366,40.58,On Head
298431,-4.9464,8.5401,1.6688,3.3435,16.8702,-26.7939,40.53,On Head
298481,-5.9616,9.3446,1.5419,9.8931,24.5191,-39.6031,40.72,On Head
298531,-6.4380,7.9942,1.9225,-7.4351,7.5725,-19.6336,40.58,On Head
298581,-6.6056,7.9344,2.3750,9.1145,-9.8931,-33.5725,40.58,On Head
298631,-6.0334,8.0517,1.3455,12.9771,-7.0992,-31.1450,40.67,On Head
298681,-6.3255,6.9504,1.6257,5.7557,-4.0305,-24.2137,40.67,On Head
298731,-7.4675,7.5872,1.6759,11.8931,-10.3817,-22.2137,40.67,On Head
298781,-6.1555,6.6176,1.1468,14.4122,-19.5114,-16.6107,40.67,On Head
298831,-5.6336,7.0677,0.9553,0.0458,-14.3969,-22.2901,40.67,On Head
298881,-5.6192,6.0693,1.2306,5.8473,-6.4122,-29.1145,40.44,On Head
298931,-6.3398,7.1132,0.9529,4.5496,1.6641,-33.4046,40.15,On Head
298981,-7.0006,7.2736,0.8404,14.1221,9.2672,-33.2214,40.91,On Head
299031,-6.6966,5.7700,0.7997,1.6641,9.0840,-47.1756,40.53,On Head
299081,-8.7269,7.0485,1.2881,-18.3817,12.2290,-37.9847,40.67,On Head
299131,-8.0804,5.8442,0.9122,6.5038,17.2519,-28.4580,40.67,On Head
299181,-7.8362,5.8083,0.9529,-18.4122,6.2748,-16.0763,40.58,On Head
299231,-6.7277,5.3917,0.5531,-2.2137,11.5878,-27.2824,40.67,On Head
299281,-7.3598,5.3175,0.5650,-29.3130,11.5267,-39.4809,40.58,On Head
299331,-7.6447,5.1092,0.5602,-13.4656,22.8397,-50.1069,40.58,On Head
299381,-7.6279,3.8666,1.2043,-46.1985,33.7252,-63.9237,40.39,On Head
299431,-9.6845,4.4173,1.5395,-29.6641,14.4885,-47.6489,40.44,On Head
299481,-8.4946,2.9880,1.1684,-13.2214,21.8626,-37.0840,40.77,On Head
299531,-10.6853,3.9385,1.3096,-9.9542,23.3893,-22.6412,40.67,On Head
299581,-9.7181,3.2370,0.7829,8.2290,22.5802,-2.5496,40.58,On Head
299631,-9.7276,3.8020,0.3807,8.9771,19.2214,-3.7099,40.77,On Head
299681,-9.0836,3.5314,-0.0694,5.2214,14.4427,7.0076,40.53,On Head
299731,-9.1626,3.6057,-0.2011,4.5649,15.1908,4.8550,40.53,On Head
299781,-9.1698,3.7469,-0.2753,6.5802,9.6947,13.5573,40.86,On Head
299831,-8.7005,3.6943,-0.7015,9.9084,10.7481,10.4122,40.91,On Head
299881,-9.2273,4.1396,-0.8882,-0.9618,9.2824,8.9924,40.39,On Head
299931,-8.9328,4.0438,-0.6560,-0.9924,7.3282,6.5802,40.67,On Head
299981,-9.1482,3.7900,-0.3831,-4.8092,0.3511,8.7786,40.58,On Head
300031,-8.6095,3.8930,-0.4094,-0.1069,-4.8244,11.6489,40.53,On Head
300081,-8.7460,3.7709,-0.3519,-0.3817,-7.0687,3.4504,40.72,On Head
300131,-8.7867,3.9648,-0.3879,4.7939,-11.8015,6.3664,40.72,On Head
300181,-8.9735,3.9840,-0.4956,12.7176,-17.6794,14.0916,40.58,On Head
300231,-8.7819,4.3958,-0.7518,5.7557,-21.8931,14.9008,40.53,On Head
300281,-8.6072,4.3191,-0.2610,-2.1221,-25.3588,12.0305,40.67,On Head
300331,-8.1618,4.5250,-0.1030,-3.1298,-28.5191,13.1298,40.44,On Head
300381,-7.6279,4.6591,0.1580,-8.4427,-22.8550,5.0076,40.77,On Head
300431,-7.9511,4.2784,0.7087,-10.1374,-11.3130,-2.1679,40.58,On Head
300481,-8.2624,4.3838,0.6919,-2.3359,0.8397,-3.6794,40.67,On Head
300531,-8.8921,4.4460,0.7566,3.4962,8.4733,-2.3359,40.86,On Head
300581,-8.8083,4.9943,0.6632,7.0992,1.2977,15.2366,40.58,On Head
300631,-8.6095,4.8674,0.6416,-6.6565,-7.2519,8.3511,40.58,On Head
300681,-8.2552,4.1300,0.5195,5.8321,-7.2672,2.6107,40.53,On Head
300731,-7.6854,4.6424,-0.0455,2.3969,-0.1832,0.5954,40.72,On Head
300781,-7.4220,4.7214,-0.3663,1.5420,13.4809,-0.3206,40.53,On Head
300831,-8.0206,5.2457,-0.7374,-6.7634,21.3435,-8.2595,40.44,On Head
300881,-6.5314,5.3367,-1.4892,-44.5802,15.1756,-14.6718,40.67,On Head
300931,-7.8243,3.4285,-0.2921,-50.5802,38.4275,-38.7481,40.58,On Head
300981,-8.2480,3.5698,-0.0431,-29.6641,57.2824,-45.1908,40.72,On Head
301031,-9.6462,3.8211,-0.1293,-18.5344,57.5115,-32.9160,40.67,On Head
301081,-9.5984,3.6703,-0.4621,-19.3588,43.6031,-11.1908,40.53,On Head
301131,-9.4260,3.8954,-0.6871,-15.6336,39.2061,-8.8244,40.44,On Head
301181,-9.2512,3.6224,-0.8811,-15.0076,27.8626,-3.4656,40.44,On Head
301231,-8.8945,3.1460,-0.8571,-17.0840,20.5496,-4.0305,40.72,On Head
301281,-8.6933,3.5338,-1.0223,-9.8321,20.5191,-4.6718,40.58,On Head
301331,-8.9543,3.1987,-1.1061,-1.1908,15.8779,-5.5420,40.67,On Head
301381,-9.1435,3.3902,-1.3192,3.0382,8.0763,1.0534,40.91,On Head
301431,-8.8705,3.3495,-1.6927,5.2977,1.2977,0.3053,40.67,On Head
301481,-9.0525,3.6224,-1.9513,6.2748,-2.3359,3.5420,40.58,On Head
301531,-8.9567,3.4165,-1.8507,1.5420,-5.0687,3.3282,40.58,On Head
301581,-9.2632,3.5817,-1.5969,2.7786,-8.5191,8.4275,40.58,On Head
301631,-9.9862,3.4141,-1.1372,4.6718,-19.2366,14.5802,40.91,On Head
301681,-10.4483,3.5386,-0.4788,18.9008,-32.9313,30.1679,40.67,On Head
301731,-11.4227,3.3303,-0.0886,32.7176,-59.9847,46.0305,40.53,On Head
301781,-9.8952,3.8642,-0.1317,31.4504,-83.2061,59.8931,40.39,On Head
301831,-8.6239,4.0510,-0.1173,45.3130,-89.7252,62.7176,40.72,On Head
301881,-8.0828,4.0677,0.1508,51.4046,-93.0687,59.1298,40.58,On Head
301931,-8.3103,4.8578,-0.0024,49.4809,-99.6794,52.8397,40.44,On Head
301981,-7.3119,5.5043,-0.2035,21.4198,-113.4351,38.5802,40.25,On Head
302031,-6.9240,5.1619,0.7542,33.0076,-97.1908,24.1985,40.72,On Head
302081,-6.8043,6.3327,0.9098,39.6947,-81.6031,18.6870,40.67,On Head
302131,-7.0126,7.0820,1.2522,6.5649,-90.5649,22.0305,40.58,On Head
302181,-7.4292,7.3981,2.0830,13.3130,-94.0305,20.2290,40.77,On Head
302231,-6.4835,7.0749,2.8491,-33.6641,-102.0458,26.2443,40.53,On Head
302281,-4.6759,6.6990,3.2753,-23.9237,-80.7023,21.5114,40.72,On Head
302331,-3.9265,6.0286,3.8954,-29.0229,-43.8321,6.9313,40.67,On Head
302381,-4.2306,6.2345,4.7190,-9.2366,-6.4122,7.2214,40.44,On Head
302431,-5.0063,6.2273,4.7716,10.4885,21.6641,3.9542,40.39,On Head
302481,-5.4923,6.8043,4.7525,5.2519,24.5344,3.6641,40.67,On Head
302531,-5.3606,7.4340,4.3191,-0.2748,27.1450,5.0382,40.67,On Head
302581,-5.6671,6.9935,4.6280,-9.6183,25.9695,-4.5802,40.53,On Head
302631,-5.4085,6.4284,4.8052,4.3206,21.6183,2.2137,40.58,On Head
302681,-5.3798,6.8881,4.3072,2.8702,30.3359,0.7786,40.67,On Head
302731,-6.0094,6.8139,4.1084,8.7939,26.6565,3.2214,40.77,On Head
302781,-5.8490,6.9671,3.6416,3.5725,22.2443,4.6412,40.58,On Head
302831,-6.1435,7.1682,3.5386,3.0534,25.6794,3.8015,40.77,On Head
302881,-6.5505,7.2449,3.5338,4.3817,19.5725,12.0000,40.67,On Head
302931,-6.5817,7.8123,3.1268,6.2595,22.1679,21.4656,40.95,On Head
302981,-6.9001,8.6503,3.0167,-7.5573,25.8473,24.8550,40.72,On Head
303031,-7.0677,7.9751,3.2034,-6.0458,30.7328,44.0458,40.67,On Head
303081,-6.6726,8.3270,2.9904,-0.8702,35.5573,59.8626,40.58,On Head
303131,-5.5522,7.9918,2.7342,0.6260,33.6489,83.6183,40.67,On Head
303181,-4.6950,8.2648,2.7629,-7.1908,37.4046,88.3359,40.86,On Head
303231,-3.8211,8.6455,2.4325,-1.2824,38.9924,86.3664,40.58,On Head
303281,-3.3806,8.7293,2.7174,-8.4427,32.2290,83.7863,40.58,On Head
303331,-3.1460,8.7149,3.2441,-15.1145,25.5573,72.9618,40.58,On Head
303381,-1.9201,8.7652,3.2322,-1.4351,19.2977,72.2595,40.67,On Head
303431,-1.0127,8.7077,2.7916,-6.5649,11.6489,57.8321,40.67,On Head
303481,0.0934,9.4547,2.5953,8.4580,14.1832,28.7176,40.72,On Head
303531,-1.8794,9.2823,2.8515,-8.1374,17.8473,4.1832,40.77,On Head
303581,-1.0606,9.0214,3.1077,-16.8550,-2.7328,10.3359,40.77,On Head
303631,-0.9361,9.4236,2.8443,-6.6870,-9.0534,9.6794,40.77,On Head
303681,-0.6943,9.0692,2.8419,-8.4122,-3.3740,0.7176,40.77,On Head
303731,-0.3807,9.2871,2.4301,-7.3435,-7.5115,-8.5649,40.58,On Head
303781,-0.8116,9.0142,3.1627,-19.2977,8.0611,-27.0534,40.58,On Head
303831,-1.5251,9.2177,3.0430,18.0611,17.7099,-15.6336,40.53,On Head
303881,-1.7980,10.1442,2.5522,6.8855,3.8473,-2.2443,40.58,On Head
303931,-1.6855,9.7324,2.6935,-1.8626,-6.5954,-5.9695,40.44,On Head
303981,-1.3815,9.7181,2.3703,-5.1908,-11.7557,-8.2748,40.67,On Head
304031,-1.7717,10.3286,1.9249,-8.0611,-20.5954,-11.2366,40.67,On Head
304081,-2.0830,10.3477,1.5658,-20.4122,-12.3664,-9.1298,40.77,On Head
304131,-2.2601,9.6822,2.7246,-42.6412,-33.8779,-1.0229,40.58,On Head
304181,-2.0351,8.8538,3.8642,-42.4733,-47.4656,-3.1298,40.67,On Head
304231,-1.4389,9.2871,4.0869,-36.1069,-59.6489,-8.7481,40.44,On Head
304281,-1.6592,8.9639,5.1332,-47.3130,-74.7328,-11.3435,40.67,On Head
304331,-2.2960,7.1970,7.3598,-23.1145,-108.9466,-20.3053,40.77,On Head
304381,0.8906,9.7348,4.2282,-9.9084,-100.5954,-32.6870,40.72,On Head
304431,-1.1827,9.0285,4.8746,-19.8321,-81.6947,-36.0305,40.39,On Head
304481,-0.9888,9.3278,4.7238,-0.3969,-82.7939,-13.0687,40.91,On Head
304531,0.5962,8.4396,4.2521,-22.4886,-50.7939,-9.3130,40.91,On Head
304581,2.3894,7.9631,2.5307,-7.1908,0.7328,-7.3740,40.72,On Head
304631,0.1460,8.0302,4.2066,-15.4962,53.8321,-15.3893,40.44,On Head
304681,-2.4541,8.8226,6.3877,-22.3206,43.4656,-12.1832,40.67,On Head
304731,-2.2673,8.5401,6.7062,-12.5802,19.6947,-5.9237,40.72,On Head
304781,-1.7980,8.5090,6.5984,-13.7099,13.5878,-6.2901,40.44,On Head
304831,-1.7358,8.4827,6.3686,-3.1756,13.4198,-2.5191,40.77,On Head
304881,-2.0542,8.4300,6.3087,-0.3053,13.2061,1.5420,40.67,On Head
304931,-1.6113,7.9679,6.1459,-1.6031,9.7863,8.5191,40.58,On Head
304981,-1.3431,8.4156,5.9304,10.6565,10.9771,5.5267,40.58,On Head
305031,-1.7693,8.4803,5.8514,2.5344,11.4351,7.2366,40.91,On Head
305081,-1.2498,8.1403,5.6910,5.2672,9.1756,9.3893,40.77,On Head
305131,-0.8667,8.3629,5.3870,8.3817,11.6489,5.4351,40.77,On Head
305181,-1.0391,8.2337,5.2912,12.5496,14.3511,1.0076,40.67,On Head
305231,-1.2522,8.7819,4.7142,5.8473,16.3664,-5.4504,40.58,On Head
305281,-1.3695,8.8226,4.6711,0.2748,23.4504,-0.0305,40.67,On Head
305331,-2.0590,8.6048,5.4803,1.2519,25.1908,-3.7557,40.58,On Head
305381,-2.0063,9.0333,4.9368,11.2214,23.2977,-1.3435,40.58,On Head
305431,-1.8555,8.8107,4.7908,1.8931,26.5802,5.4504,40.77,On Head
305481,-1.4605,8.6718,4.6448,11.9542,33.7405,6.3053,40.72,On Head
305531,-1.0127,8.7293,4.8147,3.3740,43.8626,5.7405,40.58,On Head
305581,-1.4389,8.2672,4.4077,27.8168,57.9695,1.6794,40.77,On Head
305631,-2.5235,8.7269,3.8188,41.7863,71.8931,1.4351,40.72,On Head
305681,-3.1292,9.6031,3.2801,39.3588,74.2748,19.1603,40.72,On Head
305731,-3.4117,10.8290,3.3327,38.0458,59.3588,27.2672,40.77,On Head
305781,-3.1771,9.9288,3.0957,20.5954,58.2137,29.0382,40.58,On Head
305831,-2.5379,11.4036,2.3104,40.1832,52.3817,35.8321,40.67,On Head
305881,-3.1149,11.4634,1.9752,30.6107,45.2672,29.3893,40.77,On Head
305931,-3.1149,11.2144,1.1803,29.6183,37.2366,41.4046,40.67,On Head
305981,-1.4198,10.9391,0.4142,30.1985,31.2672,60.2443,40.44,On Head
306031,-0.8284,10.0604,-0.0263,15.8015,26.2595,45.0229,40.67,On Head
306081,0.0263,9.3302,-0.4549,12.3664,15.1908,38.8702,40.67,On Head
306131,-0.1173,7.7357,-0.3567,-9.8015,10.6260,31.8321,40.58,On Head
306181,0.7518,7.4651,-0.5387,-22.5191,16.2137,30.9313,40.58,On Head
306231,-0.3615,7.7716,1.2737,-4.4885,11.4046,42.3206,40.53,On Head
306281,1.9369,7.7405,0.1245,-20.8092,29.3740,18.4275,40.72,On Head
306331,3.0358,9.1219,-0.1269,-40.2443,45.5878,4.1221,40.86,On Head
306381,2.5235,5.2672,2.7821,-54.6870,49.8931,-50.5496,40.58,On Head
306431,-0.6488,8.2552,2.8156,43.9389,58.1985,-40.6260,40.77,On Head
306481,-1.1851,14.1856,-1.0008,83.3893,88.7634,-3.7710,40.77,On Head
306531,-1.1157,15.8161,-1.8124,11.5573,83.7710,30.8244,40.58,On Head
306581,-0.9337,11.5951,0.4932,-29.1145,36.6718,30.0611,40.53,On Head
306631,1.4772,9.9503,0.1460,-35.7099,30.5649,1.3282,40.95,On Head
306681,0.8332,7.3885,1.6568,-24.0458,39.0992,5.5878,40.72,On Head
306731,0.8930,7.3215,2.2386,-2.4885,30.4580,-3.2977,40.53,On Head
306781,0.3208,8.2959,2.1332,3.5725,23.3282,-21.4198,40.53,On Head
306831,-0.4645,9.2273,1.8364,14.3969,17.5267,-24.7328,40.67,On Head
306881,-0.8404,11.0468,0.9266,25.2366,14.3206,-20.0000,40.53,On Head
306931,-0.3041,11.2360,0.3687,25.1450,17.7099,-10.1832,40.58,On Head
306981,-0.8571,11.2887,0.0790,15.4962,16.3664,-6.7328,40.72,On Head
307031,-0.4549,10.2903,-0.1293,5.5420,16.1221,2.1832,40.72,On Head
307081,-0.2562,9.8330,-0.0048,1.1298,13.1450,-1.4198,40.77,On Head
307131,-0.3280,10.1849,-0.4381,-6.0916,13.1756,-6.4427,40.67,On Head
307181,-1.4126,10.4651,-0.0096,-24.8702,-12.2595,-9.3740,40.67,On Head
307231,-0.4477,9.7803,0.6776,-44.7939,-27.6641,-13.2214,40.72,On Head
307281,-1.2594,9.6582,1.8340,-26.3206,-32.0305,-14.7328,40.58,On Head
307331,-2.9018,10.5321,2.9928,-32.1985,-90.2595,-21.9389,40.91,On Head
307381,-3.2944,9.9455,3.2825,-38.0305,-159.6183,-39.4198,40.67,On Head
307431,-1.0439,9.8833,1.2402,-39.4656,-203.8473,-47.1603,40.58,On Head
307481,-1.0223,9.3350,1.6568,-44.3206,-193.3588,-51.6336,40.58,On Head
307531,-0.0670,9.0142,1.6879,-37.9389,-151.3740,-42.6260,40.58,On Head
307581,0.2179,8.5162,2.5331,-14.9008,-103.4657,-36.3359,40.72,On Head
307631,-0.2969,9.1866,2.8108,-6.7023,-62.3817,-46.6565,40.86,On Head
307681,-1.9082,9.5768,3.4620,-1.0687,-44.5038,-35.9542,40.44,On Head
307731,-1.9489,10.5465,3.2753,-10.6107,-35.5420,-21.5725,40.72,On Head
307781,-1.3767,8.8801,3.7733,-13.4809,-26.0000,-7.3893,40.39,On Head
307831,-1.3791,8.9519,3.8068,-3.4198,-18.5191,-8.7939,40.67,On Head
307881,-0.8571,9.2368,3.7924,-6.5496,-9.4198,-10.3817,40.58,On Head
307931,-1.9058,9.4810,3.8666,-2.5344,4.3969,-14.3664,40.53,On Head
307981,-2.0183,9.5433,3.9409,-9.6031,9.8931,0.3969,40.39,On Head
308032,-1.8172,9.5768,4.1779,-11.1756,6.8702,6.7786,40.39,On Head
308082,-0.8715,8.8585,5.0206,-39.1908,9.7557,0.2443,40.58,On Head
308132,-1.5610,7.4124,6.1746,-17.8015,-7.9389,-20.8702,40.44,On Head
308182,-1.9632,8.8729,5.4947,-5.5420,-12.3511,-27.9847,40.34,On Head
308232,-3.1843,8.6239,5.5569,-1.4046,-13.1756,-17.0076,40.72,On Head
308282,-2.1117,8.6766,4.5801,0.6565,-15.1908,-7.1603,40.53,On Head
308332,-1.9561,8.5832,4.6902,-0.9313,-6.1527,-3.2672,40.58,On Head
308382,-2.2242,8.5066,4.5442,6.1985,-0.9924,-6.7023,40.58,On Head
308432,-2.0016,9.2249,4.2186,-4.5191,3.3893,-6.6412,40.58,On Head
308482,-3.1292,8.7867,5.0973,-10.5191,7.2519,-7.4046,40.53,On Head
308532,-2.6001,9.1123,4.9488,-0.9160,-0.0458,3.2672,40.67,On Head
308582,-1.9369,8.5497,4.8459,0.8397,2.7786,2.0153,40.58,On Head
308632,-2.0207,8.7364,4.5825,0.4275,3.8931,-2.2443,40.39,On Head
308682,-2.3128,8.5832,4.4628,0.2137,6.3969,-5.7099,40.77,On Head
308732,-2.8874,8.4707,4.6735,-4.4885,2.5802,-5.6794,40.91,On Head
308782,-2.8180,8.7029,4.7645,-6.6107,-2.2748,-2.9008,40.86,On Head
308832,-2.9760,8.7317,5.0949,-6.3359,-7.4351,1.3740,40.67,On Head
308882,-2.9305,8.6718,5.3846,-3.9542,-17.4198,-1.1298,40.72,On Head
308932,-3.6033,8.5784,5.8969,-5.3740,-41.2977,-1.9847,40.58,On Head
308982,-2.7390,8.9184,5.2936,-16.3817,-79.9542,-8.3511,40.58,On Head
309032,-1.4126,8.8657,4.8459,-22.5496,-87.1145,-17.5420,40.72,On Head
309082,-1.3216,7.9009,5.9472,-24.4580,-74.6565,-14.7023,40.67,On Head
309132,0.2849,8.1475,4.9249,-7.3740,-38.6412,-8.1527,40.86,On Head
309182,-0.5459,7.5489,5.3630,-2.2595,-14.4580,-13.1908,40.77,On Head
309232,-1.8364,8.4228,5.6599,-7.0534,-1.8321,-19.9542,40.58,On Head
309282,-2.1308,8.7891,5.9017,-13.2977,-2.4885,-3.3435,40.72,On Head
309332,-1.5610,8.2863,6.1603,-3.0229,2.4580,3.7863,40.72,On Head
309382,-1.4485,8.0110,6.3829,-5.5115,2.1679,3.6794,40.67,On Head
309432,-1.0463,7.7692,6.2896,-9.2672,-0.9008,-1.6183,40.58,On Head
309482,-1.2354,7.9871,6.3327,-8.3359,-1.8931,-9.9389,40.72,On Head
309532,-1.9417,7.7883,6.5505,-0.8550,-3.0687,-3.9237,40.72,On Head
309582,-1.4724,8.1666,6.0741,-2.0458,-4.4580,-2.7023,40.67,On Head
309632,-1.5371,8.1690,6.0932,-1.0992,-1.2366,-2.5038,40.67,On Head
309682,-1.6879,8.1139,6.1268,0.1221,-1.6336,-1.7863,40.58,On Head
309732,-1.2306,7.8123,6.0669,-8.7328,0.3206,-5.2061,40.58,On Head
309782,-1.6879,7.9583,6.3255,-7.8015,3.2977,-10.6412,40.77,On Head
309832,-1.8483,7.9057,6.4667,-6.9771,0.8550,-5.7099,40.86,On Head
309882,-2.1237,7.9727,6.6439,-2.7023,-3.1145,-0.4733,40.86,On Head
309932,-1.7645,7.8626,6.3063,0.6870,-4.4275,0.3969,40.58,On Head
309982,-1.6305,8.1044,5.8921,-0.8702,-0.1069,0.4733,40.58,On Head
310032,-1.3767,8.0613,6.0142,-8.0305,5.9237,-1.1450,40.67,On Head
310082,-1.9609,7.8841,6.6870,-7.2977,6.6107,0.9924,40.67,On Head
310132,-1.5850,7.5130,6.6726,-1.4504,4.3664,1.6641,40.86,On Head
310182,-1.9369,7.9535,6.4117,3.5878,3.8626,-1.5725,40.72,On Head
310232,-1.5419,8.0613,5.9831,-2.6412,3.2061,0.7786,40.53,On Head
310282,-1.5945,7.9368,6.0621,1.3893,6.6870,-2.7176,40.86,On Head
310332,-1.7310,7.9057,6.2920,-4.8550,7.4046,-5.9237,40.58,On Head
310382,-1.8459,7.7117,6.5218,-2.6260,3.1298,-7.2977,40.67,On Head
310432,-2.0638,7.9583,6.4212,0.0916,2.7481,-9.4351,40.72,On Head
310482,-2.0303,7.7883,6.2273,-1.4351,-0.7481,-8.3206,40.86,On Head
310532,-2.5450,8.1738,6.1196,-3.4962,-1.9237,-6.5649,40.53,On Head
310582,-2.3296,7.9918,6.1387,-4.4733,-0.1832,1.1298,40.67,On Head
310632,-2.2625,7.8482,6.3255,-5.6183,0.2137,3.3282,40.39,On Head
310682,-2.0159,7.8075,6.3422,-7.2519,-0.5038,2.5038,40.72,On Head
310732,-1.8627,7.6686,6.4428,-4.2137,0.9313,-0.9313,40.67,On Head
310782,-2.0063,7.6974,6.4404,-1.0229,2.7023,-0.3511,40.67,On Head
310832,-2.4349,8.0493,6.4308,-0.2748,2.0153,-0.7023,40.77,On Head
310882,-2.0949,7.8075,6.1818,-3.8626,-1.4962,2.1832,41.05,On Head
310932,-1.8699,7.7812,6.2417,-3.0687,-1.5573,3.2824,40.86,On Head
310982,-1.9082,7.7141,6.3327,-3.6489,2.8550,0.2748,40.53,On Head
311032,-1.9321,7.8626,6.4859,-5.6183,3.5878,1.6031,40.77,On Head
311082,-1.8459,7.5776,6.5912,-4.7634,4.9618,-1.4351,40.58,On Head
311132,-2.2649,7.7045,6.5984,0.7939,1.9542,-3.1908,40.91,On Head
311182,-2.2290,7.9272,6.3351,0.2595,-0.0153,-0.5649,40.67,On Head
311232,-2.1883,7.9009,6.4428,-0.9313,0.2595,-0.0153,40.67,On Head
311282,-1.8986,7.8338,6.3303,-3.4504,0.0000,2.4580,40.39,On Head
311332,-1.8364,7.6375,6.3782,-2.0000,3.4962,-2.4885,40.58,On Head
311382,-2.3296,7.7285,6.5673,0.2595,1.4198,-4.9618,40.67,On Head
311432,-2.4948,7.9487,6.3494,1.7710,-1.7099,1.6947,40.77,On Head
311482,-1.8387,7.8530,5.9496,0.2137,0.5802,0.4885,40.77,On Head
311532,-2.1117,8.0038,6.0573,-0.2901,3.4351,-1.6947,40.72,On Head
311582,-2.1261,7.9823,6.2273,-5.6641,3.7099,-0.7176,40.86,On Head
311632,-2.4038,7.7261,6.5194,-4.5038,1.6183,0.3053,40.67,On Head
311682,-2.1835,7.7213,6.3829,-1.5878,-2.3664,2.4580,40.44,On Head
311732,-2.1452,8.0373,6.1842,-0.9160,2.7786,-0.0916,40.67,On Head
311782,-2.0662,7.9416,6.3063,-2.8092,2.1832,2.7634,40.86,On Head
311832,-2.0279,7.5896,6.4691,-0.8092,-2.2748,-0.4427,40.44,On Head
311882,-2.1332,7.9464,6.3039,-0.1679,-1.5725,-1.3588,40.77,On Head
311932,-1.9992,7.6710,6.2058,-0.5649,-1.8473,-2.2443,40.86,On Head
311982,-2.1548,7.9583,6.1938,-1.9084,-1.1450,-3.8473,40.67,On Head
312032,-2.2027,8.0038,6.1411,-0.8244,-0.5802,-1.0840,40.67,On Head
312082,-2.1380,7.8961,6.1723,-1.1298,-0.9313,1.6031,40.72,On Head
312132,-2.0327,7.9607,6.1148,-0.8397,1.0229,-1.0534,40.58,On Head
312182,-2.0830,7.9703,6.0238,-1.4656,1.2672,-0.6718,40.91,On Head
312232,-2.2673,7.9200,6.2776,-1.3588,3.7710,1.4962,40.77,On Head
312282,-2.0375,7.9248,6.1076,-4.3664,4.0305,3.7863,40.58,On Head
312332,-2.1428,7.8051,6.3111,-2.0916,2.8397,0.7786,40.86,On Head
312382,-2.0399,7.8099,6.2680,-3.1756,0.9466,-0.8397,40.95,On Head
312432,-2.2290,7.8075,6.3063,-1.4351,0.6107,-2.3053,40.25,On Head
312482,-2.0901,7.8386,6.1411,-0.1221,-0.8397,0.3511,40.72,On Head
312532,-2.0806,8.1163,6.0885,-2.9313,2.0763,-2.2748,40.77,On Head
312582,-2.2817,7.8554,6.2752,-2.0000,1.1145,-1.5878,40.77,On Head
312632,-2.2482,7.8745,6.2297,-2.4885,-2.1221,-1.7863,40.67,On Head
312682,-2.2697,7.9631,6.2800,-2.4122,-0.6718,-0.9466,40.72,On Head
312732,-2.0830,7.7428,6.1531,-3.0534,0.7939,1.0382,40.53,On Head
312782,-1.9776,7.9320,6.1627,-3.0840,-0.4427,-0.3817,40.95,On Head
312832,-2.2936,7.7955,6.3853,-5.8931,0.8397,-2.7939,40.91,On Head
312882,-2.1261,7.8793,6.2560,-4.3969,-2.0611,0.4275,40.67,On Head
312932,-2.3511,7.8458,6.3614,-1.3893,1.1450,-1.3130,40.53,On Head
312982,-2.1691,7.8458,6.1818,-1.7252,-1.6947,0.9008,40.95,On Head
313032,-2.1021,7.7596,6.2010,-1.7099,-1.2061,0.4580,40.77,On Head
313082,-1.9944,7.6878,6.1603,-3.4046,-2.3359,-4.6412,40.53,On Head
313132,-2.3439,8.0756,6.2034,-1.5115,1.2214,-1.8779,40.77,On Head
313182,-2.5474,8.1139,6.1746,-4.7481,-1.0687,3.4046,40.86,On Head
313232,-2.4493,7.9535,6.2920,-9.5115,-2.4275,9.7099,40.77,On Head
313282,-1.8914,7.6854,6.4212,-2.1985,1.8015,4.0458,40.67,On Head
313332,-1.7095,7.7907,6.2321,0.6870,3.6794,-0.4580,40.77,On Head
313382,-2.0399,7.6495,6.2991,-0.2137,0.5954,-1.4656,40.77,On Head
313432,-2.1596,7.8410,6.3063,-3.9695,-1.3893,-5.3130,40.86,On Head
313482,-2.5426,8.0565,6.2800,-4.1679,-4.5649,-4.5191,40.77,On Head
313532,-2.0423,7.9104,6.0358,-4.8855,-1.7252,-0.4885,40.44,On Head
313582,-2.0063,7.8626,6.3279,-2.4580,0.1527,3.9847,40.72,On Head
313632,-2.2458,7.8626,6.4979,-1.4809,1.9389,0.1374,40.44,On Head
313682,-1.8124,7.7141,6.1794,-2.2137,0.0153,-1.1756,40.72,On Head
313732,-2.0255,7.8793,6.2704,-0.7939,1.4198,-0.5344,40.72,On Head
313782,-2.2936,7.8434,6.3063,-2.6565,1.9847,-0.6565,40.72,On Head
313832,-2.0303,7.6950,6.2991,-7.7557,4.4122,-2.5802,40.72,On Head
313882,-2.0662,7.8793,6.2991,-0.5191,2.1832,0.6260,40.72,On Head
313932,-2.2386,8.0134,6.1842,0.7939,5.0687,0.7023,40.67,On Head
313982,-2.4828,7.9607,6.3063,-4.4885,6.4885,5.1145,40.58,On Head
314032,-1.9465,7.8362,6.2968,-4.0458,3.0534,5.2214,40.53,On Head
314082,-1.9704,7.6279,6.5290,-3.7863,4.0916,3.0382,40.95,On Head
314132,-1.9896,7.6974,6.5362,-0.4580,0.7328,-0.9771,40.72,On Head
314182,-2.2386,7.6543,6.4667,-2.2443,-1.5573,-4.1679,40.67,On Head
314232,-2.0997,7.9392,6.1866,-3.1450,-0.4885,-1.6641,40.95,On Head
314282,-2.2410,7.8554,6.3614,-1.3130,-1.1908,0.2290,40.72,On Head
314332,-2.0686,7.7883,6.2752,-2.6565,-2.2595,-0.5344,40.95,On Head
314382,-1.9201,7.8482,6.0406,1.9542,4.0458,-3.8931,40.67,On Head
314432,-2.2458,7.9727,6.2034,-3.5420,5.1450,-0.9008,40.67,On Head
314482,-1.8627,7.9057,5.9616,-0.9466,9.4504,-1.0076,40.67,On Head
314532,-2.3774,7.7907,6.3303,-2.2443,17.3130,2.1069,40.39,On Head
314582,-1.3527,8.2265,5.6312,5.3893,41.9542,18.1985,40.77,On Head
314632,-0.1125,8.1427,4.2880,12.8244,96.7634,21.6183,40.72,On Head
314682,-2.7342,7.2664,4.5226,31.6794,134.2290,17.5114,40.58,On Head
314732,-4.0821,9.0429,4.3479,15.1145,132.4122,13.7710,40.67,On Head
314782,-5.0518,8.0565,4.8674,34.6718,91.9084,18.1374,40.86,On Head
314832,-3.9504,9.1075,3.4979,15.6336,82.5496,14.7786,40.72,On Head
314882,-4.2569,8.4372,3.4261,16.6718,66.7939,16.7939,40.77,On Head
314932,-3.8595,8.8442,2.9521,11.3435,64.4427,13.2519,40.72,On Head
314982,-3.7757,8.8825,2.5355,12.7634,64.7939,15.0687,40.67,On Head
315032,-3.7852,8.8322,2.2793,15.2824,67.1756,13.3435,40.86,On Head
315082,-3.7182,8.8681,1.7741,21.1756,64.3053,9.2214,40.34,On Head
315132,-4.0893,9.3182,1.5778,8.8550,59.0687,5.5420,40.77,On Head
315182,-4.2449,9.2775,1.3384,6.5496,41.8473,1.3740,40.58,On Head
315232,-4.5274,9.2273,1.5299,-2.7481,23.5878,-0.7176,40.95,On Head
315282,-4.4245,9.3757,1.4150,-9.5725,7.4809,-1.5573,40.67,On Head
315332,-4.1899,8.9447,1.5610,-10.2901,-4.5802,-0.6412,40.53,On Head
315382,-3.8547,8.8849,1.4892,-11.2519,-7.5573,-2.1679,40.67,On Head
315432,-4.0007,9.1889,1.5514,-8.5954,-6.5649,2.4275,40.58,On Head
315482,-3.6943,8.7747,1.5131,-6.3053,-5.6336,2.9466,40.72,On Head
315532,-3.6152,8.9711,1.4102,-4.1221,-3.7099,-4.0305,40.44,On Head
315582,-4.0989,9.2081,1.6999,-8.3359,-3.8931,2.9924,40.72,On Head
315632,-3.7421,9.0644,1.7957,-2.0611,-5.1603,1.9695,40.53,On Head
315682,-3.7804,8.8633,1.7909,-4.2137,-4.0763,2.5344,40.86,On Head
315732,-3.4141,8.8274,1.6759,-1.6183,-6.5649,0.0000,40.58,On Head
315782,-3.4165,9.0166,1.5490,-0.9618,-1.1908,-6.3511,40.53,On Head
315832,-3.8403,8.9687,1.6855,1.3282,-1.3435,-1.6336,40.77,On Head
315882,-3.7948,9.0668,1.5945,-0.2901,-3.1145,-3.7863,40.67,On Head
315932,-3.9073,9.1435,1.5945,-0.8397,-2.7939,-2.4427,40.53,On Head
315982,-3.6919,8.9208,1.4724,-1.1298,-1.6183,-2.5344,40.86,On Head
316032,-4.0007,8.9711,1.6712,-4.0611,-3.1145,-3.2824,40.91,On Head
316082,-3.9959,8.9902,1.7669,-5.9695,-3.8473,-3.0992,40.67,On Head
316132,-4.0893,9.0333,1.8052,-6.9618,-8.2901,1.4198,40.72,On Head
316182,-3.5291,8.8633,1.7214,-3.0840,-8.1069,0.8702,40.72,On Head
316232,-3.7230,9.1602,1.7454,-4.8092,-4.4733,-0.7939,40.67,On Head
316282,-3.8092,8.8226,1.9201,-4.9924,-5.3130,-0.7176,40.91,On Head
316332,-3.8068,9.0309,1.8842,-3.6794,-3.0840,-0.9466,40.39,On Head
316382,-3.7781,8.9663,1.9537,-2.7634,0.0611,-0.1832,40.72,On Head
316432,-3.8595,8.9974,1.9465,0.5344,0.6107,-0.8397,40.91,On Head
316482,-3.9025,9.1219,1.6759,1.0229,1.9237,2.1985,40.44,On Head
316532,-3.9576,9.0429,1.6089,-2.7176,-6.0916,1.0992,40.67,On Head
316582,-3.6990,9.1171,1.7095,-11.1603,-6.6107,-4.4580,40.67,On Head
316632,-3.7685,8.8777,2.0566,-12.4427,-5.0992,-0.5344,40.77,On Head
316682,-3.5793,8.8418,2.1500,-7.9542,0.7939,0.1679,40.67,On Head
316732,-3.8044,8.7077,2.2338,-2.3664,3.8168,-0.8244,40.72,On Head
316782,-3.9193,8.8322,2.2003,0.0611,0.8550,-1.1908,40.67,On Head
316832,-3.9241,9.1818,1.8603,3.0382,-0.2901,-2.7481,40.72,On Head
316882,-3.8044,9.2703,1.6855,-5.6489,2.3664,0.0153,40.77,On Head
316932,-3.8092,8.8562,2.0782,-9.1450,6.7634,0.0305,40.53,On Head
316982,-3.9552,8.7724,2.2793,-7.9389,6.2901,2.9313,40.77,On Head
317032,-3.6751,8.5856,2.2194,-6.7786,3.4504,1.8321,40.72,On Head
317082,-3.8714,8.6957,2.4086,-7.2977,1.3588,-0.6718,40.67,On Head
317132,-3.7972,8.7843,2.2745,-2.9618,0.7176,-2.3359,40.72,On Head
317182,-3.9672,8.9016,2.2434,-0.8397,2.2748,-1.9542,40.67,On Head
317232,-3.9025,9.0525,2.0590,-0.8244,1.7252,0.7023,40.72,On Head
317282,-3.7565,8.9232,2.1308,-3.3740,3.9084,0.6870,40.77,On Head
317332,-3.6703,8.6287,2.0782,-1.2672,4.8550,-5.2824,40.86,On Head
317382,-4.1276,8.9352,2.3128,-3.8931,2.5802,-3.1908,40.67,On Head
317432,-3.9840,9.0621,2.0758,-1.9237,3.4504,-2.0000,40.39,On Head
317482,-4.1300,8.9423,2.1093,-3.1145,5.9542,1.4198,40.86,On Head
317532,-4.0318,8.8897,2.0614,-4.4885,6.4275,6.2595,40.77,On Head
317582,-4.4819,9.0668,1.7023,-5.5267,13.7405,11.3740,40.72,On Head
317632,-4.0510,9.3518,1.4676,-7.2519,21.0534,45.9084,40.72,On Head
317682,-4.4173,10.2927,1.7478,-14.2443,25.2214,73.5115,40.67,On Head
317732,-3.4955,9.4284,2.4541,-7.1908,22.2443,70.9771,40.95,On Head
317782,-2.0231,8.6766,2.7222,-5.1603,7.6031,50.6565,40.77,On Head
317832,-1.0104,8.9423,2.4804,-5.7099,-1.2977,23.8015,40.67,On Head
317882,-1.2043,8.9447,2.0255,-6.7176,4.0916,-18.7328,40.67,On Head
317932,-2.6240,9.9455,2.3224,-7.8321,-13.8473,-1.0229,40.77,On Head
317982,-2.0830,9.7420,2.3367,-15.0534,-18.5038,2.0916,40.67,On Head
318032,-1.9058,8.9447,2.7940,-11.0382,-25.4962,-2.0458,40.77,On Head
318082,-1.7717,9.2727,2.5666,-5.7252,-31.2977,-7.9389,40.72,On Head
318132,-2.2601,9.2081,2.9856,-9.3893,-38.3053,-7.3893,40.67,On Head
318182,-2.3272,9.5624,2.9712,-7.0992,-45.0840,-10.2901,40.77,On Head
318232,-1.1947,8.9807,2.9233,-5.2824,-55.0076,-19.2977,40.53,On Head
318282,-2.4732,9.2488,3.0406,6.9924,-45.1298,-44.8702,40.53,On Head
318332,-3.0670,10.0580,2.7677,2.0611,-38.8092,0.9008,40.72,On Head
318382,-2.6911,10.0987,2.7126,-2.9313,-49.1145,23.5420,40.58,On Head
318432,-2.9401,9.7683,3.3064,-5.9389,-53.6947,29.0840,40.72,On Head
318482,-3.3806,10.6015,4.4508,-11.8321,-57.8168,26.4733,40.86,On Head
318532,-0.5435,9.7971,2.5833,21.7863,-36.9771,57.3893,40.67,On Head
318582,1.1420,9.4834,2.2458,13.5573,-13.7099,59.9237,40.67,On Head
318632,1.1444,9.0549,2.6336,-8.5802,-11.1145,28.5344,40.72,On Head
318682,0.7087,8.7963,2.5857,-3.7405,-4.5344,17.9389,40.86,On Head
318732,0.8068,8.6957,2.8276,0.6718,-6.2595,18.1221,40.67,On Head
318782,1.5275,8.8873,2.4924,-5.4198,1.9542,4.5344,40.86,On Head
318832,0.8164,9.2584,2.7773,1.7557,3.0382,-6.1679,40.86,On Head
318882,0.7422,9.6893,2.9904,-12.1374,1.7557,-15.4809,40.67,On Head
318932,-0.3208,10.5752,3.2370,-3.3435,1.6794,-7.2519,40.67,On Head
318982,-0.0383,9.7971,3.3303,-10.9618,0.8244,3.4351,40.58,On Head
319032,0.2227,9.6534,3.6607,-4.9924,0.0000,8.1985,40.67,On Head
319082,0.4932,9.3134,3.5841,-3.1145,2.0763,6.2748,40.86,On Head
319132,0.6273,9.9647,3.5865,4.9313,10.4122,24.2290,40.95,On Head
319182,2.1404,9.5624,2.6145,24.5954,48.9313,34.7481,40.67,On Head
319232,1.1660,10.5010,2.6528,28.6718,71.1603,28.8397,40.58,On Head
319282,1.1612,10.5800,1.9944,26.1527,85.6641,21.2672,40.67,On Head
319332,0.0694,11.4706,2.1739,16.2595,84.8855,43.2824,40.67,On Head
319382,1.8076,9.9958,2.4756,-17.2672,96.1374,33.1450,40.91,On Head
319432,-2.1380,7.5729,4.7357,33.3130,51.4809,19.7252,40.67,On Head
319482,1.7741,8.2384,1.7980,31.8779,14.4275,30.7328,40.67,On Head
319532,2.5738,8.8370,1.4006,14.9313,20.3359,23.1298,40.67,On Head
319582,2.5738,8.3941,1.8292,7.5267,15.5267,6.5802,40.58,On Head
319632,3.1196,8.8131,1.8675,9.8931,18.4886,-9.7557,40.72,On Head
319682,1.7166,9.7061,2.0231,17.8168,15.9847,-25.3893,40.77,On Head
319732,1.0774,10.7404,1.2282,16.3511,17.1298,-23.6336,40.58,On Head
319782,0.9720,11.2791,0.5938,2.4427,25.5725,0.3664,40.77,On Head
319832,1.9321,11.0756,0.1628,-15.1756,51.1145,24.8550,40.77,On Head
319882,1.3647,10.6398,1.0199,-14.0153,72.8244,26.1374,40.58,On Head
319932,1.4102,8.8035,2.2577,-4.0763,70.6870,13.8473,40.53,On Head
319982,0.3376,10.1394,3.1412,-5.7710,36.0000,6.3206,40.67,On Head
320032,0.5459,9.4403,3.3998,-11.9847,8.7328,-0.3664,40.77,On Head
320082,1.1899,9.2273,3.2681,-7.5878,-9.1145,-2.4275,40.91,On Head
320132,1.1995,9.1171,2.9616,0.3664,-16.4733,-3.8473,40.77,On Head
320182,1.6281,9.3709,2.1715,7.8473,-15.4962,-4.2443,40.53,On Head
320232,1.5490,9.9599,1.7478,6.5344,-10.9160,-5.7557,40.72,On Head
320282,1.5850,9.9024,1.5443,1.1908,-10.9160,-3.2672,40.77,On Head
320332,1.5395,10.2041,1.5443,-1.0992,-7.1756,-2.6260,40.67,On Head
320382,1.5945,10.1825,1.7741,-8.9924,-2.5344,-1.9389,40.91,On Head
320432,1.2210,9.8833,2.2266,-7.0534,-3.5420,-1.0687,40.77,On Head
320482,1.3072,9.7324,2.3655,-6.2901,-9.4656,-0.8092,40.95,On Head
320532,1.0798,9.6989,2.4828,-1.9084,-18.0458,-1.6489,40.67,On Head
320582,1.2953,10.0126,1.8364,1.1908,-25.2214,3.2672,40.72,On Head
320632,1.8842,10.0700,1.5921,-2.5649,-19.1603,2.9008,40.72,On Head
320682,1.0439,9.9072,1.8866,-7.2824,-17.7863,9.9084,40.53,On Head
320732,1.7190,10.3645,1.6352,-6.2901,-14.2443,10.8550,40.72,On Head
320782,1.2737,9.8689,2.0758,-13.8931,-18.8397,13.7557,40.67,On Head
320832,1.8100,10.9152,2.8635,-19.8168,-22.6260,11.5267,40.67,On Head
320882,-0.7015,9.0477,3.9193,-22.7328,-72.9008,7.7252,40.77,On Head
320932,2.6121,11.4850,1.0894,-16.9466,-86.0153,22.7939,40.67,On Head
320982,3.6152,8.7891,1.4293,-34.6870,-61.4809,24.6565,40.77,On Head
321032,4.0654,7.7548,1.5562,-8.8855,-46.8092,15.8015,40.77,On Head
321082,5.0542,7.5992,1.3934,-5.4504,-28.0000,7.4351,40.77,On Head
321132,4.5586,7.9080,1.4293,9.2672,-9.7710,-12.0611,40.58,On Head
321182,4.4149,9.5960,1.2210,-3.6336,0.8244,-28.5649,40.77,On Head
321232,2.2194,9.7276,2.1524,-12.1985,8.1679,-30.0000,40.67,On Head
321282,2.0758,9.9910,2.4493,-15.2519,0.8397,-16.0763,40.72,On Head
321332,2.6264,9.5193,2.5091,-6.4427,6.9924,-11.2824,40.86,On Head
321382,2.8108,8.7556,2.5450,-7.3435,2.4275,-17.7863,40.77,On Head
321432,3.9121,7.9152,2.1165,-4.9008,1.8931,-32.5191,40.72,On Head
321482,3.3327,6.3662,1.9776,-19.0534,3.0229,-51.3130,40.91,On Head
321532,4.2090,6.9288,2.4325,-8.9924,5.6031,-75.2366,40.67,On Head
321582,2.2290,6.8474,2.0159,2.1832,-0.6718,-156.3969,40.67,On Head
321632,-1.8531,11.5784,2.2003,-2.8702,29.3893,-150.3664,40.67,On Head
321682,-4.1180,10.9535,1.8148,9.5878,31.4198,-117.9847,40.95,On Head
321732,-5.1739,11.6358,2.5833,-7.6489,21.7557,-78.5191,40.67,On Head
321782,-7.0461,12.3804,2.9209,-12.5191,16.6260,-56.5649,40.77,On Head
321832,-5.0015,9.3087,2.7031,-20.1679,10.4733,-32.2901,40.72,On Head
321882,-5.3893,10.2568,3.3662,-16.8702,6.1527,-26.5954,40.91,On Head
321932,-5.7054,8.3510,2.8778,-1.8473,5.1298,-17.9542,40.58,On Head
321982,-5.1811,9.1219,2.4588,-6.8092,-3.0382,-10.2443,40.91,On Head
322032,-5.4636,9.7420,2.5570,-11.7252,5.2214,-6.8092,40.86,On Head
322082,-6.0094,10.9894,4.0342,-20.3206,1.8015,-9.4046,40.95,On Head
322132,-7.2233,10.7380,4.3335,-2.1985,5.1908,0.6718,40.77,On Head
322182,-6.3973,10.9702,3.9097,8.2748,0.0305,10.3206,40.91,On Head
322232,-5.9831,6.8450,4.2162,-10.5496,3.2214,15.3130,40.67,On Head
322282,-4.6567,8.3558,2.6073,37.0840,-11.3130,57.4809,40.77,On Head
322332,-3.6081,11.5999,2.1045,-4.6260,-24.6260,25.2214,40.67,On Head
322382,-4.7238,9.5313,4.1396,-22.5802,-15.8626,6.9924,40.91,On Head
322432,-4.7836,8.7221,4.4915,2.2901,-18.8244,21.3435,40.86,On Head
322482,-4.9368,9.2512,4.0438,9.7405,-25.2214,16.9313,40.67,On Head
322532,-6.0741,9.9599,4.1922,-5.5573,-60.1985,43.7099,40.67,On Head
322582,-3.9935,8.4324,4.3335,-3.8321,-78.0458,34.7634,40.77,On Head
322632,-2.3559,7.5393,3.3040,3.4656,-75.2214,33.0840,40.91,On Head
322682,-2.8467,8.6886,3.6320,26.0611,-62.6260,33.7099,40.86,On Head
322732,-2.4684,8.9064,2.8659,19.4809,-60.5038,32.5191,40.72,On Head
322782,-1.7454,6.4979,2.4373,28.8550,-63.5420,25.2366,40.72,On Head
322832,0.0359,6.4165,0.6009,24.2595,-61.2672,11.9237,40.77,On Head
322882,0.8930,6.4715,0.3041,7.0076,-36.8855,2.8855,40.91,On Head
322932,-0.1269,5.2529,1.0032,31.8626,-38.0000,5.8321,40.72,On Head
322982,0.8499,7.6088,-0.2131,44.5954,-56.0153,3.1450,40.72,On Head
323032,-2.0614,10.5824,-0.3376,17.4504,-66.4275,-22.5344,40.86,On Head
323082,-3.7014,10.0604,0.3831,-19.0840,-133.4962,-10.7634,40.72,On Head
323132,-0.7254,11.0253,-0.4788,-2.0763,-175.0687,1.4962,40.67,On Head
323182,1.0654,9.9240,-0.4597,-37.2061,-178.4733,-18.1527,40.67,On Head
323232,1.9369,9.4403,1.0319,-44.1985,-158.4275,-18.9160,40.86,On Head
323282,2.6360,9.3685,3.0861,-48.5954,-128.3359,-24.5344,40.53,On Head
323332,1.8986,8.0206,4.7477,-17.5114,-95.2061,-2.5802,40.44,On Head
323382,2.3487,9.7779,4.7836,9.7710,-86.9008,9.7405,40.67,On Head
323432,2.2793,8.5473,5.2313,9.9084,-76.6107,4.9466,40.58,On Head
323482,2.5426,8.7221,4.4221,27.2061,-77.0992,14.9313,40.67,On Head
323532,3.2920,8.5042,3.1699,28.7481,-70.2137,13.9237,40.72,On Head
323582,3.6296,9.0932,2.6312,20.4733,-61.1756,4.1069,40.67,On Head
323632,2.8036,9.0094,2.3128,19.3893,-49.9389,-8.6107,40.91,On Head
323682,2.2529,9.4188,1.9465,16.2137,-49.4198,-16.7176,40.86,On Head
323732,2.0231,10.5153,1.9656,0.1069,-43.6794,-27.4046,40.91,On Head
323782,2.3008,8.4707,2.0135,1.4656,-40.7328,-23.4656,40.58,On Head
323832,4.0438,9.4715,0.0838,20.3359,22.9466,-30.4427,40.67,On Head
323882,-0.9768,10.2855,0.8978,12.9160,36.8397,-55.1145,40.58,On Head
323932,-1.9968,11.6957,0.7542,5.1145,11.0076,-17.3130,40.67,On Head
323982,-0.7398,10.5943,0.8356,-15.0992,-16.6260,-14.5802,40.77,On Head
324032,-0.4190,9.5816,0.8835,-5.2061,-22.8855,-14.7481,40.67,On Head
324082,-0.4549,10.0796,0.5962,-1.1756,-27.9695,-1.5267,40.77,On Head
324132,0.8882,9.9120,0.5483,1.3588,-20.5191,3.2519,40.77,On Head
324182,0.6009,9.7588,0.3136,3.5267,-7.3588,-11.3740,40.67,On Head
324232,-0.5315,10.0724,0.2825,7.3588,-1.5267,-13.7863,40.67,On Head
324282,-0.9218,10.1059,-0.1149,6.6565,-2.6412,-10.3511,40.86,On Head
324332,-0.8835,10.1754,-0.2586,-1.3893,-2.3511,3.9237,40.72,On Head
324382,-0.1221,9.8952,-0.0192,-5.5420,-1.8168,11.3588,40.72,On Head
324432,0.5148,9.9766,0.0934,-1.6489,-0.1069,5.8321,40.86,On Head
324482,0.8308,10.2400,0.0311,2.4733,6.3053,-2.0000,40.86,On Head
324532,0.3328,10.3477,-0.0958,0.5954,9.8626,-1.3740,40.91,On Head
324582,0.4956,9.9551,-0.0503,-3.5115,7.6794,2.4733,40.72,On Head
324632,0.4046,10.0772,-0.0359,-7.9542,8.5802,-0.0458,40.67,On Head
324682,0.5602,9.6989,-0.0287,-6.1221,8.7328,-1.9389,40.72,On Head
324732,0.5124,10.3382,-0.5219,-7.6336,16.3359,-5.2214,40.91,On Head
324782,0.2179,10.1538,-0.2682,-14.3053,22.5496,-3.4504,40.91,On Head
324832,0.1604,10.1418,-0.0958,-16.4886,28.8397,-3.8015,40.67,On Head
324882,0.0168,9.9742,0.1820,-16.1374,34.4122,-1.4046,40.77,On Head
324932,-0.1125,10.2113,0.7446,-17.6794,34.2443,1.5115,40.77,On Head
324982,0.0455,10.3501,1.3815,-15.6336,32.0763,-4.6107,40.95,On Head
325032,-0.4908,9.3685,1.5371,-10.0763,31.5420,-10.9618,40.77,On Head
325082,-0.2993,9.3685,1.8938,-9.9084,25.4504,0.5802,40.91,On Head
325132,-0.0072,9.4547,2.3607,-7.5115,23.0076,-1.9237,40.77,On Head
325182,-0.0958,9.7707,2.4828,-4.4275,19.2672,-7.2214,40.91,On Head
325232,-0.5100,10.1083,2.7581,-5.3282,14.4122,-12.8702,40.86,On Head
325282,-1.1372,10.2855,2.7533,-3.2366,7.0534,-11.6947,40.86,On Head
325332,-0.9146,10.0556,2.5115,-9.0382,-1.2519,-0.9771,40.72,On Head
325382,-1.0702,9.6271,2.6097,-15.1298,-9.9237,3.5573,40.91,On Head
325432,-0.7183,9.8330,2.5881,-16.5802,-20.1374,5.4656,40.91,On Head
325482,-0.6776,9.6391,3.0694,-19.0840,-26.1374,-0.8855,40.95,On Head
325532,-0.9122,9.7851,3.6775,-21.6183,-40.1985,-3.1756,40.72,On Head
325582,-0.7087,9.0309,4.0582,-19.9237,-56.4122,-4.4580,40.67,On Head
325632,-0.7853,8.5904,4.4508,-10.3817,-74.7023,-12.3511,40.67,On Head
325682,-0.3089,8.6000,4.1108,2.7939,-89.0840,-22.3969,40.72,On Head
325732,-0.2538,9.0597,3.5243,14.1985,-92.5191,-35.9542,40.72,On Head
325782,-0.7111,10.0509,3.2489,9.3893,-92.3511,-44.9008,40.67,On Head
325832,-1.1420,10.0221,3.5817,0.7786,-80.2137,-43.9542,40.77,On Head
325882,-1.4293,9.7109,3.8475,4.7023,-68.7634,-26.1985,40.91,On Head
325932,-1.2091,9.1411,3.9409,14.8397,-56.1069,-11.0076,40.67,On Head
325982,-0.6728,9.2129,3.5817,28.2748,-44.0153,-1.3435,40.67,On Head
326032,-0.4717,9.4403,3.3184,29.7710,-36.1832,-3.8473,40.91,On Head
326082,-0.2203,9.4595,3.2777,29.9237,-28.1527,-3.2672,40.72,On Head
326132,0.7997,8.4372,2.5905,58.2901,15.5573,6.9466,40.86,On Head
326182,-0.8906,9.9168,1.8244,78.1679,31.1756,13.0687,40.77,On Head
326232,-1.1372,10.7260,0.6632,56.5038,18.1985,11.3740,40.77,On Head
326282,-1.0606,10.4076,0.4262,30.1527,0.1221,11.4809,40.72,On Head
326332,-0.3136,10.5273,-0.2011,22.9160,-7.4656,7.0687,40.77,On Head
326382,-0.1652,10.1299,-0.4788,10.0458,-5.3740,3.8473,40.72,On Head
326432,-0.0982,9.3039,-0.2873,8.0611,-4.7481,5.1756,40.77,On Head
326482,0.0311,9.4786,-0.5171,10.4275,-2.2443,5.5725,40.58,On Head
326532,-0.1820,9.0788,-0.5650,19.0382,5.8931,-1.3893,40.72,On Head
326582,-0.3472,9.3111,-0.8116,20.9771,-0.9618,-8.9466,40.77,On Head
326632,-0.8284,10.0820,-1.5778,24.3053,0.5802,-8.9466,40.39,On Head
326682,-0.4453,10.0509,-1.6855,7.9389,-5.8931,3.2061,40.67,On Head
326732,-0.0455,9.8976,-1.8938,10.0153,-3.0992,-1.8015,40.77,On Head
326782,-0.1796,10.1131,-2.3894,7.2977,-2.9008,-9.8931,40.77,On Head
326832,-0.6632,10.2663,-2.5786,2.6718,0.5344,-2.3206,40.58,On Head
326882,-1.0606,10.6734,-2.8299,2.0153,-2.8244,6.0611,40.77,On Head
326932,-0.5459,10.4651,-3.1316,-15.3435,-2.3969,18.9466,40.95,On Head
326982,-0.3615,9.9240,-2.6312,-31.9542,-1.9084,26.9466,40.91,On Head
327032,-0.3448,9.2488,-2.1596,-30.5038,5.1756,27.4198,40.58,On Head
327082,0.2466,9.4116,-1.7765,-34.8092,1.1450,38.5954,40.72,On Head
327132,0.3615,10.6087,-1.5443,-31.1908,12.0458,39.4504,40.72,On Head
327182,0.9002,10.7356,-0.8906,-26.8397,12.4427,56.5344,40.77,On Head
327232,0.7805,10.7428,-0.7901,-20.8244,12.2290,70.4427,40.91,On Head
327282,2.2482,9.2608,-0.8811,-27.6489,6.9313,77.0687,40.95,On Head
327332,2.6552,8.8011,-0.5291,-27.4504,14.1221,76.9160,40.77,On Head
327382,3.9313,8.4276,-0.3998,-32.8855,9.2366,72.8550,40.72,On Head
327432,4.9895,8.5305,0.0024,-35.5420,14.3817,66.3359,40.67,On Head
327482,5.5426,8.5856,0.6345,-30.5802,19.4046,57.2824,40.91,On Head
327532,6.2106,8.1930,1.1732,-28.9160,20.3359,35.2977,40.77,On Head
327582,5.8610,8.0086,2.2434,-40.2290,19.6031,13.8321,40.77,On Head
327632,4.7692,7.3933,2.5905,-12.7481,2.5649,5.0534,40.72,On Head
327682,6.0118,8.6359,1.5802,-27.7252,-20.3511,-3.2824,40.72,On Head
327732,6.0190,7.6567,1.6472,-23.7405,-18.6718,-15.1145,40.77,On Head
327782,6.3638,8.8418,1.9010,-9.6183,-16.3206,-21.5573,40.91,On Head
327832,6.4069,8.2935,2.0207,-10.8550,-15.4656,-39.7863,40.86,On Head
327882,3.9504,8.4156,2.8204,-2.6107,-26.0305,-73.0534,40.58,On Head
327932,3.3064,10.3453,2.0231,-1.3740,-33.6641,-66.3206,40.91,On Head
327982,3.7086,9.3901,2.0758,-10.0916,-24.8702,-58.5649,40.58,On Head
328032,2.9928,8.5904,2.4493,-15.6794,-13.1298,-47.0229,40.77,On Head
328082,2.4804,8.4563,2.9233,-19.9084,-9.9237,-27.3893,40.67,On Head
328132,2.7821,8.8705,3.8666,-26.3359,-10.6260,-19.5725,40.91,On Head
328182,2.3439,8.5928,4.5442,-21.2366,-21.5725,-33.6031,40.86,On Head
328232,1.8268,8.9950,4.5466,-7.5725,-38.2443,-33.4351,40.86,On Head
328282,2.4445,9.2033,3.9935,-1.6336,-40.8092,-25.1603,40.67,On Head
328332,2.6600,9.2129,3.7972,-7.4809,-37.2519,-22.7328,40.53,On Head
328382,2.4612,8.5210,3.3830,0.3206,-32.0458,-22.8702,40.67,On Head
328432,2.6169,9.3996,3.1723,0.5802,-24.5038,-12.3206,40.72,On Head
328482,1.9369,8.6598,3.6751,-7.9542,-12.2748,-7.0840,40.72,On Head
328532,1.8004,9.5936,3.4429,13.3282,-8.8550,0.8702,40.91,On Head
328582,2.9161,12.5432,3.4740,24.2137,2.9008,12.5191,40.53,On Head
328632,3.0095,12.4355,0.9529,29.4809,3.8779,-0.9313,40.77,On Head
328682,3.9696,12.1314,-0.2227,6.1679,32.5649,-25.4809,40.86,On Head
328732,-0.1604,9.5074,0.0718,-29.5878,52.9618,-30.1679,40.67,On Head
328782,-0.9936,8.1762,1.4676,-33.3282,25.3130,5.4962,40.91,On Head
328832,0.0072,8.8035,2.1237,0.5496,12.3053,5.8168,40.72,On Head
328882,0.4932,10.1706,1.0367,21.0840,13.4504,-1.2672,40.86,On Head
328932,1.1109,10.1275,0.6105,7.0840,8.9313,2.0000,40.77,On Head
328982,1.7286,9.4260,0.3903,-7.3130,17.6489,0.2137,40.86,On Head
329032,0.8859,8.6766,0.8212,-9.2824,26.4580,-7.2824,40.95,On Head
329082,1.1157,9.0046,0.6297,2.1069,26.3359,-0.3359,40.72,On Head
329132,-0.6273,9.7995,1.5395,-1.1908,21.8168,13.4809,40.58,On Head
329182,0.4429,9.9814,1.5012,7.7405,-8.4427,23.5573,40.67,On Head
329232,2.1787,10.5393,0.7422,2.1221,-12.2595,13.3893,40.95,On Head
329282,2.5690,10.3382,0.7566,-0.7176,8.5802,22.3359,40.77,On Head
329332,2.6528,11.1043,1.9848,2.0000,18.1221,26.4733,40.72,On Head
329382,4.3407,10.0628,0.5171,-4.5802,-1.6947,15.3588,40.77,On Head
329432,2.5307,10.4698,1.9585,-22.1832,6.5802,-7.6794,40.72,On Head
329482,1.1779,8.9040,3.5314,-27.9695,11.3893,-26.3206,40.91,On Head
329532,0.3017,8.5162,4.2904,-6.3664,3.5420,-16.8550,40.77,On Head
329582,1.4676,8.3582,3.8523,11.1756,-4.7939,-12.0611,40.44,On Head
329632,0.6512,8.4204,3.7134,15.2061,-8.8702,-37.7099,40.86,On Head
329682,-0.4549,9.2081,3.3160,17.0687,-26.5038,-21.8779,40.86,On Head
329732,-0.0431,9.4906,2.7677,15.2214,-42.6260,-23.4046,40.86,On Head
329782,0.0982,9.2775,2.4421,4.4122,-45.3435,-18.1374,40.67,On Head
329832,0.4788,9.4547,2.4852,-4.3664,-44.2290,-7.9695,40.72,On Head
329882,0.8404,9.4882,2.8946,-7.1298,-33.0992,-5.5725,40.67,On Head
329932,0.9744,9.9479,2.6743,2.7328,-24.1985,-15.6183,40.77,On Head
329982,1.0271,9.6438,1.7286,-0.1832,15.7252,-6.9771,40.67,On Head
330032,0.5267,16.7307,1.0654,42.0305,10.4427,13.3435,40.58,On Head
330082,0.3065,13.4602,0.3926,16.3053,7.2824,-9.4198,40.86,On Head
330132,-0.5315,8.7269,0.4788,16.0000,-0.8244,-8.2595,40.67,On Head
330182,-0.5842,9.2344,-0.1939,5.2061,-16.6565,-2.4580,40.67,On Head
330232,0.5507,9.4140,-0.2322,-9.1298,-19.7405,4.4733,40.67,On Head
330282,0.0263,9.3972,0.1269,-16.7481,-6.9466,-13.7405,40.77,On Head
330332,-0.8619,9.6558,0.3998,-9.6336,-4.4885,-6.0916,40.95,On Head
330382,0.5195,9.9886,-0.3926,-19.6031,13.5267,-19.6641,40.77,On Head
330432,-0.2538,9.2464,0.0551,-32.0458,58.1221,-29.4351,40.67,On Head
330482,-0.5363,9.0788,0.1652,-19.8779,71.8473,-8.3664,40.53,On Head
330532,0.1748,9.3829,-0.3687,-18.1527,111.4809,0.3817,40.91,On Head
330582,-0.7254,9.3733,0.2274,-7.4351,131.2519,7.1298,40.72,On Head
330632,-0.8308,10.3525,0.3136,-11.8168,129.6641,-2.6107,40.86,On Head
330682,-2.2984,10.6638,1.1349,-19.8015,114.9008,-4.4122,40.72,On Head
330732,-2.3822,9.8545,1.6472,-23.6489,77.5420,15.7099,40.53,On Head
330782,-1.6927,9.4858,1.4245,-17.3588,52.5802,14.2443,40.77,On Head
330832,0.0359,13.1968,1.8699,-25.2366,56.0916,9.7710,40.72,On Head
330882,-1.0415,10.3118,2.5115,12.0153,67.3282,-10.8550,40.77,On Head
330932,-2.3774,8.1738,1.8148,1.2366,65.9695,-14.9618,40.77,On Head
330982,-1.7310,9.9024,2.0997,-18.8550,76.9771,12.8092,40.72,On Head
331032,-1.4198,9.3637,2.8467,-10.6412,91.8015,16.6107,40.86,On Head
331082,-1.7502,8.9328,2.3296,3.0076,92.2595,11.1756,40.77,On Head
331132,-1.8627,8.4443,2.0997,-1.7099,86.6870,6.0305,40.77,On Head
331182,-2.2697,10.2735,1.2713,8.6565,68.7481,3.0687,40.91,On Head
331232,-1.9417,9.0597,1.5395,-22.4733,63.0840,-3.9847,40.86,On Head
331282,-2.4325,9.3733,1.8675,-14.5496,65.9542,10.2595,40.77,On Head
331332,-2.2577,9.1722,2.3439,-4.6260,65.1756,4.4885,40.77,On Head
331382,-2.0806,10.0940,1.6688,3.8168,69.6947,2.4733,40.86,On Head
331432,-1.4820,10.9798,1.4820,-10.8092,85.1298,25.4046,40.58,On Head
331482,0.0527,8.1642,1.7645,-50.0458,84.0153,16.8397,40.77,On Head
331532,-2.0518,10.5273,1.0822,12.1832,100.6565,24.0763,40.72,On Head
331582,-0.5626,10.3573,-0.7087,12.8855,95.5725,34.3969,40.95,On Head
331632,-0.4070,9.9144,-1.2617,7.8473,87.8168,28.6870,40.72,On Head
331682,0.2035,9.8067,-1.9417,-3.7863,83.3130,16.4733,40.72,On Head
331732,0.2969,10.0509,-2.3487,-14.1069,97.5573,-1.6336,40.86,On Head
331782,-1.1660,11.0421,-2.2003,-31.5573,110.1374,2.8244,40.77,On Head
331832,-2.2362,10.9032,-0.7638,-36.7023,109.6183,24.6260,40.72,On Head
331882,-1.3575,9.9407,0.2274,-34.5649,100.7481,41.2824,40.67,On Head
331932,-1.0846,9.7324,0.7757,-24.7176,84.7328,46.2290,40.67,On Head
331982,-0.7542,9.5457,1.3910,-17.3282,64.3206,40.7176,40.77,On Head
332032,-0.5052,9.8474,2.2577,-16.1069,42.8550,33.8626,40.72,On Head
332082,0.2753,9.4332,2.8228,-13.6641,21.2824,30.7634,40.77,On Head
332132,0.7542,8.2959,3.5219,-22.6718,13.5115,15.0076,40.72,On Head
332182,1.5754,10.3310,4.4317,-27.4504,10.5802,21.2977,40.77,On Head
332232,2.1141,9.1435,5.0709,-19.6794,13.7099,19.8321,40.77,On Head
332282,2.3128,8.6048,5.2313,-21.7863,12.0458,19.5114,40.77,On Head
332332,2.5857,7.7955,5.0039,-6.9008,11.4504,10.7023,40.77,On Head
332382,2.1835,8.7460,4.5849,0.3206,10.7176,4.1832,40.72,On Head
332432,2.1572,8.5449,4.8985,-13.5420,12.3053,0.8397,40.67,On Head
332482,2.3750,8.5258,4.9919,-4.8702,11.9084,-10.6718,40.67,On Head
332532,2.4517,8.4396,5.0254,-5.9084,21.2519,-14.2137,40.67,On Head
332582,2.4038,8.6000,4.6136,0.5191,28.6107,-6.9618,40.58,On Head
332632,2.8802,10.0054,3.9672,3.6183,25.0992,3.4962,40.67,On Head
332682,2.4732,7.3861,2.3894,-11.9847,19.0992,-15.4809,40.77,On Head
332732,-0.1030,9.4595,2.0399,-5.0382,24.1221,-20.4580,40.67,On Head
332782,-1.2689,11.3318,0.6919,12.5191,24.8702,-17.5725,40.86,On Head
332832,-1.6472,10.1323,0.5339,-5.6183,18.1374,-5.6794,40.95,On Head
332882,-0.3663,9.6486,0.3472,-3.4351,25.2366,-8.5191,40.72,On Head
332932,-0.3855,9.3565,0.8116,-11.5725,38.5191,-10.9008,40.53,On Head
332982,-0.1604,8.4970,1.4245,-9.6183,33.5573,-5.9084,40.86,On Head
333032,0.1987,9.3302,1.7645,-19.2672,51.4962,-40.1374,40.77,On Head
333082,-2.2793,7.1730,1.7717,-10.6870,71.6336,-26.6718,40.86,On Head
333132,-0.8380,7.6160,1.2186,17.3740,63.2824,14.3817,40.86,On Head
333182,0.8715,8.4348,0.1389,-12.3359,84.2443,-12.7939,40.91,On Head
333232,-1.0750,9.9455,0.1317,-40.1069,88.9160,-19.3588,40.67,On Head
333282,-4.0318,8.8226,4.5226,-85.9847,76.6565,-47.0687,40.44,On Head
333332,-4.9871,7.6902,5.9927,-37.5573,40.9618,-27.8168,40.77,On Head
333382,-3.1915,9.7899,4.7956,-24.7481,35.7099,-17.7557,40.86,On Head
333432,-5.7269,8.8178,6.4955,-40.2137,36.5191,-14.9771,40.77,On Head
333482,-3.6895,8.0948,5.6407,13.3435,32.8550,19.3588,40.58,On Head
333532,-4.1707,8.7676,5.5354,14.9771,38.9618,-1.8626,40.53,On Head
333582,-4.5610,9.3901,4.0223,36.9466,21.3893,9.2672,40.53,On Head
333632,-3.1412,9.5217,3.4668,-6.1985,3.0229,1.7710,40.67,On Head
333682,-3.1915,8.0996,4.1851,-18.4427,-6.8550,-9.0687,40.67,On Head
333732,-3.7158,8.9519,4.2904,-7.6183,-6.4580,-14.3664,40.67,On Head
333782,-3.8810,9.1626,2.7869,19.6794,-4.7634,-18.5802,40.77,On Head
333832,-4.4532,10.1993,2.8826,-23.6336,5.7405,16.2137,40.77,On Head
333882,-4.6304,7.7021,5.4516,-28.7939,-11.9389,31.0992,40.39,On Head
333932,-5.0182,8.5521,5.9376,-25.6947,-8.8397,5.3740,40.77,On Head
333982,-4.8195,8.8585,5.5713,13.5420,-13.1298,26.5649,40.91,On Head
334032,-4.8674,9.0022,3.6009,11.6336,-10.7023,76.1832,40.53,On Head
334082,-5.8778,11.9231,5.0709,-34.7176,-3.2672,52.7634,40.95,On Head
334132,-3.9385,11.0612,5.2385,-21.4198,-23.7405,33.2366,40.86,On Head
334182,-1.4557,9.1650,5.6264,7.1145,-11.4046,62.0305,40.86,On Head
334232,1.9130,10.4483,4.7214,38.1374,6.4427,71.7557,40.77,On Head
334282,2.0758,10.3022,4.0079,15.2366,21.5114,33.2977,40.77,On Head
334332,-0.3663,8.7245,4.2760,13.5573,15.7863,18.2595,40.77,On Head
334382,-0.0646,7.7141,3.3327,29.8168,16.1679,39.3282,40.77,On Head
334432,1.2809,8.3725,2.3463,21.5878,22.4122,54.6718,40.77,On Head
334482,1.7573,8.4036,2.7031,23.0992,22.0916,55.4046,40.67,On Head
334532,3.1149,8.9376,2.4445,18.5802,19.8015,54.4580,40.95,On Head
334582,3.5003,8.7317,2.6959,9.3740,18.7328,41.0382,40.72,On Head
334632,3.7709,8.5329,2.5307,4.5344,17.2366,23.6947,40.58,On Head
334682,2.8683,8.7364,2.6839,-0.8702,17.5420,23.8626,40.77,On Head
334732,3.3495,8.8753,2.6193,6.6412,17.2824,20.3053,40.91,On Head
334782,2.7509,8.6862,2.7102,5.2672,16.1527,11.8321,40.67,On Head
334832,2.9784,9.3446,2.8060,1.1908,8.8702,19.8779,40.53,On Head
334882,3.0885,8.8729,3.1508,5.0687,5.0076,11.5573,40.72,On Head
334932,3.1795,8.6239,3.2034,10.6565,2.1221,7.5878,40.77,On Head
334982,3.3806,8.5760,3.3303,24.6412,-8.8855,-6.1069,40.86,On Head
335032,3.5171,8.8705,2.6432,30.7939,-22.5191,-37.1908,40.67,On Head
335082,2.7126,9.1842,1.9034,33.2519,-33.5420,-50.5038,40.86,On Head
335132,2.3870,9.9240,1.2737,20.6870,-45.5878,-49.3740,40.77,On Head
335182,2.1883,10.1490,0.6153,9.4504,-45.8473,-50.4733,40.77,On Head
335232,1.2546,11.4994,0.0048,-7.2519,-29.2977,-37.1450,40.77,On Head
335282,0.7494,10.4770,0.8715,-17.8168,-28.9160,-8.9466,40.72,On Head
335332,1.4748,10.1107,1.0942,-19.5267,-25.9389,-5.9695,40.72,On Head
335382,1.5682,10.0676,1.3719,-20.4580,-28.5038,-8.8244,40.86,On Head
335432,1.6496,9.7947,1.6544,-21.4504,-23.8626,-12.3817,40.44,On Head
335482,1.3336,10.0197,1.8316,-15.5878,-15.3740,-12.1527,40.72,On Head
335532,0.8978,9.9455,2.0231,-11.9695,-7.0534,-3.4962,40.67,On Head
335582,0.8045,9.8976,1.9273,-0.9618,-1.5725,11.1908,40.95,On Head
335632,0.8571,9.6774,1.8268,2.8702,0.3206,15.0840,40.77,On Head
335682,1.0630,9.8043,1.8196,-0.4122,2.8855,11.0992,40.77,On Head
335732,0.9266,9.9192,2.0039,-0.3969,-3.3282,14.3206,40.95,On Head
335782,1.6951,9.9096,1.8196,-4.1069,-4.2595,12.3969,40.67,On Head
335832,2.0135,10.0126,1.8364,-2.9924,-0.0763,6.9924,40.77,On Head
335882,1.7526,9.9264,1.9225,-3.3282,-0.7176,-3.4962,40.72,On Head
335932,1.6376,10.0461,1.7358,-2.8244,-3.9389,-4.5802,40.95,On Head
335982,1.3886,9.9455,1.9034,-3.8168,-5.7557,-3.8015,40.95,On Head
336032,1.6161,10.1251,1.6640,-3.9389,-4.0458,2.5649,40.95,On Head
336082,1.6592,9.8306,1.7621,-3.2977,-0.3511,5.4656,40.67,On Head
336132,1.1875,9.9862,1.8938,-3.6183,-3.6641,8.5038,40.77,On Head
336182,1.4724,10.1323,1.8268,-10.5191,-8.4275,17.9389,40.72,On Head
336232,1.8555,9.7109,1.9058,-7.0992,-12.6718,23.0992,40.86,On Head
336282,2.6647,9.8019,1.6831,-10.3969,-8.8244,20.4122,40.77,On Head
336332,3.1173,9.8474,1.5634,-7.8626,-4.3817,9.7863,40.72,On Head
336382,3.1316,9.7971,1.4605,-15.1145,-0.5344,2.9466,40.58,On Head
336432,3.3399,9.5529,1.5538,-17.7099,-1.3435,-5.9389,40.95,On Head
336482,3.7852,9.9096,1.5131,-24.1374,0.8092,-12.1069,40.67,On Head
336532,3.6919,9.3422,1.7214,-33.1145,9.7557,-23.3435,40.86,On Head
336582,2.8683,9.5529,2.4253,-38.0763,16.9466,-38.3817,40.67,On Head
336632,1.2785,9.8330,3.1867,-36.3053,22.0000,-42.3206,40.95,On Head
336682,0.1939,9.6534,3.9480,-33.8015,14.0000,-29.2366,40.72,On Head
336732,0.4381,9.6319,4.0270,-19.3130,6.0611,-15.6489,40.95,On Head
336782,0.3328,9.6438,3.8355,-18.0153,-0.1985,-11.9389,40.95,On Head
336832,0.6608,9.5648,3.7421,-16.5954,-6.8855,-5.8168,40.86,On Head
336882,1.0798,9.2464,3.6464,-17.5114,-10.7939,-4.2443,40.67,On Head
336932,1.1827,9.1459,3.9792,-18.8244,-12.7023,-5.9389,40.77,On Head
336982,1.4030,9.2392,3.9456,-18.4427,-11.8779,-3.2977,40.91,On Head
337032,1.3048,9.0525,3.9552,-13.0382,-11.4809,-9.5267,40.86,On Head
337082,0.9074,8.7963,3.8762,-16.3817,-21.1756,-15.6183,40.72,On Head
337132,-0.4573,10.3070,3.9456,-23.4962,-31.6641,-9.2977,40.91,On Head
337182,0.6704,9.4619,4.1875,-56.1374,-54.3969,10.1679,40.77,On Head
337232,1.7597,7.3334,4.8507,-41.4504,-55.7863,3.0840,40.77,On Head
337282,2.4469,7.7189,4.6567,-39.5573,-44.5649,-12.2443,40.86,On Head
337332,2.0039,7.4412,4.9536,-39.2519,-37.6947,-24.9008,40.72,On Head
337382,1.5083,7.6064,5.7557,-47.2366,-34.6107,-28.3206,40.67,On Head
337432,1.2570,7.1682,6.6080,-53.3435,-26.4886,-31.6641,40.86,On Head
337482,0.5052,7.3047,7.8219,-54.2137,-22.3511,-35.7099,40.72,On Head
337532,0.4262,6.6487,8.1355,-41.8779,-23.7099,-34.5344,40.67,On Head
337582,-0.0599,6.3925,8.4252,-39.8626,-12.5649,-31.1756,40.58,On Head
337632,-0.1245,6.5601,8.5186,-23.0076,-1.1908,-20.5954,40.72,On Head
337682,-0.7614,6.3063,8.7245,-18.1985,12.4427,-18.7328,40.86,On Head
337732,-1.0558,6.6942,9.0190,-17.4351,3.5115,-17.6794,40.91,On Head
337782,-0.3208,6.6942,8.4396,-20.9160,10.1069,-17.5878,40.67,On Head
337832,-0.1437,6.3973,8.5042,-21.2366,21.6031,-14.0458,40.95,On Head
337882,0.0335,6.1316,8.1235,-10.8855,33.1298,-13.0382,40.72,On Head
337932,-0.7709,5.9304,8.1954,-10.9160,43.4351,-24.0000,40.72,On Head
337982,-1.8579,6.1459,8.5329,-10.5954,41.0687,-19.3130,40.72,On Head
338032,-2.1356,6.1890,8.6239,0.8702,26.2137,-10.5802,40.77,On Head
338082,-2.8156,6.3829,8.7604,0.8855,14.7634,-12.4733,40.77,On Head
338132,-2.4588,6.6367,8.2265,3.2366,10.0611,-7.4656,40.72,On Head
338182,-2.6169,6.5553,8.1235,-1.2519,7.7557,-3.1908,40.72,On Head
338232,-2.6145,6.3063,8.2217,0.3969,0.9160,-2.9313,40.72,On Head
338282,-2.2458,6.7588,8.0972,-4.1832,-2.7939,-1.2519,40.86,On Head
338332,-1.7909,6.5888,8.0924,-0.8855,-5.3893,4.9160,40.67,On Head
338382,-1.6041,6.3686,8.1786,-1.6641,0.9008,-2.8244,40.91,On Head
338432,-1.6017,6.5314,7.9464,2.6565,1.1145,-3.4962,40.67,On Head
338482,-1.7095,6.5386,7.7907,5.0382,-0.3969,-3.0382,40.58,On Head
338532,-1.5874,6.8043,7.5130,2.6870,1.9237,-0.0305,40.91,On Head
338582,-1.4892,6.8929,7.5609,0.0000,4.0916,0.7328,40.77,On Head
338632,-1.1516,6.7564,7.2999,-1.0229,9.4962,-0.5038,40.95,On Head
338682,-1.0654,6.8187,7.2161,-1.1756,15.9847,-3.5573,41.05,On Head
338732,-0.8859,6.9839,6.6559,-1.2977,32.2595,-3.2672,40.77,On Head
338782,-2.2098,6.5817,7.3598,4.1374,35.3435,-0.3969,40.72,On Head
338832,-3.8642,6.4404,8.5473,-0.9771,23.3740,-2.7328,40.95,On Head
338882,-3.2346,7.7644,7.7931,-21.6947,-9.5420,7.9542,40.86,On Head
338932,-2.8036,6.1028,8.4372,-6.0000,-25.1756,3.7557,40.86,On Head
338982,-1.7190,6.5817,7.9799,-12.6412,-19.7099,3.2214,40.77,On Head
339032,-2.1237,5.8802,8.5018,-2.5344,-10.5038,-0.7634,40.44,On Head
339082,-2.3607,6.0334,8.5976,4.3206,-12.1985,-1.4809,40.44,On Head
339132,-2.6647,6.1411,8.6119,9.0840,-13.4198,-0.8550,41.24,On Head
339182,-2.6480,6.5649,8.5210,11.8931,-21.7557,6.7176,40.91,On Head
339232,-2.1763,6.4332,8.4300,14.0153,-26.5191,8.4885,40.58,On Head
339282,-1.9297,6.7109,8.3246,15.3588,-23.0687,5.7252,41.09,On Head
339332,-1.6400,6.6415,8.3127,13.6336,-19.8931,3.5420,40.91,On Head
339382,-1.8723,6.7229,8.2313,20.9313,-21.4351,7.0382,40.95,On Head
339432,-1.1396,6.8977,7.6926,17.8168,-19.2214,6.5496,40.95,On Head
339482,-1.3336,6.7924,7.8793,21.7863,-22.3359,5.5573,40.77,On Head
339532,-0.9218,6.6918,7.8482,30.1221,-24.3053,2.6870,40.91,On Head
339582,-1.3647,6.9264,7.8530,44.0458,-20.8244,6.8550,40.67,On Head
339632,-0.5411,7.7572,6.9145,67.4657,-16.7481,31.4198,40.91,On Head
339682,0.1053,7.7452,5.9783,65.4351,-11.9542,24.5038,40.72,On Head
339732,0.1963,8.4851,4.8866,71.3435,-13.5267,16.5191,40.72,On Head
339782,0.3591,9.4188,4.4700,52.7328,-4.7786,15.6031,40.67,On Head
339832,0.0551,9.1866,4.2282,44.2137,-4.4122,14.1985,40.95,On Head
339882,-0.0862,9.4188,4.2018,38.7023,-10.7786,23.8473,40.77,On Head
339932,0.3519,8.8394,4.0534,37.2366,-16.4427,26.1374,40.77,On Head
339982,1.0702,9.0549,3.3327,42.6107,-22.5344,27.8168,40.77,On Head
340032,1.4198,9.0812,2.5235,39.0382,-21.7099,20.3511,40.72,On Head
340082,1.6592,9.4954,1.9393,31.2366,-19.2519,16.4122,40.72,On Head
340132,1.8531,9.6917,1.8292,17.6947,-9.1908,15.1756,40.67,On Head
340182,2.0710,9.0118,1.4485,19.7557,-6.6718,13.0229,40.58,On Head
340232,1.6592,9.4762,1.3647,19.9084,-3.4962,4.1679,40.67,On Head
340282,2.1452,9.5146,0.9529,7.6336,-12.9618,0.9924,40.67,On Head
340332,2.1955,9.1650,0.7733,8.3206,-12.9924,0.1374,40.77,On Head
340382,2.8395,9.4164,0.8619,-2.4885,-9.0229,-8.6107,40.44,On Head
340432,1.8483,9.3422,0.8763,4.7481,2.2901,-14.6718,40.95,On Head
340482,1.9154,10.4244,0.4453,8.5344,-0.3664,-0.8855,40.77,On Head
340532,1.8292,10.0365,0.5148,0.4275,15.7252,-0.5649,40.72,On Head
340582,1.5706,10.0963,0.7542,2.1221,12.5802,10.5802,40.67,On Head
340632,1.7909,10.3382,1.4389,-2.6107,11.5115,17.4351,40.91,On Head
340682,2.6863,9.6510,1.3815,-1.3130,12.8397,15.7405,40.67,On Head
340732,2.6097,9.8569,1.3264,7.2824,21.6947,21.7252,40.95,On Head
340782,3.2178,9.6391,0.6464,7.3893,28.8397,21.7252,40.67,On Head
340832,3.1556,9.9048,0.5411,1.7863,48.7328,13.4351,40.86,On Head
340882,2.1979,9.8210,1.1085,-2.1069,45.9237,17.6947,40.91,On Head
340932,3.2202,9.7636,0.8643,-10.2595,47.4198,18.6412,40.91,On Head
340982,3.2154,9.8928,1.2713,-8.7786,53.4962,25.8015,40.67,On Head
341032,3.2872,9.4739,2.2362,-2.3664,46.9008,41.1908,40.91,On Head
341082,4.5825,9.6989,2.0710,-0.1374,44.6565,40.7939,40.86,On Head
341132,4.6998,9.3661,2.2434,-2.4885,49.0992,44.1527,40.86,On Head
341182,5.4899,8.4874,2.1931,13.0229,71.3282,55.6489,40.72,On Head
341232,5.7772,8.8801,2.1907,16.6412,92.2901,44.2901,40.72,On Head
341282,5.3032,7.9511,2.7461,21.7863,111.0076,28.1221,40.77,On Head
341332,4.7788,8.0996,3.0215,28.0305,110.5191,18.5038,40.72,On Head
341382,4.4341,7.7524,3.2633,37.9084,101.0687,7.8473,40.67,On Head
341432,4.4293,8.2456,2.9521,44.7481,89.0992,-10.7023,40.67,On Head
341482,4.0199,8.7843,2.5642,48.9771,84.8092,-27.0229,40.58,On Head
341532,3.4524,9.4140,2.0710,42.1985,80.6718,-27.5725,40.86,On Head
341582,2.8012,9.5648,1.9369,42.4427,86.0458,-19.0229,40.53,On Head
341632,2.3152,9.7109,1.8675,39.8931,76.5191,-22.1069,40.77,On Head
341682,2.0470,9.9000,1.6041,31.7863,66.4733,-26.2443,40.91,On Head
341732,1.6328,9.9407,1.6424,17.8168,54.9160,-27.6641,40.77,On Head
341782,1.4629,10.2400,1.6640,4.6260,39.0687,-31.1908,40.77,On Head
341832,0.9290,9.8881,2.0758,-0.6260,23.7863,-27.5267,40.72,On Head
341882,0.9026,9.8402,2.1117,-1.4504,5.8473,-28.9008,40.67,On Head
341932,0.7877,9.8402,2.1979,-5.4351,-7.4656,-31.6794,40.77,On Head
341982,0.8595,9.8090,2.0494,-3.3282,-14.5191,-31.3588,40.91,On Head
342032,0.6991,9.9838,1.8699,-4.2595,-14.2595,-29.9695,40.72,On Head
342082,0.6871,9.9790,1.6975,-7.5267,-7.0076,-28.2595,40.95,On Head
342132,-0.0072,10.1562,1.7980,-11.5573,-0.2290,-28.5344,40.77,On Head
342182,-0.8499,10.2041,2.1668,-12.6260,0.2595,-16.4733,40.86,On Head
342232,-1.0199,10.1466,2.3128,-10.1069,-4.7023,-2.4275,40.72,On Head
342282,-0.7063,10.0245,2.4062,-13.5115,-8.7786,4.6412,40.91,On Head
342332,-0.2993,9.7971,2.5809,-13.8779,-11.7252,5.0382,40.67,On Head
342382,-0.2945,9.8138,2.9018,-16.2290,-16.1069,4.6565,40.86,On Head
342432,0.2227,9.6869,2.6528,-11.9847,-17.2214,7.2824,40.67,On Head
342482,0.4286,9.7803,2.6408,-8.9466,-5.5420,11.3740,40.77,On Head
342532,0.5243,9.5385,2.7438,-5.6947,0.0153,10.4733,40.91,On Head
342582,0.7374,9.6462,2.8156,-4.2748,1.0840,4.6412,40.86,On Head
342632,1.2905,9.2033,2.7940,-6.3969,4.3053,-2.9313,40.91,On Head
342682,0.2538,9.4595,3.1843,3.4198,3.6794,-10.1832,40.86,On Head
342732,0.1389,9.9072,2.7653,6.8397,3.5115,-3.1298,40.67,On Head
342782,0.2035,9.7755,2.6073,3.6183,3.9847,-0.6565,40.91,On Head
342832,0.2825,9.8043,2.4756,4.6870,5.1450,0.1527,40.95,On Head
342882,0.0910,9.8354,2.4924,2.8244,3.8626,0.4427,40.67,On Head
342932,-0.0144,9.9407,2.4924,2.4733,1.8321,2.8855,40.58,On Head
342982,-0.1269,9.8497,2.6935,3.3435,-1.5725,8.6107,40.72,On Head
343032,0.0790,9.8090,2.5450,3.6641,-6.2595,7.8931,40.95,On Head
343082,0.1221,9.9503,2.4181,3.3740,-9.4351,11.0382,40.95,On Head
343132,0.5076,9.7588,2.2577,2.3817,-9.8473,10.3053,40.67,On Head
343182,0.1844,9.8306,2.4900,3.5573,-13.8321,10.1679,40.95,On Head
343232,0.5890,9.8904,2.3104,2.3969,-21.5114,12.0763,40.95,On Head
343282,1.1205,9.6750,2.0973,2.0153,-24.7481,11.1603,40.95,On Head
343332,0.6991,9.8737,2.3391,3.1145,-22.0000,6.3359,40.95,On Head
343382,0.7709,10.1634,1.9561,2.1832,-32.7939,8.2290,40.95,On Head
343432,1.1061,9.9431,1.7813,-3.7099,-34.1221,9.8168,40.77,On Head
343482,1.0774,9.9264,1.8771,-6.4427,-44.0916,7.7252,40.72,On Head
343532,0.9912,10.2208,1.9058,-13.6031,-54.9008,4.7634,40.67,On Head
343582,0.1006,10.3932,2.0542,-22.6565,-76.0611,13.7710,40.91,On Head
343632,1.5658,9.6367,1.7573,-31.0840,-91.6183,13.9084,40.77,On Head
343682,2.0063,9.5577,1.8986,-34.2901,-97.5267,6.7939,40.77,On Head
343732,2.6312,9.5146,1.8387,-34.4275,-89.0382,0.0458,40.95,On Head
343782,2.4493,9.5193,2.2290,-28.7634,-92.0916,-2.0000,40.77,On Head
343832,2.5857,9.4954,2.3535,-29.2214,-89.8779,-1.7405,40.95,On Head
343882,3.2777,9.4188,2.0806,-27.2519,-84.2901,0.9618,40.53,On Head
343932,3.1603,9.4667,2.2338,-22.9618,-69.6183,4.5038,40.95,On Head
343982,3.8044,9.2081,2.1596,-19.1298,-51.5573,3.4198,40.86,On Head
344032,3.6081,8.9711,2.3894,-12.9313,-30.7786,3.0229,40.91,On Head
344082,3.6057,9.1842,2.5043,-6.2595,-13.2977,1.4351,40.86,On Head
344132,3.3806,9.3111,2.6408,-2.7634,-5.4962,-1.9084,40.67,On Head
344182,3.0574,9.3685,2.7940,-3.6336,-2.7023,-3.2519,40.58,On Head
344232,3.1508,9.3158,2.7581,-2.3664,-2.1221,-2.4733,40.77,On Head
344282,2.8898,9.4715,2.8132,-2.8855,-2.8550,-1.3740,40.72,On Head
344332,3.1244,9.3805,2.7366,-1.7405,-2.9924,-0.4275,40.91,On Head
344382,3.0598,9.3350,2.7222,-3.7099,-1.6336,1.1603,40.77,On Head
344432,3.2753,9.3326,2.5953,-3.0534,-0.6412,0.0916,40.67,On Head
344482,3.0502,9.4140,2.6815,-1.8473,1.0840,0.8855,40.72,On Head
344532,3.1963,9.3685,2.6863,-1.2977,1.0992,0.9924,40.58,On Head
344582,3.1005,9.2464,2.6719,-4.5496,2.6718,0.9008,40.67,On Head
344632,3.0742,9.2871,2.8826,-2.3664,0.8550,0.0611,40.91,On Head
344682,3.0742,9.3733,2.8515,-2.2901,0.4122,1.8321,40.72,On Head
344732,3.1364,9.4236,2.7150,-1.1450,-0.7634,4.2290,40.58,On Head
344782,3.1484,9.3015,2.6288,-2.2137,-1.1450,4.1832,40.72,On Head
344832,3.4357,9.2775,2.4469,-3.6183,0.9313,3.0992,40.77,On Head
344882,3.7709,9.3422,2.0806,-5.0076,9.0687,1.7405,40.91,On Head
344932,4.1444,9.4762,1.9537,-11.9237,26.9160,3.2061,40.67,On Head
344982,4.2377,9.1650,2.1835,-11.2366,50.8397,4.9008,41.09,On Head
345032,4.5681,8.6981,2.1165,-6.8550,78.4733,-0.9924,40.67,On Head
345082,3.9840,8.6024,2.2745,-0.8702,112.3664,-14.5496,40.86,On Head
345132,2.6312,8.9902,2.7605,5.2977,122.6107,-22.9466,40.91,On Head
345182,1.8842,8.9783,3.1077,-1.0840,127.4809,-27.2672,40.86,On Head
345232,0.5387,9.2919,3.6559,7.7405,114.9008,-29.4504,40.77,On Head
345282,0.1508,8.9878,3.7469,-4.8397,101.8931,-37.5725,40.77,On Head
345332,-1.5012,9.7109,4.1994,-0.4580,76.7634,-37.4046,40.91,On Head
345382,-2.1284,9.8258,4.3862,-17.6641,42.5496,-34.0611,40.72,On Head
345432,-1.1947,9.3589,4.1300,-20.8855,22.6412,-31.3740,40.86,On Head
345482,-1.6305,8.9447,4.7142,-21.7099,21.0229,-30.9160,40.67,On Head
345532,-1.8483,9.1818,4.7621,-15.6641,10.5344,-23.7863,40.72,On Head
345582,-2.2434,9.1028,5.1116,-13.6183,6.6718,-15.9695,40.95,On Head
345632,-2.3822,9.1195,5.0326,-9.5725,-4.2290,-4.0458,40.77,On Head
345682,-1.6017,8.7269,4.8650,-7.6031,-6.4122,-10.1221,40.91,On Head
345732,-1.5347,9.0764,4.7381,-7.6947,-4.7023,-7.4962,40.67,On Head
345782,-1.2977,8.7221,4.8411,-2.7328,-0.8092,0.7939,40.86,On Head
345832,-1.3599,8.5665,4.8626,7.4809,-0.8855,-2.1374,41.05,On Head
345882,-1.2809,9.2344,4.5873,7.6794,0.3969,-4.3359,40.58,On Head
345932,-1.6424,8.7460,4.6448,5.6183,-0.4733,1.8473,40.86,On Head
345982,-1.5921,9.0214,4.4628,6.6107,-2.5191,2.7939,40.72,On Head
346032,-1.8196,8.8705,4.5610,6.1221,-7.5420,-2.0611,40.91,On Head
346082,-1.7861,9.3134,4.3718,8.5038,-10.9466,0.5954,41.05,On Head
346132,-1.5323,9.1746,4.2042,10.2290,-12.6412,4.7939,40.67,On Head
346182,-1.1516,9.3637,3.8116,9.4962,-9.3130,6.0000,40.77,On Head
346232,-1.3455,9.3877,3.8978,1.3893,-7.6947,8.6412,40.67,On Head
346282,-1.2115,9.5481,3.8331,-0.6107,-10.6412,8.6870,40.86,On Head
346332,-1.0151,9.1602,3.9409,-5.7099,-12.5496,6.7939,40.77,On Head
346382,-0.8332,9.1937,4.0079,-6.0153,-12.0000,6.7023,40.95,On Head
346432,-0.8595,9.0118,4.1276,-0.9313,-10.1985,6.0763,40.77,On Head
346482,-0.6656,9.2201,4.0007,5.4962,-8.0000,6.9160,40.86,On Head
346532,-0.7087,9.2464,4.0773,5.3740,-7.3435,6.1374,41.24,On Head
346582,-0.7590,9.2775,4.1731,1.2366,-10.4733,2.7634,40.72,On Head
346632,-0.5938,9.1746,4.0127,5.1298,-21.4046,3.0382,40.91,On Head
346682,0.0910,9.2416,3.6847,4.2748,-13.8015,-4.7786,40.91,On Head
346732,-0.5459,9.1985,3.9935,1.1298,-11.0229,-17.2366,40.72,On Head
346782,-1.2570,9.3518,4.0510,5.0687,-15.4351,-17.6336,40.67,On Head
346832,-0.7302,9.5457,3.6775,4.2443,-12.4733,-8.0153,40.91,On Head
346882,-1.0463,9.2680,3.9002,7.6794,-8.2901,-8.3817,40.77,On Head
346932,-0.8859,9.6798,3.6248,4.5649,-5.9847,-2.5191,40.72,On Head
346982,-0.5315,9.3877,3.5674,6.6870,-1.0229,-1.2061,40.77,On Head
347032,-0.8739,9.3446,3.7517,6.3206,-0.1679,1.9542,40.53,On Head
347082,-0.8906,9.4523,3.5961,13.5267,3.0840,6.1832,40.95,On Head
347132,-1.1372,9.9838,3.1364,16.8397,5.6031,15.5725,40.72,On Head
347182,-0.7661,9.8521,2.7701,8.1374,7.1603,22.0153,40.77,On Head
347232,-0.4836,9.9527,2.7318,3.8168,8.0153,24.0916,40.91,On Head
347282,-0.5219,9.8450,3.0191,-2.5649,1.8168,26.0153,40.67,On Head
347332,0.2586,9.5098,2.6743,-1.2824,0.4885,25.8473,40.67,On Head
347382,0.5770,9.8067,2.5786,-7.6031,11.4198,24.1832,40.91,On Head
347432,0.1939,9.7947,2.8994,-9.7252,15.1908,24.2137,40.86,On Head
347482,0.3783,9.8713,3.1149,-14.8092,16.2595,25.1145,40.95,On Head
347532,0.0910,9.5122,3.5434,-12.7634,12.9771,25.7710,40.58,On Head
347582,0.6057,9.2703,3.8379,-13.2672,-1.3282,25.6641,40.72,On Head
347632,1.3862,9.3374,3.4405,-9.8473,-1.3588,22.6565,40.91,On Head
347682,1.7502,9.2847,3.3447,-6.7481,6.9618,19.2214,40.72,On Head
347732,1.5514,9.3518,3.4477,-7.6641,9.4198,14.5344,40.91,On Head
347782,1.3767,9.5577,3.6129,-11.5725,8.2595,15.3740,40.58,On Head
347832,1.9225,9.2416,3.6536,-11.8473,6.9771,10.9160,40.95,On Head
347882,2.0399,9.0932,3.6488,-7.1145,13.5725,6.5802,40.72,On Head
347932,1.7166,9.4643,3.9121,-10.0153,13.8168,7.5878,40.72,On Head
347982,1.6544,9.2751,4.0438,-11.7405,9.7710,5.2977,40.67,On Head
348032,1.8052,9.0812,4.0606,-9.7557,10.1221,4.6718,40.86,On Head
348082,1.7286,9.3302,3.8810,-8.5802,14.2137,4.0153,40.72,On Head
348132,1.6688,9.2129,4.0223,-7.2519,17.9084,6.8244,40.67,On Head
348182,1.6113,9.2775,4.1252,-9.1603,19.4351,8.4427,40.91,On Head
348232,1.6113,9.2416,4.2018,-13.2214,19.7405,13.0840,40.86,On Head
348282,1.4533,9.1267,4.4796,-5.0534,19.7252,11.3588,40.91,On Head
348332,1.2139,9.2847,4.7573,-6.2443,14.6107,11.6336,40.91,On Head
348382,1.2641,9.3087,4.7405,-8.7176,3.3588,15.4962,40.91,On Head
348432,1.7334,8.7867,4.9392,-8.3206,-3.7252,13.9389,40.86,On Head
348482,1.9010,8.9328,4.8626,-5.1603,-8.9771,11.7099,40.77,On Head
348532,2.0614,8.6957,4.9488,-2.7634,-14.7176,9.7863,40.72,On Head
348582,2.1021,8.6526,4.7812,0.2901,-20.7634,4.0000,40.67,On Head
348632,2.2913,8.6598,4.7692,3.0076,-27.8168,3.0382,40.86,On Head
348682,2.0159,8.8562,4.7357,4.2137,-42.3969,-5.8626,40.86,On Head
348732,1.6903,8.9016,4.8626,-2.2595,-64.7481,-10.4427,40.91,On Head
348782,2.6288,9.2775,3.8451,-1.8321,-84.3664,-11.7099,40.91,On Head
348832,3.1125,9.1339,3.7852,-14.8550,-82.3511,-4.5802,40.86,On Head
348882,3.3782,9.1171,3.4836,2.6718,-60.3359,12.1832,40.67,On Head
348932,3.3255,8.8035,3.6200,-1.6947,-60.1374,5.0076,40.86,On Head
348982,3.4931,9.0716,3.3064,-4.5038,-65.6947,-8.3817,40.67,On Head
349032,3.3998,8.9759,3.0837,-9.9847,-69.5573,-11.2366,40.53,On Head
349082,3.8571,8.8801,2.7653,-5.8168,-64.3817,-10.4275,41.05,On Head
349132,3.8140,9.3158,2.5498,-6.7176,-58.1221,-11.3588,40.67,On Head
349182,4.1492,9.0573,2.4995,-9.9847,-49.0382,-13.1603,40.72,On Head
349232,3.8188,9.2536,2.4732,-6.0611,-41.3893,-12.1374,40.77,On Head
349282,3.8211,9.2009,2.4397,-6.1679,-33.6641,-6.1679,40.72,On Head
349332,3.8259,9.3134,2.3032,-3.0534,-26.6718,2.9771,40.77,On Head
349382,4.3263,9.2129,2.0662,-4.9618,-16.1679,6.0458,40.77,On Head
349432,3.7613,9.1267,2.4014,0.0000,-9.9084,10.5954,40.86,On Head
349482,3.9265,8.9902,2.4732,-2.8092,-11.5725,9.1450,40.95,On Head
349532,4.1827,9.0285,2.3032,-8.4427,-20.6107,0.7328,40.91,On Head
349582,4.2234,8.8897,2.3727,-6.6412,-15.9237,-4.5802,40.72,On Head
349632,4.1922,8.9759,2.3080,-7.8321,-13.9389,-2.8550,40.67,On Head
349682,4.2689,8.8322,2.3846,-7.1756,-12.5954,-5.4504,41.05,On Head
349732,4.1539,9.1674,2.3056,-6.1374,-10.9618,-7.8015,40.77,On Head
349782,4.0007,9.0357,2.3870,-5.3893,-6.0153,-5.4504,40.77,On Head
349832,4.2473,8.9830,2.3535,-3.6183,-4.8397,-3.6489,40.91,On Head
349882,3.9121,9.1722,2.3822,-4.9924,-6.1832,-3.6183,40.77,On Head
349932,3.9480,9.1267,2.3583,-8.5344,-6.4275,-2.5496,41.05,On Head
349982,4.0677,9.0046,2.4205,2.1069,-0.8397,-2.1527,40.77,On Head
350032,3.9217,8.9352,2.4325,-1.8626,-3.2061,-2.9466,40.58,On Head
350082,4.1635,9.0405,2.2529,-0.5954,-1.7557,-6.1679,40.58,On Head
350132,3.7541,9.3685,2.4828,-5.6336,-3.2366,-3.5573,40.77,On Head
350182,3.8235,9.1051,2.3918,-0.5802,-5.4656,-3.1145,40.86,On Head
350232,4.0701,9.1267,1.9920,-3.4351,-1.4351,-6.3359,40.77,On Head
350282,4.1061,9.5505,1.6759,-2.7481,8.6260,-3.8168,40.95,On Head
350332,3.9504,9.4260,1.8387,-8.8092,21.1298,4.8702,40.86,On Head
350382,3.9313,9.0214,2.2913,-13.2061,27.3130,3.4962,40.91,On Head
350432,3.6536,9.1291,2.5953,-8.7634,26.3969,0.5344,40.77,On Head
350482,3.3375,9.0956,3.0622,-12.1069,13.3282,2.9008,40.67,On Head
350532,3.5506,8.6646,3.4309,-12.3817,2.9466,-4.4275,40.91,On Head
350582,3.6033,9.0309,3.4860,-7.4046,-6.1374,-6.7023,40.91,On Head
350632,3.6727,8.6862,3.4812,-2.5191,-9.0534,-8.0153,41.05,On Head
350682,3.8499,8.9902,3.0478,5.2366,-5.4809,-11.3435,40.77,On Head
350732,3.5243,9.0740,2.9066,7.1450,-0.6260,-9.8168,40.77,On Head
350782,3.2848,9.3996,2.7390,4.9008,-0.0458,-6.3359,40.72,On Head
350832,3.4069,9.4188,2.7054,1.4809,0.3359,-1.0687,40.72,On Head
350882,3.4572,9.3853,2.5498,0.8550,1.3893,-0.1221,40.91,On Head
350932,3.3878,9.2512,2.6384,-1.0992,3.3435,1.5115,40.86,On Head
350982,3.4740,9.2320,2.5570,-1.2672,0.3359,0.6565,40.86,On Head
351032,3.5027,9.1626,2.4924,-0.6565,0.6718,-2.2748,40.95,On Head
351082,3.3734,9.3039,2.5474,-2.1221,1.9389,-3.6947,40.77,On Head
351132,3.2082,9.3278,2.5690,-3.2672,1.6489,-2.1527,40.72,On Head
351182,3.1987,9.3709,2.6935,-3.7863,2.1985,-2.1221,40.91,On Head
351232,3.0885,9.3853,2.7366,-2.2595,-0.2595,0.6260,40.72,On Head
351282,3.4309,9.3565,2.7031,-2.9313,-0.1069,2.6718,40.67,On Head
351332,3.5147,9.1698,2.7414,-1.8473,1.1908,2.8702,40.67,On Head
351382,3.6272,9.1985,2.6480,-1.6641,3.6947,2.0153,40.91,On Head
351432,3.4453,9.2919,2.6552,-0.3511,6.0000,2.7481,40.77,On Head
351482,3.3160,9.1842,2.7677,-4.7634,1.0534,5.2824,40.58,On Head
351532,3.5482,9.3134,2.6480,-2.6870,2.5954,4.3664,40.72,On Head
351582,3.5506,9.2847,2.8443,-5.2824,2.2137,4.3969,40.86,On Head
351632,3.5961,9.0597,2.7605,-2.7328,1.6489,2.7939,40.95,On Head
351682,3.4907,9.1554,2.7821,-4.9466,1.9237,0.5954,40.91,On Head
351732,3.5147,9.2105,2.7150,-4.0305,1.3282,3.6641,40.72,On Head
351782,3.5841,9.2201,2.7797,-4.7328,2.0763,4.0000,40.67,On Head
351832,3.6559,9.2153,2.8156,-4.2901,1.0534,3.7252,40.95,On Head
351882,3.5602,9.1674,2.8730,-5.4198,0.9008,4.3511,40.91,On Head
351932,3.6392,9.1722,2.8611,-5.1603,0.3511,5.7252,40.67,On Head
351982,3.6919,9.1099,2.9808,-7.1603,-0.6718,6.2443,40.77,On Head
352032,3.7900,8.9783,3.0263,-4.2290,-2.0458,5.7557,40.72,On Head
352082,3.8164,8.9830,3.1077,-5.2366,-3.1603,5.2977,40.67,On Head
352132,3.9887,8.8753,3.1891,-0.4885,-4.2290,2.2443,40.72,On Head
352182,3.9887,8.8346,2.9904,3.2061,-5.6336,-1.0992,40.91,On Head
352232,4.0270,9.0357,2.8323,4.0000,-3.7863,-0.1985,40.67,On Head
352282,3.9504,9.0525,2.6887,3.6031,-1.6031,2.7176,40.77,On Head
352332,3.9552,9.0046,2.6264,6.5038,-0.9771,5.4046,40.72,On Head
352382,4.1372,8.8777,2.5690,4.6565,-1.2977,5.6183,40.91,On Head
352432,4.2880,8.9759,2.4588,2.1832,-1.8626,-0.7634,41.24,On Head
352482,4.1180,9.0764,2.4636,2.6260,-0.1374,-2.8244,40.72,On Head
352532,3.9959,9.0692,2.4062,1.9237,-0.8702,-3.9542,40.91,On Head
352582,4.0175,9.1818,2.3463,-0.1374,-1.5878,-1.5573,40.77,On Head
352632,4.0558,9.1482,2.2482,-0.1069,-0.1985,-2.6870,40.72,On Head
352682,3.9241,9.1435,2.3942,-4.3053,-2.9160,-2.1221,40.95,On Head
352732,4.1635,9.0237,2.2553,-6.5191,-4.5191,-5.3282,40.95,On Head
352782,4.0127,9.1195,2.3343,-9.6947,-3.1908,-5.9542,40.86,On Head
352832,3.9863,9.0597,2.4804,-9.0382,-0.8550,-7.7099,40.91,On Head
352882,3.5721,9.2608,2.6576,-11.8015,-2.4427,-6.1374,40.86,On Head
352932,3.8235,9.1004,2.6240,-7.9084,0.2443,-4.6718,40.72,On Head
352982,3.6679,9.1363,2.7102,-8.6565,-1.3740,-3.7099,40.91,On Head
353032,3.7661,9.0357,2.7557,-6.6260,-3.4198,-3.8473,40.77,On Head
353082,3.7445,9.1123,2.7102,-4.6870,-0.4580,-7.4504,40.91,On Head
353132,3.5003,9.2560,2.7294,-3.0534,-0.9313,-4.7023,40.91,On Head
353182,3.5314,9.2153,2.7581,-5.1908,-1.0229,-4.2137,40.86,On Head
353232,3.4907,9.2703,2.8036,-6.8550,-1.9695,-2.3359,40.77,On Head
353282,3.5698,9.1459,2.7845,-6.7023,-2.0153,-2.6412,40.86,On Head
353332,3.5841,9.2225,2.7629,-6.1985,-1.3282,-2.4733,40.77,On Head
353382,3.4836,9.2416,2.8371,-5.8779,0.1374,-0.2748,40.77,On Head
353432,3.5291,9.1770,2.9185,-5.2061,0.1221,0.7328,40.95,On Head
353482,3.5578,9.1004,2.9521,-4.3053,1.1145,2.2443,40.77,On Head
353532,3.6799,9.1219,2.8419,-2.4122,2.5802,1.4504,41.19,On Head
353582,3.4668,9.0573,2.8036,-4.5954,0.3969,0.4885,41.05,On Head
353632,3.6847,9.3230,2.8419,-9.3588,4.0000,2.0305,40.53,On Head
353682,3.4477,8.9663,3.2681,-7.0382,1.9084,2.1374,40.91,On Head
353732,3.6368,9.1147,3.0694,-4.4733,2.2595,1.9389,40.91,On Head
353782,3.7062,8.8633,3.1819,-0.9924,2.7176,3.5878,41.05,On Head
353832,3.7230,8.9974,3.0502,-0.4427,2.7176,-1.9695,40.91,On Head
353882,3.5985,9.1650,3.0406,-2.8397,-0.1985,-3.4351,40.86,On Head
353932,3.7326,9.0932,2.9736,-3.4198,0.0000,0.6412,40.95,On Head
353982,3.7397,9.0836,2.9760,-1.6947,4.2901,-0.7786,40.53,On Head
354032,3.4716,9.0214,3.1005,-4.9466,1.7557,1.7863,40.77,On Head
354082,3.5769,9.0692,3.1196,0.6412,4.4122,-2.4122,40.91,On Head
354132,3.4213,9.1411,3.1340,-3.7405,0.9618,2.7786,40.67,On Head
354182,3.5937,9.1147,3.1101,-2.4122,0.7023,1.1145,40.72,On Head
354232,3.7804,8.9711,3.0382,-0.1527,1.6794,-0.0305,40.67,On Head
354282,3.6440,9.0118,3.0167,1.3893,1.4962,0.5802,40.95,On Head
354332,3.5937,9.1243,2.9999,-1.6794,1.7405,0.2595,40.91,On Head
354382,3.7445,9.0333,3.0167,-0.1374,1.3435,-0.1221,40.77,On Head
354432,3.5745,9.0956,3.0670,-1.2977,0.5802,0.4275,40.86,On Head
354482,3.7589,9.0573,2.9353,-0.6260,0.3664,0.1374,40.72,On Head
354532,3.6512,9.0932,2.9473,-0.2137,2.5191,-1.2061,40.67,On Head
354582,3.6296,9.2320,2.8826,0.5496,1.7252,-1.7099,41.09,On Head
354632,3.5506,9.0597,3.0454,-4.9008,0.0611,-0.2443,40.86,On Head
354682,3.7254,9.0980,2.9281,-3.8473,0.2901,0.3969,40.91,On Head
354732,3.7350,8.8514,3.0574,-0.9618,3.9542,0.8855,40.67,On Head
354782,3.5267,9.2225,3.0119,0.0763,4.7786,-0.6718,40.86,On Head
354832,3.5626,9.2057,3.0478,-1.1756,3.0534,0.9313,40.91,On Head
354882,3.5386,9.0812,2.9688,-0.1679,2.2443,-1.0840,40.86,On Head
354932,3.5650,9.0644,2.9832,-0.7634,2.3969,-1.6031,41.19,On Head
354982,3.6248,9.1698,2.8946,-1.0687,3.2366,-4.1985,40.77,On Head
355032,3.6943,9.1435,3.0191,-3.2061,3.2519,-0.2748,41.24,On Head
355082,3.7206,9.1171,2.8611,0.1679,6.6565,-3.9542,41.05,On Head
355132,3.4620,9.0764,2.9401,-3.7099,7.3435,-2.4427,41.05,On Head
355182,3.2896,9.2584,3.1005,-1.3588,5.8321,-2.3359,40.91,On Head
355232,3.4093,9.2129,3.0957,-2.7634,3.7252,0.3817,40.77,On Head
355282,3.3734,9.2033,3.0502,-2.1527,1.4809,-0.7939,40.91,On Head
355332,3.4955,9.1674,2.9209,-3.3435,0.8092,-1.0382,40.95,On Head
355382,3.4453,9.1937,3.0071,-4.1374,0.5038,-1.2061,40.67,On Head
355432,3.3806,9.0908,3.0263,-4.2748,-0.2290,-1.0076,40.95,On Head
355482,3.3878,9.1674,3.0574,-4.0305,0.1374,-1.2977,40.91,On Head
355532,3.4022,9.2153,3.1196,-4.3053,0.2748,-1.9542,40.77,On Head
355582,3.4022,9.1411,3.1149,-1.3588,0.0458,-2.5954,40.72,On Head
355632,3.3375,9.1028,3.0837,-3.6031,2.2137,-1.6031,40.95,On Head
355682,3.2106,9.2656,3.1077,-2.8702,0.1374,0.3664,40.95,On Head
355732,3.4213,9.0860,3.1220,-4.0458,0.1221,1.3435,41.05,On Head
355782,3.3854,9.1913,3.1508,-1.4046,0.8855,0.1679,40.77,On Head
355832,3.3351,9.1459,3.1149,-2.2290,1.2672,0.4275,40.91,On Head
355882,3.3878,9.1123,3.1364,-1.5725,0.1832,0.1985,40.95,On Head
355932,3.4309,9.2009,3.0311,-1.0687,0.3969,-0.0763,40.86,On Head
355982,3.4022,9.2129,3.0430,-1.7099,0.3359,0.8397,40.86,On Head
356032,3.3998,9.1698,3.0813,-3.1298,1.0840,0.8702,40.95,On Head
356082,3.4333,9.2344,2.9497,-0.0305,0.9008,0.5649,40.91,On Head
356132,3.4261,9.1339,3.0789,-2.3817,2.5954,0.3664,40.86,On Head
356182,3.4453,9.2608,2.9832,-2.9618,1.8473,1.2977,40.95,On Head
356232,3.4764,9.0525,3.1196,-2.9618,1.2977,1.1908,40.95,On Head
356282,3.5171,9.1363,3.0526,-3.0534,1.5420,0.1374,41.05,On Head
356332,3.3950,9.1051,3.1603,-2.4427,2.5038,0.0000,40.72,On Head
356382,3.4381,9.1123,3.0646,-2.6565,3.4046,-0.3359,40.91,On Head
356432,3.3255,9.1770,3.1173,-2.1679,3.7863,-0.4885,40.86,On Head
356482,3.3232,9.1937,3.1603,-3.2214,2.0153,1.2366,40.77,On Head
356532,3.4548,9.0525,3.1843,-3.8931,0.9618,0.6718,40.95,On Head
356582,3.4524,9.1889,3.0813,-2.2443,1.5420,-0.4885,41.09,On Head
356632,3.3351,9.0597,3.1963,-1.9237,1.7099,0.0458,40.86,On Head
356682,3.4046,9.2392,3.1196,-2.8702,0.5802,0.9313,40.86,On Head
356732,3.5075,8.9998,3.1795,-2.1527,1.3588,-0.4885,40.72,On Head
356782,3.4022,9.2488,3.1747,-1.6336,1.0992,-0.8702,40.95,On Head
356832,3.4261,9.1435,3.1843,-1.9847,1.5267,-0.1679,40.72,On Head
356882,3.4309,9.0908,3.1340,-2.1221,1.0076,-0.3206,41.19,On Head
356932,3.5123,9.0908,3.1436,-2.3511,3.1756,-1.1145,40.77,On Head
356982,3.8930,9.0190,3.0526,-1.5573,10.5191,-2.9313,40.91,On Head
357032,4.2569,9.0261,2.7174,3.2366,32.5344,-9.7710,40.86,On Head
357082,2.9161,9.1913,3.0670,8.7176,43.6794,-9.5878,40.86,On Head
357132,2.4301,8.9687,3.3399,1.5878,44.0763,-14.9771,40.86,On Head
357182,1.6975,10.0054,3.4740,7.5725,22.4275,-1.1908,40.91,On Head
357232,2.6001,9.4739,3.2801,-5.8626,9.3282,5.3740,40.72,On Head
357282,2.7916,9.3494,3.2561,-8.8092,1.2366,1.8779,40.77,On Head
357332,2.8635,9.1530,3.3567,-8.3206,-0.9618,0.3359,40.86,On Head
357382,2.9664,9.2584,3.3255,-7.5878,-0.7328,0.2901,40.95,On Head
357432,3.0215,9.2895,3.2465,-8.5802,1.3893,-0.9466,40.67,On Head
357482,3.0263,9.2895,3.3854,-10.3206,5.5573,-2.0763,41.28,On Head
357532,2.7797,9.1889,3.6440,-10.9771,5.4351,-2.1069,41.05,On Head
357582,2.6456,9.0549,3.8044,-10.4733,3.9542,-4.5954,40.95,On Head
357632,2.4876,8.9519,4.1132,-9.3740,-0.6870,-5.8015,40.95,On Head
357682,2.3750,9.0621,4.2162,-5.7710,-6.2748,-5.8473,40.77,On Head
357732,2.5450,9.1291,4.0797,-2.0000,-8.1832,-3.8321,40.72,On Head
357782,2.5355,9.0046,3.9887,2.7481,-11.1145,-3.0534,40.91,On Head
357832,2.6552,9.0333,3.7996,7.0840,-10.4427,-4.4733,41.19,On Head
357882,2.5355,9.1411,3.6775,8.9771,-11.2824,-4.7939,41.24,On Head
357932,2.6935,9.2201,3.4093,9.0076,-11.8321,-6.3053,40.67,On Head
357982,2.5043,9.4571,3.3447,6.8855,-10.9618,-8.0305,40.86,On Head
358032,2.1859,9.2967,3.6248,8.9924,-18.7328,-6.4122,40.72,On Head
358082,1.8220,9.1722,3.7637,12.1679,-34.4733,-4.2748,40.72,On Head
358132,2.3343,9.3494,3.1220,11.8015,-45.8931,-3.3435,40.67,On Head
358182,2.7869,9.2967,2.5857,12.1985,-48.8397,-6.9771,41.05,On Head
358232,2.7605,9.7971,1.9944,10.0305,-42.4275,-4.7939,40.77,On Head
358282,3.1029,9.6055,1.6257,3.3588,-33.7252,-4.3817,40.91,On Head
358332,2.9999,9.7851,1.5467,-0.1679,-22.1527,-4.5496,40.95,On Head
358382,3.0119,9.5193,1.6544,-0.3817,-13.2366,-5.3282,41.09,On Head
358432,2.5283,9.5816,1.8747,3.0840,-9.6031,-3.5573,40.91,On Head
358482,2.7797,9.6223,1.8004,-0.1679,-5.4351,-3.5725,41.05,On Head
358532,2.6073,9.5696,1.8866,4.0000,-4.6565,-1.7405,40.91,On Head
358582,2.6432,9.6630,1.7190,3.6947,-3.7557,-1.6947,41.09,On Head
358632,2.5953,9.7612,1.5467,3.3282,-0.8702,-1.7710,40.91,On Head
358682,2.5211,9.7683,1.5897,1.3130,-1.0534,0.5344,40.91,On Head
358732,2.6791,9.6774,1.6448,-2.4275,1.1145,0.7328,40.77,On Head
358782,2.6217,9.7396,1.6616,-1.1450,3.6947,1.0534,40.72,On Head
358832,2.6312,9.7779,1.7310,-4.8092,4.0916,2.6260,41.05,On Head
358882,2.6384,9.6414,1.8004,-4.5954,2.6412,4.1069,40.91,On Head
358932,2.7246,9.5553,1.8244,-3.6489,2.7328,2.8702,40.86,On Head
358982,2.8180,9.6319,1.8914,-5.5878,1.4351,3.2672,41.05,On Head
359032,2.8922,9.4116,1.8890,-2.7023,1.9847,1.7863,40.91,On Head
359082,2.8467,9.4882,1.9130,-4.4885,2.9924,-0.7634,40.95,On Head
359132,2.6959,9.6798,1.9345,-2.3511,3.2977,-0.3817,40.95,On Head
359182,2.6983,9.6438,1.9297,-3.3893,2.7328,-0.0458,40.91,On Head
359232,2.6504,9.5840,1.9321,-3.4962,1.9084,-0.3053,41.05,On Head
359282,2.7366,9.6510,1.8938,-3.5573,2.8550,0.9924,41.09,On Head
359332,2.7461,9.5816,1.9369,-3.2061,2.5649,2.5344,40.86,On Head
359382,2.7725,9.6606,1.9106,-3.2824,3.0687,2.1221,41.09,On Head
359432,2.8180,9.6007,1.8555,-3.4962,1.6031,2.9008,41.05,On Head
359482,2.9784,9.6031,1.9034,-6.6107,3.7099,4.4580,40.91,On Head
359532,2.8874,9.3733,2.0135,-3.6183,4.1985,1.3893,40.86,On Head
359582,2.8084,9.5505,2.0303,-5.7099,4.9160,-0.0763,40.72,On Head
359632,2.6600,9.6079,2.1907,-3.5725,3.3588,-0.0153,40.86,On Head
359682,2.7916,9.5289,2.1356,-5.3282,2.0153,0.9466,40.95,On Head
359732,2.8012,9.5289,2.1668,-3.0229,1.9695,1.2214,40.95,On Head
359782,2.7533,9.6223,2.1308,-3.3282,1.9542,3.6183,40.95,On Head
359832,2.9377,9.4691,2.0494,-3.7099,2.1679,6.0763,40.91,On Head
359882,2.9928,9.4475,2.1835,-4.7176,2.8244,2.9924,40.91,On Head
359932,2.9928,9.5337,2.1237,-3.9237,4.1374,0.9771,40.95,On Head
359982,2.9066,9.4786,2.3846,-3.2366,3.7405,0.6565,40.95,On Head
360032,3.0263,9.4810,2.2075,-2.3817,3.6947,0.5496,40.95,On Head
360082,2.8683,9.4068,2.2889,-3.1756,5.6489,-0.0611,40.91,On Head
360132,2.9521,9.5193,2.2649,-2.1832,3.6947,1.0687,40.95,On Head
360182,3.0023,9.4403,2.3176,-3.3435,4.0153,-0.0153,41.09,On Head
360232,2.9521,9.4523,2.2865,-0.6870,4.2443,-0.5038,40.86,On Head
360282,2.8946,9.4978,2.2601,-1.5573,2.8855,-0.3817,40.95,On Head
360332,2.8850,9.4427,2.3248,-2.6260,2.1985,-0.8550,40.95,On Head
360382,3.0670,9.4308,2.1907,-2.5954,2.7786,-2.0000,40.91,On Head
360432,2.9544,9.5648,2.2003,-0.5649,5.2366,-2.4427,40.91,On Head
360482,2.8108,9.4786,2.2769,-2.6260,5.3130,-1.0382,40.95,On Head
360532,2.8659,9.5648,2.2051,-1.5573,4.9466,-1.2672,41.05,On Head
360582,2.7629,9.5816,2.2529,-3.2824,5.8473,-0.9618,40.86,On Head
360632,2.7845,9.5457,2.3391,-3.2519,3.7405,1.0382,40.86,On Head
360682,2.8850,9.3948,2.3750,-3.3130,4.6412,0.6870,40.95,On Head
360732,2.9449,9.4116,2.2505,-2.0916,5.5573,0.1221,40.95,On Head
360782,3.2537,9.3350,2.2098,0.0458,12.8397,-1.1298,40.95,On Head
360832,3.6344,9.2320,2.0423,7.0229,28.5344,-2.7176,40.95,On Head
360882,4.0270,8.8370,1.7454,16.9771,57.5573,-4.9160,40.95,On Head
360932,3.0598,9.5696,1.5754,27.4504,85.8626,-7.6336,40.91,On Head
360982,2.4828,10.0844,1.5610,23.7405,90.7481,0.6107,41.09,On Head
361032,2.1237,9.7659,1.4341,18.1221,96.6870,0.1985,40.67,On Head
361082,1.5586,10.0580,1.7406,14.5496,91.7099,5.6947,40.95,On Head
361132,1.6879,9.8114,1.8531,9.4504,81.6794,6.9313,40.58,On Head
361182,1.5826,9.7492,2.1715,7.4504,73.3130,6.3206,40.95,On Head
361232,2.0016,9.4140,2.1691,10.9160,68.4275,4.4580,41.05,On Head
361282,1.9034,9.7875,1.9752,13.5725,68.6718,4.9466,40.86,On Head
361332,2.0255,9.6654,1.8794,10.7176,67.5725,5.4504,40.91,On Head
361382,1.8004,9.7659,1.9417,8.1985,64.8702,-1.9847,40.95,On Head
361432,1.2450,10.0006,2.0183,1.7710,54.8092,-5.2366,40.86,On Head
361482,1.3192,9.7851,2.3296,-7.1756,41.9695,-9.5420,40.95,On Head
361532,0.9601,9.6917,2.6863,-4.3053,28.4733,-10.9924,40.77,On Head
361582,0.9768,9.8402,2.6695,-4.4580,16.5038,-4.1832,40.95,On Head
361632,1.2426,9.7947,2.4972,-7.1908,8.7939,-6.8397,40.95,On Head
361682,1.3360,9.6893,2.5905,-8.3053,6.6412,-6.9313,40.86,On Head
361732,1.2905,9.6103,2.5043,-5.8015,3.8168,-10.4580,40.91,On Head
361782,1.2522,9.7875,2.4780,-6.1374,4.9618,-11.0229,40.77,On Head
361832,1.2857,9.6486,2.4756,-7.1603,7.8015,-10.2137,41.19,On Head
361882,1.1157,9.7540,2.4660,-5.1145,11.0076,-10.7176,40.95,On Head
361932,1.1253,9.6750,2.4588,-4.7786,14.9466,-11.3740,40.86,On Head
361982,0.9385,9.5984,2.5714,-4.5038,18.6718,-12.0153,40.91,On Head
362032,0.6488,9.5960,2.6336,0.1374,20.4733,-14.3664,40.95,On Head
362082,0.3184,9.6822,2.6025,2.0000,19.2214,-16.4275,40.91,On Head
362132,0.1437,9.9192,2.5474,1.1298,17.1603,-16.0458,41.09,On Head
362182,-0.1341,9.8593,2.5259,-0.5344,14.4427,-14.7939,40.95,On Head
362232,-0.2873,9.8545,2.5259,-0.7176,11.0534,-13.6489,40.95,On Head
362282,-0.5195,9.8785,2.5546,-2.0611,7.2214,-13.3130,40.77,On Head
362332,-0.5794,9.9311,2.5953,-5.0992,3.3893,-11.1756,40.86,On Head
362382,-0.6297,9.9216,2.5929,-2.9924,0.9618,-5.8626,40.91,On Head
362432,-0.6153,9.9718,2.6312,-6.0458,-2.5496,-4.3664,40.67,On Head
362482,-0.6991,9.7659,2.6959,-6.6412,-3.8626,0.1069,41.19,On Head
362532,-0.4932,9.7348,2.6336,-5.8168,-3.9542,1.8626,40.95,On Head
362582,-0.4310,9.8210,2.6815,-4.4885,-2.1679,3.7099,40.86,On Head
362632,-0.2466,9.7205,2.6073,-3.7405,-0.9313,4.8702,41.05,On Head
362682,-0.2131,9.6606,2.7414,-2.3511,-0.1679,5.1450,40.91,On Head
362732,-0.0575,9.6582,2.6288,-2.4733,0.9160,3.3435,40.95,On Head
362782,-0.2825,9.8162,2.7414,-2.3969,-0.6260,1.3282,40.91,On Head
362832,-0.2346,9.6822,2.7270,-2.0000,-2.3664,2.5954,40.91,On Head
362882,-0.1580,9.8354,2.6360,-0.8244,-1.9695,1.9847,40.77,On Head
362932,-0.0575,9.8617,2.5857,-1.1298,-0.3053,3.7863,40.95,On Head
362982,-0.0670,9.5720,2.6001,-0.0611,-1.1145,3.4351,40.95,On Head
363032,0.0048,9.7755,2.5833,-2.6412,-1.6489,1.3282,40.67,On Head
363082,-0.0239,9.8019,2.5283,-3.3282,-1.0687,1.8321,40.91,On Head
363132,0.0144,9.7755,2.6767,-4.1679,0.8550,1.1756,40.91,On Head
363182,-0.1700,9.7252,2.8012,-1.9542,-0.7939,1.4046,40.95,On Head
363232,-0.5986,9.7205,3.0287,0.7939,-9.2061,4.2137,41.09,On Head
363282,-0.9385,9.8737,3.1340,3.6336,-27.6641,8.4885,40.77,On Head
363332,-0.7302,10.0796,2.8994,-3.0992,-52.2137,8.3359,40.77,On Head
363382,-0.3543,10.1873,2.5594,-14.4122,-76.9008,6.4580,40.95,On Head
363432,0.4980,10.1299,2.3056,-31.6947,-89.6336,2.6260,40.95,On Head
363482,1.0870,9.5170,2.4134,-32.0458,-87.4046,-1.9847,40.72,On Head
363532,1.4772,9.3326,2.7461,-33.5115,-74.3359,-6.8550,41.19,On Head
363582,1.4461,9.2296,3.1244,-25.8626,-63.1298,-7.9695,40.91,On Head
363632,1.5467,9.2153,3.4357,-22.0153,-46.7939,-10.6412,40.91,On Head
363682,1.3408,9.2799,3.5530,-10.5954,-40.2595,-8.8397,41.05,On Head
363732,0.8643,9.3278,3.9863,-8.2901,-37.2214,-10.4427,40.91,On Head
363782,1.4126,9.6151,3.5626,-9.4962,-36.8550,-9.5115,41.09,On Head
363832,1.3671,9.3111,3.7828,-6.0153,-29.8779,-7.7710,40.95,On Head
363882,1.4724,9.4140,3.5961,-1.4962,-22.2443,-5.4809,41.05,On Head
363932,1.4653,9.5313,3.5458,-1.4962,-11.9542,-1.9847,40.91,On Head
363982,1.1229,9.4116,3.6751,3.3130,-11.7557,-0.9313,40.95,On Head
364032,1.2522,9.4044,3.5650,-1.3282,-12.0916,-2.6260,40.86,On Head
364082,1.0367,9.5577,3.7517,-3.4809,-14.7481,-2.5649,40.67,On Head
364132,1.1851,9.5170,3.6440,-2.5038,-17.6794,-1.6794,40.91,On Head
364182,1.3240,9.5361,3.6512,-4.4122,-20.0000,1.6641,41.05,On Head
364232,1.7334,9.3494,3.4788,-5.5573,-12.9924,-0.2290,40.91,On Head
364282,1.6185,9.3925,3.5171,-4.6870,-4.2137,-1.3130,40.91,On Head
364332,1.4006,9.3518,3.6392,-3.2672,-2.4122,-0.2595,41.09,On Head
364382,1.2617,9.4332,3.7062,-2.5496,-5.9389,-1.9542,41.09,On Head
364432,1.6113,9.5792,3.5482,-3.4656,-4.9924,-1.7099,40.95,On Head
364482,1.4940,9.4212,3.6488,1.1298,-1.1450,-0.0916,40.86,On Head
364532,1.4461,9.4499,3.6081,-0.5038,0.5649,-0.8550,40.72,On Head
364582,1.3623,9.4475,3.6200,-1.2214,0.0153,-1.6336,40.77,On Head
364632,1.4485,9.4810,3.5554,-1.6489,-0.3511,-1.0229,40.86,On Head
364682,1.3575,9.4355,3.5314,-2.1679,0.3817,-1.1908,41.09,On Head
364732,1.3431,9.3374,3.6847,-2.3206,0.0000,-1.4962,40.58,On Head
364782,1.3575,9.4547,3.5985,-2.0000,-0.1069,-1.4351,41.05,On Head
364832,1.2641,9.4786,3.6943,-1.8015,-1.0229,-0.8244,41.05,On Head
364882,1.4676,9.5026,3.4907,-2.5802,-1.2366,-1.3282,40.91,On Head
364932,1.3647,9.3206,3.6081,-2.8855,-0.8092,0.0916,40.91,On Head
364982,1.3551,9.5792,3.5410,-1.8931,0.0000,1.1908,40.95,On Head
365032,1.2378,9.3948,3.6464,-1.6489,-0.7176,0.0611,40.95,On Head
365082,1.3934,9.5170,3.5769,-1.8779,-0.8550,0.9313,40.86,On Head
365132,1.4437,9.4523,3.5674,-1.3130,-0.3359,2.4122,40.95,On Head
365182,1.4509,9.3709,3.6129,-1.3130,0.3664,0.8244,40.91,On Head
365232,1.3934,9.4451,3.6416,-0.7176,0.2290,0.5802,41.05,On Head
365282,1.4006,9.4092,3.5841,-0.9924,-0.1527,0.5038,41.05,On Head
365332,1.4820,9.5026,3.4309,0.1985,0.2595,0.3359,40.77,On Head
365382,1.5299,9.4858,3.5195,-1.3893,2.0000,-0.0611,40.86,On Head
365432,1.4174,9.3877,3.5099,-0.6260,1.5115,0.9618,41.05,On Head
365482,1.5012,9.5289,3.4022,-2.4275,2.1527,0.3053,40.91,On Head
365532,1.4126,9.5098,3.4716,-0.9466,1.9695,0.1221,41.05,On Head
365582,1.5060,9.5457,3.4836,-2.9618,0.8855,0.7786,40.91,On Head
365632,1.4437,9.4164,3.5482,-2.1221,1.1756,0.2901,40.86,On Head
365682,1.4629,9.4475,3.5578,-1.8931,0.8855,-0.4427,40.91,On Head
365732,1.4485,9.4882,3.5889,-1.5725,-0.0153,0.7634,41.05,On Head
365782,1.4557,9.4619,3.4692,-0.9160,-0.1069,0.9160,40.91,On Head
365832,1.5275,9.5217,3.4261,-1.4351,-1.0076,0.9313,41.09,On Head
365882,1.4533,9.5241,3.4979,-1.6489,0.3359,0.2443,40.95,On Head
365932,1.5203,9.3948,3.4548,-1.6947,-0.7939,1.3282,41.09,On Head
365982,1.5586,9.5026,3.3782,-3.8779,-0.1374,0.0916,41.05,On Head
366032,1.4389,9.4595,3.4812,-0.8855,0.4733,-0.1985,41.24,On Head
366082,1.5754,9.5768,3.4333,-3.8168,0.6565,-0.1679,40.86,On Head
366132,1.4533,9.4619,3.5147,-2.7939,0.0611,-1.3740,41.19,On Head
366182,1.5179,9.4834,3.5099,-3.0534,-0.1985,-0.6565,41.19,On Head
366232,1.4916,9.4523,3.4764,-2.2290,-0.5344,-0.0305,40.77,On Head
366282,1.5012,9.4810,3.3878,-1.8168,-1.3740,0.0000,40.95,On Head
366332,1.5227,9.4930,3.3974,-2.2748,-1.3130,-0.6718,40.86,On Head
366382,1.4892,9.5265,3.5123,-3.6031,-0.3206,-1.0076,41.09,On Head
366432,1.5131,9.3111,3.5314,-3.2366,-0.7176,-0.5649,41.09,On Head
366482,1.4653,9.5577,3.4165,-4.5344,-0.8397,-1.2824,40.95,On Head
366532,1.4174,9.5170,3.4931,-2.1374,-0.7634,-0.3206,40.91,On Head
366582,1.5155,9.5002,3.4692,-3.0534,-0.5496,1.3893,40.77,On Head
366632,1.5419,9.4068,3.5338,-1.8168,-1.0076,0.1679,40.95,On Head
366682,1.5826,9.4667,3.4572,-1.6794,-0.1221,-0.8855,40.91,On Head
366732,1.5131,9.4308,3.4716,-1.1298,0.5344,-0.9313,41.19,On Head
366782,1.5227,9.5122,3.3423,-1.6641,0.6412,-1.5267,41.28,On Head
366832,1.4629,9.5026,3.4668,-2.6412,0.8550,-0.9008,41.24,On Head
366882,1.4413,9.5361,3.6583,-2.1832,-0.8855,-0.0763,40.86,On Head
366932,1.4078,9.3518,3.6296,-1.6489,-2.6260,0.1069,41.19,On Head
366982,1.5874,9.5457,3.4884,-1.9389,-4.0305,-0.0763,40.95,On Head
367032,1.1181,10.3262,3.4979,-8.3969,-5.7405,17.9389,41.19,On Head
367082,2.1308,9.2991,3.7733,-13.2519,-11.3282,20.8244,41.09,On Head
367132,2.4229,9.1698,4.0606,-11.4962,-17.6641,15.6183,40.95,On Head
367182,3.0813,8.6862,4.1539,-7.5573,-24.5496,8.4427,40.91,On Head
367232,3.5147,9.0980,3.8020,-4.2748,-25.8321,1.7863,40.95,On Head
367282,3.4764,9.4379,3.3950,-8.9466,-19.0840,-3.0992,40.95,On Head
367332,2.2434,9.0621,3.7254,-11.2061,-25.0382,-15.9237,40.95,On Head
367382,2.7749,9.6079,3.5051,-14.7939,-28.3511,-16.8092,41.19,On Head
367432,3.1101,8.9711,3.3184,-10.0916,-28.1679,-13.5725,40.91,On Head
367482,2.8850,9.7659,3.5554,-17.8321,-17.5420,-24.5496,40.95,On Head
367532,1.9968,9.2368,4.3838,-13.2214,-19.2977,-30.7176,40.72,On Head
367582,1.0798,9.3565,4.3455,3.1450,-24.6107,-26.0916,41.09,On Head
367632,1.4269,9.7636,3.9528,6.4122,-26.1221,-13.7405,41.19,On Head
367682,1.7214,9.1195,3.5817,15.0840,-27.8321,-10.0153,41.05,On Head
367732,1.8818,9.7372,3.1077,14.4885,-26.7023,-7.3893,40.91,On Head
367782,1.8196,9.5313,3.0813,9.8931,-25.3435,-9.8321,40.67,On Head
367832,1.6352,10.4483,2.3056,9.8168,-20.6412,-8.3511,41.19,On Head
367882,0.8045,10.0509,2.6695,-17.6336,-11.5420,2.0763,41.09,On Head
367932,1.2234,9.0908,3.3926,-6.7023,-28.0611,10.4427,40.95,On Head
367982,2.3008,8.8992,3.1819,-4.5344,-25.6794,3.9695,40.72,On Head
368032,1.7765,8.8562,3.5434,0.9771,-28.1069,-1.4351,40.86,On Head
368082,2.0255,9.0932,3.2417,0.8397,-30.2901,-4.0000,40.95,On Head
368132,2.1548,9.0884,3.0454,4.2290,-26.1069,-5.8473,40.95,On Head
368182,1.9752,9.3398,2.7629,7.7099,-21.9542,-6.2137,40.86,On Head
368232,2.1189,9.4116,2.3463,2.6107,-18.2595,-5.4809,40.95,On Head
368282,1.8411,9.4236,2.4493,-0.3664,-15.6183,-10.7328,41.19,On Head
368332,1.7430,9.6965,2.4325,-5.9695,-12.6412,-13.6031,41.09,On Head
368382,1.6113,9.5840,2.9473,-10.0000,-11.5573,-14.9313,40.95,On Head
368432,0.1867,9.4834,4.5083,-13.4198,-24.1985,-24.6412,40.95,On Head
368482,0.3687,9.1746,3.4069,7.5725,-54.4427,-24.4427,41.09,On Head
368532,1.6352,10.1394,2.0925,-0.1221,-35.2061,-19.0076,41.09,On Head
368582,0.9649,9.8976,2.5067,-0.4733,-20.8550,-17.0076,41.19,On Head
368632,0.9601,9.8976,2.4541,-1.3740,-11.8168,-13.4046,40.86,On Head
368682,0.9170,9.6798,2.4852,-4.1527,-8.4122,-12.4885,41.38,On Head
368732,0.8068,9.4954,2.4828,1.0840,-2.1527,-14.3206,41.09,On Head
368782,0.7207,9.8737,2.4086,-4.0000,6.9160,-15.7863,40.95,On Head
368832,0.0910,10.0126,2.7366,-2.2137,6.8397,-10.4580,41.09,On Head
368882,0.2011,9.8378,2.8706,-6.0763,9.0534,-7.9237,41.05,On Head
368932,0.2490,9.8593,2.9137,-7.8473,5.5115,-6.3817,41.19,On Head
368982,0.0287,9.7324,3.1101,-5.8015,0.9771,-4.7023,40.91,On Head
369032,0.3472,9.7252,2.9999,-4.4885,-2.1679,-3.1145,41.05,On Head
369082,0.3998,9.7444,2.8826,-3.2977,0.3969,-3.7863,40.72,On Head
369132,0.2801,9.7540,2.8156,-0.6718,1.6183,-3.9084,41.28,On Head
369182,0.2035,9.8952,2.8371,-1.6947,2.2443,-2.2290,40.95,On Head
369232,0.2203,9.7612,2.7629,-0.1679,2.0611,0.4733,40.91,On Head
369282,0.1891,9.8067,2.6959,1.0534,1.9084,1.3893,40.95,On Head
369332,0.3783,9.7755,2.5953,0.3206,1.4046,1.7405,41.05,On Head
369382,0.4645,9.6558,2.6288,1.5573,2.5344,3.1450,41.19,On Head
369432,0.4836,9.8904,2.5067,3.6947,4.9008,2.4427,41.05,On Head
369482,0.3711,9.8545,2.5211,5.1450,5.3282,4.2748,40.95,On Head
369532,0.5722,9.7659,2.4660,-0.1221,2.6107,3.1908,41.09,On Head
369582,0.5674,9.7396,2.5738,0.5649,2.3053,1.6336,40.91,On Head
369632,0.6153,9.7707,2.4157,1.9084,1.0534,0.6260,41.05,On Head
369682,0.5555,9.8258,2.2577,0.9313,0.7481,-0.6107,40.95,On Head
369732,0.5722,10.0149,2.1715,-2.9160,1.0687,0.0611,40.77,On Head
369782,0.4142,9.9551,2.3655,-4.5954,-0.2137,-1.9847,40.95,On Head
369832,0.6009,9.7372,2.4612,-4.8092,1.1756,-0.0916,41.09,On Head
369882,0.6488,9.6295,2.4325,0.5802,4.6870,1.2824,40.95,On Head
369932,0.3903,9.9216,2.4612,1.4962,2.8397,0.4733,40.95,On Head
369982,0.5914,9.6462,2.6049,0.5038,0.4122,-2.3359,40.95,On Head
370032,0.9768,9.1123,2.5618,8.8855,-2.2595,-12.7023,41.05,On Head
370082,0.2179,9.9862,2.3128,3.8473,-4.8855,-8.0916,41.19,On Head
370132,0.3783,9.8976,2.0877,6.7176,-4.6565,-8.8092,40.95,On Head
370182,0.1652,10.1586,1.9393,3.0992,-3.4046,-4.7634,40.95,On Head
370232,0.2849,9.9096,1.8651,2.1527,-1.0229,-4.8397,40.86,On Head
370282,0.1149,10.0365,1.8890,-1.2366,-0.1832,-3.2519,40.91,On Head
370332,0.1532,9.8904,1.9537,-0.8092,-0.9618,1.1756,40.95,On Head
370382,0.3352,9.7947,1.9513,1.0382,1.5573,2.3206,40.77,On Head
370432,0.2849,9.9934,1.8699,-0.9008,3.6031,-0.7786,40.91,On Head
370482,0.1245,9.9359,1.8986,-1.2061,3.2214,0.0763,40.95,On Head
370532,0.1389,9.8665,1.9704,-2.9313,1.6031,1.8015,40.91,On Head
370582,0.1604,9.8378,2.0111,-0.9771,1.6183,1.6794,41.09,On Head
370632,0.2634,9.9311,1.9728,-0.5954,2.4427,1.0687,40.86,On Head
370682,0.2274,9.8330,1.9369,-1.4809,1.6947,0.6107,40.86,On Head
370732,0.2849,9.9934,1.8316,-1.6336,1.5725,1.7099,41.09,On Head
370782,0.2131,9.8737,1.8627,-2.4733,3.3435,1.0076,40.77,On Head
370832,0.3496,9.8761,1.8938,-3.1756,2.2443,1.8779,41.05,On Head
370882,0.1963,9.8043,2.0207,-1.2214,2.6107,2.4427,41.05,On Head
370932,0.3950,9.9479,1.8004,0.6260,4.1221,0.1679,41.05,On Head
370982,0.1604,9.9024,1.9010,-0.7023,2.5496,1.8931,40.95,On Head
371032,0.3448,9.8114,1.8292,-2.3969,2.4733,2.4580,40.77,On Head
371082,0.3496,9.8258,1.9058,-1.9695,2.8092,1.7405,41.09,On Head
371132,0.3879,9.9335,1.8340,-0.2748,1.9389,1.7863,41.24,On Head
371182,0.3663,9.8737,1.8627,-2.5344,1.6336,1.2061,40.95,On Head
371232,0.3519,9.9240,1.7933,-2.6260,0.5954,1.4046,41.38,On Head
371282,0.4669,9.8809,1.8316,-3.4046,1.2366,1.7099,41.19,On Head
371332,0.3256,9.9311,1.8148,-1.5115,1.4809,0.7328,40.95,On Head
371382,0.3831,9.9168,1.7693,-3.6031,1.4046,1.8779,40.95,On Head
371432,0.5531,9.8474,1.7382,-2.9618,0.9466,0.7328,41.09,On Head
371482,0.3496,9.9216,1.7837,-4.6260,2.0763,0.0763,40.86,On Head
371532,0.4046,9.9431,1.8603,-5.6641,1.7557,1.3435,41.05,On Head
371582,0.3711,9.8019,1.9896,-5.0076,2.6870,1.1298,40.95,On Head
371632,0.4525,9.8569,1.9776,-3.3130,2.3817,1.5115,40.95,On Head
371682,0.4645,9.8976,1.9632,-2.4275,2.8397,1.0076,41.05,On Head
371732,0.4812,9.8904,1.9585,-2.3359,1.9847,0.2901,40.77,On Head
371782,0.4357,9.8689,1.9656,-2.5038,1.7863,-0.2290,41.09,On Head
371832,0.4238,9.8713,1.9537,-3.9847,0.1985,-1.2977,40.77,On Head
371882,0.3400,9.9742,2.0542,-4.0916,-0.4733,-0.0611,40.95,On Head
371932,0.4357,9.8067,2.1141,-2.8397,0.0611,1.7863,40.95,On Head
371982,0.5986,9.8593,1.9632,-1.7252,1.2214,0.4275,40.91,On Head
372032,0.4262,9.7755,2.0087,-1.7252,2.3206,0.8244,40.91,On Head
372082,0.4717,9.8952,1.9752,-3.3130,0.2595,2.1069,40.95,On Head
372132,0.5100,9.8019,1.9656,-2.4580,1.4656,1.6947,40.77,On Head
372182,0.6560,9.7923,2.0638,-1.8931,2.2137,0.7023,41.24,On Head
372232,0.4860,9.8928,2.0255,-1.3740,1.9847,-0.2595,41.09,On Head
372282,0.4357,9.8593,2.0782,-0.3817,3.2977,0.0000,40.95,On Head
372332,0.4621,9.8976,1.9800,0.3664,1.9695,3.1756,40.91,On Head
372382,0.6369,9.9335,1.8771,0.4122,2.3969,2.1069,41.05,On Head
372432,0.6656,10.0509,1.7597,-3.0992,1.0229,0.2748,41.05,On Head
372482,0.5770,9.8426,1.8483,-4.3664,1.2061,1.0382,41.09,On Head
372532,0.6895,9.7564,1.8699,-2.5954,2.7939,0.3206,41.28,On Head
372582,0.5866,9.7899,1.9609,-3.1450,3.4046,0.9618,40.77,On Head
372632,0.6177,9.8521,1.8866,-2.5496,3.5725,-0.4275,41.19,On Head
372682,0.7997,9.8402,1.8411,-4.1985,3.6183,-2.5191,40.86,On Head
372732,0.5052,9.8809,1.9728,-6.9466,3.6489,-3.1603,40.91,On Head
372782,0.4860,9.9455,2.0997,-4.7328,3.9847,-2.7023,40.95,On Head
372832,0.3543,9.9647,2.0877,-2.9313,3.2977,-1.0687,40.91,On Head
372882,0.3879,9.9455,2.0183,-4.1069,3.0687,-0.0458,40.77,On Head
372932,0.4812,9.9168,2.0638,-4.5649,4.1527,1.0840,41.19,On Head
372982,0.4812,9.8761,2.1045,-3.0840,3.6947,2.4275,41.09,On Head
373032,0.5890,9.8138,2.0853,-3.6794,4.1679,2.0763,40.95,On Head
373082,0.6704,9.7803,2.1021,-2.4427,4.5038,1.5573,40.91,On Head
373132,0.5459,9.8569,2.0997,-4.2290,5.5725,-0.1985,41.19,On Head
373182,0.4381,9.9144,2.1715,-4.4122,3.8626,-0.1679,41.19,On Head
373232,0.3591,9.8162,2.2075,-3.1145,3.1145,0.9466,40.95,On Head
373282,0.5339,9.8090,2.1859,-2.5649,2.2137,1.4198,41.38,On Head
373332,0.5746,9.8928,2.1691,-2.5496,2.1374,1.1756,40.91,On Head
373382,0.5531,9.8378,2.1883,-1.8626,1.6183,0.4580,40.95,On Head
373432,0.5315,9.8737,2.1548,-3.0534,1.3130,0.2595,40.95,On Head
373482,0.5938,9.7683,2.2242,-3.0229,1.3740,0.8244,40.95,On Head
373532,0.5962,9.8426,2.0686,-1.4504,3.1450,-0.3053,41.19,On Head
373582,0.7111,9.7492,2.2170,-3.3588,3.5267,0.9160,41.09,On Head
373632,1.0918,9.4475,1.9609,3.3130,14.3969,0.7023,40.95,On Head
373682,0.5483,10.1442,1.8244,6.3359,18.7481,-0.5954,41.24,On Head
373732,0.1245,10.0604,2.0734,-1.8473,16.1069,0.1679,41.19,On Head
373782,0.2394,9.9240,2.2098,-3.4962,8.6718,0.6565,40.95,On Head
373832,0.3711,9.8569,2.2122,-3.1603,4.2748,0.7481,40.91,On Head
373882,0.3998,9.8162,2.1189,-2.1832,0.3206,0.7023,41.24,On Head
373932,0.5435,9.9192,2.0446,-2.5649,-0.7328,0.4427,41.28,On Head
373982,0.5698,9.8330,1.9872,-2.4275,0.3053,0.3359,40.91,On Head
374032,0.5363,9.8904,1.9273,-2.6107,0.5649,-0.0153,41.38,On Head
374082,0.4980,9.7923,2.0423,-1.6641,0.8855,-0.2443,40.95,On Head
374132,0.5986,9.7707,1.9728,-1.1908,1.0992,-0.1527,40.91,On Head
374182,0.6057,9.7109,2.0303,1.1145,5.1908,0.5649,40.95,On Head
374232,0.5411,9.9168,1.9154,1.4656,3.8931,0.5954,40.86,On Head
374282,0.3089,10.1227,1.7358,-2.8092,5.0992,-0.5954,41.05,On Head
374332,0.3065,10.4363,1.6664,-9.1908,-1.1450,3.0840,41.09,On Head
374382,0.8739,9.8378,1.7214,-13.5267,6.4275,2.5038,40.58,On Head
374432,1.2713,9.7612,1.5443,-7.9389,27.0992,2.8244,41.28,On Head
374482,1.0487,10.1155,1.4437,-0.2595,54.3359,6.0611,40.77,On Head
374532,0.4405,9.8665,1.6592,2.4427,75.1908,10.6870,40.77,On Head
374582,0.1604,10.0963,1.6712,5.5878,81.4962,16.5344,41.19,On Head
374632,0.1963,9.8809,1.7741,2.0000,79.8321,16.5038,40.95,On Head
374682,0.3328,9.8952,1.7909,5.8626,75.5267,12.4427,41.09,On Head
374732,0.5962,9.9503,1.5586,5.9847,81.3588,11.2214,40.95,On Head
374782,0.4453,10.1347,1.2091,9.8626,86.4427,13.2672,40.91,On Head
374832,0.2274,10.6757,0.8380,-2.9924,95.1603,15.6489,40.95,On Head
374882,-0.4381,11.2168,1.1229,-4.6412,90.5802,24.1221,41.19,On Head
374932,1.8435,8.5712,1.0870,-16.7786,89.4351,1.4809,41.19,On Head
374982,-0.3184,10.3741,1.7406,-30.4275,95.8473,-13.2824,40.95,On Head
375032,-0.7997,9.9838,2.3870,-29.4656,83.3435,-1.0382,41.24,On Head
375082,-1.0032,9.8114,3.0885,-44.0763,63.2672,29.9542,40.95,On Head
375132,-0.1245,9.2727,3.7852,-36.9008,56.1679,30.3969,40.95,On Head
375182,-0.1532,8.7101,4.1444,-30.5191,41.0382,28.7939,40.91,On Head
375232,0.9074,8.8538,4.3335,-28.2137,35.1298,20.1374,41.05,On Head
375282,0.7350,9.3470,4.4365,-16.2137,37.5725,11.2366,41.09,On Head
375332,0.3903,9.0644,4.7980,-10.3511,28.5038,15.8168,40.91,On Head
375382,0.9385,9.1506,4.6567,-3.8015,14.0153,17.3282,41.09,On Head
375432,1.4150,8.6000,4.6448,-2.6412,5.9389,10.7786,41.19,On Head
375482,1.2570,8.8011,4.6543,6.5496,-2.1985,6.2137,41.05,On Head
375532,1.3120,9.1004,4.3551,10.1832,-2.8244,3.4351,40.91,On Head
375582,1.1971,9.1099,3.9480,11.2824,1.3893,-1.2672,41.05,On Head
375632,1.0199,9.1818,3.8259,8.6260,5.1450,-1.9084,40.91,On Head
375682,0.8092,9.1028,3.6200,16.9466,2.0611,-3.6031,40.91,On Head
375732,0.7901,9.3398,3.1292,20.8092,-1.8473,-7.9695,40.91,On Head
375782,0.5722,10.0317,2.9880,11.6794,0.5802,-2.7634,40.95,On Head
375832,0.4310,9.8019,3.4022,6.6718,-4.8855,-1.1756,41.19,On Head
375882,0.5195,9.9144,3.4141,8.4580,-11.1756,-2.8702,40.86,On Head
375932,0.4381,10.1323,3.4069,6.2290,-21.8473,-4.1832,41.24,On Head
375982,0.8140,9.0644,3.3950,8.6107,-35.0076,-1.3130,40.95,On Head
376032,2.0686,10.0102,2.8395,-0.2443,-41.8015,10.7328,41.09,On Head
376082,2.1237,8.9208,3.0550,-2.7481,-41.8321,3.0229,41.09,On Head
376132,1.7885,9.2153,2.8395,1.1908,-55.4351,-20.3817,40.91,On Head
376182,1.3671,10.0772,2.5426,-8.9160,-65.1298,-31.8321,40.95,On Head
376232,0.1221,10.1370,3.1149,-13.4351,-74.5496,-32.8397,40.95,On Head
376282,0.2993,9.1459,3.7326,-26.9466,-103.9847,-26.0763,40.86,On Head
376332,1.3862,9.6822,2.9736,-8.3969,-123.7710,-29.5420,40.67,On Head
376382,1.7837,9.5002,2.7821,-23.0076,-111.3740,-38.3664,41.19,On Head
376432,1.3240,9.9551,2.7509,-22.1679,-103.0534,-39.9542,40.86,On Head
376482,0.8978,9.5984,3.0765,-29.6183,-90.9313,-42.9160,41.24,On Head
376532,0.3136,9.2296,3.6536,-23.8626,-82.1374,-46.2290,40.77,On Head
376582,-0.4573,9.2943,3.9241,-21.1145,-79.8626,-50.0000,41.28,On Head
376632,-0.5004,10.1969,3.9073,-4.6718,-81.8931,-38.2443,41.19,On Head
376682,0.5555,9.8234,3.7996,-10.1832,-56.3817,-16.1374,40.95,On Head
376732,-0.0263,9.3589,3.8714,4.6718,-38.4122,-14.5496,40.91,On Head
376782,-0.6225,9.3494,3.4668,4.8244,-33.8626,-15.0840,41.05,On Head
376832,-0.4094,9.9096,3.2082,0.1679,-32.2290,-10.9924,40.86,On Head
376882,-0.9457,9.6247,3.7709,-17.9847,-40.6718,-8.3664,40.91,On Head
376932,-0.2969,9.5002,3.8307,-15.2824,-44.4580,-5.2824,40.86,On Head
376982,0.0694,9.6774,4.0390,-11.8015,-30.2137,0.3053,41.05,On Head
377032,0.0072,9.1099,4.6400,-12.1985,-26.3053,0.5344,41.05,On Head
377082,0.2562,9.2273,4.5370,-2.8397,-24.6870,0.9160,40.91,On Head
377132,0.3424,8.9998,4.5466,-4.3817,-26.0153,-0.7176,40.95,On Head
377182,0.0814,9.2129,4.5945,2.8550,-30.9008,-6.8397,41.09,On Head
377232,0.5363,9.5648,3.9193,-1.0229,-34.3664,-5.0687,40.91,On Head
377282,0.8763,9.2991,3.8930,-0.9924,-27.1450,-4.1679,40.95,On Head
377332,0.5243,9.4332,3.9696,-2.1679,-26.2290,-8.0153,40.95,On Head
377382,0.5387,9.5193,3.8906,0.1832,-23.6794,-1.4504,40.95,On Head
377432,0.7135,9.3948,3.9121,-0.3817,-21.9389,-2.4733,40.95,On Head
377482,0.9313,9.4355,3.6799,6.5802,-16.4580,-1.8015,40.91,On Head
377532,0.7063,9.3182,3.6607,4.6107,-14.2901,-1.8473,41.24,On Head
377582,0.6752,9.4451,3.5626,5.6947,-17.2061,-2.4885,41.05,On Head
377632,0.8308,9.6199,3.3303,4.4275,-17.5420,2.0763,40.95,On Head
377682,1.0630,9.2823,3.0430,7.7405,-20.1985,2.7176,40.77,On Head
377732,1.2929,9.7276,2.7533,3.2824,-17.8473,-2.1069,40.95,On Head
377782,1.0558,9.9072,2.7845,-5.6336,-13.8321,-4.9924,41.19,On Head
377832,1.1540,9.6103,2.9856,-9.1908,-7.8931,-3.5725,40.95,On Head
377882,0.6776,9.8330,3.4381,-11.6489,-3.2214,-2.1832,41.28,On Head
377932,0.9840,9.3709,3.6847,-13.5267,-5.0229,3.5267,40.91,On Head
377982,1.4102,9.1267,3.6392,-3.8473,0.0611,7.2824,41.19,On Head
378032,1.3671,9.1051,3.7158,-5.8321,5.2519,-0.8397,41.24,On Head
378082,1.1564,9.5146,3.3543,0.7481,6.4580,-1.3130,40.95,On Head
378132,1.1779,9.5457,3.5434,-9.7863,9.8015,1.5878,40.95,On Head
378182,1.1803,9.3398,3.8211,-9.3435,12.9313,-2.1985,41.19,On Head
378232,0.8356,9.4236,4.1875,-10.5802,12.7176,-3.3130,40.86,On Head
378282,0.6345,9.3134,4.3598,-7.6794,8.7023,-1.0382,40.95,On Head
378332,0.8499,9.3685,4.1755,-6.9466,4.4122,0.5038,41.24,On Head
378382,0.8739,9.3302,4.2593,-6.8550,3.3435,0.0000,41.19,On Head
378432,0.8739,9.3398,4.2377,-5.2672,1.5573,2.5038,41.05,On Head
378482,1.0726,9.1363,4.2329,-5.6794,1.9389,3.5267,40.91,On Head
378532,1.1109,9.2320,4.2569,-5.4962,5.1756,1.3282,41.24,On Head
378582,0.9218,9.2632,4.3814,-5.6489,4.6412,0.0763,40.95,On Head
378632,0.8116,9.3398,4.4293,-4.7023,1.5420,0.8702,40.91,On Head
378682,0.9361,9.1866,4.3503,-2.5191,-0.6870,0.8244,41.19,On Head
378732,0.9673,9.2632,4.2832,-2.9160,1.3588,-0.1679,41.05,On Head
378782,0.9409,9.2632,4.2689,-0.4122,-0.5802,0.7176,41.24,On Head
378832,0.9290,9.2871,4.1994,-1.4046,-0.1985,2.0000,41.09,On Head
378882,0.7925,9.3518,4.2353,-2.3053,-0.6107,2.5954,41.24,On Head
378932,0.9361,9.3709,4.1468,-2.6107,-1.7099,5.0534,40.95,On Head
378982,0.9505,9.2249,4.2784,-1.9695,0.2748,8.3053,41.09,On Head
379032,1.1851,9.3158,4.2138,-3.8015,-0.4427,8.2137,41.24,On Head
379082,1.1133,9.4140,4.1755,-0.2290,1.9542,8.4885,41.09,On Head
379132,1.1229,9.2129,4.2593,-1.1908,3.3740,13.3282,41.09,On Head
379182,1.3072,9.3422,4.1611,0.0763,6.9771,14.9313,41.28,On Head
379232,1.4126,9.3948,3.9792,3.4198,10.0458,19.1298,41.09,On Head
379282,1.4988,9.6965,3.7278,0.9466,20.3359,27.9389,41.19,On Head
379332,1.5179,9.2919,4.1492,0.1374,32.0458,44.6870,41.05,On Head
379382,2.2721,9.0549,3.9624,10.2290,41.4198,41.9847,41.24,On Head
379432,2.3583,9.2057,3.9145,7.3282,45.8015,37.8473,40.95,On Head
379482,2.4924,8.7484,3.9840,9.7863,43.7710,32.6412,40.95,On Head
379532,2.5402,8.9830,4.1899,2.3206,38.8855,21.5267,40.91,On Head
379582,2.7701,8.6574,4.2282,3.7405,31.9237,9.6031,41.09,On Head
379632,2.3248,9.1363,4.4341,-4.7176,21.8626,6.3664,41.19,On Head
379682,2.4924,8.8490,4.5514,-5.9237,15.0992,0.0000,40.95,On Head
379732,2.3224,8.9735,4.6112,-4.2290,9.2519,0.7786,40.91,On Head
379782,2.5331,8.8346,4.4412,-2.0763,5.4046,-3.2519,40.91,On Head
379832,2.2170,9.0477,4.4796,-3.3893,5.1603,-2.0916,40.95,On Head
379882,2.3104,8.9567,4.3910,-1.8168,2.6565,-0.9618,41.05,On Head
379932,2.3583,9.0740,4.2569,-1.9695,2.6412,0.5496,41.05,On Head
379982,2.4828,8.9519,4.2306,-1.9237,4.0763,-0.0916,41.05,On Head
380032,2.4517,9.0573,4.2760,-5.7252,5.0534,-3.2977,41.24,On Head
380082,2.3032,9.0812,4.2282,-5.1908,9.0534,-1.2977,41.05,On Head
380132,2.0016,8.9591,4.5226,-5.0992,7.0076,1.5725,40.95,On Head
380182,2.3296,8.9064,4.4173,-4.8092,7.6641,0.8092,40.95,On Head
380232,2.2697,8.9040,4.5322,-0.1985,6.7328,-4.1985,41.24,On Head
380282,2.1452,9.3829,4.4365,-6.9313,8.3664,-1.7710,40.95,On Head
380332,2.0183,9.0980,4.5274,-6.4427,11.3130,3.9389,41.24,On Head
380382,2.3152,8.9471,4.5610,-9.0687,13.1756,5.2214,40.91,On Head
380432,2.2936,8.8777,4.7692,-10.3053,17.2366,4.2748,40.91,On Head
380482,1.9968,8.6646,5.1619,-7.4809,12.5344,4.3359,40.95,On Head
380532,1.9178,8.5808,5.3343,-6.3206,3.5725,-1.6641,41.05,On Head
380582,1.9321,8.7867,5.2218,-2.2595,-5.6336,-2.2137,40.95,On Head
380632,2.2266,8.6598,5.0446,-1.8931,-7.8931,-3.8779,41.19,On Head
380682,2.1596,8.7891,4.7980,1.1908,-7.5420,-6.1527,40.91,On Head
380732,1.9680,8.9064,4.8842,0.8092,-7.9389,-6.1527,40.95,On Head
380782,1.9752,8.8873,4.8339,0.2901,-11.8473,-6.7786,41.24,On Head
380832,2.2075,8.8346,4.5993,-1.0992,-15.5267,-8.9771,41.19,On Head
380882,1.9776,8.9998,4.6184,-0.1374,-13.1756,-11.7710,41.09,On Head
380932,1.9082,9.0453,4.5370,-0.7481,-11.2214,-7.6031,41.38,On Head
380982,1.8962,9.0597,4.5490,0.9160,-9.4809,-5.0382,41.05,On Head
381032,1.9896,9.1315,4.4125,-1.0076,-8.0305,-6.1985,40.95,On Head
381082,1.7669,9.0764,4.4005,0.6412,-6.6870,-3.3130,40.91,On Head
381132,2.0111,9.0381,4.3407,-1.8473,-5.5573,-1.5420,41.24,On Head
381182,2.0375,9.0908,4.3311,-1.0534,-2.9466,-1.1756,41.28,On Head
381232,1.9944,9.0644,4.4173,-2.0611,-1.8321,-1.1756,41.09,On Head
381282,2.0614,9.0788,4.3646,-0.7481,-0.5344,-1.0382,41.09,On Head
381332,1.9130,9.0573,4.4101,-1.3282,1.1298,-2.1374,41.19,On Head
381382,1.9297,9.1363,4.4053,-1.1908,-0.2290,-3.0229,41.05,On Head
381432,1.9082,9.0261,4.4388,-2.2748,-0.5496,-2.1069,40.86,On Head
381482,1.9082,9.1004,4.3551,-0.9618,-0.0916,-2.5802,41.24,On Head
381532,1.9321,9.1770,4.3287,-2.3817,0.8397,-3.0534,40.95,On Head
381582,1.6903,9.1123,4.4915,-2.1832,1.4504,-2.7328,41.28,On Head
381632,1.8292,9.1674,4.4484,-3.6336,0.2748,0.3206,41.09,On Head
381682,1.8555,9.0381,4.5203,-1.9389,0.6870,1.4351,40.91,On Head
381732,1.9561,9.1435,4.4317,-1.4198,1.3130,1.1450,40.95,On Head
381782,1.8986,9.0357,4.4388,-1.1450,1.1756,-0.0153,40.95,On Head
381832,2.0016,9.1482,4.3670,-2.3664,0.9466,-1.2977,41.05,On Head
381882,1.8699,8.9208,4.4796,-1.0840,-0.7786,-3.5267,41.19,On Head
381932,1.8028,9.1243,4.3814,-1.7863,-0.5649,-2.1374,40.91,On Head
381982,1.7502,9.1650,4.3838,-0.8092,0.1069,-0.5344,40.95,On Head
382032,1.9321,9.2177,4.3215,-0.4275,-0.6565,-0.5191,41.19,On Head
382082,1.7573,9.2201,4.4053,-2.7481,0.5802,-0.3359,40.95,On Head
382132,1.7502,8.9807,4.4317,-0.8855,-0.6412,-1.8931,40.86,On Head
382182,1.9249,9.0716,4.2713,-2.7481,-0.6565,-2.4885,40.91,On Head
382232,1.8579,9.1004,4.2449,-0.6565,1.4198,-0.2748,40.91,On Head
382282,1.8124,9.2440,4.1611,-4.3664,2.8550,1.5573,41.24,On Head
382332,1.6999,9.1171,4.4149,-7.2366,-0.1985,0.7634,40.91,On Head
382382,1.8675,9.0644,4.4987,-4.4427,-1.2214,-1.2366,40.91,On Head
382432,1.7190,9.0142,4.5107,-0.8550,0.1374,-1.3588,41.24,On Head
382482,1.6999,9.2009,4.4317,-1.0076,0.0000,-0.0611,41.24,On Head
382532,1.8292,9.1650,4.3383,-0.9160,0.7023,1.8168,41.38,On Head
382582,1.8459,9.1171,4.3431,-0.7176,0.4885,-0.0153,41.24,On Head
382632,1.7310,9.0453,4.4269,-2.2748,0.2443,-0.9313,40.95,On Head
382682,1.8340,9.2033,4.2880,-3.3740,-0.3969,-0.0458,41.38,On Head
382732,1.7406,9.0764,4.4460,-1.5267,0.1221,-0.0611,40.77,On Head
382782,1.8866,9.1219,4.3838,-2.4580,0.0611,-0.0916,41.09,On Head
382832,1.7047,9.1051,4.4029,-1.1756,-0.2290,0.5496,41.09,On Head
382882,1.7813,9.1626,4.4149,-1.2366,-2.8702,1.8321,41.05,On Head
382932,1.8962,9.1770,4.3407,-3.2977,-3.0840,0.2443,41.09,On Head
382982,2.1284,9.0285,4.1899,-1.7099,-0.4580,0.1069,41.09,On Head
383032,1.9680,9.1866,4.3263,-1.4351,2.6718,-0.9466,41.19,On Head
383082,1.6783,9.1387,4.5179,-2.8550,2.7176,-0.0916,41.38,On Head
383132,1.9537,9.1578,4.2569,-1.1908,0.4580,-0.9008,40.91,On Head
383182,1.7597,9.0453,4.4101,-2.6260,0.5649,-1.2672,41.09,On Head
383232,1.8555,9.2009,4.3479,-2.1069,0.2901,-0.8855,40.95,On Head
383282,1.7573,9.1387,4.3048,-2.2443,-0.2137,1.3435,40.95,On Head
383332,1.9130,9.1459,4.4556,-2.4275,-0.1374,1.3740,41.09,On Head
383382,1.9489,9.1339,4.2976,-2.3817,-0.2137,0.7939,41.24,On Head
383432,1.8627,9.0597,4.3646,-1.4198,0.6412,-1.0076,41.19,On Head
383482,1.8172,9.0166,4.4173,-2.5038,-0.9466,-2.0153,41.28,On Head
383532,1.7765,9.0525,4.5226,-1.4046,-3.1450,-2.3511,41.19,On Head
383582,1.7765,9.2081,4.3598,-0.1374,-5.2061,-2.4427,41.24,On Head
383632,1.8244,9.1004,4.3311,-0.8702,-6.2137,-2.0458,41.05,On Head
383682,1.8364,9.1913,4.1779,-0.6260,-4.8244,-4.5191,41.19,On Head
383732,1.7382,9.0644,4.2425,-0.1985,-4.1985,-2.9618,41.09,On Head
383782,1.8459,9.2560,4.1444,-1.2061,-2.9313,-1.7557,41.05,On Head
383832,1.8794,9.2033,4.1611,-1.0992,-0.8550,-0.1221,41.09,On Head
383882,1.8771,9.1482,4.1803,-0.2443,-0.7786,-0.2901,41.05,On Head
383932,1.8435,9.2296,4.1300,-3.4198,-0.2137,-1.2824,40.95,On Head
383982,1.8794,9.2033,4.2162,-2.4733,0.7786,-0.5649,41.09,On Head
384032,1.8483,9.1937,4.1635,0.1527,1.6794,-0.5496,41.09,On Head
384082,1.8124,9.2009,4.1803,-0.6870,1.5420,0.3359,41.09,On Head
384132,1.9249,9.2057,4.1084,-1.6947,1.5420,1.2977,41.19,On Head
384182,1.9920,9.0980,4.1348,0.0458,2.3053,1.4962,40.86,On Head
384232,1.8531,9.1291,4.1372,-2.0611,3.1450,-4.5649,41.09,On Head
384282,1.8244,9.2249,4.0127,0.7786,3.6183,-2.4580,41.24,On Head
384332,1.6951,9.1435,4.1779,1.4046,5.9542,-1.8626,41.05,On Head
384382,1.8483,9.2656,3.9840,2.4885,6.0458,-0.5191,41.38,On Head
384432,1.7358,9.3422,3.9911,-0.1527,7.3893,0.1985,41.19,On Head
384482,1.8986,9.3063,3.8283,-0.8855,11.2977,-0.2901,40.95,On Head
384532,1.6520,9.1650,4.0654,-2.2443,16.1069,0.4122,41.09,On Head
384582,1.8986,9.1866,3.9528,2.8702,20.8092,4.2901,41.19,On Head
384632,1.7214,9.2440,3.9241,3.4962,24.5649,0.6260,40.95,On Head
384682,1.4222,9.3182,4.0797,4.0763,23.3740,0.3969,41.05,On Head
384732,1.5131,9.3422,3.9169,4.6870,23.5114,1.1756,41.05,On Head
384782,1.5634,9.2919,3.8331,4.0000,26.1374,0.8702,41.24,On Head
384832,1.4222,9.2009,4.0103,5.5878,30.1679,1.5115,41.09,On Head
384882,1.5658,9.2799,3.7876,10.6260,36.4122,2.3969,41.24,On Head
384932,1.5682,9.3230,3.6799,14.7634,45.7405,2.9924,41.19,On Head
384982,1.7621,9.2895,3.3686,24.2901,63.1756,6.7481,41.19,On Head
385032,1.9034,9.5720,2.7294,32.0153,83.5573,9.0534,40.91,On Head
385082,2.1045,9.8689,1.7980,21.1450,119.9542,4.8397,41.09,On Head
385132,-0.0311,9.0453,2.7126,26.4427,126.1069,-5.2061,40.91,On Head
385182,-0.4118,10.3597,2.3750,26.4275,108.4427,2.0458,41.05,On Head
385232,-1.0151,9.8067,2.7246,19.6794,95.1756,7.6336,40.95,On Head
385282,-1.1492,10.0724,2.6600,23.4046,65.0992,12.0153,41.38,On Head
385332,-0.1460,10.2304,2.0375,15.2366,52.4885,9.6641,40.86,On Head
385382,-0.2777,10.1514,1.8890,7.7252,44.5954,10.0763,41.05,On Head
385432,0.2322,9.9335,1.6951,2.3053,44.6260,14.9313,41.24,On Head
385482,0.4525,10.0102,1.5610,2.1527,49.3588,11.5420,40.95,On Head
385532,0.0910,9.8785,1.9249,-3.0076,47.5267,7.6336,41.19,On Head
385582,-0.3232,9.8904,2.1811,1.9084,34.3664,8.1985,40.95,On Head
385632,-0.2418,9.8593,2.2673,-4.0000,17.6641,4.8397,41.24,On Head
385682,-0.2849,9.9311,2.3367,-2.1679,0.0305,2.3817,40.91,On Head
385732,0.1269,9.8665,2.1213,-6.3206,-10.2901,1.6489,40.95,On Head
385782,0.5076,9.7540,1.8340,-2.6718,-11.3893,1.4962,41.09,On Head
385832,0.4501,9.8282,1.8292,-1.9847,-8.0916,1.8321,41.09,On Head
385882,0.4812,9.8641,1.8292,3.2672,-2.1069,6.2443,41.05,On Head
385932,0.2873,9.9240,1.9393,4.1679,-3.3435,7.2214,41.19,On Head
385982,0.3089,10.0796,1.8028,3.4351,-8.8702,9.7557,41.24,On Head
386032,0.2825,10.0604,1.7957,4.4275,-16.0763,8.4427,41.24,On Head
386082,0.4405,9.9695,1.5778,5.6947,-25.3435,8.6412,40.95,On Head
386132,0.9242,10.0221,1.2641,-2.8550,-24.9924,11.8473,41.28,On Head
386182,1.0127,9.7061,1.4533,-3.6947,-22.2595,10.9313,41.09,On Head
386232,1.6137,9.7971,1.3168,-10.9160,-20.6107,11.0229,41.19,On Head
386282,1.4676,9.6343,1.6927,-9.0534,-13.4504,7.3893,40.95,On Head
386332,1.6975,9.7013,1.7382,-9.7863,-15.8779,3.1908,40.95,On Head
386382,1.6951,9.5600,1.7478,-4.8244,-11.2824,-1.0992,41.24,On Head
386432,1.3623,9.8258,1.6448,-1.8931,-9.8321,-4.4580,41.24,On Head
386482,1.5251,9.9647,1.4844,-4.2901,-3.5878,1.3130,41.09,On Head
386532,1.5299,9.8306,1.6209,-4.5038,0.0611,0.2443,41.38,On Head
386582,1.4653,9.8593,1.7933,-5.7099,-0.3359,-2.3511,40.95,On Head
386632,1.4700,9.8162,1.9154,-7.8168,-0.4122,-5.5267,41.28,On Head
386682,0.7326,9.7564,2.2960,-1.5267,-3.3740,-9.9084,41.24,On Head
386732,0.4046,10.1706,2.1596,2.1374,-18.9160,-0.5954,41.05,On Head
386782,1.4222,9.6486,1.6807,1.5420,-18.8702,2.3206,41.09,On Head
386832,1.5993,9.6941,1.5347,1.0992,-14.4275,-0.2443,41.19,On Head
386882,1.7047,9.7037,1.2977,2.3359,-6.2595,-2.7176,41.24,On Head
386932,1.4700,9.8976,1.3862,0.9160,-0.9618,-4.5496,41.09,On Head
386982,1.1947,9.9335,1.4341,-0.0305,1.0076,-6.3817,41.24,On Head
387032,0.8739,9.9718,1.5538,-1.1908,0.4733,-4.3817,41.28,On Head
387082,0.9888,10.0030,1.4748,-2.6260,-1.8779,-2.8092,41.28,On Head
387132,1.1253,9.9192,1.3671,-2.8244,-0.0916,-0.5496,41.28,On Head
387182,1.2570,9.9742,1.3910,-4.7328,2.7176,-1.2366,41.09,On Head
387232,1.0295,9.9359,1.6209,-4.1069,3.7252,-1.0229,41.05,On Head
387282,1.0104,9.9551,1.6592,-3.4809,2.5191,-0.3817,41.24,On Head
387332,1.1372,9.9742,1.5969,-4.7939,1.9542,-0.6260,40.95,On Head
387382,1.1277,9.7899,1.7430,-2.6870,2.2290,-2.1527,40.95,On Head
387432,0.9816,9.8737,1.6544,-1.9389,1.8015,-2.6870,41.05,On Head
387482,1.0056,9.9168,1.6544,-2.2595,0.4885,-1.3740,41.28,On Head
387532,0.9170,9.8952,1.7286,-1.8321,0.8092,-1.4962,41.09,On Head
387582,1.0199,9.7683,1.6831,-0.7176,-0.0153,-1.6336,41.28,On Head
387632,1.0558,9.9240,1.6209,-0.7786,1.2977,-2.5496,41.05,On Head
387682,0.8356,9.7683,1.6400,0.5344,1.0687,-2.7786,41.05,On Head
387732,0.9242,9.9120,1.5251,0.7328,0.6565,-2.4580,41.09,On Head
387782,0.9290,10.0892,1.4437,0.1679,3.3130,-1.8168,40.86,On Head
387832,0.7518,9.9934,1.4916,-2.0611,1.8168,-0.5191,41.19,On Head
387882,0.8356,9.8641,1.5658,-4.4275,-0.8244,0.5191,40.86,On Head
387932,0.8954,9.9623,1.4581,-3.6794,-0.2748,-0.1374,41.28,On Head
387982,0.9242,9.8617,1.5490,-4.0916,-0.6260,0.4885,41.05,On Head
388032,0.9577,9.9000,1.5586,-4.8702,0.8550,0.6107,41.19,On Head
388082,0.8835,9.8881,1.6759,-3.8015,0.6870,1.8168,41.28,On Head
388132,0.9960,9.9359,1.6137,-2.9771,-0.0305,1.6947,41.19,On Head
388182,0.9816,9.9264,1.6137,-3.8626,0.1221,0.7023,41.09,On Head
388232,0.9960,9.8043,1.7502,-5.1298,0.1221,2.0763,41.24,On Head
388282,0.9577,9.7707,1.7310,-1.8931,-1.2061,-0.1679,41.09,On Head
388332,1.0630,9.8881,1.6951,-4.2137,-1.5115,-2.0153,40.86,On Head
388382,0.6249,9.8593,1.9776,-3.0534,-6.8092,-2.4275,41.24,On Head
388432,0.2514,9.8162,2.1452,0.6260,-21.8321,-4.5344,41.09,On Head
388482,-0.1245,10.1251,1.9393,-3.0534,-46.5038,-5.4809,40.95,On Head
388532,-0.0503,10.3214,1.6520,-11.6183,-71.3130,-7.3282,41.24,On Head
388582,0.1173,10.3334,1.5706,-22.8397,-87.4046,-6.6718,41.24,On Head
388632,0.8571,10.0940,1.4102,-29.9847,-96.2748,-2.5038,41.09,On Head
388682,1.3431,9.9551,1.5754,-31.2977,-88.6107,-5.2366,41.24,On Head
388732,1.4653,9.6630,1.9465,-31.7252,-72.4733,0.2137,41.24,On Head
388782,1.5562,9.7492,2.1500,-20.8244,-62.7023,6.4885,40.91,On Head
388832,2.1332,9.6079,2.3774,-22.2595,-50.0153,5.9695,41.05,On Head
388882,1.9489,9.2943,2.6049,-12.3206,-35.7099,3.6031,40.95,On Head
388932,2.1237,9.5648,2.3798,-7.9389,-28.5954,3.7405,41.28,On Head
388982,1.6257,9.5074,2.7150,-8.3053,-21.7863,-0.6565,41.09,On Head
389032,1.9273,9.7157,2.5139,-6.6107,-21.3130,3.0687,40.91,On Head
389082,1.7789,9.7492,2.6887,-5.8168,-16.8092,2.0763,41.09,On Head
389132,1.8890,9.6845,2.6647,-9.7557,-19.3435,1.4656,41.05,On Head
389182,1.8555,9.5385,2.7366,-10.7481,-26.0305,-0.7786,41.38,On Head
389232,2.0782,9.5409,2.4541,-14.5038,-29.0076,-2.9008,41.38,On Head
389282,2.4373,9.5744,2.4732,-22.8550,-27.7710,-7.2519,41.09,On Head
389332,2.0399,9.5600,2.9664,-24.6565,-22.8702,-9.6489,41.24,On Head
389382,2.0782,9.3422,3.2513,-19.0840,-16.1069,-4.0000,41.28,On Head
389432,1.9465,9.3925,3.6129,-12.0000,-11.4046,-7.4046,40.91,On Head
389482,1.7262,9.3398,3.6607,-7.0687,-9.8473,-8.2443,41.05,On Head
389532,1.5945,9.3302,3.5291,3.0534,-9.9542,-4.5496,41.24,On Head
389582,1.7597,9.4786,3.3423,3.7405,-9.9695,-3.2366,41.09,On Head
389632,1.7741,9.5816,3.1891,3.3130,-10.4580,-3.0382,41.19,On Head
389682,1.8411,9.7755,3.1939,2.4885,-10.0611,-4.3206,41.05,On Head
389732,1.6735,9.6582,3.2202,0.7481,-9.5878,-3.8626,41.38,On Head
389782,1.6233,9.4954,3.2154,3.2672,-13.4656,-1.7099,41.19,On Head
389832,1.7095,9.5744,3.0454,3.3282,-14.6107,-1.2061,40.95,On Head
389882,1.7573,9.4762,2.9257,3.2366,-16.2595,0.2748,41.28,On Head
389932,2.0159,9.5816,2.7557,4.0000,-13.8779,1.7557,41.24,On Head
389982,2.0399,9.5505,2.7366,4.2443,-10.1374,-1.8779,41.24,On Head
390032,1.9034,9.6367,2.5977,5.7863,-9.1603,0.2443,41.28,On Head
390082,2.0063,9.5457,2.5115,2.6260,-7.9542,-0.9008,41.19,On Head
390132,2.0375,9.6558,2.4804,2.7786,-7.6947,-0.8702,40.95,On Head
390182,2.0518,9.5241,2.3966,2.8397,-4.4885,-3.2824,41.09,On Head
390232,1.8459,9.7995,2.1189,6.7634,-3.6794,-5.7252,41.38,On Head
390282,1.6544,10.1778,1.9920,0.7939,1.6183,1.1908,41.09,On Head
390332,1.7142,9.7875,2.1404,-3.0992,1.0840,4.3664,41.19,On Head
390382,1.8890,9.7971,2.2314,-4.3053,0.0916,4.9618,41.05,On Head
390432,1.9369,9.6151,2.4469,-4.7481,-0.5191,6.0611,41.05,On Head
390482,2.1859,9.5170,2.4876,-4.4275,-2.6565,3.9542,41.28,On Head
390532,2.0494,9.5217,2.5953,-2.2290,-3.6031,1.7710,41.24,On Head
390582,2.0686,9.5648,2.5379,-1.5878,-6.1679,1.5267,41.09,On Head
390632,1.9752,9.6295,2.5522,0.1221,-7.8626,0.0458,41.24,On Head
390682,2.1021,9.7181,2.2793,3.1145,-8.9466,1.8015,41.05,On Head
390732,2.2098,9.7109,2.0590,3.6031,-5.8779,3.3130,41.09,On Head
390782,2.3056,9.7899,1.9201,3.5267,-0.5191,5.1603,41.24,On Head
390832,2.3655,9.7492,1.8531,2.3511,5.1908,3.8321,41.05,On Head
390882,2.1548,9.7229,1.8842,1.1145,10.2137,4.9008,41.09,On Head
390932,2.2625,9.5984,1.9609,2.9313,11.4351,7.0687,41.05,On Head
390982,2.2601,9.5816,1.9297,4.5038,13.3130,5.5573,41.24,On Head
391032,2.3343,9.7899,1.6472,2.9618,14.0000,5.2061,41.09,On Head
391082,2.1979,9.7085,1.8340,-1.9237,12.8550,6.9466,41.19,On Head
391132,2.4588,9.5624,1.9968,-2.3206,10.8550,5.3893,41.19,On Head
391182,2.5570,9.5672,1.9752,-4.0153,10.5649,5.8626,41.42,On Head
391232,2.6911,9.6007,2.1093,-4.6565,9.0992,3.7252,40.95,On Head
391282,2.6600,9.5026,2.1644,-4.2901,9.2519,3.3282,41.09,On Head
391332,2.8539,9.4619,2.2458,-6.0458,10.4275,2.7023,41.19,On Head
391382,2.6815,9.3829,2.3750,-3.1603,8.8855,1.6489,41.24,On Head
391432,2.7557,9.4212,2.4301,-3.7252,5.4962,-2.7481,41.09,On Head
391482,2.6240,9.5505,2.2745,-0.9924,4.1374,-4.7481,41.09,On Head
391532,2.6217,9.7229,2.0782,-2.3359,8.2443,-3.4809,41.28,On Head
391582,2.4565,9.5337,2.4110,-3.2977,7.7863,-1.2519,41.19,On Head
391632,2.6815,9.4667,2.4780,-2.7481,8.7786,-1.4351,40.95,On Head
391682,2.5881,9.5241,2.4565,-3.3435,8.1374,-3.1450,40.91,On Head
391732,2.5019,9.6031,2.4421,-2.7786,6.9160,-5.0992,40.91,On Head
391782,2.2601,9.7827,2.4636,-4.6107,7.0229,-1.7557,41.28,On Head
391832,2.2625,9.5888,2.5953,-5.9847,5.2977,-0.8702,41.19,On Head
391882,2.3391,9.4332,2.6839,-3.6183,3.8321,-0.9466,41.24,On Head
391932,2.2553,9.5457,2.6959,-1.9084,4.1069,-0.4733,41.09,On Head
391982,2.2410,9.7612,2.5929,-1.7863,-0.6107,-1.0229,40.91,On Head
392032,2.1165,9.8809,2.5043,-0.2748,2.3664,-2.8244,41.09,On Head
392082,1.8435,9.7516,2.4325,-0.3969,1.7710,-0.1527,41.24,On Head
392132,1.7933,9.9695,2.4708,-3.6947,0.1527,1.2519,41.09,On Head
392182,1.8459,9.6271,2.5881,-1.0687,-1.0840,5.4962,41.24,On Head
392232,2.2482,9.8785,2.2505,3.0840,5.0229,7.2824,41.19,On Head
392282,2.0494,9.6127,2.3703,3.7099,5.0382,10.7634,41.28,On Head
392332,2.3870,9.4260,2.2170,3.1145,5.0534,9.4046,41.24,On Head
392382,2.4110,9.6079,2.2051,-0.0153,8.6870,12.9313,41.24,On Head
392432,2.6911,9.4786,2.1620,3.0534,6.8397,11.9695,41.24,On Head
392482,2.9353,9.3948,2.1021,3.1145,8.4122,9.6641,41.19,On Head
392532,3.0502,9.5026,2.0925,4.0000,12.1221,5.1756,41.28,On Head
392582,2.4780,9.9575,2.2601,0.3053,9.9084,7.2519,40.95,On Head
392632,2.9066,9.3158,2.3487,-1.7405,3.5115,8.1832,41.24,On Head
392682,2.9305,9.5505,2.2817,2.3511,8.1221,7.6947,41.28,On Head
392732,3.0550,9.6845,2.1069,4.7939,5.5420,8.3511,41.24,On Head
392782,2.8994,9.6869,2.1476,-0.6260,4.2137,9.0992,41.24,On Head
392832,3.0263,9.5026,2.1979,-5.6794,0.2595,8.5954,40.95,On Head
392882,3.0071,8.9591,2.4972,-5.4962,-1.3893,9.6794,41.09,On Head
392932,3.4955,9.0716,2.3080,-1.9542,0.6107,12.3206,41.19,On Head
392982,3.1963,9.1195,2.3535,2.8855,-2.6870,9.4809,41.09,On Head
393032,3.8116,8.9256,2.1021,4.8855,-1.7557,7.4809,41.05,On Head
393082,4.1922,9.1842,1.7909,-0.6565,0.7023,2.2290,41.09,On Head
393132,3.9720,8.9783,1.7430,-1.5725,-0.2595,-5.2366,41.05,On Head
393182,3.8140,9.6295,1.5131,-12.0916,4.7786,-11.0076,40.95,On Head
393232,3.6966,9.3733,1.8866,-16.9618,2.6107,-11.8779,41.05,On Head
393282,2.9042,9.4906,2.4445,-23.6336,3.9084,-16.9618,41.24,On Head
393332,3.2753,9.4858,2.5786,-25.0382,-4.9160,-10.5344,41.05,On Head
393382,3.2537,9.1123,2.8419,-17.7863,5.4656,-7.5115,41.09,On Head
393432,2.8276,9.4762,3.0454,-5.3435,4.6565,-5.4809,40.95,On Head
393482,3.0335,9.1315,2.9305,-4.8397,2.5954,-4.6565,41.09,On Head
393532,2.7031,9.5481,3.1077,-5.6183,1.7405,0.1679,41.09,On Head
393582,3.1101,9.2632,2.8419,-3.9542,2.1985,-2.6412,41.38,On Head
393632,3.1747,9.4212,2.7821,-2.9771,5.8931,-2.1221,41.24,On Head
393682,2.6408,9.3134,3.1867,-2.1985,4.7634,-6.9160,41.09,On Head
393732,3.1963,8.9471,2.8946,-1.9542,5.0229,-5.0382,40.91,On Head
393782,2.7892,9.3757,3.0430,-2.1221,2.7634,-7.2519,40.95,On Head
393832,2.8491,9.4403,2.7581,-2.3359,7.6794,-8.5344,41.28,On Head
393882,2.1668,9.6175,3.1436,-0.7939,5.5573,-8.2443,41.24,On Head
393932,2.4972,9.3541,2.9281,-3.5573,4.7634,-3.9695,41.19,On Head
393982,2.3918,9.6822,3.0335,-1.2824,2.9771,-5.2366,41.09,On Head
394032,2.5355,9.2416,3.0215,-2.9008,7.5115,-2.5496,41.24,On Head
394082,2.1596,9.8043,3.0335,-0.1832,7.2824,-0.1985,41.19,On Head
394132,2.0566,9.6151,3.0215,-1.1756,9.5420,2.8702,40.91,On Head
394182,1.9345,9.5577,3.2537,2.3817,14.7939,5.2061,41.38,On Head
394232,1.9178,9.7707,3.2202,-2.7328,3.2061,12.0916,41.38,On Head
394282,1.9920,9.4619,3.5338,0.8702,-0.1221,9.1908,41.38,On Head
394332,2.3655,9.1818,3.1651,-3.2366,-2.2137,10.4122,41.24,On Head
394382,2.0758,9.9096,3.1053,0.0153,-3.6794,14.9313,40.95,On Head
394432,2.7749,9.4571,2.9832,1.8015,-1.0534,12.3053,41.28,On Head
394482,2.8706,9.1674,2.9497,-3.4198,-9.6489,19.5573,41.24,On Head
394532,3.3208,8.9016,2.9856,2.0305,-5.8931,18.5802,41.09,On Head
394582,3.7541,9.3158,2.4972,3.8779,-9.1450,17.6947,41.38,On Head
394632,3.3160,9.1315,2.9712,1.1450,-3.5267,13.3588,41.19,On Head
394682,3.7733,8.7029,2.8276,-1.8626,-7.6489,16.3817,40.95,On Head
394732,3.7661,9.0405,2.6935,10.0611,-1.5573,15.9237,41.09,On Head
394782,3.8331,9.1075,2.4660,11.9389,-0.8702,9.4046,40.91,On Head
394832,4.0965,9.2177,2.4876,-5.7710,-12.0763,10.9466,41.28,On Head
394882,4.1420,8.9328,2.4541,9.1450,1.8931,4.0153,41.09,On Head
394932,4.1875,8.9376,2.1883,-0.7939,-2.6870,-1.6794,41.28,On Head
394982,5.0685,8.6598,1.7286,1.0840,2.4275,-1.2672,41.24,On Head
395032,3.5075,9.3948,2.3942,3.4962,-4.6107,-4.9160,41.61,On Head
395082,5.5641,8.0278,1.6903,-6.7634,5.8626,-11.4504,41.05,On Head
395132,3.6416,9.2392,2.1883,-7.5267,-6.2443,-13.4351,41.19,On Head
395182,4.5753,8.4683,2.2051,-8.6565,1.7557,-17.7863,41.19,On Head
395232,3.7900,9.2033,2.2098,-5.5573,-14.7634,-22.4886,41.09,On Head
395282,4.7333,8.5353,1.6544,-16.9924,-4.1679,-31.6336,41.24,On Head
395332,3.3255,8.9208,2.1548,-16.8702,-7.9542,-36.9160,41.19,On Head
395382,2.5762,9.5193,2.3990,-16.2137,-8.1221,-49.2519,41.09,On Head
395432,3.8403,9.4571,1.9178,11.0382,19.2824,-53.2672,41.24,On Head
395482,1.8340,9.0166,3.1771,-21.7099,-0.7786,-60.1069,41.28,On Head
395532,1.6903,10.0628,2.6959,-23.0992,-1.6031,-54.9771,41.38,On Head
395582,0.6345,9.5984,3.5602,-29.9847,-6.0763,-49.0687,41.38,On Head
395632,0.5986,9.8138,3.6512,-25.4809,-4.5191,-42.7939,41.19,On Head
395682,-0.4597,9.5481,4.3503,-14.7328,-3.8779,-25.2977,40.91,On Head
395732,0.3280,9.4020,3.8882,-2.1832,-2.7634,-17.1756,41.24,On Head
395782,-0.5531,9.4332,4.2713,-1.9237,-3.3588,-15.5420,41.24,On Head
395832,-0.2610,9.7229,3.8307,-1.4351,-5.8168,-8.8702,41.24,On Head
395882,-0.3831,9.5122,4.0103,-4.1527,-6.3053,-4.2901,41.24,On Head
395932,-0.0622,9.2392,3.9887,-4.1527,-2.0305,-5.2824,41.24,On Head
395982,-0.5171,9.4020,4.3144,-0.7481,-1.0534,-4.0153,41.19,On Head
396032,-0.3304,9.4284,3.9816,3.8321,-2.4275,-2.2137,41.38,On Head
396082,-0.9122,9.7683,3.7924,2.7481,-1.2214,0.6565,41.28,On Head
396132,-0.6608,9.7157,3.4692,6.2290,-2.5649,12.1069,41.38,On Head
396182,-0.7733,9.7468,3.6775,1.6794,-3.1145,11.4809,40.95,On Head
396232,0.0048,9.4140,3.1029,5.7557,-3.5725,14.9008,40.95,On Head
396282,0.2682,9.7659,2.6264,1.7710,3.2366,8.3206,41.05,On Head
396332,0.3208,10.0149,2.7031,-10.8244,8.4275,6.4122,41.09,On Head
396382,0.0742,9.8330,3.0311,-18.4580,8.6107,4.1527,41.09,On Head
396432,0.5363,9.7492,2.9066,-19.5420,14.2595,8.7023,41.24,On Head
396482,1.0223,9.4643,2.9951,-20.2595,24.5649,4.1221,41.05,On Head
396532,0.9912,8.9663,3.7062,-28.3359,41.4962,-3.6794,41.38,On Head
396582,0.3400,8.6957,4.7501,-17.0687,38.7939,0.3359,40.91,On Head
396632,0.1987,8.8801,5.2409,-13.1603,36.3053,-6.0305,40.95,On Head
396682,0.2035,8.9136,5.4109,-10.7328,30.7634,-8.5954,41.28,On Head
396732,-0.7159,8.9902,5.7006,-1.2824,24.2443,-12.6107,41.28,On Head
396782,-0.3208,9.2727,5.0996,1.3130,10.0458,-6.5649,41.05,On Head
396832,-0.4788,8.7077,4.8626,7.1603,6.3817,-12.1985,41.19,On Head
396882,-0.7374,9.1866,4.3574,10.3969,-3.2824,-7.2977,40.95,On Head
396932,-0.7015,9.4403,3.9456,9.6794,-8.9160,1.3740,41.38,On Head
396982,-0.2011,9.7659,3.6512,2.7176,-8.4580,6.7786,41.28,On Head
397032,-0.2251,9.3733,3.9337,-4.3206,-5.7557,9.8168,41.24,On Head
397082,-0.1173,9.1411,4.0893,-2.9466,-6.5649,7.5420,41.19,On Head
397132,-0.1676,9.3518,4.2042,-2.5038,-6.7481,4.9771,41.38,On Head
397182,-0.3304,9.3565,4.3120,-4.0458,-12.3359,7.1603,41.28,On Head
397232,0.0742,9.3063,4.1994,-4.8397,-14.5802,7.6947,41.09,On Head
397282,0.2777,9.2296,4.1946,-2.9618,-11.3740,4.9924,40.95,On Head
397332,0.4310,9.2847,4.2497,0.8244,-6.7023,5.7710,40.95,On Head
397382,0.3879,9.3206,3.9361,3.4351,-1.3435,2.8550,41.24,On Head
397432,0.1173,9.4906,3.8427,0.7023,0.9008,-1.0534,41.24,On Head
397482,0.0239,9.5146,3.8666,-3.7405,-1.3893,1.6641,41.19,On Head
397532,0.3256,9.2225,4.1683,-2.5802,1.3435,5.3282,41.24,On Head
397582,0.4214,9.3087,4.1300,0.1985,1.3893,4.1221,41.38,On Head
397632,0.7254,9.2919,3.8595,2.9313,4.1527,2.8397,41.19,On Head
397682,0.8595,9.2009,3.8044,1.0382,7.9542,1.8473,41.05,On Head
397732,0.8092,9.4595,3.7948,-2.9313,11.3130,-2.4580,41.28,On Head
397782,0.1006,9.1075,4.3479,-3.3282,2.5649,-2.2901,41.28,On Head
397832,0.2873,9.4786,4.0462,-1.8168,-1.3740,-5.6031,41.19,On Head
397882,-0.0862,9.3661,4.0749,-1.3282,-4.9618,-7.4656,41.42,On Head
397932,-0.0503,9.5481,3.8140,-4.0458,-6.3664,-7.0382,41.09,On Head
397982,-0.1580,9.3661,3.9289,-4.2901,-5.1908,-5.3893,41.19,On Head
398032,-0.0670,9.5313,3.9169,-2.5649,-4.3359,-2.4122,41.05,On Head
398082,0.0120,9.3901,3.9169,-2.0305,-2.5496,-1.4656,40.91,On Head
398132,0.1077,9.3757,3.9720,-0.7786,-1.2366,-1.1450,41.24,On Head
398182,0.1317,9.2991,3.9361,-1.0534,0.4733,-2.0458,41.24,On Head
398232,0.1030,9.2680,3.9504,1.4046,2.1069,-2.9924,41.05,On Head
398282,-0.1508,9.5313,3.8499,0.5344,1.5573,-5.1145,41.38,On Head
398332,-0.1532,9.5696,3.8427,-3.6336,-2.6870,-3.3282,41.38,On Head
398382,0.0096,9.3422,3.9983,-5.3130,-3.9542,-3.1145,41.09,On Head
398432,0.2394,9.3039,3.9337,-2.7176,-1.3435,-6.0000,41.24,On Head
398482,-0.0311,9.2895,4.1324,-2.8550,0.4733,-5.5725,40.91,On Head
398532,-0.2682,9.4691,3.9792,0.1832,-0.4733,-2.2748,41.24,On Head
398582,-0.1532,9.4858,3.9169,-2.5344,-2.7481,0.3053,41.28,On Head
398632,-0.1053,9.3996,3.9097,-1.7863,-3.0534,1.2214,41.24,On Head
398682,-0.1508,9.3709,3.9552,-4.6107,-3.0382,0.4580,41.24,On Head
398732,-0.0862,9.3494,3.8954,-1.1756,-2.3817,0.9466,41.28,On Head
398782,0.0479,9.2967,3.9768,-2.7634,0.1527,0.5496,41.28,On Head
398832,-0.0263,9.4499,3.9552,0.5802,1.5878,0.2748,41.42,On Head
398882,-0.0527,9.4475,3.9672,-1.7710,0.2290,0.7328,41.19,On Head
398932,0.0646,9.3661,3.8978,-2.2595,0.3206,-0.1221,41.38,On Head
398982,-0.0527,9.4451,3.8571,-0.6107,0.6107,-0.9771,41.05,On Head
399032,-0.1173,9.3781,3.8882,-1.1756,0.0153,-0.8244,41.24,On Head
399082,-0.0407,9.3853,3.9121,-2.2748,0.4427,-0.8550,41.28,On Head
399132,-0.1700,9.4427,3.8978,-0.5038,0.4275,1.8015,41.09,On Head
399182,-0.3400,9.5864,3.9983,0.5954,-0.5344,5.3435,41.09,On Head
399232,-0.3711,9.4332,4.0151,4.1069,-2.2443,11.1603,41.09,On Head
399282,-0.0862,9.5409,3.8954,4.9313,-3.8473,15.6641,41.24,On Head
399332,0.1365,9.4164,3.8140,7.8015,-4.3053,18.6107,41.09,On Head
399382,0.5028,9.5098,3.5626,6.3664,-3.9847,17.8473,41.38,On Head
399432,0.7207,9.5600,3.4740,5.1756,-1.1450,14.7939,41.05,On Head
399482,0.7326,9.4906,3.5865,1.7710,-3.5115,15.3435,41.05,On Head
399532,0.9625,9.4667,3.4668,3.3588,-3.4504,12.4580,41.24,On Head
399582,0.8595,9.5409,3.5721,1.2977,-5.5267,10.5038,41.09,On Head
399632,1.2570,9.4715,3.4165,0.6260,-6.3511,10.9771,41.19,On Head
399682,1.4629,9.4403,3.3399,3.2214,-3.5573,8.0916,41.24,On Head
399732,1.4485,9.4379,3.2633,0.4275,-1.8015,5.5878,41.24,On Head
399782,1.4533,9.4906,3.3184,3.8015,-2.2595,7.8473,41.28,On Head
399832,1.7047,9.3948,3.3208,2.5649,-1.9389,4.9313,41.24,On Head
399882,1.6520,9.4882,3.1196,3.1908,-2.6870,-0.9313,41.38,On Head
399932,1.6520,10.0173,2.6624,-2.2443,-0.2595,-4.1221,40.95,On Head
399982,0.8835,9.4164,3.2896,-9.6031,-7.3435,-8.8855,41.19,On Head
400032,1.3144,9.5122,3.1388,-4.5344,-9.4046,-4.5038,41.09,On Head
400082,1.4269,9.6223,3.0670,-3.0992,-4.6107,-2.1374,41.19,On Head
400132,1.5993,9.4906,3.2010,-2.8550,0.9618,0.4885,41.38,On Head
400182,1.5802,9.5648,3.3567,-2.7786,5.5573,0.2748,41.19,On Head
400232,1.1779,9.4427,3.7302,-1.0992,3.9695,-2.8397,41.38,On Head
400282,0.8619,9.5193,3.7852,-0.5802,-2.3053,-7.0382,41.05,On Head
400332,0.6057,9.5289,3.6488,3.1756,-9.3435,-7.5420,41.42,On Head
400382,0.7925,9.7659,3.2058,4.8397,-12.0305,-5.1450,41.38,On Head
400432,1.1588,9.7923,2.9066,5.5573,-7.4962,0.7939,41.28,On Head
400482,1.4629,9.6319,2.8635,2.2595,-2.4427,2.0916,41.28,On Head
400532,1.1588,9.6678,2.8922,5.2824,2.0763,-4.5038,41.05,On Head
400582,0.9122,9.8833,2.6097,6.1374,2.1527,-1.6947,41.09,On Head
400632,1.0678,9.7947,2.4301,1.3588,4.1679,2.9618,41.24,On Head
400682,1.1612,9.6893,2.3750,4.0000,9.1908,3.2977,40.72,On Head
400732,1.5347,9.9455,2.3200,-0.3664,17.1908,6.9313,41.19,On Head
400782,1.9106,9.7372,2.4517,3.8168,32.3969,7.2214,41.24,On Head
400832,1.9201,9.8569,2.4349,6.0153,54.8397,7.4198,41.57,On Head
400882,1.9872,9.6510,2.0470,12.2901,84.4580,9.3588,41.19,On Head
400932,1.4964,9.6822,1.8962,15.7252,115.8931,12.6412,41.42,On Head
400982,0.9074,9.5481,1.8771,19.7252,137.9237,18.1832,41.24,On Head
401032,0.1987,9.6582,2.2314,20.9008,146.3969,16.7481,41.24,On Head
401082,-0.7350,10.1849,2.2146,30.4427,138.1221,25.0229,41.28,On Head
401132,-0.4357,10.4363,1.9321,22.7939,119.9084,28.9924,41.05,On Head
401182,-0.2610,10.3430,2.0016,17.6947,102.7939,29.5573,41.28,On Head
401232,0.0359,9.8306,1.9609,16.5649,83.4351,29.5573,41.19,On Head
401282,0.8308,9.6822,1.5945,17.8931,75.6794,27.7863,41.09,On Head
401332,0.7350,10.5297,1.5514,11.6183,80.7328,41.5267,41.24,On Head
401382,0.9290,9.7947,1.8100,12.7481,71.0534,53.5420,41.09,On Head
401432,1.4772,9.7276,1.8675,10.9313,57.1603,52.2443,41.09,On Head
401482,2.1237,9.7779,1.7502,9.2366,43.2061,52.1679,41.24,On Head
401532,2.5474,9.7300,1.4581,9.0992,34.1069,52.7634,41.19,On Head
401582,3.1101,9.4212,1.3096,7.3282,29.4656,55.0229,41.24,On Head
401632,3.3830,9.4188,1.2857,8.9924,24.7481,58.6718,41.28,On Head
401682,4.1204,9.3518,1.2977,1.9084,20.8397,62.8855,41.09,On Head
401732,4.3934,8.9471,1.4772,-5.4198,16.6565,64.8550,41.24,On Head
401782,5.0302,8.4372,1.5802,-15.0534,6.1069,69.0534,41.24,On Head
401832,5.8323,7.8913,1.6041,-24.2137,-3.5878,74.9160,41.38,On Head
401882,7.1156,7.1443,2.1524,-36.4122,-9.0534,72.7786,41.28,On Head
401932,7.3717,5.3463,2.5642,-10.3664,-9.0687,70.3969,41.05,On Head
401982,8.6957,6.5697,1.5730,-0.8092,2.8092,41.6336,41.28,On Head
402032,7.5369,6.6583,1.9704,-14.7939,6.5954,29.8626,41.38,On Head
402082,7.5130,6.6200,2.3583,-19.8931,0.7786,32.6107,41.38,On Head
402132,7.6447,6.3375,3.3998,-23.1450,-7.5420,45.7710,41.28,On Head
402182,8.1570,4.6998,2.8491,14.2137,0.9313,41.7557,41.05,On Head
402232,8.0254,6.1555,1.8986,9.1298,-6.1069,33.2366,41.42,On Head
402282,8.3199,5.7485,1.4653,-10.4275,-11.9695,28.0000,41.19,On Head
402332,8.6598,5.5545,1.7765,-31.5267,-16.3969,24.2443,41.38,On Head
402382,8.8011,4.4508,2.4349,-40.4427,-23.2824,15.6336,41.19,On Head
402432,8.5617,3.3926,3.6224,-33.0534,-40.1069,7.2519,41.28,On Head
402482,9.6678,4.1180,1.5562,-1.9847,-56.5954,-12.1985,41.09,On Head
402532,9.3326,5.5306,0.4884,-26.8092,-41.8168,-15.8015,41.24,On Head
402582,8.8585,5.6790,0.7135,-38.2290,-20.4580,4.6718,41.19,On Head
402632,8.7460,4.6424,1.8483,-33.6183,-9.4962,11.5878,41.09,On Head
402682,9.2296,4.2138,2.0494,-13.2824,-8.1679,7.8931,41.42,On Head
402732,9.3781,4.4604,1.8747,-4.3359,-11.2519,-2.7328,41.24,On Head
402782,9.6271,4.6950,1.0247,-2.5344,-9.1603,-17.5725,41.24,On Head
402832,9.0261,5.1427,1.0319,-8.6718,-4.4885,-23.9695,41.28,On Head
402882,8.5952,5.2241,1.0534,-11.7863,3.4504,-14.7939,40.95,On Head
402932,8.3582,4.9368,1.5826,-7.8015,5.3893,-7.5267,41.38,On Head
402982,8.6191,5.1547,1.4198,-2.2901,5.8473,-4.6718,41.38,On Head
403032,8.8083,5.3630,1.4054,-3.3130,3.3588,-5.3130,41.24,On Head
403082,8.9088,5.1978,1.5060,-7.6947,1.9237,-12.9313,41.42,On Head
403132,9.0118,5.2840,1.3791,-2.7328,-1.1603,-20.6718,41.38,On Head
403182,8.6598,5.6336,1.3886,-8.5191,5.1298,-23.7405,41.42,On Head
403232,8.3055,5.3271,1.7430,-11.6794,3.9695,-24.6107,41.24,On Head
403282,8.4156,5.5545,1.5993,-8.3206,1.4656,-30.6260,41.24,On Head
403332,8.8131,5.6288,1.5251,-7.5115,5.6641,-36.4885,41.28,On Head
403382,8.5569,6.0238,1.4700,-7.9695,10.3053,-50.8855,41.19,On Head
403432,7.9871,6.3303,1.5275,-10.3664,14.3969,-60.3511,41.28,On Head
403482,7.2520,6.7540,1.8675,-11.5115,18.9008,-64.8855,41.57,On Head
403532,6.3375,7.2880,2.0063,-7.5267,20.2748,-64.3969,41.42,On Head
403582,5.9807,8.1116,1.8818,-9.1603,29.9847,-56.5649,41.42,On Head
403632,5.2002,8.4874,1.9249,-10.9771,41.3740,-48.1221,41.42,On Head
403682,4.9584,8.9830,1.9034,-21.1450,41.8931,-43.9542,41.24,On Head
403732,4.4508,9.1482,2.1332,-46.9160,45.6641,-41.2366,41.19,On Head
403782,3.6320,8.8059,3.3758,-63.8931,33.7557,-41.7710,41.24,On Head
403832,3.5602,8.6790,3.9744,-69.2977,29.2061,-44.5954,41.38,On Head
403882,2.7102,7.9942,5.2433,-74.6718,19.4198,-41.5725,41.24,On Head
403932,2.5929,8.1355,5.8323,-62.9008,13.7710,-34.8855,41.09,On Head
403982,1.8196,7.3119,6.4907,-43.8626,7.0687,-30.9924,41.28,On Head
404032,2.1380,8.2265,6.7660,-47.8626,-19.4046,-19.7557,41.24,On Head
404082,2.6432,7.2808,7.1946,-38.4427,-9.2061,-8.5496,41.24,On Head
404132,3.0191,7.2113,6.9480,-17.1603,2.6107,-5.0076,41.28,On Head
404182,3.1173,7.2664,6.7588,-12.2901,12.7176,-0.9924,41.05,On Head
404232,2.6576,7.3191,6.8714,-12.4275,12.9313,-2.5344,41.09,On Head
404282,2.3990,7.6495,6.8115,-12.4275,8.9160,-2.5954,41.42,On Head
404332,2.6121,7.2927,6.8139,-18.9924,-1.1450,-7.7557,41.38,On Head
404382,2.4325,8.5042,6.7157,-42.3206,-2.4885,-1.9542,41.28,On Head
404432,2.9521,5.6503,8.2121,-30.8702,-3.4046,-6.6870,41.28,On Head
404482,2.7222,6.6200,8.1906,-10.2290,1.9695,-5.7252,41.24,On Head
404532,2.5714,6.0190,7.9559,2.8244,1.8321,-10.0458,41.05,On Head
404582,2.4277,5.7748,8.5712,5.2061,-12.5649,-10.1832,41.28,On Head
404632,2.2242,6.7852,8.0709,29.3740,-13.3282,-8.8855,41.38,On Head
404682,2.5450,6.1507,7.8554,44.4122,-14.0000,-11.5573,41.28,On Head
404732,2.5163,6.7660,7.0150,68.9466,-8.2901,-9.5878,41.24,On Head
404782,2.3296,7.7620,6.0885,81.1145,-9.2977,-1.8473,41.38,On Head
404832,2.5786,7.9080,5.3534,83.1908,-7.1908,2.0458,41.38,On Head
404882,2.3032,8.1690,5.0206,86.8855,-6.4580,-2.7939,41.38,On Head
404932,1.8675,8.0110,4.0318,119.0687,-10.5802,8.8092,41.24,On Head
404982,2.8515,9.3230,2.1284,119.5725,-4.7176,19.2214,40.95,On Head
405032,2.9808,9.1937,1.2761,109.8626,0.5496,30.8855,41.19,On Head
405082,3.5338,9.0980,0.4669,104.6412,-1.7557,27.7863,41.24,On Head
405132,3.7757,9.2847,-0.3208,92.3817,-3.8473,16.3969,41.57,On Head
405182,3.7757,8.8801,-0.9744,87.5573,1.5267,7.0992,41.42,On Head
405232,3.0119,8.9160,-1.7095,105.1756,4.0916,14.2443,41.28,On Head
405282,3.5674,9.8521,-3.0789,81.0382,-1.5878,31.3130,41.19,On Head
405332,4.1204,8.9280,-3.4165,54.6870,-12.5038,27.2977,41.28,On Head
405382,4.5586,8.3151,-4.0390,45.7710,-13.6031,8.9313,41.19,On Head
405432,4.6184,8.5305,-4.4077,37.8473,-2.4275,13.6489,41.24,On Head
405482,4.2689,7.9655,-4.1396,29.5114,-1.7710,7.2824,41.05,On Head
405532,4.5011,7.5489,-4.1037,24.3511,-2.0305,0.6260,41.24,On Head
405582,4.3981,7.4867,-4.1683,30.9771,-1.3740,-4.4580,40.91,On Head
405632,5.1140,6.9791,-4.6663,37.0534,15.0382,-2.9924,41.05,On Head
405682,3.7661,7.2999,-4.8435,51.9695,16.5191,-8.9313,41.19,On Head
405732,3.4141,8.0852,-5.5091,38.4733,-0.0458,-2.2901,41.19,On Head
405782,3.4285,7.7500,-5.7197,18.3206,-17.6947,-0.2443,41.28,On Head
405832,4.5059,7.5776,-6.5146,3.4046,-20.5038,0.8550,41.05,On Head
405882,4.4987,7.2161,-6.4356,-9.6489,-9.0992,-7.6641,41.19,On Head
405932,4.3742,7.5441,-6.3518,-20.4886,0.4427,-8.7939,41.28,On Head
405982,3.9624,7.2329,-5.7221,-25.1908,10.1679,-8.5038,41.38,On Head
406032,3.8810,8.0038,-5.7628,-33.1908,9.5420,-12.1527,41.38,On Head
406082,3.7110,7.6136,-5.1164,-41.7099,11.3435,-9.0840,41.38,On Head
406132,3.8858,8.1307,-5.0566,-49.8626,16.6412,-7.4046,41.24,On Head
406182,3.9433,8.1786,-4.7046,-49.8473,21.3435,-7.5725,41.28,On Head
406232,3.9193,8.3390,-4.1420,-62.8244,23.8779,-6.9771,41.19,On Head
406282,3.7326,8.6574,-3.5674,-67.5725,22.7786,-7.9084,41.28,On Head
406332,3.5147,8.4180,-2.5594,-71.0382,15.5420,-6.6718,41.28,On Head
406382,3.7014,8.7724,-2.0399,-72.5191,11.6641,-5.8626,41.42,On Head
406432,3.5554,8.7197,-1.3216,-65.4657,9.8779,-2.3969,41.42,On Head
406482,3.6416,8.7987,-0.8045,-62.8550,8.3817,-1.4504,41.38,On Head
406532,3.5889,9.1842,-0.2825,-54.2595,6.2748,3.9847,41.38,On Head
406582,3.8068,9.0644,0.1628,-53.0687,5.5878,3.0840,41.38,On Head
406632,3.9025,9.1698,0.5171,-51.4656,7.9847,4.4733,41.19,On Head
406682,3.9385,8.9759,1.0223,-46.6260,11.2519,6.8397,41.24,On Head
406732,4.2569,8.8538,1.3479,-39.1603,13.6336,5.1298,41.24,On Head
406782,4.3622,9.0166,1.6472,-37.7863,23.4809,3.0840,41.05,On Head
406832,4.2713,8.8178,1.8651,-30.0458,28.6260,-0.7634,41.19,On Head
406882,4.3359,8.9998,2.0135,-32.7176,34.9924,-6.0000,41.05,On Head
406932,3.7254,8.8633,2.7869,-29.8626,37.4809,-4.9008,41.24,On Head
406982,3.7589,8.6718,3.1915,-25.5267,30.9771,-5.7710,41.28,On Head
407032,3.6152,8.3917,3.7661,-21.0687,26.4122,-13.0382,41.24,On Head
407082,3.4812,8.0756,4.1156,-8.2290,18.3817,-20.5954,41.09,On Head
407132,3.5913,8.1906,4.2066,5.2519,10.0000,-30.5496,41.19,On Head
407182,3.9241,8.7628,3.8451,8.7634,5.5420,-34.3511,41.38,On Head
407232,3.7709,8.2456,3.9385,8.6870,0.8702,-50.7634,41.09,On Head
407282,3.7278,8.0349,3.5913,17.2824,-6.6870,-79.2366,41.28,On Head
407332,3.2178,8.9447,2.7007,13.8931,-3.5115,-97.7710,41.38,On Head
407382,1.3144,8.4372,2.7821,-0.9924,-2.9160,-119.8931,41.09,On Head
407432,-0.6321,9.6343,2.6624,11.0687,-0.1221,-120.8855,41.28,On Head
407482,-1.9800,9.9311,2.8946,1.0229,2.2137,-70.3359,41.38,On Head
407532,-1.9178,9.3398,2.7940,19.9237,0.5649,-60.3817,41.38,On Head
407582,-2.5163,9.6007,2.7318,18.1985,-0.0916,-48.0916,41.24,On Head
407632,-2.7031,9.0046,2.5402,17.2672,-3.9389,-49.6641,41.09,On Head
407682,-3.2394,9.4403,2.0901,19.2824,-6.7634,-48.5038,41.05,On Head
407732,-3.4333,8.8945,1.7885,11.5573,-5.2214,-50.6870,41.28,On Head
407782,-4.4197,10.5177,1.2306,-5.4656,1.2214,-37.8321,41.38,On Head
407832,-4.4556,8.5329,2.7653,-15.9542,-29.2061,-10.0763,41.38,On Head
407882,-3.4668,8.6287,2.3798,-10.0916,-14.0611,-25.1298,41.42,On Head
407932,-4.4580,9.3015,2.5331,-7.3893,-17.5267,-23.0534,41.38,On Head
407982,-4.1204,9.0070,2.6624,-4.9771,-21.5878,-11.3588,41.09,On Head
408032,-3.3806,8.4994,2.5402,-3.2672,-16.7939,-12.2901,41.28,On Head
408082,-3.6512,8.6167,2.4397,1.7405,-14.7328,-6.5191,41.28,On Head
408132,-3.3519,8.8585,2.3104,1.9389,-9.5573,-3.8473,41.09,On Head
408182,-3.8044,9.1195,2.4014,1.2366,-5.2061,11.7557,41.05,On Head
408232,-3.7924,9.0501,2.5115,-2.4122,0.0000,25.1603,40.95,On Head
408282,-4.0079,9.7252,2.1548,2.2748,0.9618,38.5344,41.28,On Head
408332,-2.9042,9.0788,2.0375,-9.5573,4.7939,47.8015,41.42,On Head
408382,-2.5235,9.3398,2.1500,-6.9618,16.1374,36.7176,41.24,On Head
408432,-2.1787,9.2177,2.0111,-10.0611,24.3053,20.8702,41.28,On Head
408482,-4.2497,9.8665,3.0957,-17.1756,-2.5954,0.4580,41.05,On Head
408532,-2.0399,9.5241,2.3774,-17.3588,-11.6489,7.6489,41.24,On Head
408582,-2.7054,10.0030,2.5091,-5.1756,4.6870,6.7786,41.24,On Head
408632,-3.1508,10.4028,2.6911,-4.8397,12.8550,3.4046,41.19,On Head
408682,-3.6823,11.9758,2.9712,-9.4198,18.9618,7.8779,41.24,On Head
408732,-3.6224,10.3980,3.4788,-15.2672,12.3359,17.2061,41.09,On Head
408782,-4.5514,10.2137,3.8259,-8.4580,2.8550,-0.8855,41.19,On Head
408832,-3.2154,10.3908,2.5091,9.0382,9.9847,-7.4962,41.09,On Head
408882,-3.7086,8.5545,3.1867,-20.8855,17.5114,6.9313,41.24,On Head
408932,-4.1108,8.2791,3.1125,-0.4733,20.2901,3.3282,41.09,On Head
408982,-4.3000,7.8171,3.0670,1.2366,17.2824,12.9160,41.38,On Head
409032,-3.7972,8.3725,2.1117,27.5573,2.3206,12.4122,41.19,On Head
409082,-2.5331,10.7739,0.7207,17.1908,-2.3359,1.8015,41.38,On Head
409132,-3.8164,10.8529,1.2282,-1.3588,5.7252,9.0534,41.09,On Head
409182,-3.4141,10.1945,1.9225,-7.0992,1.0534,19.0687,41.19,On Head
409232,-3.5674,10.4459,2.1189,-8.5344,-4.2595,15.3740,41.24,On Head
409282,-3.6536,11.0253,1.4317,-2.9160,-4.1832,10.7023,41.38,On Head
409332,-3.9576,10.3956,1.6089,-9.4198,0.3053,27.6183,41.19,On Head
409382,-3.8427,10.0126,1.7095,0.2443,-1.5115,38.5649,41.38,On Head
409432,-3.2657,9.7971,1.2641,1.3435,-3.8626,44.2137,41.28,On Head
409482,-2.5307,8.6024,1.4341,5.0687,-8.6565,52.4275,41.24,On Head
409532,-1.0343,7.8769,1.4054,2.4580,-13.2519,33.8473,41.38,On Head
409582,-0.6249,7.8602,1.7813,12.2290,-17.7863,24.2748,41.05,On Head
409632,0.3735,8.4084,2.0614,3.3130,-17.0840,28.0000,40.95,On Head
409682,1.0032,7.9416,2.3320,5.6794,-16.5649,34.7939,41.24,On Head
409732,1.8340,8.6143,2.2505,2.5496,-12.5496,45.9542,41.19,On Head
409782,2.2625,8.5090,2.6169,-2.7176,-10.9771,49.5267,41.19,On Head
409832,2.6552,8.0709,2.7892,-5.7252,-13.4656,29.4809,41.38,On Head
409882,2.3894,8.5808,2.9401,-3.5267,-15.7863,11.0076,41.42,On Head
409932,2.3583,8.6503,2.7102,-3.1298,-13.3740,2.5038,40.95,On Head
409982,2.1189,9.1985,2.7869,-3.2672,-9.4504,-4.0153,41.42,On Head
410032,1.7047,9.1602,2.7940,-0.0916,-8.7176,-11.6641,41.19,On Head
410082,1.4557,9.7971,2.4636,3.6641,-7.6947,-7.1450,41.09,On Head
410132,1.3312,9.5337,2.4205,-2.1832,-7.6031,-3.4351,41.24,On Head
410182,1.2139,9.4954,2.2098,7.3740,-10.2443,-0.2595,41.24,On Head
410232,1.7717,9.7037,1.7597,3.1756,-8.8244,4.2748,41.24,On Head
410282,2.0135,9.8019,1.7382,-0.3664,-3.7405,5.2061,41.28,On Head
410332,2.0734,10.0126,2.2577,-11.7252,1.6031,0.9771,41.28,On Head
410382,1.7573,9.6582,2.5881,-6.2748,2.0611,3.0076,41.09,On Head
410432,2.0877,9.6534,2.6959,-4.7481,1.5878,6.8397,41.24,On Head
410482,2.1859,9.5816,2.9904,-2.1374,1.0534,13.5878,41.24,On Head
410532,2.7677,9.1435,3.2010,1.3130,-1.0382,18.3359,41.24,On Head
410582,2.9281,8.9447,3.1699,13.0687,-6.0153,13.7863,41.24,On Head
410632,3.0095,8.9663,2.5977,24.8550,-15.4351,2.7328,41.28,On Head
410682,3.1316,9.3374,1.9537,22.8092,-17.8626,-5.0382,41.24,On Head
410732,2.5355,9.6343,1.4820,29.2214,-20.0611,5.2672,41.24,On Head
410782,3.4261,9.2943,0.9936,12.3206,-25.7710,15.0992,41.38,On Head
410832,3.9217,8.6910,1.2306,11.2519,-18.1985,0.5038,41.28,On Head
410882,3.5578,8.6383,1.2905,17.7252,-12.4275,-16.4886,41.24,On Head
410932,3.9337,8.9711,0.5100,28.9924,2.7481,-35.0229,41.42,On Head
410982,1.8962,10.0341,0.0048,27.5725,20.6870,-36.5954,41.19,On Head
411032,1.6640,14.0348,-0.6201,25.6031,15.6947,-9.5267,41.38,On Head
411082,0.7207,11.8633,-1.0870,19.8779,1.4504,-10.7481,41.24,On Head
411132,0.9433,11.1905,-1.8723,7.8168,-11.0382,-13.6489,41.28,On Head
411182,0.5698,9.2440,-1.9896,-8.1679,-3.4809,-16.9924,41.24,On Head
411232,0.2897,8.0732,-1.4341,-13.6336,6.6718,-5.6183,41.24,On Head
411282,1.3336,8.3917,-1.2115,-5.5420,7.6183,-18.3817,41.19,On Head
411332,0.8212,10.3837,-2.0231,3.4962,13.2366,-41.7405,41.24,On Head
411382,-0.6608,12.0883,-2.3367,-25.9847,15.7252,-17.9237,40.91,On Head
411432,0.6991,9.5696,-1.1349,-43.6336,6.0763,-27.3282,41.42,On Head
411482,-0.5746,9.4379,-0.0120,-40.8244,13.3435,-49.5267,41.24,On Head
411532,-1.1540,9.3230,0.9050,-40.2290,-2.0000,-26.9466,41.24,On Head
411582,0.1149,8.6694,1.2474,-25.0382,-5.5420,-19.7405,41.28,On Head
411632,0.7805,8.7987,1.1875,-12.8244,2.0305,-38.6718,41.28,On Head
411682,-0.3735,9.6534,1.1444,-6.8092,8.5038,-50.9466,41.19,On Head
411732,-1.3934,10.5943,0.6105,-5.3435,10.6107,-45.8168,41.42,On Head
411782,-1.8747,10.2735,0.9337,-20.4275,1.0687,-25.0992,41.24,On Head
411832,-1.5155,9.1650,1.3192,-21.0382,-0.9771,-27.7405,40.95,On Head
411882,-2.0303,9.7348,2.3487,-3.5725,-10.1832,-29.7405,41.28,On Head
411932,-1.2953,8.5234,2.2146,-18.3511,-30.1069,-53.9542,41.24,On Head
411982,-4.4125,9.6367,3.1412,-16.3969,-35.3893,-61.8473,41.24,On Head
412047,-5.5450,7.0150,3.0502,16.5344,-40.5954,-80.5191,41.09,On Head
412097,-5.9664,7.7835,2.2793,31.1603,-52.7023,-52.1679,41.24,On Head
412147,-6.0047,8.5162,1.7286,16.2290,-54.7634,-40.7023,41.19,On Head
412197,-5.9999,8.7460,2.2266,4.1221,-45.7557,-21.8015,41.24,On Head
412247,-6.0094,8.6957,2.8419,1.9237,-35.4198,-9.7099,41.38,On Head
412297,-5.9711,8.1666,3.1867,10.2137,-29.2366,2.3511,41.09,On Head
412347,-5.6599,8.5832,3.0287,18.5191,-32.2137,20.6412,40.95,On Head
412397,-5.0422,8.7508,3.0742,20.7939,-40.2595,44.0305,41.38,On Head
412447,-4.2952,8.2887,3.2489,26.4427,-47.5420,60.0611,41.24,On Head
412497,-3.7661,8.4874,2.6312,41.1603,-50.8244,73.1908,41.38,On Head
412547,-2.7246,9.2488,2.1859,30.8092,-49.0229,82.4427,41.42,On Head
412597,-2.2290,9.3565,2.1883,31.7099,-55.0840,90.2595,41.19,On Head
412647,-0.5315,9.3015,1.4198,21.5725,-57.1908,87.6489,40.95,On Head
412697,1.0582,8.9136,0.9002,23.5420,-44.6870,87.0076,41.09,On Head
412747,1.9848,10.8170,0.3543,34.0611,-19.8321,85.0687,41.19,On Head
412797,1.0702,11.7675,-0.1867,39.1145,-12.7634,66.9771,41.28,On Head
412847,1.5467,10.2304,0.0646,8.1374,-41.5878,58.9160,41.24,On Head
412897,2.4876,9.2105,-0.7015,0.1832,-44.9008,30.2443,41.28,On Head
412947,2.3128,7.1275,-0.9002,-2.0763,-19.1298,16.3817,41.38,On Head
412997,2.4325,8.7340,-0.7446,11.6183,-1.9237,13.1450,41.24,On Head
413047,2.1380,10.2544,-1.0487,10.0000,9.8015,-2.3511,41.28,On Head
413097,1.3862,10.0652,-1.1109,9.9847,20.1679,-11.8779,41.28,On Head
413147,0.9098,10.4124,-1.7382,-5.4962,16.2901,-12.4427,41.38,On Head
413197,0.8978,9.8497,-1.1708,-20.5954,26.5344,4.7176,41.19,On Head
413247,1.9441,9.3206,-0.6225,-22.1069,23.2061,18.0305,41.19,On Head
413297,1.9130,9.0644,-0.2705,-16.9008,21.9084,8.2901,40.91,On Head
413347,1.4844,10.1801,-0.3472,-23.8473,7.5878,-0.8550,41.05,On Head
413397,0.6823,10.5105,-0.0359,-27.9237,3.5115,-0.2748,41.42,On Head
413447,0.6416,10.1706,0.3639,-26.3206,-4.8244,20.6718,41.09,On Head
413497,1.6688,10.0987,0.2322,-22.2595,-6.1069,36.9924,41.24,On Head
413547,3.1364,12.1985,1.3910,-18.8397,-1.6183,52.9771,41.28,On Head
413597,6.7780,9.9575,0.8547,-22.4886,-1.6641,45.4046,41.38,On Head
413647,4.3096,9.3757,2.6288,-29.5420,12.9924,28.3511,40.72,On Head
413697,3.3112,7.5561,3.3040,-30.3359,3.3130,13.4656,41.24,On Head
413747,4.2353,6.6080,3.0382,-4.1374,10.7634,18.3053,41.28,On Head
413797,7.0030,8.1547,2.0734,11.1908,51.2214,14.3664,41.28,On Head
413847,6.2297,8.0062,2.5690,17.5878,119.2061,-12.8550,41.09,On Head
413897,4.2329,8.9950,2.6935,16.5802,137.7099,-19.9237,41.24,On Head
413947,2.1620,8.2528,3.5267,17.9695,131.4962,-23.1298,41.47,On Head
413997,1.7190,8.7460,3.7182,20.5344,108.3359,-12.1832,41.28,On Head
414047,1.4700,8.7939,4.1108,24.4580,80.3817,-3.0534,41.09,On Head
414097,1.7238,8.5377,4.4508,15.6947,45.8168,-10.4122,41.09,On Head
414147,2.0997,8.2049,3.9097,23.2061,17.5878,-29.8931,41.05,On Head
414197,1.8220,9.5553,3.1173,14.4275,8.4733,-40.8702,41.24,On Head
414247,1.2689,10.5680,2.9975,-2.9160,14.7481,-28.4733,41.09,On Head
414297,1.0965,9.7252,3.4836,-8.7634,18.5496,-9.8168,41.24,On Head
414347,2.0997,13.2040,4.1396,11.4198,18.2443,15.2061,41.05,On Head
414397,3.3232,10.2735,3.0718,-8.9160,23.5420,-3.2672,41.28,On Head
414447,1.7358,9.4643,1.8890,-3.4962,28.5649,-10.3817,41.28,On Head
414497,0.4405,7.8817,0.1652,13.5115,32.5954,-17.9847,41.19,On Head
414547,0.9361,10.5632,0.3950,-14.2595,33.4809,11.4656,41.19,On Head
414597,2.1763,9.8617,0.5962,-13.0687,55.6031,-13.9237,41.24,On Head
414647,0.4597,9.7875,1.0080,-7.6641,69.8321,-22.3053,40.95,On Head
414697,0.0910,9.2799,1.1564,-13.7252,60.8550,-13.7710,41.19,On Head
414747,0.3232,9.1698,1.6089,-18.0611,56.1527,-21.0992,41.38,On Head
414797,0.1915,9.7636,2.5666,-25.0076,48.2137,-21.2824,41.19,On Head
414847,-0.2514,8.6359,3.3327,-22.1221,40.0611,-17.6489,41.38,On Head
414897,0.2322,8.2720,3.4093,-3.6336,14.4580,-10.5344,41.42,On Head
414947,-0.6967,9.8569,2.6911,0.3511,13.4962,-24.4122,41.24,On Head
414997,-0.9098,10.3645,2.5019,-3.4656,-1.7099,-14.4733,41.24,On Head
415047,-1.3096,10.7404,2.1787,-5.2061,-7.8931,-1.7710,41.19,On Head
415097,-1.6688,10.1849,3.0119,-10.8855,-28.1069,12.6107,41.38,On Head
415147,0.3184,12.0093,4.6567,-15.9389,-13.8626,-3.0534,41.24,On Head
415197,-1.9944,7.5513,5.0542,11.7099,0.7939,-17.8779,40.91,On Head
415247,-3.0335,8.9064,2.1596,41.7557,-28.1679,-3.6641,41.19,On Head
415297,-1.7047,9.5265,2.2913,9.9237,-46.8550,10.5954,41.24,On Head
415347,-1.3168,9.2368,3.0646,-5.8168,-48.2595,-18.9160,41.24,On Head
415397,-1.8723,9.1099,3.4261,2.9466,-52.6107,-25.8931,41.09,On Head
415447,-2.9113,9.3733,3.2058,-8.1069,-56.8702,-13.2977,41.24,On Head
415497,-1.0175,9.8904,2.7078,4.7634,-45.0534,5.8015,41.24,On Head
415547,0.2011,8.8945,2.6671,10.2290,-20.8397,10.7481,41.05,On Head
415597,0.2825,9.3254,2.6121,4.1527,7.8626,26.6565,41.24,On Head
415647,-0.5171,8.8178,3.0382,-2.4580,3.8015,14.6870,41.38,On Head
415697,-0.0359,9.6726,2.6576,7.4198,1.7557,15.1603,41.05,On Head
415747,0.4262,9.4619,3.2489,14.1527,10.6565,30.3206,41.24,On Head
415797,-0.1293,9.4954,3.6320,6.2748,27.8779,35.3588,41.09,On Head
415847,2.7821,13.2663,3.4022,31.1298,16.8855,30.9618,41.19,On Head
415897,1.3599,12.1865,2.8467,5.4504,14.9618,3.0840,41.05,On Head
415947,0.2035,9.7396,1.9800,16.9008,4.0763,3.7557,41.24,On Head
415997,-1.0606,8.5210,-0.1101,21.9389,-0.5649,11.4809,41.19,On Head
416047,0.9122,10.3980,-0.5028,-8.8397,0.6412,24.6260,41.05,On Head
416097,1.4222,10.2113,0.0000,-7.4656,9.0382,5.9542,41.19,On Head
416147,1.2282,10.0533,0.3591,-13.8931,20.2290,-4.5954,41.42,On Head
416197,0.5004,9.5313,0.9218,-17.6489,23.4351,-10.0305,41.19,On Head
416247,-0.7614,9.3494,2.0853,-24.0153,9.6336,-9.2672,41.28,On Head
416297,-0.0694,8.9878,2.4134,-18.8855,-5.3893,2.2290,41.38,On Head
416347,0.6847,8.3055,2.6097,-12.5496,-17.8321,2.6870,41.24,On Head
416397,0.8140,9.0668,2.3080,-0.6718,-24.2748,-4.9771,41.24,On Head
416447,0.4334,10.1347,1.9321,1.9847,-32.9008,-6.2290,41.24,On Head
416497,0.7685,11.0828,1.2953,2.5802,-35.3893,0.3511,41.24,On Head
416547,0.2945,10.2376,1.4629,-3.0382,-37.2366,11.7557,41.09,On Head
416597,0.4046,11.1354,2.2075,18.4580,-52.4122,37.4504,41.24,On Head
416647,4.2713,10.0437,0.7566,-32.6412,-60.1679,9.0229,41.09,On Head
416697,0.8045,10.3597,2.8323,-31.8779,-62.9771,6.8092,41.09,On Head
416747,1.2570,9.2105,2.5618,-22.3053,-57.3282,7.9847,41.19,On Head
416797,2.1548,8.3510,3.0646,-29.8626,-38.5191,16.7939,41.28,On Head
416847,2.4014,7.7093,3.9002,-23.2977,-30.6412,-3.0687,41.19,On Head
416897,1.4916,9.0070,4.6208,-15.3588,-22.0153,-21.8779,41.19,On Head
416947,0.3831,8.7724,4.8530,-2.0000,-29.3282,-37.5878,41.28,On Head
416997,0.0718,9.4403,4.3407,4.5954,-40.1527,-28.7786,40.91,On Head
417047,0.7374,9.2488,3.7278,6.9771,-44.7939,-2.1069,41.38,On Head
417097,1.9896,9.1889,3.3495,4.8550,-42.5191,2.0763,41.24,On Head
417147,1.5778,9.3254,3.3662,1.0687,-34.2137,-13.8626,41.09,On Head
417197,1.1061,9.5146,3.3160,3.2672,-21.0229,-9.8015,41.05,On Head
417247,0.8930,9.5888,3.2920,4.0611,-12.3511,2.3817,41.19,On Head
417297,1.0127,9.1818,3.3974,12.5954,-5.7252,10.3817,41.19,On Head
417347,1.2426,9.3087,3.1412,20.4733,-2.9313,18.9618,41.42,On Head
417397,3.0502,11.5688,2.9305,37.4809,3.9847,23.6183,41.28,On Head
417447,2.4780,11.0516,1.6759,49.3282,6.7939,-1.1603,40.95,On Head
417497,1.6664,11.3102,0.0646,44.6107,0.0611,-0.9771,41.24,On Head
417547,1.0606,8.8011,-0.6943,6.5344,-6.3511,8.7634,41.19,On Head
417597,1.6496,8.1666,-0.3089,6.3817,-5.0382,30.5038,41.05,On Head
417647,2.7988,8.6335,-0.6440,4.1985,-3.5878,7.3740,41.19,On Head
417697,2.0542,10.5441,-0.5650,1.3740,1.6641,-18.1374,41.24,On Head
417747,1.2186,11.5113,-0.4334,-6.4427,-1.5115,-29.1756,41.28,On Head
417797,-0.0072,10.3430,-0.2011,-9.8931,-9.3282,-27.1145,41.28,On Head
417847,0.2777,9.4379,-0.0527,-15.6641,-19.8626,-2.1832,41.05,On Head
417897,1.3479,8.7053,0.2131,-18.6718,-25.4351,4.4580,40.95,On Head
417947,1.3719,9.5265,0.4788,-17.9542,-37.4962,-3.9084,41.19,On Head
417997,0.8739,10.1442,0.3663,-15.2519,-57.8321,-10.1221,41.38,On Head
418047,1.0295,10.9702,-0.3424,-17.2977,-74.1374,-7.6183,41.05,On Head
418097,0.8619,11.1091,-0.8499,-25.0076,-70.3664,4.8092,41.09,On Head
418147,0.8236,10.1897,-0.5602,-34.3817,-59.4962,21.6794,41.19,On Head
418197,2.8635,14.3389,0.9912,-15.6031,-58.5496,53.8779,41.09,On Head
418247,4.1755,9.8928,0.4118,-16.1679,-58.1527,28.3817,41.28,On Head
418297,4.0055,9.4020,0.9792,-39.7863,-60.9466,18.6718,41.38,On Head
418347,3.4213,8.7580,2.1644,-64.3359,-57.8015,-3.2061,40.91,On Head
418397,2.8922,8.0254,3.3615,-52.0000,-53.9542,0.3053,41.05,On Head
418447,3.2657,8.1068,4.1946,-34.4122,-54.0611,-4.2290,40.91,On Head
418497,2.9928,8.3989,4.4173,-24.7786,-54.3053,-20.6260,41.28,On Head
418547,1.5179,8.7580,4.5777,-15.3893,-59.0382,-28.3359,41.24,On Head
418597,0.7446,9.5840,4.2784,-11.2214,-72.4122,-23.9237,40.91,On Head
418647,1.1420,9.2967,3.9002,-12.0458,-75.9847,-22.3511,40.95,On Head
418697,1.2594,9.2799,3.2489,-5.9084,-74.8550,-16.9466,41.38,On Head
418747,1.5634,9.1123,2.9257,-4.9618,-66.3969,-5.7557,41.38,On Head
418797,1.9752,10.1514,2.8850,0.1374,-68.9618,-5.1145,41.24,On Head
418847,1.4222,10.1442,2.8922,-0.5191,-82.4275,-12.0153,41.05,On Head
418897,1.4413,10.0820,2.4014,-1.4504,-104.4275,-10.4733,41.09,On Head
418947,1.6041,9.6319,1.4940,-2.7481,-122.3359,-13.1756,41.09,On Head
418997,1.7095,9.3470,0.7638,-4.2137,-139.7252,-17.6641,40.95,On Head
419047,2.4972,9.8569,0.3232,-18.7939,-146.8244,-21.9847,40.91,On Head
419097,2.9185,10.7811,0.4453,-17.6489,-137.0992,-9.3282,41.24,On Head
419147,3.7757,10.5417,0.1844,-23.0076,-113.4657,-0.9313,41.24,On Head
419197,4.0079,10.0197,0.7590,-36.5649,-81.8168,-2.4427,40.91,On Head
419247,3.5171,9.3972,1.9489,-44.8550,-52.6718,-6.7328,41.24,On Head
419297,2.9592,8.6814,3.1292,-37.5725,-37.5725,-0.9618,41.28,On Head
419347,3.0502,8.4970,3.4261,-15.3740,-30.7481,-0.6412,41.38,On Head
419397,3.1053,9.2009,3.1580,-0.1527,-27.2061,-1.3282,41.24,On Head
419447,3.0478,9.2273,2.8611,2.0763,-23.7863,-3.1145,41.42,On Head
419497,2.6911,9.3589,2.4541,3.5267,-20.8244,-0.7481,41.28,On Head
419547,2.2482,9.3948,2.4421,0.0000,-17.9389,-2.0763,41.09,On Head
419597,2.1739,9.5553,2.4948,2.0458,-18.2290,5.4504,41.38,On Head
419647,3.0311,9.5074,2.3679,-7.8473,-20.3053,9.3130,41.09,On Head
419697,3.4524,9.1698,1.9465,1.1145,-4.5802,7.8473,41.19,On Head
419747,2.4588,10.1275,1.4174,20.8550,-0.4885,10.4885,41.09,On Head
419797,1.8364,10.1562,-0.3400,22.8550,-9.1145,-7.3435,41.42,On Head
419847,1.0534,10.3860,-0.9050,8.2901,-18.6718,-2.5649,41.09,On Head
419897,1.9441,9.5313,-1.1756,-1.0076,-27.7099,-2.3969,41.28,On Head
419947,2.9544,10.0365,-0.7183,-18.1527,-14.5649,-9.0840,41.38,On Head
419997,2.4828,8.9352,0.2035,-10.3359,-10.2443,-22.7328,41.09,On Head
420047,1.8292,9.7947,-0.2801,1.3282,-11.1603,-31.7099,40.91,On Head
420097,1.3934,10.0461,-0.7183,-7.1908,-11.2214,-26.5954,41.28,On Head
420147,1.1851,9.9288,-0.9409,-3.9237,-3.5725,-16.7939,41.05,On Head
420197,1.3096,10.0533,-0.9840,3.9237,5.4962,0.1069,41.38,On Head
420247,1.5490,10.4100,-0.7590,15.6947,19.6641,22.3817,41.09,On Head
420297,2.5235,10.3669,-0.5052,9.2214,17.3893,29.3130,41.09,On Head
420347,2.9664,10.1801,-0.5698,-9.5573,19.4046,7.0534,41.09,On Head
420397,1.6233,10.1227,0.9601,-27.4198,-4.6870,-0.8702,41.05,On Head
420447,1.9273,8.7987,2.0159,-37.1756,-37.8473,-14.2137,41.19,On Head
420497,2.5139,8.5665,1.9441,-8.4580,-55.2214,-24.2443,41.09,On Head
420547,3.3255,9.6582,0.7661,-2.7481,-52.6718,-14.2443,41.09,On Head
420597,3.2561,9.6726,0.1269,4.3817,-25.6947,-5.2061,41.28,On Head
420647,1.6712,10.1969,0.9792,-4.9313,-23.8168,-3.3282,40.91,On Head
420697,0.7254,9.9000,0.3591,3.8931,-42.0000,12.2901,40.86,On Head
420747,1.5850,10.4651,-0.4741,-10.3359,-44.6412,17.2824,41.28,On Head
420797,2.7892,12.6294,-0.1269,-14.0763,-41.9695,23.2366,40.91,On Head
420847,2.4062,10.9439,-0.0311,1.4046,-46.6870,18.0763,41.09,On Head
420897,3.4716,9.8114,-0.3376,-19.6489,-53.4809,16.7634,41.09,On Head
420947,3.8427,9.4762,0.2155,-22.5649,-33.0992,5.9695,41.19,On Head
420997,1.7142,9.0285,1.5993,-22.7481,-37.0076,-1.8321,41.24,On Head
421047,1.9920,7.7835,1.8555,-11.5878,-61.5115,-12.6107,41.28,On Head
421097,2.5307,9.2919,1.1013,-6.0611,-65.3282,-22.3817,41.38,On Head
421147,1.8268,9.3230,2.2338,-21.1298,-83.8779,-37.6794,40.91,On Head
421197,3.2561,10.0868,0.9266,-0.5496,-62.5802,-43.4962,41.19,On Head
421247,1.1205,10.8338,1.7310,-8.0916,-53.9237,-42.0458,41.09,On Head
421297,1.9896,10.4220,0.8739,-13.0840,-41.2977,-35.7405,41.09,On Head
421347,1.7765,9.8402,0.5076,-9.8931,0.8550,-17.4198,41.24,On Head
421397,1.5323,9.3446,1.2737,-2.7939,22.9771,4.1679,41.19,On Head
421447,1.9441,9.5074,1.4102,1.2977,25.0229,6.1069,41.38,On Head
421497,1.5969,9.8617,1.8172,-6.5649,29.9084,0.6718,41.09,On Head
421547,1.4916,10.1897,1.7526,-9.3588,18.6565,-10.0305,41.24,On Head
421597,1.4581,10.3382,1.7813,-18.1374,34.8702,-5.0840,41.09,On Head
421647,0.5674,9.6893,2.6767,-23.0687,36.2137,10.1832,41.24,On Head
421697,2.2841,8.8131,2.2865,-11.3893,31.8168,4.4427,40.95,On Head
421747,0.7015,9.4068,2.6695,2.9313,51.3282,-2.5496,41.24,On Head
421797,-0.1149,9.7683,2.9951,-1.8168,29.0992,13.2672,40.91,On Head
421847,1.4126,11.6861,3.3160,13.4504,22.2137,30.9313,41.09,On Head
421897,1.3743,10.7093,2.1859,50.8244,19.5573,11.7557,40.95,On Head
421947,1.0127,12.1218,0.0479,31.5725,13.1298,12.0000,40.95,On Head
421997,1.4724,10.4411,0.2083,2.7176,9.4656,31.6031,41.05,On Head
422047,1.8531,7.9751,0.5555,3.8168,14.1221,15.9237,41.09,On Head
422097,2.0231,8.6072,-0.0527,11.2366,18.8855,-2.0763,40.95,On Head
422147,1.3024,9.5529,0.0431,-0.3053,23.2519,-1.4809,40.95,On Head
422197,1.1827,9.7971,-0.1389,-4.7786,22.8092,-3.1298,41.05,On Head
422247,0.9194,10.6350,-0.0790,-9.0992,17.9237,-5.3588,41.09,On Head
422297,1.0558,10.4148,-0.0215,-9.0992,12.9008,-5.5267,41.09,On Head
422347,1.3360,9.8019,0.4094,-13.0687,11.3282,3.2061,41.19,On Head
422397,1.7933,8.8825,0.4573,-6.2137,11.3435,4.7023,40.91,On Head
422447,1.9992,9.6175,0.2825,-1.7405,9.1603,-3.1145,41.24,On Head
422497,2.3535,9.8210,0.2562,-10.1069,7.1603,-5.4504,41.09,On Head
422547,2.2266,9.7803,0.4381,-10.2137,5.2366,-10.9313,41.24,On Head
422597,1.8340,10.2592,0.4357,-11.1603,3.9389,-7.2672,40.72,On Head
422647,1.5945,9.7229,0.8835,-19.2672,2.0916,-3.5725,40.95,On Head
422697,1.1851,9.6702,1.3096,-17.6183,-3.2977,-1.8473,41.24,On Head
422747,1.4916,9.6822,1.3096,-10.1527,-8.7176,0.2748,40.95,On Head
422797,1.9441,10.0341,1.1827,-9.1145,-7.6947,6.3664,41.28,On Head
422847,1.9920,10.0556,1.5706,-7.8015,-8.1221,13.4351,41.05,On Head
422897,2.4924,9.8186,1.7980,-13.1450,-22.6870,3.2672,41.28,On Head
422947,2.0877,11.4874,1.9513,-15.4656,-28.0000,-1.7405,41.05,On Head
422997,1.7765,10.9152,2.3918,-16.0000,-28.4886,1.0992,41.38,On Head
423047,1.2953,9.1626,2.6528,-18.5649,-32.7634,-1.5878,41.28,On Head
423097,0.8906,7.6543,3.0406,-18.2137,-41.5267,-6.8397,40.86,On Head
423147,0.9074,7.9607,3.1747,-6.7023,-54.4885,-11.3435,41.24,On Head
423197,0.8739,9.5672,3.1125,0.2443,-58.7481,-18.5802,40.95,On Head
423247,1.0056,10.8649,3.1005,-3.7405,-58.7023,-24.4427,41.05,On Head
423297,1.0606,10.8386,2.8539,-5.5878,-49.6641,-16.4886,41.09,On Head
423347,1.4485,10.0844,2.5067,-1.8779,-38.7328,-5.3130,41.09,On Head
423397,1.7789,9.1698,2.1835,-7.5573,-29.4809,8.0611,41.28,On Head
423447,2.6767,8.4491,2.2841,-9.6641,-21.7863,5.5115,41.24,On Head
423497,3.2896,8.5808,2.3463,-5.0382,-4.3817,-14.5191,41.19,On Head
423547,2.6288,9.4547,2.4397,7.4198,17.6031,-25.4351,41.19,On Head
423597,1.9585,10.1658,2.2649,12.5954,33.8473,-22.9771,41.09,On Head
423647,1.0175,10.0293,2.2098,11.8779,46.5191,-11.0229,40.95,On Head
423697,0.5267,9.6079,2.2290,13.2519,48.8550,1.4046,40.95,On Head
423747,-0.3376,10.2280,1.9704,13.5115,41.7557,11.0534,40.95,On Head
423797,0.3400,12.0476,2.2529,-38.2137,3.8931,9.9542,41.28,On Head
423847,1.6664,10.5249,2.6408,-26.1527,6.7481,-4.1527,40.95,On Head
423897,1.2234,10.1897,2.3870,4.7939,32.4122,-5.2519,40.86,On Head
423947,0.8787,8.7125,1.5682,21.7405,50.5954,5.7863,40.91,On Head
423997,-0.1221,8.7987,0.5890,25.8931,49.3435,5.7557,40.91,On Head
424047,-1.4724,10.8409,0.6297,-20.0763,-2.6718,11.1298,41.24,On Head
424097,1.3336,9.0046,1.0463,-35.9084,-26.0763,-8.8855,40.91,On Head
424147,2.0135,9.6917,0.8475,-13.3893,-1.7405,-28.3053,41.19,On Head
424197,0.8811,10.1825,0.7781,4.5191,29.1756,-33.8015,41.19,On Head
424247,-0.5148,10.2759,0.7973,3.8931,36.3969,-24.5649,40.91,On Head
424297,-0.8571,9.7779,1.4198,-6.4733,23.8779,-7.7710,41.05,On Head
424347,-0.2346,9.5170,1.6640,-0.3359,8.4885,-0.0305,41.28,On Head
424397,0.6345,9.9264,1.6065,-3.6947,4.9160,-0.9160,40.95,On Head
424447,0.3831,10.0173,2.0231,-2.6412,2.9924,-4.4427,41.24,On Head
424497,0.1604,10.0030,2.1691,-1.8779,-5.4351,-9.7710,41.05,On Head
424547,-0.2035,9.8689,2.0710,0.9771,-16.6718,-9.6489,40.91,On Head
424597,-0.1700,9.7133,1.9106,-0.6718,-26.4580,-7.0687,41.05,On Head
424647,-0.5507,9.8162,1.8794,-2.4427,-36.1527,-2.8092,41.19,On Head
424697,-0.5291,9.9695,1.7071,-0.6565,-50.9618,2.4122,40.95,On Head
424747,-0.2418,9.7516,1.2570,1.0076,-60.5649,-1.4962,41.05,On Head
424797,0.1293,12.1194,1.1253,4.4275,-67.9237,1.4809,41.09,On Head
424847,0.0335,11.5113,0.8260,-0.4885,-61.5725,-1.0229,41.05,On Head
424897,0.0192,9.9431,1.6233,-16.0153,-62.3817,5.2061,40.91,On Head
424947,0.6584,10.3813,2.0470,-19.4962,-59.6794,9.0840,41.09,On Head
424997,1.0798,9.5098,2.1572,-21.5114,-48.4122,5.9695,41.24,On Head
425047,1.0223,8.5665,2.4349,-18.9466,-38.0611,0.7786,41.24,On Head
425097,1.0511,8.4827,2.5402,-16.7939,-33.7863,-3.1298,41.19,On Head
425147,1.0319,8.5353,2.8706,-17.7099,-30.1069,-12.5038,41.19,On Head
425197,1.0151,9.8689,3.0574,-16.1221,-21.3282,-14.1069,41.09,On Head
425247,1.2474,10.5656,3.5721,-25.6031,-6.2137,-23.5878,41.38,On Head
425297,0.5794,10.3741,4.5370,-29.5114,5.9695,-27.2672,40.95,On Head
425347,-0.2753,9.0716,4.9201,-23.8626,8.0458,-21.3740,41.05,On Head
425397,-1.0439,9.1913,5.1212,-15.2366,2.3359,-9.2824,40.95,On Head
425447,-0.8906,8.5186,4.9177,-10.1985,-21.7557,7.2366,41.09,On Head
425497,1.2881,8.8992,4.0558,-6.2748,-21.6183,12.8397,41.09,On Head
425547,1.8507,8.6215,3.4069,8.6412,-0.5802,6.4580,40.86,On Head
425597,2.0758,9.4834,2.7342,12.4427,29.0840,-2.8092,40.95,On Head
425647,0.3615,9.7803,3.5147,-0.7328,57.9847,-13.4504,41.19,On Head
425697,-1.0391,9.4475,4.4915,-0.7939,42.6412,8.5496,41.05,On Head
425747,-0.6153,9.0261,4.5562,4.7176,26.5649,18.6718,41.19,On Head
425797,0.0814,11.5927,4.2042,13.0076,12.6718,25.2672,41.09,On Head
425847,0.3256,10.5943,3.8140,5.6336,10.8855,30.5802,41.24,On Head
425897,1.0774,9.5840,2.4948,5.2672,20.5191,16.1527,41.19,On Head
425947,1.2186,9.9216,1.7262,0.2595,42.0305,6.2595,41.19,On Head
425997,-1.3120,9.7588,3.3974,-6.4122,67.6183,-5.5725,40.95,On Head
426047,-3.0981,9.1698,4.2306,-1.8473,3.2366,11.2672,40.86,On Head
426097,0.2394,8.4827,2.4732,23.6794,-4.3053,31.8931,40.95,On Head
426147,0.7805,9.8857,1.9872,16.4886,-8.0000,9.0534,41.09,On Head
426197,0.9768,10.9247,1.3695,0.7176,-2.5954,2.0000,41.09,On Head
426247,0.9864,9.6438,0.9313,2.9924,3.9237,7.3740,40.91,On Head
426297,2.4565,9.8138,-0.3376,1.7710,27.9237,-1.4198,41.19,On Head
426347,0.2155,9.8043,2.1093,-22.7786,43.8931,-20.4275,40.95,On Head
426397,-0.5243,9.3709,2.7294,-5.8473,25.6947,-6.8244,40.86,On Head
426447,-0.4286,10.4507,2.8802,-18.3969,-3.5420,0.9618,40.91,On Head
426497,0.7111,9.7348,2.2577,-8.0305,-3.8626,11.3893,40.91,On Head
426547,1.9273,9.9527,1.7741,-12.6260,4.4885,3.7252,41.05,On Head
426597,1.4820,9.4284,2.6240,-24.8550,21.4198,-19.8473,41.05,On Head
426647,-0.4286,9.3781,4.0510,-19.8473,-1.2824,-27.0687,40.95,On Head
426697,0.8045,8.8202,3.4165,-6.0153,-14.2595,-17.2214,40.77,On Head
426747,1.2594,9.4020,2.1380,15.5573,15.8779,-15.9389,40.95,On Head
426797,0.8835,10.1179,1.3264,-1.1298,22.0153,-17.2824,41.24,On Head
426847,0.9744,12.8473,2.5450,-6.8550,46.2443,-14.0153,41.24,On Head
426897,-0.6776,11.5329,3.4093,-27.0992,33.5115,-22.4733,41.09,On Head
426947,-0.8212,9.2703,3.6248,-48.4427,43.7710,-1.2977,41.05,On Head
426997,-1.4892,7.7668,4.4724,-23.9389,42.7939,5.6641,40.95,On Head
427047,-1.7310,9.2512,4.8076,-13.2519,40.5038,-1.7557,41.19,On Head
427097,-2.3990,8.5042,5.7006,-13.8931,25.6641,-2.0000,40.86,On Head
427147,-1.9489,8.0637,5.2074,3.5878,11.1145,2.0458,41.05,On Head
427197,-3.3662,5.5450,3.9265,2.1221,16.4122,9.7557,41.19,On Head
427247,-1.6376,9.0573,4.2617,10.1221,18.6260,-5.6641,41.05,On Head
427297,-1.6520,8.2313,4.7716,-3.1756,11.1145,-13.1298,41.05,On Head
427347,-2.2482,8.3629,4.8123,2.7786,0.4733,-18.9160,40.95,On Head
427397,-2.0255,9.1818,4.3335,3.0534,6.9008,-16.1527,40.86,On Head
427447,-2.0351,8.8394,4.5657,3.8473,8.8855,-2.8092,40.91,On Head
427497,-1.5107,8.7173,4.4365,7.9847,15.0076,-3.5878,40.91,On Head
427547,-2.1308,8.7293,4.4915,9.2214,13.0534,3.1603,40.91,On Head
427597,-2.6647,8.9687,4.3981,13.1145,9.4656,12.6260,41.19,On Head
427647,-1.8723,9.1243,4.0199,11.6183,4.1679,27.5725,40.95,On Head
427697,-1.0965,8.7388,4.0941,6.0763,8.3817,30.2443,41.05,On Head
427747,-1.1612,8.7053,4.2329,14.8855,15.2519,26.6412,40.91,On Head
427797,-0.7997,11.2264,4.1683,21.0534,12.7328,19.4962,41.05,On Head
427847,-0.6440,11.3725,3.4213,32.9924,14.3206,18.0763,41.05,On Head
427897,-0.1053,11.5161,2.4708,19.7557,18.5649,13.6947,40.95,On Head
427947,-0.8212,8.8753,2.0135,13.4504,19.7557,5.8015,41.19,On Head
427997,-1.4006,7.7740,1.1660,22.5344,15.5115,4.5954,41.19,On Head
428047,-2.0279,8.9184,1.0391,19.9695,1.8015,11.9542,40.67,On Head
428097,-1.1636,10.2472,0.7733,5.6336,-14.1527,18.2290,40.77,On Head
428147,0.4094,10.6183,0.8571,1.5420,-11.2366,7.6183,40.95,On Head
428197,0.0503,10.5345,0.5483,11.8168,-0.3359,-15.5878,41.24,On Head
428247,-1.5036,9.9695,0.4741,10.5802,0.4733,-24.0305,41.09,On Head
428297,-1.8531,9.8545,0.6393,0.2748,-13.9695,-0.0763,41.05,On Head
428347,-0.1053,9.1051,1.0127,-7.2672,-23.9389,11.5725,40.95,On Head
428397,-0.0072,9.5050,1.8579,-3.7405,-27.2977,-6.5496,41.09,On Head
428447,-0.7230,10.0772,2.3894,-1.2366,-43.1603,-7.2366,41.05,On Head
428497,-0.6680,9.8258,2.0638,10.5802,-59.6794,-17.5114,41.24,On Head
428547,-1.1468,10.1897,1.3743,9.7405,-73.9389,-9.8321,41.09,On Head
428597,-0.6800,9.9024,0.8164,5.7863,-81.9847,4.9313,41.24,On Head
428647,0.0790,9.9814,0.6393,-6.3969,-81.1756,10.2443,40.95,On Head
428697,0.4166,9.8426,0.9529,-13.7405,-72.9466,10.8244,40.95,On Head
428747,0.2083,9.7851,1.3360,-9.7099,-69.9542,18.5038,41.19,On Head
428797,0.7829,11.8992,0.7901,1.3435,-59.9389,9.7405,41.05,On Head
428847,0.1149,11.0445,1.5395,6.3664,-52.7328,9.9695,40.95,On Head
428897,0.0168,10.2975,1.7765,8.3817,-47.0992,13.5115,40.95,On Head
428947,1.0822,10.3669,1.6807,-0.9160,-50.5649,27.6794,41.09,On Head
428997,1.6209,10.0389,2.1524,-22.5496,-48.9313,30.2137,40.95,On Head
429047,1.6281,8.8490,2.7557,-29.6947,-46.0153,16.6565,41.09,On Head
429097,1.2641,7.8482,3.1603,-19.8015,-47.3282,-5.6947,40.95,On Head
429147,1.1157,8.2672,2.9568,-13.3130,-43.5878,-24.4580,40.95,On Head
429197,0.7207,9.4140,3.0239,-15.6794,-37.5573,-28.7939,41.05,On Head
429247,0.5004,9.9311,3.6895,-28.1374,-30.5649,-37.5878,41.19,On Head
429297,-0.1796,10.2999,4.3503,-24.0153,-22.3359,-35.6794,41.24,On Head
429347,0.4046,10.3477,4.0893,-18.4122,-14.5954,-14.0153,41.19,On Head
429397,0.6345,9.1937,4.6831,-24.2443,-4.0458,-3.4962,40.77,On Head
429447,0.6800,8.4946,5.0063,-11.5878,-8.6260,3.1908,40.95,On Head
429497,1.2522,8.4013,4.9512,-0.8244,-13.2214,2.0916,41.09,On Head
429547,1.5538,8.6957,4.6400,9.8626,-14.0153,-8.8092,40.91,On Head
429597,1.6568,9.4715,4.0701,15.0534,-6.8244,-10.3817,40.91,On Head
429647,1.5538,10.0748,3.2513,13.6947,6.3053,-0.3359,40.95,On Head
429697,0.8882,10.6255,2.7773,-17.5420,18.4122,31.7405,41.24,On Head
429747,1.7190,8.0732,4.4412,-21.8626,28.1679,27.2366,41.05,On Head
429797,1.1037,7.6734,5.1188,10.1832,26.2901,4.6718,40.91,On Head
429847,0.7661,8.6838,4.1851,33.2061,20.3664,8.0153,40.86,On Head
429897,1.5634,11.3054,3.2274,42.3511,17.5114,9.3130,41.24,On Head
429947,1.3910,11.3437,2.2721,36.9924,16.1221,3.1756,41.05,On Head
429997,0.7302,10.9607,1.3168,28.7634,23.3435,-5.2061,40.95,On Head
430047,0.0575,10.2065,0.9768,21.6489,23.6031,-2.7023,41.05,On Head
430097,0.3591,9.2943,0.2298,20.0458,27.6031,2.0305,41.05,On Head
430147,0.7733,8.4851,0.0239,16.9313,39.4046,-2.8244,41.09,On Head
430197,0.4477,9.7372,-0.0862,12.2290,45.4504,-13.6183,40.91,On Head
430247,-0.8547,10.8194,0.1891,8.9160,40.1679,-26.3664,41.05,On Head
430297,-1.3048,11.5927,0.0910,4.9771,24.5191,-16.6260,41.09,On Head
430347,-0.5602,10.3789,0.1365,-2.8702,16.3511,-8.0916,40.91,On Head
430397,0.0670,9.3613,0.4669,-2.1679,16.1069,-13.1298,40.95,On Head
430447,-0.0168,9.1985,0.6345,4.0916,17.0382,-13.8931,41.19,On Head
430497,0.3017,9.8569,0.4812,-0.3817,11.9237,-3.1145,40.95,On Head
430547,0.6512,9.9766,0.6440,-5.8473,8.9618,-2.0611,41.05,On Head
430597,0.3807,10.1634,0.9433,-5.2519,6.8855,-10.1832,40.95,On Head
430647,-0.3328,9.8210,1.0989,-0.5649,2.2443,-14.9008,40.91,On Head
430697,-1.7238,9.8043,1.5490,2.3817,-17.0382,-10.2137,40.86,On Head
430747,-2.9257,9.9766,1.8603,8.9160,-50.6260,9.0534,41.19,On Head
430797,-1.5179,10.3908,0.2729,20.0305,-80.2901,37.3588,41.24,On Head
430847,0.3017,10.7021,-0.7015,6.0763,-89.1603,38.3664,40.91,On Head
430897,1.2402,10.1945,-0.9457,-16.9160,-92.2137,30.1985,41.09,On Head
430947,1.2450,10.2663,-0.2969,-36.3053,-85.5115,17.2214,41.19,On Head
430997,0.4501,9.4475,1.0199,-43.2366,-78.8397,-1.3130,40.72,On Head
431047,0.0096,9.2799,2.0255,-30.9313,-84.1221,-5.8321,40.95,On Head
431097,0.2083,9.1674,2.2266,-11.8931,-85.0992,-6.8397,40.77,On Head
431147,0.0599,9.5002,2.3798,1.2519,-83.9542,-9.6031,41.19,On Head
431197,-0.3735,9.8234,2.2577,5.6183,-105.9084,-7.1145,40.95,On Head
431247,0.9098,9.1626,1.6496,2.4885,-110.3053,-4.6260,41.05,On Head
431297,1.2570,8.9711,1.5107,3.4198,-103.0840,-13.5725,40.91,On Head
431347,1.8148,10.1562,1.2450,2.3969,-85.9389,-22.4733,40.91,On Head
431397,1.5179,10.0317,1.1468,-1.0840,-59.8168,-23.5114,41.05,On Head
431447,0.8068,9.7276,1.2881,14.7328,-40.0000,-19.7863,41.05,On Head
431497,0.9768,10.4794,0.7278,14.8855,-27.5573,-21.3588,40.95,On Head
431547,0.3256,9.9168,0.9337,1.8321,-14.7023,-17.9237,40.91,On Head
431597,0.4022,10.2304,0.6512,3.8321,-10.2595,-4.8092,41.09,On Head
431647,0.7973,10.2711,0.9122,-5.3282,-3.3435,-4.1985,40.95,On Head
431697,0.8021,10.4244,1.0846,-13.7710,7.5573,-13.5420,40.86,On Head
431747,0.1748,10.3741,1.4030,-12.0916,12.5496,-5.9847,40.95,On Head
431797,0.3065,10.0772,1.4485,-12.1221,16.4580,-1.9389,40.91,On Head
431847,0.2825,10.0892,1.6089,-13.2977,17.2519,2.7176,40.91,On Head
431897,0.8954,9.6510,1.6664,-14.5496,20.9160,3.5115,40.86,On Head
431947,1.1779,9.3494,1.8938,-12.2748,29.4046,-5.4656,41.05,On Head
431997,0.8236,9.5457,1.9656,-11.2214,37.1145,-17.8626,40.95,On Head
432047,0.1652,9.6367,2.1859,-11.1145,41.4351,-25.0534,40.95,On Head
432097,-0.2490,9.6486,2.1356,-4.8244,43.6336,-23.2672,41.05,On Head
432147,-0.9050,10.4148,1.9680,-3.9237,47.1145,-14.2290,41.28,On Head
432197,-1.0702,10.3837,2.3367,-14.1527,43.4351,6.2137,41.19,On Head
432247,-0.4262,9.6534,2.4134,-7.9542,44.5038,17.9847,41.28,On Head
432297,0.7877,11.5736,1.9393,5.2061,49.3588,23.7252,40.95,On Head
432347,0.4884,10.4698,1.1588,-0.8244,51.2977,4.4885,40.95,On Head
432397,-0.3639,9.3278,1.1420,-3.2366,48.3053,6.2595,41.09,On Head
432447,-0.1221,9.8521,0.7207,-2.0000,44.4275,7.8931,41.05,On Head
432497,-0.3065,9.4643,0.2610,-1.2061,48.1679,1.4046,40.86,On Head
432547,-0.6536,9.8952,-0.2011,-1.0382,46.9618,-1.7405,40.95,On Head
432597,-0.7805,9.7707,-0.6225,-1.5725,55.3435,-3.9695,41.09,On Head
432647,-1.3551,9.5624,-0.8164,-2.7786,70.1679,-9.8015,40.77,On Head
432697,-2.8132,9.6558,-0.6991,0.5038,84.4122,-8.1985,40.91,On Head
432747,-2.5498,10.6111,-1.2522,4.5038,93.4657,-5.2366,40.95,On Head
432797,-2.4397,10.6087,-1.3599,-10.9008,117.0840,3.4046,40.77,On Head
432847,-2.3128,10.0173,-0.9098,-10.3511,134.1679,17.8626,40.91,On Head
432897,-1.9010,9.6845,-0.9074,-12.3969,142.1527,14.6107,40.91,On Head
432947,-1.9178,9.4451,-0.4477,-9.3893,137.2214,15.0534,40.91,On Head
432997,-0.2370,9.9910,-2.0183,-4.0305,154.4275,10.0305,41.05,On Head
433047,-1.1684,9.7659,-1.9058,-7.0229,181.8168,18.1374,40.95,On Head
433097,-1.4605,9.9503,-1.9082,-1.0076,182.1832,23.5573,41.24,On Head
433147,-1.3001,9.8857,-1.6520,-2.6412,176.1832,23.9237,41.19,On Head
433197,-0.7661,9.6989,-1.6352,-0.1221,160.7634,18.8397,40.95,On Head
433247,0.0096,10.4411,-1.0056,-7.0229,143.7710,10.9771,40.91,On Head
433297,-0.7733,8.5952,0.4022,-26.5344,140.3359,-5.0076,40.91,On Head
433347,-0.6153,10.5776,2.0542,-33.9237,131.1908,-5.4504,40.95,On Head
433397,-0.9768,9.5792,3.6152,-23.8779,123.1756,-18.8550,40.91,On Head
433447,-1.6281,9.9120,4.0654,-17.2214,104.8550,1.4962,41.09,On Head
433497,-0.6081,8.9878,3.6440,-4.0305,82.8397,11.0840,41.09,On Head
433547,-0.5243,9.1482,3.0933,-5.3740,71.4351,-1.0076,41.24,On Head
433597,-0.1006,10.3980,2.9066,-8.9160,67.9542,1.8321,41.19,On Head
433647,0.8667,10.0006,1.8172,-6.4427,68.8550,16.4427,40.91,On Head
433697,0.6249,7.8219,0.9625,3.1908,63.5267,18.1069,40.95,On Head
433747,1.2809,9.9814,0.0622,12.8092,51.8168,3.8321,41.19,On Head
433797,0.5004,9.8210,-0.6416,12.1374,38.3053,-22.3359,40.95,On Head
433847,0.6081,11.2432,-1.1253,-3.8168,39.9237,-8.5802,40.91,On Head
433897,1.0511,11.0540,-0.7590,-29.6031,55.7557,1.7557,40.77,On Head
433947,0.8260,7.9368,0.9074,-26.7939,57.5573,-21.6336,40.95,On Head
433997,-1.2091,9.9599,0.0024,3.4809,45.5878,-36.2443,41.19,On Head
434047,-0.9385,9.5672,0.1221,-25.6183,52.0458,-20.4122,40.95,On Head
434097,-1.2474,8.2432,1.2234,-18.1679,59.4809,-20.2443,41.05,On Head
434147,-0.2418,8.2145,1.4772,-39.2366,66.8092,-4.1832,40.86,On Head
434197,-1.5060,6.7540,2.5546,7.0992,70.6565,-42.0763,40.95,On Head
434247,-4.8219,11.6741,1.7190,8.8244,33.8473,-41.1145,40.77,On Head
434297,-3.2872,10.5345,1.5586,-22.3817,18.5954,2.3511,41.24,On Head
434347,-2.7821,8.2720,1.8675,-8.9313,20.1832,3.5420,40.95,On Head
434397,-2.8802,8.9663,1.7310,-16.2137,16.3664,17.6947,40.91,On Head
434447,-3.1340,8.4156,1.6616,-7.8321,19.3588,19.9695,40.86,On Head
434497,-0.0838,8.6646,0.2825,-29.8168,34.5802,23.0229,40.91,On Head
434547,-2.0255,6.5218,2.0997,-25.3130,50.2901,-39.5267,41.28,On Head
434597,-5.8083,10.5393,2.0877,3.5573,39.1756,4.5649,40.91,On Head
434647,-4.5490,12.1362,1.5993,-3.7710,35.3893,21.4504,40.91,On Head
434697,-4.1252,12.7539,1.9106,-8.6412,25.2061,54.6718,40.77,On Head
434747,-1.0487,12.0644,2.3703,-18.5191,24.1985,55.6794,41.24,On Head
434797,0.2011,12.4738,4.0654,-28.0000,20.3053,41.9237,40.95,On Head
434847,0.9960,11.7986,4.7692,-19.4351,10.1221,28.4886,40.91,On Head
434897,1.1444,10.6374,3.9576,-0.6260,8.0916,9.5420,40.72,On Head
434947,0.2705,10.4028,2.7078,-2.9313,14.5954,9.2824,41.05,On Head
434997,-0.1676,8.4874,2.6600,-7.7710,13.0534,28.4427,41.05,On Head
435047,1.5227,7.3981,1.7957,-6.5496,30.5649,25.2366,40.95,On Head
435097,0.3184,6.6583,3.8403,-25.2061,47.6183,18.1374,40.91,On Head
435147,-0.9649,7.8506,3.7685,39.4809,25.6031,25.6641,40.86,On Head
435197,0.9361,10.3717,3.0837,-2.2901,-7.2824,65.7099,40.95,On Head
435247,2.6288,8.9352,3.5602,4.6412,-5.3282,42.9771,40.95,On Head
435297,3.0047,9.0429,2.5307,17.1908,-7.2824,17.8321,40.95,On Head
435347,2.8347,9.5720,1.6424,30.2137,5.0229,10.1679,40.95,On Head
435397,2.5379,10.2807,0.7422,32.3511,15.9847,17.5267,41.19,On Head
435447,1.8651,8.6766,1.2306,17.3435,13.1756,22.5344,40.77,On Head
435497,2.5019,9.7276,0.1724,13.0840,18.5191,19.6336,41.24,On Head
435547,2.1237,8.7652,1.4269,-0.2443,18.6718,27.1145,41.24,On Head
435597,2.1572,8.6742,1.1372,29.8321,6.1374,19.7099,40.67,On Head
435647,3.3782,9.9407,0.2179,26.5191,0.9771,11.3282,41.19,On Head
435697,3.6536,9.1626,0.4932,32.3359,7.7710,20.2290,40.95,On Head
435747,4.3215,9.1818,-0.3112,60.4580,8.4122,17.8473,40.91,On Head
435797,4.3455,10.0317,-1.2067,30.4122,11.8015,18.2901,40.91,On Head
435847,3.1556,9.0836,-1.1420,36.8855,-1.4504,-7.3588,41.19,On Head
435897,3.1915,9.8162,-1.3551,10.5344,-17.8168,19.7252,41.05,On Head
435947,4.8650,8.6359,-1.5155,4.9313,-19.0840,42.6870,40.86,On Head
435997,5.5545,9.4284,-2.6384,24.2290,-6.3511,18.2595,41.24,On Head
436047,4.9416,8.9591,-1.7957,-10.5038,-0.7481,14.0153,40.95,On Head
436097,3.7493,10.4076,-0.7470,-10.1527,-7.9237,26.0763,40.91,On Head
436147,3.2370,7.3143,1.4365,-44.5496,-58.5649,35.6947,41.05,On Head
436197,5.7581,6.5386,-0.2059,29.5267,-56.0000,-20.2901,40.72,On Head
436247,4.6926,10.2472,-2.4852,51.8168,-19.2519,15.8321,40.95,On Head
436297,5.6767,10.5225,-3.1244,16.5802,2.9008,33.8321,40.86,On Head
436347,5.2529,9.2225,-2.3463,10.9008,16.2748,28.0153,40.86,On Head
436397,4.0677,9.6391,-1.3216,-4.7634,11.9695,22.6107,40.95,On Head
436447,6.2584,9.1243,-1.8459,3.7557,5.5267,50.7481,41.09,On Head
436497,6.4787,7.8721,-1.4700,2.9466,24.9008,45.4962,40.95,On Head
436547,6.8235,7.6399,-1.6903,5.2519,19.4962,46.6107,41.05,On Head
436597,6.9049,7.3382,-2.0877,5.2672,25.7557,42.3206,41.09,On Head
436647,6.3590,6.6200,-1.4078,10.4122,17.1603,26.7634,40.95,On Head
436697,7.4460,6.4117,-2.2338,10.7023,6.0458,8.5802,40.91,On Head
436747,5.8275,7.6758,-2.0710,21.3893,16.6107,-7.6947,40.91,On Head
436797,5.7174,8.6718,-2.1069,4.3664,1.8321,1.9847,40.95,On Head
436847,5.4324,8.8274,-2.1308,-6.0458,9.4809,27.1450,40.77,On Head
436897,7.4316,6.2896,-1.7166,-4.5649,-3.9542,27.7252,41.24,On Head
436947,7.9296,6.2680,-2.2649,-14.2901,3.8779,19.3130,40.95,On Head
436997,6.8642,5.9951,-2.0446,10.7634,3.1756,6.1679,41.28,On Head
437047,7.0653,6.6702,-2.2577,4.3053,5.0382,7.7405,41.09,On Head
437097,5.8610,7.7572,-1.9656,12.0763,10.2901,13.3130,41.09,On Head
437147,6.6535,6.9599,-2.5450,2.9924,4.6107,41.5420,40.95,On Head
437197,7.1706,6.8690,-2.3990,1.1298,15.7557,40.9160,40.95,On Head
437247,7.5920,5.0925,-1.3886,-10.8244,13.3130,37.8168,40.91,On Head
437297,7.1299,5.8754,-0.7326,4.3664,3.9542,33.1145,41.19,On Head
437347,8.8705,4.9967,-1.1349,1.2061,4.5038,40.5954,40.91,On Head
437397,9.1602,5.6455,-1.8842,10.3664,7.2824,30.8702,40.95,On Head
437447,9.4619,5.1834,-1.9034,-1.9084,13.1603,33.5420,40.67,On Head
437497,9.3709,4.3598,-1.7406,-2.1679,14.5802,27.4351,41.19,On Head
437547,9.2296,4.1420,-1.4509,-4.1679,13.4504,19.4198,40.91,On Head
437597,9.5122,4.5131,-1.1660,-7.2519,7.8473,17.6031,40.91,On Head
437647,10.4579,2.9401,-1.2833,-4.3969,5.9237,4.4427,41.09,On Head
437697,9.1099,4.6424,-1.2378,-3.3130,8.2901,-7.6489,40.95,On Head
437747,8.3007,4.9368,-1.1396,-1.0382,9.7863,-1.9084,41.05,On Head
437797,8.3414,4.8507,-1.1229,0.1527,11.4046,3.2061,40.77,On Head
437847,8.6957,4.4149,-1.3072,-3.3435,14.8092,11.2519,40.86,On Head
437897,8.6072,4.0797,-0.6393,-5.2824,10.7481,7.6489,41.19,On Head
437947,8.5856,4.4843,-0.3376,-4.9313,11.0840,9.0534,41.05,On Head
437997,9.1650,4.0270,-0.7039,2.0611,4.9008,6.7176,40.95,On Head
438047,9.3613,4.2856,-0.6057,-8.1679,-1.9847,11.0687,40.91,On Head
438097,9.6941,4.0582,-0.8212,-5.0534,-2.7328,11.5878,41.05,On Head
438147,9.7205,3.8283,-0.8045,-3.6641,-1.7252,9.0382,40.72,On Head
438197,9.6678,4.0175,-1.4126,-4.2137,4.2901,10.9466,40.86,On Head
438247,9.6103,3.3662,-0.8547,-5.8779,8.7481,11.1908,40.91,On Head
438297,9.3278,3.4213,-0.5578,-3.7099,10.1069,9.3130,40.91,On Head
438347,9.6558,3.6152,-0.4142,-10.5038,9.1908,8.7786,40.67,On Head
438397,9.6582,3.1723,-0.1341,-5.8168,6.0458,5.1908,40.95,On Head
438447,9.5170,3.3016,-0.0551,-0.3359,2.7634,-0.7939,41.24,On Head
438497,9.2033,3.7876,-0.2777,-1.2061,-0.9008,-0.4275,41.09,On Head
438547,9.4954,3.4189,-0.5507,0.5802,-1.9084,-0.8092,40.95,On Head
438597,9.4332,3.5865,-0.4166,-2.5954,-2.4122,-0.7023,41.05,On Head
438647,9.5385,3.6966,-0.5124,-0.1985,-0.9771,-0.6412,40.86,On Head
438697,9.5960,3.4596,-0.6057,-1.6947,-1.3740,-0.7328,40.95,On Head
438747,9.3709,3.6296,-0.5626,-2.8397,-0.6107,-1.0229,41.24,On Head
438797,9.4260,3.6248,-0.5674,-3.5878,-0.3969,0.9313,41.05,On Head
438847,9.5744,3.4405,-0.4812,-3.0382,0.1374,0.0916,40.95,On Head
438897,9.4619,3.5913,-0.4549,-2.8244,-0.4733,-0.3206,41.05,On Head
438947,9.3637,3.7086,-0.4932,-1.9542,0.6718,-0.3817,41.09,On Head
438997,9.5217,3.4764,-0.5219,-3.1908,-0.3053,-0.5191,40.77,On Head
439047,9.3948,3.7541,-0.5100,-2.7023,0.3206,0.3206,40.91,On Head
439097,9.5577,3.4596,-0.5315,-3.0076,1.0840,0.5038,41.09,On Head
439147,9.5122,3.5841,-0.5195,-2.3359,0.3664,-0.0153,40.77,On Head
439197,9.4140,3.4955,-0.4956,-2.9771,0.4580,0.1374,41.05,On Head
439247,9.3925,3.6488,-0.4645,-2.5649,0.2595,-1.4504,40.95,On Head
439297,9.4116,3.6679,-0.5578,-2.9008,0.6412,0.5649,41.05,On Head
439347,9.5026,3.4692,-0.4741,-2.2137,1.3435,0.6565,41.24,On Head
439397,9.4499,3.6129,-0.4621,-2.7176,0.6718,-1.0534,41.19,On Head
439447,9.4092,3.5913,-0.4669,-1.8168,-0.0153,-0.6565,40.95,On Head
439497,9.4140,3.5793,-0.4788,-2.8855,-0.0611,-0.8092,41.05,On Head
439547,9.5936,3.4285,-0.4693,-1.1908,0.2443,-2.9924,41.05,On Head
439597,9.4667,3.7230,-0.5914,-2.5802,-0.1679,-0.9466,40.95,On Head
439647,9.4523,3.5219,-0.6129,-2.9924,0.2748,-2.6260,40.91,On Head
439697,9.3781,3.7038,-0.4501,-2.2137,0.6107,-1.4198,40.95,On Head
439747,9.3685,3.6799,-0.5818,-1.4962,1.7099,-1.8779,40.95,On Head
439797,9.2608,3.7613,-0.3687,-3.5573,0.3511,-0.2290,40.91,On Head
439847,9.3925,3.7541,-0.4573,-1.4656,0.8550,-0.0305,40.91,On Head
439897,9.5313,3.5267,-0.5243,-3.8015,-0.3817,1.0229,40.95,On Head
439947,9.3853,3.7158,-0.5531,0.2443,-0.0153,-0.5496,41.24,On Head
439997,9.4092,3.5578,-0.6081,-2.3359,0.5802,-1.1603,41.05,On Head
440047,9.4284,3.5075,-0.4310,-2.9924,-0.8092,-1.3435,40.67,On Head
440097,9.4762,3.8427,-0.6393,-1.5267,-0.0153,-1.5573,40.95,On Head
440147,9.4164,3.6799,-0.5555,-4.0000,0.8702,-1.0076,41.19,On Head
440197,9.4188,3.8020,-0.5483,-1.4656,2.2443,-0.6107,41.05,On Head
440247,9.3829,3.5745,-0.4046,-2.4275,1.1145,-0.9466,41.24,On Head
440297,9.3087,3.8810,-0.4860,-3.5420,0.3664,0.1679,41.19,On Head
440347,9.4092,3.7373,-0.4525,-2.0000,1.3740,-0.0763,41.05,On Head
440397,9.5457,3.3782,-0.4118,-2.0153,1.4809,-2.1374,41.19,On Head
440447,9.3877,3.9097,-0.5578,-0.6412,1.1298,-2.9618,40.91,On Head
440497,9.4140,3.7326,-0.5650,-3.6336,0.7023,-0.8855,40.91,On Head
440547,9.2512,3.8714,-0.4788,-1.3893,2.0916,-0.9313,40.91,On Head
440597,9.3925,3.6440,-0.4764,-5.5115,0.3206,0.9160,40.95,On Head
440647,9.2871,3.8810,-0.3759,-1.4351,0.5649,0.2443,41.24,On Head
440697,9.5385,3.4788,-0.3256,-2.8397,-0.3969,-2.0458,40.95,On Head
440747,9.3206,3.9313,-0.6009,-1.3588,-0.7481,0.0153,41.09,On Head
440797,9.3398,3.7541,-0.5195,-2.9618,0.6412,-1.2061,41.24,On Head
440847,9.4284,3.8259,-0.5818,-2.7481,0.9771,1.3588,41.09,On Head
440897,9.4308,3.7661,-0.4860,-3.6947,1.9542,0.3359,40.91,On Head
440947,9.2584,3.8499,-0.3567,-2.5954,1.7863,1.5725,41.05,On Head
440997,9.3637,3.6105,-0.3735,-2.5802,1.1908,0.4733,40.86,On Head
441047,9.3709,3.7757,-0.4597,-2.6870,0.1985,1.7557,41.05,On Head
441097,9.4954,3.6392,-0.4405,-2.9771,0.7328,-0.3053,40.91,On Head
441147,9.4715,3.6488,-0.4381,-1.8626,0.3664,0.2901,41.28,On Head
441197,9.4212,3.7757,-0.4621,-2.7176,0.7176,-0.1374,41.05,On Head
441247,9.4260,3.7254,-0.4094,-0.7634,1.1603,-0.4885,41.24,On Head
441297,9.4140,3.6871,-0.5100,-1.5267,0.4427,-0.0458,40.95,On Head
441347,9.3709,3.7254,-0.4549,-3.2672,0.2901,0.6412,40.95,On Head
441397,9.5481,3.6009,-0.4764,-1.1603,1.0382,-0.4427,40.91,On Head
441447,9.3494,3.7493,-0.4549,-4.9924,0.6260,0.9771,40.95,On Head
441497,9.4691,3.6512,-0.3687,-1.1298,1.3130,-0.9771,40.91,On Head
441547,9.3948,3.6919,-0.4334,-3.4656,0.9771,-0.3817,40.91,On Head
441597,9.3254,3.7469,-0.2610,-1.9847,0.0763,0.0153,40.77,On Head
441647,9.4595,3.6966,-0.4286,-4.4733,-0.2443,0.0153,40.95,On Head
441697,9.3972,3.7014,-0.3879,-2.0763,0.4275,-0.1527,41.05,On Head
441747,9.4332,3.7038,-0.4884,-2.9466,0.2595,0.0763,41.28,On Head
441797,9.4188,3.6943,-0.3687,-1.7252,0.6565,0.0000,40.95,On Head
441847,9.3637,3.7613,-0.3974,-2.0153,0.3359,0.7328,40.86,On Head
441897,9.3877,3.6272,-0.4286,-5.2824,-0.3511,-0.8550,41.09,On Head
441947,9.6127,3.7086,-0.4525,-4.3664,0.2901,1.0534,40.77,On Head
441997,9.6941,3.3710,-0.2993,-0.6412,0.7634,-3.6183,40.86,On Head
442047,9.8497,3.7445,-0.3759,-3.2061,-0.9313,-3.2061,40.91,On Head
442097,10.1059,3.0765,-0.2298,-2.2901,-1.4046,-10.1374,40.95,On Head
442147,9.4308,3.9073,-0.6297,1.9847,1.1298,-16.7176,41.19,On Head
442197,9.2775,4.0486,-0.2945,-11.5725,-11.6489,-16.9313,41.19,On Head
442247,9.3757,3.5817,-0.1915,-5.9847,-20.9313,-26.3206,40.91,On Head
442297,9.2584,4.4197,-0.7518,-5.9847,-30.6412,-35.2214,41.05,On Head
442347,8.0637,4.9704,-0.6584,-13.6794,-39.5878,-29.1145,40.95,On Head
442397,7.9296,5.0853,-0.9026,-12.6107,-48.0000,-22.2443,40.95,On Head
442447,7.8003,5.1116,-1.4389,-8.9618,-57.5115,-22.8550,41.05,On Head
442497,7.9296,5.2313,-1.9728,-25.3893,-67.4657,-21.0992,41.05,On Head
442547,7.2329,5.0589,-1.9561,-11.8626,-81.4962,-18.5649,41.19,On Head
442597,7.7093,5.7581,-3.1340,-8.5802,-82.9008,-24.1527,40.86,On Head
442647,7.4819,6.1411,-4.0558,-10.7481,-79.2366,-19.0229,40.91,On Head
442697,6.9767,6.0142,-4.1731,-23.9695,-66.0000,-20.7939,41.05,On Head
442747,7.0102,6.7780,-4.8028,-15.7557,-51.1756,-14.4122,40.95,On Head
442797,5.5162,5.8778,-3.5219,-37.4656,-32.7481,-17.0992,40.77,On Head
442847,5.7533,6.2417,-3.5937,-1.0687,-38.6107,-5.3130,40.86,On Head
442897,5.3846,5.8873,-3.4213,1.7863,-39.3130,-19.2672,40.95,On Head
442947,5.2194,6.4572,-4.7836,18.9008,-47.9695,-15.9847,40.95,On Head
442997,5.9400,6.9288,-6.1890,6.2290,-25.3740,-8.4885,41.24,On Head
443047,5.5689,6.6631,-6.0645,-0.7176,-8.2290,-4.5344,40.91,On Head
443097,5.3941,6.7636,-5.8778,-1.2366,7.1603,0.2595,41.09,On Head
443147,5.0973,6.6990,-5.3439,-11.1298,11.0534,4.9466,40.86,On Head
443197,5.5091,6.6248,-5.3750,-9.6336,7.4198,11.4504,41.19,On Head
443247,6.1986,6.1914,-5.5138,-9.7710,17.1756,-4.8092,40.95,On Head
443297,5.6575,6.5505,-5.0733,-23.2977,15.4656,5.3282,40.95,On Head
443347,6.8929,6.3949,-4.9775,-22.7328,29.7099,-7.2214,40.95,On Head
443397,6.8809,6.3255,-5.1882,-1.0534,63.2214,5.7252,41.24,On Head
443447,7.6734,5.7197,-4.0773,10.0305,102.2901,1.2519,40.95,On Head
443497,6.3877,6.5841,-4.7669,47.7405,185.1298,16.7176,41.09,On Head
443547,6.3063,6.7086,-3.5003,10.1374,125.8321,-14.0305,40.91,On Head
443597,6.6870,6.6415,-1.8794,-12.8244,85.9084,-10.7176,41.05,On Head
443647,9.3996,7.5417,-2.7318,-10.9008,111.0534,-9.5115,41.09,On Head
443697,9.4739,5.0206,-1.9465,-1.8779,180.6565,-22.3664,41.24,On Head
443747,5.6000,6.1076,0.9529,17.7710,158.0611,-12.6260,40.95,On Head
443797,5.7054,7.2065,1.2043,28.5038,118.7481,-17.7863,40.95,On Head
443847,4.7812,6.4356,2.8874,-0.8092,72.8855,-19.0534,41.05,On Head
443897,3.8786,8.7125,3.3112,8.7481,41.7710,-8.0000,40.91,On Head
443947,5.8466,6.9911,2.5881,7.1450,12.3817,-2.5496,40.95,On Head
443997,7.0533,7.0150,2.2434,-3.6031,1.6336,1.4656,41.05,On Head
444047,7.0078,6.9025,2.2984,16.6565,21.6641,-2.4275,41.09,On Head
444097,6.4739,7.9799,2.5091,-2.3053,16.1679,10.8855,41.05,On Head
444147,6.8714,7.1299,2.7869,-2.4580,5.8168,4.0000,41.28,On Head
444197,7.0677,7.3095,2.7701,-14.1679,-1.5115,13.8015,40.95,On Head
444247,7.4172,5.7796,2.6624,7.0229,1.1145,-0.7328,41.05,On Head
444297,6.9312,7.4675,2.4876,-2.6107,-3.9084,7.4809,40.95,On Head
444347,6.7804,7.0940,2.7318,-4.4733,-5.8626,1.9542,40.95,On Head
444397,6.7157,7.1826,2.7318,-9.8015,-18.4275,6.4733,40.95,On Head
444447,6.5194,6.1100,2.5857,-5.5878,-43.6947,-20.5649,41.05,On Head
444497,3.1484,8.8107,3.1651,-33.5878,-128.4275,-13.1603,40.95,On Head
444547,8.2313,6.5721,-0.4142,-46.3206,-179.2214,-17.0076,41.24,On Head
444597,5.9496,8.2480,-1.1660,-60.9313,-174.1832,-15.3282,40.95,On Head
444647,6.9504,7.7165,-1.2522,-55.1298,-117.6489,12.7939,41.09,On Head
444697,7.8386,5.9759,-0.3735,-18.7328,-71.3435,40.1985,41.05,On Head
444747,7.9535,5.7030,0.3855,6.7939,-35.4809,53.3588,40.86,On Head
444797,7.0940,4.6831,2.3631,25.2672,-31.3435,42.1985,41.42,On Head
444847,5.8514,3.3423,1.9824,72.9008,-86.6870,22.4886,41.05,On Head
444897,9.4068,2.9113,-3.5626,113.1450,-99.4962,9.1756,41.05,On Head
444947,11.3437,6.0956,-8.4252,97.3893,-29.2824,-15.3282,41.05,On Head
444997,9.9599,7.1084,-9.6678,35.1908,23.8015,-25.9542,40.95,On Head
445047,7.6231,6.6248,-7.2903,-18.0305,40.0611,-29.5878,40.95,On Head
445097,6.5841,6.2130,-5.1092,-31.8168,42.4122,-16.6565,41.19,On Head
445147,6.4548,6.0262,-3.9456,-38.7176,40.5496,-11.6947,40.95,On Head
445197,5.6192,5.5330,-2.5187,-35.0534,24.9160,-3.4809,40.77,On Head
445247,6.2656,6.3662,-2.0901,-31.0687,9.2672,-3.1450,40.95,On Head
445297,6.6080,5.7197,-0.2729,-35.4504,-8.0611,-0.2443,40.95,On Head
445347,7.7189,4.7884,-0.3950,23.2366,-34.2901,-18.7328,41.19,On Head
445397,8.6024,6.6631,-3.1244,5.9847,-31.9389,-23.1450,41.19,On Head
445447,6.1316,6.1172,-2.7701,2.2748,-21.7099,-18.7786,41.09,On Head
445497,6.3279,7.2832,-3.3519,-4.8244,-24.1832,-8.6412,40.95,On Head
445547,7.2449,7.9104,-4.1683,-30.1527,-9.6641,11.0382,40.91,On Head
445597,6.3973,6.6104,-2.8706,-42.9160,-41.6336,-4.1832,40.91,On Head
445647,7.3550,6.2034,-2.6001,-23.0382,-37.3893,6.2137,40.91,On Head
445697,7.2784,5.0278,-3.1795,12.4885,-17.1908,-23.3435,41.09,On Head
445747,5.4324,7.4340,-3.2896,0.9924,-18.2595,-17.3282,41.24,On Head
445797,6.5457,8.2911,-3.4429,-19.3130,-32.8397,3.6794,41.05,On Head
445847,9.8928,6.2560,-3.9025,-27.4962,-32.8855,8.2901,41.09,On Head
445897,8.3989,5.0494,-3.6009,-3.3893,-8.6870,-54.1985,41.09,On Head
445947,6.4691,8.0110,-4.7190,1.3282,-7.9084,-75.7710,41.09,On Head
445997,4.4867,8.0828,-3.8786,-27.6336,-13.3435,-68.1527,40.86,On Head
446047,4.4700,9.6726,-4.4676,-29.7099,-13.6947,-48.9160,41.24,On Head
446097,3.6799,8.2480,-3.6536,-48.5038,-35.0534,-32.4275,40.95,On Head
446147,4.6376,9.0501,-4.0294,-42.8702,-19.0534,-51.3893,40.91,On Head
446197,3.8044,8.7388,-3.3710,-42.6260,-13.2214,-41.2824,41.19,On Head
446247,2.8012,8.6191,-2.5474,-34.2901,0.3053,-41.2977,41.19,On Head
446297,1.9728,9.7540,-2.4636,-34.2595,-6.9313,-15.3893,40.91,On Head
446347,2.3894,8.8729,-2.3152,-44.9924,-15.3435,6.6412,41.05,On Head
446397,4.1372,9.7899,-2.8683,-38.4733,-9.4046,-32.3664,41.19,On Head
446447,2.3774,9.9934,-1.5371,-51.7099,-3.5725,-35.0076,40.95,On Head
446497,2.3248,9.2464,-0.8092,-42.9160,-1.5267,-26.2748,41.05,On Head
446547,1.6017,9.2799,-0.2394,-31.1756,7.7710,-27.8015,41.19,On Head
446597,0.8595,9.1411,0.0694,-24.1221,4.3817,-23.4046,40.95,On Head
446647,0.8499,8.8322,0.4142,-22.4733,-1.8931,-20.5038,40.77,On Head
446697,0.3735,9.4451,-0.3831,-4.2290,-14.3206,-12.4885,41.05,On Head
446747,0.9122,9.6678,-0.8715,-16.6107,-12.5802,-1.2977,41.09,On Head
446797,1.0463,9.6606,-1.0032,-2.5802,-5.9237,-1.3740,40.91,On Head
446847,1.1708,10.3956,-1.2833,-15.1145,9.8473,-6.7634,41.19,On Head
446897,-0.3160,10.6135,-0.5028,-14.5191,7.1145,4.1679,40.91,On Head
446947,0.7494,10.0413,-0.7566,-19.4504,-10.3206,13.3588,40.86,On Head
446997,1.6855,10.2113,-1.1349,-14.3817,2.9618,16.4580,41.38,On Head
447047,1.8100,9.7875,-0.9409,-20.1527,9.5878,8.0611,40.95,On Head
447097,1.7933,9.6726,-0.6081,-25.6031,19.0229,5.8779,40.95,On Head
447147,1.7645,9.6055,-0.2586,-31.9542,25.1450,5.6031,41.19,On Head
447197,1.3120,10.1801,0.1556,-27.9847,28.1679,-4.5954,40.95,On Head
447247,0.7925,9.9120,1.0199,-46.1985,18.4580,-4.6870,40.95,On Head
447297,1.2139,9.1339,1.9609,-51.5115,8.2137,6.3817,41.24,On Head
447347,1.5395,8.5976,3.2872,-52.5954,8.7023,3.6183,41.09,On Head
447397,1.3862,8.4779,4.0270,-22.0000,2.3053,-0.7481,40.95,On Head
447447,1.7142,9.4762,3.1005,-12.6260,4.0153,3.8626,40.91,On Head
447497,1.6903,9.6893,3.1268,-25.0382,5.1450,-0.1069,40.86,On Head
447547,0.7997,9.6702,3.6440,-28.0153,-0.7939,-2.8092,40.86,On Head
447597,0.7039,8.8178,4.7357,-23.9542,-9.6794,9.2977,41.19,On Head
447647,1.4557,8.3007,4.8937,1.4809,-12.4122,20.2137,41.28,On Head
447697,1.5874,8.7628,4.9967,6.2901,-13.2824,27.8931,41.42,On Head
447747,2.0351,8.4851,4.5322,9.8931,-27.0534,17.2824,41.19,On Head
447797,2.6121,8.8202,4.0007,10.5344,-30.0458,12.0763,41.28,On Head
447847,2.7294,8.7293,3.7278,15.3130,-25.4046,8.7634,40.91,On Head
447897,2.9425,9.5481,3.3806,16.5344,-20.9618,4.3359,41.24,On Head
447947,2.3798,8.9878,3.1747,13.1145,-22.0916,-4.9618,41.24,On Head
447997,2.2505,9.5289,2.8443,2.4427,-29.6183,-15.0687,41.38,On Head
448047,1.9992,9.4954,2.4253,2.3969,-27.2214,-18.7634,41.09,On Head
448097,2.0830,9.4332,2.1787,0.0763,-24.4122,-8.8397,40.95,On Head
448147,2.6121,9.3494,1.5897,11.8015,-16.8244,-8.8092,40.86,On Head
448197,2.6887,10.2496,1.0918,6.8244,-3.3588,-11.0534,40.95,On Head
448247,2.2936,10.0269,1.2186,3.6489,2.4427,-9.2977,40.95,On Head
448297,2.0686,10.1610,1.3958,-5.5878,4.2443,-9.3282,40.95,On Head
448347,1.6807,9.8761,1.7454,-7.6947,4.0000,-6.2901,41.09,On Head
448397,1.4820,10.3094,1.9704,-3.2519,6.2748,4.0458,41.24,On Head
448447,1.4844,9.9359,1.9441,-1.9542,6.5649,13.6031,40.95,On Head
448497,1.8962,9.7803,1.7813,-1.7863,-3.4656,14.5954,41.05,On Head
448547,2.3367,9.3925,1.7119,-0.0458,-9.8931,11.1603,40.95,On Head
448597,2.6695,9.6917,1.6113,0.3511,-13.2061,-2.9160,41.19,On Head
448647,2.4014,9.9647,1.6975,-4.7939,-11.9389,-14.1069,41.19,On Head
448697,1.6257,9.7324,2.1452,-8.2443,-15.0840,-10.6260,40.95,On Head
448747,1.6233,9.4475,2.3224,-4.9160,-22.9466,-5.5725,40.86,On Head
448797,1.5083,9.2608,2.3080,-3.8015,-32.3969,-7.9542,40.91,On Head
448847,1.4078,10.0772,2.2051,-20.1832,-57.8626,-8.4580,40.86,On Head
448897,1.2163,9.8234,2.3056,-23.7557,-77.5267,-15.6031,41.24,On Head
448947,1.8316,9.9264,1.6879,-33.0992,-97.2977,-10.6718,41.28,On Head
448997,4.1204,10.5943,0.8523,-34.1374,-64.5343,-8.4580,41.24,On Head
449047,3.8331,9.1866,2.2075,-12.2595,-15.1450,-4.9771,41.19,On Head
449097,2.5786,9.1411,2.7102,19.7252,8.7328,-2.0611,41.05,On Head
449147,2.2529,9.3901,2.0351,29.4351,18.2748,1.0076,40.77,On Head
449197,2.3703,9.6606,1.4030,26.6870,27.0382,8.5649,40.91,On Head
449247,2.5163,9.2057,1.2905,20.7939,36.5038,8.1221,41.19,On Head
449297,2.6432,9.6965,0.9026,28.3511,48.7481,5.6641,40.95,On Head
449347,2.5929,9.7109,0.6273,31.3740,59.9542,4.2137,40.95,On Head
449397,2.9233,9.9838,-0.3496,33.5573,72.4275,2.3664,41.05,On Head
449447,3.2465,10.8769,-1.3838,19.1145,99.4962,6.7786,40.91,On Head
449497,2.3918,10.1394,-0.6776,-5.2519,107.3282,-9.2519,41.19,On Head
449547,0.9457,9.9024,0.8811,-20.3511,94.3817,-16.5954,40.95,On Head
449597,0.5219,10.0245,1.7166,-24.5344,72.4427,-7.9695,41.24,On Head
449647,0.6009,9.5217,2.4876,-21.5267,49.9084,-5.4198,41.05,On Head
449697,0.4621,9.3733,3.0765,-24.7328,17.9389,-0.7786,41.05,On Head
449747,1.6352,9.3781,3.0358,-16.4733,-5.2672,-2.1221,41.19,On Head
449797,1.8914,9.5648,2.8802,-15.5267,-12.3511,-17.5114,40.91,On Head
449847,1.2641,9.8234,2.8132,-13.6794,-11.3435,-12.7328,41.05,On Head
449897,1.3024,10.0078,2.7390,-4.1985,-7.7405,-2.9160,40.95,On Head
449947,1.5610,9.7420,2.5690,1.3893,-5.1450,2.5802,40.95,On Head
449997,1.6185,9.7923,2.4565,0.8397,-3.8626,1.0076,40.91,On Head
450047,1.5850,9.6798,2.4469,0.4733,-5.5725,1.6336,40.95,On Head
450097,1.7358,9.7324,2.3822,-2.1679,-5.2977,1.1756,40.95,On Head
450147,1.7813,9.6247,2.3535,-2.5344,-2.4427,1.2061,40.77,On Head
450197,1.7693,9.6199,2.3966,-3.6794,-1.0229,0.2290,40.86,On Head
450247,1.8747,9.6654,2.5546,-5.7863,1.9237,-0.3511,41.28,On Head
450297,1.6257,9.6367,2.6193,-2.1832,2.8855,-3.1603,40.77,On Head
450347,1.4533,9.7731,2.6360,-2.2901,1.5573,-4.2595,41.28,On Head
450397,1.1636,9.8593,2.6049,-1.7405,-0.3817,-3.0534,40.95,On Head
450447,1.2570,9.8665,2.4445,-2.4122,-4.4427,1.2824,40.95,On Head
450497,1.6352,9.6702,2.4780,-2.6260,-2.9008,2.1221,40.95,On Head
450547,1.7382,9.4427,2.4229,0.8397,-2.3511,-0.9924,41.24,On Head
450597,1.8531,9.5840,2.2960,1.1603,0.1832,-4.4580,40.91,On Head
450647,1.8387,9.5505,2.1261,7.2824,7.0840,-10.9008,41.05,On Head
450697,2.2721,9.5505,1.8651,5.5573,16.8092,-17.7863,41.09,On Head
450747,2.0925,9.3350,2.1261,5.8168,34.6565,-27.9389,40.67,On Head
450797,0.9816,9.4691,2.0710,14.3817,44.6107,-31.4351,40.91,On Head
450847,0.0575,10.2328,1.9704,14.5038,39.4962,-21.6336,40.95,On Head
450897,-0.2825,10.0748,2.0183,11.1603,31.2977,-13.8779,41.19,On Head
450947,0.0072,10.1179,1.7190,8.9008,21.4656,-10.5649,40.95,On Head
450997,-0.0383,10.0365,1.6831,5.0687,16.5954,-9.4198,40.95,On Head
451047,-0.1532,10.0533,1.6065,1.7099,11.6489,-6.1221,41.05,On Head
451097,0.0000,10.1203,1.5036,-2.8397,10.9924,-3.9847,40.91,On Head
451147,-0.0742,9.9790,1.5562,-1.5267,8.0763,-2.6870,41.05,On Head
451197,-0.1508,9.8474,1.6640,-4.7786,8.0763,-3.9695,40.95,On Head
451247,-0.1604,9.8928,1.7095,-4.8244,6.3359,-2.8855,41.19,On Head
451297,-0.3974,9.8641,1.9465,-2.8244,2.1527,-2.6412,41.09,On Head
451347,-0.5794,9.9862,1.9776,-1.6336,-4.6718,-0.4427,40.95,On Head
451397,-0.6488,9.9958,1.9106,-1.8015,-13.1145,2.7023,40.95,On Head
451447,-0.4980,10.1275,1.7837,-1.4198,-20.0153,8.3206,41.28,On Head
451497,-0.2274,9.9814,1.6400,-4.2137,-25.7557,12.5649,41.09,On Head
451547,0.1915,9.7755,1.6759,-6.1527,-27.9695,12.0153,41.19,On Head
451597,0.1580,10.0940,1.6855,-3.5573,-28.4275,12.5649,41.09,On Head
451647,0.3974,9.8186,1.7980,-5.1298,-28.2595,11.0840,41.19,On Head
451697,0.4812,9.9072,1.6783,-5.5115,-28.6565,10.7023,40.95,On Head
451747,0.6201,9.9503,1.6999,-6.2137,-27.1603,11.4962,40.91,On Head
451797,0.7039,10.0413,1.7957,-9.4198,-26.8244,14.4733,40.91,On Head
451847,0.9218,9.7707,1.8316,-6.2595,-26.4122,14.0611,40.91,On Head
451897,1.1803,9.9240,1.6592,-5.2214,-24.2748,15.4351,40.95,On Head
451947,1.3336,9.7348,1.6855,-4.6565,-20.0611,13.5420,41.24,On Head
451997,1.5083,9.8689,1.7071,-3.6489,-19.7099,12.7328,40.91,On Head
452047,1.6664,10.1203,1.6472,-8.0000,-16.2290,11.5725,41.09,On Head
452097,1.5874,9.7420,1.8890,-6.9771,-14.9924,12.7634,41.05,On Head
452147,1.6759,9.7851,1.8962,-6.3053,-16.0763,9.5725,41.24,On Head
452197,1.8603,9.6726,1.9944,-4.9313,-17.2977,9.9084,40.95,On Head
452247,2.2529,9.5385,1.8938,-4.0305,-15.2366,10.2290,40.95,On Head
452297,2.3966,9.4236,1.9417,-2.5954,-8.7786,9.4351,40.86,On Head
452347,2.4229,9.5720,1.8842,1.9542,-4.6260,6.7939,41.05,On Head
452397,2.2098,9.5385,1.8651,2.1832,-5.2061,4.0916,40.77,On Head
452447,2.2482,9.6678,1.7573,0.5496,-9.9237,1.7557,40.95,On Head
452497,2.3176,9.6606,1.6664,1.2519,-10.0916,-0.1527,41.19,On Head
452547,2.5690,9.6726,1.5993,1.2366,-7.7252,-1.0534,40.95,On Head
452597,2.4828,9.6798,1.5610,0.4122,-3.9389,-0.1374,40.95,On Head
452647,2.4181,9.7181,1.4844,0.0916,-3.0076,-1.6947,40.95,On Head
452697,2.3822,9.7276,1.3479,-4.3053,-4.9466,-2.3359,41.05,On Head
452747,2.4612,9.7612,1.4341,-11.8626,-5.3130,-6.6718,41.05,On Head
452797,2.3391,9.5265,1.7334,-15.0534,-4.1221,-9.4504,40.86,On Head
452847,2.2745,9.5481,1.8866,-9.9237,-1.5267,-12.1069,40.95,On Head
452897,1.9872,9.8162,1.9106,-5.9542,2.3206,-10.1527,40.95,On Head
452947,1.8316,9.8114,1.9249,-4.1221,5.5878,-9.0534,41.05,On Head
452997,1.7238,9.9790,1.9752,-9.3588,7.3130,-4.6260,41.05,On Head
453047,1.3431,9.6774,2.7869,-17.6183,2.1527,-3.9847,41.38,On Head
453097,1.1923,9.3781,3.1508,-11.1450,-15.3435,-1.2214,41.19,On Head
453147,1.8579,9.4164,2.6624,-2.3053,-32.6870,-5.7710,40.95,On Head
453197,2.3032,9.7516,2.1739,-5.0076,-32.3206,-12.5344,40.86,On Head
453247,1.9824,9.7109,2.1500,-2.1832,-23.1756,-16.9466,40.72,On Head
453297,1.3743,9.8809,2.1213,3.5725,-14.9313,-16.3359,40.91,On Head
453347,0.9792,10.0341,1.8723,7.5420,-9.8626,-8.5496,41.09,On Head
453397,1.2210,9.8497,1.5299,8.5802,-5.3740,-1.7252,41.09,On Head
453447,1.1492,9.9192,1.5897,4.8397,-3.2977,-2.2748,41.24,On Head
453497,1.2450,9.7396,1.7334,-0.0153,-9.5420,-3.7557,40.77,On Head
453547,1.8555,10.1418,1.2809,2.7786,-7.0840,-0.3206,40.95,On Head
453597,1.9082,10.1706,1.4485,-3.7099,4.3053,-1.8015,40.91,On Head
453647,1.2234,9.7444,2.0327,-2.2595,4.1527,-5.6183,41.19,On Head
453697,1.0870,9.9096,1.8004,3.0687,-1.4656,-5.3282,40.95,On Head
453747,1.2163,9.7899,1.4437,3.5267,0.6565,-1.0992,41.24,On Head
453797,1.1301,9.7205,1.4724,3.0229,-2.7176,-2.2901,40.95,On Head
453847,1.5658,9.9311,0.9768,3.2672,5.6489,-3.5115,41.19,On Head
453897,1.1564,9.9479,0.8284,4.9618,13.2672,-5.2672,41.09,On Head
453947,0.9385,10.3022,0.8356,1.5878,14.7939,-2.5191,41.19,On Head
453997,0.8308,10.1873,0.8787,-3.8015,14.4885,-0.6107,41.05,On Head
454047,0.7254,10.2065,0.8787,-7.6031,9.3740,0.4427,41.24,On Head
454097,1.0223,10.1203,1.0582,-13.6489,10.6107,3.2061,40.86,On Head
454147,1.0798,9.8186,1.5874,-19.4504,13.4198,2.1527,40.91,On Head
454197,0.3496,9.4020,2.3104,-11.6489,6.7176,-3.1908,41.05,On Head
454247,0.6680,10.6829,1.7190,0.3206,-3.4656,3.9237,41.24,On Head
454297,1.4222,9.9886,1.8364,-15.2519,1.2061,12.7634,41.05,On Head
454347,1.6568,9.6007,2.1356,-15.3588,4.6565,6.0000,41.09,On Head
454397,1.6903,9.4571,2.2410,-10.4580,9.0992,2.5954,41.09,On Head
454447,1.4054,9.5744,2.2817,-5.6183,11.4504,-0.5954,41.24,On Head
454497,1.2881,9.7205,2.4014,-7.6794,8.4580,-0.4275,41.09,On Head
454547,1.0343,9.6582,2.5666,-6.8855,0.8550,-2.5496,41.19,On Head
454597,1.2330,9.7516,2.3966,-6.7634,-5.4656,-1.7099,41.38,On Head
454647,1.1995,9.7755,2.5211,-5.6031,-5.8473,-3.8321,41.19,On Head
454697,1.1851,9.7444,2.4181,-0.8244,-6.1069,-3.2672,41.28,On Head
454747,1.2234,9.8737,2.2434,-2.0916,-3.5420,-0.7023,41.19,On Head
454797,1.3120,9.8474,2.2553,-1.8321,-0.5191,2.2137,40.95,On Head
454847,1.3384,9.7085,2.2673,0.2901,3.1145,2.3359,40.95,On Head
454897,1.2689,9.7851,2.2027,1.0992,3.6183,2.8092,40.86,On Head
454947,1.3288,9.8234,2.1715,0.0611,2.3664,1.8015,40.91,On Head
454997,1.3024,9.8689,2.0686,-0.9008,0.6718,1.3282,41.05,On Head
455047,1.2929,9.8521,2.1380,-4.1985,-1.1603,0.2290,40.91,On Head
455097,1.3024,9.7803,2.2098,-4.3053,-1.5267,0.0153,41.05,On Head
455147,1.4341,9.7420,2.2697,-6.3359,-1.2977,0.1374,40.95,On Head
455197,1.3503,9.6414,2.4541,-5.1450,-0.5191,0.5038,40.77,On Head
455247,1.3719,9.8043,2.3798,-2.7939,-0.7786,-0.9771,41.05,On Head
455297,1.3431,9.6845,2.3104,2.0153,0.0153,-1.4351,41.05,On Head
455347,1.3288,9.8258,2.0590,-0.0305,2.9618,-0.8092,41.19,On Head
455397,1.3048,9.6774,2.1883,1.0840,2.8244,1.8931,41.19,On Head
455447,1.3743,9.7659,2.0949,3.3740,4.9771,-1.0992,41.24,On Head
455497,1.0870,9.9096,2.0135,5.6031,3.4198,-0.3053,41.05,On Head
455547,1.2761,10.0006,1.7358,3.0687,1.9542,0.7939,41.24,On Head
455597,1.2833,10.0149,1.6209,0.4885,2.7786,-0.0763,41.05,On Head
455647,1.3096,10.0580,1.6065,-4.8855,5.2061,2.0305,41.09,On Head
455697,1.3288,9.8258,1.8340,-8.9771,6.8397,2.1069,40.91,On Head
455747,1.3599,10.0748,1.7765,-8.2748,5.4351,-0.7328,41.09,On Head
455797,1.3384,9.9647,1.8244,-11.6031,9.2519,1.6183,40.86,On Head
455847,1.2785,9.9240,1.9154,-8.6412,7.8321,3.1298,41.19,On Head
455897,1.4222,10.0748,1.7980,-8.1527,8.5954,5.4656,41.09,On Head
455947,1.3455,10.1610,1.5107,-6.2290,12.6107,7.5267,41.38,On Head
455997,1.4940,10.0628,1.4988,-9.1298,18.5649,14.6107,41.05,On Head
456047,1.5730,9.8928,1.5586,-11.9237,22.9618,11.5878,40.95,On Head
456097,1.5227,9.6941,1.8962,-19.9542,26.6412,11.6489,40.91,On Head
456147,1.5514,9.5002,2.4541,-21.4962,29.0382,12.7634,41.38,On Head
456197,1.6831,9.1674,2.8994,-19.6183,33.3588,12.4427,41.28,On Head
456247,1.7214,9.2440,3.2705,-12.8855,34.5191,11.4962,41.24,On Head
456297,1.6424,9.3182,3.6057,-10.5802,33.8626,9.4809,41.05,On Head
456347,1.3431,9.2536,4.1061,-10.4885,29.9847,8.6260,41.09,On Head
456397,1.4916,9.2320,4.4867,-6.1985,24.2443,11.2672,40.95,On Head
456447,1.5706,9.3350,4.6088,-3.1298,22.5191,7.7863,41.24,On Head
456497,1.3479,9.1339,4.6735,2.6412,16.7328,11.0534,40.95,On Head
456547,1.4317,9.3494,4.4197,9.2977,9.1908,9.2977,40.95,On Head
456597,1.6281,9.4164,4.1156,4.8092,5.5725,10.1069,41.24,On Head
456647,1.7023,9.3757,3.9217,5.6031,4.1985,12.1679,40.95,On Head
456697,1.6927,9.2057,4.2258,-3.7863,0.8702,10.7634,41.09,On Head
456747,1.7286,9.2943,4.2617,-3.4351,-3.6794,10.7328,41.09,On Head
456797,1.7478,8.9328,4.4652,1.9389,-10.5038,10.6565,41.19,On Head
456847,2.0662,9.1435,4.3718,2.1527,-15.1603,10.5802,41.09,On Head
456897,2.1620,8.9112,4.3120,5.0992,-18.2901,10.7786,40.95,On Head
456947,2.3607,8.8202,4.2042,15.1450,-24.5344,7.3588,41.05,On Head
456997,2.3894,9.2680,3.5937,21.0840,-27.7710,2.2748,41.19,On Head
457047,2.2122,9.2608,3.3112,23.8015,-32.3969,5.9389,41.24,On Head
457097,2.8874,9.4810,2.5402,25.6336,-32.1832,11.8321,40.95,On Head
457147,2.9975,9.1147,2.0638,28.3511,-31.3588,9.8779,41.09,On Head
457197,2.8994,9.3230,1.4317,32.1374,-35.3740,7.3893,41.19,On Head
457247,3.0263,9.6079,0.7518,27.5420,-36.6565,12.8244,41.09,On Head
457297,3.3950,9.3087,0.3496,21.2824,-35.3740,10.6718,41.09,On Head
457347,3.7876,9.7205,-0.2298,19.0534,-28.7176,7.0534,41.19,On Head
457397,3.7852,9.4643,-0.3663,9.8473,-20.8702,4.9160,40.91,On Head
457447,3.9361,9.5720,-0.6057,7.8626,-17.4504,0.5954,41.24,On Head
457497,4.5657,10.0509,-1.2330,-11.2672,-8.9618,-4.1374,41.19,On Head
457547,3.7948,8.8609,-0.8452,-13.4351,-11.6183,-26.3206,41.24,On Head
457597,3.0095,9.6510,-0.5578,-20.3817,-13.3893,-19.9237,41.19,On Head
457647,2.8395,9.4739,-0.1437,-17.2977,-10.6260,-14.7176,40.95,On Head
457697,2.2793,9.6199,0.3208,-15.7710,-11.0992,-6.1221,41.09,On Head
457747,2.7964,9.5289,0.4741,-12.5954,-14.6565,4.4733,40.95,On Head
457797,3.4740,9.6462,0.4573,-9.7863,-7.1756,6.7176,41.05,On Head
457847,3.4596,9.5912,0.5555,-0.7786,-2.7023,4.0763,41.09,On Head
457897,3.4213,9.6079,0.4693,4.9924,2.2595,4.5344,41.24,On Head
457947,3.3351,9.5768,0.1556,8.1069,6.5344,7.1450,41.28,On Head
457997,3.1364,9.4044,0.0527,10.6412,7.4504,10.5344,41.38,On Head
458047,3.5171,9.4715,-0.3089,2.0458,7.1450,9.9084,41.24,On Head
458097,3.4285,9.4188,-0.0910,-2.6260,7.4504,7.7863,41.24,On Head
458147,3.4740,9.6343,0.1413,-9.5725,4.7328,7.1756,40.95,On Head
458197,3.4429,9.2751,0.6369,-7.0076,5.1298,7.1298,40.95,On Head
458247,3.6464,9.2296,0.5842,-5.4809,1.7099,3.0534,41.09,On Head
458297,3.8595,9.4834,0.6560,-10.4275,2.6412,1.2061,41.09,On Head
458347,3.6368,9.4212,1.0127,-7.6031,4.0000,-0.2137,41.05,On Head
458397,3.5386,9.3039,1.0463,-4.7481,-0.7786,-0.9313,41.28,On Head
458447,3.6823,9.3087,0.9385,-3.6947,-1.1603,-1.3740,41.28,On Head
458497,4.0127,9.2656,0.6967,-0.6870,4.9618,-0.2595,40.91,On Head
458547,3.6464,9.1937,0.8428,2.6260,5.5267,-3.8626,40.95,On Head
458597,3.9025,9.4427,0.4525,1.1603,4.0000,-4.7023,41.38,On Head
458647,3.8714,9.5481,0.4166,-1.8779,8.4885,-6.5649,41.24,On Head
458697,3.4405,9.4715,0.8835,-5.6794,8.0916,-8.7634,41.05,On Head
458747,3.2753,9.5385,0.8715,-2.0153,1.5573,-8.9618,41.09,On Head
458797,3.1125,9.9144,0.6752,-5.4504,-3.2824,-7.8931,41.24,On Head
458847,3.0358,9.5768,0.6345,-7.3130,-7.2061,-7.2824,40.91,On Head
458897,2.9544,9.5864,0.5004,-7.2519,-9.2824,-5.6336,40.95,On Head
458947,3.2178,9.4858,0.3519,-12.9771,-8.3359,-4.0458,40.95,On Head
458997,3.2585,9.2296,0.4812,-11.4046,-4.4733,-2.1527,41.19,On Head
459047,3.4405,9.5936,0.2921,-5.2977,1.8931,-4.8702,41.19,On Head
459097,3.0598,9.8234,0.2801,-9.6183,9.1450,-4.9466,40.95,On Head
459147,2.8802,9.9072,0.4405,-8.8092,13.2061,-1.6031,41.24,On Head
459197,2.7892,10.3358,0.5004,-11.0076,20.1527,3.2061,40.95,On Head
459247,2.6121,9.8569,1.1779,-15.0076,17.7099,9.2977,41.05,On Head
459297,3.1939,9.4164,1.4389,-12.5496,16.8092,10.7023,41.38,On Head
459347,3.3734,9.2225,1.9130,-12.2901,21.7863,5.1145,41.05,On Head
459397,2.5881,9.3278,2.5259,-10.7023,20.5802,4.1221,41.28,On Head
459447,2.8850,9.0237,2.5450,-3.0992,13.2519,5.2977,40.91,On Head
459497,3.1627,9.7636,2.2841,-5.9695,13.9237,5.8473,41.19,On Head
459547,2.9760,9.2344,2.7246,-5.9542,10.8244,7.1756,41.19,On Head
459597,3.0023,9.5529,2.5235,-1.8168,4.3511,3.0992,41.09,On Head
459647,3.1196,9.1770,2.4229,-7.3435,-3.5420,3.2824,41.09,On Head
459697,3.0742,9.2727,2.4062,-5.1298,-3.8626,-0.8092,40.95,On Head
459747,3.2274,9.2368,2.0542,-7.2519,-4.9618,5.9237,40.95,On Head
459797,3.7685,9.2344,1.9561,-4.7786,1.8168,5.4046,41.09,On Head
459847,3.3591,9.4571,2.1883,-5.3740,2.6107,2.6260,41.19,On Head
459897,3.1580,9.4667,2.2194,-6.9771,0.0763,4.4122,41.28,On Head
459947,3.3160,9.4834,2.3128,-9.9542,-3.2824,5.6183,41.09,On Head
459997,3.6895,9.0740,2.4756,-9.9389,-4.8397,8.2137,41.09,On Head
460047,4.1180,9.0501,2.4253,-4.1221,2.4885,8.4427,41.42,On Head
460097,3.8618,9.0094,2.6504,-3.8168,4.6107,5.9084,41.19,On Head
460147,3.9935,8.6646,2.4995,3.1908,3.1298,5.0076,41.28,On Head
460197,4.3144,9.0333,2.1691,3.2672,9.4351,1.7252,40.95,On Head
460247,4.1970,9.0190,1.9417,2.8397,18.9924,3.1450,41.05,On Head
460297,3.9648,9.0525,2.3391,-2.0763,22.0000,-6.1374,40.95,On Head
460347,3.5314,9.3637,2.4948,2.3664,20.6412,-0.8855,41.09,On Head
460397,3.7804,8.6119,2.6552,2.5649,13.0534,-9.3130,41.19,On Head
460447,3.6272,8.9639,2.6839,9.2214,6.4733,-19.4656,40.95,On Head
460497,3.3950,9.6127,2.4588,12.1221,4.5649,-14.0305,41.05,On Head
460547,3.9816,8.3031,2.2769,-13.0840,-15.0992,-13.7557,41.28,On Head
460597,3.2585,10.1538,2.3894,-13.1298,-7.2214,-5.9389,40.95,On Head
460647,3.5674,8.9711,2.6504,-11.2214,-6.9771,-10.1221,41.09,On Head
460697,3.3136,9.1913,2.7653,-5.5878,-10.5802,-18.7939,40.95,On Head
460747,3.3040,8.8274,2.6600,-0.4122,-15.9847,-28.3206,41.28,On Head
460797,3.1771,9.0477,2.3248,4.4885,-21.3282,-29.5420,41.24,On Head
460847,3.3184,9.3613,1.9393,0.0000,-19.6336,-24.8855,41.05,On Head
460897,3.1723,9.5457,2.0183,-3.3588,-17.4656,-24.5649,41.42,On Head
460947,3.1963,9.5433,2.1213,-6.5496,-6.3511,-21.9084,40.91,On Head
460997,2.7821,9.6103,2.1524,-5.4809,0.9160,-20.8092,41.19,On Head
461047,2.2098,9.4116,2.4325,-4.3664,-3.9847,-17.2519,41.09,On Head
461097,2.6600,9.6845,1.9728,-3.5115,-5.4198,-12.0611,41.28,On Head
461147,2.8563,8.9998,2.0949,-9.3282,-2.2901,-19.4809,41.09,On Head
461197,2.3056,9.2799,2.0638,-5.8779,-3.6031,-28.2290,41.24,On Head
461247,1.9944,9.1411,2.1691,-9.2519,1.0534,-29.7557,40.95,On Head
461297,0.8452,9.5792,2.4086,-2.9008,2.3817,-22.5496,41.09,On Head
461347,0.6728,10.4220,2.2051,-12.9771,-0.9466,1.4504,41.24,On Head
461397,0.7973,10.3310,2.2913,-3.4962,-8.0305,4.0305,41.05,On Head
461447,2.0949,11.3533,1.8842,-4.9924,-1.4198,-0.5954,41.05,On Head
461497,1.0750,10.3908,2.1548,-1.9542,1.2214,-4.4427,41.28,On Head
461547,0.8140,11.3581,2.5091,5.7099,-5.3893,-9.0840,40.95,On Head
461597,0.9146,11.3868,2.3008,4.2901,-10.2901,-10.9771,41.38,On Head
461647,-0.0599,11.4754,2.8228,-6.5191,0.3053,-20.1527,41.19,On Head
461697,-1.5395,10.3525,3.4884,5.3740,1.1450,-18.8702,41.05,On Head
461747,-1.8627,10.8386,2.7869,6.6107,-5.6031,-16.5191,41.19,On Head
461797,-2.1284,10.5177,2.5953,9.6794,-4.2290,-4.7634,41.09,On Head
461847,-1.3431,11.5520,1.5251,19.9237,-0.3817,3.2824,40.95,On Head
461897,-1.3168,10.7117,1.8028,8.8550,2.0916,5.4656,41.24,On Head
461947,-1.2617,11.1857,1.6281,4.8092,-4.7786,9.1756,41.05,On Head
461997,-1.1420,10.6398,1.7454,-4.4885,-2.0916,15.6947,40.95,On Head
462047,-1.0511,10.4435,2.0901,-0.3053,-0.0611,26.2748,41.05,On Head
462097,-0.3687,9.5505,2.0111,1.3282,-7.9542,28.0000,41.28,On Head
462147,-0.0192,9.6678,1.7789,2.8855,-3.5725,23.7099,41.28,On Head
462197,0.6177,9.2775,1.8004,-4.0763,-0.1832,35.4809,41.19,On Head
462247,1.9273,8.3797,1.6496,-0.3664,9.4198,21.4351,41.19,On Head
462297,0.8978,9.4595,1.9369,-2.4885,10.7328,23.3893,41.19,On Head
462347,2.3367,7.6950,1.4078,7.1908,11.1298,26.8702,40.95,On Head
462397,2.9353,7.7835,1.2522,17.4046,17.0382,10.2137,41.19,On Head
462447,2.6647,7.5633,1.2330,10.7023,20.3511,-0.4733,41.19,On Head
462497,2.6001,8.2408,1.0487,20.1679,19.4046,1.2519,40.95,On Head
462547,2.5594,8.5545,0.7087,11.4046,17.7405,-4.7328,41.24,On Head
462597,2.5331,8.6287,0.4693,4.3053,15.6183,-3.8168,40.95,On Head
462647,2.6049,9.5864,0.2227,-3.3435,8.4427,-5.7710,41.24,On Head
462697,2.5594,9.8928,0.4334,-8.7634,16.6260,-1.8931,41.09,On Head
462747,2.5594,9.8090,0.5387,-7.1145,14.6870,-0.3359,41.19,On Head
462797,2.0423,9.9383,0.6632,-1.5267,13.7710,-1.5573,41.09,On Head
462847,2.5642,10.0868,0.7542,-9.6183,11.6641,5.7405,41.05,On Head
462897,2.7629,9.0573,0.9337,-3.6183,12.8702,5.8321,40.95,On Head
462947,2.9640,9.2129,0.8021,1.8473,13.2824,5.0076,41.24,On Head
462997,2.7629,9.2967,0.5770,-0.6107,10.4275,-6.2290,41.28,On Head
463047,2.2458,10.0149,0.2921,-2.0611,5.2061,-12.9924,41.24,On Head
463097,2.0542,10.2592,0.0742,-5.3435,2.4122,-10.3053,41.19,On Head
463147,2.0375,10.0844,0.2203,-12.9008,3.7099,-1.6641,40.86,On Head
463197,1.9680,9.7444,0.4741,-10.6870,4.5802,2.4122,41.24,On Head
463247,2.0446,9.5984,0.6488,-11.6794,0.4427,9.2977,41.05,On Head
463297,2.0351,9.3661,1.1205,-7.0382,-6.7786,4.8855,41.09,On Head
463347,2.7725,10.9391,1.1253,-2.0305,-16.1374,5.5115,41.28,On Head
463397,2.5379,10.9966,0.9888,2.1069,-11.6641,4.7634,41.24,On Head
463447,1.8938,9.9096,1.8028,-11.3282,-11.6641,-2.4885,41.09,On Head
463497,1.7166,9.7157,2.2434,-5.4962,-19.7710,3.8626,40.95,On Head
463547,1.9058,9.6391,2.3727,-13.7405,-23.7710,-3.4656,41.19,On Head
463597,1.4078,8.9208,2.8611,-11.8473,-31.0840,-7.1298,41.05,On Head
463647,1.6424,8.8729,2.8084,-8.9160,-35.8321,-3.2366,40.95,On Head
463697,2.1284,9.5146,2.8659,-5.1603,-35.1908,-6.0916,40.95,On Head
463747,1.8196,9.5912,2.9449,-9.9847,-33.8931,-19.8015,41.19,On Head
463797,1.0487,9.7588,2.9425,-1.5725,-33.6641,-22.1221,41.09,On Head
463847,0.7661,9.8689,2.6240,2.6412,-34.9924,-14.9618,40.91,On Head
463897,1.3623,9.7372,2.4205,3.6794,-37.0687,-4.7328,41.09,On Head
463947,2.3272,9.3206,2.2266,4.8244,-33.1450,-3.6031,41.19,On Head
463997,2.8228,9.3158,1.9680,9.2214,-25.1145,-13.3740,40.95,On Head
464047,2.6576,9.7923,1.6592,7.7710,-15.4504,-20.3359,40.91,On Head
464097,2.3080,9.9886,1.5874,3.6641,-7.4504,-21.6947,41.05,On Head
464147,1.6017,9.7300,2.0327,-0.1374,-3.9084,-16.5038,41.19,On Head
464197,1.5251,9.6774,1.9441,2.4885,-6.1374,-9.4351,40.95,On Head
464247,2.0207,9.2081,1.8603,-0.1527,-1.6641,-18.7481,41.05,On Head
464297,1.1301,9.6319,2.0231,7.1908,-3.3435,-25.2519,40.95,On Head
464347,0.7925,9.8282,1.9058,5.2214,-13.9542,-15.2672,41.28,On Head
464397,0.7518,10.0772,1.5347,11.1145,-18.5038,-15.0992,41.05,On Head
464447,0.4573,9.9742,1.3815,1.6489,-17.7099,-14.2595,41.09,On Head
464497,0.6871,10.0102,1.2426,6.1221,-13.7252,-22.5038,41.05,On Head
464547,0.2490,11.0205,0.4693,10.0763,1.0840,-51.3893,41.09,On Head
464597,-1.4916,11.5975,0.4549,-1.8015,0.9160,-27.6489,41.09,On Head
464647,-1.1444,9.9407,0.1197,3.3435,-6.4733,-10.2901,41.28,On Head
464697,-0.7207,9.0932,-0.5315,10.1679,-3.6794,-2.3511,41.28,On Head
464747,-0.2155,8.8083,-0.9457,8.0458,6.2137,-0.8244,41.05,On Head
464797,-0.2921,8.5018,-0.8739,10.4122,12.6718,-6.5038,41.05,On Head
464847,-1.0822,10.3286,-1.3144,17.0534,7.1603,-22.3817,41.19,On Head
464897,-1.7717,11.0133,-1.6041,1.8015,1.8015,-24.9008,41.05,On Head
464947,-2.0853,10.2448,-1.2234,-5.8015,0.1832,-16.3206,41.05,On Head
464997,-1.9082,9.2225,-0.7494,-8.1069,-2.7023,-8.3664,41.19,On Head
465047,-1.8938,9.3589,-0.6369,-7.1603,-9.4198,-9.5420,41.05,On Head
465097,-1.8818,9.5720,-0.5890,-7.7863,-15.3740,-8.6870,41.05,On Head
465147,-1.6951,9.8019,-0.4932,-6.0000,-15.8321,-6.6107,41.38,On Head
465197,-2.0231,10.0844,-0.5387,-3.4351,-13.4962,-7.3740,40.95,On Head
465247,-2.3607,9.7396,-0.5770,1.6794,-15.9695,-2.0153,41.38,On Head
465297,-2.5522,9.7061,-0.7087,5.5267,-19.3893,3.5573,40.95,On Head
465347,-2.2817,9.6127,-0.6393,8.5802,-24.0153,18.3817,41.19,On Head
465397,-1.2282,9.9335,-0.7614,11.2214,-29.9084,21.5420,41.24,On Head
465447,-0.6991,10.2544,-0.6728,1.9084,-27.3588,21.4962,41.28,On Head
465497,-0.5531,9.9647,-0.1915,-4.3511,-17.3893,12.7023,41.19,On Head
465547,-0.2825,9.1554,0.3711,-5.6336,-11.1450,5.6183,41.19,On Head
465597,-0.9433,9.6941,1.0080,-0.6260,-10.6412,7.0840,41.24,On Head
465647,-0.6800,9.7779,1.3072,-6.8092,-19.2366,5.5725,41.05,On Head
465697,-0.4405,9.6941,1.5634,-8.5649,-23.4809,-9.5878,40.91,On Head
465747,-0.5890,9.5385,1.6927,-8.8702,-23.4198,-25.3435,41.19,On Head
465797,-1.2617,9.6175,1.7909,-0.5496,-21.6794,-24.1832,41.19,On Head
465847,-1.4533,9.5936,1.5562,2.0763,-22.5802,-19.0229,41.05,On Head
465897,-1.3791,10.0485,1.3312,1.1298,-22.9160,-8.8244,41.24,On Head
465947,-0.9074,10.2568,1.2713,-3.5420,-16.6412,-6.6870,41.05,On Head
465997,-1.4126,10.5584,1.8052,-22.1069,-3.9084,24.4427,41.09,On Head
466047,-0.8954,9.2919,2.3846,2.7328,-8.2595,22.5191,41.24,On Head
466097,0.3998,8.7771,1.3551,11.9542,-8.5191,-0.0763,41.24,On Head
466147,0.7302,9.8210,0.5052,11.3282,-1.7557,-1.8168,41.28,On Head
466197,0.4621,9.5672,0.4836,1.8321,13.2519,-18.6107,40.95,On Head
466247,-0.0215,11.1546,0.2729,0.0000,17.9389,-14.4733,41.24,On Head
466297,-0.3160,9.8043,0.0694,-20.2748,23.4962,-32.7328,41.19,On Head
466347,-2.7845,9.5002,0.6105,-12.0458,23.7405,-28.1221,40.91,On Head
466397,-2.1883,10.2951,0.0287,-11.9237,18.7634,-11.0229,41.42,On Head
466447,-1.9992,9.5481,0.1652,-8.6107,22.8092,-10.6565,40.95,On Head
466497,-2.1596,9.5122,-0.1891,-8.2137,21.9237,-9.6183,40.95,On Head
466547,-3.1508,9.0357,0.5124,-4.1985,20.2901,-12.3206,41.19,On Head
466597,-3.7014,7.7955,0.3448,16.1527,12.1221,2.1832,41.19,On Head
466647,-2.6264,9.3158,-1.5299,24.3511,17.4656,-0.3359,41.24,On Head
466697,-2.9329,9.6774,-2.0877,-2.9008,36.6870,-14.3511,41.05,On Head
466747,-5.7006,10.1203,-0.8595,-10.0458,26.1832,2.0153,40.86,On Head
466797,-4.6902,10.5201,-0.6823,-45.7252,-37.6031,41.5725,41.19,On Head
466847,0.0048,7.9871,-1.1899,-25.5725,-2.6260,10.6718,41.05,On Head
466897,-1.0032,8.6119,-0.8763,-1.1298,43.9847,-23.4351,40.86,On Head
466947,-2.9688,9.7540,-0.8308,-6.5496,39.5573,-21.8626,40.95,On Head
466997,-2.9185,9.1770,-0.5483,-13.8168,29.6794,-24.0763,41.05,On Head
467047,-3.6727,9.5146,-0.1413,-13.9389,13.7099,-24.9771,40.91,On Head
467097,-2.4995,8.8011,-0.4597,-13.5420,14.4733,-36.1985,41.19,On Head
467147,-3.6919,9.2177,-0.1437,-18.1832,25.9847,-50.9466,41.19,On Head
467197,-4.6831,8.8681,0.4764,-18.4886,24.3053,-42.3053,41.24,On Head
467247,-4.3191,8.6981,0.3112,-15.8321,23.6641,-36.2137,40.72,On Head
467297,-5.1763,9.3302,0.3112,-11.7099,25.3435,-34.6870,41.38,On Head
467347,-5.4923,9.2656,0.4932,-19.7863,18.7634,-20.6870,41.05,On Head
467397,-5.1188,8.5665,0.6464,-15.8168,16.4733,-13.6641,40.91,On Head
467447,-5.3439,8.8155,0.8906,-10.3511,9.0076,-5.6336,40.86,On Head
467497,-4.8674,8.5521,0.7829,-9.6641,7.2366,-1.7252,40.95,On Head
467547,-4.6328,8.4970,0.7757,-2.2748,7.1756,-1.5725,41.09,On Head
467597,-4.5346,8.5353,0.7446,-2.1832,4.4733,-2.2290,41.05,On Head
467647,-4.6663,8.7891,0.5411,5.0534,3.3435,-0.6870,41.05,On Head
467697,-4.4939,8.6239,0.3639,-1.4656,2.5954,-2.3206,41.05,On Head
467747,-4.5610,8.6048,0.3998,-0.8092,5.1298,-0.6412,40.95,On Head
467797,-4.8171,8.5688,0.4741,0.3053,3.7099,-0.6870,41.19,On Head
467847,-4.6567,8.5952,0.4190,-3.1756,2.2901,-1.7252,41.05,On Head
467897,-5.5929,8.4372,0.9050,2.9008,-5.6489,3.8779,40.86,On Head
467947,-4.3120,8.9423,0.2658,4.4122,-15.8168,7.8321,41.19,On Head
467997,-4.1084,8.6359,0.2107,1.2366,-6.0916,0.4580,41.09,On Head
468047,-3.7972,8.5162,0.1317,1.4656,-1.9084,0.8855,40.95,On Head
468097,-4.3144,8.5593,0.2945,1.6336,3.6794,-7.4198,41.24,On Head
468147,-4.5753,8.9160,0.1772,-2.9618,1.3435,-6.8550,41.19,On Head
468197,-4.8291,8.6622,0.2993,-4.3511,4.6718,-3.5420,41.28,On Head
468247,-5.0949,8.8777,0.4166,-2.0305,3.1756,-0.1679,41.19,On Head
468297,-5.4061,8.6383,0.6440,-1.2061,1.6183,4.5496,41.28,On Head
468347,-4.9177,8.6910,0.4525,8.4427,-5.0992,16.0000,41.28,On Head
468397,-4.0917,8.8705,-0.0742,9.6794,-2.1832,12.9924,40.95,On Head
468447,-4.1970,8.6838,-0.2274,5.3130,0.5038,11.1298,41.24,On Head
468497,-4.1444,8.7149,-0.1317,-1.7557,0.6260,7.3282,41.38,On Head
468547,-4.1946,8.8514,0.0048,-7.4809,0.5802,1.6489,40.91,On Head
468597,-4.3383,8.6886,0.3089,-5.0382,-0.9466,-2.5191,41.19,On Head
468647,-4.5250,8.7532,0.4142,-1.6794,-3.8626,-1.0840,40.95,On Head
468697,-4.2425,8.8202,0.1676,-0.0458,-7.2061,0.4275,41.24,On Head
468747,-3.9265,8.7963,0.2370,0.1221,-3.8168,1.7557,41.05,On Head
468797,-3.9552,8.6718,0.2466,-0.2748,-3.4198,-0.1679,41.19,On Head
468847,-4.0079,8.6431,0.2227,3.4962,-3.0382,-2.8092,40.91,On Head
468897,-4.0797,8.7963,-0.0192,4.5802,-0.2443,-6.3664,41.09,On Head
468947,-4.5514,8.9711,-0.0862,2.9771,-0.7786,-3.8015,41.24,On Head
468997,-4.1803,8.7795,-0.2322,1.9695,-2.4885,1.6794,40.91,On Head
469047,-4.3191,8.9399,-0.0982,0.0305,1.5725,1.0840,41.19,On Head
469097,-4.4365,8.9423,-0.1125,5.0992,0.9313,2.7481,40.95,On Head
469147,-4.2928,8.8945,-0.3304,1.8321,2.0763,1.3893,41.19,On Head
469197,-4.2641,8.8346,-0.2394,-1.2672,2.4733,3.3130,41.24,On Head
469247,-4.1108,8.7628,-0.1293,-0.9618,1.5878,2.9313,41.28,On Head
469297,-4.2329,8.9088,-0.1700,-1.0992,1.3588,0.5496,41.05,On Head
469347,-4.0055,8.7125,-0.3543,-2.7634,1.7710,-1.8931,41.05,On Head
469397,-4.2808,8.8059,-0.2610,-4.8855,3.2977,-1.8779,41.09,On Head
469447,-4.4269,9.0788,-0.2825,-5.0992,3.2366,2.2595,41.09,On Head
469497,-4.4317,8.9902,-0.2753,-3.8015,5.4351,7.3893,41.28,On Head
469547,-4.6831,9.0764,-0.1580,-3.1603,8.1374,13.0840,41.09,On Head
469597,-4.3646,9.1028,-0.1844,-3.3130,7.9389,24.0000,41.19,On Head
469647,-4.1731,9.1171,-0.1365,-3.7710,10.1679,26.1221,41.24,On Head
469697,-3.4453,8.9376,-0.2298,-2.5038,11.5267,27.5725,41.19,On Head
469747,-3.2226,9.1554,-0.2921,-0.4885,15.3435,25.4504,41.38,On Head
469797,-3.0454,9.4834,-0.4836,-2.1374,12.5496,22.1985,41.24,On Head
469847,-2.8515,8.8681,-0.4884,-4.5344,10.0916,16.4733,41.38,On Head
469897,-2.5929,9.5648,-0.7638,0.3817,16.1069,15.2672,41.09,On Head
469947,-2.9592,9.4451,-0.6009,-1.7557,21.5420,14.9466,41.42,On Head
469997,-3.0837,9.5505,-0.6752,0.2748,16.7023,17.6794,41.05,On Head
470047,-2.7869,9.5433,-0.8212,-8.5802,11.5573,13.3282,40.91,On Head
470097,-2.6408,9.5529,-0.9768,-10.9160,10.6870,12.7176,41.24,On Head
470147,-2.1859,9.8306,-1.1037,-17.0840,14.1527,13.9847,41.19,On Head
470197,-2.2601,9.8019,-0.9912,-17.2672,22.8244,10.5344,41.19,On Head
470247,-2.2458,9.8833,-0.9050,-21.1145,28.1069,16.8244,41.05,On Head
470297,-1.5299,9.7085,-1.3647,-20.3817,42.8244,15.4198,40.95,On Head
470347,-1.6424,9.7013,-1.3479,-26.2290,64.6260,12.7328,41.19,On Head
470397,-0.9577,9.5768,-2.4660,-31.6336,109.5420,-0.0763,41.24,On Head
470447,-4.3167,10.4220,-1.8579,-15.2366,125.8779,1.6489,41.19,On Head
470497,-4.1324,10.9702,-1.0534,-29.4351,102.4427,26.0000,41.09,On Head
470547,-2.9712,9.8426,0.5339,-42.7786,80.8397,36.7939,41.05,On Head
470597,-1.1133,10.1873,1.0295,-34.1221,59.0687,41.0382,40.95,On Head
470647,-0.6105,8.1570,1.9680,-52.6718,52.8702,43.1298,40.95,On Head
470697,0.1125,8.6287,2.0351,-23.8168,33.1145,32.1832,41.24,On Head
470747,0.6871,9.2967,1.4413,-20.2443,25.7557,28.8550,41.28,On Head
470797,1.2641,9.6007,0.6967,-7.7405,25.9542,19.0076,40.91,On Head
470847,1.3288,9.9407,0.2825,-12.2290,28.4275,25.0840,41.38,On Head
470897,2.1572,9.8545,-0.3543,-11.5878,39.3130,15.8779,41.28,On Head
470947,1.5969,9.5265,0.3017,-21.2519,49.6794,16.0611,41.05,On Head
470997,1.4174,9.2296,0.3256,-5.8931,45.9847,9.3435,41.19,On Head
471047,1.5514,10.1658,-0.0335,-13.5878,52.6718,4.5802,41.05,On Head
471097,1.1756,9.8474,0.4812,-15.6794,65.4657,5.7557,40.95,On Head
471147,1.2641,9.5912,0.9601,-13.2519,70.3969,7.0840,41.19,On Head
471197,0.9936,9.8138,1.6807,-17.7863,71.9542,-2.1527,41.19,On Head
471247,-0.1820,9.6750,2.7892,-17.0229,60.8092,-5.0687,40.91,On Head
471297,-1.0104,9.9216,3.7948,-22.6412,45.8473,-6.1679,41.24,On Head
471347,-0.4669,9.9766,4.3407,-20.0763,48.3817,3.8931,41.19,On Head
471397,-1.0750,9.5672,4.8890,-8.5649,60.4580,-5.9389,40.91,On Head
471447,-1.8364,9.5026,4.8770,-5.1145,52.2443,6.9160,41.28,On Head
471497,-0.9457,9.5529,4.5633,1.6183,42.7328,17.8321,41.28,On Head
471547,-0.4262,9.1530,4.3862,2.0153,30.7786,18.4275,41.05,On Head
471597,0.0958,8.6383,4.5298,-5.6641,18.6107,9.3893,41.24,On Head
471647,0.2394,8.9926,4.4580,0.6565,12.5954,2.0000,40.95,On Head
471697,0.4357,9.1626,4.4700,2.4885,9.6489,3.2672,41.05,On Head
471747,0.7949,9.2392,4.6352,4.1832,8.2443,5.9847,41.09,On Head
471797,0.8835,9.2943,4.5753,9.6794,2.5802,4.0611,41.19,On Head
471847,1.0870,9.0405,4.1348,14.0916,-1.3588,3.9542,40.91,On Head
471897,1.2354,9.1985,3.7062,18.5496,-4.7939,3.7710,40.91,On Head
471947,1.7286,9.3877,2.9066,18.6260,-2.5038,-0.4427,41.28,On Head
471997,1.5754,9.8043,2.5738,13.7099,8.1832,-1.4962,41.24,On Head
472047,0.8428,9.7396,2.9113,12.7786,10.1374,4.7328,41.28,On Head
472097,1.0918,9.9503,2.7557,10.3053,4.7481,16.2901,41.24,On Head
472147,1.4006,9.0142,3.1436,5.9389,3.2214,18.3664,41.05,On Head
472197,1.4844,9.6079,3.0191,17.3893,-5.4198,19.5420,40.95,On Head
472247,1.8220,9.6869,2.6169,13.7710,-8.1374,19.3282,40.91,On Head
472297,1.6831,9.6343,2.0734,16.9924,-11.5725,16.4580,41.05,On Head
472347,2.5666,11.9710,1.7238,10.3969,-6.2443,17.4046,41.28,On Head
472397,2.1524,10.9200,1.1540,23.4504,-3.0076,19.8473,40.72,On Head
472447,2.4062,9.9024,0.3519,21.8779,3.4046,16.1985,41.24,On Head
472497,2.0039,8.5521,-0.4334,25.3740,7.0840,7.7252,41.09,On Head
472547,2.6001,9.4164,-0.8619,18.4886,13.8931,14.0153,41.24,On Head
472597,3.7086,7.6255,-1.6999,32.6870,43.3435,16.6412,41.24,On Head
472647,2.6217,10.6494,-2.7031,39.4046,48.1985,8.6412,41.24,On Head
472697,2.6671,10.8026,-2.6456,-1.2672,38.4122,-2.6718,41.09,On Head
472747,2.7821,9.8258,-2.0087,-16.4122,43.9847,-18.0916,41.05,On Head
472797,2.1476,9.2536,-0.7039,-32.8702,43.9847,-19.2977,40.95,On Head
472847,2.4660,8.7340,0.3280,-33.0534,43.3588,-9.8626,41.09,On Head
472897,2.8946,7.8243,0.6129,-2.2290,67.4351,-5.0687,41.19,On Head
472947,1.4676,9.2991,0.6225,2.9313,56.1985,-9.3588,41.09,On Head
472997,1.6879,10.0197,0.6800,-7.8168,33.3130,-12.0153,40.95,On Head
473047,1.5969,10.7404,0.7877,-10.5802,13.5725,-9.6031,41.09,On Head
473097,1.6065,10.2759,0.7829,-13.9389,-4.3664,-2.6870,41.24,On Head
473147,2.3032,11.8896,0.9026,-2.3969,-17.1908,9.4962,41.28,On Head
473197,3.4022,10.6398,0.7183,-35.6031,-20.4427,10.1374,41.05,On Head
473247,2.8132,10.5728,1.8531,-57.0840,-29.6183,8.4733,41.19,On Head
473297,1.1612,8.2863,2.5857,-23.9237,-22.4122,-13.7863,41.09,On Head
473347,0.6416,7.9775,2.3655,-0.6260,-18.2443,-9.8168,41.09,On Head
473397,0.9553,8.3438,2.0662,13.5115,-17.2672,-4.5954,41.24,On Head
473447,0.7877,10.3166,1.9106,15.2672,-15.8779,-11.1450,41.24,On Head
473497,0.3472,10.0796,1.7454,12.3511,-10.2290,-23.3130,41.38,On Head
473547,-0.0144,10.2424,1.4006,17.7405,-10.5649,-21.8015,41.28,On Head
473597,0.5028,10.5584,1.1827,4.5344,-7.8931,-10.9313,40.91,On Head
473647,0.7566,10.1921,1.9896,-1.0992,-5.9695,1.6641,41.09,On Head
473697,0.9840,9.3589,2.2745,5.3130,-9.9389,5.6489,41.09,On Head
473747,1.4222,9.3254,1.9513,12.3664,-11.9695,8.4580,41.24,On Head
473797,1.8244,9.8450,1.2977,14.8855,-11.3740,11.1450,40.77,On Head
473847,1.5083,10.0963,1.0032,5.8779,-21.3282,14.8855,41.09,On Head
473897,2.1380,9.5074,0.9002,-4.6107,-17.3435,22.5649,41.24,On Head
473947,1.9896,9.4691,0.8643,4.4733,-7.2519,25.0076,40.95,On Head
473997,2.5809,9.7779,0.8499,4.5191,-0.3969,31.7099,40.95,On Head
474047,2.5187,9.5433,0.7829,11.6031,3.3588,28.8397,41.24,On Head
474097,3.6966,11.8848,0.5219,19.8168,7.8931,33.5878,41.19,On Head
474147,3.4572,11.2384,0.2993,22.4427,8.4733,26.9924,41.09,On Head
474197,3.5051,10.1107,-0.3352,18.9771,3.4656,19.5420,41.24,On Head
474247,3.2513,8.8921,-0.5578,11.7099,2.7634,14.0458,40.91,On Head
474297,2.9281,7.5944,-0.8595,6.8244,3.6794,13.3588,41.24,On Head
474347,3.5817,7.8650,-2.0925,8.6870,11.8779,5.1756,41.05,On Head
474397,3.7373,10.3621,-2.6839,-20.7023,15.3435,-3.0076,41.09,On Head
474447,3.7852,10.4746,-1.8316,-32.3817,24.5191,-13.8168,41.28,On Head
474497,3.4788,10.1275,-1.0511,-23.1450,35.2672,-23.4504,40.95,On Head
474547,2.8180,9.7157,-0.4405,-24.8244,43.3588,-22.6412,41.28,On Head
474597,2.1787,9.0022,0.6800,-30.4580,46.1221,-8.2443,41.24,On Head
474647,2.4229,8.3725,1.6400,-26.7786,39.9389,5.6947,41.09,On Head
474697,2.5474,8.7364,2.3152,-16.1374,27.7557,7.9847,41.05,On Head
474747,2.6863,9.3374,2.1452,-3.8473,13.7405,2.7481,41.05,On Head
474797,2.3966,10.4890,1.1468,0.7634,5.2519,10.1221,40.95,On Head
474847,1.4629,11.1570,0.9385,-38.2137,-24.7939,27.9084,41.19,On Head
474897,3.0885,8.8969,1.3910,-50.6260,-42.4580,42.3969,41.09,On Head
474947,5.0733,9.9359,2.1284,-29.9237,-37.2214,45.9237,40.77,On Head
474997,6.3231,9.8737,1.8914,-25.3130,-27.8779,36.7634,40.95,On Head
475047,5.5665,9.4427,2.2266,-31.9847,-27.3740,28.8702,41.38,On Head
475097,4.6711,8.1044,2.5738,-34.0458,-24.3969,5.5267,41.28,On Head
475147,3.5434,6.5984,2.9257,-28.9008,-20.6870,7.9695,40.95,On Head
475197,3.8762,7.2472,3.3615,-21.3893,-20.4275,24.4580,41.05,On Head
475247,4.8363,8.0325,3.9959,-19.2977,-29.7557,5.9084,41.28,On Head
475297,5.4037,9.4906,4.0893,-18.6107,-36.0153,-13.7863,41.19,On Head
475347,5.0901,9.2727,3.6224,-16.0611,-32.6870,-17.4656,40.95,On Head
475397,4.9105,8.5712,3.0071,-34.4733,-42.8397,-16.5649,40.95,On Head
475447,4.8243,6.6104,3.8068,-36.4580,-35.6183,-15.8473,41.09,On Head
475497,5.1739,6.6200,4.1108,-4.0763,-28.7634,-5.7863,40.95,On Head
475547,5.3558,7.3071,3.9768,6.6870,-20.9313,-13.6947,41.19,On Head
475597,4.8674,7.9775,3.7852,17.9237,-24.6718,-21.1756,40.86,On Head
475647,4.8147,8.5617,3.2513,18.6718,-25.7863,-21.2214,40.95,On Head
475697,4.3598,8.6550,2.9449,24.3359,-28.0153,-15.9237,41.19,On Head
475747,5.2648,9.7420,2.6264,25.2366,-32.5344,-3.4962,40.58,On Head
475797,4.7621,9.5936,1.0415,39.4962,-28.0611,-8.6565,41.19,On Head
475847,4.7453,10.6638,-0.5339,34.7634,-25.7099,-24.2443,40.95,On Head
475897,3.5219,9.3278,-1.0654,13.1908,-17.8321,-24.5191,41.24,On Head
475947,2.7390,7.7285,-1.1875,3.4656,-15.6336,-16.0611,41.24,On Head
475997,3.5434,9.2249,-1.8507,-2.0458,-8.2595,-7.9084,41.24,On Head
476047,4.3622,10.1801,-1.6783,-12.1527,6.3817,-10.5954,40.95,On Head
476097,4.0199,10.4842,-1.1971,-15.4962,15.8779,-25.5114,41.09,On Head
476147,3.2633,9.8521,-0.8356,-23.2061,22.0763,-30.9466,41.09,On Head
476197,2.4924,8.6742,-0.2753,-20.1985,24.4733,-23.8321,41.09,On Head
476247,2.3080,8.4467,0.0359,-15.2061,18.8092,-10.1832,41.09,On Head
476297,2.8683,8.7628,0.0910,-15.0229,13.9542,-5.6641,40.77,On Head
476347,2.7964,9.1889,0.3807,-11.3130,10.5191,-4.8244,41.24,On Head
476397,2.6959,10.6015,0.1700,-9.6489,4.4885,-9.1603,41.09,On Head
476447,2.5738,10.4435,0.2658,-22.0763,-1.9542,-12.0611,41.05,On Head
476497,2.1237,9.4236,0.6608,-27.2824,-9.4046,-7.2519,41.28,On Head
476547,3.3543,12.0165,0.9146,-15.9847,-11.9084,9.6794,41.19,On Head
476597,4.2329,11.8800,1.2737,-17.7252,-0.9771,9.4504,41.05,On Head
476647,3.9121,11.0492,2.7892,-38.1832,10.2901,-6.5038,40.91,On Head
476697,3.0023,8.2145,3.8379,-36.0153,13.6183,-16.3053,41.19,On Head
476747,1.5060,6.6655,3.8858,-3.6794,12.5649,0.4733,41.09,On Head
476797,2.5929,7.8697,3.4788,8.7939,2.2748,22.4580,41.09,On Head
476847,3.3639,8.7724,3.7972,13.1603,6.6718,4.9008,40.91,On Head
476897,3.4620,10.1035,3.6248,18.0000,11.1908,-12.5038,41.24,On Head
476947,2.8347,9.5816,3.1412,15.7863,12.2290,-26.8702,41.19,On Head
476997,2.7749,9.5217,2.4086,15.5878,19.3435,-22.0305,41.24,On Head
477047,2.2625,9.0190,2.4876,17.8321,34.2290,-5.1298,41.09,On Head
477097,2.0279,8.4563,2.6145,24.7939,34.6412,6.4427,41.24,On Head
477147,2.1332,8.9567,2.0375,34.1221,24.2748,-2.3664,40.95,On Head
477197,2.8515,10.0317,1.2929,21.7863,22.8702,-2.8397,41.19,On Head
477247,2.7318,9.8234,1.4269,13.7557,30.0305,-0.0763,41.24,On Head
477297,2.3774,9.7803,1.6783,10.6107,29.3588,6.4275,41.19,On Head
477347,2.3152,9.5289,1.8555,10.4885,29.1450,6.1527,40.95,On Head
477397,3.0311,11.7292,1.9249,16.8397,29.3435,17.1145,40.91,On Head
477447,3.5961,11.3988,1.6065,14.5344,33.1145,11.8015,41.09,On Head
477497,2.5163,10.5417,0.7446,21.2366,31.1756,1.1603,40.86,On Head
477547,2.0423,8.9471,0.1963,7.8931,16.5802,-8.2748,41.09,On Head
477597,1.9082,8.0804,-0.0311,-1.4656,22.3359,-14.2137,41.24,On Head
477647,1.5969,8.9663,0.3352,-3.8931,24.2748,-9.0687,41.05,On Head
477697,1.6831,9.4547,0.3208,8.3664,25.3130,-9.9084,40.91,On Head
477747,1.7166,10.9200,-0.3831,20.0000,18.9771,-21.9389,41.05,On Head
477797,1.1444,11.5712,-1.3408,10.1069,15.7557,-34.3817,41.19,On Head
477847,0.4286,10.3094,-1.2306,-10.3053,19.4504,-22.6870,41.24,On Head
477897,1.0104,9.2129,-0.4621,-22.1832,17.3588,-6.6107,41.09,On Head
477947,2.1045,8.9687,0.1844,-26.2901,23.4809,-14.5496,41.09,On Head
477997,1.9393,9.3182,0.9146,-16.4733,28.5344,-18.9313,41.05,On Head
478047,1.8292,10.3693,0.9122,-10.0000,27.9389,-19.9847,41.24,On Head
478097,0.7446,10.7524,1.0534,-18.0305,27.8779,-11.1450,41.05,On Head
478147,0.3855,9.8521,1.4820,-15.6947,14.5344,3.5878,40.95,On Head
478197,0.9553,9.0285,1.4892,-14.9771,3.9695,6.4122,40.91,On Head
478247,0.9194,8.7029,1.7047,-12.0611,-9.6031,-4.6260,41.05,On Head
478297,0.6393,8.4036,1.8723,-1.5725,-28.9008,-20.3817,41.09,On Head
478347,0.8523,10.6590,2.1907,6.4733,-50.8550,-43.9084,41.19,On Head
478397,0.6608,11.0205,1.1684,18.3053,-48.2901,-70.1985,41.19,On Head
478447,-0.4381,11.5329,1.3886,8.4122,-29.8931,-70.4275,41.24,On Head
478497,-2.1955,10.1227,2.1261,-3.5878,-31.3130,-48.3206,41.28,On Head
478547,-2.7509,8.0732,2.9066,-5.6183,-47.1756,-8.0916,40.91,On Head
478597,-1.7837,7.4962,2.9305,12.8550,-66.8702,-2.4733,41.28,On Head
478647,-1.8507,8.9663,2.7916,22.7786,-84.6107,-41.4351,41.28,On Head
478697,-2.3942,11.5377,1.8076,23.4656,-89.3588,-39.1908,41.24,On Head
478747,-1.9800,11.2504,1.4676,1.0840,-78.7786,-26.7939,40.95,On Head
478797,-1.5610,9.7516,1.9609,-9.2824,-57.0992,-15.5420,41.24,On Head
478847,-1.0295,8.5880,2.2913,-6.1985,-41.0992,-2.9160,40.95,On Head
478897,-0.9050,8.9423,2.2003,6.9313,-28.5191,-0.7023,41.24,On Head
478947,-0.5914,9.6917,1.8507,5.3893,-14.9618,-6.7328,41.19,On Head
478997,-0.7135,9.8976,2.0135,1.1145,-1.0229,-14.5191,41.09,On Head
479047,-0.6752,9.7875,1.8962,-0.1374,17.0229,-15.5878,40.95,On Head
479097,-1.2665,9.1099,1.9154,6.0458,39.0992,-15.9542,41.09,On Head
479147,-2.0949,9.4212,1.8651,-2.9313,44.1374,0.9466,40.95,On Head
479197,-2.5115,9.7109,1.9632,10.6107,50.2595,8.1832,41.24,On Head
479247,-1.6831,10.5225,1.8723,5.5115,42.9618,14.1832,40.95,On Head
479297,-3.4812,8.4108,-0.9194,18.4886,48.3817,-6.5038,41.24,On Head
479347,-2.6504,10.2735,0.3903,-0.2901,41.5267,7.5420,40.95,On Head
479397,-2.3870,10.0197,-0.0263,-7.9237,39.8626,-7.6489,41.05,On Head
479447,-3.0095,8.9328,-0.2634,-19.7252,33.5573,-4.6260,40.95,On Head
479497,-2.5786,8.4683,-0.1987,-29.8931,19.8168,5.6183,40.91,On Head
479547,-2.7007,8.7125,0.2705,-24.7481,23.0992,-7.3130,40.91,On Head
479597,-2.8611,9.6055,0.6081,-5.9084,21.5267,-18.9771,41.05,On Head
479647,-3.2082,9.9264,0.5914,1.0076,17.4809,-20.0611,40.95,On Head
479697,-3.6320,9.4044,0.7183,-2.8092,9.5878,-8.8702,41.05,On Head
479747,-4.0366,8.6526,0.9505,7.4656,-5.4198,5.3588,40.95,On Head
479797,-3.1101,9.1698,-0.0383,21.3130,-26.2595,14.2748,41.09,On Head
479847,-2.0518,9.5385,-0.6440,11.9389,-39.6794,10.4427,41.05,On Head
479897,-2.0231,9.2177,-0.4525,8.3359,-45.8779,9.2824,40.91,On Head
479947,-2.2098,10.1011,-0.5602,15.3893,-45.5420,4.9313,41.05,On Head
479997,-2.3487,9.7109,-0.3950,5.8626,-47.8168,7.8626,41.05,On Head
480047,-1.9489,9.4739,-0.4405,7.0687,-52.1832,0.6412,40.95,On Head
480097,-2.0423,9.9144,-0.5578,2.9771,-66.5038,3.7710,40.95,On Head
480147,-1.4748,10.1730,-0.7566,-21.5878,-65.9542,-2.1679,40.91,On Head
480197,-2.1093,9.8904,0.4334,-33.4656,-66.2290,0.0611,40.95,On Head
480247,-0.9529,10.5752,0.9313,-28.7634,-77.0076,-15.2824,41.05,On Head
480297,-1.5467,9.9599,1.8411,-36.9618,-78.2137,-16.7328,40.95,On Head
480347,-1.8603,8.4659,3.1723,-19.7710,-62.4275,-3.4809,41.05,On Head
480397,-1.9058,8.8442,3.2202,7.2519,-57.5573,7.2519,40.95,On Head
480447,-1.0989,9.8617,2.9951,-2.7328,-54.5344,-9.6794,41.38,On Head
480497,-1.7502,9.0357,3.4309,0.4427,-45.6947,-18.5191,41.05,On Head
480547,-2.0949,8.6814,4.0031,-4.1679,-49.5725,-21.7405,41.09,On Head
480597,-2.8084,9.0860,3.7038,23.7252,-31.2519,-28.1679,40.86,On Head
480647,-3.4788,9.1770,3.7038,15.1756,-46.3359,-18.4733,41.05,On Head
480697,-2.6695,9.1602,3.1173,11.3282,-51.4656,-8.7023,41.05,On Head
480747,-2.7773,9.3613,3.4764,-0.8092,-55.4809,-18.2443,41.19,On Head
480797,-3.4596,9.2919,4.0510,-0.1527,-63.5573,-19.2977,41.19,On Head
480847,-2.5809,9.1602,3.7996,-6.8092,-66.2901,-16.9466,40.95,On Head
480897,-2.1955,8.4372,3.7302,-3.6489,-66.1679,-20.1832,40.95,On Head
480947,-2.1859,8.6646,3.9337,7.1298,-59.4198,-25.1756,40.86,On Head
480997,-2.3966,8.6574,4.2066,12.0611,-58.1985,-25.5878,41.05,On Head
481047,-2.8060,8.3031,4.2665,34.6870,-52.0458,-19.6641,41.05,On Head
481097,-3.3950,8.5401,4.2473,46.3969,-51.5573,-9.0840,40.91,On Head
481147,-3.3351,9.7037,3.7134,38.6260,-56.2443,-5.9695,41.24,On Head
481197,-2.8036,9.3063,3.3112,19.6947,-55.1603,-6.5496,41.05,On Head
481247,-3.3327,9.9527,3.0670,15.8779,-54.9771,2.3511,41.09,On Head
481297,-2.3008,9.0980,3.2633,-7.4351,-53.2061,4.8244,40.95,On Head
481347,-1.9968,8.7676,3.6823,-0.9771,-42.5038,1.6794,40.91,On Head
481397,-1.8723,8.9352,3.7972,9.7557,-32.3359,4.4733,41.09,On Head
481447,-1.4772,8.8705,3.6129,8.0305,-26.4122,2.2595,40.95,On Head
481497,-1.6759,8.9495,3.7158,12.9008,-22.3359,0.8702,40.91,On Head
481547,-1.4389,9.1004,3.4477,6.1069,-17.0840,-0.0763,41.19,On Head
481597,-2.0614,9.5002,3.5626,2.1832,-14.4122,-4.3053,41.24,On Head
481647,-1.9728,8.7388,4.2689,9.4962,-9.5420,0.4733,41.05,On Head
481697,-2.1883,10.3837,3.5578,20.8550,-3.9389,2.6107,40.91,On Head
481747,-2.6600,8.9926,2.9664,5.3435,-12.1985,6.1679,41.19,On Head
481797,-2.1237,9.7300,2.7102,5.4198,-26.5344,15.4809,41.24,On Head
481847,-1.6305,9.9144,2.7701,7.5115,-32.0458,1.4809,41.24,On Head
481897,-2.4181,9.4451,2.6025,34.9771,-38.6565,0.5496,41.05,On Head
481947,-2.1428,9.4930,1.4820,39.4046,-48.6870,18.1679,41.24,On Head
481997,-1.6759,9.5816,0.4717,40.1374,-57.8015,23.3588,41.24,On Head
482047,-1.1851,10.4818,-0.0742,24.2137,-65.1603,18.8092,41.09,On Head
482097,-0.6943,10.3142,0.0503,12.7176,-68.7481,12.0916,41.05,On Head
482147,-0.3687,10.1131,0.3280,7.6641,-68.5954,7.0534,40.77,On Head
482197,-0.2203,9.3925,0.6105,5.0687,-66.7328,4.1374,40.91,On Head
482247,-0.1341,9.5577,0.5746,17.3130,-66.7176,-1.3893,41.05,On Head
482297,-0.1652,9.5792,0.4453,14.0458,-66.9160,-7.3740,40.95,On Head
482347,-0.4046,9.8354,0.2873,17.0534,-72.4733,-11.6947,41.05,On Head
482397,-0.3424,10.3046,-0.0144,8.8855,-77.6183,-13.3130,40.91,On Head
482447,-0.1006,10.2783,0.0622,4.6107,-76.0153,-15.3282,41.05,On Head
482497,0.0575,10.1610,0.3136,2.7176,-72.4122,-13.4809,40.91,On Head
482547,-0.1077,9.9479,0.4142,1.8473,-72.3511,-11.0076,41.24,On Head
482597,0.1796,10.0149,0.5004,2.7939,-71.4962,-12.9008,41.24,On Head
482647,0.0263,10.6614,0.4166,-4.7634,-64.5802,-11.7557,41.05,On Head
482697,-0.1245,10.0341,0.8571,-8.4275,-62.3817,-8.0763,41.05,On Head
482747,0.3735,12.4498,-0.8787,-19.0687,-39.4504,15.7099,41.09,On Head
482797,-0.7159,9.3134,1.6879,-80.7176,-23.6183,40.9008,40.95,On Head
482847,-0.8236,8.1139,2.5091,1.5878,-49.4504,39.5878,40.95,On Head
482897,0.4381,11.2911,1.7119,-8.3817,-59.6183,39.1450,40.91,On Head
482947,2.3511,11.1474,1.5706,-21.6031,-64.8702,28.0458,40.95,On Head
482997,1.6065,10.0102,1.6927,-27.9237,-53.0229,7.7252,41.09,On Head
483047,0.8595,9.3374,2.1284,-27.0534,-36.9008,19.6336,41.28,On Head
483097,1.3719,8.8705,3.0550,-20.5191,-27.6336,27.9542,41.05,On Head
483147,1.8627,9.3374,3.4357,-20.3817,-19.7405,19.6794,41.09,On Head
483197,1.6305,8.4084,4.0294,-19.9084,-23.7099,16.1527,41.19,On Head
483247,2.0111,8.2887,4.1970,-26.0611,-31.8931,8.7786,41.05,On Head
483297,2.0063,8.7843,5.1068,-23.5420,-35.4656,-9.6794,41.09,On Head
483347,2.2027,9.0692,5.1116,-15.9695,-26.3359,-20.0305,41.09,On Head
483397,2.0877,8.9711,5.5689,-16.2595,-22.4886,-16.0305,41.19,On Head
483447,1.8699,8.1666,5.0637,3.9389,-23.6794,-23.5725,41.24,On Head
483497,1.7789,8.6503,4.2952,7.1450,-21.7710,-20.3511,40.91,On Head
483547,2.0111,8.8538,4.0294,9.4656,-16.4427,-17.5725,41.09,On Head
483597,2.1165,9.1051,4.0199,0.7023,-7.1450,-11.1603,41.05,On Head
483647,1.8004,8.9160,4.5921,14.9618,-4.5344,-9.8473,41.19,On Head
483697,0.8643,8.2935,2.4205,14.9160,2.7023,-18.5496,40.95,On Head
483747,1.0630,9.6726,3.3351,13.8779,11.9695,-9.0382,41.19,On Head
483797,1.2402,9.4882,3.9911,11.4962,16.1679,4.5038,40.86,On Head
483847,1.8004,11.4515,3.6727,26.0611,23.2672,23.3893,40.91,On Head
483897,2.3559,11.2240,2.4134,24.5954,33.9237,10.9771,41.05,On Head
483947,1.3168,11.3461,1.6209,11.3282,39.3130,8.2290,41.38,On Head
483997,0.8308,10.7571,1.4245,4.3969,34.8092,5.4656,41.19,On Head
484047,-0.1413,9.1818,1.1301,0.3664,36.2290,2.4580,40.95,On Head
484097,-0.1125,8.8107,1.3360,-1.0076,33.0229,29.0382,40.91,On Head
484147,1.7119,9.1578,1.0558,3.7863,37.2977,12.7481,41.19,On Head
484197,0.8475,10.2520,1.5060,-1.6031,43.0229,-6.4427,41.28,On Head
484247,0.6105,10.1825,1.7047,-1.0534,36.6718,-4.9313,40.77,On Head
484297,0.7183,9.7923,1.4006,10.5649,37.0687,-4.4885,41.05,On Head
484347,0.8260,9.5409,1.0104,7.5878,37.5267,-3.8779,41.05,On Head
484397,0.9649,9.6822,1.2354,5.1450,35.2672,0.2748,40.95,On Head
484447,1.6017,9.5720,1.4150,4.2137,34.0153,-0.7786,40.95,On Head
484497,1.6065,9.8234,1.6544,0.0153,29.3893,-8.2901,40.72,On Head
484547,1.2641,9.8569,1.9082,2.0153,16.7176,-14.3053,41.05,On Head
484597,0.8715,10.1754,1.9896,-1.4351,1.4351,-13.1908,41.05,On Head
484647,0.2993,9.8521,2.2793,-1.0076,-15.4351,-5.7405,41.09,On Head
484697,1.0104,9.9216,1.6137,-3.5725,-25.0992,-2.0000,40.86,On Head
484747,0.7805,9.7205,1.3862,-7.1145,-25.8168,-2.7634,41.19,On Head
484797,0.8523,9.8665,1.2115,-9.7099,-23.5420,-0.6718,40.77,On Head
484847,0.2203,11.6669,1.8771,-6.6718,-40.1679,13.6489,40.91,On Head
484897,2.0710,11.0421,1.5155,-31.6794,-43.1145,5.5878,41.19,On Head
484947,0.7997,10.0628,2.6791,-36.3969,-48.6412,15.5420,41.19,On Head
484997,2.0614,10.4004,2.4588,-18.6870,-37.7252,23.5573,40.95,On Head
485047,1.6783,9.0740,3.1603,-20.8244,-21.2977,10.6565,41.19,On Head
485097,0.7661,8.5066,3.6607,-14.0458,-25.6489,8.5649,40.86,On Head
485147,0.9960,8.5138,3.5626,-10.4122,-32.2443,5.8626,41.24,On Head
485197,1.3192,7.8243,3.9025,-0.9008,-39.6641,-0.1374,41.05,On Head
485247,1.5897,9.3925,3.7110,1.8473,-32.9160,-7.8626,40.95,On Head
485297,2.1021,10.4172,3.8140,-8.0611,-29.5573,-9.6794,40.95,On Head
485347,1.9369,9.5409,4.3383,-7.7405,-25.2672,-13.8473,41.09,On Head
485397,0.6656,8.3677,4.6208,3.7252,-38.1985,-28.3664,41.28,On Head
485447,1.1372,9.2680,3.2920,12.2595,-48.6565,-16.9924,40.91,On Head
485497,1.5083,8.8945,3.3591,-2.7328,-56.4275,-7.5725,41.05,On Head
485547,2.3415,8.8035,3.0742,8.8550,-51.0687,-0.2901,41.09,On Head
485597,2.6815,9.1075,2.9975,16.0763,-36.9160,-7.4046,41.09,On Head
485647,2.2242,9.8282,2.7150,23.7557,-23.4351,-6.7481,41.09,On Head
485697,-0.1580,10.7548,2.3774,33.6947,-27.9695,1.5267,41.19,On Head
485747,0.5914,11.1570,2.4612,-25.7405,-73.6947,20.5191,41.05,On Head
485797,2.8012,9.3350,2.6145,-6.2901,-72.5496,28.5802,41.05,On Head
485847,3.0574,11.1666,0.9026,29.7557,-37.9542,33.7252,40.77,On Head
485897,3.0143,10.1706,0.1125,28.9924,-21.4198,12.9160,40.91,On Head
485947,1.7933,8.5665,-1.2498,21.1756,-4.8397,-3.4198,40.72,On Head
485997,1.1492,8.8346,-1.1684,16.2290,3.1908,18.0458,40.91,On Head
486047,2.5450,10.3549,-1.3815,-7.4198,-9.3282,6.4580,40.86,On Head
486097,3.3615,10.0102,-1.0080,-32.3511,-3.4962,-22.6565,40.95,On Head
486147,3.1843,9.6869,-0.6297,-22.0916,15.8168,-23.8473,41.24,On Head
486197,2.6552,9.3925,-1.0606,-10.6565,40.2137,-33.2672,41.09,On Head
486247,1.6496,9.5002,-1.0199,-10.7939,56.0153,-20.6412,40.95,On Head
486297,1.8818,8.8538,-0.5219,-15.1450,61.8015,-9.4656,41.05,On Head
486347,1.8938,9.1387,-0.0407,-12.9618,70.0153,-17.2977,41.09,On Head
486397,0.9673,9.7492,0.5004,-10.0305,68.6870,-27.5114,40.86,On Head
486447,0.2059,10.9846,0.7973,-9.8779,62.0611,-19.8626,40.86,On Head
486497,-0.0455,10.4363,1.0846,-11.8931,57.3282,-7.9542,40.86,On Head
486547,-0.1245,9.7947,1.4724,-11.9389,49.8321,7.4656,41.05,On Head
486597,0.9409,12.9191,2.2649,4.7176,39.2824,23.9389,40.86,On Head
486647,1.7645,12.0524,2.2051,-3.4504,31.2519,10.9618,40.91,On Head
486697,0.9218,10.3813,3.0406,-22.8702,20.1374,-2.3511,40.91,On Head
486747,0.1317,9.1028,3.6943,-23.8321,9.7863,-12.5954,40.95,On Head
486797,-0.1293,8.2097,3.9385,-6.8092,3.8779,-1.3740,40.95,On Head
486847,0.3879,8.1642,3.7876,12.7176,-3.8779,0.6412,40.91,On Head
486897,0.1652,8.8298,3.6344,14.1985,-14.5496,-10.8244,41.09,On Head
486947,0.6321,9.7755,3.3351,6.8397,-16.8550,-12.0916,40.95,On Head
486997,0.3448,9.6750,3.1699,0.6565,-14.5038,-17.1450,40.91,On Head
487047,0.3376,10.1107,3.0957,1.2061,-6.1985,-2.5954,40.91,On Head
487097,-0.0622,8.6239,2.9425,23.2366,-13.6947,-3.6031,41.09,On Head
487147,0.4070,9.7085,1.9944,21.0992,-25.5573,5.6489,40.91,On Head
487197,1.0223,9.1219,1.7502,14.3664,-24.6718,12.9466,40.95,On Head
487247,1.1181,9.0429,1.8531,10.2595,-21.5420,5.2977,40.95,On Head
487297,1.0558,9.5217,2.0327,12.8397,-17.5420,3.6336,40.95,On Head
487347,1.3623,10.8170,0.9625,22.0916,-11.3588,9.8779,41.09,On Head
487397,1.4940,10.8074,1.1253,0.8397,2.7786,29.3588,40.77,On Head
487447,2.8084,10.1586,1.9632,-8.5191,-7.7557,33.7405,40.77,On Head
487497,2.3703,12.3325,1.0582,5.2519,0.1527,1.2214,41.05,On Head
487547,0.7087,9.3494,0.2442,9.6336,11.1908,-27.7710,40.91,On Head
487597,-0.5076,8.7101,-0.3591,8.3969,15.8321,-3.7557,40.67,On Head
487647,1.3551,8.5353,-0.1628,1.9389,6.7634,26.8702,41.05,On Head
487697,1.2785,9.3661,-0.8547,12.7939,5.6794,-31.0687,40.91,On Head
487747,0.0838,11.3174,-0.9577,-3.6794,-0.4275,-23.6336,40.77,On Head
487797,0.5315,9.4595,-0.2682,-24.1221,1.2214,-15.8015,41.19,On Head
487847,0.1077,8.9519,0.3735,-8.4427,0.8550,-12.1069,41.05,On Head
487897,0.7350,9.4308,0.1149,-11.5725,-0.7023,-1.9237,40.77,On Head
487947,0.3424,9.2057,0.0072,0.3206,-5.4656,-10.1221,41.24,On Head
487997,0.5794,10.0916,-0.4477,-5.5267,-12.2595,-10.7023,40.91,On Head
488047,0.4022,10.1658,-0.2514,-9.2214,-14.0611,-10.1985,40.86,On Head
488097,0.5435,10.7332,-0.1580,-16.1221,-16.3359,0.0000,40.95,On Head
488147,0.8212,10.2879,-0.0694,-12.6260,-16.3817,8.0458,40.91,On Head
488197,0.9170,9.8450,0.1221,-18.7786,-15.8168,9.5725,40.95,On Head
488247,0.9673,10.7428,0.6871,-15.0229,-14.4580,13.2366,40.95,On Head
488297,1.7358,9.9048,0.4214,-22.2137,-36.9160,6.5344,40.95,On Head
488347,1.1923,11.5592,1.1612,-53.1908,-33.2672,8.2595,40.91,On Head
488397,0.6177,8.8705,2.5211,-30.9924,-20.5649,2.0611,40.95,On Head
488447,0.1628,8.0661,2.9377,-12.1832,-18.4580,-5.1756,40.95,On Head
488497,0.2035,8.3175,2.9353,6.1679,-31.1756,-3.8626,40.95,On Head
488547,0.5076,10.3932,2.5115,-3.3130,-40.8702,-8.5496,40.95,On Head
488597,0.6704,9.9048,2.7629,-9.4962,-35.7252,-5.2672,41.19,On Head
488647,0.8835,9.3709,2.9281,-4.5802,-29.5267,-5.6947,40.95,On Head
488697,0.5363,9.0764,2.9712,0.7328,-26.1069,-8.0611,40.95,On Head
488747,0.5794,9.3709,2.2314,11.9695,-28.9008,-9.4656,40.95,On Head
488797,1.0008,9.5433,1.7957,6.5496,-26.7481,-5.6183,41.05,On Head
488847,0.9864,9.3901,1.7142,6.1527,-20.1374,-12.8702,40.95,On Head
488897,0.9002,9.9072,1.7885,3.5725,-5.7557,-7.2366,40.95,On Head
488947,0.3807,9.4427,2.0063,15.3130,1.4504,1.3740,40.91,On Head
488997,0.6321,9.9718,1.8004,14.3817,2.7939,5.4809,41.19,On Head
489047,0.6249,10.1873,1.6233,16.6260,3.3588,10.5649,40.91,On Head
489097,0.7542,9.7827,1.1899,18.7023,5.4504,17.2672,41.05,On Head
489147,1.2450,11.0397,1.2210,15.8015,-10.4733,31.4198,40.95,On Head
489197,1.8316,11.8968,-0.2274,0.7176,5.8321,23.4656,41.09,On Head
489247,1.5227,10.4962,-0.1508,-3.8931,19.3740,23.6947,41.05,On Head
489297,1.3767,7.9033,-0.5626,-2.0458,20.8855,15.6031,41.05,On Head
489347,2.4421,8.1954,-0.6393,-1.8015,26.9771,15.8931,41.05,On Head
489397,2.5522,9.1387,-0.8930,5.2824,35.1756,-13.1908,40.67,On Head
489447,1.2282,10.9223,-1.0415,-1.8626,30.3664,-27.1756,41.09,On Head
489497,1.2019,10.8457,-1.0558,-7.4809,32.0305,-26.5038,40.91,On Head
489547,1.2330,10.0389,-0.9313,-15.2672,47.4046,-17.6794,41.09,On Head
489597,1.3767,8.5904,-0.4573,-13.2672,66.6412,-8.6107,41.09,On Head
489647,1.9369,9.4499,-1.1660,-10.7023,88.6107,-7.1450,40.91,On Head
489697,1.5227,9.2584,-1.4796,-6.8550,122.7786,1.1450,40.91,On Head
489747,1.1492,10.0245,-1.0989,-3.9389,130.4275,-0.9618,40.95,On Head
489797,0.5004,10.4866,-0.8260,-12.3817,132.5802,-11.4198,40.95,On Head
489847,-0.0335,10.3573,-0.0886,-21.5114,121.1145,-6.6718,40.77,On Head
489897,-0.2849,9.9742,0.5650,-25.9542,103.9084,0.5038,41.19,On Head
489947,-0.2011,10.8840,1.2857,-38.0153,89.5573,-7.7557,41.09,On Head
489997,-0.9649,10.2951,2.1500,-44.2748,73.2061,3.9084,41.05,On Head
490047,-0.0072,10.8888,2.6887,-35.7405,74.1374,10.4733,40.77,On Head
490097,-1.0630,9.6798,3.4572,-23.7710,73.0992,-6.7023,40.91,On Head
490147,-1.7406,9.0237,2.9281,-15.2061,65.1450,0.5344,40.95,On Head
490197,-0.8930,8.3390,2.7869,1.5878,60.0305,27.6794,40.91,On Head
490247,0.1053,8.6335,3.0119,-3.4046,59.1298,27.1603,40.91,On Head
490297,0.0287,9.0932,2.6001,22.1527,55.2672,9.3893,40.95,On Head
490347,0.4525,10.6566,1.6664,-0.7786,66.4580,4.3206,40.86,On Head
490397,-0.6895,9.5840,2.3631,14.6565,82.9771,7.5878,41.09,On Head
490447,-1.2641,10.8673,2.6432,7.1756,71.6641,17.0382,40.95,On Head
490497,0.6345,9.5337,2.8611,-12.6107,68.9313,22.3664,41.09,On Head
490547,-0.0335,8.5353,3.1340,10.0000,86.5802,18.9160,40.95,On Head
490597,-0.9385,9.7683,3.0574,3.9389,71.5267,24.8397,40.91,On Head
490647,-0.9697,9.6941,3.2872,5.0229,59.8473,20.3969,40.91,On Head
490697,0.5794,9.9288,3.1053,3.3435,57.2519,21.7710,40.95,On Head
490747,2.2290,10.3094,3.0478,10.5802,62.7481,12.0000,40.77,On Head
490797,0.4238,8.8705,2.3535,23.3282,48.5344,-12.3359,41.09,On Head
490847,0.4334,9.8833,0.9194,35.9695,30.5191,-6.0000,40.91,On Head
490897,1.1109,10.1538,-0.1053,9.8321,28.0000,3.2061,40.91,On Head
490947,1.6472,9.7755,-0.5148,6.9466,34.9466,10.0000,40.95,On Head
490997,2.0949,10.6949,-0.3998,-3.6031,44.8550,-1.0534,40.95,On Head
491047,1.1133,11.0109,-0.1269,-1.2214,51.7099,-14.9618,41.05,On Head
491097,-0.5746,11.4586,-0.0479,0.1221,51.1450,-9.8626,41.28,On Head
491147,-0.6057,10.2304,0.3184,-2.8702,38.2901,13.3130,40.95,On Head
491197,0.4334,9.5672,0.5411,0.0763,29.6031,13.7252,40.86,On Head
491247,0.7733,9.1123,1.2929,2.2748,2.3359,6.5038,40.95,On Head
491297,1.2258,10.6901,0.5411,-6.3969,-4.0458,-7.9847,40.95,On Head
491347,0.5962,10.0365,0.5291,-8.4427,-9.3282,-21.3893,40.95,On Head
491397,0.0718,10.1873,0.9050,-28.3511,-18.3664,-5.5420,40.91,On Head
491447,0.3352,9.6582,1.2689,-18.0305,-16.4427,-4.4885,41.05,On Head
491497,0.0215,10.1730,1.7478,-21.6183,-13.8321,5.8931,40.72,On Head
491547,0.4118,9.5816,1.9106,-7.1908,-15.0534,8.0763,41.05,On Head
491597,0.5794,10.0533,1.7190,-12.5038,-9.8015,10.0458,41.19,On Head
491647,0.6584,9.8330,2.2769,-4.1985,-7.2366,12.3664,41.19,On Head
491697,1.6616,8.8992,2.5762,-13.7710,-3.3130,6.1374,40.95,On Head
491747,0.4094,9.8019,2.9066,-8.2137,-5.8626,21.7863,41.05,On Head
491797,1.1636,10.4244,1.9992,-1.2214,-0.5344,19.4656,41.09,On Head
491847,1.6041,9.5505,2.2745,-5.8321,-5.4809,31.0992,41.05,On Head
491897,1.4293,9.6510,2.5498,-14.8702,-5.5878,24.9008,40.91,On Head
491947,2.4445,9.3781,2.2984,-1.5420,1.9237,26.9160,40.77,On Head
491997,2.6695,9.5696,2.7773,-14.1985,7.1145,16.2290,41.05,On Head
492047,2.6217,9.2727,2.4205,-4.0000,22.0305,1.6794,40.95,On Head
492097,1.5897,9.3063,2.9688,-15.0229,13.1603,-9.1603,41.24,On Head
492147,1.4940,9.9168,2.6719,-5.2672,12.5191,-9.4809,41.09,On Head
492197,1.8531,9.6606,2.7773,-11.3282,13.9847,-13.9084,41.09,On Head
492247,1.2330,9.1794,3.0742,-4.4733,3.4046,-12.1069,41.09,On Head
492297,0.5219,10.0628,2.7461,0.3206,-8.7634,-17.8779,40.95,On Head
492347,1.0271,9.5529,2.7845,-8.3053,-27.3130,-16.8855,41.05,On Head
492397,0.7063,10.1323,3.1675,-41.3893,-35.3282,-26.2137,41.09,On Head
492447,1.7621,8.9399,3.1436,1.6183,-18.1832,-13.4656,41.19,On Head
492497,0.9433,9.4379,3.3232,7.8321,-2.9008,-16.1221,41.09,On Head
492547,1.2498,9.2296,2.3631,23.5878,-0.5649,-7.6794,40.95,On Head
492597,1.5754,10.1921,1.8100,18.1985,20.4427,-10.4885,40.72,On Head
492647,0.9816,10.1251,2.1668,-1.2214,33.1145,-6.1069,41.24,On Head
492697,-0.6321,9.3398,3.1101,-10.5344,22.7634,-0.2290,41.09,On Head
492747,-0.0551,10.1778,2.4948,20.3359,3.4046,7.5878,40.91,On Head
492797,0.0359,9.4116,2.5115,4.6565,-15.9695,4.9466,40.95,On Head
492847,1.1923,10.3070,1.6472,-6.1679,-9.2672,0.0153,40.72,On Head
492897,2.0303,10.1059,1.7478,-6.5649,27.3740,-15.0534,40.77,On Head
492947,-1.3336,9.5529,3.4548,-22.0305,-13.8473,1.3435,41.09,On Head
492997,1.0511,9.4284,2.3798,2.4580,-32.3206,9.9542,40.77,On Head
493047,1.9848,9.8665,1.5395,2.5954,-7.6641,-0.3511,40.95,On Head
493097,1.1468,9.9144,2.0710,-7.3282,0.1069,-2.5344,41.09,On Head
493147,0.4836,10.1730,2.3296,-5.5115,0.0458,-1.1298,41.05,On Head
493197,1.0127,9.6630,2.4301,-14.3359,-9.1298,7.7252,41.05,On Head
493247,0.7997,9.2129,2.8826,0.7481,5.6947,12.6718,40.95,On Head
493297,0.7063,9.4715,2.7126,15.9542,9.0840,18.0000,40.86,On Head
493347,0.5100,10.4674,2.3918,16.2443,-1.7252,22.4580,40.67,On Head
493397,1.4078,9.9383,2.1548,12.7023,-6.1221,27.8168,41.19,On Head
493447,2.0590,9.6391,2.0327,11.2061,2.6565,21.8168,40.86,On Head
493497,1.4820,9.9862,2.0662,27.6947,9.7863,20.7328,41.28,On Head
493547,1.5060,10.1682,1.6999,16.0916,-4.2443,26.0153,40.95,On Head
493597,2.5019,10.0437,0.9888,6.4275,-2.2748,21.6183,40.91,On Head
493647,2.5139,9.2895,1.4509,16.9008,-5.5878,19.6947,40.91,On Head
493697,2.5426,10.0868,1.2043,4.8397,-13.4046,13.8626,40.91,On Head
493747,2.8539,9.8138,1.1133,11.5115,3.1908,5.6641,40.91,On Head
493797,1.7645,9.8067,1.0846,-8.3664,-7.0687,4.5191,40.67,On Head
493847,3.1173,10.4962,0.8811,3.4504,-3.6183,10.9160,40.77,On Head
493897,2.4804,8.1786,1.3838,-37.2366,-23.0840,11.9237,40.91,On Head
493947,3.6344,10.8026,0.8787,2.8855,2.7939,6.7786,40.91,On Head
493997,2.5522,7.8697,1.0774,1.7710,-5.7252,8.9924,41.19,On Head
494047,2.2745,10.2544,1.5419,-30.7634,0.4427,5.1450,40.72,On Head
494097,3.7302,9.5792,1.0606,16.7176,16.2595,9.4046,40.91,On Head
494147,2.1979,8.4108,1.7166,-14.7176,-9.6489,6.5496,41.24,On Head
494197,3.5602,10.1490,1.1612,-2.2137,-0.3206,-13.2977,40.91,On Head
494247,3.3998,9.3350,0.9792,2.5344,7.5420,-23.3588,40.95,On Head
494297,1.8459,9.8354,0.9697,-12.0916,-1.6031,-31.0534,41.05,On Head
494347,1.9106,9.5193,1.2306,-14.7939,7.0076,-21.7252,41.05,On Head
494397,1.8890,8.8322,2.6169,-9.6641,3.8321,-8.5954,40.95,On Head
494447,2.4493,9.2847,1.9728,8.1679,2.4275,-1.8931,40.91,On Head
494497,2.1811,10.1897,1.1349,12.8855,2.7023,-0.4275,41.19,On Head
494547,2.3296,10.4770,1.3384,-1.3130,5.1145,-3.8168,41.05,On Head
494597,2.7845,10.3908,0.7183,-12.6718,10.8244,-13.4351,40.77,On Head
494647,2.2075,9.6031,1.5371,-28.6107,15.8931,-14.8855,40.91,On Head
494697,1.5299,9.1889,2.3894,-21.6336,14.7023,-14.1069,41.05,On Head
494747,1.3599,9.4212,2.5043,3.3893,8.9160,-5.0687,41.24,On Head
494797,1.7933,9.5553,1.7214,5.3282,5.4656,-2.4275,40.86,On Head
494847,1.8603,10.0628,1.5874,-8.9008,4.5496,-9.5573,40.95,On Head
494897,1.9249,9.9766,1.7238,-1.6183,11.4962,-12.3053,40.58,On Head
494947,1.3958,9.8881,2.0901,-11.6183,10.5496,-12.6412,40.95,On Head
494997,1.3264,9.6486,1.9920,-0.5496,5.4656,-5.3282,41.19,On Head
495047,1.6113,9.8641,1.9800,-8.5649,6.7023,-7.2214,41.19,On Head
495097,0.9577,9.7157,2.4014,-7.5573,-1.8626,-1.8779,40.77,On Head
495147,1.1301,10.3334,2.0518,-5.9389,1.6489,4.9008,40.91,On Head
495197,1.6089,9.7420,2.1213,-4.9466,0.3206,9.3435,41.19,On Head
495247,1.5945,9.6869,2.1572,-6.9771,-0.0763,6.3664,40.95,On Head
495297,1.4054,9.5265,2.3655,-7.1450,-8.9313,1.0687,40.95,On Head
495347,1.7358,9.6510,2.3631,-6.0916,-3.7252,-1.1603,41.24,On Head
495397,1.8579,9.8378,2.0399,-7.9389,-6.2595,-3.5878,41.24,On Head
495447,2.1308,9.5409,2.2625,-15.2977,9.9084,-11.4656,40.95,On Head
495497,1.8531,9.3111,2.4445,15.1603,36.2595,-5.8015,40.91,On Head
495547,0.3017,10.1682,2.6959,11.3588,25.9542,7.7099,40.95,On Head
495597,-0.0934,10.3310,2.4157,5.8321,-7.0840,16.2137,41.19,On Head
495647,1.2163,10.2663,1.7933,-16.5496,-28.7481,2.6412,41.24,On Head
495697,1.8004,9.4523,2.1452,-24.6565,-36.7176,-10.1221,40.77,On Head
495747,2.1500,9.2703,2.4732,-14.2748,-21.9084,-16.4886,40.86,On Head
495797,1.8435,9.3087,2.7677,0.1527,-1.9847,-8.7634,40.95,On Head
495847,1.2881,10.0102,2.4660,4.9618,5.1298,3.5267,40.91,On Head
495897,0.7733,10.7931,1.5107,13.7863,11.1450,13.4504,40.86,On Head
495947,1.9249,10.3142,1.2115,1.0840,30.6870,15.5725,41.05,On Head
495997,1.8890,10.1754,1.0582,-7.0534,38.6412,27.9542,40.95,On Head
496047,2.6217,9.6438,1.5850,-15.5115,40.3359,31.2519,40.91,On Head
496097,2.9736,9.1722,2.1524,-20.4275,47.5267,19.2672,41.09,On Head
496147,2.8946,8.7652,2.6983,-20.5344,51.2519,-2.8092,41.28,On Head
496197,2.1715,8.9280,3.1125,-18.3206,53.9542,-27.0229,40.86,On Head
496247,1.5395,9.0932,3.0071,-16.6412,59.8321,-28.7481,40.72,On Head
496297,1.8603,9.7229,2.2338,-18.0763,80.9618,-26.6107,41.05,On Head
496347,1.1061,10.0748,1.9824,-20.6565,109.0229,-22.7023,40.95,On Head
496397,-0.4860,9.7061,3.0550,-23.2977,114.3664,-4.0611,41.05,On Head
496447,-1.0846,9.2727,4.0701,-32.4427,102.2290,-4.6107,40.95,On Head
496497,-2.2505,8.6072,5.7197,-32.0153,65.8779,-6.9160,41.19,On Head
496547,-2.3655,8.5545,6.2441,-13.4504,21.1145,-14.6412,41.19,On Head
496597,-1.7526,9.1291,5.5617,-5.6336,-10.4733,-19.9542,41.05,On Head
496647,-0.6512,9.2703,4.2425,-2.8550,-19.2061,-14.6718,40.91,On Head
496697,-0.1460,9.1554,3.9097,-8.9160,-6.6260,-16.9618,41.09,On Head
496747,-0.4166,8.7101,4.0031,-4.0916,8.0458,-23.8779,40.91,On Head
496797,-1.3001,9.1195,4.0558,-4.3206,14.3511,-37.4809,41.09,On Head
496847,-2.4277,9.4858,4.5538,-13.1450,7.9847,-29.4809,40.86,On Head
496897,-2.7318,9.2033,5.2864,12.9771,7.3435,1.4504,40.95,On Head
496947,-2.1189,8.4898,4.5203,-7.3435,2.8550,-4.5344,41.19,On Head
496997,-2.0877,8.7293,4.4293,9.3282,9.9389,-0.2595,40.91,On Head
497047,-1.4030,9.0549,4.2832,11.9084,16.0000,-1.8626,41.05,On Head
497097,-2.2577,8.8274,4.0007,37.2672,11.9847,-4.8855,41.05,On Head
497147,-2.6408,9.7444,4.0079,19.6183,-1.3130,-11.4046,41.19,On Head
497197,-3.6966,10.6518,4.1659,-9.0840,-24.1679,-2.5649,41.05,On Head
497247,-2.8970,9.3733,4.2329,-21.2977,-41.0992,7.9237,40.95,On Head
497297,-2.2553,8.9591,4.4149,-30.1374,-55.1298,6.7023,40.91,On Head
497347,-1.4964,8.3366,4.5226,-16.1679,-57.2214,6.1679,40.77,On Head
497397,-1.7095,9.5122,4.7357,-16.5954,-55.6947,3.2977,40.86,On Head
497447,-1.3216,8.8250,4.6735,-14.1832,-55.2061,4.7634,40.72,On Head
497497,-0.7422,8.7221,5.3630,-21.8321,-47.2519,11.2519,41.09,On Head
497547,-0.5387,7.7428,5.5138,-25.8015,-51.4351,4.6260,40.91,On Head
497597,0.5698,7.8147,5.0996,28.1679,-41.4351,-9.7863,41.09,On Head
497647,-0.4741,8.2696,5.2385,37.6031,-35.5267,-14.5496,41.05,On Head
497697,-0.3807,9.0716,4.5442,28.9160,-46.2443,-6.9771,41.05,On Head
497747,-0.0886,9.1099,4.4101,40.5649,-41.6489,-5.2214,41.24,On Head
497797,-0.1484,9.6558,4.0079,40.1527,-44.3359,5.6794,40.95,On Head
497847,-0.1149,9.0142,4.1539,24.3664,-59.1145,9.3588,41.09,On Head
497897,0.1652,10.5632,3.2896,11.2519,-59.4962,14.9313,40.95,On Head
497947,0.5267,9.7636,3.1699,11.0382,-52.7176,16.8397,40.95,On Head
497997,1.1732,9.6845,2.5833,10.6107,-49.8015,15.3130,40.86,On Head
498047,1.3408,9.8976,2.7414,-11.8626,-40.7023,24.9924,41.05,On Head
498097,1.8842,9.5146,2.6647,-10.0458,-31.0229,23.1908,40.67,On Head
498147,2.4229,9.3901,2.5929,-9.5878,-14.9924,21.8779,40.95,On Head
498197,2.7102,9.5385,2.3559,1.7710,9.4656,35.3282,41.05,On Head
498247,2.5929,8.8274,3.1556,-6.1832,17.7252,44.6870,41.05,On Head
498297,3.2130,8.8777,3.3662,-5.9237,22.5496,29.4351,40.95,On Head
498347,2.7461,8.6119,3.9887,-3.0687,22.6107,12.2290,40.95,On Head
498397,2.7318,9.2799,3.5482,-0.5954,20.9313,7.2824,40.91,On Head
498447,2.7126,8.7364,3.5865,3.4351,22.9313,4.7634,40.91,On Head
498497,2.3343,9.8402,3.6105,-4.1069,11.8168,3.4809,40.95,On Head
498547,2.4541,9.6462,3.8116,-17.2824,10.0458,-2.5191,40.95,On Head
498597,1.9776,10.3693,3.6129,-21.2672,-1.2366,2.4122,40.95,On Head
498647,2.8252,9.4332,4.0677,-43.8931,-0.3053,1.3588,40.86,On Head
498697,2.8970,8.2911,4.6639,-31.3282,-1.8779,-4.9466,40.86,On Head
498747,2.8395,7.8913,4.3167,-15.3740,7.0229,-10.1832,41.09,On Head
498797,3.3471,7.9655,4.5131,10.7939,14.0458,-11.5267,40.91,On Head
498847,3.0454,8.6000,4.0223,32.4427,33.9695,-7.5420,41.09,On Head
498897,2.2362,9.1051,3.9289,36.6107,28.7634,6.4580,41.09,On Head
498947,1.7526,9.5553,3.8499,37.3588,23.5573,5.3282,41.24,On Head
498997,1.8459,10.1155,3.4884,15.4504,10.1679,0.6565,40.91,On Head
499047,1.5443,9.7492,3.8475,-4.5496,-3.2366,-0.7786,41.09,On Head
499097,2.6240,8.4396,3.3615,-2.6565,-10.2901,-11.7863,41.05,On Head
499147,2.8156,10.2065,2.7198,-2.9618,16.2901,-3.4198,40.77,On Head
499197,2.0399,10.2161,3.3758,-18.2595,36.6565,8.8244,40.91,On Head
499247,1.0654,10.0580,4.3335,-35.2519,39.9847,32.1527,41.09,On Head
499297,0.9960,8.6167,5.0877,-44.7786,10.9771,30.2290,40.95,On Head
499347,2.5283,7.7117,5.1212,-31.7863,-8.7481,7.4351,40.86,On Head
499397,2.5762,7.9631,5.3343,-6.6107,-11.0534,-7.1298,41.19,On Head
499447,2.8156,8.8562,4.8626,0.5191,-5.4046,-11.0992,40.95,On Head
499497,2.4086,8.8155,4.9009,-1.6489,-2.1221,-12.6718,41.24,On Head
499547,2.0207,7.8027,5.4492,-14.0000,-5.1450,-5.4809,40.95,On Head
499597,1.4940,8.8849,5.6360,-6.3359,-7.1450,-0.7023,41.09,On Head
499647,1.4964,8.4779,6.0262,15.9389,-7.1908,3.8473,40.91,On Head
499697,1.6376,8.2648,5.6120,30.0000,-24.3511,-1.3435,41.19,On Head
499747,1.6257,8.3151,5.0230,36.8244,-39.9389,-5.4962,40.95,On Head
499797,1.7095,8.9160,3.9624,47.2061,-65.1756,-3.6641,41.19,On Head
499847,1.6400,9.4188,3.0167,37.8473,-92.3053,-15.0992,40.95,On Head
499897,1.8651,10.0173,1.4964,27.6336,-111.7863,-21.6336,40.95,On Head
499947,2.6695,10.6829,-0.0599,8.7786,-106.4275,-24.8550,40.95,On Head
499997,2.9233,11.0181,-0.4070,-9.6489,-73.3740,-17.3282,40.86,On Head
500047,2.6624,10.5656,0.4836,-17.9847,-40.3817,8.4580,41.05,On Head
500097,3.6105,9.7875,0.9433,-9.3435,-29.3435,31.5573,40.86,On Head
500147,4.9608,8.6239,1.1660,-11.1298,-1.5725,20.9771,41.09,On Head
500197,4.4077,8.5162,1.7286,-6.6412,37.1908,-9.3588,41.24,On Head
500247,2.5570,9.2201,2.3056,2.8550,54.9313,-18.7786,41.05,On Head
500297,1.3815,10.0437,2.4684,6.6107,53.3893,-12.6565,41.05,On Head
500347,1.6903,10.3046,2.0111,6.2137,48.2595,-0.8092,40.95,On Head
500397,3.3016,9.8785,1.3408,3.8626,65.2672,5.6489,41.19,On Head
500447,6.0142,9.5744,-0.7518,18.7328,145.7863,5.5115,41.05,On Head
500497,2.6217,9.9766,0.2418,31.1298,222.5038,23.4198,41.05,On Head
500547,0.5315,9.6582,1.7909,23.5725,224.6107,38.3359,40.95,On Head
500597,-0.5555,9.6055,3.4309,23.0992,170.2137,27.5573,40.91,On Head
500647,-0.7470,9.7133,4.1348,12.7939,98.6412,5.2672,40.95,On Head
500697,-0.2682,10.0030,4.1946,-2.5802,33.9695,3.5573,41.09,On Head
500747,0.9505,9.4739,3.8307,-8.1679,-1.8931,4.1527,40.95,On Head
500797,1.7262,9.2727,3.2801,-5.6336,-18.3053,-1.6947,41.05,On Head
500847,1.9058,9.3565,3.1292,-8.7328,-21.5878,-1.6031,41.09,On Head
500897,2.1428,9.5696,2.8563,-4.5802,-23.3588,-3.4504,40.95,On Head
500947,2.1261,9.3470,2.7988,-0.9008,-22.5802,-7.4962,41.24,On Head
500997,1.9896,9.9240,2.5283,-1.5878,-26.6565,-9.7252,40.91,On Head
501047,1.8627,9.8617,2.6647,-11.3130,-29.4656,-6.5649,40.95,On Head
501097,1.5275,9.4116,3.1963,-10.9008,-34.9466,-8.4885,40.95,On Head
501147,1.2139,9.2775,3.4309,-3.4351,-50.6260,-10.0763,41.05,On Head
501197,0.7159,9.1435,3.5003,2.7328,-70.5649,-17.9389,40.91,On Head
501247,-0.4214,9.5720,2.9736,8.2290,-106.5343,-24.2748,41.09,On Head
501297,0.3112,12.8138,1.1133,-35.8168,-143.4657,-29.0840,40.77,On Head
501347,1.0582,9.4715,2.3966,-51.4809,-122.7786,-3.0076,40.86,On Head
501397,2.4062,8.0780,2.2889,6.5191,-99.3588,22.7939,41.09,On Head
501447,4.4939,9.4092,1.1899,21.2519,-63.7710,20.4122,40.91,On Head
501497,4.2210,9.1937,1.2402,15.5267,-16.2290,8.5344,41.05,On Head
501547,3.4213,9.1674,1.3360,15.9542,-1.5725,3.4504,40.95,On Head
501597,2.6193,10.1323,1.3910,7.7557,-0.8092,-3.8626,41.19,On Head
501647,2.4876,10.0006,2.0303,-21.2061,-13.3588,-3.2672,40.95,On Head
501697,3.0358,8.5018,2.6600,-9.6031,-9.1908,-9.7710,40.95,On Head
501747,2.6025,8.8538,2.4636,16.9771,-8.5191,-12.3053,41.19,On Head
501797,3.0718,9.2847,1.5945,20.1069,-7.4198,-10.5649,40.91,On Head
501847,3.5171,9.2919,0.7997,15.4198,-2.4580,-14.2290,40.91,On Head
501897,2.3487,10.6494,-0.0622,11.6947,11.8779,-22.0763,41.19,On Head
501947,1.4820,10.7428,0.2131,-11.8779,6.1832,-10.0916,40.91,On Head
501997,2.2482,10.2113,0.1413,-10.3511,14.8702,-4.4122,40.86,On Head
502047,2.3343,9.8521,0.3879,-11.8779,32.2748,-1.5267,40.95,On Head
502097,2.4612,9.5720,0.6321,-3.3740,46.0916,-7.1756,41.19,On Head
502147,2.0207,9.8043,0.5746,-7.3435,54.8702,-7.0687,41.09,On Head
502197,2.1620,9.7252,0.7159,-4.3817,68.1985,-10.0305,40.95,On Head
502247,1.6712,9.7923,0.9290,-3.2519,76.2137,-9.9847,41.19,On Head
502297,1.7861,9.6822,1.0894,-2.0458,82.4580,-11.0534,41.09,On Head
502347,1.9010,9.3853,1.2186,-2.3053,88.2443,-16.8092,40.91,On Head
502397,1.4126,8.1523,1.4222,10.3053,84.8702,-31.2824,40.86,On Head
502447,-1.1708,11.1187,0.8499,2.6412,54.5038,-76.1221,40.95,On Head
502497,-2.7485,12.1147,1.4916,-34.8855,35.7557,-49.7557,41.05,On Head
502547,-2.1883,11.0852,2.0255,-24.8855,19.5267,-2.8092,40.91,On Head
502597,-0.4836,10.2807,1.6161,-14.8702,22.4275,7.9084,40.77,On Head
502647,0.0096,9.3230,1.9513,-16.0916,20.6107,14.2748,41.09,On Head
502697,0.4453,9.7037,1.7310,-4.1985,24.7939,16.2748,41.05,On Head
502747,0.8404,9.7444,1.2594,-0.2290,30.2748,18.8702,40.95,On Head
502797,1.6783,10.4004,-0.1245,-6.9466,44.1985,16.7939,40.95,On Head
502847,1.6328,9.7181,0.0192,-26.7634,62.5496,6.8855,40.72,On Head
502897,0.3663,10.7284,1.1229,-28.1832,80.9924,-1.7252,41.24,On Head
502947,-1.3862,10.1754,2.8108,-13.1603,83.6183,16.2901,41.09,On Head
502997,-1.4820,9.7133,3.2513,14.4885,79.3740,31.2061,40.86,On Head
503047,-0.5938,10.2304,2.5163,20.8244,79.3435,37.5420,41.28,On Head
503097,-1.1516,9.5481,3.1699,6.6107,74.9313,27.9084,41.05,On Head
503147,-1.8603,9.2368,4.0103,-5.7710,51.0992,17.0687,41.09,On Head
503197,-2.0470,8.7747,4.3814,-7.0382,26.0763,16.6718,41.05,On Head
503247,-0.9577,9.0022,4.9943,-10.1679,3.4198,23.5114,40.91,On Head
503297,-0.4022,7.9152,4.7070,31.5420,-1.5878,8.5344,40.91,On Head
503347,-0.7829,9.8569,2.9161,50.2595,-9.6489,0.5954,41.19,On Head
503397,-0.4166,10.6662,1.6999,33.8779,-19.7557,8.2901,40.77,On Head
503447,0.5602,9.5074,1.3192,22.5954,-23.2519,16.5344,41.19,On Head
503497,2.2817,10.1035,0.4597,17.0076,-17.2214,16.0458,41.19,On Head
503547,3.1556,10.1921,0.7015,-13.6031,-1.5573,-0.9771,40.86,On Head
503597,2.0997,9.6295,1.8172,-26.0916,12.3817,-19.7863,41.09,On Head
503647,0.7350,9.5624,2.6552,-22.6718,13.9847,-15.0382,41.19,On Head
503697,0.7518,9.5624,2.6935,-6.6718,14.1069,1.5115,40.86,On Head
503747,1.4365,9.2919,2.2793,1.6183,18.7023,10.7176,40.91,On Head
503797,2.4565,9.6989,1.6233,7.5115,25.6336,5.6947,41.05,On Head
503847,1.9034,10.1011,2.2889,-6.0611,37.0992,-3.2977,40.77,On Head
503897,0.6153,10.3262,3.1723,-4.6260,42.7176,1.1145,40.95,On Head
503947,-0.1125,10.0724,3.1029,6.5802,38.7634,19.4198,41.05,On Head
503997,1.9513,13.2758,2.5498,11.8168,38.4733,39.8779,41.28,On Head
504047,1.3336,10.2400,2.0423,30.7023,31.8931,16.0153,41.09,On Head
504097,1.0654,10.0963,0.4453,20.9771,27.9389,6.2290,40.95,On Head
504147,0.2251,8.9615,-0.6680,9.1756,22.0458,9.3588,40.95,On Head
504197,1.1181,9.5936,-0.6345,0.7786,17.5573,37.9847,40.95,On Head
504247,2.7605,9.6534,-1.1229,14.3511,26.8397,25.6336,40.91,On Head
504297,2.6983,10.2879,-2.1572,13.3740,45.8779,12.0305,41.24,On Head
504347,2.6025,10.2113,-1.7358,-13.4962,58.3359,25.7252,40.95,On Head
504397,2.9760,8.8131,-0.4286,-25.1145,68.1527,22.4886,40.95,On Head
504447,2.7007,8.3845,0.8212,-24.6260,67.6336,13.5725,41.09,On Head
504497,2.5833,8.3270,1.4772,-19.3588,56.8550,8.8397,41.09,On Head
504547,2.7294,8.4156,1.7406,-6.5191,43.0840,0.9771,40.91,On Head
504597,2.8946,9.2201,1.5275,-0.3359,31.9847,-10.9313,40.95,On Head
504647,2.6169,10.5058,1.2426,-2.3206,23.9084,-8.3511,40.95,On Head
504697,2.3320,10.7811,1.2091,-12.7481,16.8092,5.3130,41.19,On Head
504747,2.3655,9.8785,1.9106,-20.5802,11.1298,17.0840,41.09,On Head
504797,4.5490,16.5894,2.4493,-2.4122,10.1374,41.6641,40.95,On Head
504847,3.4453,9.7995,3.9959,-17.6336,5.4198,25.4656,40.95,On Head
504897,2.0039,7.8697,4.4843,-21.8626,-13.8931,-3.7710,41.19,On Head
504947,1.0774,7.7237,4.3359,-6.6260,-20.8550,-23.4656,41.09,On Head
504997,0.8715,8.9208,4.2425,12.5191,-29.9389,-3.8626,40.86,On Head
505047,1.8028,8.7987,3.6751,11.3588,-34.0305,-0.5802,41.09,On Head
505097,1.9130,9.3063,3.5506,5.7557,-30.9313,-2.2901,40.91,On Head
505147,2.2745,8.5066,3.3040,15.3130,-31.8015,6.0305,41.05,On Head
505197,2.8563,8.8011,2.7485,17.0382,-31.9237,7.3588,40.95,On Head
505247,3.2106,8.5928,2.2841,13.0382,-27.7557,8.9466,41.19,On Head
505297,3.6966,8.1954,2.9784,6.4733,-23.8168,12.5344,41.09,On Head
505347,3.8499,8.2121,2.9616,26.6412,-6.4122,5.6336,41.05,On Head
505397,3.3088,10.0604,2.6719,30.3664,-13.4809,-3.1603,40.95,On Head
505447,3.3639,10.4315,1.4557,23.0992,-6.5954,-4.7939,41.09,On Head
505497,4.5370,12.3062,1.6927,4.0611,-4.4885,20.9771,40.91,On Head
505547,4.0079,10.8242,-0.5578,14.3969,14.9160,-3.8779,40.95,On Head
505597,2.7007,8.7580,-2.7773,24.8702,21.9542,-8.9771,41.09,On Head
505647,3.3255,9.3182,-1.9489,-50.5191,-8.0916,0.2748,40.95,On Head
505697,5.5306,7.2089,-0.9026,-28.0763,3.1908,-12.5496,40.95,On Head
505747,3.4596,8.1810,-0.6345,3.7710,43.4351,-45.0229,40.95,On Head
505797,1.2043,9.6007,-0.1676,6.1832,40.9924,-27.3435,40.91,On Head
505847,1.7861,9.5792,-0.4405,12.3817,37.8473,-16.3969,40.95,On Head
505897,1.6783,9.8234,-0.4693,-3.7405,34.5038,-9.8626,41.09,On Head
505947,2.4038,8.6383,-0.1891,3.0687,32.1221,0.0000,41.09,On Head
505997,3.1484,8.9495,-0.3807,13.5878,38.9466,-11.3893,40.91,On Head
506047,2.6767,10.1562,-0.1604,0.5802,47.8931,-25.2366,40.86,On Head
506097,1.9824,11.3820,0.6871,-4.5191,40.7634,1.0687,40.91,On Head
506147,2.3463,10.1466,0.8547,-7.1450,29.9389,-3.7710,41.24,On Head
506197,3.2561,14.8512,1.9225,13.2824,23.5114,5.8779,40.77,On Head
506247,3.7685,10.0269,1.4892,-8.4580,33.2061,-13.4809,40.77,On Head
506297,0.6584,8.1714,1.8986,-2.2901,18.5954,-28.7939,40.95,On Head
506347,0.9170,8.9423,1.8794,-8.3664,28.6870,-33.0687,40.91,On Head
506397,0.0024,9.4858,2.6408,5.8321,38.1832,-32.3664,40.86,On Head
506447,0.0000,8.5712,2.6839,13.4962,33.1756,-27.1450,41.05,On Head
506497,-0.4812,9.4284,2.2553,18.0153,29.0076,-28.2443,40.95,On Head
506547,-0.9074,9.0261,1.7573,25.9084,17.6031,-20.2290,41.05,On Head
506597,-0.3759,9.6462,0.9122,25.3893,2.4733,-16.4427,41.24,On Head
506647,-0.2945,9.8569,0.4070,11.5725,-0.8397,-7.4962,41.09,On Head
506697,0.0024,10.2185,0.3017,-4.5344,-0.4580,0.4885,40.95,On Head
506747,0.4669,10.4052,0.7757,-10.9771,7.4046,2.8550,40.91,On Head
506797,0.5794,10.2280,0.7733,-9.2366,23.0687,2.7939,40.95,On Head
506847,3.0813,18.1409,-0.2969,14.4885,54.0000,17.7405,40.95,On Head
506897,0.8380,11.8441,-0.3687,42.6565,80.7328,-27.6794,41.05,On Head
506947,-0.9625,9.2703,-1.6688,14.1069,58.4580,-24.0611,41.24,On Head
506997,-0.0096,9.7540,-2.2458,-11.2824,47.9237,13.6641,40.95,On Head
507047,1.6999,8.5665,-1.5682,-11.6336,54.1527,14.7481,40.95,On Head
507097,0.1245,9.1028,-1.7454,5.0076,63.6794,-12.9008,40.77,On Head
507147,-0.0742,9.5505,-1.5179,-20.1985,49.5725,4.7634,41.19,On Head
507197,1.1037,8.2432,-0.9409,-12.3969,52.6870,-5.6489,40.91,On Head
507247,0.8523,8.7436,-0.6345,-10.2901,60.1832,-18.0000,40.95,On Head
507297,0.2849,9.6367,-0.7111,-1.0229,61.8015,-9.1603,40.95,On Head
507347,0.5004,9.7540,-0.7087,1.6489,54.3359,-3.1908,40.95,On Head
507397,-0.7566,12.6174,-2.2434,8.1679,56.5038,-22.1221,40.95,On Head
507447,-2.4181,14.2168,-2.0039,-46.2137,47.8168,30.1832,40.91,On Head
507497,-0.8428,9.6199,0.9720,-67.8321,27.2366,88.3359,40.91,On Head
507547,2.5259,10.2472,2.9832,-89.9695,-2.6107,80.4580,40.91,On Head
507597,1.3791,8.3725,3.8283,-33.2824,20.0916,14.9466,40.95,On Head
507647,1.0558,8.7412,3.5434,-16.2748,35.6183,-1.3588,40.95,On Head
507697,0.2298,7.6112,3.8140,0.9924,50.5344,-3.9542,40.91,On Head
507747,0.0838,8.5784,3.0502,22.9160,45.4962,-7.0382,40.77,On Head
507797,0.3041,8.9064,1.6017,31.7710,51.6336,-7.4351,40.95,On Head
507847,0.7087,9.8306,0.5962,29.5878,62.0916,-4.7481,40.95,On Head
507897,1.0008,10.1466,0.3065,15.4046,72.7786,-4.5038,41.09,On Head
507947,0.8380,10.2161,0.4166,10.1374,80.2901,1.4198,41.19,On Head
507997,0.1269,10.0293,0.6584,9.7252,75.8321,-5.7710,40.91,On Head
508047,-0.6895,10.5273,1.0367,-10.0458,59.8473,9.8321,40.91,On Head
508097,0.5148,9.7061,1.6137,-11.1908,54.0763,28.3359,40.95,On Head
508147,1.0870,9.1099,2.1883,-0.7023,61.8779,14.7328,40.58,On Head
508197,0.6105,9.5864,2.4038,-9.4656,62.8397,8.7481,40.95,On Head
508247,-0.5148,9.9695,3.2178,-4.0305,52.1985,9.9542,41.05,On Head
508297,2.1213,10.0580,1.7526,-59.0992,21.5725,7.8168,40.77,On Head
508347,0.7494,10.7332,2.1237,-37.3588,44.7786,23.0992,41.19,On Head
508397,1.1037,7.3717,0.6776,28.3206,59.6336,12.8092,40.77,On Head
508447,2.2194,10.2568,-0.6800,20.3664,76.7634,-0.7481,41.19,On Head
508497,0.7398,9.7396,-0.1006,4.4275,90.0763,-14.7939,40.91,On Head
508547,0.4286,9.8785,-0.2251,12.9771,83.4962,-6.9924,41.05,On Head
508597,0.9505,9.6271,-0.3376,-1.7099,89.0687,-9.1298,41.05,On Head
508647,0.2370,9.2871,0.2131,2.2901,86.9618,-15.6031,40.91,On Head
508697,-0.6776,9.8067,0.4932,-2.2443,73.2366,-4.4733,40.67,On Head
508747,-0.0096,9.7300,0.7111,0.3511,58.1221,-3.5115,40.91,On Head
508797,-0.3687,9.9120,0.6800,2.0000,44.0916,-3.5725,40.86,On Head
508847,0.2634,10.2831,0.0072,-3.0076,34.7023,1.4351,40.95,On Head
508897,0.1460,10.3190,0.5746,-11.5573,41.6031,6.5802,40.95,On Head
508947,-0.2705,9.7971,1.6017,-17.8626,35.1450,13.7252,40.91,On Head
508997,-0.9936,9.3757,2.7342,-12.0916,20.1985,18.2748,40.95,On Head
509047,0.0622,10.1131,3.4333,-14.8550,-15.4351,19.2672,40.95,On Head
509097,0.8691,10.5489,1.8196,9.3588,-5.9542,15.0229,40.86,On Head
509147,1.3719,9.1889,1.3743,13.9389,0.6412,5.2366,40.91,On Head
509197,0.9697,9.3278,1.0151,10.1679,9.7252,-12.5649,40.95,On Head
509247,0.0982,9.6271,2.1141,-5.5878,6.7481,-3.9542,41.05,On Head
509297,1.1277,9.4188,1.8723,-5.1908,7.8931,-26.8702,40.95,On Head
509347,0.2682,9.0309,2.0877,-4.2290,16.8397,-40.6870,40.77,On Head
509397,-1.9656,8.9040,2.5738,8.1069,5.3588,-39.7099,40.95,On Head
509447,-2.0446,10.9846,1.8507,1.4656,-10.7328,-18.0305,40.86,On Head
509497,-1.4772,9.4834,2.0901,-12.3053,-13.6794,5.5267,41.19,On Head
509547,-1.6831,9.8737,2.0327,3.6183,-12.8550,2.6870,40.72,On Head
509597,-1.4557,10.2185,1.6089,-2.7328,-7.7252,11.1298,40.77,On Head
509647,-0.8691,10.1179,1.5778,-7.6947,6.7939,21.2366,40.91,On Head
509697,0.7685,14.1617,1.7909,6.4275,22.7023,33.3130,40.95,On Head
509747,0.8236,9.8330,0.4310,6.0000,46.4427,9.7252,40.91,On Head
509797,0.2921,9.5744,-0.3519,-15.9847,42.7481,18.1679,41.05,On Head
509847,0.1125,9.3901,-0.5674,-9.9695,46.6870,22.8550,40.86,On Head
509897,0.7039,9.9072,0.1317,-28.6565,45.0840,18.9313,40.91,On Head
509947,0.4477,9.6582,1.0654,-22.1832,42.2443,7.7557,41.05,On Head
509997,0.4381,9.5265,1.7358,-15.3435,29.3282,11.2366,40.77,On Head
510047,0.3400,9.0692,2.0518,-5.7863,16.6260,3.1298,40.91,On Head
510097,0.6895,9.7013,1.9393,3.5267,-2.7328,12.9618,40.72,On Head
510147,1.8890,9.5529,1.1708,-3.6183,-12.5649,23.4809,41.19,On Head
510197,1.9800,8.8992,1.2115,-8.5496,-19.4198,19.2519,40.95,On Head
510247,1.4724,8.9974,1.0415,0.9008,-37.1145,-0.8550,40.95,On Head
510297,0.6680,10.2352,0.8859,17.1298,-71.8321,-9.0840,40.86,On Head
510347,0.5459,14.7124,0.2131,16.8092,-100.8244,-9.7557,40.95,On Head
510397,-1.5083,13.3620,1.1540,8.3817,-134.1527,-5.3282,40.95,On Head
510447,0.0622,11.1977,2.2625,-40.7634,-137.8779,19.2824,40.77,On Head
510497,0.0335,7.8602,2.6983,-22.6412,-129.0992,23.3435,40.86,On Head
510547,2.5115,9.0070,2.2434,-39.6947,-105.2672,36.5191,40.91,On Head
510597,2.2721,8.2600,3.2441,-26.1832,-68.5191,16.8397,40.95,On Head
510647,1.5730,9.4810,3.9887,-27.0687,-57.0840,10.0153,40.91,On Head
510697,2.0973,9.3350,3.7996,-23.2519,-54.2443,13.5878,41.09,On Head
510747,2.1284,8.5569,3.7852,-17.9695,-56.0153,2.9924,41.09,On Head
510797,2.7198,8.6670,3.2944,-8.3053,-52.5802,0.1069,40.95,On Head
510847,2.9832,9.2632,2.8874,-2.2901,-40.2137,6.8702,40.91,On Head
510897,3.0789,9.4164,2.8060,-3.1298,-31.5114,-1.5725,40.91,On Head
510947,2.7629,9.4834,2.7629,-3.1756,-30.9924,0.7023,40.95,On Head
510997,2.8922,9.0860,2.1069,0.2595,-34.7023,-4.8702,40.91,On Head
511047,3.1843,9.2703,1.7765,-1.9084,-32.3511,-10.9008,40.91,On Head
511097,2.7007,9.6582,1.6831,-2.1679,-33.6641,-6.9466,40.91,On Head
511147,3.1053,9.4739,1.3527,-7.9389,-30.0763,-5.7863,41.05,On Head
511197,3.0191,10.0030,1.5897,-9.0229,-27.3893,3.6183,40.95,On Head
511247,3.7373,9.6989,1.5251,-5.5420,-25.3130,5.9847,40.95,On Head
511297,3.7709,9.4164,1.3767,-5.2366,-16.6260,-4.3511,40.67,On Head
511347,3.2394,9.1746,1.5299,-8.1069,-10.3511,-11.0229,40.95,On Head
511397,3.0550,9.4691,1.3791,-5.9389,-5.9389,-12.3511,40.91,On Head
511447,3.0287,9.6893,1.5131,-8.2595,-0.4885,-11.8321,40.95,On Head
511497,1.9010,9.8306,2.0590,-3.8321,-5.5420,-12.6870,40.95,On Head
511547,-0.3184,10.3501,3.0406,-21.5573,-58.2443,-20.4427,41.05,On Head
511597,0.1006,10.1107,2.7007,-41.1145,-154.7023,-15.5267,40.95,On Head
511647,3.6799,9.2967,1.0774,-44.0458,-150.5496,-8.9160,41.09,On Head
511697,4.5633,9.0573,0.7925,-23.0992,-98.3817,-8.1832,40.72,On Head
511747,4.8435,9.5289,0.2394,-7.0840,-34.9313,-5.1756,40.95,On Head
511797,3.6296,9.8569,0.7446,-6.3511,4.1527,-0.5649,41.19,On Head
511847,3.2226,9.5433,1.2761,-12.6260,23.0076,-0.9771,41.19,On Head
511897,2.1332,9.4284,2.1189,-10.9924,22.7939,1.4351,40.91,On Head
511947,2.6552,9.7181,1.8914,-7.5267,17.4656,2.3511,41.24,On Head
511997,2.9209,9.6007,1.8411,-10.0305,23.3282,1.7710,41.05,On Head
512047,3.3351,9.6319,2.0279,-8.1527,37.0382,-0.0763,41.19,On Head
512097,3.5865,9.4092,2.1404,-2.4733,61.1145,-2.7176,40.91,On Head
512147,3.3758,9.2105,2.2314,5.1298,86.7023,-3.0534,40.91,On Head
512197,2.7461,9.3637,2.4588,14.7176,103.4809,0.4580,41.09,On Head
512247,2.7126,9.7061,2.1261,21.0687,116.9008,2.6565,41.09,On Head
512297,1.5179,9.4236,2.8252,21.7099,116.2137,6.7786,40.91,On Head
512347,1.5993,9.4810,2.7414,25.7710,98.3359,11.2519,41.19,On Head
512397,1.4078,9.5505,3.0311,23.2061,79.8321,12.7023,40.95,On Head
512447,1.6616,10.1323,2.8228,13.7863,54.5038,12.3359,40.77,On Head
512497,1.9513,9.7420,2.9856,1.5725,37.8015,13.0840,40.91,On Head
512547,2.2865,9.5337,3.1412,-1.7405,22.7786,14.5954,40.95,On Head
512597,2.6169,9.2033,3.2753,-4.9008,13.4046,15.6947,41.28,On Head
512647,2.7414,9.1482,3.1603,1.5725,8.4427,13.2061,40.91,On Head
512697,2.8611,9.0118,2.8276,4.5802,5.5267,9.5267,40.91,On Head
512747,3.3088,9.3589,2.3990,2.6260,10.4733,4.2901,40.95,On Head
512797,3.1196,9.4691,2.3296,-0.7328,26.4580,2.7634,41.09,On Head
512847,3.6512,10.6422,1.7430,-3.8473,46.8855,14.7481,41.19,On Head
512897,2.8443,9.6702,3.5362,-44.7481,55.1145,30.6107,41.19,On Head
512947,2.0590,8.1139,4.3862,-1.5420,33.4351,20.4122,40.86,On Head
512997,2.2553,8.9783,3.2920,20.9924,21.6031,13.0534,41.24,On Head
513047,2.5331,9.2009,2.5498,21.1908,6.2595,10.6870,40.91,On Head
513097,2.9473,9.2273,1.8292,22.0305,0.2443,3.5878,40.77,On Head
513147,2.2745,9.3111,1.1923,10.8092,-2.2290,-11.2977,40.95,On Head
513197,1.8435,9.7252,1.1708,2.4580,-5.8015,-14.0763,40.86,On Head
513247,1.9561,10.0054,1.5179,3.4809,-13.8626,-8.7328,40.95,On Head
513297,1.9417,10.4196,1.2426,2.1985,-23.9084,-13.1756,40.95,On Head
513347,1.8579,10.0940,1.3886,-4.1374,-27.0229,-11.9542,40.95,On Head
513397,1.4485,9.4810,2.2218,-8.1069,-36.3511,-8.2901,40.86,On Head
513447,1.5155,7.9248,1.9752,15.2366,-55.6641,0.6260,40.91,On Head
513497,2.7509,9.7276,0.2753,4.2137,-74.1832,-11.1450,40.77,On Head
513547,2.4325,10.2639,0.2418,-7.2824,-71.2214,-21.8931,40.95,On Head
513597,2.3056,10.2304,0.3519,-9.1756,-65.0076,-22.3206,40.95,On Head
513647,1.7214,10.2089,0.3041,-11.2366,-57.1298,-25.2214,40.91,On Head
513697,1.5682,10.6757,0.4645,-7.9847,-49.8779,-8.5191,41.05,On Head
513747,2.8683,10.5656,0.6153,-4.6718,-45.9389,1.1908,40.77,On Head
513797,2.7605,10.2041,0.8045,-9.0992,-35.9847,-7.3130,40.67,On Head
513847,2.4110,9.1889,1.3455,-15.0992,-26.9466,-15.8473,40.91,On Head
513897,1.8627,9.0309,1.9513,-14.4580,-26.7176,-26.9313,40.91,On Head
513947,1.3886,9.2536,2.0494,-6.6718,-25.5114,-29.5878,40.95,On Head
513997,1.1708,9.9311,1.8914,-3.4656,-16.4122,-30.9160,41.05,On Head
514047,0.4214,9.6486,1.9249,-0.3511,-8.5191,-32.0305,41.19,On Head
514097,0.0239,9.6965,1.7286,-1.9237,-4.4580,-25.9237,40.91,On Head
514147,-0.2227,9.8378,1.7526,-4.1069,-0.0458,-24.9313,41.05,On Head
514197,-0.6728,10.1682,1.8100,-5.0687,2.0000,-21.6183,40.91,On Head
514247,-0.9026,10.3118,1.5874,-2.5344,5.7405,-18.5802,40.72,On Head
514297,-1.2522,10.5848,1.4988,-5.3588,10.9924,-7.8931,40.95,On Head
514347,-0.8954,10.4124,1.5826,-8.3359,14.9313,4.3053,40.86,On Head
514397,-0.7039,9.9599,1.8579,-12.9618,17.6183,6.5802,41.05,On Head
514447,-0.6632,10.0556,1.9513,-11.7252,18.7481,7.2214,41.05,On Head
514497,-0.0766,9.4164,2.0111,-10.8550,20.1985,8.7328,40.95,On Head
514547,-0.1676,9.5648,2.0399,-4.3817,17.6947,0.7786,40.86,On Head
514597,0.2251,9.6151,1.8986,-4.6260,16.8092,0.3511,40.91,On Head
514647,0.0287,9.8809,2.0686,-4.6565,16.0611,-4.1069,40.91,On Head
514697,0.1963,9.5577,2.2314,-3.4198,9.0840,-8.4733,40.95,On Head
514747,-0.2873,9.4954,2.5019,1.1603,-4.3053,-17.5725,40.77,On Head
514797,-0.5076,9.6630,2.2817,6.9771,-17.8931,-26.1527,40.91,On Head
514847,-0.9720,10.5656,1.7765,3.7557,-28.7328,-13.2977,41.09,On Head
514897,-0.5148,10.2161,1.4796,-2.4122,-26.7634,-9.5878,40.91,On Head
514947,-0.5435,10.3837,1.2833,-2.2290,-18.4733,6.5954,41.09,On Head
514997,0.0120,10.0317,1.4174,-2.2137,-9.3893,12.5496,40.86,On Head
515047,0.1030,9.8785,1.5012,3.2824,-1.9389,12.0153,40.91,On Head
515097,0.3496,9.8306,1.4700,-0.3053,0.2595,11.2672,40.86,On Head
515147,0.2969,9.7396,1.4389,-1.2672,4.2137,6.5649,40.72,On Head
515197,0.3998,9.8067,1.4605,-2.5496,4.3664,2.4427,41.09,On Head
515247,0.3567,10.0269,1.1349,-2.3664,6.9466,-0.7786,41.05,On Head
515297,0.1796,9.8857,1.2713,-7.0534,9.2061,-3.8015,40.91,On Head
515347,0.1532,9.9958,1.4724,-12.5496,7.3130,-4.7328,40.91,On Head
515397,-0.0144,10.0485,1.6688,-16.0458,9.9695,-3.5420,41.09,On Head
515447,-0.1245,9.7324,1.9201,-14.2443,11.6489,-3.9237,41.05,On Head
515497,-0.4094,9.6917,2.0734,-7.7099,10.9466,-5.1450,40.91,On Head
515547,-0.7446,9.8641,2.2362,-4.6870,6.0611,-2.3817,41.05,On Head
515597,-0.3424,9.8928,2.1021,-2.7481,5.5573,0.5496,41.09,On Head
515647,-0.6249,9.8737,1.9920,2.8855,-0.4427,3.0076,41.05,On Head
515697,0.0120,10.0820,1.5203,-1.3130,1.7099,2.9771,40.95,On Head
515747,-0.0096,9.8737,1.5107,-4.0305,6.2443,3.2061,40.86,On Head
515797,-0.1101,9.7252,1.7238,-6.2748,10.6260,0.0458,40.91,On Head
515847,-0.3208,9.9120,1.9537,-3.8321,11.9389,-0.4580,40.91,On Head
515897,-0.5435,9.9264,2.2122,-6.0763,12.6412,5.1145,41.24,On Head
515947,-0.2969,9.7851,2.1500,-2.4275,8.4427,5.7252,41.09,On Head
515997,-0.3735,9.7540,2.2936,0.4427,5.4046,3.4504,40.72,On Head
516047,0.0000,9.8402,2.0183,-1.9084,0.7023,1.3588,41.09,On Head
516097,0.0335,10.2137,1.5323,-1.4504,2.8702,3.6336,40.72,On Head
516147,0.5004,9.7324,1.6999,-5.7710,4.0000,-0.3359,40.86,On Head
516197,-0.4357,10.0006,2.2601,-4.8244,8.7023,-0.5038,41.19,On Head
516247,-0.3065,9.7444,2.3727,-0.3359,1.5725,-0.5496,41.24,On Head
516297,-0.5315,9.7037,2.3607,2.6260,-3.9695,-5.8321,41.05,On Head
516347,0.0096,9.6869,2.0758,-0.6565,-11.0382,-1.2824,40.95,On Head
516397,0.4310,9.9072,1.6520,-4.9313,-5.4198,-2.1527,40.95,On Head
516447,0.4238,9.9599,1.4078,-1.6794,3.2672,-2.9771,40.91,On Head
516497,-0.5411,10.2903,1.7526,-5.1450,9.4962,3.8168,40.86,On Head
516547,0.1006,9.9407,1.8818,-6.6412,2.7939,2.1374,41.09,On Head
516597,-0.3639,10.2903,2.0806,-14.1985,0.3817,-4.6870,40.95,On Head
516647,-0.3903,9.5409,2.6432,-14.7023,-7.0534,-4.6718,40.95,On Head
516697,-0.0622,9.5313,2.5809,-5.3740,-5.0992,-3.7405,41.09,On Head
516747,-0.3974,9.5098,2.8371,5.5267,-7.6183,-6.2137,40.77,On Head
516797,-0.2945,9.8330,2.4876,2.5191,-9.2214,-1.4504,40.86,On Head
516847,-0.1269,10.0317,2.2649,3.3435,-9.7405,-6.2595,40.95,On Head
516897,-0.1772,9.7300,2.2386,3.3282,-11.0687,-3.1298,40.95,On Head
516947,-0.6393,9.8330,2.4038,8.3359,-13.6794,-5.5267,41.05,On Head
516997,-0.5219,9.9120,2.1332,2.6565,-19.3130,-3.1145,40.77,On Head
517047,-0.7230,9.8617,2.1907,1.4656,-23.0382,-4.2137,40.86,On Head
517097,-0.8499,9.9647,2.2793,2.4427,-33.8015,-0.8397,41.09,On Head
517147,-0.4956,9.7683,2.0470,-0.8092,-38.7023,-0.7176,40.91,On Head
517197,-0.8308,10.0365,2.0135,5.7099,-44.4733,4.2901,40.95,On Head
517247,0.3543,9.9695,1.5203,-0.6870,-41.1756,5.8015,40.86,On Head
517297,0.6823,9.3326,1.7717,1.2977,-27.0229,-1.3588,41.05,On Head
517347,0.6440,9.9790,1.5227,9.3130,-11.2061,-3.8626,40.67,On Head
517397,0.1652,10.0413,1.4964,3.9542,-1.4962,-3.6641,40.91,On Head
517447,-0.0766,10.2879,1.2163,-0.1069,1.5420,-4.0153,40.72,On Head
517497,-0.0910,10.2568,1.2713,-9.4809,8.9160,3.1298,40.91,On Head
517547,0.1317,10.0844,1.3599,-7.8931,20.6107,7.3282,41.05,On Head
517597,0.3041,9.9982,1.3910,-9.0687,33.6183,8.2748,40.72,On Head
517647,0.1796,9.6917,1.6975,-9.0229,42.3359,8.8397,40.86,On Head
517697,0.3328,9.3015,1.9704,-6.2901,44.0763,5.3740,40.72,On Head
517747,0.2490,9.9168,1.5586,-2.3053,50.1985,0.6412,41.05,On Head
517797,-0.3256,10.0197,1.7023,-8.2595,46.5191,-4.6107,41.05,On Head
517847,-0.7925,10.2352,1.8340,-14.2748,40.3206,-0.4275,40.67,On Head
517897,-0.6704,9.9623,2.1787,-17.0687,33.2672,2.2290,40.95,On Head
517947,-0.3807,9.8617,2.3942,-20.7023,29.4656,3.2214,41.24,On Head
517997,-0.4788,9.5026,2.9473,-13.7710,25.9695,2.3817,40.91,On Head
518047,-0.6033,9.7133,3.1651,-11.9542,14.2901,3.3588,40.67,On Head
518097,-0.4501,9.6414,3.1532,-9.8626,10.8702,0.6412,40.91,On Head
518147,-0.5650,9.4236,3.2944,-8.0916,2.9160,0.5802,40.91,On Head
518197,-0.3615,9.8090,2.9113,-1.0229,-3.2061,-2.2748,40.95,On Head
518247,-0.1724,9.8138,2.7102,-1.0229,-3.9542,-0.9160,40.77,On Head
518297,-0.1197,9.9934,2.4325,1.1603,-0.7634,1.3282,41.09,On Head
518347,0.0168,9.7995,2.3391,-3.9542,4.2137,4.1985,40.95,On Head
518397,-0.1987,9.4236,2.8539,-6.4580,4.8702,1.5267,40.91,On Head
518447,-0.1365,10.0054,2.6719,-4.1985,4.9466,0.9771,40.95,On Head
518497,-0.3400,9.9264,2.6911,-1.3740,5.4198,6.1679,40.77,On Head
518547,-0.1772,9.7899,2.7342,-6.6718,6.3969,9.7863,40.91,On Head
518597,0.0910,9.7540,2.7509,-6.5191,7.9847,11.8321,41.05,On Head
518647,0.5531,9.6486,2.7150,-7.0992,13.1908,12.3511,41.24,On Head
518697,0.7709,9.6654,2.4612,-1.5267,30.5496,10.4275,41.05,On Head
518747,0.2801,9.7300,2.6791,-3.1145,42.1832,12.8702,40.77,On Head
518797,0.6632,10.0030,2.3152,-4.3206,50.5038,13.9695,41.24,On Head
518847,0.0311,9.7540,2.6767,-2.3511,54.3664,17.4809,40.72,On Head
518897,-0.1389,10.6542,2.0782,-4.0305,53.8626,24.3817,41.09,On Head
518947,-0.4621,10.2879,2.4110,-10.8702,42.1985,35.8473,40.91,On Head
518997,0.5698,9.7205,2.4636,-16.4275,43.9237,35.6489,40.91,On Head
519047,1.4509,9.5146,2.5738,-18.3664,43.9695,36.5802,40.91,On Head
519097,2.2649,9.0022,2.6552,-21.9695,55.5725,21.6031,40.77,On Head
519147,2.2051,9.4547,2.5857,-22.2595,73.6031,12.6870,41.05,On Head
519197,0.5171,8.3677,4.3479,-21.7710,75.6031,9.2366,40.91,On Head
519247,0.2370,9.0836,4.4891,-6.9618,59.5115,-1.8321,40.95,On Head
519297,-0.3376,9.3422,4.4628,-0.5954,43.7557,-2.8092,40.72,On Head
519347,-0.5842,9.5265,4.4341,-1.1450,22.2595,-0.2595,40.91,On Head
519397,-0.0790,9.4954,4.1180,-4.4122,6.2443,-0.6565,40.77,On Head
519447,0.0455,9.3111,4.2808,-7.6183,0.4733,-0.9160,41.05,On Head
519497,0.3041,9.2153,4.2234,-6.3817,-2.9160,-2.3206,40.67,On Head
519547,0.0958,9.3254,4.3096,-2.4580,-3.1908,-0.7176,41.05,On Head
519597,0.1221,9.4212,4.0941,-2.1069,-9.9847,-3.8626,41.05,On Head
519647,0.2131,9.2943,4.1611,-1.8626,-12.7786,-2.5954,40.95,On Head
519697,0.4501,9.3111,3.8164,3.7863,-9.2366,-3.0076,41.24,On Head
519747,0.2777,9.5960,3.8379,0.5649,-1.9542,0.4122,41.05,On Head
519797,0.0096,9.5577,4.1348,-3.4809,-8.6565,0.9771,40.86,On Head
519847,-0.7135,9.2847,4.8267,-2.4275,-31.9389,-3.4504,41.05,On Head
519897,-0.9098,8.5425,6.1339,-4.0763,-74.4275,-10.3053,41.05,On Head
519947,-1.4365,8.9639,4.0917,6.5649,-116.0916,-10.7176,40.95,On Head
519997,0.2179,9.6606,3.0335,-7.8168,-152.4275,-11.4809,41.09,On Head
520047,0.3735,9.6127,3.1436,-7.8931,-149.3130,-2.6260,40.91,On Head
520097,1.8938,9.5241,2.2482,-9.3740,-148.7328,-0.4275,41.05,On Head
520147,1.6855,9.6893,2.4924,-6.1221,-138.2443,-3.3435,40.86,On Head
520197,3.0718,9.1937,1.9393,-16.5344,-121.8321,-6.0305,40.77,On Head
520247,2.5857,9.3996,2.1859,-11.0534,-109.3588,-4.1832,41.05,On Head
520297,3.8906,9.1794,1.7214,-18.4427,-87.9695,-6.1069,40.86,On Head
520347,3.6607,9.4379,2.1141,-19.0992,-66.4427,-9.2672,40.91,On Head
520397,3.2944,9.0812,2.6480,4.5496,-34.9771,-17.8931,40.95,On Head
520447,3.0646,10.1945,2.6169,-7.5115,-30.8550,-6.6565,41.09,On Head
520497,2.4780,8.4803,3.1891,-6.3664,-22.9008,-6.4122,41.09,On Head
520547,2.5666,9.6391,2.5331,6.3053,-27.7710,-5.0992,41.05,On Head
520597,2.0973,9.5936,2.3990,-8.4122,-28.1221,0.0000,41.05,On Head
520647,3.1364,9.9718,1.8818,0.5038,-24.0763,-7.9695,40.95,On Head
520697,3.1244,9.3709,2.0877,-3.6183,-10.4885,-8.5344,40.77,On Head
520747,2.7773,9.6822,2.1668,3.8168,-0.9771,-10.4275,40.91,On Head
520797,2.4421,9.7899,2.1811,-0.8550,1.9084,-7.4504,40.77,On Head
520847,2.9401,9.3518,2.1356,-7.8779,0.5038,-8.8702,40.67,On Head
520897,3.7421,9.8162,1.6376,-12.3511,15.2061,-11.0992,41.05,On Head
520947,3.8642,8.6526,1.6544,-9.5115,63.6641,-25.9237,40.91,On Head
520997,1.0774,9.7468,3.6272,-3.1450,64.9618,-29.5267,40.95,On Head
521047,0.8643,9.7396,3.1412,21.1756,54.8092,-34.3206,40.91,On Head
521097,0.4142,10.0940,2.9999,2.4885,32.3817,-26.8702,40.95,On Head
521147,-0.5100,10.3310,3.2250,-14.1679,19.1908,-15.7710,40.95,On Head
521197,0.2610,10.6231,3.0861,-1.4351,7.1450,-3.7863,40.86,On Head
521247,0.1820,10.0724,3.2394,-7.4198,4.6718,1.3740,40.91,On Head
521297,0.7063,9.2608,3.2825,-1.4809,-8.6870,3.5878,41.05,On Head
521347,1.3144,9.4619,3.0550,-13.7405,-13.1756,4.3359,41.24,On Head
521397,1.6376,9.3350,3.1460,-11.4809,-4.8397,2.9771,41.05,On Head
521447,1.7765,9.4930,2.9592,-7.9847,12.8550,-0.0305,40.91,On Head
521497,1.3838,10.0149,2.7629,-8.0763,31.2824,5.4504,41.05,On Head
521547,1.5634,9.6582,2.0758,-8.9008,47.9847,5.1908,41.19,On Head
521597,1.3503,8.9567,3.3399,-17.5573,56.3664,2.9771,40.95,On Head
521647,1.0127,8.9495,3.8858,-15.6031,62.1527,1.7252,40.95,On Head
521697,0.4262,9.1674,4.2353,-3.2366,62.7481,1.7863,40.91,On Head
521747,0.2658,9.0860,4.3598,-4.1069,55.7099,-4.5802,41.05,On Head
521797,0.2993,9.1794,4.1156,3.3588,51.8931,-8.6260,41.09,On Head
521847,0.3448,9.3350,3.6320,1.5115,52.1069,-15.5573,40.95,On Head
521897,-0.3543,9.5289,3.7230,-7.3435,47.1298,-11.5573,40.95,On Head
521947,-0.5411,9.3087,3.9552,-10.1985,45.8931,-10.9466,41.09,On Head
521997,-1.0726,9.4595,4.1755,-5.7863,45.6641,-1.2977,41.09,On Head
522047,-1.1013,9.3925,3.9983,-3.2977,45.8779,7.4351,40.95,On Head
522097,-1.0127,9.5960,3.4453,3.2366,47.3435,10.1985,40.91,On Head
522147,-0.6752,9.6510,3.1436,-0.7634,47.4962,10.1069,40.95,On Head
522197,-0.7685,9.8713,3.1173,-3.3893,48.1221,15.6947,40.67,On Head
522247,-0.6656,9.8210,2.7031,9.0840,50.2595,5.9084,40.77,On Head
522297,-1.2067,10.0149,2.5762,1.2672,47.7252,9.2824,40.91,On Head
522347,-1.3791,10.3070,2.1907,-5.2519,47.8015,17.0992,40.95,On Head
522397,-1.7166,10.1682,2.6671,-9.2977,49.2977,27.0992,41.09,On Head
522447,-1.7861,9.9311,3.1173,-2.4733,42.5191,39.5878,41.19,On Head
522497,-0.8164,9.8497,2.8539,-0.9771,30.6107,42.2443,41.09,On Head
522547,-0.0838,9.6798,2.8276,-5.9237,21.9847,37.8321,41.05,On Head
522597,0.4453,9.4906,2.8108,-7.3740,16.5344,28.9924,41.24,On Head
522647,0.6201,9.5648,2.8299,-5.5878,12.9008,20.6870,41.09,On Head
522697,0.3663,9.4954,3.1508,-5.6489,7.8168,16.5191,41.09,On Head
522747,-0.1006,9.4762,3.4261,2.6107,-6.5344,16.6718,41.09,On Head
522797,-0.0479,9.3206,3.5482,10.3664,-28.7481,20.2137,40.91,On Head
522847,0.5171,9.3039,3.2465,16.7023,-53.5420,11.0992,41.09,On Head
522897,0.7398,9.8545,2.6360,10.5649,-76.7481,4.1832,40.72,On Head
522947,1.2761,10.0820,2.4804,4.8550,-85.0687,0.4580,40.86,On Head
522997,1.1157,9.3039,2.6456,0.9771,-90.7176,-3.2824,40.72,On Head
523047,0.5171,9.0333,2.6432,5.9542,-106.9313,-1.3740,41.24,On Head
523097,0.0168,8.6503,2.9880,7.1908,-135.4657,5.1603,41.09,On Head
523147,0.3926,8.1977,1.6807,74.2290,-173.5420,40.0458,41.24,On Head
523197,4.4388,10.9056,-1.6664,33.5725,-142.3206,21.9847,40.95,On Head
523247,3.5674,10.8601,-1.3024,-16.9008,-112.6107,-7.1908,41.19,On Head
523297,3.1556,10.0700,-0.6488,-35.3282,-98.4275,-3.5573,40.91,On Head
523347,3.9241,9.8402,-0.0311,-40.7176,-74.1832,0.0916,40.95,On Head
523397,3.3543,9.2153,1.2330,-41.5725,-48.4122,-0.1221,40.91,On Head
523447,3.2370,9.0597,1.8818,-19.0534,-34.4275,3.0534,40.95,On Head
523497,3.0358,9.2296,1.8364,-6.5344,-24.2748,-0.4427,41.05,On Head
523547,2.7988,8.9495,1.6376,11.4504,-18.8550,11.0382,41.09,On Head
523597,3.2801,8.9399,1.0511,21.7099,-14.4580,15.9695,41.19,On Head
523647,3.9073,9.3039,0.7230,20.3817,-9.6336,10.3511,41.38,On Head
523697,3.8283,9.7875,0.4262,20.3664,-7.2977,-7.7099,41.38,On Head
523747,3.0311,10.4962,0.2370,8.6718,-6.1374,-20.2901,41.19,On Head
523797,2.6025,10.6518,0.3735,-10.6107,-10.4427,-13.7405,41.05,On Head
523847,1.9944,9.7181,1.0151,-15.0687,-7.1450,-2.3664,41.05,On Head
523897,2.3942,9.7516,1.1756,-20.8702,-20.2137,7.1145,41.05,On Head
523947,3.1580,9.2129,1.3336,-14.9771,-14.5649,8.7939,40.95,On Head
523997,3.5003,9.1554,1.3719,-9.5267,-10.4733,-1.4504,40.95,On Head
524047,3.4788,9.2464,1.3527,-2.6107,-6.8702,-14.6718,40.95,On Head
524097,3.1699,9.0573,1.4844,-0.7023,-5.0534,-31.9542,41.05,On Head
524147,2.5929,8.8011,1.2402,0.5802,0.7481,-53.2519,41.05,On Head
524197,1.2354,9.2656,0.9433,11.4351,10.0305,-45.9542,40.77,On Head
524247,0.7901,10.7308,0.3496,4.9924,17.0076,-32.9008,40.86,On Head
524297,0.8715,10.7428,1.0415,-17.8321,6.0153,-9.1145,41.19,On Head
524347,1.0056,10.8026,-0.2346,-1.9695,13.0992,-10.8855,40.95,On Head
524397,0.9218,9.6702,-0.6847,-5.0687,12.6107,-11.1450,40.95,On Head
524447,0.5411,9.7588,-0.9074,-4.0153,15.6183,-11.7252,40.95,On Head
524497,0.9074,10.4291,-1.4269,-6.0611,1.2977,-6.8397,40.91,On Head
524547,0.4310,9.8713,-1.2354,-8.7481,7.4504,-9.4046,40.95,On Head
524597,0.5219,9.7037,-1.2833,-15.0992,1.0992,-8.7176,40.95,On Head
524647,0.3400,9.6391,-0.8571,-19.5267,6.0916,-4.3664,41.24,On Head
524697,0.6369,9.6893,-0.8859,-17.8626,11.9237,4.9160,40.95,On Head
524747,1.1684,9.6414,-0.9313,-13.5267,22.8397,6.0000,40.95,On Head
524797,1.5419,9.9168,-1.5203,-3.9084,41.9237,4.9008,40.72,On Head
524847,2.5618,10.8721,-2.1045,-25.4198,79.2061,5.4809,40.91,On Head
524897,2.3559,9.8857,-1.2953,-17.9389,132.5038,17.5267,40.91,On Head
524947,1.6520,9.6917,-0.2801,-23.0229,146.7481,11.8168,41.09,On Head
524997,0.4022,9.3063,0.7566,-23.7863,156.8092,5.2519,41.19,On Head
525047,0.1053,9.9671,0.7733,-19.2977,149.3893,2.6260,40.95,On Head
525097,0.2466,10.0054,0.5722,-23.1450,159.2977,6.4275,40.86,On Head
525147,-1.5060,9.3733,1.8244,-22.5802,159.3130,3.1298,40.95,On Head
525197,-3.0430,9.9288,3.0287,-30.0458,129.2366,2.4733,41.24,On Head
525247,-2.6624,10.3142,3.5434,-33.2672,94.6718,9.4046,40.95,On Head
525297,-1.6807,9.8067,3.3495,-19.2977,70.1069,10.6412,41.19,On Head
525347,-1.2091,8.9208,3.5530,-29.4198,57.5878,6.1832,41.24,On Head
525397,-1.2617,8.9783,3.8547,-18.6412,53.5573,2.6870,41.09,On Head
525447,-1.7669,9.4212,4.4077,-10.8855,43.0534,-1.3130,41.09,On Head
525497,-2.1476,9.2105,4.8554,-2.1527,18.5649,0.9313,40.91,On Head
525547,-1.4389,9.5720,3.8451,8.8702,1.4962,1.8626,40.95,On Head
525597,-1.1133,9.7372,3.4836,6.9924,-4.9160,5.9237,40.91,On Head
525647,-0.7901,9.4739,3.5314,0.3359,-12.6260,4.2443,40.95,On Head
525697,-1.2689,9.1554,3.9073,1.8015,-28.0153,-1.4198,41.19,On Head
525747,-1.8579,9.5170,4.1731,-4.7481,-56.2137,-10.3511,40.91,On Head
525797,-1.5060,9.8426,3.8164,-10.4885,-78.3359,-10.8855,40.95,On Head
525847,-1.8387,9.9024,3.9672,-4.4427,-101.3435,-5.1603,40.91,On Head
525897,-1.9154,9.8497,3.7804,-7.5878,-125.1908,2.5344,41.05,On Head
525947,-0.3663,10.1754,2.6887,-14.7023,-140.3664,16.3053,41.24,On Head
525997,-0.1891,9.0740,2.8659,-8.9160,-140.8550,30.7176,40.95,On Head
526047,2.0949,8.8897,2.2482,-17.4656,-120.9008,34.2137,41.19,On Head
526097,2.8706,8.8394,2.4229,6.6718,-86.1527,34.1679,40.77,On Head
526147,3.9002,9.2320,2.1644,1.3130,-61.3740,22.5344,40.95,On Head
526197,4.1875,9.2680,2.5211,-1.1756,-26.5191,8.7023,41.09,On Head
526247,3.8259,9.2847,2.8252,0.5191,-4.6107,-3.1450,40.95,On Head
526297,2.8970,9.3589,3.0718,-0.4733,5.8626,-6.2290,41.05,On Head
526347,2.1548,9.5074,3.4716,-1.5115,3.4198,-3.6031,40.77,On Head
526397,2.1237,9.4619,3.5626,0.7176,-4.2443,3.9695,40.91,On Head
526447,2.6312,9.3206,3.2394,-1.5878,-14.4427,4.3511,40.86,On Head
526497,3.0119,9.0716,2.9137,0.7786,-17.1908,-1.0076,40.95,On Head
526547,3.2082,9.2967,2.5211,1.5725,-15.4198,-7.0534,40.91,On Head
526597,3.2394,9.5265,2.1883,3.3893,-3.1298,-3.6489,41.24,On Head
526647,2.1907,10.3980,2.4852,-28.6412,-9.1298,-2.4275,40.67,On Head
526697,2.6791,9.8593,2.9377,-30.7023,-27.5573,-3.4656,41.24,On Head
526747,3.7445,8.8370,2.6528,-17.5573,-14.0763,6.3511,40.77,On Head
526797,3.9385,8.7652,2.5211,0.7328,11.8015,13.2519,41.09,On Head
526847,3.9935,8.8801,2.3200,3.4809,30.8855,13.0534,41.09,On Head
526897,3.8379,8.9735,2.5067,4.5954,39.0840,9.6794,40.91,On Head
526947,3.5745,9.2009,2.6911,3.0992,41.3893,1.1603,41.09,On Head
526997,3.2226,9.2201,2.7150,0.3511,43.2061,-0.1374,40.91,On Head
527047,2.9856,9.2847,3.0215,2.3053,42.0458,2.3817,40.72,On Head
527097,3.1029,9.1530,3.0239,4.1374,44.0611,5.8931,40.91,On Head
527147,3.0837,9.2129,3.0861,5.4351,47.4504,4.3359,40.72,On Head
527197,1.9489,9.4715,3.7373,3.5725,31.5114,-0.9466,41.09,On Head
527247,2.4277,9.4332,3.6488,-4.7176,15.9847,-0.1985,41.05,On Head
527297,2.7629,9.0477,3.6081,-2.1069,18.8397,0.3969,41.05,On Head
527347,2.2960,9.2584,3.9935,0.6718,21.3588,1.2977,40.91,On Head
527397,1.6640,9.3278,4.5394,-1.0076,8.6260,3.0076,40.95,On Head
527447,1.6975,9.1099,4.8818,-2.0763,-12.9160,0.7481,40.91,On Head
527497,1.4030,8.9352,5.0039,0.5344,-39.4962,-7.8626,40.72,On Head
527547,0.0000,9.3206,5.2265,0.3359,-86.3053,-18.7939,41.05,On Head
527597,-0.5770,9.6702,4.6088,-17.1298,-161.9542,-38.3664,41.19,On Head
527647,1.4724,9.9910,2.7054,-25.4351,-193.7252,-27.1298,40.91,On Head
527697,3.0526,8.9376,1.9824,-16.8092,-181.9542,-14.4733,41.28,On Head
527747,4.6376,9.3637,1.3312,-10.2595,-142.1679,-15.4198,40.95,On Head
527797,4.5059,9.2440,1.8483,-13.6794,-93.4809,-16.7023,40.91,On Head
527847,5.0446,9.1147,2.1356,-13.3435,-49.3435,-14.0000,40.95,On Head
527897,3.6512,8.3079,3.3112,3.3130,-17.3435,-19.2214,41.05,On Head
527947,1.9896,8.5928,4.0989,11.6794,-29.1756,-34.9160,41.05,On Head
527997,-1.0630,9.5074,4.8650,22.3359,-95.7863,-53.3893,40.95,On Head
528047,-1.2761,9.9790,3.2681,12.2595,-170.9618,-59.2214,41.24,On Head
528097,-0.4286,10.4387,1.3072,4.6412,-210.1985,-55.1603,41.05,On Head
528147,0.7949,10.3046,0.1365,-0.8855,-203.6031,-43.2366,41.09,On Head
528197,1.3791,10.0892,-0.2370,7.8473,-162.8092,-32.0000,40.77,On Head
528247,1.4102,10.4339,-0.8284,10.4885,-120.9771,-20.8397,40.95,On Head
528297,1.1803,10.4627,-1.0175,12.4275,-78.1527,-9.2977,40.67,On Head
528347,0.7230,10.1131,-0.9050,5.5267,-48.9160,-3.0382,40.86,On Head
528397,0.0742,10.1682,-1.1995,11.0840,-33.7557,-1.1145,41.09,On Head
528447,-0.0335,11.0325,-1.1779,-1.8168,-35.5725,14.1832,41.24,On Head
528497,0.6153,10.3142,-1.0127,-16.8855,-36.6107,3.6336,41.05,On Head
528547,-0.0575,10.0940,-0.9864,-19.8626,-32.8397,-9.6489,40.95,On Head
528597,-0.5315,9.4858,-0.9050,-29.0229,-25.2061,-10.0916,41.09,On Head
528647,-1.3862,9.7923,-0.8859,-20.2443,-18.4427,-4.9313,41.19,On Head
528697,-0.7901,10.4196,-0.1915,-34.1069,-20.9618,14.7481,41.24,On Head
528747,-0.2059,10.0221,0.7949,-22.3511,-26.1985,18.5191,41.19,On Head
528797,0.8260,9.6151,0.8045,-11.3893,-26.0458,21.0229,40.67,On Head
528847,1.4198,9.8761,0.6177,-4.5191,-23.1603,11.0534,41.19,On Head
528897,1.1372,9.9479,1.1157,-7.6489,-24.7634,8.3969,41.05,On Head
528947,1.6592,9.2919,1.3838,-2.7786,-36.1679,21.5267,40.95,On Head
528997,2.0327,8.9184,1.1732,3.4504,-47.0229,17.0076,41.09,On Head
529047,1.9776,9.2536,0.7063,8.4885,-60.1527,2.3206,40.91,On Head
529097,2.0231,10.1394,-0.1796,-3.7405,-70.8244,-1.4351,40.95,On Head
529147,1.6640,9.6175,-0.6369,-15.4046,-72.9466,-7.0382,40.58,On Head
529197,2.2242,10.3693,-1.2330,-26.2290,-62.1832,-6.2443,40.95,On Head
529247,1.3312,9.1746,0.0072,-41.5420,-41.4504,-8.3053,41.09,On Head
529297,1.3479,9.4427,0.4501,-23.2977,-53.0229,21.9237,41.09,On Head
529347,2.3487,8.8490,0.2729,-9.5878,-53.4046,25.7099,40.91,On Head
529397,5.8562,21.1504,0.7278,41.5420,-50.5038,51.1756,40.77,On Head
529447,5.0494,12.4187,-0.0215,36.7786,-27.3588,-13.1756,40.91,On Head
529497,2.6983,9.8665,1.8531,-30.6260,-35.8931,-22.8092,40.77,On Head
529547,1.3216,8.8514,3.4931,-51.4504,-41.6183,-10.6718,40.67,On Head
529597,1.9489,8.8322,3.7637,-22.3511,-43.9389,25.8015,40.72,On Head
529647,2.7988,8.7412,3.8810,-25.3893,-42.1374,1.8015,41.09,On Head
529697,1.9513,8.3438,4.0797,-15.2977,-46.3206,-21.4809,40.95,On Head
529747,1.7549,8.7364,3.5793,-4.0000,-55.5267,-21.0687,41.05,On Head
529797,2.3128,9.1554,2.8371,-3.1908,-57.1603,-17.5725,40.95,On Head
529847,2.8826,9.7707,2.5426,-8.4427,-48.2137,-14.6107,40.95,On Head
529897,2.7557,8.7293,2.9808,-13.1298,-31.4504,-18.8244,41.09,On Head
529947,1.6831,8.6359,3.6703,-11.9237,-22.1832,-29.9237,40.95,On Head
529997,1.4293,9.3446,3.4644,-5.5267,-11.5267,-19.3588,40.95,On Head
530047,1.2546,9.7659,3.5698,0.0458,-10.0305,-3.7710,40.77,On Head
530097,3.0981,14.5041,2.8706,26.7786,-8.5038,11.7710,40.91,On Head
530147,2.2577,12.3086,1.3527,24.0000,-12.4122,-25.0229,40.95,On Head
530197,-0.8882,8.6862,1.0487,3.0534,-22.4427,-42.6412,40.95,On Head
530247,-1.7885,10.3980,0.5914,-9.7557,-48.7786,-31.9542,40.95,On Head
530297,-0.5435,10.4555,1.3048,-39.3130,-63.3893,-6.3817,41.09,On Head
530347,0.0814,9.2225,2.5786,-38.8092,-48.8092,-5.4198,40.95,On Head
530397,-0.3903,8.9423,2.8467,-8.7023,-43.3282,-14.1069,41.24,On Head
530447,-0.2849,9.8090,2.3727,-12.6870,-46.6260,-20.8244,41.09,On Head
530497,-0.2969,8.4946,3.0287,-8.7786,-61.7710,-2.8092,41.09,On Head
530547,0.5962,12.0069,1.9489,-24.0458,-51.1756,-5.6031,40.86,On Head
530597,0.4573,8.1187,2.6600,-7.6336,-44.4122,-1.0382,41.24,On Head
530647,1.4293,10.0868,1.9273,5.0840,-43.2519,-13.5725,40.95,On Head
530697,0.9313,8.2528,3.0718,-0.2137,-46.0000,-26.0763,40.95,On Head
530747,0.9002,11.6885,1.9178,-6.9618,-37.0534,-18.4733,40.95,On Head
530797,-0.1006,9.3134,2.5666,-28.6260,-38.7634,10.1985,40.95,On Head
530847,1.4365,9.9144,2.3990,-2.5496,-39.5878,5.0076,40.77,On Head
530897,0.4022,9.7995,2.3080,-9.6641,-36.0916,8.8702,41.09,On Head
530947,0.0551,10.0772,2.7174,4.8092,-55.0992,11.3282,41.19,On Head
530997,2.7725,10.7428,2.5857,-79.6794,-88.5343,-10.5649,40.86,On Head
531047,0.2274,9.5026,5.0302,-58.0305,-62.4427,-25.4046,41.05,On Head
531097,-0.2729,8.7891,5.2194,-22.2137,-74.8550,-8.3817,40.91,On Head
531147,2.0423,8.3989,5.3247,-32.8702,-73.0992,20.9313,41.09,On Head
531197,2.6935,6.8666,6.4691,-43.0076,-67.8321,-10.6107,40.95,On Head
531247,1.5131,6.2728,6.7229,-16.7328,-66.7023,-49.1908,40.91,On Head
531297,0.7374,6.3446,6.1268,24.6870,-70.8397,-57.8473,41.09,On Head
531347,0.4645,7.9440,5.3247,49.4962,-66.2137,-40.1832,40.91,On Head
531397,0.5650,9.5002,4.2976,53.6641,-68.6870,-15.0229,40.91,On Head
531447,1.5850,9.2680,3.2537,26.5191,-61.5573,-3.4962,41.09,On Head
531497,2.4397,8.9830,3.0670,19.8015,-29.0229,-4.8702,41.24,On Head
531547,0.1365,10.3980,3.5362,46.9466,-17.3893,-6.4275,40.95,On Head
531597,0.8882,14.5041,2.7797,34.1832,-22.6107,22.3206,40.86,On Head
531647,1.7980,11.1522,1.8651,-2.0916,-28.4580,13.0840,40.95,On Head
531697,0.3112,9.4667,0.5602,-5.9084,-30.6718,-12.0153,40.86,On Head
531747,0.2538,10.0796,0.1867,-18.0611,-24.7328,-7.4046,40.95,On Head
531797,0.7518,9.0525,1.7549,-13.1908,-26.2290,19.7405,40.77,On Head
531847,0.5722,8.2289,2.3104,5.7099,-29.2214,-20.7786,40.86,On Head
531897,-0.4525,9.8569,1.4293,27.3893,-42.3664,-20.7939,40.86,On Head
531947,0.0527,9.4978,0.4908,24.3053,-48.7634,-3.3130,41.09,On Head
531997,0.7542,9.4379,-0.1365,19.5725,-54.6107,0.7786,40.95,On Head
532047,1.7933,9.2847,-0.4334,-2.1679,-47.0687,9.2824,41.05,On Head
532097,2.3727,8.7652,-0.3950,0.2901,-28.9771,3.4198,41.09,On Head
532147,2.4445,9.9240,-0.4645,-14.2595,0.2595,-8.1679,41.24,On Head
532197,0.6536,10.5848,0.6656,-3.1756,1.2214,-6.9924,41.24,On Head
532247,0.3567,10.5967,0.6656,-7.9695,-8.6718,-9.7252,40.95,On Head
532297,-0.7997,10.6255,0.5650,-5.5267,-23.6947,2.9466,40.95,On Head
532347,1.8531,15.3037,0.1796,12.8092,-34.9160,26.7939,40.67,On Head
532397,0.9002,10.4986,0.3735,30.5649,-45.7710,-33.9542,40.72,On Head
532447,-0.0886,11.2120,1.5419,-15.0229,-47.9237,-31.0076,40.95,On Head
532497,-0.1413,9.3470,3.2777,-40.6718,-44.6565,8.8092,41.24,On Head
532547,0.4477,7.7788,3.6200,-11.1908,-53.7252,19.4198,40.91,On Head
532597,1.7957,8.3606,2.2051,-1.6336,-57.7863,-5.1908,40.77,On Head
532647,1.5012,9.1219,2.3463,-8.4122,-41.4351,-14.1832,40.91,On Head
532697,0.6847,8.8801,2.4876,2.5802,-37.4962,-25.4656,40.67,On Head
532747,0.7685,9.5505,2.0111,4.1832,-40.0611,-14.3511,40.91,On Head
532797,1.2809,9.2775,2.0901,-0.8550,-30.4427,1.8168,40.86,On Head
532847,1.2857,9.2608,2.3511,-0.7786,-24.9618,5.7252,40.91,On Head
532897,1.2402,9.6486,2.6863,-7.0382,-19.0229,-10.2137,40.95,On Head
532947,0.8332,10.3310,2.0662,4.3053,-11.6031,-5.0229,41.19,On Head
532997,2.9760,17.1712,1.3815,26.4886,10.4580,19.0229,40.91,On Head
533047,0.8452,12.6270,0.6776,27.3282,13.7405,-16.3206,40.77,On Head
533097,-0.5914,10.4291,-0.2274,-1.0076,14.9771,-26.5344,40.77,On Head
533147,-1.7597,8.7340,0.0455,-10.6870,11.5267,-0.2748,40.91,On Head
533197,0.7901,8.9567,-0.3639,6.0305,17.5878,8.5496,40.91,On Head
533247,0.2179,9.6486,-0.4741,3.2061,22.1374,-17.5114,40.91,On Head
533297,-0.6823,9.8138,0.2418,-10.5191,14.5496,-9.9237,40.86,On Head
533347,-0.1700,8.8107,0.4405,-11.9847,14.0000,-18.2595,40.77,On Head
533397,-0.3567,9.1698,0.3663,-8.5038,17.8931,-16.3817,40.77,On Head
533447,-0.1101,9.4643,0.0359,-2.8550,21.9847,-2.3817,40.86,On Head
533497,0.1030,9.2536,0.2658,-11.1450,20.2748,2.6107,40.91,On Head
533547,0.0120,9.8402,-0.0144,3.0687,22.5344,-6.7328,40.86,On Head
533597,-0.4956,11.3772,-0.3424,-8.4275,23.5573,5.6031,40.77,On Head
533647,-0.7494,10.6279,0.1197,-11.8626,16.3359,17.9695,41.05,On Head
533697,-0.4836,9.9551,0.3855,-11.8931,10.1069,24.8092,41.19,On Head
533747,1.0439,12.3397,1.7597,6.8550,7.5878,21.9237,40.67,On Head
533797,-0.2155,11.8298,2.0638,28.4275,-0.9313,-14.3053,40.86,On Head
533847,-0.5698,9.4044,2.6384,-7.7863,-15.1298,-4.6870,40.86,On Head
533897,-0.7781,8.1259,3.6464,-21.7710,-35.6489,6.1832,40.86,On Head
533947,-0.2370,8.4443,3.6775,-19.6794,-54.7786,-9.4504,40.77,On Head
533997,-0.5531,9.3901,3.1340,-1.0382,-60.2443,-15.9695,40.86,On Head
534047,-0.2801,8.6646,2.5977,1.7863,-49.2519,-16.1985,40.67,On Head
534097,-0.5243,9.6295,1.9321,16.8702,-43.4046,-22.5954,40.95,On Head
534147,0.0527,9.4212,1.6735,3.8473,-30.8855,-8.6107,40.91,On Head
534197,0.1700,9.2009,1.9513,6.6870,-22.5191,-0.9924,41.19,On Head
534247,0.3472,9.4427,2.0399,1.4962,-13.8168,-14.3817,40.95,On Head
534297,-0.0982,10.1490,2.2865,1.3893,-5.8015,-7.6489,40.95,On Head
534347,1.7502,10.3525,1.4748,4.7481,20.5496,5.7710,40.91,On Head
534397,1.3384,9.4762,1.1109,17.6336,62.8092,1.3893,40.77,On Head
534447,2.2865,18.4832,0.2155,45.4809,82.1069,17.5573,40.91,On Head
534497,0.3496,11.8872,-0.1796,19.6031,95.6183,-15.8015,40.91,On Head
534547,-1.6927,8.7556,-0.9002,16.8855,87.1145,-27.0687,40.95,On Head
534597,-2.0638,9.3230,-0.9242,6.5191,74.1374,-1.3740,40.72,On Head
534647,-0.3591,9.7252,-0.9601,-2.2137,67.4657,13.1603,40.67,On Head
534697,-0.4214,9.6798,-0.7661,-4.0763,67.7405,-11.3282,40.86,On Head
534747,-1.3862,9.1195,-0.4525,-8.5191,60.4885,-4.6107,40.95,On Head
534797,-1.2737,8.4874,-0.2945,1.1908,53.2824,-12.9618,40.95,On Head
534847,-1.8364,9.3518,-0.2346,0.4733,49.6641,-18.1069,40.77,On Head
534897,-1.8244,9.6414,-0.2514,-3.2061,40.1374,2.5496,40.77,On Head
534947,-0.7326,9.0261,-0.2011,-4.7939,35.4962,10.0763,40.91,On Head
534997,0.1221,10.0868,-0.5004,-4.1985,35.6031,6.7786,40.95,On Head
535047,0.5842,10.7452,-0.2658,-15.3588,40.3359,-1.4504,40.91,On Head
535097,-0.2298,10.7739,0.2921,-17.5420,40.7939,-0.5802,40.91,On Head
535147,-0.1939,10.0700,0.5794,-21.7710,34.3053,4.0763,41.19,On Head
535197,0.7254,14.9805,0.9864,-0.7634,35.5573,22.7634,40.77,On Head
535247,0.2801,10.2903,1.1133,0.4275,49.5267,0.4580,41.05,On Head
535297,-1.6688,9.1028,0.0694,6.6260,40.3206,-9.2214,40.77,On Head
535347,-1.3192,10.8984,-0.3926,0.1221,53.3740,6.1679,40.67,On Head
535397,-1.0942,8.5066,0.7159,-2.9313,60.3511,0.8855,40.72,On Head
535447,-0.9146,9.8426,0.1173,-1.1145,67.6641,-8.7481,40.91,On Head
535497,-1.9728,9.1099,0.9457,0.3359,64.8702,2.4275,40.67,On Head
535547,-1.0654,9.4595,0.5100,15.2061,46.5191,4.5954,40.95,On Head
535597,-0.5267,9.9072,0.2346,0.3969,37.4046,-3.8626,40.77,On Head
535647,-0.6105,9.7181,0.4238,-3.6489,32.4885,-0.9313,40.91,On Head
535697,-0.8811,9.4236,0.1700,-2.7786,31.1298,1.8321,40.95,On Head
535747,-0.6033,8.7843,-0.4334,-1.3435,35.7099,0.0305,41.19,On Head
535797,-1.5179,9.0884,-0.6033,4.5344,43.2366,-22.1679,41.09,On Head
535847,-2.2482,9.7827,0.1293,-9.8473,34.8550,-26.3511,40.86,On Head
535897,0.1365,8.9950,0.7661,-53.3893,13.7710,-23.1908,40.95,On Head
535947,-1.8986,11.4730,-0.1604,8.7176,35.8779,-18.3206,40.86,On Head
535997,0.2418,10.9367,-1.7095,-0.7176,36.1374,7.5878,41.09,On Head
536047,0.2514,9.1746,-2.3750,-6.9466,50.9313,-17.1145,41.05,On Head
536097,-0.6273,9.7540,-1.6831,-27.2672,46.1527,-13.5573,40.95,On Head
536147,-0.7733,9.4619,-1.2186,-11.0687,42.6412,-24.1527,41.05,On Head
536197,-1.2091,10.3645,-1.3527,-8.3511,43.0076,-22.2443,40.86,On Head
536247,-1.6592,9.9862,-0.9768,-18.1832,33.7099,-5.8473,40.72,On Head
536297,-0.1197,9.2440,-0.9122,-22.7176,21.5878,-4.7023,40.91,On Head
536347,-0.3017,8.9088,-0.3112,-7.9389,31.7405,-19.3130,40.67,On Head
536397,-0.8667,10.3094,-0.3304,-12.1527,23.7863,-6.2595,40.86,On Head
536447,-0.3280,10.0580,0.1245,-8.7176,13.3435,-12.1374,40.95,On Head
536497,-0.8308,10.1323,0.4166,-12.7939,4.7786,-17.4504,41.09,On Head
536547,-1.6783,9.8138,0.9505,-9.4351,-1.6183,-4.3664,40.91,On Head
536597,-1.0750,9.6247,0.4238,6.5802,-4.0916,-3.0687,40.95,On Head
536647,-1.1061,10.0461,-0.1173,0.4275,1.6031,0.7481,40.95,On Head
536697,-0.9074,9.5960,0.0958,0.7481,-1.7099,13.0840,41.05,On Head
536747,-0.7661,9.3015,0.2322,6.9771,-7.1908,12.7481,40.77,On Head
536797,-0.2705,9.2009,0.6800,-8.5496,-16.1069,1.6489,40.72,On Head
536847,-1.6999,9.3709,1.2067,3.4351,-9.6336,6.0458,40.91,On Head
536897,-1.7310,10.5584,0.3160,34.3053,-18.0000,2.5802,40.86,On Head
536947,-1.3431,9.9311,-0.3328,27.9695,-19.1450,-8.7328,40.95,On Head
536997,-2.1811,9.3925,-0.3424,22.7786,-16.2290,-11.0687,40.77,On Head
537047,-2.5259,8.4348,-0.3065,14.4733,-23.5573,-6.3359,40.58,On Head
537097,-2.3918,8.2600,-0.7829,24.7481,-18.1374,-8.9466,40.95,On Head
537147,-3.0143,8.5617,-1.0558,20.7176,-17.8931,-13.1603,40.86,On Head
537197,-4.0031,9.2847,-1.4581,31.7557,-20.3206,-15.6947,40.86,On Head
537247,-4.3144,9.3996,-2.1644,29.8473,-27.1298,-22.6107,40.95,On Head
537297,-3.8499,9.9144,-2.7078,14.0153,-16.9160,-14.8855,40.91,On Head
537347,-3.2226,9.3685,-2.2865,-1.4351,-9.7099,-2.9618,40.95,On Head
537397,-3.1843,8.9543,-1.6831,-3.1450,-7.1603,-6.9924,40.91,On Head
537447,-3.1891,8.9352,-1.4988,-5.1603,-7.0992,-15.2214,40.77,On Head
537497,-3.4740,9.1075,-1.5514,-0.7023,-6.4427,-17.0534,40.91,On Head
537547,-4.5274,9.0261,-1.4772,1.8779,-7.1450,-18.4275,40.95,On Head
537597,-4.1755,9.4427,-1.7789,-13.7710,-19.7252,-7.6183,40.77,On Head
537647,-3.5937,8.7747,-1.5610,-6.0763,-5.8168,-2.5496,40.72,On Head
537697,-3.4309,8.6742,-1.3910,2.1679,4.5344,0.7328,40.72,On Head
537747,-3.6105,8.5114,-1.3551,5.2824,5.3588,-4.3206,40.91,On Head
537797,-3.5721,8.7891,-1.8076,7.1908,3.0840,-8.3053,40.67,On Head
537847,-3.6224,9.2129,-2.0446,3.4198,6.3359,-8.0916,40.95,On Head
537897,-3.7517,8.9902,-1.8986,0.1527,10.5191,-5.8931,40.77,On Head
537947,-3.9696,8.9950,-1.6975,-2.7328,11.0229,-3.1450,40.77,On Head
537997,-4.0462,8.8777,-1.6568,-3.5573,4.5802,0.5802,41.19,On Head
538047,-3.6679,8.7963,-1.8028,-2.0916,0.7786,0.9313,40.91,On Head
538097,-3.5458,8.8011,-1.9130,-2.7023,1.1145,0.3359,40.77,On Head
538147,-3.5913,8.9040,-1.8771,0.0305,0.7023,-0.3053,40.95,On Head
538197,-3.5721,9.1267,-1.9178,-6.7023,2.0458,-2.6260,40.86,On Head
538247,-3.7972,8.8969,-1.5874,-7.9695,1.4656,-1.0840,40.91,On Head
538297,-3.5386,8.8466,-1.6233,-5.4351,0.7328,1.0229,40.72,On Head
538347,-3.5721,8.9423,-1.5323,-3.2061,0.3817,2.5496,40.72,On Head
538397,-3.3495,8.8322,-1.6233,-4.9313,-3.0382,2.2595,40.91,On Head
538447,-3.1795,8.8178,-1.6472,-4.1527,-1.6031,-0.2443,40.91,On Head
538497,-3.3112,8.5928,-1.4485,-4.1374,0.0916,-1.6794,40.77,On Head
538547,-3.2896,8.5904,-1.4844,0.4122,-4.2290,-10.9160,40.72,On Head
538597,-3.2346,8.6263,-1.6257,-4.3511,-12.9924,-27.8321,40.67,On Head
538647,-3.8355,9.0429,-1.6759,-8.8397,-12.4580,-27.8168,40.95,On Head
538697,-3.9169,9.0932,-1.5730,-9.9695,-2.8092,-20.2443,41.09,On Head
538747,-4.4149,8.8226,-1.2570,-5.9237,1.9084,-12.6870,40.91,On Head
538797,-4.7381,8.6335,-1.1636,-4.4427,-5.0076,-5.6641,40.95,On Head
538847,-4.3622,8.6862,-1.3886,-3.9542,-4.2595,-1.8473,40.67,On Head
538897,-4.2186,8.4635,-1.3312,0.7634,-0.7481,-1.4351,40.91,On Head
538947,-4.3790,8.5569,-1.4317,-0.4733,-0.2901,-4.2595,40.91,On Head
538997,-4.4700,8.7819,-1.5538,-1.1298,1.7099,-4.7481,41.05,On Head
539047,-4.5011,8.8011,-1.3982,-6.5649,0.1374,-0.6260,40.72,On Head
539097,-4.3790,8.4994,-1.2450,-6.9618,-0.9466,2.0305,40.72,On Head
539147,-4.1875,8.4827,-1.1995,-6.6260,-1.3740,1.2519,40.91,On Head
539197,-4.2952,8.5018,-1.1564,-4.2595,-1.4656,-1.9847,40.95,On Head
539247,-4.4628,8.5928,-1.2809,-0.8855,-1.6641,-0.4122,40.95,On Head
539297,-4.4293,8.7269,-1.3431,-2.9618,-1.1298,1.3893,41.19,On Head
539347,-4.2377,8.5186,-1.2929,-5.7252,-1.0076,1.6336,40.95,On Head
539397,-4.1994,8.4779,-1.1756,-4.3817,0.8702,-1.3130,40.95,On Head
539447,-4.2880,8.5353,-1.1492,-1.6183,1.1908,-1.9389,40.77,On Head
539497,-4.3479,8.5808,-1.1851,-0.9771,0.0916,-3.5878,41.05,On Head
539547,-4.3981,8.6766,-1.3360,-2.0611,0.0916,-1.8931,40.91,On Head
539597,-4.2425,8.7412,-1.4078,-2.3969,0.5954,-1.2061,40.58,On Head
539647,-4.3574,8.5688,-1.1277,-5.3740,0.5191,-1.8626,40.67,On Head
539697,-4.4700,8.6886,-1.0080,-4.1374,0.0611,-3.0992,40.72,On Head
539747,-4.4652,8.5186,-1.1684,-2.9771,0.7328,-1.1756,41.24,On Head
539797,-4.5394,8.4515,-1.0822,-2.1679,1.3740,-1.3435,40.95,On Head
539847,-4.5873,8.6838,-1.1732,-3.5725,1.5878,-0.9008,40.95,On Head
539897,-4.6495,8.5210,-0.9529,-3.1145,1.1145,0.8855,40.86,On Head
539947,-4.5849,8.4922,-1.0008,-2.9466,0.0153,2.4427,40.77,On Head
539997,-4.4987,8.5641,-1.0606,-1.4351,-0.1985,1.8779,40.91,On Head
540047,-4.5107,8.5377,-1.1061,-2.0153,-0.1527,1.6031,40.95,On Head
540097,-4.5179,8.5473,-1.0894,-2.4580,-0.1985,1.4809,40.95,On Head
540147,-4.4365,8.5138,-1.0463,-3.5725,0.2443,1.5420,40.91,On Head
540197,-4.3646,8.8825,-0.9313,-2.4427,1.2519,1.4198,41.09,On Head
540247,-4.1779,8.3677,-1.1971,0.2137,2.9771,4.7634,40.95,On Head
540297,-4.3000,8.5162,-1.5419,0.2901,7.1145,0.9313,40.86,On Head
540347,-4.5705,9.0477,-1.9058,-8.0611,12.7176,2.6412,40.91,On Head
540397,-4.8291,8.7340,-1.5874,-14.8092,19.7252,9.0840,40.91,On Head
540447,-4.9416,8.5832,-1.3144,-10.8550,22.1832,14.2290,40.95,On Head
540497,-4.8483,8.7843,-1.3791,-13.2824,20.8244,17.6794,41.05,On Head
540547,-4.4987,8.9160,-1.3886,-17.2061,18.3206,21.6489,40.95,On Head
540597,-4.5993,8.5928,-1.3958,-18.1679,20.6412,19.1145,40.91,On Head
540647,-4.7309,9.0190,-1.4557,-18.8702,25.0229,18.2901,40.95,On Head
540697,-4.8435,9.1554,-1.1684,-24.5954,31.2061,21.5573,40.67,On Head
540747,-4.7932,8.9639,-0.8715,-24.0916,33.8168,28.5344,40.95,On Head
540797,-4.4748,8.7652,-0.4932,-23.5420,33.3588,30.1985,40.91,On Head
540847,-4.1132,8.9352,-0.7590,-21.1450,30.4275,35.2824,40.86,On Head
540897,-3.3471,9.3494,-0.6704,-27.6489,32.1069,36.5802,40.72,On Head
540947,-3.0813,9.3589,-0.0718,-33.7863,29.1145,35.3130,40.67,On Head
540997,-2.3152,9.4116,0.4381,-37.2977,24.8855,36.6412,40.95,On Head
541047,-1.8747,9.1363,0.9170,-26.6260,23.8168,39.6489,40.72,On Head
541097,-0.7302,9.4092,0.8380,-23.6489,15.2977,41.8321,40.77,On Head
541147,0.6273,9.9240,1.0223,-22.7939,18.3053,40.5191,40.95,On Head
541197,1.2713,10.1035,1.0175,-9.9237,20.2443,30.1832,41.24,On Head
541247,1.4653,9.9599,0.5938,-9.8473,15.2214,26.7328,40.86,On Head
541297,2.1213,9.4762,0.2969,0.0000,13.3740,28.1527,40.77,On Head
541347,2.8395,9.6391,-0.2442,2.2748,13.3893,22.7786,40.95,On Head
541397,3.0502,9.5648,-0.1317,-11.9237,20.6107,4.7481,40.77,On Head
541447,2.0518,9.9359,0.1748,-15.7405,30.5649,-7.3893,40.95,On Head
541497,1.5347,10.5058,0.8667,-25.2214,33.2977,10.1069,40.77,On Head
541547,1.6496,9.4020,1.3479,-13.2519,37.9542,15.4809,40.77,On Head
541597,2.0949,10.1059,1.2737,-13.6641,41.2519,21.2214,40.91,On Head
541647,2.1500,9.3733,1.3982,-5.7863,48.2443,16.7634,40.95,On Head
541697,2.0375,9.5816,1.2474,-1.6336,49.6183,10.6412,40.86,On Head
541747,1.8723,9.6750,1.3120,-4.3053,49.8626,8.8550,40.91,On Head
541797,1.5562,9.5122,1.3791,-2.1985,45.7405,4.6565,40.86,On Head
541847,1.2546,10.1107,0.9912,4.3206,40.0763,3.0992,41.09,On Head
541897,1.1301,9.9575,0.7278,8.0000,33.2519,4.6565,40.95,On Head
541947,0.9936,10.4770,-0.1125,11.4046,25.8931,5.8779,40.86,On Head
541997,0.7494,10.3166,-0.2418,-4.5649,15.8779,12.8092,40.91,On Head
542047,1.3719,9.9383,-0.1053,-12.3817,12.9924,12.9466,41.05,On Head
542097,1.8004,9.8354,0.0718,-12.3664,16.4122,16.5344,41.05,On Head
542147,2.2960,9.6726,0.2203,-10.7634,24.2137,18.8855,40.91,On Head
542197,2.5235,9.4308,0.3089,-4.2290,32.5038,11.5115,41.05,On Head
542247,2.3607,9.3446,0.2562,0.1985,35.4656,9.0229,41.09,On Head
542297,2.6073,9.1722,0.3280,2.2748,39.1908,7.5267,40.86,On Head
542347,2.5714,9.4260,0.5124,5.3435,35.0534,4.6870,40.95,On Head
542397,3.2441,10.1203,0.9002,4.1374,33.4198,1.2977,40.67,On Head
542447,3.6392,10.1275,1.2905,-7.1145,38.6870,-6.1832,40.72,On Head
542497,2.0758,9.3015,2.4277,-11.8779,52.2901,-28.7481,41.09,On Head
542547,0.7518,9.3541,3.1460,-9.9847,50.6870,-30.3206,40.95,On Head
542597,0.0215,9.3518,4.2066,-15.0687,46.8550,-19.7710,40.95,On Head
542647,-0.4046,9.4906,4.5729,-4.6870,36.5038,-19.7710,40.72,On Head
542697,-0.6321,9.9862,4.5059,-7.8473,34.9313,-20.4275,40.95,On Head
542747,-1.7837,9.4451,4.4077,9.7405,33.0687,-25.6489,40.95,On Head
542797,-2.0662,10.1083,3.5961,24.9466,28.7328,-16.1679,40.67,On Head
542847,-2.0973,10.3597,2.8467,24.3817,22.0458,-4.1679,40.91,On Head
542897,-1.2210,10.1634,2.3990,11.6336,23.2061,1.8321,40.67,On Head
542947,-1.2282,10.3382,2.0016,14.3206,29.0687,6.7481,40.95,On Head
542997,-0.7542,10.5345,1.5251,-1.1908,35.8626,27.3282,40.77,On Head
543047,0.0383,10.1610,1.7142,-7.7710,35.6794,42.2290,40.91,On Head
543097,1.2857,9.0860,1.5371,-18.5496,35.9695,39.2519,40.77,On Head
543147,1.3072,8.9280,1.6065,-4.9160,32.8092,32.1527,40.86,On Head
543197,1.4676,9.6702,1.6831,-13.7710,24.2290,26.4427,40.95,On Head
543247,1.1420,8.7388,2.1332,-0.6107,23.1450,22.3053,40.77,On Head
543297,0.8452,9.4188,1.8459,12.7023,5.7710,19.1298,40.91,On Head
543347,2.1620,11.3246,1.3288,5.1908,-4.9160,20.0305,41.05,On Head
543397,2.5546,10.4794,1.5323,-4.1221,-5.8168,18.3206,40.95,On Head
543447,2.5642,9.7276,1.3360,-11.3435,-8.8397,20.2443,40.95,On Head
543497,2.7222,8.4970,1.6257,-9.5115,-9.0076,20.8244,40.91,On Head
543547,3.5626,9.0812,1.6376,-4.7786,-4.6107,9.3740,40.95,On Head
543597,3.2346,9.8162,1.9513,-3.9237,0.5344,8.4885,40.91,On Head
543647,2.9592,9.7803,1.5993,3.2519,-4.2595,18.6565,40.95,On Head
543697,3.3734,9.6534,1.6137,-9.1298,-13.6489,20.2748,40.77,On Head
543747,3.4477,8.7604,1.9848,-12.9313,-20.2901,8.9008,40.95,On Head
543797,3.5171,9.1435,1.7645,-4.1985,-22.2137,-5.5115,40.91,On Head
543847,3.5602,9.6510,1.4700,-0.2595,-15.1298,-7.8931,40.86,On Head
543897,3.2872,9.4978,1.5155,0.7023,-6.6107,-9.5573,40.91,On Head
543947,3.3136,9.7420,1.3958,2.1069,1.3893,-7.6489,40.91,On Head
543997,2.7054,9.6654,1.6089,0.2748,5.5115,-2.6412,40.67,On Head
544047,2.6193,9.5505,1.7142,0.4733,-0.5649,-1.2519,40.95,On Head
544097,2.6552,9.5912,1.8244,-2.2290,-7.0382,-2.3969,40.95,On Head
544147,2.0111,9.7109,2.0973,0.3969,-24.9466,-3.3893,40.91,On Head
544197,1.7645,9.8569,1.8675,-4.9008,-57.7252,-4.7176,40.91,On Head
544247,1.9369,10.1155,1.2881,-16.9466,-90.9466,-6.3664,40.95,On Head
544297,2.6121,9.7923,0.7374,-25.1603,-100.5802,-4.3206,41.05,On Head
544347,3.1556,9.5074,0.6895,-28.9618,-98.5038,-1.5267,41.09,On Head
544397,3.5338,9.5744,0.8523,-29.9847,-89.1145,1.4046,40.91,On Head
544447,3.8427,8.7939,1.1037,-16.6870,-67.1603,0.0153,40.86,On Head
544497,3.5865,9.3158,0.9505,-2.5496,-52.9618,-4.6870,40.77,On Head
544547,2.9377,9.5361,1.0319,-4.7939,-44.7939,-8.0611,40.95,On Head
544597,2.4900,9.7396,0.9337,-4.3053,-47.5115,-5.1145,40.95,On Head
544647,2.8084,9.7324,0.7350,-8.4733,-52.1679,-4.3511,41.05,On Head
544697,2.9999,9.5936,0.7015,-9.8015,-54.0000,-8.1679,41.09,On Head
544747,3.1244,9.4691,0.7374,-12.6107,-52.4885,-14.3511,40.72,On Head
544797,2.6145,9.4810,0.6728,-10.3969,-47.1908,-21.8779,41.24,On Head
544847,2.2865,9.7659,0.7709,-9.3893,-54.2748,-20.7328,40.86,On Head
544897,2.5474,9.8641,0.3926,-9.0534,-46.5191,-20.9924,40.95,On Head
544947,1.8771,9.8545,0.6153,-2.8855,-40.6870,-19.6183,40.86,On Head
544997,2.0590,9.9695,0.3855,-3.9695,-38.5191,-11.0992,41.09,On Head
545047,1.9968,9.8593,0.4286,-2.7786,-33.2214,-7.8473,40.67,On Head
545097,1.9680,9.7707,0.4166,-4.4122,-30.6107,-10.0000,41.05,On Head
545147,1.6376,9.8114,0.4980,-3.3130,-30.0305,-9.6336,40.95,On Head
545197,1.8196,9.8306,0.2945,-3.2977,-28.8550,-8.2595,40.72,On Head
545247,1.5443,9.9695,0.2490,-1.9695,-23.3435,-9.4046,40.91,On Head
545297,1.6664,9.9671,0.2370,-3.6794,-21.5725,-4.9924,40.95,On Head
545347,1.4724,10.0006,0.3184,-1.1298,-18.9618,-5.6336,40.95,On Head
545397,1.3934,9.9383,0.3304,-3.8931,-20.2901,-4.5191,40.91,On Head
545447,1.4437,9.7636,0.4214,-2.0000,-21.1908,-4.2595,40.95,On Head
545497,1.3527,9.7755,0.4046,0.2290,-21.3130,-7.1756,40.86,On Head
545547,1.1540,9.9168,0.2801,0.4275,-27.1450,-7.8015,40.77,On Head
545597,1.6161,9.7851,0.0551,-1.2672,-27.7252,-11.3130,41.09,On Head
545647,1.1636,9.9264,0.1221,-2.6107,-25.8015,-12.3206,40.86,On Head
545697,1.1181,9.8426,0.0048,-2.0305,-23.8931,-17.2977,40.91,On Head
545747,0.4597,10.1778,0.2705,-4.6412,-27.2366,-18.4733,40.91,On Head
545797,0.3998,10.1778,0.1748,-4.4733,-25.7710,-12.6565,40.91,On Head
545847,0.5052,10.1873,0.1006,-4.7328,-26.4580,-4.1679,40.91,On Head
545897,0.8523,10.0221,0.0646,-6.0305,-20.8092,-1.7863,40.91,On Head
545947,0.8452,9.9575,0.1053,-4.6565,-13.1145,0.8702,40.95,On Head
545997,0.8619,9.8713,0.1963,-3.1450,-8.6718,1.4809,40.91,On Head
546047,0.8763,9.8976,0.2011,-0.9008,-5.0076,-0.5954,40.86,On Head
546097,0.6440,10.0556,0.2466,-2.8550,-4.1221,-1.2061,41.24,On Head
546147,0.9290,9.8234,0.1867,-3.0992,-2.3664,-1.1756,40.86,On Head
546197,0.7015,10.0580,0.2370,-2.9466,2.7786,-2.6260,41.09,On Head
546247,0.7422,9.9982,0.1628,-2.9160,6.0611,-1.5878,40.77,On Head
546297,0.7877,9.8976,0.0742,-1.9389,12.5954,-0.9008,40.91,On Head
546347,0.6823,10.1682,-0.0670,-1.1145,20.0305,-0.7939,40.95,On Head
546397,0.7063,10.0293,-0.0239,-5.8473,27.4046,0.6107,40.77,On Head
546447,0.5578,9.9479,0.1460,-1.1298,33.2672,1.7099,40.86,On Head
546497,0.6369,9.8354,0.1508,-2.1679,36.1069,2.2443,40.95,On Head
546547,0.7374,9.8904,0.0599,0.3817,38.1985,0.8397,40.77,On Head
546597,0.8428,10.0461,0.0168,-4.5649,39.3130,-0.5191,40.91,On Head
546647,0.7709,9.9192,0.1197,-4.1069,44.9160,-0.5038,40.91,On Head
546697,0.6967,10.1538,0.1484,-3.9084,47.8931,0.9618,40.91,On Head
546747,0.8260,9.8785,0.0551,-5.2672,52.7634,-0.6718,40.95,On Head
546797,0.3663,10.1466,0.2921,-5.0076,53.9847,1.8168,40.72,On Head
546847,0.5028,9.8282,0.5171,-4.5954,50.6870,4.1221,40.91,On Head
546897,0.5028,9.8043,0.5842,-1.7557,46.5191,3.2366,40.95,On Head
546947,0.6129,9.7013,0.5698,0.7786,41.0382,-0.7023,40.91,On Head
546997,0.4980,9.7683,0.5339,1.9084,34.8550,-3.5115,40.86,On Head
547047,0.3184,9.8689,0.2849,4.1374,30.4886,-1.4046,40.86,On Head
547097,0.3112,10.0580,0.1197,2.3817,28.9313,2.8855,40.91,On Head
547147,0.1604,10.1466,-0.0862,3.8779,30.6260,10.1527,40.95,On Head
547197,0.0407,10.4914,-0.0742,5.6641,23.6794,19.8779,40.95,On Head
547247,0.9529,10.5249,-0.4597,0.0916,20.8244,17.6183,40.91,On Head
547297,0.9361,10.2927,-0.1700,-6.9771,22.1679,18.6412,41.09,On Head
547347,1.3144,9.8521,0.1700,-9.1756,21.0382,18.9618,40.91,On Head
547397,1.6113,9.5816,0.4717,-8.2290,18.8244,15.6336,41.09,On Head
547447,1.8316,9.5050,0.7135,-4.4122,11.7710,7.0992,40.77,On Head
547497,1.7645,10.0365,0.5028,-4.3511,5.6794,0.8550,41.19,On Head
547547,1.6424,9.8713,0.4477,-6.3511,2.4122,-0.8397,40.95,On Head
547597,1.6209,9.9240,0.4214,-8.1832,2.2137,2.4885,40.95,On Head
547647,1.8268,9.6726,0.6105,-6.6412,3.9542,4.4275,41.19,On Head
547697,1.6879,9.8641,0.7542,-3.8015,3.0534,-0.0458,41.09,On Head
547747,1.5490,9.9407,0.6943,-0.3969,0.0458,1.5725,40.72,On Head
547797,1.7190,9.7755,0.5986,-0.9466,-3.1908,1.9237,41.09,On Head
547847,1.8268,9.8617,0.5339,-3.1450,-6.9008,3.5267,40.77,On Head
547897,2.0949,9.7276,0.4836,-3.7405,-4.4733,1.4198,40.91,On Head
547947,2.0423,9.7396,0.5363,-2.0916,-0.3817,-0.4275,40.95,On Head
547997,1.9106,9.8665,0.5363,-3.6031,1.2366,-0.3206,40.95,On Head
548047,1.8292,9.9168,0.4118,-3.3588,4.2137,0.7939,40.72,On Head
548097,1.9273,9.9168,0.4717,-3.4962,5.2824,-0.1832,41.05,On Head
548147,2.0686,9.8378,0.4405,-5.1450,9.3588,1.6031,41.05,On Head
548197,2.2482,9.9766,0.3232,-6.6260,17.9542,1.0840,40.77,On Head
548247,2.6743,9.8138,0.2634,-5.9847,35.1756,6.7481,40.91,On Head
548297,3.2058,9.2320,0.0503,15.2366,73.4046,11.9847,40.86,On Head
548347,2.6911,9.6989,0.0694,19.9389,101.3893,6.8702,40.67,On Head
548397,2.0351,10.0341,0.2777,17.7405,104.7176,-0.9618,40.91,On Head
548447,1.3862,9.7707,0.7087,8.1069,92.8092,-6.4122,41.05,On Head
548497,1.3072,9.9527,0.7949,6.9313,76.2748,-5.8931,40.86,On Head
548547,1.3982,9.8737,0.9266,6.3511,64.6107,-4.4885,41.05,On Head
548597,1.2689,9.9096,1.0511,7.3893,50.2595,-4.7786,40.86,On Head
548647,1.2306,9.9551,0.9744,3.2214,36.4275,-0.2595,40.86,On Head
548697,1.6209,9.9695,0.9050,1.0229,27.6336,-0.4733,40.77,On Head
548747,1.5706,9.8234,0.7925,6.2290,22.1985,0.1679,41.24,On Head
548797,1.7861,10.1275,0.5890,-0.1985,19.6641,1.9084,40.86,On Head
548847,1.6807,9.8258,0.7685,-0.3053,17.2061,4.7328,40.95,On Head
548897,1.8675,9.7755,0.8284,-0.9313,12.8092,4.7939,40.95,On Head
548947,2.1668,9.7803,0.5219,-0.3053,11.2824,1.9542,40.95,On Head
548997,2.4229,9.7923,0.3400,-1.8015,15.3130,-2.7481,40.95,On Head
549047,1.8627,9.7659,0.6416,-9.1450,16.4122,-11.8321,41.05,On Head
549097,1.0965,10.3166,0.7350,3.3435,20.3511,2.8702,40.95,On Head
549147,1.5610,10.2376,0.5602,-6.5802,18.9008,12.4885,41.09,On Head
549197,1.7861,9.8282,0.7470,-13.0382,22.7481,15.4504,41.19,On Head
549247,2.1476,9.4954,0.7877,-7.2519,16.5038,14.0305,41.19,On Head
549297,2.5714,9.6893,0.7494,-11.6489,10.0916,0.9771,40.95,On Head
549347,1.7765,9.0429,1.3695,-9.8626,-6.5191,-12.4885,41.05,On Head
549397,2.0327,10.2328,0.7542,-1.9084,-29.0229,-19.1603,40.95,On Head
549447,2.7892,9.8258,0.8906,-36.5344,-28.6107,-23.8168,40.95,On Head
549497,2.0925,9.6031,2.0039,-23.8626,-5.4962,-12.0458,40.95,On Head
549547,1.7549,9.9359,2.1763,-11.0840,3.0076,2.5954,41.24,On Head
549597,2.1428,9.6319,2.2242,-11.8779,4.7786,3.7557,40.67,On Head
549647,2.0063,9.5672,2.2075,-8.0305,7.6489,3.6641,40.95,On Head
549697,2.1308,8.9663,2.0375,0.4885,10.0305,-4.0153,41.05,On Head
549747,1.8292,9.6007,1.8507,1.2519,13.5878,-7.9084,40.86,On Head
549797,1.7047,9.5912,1.9225,4.7023,19.5267,-13.1603,40.77,On Head
549847,0.9744,9.8545,2.1141,8.8550,23.6794,-14.4275,40.95,On Head
549897,0.5291,10.0126,2.0351,12.1832,19.2366,-4.8550,41.05,On Head
549947,1.1013,9.9000,1.5682,12.1985,12.5649,-1.1603,41.19,On Head
549997,0.7350,10.2639,1.4509,13.3435,5.7405,0.3053,40.95,On Head
550047,0.7135,10.1610,1.4533,5.6794,-10.0153,1.4351,41.09,On Head
550097,0.9074,9.8689,1.4341,4.3206,-27.1908,-3.7252,40.77,On Head
550147,1.2641,10.3142,0.8164,3.7863,-37.5573,-5.3282,40.86,On Head
550197,1.4557,10.1347,0.4118,-2.2748,-31.1298,2.0000,40.91,On Head
550247,1.8411,10.0030,0.4357,-1.2824,-12.1374,8.5344,40.95,On Head
550297,1.6257,9.9766,0.7661,-3.6489,4.4580,10.2290,41.09,On Head
550347,1.7789,9.7348,0.9816,-2.7176,6.4580,12.4275,40.67,On Head
550397,2.2649,9.4595,0.8954,-1.8015,9.9847,2.4733,40.95,On Head
550447,1.8028,9.9335,0.8667,-3.2366,10.9008,-8.1985,40.67,On Head
550497,1.8124,10.0341,1.1157,-7.7099,10.5954,-11.9847,40.95,On Head
550547,1.6113,9.8928,1.1229,-9.5725,10.4122,-11.2519,40.95,On Head
550597,1.4605,9.6247,1.3671,-8.3664,8.7786,-16.4733,41.05,On Head
550647,0.9242,10.2855,1.2857,-8.5344,4.6870,-13.3435,40.91,On Head
550697,1.0942,9.6917,1.4772,-7.9084,3.6641,-7.5878,40.77,On Head
550747,0.9720,9.8976,1.4557,-3.5573,2.1679,-11.8321,41.09,On Head
550797,0.7685,9.9910,1.3838,-3.6947,1.5267,-9.0687,41.28,On Head
550847,0.7925,9.9790,1.3958,-5.0076,-0.5191,-8.5038,41.19,On Head
550897,0.6081,10.1730,1.3862,-8.5496,0.1985,-8.4122,41.09,On Head
550947,0.6608,9.8761,1.5730,-7.8168,2.7786,0.0000,41.19,On Head
550997,0.7159,9.9048,1.5538,-2.5802,5.8015,1.8321,40.95,On Head
551047,0.5555,9.9886,1.5682,-3.7557,4.8397,6.3817,40.95,On Head
551097,1.1827,9.9383,1.3384,-1.9542,5.4351,6.9008,40.95,On Head
551147,1.2426,9.8857,1.4293,-6.4580,7.4046,0.9008,40.72,On Head
551197,1.0942,9.4834,1.6807,-4.6107,9.8015,-4.7634,41.19,On Head
551247,0.8667,9.7683,1.6759,-2.8397,8.9008,-10.1221,41.09,On Head
551297,0.5626,9.8378,1.6568,-4.3664,5.6183,-12.5496,40.95,On Head
551347,0.4142,10.1179,1.5826,-4.0153,5.6947,-9.1145,40.95,On Head
551397,0.4477,9.9575,1.6281,-3.4198,7.6183,-4.7023,40.91,On Head
551447,0.1652,9.9359,1.7669,-3.7557,6.5344,-4.6260,40.91,On Head
551497,0.2777,10.0413,1.6185,-1.5420,1.6489,-2.1221,40.91,On Head
551547,0.8332,9.9695,1.5107,-4.8092,5.8015,-4.0305,41.05,On Head
551597,0.4214,9.8713,1.4820,-5.0534,8.2290,-10.1527,41.09,On Head
551647,0.2538,10.1131,1.7095,-7.5725,6.6107,-7.2824,40.77,On Head
551697,0.0239,9.8114,1.7693,-7.5573,3.2824,-3.6336,41.24,On Head
551747,0.3663,9.8833,1.6041,-5.6183,4.5496,-5.0992,41.09,On Head
551797,0.1676,9.8593,1.7238,-4.2595,5.4351,-2.6718,40.86,On Head
551847,0.1317,10.1011,1.7454,-2.8550,7.6183,-2.1985,41.05,On Head
551897,0.1532,9.8713,1.6975,-4.5954,4.6870,-0.2901,40.91,On Head
551947,0.4142,9.6845,1.7023,-4.9466,4.0000,-4.5496,40.95,On Head
551997,0.1772,9.8474,1.7262,-0.9160,7.6031,-5.6794,41.19,On Head
552047,0.1652,9.9024,1.6041,0.2901,8.3359,-1.2366,41.05,On Head
552097,0.1149,9.9311,1.5874,1.1756,9.6794,0.6870,40.91,On Head
552147,0.1580,10.0221,1.4509,-1.0992,6.1832,1.7405,40.95,On Head
552197,0.1077,10.1945,1.4437,-5.1450,6.2901,3.7405,41.09,On Head
552247,0.4334,10.0149,1.3312,-6.4122,5.8626,4.2748,40.77,On Head
552297,0.2658,9.9647,1.6113,-7.2214,4.3664,5.5573,40.72,On Head
552347,0.6153,9.8306,1.5203,-8.7481,2.3053,4.5344,40.95,On Head
552397,0.3759,9.9766,1.6999,-12.4733,-3.2366,4.7176,40.95,On Head
552447,0.2490,10.1418,1.6544,-14.1679,-9.8168,8.4122,41.19,On Head
552497,0.7207,9.9814,1.6903,-10.1374,-10.1069,16.9313,41.28,On Head
552547,1.2306,9.8569,1.6161,-10.0153,-9.6489,19.6031,41.19,On Head
552597,1.4700,10.6183,1.4030,-5.8626,-6.6565,12.1069,41.05,On Head
552647,1.3671,10.8745,1.6520,-20.2901,-1.6031,13.5267,41.09,On Head
552697,1.1420,9.5002,2.4565,-25.8779,4.8397,14.3206,41.19,On Head
552747,0.9577,9.1746,2.9042,-17.0687,10.5191,11.2061,40.95,On Head
552797,0.6321,9.5146,3.1915,-17.0229,12.4275,15.4351,40.86,On Head
552847,0.6704,9.2320,3.6559,-10.5954,8.9466,15.4351,41.05,On Head
552897,0.6847,9.3877,3.9863,-5.4504,1.0687,13.4198,40.67,On Head
552947,0.8571,9.0692,3.7445,3.3740,-7.9695,8.0916,40.95,On Head
552997,0.9218,9.3039,3.2561,4.7023,-17.6489,5.4351,40.86,On Head
553047,1.2258,9.5409,2.7916,9.3893,-14.9313,-1.9237,41.05,On Head
553097,0.9290,9.9886,2.5379,-0.0305,-11.3435,-5.5115,41.09,On Head
553147,0.8260,9.9359,2.8228,-3.3282,-8.9466,-0.9008,40.95,On Head
553197,0.7015,10.2113,2.9928,-2.3206,-3.0076,-0.1374,40.86,On Head
553247,1.1660,9.5385,3.2513,-7.1756,0.5649,12.5496,40.95,On Head
553297,1.9824,9.4188,3.2777,-4.7481,6.8702,10.7786,41.05,On Head
553347,2.1237,9.4236,3.4069,-1.1908,12.1527,10.3664,41.05,On Head
553397,2.3224,9.0932,3.4740,0.3359,15.6947,6.0305,40.72,On Head
553447,2.0734,9.1195,3.3375,5.4504,17.1450,3.8779,40.91,On Head
553497,2.0135,9.3518,2.9975,9.8321,17.9237,-0.2748,40.91,On Head
553547,1.9992,9.3829,2.8778,11.3130,21.4504,-0.3206,40.91,On Head
553597,1.8148,9.5840,2.7892,10.1221,25.5114,0.2137,41.24,On Head
553647,1.5802,9.5481,2.8132,14.2290,26.8702,0.8702,41.05,On Head
553697,1.4198,9.6917,2.6073,14.9160,26.8244,3.8931,40.72,On Head
553747,1.6257,9.9527,2.6624,9.5115,25.4198,8.1374,41.09,On Head
553797,1.7526,9.8521,2.7461,8.6107,23.0840,9.1603,41.09,On Head
553847,1.9034,9.6726,3.0023,5.8168,20.0763,8.9008,40.77,On Head
553897,1.9369,9.5217,3.0765,5.5573,13.4809,11.3130,40.91,On Head
553947,2.1811,9.2991,3.0263,7.6183,4.7786,9.6489,41.24,On Head
553997,2.5091,9.3901,2.8299,8.5191,-0.6718,7.0229,41.19,On Head
554047,2.4876,9.5553,2.7054,7.6031,-4.7786,5.7557,41.19,On Head
554097,2.5594,9.6247,2.6456,3.2061,-9.1908,4.4885,41.24,On Head
554147,2.2817,9.4834,2.7294,-1.4351,-11.9084,2.6107,41.28,On Head
554197,2.5666,9.9599,2.9185,0.3359,-14.9466,6.2290,41.09,On Head
554247,2.6815,10.3908,2.6288,2.2595,-19.0229,7.1603,40.86,On Head
554297,2.3703,9.9192,1.9273,9.4809,-22.1832,0.1527,41.24,On Head
554347,1.8699,9.6271,1.4317,3.2977,-24.5344,4.6260,41.05,On Head
554397,2.3774,9.3374,1.1947,1.8779,-24.5344,10.1374,40.95,On Head
554447,2.6264,9.3206,0.8787,5.7557,-20.4427,1.4351,40.77,On Head
554497,2.2242,9.6199,0.1580,7.5115,-13.9542,-5.0840,40.72,On Head
554547,1.6472,9.4858,0.0982,-0.9618,-10.5649,-0.6718,40.86,On Head
554597,2.2577,9.8138,-0.3160,10.7786,-8.2443,-3.2061,40.91,On Head
554647,2.0925,10.2975,-0.7326,1.6336,-2.1374,-8.0153,40.77,On Head
554697,1.9273,10.1203,-0.4908,1.7557,6.7481,-6.5649,40.91,On Head
554747,1.5993,10.1801,-0.3950,-4.7634,8.7328,-3.3282,40.91,On Head
554797,1.7478,9.7899,-0.1197,-6.5191,8.9771,-1.0534,40.91,On Head
554847,2.2194,9.9862,0.0359,-15.0382,7.7710,0.5954,41.05,On Head
554897,2.2960,9.6965,0.4764,-19.3588,9.6183,-2.9313,41.09,On Head
554947,2.2170,9.7085,0.8404,-15.8779,14.9008,-3.1145,40.91,On Head
554997,2.1524,9.7827,1.0463,-10.8550,16.2748,1.2824,40.91,On Head
555047,2.3559,9.4379,1.3647,-10.2748,17.4656,4.9008,40.95,On Head
555097,2.6312,9.6031,1.4198,-0.4427,18.3817,6.7786,40.91,On Head
555147,2.5977,9.3757,1.4054,4.5954,12.9771,6.3511,40.67,On Head
555197,3.1532,9.7851,1.0151,6.1679,9.1450,3.6031,41.05,On Head
555247,2.9353,9.9407,1.0175,-1.9847,9.5878,3.7557,40.95,On Head
555297,3.0789,9.9144,1.0080,-2.1679,7.8931,4.7786,41.05,On Head
555347,3.1747,9.3398,1.3599,-9.8321,6.4580,3.6031,40.95,On Head
555397,3.3782,9.0070,1.6017,-9.7405,1.6794,1.8015,40.95,On Head
555447,3.8379,8.8945,1.5155,-7.0382,-2.5954,2.9466,40.91,On Head
555497,4.3431,9.0980,1.2043,-3.0687,3.2061,-5.6489,40.77,On Head
555547,3.5721,9.6319,0.9649,-1.7405,3.6489,-6.7786,40.95,On Head
555597,3.4955,9.5122,0.6225,-4.5191,5.8779,-8.2595,40.95,On Head
555647,3.7086,11.0061,0.9337,-12.6412,4.8397,-1.0229,40.91,On Head
555697,3.3950,10.2208,1.0558,-18.9008,13.4198,-8.9466,40.91,On Head
555747,1.6879,10.3908,1.7071,-20.2290,22.4275,-12.7481,40.91,On Head
555797,0.4932,9.2081,2.1404,-11.8168,21.3435,-5.7252,40.91,On Head
555847,0.4693,9.3757,1.9393,-15.6947,19.1603,7.5878,40.91,On Head
555897,1.0247,9.5409,2.6432,-18.8092,16.1374,4.2290,40.91,On Head
555947,0.7111,9.5481,3.4189,-23.1450,17.2672,-4.6412,40.91,On Head
555997,0.2682,9.3111,4.1444,-17.9695,16.8550,-4.6870,40.95,On Head
556047,0.2610,9.2344,3.8116,4.8092,22.9618,-1.0382,40.91,On Head
556097,0.4860,9.7133,3.3184,14.6718,28.4580,18.6870,40.86,On Head
556147,1.7957,9.5792,3.3160,11.9695,27.9695,25.8473,41.05,On Head
556197,2.6767,9.1291,3.2489,10.9924,26.6870,16.8244,41.19,On Head
556247,2.3894,9.0668,3.3543,6.5191,21.4962,7.8015,40.95,On Head
556297,2.0446,9.4691,3.0191,16.7023,19.4962,6.1374,40.95,On Head
556347,2.7270,9.1722,2.5522,13.1145,20.3206,9.0687,40.91,On Head
556397,2.5187,9.3685,2.5067,14.0153,18.9466,12.7023,40.86,On Head
556447,2.6288,9.1028,2.5594,9.4198,18.2748,12.9008,41.05,On Head
556497,2.6001,9.8497,2.5187,11.4351,24.9466,16.2137,41.24,On Head
556547,2.6935,9.4523,2.9616,12.1221,22.1679,23.3435,40.91,On Head
556597,2.5857,9.5888,2.8204,14.9618,18.3359,22.1679,40.86,On Head
556647,2.9257,9.4403,2.4972,12.3817,11.7099,26.2595,41.05,On Head
556697,4.8842,10.1873,2.7485,6.8244,-1.2824,34.7939,40.91,On Head
556747,4.6017,9.5648,2.4038,6.9008,2.0763,13.3282,40.95,On Head
556797,3.0837,9.2632,1.8340,10.8702,-4.5191,16.4886,41.05,On Head
556847,3.7972,8.9399,0.6512,12.5191,-6.0763,22.8397,40.86,On Head
556897,4.1635,8.2983,0.6105,6.1832,-1.6489,16.8550,41.28,On Head
556947,4.0654,8.5425,0.2466,9.8626,-2.0153,10.0153,40.77,On Head
556997,3.9121,9.4260,-0.1891,3.4198,-2.9771,6.8550,40.86,On Head
557047,3.9121,9.3996,0.0718,-0.1985,-11.2061,5.7710,40.72,On Head
557097,4.7716,9.0285,-0.4549,3.6183,-10.1069,-2.8092,40.86,On Head
557147,4.5921,10.0054,-0.0239,-3.8473,12.9924,-19.7710,41.09,On Head
557197,2.7701,8.8753,1.3240,0.2901,19.9389,-11.2977,41.19,On Head
557247,3.2178,9.4403,0.2682,24.7023,-2.8092,7.2672,40.86,On Head
557297,3.6488,9.4451,-0.1101,-16.3664,-14.9466,3.2214,40.86,On Head
557347,4.4867,9.2033,0.0670,-14.6412,-24.3053,1.4046,40.95,On Head
557397,5.0901,8.9567,0.1676,-17.3282,-21.4198,0.6107,40.86,On Head
557447,5.2361,8.2408,0.6345,-17.1450,-16.8244,-11.1450,40.77,On Head
557497,4.4987,9.1770,0.1676,-7.0687,-13.0229,-11.7710,41.19,On Head
557547,4.1946,9.0501,0.5674,-31.8015,-27.7099,-9.7557,41.09,On Head
557597,4.4436,9.1459,0.4597,-17.2366,-23.4046,-7.4351,41.19,On Head
557647,4.8554,8.7005,0.3735,-32.5649,-25.9389,-9.6183,41.28,On Head
557697,4.2593,9.1243,0.9457,-29.2519,-18.6107,1.8931,40.95,On Head
557747,4.6735,9.0309,0.6752,-16.0153,-10.3053,4.6870,40.91,On Head
557797,6.5146,11.0133,0.8859,-10.9313,-8.4733,15.8626,40.95,On Head
557847,6.4260,10.0030,0.5483,-8.6870,13.2824,-10.6718,41.19,On Head
557897,3.0909,9.4332,1.9800,-14.9008,20.6107,-15.3893,40.95,On Head
557947,2.9760,9.3111,1.4796,3.9847,27.8473,-3.8321,41.09,On Head
557997,2.7126,9.3637,1.8914,-19.1603,17.9389,6.2137,40.77,On Head
558047,3.4931,9.0405,2.3535,-22.6260,18.0763,6.5496,41.09,On Head
558097,2.6240,9.1123,3.3447,-22.7786,30.4733,2.0611,41.24,On Head
558147,2.6169,8.3989,4.2282,-14.1374,23.0229,-0.8550,40.95,On Head
558197,2.5402,9.0501,4.5394,-17.0840,14.7176,-4.2290,40.67,On Head
558247,2.5115,9.0692,4.7070,-15.9847,2.8244,-2.3053,41.28,On Head
558297,2.9066,8.5114,4.8219,-12.1527,-3.9847,-4.2901,40.95,On Head
558347,3.1173,8.6215,4.3479,-5.1298,-4.1069,-6.5038,40.95,On Head
558397,3.2178,9.3685,4.2593,0.0305,-0.3053,1.0534,41.05,On Head
558447,4.1468,7.5130,4.4293,3.3893,-1.4962,-4.4885,41.05,On Head
558497,3.4740,8.8394,4.2856,22.2595,8.7634,-5.1908,41.05,On Head
558547,3.4453,8.4396,4.2258,9.4504,-9.1603,-9.9084,41.05,On Head
558597,3.7613,8.1930,3.6559,28.3664,-9.4504,-16.1985,40.91,On Head
558647,3.3232,8.9543,3.3016,18.3664,-3.9389,-22.5191,41.09,On Head
558697,3.2274,8.8921,3.0598,30.0458,-12.7481,-21.0840,40.95,On Head
558747,2.8108,9.2249,2.9329,-14.8702,-28.1527,-31.7099,41.09,On Head
558797,2.0183,10.7787,2.3631,24.9466,-10.0458,-33.1298,40.95,On Head
558847,3.2346,11.5616,2.2242,3.7863,-1.4504,-12.3359,41.05,On Head
558897,2.2889,10.3453,2.5714,18.7328,-10.3817,-32.2137,40.95,On Head
558947,2.5307,10.8625,1.4078,9.8015,-18.1374,-29.4656,40.72,On Head
558997,1.3695,10.2735,1.2306,-5.2366,-28.5649,-27.8931,41.09,On Head
559047,1.4772,8.6574,1.0511,-3.6641,-33.6336,-14.7939,40.91,On Head
559097,1.2809,8.8418,0.6297,-6.3511,-30.1679,-10.2595,40.95,On Head
559147,1.9178,9.0142,0.5435,-2.1679,-23.6031,-11.0992,40.91,On Head
559197,1.8459,10.1969,0.2729,2.2137,-12.9924,-11.0992,40.67,On Head
559247,1.9513,11.0109,-0.0718,10.1832,-4.1679,-13.8168,40.95,On Head
559297,1.4269,10.8457,-0.4429,4.3969,3.6336,-18.7634,41.05,On Head
559347,0.7063,9.7516,-0.2490,-2.9466,8.7481,-13.5725,41.19,On Head
559397,0.7805,9.2536,0.2490,-7.0534,9.2672,-6.5649,40.95,On Head
559447,1.1540,9.2656,0.4932,-3.8473,3.2977,-2.3053,40.86,On Head
559497,0.9984,9.9862,0.6656,-1.6641,-2.0916,-10.3664,40.86,On Head
559547,0.6752,10.2352,0.6608,-4.7634,-18.3053,-8.3053,40.95,On Head
559597,0.7709,10.3094,0.2945,-7.5725,-30.1374,-5.7863,41.24,On Head
559647,0.7781,10.1658,0.3519,-18.7481,-38.9618,-5.8015,40.91,On Head
559697,0.2969,9.9120,1.0104,-25.7557,-46.8550,0.6412,41.19,On Head
559747,0.5315,9.6103,1.3503,-20.1374,-60.6260,4.5954,40.95,On Head
559797,0.4956,10.6063,1.8962,-10.7939,-76.3817,7.9542,40.95,On Head
559847,1.5419,10.7835,0.8236,-0.9008,-97.4504,4.7634,40.95,On Head
559897,1.3623,11.1833,1.0654,-14.9924,-111.4504,8.1679,41.28,On Head
559947,2.5714,11.7795,1.2594,-25.5725,-111.5878,18.5954,40.91,On Head
559997,2.5067,9.0261,2.0710,-36.0916,-89.3282,16.4733,40.91,On Head
560047,1.7957,7.2544,2.9113,-17.0992,-64.4733,-7.2824,41.05,On Head
560097,1.0630,8.0397,2.6887,4.6718,-49.2519,-12.8702,41.24,On Head
560147,1.2737,9.2296,2.4995,10.1527,-44.1527,-9.9542,40.77,On Head
560197,1.4174,10.9247,2.4588,-0.7939,-43.2366,-5.8015,40.95,On Head
560247,1.8507,10.6207,2.3248,-11.5878,-34.3817,-2.1832,41.05,On Head
560297,1.6496,9.7564,2.2865,-9.5725,-29.8168,-2.1832,41.38,On Head
560347,2.0255,9.2991,1.9537,-7.3893,-25.0840,4.3664,40.95,On Head
560397,1.7621,9.4547,2.2458,-0.2901,-30.7176,10.1374,40.91,On Head
560447,3.1053,9.5146,1.5874,-11.8015,-40.3511,13.2519,40.86,On Head
560497,3.6129,9.3685,1.6568,-13.3740,-29.8168,4.3664,41.19,On Head
560547,3.5195,9.5409,1.5419,-2.6870,-18.4427,7.5267,40.95,On Head
560597,3.3351,9.0668,1.7693,-0.1374,-5.7405,1.0687,41.24,On Head
560647,2.9568,8.9974,1.6281,8.0153,-2.9160,1.1450,41.05,On Head
560697,3.1484,9.0884,1.4437,10.0916,-1.7405,-1.9389,40.95,On Head
560747,3.2801,9.0812,0.9888,16.5954,4.5038,-3.8779,40.77,On Head
560797,3.9313,10.9678,0.9385,25.7405,15.2214,0.1679,41.05,On Head
560847,3.8954,11.5544,0.4453,31.4656,36.0916,-10.9618,40.95,On Head
560897,2.7821,10.1275,0.2849,24.9160,49.9542,-11.4198,40.95,On Head
560947,2.1380,10.4986,0.0575,29.8779,53.7252,-7.1450,40.95,On Head
560997,1.5060,10.4794,-0.4190,17.4656,52.0000,-13.7863,41.09,On Head
561047,1.1756,9.9311,-0.4764,4.3817,58.4885,3.1603,41.09,On Head
561097,1.6640,8.2935,-0.2227,2.2290,71.4809,8.7328,40.91,On Head
561147,1.5969,8.7652,-0.3879,8.5649,81.1450,-2.1069,41.05,On Head
561197,1.0223,9.5505,-0.4429,14.4275,87.2672,-8.4885,41.24,On Head
561247,0.7326,11.1690,-0.9984,10.9466,86.9618,-19.8626,40.86,On Head
561297,0.0910,11.3796,-1.3384,8.8092,83.5115,-24.4580,40.95,On Head
561347,-0.4238,11.0445,-1.4078,-7.0992,78.1221,-8.0000,40.95,On Head
561397,0.6991,9.3326,-0.8835,-21.9237,73.5420,9.7557,41.19,On Head
561447,1.3743,8.8514,-0.1437,-18.5954,73.3740,9.1603,41.05,On Head
561497,1.5730,9.4403,0.3089,-19.8321,66.6260,0.6565,40.95,On Head
561547,1.5251,10.0485,0.8332,-14.0458,64.9924,-11.1450,40.95,On Head
561597,0.9242,10.0963,1.2881,-17.2366,55.6336,-8.6565,40.72,On Head
561647,0.6823,9.6893,1.3168,-5.5420,42.3511,-7.0840,41.24,On Head
561697,0.8859,9.5361,1.0894,-4.9466,29.2977,-2.2443,40.72,On Head
561747,1.0846,9.8138,0.9457,-8.6870,25.2366,0.5954,41.19,On Head
561797,2.0231,12.9407,1.4126,3.6336,26.4122,14.9313,41.19,On Head
561847,1.9082,12.4929,1.9824,10.8092,27.1756,8.3817,40.91,On Head
561897,1.1971,10.0844,2.2170,2.4275,22.2595,-2.3053,40.95,On Head
561947,0.1844,9.4930,2.3918,-4.7176,14.7634,-4.6412,41.05,On Head
561997,-0.0192,8.4994,2.4110,-4.2137,11.4504,4.3206,40.72,On Head
562047,0.7757,8.3079,2.3918,0.4122,11.4809,13.8931,41.24,On Head
562097,1.0558,8.7029,2.8395,6.0153,8.3511,9.4351,41.05,On Head
562147,1.6328,10.3406,2.6504,11.2824,6.7176,5.5267,40.86,On Head
562197,1.6688,10.5058,2.8515,2.8702,3.2061,-11.5420,40.58,On Head
562247,1.0511,9.7923,3.0933,4.9924,-3.4351,-28.2595,40.77,On Head
562297,0.5602,9.6510,2.5043,13.1145,-4.8702,-26.9924,41.19,On Head
562347,0.8811,9.2105,2.1069,15.1145,0.1679,-12.1374,40.95,On Head
562397,1.4150,9.1435,1.6712,19.8931,4.6260,-11.4046,40.95,On Head
562447,1.6376,10.1993,1.2761,14.1679,10.3969,-13.2977,40.95,On Head
562497,1.5419,10.0892,1.4222,7.2366,17.2519,-15.7863,40.95,On Head
562547,0.0192,10.9391,1.4413,8.6565,21.1298,-9.6336,40.77,On Head
562597,-0.4908,10.4579,1.5083,-3.2672,11.9847,11.3130,41.09,On Head
562647,0.7877,9.1147,1.4844,3.6489,8.0305,17.8321,41.19,On Head
562697,1.5155,9.1195,1.2139,9.1908,9.8931,9.8015,40.95,On Head
562747,1.2641,9.3302,1.1564,11.4809,17.7252,1.6336,40.67,On Head
562797,1.9130,13.3237,0.9002,23.7863,24.4427,12.0458,40.91,On Head
562847,1.1756,12.8186,0.6033,16.7176,38.4733,1.3282,40.91,On Head
562897,-0.2658,10.0533,0.8428,9.8626,26.5344,8.5191,40.95,On Head
562947,0.7997,9.5385,0.5219,6.1985,14.0153,18.0153,40.86,On Head
562997,1.2426,8.1259,0.1389,8.0763,9.1908,9.9389,40.95,On Head
563047,1.6065,8.0278,-0.6704,12.1985,8.0458,0.6718,40.95,On Head
563097,1.8723,10.0149,-1.9201,13.6183,15.4351,-18.6107,40.91,On Head
563147,0.0742,11.1785,-2.1596,-10.5344,13.9237,-35.2977,41.09,On Head
563197,-0.6009,11.1761,-1.2929,-20.4427,7.7405,-29.5420,40.77,On Head
563247,-0.7302,9.8258,-0.5770,-21.1908,1.8168,-21.2214,41.05,On Head
563297,-0.3424,9.0453,0.2562,-18.8397,-7.0229,-12.9466,40.91,On Head
563347,0.0575,8.7340,0.5626,-4.0763,-13.7405,-18.8244,40.91,On Head
563397,-0.1604,9.6247,0.2203,0.9924,-18.8702,-20.2443,40.95,On Head
563447,-1.1492,10.3382,0.6704,1.0229,-40.2595,-19.3130,40.86,On Head
563497,-0.9816,10.0844,0.4908,0.5954,-68.0916,-21.8473,40.86,On Head
563547,-1.1301,10.1083,-0.0862,7.6183,-84.9313,-27.0229,41.05,On Head
563597,-0.8116,9.3901,-0.3328,4.4427,-95.9389,-30.4275,40.95,On Head
563647,-0.6776,9.5050,-0.5626,6.0458,-91.6183,-42.1069,40.95,On Head
563697,-1.0271,9.2057,-0.2705,4.9313,-83.8168,-48.0763,40.86,On Head
563747,-1.5826,9.0190,-0.1652,16.6260,-74.8550,-55.3740,40.86,On Head
563797,-1.8531,12.1314,-0.1748,33.0840,-63.9542,-64.3053,40.86,On Head
563847,-3.4381,11.2001,-0.1556,30.9466,-51.3588,-71.3130,40.95,On Head
563897,-4.2784,9.3063,0.7398,14.1985,-40.5344,-50.8397,40.95,On Head
563947,-4.7214,8.5497,0.9505,13.2977,-43.5267,-22.3817,40.91,On Head
563997,-4.0989,8.5904,0.6871,5.6794,-41.5725,-9.6031,40.95,On Head
564047,-3.7876,8.6239,1.0678,-1.2061,-38.1221,-13.4504,41.09,On Head
564097,-3.6464,8.4611,1.5275,-7.7710,-25.7710,-33.1756,40.91,On Head
564147,-4.6759,8.2648,1.8627,-1.8015,-14.8702,-29.3893,41.05,On Head
564197,-4.6639,8.4803,1.5419,5.3588,-12.8550,-21.2977,40.77,On Head
564247,-4.7645,8.7747,1.2809,-0.8702,-6.2290,-18.3664,40.77,On Head
564297,-5.0805,8.3103,1.7047,-5.9542,-2.7786,-7.7099,40.95,On Head
564347,-5.2625,8.1666,2.0016,-1.7252,-6.2901,-8.3359,41.19,On Head
564397,-4.9344,8.7819,1.6041,2.2290,-12.0763,-5.0687,41.19,On Head
564447,-4.6543,8.8059,1.5179,-7.1145,-8.0763,-9.5115,40.86,On Head
564497,-5.6024,8.5353,1.8914,-0.5344,-4.9924,-7.8626,40.72,On Head
564547,-5.8802,8.6215,1.8004,11.1908,-7.9847,5.8931,40.95,On Head
564597,-5.8754,8.0493,1.7765,14.2137,-20.5954,17.8779,41.09,On Head
564647,-5.3726,7.8530,1.4389,21.6794,-32.8092,19.1908,41.19,On Head
564697,-5.1619,8.6526,0.8356,23.0229,-37.6183,20.5344,41.09,On Head
564747,-5.1475,9.6247,0.2634,13.6336,-31.5420,29.4962,40.86,On Head
564797,-5.2313,9.4212,0.7326,-7.5115,-28.5649,40.2748,41.05,On Head
564847,-5.2409,9.4355,1.2402,-10.3969,-38.9008,46.1221,40.95,On Head
564897,-4.7573,9.3446,1.7909,-13.9389,-51.4809,44.9313,40.91,On Head
564947,-3.6009,9.1842,1.9034,-17.5420,-60.4885,51.8626,41.09,On Head
564997,-4.0366,9.1099,2.6049,-10.6870,-71.6947,58.2137,41.09,On Head
565047,-2.3942,9.1506,2.3391,-10.4580,-84.1679,64.4885,40.95,On Head
565097,-2.3008,9.0884,3.1244,-5.8779,-99.7863,57.0687,41.05,On Head
565147,-0.4956,8.8394,2.3607,0.5649,-115.3893,56.5954,40.95,On Head
565197,0.9385,9.0573,2.3535,-1.4962,-108.7023,39.3893,40.95,On Head
565247,1.3312,8.9567,2.3846,7.0076,-90.8244,26.1679,40.95,On Head
565297,1.5874,9.1171,2.0399,17.3282,-75.8168,17.8015,41.09,On Head
565347,1.7933,9.8234,1.5347,20.5344,-63.9084,11.5878,40.91,On Head
565397,0.9457,9.8928,1.6951,12.4733,-60.0000,4.0611,40.91,On Head
565447,0.8715,9.9575,1.6640,5.4351,-67.8931,2.0458,41.05,On Head
565497,0.5914,9.6055,2.0830,5.7405,-85.1603,0.6870,40.86,On Head
565547,0.9816,9.2584,1.7909,2.7786,-98.7023,-10.1832,41.09,On Head
565597,0.8068,9.6941,1.2857,-4.6718,-106.6870,-16.2443,40.86,On Head
565647,1.2905,10.2232,1.4796,-19.9542,-107.9695,-6.3969,41.24,On Head
565697,2.1452,9.9455,1.9704,-12.7786,-98.0000,-6.8244,40.77,On Head
565747,2.4373,9.8474,2.2338,-2.8397,-82.0611,-7.2824,41.09,On Head
565797,2.6839,9.8402,2.2936,-0.2901,-69.8779,-8.0611,41.09,On Head
565847,2.2290,9.4762,2.3320,4.3664,-56.6718,-11.3740,40.86,On Head
565897,2.0614,8.7891,2.0470,8.7786,-50.7481,-19.3740,40.77,On Head
565947,1.9944,9.2536,1.4533,18.8244,-45.1603,-25.6947,40.91,On Head
565997,1.9656,9.7971,0.8308,16.5649,-35.2214,-30.9160,41.09,On Head
566047,1.7478,10.2687,0.6464,8.3664,-32.3817,-40.3206,41.24,On Head
566097,0.6752,10.4890,1.0654,-7.7252,-22.9771,-42.7176,40.77,On Head
566147,0.0335,10.2496,1.5323,-5.2824,-19.9695,-28.4427,40.91,On Head
566197,-0.3519,9.6774,2.1213,-2.5344,-23.2366,-18.6565,40.91,On Head
566247,-0.0886,9.9766,1.9106,4.7786,-27.6336,-11.4504,40.67,On Head
566297,0.0790,10.2256,1.8076,8.5802,-24.8702,-3.7863,41.05,On Head
566347,0.0527,10.5967,1.5060,9.7099,-24.3511,-0.7634,40.91,On Head
566397,-0.4788,9.3637,1.4389,7.9237,-23.3130,-1.1298,40.77,On Head
566447,-1.6257,9.3494,1.2570,24.7023,-31.8626,13.6336,41.05,On Head
566497,-0.8523,10.4459,-0.2777,32.0916,-42.3359,31.7252,40.91,On Head
566547,-0.0407,10.4076,-0.9984,17.5267,-31.6183,28.3053,40.95,On Head
566597,-0.4094,9.8617,-1.0295,8.2748,-22.2901,19.1756,40.95,On Head
566647,-0.6656,9.5768,-0.8236,8.5038,-25.7099,16.7481,40.67,On Head
566697,-0.5986,9.9718,-1.3168,10.2748,-29.0840,13.3282,40.72,On Head
566747,0.1149,10.1203,-1.7214,4.5802,-30.3664,14.9160,40.91,On Head
566797,0.5531,10.0820,-1.7166,-5.2214,-20.9618,11.7557,40.95,On Head
566847,0.4956,9.6103,-1.2737,-6.8702,-14.3511,11.2366,41.19,On Head
566897,0.5555,9.3757,-1.0702,-5.6183,-15.5725,7.2366,41.05,On Head
566947,0.7063,9.6247,-1.1468,-6.6565,-20.1527,5.9237,40.95,On Head
566997,1.1612,9.9527,-1.2043,-4.0305,-25.2977,4.4580,40.77,On Head
567047,1.8986,9.9790,-1.4245,-10.2901,-19.4046,1.9847,40.95,On Head
567097,1.5179,9.8330,-1.0415,-10.6107,-9.7863,3.1908,40.95,On Head
567147,1.7214,9.7803,-0.8643,-13.9542,-10.6412,2.1985,40.91,On Head
567197,1.8435,9.7372,-0.6225,-17.3740,-8.1374,0.3511,40.77,On Head
567247,1.4772,9.4427,-0.0646,-18.8550,-12.7328,-3.6641,40.95,On Head
567297,-1.2186,8.7197,1.8842,8.9313,-44.9466,8.5344,41.05,On Head
567347,1.2953,11.0780,-1.3312,27.0687,-58.3359,34.3664,40.95,On Head
567397,2.0183,10.6303,-2.4756,1.1450,-46.0153,38.0763,41.09,On Head
567447,2.3320,10.4363,-2.4493,-18.6107,-34.5954,42.2595,40.91,On Head
567497,2.7246,10.2376,-1.8555,-17.8931,-20.4580,42.0000,40.95,On Head
567547,3.3567,10.8960,-1.1349,-19.9542,-24.6412,42.9008,40.95,On Head
567597,3.6703,10.5632,-0.9146,-30.0305,-14.9160,17.5420,40.86,On Head
567647,2.9688,9.4188,-0.0072,-43.8168,7.8321,1.4351,40.95,On Head
567697,1.8340,8.0230,1.5969,-38.0916,20.1679,13.8015,40.86,On Head
567747,2.4612,8.3629,2.3990,-30.6718,17.9542,33.6336,40.91,On Head
567797,2.9592,8.8274,3.2394,-30.9771,11.2977,25.2672,41.19,On Head
567847,2.9856,9.1722,4.4077,-31.4351,-0.4427,20.8092,41.09,On Head
567897,2.8970,8.5593,4.5586,-14.4427,-16.9924,10.2748,40.77,On Head
567947,2.9090,8.3582,3.4979,3.6183,-38.7786,0.1221,40.91,On Head
567997,3.5985,8.4994,2.2410,8.4885,-45.5573,4.1832,40.86,On Head
568047,4.1515,8.6119,1.7813,4.7176,-42.1221,8.9466,40.72,On Head
568097,4.4796,8.3534,1.6688,0.2748,-39.1908,0.2443,40.91,On Head
568147,4.3503,8.6095,1.6807,-0.4275,-33.1756,-10.0763,40.91,On Head
568197,4.2521,8.5641,2.1596,3.5573,-27.7252,-18.9160,40.72,On Head
568247,4.2401,9.8857,1.0367,24.2290,-18.9008,-20.1221,41.05,On Head
568297,5.0135,13.9582,0.1844,27.7710,2.2748,-3.0687,41.09,On Head
568347,4.1420,11.4539,-0.5459,29.1908,8.9924,-0.3359,40.95,On Head
568397,3.9720,10.3214,-1.1468,6.9313,14.5191,-7.7557,40.95,On Head
568447,3.5985,8.6957,-1.5323,-9.4656,28.8550,-17.5573,40.95,On Head
568497,3.1388,7.0988,-0.5746,-25.1908,32.9313,-36.5954,40.95,On Head
568547,2.4660,8.7771,-0.3783,-7.0382,37.0229,-32.6870,40.95,On Head
568597,2.0997,9.8210,-0.4884,4.4275,36.3206,-22.4275,40.67,On Head
568647,1.7789,10.6422,-0.9218,1.1145,38.8244,-29.6641,41.19,On Head
568697,1.0247,10.0078,-0.6033,-6.6870,37.9847,-23.3282,40.91,On Head
568747,1.3360,8.9639,0.1748,-15.9847,28.8244,-13.9084,40.95,On Head
568797,1.9704,8.5856,0.6464,-15.6947,22.3206,-16.0153,40.91,On Head
568847,1.5036,8.9830,1.0104,-11.1756,16.3359,-16.7176,40.77,On Head
568897,1.0487,9.7037,0.7733,5.1756,6.3511,-21.8779,40.86,On Head
568947,1.1444,11.0756,0.1030,2.2137,0.9313,-14.3969,40.77,On Head
568997,0.9290,10.6159,0.0479,-1.9695,-3.3740,3.1908,40.86,On Head
569047,1.2809,10.2400,-0.0503,-5.7863,-6.3511,5.4046,40.95,On Head
569097,0.9313,10.2448,0.4836,-10.8855,-10.9618,7.9237,40.77,On Head
569147,2.1428,10.5225,1.4676,-27.5573,-38.2443,22.0305,40.86,On Head
569197,2.0016,10.8745,1.2833,-29.4504,-32.5496,-2.5802,40.91,On Head
569247,0.8308,8.9974,2.0375,-28.9160,-18.3969,-15.0687,40.86,On Head
569297,0.4525,8.5258,2.6959,-25.0229,-9.8931,-0.8702,40.95,On Head
569347,1.3001,8.3222,3.2992,-6.1374,-11.2672,11.2977,40.86,On Head
569397,2.2673,9.6151,2.7964,0.1679,-11.0840,-17.2214,40.95,On Head
569447,1.5634,9.8067,3.0909,-10.4275,2.0763,-22.6107,41.09,On Head
569497,0.0215,8.9854,3.3327,7.4809,-1.2977,-33.1450,40.91,On Head
569547,0.2394,9.4715,2.3176,18.9924,-13.2366,-16.1985,40.95,On Head
569597,1.2833,9.6271,1.7214,16.0153,-13.6947,-4.9160,40.86,On Head
569647,1.4102,9.4068,1.8818,5.7710,-10.7328,-8.5191,40.77,On Head
569697,0.7949,8.8681,2.5283,0.1832,-8.4733,-18.0305,40.95,On Head
569747,0.2682,9.3015,2.5402,15.6031,-10.1679,-25.1298,40.91,On Head
569797,-0.5507,10.3789,1.6664,22.5802,-7.5420,-14.4580,41.09,On Head
569847,-0.0766,13.5177,1.0654,20.1985,-8.1832,22.3664,40.86,On Head
569897,1.8292,10.8457,-0.6153,12.5496,-8.5649,17.4962,40.91,On Head
569947,1.4509,11.9231,-1.3431,-12.3664,-3.2519,9.0840,40.72,On Head
569997,1.1277,9.2249,-1.0894,-10.3969,9.5267,-5.4504,40.95,On Head
570047,0.4381,7.9559,-1.2330,-11.2366,21.1450,-7.8779,40.91,On Head
570097,1.4509,8.0325,-0.5315,-12.2901,26.1374,-11.6641,41.05,On Head
570147,0.2274,9.2488,-1.0534,13.5573,33.5573,-66.3511,40.72,On Head
570197,-2.4756,12.1554,-1.2522,-12.5191,27.4198,-46.4122,40.77,On Head
570247,-2.0159,10.0724,-0.6129,-22.3053,20.2901,-6.7328,40.91,On Head
570297,-0.7901,9.1913,-0.1293,-22.3664,22.6412,-3.4504,40.77,On Head
570347,-0.2562,8.8801,0.4477,-25.9084,23.0229,-7.0687,40.77,On Head
570397,0.2777,8.4827,0.7494,-15.5420,18.5038,-18.0916,41.09,On Head
570447,0.2825,8.5090,0.3567,-6.0763,15.8779,-40.5191,40.86,On Head
570497,-1.5993,10.4938,0.1772,-8.0916,15.5725,-49.6489,40.72,On Head
570547,-2.5809,11.0253,0.4381,-14.8244,3.0229,-18.4427,40.91,On Head
570597,-1.6927,10.6231,0.5195,-17.7557,-1.5420,-4.1832,40.95,On Head
570647,-1.4557,10.2113,0.9146,-18.3511,1.8931,-0.3664,40.91,On Head
570697,-1.9345,9.8952,1.1732,-14.9160,2.5344,2.8397,40.67,On Head
570747,-2.6647,9.4332,1.4940,-10.2443,-5.1145,18.6260,40.91,On Head
570797,-0.5578,14.3772,1.6879,11.4046,-7.3130,44.3359,41.19,On Head
570847,-0.5890,10.6542,2.2170,20.6565,-11.1145,11.6641,41.05,On Head
570897,-1.1827,9.1961,2.0590,-2.7176,-15.8626,0.0000,40.67,On Head
570947,-1.8268,8.0828,2.4421,-10.5038,-11.3130,7.7710,41.05,On Head
570997,-0.9098,9.1147,3.0167,0.2137,-15.9389,33.5878,40.95,On Head
571047,-0.0120,9.5672,2.6360,7.8473,-18.2443,12.5802,40.91,On Head
571097,-0.5842,10.1035,2.8347,-10.6870,-14.4427,9.1450,40.95,On Head
571147,-0.8691,8.9064,3.1268,-7.5420,-10.1221,9.9695,40.91,On Head
571197,-0.8523,9.2536,2.8826,1.2214,-16.1832,11.2214,40.72,On Head
571247,-0.0048,9.4427,2.3966,2.7939,-18.9160,20.4733,40.91,On Head
571297,0.6536,9.1770,2.7869,-8.1374,-17.4962,23.9389,40.91,On Head
571347,0.3615,8.7676,3.0622,-0.1221,-12.6107,13.8015,41.09,On Head
571397,0.1341,9.8162,3.1244,-1.4809,-8.0916,10.4122,40.91,On Head
571447,0.2322,9.9240,3.2609,1.5420,-5.5573,13.8931,40.72,On Head
571497,0.3783,9.7875,2.9018,2.7481,-4.9771,21.5878,40.72,On Head
571547,2.0255,11.1187,3.6751,-10.2748,-5.6183,24.8550,41.05,On Head
571597,0.6488,10.8673,2.1476,41.9389,22.3817,-18.4580,40.86,On Head
571647,-1.1420,10.8577,-0.2251,43.8321,26.3969,-19.1145,40.91,On Head
571697,-1.3886,9.0022,-0.7566,18.4886,20.4427,17.8473,40.67,On Head
571747,1.0247,9.3877,-0.9864,8.5649,1.7863,34.3664,40.91,On Head
571797,1.4365,9.8497,-1.0965,-4.9924,5.5420,4.4885,40.91,On Head
571847,0.8691,10.3142,-0.5052,-15.9847,3.5267,11.3282,40.86,On Head
571897,0.7590,9.5912,0.5746,-24.9618,-1.0840,-0.9313,40.91,On Head
571947,0.4310,9.4739,1.3072,-21.7252,-2.0916,6.5954,40.77,On Head
571997,1.1612,8.9735,1.2953,-0.3511,-2.1069,17.7252,40.95,On Head
572047,1.8364,9.5337,0.4429,4.1069,-2.5954,14.0305,40.95,On Head
572097,2.1069,9.5864,0.0646,6.3969,3.1450,5.6031,40.91,On Head
572147,2.1979,10.2065,0.0742,-1.3282,11.1450,15.2672,41.09,On Head
572197,2.3463,10.2592,0.5171,-9.7252,17.8321,23.5725,40.72,On Head
572247,2.3272,9.6869,0.9026,-11.9847,15.2519,22.0153,40.72,On Head
572297,2.2027,9.9072,1.5275,-20.8397,7.1908,17.9847,41.19,On Head
572347,2.2098,8.8011,1.9752,-22.2137,-7.3740,8.7023,40.67,On Head
572397,3.0981,10.2544,2.2194,-31.4198,-29.9237,4.1985,40.95,On Head
572447,2.9161,10.9200,2.1356,-26.8702,-30.7328,-6.9313,40.95,On Head
572497,1.6089,11.2432,3.2010,-46.8855,-30.3969,12.4885,40.77,On Head
572547,1.7142,7.4029,3.4069,-14.9313,-36.7634,7.7557,40.77,On Head
572597,2.2673,8.3965,2.0710,2.7176,-25.7557,8.2443,40.72,On Head
572647,2.1189,9.0764,1.8771,-2.5649,-10.3664,11.7099,40.95,On Head
572697,2.4014,10.6566,2.6959,-22.8092,-9.1145,3.3435,40.77,On Head
572747,2.9353,9.8665,3.8547,-32.8092,-13.0687,-17.1756,40.58,On Head
572797,2.2841,7.6854,4.7214,-7.7863,-6.9771,-35.0076,40.91,On Head
572847,2.3655,7.8841,2.7438,25.2519,-11.4809,-38.3817,40.67,On Head
572897,2.4541,10.3956,1.1013,36.7634,31.0382,-8.5496,40.91,On Head
572947,2.2817,10.1801,1.9393,-2.1221,37.7863,13.6489,40.95,On Head
572997,1.5874,9.1363,3.3854,-7.8321,40.5191,-4.9924,40.77,On Head
573047,0.4597,8.9902,4.9201,-27.4046,-3.6794,-15.5725,40.95,On Head
573097,1.5060,8.9399,3.7948,1.5115,4.6260,-9.5878,40.72,On Head
573147,2.3631,9.2703,2.4948,26.1985,30.0458,21.0382,41.09,On Head
573197,3.2657,13.5201,2.4086,29.1603,54.4885,41.1145,41.05,On Head
573247,1.9824,10.1155,3.1244,11.0076,39.8473,27.1298,40.95,On Head
573297,2.8108,10.6614,1.7909,13.3130,15.7405,14.0153,41.05,On Head
573347,3.0263,9.2105,2.1668,10.6107,8.2595,7.8779,40.86,On Head
573397,4.8746,9.0621,-1.7669,33.1450,7.8779,-26.6412,40.91,On Head
573447,3.5099,10.0173,-2.1811,4.5496,66.4122,-32.7023,40.95,On Head
573497,0.6488,9.3853,0.6081,-20.5191,60.5496,-11.5573,40.86,On Head
573547,0.9577,10.2185,0.3783,20.5954,57.7405,-3.9847,40.91,On Head
573597,-0.5842,8.7700,3.1029,-36.3206,3.8015,-5.7710,40.86,On Head
573647,0.1724,9.2273,1.2378,46.4275,-17.5114,-21.4656,41.19,On Head
573697,1.4126,10.7356,-1.1827,32.2901,-8.2901,-5.8015,40.91,On Head
573747,1.8100,10.6398,-1.7597,19.6947,23.7405,18.5038,40.72,On Head
573797,1.0558,10.2328,-0.4310,0.9008,21.5878,21.4198,40.91,On Head
573847,1.3791,9.7612,0.0407,-11.4046,-1.0382,11.8321,40.91,On Head
573897,1.4892,10.3238,0.3663,-9.9084,-10.0458,4.3359,40.67,On Head
573947,1.5012,9.6702,0.7422,-11.9542,-25.2824,-6.1527,41.05,On Head
573997,2.2649,9.1147,0.2035,-2.3053,-34.6412,-20.8244,41.05,On Head
574047,2.6264,8.6239,-0.0359,11.0229,-23.4809,-43.6641,40.77,On Head
574097,0.5531,11.7579,-0.2562,-23.3130,2.1832,-21.0992,40.91,On Head
574147,0.6847,10.3837,1.0965,-37.8779,-10.6107,27.8015,40.77,On Head
574197,2.0111,8.7053,2.2146,-16.7481,17.0534,13.1603,40.77,On Head
574247,0.1101,9.2392,3.0382,-17.6489,-19.2214,-3.0992,40.86,On Head
574297,1.2857,9.4355,2.0183,1.6031,-29.9084,-13.3130,40.86,On Head
574347,2.2745,10.2568,0.6656,4.0153,-18.8244,-3.0687,40.91,On Head
574397,1.3408,11.0780,0.8068,-9.7863,1.2977,19.6336,40.91,On Head
574447,1.6041,9.6295,1.6903,-25.6183,3.0687,22.5649,40.91,On Head
574497,1.7142,9.3230,2.6983,-20.8092,-2.0000,9.6641,40.91,On Head
574547,1.4078,8.7795,3.1651,-7.1756,-20.6565,-3.1908,40.86,On Head
574597,3.0622,9.9264,0.7829,13.6183,-12.1985,-17.3435,40.86,On Head
574647,2.3894,9.6941,0.9840,-2.2137,4.5954,-28.2595,40.95,On Head
574697,2.0518,10.1490,1.4030,-6.4885,14.9008,-20.9008,40.77,On Head
574747,1.2617,10.1394,1.5538,-9.9542,40.4427,-4.9160,40.86,On Head
574797,1.0726,10.2041,1.7789,-11.8473,41.6947,6.7176,40.67,On Head
574847,0.2107,9.9718,2.8635,-18.8855,31.1450,5.2824,40.77,On Head
574897,0.3400,9.7468,3.0119,-9.6489,11.2061,9.6641,40.77,On Head
574947,1.1851,9.4188,2.5307,-2.2443,4.8702,8.5649,40.58,On Head
574997,1.6376,8.8681,2.3870,4.7939,-0.5344,-3.6641,40.91,On Head
575047,1.3527,9.8928,2.2242,-8.6107,-12.7481,-23.4046,40.77,On Head
575097,1.1612,10.0628,2.4349,-15.2366,-18.4275,-12.5954,40.72,On Head
575147,1.4629,9.6438,2.5115,-10.9160,-11.7405,-6.9466,40.67,On Head
575197,1.0104,9.3134,3.0670,-4.0305,-9.2519,-9.7099,41.09,On Head
575247,1.0175,9.7396,2.8443,-2.2443,-14.9771,-10.9313,40.77,On Head
575297,0.8906,9.6271,2.6743,3.2672,-17.4656,-15.0382,41.05,On Head
575347,0.8882,9.8617,2.2218,2.6412,-18.7939,-16.8244,40.77,On Head
575397,0.4836,10.0197,2.4349,-2.6718,-19.9389,-17.1756,40.86,On Head
575447,0.2562,9.7971,2.5786,-3.0229,-22.8855,-10.3053,40.72,On Head
575497,-0.0551,9.7779,2.7390,1.3740,-28.5954,-7.5725,41.05,On Head
575547,0.5746,10.2113,2.5929,-4.4427,-32.6565,1.4809,41.24,On Head
575597,0.8116,9.4930,2.6025,-1.1908,-35.8779,-2.1832,40.86,On Head
575647,0.5195,9.4451,2.2529,-0.4885,-48.3511,-20.2595,40.95,On Head
575697,0.2418,9.6367,2.2434,-12.8855,-58.1679,-30.9466,40.95,On Head
575747,-0.5794,9.7516,2.9592,-12.1374,-66.8702,-30.3359,40.77,On Head
575797,-0.6871,9.4762,3.0119,3.2519,-79.4657,-22.3359,40.77,On Head
575847,-0.0958,9.7300,2.3320,9.9695,-82.4580,-21.0687,40.72,On Head
575897,-0.5052,9.8952,2.3343,8.3053,-80.2290,-21.8779,40.95,On Head
575947,-0.6488,9.8114,2.0925,12.7786,-81.8168,-18.9618,40.72,On Head
575997,-0.8188,10.0126,2.0686,11.1298,-86.9160,-13.5878,40.91,On Head
576047,-0.4764,9.9742,1.6568,14.6107,-87.0840,-10.1221,41.05,On Head
576097,-0.0072,9.9216,1.3958,7.9847,-82.3817,-8.7176,40.91,On Head
576147,-0.1484,10.1562,1.2594,9.5878,-73.0687,-4.8702,40.95,On Head
576197,0.4238,9.7659,1.1971,6.7939,-61.9695,-1.0534,40.72,On Head
576247,0.1556,9.9623,1.3024,9.6336,-48.3664,-4.4275,40.72,On Head
576297,0.1939,9.8857,1.2665,5.6031,-45.1298,-2.2290,40.91,On Head
576347,0.2227,9.9288,1.2450,6.1832,-37.6183,-2.6718,40.53,On Head
576397,0.3280,9.8234,1.2306,6.8092,-32.6870,-4.2290,41.05,On Head
576447,0.3783,10.0054,0.9625,6.4580,-24.4427,-6.8244,40.91,On Head
576497,0.2370,10.6662,0.0383,3.3130,-11.0992,-7.7405,40.77,On Head
576547,0.1724,10.5177,0.2969,-14.7481,5.4504,0.9466,40.77,On Head
576597,0.1724,9.7181,1.3503,-13.9542,15.0992,6.1221,41.09,On Head
576647,0.2083,9.3925,1.6807,-4.7939,18.7786,2.2290,40.95,On Head
576697,0.1676,9.7875,1.5036,-1.0229,17.7405,-2.0916,40.91,On Head
576747,0.1556,9.8282,1.1684,-1.5420,19.4962,-5.5878,40.91,On Head
576797,0.0407,10.0724,1.0894,-4.8702,21.6031,-7.4809,40.67,On Head
576847,-0.2131,9.9407,1.1396,-5.8015,25.7405,-7.5878,40.91,On Head
576897,-0.3208,10.0580,0.9361,-6.3206,32.5802,-6.4122,40.91,On Head
576947,-0.2227,10.5273,0.1149,-5.1298,49.9237,-2.6565,41.09,On Head
576997,0.1915,10.9990,-0.1867,-29.0382,81.1908,11.9695,41.05,On Head
577047,0.5148,9.8976,0.5435,-37.6641,116.9313,21.3893,41.05,On Head
577097,0.1987,9.3661,1.1037,-24.8092,154.3817,27.8931,40.91,On Head
577147,-0.1796,9.3518,1.1827,-9.6794,176.8092,28.5496,40.95,On Head
577197,-0.7518,9.3996,1.2857,-7.3588,184.8702,20.0763,40.95,On Head
577247,-1.5443,9.4116,1.8675,-9.6794,166.1527,4.3969,40.91,On Head
577297,-1.9010,9.6606,2.1787,-15.7252,140.4580,-3.8931,40.95,On Head
577347,-2.2625,9.7444,2.5235,-10.5038,119.5115,1.6794,40.86,On Head
577397,-1.8435,9.7516,2.2122,-2.7481,108.3817,9.4351,41.05,On Head
577447,-1.4485,10.0772,1.7693,-2.4733,102.9160,12.3664,40.72,On Head
577497,-1.3408,10.1825,1.7957,-4.0458,99.5573,16.2901,40.91,On Head
577547,-1.1133,9.9503,2.1213,-8.0763,87.0534,14.1985,40.67,On Head
577597,-0.8164,9.8426,2.0734,-6.5954,72.5954,9.1298,40.91,On Head
577647,-0.5626,9.8019,1.9752,-8.5344,68.6870,7.3130,40.95,On Head
577697,-0.5507,9.5265,2.0494,-3.8931,66.2595,8.3511,40.95,On Head
577747,-0.3783,9.6798,1.9249,-0.8702,64.7634,8.8397,41.05,On Head
577797,-0.3735,9.6893,1.9130,3.2519,64.4275,7.7405,40.91,On Head
577847,-0.5626,10.0916,1.3982,3.6794,63.1298,16.9618,40.95,On Head
577897,0.1077,9.7755,0.5483,7.7252,60.6870,25.3130,40.91,On Head
577947,0.3855,10.1778,0.2179,8.5191,62.4885,11.7557,40.91,On Head
577997,0.2083,10.4698,0.2466,7.0840,56.5344,5.7557,40.67,On Head
578047,-0.0694,10.3908,0.2825,5.1908,48.7481,3.3130,40.95,On Head
578097,-0.1101,10.1131,0.2011,-0.5038,40.0611,6.5191,40.91,On Head
578147,0.3184,10.6255,0.2083,-16.7328,38.4122,15.7710,41.19,On Head
578197,0.2083,10.0413,1.1803,-16.6412,41.4962,28.5649,41.09,On Head
578247,2.0638,9.5002,0.4836,-8.7328,44.0458,41.0840,41.05,On Head
578297,2.0207,9.6941,0.7350,-13.5573,60.0916,21.9695,40.95,On Head
578347,1.3862,9.8928,1.1923,-7.8626,53.2672,16.6870,40.95,On Head
578397,1.3384,9.6893,1.5371,-11.9695,29.6641,5.7710,41.05,On Head
578447,1.6424,9.7875,1.7382,-14.1832,9.9542,-10.7176,40.86,On Head
578497,1.2234,9.7540,1.8914,-11.9695,-9.7099,-22.1374,40.86,On Head
578547,1.2761,9.6941,1.9704,-11.3893,-18.6718,-30.2290,40.95,On Head
578597,0.4908,9.9814,2.1835,-7.1145,-19.4046,-33.4198,40.91,On Head
578647,-0.1149,9.6534,2.3320,-6.5038,-21.9084,-31.7710,40.67,On Head
578697,-0.8811,8.4420,2.5067,3.1908,-25.7557,-25.1756,40.95,On Head
578747,-0.9960,9.2871,2.2601,10.7176,-32.7786,-24.4886,40.91,On Head
578797,-0.6943,9.7396,2.2936,3.2061,-29.1298,-34.5954,40.91,On Head
578847,-1.6424,10.5441,2.3080,9.4504,-18.1221,-30.8397,40.86,On Head
578897,-1.7119,10.0796,2.2697,7.3282,-12.5496,-16.9771,40.91,On Head
578947,-1.4892,10.2161,2.0734,3.0076,-10.5954,-8.4733,40.72,On Head
578997,-0.7829,9.6630,2.1428,0.5954,-0.7634,4.0916,40.91,On Head
579047,-0.6345,9.7252,2.0830,4.2137,4.4427,4.1374,40.77,On Head
579097,-0.3041,9.6678,1.8555,0.2137,14.1832,-1.4504,40.72,On Head
579147,-0.8595,10.0389,1.8866,8.6870,22.7481,6.4275,41.19,On Head
579197,-0.5842,10.1825,1.4485,4.7786,29.8321,8.9771,40.91,On Head
579247,-0.9577,10.5249,1.3671,-3.6641,50.6260,30.7786,41.05,On Head
579297,-0.4477,10.1730,1.5299,4.1221,59.2061,45.8626,41.05,On Head
579347,0.7901,9.4810,1.2163,6.8397,68.3664,34.3359,40.86,On Head
579397,1.5778,9.5696,0.8140,7.5267,82.4122,21.2061,41.09,On Head
579447,0.7590,9.9838,0.4334,3.4656,103.4351,20.6107,40.91,On Head
579497,1.5323,10.3789,0.0982,-17.9237,123.3130,18.8397,40.95,On Head
579547,-0.5890,9.9120,-0.2658,-16.1374,140.4886,5.6489,40.77,On Head
579597,-0.5411,10.6159,0.7135,-18.5954,127.7252,25.7252,40.72,On Head
579647,-0.0527,8.8322,1.1851,-14.9008,104.8092,16.9924,40.77,On Head
579697,-0.3807,9.5864,1.4293,-10.4122,73.1756,22.3969,40.77,On Head
579747,1.3719,9.3589,0.7230,-12.2443,44.5344,8.7634,40.72,On Head
579797,0.3112,9.7396,0.9457,0.4580,35.7405,-0.6107,40.91,On Head
579847,0.6919,9.1435,1.5155,3.1756,21.1145,-0.1527,40.86,On Head
579897,1.1947,8.5617,1.8866,11.8931,8.3817,-16.2748,40.72,On Head
579947,0.5124,9.1578,2.3894,32.2748,-0.8550,-34.3053,40.95,On Head
579997,-1.3168,9.5960,1.8938,52.7328,-28.7481,-54.3817,41.05,On Head
580047,-1.6951,10.3884,0.1484,47.9389,-54.7786,-42.3053,40.95,On Head
580097,-1.7430,10.1849,-0.4621,29.0229,-67.3740,-26.5802,40.91,On Head
580147,-0.6847,10.2472,-2.1428,20.6718,-51.8168,-6.9771,41.19,On Head
580197,-0.1030,11.1474,-1.5682,-11.3740,-41.1603,12.3664,40.95,On Head
580247,-0.7302,9.4619,0.2203,0.6870,-16.4275,-20.7481,40.95,On Head
580297,-2.0279,9.5648,0.2274,15.8168,-22.7634,-6.0000,40.91,On Head
580347,-1.2306,9.4643,-0.6464,21.1145,-23.2672,0.2748,41.09,On Head
580397,-1.5323,10.0173,-0.9505,20.7023,-23.1298,0.3969,40.72,On Head
580447,-1.2426,10.1011,-1.1325,11.4809,-27.2977,5.2977,40.91,On Head
580497,-0.8452,9.4475,-0.7566,10.8855,-22.5802,4.0916,40.72,On Head
580547,-0.9337,9.3518,-0.7135,14.6565,-22.6718,-3.7405,40.86,On Head
580597,-1.5490,9.3350,-1.5227,17.0992,-22.7328,-9.4351,40.72,On Head
580647,-3.7038,13.4291,-3.5769,28.2290,-47.2824,6.5954,40.95,On Head
580697,0.1532,9.6630,-2.7749,-60.0611,-46.1374,-12.4122,40.95,On Head
580747,-1.6927,8.8825,-0.6800,-17.0076,-12.5649,-11.7710,40.72,On Head
580797,-3.5769,10.8577,-0.9840,0.5344,-15.0229,-0.8397,40.77,On Head
580847,-2.7821,10.6757,-1.2785,-10.0153,-23.9542,18.9160,40.95,On Head
580897,-1.9872,10.1347,-1.1947,-7.2672,-24.6565,17.0076,40.91,On Head
580947,-2.1332,9.8426,-0.9002,-3.3130,-21.5267,13.5725,40.86,On Head
580997,-2.4565,9.7133,-0.7733,1.2519,-25.8931,18.7481,40.91,On Head
581047,-2.1093,9.4978,-1.0989,4.2595,-31.8473,9.4351,40.86,On Head
581097,-2.0207,9.3565,-1.1396,-1.4351,-42.3817,6.2595,40.72,On Head
581147,-2.1931,9.5744,-2.4995,-3.6947,-44.8702,15.6336,41.09,On Head
581197,-0.7470,9.4691,-1.9345,-34.5802,-50.5344,25.7557,40.77,On Head
581247,0.4429,8.9447,-0.4118,-36.8244,-51.9084,-4.0763,40.86,On Head
581297,-0.4645,9.2751,0.6512,-26.2748,-41.7863,-12.2748,40.77,On Head
581347,-0.3663,8.8538,1.1013,-7.7252,-44.5344,5.5420,40.77,On Head
581397,-0.2586,9.2320,1.2186,4.6107,-46.4733,2.2595,40.91,On Head
581447,-0.3184,9.7755,0.8787,9.7252,-43.3893,10.2748,40.91,On Head
581497,0.3280,9.6391,0.4956,13.5115,-39.2672,22.3206,41.24,On Head
581547,0.7350,9.6965,0.3903,13.2977,-32.1374,16.4733,40.95,On Head
581597,0.2035,9.9551,0.3950,11.9542,-32.9008,6.1527,41.05,On Head
581647,0.0192,10.4459,-0.0910,10.0000,-38.0763,6.5649,40.95,On Head
581697,0.4908,9.8210,-0.0407,-3.3435,-32.2137,5.8168,40.95,On Head
581747,0.4621,9.7348,0.0263,-0.9008,-26.9466,5.8321,41.05,On Head
581797,0.5267,9.6103,0.1269,-2.3053,-17.0992,2.6260,40.86,On Head
581847,0.4980,9.9838,0.2514,-5.6183,-14.2748,2.9466,40.86,On Head
581897,0.3998,10.2472,0.3543,-2.1832,-7.2977,-1.3435,40.91,On Head
581947,0.3041,10.4148,0.0886,-0.0458,-6.7328,2.0000,41.19,On Head
581997,0.2322,10.2472,0.1365,-3.3893,-4.4427,7.7099,41.09,On Head
582047,0.6345,9.7157,0.3160,-9.2977,-3.4046,8.5954,41.05,On Head
582097,0.6273,9.7468,0.5076,-3.0992,-2.2290,5.2977,40.95,On Head
582147,0.6129,9.9120,0.5722,-1.2061,-1.6336,3.5115,41.05,On Head
582197,0.3208,10.0197,0.4070,4.2290,-6.3053,3.4198,40.95,On Head
582247,0.7638,9.9838,0.1484,1.4046,-6.3206,2.8244,40.91,On Head
582297,0.5315,10.0221,0.1915,-2.0000,-5.8931,1.4809,40.95,On Head
582347,0.6800,9.9335,0.1173,-1.2214,-4.5496,0.6718,41.09,On Head
582397,0.6297,10.0126,0.1963,-2.7481,-1.9237,-0.7176,40.86,On Head
582447,0.5794,10.0676,0.2514,-3.3893,0.1679,0.0611,40.95,On Head
582497,0.5674,9.9742,0.3232,-0.2901,2.8244,-0.3817,40.95,On Head
582547,0.6728,9.9814,0.2562,-4.6260,3.9389,-1.6794,40.77,On Head
582597,0.6680,9.9862,0.3807,-2.7176,8.3053,-1.2214,40.91,On Head
582647,1.0726,9.9311,0.2251,-2.1832,19.2366,1.8168,40.72,On Head
582697,1.4437,9.9862,-0.0120,3.6947,40.8092,2.1527,41.05,On Head
582747,1.1923,10.1682,-0.2993,7.7405,74.0458,9.2061,40.95,On Head
582797,0.6297,10.1634,-0.2227,12.6870,91.9847,24.6718,40.91,On Head
582847,1.0487,10.0341,-0.2873,9.6183,97.9847,23.8779,40.95,On Head
582897,0.7638,10.1347,0.3591,7.3130,93.1756,26.1527,40.91,On Head
582947,1.1157,9.8354,0.4717,7.7557,80.4733,25.6183,40.91,On Head
582997,1.3886,9.6726,0.5171,10.5344,66.3206,25.1908,40.95,On Head
583047,2.0806,9.5289,0.4429,6.5191,53.6794,14.6260,40.67,On Head
583097,1.9249,9.4954,0.6345,9.2366,45.6031,7.6947,41.19,On Head
583147,1.8938,9.3134,0.7446,13.4198,28.1069,4.0153,40.95,On Head
583197,2.3391,9.3637,0.5052,13.3435,9.8015,-4.5344,40.86,On Head
583247,2.3152,9.0477,0.0527,20.4886,-3.0076,-16.9924,40.77,On Head
583297,2.2482,9.7420,-0.8116,16.8550,-10.2595,-23.2824,41.09,On Head
583347,1.9896,9.5170,-0.9768,10.3206,-7.6947,-21.0992,40.91,On Head
583397,1.7813,9.8378,-1.3695,11.7252,-2.6565,-21.2061,40.95,On Head
583447,1.8196,9.7492,-1.5754,12.3817,5.4962,-18.3817,40.95,On Head
583497,1.4078,9.3996,-1.7119,12.1527,5.2214,-20.7176,40.77,On Head
583547,1.1133,9.2057,-2.0111,12.7786,9.3893,-25.3893,41.09,On Head
583597,-0.0694,9.1626,-2.0542,17.5267,3.3435,-22.0611,40.91,On Head
583647,0.6704,10.2376,-2.8491,3.6641,-8.2748,-21.8015,41.09,On Head
583697,0.0383,9.8378,-2.4541,-5.8626,4.9313,-29.5573,40.86,On Head
583747,0.1365,9.3877,-2.1308,-1.7252,14.5496,-23.6031,40.72,On Head
583797,-0.3424,9.6127,-2.1261,3.7099,19.2214,-23.2824,41.09,On Head
583847,-0.7111,9.4906,-2.0734,2.5496,18.0763,-22.6870,40.72,On Head
583897,-0.7230,9.5481,-2.3990,3.3893,17.6183,-24.6718,41.19,On Head
583947,-0.9984,9.9288,-2.7126,10.7023,14.1069,-18.9008,40.67,On Head
583997,-1.0056,9.7133,-2.8683,-9.0687,14.6718,-24.3206,41.05,On Head
584047,-1.6807,9.7396,-2.0303,-9.2366,15.4809,-13.5878,40.86,On Head
584097,-1.4940,9.6678,-1.9585,-4.9924,20.2443,-11.4198,40.95,On Head
584147,-1.8292,9.3422,-1.8603,-2.2748,21.4809,-9.2366,40.91,On Head
584197,-1.6568,9.7109,-1.7717,-2.7939,19.0992,-3.0840,41.09,On Head
584247,-2.1021,9.8809,-1.7406,3.0687,14.6870,1.2672,40.91,On Head
584297,-1.5036,10.1203,-1.9441,-2.2137,7.5115,14.8855,40.91,On Head
584347,-1.0032,9.4284,-1.7526,6.2748,5.8321,15.4809,40.91,On Head
584397,-0.7326,9.3326,-2.2314,8.8092,1.3588,9.8168,40.91,On Head
584447,-0.7518,9.0884,-2.4014,5.7863,0.1221,8.8397,40.91,On Head
584497,-0.5650,9.2919,-2.3870,2.7481,-5.3588,13.9389,40.95,On Head
584547,-0.3472,9.4595,-2.7102,4.7939,-8.8244,6.0458,40.72,On Head
584597,-0.3639,10.3525,-3.5674,2.9466,-14.4122,5.2061,41.19,On Head
584647,-0.8212,9.5672,-3.3399,-7.9847,-13.2214,14.8244,40.86,On Head
584697,0.3112,9.2680,-3.2298,-5.9695,-9.5420,23.1145,40.86,On Head
584747,-0.2274,10.0844,-3.4093,-14.0611,-2.7786,10.5191,41.05,On Head
584797,-0.5171,9.8186,-2.8587,-22.8397,-4.5802,9.8321,40.95,On Head
584847,-0.6033,9.9671,-2.6576,-23.4809,-2.0458,5.9389,41.09,On Head
584897,-0.5890,9.9407,-2.4924,-26.4580,-4.7481,9.0992,40.95,On Head
584947,-0.4286,9.6774,-2.1835,-19.6336,-0.6718,12.0458,40.77,On Head
584997,-0.2155,9.9192,-2.2362,-19.1603,4.5954,18.0153,41.05,On Head
585047,-0.4573,10.2711,-2.1093,-27.9695,5.8779,21.6641,40.95,On Head
585097,-0.1820,9.8809,-1.6927,-29.3435,6.2290,22.4886,40.95,On Head
585147,0.2729,9.5433,-1.3647,-29.8779,10.7328,27.5420,40.95,On Head
585197,1.3599,8.8107,-1.0295,-10.4580,28.4275,26.8397,40.91,On Head
585247,0.7374,9.9503,-1.4796,1.8015,60.5038,29.6183,41.19,On Head
585297,0.2274,10.4363,-1.7645,-4.4122,53.4962,42.0916,40.91,On Head
585347,1.4964,9.9623,-1.7549,-22.7481,47.8779,43.9542,40.67,On Head
585397,2.4086,9.1123,-1.1540,-26.5954,52.7176,36.4427,41.28,On Head
585447,2.9951,9.1435,-0.7805,-29.7405,55.7557,29.6794,40.95,On Head
585497,3.3854,8.5353,-0.0359,-29.1450,62.2137,18.5038,40.77,On Head
585547,3.7781,9.2201,0.5890,-19.2061,68.8092,8.8702,40.72,On Head
585597,4.1922,9.2799,1.1037,-18.4886,74.4580,2.0153,40.95,On Head
585647,3.5027,8.6598,1.8459,-18.2290,80.3664,-7.8168,40.91,On Head
585697,3.5338,8.7676,2.2386,-14.1374,80.0000,-10.5496,40.77,On Head
585747,3.8140,8.5641,2.3559,-13.6641,95.3435,-14.3359,40.77,On Head
585797,2.3894,8.7340,3.5985,-12.9008,100.9160,-24.7481,40.86,On Head
585847,0.8547,9.2033,4.3838,-11.0992,89.4351,-19.9695,41.24,On Head
585897,0.5746,9.7229,5.0374,-9.0229,72.6870,-5.8015,40.72,On Head
585947,0.7685,10.0604,5.0446,-7.8321,61.2519,5.4198,41.09,On Head
585997,0.7039,9.0980,5.2385,-7.8626,49.9237,13.6794,41.05,On Head
586047,0.8116,8.6981,4.8530,6.9924,33.0992,5.8015,40.95,On Head
586097,0.9457,8.9136,4.1683,10.8244,22.9771,-0.2137,41.05,On Head
586147,0.9864,9.3996,3.8642,11.0229,20.5344,-1.6183,40.86,On Head
586197,1.1157,9.4427,3.4381,13.0382,25.2366,0.5038,40.77,On Head
586247,2.4325,9.7612,1.9010,15.8473,47.7710,-0.6565,40.95,On Head
586297,2.1739,10.0963,2.1572,1.7557,84.5649,3.0382,41.09,On Head
586347,1.3312,9.5409,3.6152,2.5191,87.3282,3.7099,40.91,On Head
586397,0.5195,9.4427,4.1683,6.9313,67.8473,2.0153,41.09,On Head
586447,0.3424,9.4332,4.1396,8.7786,40.3359,-1.8473,40.86,On Head
586497,0.6249,9.7372,3.9193,8.7328,21.1145,3.5878,41.19,On Head
586547,1.1109,9.3541,3.9289,6.5954,9.4656,4.4580,41.05,On Head
586597,1.5275,9.4715,3.9887,9.6336,5.6489,7.6641,40.91,On Head
586647,1.7573,9.2464,3.9744,11.9389,6.1832,6.0000,40.86,On Head
586697,1.6400,9.2823,3.9456,17.9847,2.1069,3.1756,40.95,On Head
586747,1.5467,9.3398,3.5937,21.7405,-6.4275,1.4351,40.91,On Head
586797,1.4509,9.5433,3.1484,22.9618,-11.7557,1.4504,41.05,On Head
586847,1.5610,9.9383,2.5546,19.5114,-13.9542,14.6260,40.95,On Head
586897,2.5498,10.0197,2.5163,3.7252,-26.6107,41.9847,41.05,On Head
586947,3.8116,8.6455,2.8467,3.7863,-27.4656,31.9389,40.91,On Head
586997,3.5913,8.9591,2.6863,11.8779,-22.2748,15.2061,40.91,On Head
587047,3.4093,10.0413,2.2841,17.9542,-20.1374,5.2061,40.95,On Head
587097,2.4924,9.1530,1.3838,11.7863,-19.4351,-6.1679,41.05,On Head
587147,1.9441,9.8043,0.6991,14.2595,-12.4885,-15.2061,41.19,On Head
587197,0.8619,10.4555,-0.2227,30.8855,-15.4656,-28.9313,40.86,On Head
587247,0.5914,11.1977,-1.2474,18.5954,-12.7176,-21.7405,40.95,On Head
587297,0.3543,10.0676,-1.9537,19.7099,-7.2061,-13.4046,40.77,On Head
587347,0.3879,9.8569,-2.7318,11.8473,2.0153,-9.6031,41.05,On Head
587397,1.0032,10.3837,-2.4062,-9.8168,5.7557,3.2672,40.86,On Head
587447,1.5299,10.1394,-1.9082,-6.9466,12.8855,-3.7405,40.95,On Head
587497,1.7262,10.0676,-1.3192,-20.3359,17.5267,-8.8397,40.77,On Head
587547,1.7166,9.4212,-0.3831,-22.7481,26.2443,-13.0229,40.95,On Head
587597,1.8435,8.9280,0.4669,-18.3664,31.6641,-16.0153,40.91,On Head
587647,1.5443,8.9615,0.7877,-6.5344,32.2443,-20.4122,40.95,On Head
587697,1.2139,9.1650,0.6536,-6.4885,22.9771,-13.1603,40.95,On Head
587747,1.6424,9.3374,0.4310,-4.3817,14.8855,-12.6870,40.77,On Head
587797,1.8004,9.4140,0.2634,-2.2901,11.5573,-19.3893,40.91,On Head
587847,1.5490,10.3262,0.1844,-4.3053,10.6565,-21.8321,41.09,On Head
587897,1.4174,10.6183,0.1676,-9.6031,11.6947,-18.4275,40.95,On Head
587947,0.7494,10.4555,0.2227,-8.8397,8.1527,-11.1908,40.91,On Head
587997,0.6297,10.1323,0.2107,-14.8550,-1.3130,0.2443,40.95,On Head
588047,-0.0168,9.7612,0.2682,-9.2366,-5.6031,6.1679,40.86,On Head
588097,0.4956,12.0907,1.3862,-26.4427,-23.9084,14.1832,40.77,On Head
588147,-0.8643,10.8242,1.8364,-5.5878,-22.0916,3.0382,40.77,On Head
588197,-1.3360,8.9256,2.0375,5.8168,-35.2214,-9.4962,40.86,On Head
588247,-1.9393,7.5705,2.0470,17.8473,-61.8626,-10.9924,41.19,On Head
588297,-0.8571,8.4635,1.2594,10.2901,-78.9924,-3.2519,40.91,On Head
588347,-1.1181,10.1083,1.4629,3.1603,-82.3817,-21.7099,40.91,On Head
588397,-1.2258,11.4658,1.5107,-5.9695,-63.2214,-20.3969,40.95,On Head
588447,-1.4772,10.0556,1.8699,-4.7176,-46.8855,-6.3206,40.95,On Head
588497,-1.3982,9.3661,1.2426,14.5038,-37.2214,-0.0611,41.05,On Head
588547,-0.6560,9.6893,0.4621,12.5802,-29.1756,9.4809,40.77,On Head
588597,0.5100,10.5034,0.2227,13.1756,-21.7099,17.9695,41.09,On Head
588647,1.3671,10.2232,0.2801,-3.0382,-8.8092,14.4427,40.95,On Head
588697,1.3934,9.5696,0.6440,-8.4427,-2.2748,8.1527,41.09,On Head
588747,1.4054,9.5792,0.5507,-4.0611,2.4275,-1.6489,40.86,On Head
588797,1.3982,9.7061,0.5722,-6.4733,8.7176,3.2824,41.09,On Head
588847,1.7669,9.7420,0.5578,-7.6031,13.7863,-1.1450,40.95,On Head
588897,1.6017,9.6391,0.7230,-4.0611,19.2366,-9.4962,40.72,On Head
588947,1.1684,9.8641,0.4645,-2.3817,17.2061,-17.7252,40.67,On Head
588997,0.8068,9.6558,0.5148,-6.7634,14.4885,-24.7328,41.09,On Head
589047,0.5459,9.7157,0.3472,-10.1832,18.7328,-20.4427,40.91,On Head
589097,0.1389,10.1634,0.7159,-1.8473,26.5496,-7.3740,40.77,On Head
589147,0.0646,9.9551,1.5443,-11.1756,32.0916,-8.5649,40.91,On Head
589197,-0.6153,9.8593,2.1117,-2.5344,30.2901,-4.7023,40.91,On Head
589247,-0.2083,13.3860,2.1189,17.2824,22.7023,16.6412,40.77,On Head
589297,0.2945,11.4491,1.3072,5.4809,13.4046,0.4733,41.24,On Head
589347,-1.0702,10.2280,0.8930,9.0229,12.5038,6.5191,41.28,On Head
589397,-0.8332,9.7276,0.2466,7.6489,6.9313,11.8931,40.95,On Head
589447,-0.8404,9.0980,-0.1820,6.6565,8.3664,13.1450,41.09,On Head
589497,-0.6177,9.3158,-1.3168,9.3588,10.2595,4.6107,41.05,On Head
589547,-0.8092,9.5984,-1.1420,-16.4427,17.1450,-10.4122,40.95,On Head
589597,-1.3623,10.2424,-1.0343,1.9542,18.7328,-10.5954,41.05,On Head
589647,-0.6488,10.9295,-1.5921,-3.5725,19.5878,7.4809,40.86,On Head
589697,0.6345,9.7157,-0.8906,-23.2824,27.6336,13.2366,40.72,On Head
589747,1.0247,8.7053,-0.0886,-17.7557,35.5573,-0.3817,40.77,On Head
589797,0.6369,9.0980,0.0622,-9.7710,30.1069,-7.0534,40.95,On Head
589847,0.5986,9.1099,-0.0766,-10.2901,27.4962,-17.0687,41.09,On Head
589897,-0.3711,9.2823,-0.1508,0.7939,31.5420,-24.6718,40.86,On Head
589947,-0.5076,10.3837,-0.6321,-2.8397,31.7252,-8.8550,40.95,On Head
589997,0.0622,10.4363,-0.7159,-6.0153,34.4122,-4.0916,41.28,On Head
590047,-0.4836,10.9583,-0.3376,-21.6336,32.6107,3.2977,40.95,On Head
590097,-0.3160,10.4291,0.2346,-23.8015,26.2290,12.3053,41.05,On Head
590147,0.0790,10.6997,0.3591,-27.0076,19.7099,20.7481,40.91,On Head
590197,-0.3735,9.7659,0.9385,-24.2137,14.3053,31.8168,41.09,On Head
590247,0.4908,9.9671,2.5690,-35.3740,-14.0916,38.5344,41.24,On Head
590297,0.5674,11.3892,2.4229,-21.1450,-2.5649,2.6260,41.19,On Head
590347,-0.3400,8.9376,2.8515,-16.3969,2.5191,-6.2901,40.86,On Head
590397,-0.6919,8.3917,3.3088,-13.8779,-2.0153,0.3969,40.91,On Head
590447,-0.1987,8.4108,3.9456,-17.3435,-10.8244,6.8397,40.77,On Head
590497,-0.5052,8.9447,4.1108,-15.0382,-17.4046,-5.2366,40.91,On Head
590547,-1.0534,9.3398,4.0151,-3.4962,-24.6565,6.8550,40.67,On Head
590597,-0.1796,9.5457,3.3232,8.1069,-29.4962,4.6412,40.91,On Head
590647,0.4693,9.5457,3.1173,-0.6260,-22.8092,7.8779,40.91,On Head
590697,1.1013,9.5385,3.4405,-1.2214,-15.8931,22.0153,40.77,On Head
590747,1.2809,9.0621,4.0917,-8.0153,-10.4275,17.5725,40.91,On Head
590797,0.6608,8.6622,4.2425,0.2290,-11.8015,11.3588,40.86,On Head
590847,0.8475,9.9671,3.7613,11.2366,-12.9160,21.7863,40.86,On Head
590897,0.8667,9.5912,3.4668,11.6641,-12.7481,24.6260,40.95,On Head
590947,1.1923,9.4882,2.7414,15.5420,-14.8397,35.4351,40.91,On Head
590997,3.3399,11.2192,1.9968,14.0763,-23.8473,43.8321,40.91,On Head
591047,4.3646,11.8800,0.2897,3.8626,1.3740,13.2519,41.19,On Head
591097,2.9497,9.6343,-0.1772,-4.2290,22.8244,-11.4962,40.72,On Head
591147,1.4389,7.0006,-0.1939,-6.5954,21.7557,-9.8168,40.91,On Head
591197,2.1739,8.7939,-0.1604,-0.2443,25.2824,17.5725,40.91,On Head
591247,2.9401,9.4930,-0.0599,-0.5649,37.1908,-2.8855,40.91,On Head
591297,1.7406,10.7188,0.2753,11.0992,38.1221,-14.5191,40.86,On Head
591347,1.9680,10.2639,-0.1724,-0.0763,25.0382,-17.2214,41.19,On Head
591397,2.0351,10.3932,-0.6680,-18.3359,35.7252,-7.2366,40.91,On Head
591447,1.8364,8.0613,0.8188,-25.1145,36.2901,12.1679,41.09,On Head
591497,2.5235,8.1547,1.4006,-7.9847,29.4046,9.9695,40.95,On Head
591547,2.4493,9.5313,1.3312,-5.4504,23.0687,-6.1985,40.77,On Head
591597,2.0063,10.3932,1.5083,-2.9313,10.0611,-5.4809,40.77,On Head
591647,1.7621,10.2903,1.4126,-0.7634,-1.0687,-0.6260,40.67,On Head
591697,2.8994,15.2654,1.8028,9.2366,-6.5802,18.3511,40.91,On Head
591747,2.6743,10.9128,1.6472,2.7023,2.5802,4.2443,40.77,On Head
591797,2.1380,10.5393,2.4995,-31.8626,-2.9466,-3.4962,40.95,On Head
591847,0.4717,8.5281,3.4309,-38.5954,-4.7481,-20.5802,40.91,On Head
591897,0.5124,8.6886,3.7062,-18.4886,-3.6641,2.3206,41.19,On Head
591947,1.5490,8.5712,4.1228,-3.6947,-2.1069,9.4504,40.95,On Head
591997,1.3503,8.7819,4.4436,0.4275,-8.1679,-5.0076,41.05,On Head
592047,0.9840,8.6119,4.0630,11.2977,-18.3206,-15.4351,41.09,On Head
592097,1.1899,9.6845,2.8802,10.0458,-25.8779,-18.5802,40.77,On Head
592147,1.5969,10.4220,2.0183,-7.8931,-19.1298,-14.4275,40.91,On Head
592197,2.0063,9.3039,2.6743,-28.0916,-12.5038,-4.0153,40.91,On Head
592247,2.5594,8.5904,3.1125,-18.8550,4.2595,-3.0840,40.95,On Head
592297,2.4110,8.6479,3.3710,-17.2519,25.0382,-7.9389,40.72,On Head
592347,1.1277,8.9735,4.4843,-2.7176,32.9924,-3.8931,40.95,On Head
592397,0.7590,9.3206,4.6711,14.8702,25.9695,11.1298,40.77,On Head
592447,0.6536,9.3757,4.0845,26.9771,11.0229,20.2901,40.95,On Head
592497,2.4900,12.6103,3.0047,38.9618,5.4962,29.7710,40.91,On Head
592547,2.8515,12.1721,2.2841,34.7634,9.6183,21.3893,40.91,On Head
592597,2.5331,10.4531,1.8938,15.0992,6.6870,17.3588,40.86,On Head
592647,1.8914,7.9248,1.3072,12.5649,3.4809,17.2061,41.05,On Head
592697,2.2841,8.1163,0.5962,21.7863,1.2519,27.4198,40.95,On Head
592747,3.9385,8.7269,-0.0670,14.3969,4.2595,16.8855,40.77,On Head
592797,3.1244,10.1227,-0.3711,14.8092,13.5420,-13.4504,40.72,On Head
592847,3.0598,11.4251,-0.6919,3.4046,15.3435,-19.6183,40.95,On Head
592897,2.5043,9.6893,-0.5818,-1.5573,26.6107,-40.9618,40.72,On Head
592947,1.2953,9.5888,-0.1030,-11.2824,32.0305,-37.3435,41.05,On Head
592997,0.9266,8.8705,0.9553,-21.3740,22.9008,-20.0153,40.86,On Head
593047,1.1133,8.7508,1.3982,-14.2290,18.1985,-14.7481,40.86,On Head
593097,1.2546,9.7205,1.5514,-11.6031,8.5191,-11.8168,40.91,On Head
593147,1.2234,10.4866,1.4341,-2.7481,-2.8855,-8.1679,40.95,On Head
593197,1.3024,10.2568,0.9625,-3.8473,-10.9313,-3.4198,40.95,On Head
593247,0.9361,9.7348,0.7829,-10.1679,-15.1756,1.5267,40.91,On Head
593297,2.3822,12.3900,1.6616,-30.1679,-10.3053,2.1374,41.19,On Head
593347,2.3990,9.4451,2.6887,-16.5496,-1.0992,-36.5649,40.95,On Head
593397,0.4741,9.4858,4.2162,-25.3282,-7.1450,-56.4122,40.95,On Head
593447,-2.5163,9.7899,4.6376,-27.6183,-10.3511,-32.9313,40.77,On Head
593497,-2.1739,7.8985,5.0661,-16.3817,-28.7634,30.1069,40.86,On Head
593547,0.4764,8.5305,4.5562,3.4962,-35.5878,19.6641,40.95,On Head
593597,0.9266,8.4108,4.5274,-1.3130,-38.8550,-27.7099,41.09,On Head
593647,-0.7254,9.1985,4.0270,13.3588,-39.2824,-40.6107,40.86,On Head
593697,-1.4533,10.0772,3.6105,7.6183,-51.0992,-7.0840,40.95,On Head
593747,0.3496,9.0525,3.8188,-3.9237,-57.8931,0.3511,41.19,On Head
593797,1.8364,8.1570,3.9145,-0.6870,-56.8244,-18.8702,40.95,On Head
593847,1.5586,7.7668,4.1468,2.3206,-52.9618,-55.0076,40.86,On Head
593897,-0.9170,9.6055,4.0773,18.7328,-46.7634,-69.2061,40.91,On Head
593947,-1.2498,10.1107,3.3016,27.0076,-38.2901,-24.2748,40.95,On Head
593997,-0.7398,10.3789,2.4612,32.8550,-22.8702,-4.9618,40.95,On Head
594047,-0.6249,10.1155,2.2410,25.8626,-14.0000,20.0305,40.86,On Head
594097,0.4238,11.3126,1.4700,36.1069,-0.7939,23.3130,40.86,On Head
594147,0.7254,12.5887,0.6440,18.7176,18.6565,-25.5420,40.86,On Head
594197,-1.8459,12.1769,2.0327,-1.1298,27.6641,33.0076,41.09,On Head
594247,-0.4717,7.9823,1.3048,21.0687,11.5573,47.9542,41.05,On Head
594297,0.4501,7.1563,0.2179,16.7328,1.1298,33.6947,40.95,On Head
594347,1.5874,8.6215,-0.1532,8.9771,3.6947,22.5954,40.77,On Head
594397,0.7374,9.5529,-0.1652,13.4046,-0.6260,-12.3359,40.91,On Head
594447,-0.3376,11.2791,-0.6033,18.8550,-16.1679,-29.7557,40.91,On Head
594497,-0.7302,10.8697,-1.0702,5.8931,-26.1679,-33.1145,41.05,On Head
594547,-0.3448,9.8521,-0.7207,-6.1527,-26.4427,-8.8244,40.95,On Head
594597,0.5722,8.7724,-0.2705,-6.8855,-23.1450,-5.3588,40.86,On Head
594647,0.6081,9.0501,-0.0407,0.9771,-21.7252,-16.3053,41.24,On Head
594697,0.5076,10.3789,-0.2370,0.8244,-26.0305,-26.5954,40.77,On Head
594747,-0.4286,10.7452,-0.2394,-7.3893,-29.5114,-27.3282,40.86,On Head
594797,-0.8691,10.4914,-0.0814,-5.8015,-35.2061,-17.2824,40.86,On Head
594847,-0.6704,10.2400,0.1077,-11.5420,-37.3740,-2.8244,40.77,On Head
594897,-0.8523,9.7420,0.4142,-10.9618,-41.7099,7.6947,40.86,On Head
594947,-1.3048,9.6798,0.4717,-6.1832,-57.6031,11.9847,40.91,On Head
594997,-0.7757,12.4642,0.5483,0.7786,-80.9618,23.3893,40.72,On Head
595047,1.0319,10.2496,-0.8619,-17.3130,-94.2595,4.8550,40.72,On Head
595097,0.1676,10.3645,-0.0144,-37.6489,-98.5038,14.7023,40.91,On Head
595147,1.1205,9.6845,0.7230,-54.1221,-81.3740,0.2290,40.91,On Head
595197,0.3280,9.1770,2.5115,-58.4122,-60.0916,-2.1221,40.72,On Head
595247,0.3831,8.0397,3.7278,-33.6183,-51.5878,-6.3969,40.72,On Head
595297,-0.0072,8.3055,4.2473,-25.4656,-47.7557,-26.7786,40.86,On Head
595347,-1.4676,7.8602,5.0877,-16.1985,-53.4504,-34.6260,40.77,On Head
595397,-2.0901,8.2768,5.0015,8.7481,-76.9924,-21.4198,40.95,On Head
595447,-1.4054,10.0126,4.5298,25.3130,-104.7939,-13.2519,40.91,On Head
595497,-0.5722,10.4986,3.7565,10.7939,-127.4198,-18.7328,40.91,On Head
595547,-0.3903,10.1993,3.2705,3.1603,-133.2061,-21.8168,40.91,On Head
595597,-0.4908,9.6822,3.1699,-7.8473,-126.7481,-38.4122,40.67,On Head
595647,-1.6137,8.9016,3.8331,-10.3053,-120.4122,-43.2061,40.95,On Head
595697,-1.8076,9.4691,3.9911,10.1374,-117.3588,-24.2901,40.67,On Head
595747,-1.4820,9.7181,3.9361,7.5573,-116.8550,-13.6641,40.86,On Head
595797,-1.0534,9.9718,3.7757,12.6870,-116.6870,-8.9313,40.77,On Head
595847,-0.6776,10.0149,3.6152,7.1756,-104.1527,-5.6947,40.95,On Head
595897,-0.7230,9.8234,3.1867,16.9313,-86.1069,8.0916,40.91,On Head
595947,0.1149,10.4722,2.7007,6.4427,-69.0687,31.4351,40.95,On Head
595997,1.3455,9.4212,2.6145,4.8092,-58.8244,50.9924,41.05,On Head
596047,-0.2059,10.4651,3.2537,-14.4122,-65.5115,72.5343,40.95,On Head
596097,2.6456,7.7021,3.2896,-38.6107,-88.8855,70.9466,40.67,On Head
596147,4.4963,7.1802,3.2920,-17.6489,-71.6489,35.0840,40.77,On Head
596197,4.0654,7.4484,3.8714,-5.0992,-58.3969,6.1527,40.91,On Head
596247,3.4333,8.4324,3.6033,11.5725,-50.4122,-12.5344,40.77,On Head
596297,3.6152,10.6303,2.8587,19.5267,-41.8779,-11.5267,40.86,On Head
596347,2.7150,11.2839,1.7573,6.8092,-37.2824,10.7023,40.67,On Head
596397,1.7597,11.1618,1.2354,-23.5420,-58.6870,23.2672,40.91,On Head
596447,3.5386,9.4140,0.7278,-24.8702,-65.9084,3.1756,40.91,On Head
596497,2.9425,9.0788,0.5531,-2.9771,-53.4198,-2.3511,40.72,On Head
596547,3.0574,8.8418,-0.1197,11.5267,-41.3282,-6.1221,40.95,On Head
596597,3.4261,10.0341,-0.5483,13.9542,-28.3359,-2.0763,40.67,On Head
596647,3.9217,9.5002,-0.3065,-0.0611,-18.0458,-5.9084,40.95,On Head
596697,3.5674,9.3278,0.0263,-4.4275,-11.4504,-18.5802,40.86,On Head
596747,3.3950,8.9759,0.3831,-4.5802,-10.1221,-19.5420,40.95,On Head
596797,3.1005,9.1578,0.2753,-0.3206,-11.1756,-23.7099,40.58,On Head
596847,3.1484,9.3757,0.2131,-2.9924,-16.1069,-25.4504,40.86,On Head
596897,3.0119,9.7348,0.0862,-2.2290,-17.6794,-22.3969,40.91,On Head
596947,3.2058,9.5193,0.0622,-9.5115,-17.9847,-19.6489,40.91,On Head
596997,3.2465,9.5624,0.2777,-12.9313,-17.4809,-22.6565,40.67,On Head
597047,3.1771,9.4355,0.4932,-16.7176,-11.6336,-28.5038,40.77,On Head
597097,2.6528,9.5122,0.9242,-15.2519,-9.0534,-28.5191,40.91,On Head
597147,2.1141,9.6438,0.9768,-10.1069,-7.6031,-28.7481,40.72,On Head
597197,1.6616,10.7595,0.9744,-14.6565,-9.3435,-21.6031,40.72,On Head
597247,1.3934,10.3956,1.0846,-15.6336,-5.8779,-12.5954,41.19,On Head
597297,0.4788,10.5656,1.4653,-0.1374,-15.8779,-0.9313,40.95,On Head
597347,2.6073,11.5065,0.5722,-26.2290,-39.5115,12.6412,40.95,On Head
597397,1.0415,9.9575,2.1548,-46.0458,-30.5802,-16.7481,40.91,On Head
597447,0.0215,8.9902,3.1364,-22.1069,-33.4351,-32.8244,40.77,On Head
597497,0.3950,8.0182,3.2465,-4.5496,-22.6870,-22.3359,40.95,On Head
597547,1.0247,8.6191,3.5027,5.5267,-15.2977,4.0763,41.05,On Head
597597,1.1564,9.3158,3.8642,0.8855,-19.2672,-10.1069,40.91,On Head
597647,0.8260,9.0668,3.8068,6.9771,-20.2137,-19.4656,40.67,On Head
597697,-1.5730,9.7659,3.6344,26.5344,-39.2214,-13.0687,40.67,On Head
597747,-0.0814,10.4052,2.3152,-16.7023,-101.4504,-6.9924,40.95,On Head
597797,2.0063,8.5425,2.2098,-16.3053,-91.1298,-9.0687,40.72,On Head
597847,2.1572,8.5377,2.1859,5.3282,-65.0076,-11.7557,40.91,On Head
597897,1.9872,9.1435,1.9082,11.3588,-40.7176,-13.3282,40.86,On Head
597947,1.5467,9.6822,1.8986,16.4122,-16.9466,-16.9313,40.86,On Head
597997,0.1939,10.1131,2.4517,16.8092,-12.4885,-7.0992,40.77,On Head
598047,0.2921,11.3437,2.6647,-8.6565,-52.3511,18.9008,40.58,On Head
598097,2.1979,10.0652,2.4612,27.5878,-48.2137,17.6489,41.05,On Head
598147,1.8124,13.0101,-0.7973,34.6870,-29.9695,-17.1298,40.95,On Head
598197,0.2155,11.8633,-0.9026,1.0687,-3.9084,-13.9695,40.86,On Head
598247,-0.3280,9.3158,-0.4142,-13.7252,15.9847,-9.2366,40.91,On Head
598297,-0.2346,7.4579,0.4932,-8.7786,29.7405,6.2443,40.67,On Head
598347,-0.1963,7.5872,0.6608,31.6336,29.2366,-15.3588,40.67,On Head
598397,-1.6664,10.9559,-1.4317,33.3893,25.0992,-34.9008,40.95,On Head
598447,-2.6001,12.3948,-1.8435,-28.2595,-11.3588,-14.0000,40.95,On Head
598497,0.0838,9.3039,-0.9529,-42.3817,-4.3053,-16.8397,40.91,On Head
598547,0.8092,8.3246,-0.1604,-27.4046,22.7634,-19.4504,40.91,On Head
598597,0.7207,8.6239,-0.2490,-7.7863,52.1527,-25.7863,40.77,On Head
598647,-0.8092,9.7588,-0.1341,-10.4275,58.0153,-14.0153,40.91,On Head
598697,-0.4429,9.5648,0.1437,-16.4733,56.0305,-12.1985,40.95,On Head
598747,0.3136,9.9886,0.3567,-7.9084,62.1832,-15.8931,41.09,On Head
598797,-0.6464,10.7332,-0.3639,13.3893,92.8702,-12.0153,40.77,On Head
598847,-1.5562,11.3054,-0.4310,-1.3130,82.7023,8.3664,40.91,On Head
598897,-1.4293,10.2927,-0.0862,1.0076,77.3282,22.7939,40.67,On Head
598947,0.2131,11.4156,0.9864,-26.6107,49.5878,22.3206,40.72,On Head
598997,-1.5083,9.7731,1.9800,-21.7252,50.3511,-1.7863,40.91,On Head
599047,-2.2122,8.8681,2.4708,3.5420,34.5038,-10.4885,40.67,On Head
599097,-1.6305,9.3637,2.0997,-7.8168,28.8397,8.6107,40.86,On Head
599147,-1.5203,9.2249,2.8156,-1.1908,17.7863,11.9389,40.58,On Head
599197,-1.3024,9.1770,2.5019,6.3664,5.3588,-2.5496,40.91,On Head
599247,-1.8723,8.6359,2.0423,17.7863,-6.4733,-9.3130,40.86,On Head
599297,-3.1987,8.9878,1.2833,35.1450,-36.3206,-7.0076,40.86,On Head
599347,-1.8747,10.2208,-0.3136,22.2748,-60.5496,1.0534,40.91,On Head
599397,-1.2977,10.3406,-0.0718,-2.9618,-56.8550,14.6718,40.77,On Head
599447,-0.5363,9.4715,0.2969,-4.3817,-46.2901,21.4809,40.72,On Head
599497,0.1580,10.0628,0.6201,-8.3053,-28.7328,16.0916,40.91,On Head
599547,-0.0096,9.9886,1.2474,-12.1832,-8.8550,14.8550,40.72,On Head
599597,1.5323,16.6660,1.5155,22.6718,3.5115,38.7176,40.72,On Head
599647,1.5778,11.2767,0.0479,26.9313,19.4504,9.1603,40.77,On Head
599697,0.6057,9.7755,-1.2282,6.1679,12.0458,5.0229,40.72,On Head
599747,-0.0311,8.4276,-1.6807,-6.8855,11.8168,6.5344,40.91,On Head
599797,-0.3831,9.0381,-2.3774,0.7939,7.8931,13.0534,40.95,On Head
599847,1.1875,10.3022,-2.2793,-32.5496,3.1908,-0.6412,40.91,On Head
599897,0.5986,9.1195,-1.1061,-19.6947,21.0534,-20.9618,40.86,On Head
599947,0.3352,9.1243,-1.1013,-15.2672,26.9466,-21.1603,40.91,On Head
599997,0.2969,8.9495,-0.6369,-22.6870,38.6718,-21.3130,40.91,On Head
