time_ms,acc_x,acc_y,acc_z,gyro_x,gyro_y,gyro_z,temp_c,label
50,0.0144,9.9647,1.4485,-2.4580,0.6260,-0.0153,42.27,On Surface
100,-0.0144,9.9240,1.5036,-2.4885,0.7786,-0.1374,42.32,On Surface
150,-0.0407,9.9000,1.4293,-2.7939,0.6107,-0.1679,42.22,On Surface
200,-0.0359,9.9216,1.4581,-2.4733,0.6260,-0.3053,42.27,On Surface
250,-0.0096,9.9288,1.4269,-2.1985,0.6870,-0.2137,42.32,On Surface
300,-0.0287,9.9240,1.4126,-2.3359,0.6107,-0.2595,42.41,On Surface
350,-0.0239,9.9311,1.4102,-2.6718,0.7481,-0.0611,41.99,On Surface
400,0.0072,9.9383,1.4413,-2.3969,0.5802,-0.0305,42.46,On Surface
450,-0.0359,9.9264,1.4964,-2.3817,0.4122,0.0611,42.22,On Surface
500,-0.0335,9.8881,1.3958,-2.5344,0.5802,-0.1985,42.32,On Surface
550,-0.0311,9.9551,1.4509,-2.3053,0.1374,-0.0611,42.41,On Surface
600,-0.0239,9.9551,1.4748,-2.5038,0.3969,-0.2748,42.46,On Surface
650,-0.0287,9.9383,1.4413,-2.4427,0.6718,-0.0458,42.27,On Surface
700,-0.0694,9.9359,1.4126,-2.3511,0.4427,-0.1679,42.27,On Surface
750,-0.0024,9.8952,1.4485,-2.7023,0.3817,-0.3359,42.22,On Surface
800,-0.0192,9.9216,1.4461,-2.3969,0.2901,-0.1985,42.32,On Surface
850,-0.0455,9.8833,1.5203,-2.3664,0.3817,-0.0458,42.22,On Surface
900,-0.0048,9.8881,1.5131,-2.4275,0.2595,-0.0916,42.27,On Surface
950,-0.0072,9.9120,1.4676,-2.2748,0.3359,0.1527,42.27,On Surface
1000,0.0048,9.9048,1.5155,-2.3206,0.3817,0.0916,42.32,On Surface
1050,-0.0096,9.9240,1.4245,-2.6870,0.5649,-0.3817,42.27,On Surface
1100,-0.0455,9.9168,1.4581,-2.5191,0.5038,-0.3511,42.41,On Surface
1150,-0.0359,9.9168,1.3910,-2.1832,0.7634,-0.0153,42.32,On Surface
1200,-0.0072,9.9479,1.4102,-2.2290,0.3511,-0.2901,42.22,On Surface
1250,-0.0383,9.9623,1.4293,-2.1527,0.3969,-0.4275,42.41,On Surface
1300,-0.0192,9.9096,1.4868,-2.4122,0.6107,-0.2290,42.27,On Surface
1350,-0.0215,9.8833,1.4916,-2.3969,0.6260,-0.0916,42.27,On Surface
1400,-0.0168,9.9647,1.5060,-2.4122,0.1221,0.0458,42.22,On Surface
1450,-0.0599,9.9216,1.4892,-2.4122,0.0763,0.0305,42.08,On Surface
1500,-0.0407,9.9072,1.4222,-2.4885,0.2748,-0.1374,42.32,On Surface
1550,-0.0311,9.9120,1.4269,-2.3053,0.3664,-0.1679,42.32,On Surface
1600,-0.0455,9.9024,1.3958,-2.6260,0.1985,-0.1221,42.32,On Surface
1650,-0.0311,9.9551,1.4126,-2.3817,0.6565,-0.0153,42.22,On Surface
1700,-0.0335,9.8928,1.4964,-2.0458,0.4885,0.0000,42.22,On Surface
1750,0.0120,9.9192,1.4437,-2.1679,0.4580,-0.1679,42.46,On Surface
1800,-0.0599,9.9048,1.4988,-2.4122,0.5802,-0.1069,42.32,On Surface
1850,-0.0287,9.9216,1.4533,-2.2595,0.5954,0.1221,42.13,On Surface
1900,-0.0455,9.9048,1.4629,-2.1374,0.3969,-0.2748,41.99,On Surface
1950,-0.0192,9.9455,1.4892,-2.4275,0.4275,-0.0611,42.46,On Surface
2000,-0.0790,9.9311,1.4078,-2.3511,0.5496,0.0611,42.27,On Surface
2050,-0.0670,9.9671,1.4509,-2.0916,0.3206,-0.1069,42.27,On Surface
2100,-0.0551,9.9240,1.4317,-2.3511,0.5496,-0.2595,42.08,On Surface
2150,-0.0335,9.9192,1.4724,-2.2443,0.4427,0.1679,42.46,On Surface
2200,-0.0503,9.9335,1.4700,-2.4427,0.8244,-0.0611,42.32,On Surface
2250,-0.0048,9.9335,1.4461,-2.2595,0.6718,-0.4122,42.27,On Surface
2300,0.0000,9.8881,1.4724,-2.3511,0.4122,0.0611,42.08,On Surface
2350,-0.0359,9.9168,1.4437,-2.3969,0.5802,0.0916,42.32,On Surface
2400,-0.0359,9.8737,1.4389,-2.3359,0.3969,-0.2748,42.22,On Surface
2450,-0.0694,9.9120,1.4940,-2.0611,0.5191,-0.1527,42.22,On Surface
2500,-0.0096,9.9264,1.4964,-2.2595,0.4427,0.2595,42.27,On Surface
2550,0.0192,9.9024,1.4868,-2.3053,0.4122,-0.1679,42.32,On Surface
2600,-0.0359,9.9814,1.4892,-2.2595,0.6107,-0.2137,42.32,On Surface
2650,-0.0287,9.9288,1.4269,-2.4427,0.4580,0.1527,42.08,On Surface
2700,-0.0192,9.9072,1.4557,-2.2748,0.5649,-0.2443,42.22,On Surface
2750,-0.0359,9.9575,1.3910,-2.3664,0.3969,-0.2595,42.32,On Surface
2800,0.0144,9.9048,1.4605,-2.3053,0.3206,-0.3206,42.27,On Surface
2850,-0.0263,9.9479,1.4796,-2.4427,0.4885,-0.3511,42.27,On Surface
2900,-0.0622,9.9335,1.3838,-2.2443,0.3664,-0.0611,41.99,On Surface
2950,-0.0239,9.9144,1.4772,-2.2901,0.5344,0.1221,42.13,On Surface
3000,-0.0311,9.9575,1.4629,-2.1832,0.2443,0.1374,41.99,On Surface
3050,-0.0527,9.9048,1.4126,-2.3053,0.5954,-0.1679,42.13,On Surface
3100,-0.0551,9.9120,1.4796,-2.2443,0.4733,0.0458,42.22,On Surface
3150,-0.0144,9.9431,1.4653,-2.5038,0.2443,-0.2901,42.41,On Surface
3200,0.0024,9.9240,1.4868,-2.3206,0.5344,0.0305,42.22,On Surface
3250,-0.0263,9.9240,1.4389,-2.2748,0.7176,-0.1221,42.41,On Surface
3300,-0.0144,9.9479,1.4796,-2.2901,0.5191,-0.0763,42.32,On Surface
3350,-0.0311,9.9240,1.4916,-2.6412,0.5038,-0.0763,42.27,On Surface
3400,-0.0144,9.9240,1.4724,-2.6260,0.3511,-0.3511,42.27,On Surface
3450,-0.0048,9.9766,1.4317,-2.2748,0.4122,-0.2443,42.32,On Surface
3500,-0.0192,9.9048,1.4653,-2.2748,0.4122,-0.0458,42.22,On Surface
3550,-0.0383,9.9240,1.4988,-2.5496,0.2290,-0.0458,42.22,On Surface
3600,-0.0431,9.9240,1.4365,-2.2443,0.5496,0.0763,42.32,On Surface
3650,-0.0311,9.9240,1.3934,-2.2290,0.6718,-0.1069,42.27,On Surface
3700,0.0024,9.9168,1.4222,-2.2901,0.2901,-0.1679,42.46,On Surface
3750,-0.0287,9.9335,1.4054,-2.5496,0.3969,-0.0458,42.46,On Surface
3800,-0.0144,9.8737,1.4485,-2.5802,0.3206,-0.2595,42.46,On Surface
3850,0.0239,9.9096,1.4245,-2.6565,0.2595,0.0153,42.27,On Surface
3900,-0.0192,9.9455,1.4653,-2.4885,0.6107,-0.3206,42.41,On Surface
3950,-0.0359,9.8952,1.4461,-2.3053,0.3359,0.0916,42.32,On Surface
4000,-0.0287,9.9311,1.4485,-2.4275,0.3817,-0.1832,42.32,On Surface
4050,-0.0335,9.9144,1.4533,-2.3053,0.4122,-0.1221,42.22,On Surface
4100,-0.0287,9.8904,1.4461,-2.5802,0.7481,-0.3969,42.22,On Surface
4150,-0.0215,9.9455,1.4245,-2.2137,0.3664,-0.4275,42.13,On Surface
4200,-0.0335,9.9311,1.4126,-2.2901,0.5496,-0.1985,42.22,On Surface
4250,0.0168,9.9216,1.4054,-2.2748,0.6565,-0.1832,42.27,On Surface
4300,-0.0383,9.9288,1.4581,-2.1832,0.5496,-0.1527,42.32,On Surface
4350,-0.0311,9.9455,1.4413,-2.3511,0.3053,0.0305,42.22,On Surface
4400,-0.0239,9.9192,1.5083,-2.4580,0.5802,-0.1069,42.46,On Surface
4450,0.0024,9.9024,1.4748,-2.2443,0.4885,-0.3053,42.46,On Surface
4500,-0.0383,9.9048,1.3934,-2.4122,0.4427,-0.3969,42.22,On Surface
4550,-0.0311,9.9335,1.4461,-2.3511,0.7328,-0.0153,42.60,On Surface
4600,-0.0287,9.8809,1.4629,-2.1679,0.5038,-0.3969,42.32,On Surface
4650,-0.0192,9.9024,1.4605,-2.6107,0.7023,-0.0611,42.41,On Surface
4700,-0.0383,9.9647,1.4533,-2.2443,0.6565,-0.1832,42.08,On Surface
4750,-0.0024,9.9144,1.4581,-2.3817,0.5191,0.0916,42.13,On Surface
4800,-0.0359,9.9072,1.4437,-2.5344,0.5038,-0.1985,42.27,On Surface
4850,-0.0239,9.9240,1.4988,-2.5191,0.2290,-0.1374,42.41,On Surface
4900,-0.0742,9.9359,1.4629,-2.2443,0.2443,0.0000,42.41,On Surface
4950,-0.0215,9.9431,1.4269,-2.4122,0.4580,-0.1985,42.27,On Surface
5000,-0.0096,9.9359,1.4557,-2.2443,0.5802,-0.1832,42.41,On Surface
5050,-0.0048,9.9120,1.4341,-2.3359,0.3664,-0.2443,42.22,On Surface
5100,-0.0431,9.9192,1.4653,-2.3511,0.5344,-0.0305,42.27,On Surface
5150,-0.0622,9.9647,1.4198,-2.3359,0.7176,-0.0763,42.46,On Surface
5200,-0.0215,9.9311,1.4557,-2.5038,0.3511,-0.0611,42.51,On Surface
5250,-0.0168,9.9479,1.4437,-2.4885,0.3359,0.0153,42.08,On Surface
5300,-0.0359,9.9264,1.4557,-2.2290,0.5344,-0.1527,41.94,On Surface
5350,-0.0192,9.9599,1.4796,-2.4427,0.2748,-0.1221,42.41,On Surface
5400,-0.0335,9.9024,1.4437,-2.2901,0.3511,-0.0458,42.41,On Surface
5450,-0.0072,9.9527,1.4700,-2.3664,0.5191,-0.2290,42.08,On Surface
5500,-0.0048,9.9264,1.4581,-2.3206,0.4733,0.0611,42.22,On Surface
5550,-0.0096,9.8976,1.4437,-2.4427,0.3206,-0.1374,42.22,On Surface
5600,-0.0503,9.9407,1.4988,-2.3969,0.3969,0.0763,42.32,On Surface
5650,-0.0311,9.9551,1.4868,-2.2290,0.6260,-0.2137,42.22,On Surface
5700,-0.0311,9.9096,1.4533,-2.3206,0.6412,-0.2290,42.32,On Surface
5750,-0.0383,9.9240,1.4533,-2.3206,0.4122,0.3664,42.32,On Surface
5800,0.0048,9.8833,1.4293,-2.2137,0.5496,0.0000,42.32,On Surface
5850,-0.0168,9.9240,1.4772,-2.2443,0.7634,-0.0458,42.22,On Surface
5900,-0.0479,9.9647,1.5012,-2.3817,0.7481,0.1069,42.22,On Surface
5950,-0.0215,9.9311,1.4389,-2.2443,0.6412,-0.1527,42.41,On Surface
6000,0.0144,9.9288,1.4485,-2.5496,0.3817,-0.1069,42.27,On Surface
6050,-0.0192,9.9766,1.4724,-2.2290,0.4580,-0.1374,42.08,On Surface
6100,-0.0479,9.9455,1.4772,-2.3664,0.4122,-0.2443,42.22,On Surface
6150,-0.0024,9.9503,1.4557,-2.3817,0.4427,-0.1527,42.22,On Surface
6200,-0.0192,9.9240,1.4365,-2.3511,0.5496,-0.4122,42.32,On Surface
6250,-0.0335,9.9335,1.4772,-2.2595,0.1374,-0.0153,42.22,On Surface
6300,-0.0120,9.8857,1.5012,-2.0611,0.2595,-0.2290,42.41,On Surface
6350,-0.0622,9.9240,1.4174,-2.3817,0.3511,-0.2595,42.22,On Surface
6400,-0.0024,9.9192,1.5012,-2.3053,0.6107,-0.3359,42.32,On Surface
6450,-0.0192,9.9479,1.4341,-2.3969,0.4427,-0.0305,42.41,On Surface
6500,-0.0215,9.9335,1.4365,-2.3359,0.5038,-0.2595,42.27,On Surface
6550,0.0168,9.9623,1.4485,-2.3969,0.5954,-0.1374,42.13,On Surface
6600,-0.0215,9.9407,1.4557,-2.4580,0.4733,-0.0153,42.46,On Surface
6650,0.0024,9.9024,1.3791,-2.4733,0.2137,-0.0458,42.41,On Surface
6700,0.0072,9.9096,1.4557,-2.4122,0.3817,-0.0916,42.32,On Surface
6750,-0.0335,9.9240,1.4365,-2.3511,0.5954,-0.2290,42.32,On Surface
6800,-0.0192,9.9096,1.4078,-2.2290,0.3053,-0.2901,42.22,On Surface
6850,-0.0263,9.9288,1.4772,-2.5191,0.5649,-0.0458,42.32,On Surface
6900,0.0024,9.9407,1.4126,-2.8855,0.3359,0.0153,42.32,On Surface
6950,-0.0263,9.9359,1.4676,-2.4733,0.5038,-0.1374,42.22,On Surface
7000,-0.0048,9.9623,1.4437,-2.2748,0.7786,0.0611,42.41,On Surface
7050,-0.0096,9.8952,1.4629,-2.7939,0.6260,0.0153,42.41,On Surface
7100,-0.0575,9.9168,1.4509,-2.4427,0.5954,-0.1374,41.99,On Surface
7150,-0.0287,9.9144,1.4533,-2.4733,0.6260,-0.2290,42.41,On Surface
7200,-0.0024,9.9335,1.4365,-2.5038,0.2443,0.0000,42.08,On Surface
7250,-0.0120,9.9096,1.4700,-2.6565,0.6260,-0.0305,42.41,On Surface
7300,-0.0790,9.9335,1.4485,-2.4580,0.4733,-0.1832,42.32,On Surface
7350,-0.0072,9.9048,1.4365,-2.4733,0.5038,0.0153,42.46,On Surface
7400,-0.0168,9.9192,1.3815,-2.6412,0.3053,-0.0305,42.27,On Surface
7450,-0.0359,9.9359,1.4844,-2.6260,0.5191,-0.2748,42.22,On Surface
7500,-0.0096,9.9288,1.4964,-2.6412,0.5649,-0.2443,42.27,On Surface
7550,-0.0096,9.9072,1.4605,-2.3206,0.2137,-0.1069,42.46,On Surface
7600,0.0048,9.9048,1.4916,-2.3969,0.2901,-0.1221,42.60,On Surface
7650,-0.0168,9.9335,1.4461,-2.4580,0.3664,-0.0458,42.27,On Surface
7700,-0.0024,9.8713,1.4198,-2.4275,0.1985,-0.0763,42.51,On Surface
7750,-0.0359,9.9144,1.4317,-2.7176,0.5038,0.0000,42.08,On Surface
7800,-0.0287,9.9288,1.4509,-2.4427,0.4427,-0.3664,42.27,On Surface
7850,-0.0239,9.9311,1.4030,-2.4275,0.3969,-0.2901,42.41,On Surface
7900,-0.0096,9.9024,1.4245,-2.3359,0.5954,-0.2137,42.13,On Surface
7950,-0.0287,9.8976,1.4676,-2.2137,0.4122,-0.3053,42.27,On Surface
8000,-0.0287,9.8928,1.4461,-2.5344,0.4275,-0.0458,42.32,On Surface
8050,-0.0024,9.9311,1.4509,-2.6107,0.3969,-0.3969,42.08,On Surface
8100,-0.0239,9.9288,1.4461,-2.4275,0.6107,-0.1985,42.32,On Surface
8150,-0.0359,9.9311,1.5083,-2.4580,0.5649,0.0305,42.41,On Surface
8200,-0.0168,9.9216,1.4700,-2.2748,0.4580,-0.1832,42.32,On Surface
8250,-0.0072,9.9168,1.4748,-2.2901,0.4885,-0.1527,42.27,On Surface
8300,-0.0120,9.9311,1.4389,-2.2595,0.4580,0.0153,42.22,On Surface
8350,-0.0479,9.9455,1.4317,-2.4122,0.3817,-0.1985,42.32,On Surface
8400,-0.0287,9.9216,1.4341,-2.3817,0.5038,0.1069,42.08,On Surface
8450,-0.0383,9.9072,1.4006,-2.3664,0.3969,-0.0458,42.32,On Surface
8500,-0.0527,9.9407,1.4748,-2.2137,0.7634,-0.1832,42.32,On Surface
8550,-0.0239,9.9144,1.3910,-2.1374,0.1527,-0.0763,42.60,On Surface
8600,-0.0287,9.9288,1.4006,-2.2137,0.6260,-0.1374,42.27,On Surface
8650,-0.0120,9.9264,1.3647,-2.3664,0.5802,-0.1527,42.22,On Surface
8700,-0.0455,9.9240,1.4150,-2.3206,0.3817,0.0611,42.41,On Surface
8750,-0.0814,9.9072,1.4533,-2.2748,0.6260,-0.1221,42.27,On Surface
8800,-0.0455,9.9503,1.4365,-2.4885,0.5954,-0.2137,42.27,On Surface
8850,-0.0311,9.9575,1.4222,-2.4275,0.3206,-0.1374,42.13,On Surface
8900,-0.0335,9.9048,1.4629,-2.3511,0.5191,-0.0611,42.27,On Surface
8950,-0.0335,9.9407,1.4964,-2.3969,0.5954,-0.2137,42.46,On Surface
9000,-0.0359,9.9192,1.5299,-2.3817,0.4580,-0.2748,42.41,On Surface
9050,-0.0311,9.9288,1.4245,-2.1374,0.6412,-0.1374,42.41,On Surface
9100,-0.0359,9.9455,1.4389,-2.0763,0.3206,-0.2901,42.41,On Surface
9150,-0.0503,9.8928,1.4916,-2.5496,0.4275,-0.1221,42.32,On Surface
9200,-0.0431,9.9479,1.4461,-2.4122,0.2901,-0.3206,42.22,On Surface
9250,-0.0575,9.9455,1.4126,-2.4122,0.3664,-0.2901,42.46,On Surface
9300,-0.0479,9.8737,1.4389,-2.1985,0.3969,-0.2290,42.27,On Surface
9350,-0.0311,9.9072,1.4389,-2.4275,0.6412,-0.2290,42.32,On Surface
9400,-0.0192,9.9479,1.4844,-2.3206,0.3359,-0.0916,42.41,On Surface
9450,-0.0168,9.9718,1.4389,-2.1527,0.5038,0.0611,42.22,On Surface
9500,-0.0072,9.8857,1.4030,-2.4580,0.4885,-0.1527,42.22,On Surface
9550,0.0000,9.9455,1.4533,-2.0611,0.5802,0.0458,42.22,On Surface
9600,-0.0239,9.8881,1.4102,-2.0305,0.3511,-0.4122,42.41,On Surface
9650,-0.0024,9.8928,1.4150,-2.3969,0.5038,-0.0763,42.46,On Surface
9700,-0.0622,9.9024,1.4150,-2.4122,0.5496,-0.0763,42.41,On Surface
9750,-0.0455,9.9623,1.4078,-2.2748,0.2748,0.0305,42.22,On Surface
9800,-0.0335,9.9240,1.4796,-2.0916,0.5496,-0.2901,41.99,On Surface
9850,-0.0072,9.8737,1.4198,-2.4580,0.4885,-0.1374,42.22,On Surface
9900,-0.0311,9.9192,1.4413,-2.2748,0.2748,-0.1985,42.41,On Surface
9950,-0.0144,9.9000,1.4078,-2.3359,0.2901,-0.1832,42.32,On Surface
10000,-0.0239,9.9240,1.4581,-2.2901,0.7176,0.1832,42.22,On Surface
10050,-0.0168,9.9311,1.4054,-2.4427,0.7786,-0.1832,42.46,On Surface
10100,0.0072,9.9192,1.4245,-2.5344,0.2901,-0.1679,42.13,On Surface
10150,0.0072,9.9503,1.4509,-2.3817,0.4122,-0.4122,42.32,On Surface
10200,-0.0287,9.8928,1.4653,-2.4733,0.4427,-0.3817,42.22,On Surface
10250,-0.0503,9.9359,1.4461,-2.3817,0.4427,-0.2901,42.32,On Surface
10300,0.0144,9.9048,1.4916,-2.5802,0.4122,-0.2595,42.32,On Surface
10350,-0.0479,9.9216,1.4892,-2.6412,0.5038,-0.2137,42.41,On Surface
10400,-0.0096,9.8881,1.4341,-2.4275,0.3511,-0.1221,42.08,On Surface
10450,-0.0359,9.9216,1.3815,-2.4885,0.6260,0.1832,42.41,On Surface
10500,-0.0479,9.9192,1.4844,-2.4275,0.2290,-0.4122,42.22,On Surface
10550,0.0192,9.9431,1.4629,-2.3206,0.8855,0.1221,41.94,On Surface
10600,-0.0168,9.9264,1.4437,-2.6412,0.3969,-0.1679,42.41,On Surface
10650,-0.0359,9.9216,1.4341,-2.4885,0.2748,-0.0611,42.46,On Surface
10700,-0.0239,9.9383,1.4293,-2.6412,0.5191,0.0000,42.27,On Surface
10750,0.0000,9.9288,1.4509,-2.3206,0.3206,-0.1221,42.41,On Surface
10800,-0.0024,9.9216,1.4605,-2.5344,0.4275,-0.0611,42.32,On Surface
10850,-0.0263,9.9000,1.4389,-2.2290,0.3969,0.0305,42.32,On Surface
10900,-0.0072,9.9503,1.4605,-2.4733,0.5802,0.0000,42.22,On Surface
10950,-0.0048,9.8976,1.5323,-2.4275,0.3664,-0.1985,42.41,On Surface
11000,0.0383,9.9288,1.4389,-2.6412,0.5191,-0.2290,42.41,On Surface
11050,-0.0646,9.9168,1.4820,-2.3817,0.5954,-0.2748,42.22,On Surface
11100,-0.0311,9.8809,1.4341,-2.5038,0.7634,-0.3206,42.32,On Surface
11150,-0.0287,9.9072,1.4198,-2.4580,0.4275,0.1221,42.32,On Surface
11200,-0.0431,9.9168,1.4605,-2.5038,0.5802,-0.1679,42.27,On Surface
11250,0.0239,9.9479,1.4724,-2.2443,0.6565,0.0000,42.60,On Surface
11300,-0.0311,9.9240,1.4317,-2.3969,0.6565,-0.1069,42.41,On Surface
11350,-0.0527,9.9048,1.4916,-2.4580,0.6565,-0.1527,42.32,On Surface
11400,-0.0239,9.9359,1.4700,-2.5649,0.6107,-0.1832,42.41,On Surface
11450,-0.0144,9.9000,1.4437,-2.5954,0.2595,-0.2595,42.22,On Surface
11500,-0.0383,9.8881,1.4174,-2.3359,0.7786,-0.2595,42.60,On Surface
11550,-0.0168,9.9288,1.4988,-2.6565,0.2290,-0.2137,42.22,On Surface
11600,-0.0335,9.9000,1.4724,-2.2290,0.7176,0.0458,42.32,On Surface
11650,-0.0790,9.9168,1.4916,-2.3511,0.6718,-0.0305,42.32,On Surface
11700,-0.0503,9.9072,1.4509,-2.5649,0.5954,-0.0153,42.51,On Surface
11750,-0.0215,9.8761,1.4461,-2.3969,0.4885,-0.1221,42.22,On Surface
11800,-0.0742,9.9144,1.4724,-2.3817,0.2290,0.0611,42.32,On Surface
11850,-0.0215,9.8904,1.4198,-2.4580,0.3511,0.0000,42.46,On Surface
11900,-0.0407,9.9335,1.5012,-2.1985,0.5191,0.0916,42.41,On Surface
11950,0.0072,9.9431,1.4461,-2.3206,0.3053,-0.1221,42.32,On Surface
12000,-0.0311,9.9120,1.4245,-2.2443,0.7176,0.1527,42.60,On Surface
12050,-0.0527,9.9072,1.4653,-2.2443,0.7328,0.0000,42.27,On Surface
12100,-0.0192,9.9000,1.4796,-2.3817,0.3359,-0.2748,42.32,On Surface
12150,-0.0311,9.8857,1.4485,-2.3969,0.3969,0.0000,42.22,On Surface
12200,-0.0263,9.9431,1.4126,-2.2901,0.3511,0.1069,42.51,On Surface
12250,-0.0383,9.9311,1.4245,-2.1985,0.7328,-0.1374,42.41,On Surface
12300,-0.0455,9.9240,1.4102,-2.2595,0.3053,-0.0305,42.32,On Surface
12350,-0.0096,9.9503,1.4964,-2.3817,0.5344,0.0000,42.27,On Surface
12400,-0.0096,9.9264,1.4653,-2.5649,0.5954,0.0000,42.41,On Surface
12450,-0.0646,9.9431,1.4413,-2.0305,0.4885,-0.1832,42.41,On Surface
12500,-0.0694,9.8881,1.5107,-2.1679,0.1679,-0.2137,42.46,On Surface
12550,-0.0479,9.9096,1.4581,-2.1527,0.4885,0.0305,42.41,On Surface
12600,-0.0215,9.9168,1.4341,-2.1679,0.3511,-0.1679,42.22,On Surface
12650,-0.0287,9.9383,1.4844,-2.3206,0.6107,-0.1832,42.27,On Surface
12700,-0.0287,9.9790,1.4078,-2.3817,0.5954,-0.0916,42.27,On Surface
12750,-0.0239,9.9216,1.4317,-2.0153,0.4885,-0.1527,42.32,On Surface
12800,-0.0144,9.9551,1.4365,-2.2901,0.3359,-0.1985,42.32,On Surface
12850,0.0000,9.9383,1.4748,-2.1985,0.1832,-0.2748,42.32,On Surface
12900,-0.0311,9.8857,1.4533,-2.0305,0.6412,-0.1985,42.60,On Surface
12950,-0.0359,9.9264,1.4222,-2.3817,0.4275,0.0458,42.41,On Surface
13000,0.0024,9.9144,1.4653,-2.3511,0.4122,-0.1985,42.46,On Surface
13050,-0.0455,9.9120,1.4198,-2.1679,0.5802,-0.1832,42.46,On Surface
13100,-0.0431,9.9288,1.4844,-2.3664,0.5496,0.1832,42.22,On Surface
13150,-0.0287,9.9120,1.4461,-2.0458,0.4885,-0.0611,42.22,On Surface
13200,-0.0263,9.9479,1.4389,-2.4275,0.5496,-0.2595,42.32,On Surface
13250,-0.0575,9.9168,1.4413,-2.2748,0.3664,-0.0458,42.46,On Surface
13300,0.0024,9.9503,1.4461,-2.3359,0.4733,0.0305,42.08,On Surface
13350,-0.0120,9.9192,1.4748,-2.3359,0.5649,-0.1069,42.27,On Surface
13400,-0.0144,9.9120,1.4150,-2.3359,0.2901,-0.1069,42.27,On Surface
13450,-0.0551,9.9024,1.4868,-2.3206,0.3359,-0.1832,42.27,On Surface
13500,-0.0287,9.9407,1.4533,-2.5802,0.6107,-0.2748,42.32,On Surface
13550,-0.0072,9.9288,1.4629,-2.3664,0.3206,-0.3053,42.27,On Surface
13600,-0.0144,9.9216,1.4964,-2.3969,0.3511,0.1832,42.41,On Surface
13650,-0.0096,9.9431,1.4030,-2.1679,0.7786,-0.1527,42.51,On Surface
13700,-0.0192,9.9431,1.4437,-2.4122,0.7328,-0.2901,42.32,On Surface
13750,-0.0551,9.9455,1.4413,-2.2290,0.8244,-0.2290,42.32,On Surface
13800,-0.0359,9.9359,1.4317,-2.5191,0.5649,-0.1069,42.51,On Surface
13850,-0.0144,9.9288,1.5323,-2.3511,0.5038,-0.0458,42.22,On Surface
13900,-0.0024,9.9168,1.4317,-2.2748,0.3206,-0.0458,42.27,On Surface
13950,-0.0359,9.8881,1.4700,-2.5344,0.5954,-0.1832,42.60,On Surface
14000,-0.0048,9.9192,1.4293,-2.4733,0.4275,-0.0305,42.41,On Surface
14050,-0.0192,9.9359,1.4796,-2.2595,0.7176,0.0763,42.27,On Surface
14100,-0.0144,9.8881,1.4389,-2.1527,0.6107,-0.0305,42.41,On Surface
14150,-0.0096,9.9072,1.4389,-2.5496,0.4427,0.1374,42.32,On Surface
14200,-0.0455,9.8665,1.5012,-2.2748,0.3664,-0.2290,42.41,On Surface
14250,0.0120,9.9144,1.4653,-2.4122,0.3664,-0.0611,41.94,On Surface
14300,-0.0215,9.9048,1.5227,-2.4427,0.4122,0.0763,42.32,On Surface
14350,-0.0144,9.8809,1.4653,-2.5344,0.1832,-0.0916,42.46,On Surface
14400,0.0120,9.9192,1.4461,-2.5802,0.4885,-0.0763,42.51,On Surface
14450,-0.0311,9.9551,1.4653,-2.2748,0.7939,-0.1832,42.46,On Surface
14500,-0.0431,9.9455,1.4054,-2.3817,0.6412,-0.4122,42.41,On Surface
14550,-0.0383,9.8809,1.4174,-2.3359,0.4275,-0.2443,42.41,On Surface
14600,-0.0215,9.9718,1.4341,-2.3053,0.3359,-0.3053,42.32,On Surface
14650,-0.0311,9.9192,1.4437,-2.3817,0.4122,0.0916,42.46,On Surface
14700,-0.0694,9.8833,1.4533,-2.4580,0.4122,-0.1985,42.41,On Surface
14750,-0.0407,9.8976,1.4700,-2.4275,0.5649,0.0305,42.41,On Surface
14800,-0.0024,9.9048,1.4820,-2.2901,0.4885,-0.1832,42.32,On Surface
14850,-0.0407,9.9024,1.3982,-2.3053,0.2595,0.0763,42.32,On Surface
14900,-0.0503,9.9120,1.3886,-2.5191,0.5954,-0.0916,42.46,On Surface
14950,-0.0144,9.9024,1.4126,-2.4733,0.7023,-0.2443,42.46,On Surface
15000,-0.0503,9.9623,1.4820,-2.4275,0.3359,-0.2595,41.99,On Surface
15050,-0.0718,9.9407,1.4413,-2.3664,0.7328,-0.4427,42.27,On Surface
15100,-0.0790,9.9359,1.4676,-2.3206,0.5802,-0.3359,42.22,On Surface
15150,-0.0335,9.9527,1.4485,-2.1221,0.4733,0.0000,42.46,On Surface
15200,-0.0359,9.9120,1.4916,-2.1679,0.5802,-0.0916,42.32,On Surface
15250,-0.0215,9.9359,1.4437,-2.5038,0.4427,-0.1679,42.32,On Surface
15300,0.0024,9.9096,1.4868,-2.4122,0.6412,0.1679,42.60,On Surface
15350,-0.0359,9.9048,1.4293,-2.5191,0.3511,-0.1527,42.22,On Surface
15400,-0.0239,9.9335,1.4293,-2.3511,0.4733,0.0153,42.22,On Surface
15450,-0.0431,9.9000,1.4581,-2.3511,0.5802,0.0000,42.46,On Surface
15500,-0.0527,9.9072,1.4245,-2.3817,0.6565,-0.1832,42.27,On Surface
15550,-0.0263,9.9120,1.4293,-2.5954,0.6107,-0.0153,42.32,On Surface
15600,-0.0311,9.8857,1.4485,-2.1069,0.3206,-0.1527,42.46,On Surface
15650,0.0024,9.9120,1.4030,-2.3969,0.6870,0.0611,42.32,On Surface
15700,-0.0575,9.9335,1.4916,-2.1221,0.4275,-0.1527,42.65,On Surface
15750,-0.0383,9.9072,1.4222,-2.5496,0.4733,-0.1527,42.46,On Surface
15800,-0.0383,9.9527,1.4365,-2.3664,0.2137,0.0153,42.41,On Surface
15850,-0.0263,9.9192,1.4461,-2.2290,0.5038,-0.1374,42.46,On Surface
15900,-0.0311,9.9599,1.4341,-2.3511,0.3359,-0.0305,42.27,On Surface
15950,-0.0527,9.9240,1.3934,-2.3359,0.2901,-0.3664,42.27,On Surface
16000,-0.0407,9.9072,1.4772,-2.1679,0.2901,-0.2137,42.27,On Surface
16050,-0.0527,9.9407,1.4533,-2.0305,0.2595,-0.1832,42.41,On Surface
16100,0.0215,9.9120,1.4557,-2.0763,0.5344,-0.0153,42.41,On Surface
16150,-0.0575,9.9072,1.4581,-2.3206,0.3053,0.0305,42.32,On Surface
16200,-0.0383,9.9383,1.4102,-2.3511,0.6565,-0.2443,42.27,On Surface
16250,-0.0215,9.9383,1.4557,-2.1527,0.3053,-0.0305,42.46,On Surface
16300,-0.0407,9.9335,1.4605,-2.5649,0.5038,-0.1374,42.27,On Surface
16350,-0.0383,9.9695,1.4533,-2.3206,0.5802,0.0000,42.32,On Surface
16400,-0.0215,9.9599,1.4509,-2.1374,0.4885,0.2137,42.46,On Surface
16450,-0.0024,9.9096,1.4437,-2.1069,0.3359,-0.1374,42.41,On Surface
16500,-0.0239,9.9335,1.5060,-2.3053,0.3969,-0.3053,42.22,On Surface
16550,0.0072,9.9407,1.3982,-2.5344,0.3664,-0.2290,42.27,On Surface
16600,-0.0287,9.8785,1.4413,-2.3206,0.5496,-0.1374,42.51,On Surface
16650,-0.0407,9.9144,1.5227,-2.4427,0.6565,-0.1221,42.27,On Surface
16700,-0.0144,9.8904,1.4605,-2.3664,0.5496,-0.1527,42.41,On Surface
16750,-0.0287,9.9096,1.4389,-2.3969,0.1832,-0.2137,42.22,On Surface
16800,-0.0311,9.9144,1.3934,-2.4580,0.4733,-0.1069,42.46,On Surface
16850,-0.0120,9.9311,1.4724,-2.3053,0.5649,-0.0916,42.32,On Surface
16900,-0.0383,9.9527,1.4389,-2.3664,0.4885,-0.0458,42.32,On Surface
16950,-0.0215,9.9335,1.4653,-2.1679,0.5496,-0.2901,42.46,On Surface
17000,-0.0215,9.8976,1.4629,-2.7023,0.2595,-0.2901,42.51,On Surface
17050,-0.0096,9.9048,1.4126,-2.5802,0.3969,-0.0153,42.27,On Surface
17100,0.0048,9.9383,1.4581,-2.4122,0.4427,-0.0305,42.41,On Surface
17150,-0.0359,9.9144,1.4222,-2.3359,0.3664,-0.1069,42.08,On Surface
17200,-0.0431,9.9790,1.4293,-2.3969,0.4427,0.0153,42.22,On Surface
17250,-0.0120,9.8952,1.4245,-2.3359,0.5802,-0.1985,42.32,On Surface
17300,-0.0575,9.9192,1.4365,-2.3359,0.2595,-0.3359,42.41,On Surface
17350,-0.0263,9.9048,1.4341,-2.1832,0.7481,0.0153,42.32,On Surface
17400,0.0024,9.9120,1.4509,-2.4275,0.5344,-0.3206,42.41,On Surface
17450,-0.0263,9.9216,1.4964,-2.3511,0.4885,-0.1679,42.41,On Surface
17500,-0.0144,9.9527,1.4293,-2.3969,0.3969,-0.1374,42.22,On Surface
17550,-0.0072,9.9311,1.3551,-2.5344,0.6870,-0.2443,42.51,On Surface
17600,0.0144,9.9455,1.4629,-2.1374,0.9618,-0.2748,42.22,On Surface
17650,-0.0359,9.9359,1.5203,-2.4885,0.7328,-0.1832,42.08,On Surface
17700,-0.0335,9.9455,1.3815,-2.4427,0.4580,0.0458,42.22,On Surface
17750,-0.0192,9.9264,1.4341,-2.4122,0.7176,-0.2290,42.32,On Surface
17800,-0.0431,9.8857,1.5036,-2.3969,0.3359,0.1374,42.74,On Surface
17850,-0.0192,9.9120,1.4102,-2.5954,0.4275,-0.0153,42.41,On Surface
17900,-0.0335,9.9096,1.4126,-2.1985,0.3817,-0.2137,42.46,On Surface
17950,-0.0192,9.9024,1.3982,-2.5344,0.5038,-0.0305,42.46,On Surface
18000,-0.0431,9.9096,1.4365,-2.4427,0.2748,-0.1527,42.27,On Surface
18050,-0.0407,9.9503,1.4293,-2.5038,0.3664,-0.0458,42.46,On Surface
18100,-0.0192,9.9742,1.4341,-2.5191,0.2901,-0.1832,42.41,On Surface
18150,-0.0096,9.9048,1.4700,-2.3206,0.4427,-0.0305,42.46,On Surface
18200,-0.0718,9.9335,1.4796,-2.2748,0.6870,-0.1985,42.46,On Surface
18250,-0.0383,9.9240,1.4988,-2.1832,0.6718,-0.1069,42.32,On Surface
18300,-0.0551,9.9120,1.4868,-2.1985,0.1679,-0.0763,42.46,On Surface
18350,-0.0215,9.8952,1.4844,-2.5038,0.7939,0.0000,42.08,On Surface
18400,-0.0359,9.9000,1.4150,-2.3053,0.5038,0.1374,42.32,On Surface
18450,-0.0215,9.9096,1.4653,-2.5191,0.3969,-0.2137,42.60,On Surface
18500,0.0024,9.9455,1.4389,-2.6107,0.4733,-0.1679,42.41,On Surface
18550,-0.0168,9.9862,1.4557,-2.3053,0.6412,0.0305,42.22,On Surface
18600,-0.0479,9.9335,1.4485,-2.3359,0.7481,-0.3969,42.46,On Surface
18650,-0.0551,9.9359,1.4653,-2.2901,0.4885,0.2290,42.32,On Surface
18700,-0.0527,9.9024,1.4150,-2.2137,0.4733,-0.1221,42.32,On Surface
18750,-0.0503,9.9240,1.4461,-2.2748,0.3817,-0.4122,42.51,On Surface
18800,0.0072,9.9192,1.4245,-2.4733,0.5038,-0.1527,42.22,On Surface
18850,-0.0239,9.9120,1.3862,-2.5191,0.6565,-0.0916,42.46,On Surface
18900,-0.0239,9.9288,1.4006,-2.4275,0.6565,0.1221,42.41,On Surface
18950,-0.0455,9.9288,1.3886,-2.3817,0.6565,-0.1374,42.22,On Surface
19000,-0.0024,9.9527,1.4844,-2.5038,0.4885,0.0153,42.27,On Surface
19050,-0.0431,9.9383,1.4676,-2.3664,0.5954,-0.2290,42.22,On Surface
19100,-0.0072,9.9479,1.4653,-2.1374,0.4580,-0.2290,42.41,On Surface
19150,-0.0383,9.9551,1.4533,-2.4122,0.4885,0.0458,42.27,On Surface
19200,-0.0120,9.9144,1.4772,-2.0458,0.5649,0.1679,42.46,On Surface
19250,-0.0335,9.9455,1.4676,-2.3053,0.0916,-0.1527,42.60,On Surface
19300,-0.0215,9.9407,1.4102,-2.3359,0.5954,-0.0763,42.41,On Surface
19350,-0.0503,9.9288,1.4509,-2.4275,0.6260,-0.0153,42.32,On Surface
19400,-0.0215,9.9359,1.4078,-2.2901,0.5496,0.0305,42.32,On Surface
19450,-0.0359,9.8809,1.4030,-2.3053,0.5802,0.0305,42.60,On Surface
19500,-0.0215,9.9120,1.4844,-2.1985,0.5649,-0.0305,42.46,On Surface
19550,-0.0311,9.9192,1.5395,-2.3511,0.5344,0.0000,42.27,On Surface
19600,0.0048,9.8928,1.4533,-2.2595,1.0076,-0.0458,42.51,On Surface
19650,-0.0215,9.8857,1.4150,-2.4275,0.4733,0.1221,42.46,On Surface
19700,-0.0120,9.9407,1.4150,-2.3511,0.7634,-0.1985,42.22,On Surface
19750,0.0096,9.9407,1.4605,-2.3969,0.1832,0.0611,42.32,On Surface
19800,-0.0503,9.9407,1.4724,-2.3053,0.5802,-0.1832,42.51,On Surface
19850,-0.0527,9.9288,1.4030,-2.3053,0.3969,-0.0763,42.32,On Surface
19900,-0.0311,9.9503,1.4222,-2.3206,0.4427,-0.2290,42.41,On Surface
19950,-0.0575,9.9240,1.4964,-2.3053,0.4580,-0.0458,42.46,On Surface
20000,-0.0239,9.9288,1.4916,-2.2443,0.2595,0.0611,42.41,On Surface
20050,-0.0527,9.9216,1.5036,-2.1985,0.6565,-0.0305,42.32,On Surface
20100,-0.0359,9.9024,1.3767,-2.3969,0.7786,-0.0916,42.41,On Surface
20150,-0.0120,9.9288,1.4605,-2.2290,0.3969,-0.1679,42.46,On Surface
20200,-0.0670,9.9048,1.4293,-2.2901,0.5496,-0.0611,42.46,On Surface
20250,-0.0096,9.9144,1.4006,-2.2901,0.3664,0.0000,42.60,On Surface
20300,-0.0263,9.8809,1.4365,-2.1985,0.7023,-0.1679,42.32,On Surface
20350,-0.0263,9.9335,1.4150,-2.2748,0.8092,-0.4733,42.22,On Surface
20400,-0.0024,9.9479,1.4365,-2.3664,0.4580,-0.3359,42.27,On Surface
20450,-0.0503,9.9359,1.4653,-2.2443,0.3969,-0.1069,42.22,On Surface
20500,-0.0407,9.8857,1.4413,-2.1985,0.2595,-0.2595,42.41,On Surface
20550,-0.0024,9.9479,1.4174,-2.2748,0.4427,-0.2443,42.60,On Surface
20600,0.0096,9.8881,1.5107,-2.3817,0.2443,-0.2290,42.46,On Surface
20650,-0.0575,9.9168,1.4892,-2.3206,0.4885,-0.1679,42.32,On Surface
20700,-0.0287,9.9264,1.4724,-2.4427,0.5191,-0.2290,42.27,On Surface
20750,0.0000,9.9407,1.4485,-2.6260,0.6107,-0.1527,42.46,On Surface
20800,-0.0215,9.9048,1.4078,-2.1527,0.5496,-0.2748,42.27,On Surface
20850,-0.0311,9.9264,1.4222,-2.2290,0.4427,-0.3511,42.32,On Surface
20900,-0.0287,9.9455,1.3695,-2.4427,0.6107,-0.4733,42.41,On Surface
20950,-0.0192,9.9024,1.4437,-2.5496,0.5344,-0.0305,42.22,On Surface
21000,-0.0431,9.8857,1.4341,-2.2901,0.6412,-0.2748,42.32,On Surface
21050,-0.0096,9.9144,1.4844,-2.4275,0.5191,-0.0153,42.13,On Surface
21100,-0.0263,9.9192,1.4509,-2.5649,0.5802,-0.1679,42.22,On Surface
21150,-0.0192,9.9072,1.4174,-2.6412,0.4122,-0.2901,42.60,On Surface
21200,-0.0192,9.9455,1.4581,-2.6870,0.3206,-0.1832,42.46,On Surface
21250,-0.0287,9.9503,1.4102,-2.3053,0.4733,-0.1679,42.51,On Surface
21300,-0.0551,9.9072,1.4174,-2.5344,0.3359,-0.0458,42.41,On Surface
21350,-0.0551,9.8976,1.4485,-2.4733,0.8702,-0.2748,42.74,On Surface
21400,-0.0287,9.9575,1.4341,-2.2901,0.5802,0.0916,42.22,On Surface
21450,-0.0144,9.9144,1.4341,-2.1374,0.5344,-0.0916,42.51,On Surface
21500,-0.0575,9.8976,1.4605,-2.3206,0.6718,0.0305,42.13,On Surface
21550,-0.0144,9.9479,1.4653,-2.5344,0.5802,-0.0763,42.60,On Surface
21600,-0.0096,9.9096,1.4413,-2.3664,0.4122,-0.1832,42.51,On Surface
21650,-0.0120,9.9383,1.4150,-2.3206,0.6565,-0.2595,42.32,On Surface
21700,-0.0335,9.9288,1.3886,-2.4885,0.5344,-0.3359,42.41,On Surface
21750,-0.0263,9.8928,1.4581,-2.3817,0.5954,0.1069,42.32,On Surface
21800,-0.0024,9.9551,1.4437,-2.2443,0.5038,-0.1679,42.46,On Surface
21850,-0.0263,9.8976,1.4150,-2.6107,0.5496,-0.1221,42.22,On Surface
21900,-0.0263,9.9048,1.4317,-2.3206,0.2595,-0.2748,42.41,On Surface
21950,-0.0431,9.9120,1.4102,-2.4580,0.5344,-0.1069,42.41,On Surface
22000,-0.0383,9.9000,1.4533,-2.2443,0.4733,-0.2595,42.46,On Surface
22050,-0.0096,9.9096,1.4461,-2.3664,0.4122,-0.0611,42.27,On Surface
22100,-0.0503,9.9742,1.4341,-2.5191,0.5649,-0.1374,42.32,On Surface
22150,0.0048,9.9623,1.4581,-2.3511,0.6107,-0.1527,42.46,On Surface
22200,-0.0311,9.9240,1.3791,-2.0916,0.5649,-0.1527,42.51,On Surface
22250,-0.0215,9.9503,1.4533,-2.3359,0.6870,-0.2901,42.51,On Surface
22300,-0.0311,9.9168,1.4150,-2.2901,0.2901,0.1527,42.27,On Surface
22350,-0.0239,9.9359,1.4269,-2.6412,0.3511,-0.1679,42.51,On Surface
22400,-0.0215,9.9240,1.4293,-2.4427,0.6412,-0.2748,42.27,On Surface
22450,0.0048,9.9264,1.4892,-2.2137,0.3817,-0.3969,42.22,On Surface
22500,-0.0311,9.9623,1.4557,-2.3969,0.4733,-0.0611,42.46,On Surface
22550,-0.0431,9.9144,1.3623,-2.2748,0.5802,-0.2748,42.08,On Surface
22600,-0.0407,9.9144,1.4557,-2.3206,0.4733,-0.1221,42.46,On Surface
22650,-0.0527,9.9240,1.4533,-2.2901,0.4427,-0.1679,42.46,On Surface
22700,-0.0168,9.9096,1.4413,-2.1832,0.3664,-0.3206,42.27,On Surface
22750,0.0000,9.9000,1.4605,-2.3206,0.2748,0.0000,42.65,On Surface
22800,-0.0455,9.9000,1.4988,-2.4427,0.6107,-0.1221,42.51,On Surface
22850,-0.0192,9.9168,1.4844,-2.3359,0.5802,0.0611,42.51,On Surface
22900,-0.0527,9.9311,1.4653,-2.5649,0.3969,0.0458,42.46,On Surface
22950,-0.0359,9.9671,1.4533,-2.4733,0.0763,-0.1679,42.46,On Surface
23000,-0.0239,9.9048,1.4222,-2.5954,0.5496,-0.2443,42.60,On Surface
23050,-0.0766,9.9407,1.4317,-2.3206,0.7023,0.2290,42.41,On Surface
23100,0.0000,9.9431,1.4557,-2.0763,0.5191,-0.0458,42.32,On Surface
23150,-0.0120,9.8833,1.4629,-2.2748,0.2290,-0.3664,42.60,On Surface
23200,-0.0383,9.9120,1.3862,-2.1069,0.6260,0.0611,42.79,On Surface
23250,-0.0239,9.8952,1.4126,-2.4733,0.1832,-0.1374,42.46,On Surface
23300,-0.0239,9.8737,1.4820,-2.3206,0.3969,-0.3664,42.46,On Surface
23350,-0.0239,9.9431,1.4269,-2.1374,0.5496,-0.1527,42.46,On Surface
23400,-0.0431,9.9216,1.4437,-2.3664,0.5954,-0.1679,42.32,On Surface
23450,-0.0120,9.9431,1.4485,-2.1679,0.2137,-0.2290,42.27,On Surface
23500,-0.0192,9.9718,1.4557,-2.3359,0.3511,0.0763,42.32,On Surface
23550,-0.0575,9.9240,1.4868,-2.4580,0.2901,-0.0153,42.32,On Surface
23600,-0.0455,9.9168,1.4916,-2.7328,0.4580,-0.1221,42.46,On Surface
23650,0.0072,9.9192,1.4389,-2.1069,0.7634,0.0153,42.41,On Surface
23700,-0.0359,9.9503,1.3815,-2.2748,0.2748,-0.1679,42.60,On Surface
23750,-0.0239,9.9120,1.4820,-2.4733,0.3359,-0.1527,42.32,On Surface
23800,-0.0072,9.9240,1.4365,-2.1985,0.2595,0.1679,42.60,On Surface
23850,-0.0575,9.9455,1.4533,-2.5649,0.5038,-0.0458,42.27,On Surface
23900,0.0096,9.9072,1.4772,-2.4275,0.4885,-0.2290,42.41,On Surface
23950,0.0383,9.9216,1.4653,-2.3969,0.8244,-0.5802,42.74,On Surface
24000,-0.0120,9.9240,1.4605,-2.4275,0.2748,0.1374,42.32,On Surface
24050,0.0144,9.9335,1.4557,-2.3511,0.7481,-0.0458,42.41,On Surface
24100,0.0144,9.9407,1.5083,-2.3817,0.4427,0.0763,42.41,On Surface
24150,-0.0072,9.9407,1.3527,-2.4733,0.3053,-0.0458,42.27,On Surface
24200,-0.0096,9.9671,1.4245,-2.5038,0.4427,0.0916,42.32,On Surface
24250,-0.0168,9.9575,1.4796,-2.2443,0.4580,0.0458,42.46,On Surface
24300,-0.0479,9.9431,1.4341,-2.4733,0.3664,-0.4122,42.60,On Surface
24350,-0.0239,9.9431,1.4102,-2.0458,0.4427,-0.1679,42.32,On Surface
24400,-0.0311,9.9096,1.4461,-2.3511,0.5496,-0.2290,42.22,On Surface
24450,-0.0527,9.9311,1.4030,-2.1985,0.3359,-0.2443,42.22,On Surface
24500,-0.0287,9.9024,1.4413,-2.5649,0.3359,-0.0763,42.32,On Surface
24550,-0.0120,9.9264,1.4964,-2.3817,0.4885,-0.3664,42.46,On Surface
24600,-0.0239,9.9335,1.4102,-2.5038,0.3359,-0.1069,42.46,On Surface
24650,-0.0311,9.8761,1.4222,-2.4122,0.8092,-0.0458,42.60,On Surface
24700,0.0168,9.8809,1.3886,-2.6107,0.5954,-0.3969,42.60,On Surface
24750,0.0120,9.9790,1.4269,-2.4733,0.5649,-0.4580,42.46,On Surface
24800,-0.0192,9.9503,1.5036,-2.4427,0.5954,0.0611,42.46,On Surface
24850,-0.0575,9.9455,1.3527,-2.5954,0.4122,-0.0916,42.32,On Surface
24900,0.0000,9.9096,1.4341,-2.3206,0.5191,-0.1527,42.41,On Surface
24950,0.0000,9.9048,1.4772,-2.3817,0.6107,0.0763,42.41,On Surface
25000,0.0000,9.9000,1.4820,-2.1985,0.5191,-0.1527,42.22,On Surface
25050,-0.0168,9.9575,1.4437,-2.4580,0.4885,-0.1374,42.32,On Surface
25100,-0.0407,9.9359,1.4437,-2.4885,0.6565,-0.2595,42.27,On Surface
25150,-0.0335,9.9335,1.4293,-2.3053,0.3359,-0.3511,42.41,On Surface
25200,-0.0455,9.9120,1.4533,-2.4427,0.5802,-0.3664,42.27,On Surface
25250,0.0072,9.9144,1.4317,-2.6870,0.5344,-0.2137,42.46,On Surface
25300,-0.0168,9.9168,1.5083,-2.3206,0.5191,-0.1985,42.60,On Surface
25350,-0.0263,9.9144,1.4796,-2.3359,0.3206,-0.4580,42.41,On Surface
25400,-0.0024,9.9407,1.4557,-2.2443,0.6260,0.0763,42.60,On Surface
25450,-0.0287,9.9120,1.4916,-2.3511,0.3969,-0.1221,42.46,On Surface
25500,0.0168,9.9096,1.4796,-2.0916,0.1221,-0.0611,42.51,On Surface
25550,-0.0527,9.9359,1.4365,-2.2290,0.4275,-0.3053,42.27,On Surface
25600,-0.0431,9.9455,1.4269,-2.7023,0.3511,-0.0763,42.22,On Surface
25650,-0.0575,9.9288,1.4557,-2.3511,0.2748,-0.0305,42.51,On Surface
25700,-0.0120,9.9192,1.4653,-2.5191,0.1832,-0.2137,42.65,On Surface
25750,-0.0455,9.9048,1.3815,-2.4275,0.6870,-0.2595,42.41,On Surface
25800,-0.0622,9.8904,1.4389,-2.3206,0.9008,-0.2748,42.51,On Surface
25850,-0.0455,9.9383,1.4317,-2.1679,0.3511,-0.2290,42.41,On Surface
25900,-0.0287,9.9335,1.4461,-2.2748,0.6260,-0.2901,42.22,On Surface
25950,-0.0335,9.9192,1.4796,-2.1832,0.2748,-0.3053,42.41,On Surface
26000,-0.0359,9.9431,1.4509,-2.3053,0.2595,-0.1832,42.41,On Surface
26050,0.0120,9.8881,1.4509,-2.3053,0.3206,-0.0763,42.51,On Surface
26100,-0.0024,9.9479,1.4772,-2.2290,0.1985,0.0458,42.65,On Surface
26150,-0.0263,9.9575,1.4198,-2.1832,0.2443,-0.1985,42.46,On Surface
26200,-0.0287,9.9431,1.4174,-2.4427,0.5496,0.0153,42.51,On Surface
26250,-0.0192,9.9455,1.4126,-2.3511,0.5954,-0.1069,42.41,On Surface
26300,-0.0599,9.9431,1.3767,-2.1832,0.3053,-0.0153,42.32,On Surface
26350,-0.0503,9.9192,1.4581,-2.1679,0.3053,-0.1069,42.27,On Surface
26400,-0.0287,9.9311,1.4748,-2.1374,0.4733,-0.1527,42.32,On Surface
26450,0.0120,9.9455,1.4222,-2.4885,0.5496,0.0611,42.46,On Surface
26500,0.0048,9.8881,1.4940,-2.2137,0.2901,-0.1985,42.60,On Surface
26550,0.0215,9.9383,1.4772,-2.4580,0.3206,-0.0305,42.41,On Surface
26600,-0.0096,9.8881,1.3862,-2.5344,0.5496,0.1374,42.27,On Surface
26650,-0.0311,9.9407,1.4557,-2.3359,0.3053,-0.0916,42.65,On Surface
26700,-0.0239,9.9503,1.4222,-2.1374,0.4733,-0.0458,42.22,On Surface
26750,-0.0527,9.9288,1.4413,-2.5191,0.3359,-0.0611,42.08,On Surface
26800,-0.0072,9.9288,1.4317,-2.2595,0.3359,-0.0763,42.22,On Surface
26850,-0.0096,9.9383,1.4533,-2.3511,0.7481,-0.1985,42.41,On Surface
26900,-0.0072,9.9335,1.3838,-2.2443,0.1374,-0.3053,42.60,On Surface
26950,-0.0120,9.9240,1.4509,-2.2748,0.2443,0.0000,42.32,On Surface
27000,-0.0383,9.8904,1.4629,-2.1832,0.3359,-0.2290,42.46,On Surface
27050,-0.0263,9.9072,1.5227,-2.3511,0.3206,0.1832,42.46,On Surface
27100,-0.0168,9.9216,1.4844,-2.3053,0.3511,0.0611,42.41,On Surface
27150,-0.0407,9.9072,1.4437,-2.4275,0.3206,-0.0458,42.41,On Surface
27200,-0.0766,9.9048,1.4293,-2.1832,0.4275,-0.1069,42.46,On Surface
27250,-0.0311,9.9599,1.3527,-2.4427,0.6260,-0.2137,42.46,On Surface
27300,-0.0622,9.9311,1.3958,-2.5191,0.7786,-0.2290,42.51,On Surface
27350,-0.0048,9.9742,1.4724,-2.1527,0.4427,0.1985,42.51,On Surface
27400,-0.0215,9.9264,1.4126,-2.2595,0.3817,-0.1221,42.46,On Surface
27450,-0.0048,9.9383,1.4365,-2.2443,0.3664,-0.1527,42.41,On Surface
27500,0.0072,9.9072,1.4676,-2.3053,0.4122,-0.1832,42.41,On Surface
27550,0.0000,9.9311,1.4269,-2.6412,0.4885,-0.0458,42.60,On Surface
27600,0.0311,9.9096,1.4724,-2.4122,0.6107,-0.2137,42.32,On Surface
27650,0.0192,9.9264,1.4150,-2.5191,0.5649,-0.2901,42.32,On Surface
27700,-0.0575,9.9120,1.4461,-2.4580,0.3206,-0.2443,42.27,On Surface
27750,-0.0144,9.9168,1.3934,-2.3511,0.3359,-0.2137,42.46,On Surface
27800,-0.0407,9.9288,1.4222,-2.3053,0.5649,-0.1069,42.32,On Surface
27850,-0.0407,9.9216,1.4174,-2.3969,0.6260,-0.1832,42.27,On Surface
27900,-0.0144,9.8928,1.4605,-2.3817,0.3359,0.0611,42.22,On Surface
27950,-0.0407,9.9359,1.4293,-2.4427,0.3969,-0.1679,42.60,On Surface
28000,-0.0096,9.9335,1.4964,-2.4580,0.5496,0.0305,42.46,On Surface
28050,-0.0215,9.9048,1.4413,-2.1679,0.3053,-0.2748,42.27,On Surface
28100,0.0000,9.9000,1.4820,-2.4885,0.5038,-0.1069,42.32,On Surface
28150,-0.0263,9.9455,1.4581,-2.5038,0.5191,-0.3664,42.60,On Surface
28200,-0.0239,9.9168,1.3838,-2.6412,0.4122,-0.1527,42.74,On Surface
28250,-0.0096,9.9551,1.4964,-2.4427,0.4427,-0.0305,42.32,On Surface
28300,-0.0311,9.9335,1.3815,-2.5802,0.6412,-0.2595,42.65,On Surface
28350,-0.0407,9.9240,1.4222,-2.4733,0.6718,-0.1679,42.46,On Surface
28400,-0.0599,9.9168,1.4653,-2.2443,0.7634,-0.1527,42.41,On Surface
28450,-0.0048,9.9479,1.4317,-2.3664,0.2748,-0.2290,42.22,On Surface
28500,-0.0024,9.8976,1.3791,-2.3511,0.4733,-0.2137,42.13,On Surface
28550,-0.0072,9.8785,1.4509,-2.3817,0.3511,-0.1832,42.22,On Surface
28600,-0.0168,9.9192,1.4509,-2.3053,0.5038,-0.0916,42.32,On Surface
28650,-0.0168,9.9144,1.4629,-2.4733,0.6565,-0.1069,42.22,On Surface
28700,-0.0287,9.9120,1.4509,-2.3664,0.5191,-0.0763,42.60,On Surface
28750,-0.0096,9.9288,1.4198,-2.5191,0.5038,-0.0153,42.32,On Surface
28800,-0.0503,9.9168,1.4269,-2.5954,0.3817,-0.0458,42.46,On Surface
28850,-0.0527,9.9359,1.4150,-2.5649,0.5649,-0.0458,42.51,On Surface
28900,-0.0527,9.9000,1.3982,-2.2901,0.1985,-0.4275,42.46,On Surface
28950,-0.0024,9.9240,1.4341,-2.2290,0.5038,-0.1527,42.65,On Surface
29000,-0.0622,9.9335,1.4269,-2.6718,0.6260,-0.3664,42.08,On Surface
29050,-0.0503,9.9288,1.4006,-2.3206,0.6565,-0.1985,42.51,On Surface
29100,-0.0455,9.9288,1.4533,-2.3664,0.6412,-0.1221,42.46,On Surface
29150,-0.0287,9.9599,1.4341,-2.3969,0.7023,-0.1985,42.60,On Surface
29200,-0.0144,9.9000,1.5012,-2.3817,0.1832,0.1832,42.32,On Surface
29250,-0.0287,9.9192,1.4174,-2.5038,0.6107,-0.3206,42.32,On Surface
29300,-0.0359,9.9503,1.4653,-2.2443,0.7023,-0.0458,42.60,On Surface
29350,-0.0263,9.9407,1.4245,-2.3969,0.5954,0.1069,42.51,On Surface
29400,-0.0192,9.9742,1.4892,-2.3053,0.5191,-0.1985,42.22,On Surface
29450,-0.0311,9.9168,1.4317,-2.2443,0.7023,-0.2901,42.65,On Surface
29500,-0.0072,9.9192,1.4629,-2.5344,0.2443,-0.1069,42.46,On Surface
29550,-0.0646,9.9790,1.4844,-2.3969,0.3053,-0.2290,42.60,On Surface
29600,-0.0431,9.9096,1.4700,-2.3664,0.5496,-0.0763,42.41,On Surface
29650,-0.0263,9.9168,1.4748,-2.3664,0.1985,-0.0611,42.32,On Surface
29700,-0.0263,9.9024,1.4820,-2.3206,0.5954,0.1527,42.46,On Surface
29750,-0.0503,9.8952,1.5227,-2.4733,0.3053,0.0458,42.27,On Surface
29800,-0.0431,9.9240,1.4940,-2.4122,0.4275,-0.0916,42.65,On Surface
29850,-0.0287,9.9431,1.4772,-2.4580,0.3206,-0.1069,42.51,On Surface
29900,-0.0790,9.9288,1.4341,-2.1679,0.6718,-0.3664,42.41,On Surface
29950,-0.0407,9.9407,1.4341,-2.2748,0.3817,-0.0458,42.32,On Surface
30000,-0.0287,9.9144,1.4461,-1.9084,0.3969,-0.2290,42.41,On Surface
30050,0.0048,9.9048,1.4653,-2.1527,0.5038,0.0458,42.41,On Surface
30100,-0.0120,9.9096,1.4317,-2.4275,0.5191,-0.1985,42.60,On Surface
30150,-0.0551,9.9335,1.4461,-2.3206,0.4275,-0.0763,42.51,On Surface
30200,-0.0096,9.9048,1.4629,-2.3664,0.5344,-0.0916,42.65,On Surface
30250,-0.0120,9.9527,1.4724,-2.3969,0.3511,-0.2443,42.41,On Surface
30300,0.0000,9.9311,1.4389,-2.4580,0.5802,-0.1221,42.51,On Surface
30350,-0.0551,9.9407,1.4317,-2.3969,0.4275,-0.0458,42.27,On Surface
30400,-0.0503,9.9311,1.3886,-2.3664,0.1679,-0.0305,42.51,On Surface
30450,-0.0455,9.9527,1.4174,-2.3817,0.5038,-0.2443,42.27,On Surface
30500,-0.0239,9.9359,1.4533,-2.3969,0.6260,-0.2137,42.32,On Surface
30550,-0.0455,9.9096,1.4365,-2.3511,0.4122,-0.3053,42.27,On Surface
30600,-0.0168,9.8904,1.4605,-2.1374,0.5802,-0.0611,42.60,On Surface
30650,0.0311,9.9144,1.4940,-2.3664,0.4885,0.0611,42.60,On Surface
30700,-0.0407,9.9096,1.4653,-2.1985,0.1679,-0.0458,42.41,On Surface
30750,0.0072,9.9359,1.4389,-2.2137,0.1374,-0.2290,42.46,On Surface
30800,-0.0455,9.9288,1.4557,-2.5954,0.2290,-0.3969,42.60,On Surface
30850,0.0000,9.9311,1.4605,-2.4427,0.5954,-0.1985,42.46,On Surface
30900,-0.0335,9.9264,1.4629,-2.2290,0.6412,-0.2748,42.51,On Surface
30950,-0.0215,9.9383,1.4485,-2.4733,0.6260,-0.3206,42.60,On Surface
31000,-0.0168,9.9742,1.4485,-2.4733,0.5649,-0.1527,42.51,On Surface
31050,-0.0239,9.9072,1.4413,-2.4275,0.5954,0.1679,42.60,On Surface
31100,-0.0144,9.9096,1.5083,-2.2290,0.3817,-0.1221,42.60,On Surface
31150,0.0024,9.9096,1.4222,-2.2748,0.5038,-0.0763,42.60,On Surface
31200,-0.0072,9.9024,1.4748,-2.5038,0.3969,-0.1679,42.60,On Surface
31250,-0.0407,9.9096,1.4461,-2.4122,0.6565,-0.1832,42.65,On Surface
31300,-0.0311,9.9120,1.4006,-2.4580,0.4733,-0.1679,42.60,On Surface
31350,0.0192,9.9311,1.4629,-2.4275,0.5802,-0.2748,42.27,On Surface
31400,-0.0168,9.9311,1.4030,-2.4885,0.4885,-0.3969,42.51,On Surface
31450,-0.0239,9.9288,1.4581,-2.1832,0.5496,-0.1374,42.27,On Surface
31500,-0.0072,9.9335,1.4150,-2.4122,0.6870,-0.1374,42.51,On Surface
31550,-0.0072,9.9120,1.3982,-2.4580,0.4122,-0.0916,41.99,On Surface
31600,-0.0072,9.9072,1.5036,-2.1679,0.4122,-0.1985,42.46,On Surface
31650,0.0479,9.8976,1.3910,-2.3053,0.7328,-0.1374,42.51,On Surface
31700,0.0120,9.8785,1.4341,-2.3206,0.5344,-0.2748,42.65,On Surface
31750,0.0144,9.9431,1.4509,-2.3969,0.5802,-0.1985,42.22,On Surface
31800,-0.0335,9.9407,1.4269,-2.3817,0.5649,-0.1374,42.60,On Surface
31850,0.0096,9.9240,1.3719,-2.4427,0.4122,-0.1679,42.27,On Surface
31900,-0.0311,9.9240,1.3958,-2.4733,0.3664,0.0458,42.46,On Surface
31950,-0.0263,9.9383,1.4437,-2.5954,0.3206,-0.0458,42.46,On Surface
32000,-0.0096,9.9551,1.3743,-2.2748,0.4427,-0.0916,42.41,On Surface
32050,-0.0263,9.9431,1.4245,-2.6260,0.5954,-0.0916,42.46,On Surface
32100,-0.0359,9.9288,1.3455,-2.0611,0.4275,0.1985,42.32,On Surface
32150,-0.0359,9.9455,1.5060,-2.4122,0.5038,-0.3969,42.60,On Surface
32200,0.0263,9.9192,1.4437,-2.3969,0.6260,-0.1832,42.32,On Surface
32250,0.0120,9.9192,1.4389,-2.3511,0.4122,0.0611,42.60,On Surface
32300,-0.0527,9.9407,1.4844,-2.5496,0.5191,-0.1069,42.27,On Surface
32350,-0.0215,9.9096,1.4102,-2.5038,0.2901,-0.1985,42.41,On Surface
32400,0.0168,9.8761,1.3934,-2.3206,0.3817,-0.0916,42.51,On Surface
32450,-0.0335,9.9623,1.3934,-2.3664,0.4885,-0.0763,42.60,On Surface
32500,-0.0215,9.9311,1.3838,-2.5649,0.4580,-0.1832,42.22,On Surface
32550,-0.0551,9.9072,1.4485,-2.3359,0.5954,0.0611,42.41,On Surface
32600,-0.0503,9.9264,1.4006,-2.4275,0.5038,0.0916,42.51,On Surface
32650,-0.0168,9.9072,1.3886,-2.3206,0.3969,-0.2748,42.41,On Surface
32700,-0.0383,9.8904,1.4844,-2.3817,0.3664,-0.3206,42.51,On Surface
32750,0.0096,9.9431,1.3886,-2.3664,0.2595,-0.0916,42.41,On Surface
32800,-0.0287,9.9096,1.4485,-2.5191,0.3969,0.0611,42.65,On Surface
32850,-0.0479,9.8976,1.4174,-2.4580,0.3664,-0.0763,42.41,On Surface
32900,-0.0527,9.9575,1.4150,-2.2748,0.5191,-0.1069,42.51,On Surface
32950,-0.0311,9.9551,1.4748,-2.5496,0.1832,0.0153,42.60,On Surface
33000,-0.0431,9.9048,1.3886,-2.3359,0.4580,-0.1374,42.60,On Surface
33050,-0.0335,9.9240,1.4461,-2.2901,0.7786,-0.1527,42.65,On Surface
33100,-0.0287,9.9599,1.4676,-2.2290,0.8855,-0.1069,42.51,On Surface
33150,0.0048,9.9096,1.4772,-2.4122,0.3969,0.0153,42.46,On Surface
33200,-0.0072,9.9096,1.4724,-2.5496,0.3664,-0.1985,42.46,On Surface
33250,-0.0503,9.8809,1.4916,-2.1985,0.4580,-0.0153,42.27,On Surface
33300,-0.0215,9.9335,1.4509,-2.3053,0.2595,-0.2290,42.51,On Surface
33350,-0.0575,9.9240,1.4509,-2.1679,0.4122,-0.1832,42.41,On Surface
33400,-0.0670,9.9479,1.3479,-2.4885,0.4122,-0.1985,42.60,On Surface
33450,-0.0694,9.9240,1.3982,-2.1069,0.7786,-0.0763,42.32,On Surface
33500,-0.0024,9.9264,1.4030,-2.6718,0.3817,-0.1527,42.60,On Surface
33550,-0.0694,9.9766,1.5060,-2.2595,0.6107,-0.0458,42.74,On Surface
33600,-0.0359,9.9168,1.4509,-2.2137,0.3817,-0.0458,42.60,On Surface
33650,-0.0048,9.9216,1.4341,-2.3359,0.6260,-0.1069,42.65,On Surface
33700,0.0072,9.9288,1.4892,-2.0763,0.5344,-0.2137,42.41,On Surface
33750,-0.0575,9.9288,1.4317,-2.2901,0.3511,0.1221,42.41,On Surface
33800,-0.0120,9.9551,1.4988,-2.5802,0.5496,-0.1679,42.60,On Surface
33850,-0.0311,9.9288,1.4605,-2.3359,0.3206,-0.3053,42.51,On Surface
33900,-0.0192,9.9311,1.4413,-2.3969,0.4122,-0.0153,42.65,On Surface
33950,-0.0311,9.9407,1.4341,-2.3664,0.5649,0.1374,42.22,On Surface
34000,0.0024,9.9407,1.4174,-2.3817,0.3817,-0.0458,42.32,On Surface
34050,0.0048,9.9216,1.4605,-2.3206,0.4733,-0.0611,41.99,On Surface
34100,-0.0527,9.9192,1.4892,-2.3359,0.6260,-0.1069,42.46,On Surface
34150,-0.0599,9.8928,1.4126,-2.2748,0.6870,-0.0305,42.74,On Surface
34200,-0.0431,9.9168,1.4700,-2.3053,0.3969,-0.0153,42.65,On Surface
34250,-0.0503,9.9096,1.4796,-2.4427,0.5038,-0.0153,42.60,On Surface
34300,0.0048,9.9000,1.4892,-2.2748,0.5649,-0.0305,42.60,On Surface
34350,0.0000,9.9407,1.4700,-2.7939,0.4885,-0.3359,42.46,On Surface
34400,-0.0527,9.9671,1.4844,-2.5496,0.3053,-0.1069,42.27,On Surface
34450,-0.0335,9.9455,1.4868,-2.2748,0.5344,-0.0153,42.51,On Surface
34500,-0.0072,9.9383,1.4916,-2.4733,0.7176,-0.2137,42.60,On Surface
34550,-0.0120,9.9288,1.4198,-2.2901,0.7176,-0.0763,42.74,On Surface
34600,-0.0503,9.9240,1.4557,-2.3969,0.5954,-0.1527,42.41,On Surface
34650,-0.0359,9.9168,1.3862,-2.1221,0.6107,-0.2595,42.46,On Surface
34700,-0.0575,9.9503,1.4724,-2.3817,0.3359,-0.1679,42.32,On Surface
34750,-0.0144,9.8928,1.4269,-2.1832,0.5344,-0.1069,42.22,On Surface
34800,-0.0622,9.9455,1.4269,-2.3511,0.6260,-0.0458,42.32,On Surface
34850,0.0144,9.9240,1.4485,-2.6412,0.3817,-0.2290,42.41,On Surface
34900,-0.0192,9.8952,1.3743,-2.5649,0.5344,-0.2443,42.13,On Surface
34950,-0.0144,9.9455,1.4030,-2.4885,0.6412,-0.2443,42.46,On Surface
35000,-0.0335,9.9072,1.4222,-2.4733,0.7481,-0.0763,42.32,On Surface
35050,-0.0096,9.9431,1.4365,-2.6718,0.5649,-0.1527,42.51,On Surface
35100,-0.0431,9.9503,1.4198,-2.3664,0.5191,-0.2595,42.46,On Surface
35150,0.0096,9.9048,1.4413,-2.4885,0.2901,-0.0458,42.41,On Surface
35200,0.0024,9.9192,1.4653,-2.2443,0.6107,-0.0916,42.60,On Surface
35250,0.0000,9.9144,1.4844,-2.5344,0.6870,-0.1527,42.65,On Surface
35300,-0.0359,9.9335,1.4293,-2.3359,0.5802,-0.0305,42.32,On Surface
35350,-0.0048,9.9144,1.4245,-2.6107,0.4733,-0.0763,42.22,On Surface
35400,0.0024,9.9551,1.4653,-2.3969,0.4122,-0.1679,42.60,On Surface
35450,-0.0455,9.9455,1.4365,-2.3053,0.6870,-0.2290,42.46,On Surface
35500,-0.0311,9.9192,1.3958,-2.6565,0.5802,-0.2137,42.41,On Surface
35550,-0.0239,9.8976,1.4748,-2.5649,0.4122,-0.2137,42.65,On Surface
35600,-0.0287,9.9503,1.4533,-2.3206,0.3664,-0.1679,42.46,On Surface
35650,-0.0192,9.9335,1.4653,-2.1527,0.3206,-0.1374,42.22,On Surface
35700,-0.0072,9.8617,1.4341,-2.4885,0.1221,-0.1069,42.27,On Surface
35750,-0.0239,9.9623,1.3958,-2.3511,0.5191,0.1527,42.51,On Surface
35800,-0.0311,9.9216,1.4844,-2.4275,0.4580,0.0763,42.32,On Surface
35850,-0.0048,9.9264,1.4796,-2.3664,0.6260,-0.2901,42.46,On Surface
35900,-0.0072,9.9359,1.4222,-2.5191,0.4580,-0.0763,42.51,On Surface
35950,0.0168,9.9024,1.4700,-2.2901,0.5649,-0.1985,42.32,On Surface
36000,-0.0503,9.9168,1.4581,-2.5038,0.3359,-0.3053,42.46,On Surface
36050,-0.0335,9.8904,1.4724,-2.3206,0.3053,-0.4275,42.60,On Surface
36100,-0.0120,9.9335,1.4341,-2.4885,0.3206,-0.0153,42.22,On Surface
36150,-0.0048,9.9311,1.4054,-2.5496,0.5802,-0.1679,42.60,On Surface
36200,-0.0383,9.8904,1.4293,-2.2443,0.4122,-0.0916,42.65,On Surface
36250,-0.0359,9.8928,1.4629,-2.4580,0.5649,-0.1374,42.51,On Surface
36300,0.0239,9.9431,1.3527,-2.3664,0.6412,-0.3053,42.41,On Surface
36350,-0.0431,9.9503,1.4174,-2.3053,0.3053,-0.0611,42.41,On Surface
36400,-0.0192,9.9671,1.4509,-2.3511,0.4122,-0.1069,42.27,On Surface
36450,-0.0646,9.9048,1.4772,-2.4733,0.4885,0.0611,42.27,On Surface
36500,-0.0239,9.9192,1.4126,-2.2290,0.4275,0.1374,42.46,On Surface
36550,-0.0096,9.8976,1.4748,-2.0153,0.4275,-0.2901,42.51,On Surface
36600,-0.0168,9.9144,1.4820,-2.4580,0.7939,-0.1832,42.41,On Surface
36650,0.0000,9.9311,1.4868,-2.2748,0.2290,0.0000,42.65,On Surface
36700,-0.0670,9.9240,1.4317,-2.1679,0.3053,-0.1985,42.46,On Surface
36750,-0.0383,9.9288,1.4269,-2.3206,0.3664,-0.2137,42.65,On Surface
36800,-0.0407,9.9335,1.3958,-2.4885,0.6412,-0.2290,42.74,On Surface
36850,-0.0431,9.9455,1.4054,-2.4275,0.6718,-0.1985,42.65,On Surface
36900,-0.0144,9.9335,1.4940,-2.2443,0.3053,-0.1221,42.60,On Surface
36950,-0.0144,9.9359,1.4820,-2.4580,0.5344,-0.2290,42.79,On Surface
37000,-0.0575,9.9479,1.4245,-2.0458,0.4427,-0.2595,42.65,On Surface
37050,-0.0239,9.9072,1.4078,-2.4275,0.3359,-0.1069,42.51,On Surface
37100,0.0048,9.9335,1.4748,-2.3053,0.5802,0.1374,42.32,On Surface
37150,-0.0120,9.9072,1.4461,-2.3664,0.3511,0.1374,42.60,On Surface
37200,-0.0144,9.9240,1.4700,-2.3511,0.4580,-0.1832,42.46,On Surface
37250,-0.0072,9.8952,1.4198,-2.6870,0.3359,-0.2748,42.51,On Surface
37300,-0.0479,9.9431,1.4341,-2.4733,0.3817,-0.0916,42.60,On Surface
37350,-0.0622,9.9359,1.4365,-2.6260,0.6718,-0.4122,42.41,On Surface
37400,0.0048,9.9311,1.4341,-2.3664,0.3206,-0.0611,42.32,On Surface
37450,-0.0120,9.9431,1.4317,-2.3817,0.3053,0.1527,42.32,On Surface
37500,-0.0144,9.9479,1.4174,-2.0000,0.1985,-0.2748,42.65,On Surface
37550,-0.0120,9.9120,1.4317,-2.3359,0.5344,-0.1374,42.60,On Surface
37600,-0.0096,9.9311,1.4198,-2.0916,0.5496,-0.0458,42.22,On Surface
37650,-0.0335,9.9359,1.5036,-2.1985,0.3969,-0.1679,42.32,On Surface
37700,-0.0407,9.9599,1.4293,-2.6260,0.1374,-0.0458,42.32,On Surface
37750,0.0072,9.9048,1.3815,-2.3359,0.4885,-0.0916,42.32,On Surface
37800,-0.0263,9.9216,1.4485,-2.2137,0.3511,-0.1374,42.41,On Surface
37850,-0.0407,9.9335,1.4078,-2.4427,0.6260,-0.2443,42.32,On Surface
37900,0.0024,9.9264,1.4533,-2.5344,0.5344,-0.1985,42.51,On Surface
37950,-0.0096,9.8904,1.4724,-2.1832,0.6412,-0.0611,42.46,On Surface
38000,-0.0144,9.9455,1.4269,-2.4275,0.4885,-0.0153,42.60,On Surface
38050,-0.0168,9.9216,1.3838,-2.4885,0.5496,-0.2748,42.51,On Surface
38100,-0.0479,9.9240,1.4437,-2.5191,0.4122,-0.1069,42.65,On Surface
38150,-0.0359,9.9192,1.4437,-2.3817,0.6565,-0.3053,42.60,On Surface
38200,-0.0455,9.8809,1.4126,-2.3053,0.6870,-0.2137,42.60,On Surface
38250,-0.0263,9.9168,1.4054,-2.6870,0.1832,-0.2595,42.46,On Surface
38300,-0.0120,9.9647,1.4653,-2.3053,0.5954,-0.0763,42.51,On Surface
38350,-0.0239,9.9264,1.4605,-2.5496,0.3664,-0.1221,42.51,On Surface
38400,-0.0646,9.9335,1.4653,-2.3511,0.5496,-0.1527,42.60,On Surface
38450,-0.0192,9.9072,1.4030,-2.3053,0.5344,-0.5191,42.46,On Surface
38500,-0.0311,9.9335,1.4245,-2.3511,0.2901,-0.2137,42.74,On Surface
38550,0.0000,9.9527,1.4485,-2.7176,0.5344,-0.1069,42.84,On Surface
38600,-0.0455,9.9264,1.4557,-2.6107,0.3664,-0.0763,42.60,On Surface
38650,-0.0215,9.9288,1.4676,-2.7023,0.5954,-0.3206,42.32,On Surface
38700,-0.0311,9.9168,1.4413,-2.6107,0.4122,-0.2290,42.60,On Surface
38750,-0.0455,9.9288,1.4030,-2.5649,0.6107,-0.2290,42.32,On Surface
38800,-0.0383,9.9455,1.3791,-2.4885,0.5191,-0.1221,42.65,On Surface
38850,-0.0168,9.9311,1.4102,-2.4427,0.5649,-0.2137,42.74,On Surface
38900,-0.0263,9.9192,1.4557,-2.3206,0.3817,-0.3053,42.60,On Surface
38950,-0.0431,9.8952,1.4437,-2.2595,0.5802,-0.0611,42.46,On Surface
39000,-0.0144,9.9144,1.4676,-2.3664,0.6565,-0.1985,42.46,On Surface
39050,-0.0383,9.8857,1.4676,-2.3053,0.3359,-0.0153,42.60,On Surface
39100,-0.0215,9.8569,1.4030,-2.3206,0.4885,-0.1221,42.51,On Surface
39150,-0.0239,9.8617,1.4892,-2.3053,0.3817,-0.0458,41.99,On Surface
39200,-0.0168,9.8809,1.4772,-2.5038,0.3664,-0.2443,42.51,On Surface
39250,0.0192,9.8713,1.4365,-2.5954,0.5649,0.0000,42.32,On Surface
39300,0.0096,9.9288,1.3862,-2.3817,0.5191,-0.3664,42.74,On Surface
39350,-0.0215,9.9695,1.4964,-2.3359,0.6870,-0.1679,42.46,On Surface
39400,-0.0192,9.9455,1.4389,-2.3511,0.1221,-0.1985,42.27,On Surface
39450,-0.0503,9.9144,1.4150,-2.4275,0.4885,-0.0916,42.46,On Surface
39500,-0.0599,9.9455,1.4581,-2.3969,0.6870,-0.2443,42.41,On Surface
39550,-0.0215,9.9455,1.4700,-2.4885,0.6412,-0.4275,42.32,On Surface
39600,-0.0024,9.9407,1.4557,-2.3511,0.3664,-0.0763,42.65,On Surface
39650,-0.0479,9.9120,1.3958,-2.5954,0.7176,0.1985,42.60,On Surface
39700,-0.0168,9.9000,1.4988,-2.2595,0.3817,-0.1069,42.46,On Surface
39750,0.0048,9.9288,1.4485,-2.6107,0.2901,-0.2137,42.41,On Surface
39800,-0.0407,9.9096,1.5275,-2.5344,0.4427,0.0153,42.60,On Surface
39850,0.0000,9.9527,1.4078,-2.1527,0.2595,-0.1527,42.41,On Surface
39900,-0.0455,9.9503,1.4772,-2.3206,0.8397,-0.0763,42.46,On Surface
39950,-0.0263,9.9288,1.3719,-2.4275,0.6107,-0.4122,42.74,On Surface
40000,-0.0455,9.8976,1.4461,-2.3053,0.7939,-0.1527,42.60,On Surface
40050,-0.0527,9.9527,1.4772,-2.0153,0.3817,-0.2137,42.22,On Surface
40100,-0.0239,9.9288,1.5131,-1.9695,0.6870,-0.4275,42.32,On Surface
40150,-0.0311,9.9144,1.4365,-2.5649,0.5191,-0.0611,42.51,On Surface
40200,-0.0192,9.9359,1.4892,-2.1374,0.4122,0.0916,42.51,On Surface
40250,-0.0215,9.9168,1.4389,-2.5649,0.3359,-0.0763,42.32,On Surface
40300,-0.0622,9.9072,1.3743,-2.3664,0.3664,-0.0305,42.32,On Surface
40350,-0.0120,9.8904,1.4341,-2.2901,0.5496,-0.1527,42.51,On Surface
40400,-0.0646,9.9335,1.3934,-2.6718,0.5191,0.0000,42.46,On Surface
40450,-0.0742,9.9575,1.4341,-2.3053,0.3359,-0.2595,42.74,On Surface
40500,-0.0766,9.8952,1.4413,-2.0611,0.2290,-0.1985,42.60,On Surface
40550,-0.0311,9.9766,1.4174,-2.2748,0.3664,0.0611,42.41,On Surface
40600,-0.0263,9.9264,1.4389,-2.2595,0.6107,-0.0153,42.46,On Surface
40650,-0.0215,9.9216,1.4365,-2.2595,0.5344,-0.1374,42.46,On Surface
40700,-0.0359,9.9072,1.4389,-2.4885,0.6870,-0.1527,42.65,On Surface
40750,-0.0048,9.9264,1.4341,-2.3206,0.2595,-0.0916,42.60,On Surface
40800,-0.0168,9.9264,1.3934,-2.2595,0.2748,-0.0458,42.51,On Surface
40850,-0.0168,9.9264,1.3934,-2.5038,0.5344,-0.0611,42.60,On Surface
40900,-0.0359,9.8928,1.3838,-2.1221,0.3817,-0.1069,42.51,On Surface
40950,-0.0503,9.9311,1.3838,-2.3359,0.5038,-0.0153,42.65,On Surface
41000,-0.0072,9.9407,1.4006,-2.2290,0.6260,-0.0916,42.79,On Surface
41050,-0.0407,9.9264,1.4653,-2.3511,0.2901,-0.0916,42.27,On Surface
41100,-0.0503,9.9264,1.4533,-2.3359,0.4122,-0.0763,42.27,On Surface
41150,-0.0263,9.9240,1.4724,-2.2443,0.4427,0.2137,42.60,On Surface
41200,0.0192,9.9311,1.4868,-2.3206,0.5954,0.2595,42.51,On Surface
41250,0.0000,9.9048,1.4389,-2.3969,0.3359,-0.2137,42.22,On Surface
41300,-0.0287,9.9335,1.4724,-2.1527,0.5649,-0.3206,42.41,On Surface
41350,0.0192,9.9407,1.4533,-2.2595,0.6412,-0.0916,42.60,On Surface
41400,-0.0239,9.9072,1.4605,-2.3969,0.7023,-0.3206,42.74,On Surface
41450,-0.0096,9.9407,1.3886,-2.2901,0.5649,-0.1374,42.79,On Surface
41500,-0.0215,9.9479,1.4772,-2.3511,0.5191,-0.1527,42.32,On Surface
41550,-0.0407,9.9096,1.4796,-2.5496,0.5038,-0.1679,42.41,On Surface
41600,-0.0168,9.9192,1.4365,-2.2901,0.2748,-0.0916,42.93,On Surface
41650,-0.0263,9.9144,1.3982,-2.5191,0.3359,-0.1527,42.41,On Surface
41700,-0.0239,9.9120,1.4245,-2.4580,0.6107,-0.2901,42.65,On Surface
41750,0.0192,9.9072,1.4700,-2.3511,0.5191,-0.3053,42.60,On Surface
41800,-0.0168,9.8761,1.4844,-2.4427,0.5191,-0.0153,42.51,On Surface
41850,-0.0311,9.9144,1.4916,-2.3969,0.4733,-0.4275,42.60,On Surface
41900,-0.0311,9.9168,1.3982,-2.2443,0.3359,-0.0305,42.60,On Surface
41950,-0.0503,9.8928,1.3958,-2.1679,0.5038,-0.0763,42.46,On Surface
42000,-0.0383,9.9311,1.3910,-2.3511,0.4885,-0.2595,42.60,On Surface
42050,-0.0072,9.9359,1.4054,-2.1527,0.5038,-0.2443,42.60,On Surface
42100,-0.0072,9.9359,1.3886,-2.2595,0.6718,-0.3664,42.51,On Surface
42150,-0.0479,9.9168,1.4700,-2.3511,0.4885,0.0305,42.79,On Surface
42200,-0.0479,9.8833,1.4269,-2.2443,0.3664,-0.1985,42.46,On Surface
42250,0.0000,9.9216,1.4724,-2.2290,0.6412,-0.1221,42.22,On Surface
42300,-0.0144,9.8785,1.4485,-2.6260,0.6718,-0.3969,42.74,On Surface
42350,-0.0096,9.9168,1.4964,-2.3817,0.5954,-0.1679,42.60,On Surface
42400,-0.0192,9.9096,1.4581,-2.2595,0.5191,0.0763,42.27,On Surface
42450,-0.0766,9.9335,1.4078,-2.4275,0.6260,0.0153,42.51,On Surface
42500,-0.0192,9.9264,1.4222,-2.2443,0.6107,-0.3664,42.65,On Surface
42550,-0.0479,9.9288,1.4389,-2.6107,0.5802,-0.3206,42.46,On Surface
42600,-0.0527,9.9096,1.3958,-2.0763,0.4733,-0.0916,42.51,On Surface
42650,-0.0215,9.9168,1.3719,-2.3053,0.3817,-0.0916,42.41,On Surface
42700,-0.0239,9.9216,1.4126,-2.3359,0.5649,-0.0153,42.46,On Surface
42750,-0.0335,9.8713,1.4653,-2.3664,0.5802,-0.0153,42.51,On Surface
42800,-0.0383,9.9359,1.4437,-2.4275,0.5954,-0.2137,42.46,On Surface
42850,-0.0311,9.9144,1.4389,-2.4427,0.4580,-0.3359,42.46,On Surface
42900,-0.0742,9.9024,1.4341,-2.3053,0.3664,-0.0458,42.65,On Surface
42950,-0.0431,9.9335,1.4293,-2.1527,0.4733,-0.2290,42.65,On Surface
43000,-0.0479,9.9288,1.4269,-2.4275,0.4580,-0.1374,42.60,On Surface
43050,-0.0335,9.9240,1.4724,-2.3053,0.4885,-0.0916,42.60,On Surface
43100,-0.0287,9.9240,1.4509,-2.3359,0.3817,-0.0916,42.46,On Surface
43150,-0.0215,9.9048,1.4198,-2.1985,0.1679,-0.4427,42.60,On Surface
43200,-0.0431,9.9479,1.4461,-2.3206,0.5496,-0.1985,42.60,On Surface
43250,-0.0287,9.9144,1.4629,-2.2595,0.2748,-0.2748,42.65,On Surface
43300,0.0000,9.9647,1.4437,-2.3206,0.3206,0.0458,42.60,On Surface
43350,-0.0263,9.9120,1.3862,-2.5649,0.3511,-0.0611,42.22,On Surface
43400,0.0024,9.9024,1.4509,-2.3664,0.3053,-0.2443,42.74,On Surface
43450,-0.0599,9.9599,1.4341,-2.4885,0.5954,-0.3206,42.41,On Surface
43500,-0.0431,9.9479,1.4006,-2.1985,0.3817,-0.0458,42.32,On Surface
43550,-0.0431,9.9192,1.3838,-2.2443,0.4275,-0.2443,42.65,On Surface
43600,-0.0311,9.9335,1.4389,-2.3817,0.6718,-0.2290,42.27,On Surface
43650,0.0072,9.8881,1.4557,-1.9389,0.6565,-0.1527,42.32,On Surface
43700,-0.0096,9.9000,1.4844,-2.2290,0.5649,0.0000,42.51,On Surface
43750,-0.0287,9.9120,1.4126,-2.3664,0.3359,0.0305,42.65,On Surface
43800,0.0287,9.9431,1.4245,-2.4427,0.2595,-0.0458,42.60,On Surface
43850,-0.0048,9.9359,1.4676,-2.3817,0.5649,0.0305,42.79,On Surface
43900,-0.0359,9.9742,1.4174,-2.4427,0.4427,-0.3359,42.41,On Surface
43950,-0.0168,9.9479,1.3910,-2.1832,0.4580,-0.1832,42.46,On Surface
44000,-0.0192,9.9144,1.4293,-2.5649,0.4427,-0.3664,42.60,On Surface
44050,-0.0239,9.9335,1.4820,-2.1527,0.7176,-0.0611,42.60,On Surface
44100,-0.0383,9.9120,1.4605,-2.2595,0.5191,-0.0611,42.32,On Surface
44150,-0.0072,9.9144,1.4485,-2.2595,0.2748,-0.2595,42.51,On Surface
44200,0.0000,9.9048,1.4126,-2.4580,0.2443,-0.1527,42.41,On Surface
44250,-0.0407,9.9551,1.4557,-2.3359,0.5649,-0.1069,42.65,On Surface
44300,-0.0527,9.9335,1.4916,-2.2901,0.6718,-0.0305,42.46,On Surface
44350,-0.0072,9.9335,1.4748,-2.5038,0.7023,-0.0305,42.32,On Surface
44400,-0.0479,9.8785,1.4269,-2.3969,0.2901,-0.3053,42.51,On Surface
44450,-0.0192,9.9455,1.4820,-2.4885,0.5038,-0.1527,42.60,On Surface
44500,-0.0455,9.9647,1.4174,-2.4122,0.4885,-0.2137,42.51,On Surface
44550,-0.0742,9.9192,1.4437,-2.1679,0.5344,-0.1985,42.32,On Surface
44600,-0.0215,9.9168,1.4293,-2.5038,0.4580,-0.3817,42.32,On Surface
44650,0.0000,9.9383,1.4724,-2.4275,0.4275,-0.3817,42.41,On Surface
44700,0.0072,9.9000,1.4916,-2.4580,0.2901,-0.2290,42.65,On Surface
44750,-0.0239,9.9216,1.4581,-2.4733,0.7176,0.1069,42.22,On Surface
44800,-0.0287,9.9288,1.3910,-2.6107,0.2901,-0.1527,42.46,On Surface
44850,0.0096,9.8928,1.4557,-2.5038,0.7176,-0.2443,42.46,On Surface
44900,-0.0215,9.9503,1.3862,-2.4275,0.1832,-0.2748,42.65,On Surface
44950,-0.0096,9.9479,1.3743,-2.6412,0.6718,-0.1374,42.60,On Surface
45000,0.0048,9.9192,1.3527,-2.3817,0.5954,-0.2137,42.27,On Surface
45050,-0.0168,9.9192,1.4485,-2.2901,0.6412,-0.1221,42.46,On Surface
45100,-0.0192,9.9192,1.3647,-2.4733,0.4733,0.0305,42.46,On Surface
45150,-0.0287,9.8976,1.4317,-2.4733,0.2443,-0.0763,42.27,On Surface
45200,0.0335,9.9120,1.3791,-2.1221,0.5038,-0.2137,42.60,On Surface
45250,-0.0096,9.9024,1.5131,-2.4122,0.5802,-0.1069,42.46,On Surface
45300,-0.0192,9.9264,1.3958,-2.6565,0.5344,-0.2595,42.22,On Surface
45350,-0.0287,9.9072,1.4629,-2.5649,0.6260,-0.3664,42.60,On Surface
45400,-0.0096,9.9407,1.3838,-2.4885,0.7023,0.0153,42.79,On Surface
45450,-0.0551,9.9288,1.4102,-2.6412,0.3664,-0.0153,42.32,On Surface
45500,-0.0096,9.9192,1.4461,-2.5344,0.6107,-0.0916,42.41,On Surface
45550,-0.0311,9.9383,1.3886,-2.4122,0.5344,-0.3206,42.27,On Surface
45600,-0.0168,9.9431,1.3791,-2.3664,0.4580,-0.0458,42.60,On Surface
45650,-0.0024,9.8952,1.3743,-2.5038,0.2290,-0.3969,42.46,On Surface
45700,-0.0383,9.9240,1.4533,-2.2748,0.2137,-0.1069,42.46,On Surface
45750,-0.0239,9.8809,1.4724,-2.3053,0.5802,0.0763,42.60,On Surface
45800,-0.0215,9.9000,1.4868,-2.4122,0.4427,-0.1221,42.65,On Surface
45850,-0.0168,9.8928,1.4245,-2.3817,0.4580,-0.0916,42.22,On Surface
45900,-0.0479,9.9096,1.4796,-2.5496,0.2290,0.0458,42.51,On Surface
45950,-0.0311,9.9216,1.3934,-2.7023,0.6260,-0.2290,42.22,On Surface
46000,0.0096,9.9527,1.4437,-2.5802,0.7634,-0.1527,42.65,On Surface
46050,-0.0359,9.9479,1.4006,-2.6107,0.3511,-0.1069,42.41,On Surface
46100,-0.0359,9.9479,1.3743,-2.5191,0.4885,-0.1527,42.79,On Surface
46150,-0.0455,9.9407,1.4150,-2.3359,0.6260,-0.1832,42.65,On Surface
46200,-0.0599,9.9288,1.5107,-2.4733,0.5496,-0.0916,42.65,On Surface
46250,-0.0215,9.9216,1.4557,-2.2595,0.4275,0.2137,42.46,On Surface
46300,-0.0670,9.8857,1.4629,-2.1527,0.5191,-0.0916,42.60,On Surface
46350,-0.0311,9.9240,1.3934,-2.3359,0.4580,0.0611,42.51,On Surface
46400,-0.0120,9.9120,1.4030,-2.3511,0.3206,-0.2901,42.79,On Surface
46450,-0.0479,9.9551,1.4317,-2.1832,0.4427,0.0763,42.60,On Surface
46500,-0.0407,9.9264,1.4102,-2.3817,0.3969,0.0611,42.79,On Surface
46550,-0.0503,9.9383,1.4030,-2.5649,0.2901,-0.0916,42.41,On Surface
46600,-0.0718,9.9383,1.4102,-2.2290,0.6107,0.1832,42.74,On Surface
46650,-0.0311,9.9216,1.4461,-2.2595,0.3969,-0.1527,42.46,On Surface
46700,-0.0239,9.9096,1.4533,-2.0305,0.5496,-0.1527,42.60,On Surface
46750,-0.0455,9.9216,1.4365,-2.3511,0.6412,-0.1832,42.60,On Surface
46800,-0.0407,9.9168,1.4533,-2.4275,0.4580,-0.0916,42.60,On Surface
46850,-0.0407,9.9216,1.4724,-2.6718,0.3053,0.0916,42.60,On Surface
46900,-0.0503,9.9048,1.4269,-2.4122,0.6412,-0.0763,42.60,On Surface
46950,-0.0287,9.9000,1.3862,-2.3511,0.5344,0.1832,42.65,On Surface
47000,-0.0215,9.8928,1.4509,-2.2137,0.5344,-0.0611,42.46,On Surface
47050,-0.0359,9.9168,1.4174,-2.1832,0.4885,-0.3053,42.60,On Surface
47100,-0.0646,9.9551,1.3671,-2.4275,0.3511,-0.2137,42.46,On Surface
47150,-0.0120,9.9479,1.4389,-2.0458,0.5802,-0.3053,42.41,On Surface
47200,-0.0431,9.9311,1.4245,-2.1527,0.4427,0.1527,42.32,On Surface
47250,0.0144,9.9192,1.4820,-2.0916,0.2137,0.0763,42.79,On Surface
47300,0.0287,9.9168,1.4174,-2.2137,0.4122,0.1069,42.65,On Surface
47350,-0.0239,9.8976,1.4868,-2.3053,0.4733,0.0611,42.27,On Surface
47400,-0.0192,9.9264,1.3958,-2.3206,0.7634,0.0305,42.60,On Surface
47450,0.0000,9.9072,1.4317,-2.3206,0.3511,-0.0763,42.60,On Surface
47500,-0.0024,9.9503,1.4150,-2.3511,0.3664,0.1374,42.41,On Surface
47550,0.0024,9.9240,1.3886,-2.2290,0.1374,-0.1221,42.51,On Surface
47600,-0.0503,9.9072,1.4461,-2.4275,0.3969,-0.1832,42.79,On Surface
47650,-0.0455,9.9431,1.4293,-2.3206,0.3511,-0.1679,42.65,On Surface
47700,-0.0431,9.9359,1.4629,-2.0458,0.5038,-0.1069,42.51,On Surface
47750,0.0048,9.9359,1.4126,-2.2290,0.3053,-0.0458,42.79,On Surface
47800,0.0048,9.9168,1.4174,-2.3206,0.5496,0.0458,42.74,On Surface
47850,-0.0431,9.9216,1.4485,-2.3664,0.3206,-0.0916,42.51,On Surface
47900,-0.0144,9.8857,1.4557,-2.2290,0.3664,-0.2595,42.51,On Surface
47950,-0.0311,9.9742,1.4126,-2.5191,0.5954,-0.2748,42.46,On Surface
48000,-0.0263,9.9240,1.3862,-2.6412,0.5344,-0.0916,42.51,On Surface
48050,-0.0407,9.9335,1.4389,-2.5802,0.4122,-0.1832,42.74,On Surface
48100,-0.0168,9.9216,1.4341,-2.5649,0.6870,-0.0611,42.65,On Surface
48150,-0.0263,9.9575,1.4341,-2.5191,0.6107,-0.0916,42.46,On Surface
48200,0.0024,9.9264,1.3910,-2.3206,0.6260,-0.3206,42.79,On Surface
48250,-0.0120,9.9335,1.4317,-2.3969,0.4122,-0.0611,42.46,On Surface
48300,-0.0407,9.9192,1.4174,-2.5038,0.4427,0.0611,42.41,On Surface
48350,-0.0168,9.8785,1.4485,-2.0458,0.4580,-0.1221,42.79,On Surface
48400,-0.0096,9.9383,1.3934,-2.4733,0.4122,0.0458,42.51,On Surface
48450,-0.0287,9.8857,1.4054,-2.5038,0.3664,-0.2748,42.51,On Surface
48500,-0.0072,9.9264,1.3551,-2.3969,0.3817,-0.2443,42.60,On Surface
48550,-0.0048,9.9240,1.4269,-2.3664,0.6565,-0.2748,42.41,On Surface
48600,-0.0215,9.9288,1.4102,-2.4427,0.5496,-0.3053,42.60,On Surface
48650,-0.0455,9.9240,1.3934,-2.5191,0.6718,-0.1679,42.41,On Surface
48700,-0.0239,9.9144,1.4293,-2.6565,0.3206,-0.2290,42.41,On Surface
48750,-0.0383,9.8881,1.4796,-2.1679,0.4580,-0.0305,42.79,On Surface
48800,-0.0072,9.9144,1.3958,-2.5038,0.5191,-0.1679,42.65,On Surface
48850,-0.0215,9.8904,1.4365,-2.3969,0.3969,-0.0611,42.60,On Surface
48900,-0.0168,9.9527,1.4509,-2.3511,0.4885,-0.1832,42.51,On Surface
48950,-0.0359,9.9096,1.4174,-2.5344,0.7023,-0.0763,42.41,On Surface
49000,-0.0287,9.9000,1.4222,-2.6260,0.3359,-0.1679,42.46,On Surface
49050,-0.0239,9.9144,1.4509,-2.1679,0.3511,-0.0916,42.74,On Surface
49100,-0.0622,9.9288,1.4605,-2.4733,0.5344,-0.3817,42.60,On Surface
49150,-0.0168,9.9240,1.4245,-2.6107,0.4427,-0.2290,42.22,On Surface
49200,-0.0575,9.9240,1.4102,-2.4885,0.7634,-0.1679,42.79,On Surface
49250,-0.0048,9.9168,1.4581,-2.5496,0.5038,-0.0611,42.46,On Surface
49300,-0.0407,9.9240,1.4533,-2.3969,0.4275,0.0000,42.51,On Surface
49350,-0.0024,9.9216,1.4245,-2.3664,0.6718,-0.1069,42.60,On Surface
49400,-0.0599,9.8952,1.4389,-2.5649,0.4275,-0.1527,42.79,On Surface
49450,-0.0192,9.9503,1.3958,-2.0763,0.5038,-0.3817,42.41,On Surface
49500,-0.0287,9.9288,1.3910,-2.4885,0.5344,-0.2290,42.51,On Surface
49550,-0.0263,9.9527,1.4293,-2.6260,0.4580,-0.0458,42.74,On Surface
49600,-0.0503,9.9407,1.4030,-2.3969,0.7481,-0.2748,42.41,On Surface
49650,-0.0215,9.9503,1.4389,-2.5344,0.4733,0.1527,42.65,On Surface
49700,-0.0311,9.9048,1.4317,-2.3817,0.3053,0.1069,42.65,On Surface
49750,-0.0599,9.8785,1.4437,-2.3969,0.2901,0.0305,42.41,On Surface
49800,-0.0072,9.9096,1.3886,-2.2290,0.4122,-0.0305,42.65,On Surface
49850,-0.0263,9.9096,1.4653,-2.2595,0.4275,-0.0763,42.65,On Surface
49900,-0.0503,9.8976,1.4365,-2.3664,0.6870,-0.1527,42.65,On Surface
49950,-0.0144,9.9288,1.5036,-2.4275,0.7023,-0.0458,42.74,On Surface
50000,-0.0383,9.9264,1.4461,-2.3664,0.3359,-0.0305,42.60,On Surface
50050,-0.0311,9.9216,1.4748,-2.6565,0.4427,-0.0305,42.32,On Surface
50100,0.0120,9.9431,1.4748,-2.1832,0.6412,-0.1832,42.65,On Surface
50150,-0.0910,9.9599,1.3934,-2.2290,0.5649,0.0153,42.41,On Surface
50200,-0.0527,9.9359,1.4653,-2.2595,0.7023,-0.0305,42.46,On Surface
50250,-0.0072,9.9288,1.4581,-2.1832,0.1985,0.2748,42.51,On Surface
50300,-0.0144,9.9455,1.4365,-2.2290,0.4885,-0.1069,42.51,On Surface
50350,-0.0287,9.9168,1.4222,-2.3206,0.3511,0.0000,42.60,On Surface
50400,-0.0168,9.9168,1.4245,-2.5649,0.2595,0.0916,42.46,On Surface
50450,0.0072,9.9072,1.4341,-2.4427,0.5344,0.1374,42.41,On Surface
50500,-0.0335,9.9216,1.4485,-2.3664,0.5649,-0.1069,42.65,On Surface
50550,-0.0287,9.9048,1.3862,-2.4275,0.4580,-0.2443,42.65,On Surface
50600,-0.0120,9.9192,1.4030,-2.2748,0.7176,-0.1221,42.32,On Surface
50650,-0.0622,9.9168,1.4509,-2.1679,0.3664,-0.0916,42.74,On Surface
50700,-0.0359,9.9048,1.4293,-2.0458,0.4733,-0.2137,42.65,On Surface
50750,-0.0383,9.9192,1.4485,-2.2595,0.2748,-0.5038,42.51,On Surface
50800,-0.0215,9.9575,1.4916,-2.4885,0.1832,-0.1069,42.84,On Surface
50850,-0.0407,9.9096,1.4389,-2.2748,0.5191,0.0458,42.65,On Surface
50900,-0.0168,9.9264,1.4317,-2.1985,0.4427,-0.2443,42.41,On Surface
50950,-0.0359,9.9383,1.4150,-2.3511,0.1832,0.0305,42.79,On Surface
51000,-0.0311,9.9288,1.4437,-2.4427,0.5649,-0.3053,42.22,On Surface
51050,-0.0287,9.9383,1.4293,-2.5496,0.5802,-0.2595,42.60,On Surface
51100,-0.0503,9.9431,1.3910,-2.5802,0.5038,-0.3359,42.60,On Surface
51150,-0.0407,9.9551,1.4533,-2.3817,0.6260,-0.1374,42.84,On Surface
51200,-0.0311,9.8928,1.3958,-2.1679,0.6107,-0.0153,42.60,On Surface
51250,-0.0479,9.8713,1.4724,-2.4122,0.1832,-0.0763,42.60,On Surface
51300,-0.0168,9.8881,1.4533,-2.2901,0.5649,-0.2137,42.46,On Surface
51350,0.0048,9.9407,1.4796,-2.2443,0.2901,-0.3511,42.46,On Surface
51400,0.0096,9.9216,1.4365,-2.3359,0.5191,-0.2901,42.60,On Surface
51450,-0.0335,9.9048,1.3886,-2.3053,0.4275,0.0153,42.27,On Surface
51500,-0.0144,9.9240,1.4245,-2.1985,0.5496,-0.0458,42.65,On Surface
51550,-0.0215,9.9216,1.3958,-2.4122,0.5496,-0.2290,42.65,On Surface
51600,-0.0096,9.9288,1.4389,-2.6412,0.7023,-0.1527,42.51,On Surface
51650,0.0144,9.9288,1.4844,-2.5344,0.6718,-0.5038,42.41,On Surface
51700,0.0000,9.9072,1.4820,-2.3969,0.7634,-0.1221,42.60,On Surface
51750,-0.0168,9.9096,1.4509,-2.3817,0.7023,-0.2290,42.93,On Surface
51800,-0.0144,9.9192,1.4844,-2.1832,0.2748,-0.3817,42.60,On Surface
51850,0.0048,9.8976,1.4365,-2.5954,0.7023,-0.3817,42.46,On Surface
51900,-0.0096,9.9575,1.3815,-2.4580,0.6107,-0.1374,42.60,On Surface
51950,0.0359,9.9168,1.4341,-2.3817,0.5038,-0.1832,42.41,On Surface
52000,-0.0263,9.9000,1.4557,-2.6260,0.3817,-0.1527,42.65,On Surface
52050,-0.0335,9.9311,1.4054,-2.4122,0.6565,0.1679,42.60,On Surface
52100,-0.0263,9.9288,1.4485,-2.4275,0.3359,0.1679,42.65,On Surface
52150,-0.0168,9.9335,1.3815,-2.3206,0.4427,-0.2137,42.51,On Surface
52200,-0.0239,9.9192,1.4126,-2.2137,0.3817,-0.0611,42.74,On Surface
52250,-0.0359,9.9000,1.4772,-2.0305,0.6565,-0.4275,42.79,On Surface
52300,-0.0120,9.9024,1.4126,-2.5191,0.4275,0.0000,42.46,On Surface
52350,0.0120,9.9192,1.4533,-2.3817,0.3206,0.0153,42.79,On Surface
52400,-0.0168,9.9383,1.4748,-2.5191,0.4885,-0.1221,42.65,On Surface
52450,0.0024,9.9288,1.4293,-2.5344,0.5802,-0.2137,42.65,On Surface
52500,-0.0096,9.9120,1.3934,-2.3969,0.4580,-0.3053,42.60,On Surface
52550,-0.0311,9.9359,1.4581,-2.4122,0.7634,-0.1527,42.46,On Surface
52600,-0.0503,9.9431,1.4054,-2.2290,0.4885,-0.4122,42.65,On Surface
52650,-0.0072,9.9024,1.4629,-2.2748,0.7634,-0.2748,42.27,On Surface
52700,-0.0048,9.9192,1.4198,-2.4275,0.4885,-0.1985,42.74,On Surface
52750,-0.0192,9.9240,1.4940,-2.4275,0.5649,-0.0305,42.60,On Surface
52800,-0.0311,9.9168,1.4653,-2.4580,0.6565,-0.0458,42.46,On Surface
52850,0.0168,9.9168,1.4389,-2.5344,0.2748,0.0458,42.60,On Surface
52900,0.0096,9.9144,1.4485,-2.5344,0.1679,-0.1069,42.74,On Surface
52950,-0.0168,9.9072,1.3719,-2.5496,0.6718,-0.1221,42.60,On Surface
53000,-0.0383,9.8976,1.4653,-2.4580,0.3969,-0.0305,42.60,On Surface
53050,-0.0359,9.9000,1.4341,-2.5649,0.4427,0.0000,42.65,On Surface
53100,-0.0168,9.9120,1.3958,-2.4580,0.4122,-0.1679,42.60,On Surface
53150,-0.0599,9.9455,1.3910,-2.3359,0.4427,0.0153,42.51,On Surface
53200,-0.0383,9.9096,1.3934,-2.2137,0.5344,0.1679,42.46,On Surface
53250,-0.0192,9.9288,1.4461,-2.3053,0.3817,-0.2137,42.65,On Surface
53300,-0.0335,9.9024,1.4269,-2.1527,0.5191,-0.0611,42.65,On Surface
53350,-0.0144,9.9072,1.4605,-2.2901,0.3511,-0.2137,42.65,On Surface
53400,-0.0287,9.9192,1.4198,-2.3359,0.4122,-0.0458,42.79,On Surface
53450,-0.0455,9.8881,1.4413,-2.4580,0.3511,-0.2290,42.74,On Surface
53500,-0.0263,9.9359,1.4269,-2.3206,0.4427,-0.0916,42.46,On Surface
53550,-0.0096,9.9288,1.3862,-2.3511,0.4122,-0.0458,42.60,On Surface
53600,-0.0215,9.9695,1.4269,-2.4275,0.6870,-0.1221,42.51,On Surface
53650,-0.0431,9.9599,1.4413,-2.2595,0.5954,-0.2137,42.51,On Surface
53700,-0.0431,9.9096,1.4437,-2.1679,0.4427,-0.3969,42.32,On Surface
53750,-0.0503,9.9216,1.4605,-2.2443,0.1069,0.1527,42.60,On Surface
53800,0.0072,9.8761,1.4126,-2.0763,0.4885,-0.3206,42.46,On Surface
53850,-0.0575,9.9264,1.3815,-2.3206,0.1832,-0.0611,42.46,On Surface
53900,-0.0144,9.9192,1.4150,-2.1069,0.4275,0.0305,42.46,On Surface
53950,-0.0263,9.8928,1.3815,-2.5496,0.4885,-0.0763,42.93,On Surface
54000,-0.0287,9.9551,1.4700,-2.1221,0.2595,-0.0763,42.60,On Surface
54050,-0.0407,9.9479,1.4245,-2.4885,0.6107,-0.1832,42.60,On Surface
54100,-0.0383,9.9120,1.3719,-2.4122,0.4733,-0.0153,42.65,On Surface
54150,-0.0599,9.9383,1.3886,-2.2595,0.4733,-0.1832,42.84,On Surface
54200,-0.0503,9.9551,1.4030,-2.1679,0.5038,-0.3053,42.32,On Surface
54250,-0.0263,9.9623,1.4916,-2.2290,0.6565,-0.1527,42.79,On Surface
54300,-0.0144,9.9192,1.4581,-2.2748,0.5496,-0.0916,42.65,On Surface
54350,0.0048,9.9335,1.3862,-2.1985,0.4275,0.1679,42.27,On Surface
54400,0.0168,9.9168,1.4940,-2.3359,0.2290,0.1985,42.51,On Surface
54450,0.0120,9.8809,1.4988,-2.5344,0.3511,-0.0458,42.46,On Surface
54500,0.0000,9.9455,1.4485,-2.3664,0.4580,-0.2901,42.60,On Surface
54550,-0.0215,9.9192,1.4030,-2.4580,0.4580,0.0000,42.79,On Surface
54600,-0.0263,9.9503,1.4222,-2.2443,0.8092,-0.1221,42.41,On Surface
54650,-0.0215,9.9288,1.4293,-2.3969,0.5344,-0.1069,42.65,On Surface
54700,-0.0407,9.9479,1.4245,-2.1679,0.7634,-0.0458,42.65,On Surface
54750,-0.0527,9.8904,1.4245,-2.3511,0.6412,-0.2290,42.74,On Surface
54800,-0.0192,9.9503,1.3767,-2.2901,0.6107,-0.1221,42.32,On Surface
54850,-0.0192,9.9072,1.4653,-2.5496,0.4427,-0.1527,42.79,On Surface
54900,0.0168,9.9527,1.4245,-2.4275,0.4580,-0.1069,42.74,On Surface
54950,-0.0192,9.9264,1.4988,-2.3664,0.3511,0.0153,42.65,On Surface
55000,-0.0575,9.9096,1.3934,-2.5802,0.5344,-0.2443,42.46,On Surface
55050,-0.0096,9.9144,1.3743,-2.1527,0.6260,0.0763,42.27,On Surface
55100,-0.0287,9.9120,1.3886,-2.5191,0.7786,-0.2901,42.65,On Surface
55150,-0.0383,9.9288,1.4748,-2.7023,0.7786,-0.5344,42.22,On Surface
55200,-0.0622,9.9742,1.3791,-2.3511,0.3817,-0.0305,42.79,On Surface
55250,-0.0407,9.9407,1.4916,-2.5802,0.1679,-0.1832,42.41,On Surface
55300,-0.0048,9.9240,1.4940,-2.6107,0.4275,0.1221,42.46,On Surface
55350,-0.0144,9.8904,1.4533,-2.5191,0.6412,0.0000,42.46,On Surface
55400,0.0335,9.8857,1.4245,-2.5954,0.6870,-0.0916,42.65,On Surface
55450,-0.0048,9.9216,1.4150,-2.8244,0.4427,0.0305,42.79,On Surface
55500,0.0024,9.9527,1.4365,-2.5802,0.5802,-0.1832,42.46,On Surface
55550,0.0072,9.9551,1.3958,-2.5649,0.2290,-0.2443,42.41,On Surface
55600,-0.0455,9.9335,1.4365,-2.2901,0.6107,-0.1374,42.60,On Surface
55650,-0.0335,9.9311,1.3695,-2.5191,0.4885,-0.5038,42.74,On Surface
55700,-0.0120,9.9048,1.4509,-2.5191,0.4885,-0.3969,42.60,On Surface
55750,-0.0335,9.9240,1.4198,-2.3359,0.6412,0.0611,42.41,On Surface
55800,-0.0144,9.9264,1.4485,-1.9237,0.4427,-0.1374,42.46,On Surface
55850,-0.0311,9.9024,1.3767,-2.4122,0.6412,-0.0305,42.51,On Surface
55900,-0.0048,9.9264,1.4605,-2.4122,0.5954,0.1221,42.74,On Surface
55950,-0.0287,9.9096,1.4102,-2.5802,0.3206,-0.0153,42.74,On Surface
56000,0.0048,9.9000,1.3958,-2.6412,0.2137,0.0153,42.41,On Surface
56050,-0.0096,9.8881,1.4269,-2.9160,0.1985,-0.1374,42.65,On Surface
56100,-0.0239,9.9479,1.4150,-2.4733,0.2901,-0.0153,42.65,On Surface
56150,-0.0311,9.9503,1.4916,-2.4733,0.8550,-0.1832,42.41,On Surface
56200,-0.0407,9.9407,1.3503,-2.3969,0.5191,0.0153,42.60,On Surface
56250,-0.0407,9.9264,1.4605,-2.5649,0.6107,-0.1985,42.60,On Surface
56300,-0.0192,9.9144,1.4198,-2.2443,0.4427,-0.0305,42.65,On Surface
56350,-0.0120,9.9264,1.4102,-2.2595,0.5038,-0.1221,42.51,On Surface
56400,-0.0335,9.9000,1.4269,-2.4733,0.3969,-0.1832,42.60,On Surface
56450,-0.0335,9.9048,1.4006,-2.3511,0.4427,-0.1069,42.60,On Surface
56500,-0.0024,9.9024,1.4174,-2.4580,0.3969,-0.0458,42.51,On Surface
56550,-0.0527,9.9359,1.3575,-2.4580,0.4122,-0.1069,42.51,On Surface
56600,-0.0503,9.9024,1.3431,-2.3359,0.5954,0.1374,42.65,On Surface
56650,-0.0862,9.8857,1.4102,-2.2595,0.4275,-0.2137,42.46,On Surface
56700,-0.0455,9.9335,1.4150,-2.1221,0.6718,0.0916,42.93,On Surface
56750,-0.0551,9.9407,1.4341,-2.3817,0.3969,-0.0763,42.60,On Surface
56800,-0.0311,9.9288,1.4724,-2.2137,0.4275,-0.1527,42.84,On Surface
56850,-0.0287,9.9311,1.4724,-2.0305,0.6565,-0.2137,42.60,On Surface
56900,-0.0431,9.9144,1.4653,-2.5802,0.7481,-0.0458,42.79,On Surface
56950,-0.0551,9.9455,1.4796,-2.4580,0.4122,0.0763,42.65,On Surface
57000,0.0048,9.9623,1.4485,-2.2595,0.5344,0.1069,42.65,On Surface
57050,-0.0287,9.9455,1.4557,-2.5191,0.4427,-0.0305,42.51,On Surface
57100,-0.0479,9.9455,1.4317,-2.3053,0.7786,-0.0458,42.41,On Surface
57150,-0.0287,9.9431,1.4437,-2.3206,0.7939,-0.1985,42.74,On Surface
57200,-0.0407,9.9383,1.4605,-2.2748,0.4885,-0.1374,42.51,On Surface
57250,-0.0407,9.9575,1.3599,-2.2137,0.4733,-0.3053,42.60,On Surface
57300,-0.0359,9.9311,1.4317,-2.4580,0.5038,0.1221,42.51,On Surface
57350,-0.0239,9.9000,1.4509,-2.0763,0.3511,0.1069,42.79,On Surface
57400,-0.0048,9.9096,1.4006,-2.2290,0.3969,0.0458,42.60,On Surface
57450,-0.0263,9.9072,1.4389,-2.2901,0.3817,0.2290,42.74,On Surface
57500,0.0000,9.9216,1.4533,-2.3664,0.5344,-0.0458,42.65,On Surface
57550,-0.0120,9.9311,1.4485,-2.5802,0.3511,-0.0458,42.79,On Surface
57600,-0.0072,9.9503,1.4509,-2.3511,0.5191,-0.0458,43.02,On Surface
57650,-0.0192,9.9264,1.4078,-2.4580,0.5649,-0.3664,42.51,On Surface
57700,-0.0192,9.9288,1.3838,-2.2137,0.7939,-0.1527,42.27,On Surface
57750,-0.0263,9.9240,1.4078,-2.3206,0.6870,-0.0305,42.65,On Surface
57800,-0.0718,9.9479,1.4293,-2.3664,0.5191,-0.3053,42.46,On Surface
57850,-0.0192,9.9479,1.4269,-2.1069,0.4427,-0.0916,42.60,On Surface
57900,0.0072,9.9048,1.4676,-2.4427,0.3817,-0.0458,42.60,On Surface
57950,-0.0120,9.9096,1.4269,-2.3053,0.4275,-0.0611,42.60,On Surface
58000,-0.0239,9.9623,1.3815,-2.4580,0.4122,-0.0305,42.41,On Surface
58050,-0.0311,9.9311,1.4581,-2.3053,0.5649,-0.1679,42.46,On Surface
58100,-0.0144,9.9168,1.4341,-2.3053,0.6718,-0.1527,42.60,On Surface
58150,-0.0096,9.9575,1.4078,-2.4580,0.2748,-0.1832,42.41,On Surface
58200,-0.0144,9.9407,1.3527,-2.4427,0.4580,-0.2443,42.74,On Surface
58250,-0.0311,9.9527,1.4198,-2.1221,0.2290,0.0000,42.93,On Surface
58300,-0.0503,9.9168,1.3743,-2.3817,0.4580,-0.2595,42.51,On Surface
58350,-0.0048,9.9240,1.4557,-2.3969,0.3817,0.0763,42.79,On Surface
58400,0.0024,9.9048,1.4198,-2.4580,0.4122,-0.1527,42.41,On Surface
58450,-0.0287,9.9288,1.4892,-2.3206,0.4122,-0.1374,42.79,On Surface
58500,0.0192,9.9431,1.4078,-2.2748,0.7786,-0.0153,42.60,On Surface
58550,-0.0192,9.9096,1.4222,-2.4885,0.5038,-0.1527,42.79,On Surface
58600,-0.0670,9.9240,1.4293,-2.4580,0.4122,-0.3206,42.41,On Surface
58650,-0.0215,9.9240,1.4150,-2.5344,0.6870,0.1069,42.46,On Surface
58700,-0.0215,9.8593,1.4748,-2.2595,0.5954,-0.1679,42.60,On Surface
58750,-0.0096,9.9431,1.4461,-2.4580,0.7939,0.0305,42.60,On Surface
58800,-0.0239,9.9096,1.4150,-2.3817,0.3664,0.0458,42.41,On Surface
58850,-0.0120,9.9335,1.3934,-2.2137,0.4427,0.1221,42.65,On Surface
58900,0.0000,9.9766,1.3743,-2.7939,0.6107,-0.3817,42.60,On Surface
58950,0.0144,9.9623,1.4269,-2.2595,0.3969,-0.4122,42.46,On Surface
59000,-0.0311,9.9503,1.4485,-2.4733,0.5802,0.0305,42.60,On Surface
59050,-0.0287,9.9431,1.4868,-2.2901,0.4427,-0.2595,42.46,On Surface
59100,-0.0168,9.9503,1.4748,-2.2595,0.4122,0.1069,42.79,On Surface
59150,-0.0168,9.9240,1.4509,-2.2443,0.5191,-0.2137,42.60,On Surface
59200,-0.0311,9.9144,1.3719,-2.4122,0.7328,-0.3359,42.60,On Surface
59250,-0.0120,9.9144,1.4126,-2.2901,0.6870,-0.1221,42.46,On Surface
59300,-0.0335,9.8665,1.3958,-2.4580,0.3206,-0.1374,42.60,On Surface
59350,-0.0359,9.9503,1.4245,-2.6718,0.6260,-0.2595,42.51,On Surface
59400,-0.0239,9.9264,1.4150,-2.4885,0.6718,-0.0916,42.74,On Surface
59450,-0.0311,9.9311,1.4461,-2.2748,0.6412,-0.0611,42.46,On Surface
59500,-0.0048,9.8952,1.4126,-2.3969,0.5496,-0.0916,42.60,On Surface
59550,-0.0718,9.8976,1.4222,-2.4580,0.3817,-0.0763,42.74,On Surface
59600,-0.0215,9.9527,1.4653,-2.2748,0.1832,-0.1069,42.79,On Surface
59650,-0.0455,9.8881,1.4796,-2.5038,0.4427,0.0000,42.60,On Surface
59700,-0.0048,9.9575,1.4222,-2.4275,0.4733,0.0458,42.65,On Surface
59750,-0.1006,9.9527,1.3743,-2.2901,0.2748,-0.3817,42.60,On Surface
59800,-0.0215,9.9192,1.4198,-2.3359,0.6412,0.0458,42.60,On Surface
59850,-0.0263,9.9240,1.4365,-2.2443,0.6260,-0.0916,42.60,On Surface
59900,-0.0599,9.8881,1.4581,-2.6107,0.6260,-0.0305,42.46,On Surface
59950,-0.0287,9.9240,1.4054,-2.4733,0.7786,-0.3969,42.79,On Surface
60000,-0.0096,9.9264,1.4102,-2.3969,0.5649,-0.3053,42.74,On Surface
60050,-0.0287,9.8904,1.4892,-2.5344,0.2443,0.0458,42.65,On Surface
60100,-0.0718,9.9168,1.4030,-2.2748,0.4122,-0.2137,42.46,On Surface
60150,0.0144,9.8952,1.4341,-2.5344,0.5649,-0.1985,42.93,On Surface
60200,-0.0024,9.9383,1.4365,-2.2595,0.3511,-0.1069,42.84,On Surface
60250,-0.0239,9.9144,1.3719,-2.3969,0.3969,-0.2901,42.51,On Surface
60300,-0.0144,9.9192,1.3958,-2.4885,0.4580,-0.0611,42.46,On Surface
60350,-0.0335,9.9120,1.4222,-2.2290,0.3053,-0.1985,42.65,On Surface
60400,0.0192,9.9216,1.4078,-2.4733,0.3664,-0.0458,42.41,On Surface
60450,-0.0575,9.9575,1.3958,-2.3206,0.8244,-0.1527,42.93,On Surface
60500,-0.0048,9.9216,1.4772,-2.1679,0.5344,-0.1374,42.51,On Surface
60550,-0.0120,9.9407,1.4341,-2.2901,0.6565,-0.3359,42.60,On Surface
60600,-0.0192,9.9096,1.5012,-2.2137,0.5649,0.1374,42.65,On Surface
60650,-0.0359,9.9192,1.5107,-2.5344,0.4733,-0.0763,42.60,On Surface
60700,-0.0431,9.9216,1.4868,-2.4580,0.4275,0.0458,42.65,On Surface
60750,0.0048,9.9407,1.4222,-2.2901,0.5649,-0.1832,42.60,On Surface
60800,0.0263,9.9264,1.3934,-2.2290,0.3817,-0.1221,42.60,On Surface
60850,-0.0168,9.9527,1.4676,-2.3817,0.1374,-0.3664,42.65,On Surface
60900,-0.0239,9.9096,1.4365,-2.2443,0.4885,0.0611,42.84,On Surface
60950,-0.0527,9.9072,1.4868,-2.4733,0.5496,-0.2290,42.74,On Surface
61000,-0.0168,9.9455,1.4222,-2.2748,0.2595,-0.1679,42.65,On Surface
61050,-0.0455,9.9048,1.4461,-2.1832,0.5954,0.1527,42.60,On Surface
61100,-0.0192,9.8928,1.4916,-2.3969,0.8855,-0.0153,42.65,On Surface
61150,0.0144,9.9264,1.4509,-2.1832,0.4885,0.0611,42.79,On Surface
61200,-0.0215,9.9048,1.3910,-2.2901,0.5344,-0.0458,42.60,On Surface
61250,-0.0359,9.9288,1.3982,-2.5344,0.3969,-0.1221,42.51,On Surface
61300,-0.0670,9.9335,1.4198,-2.4122,0.7176,0.1221,42.93,On Surface
61350,-0.0646,9.9431,1.4006,-2.4275,0.4122,-0.1374,42.41,On Surface
61400,-0.0239,9.9623,1.4461,-2.5496,0.4885,0.0458,42.60,On Surface
61450,-0.0168,9.9024,1.4341,-2.1679,0.5954,-0.0763,42.74,On Surface
61500,-0.0072,9.9311,1.4485,-2.4580,0.3053,-0.0763,42.65,On Surface
61550,-0.0120,9.9168,1.4820,-2.4427,0.5649,0.0305,42.32,On Surface
61600,-0.0239,9.9311,1.4102,-2.3664,0.3664,0.0458,42.74,On Surface
61650,-0.0215,9.8833,1.4629,-2.6718,0.5038,0.1832,42.51,On Surface
61700,-0.0263,9.8881,1.4724,-2.3053,0.3359,-0.1832,42.46,On Surface
61750,-0.0599,9.9527,1.4365,-2.3206,0.3817,-0.0153,42.79,On Surface
61800,-0.0239,9.9527,1.4054,-2.3664,0.5344,-0.4275,42.60,On Surface
61850,-0.0407,9.8809,1.4341,-2.3206,0.3969,-0.0305,42.46,On Surface
61900,-0.0192,9.9216,1.4317,-2.3053,0.5649,-0.3511,42.46,On Surface
61950,0.0120,9.9479,1.4533,-2.3359,0.6107,-0.0763,42.51,On Surface
62000,-0.0120,9.9192,1.4198,-2.1527,0.5496,-0.0763,42.84,On Surface
62050,0.0215,9.9240,1.3815,-2.5496,0.5496,-0.0763,42.60,On Surface
62100,-0.0359,9.8976,1.4437,-2.6107,0.4427,-0.1069,42.65,On Surface
62150,-0.0239,9.9000,1.3910,-2.3817,0.4885,0.0000,42.60,On Surface
62200,-0.0239,9.9503,1.4533,-2.3664,0.4733,-0.2901,42.51,On Surface
62250,-0.0335,9.9551,1.4341,-2.1679,0.5344,0.0458,42.79,On Surface
62300,-0.0192,9.9383,1.4581,-2.2443,0.8397,0.0916,42.51,On Surface
62350,-0.0287,9.9024,1.3815,-2.3206,0.3359,-0.1679,42.65,On Surface
62400,-0.0096,9.8904,1.4006,-2.5038,0.5496,-0.2290,42.79,On Surface
62450,0.0407,9.9359,1.4222,-2.3664,0.5191,-0.1374,42.65,On Surface
62500,-0.0168,9.8857,1.3910,-2.5649,0.5802,-0.1985,42.51,On Surface
62550,0.0024,9.8857,1.4317,-2.3359,0.3053,-0.0763,42.74,On Surface
62600,-0.0168,9.9790,1.3934,-2.3664,0.3969,-0.0763,42.65,On Surface
62650,-0.0215,9.9383,1.4269,-2.4580,0.6107,-0.1527,42.41,On Surface
62700,-0.0072,9.8833,1.4245,-2.1832,0.7634,-0.0763,42.60,On Surface
62750,-0.0311,9.9288,1.4222,-2.5038,0.4885,-0.0458,42.79,On Surface
62800,-0.0096,9.9335,1.4485,-2.5344,0.5954,-0.4733,42.74,On Surface
62850,-0.0144,9.9120,1.4150,-2.5649,0.2443,-0.0305,42.41,On Surface
62900,-0.0215,9.9144,1.4461,-2.6870,0.5344,-0.2595,42.65,On Surface
62950,-0.0144,9.9311,1.4317,-2.7176,0.3206,-0.2901,42.46,On Surface
63000,-0.0407,9.9383,1.4317,-2.4275,0.1985,-0.1069,42.41,On Surface
63050,-0.0359,9.9359,1.4293,-2.5038,0.4580,-0.0611,42.41,On Surface
63100,-0.0096,9.9240,1.3934,-2.5649,0.3969,-0.3511,42.74,On Surface
63150,-0.0239,9.9575,1.4365,-2.3969,0.6870,-0.1069,42.60,On Surface
63200,0.0024,9.9311,1.4892,-2.3511,0.3664,-0.1679,42.51,On Surface
63250,-0.0263,9.9359,1.4174,-2.3511,0.3053,0.0305,42.65,On Surface
63300,-0.0096,9.9240,1.4293,-2.0916,0.2137,-0.2901,42.79,On Surface
63350,-0.0718,9.9072,1.3838,-2.2901,0.4885,-0.1374,42.79,On Surface
63400,-0.0311,9.8593,1.4700,-2.1527,0.4122,0.0305,42.84,On Surface
63450,-0.0383,9.8976,1.4509,-2.4885,0.3053,0.2137,42.74,On Surface
63500,-0.0072,9.9647,1.4605,-2.3359,0.4122,-0.0916,42.60,On Surface
63550,-0.0718,9.9335,1.4198,-2.3817,0.5649,-0.2443,42.84,On Surface
63600,-0.0742,9.9168,1.4102,-2.3511,0.3511,-0.3053,42.60,On Surface
63650,-0.0072,9.9144,1.3623,-2.2901,0.4885,-0.0611,42.51,On Surface
63700,-0.0503,9.9407,1.4293,-2.3817,0.7023,0.1221,42.93,On Surface
63750,-0.0168,9.9072,1.4174,-2.2443,0.5802,-0.0305,42.65,On Surface
63800,-0.0311,9.8904,1.4940,-2.2443,0.3817,-0.2595,42.65,On Surface
63850,-0.0503,9.9096,1.4748,-2.3511,0.4427,-0.1985,42.65,On Surface
63900,-0.0120,9.9431,1.4916,-2.2443,0.5496,-0.1985,42.60,On Surface
63950,0.0048,9.9359,1.4341,-2.1679,0.3969,-0.1069,42.32,On Surface
64000,-0.0072,9.9264,1.3791,-2.3053,0.3206,-0.2748,42.74,On Surface
64050,-0.0599,9.9575,1.4126,-2.3664,0.2443,-0.2443,42.74,On Surface
64100,-0.0599,9.9455,1.4245,-2.2595,0.6870,-0.1679,42.79,On Surface
64150,-0.0120,9.9096,1.4198,-2.3511,0.6412,-0.0611,42.41,On Surface
64200,-0.0024,9.9144,1.4269,-2.2137,0.1527,-0.0763,42.46,On Surface
64250,0.0000,9.9120,1.4629,-1.8626,0.4427,-0.0153,42.41,On Surface
64300,-0.0192,9.9096,1.4557,-2.5191,0.1221,0.0305,42.93,On Surface
64350,-0.0551,9.9216,1.4653,-2.4275,0.5344,0.1221,42.60,On Surface
64400,-0.0215,9.9096,1.4269,-2.3511,0.0916,0.0458,42.65,On Surface
64450,-0.0215,9.9455,1.3886,-2.5191,0.3969,-0.1527,42.51,On Surface
64500,-0.0239,9.9479,1.4413,-2.5649,0.5649,0.0000,42.79,On Surface
64550,-0.0383,9.9551,1.3910,-2.2137,0.5649,-0.1832,42.32,On Surface
64600,-0.0407,9.9718,1.3862,-2.1374,0.3817,0.0000,42.46,On Surface
64650,-0.0407,9.9264,1.5036,-2.1527,0.4885,-0.2137,42.74,On Surface
64700,-0.0239,9.9671,1.3982,-2.2901,0.4885,-0.3359,42.74,On Surface
64750,0.0120,9.9479,1.3982,-2.3817,0.5344,-0.1832,42.84,On Surface
64800,0.0024,9.9479,1.3767,-2.0611,0.3817,0.2137,42.74,On Surface
64850,-0.0168,9.8976,1.4150,-2.5191,0.5802,-0.1679,42.60,On Surface
64900,-0.0168,9.9359,1.3910,-2.4733,0.3206,-0.2901,42.46,On Surface
64950,-0.0024,9.9335,1.4006,-2.5496,0.4275,-0.0153,42.65,On Surface
65000,-0.0335,9.8952,1.4078,-2.3511,0.4122,-0.0916,42.60,On Surface
65050,-0.0144,9.9072,1.4078,-2.3359,0.6260,-0.2290,42.84,On Surface
65100,-0.0287,9.9575,1.4461,-2.5496,0.5496,0.0458,42.84,On Surface
65150,-0.0168,9.9407,1.4389,-2.3664,0.6260,-0.0611,42.60,On Surface
65200,-0.0144,9.9144,1.4269,-2.2748,0.2137,-0.0305,42.51,On Surface
65250,0.0287,9.9072,1.4724,-2.3053,0.5038,0.0153,42.74,On Surface
65300,-0.0239,9.9072,1.4676,-2.4885,0.4122,-0.1069,42.65,On Surface
65350,0.0144,9.9168,1.3384,-2.5191,0.2748,-0.0916,42.74,On Surface
65400,-0.0239,9.9192,1.4054,-2.6412,0.4733,-0.1985,42.46,On Surface
65450,-0.0144,9.9000,1.4341,-2.4885,0.6412,-0.1374,42.46,On Surface
65500,-0.0455,9.9455,1.4293,-2.2901,0.5649,-0.0611,42.65,On Surface
65550,-0.0239,9.9311,1.4245,-2.3969,0.3206,-0.1985,42.74,On Surface
65600,0.0048,9.8952,1.3862,-2.5649,0.3664,-0.2443,42.60,On Surface
65650,-0.0192,9.9240,1.4341,-2.3053,0.7328,-0.0458,42.60,On Surface
65700,-0.0263,9.9288,1.4820,-2.3969,0.3206,-0.1679,42.46,On Surface
65750,-0.0335,9.9048,1.4030,-2.6565,0.5496,-0.0916,42.51,On Surface
65800,-0.0048,9.9120,1.4174,-2.6107,0.4122,-0.2901,42.74,On Surface
65850,-0.0024,9.8641,1.4533,-2.4427,0.6260,-0.0458,42.46,On Surface
65900,-0.0215,9.9311,1.4126,-2.5802,0.6107,-0.2595,42.46,On Surface
65950,-0.0120,9.9335,1.3982,-2.3969,0.3664,-0.0305,42.79,On Surface
66000,-0.0215,9.9431,1.4533,-2.5496,0.5496,-0.1832,42.46,On Surface
66050,-0.0192,9.9072,1.4293,-2.3206,0.5344,-0.1985,42.51,On Surface
66100,-0.0263,9.9288,1.4581,-2.3511,0.4427,-0.3969,42.60,On Surface
66150,0.0215,9.9144,1.4293,-2.4733,0.3969,-0.1221,42.60,On Surface
66200,-0.0215,9.9120,1.4269,-2.5954,0.7786,-0.0916,42.46,On Surface
66250,-0.0239,9.9168,1.4389,-2.5496,0.5344,-0.0305,42.41,On Surface
66300,0.0072,9.9240,1.4629,-2.3969,0.5344,-0.1069,42.60,On Surface
66350,0.0144,9.8713,1.4629,-2.5954,0.5496,-0.1679,42.27,On Surface
66400,-0.0335,9.9192,1.3862,-2.4275,0.4733,-0.0611,42.46,On Surface
66450,-0.0311,9.8641,1.3838,-2.2595,0.4885,-0.2290,42.22,On Surface
66500,-0.0359,9.9240,1.4653,-2.5649,0.5344,-0.3511,42.93,On Surface
66550,-0.0120,9.9479,1.4078,-2.3969,0.5038,-0.1832,42.79,On Surface
66600,-0.0383,9.9264,1.4030,-2.3511,0.4733,-0.0916,42.65,On Surface
66650,0.0024,9.8976,1.4581,-2.5344,0.5802,0.0458,42.60,On Surface
66700,-0.0192,9.9383,1.4413,-2.4427,0.4580,0.2290,42.74,On Surface
66750,-0.0479,9.9359,1.3791,-2.2748,0.3206,-0.2290,42.79,On Surface
66800,-0.0215,9.8809,1.4868,-2.3206,0.3817,0.0458,42.27,On Surface
66850,-0.0335,9.9024,1.4198,-2.1374,0.4580,-0.1832,42.65,On Surface
66900,0.0144,9.9120,1.4892,-2.5191,0.4122,-0.1069,42.74,On Surface
66950,-0.0575,9.9144,1.4676,-2.3359,0.5344,0.0000,42.79,On Surface
67000,-0.0407,9.9216,1.4030,-2.5344,0.4427,-0.0763,42.46,On Surface
67050,-0.0311,9.9527,1.4174,-2.3817,0.9313,-0.2290,42.65,On Surface
67100,-0.0479,9.9479,1.4293,-2.4733,0.6870,-0.1221,42.79,On Surface
67150,-0.0670,9.8952,1.4437,-2.2748,0.6412,-0.1069,42.65,On Surface
67200,-0.0239,9.9192,1.4245,-2.5038,0.2443,-0.2595,42.79,On Surface
67250,0.0192,9.9216,1.4485,-2.2290,0.2748,-0.1527,42.51,On Surface
67300,-0.0144,9.9455,1.4892,-2.4580,0.6107,-0.0458,42.41,On Surface
67350,-0.0048,9.9072,1.4868,-2.4580,0.4885,0.1985,42.79,On Surface
67400,-0.0359,9.9216,1.4485,-2.4580,0.2443,-0.2595,42.93,On Surface
67450,-0.0096,9.9551,1.4006,-2.2595,0.3053,0.0458,42.65,On Surface
67500,-0.0263,9.9455,1.4102,-2.5038,0.2901,-0.2290,42.79,On Surface
67550,-0.0599,9.9311,1.4222,-2.3817,0.3359,-0.0916,42.60,On Surface
67600,-0.0144,9.9288,1.4317,-2.2443,0.3053,-0.0916,42.65,On Surface
67650,-0.0455,9.9264,1.4245,-2.1679,0.5954,-0.1069,42.32,On Surface
67700,-0.0503,9.9096,1.4317,-2.0763,0.5496,-0.0763,42.65,On Surface
67750,-0.0383,9.9192,1.3862,-2.2748,0.4885,-0.0916,42.60,On Surface
67800,-0.0359,9.9120,1.4222,-2.3511,0.4427,-0.1985,42.46,On Surface
67850,-0.0120,9.8904,1.4222,-2.4733,0.3511,-0.1832,42.60,On Surface
67900,0.0072,9.9120,1.4006,-2.2290,0.3206,-0.1069,42.46,On Surface
67950,-0.0168,9.9359,1.4700,-2.3817,0.4885,-0.0153,42.65,On Surface
68000,-0.0287,9.8928,1.4269,-2.0916,0.4580,0.1069,42.60,On Surface
68050,-0.0120,9.9264,1.4269,-2.4427,0.5649,-0.2443,42.79,On Surface
68100,-0.0479,9.9120,1.4198,-2.2290,0.4427,-0.5344,42.60,On Surface
68150,-0.0527,9.9695,1.4198,-2.3969,0.6718,-0.0763,42.60,On Surface
68200,-0.0718,9.9671,1.3838,-2.5038,0.4275,-0.3817,42.41,On Surface
68250,-0.0455,9.9335,1.4317,-2.3969,0.2748,-0.1527,42.46,On Surface
68300,-0.0048,9.9311,1.4341,-2.3053,0.5344,-0.3206,42.74,On Surface
68350,-0.0383,9.9024,1.4437,-2.3359,0.4275,0.0305,42.60,On Surface
68400,-0.0144,9.9359,1.4293,-2.4885,0.4427,0.0000,42.74,On Surface
68450,-0.0311,9.8857,1.4245,-2.5191,0.5344,-0.1069,42.65,On Surface
68500,-0.0383,9.9695,1.4676,-2.3511,0.5191,-0.1374,42.46,On Surface
68550,-0.0479,9.9216,1.4389,-2.4733,0.3817,-0.0305,42.51,On Surface
68600,-0.0072,9.9575,1.4174,-2.3969,0.1832,0.0916,42.93,On Surface
68650,-0.0407,9.9503,1.4509,-2.5802,0.5191,0.0000,42.79,On Surface
68700,-0.0072,9.9000,1.4078,-2.2443,0.7176,-0.2748,42.51,On Surface
68750,-0.0359,9.9335,1.4198,-2.3817,0.6565,-0.0458,42.74,On Surface
68800,-0.0263,9.9551,1.4413,-2.1527,0.2901,-0.1374,42.60,On Surface
68850,-0.0048,9.9024,1.4317,-2.1374,0.6260,-0.0458,42.65,On Surface
68900,-0.0096,9.9048,1.4174,-2.2290,0.4580,-0.2748,42.65,On Surface
68950,-0.0144,9.8761,1.4437,-2.4275,0.5038,-0.0916,42.46,On Surface
69000,-0.0263,9.9192,1.3575,-2.5649,0.5954,-0.2137,42.74,On Surface
69050,0.0096,9.9072,1.4245,-2.2595,0.1985,0.1374,42.65,On Surface
69100,-0.0192,9.8833,1.4126,-2.5038,0.6260,-0.2290,42.51,On Surface
69150,-0.0407,9.9072,1.3815,-2.4427,0.6565,-0.1527,42.51,On Surface
69200,-0.0311,9.9407,1.3910,-2.1374,0.4885,-0.1679,42.60,On Surface
69250,-0.0311,9.9168,1.4245,-2.1069,0.3359,-0.0153,42.79,On Surface
69300,-0.0144,9.9503,1.3743,-2.5954,0.5954,-0.0763,42.65,On Surface
69350,-0.0239,9.9335,1.4653,-2.1374,0.5191,-0.3053,42.74,On Surface
69400,-0.0287,9.9144,1.4413,-2.1832,0.3511,-0.2901,42.65,On Surface
69450,-0.0192,9.8833,1.4245,-2.4275,0.2443,-0.2901,42.74,On Surface
69500,-0.0048,9.9311,1.5083,-2.4885,0.3053,-0.1527,42.46,On Surface
69550,-0.0096,9.8976,1.4557,-2.4275,0.3053,-0.1832,42.60,On Surface
69600,-0.0263,9.8928,1.4174,-2.5802,0.5802,-0.1221,42.51,On Surface
69650,-0.0168,9.9096,1.4222,-2.6107,0.6565,-0.1679,42.93,On Surface
69700,-0.0479,9.9024,1.4269,-2.5191,0.6870,-0.2901,42.79,On Surface
69750,-0.0479,9.9695,1.4150,-2.3511,0.4885,-0.1221,42.79,On Surface
69800,-0.0239,9.9359,1.3958,-2.3359,0.2290,-0.2748,42.46,On Surface
69850,-0.0263,9.9192,1.4150,-2.3969,0.5496,-0.1527,42.41,On Surface
69900,-0.0192,9.9072,1.4557,-2.2901,0.6870,-0.2443,42.60,On Surface
69950,0.0000,9.8952,1.4006,-2.4580,0.6565,-0.0763,42.46,On Surface
70000,-0.0239,9.9120,1.4557,-2.4122,0.1985,0.0763,42.46,On Surface
70050,0.0144,9.8952,1.4126,-2.3511,0.4427,-0.3969,42.79,On Surface
70100,-0.0383,9.9192,1.4700,-2.3664,0.3511,0.0153,42.60,On Surface
70150,0.0000,9.9335,1.4581,-2.6565,0.3206,-0.1221,42.84,On Surface
70200,-0.0359,9.9431,1.4054,-2.5802,0.6565,0.0000,42.65,On Surface
70250,-0.0407,9.9264,1.4317,-2.3206,0.7481,-0.1832,42.46,On Surface
70300,-0.0527,9.9335,1.4413,-2.4427,0.5954,-0.2290,43.02,On Surface
70350,-0.0622,9.9599,1.3743,-2.5344,0.7634,-0.2137,42.79,On Surface
70400,-0.0192,9.9120,1.4389,-2.1832,0.5496,0.0916,42.60,On Surface
70450,-0.0239,9.9335,1.4820,-2.3206,0.4427,-0.2137,42.84,On Surface
70500,0.0192,9.9192,1.4054,-2.1832,0.7481,-0.0305,42.41,On Surface
70550,-0.0024,9.9144,1.4341,-2.2901,0.5038,0.0458,42.60,On Surface
70600,-0.0503,9.8904,1.4653,-2.5496,0.3969,-0.1832,42.60,On Surface
70650,-0.0383,9.9264,1.4581,-2.4580,0.2595,0.0305,42.93,On Surface
70700,-0.0383,9.9431,1.3599,-2.4275,0.3817,-0.1069,42.65,On Surface
70750,-0.0694,9.9503,1.4964,-2.1985,0.4733,-0.2748,42.60,On Surface
70800,-0.0431,9.9072,1.3479,-2.3664,0.4122,-0.0611,42.79,On Surface
70850,-0.0192,9.9288,1.4557,-2.2595,0.5191,0.2595,42.65,On Surface
70900,-0.0407,9.9479,1.4581,-2.2443,0.5344,-0.1221,42.46,On Surface
70950,-0.0072,9.9144,1.3791,-2.1832,0.5649,-0.1679,42.93,On Surface
71000,-0.0407,9.8785,1.3958,-2.1527,0.4122,0.1527,42.93,On Surface
71050,-0.0335,9.8904,1.4341,-2.2137,0.2290,-0.1069,42.60,On Surface
71100,-0.0311,9.9335,1.4724,-2.2595,0.6412,-0.1985,42.79,On Surface
71150,-0.0311,9.9359,1.4820,-2.3817,0.3053,0.1679,42.60,On Surface
71200,-0.0646,9.9335,1.4222,-2.2443,0.3511,-0.0916,42.74,On Surface
71250,-0.0359,9.9216,1.4054,-2.2137,0.5191,0.1069,42.79,On Surface
71300,-0.0718,9.9455,1.3671,-2.3053,0.4122,-0.1985,42.60,On Surface
71350,-0.0120,10.0126,1.4293,-2.2443,0.6107,-0.0916,42.84,On Surface
71400,-0.0168,9.9240,1.4748,-2.1679,0.4733,0.0305,42.60,On Surface
71450,-0.0215,9.9383,1.4365,-2.2443,0.3359,-0.0916,42.65,On Surface
71500,-0.0622,9.9120,1.4269,-2.3053,0.2290,0.0611,42.79,On Surface
71550,-0.0215,9.9288,1.4341,-2.1527,0.5496,-0.2137,42.65,On Surface
71600,-0.0287,9.9311,1.4988,-2.2290,0.3206,-0.0611,42.60,On Surface
71650,-0.0670,9.8713,1.4198,-2.1985,0.3359,-0.3969,42.65,On Surface
71700,-0.0311,9.9431,1.3623,-2.2595,0.3359,-0.1527,42.65,On Surface
71750,-0.0622,9.9288,1.4174,-2.3359,0.2748,-0.0611,42.65,On Surface
71800,-0.0168,9.9240,1.4102,-2.4885,0.5649,-0.1985,42.65,On Surface
71850,-0.0359,9.9120,1.4293,-2.2137,0.7176,-0.0611,42.74,On Surface
71900,-0.0024,9.9216,1.4317,-2.3206,0.3817,-0.1527,42.51,On Surface
71950,-0.0383,9.9311,1.4174,-2.4275,0.5191,0.0611,42.79,On Surface
72000,0.0000,9.9503,1.4198,-2.1527,0.5191,0.2595,42.60,On Surface
72050,-0.0168,9.9144,1.4054,-2.3511,0.1527,0.0153,42.51,On Surface
72100,-0.0144,9.9120,1.4653,-2.4275,0.5191,-0.0305,42.60,On Surface
72150,-0.0048,9.9311,1.4389,-2.5649,0.2901,-0.3817,42.51,On Surface
72200,0.0048,9.8952,1.3934,-2.6107,0.5191,-0.2748,42.74,On Surface
72250,-0.0287,9.9383,1.4078,-2.7328,0.6412,0.0000,42.60,On Surface
72300,-0.0287,9.9311,1.4772,-2.4122,0.1527,-0.0916,42.84,On Surface
72350,-0.0263,9.9551,1.4485,-2.2748,0.8702,-0.1679,42.27,On Surface
72400,-0.0215,9.9288,1.3623,-2.2595,0.5191,-0.1069,42.51,On Surface
72450,0.0024,9.9599,1.3934,-2.5038,0.5038,-0.2443,42.51,On Surface
72500,-0.0215,9.8904,1.4245,-2.5038,0.4580,-0.2137,42.41,On Surface
72550,-0.0072,9.9120,1.4509,-2.4275,0.3053,-0.1069,42.46,On Surface
72600,-0.0096,9.8761,1.3599,-2.4885,0.5496,-0.0153,42.74,On Surface
72650,-0.0359,9.9383,1.3934,-2.5191,0.4275,0.1221,42.46,On Surface
72700,-0.0096,9.9048,1.4150,-2.3511,0.4580,-0.0153,42.74,On Surface
72750,-0.0287,9.9216,1.3958,-2.4885,0.7328,-0.0153,42.51,On Surface
72800,0.0048,9.9240,1.4222,-2.6718,0.3664,-0.0763,42.74,On Surface
72850,-0.0096,9.9383,1.4245,-2.3511,0.3359,-0.1069,42.46,On Surface
72900,-0.0407,9.9623,1.4269,-2.4275,0.6107,-0.3817,42.74,On Surface
72950,0.0024,9.9742,1.4341,-2.2748,0.5344,-0.2290,42.65,On Surface
73000,-0.0168,9.9120,1.4365,-2.4122,0.3664,-0.0611,42.79,On Surface
73050,-0.0431,9.8833,1.4868,-2.4427,0.2901,-0.2443,42.46,On Surface
73100,-0.0239,9.9168,1.4341,-2.5649,0.3359,-0.0916,42.41,On Surface
73150,-0.0599,9.9096,1.3743,-2.4885,0.4275,0.0305,42.60,On Surface
73200,-0.0239,9.9096,1.4006,-2.3969,0.5038,0.0458,42.84,On Surface
73250,-0.0120,9.8952,1.3982,-2.5038,0.7176,-0.1985,42.84,On Surface
73300,-0.0359,9.9359,1.3862,-2.4580,0.5038,0.0153,42.79,On Surface
73350,-0.0239,9.9335,1.4198,-2.4427,0.2137,-0.4885,42.79,On Surface
73400,-0.0407,9.9551,1.4293,-2.1069,0.5038,-0.2443,42.93,On Surface
73450,-0.0335,9.9671,1.4389,-2.4580,0.5649,0.1069,42.41,On Surface
73500,-0.0622,9.9024,1.3982,-2.2595,0.4733,-0.2137,42.51,On Surface
73550,-0.0072,9.9048,1.4293,-2.4885,0.3511,-0.1832,42.41,On Surface
73600,-0.0287,9.9120,1.4437,-2.6107,0.0458,-0.0916,42.79,On Surface
73650,-0.0407,9.9455,1.4389,-2.3206,0.3359,0.0458,42.51,On Surface
73700,-0.0479,9.9048,1.4509,-2.4427,0.4580,-0.1374,42.60,On Surface
73750,-0.0622,9.9455,1.4126,-2.3206,0.4885,-0.1374,42.79,On Surface
73800,-0.0431,9.9264,1.4413,-2.5191,0.5038,-0.1679,42.60,On Surface
73850,-0.0383,9.9838,1.4222,-2.5802,0.6870,-0.3053,42.51,On Surface
73900,0.0048,9.9216,1.4389,-2.3511,0.4885,-0.0458,42.84,On Surface
73950,-0.0144,9.9335,1.4293,-2.2137,0.6107,0.1527,42.74,On Surface
74000,-0.0383,9.9120,1.4461,-2.2748,0.5802,-0.2137,42.60,On Surface
74050,-0.0144,9.9359,1.4700,-2.3511,0.5191,-0.0763,42.79,On Surface
74100,0.0168,9.9407,1.4245,-2.1985,0.4275,0.0916,42.46,On Surface
74150,-0.0599,9.9264,1.4509,-2.3664,0.7634,0.0763,42.79,On Surface
74200,-0.0407,9.9551,1.4413,-2.2901,0.3817,0.0305,42.46,On Surface
74250,-0.0072,9.9192,1.4054,-2.5802,0.6412,-0.1527,42.84,On Surface
74300,-0.0407,9.9407,1.4102,-2.4122,0.5038,-0.2443,42.65,On Surface
74350,-0.0479,9.9359,1.3934,-2.2443,0.6412,0.0000,42.60,On Surface
74400,-0.0335,9.9503,1.3719,-2.2290,0.4733,0.1069,42.84,On Surface
74450,-0.0359,9.9359,1.4341,-2.5344,0.3511,-0.2595,42.84,On Surface
74500,-0.0407,9.9144,1.3671,-2.1679,0.4733,-0.2137,42.79,On Surface
74550,0.0144,9.9096,1.4629,-2.3664,0.2595,-0.0763,42.46,On Surface
74600,-0.0215,9.9096,1.4174,-2.4733,0.1221,0.1679,42.79,On Surface
74650,-0.0335,9.9120,1.4030,-2.6565,0.5191,0.0153,42.41,On Surface
74700,-0.0120,9.9575,1.4413,-2.1679,0.5191,0.0153,42.60,On Surface
74750,-0.0503,9.9072,1.4916,-2.1221,0.4733,0.0305,42.60,On Surface
74800,-0.0335,9.9288,1.4269,-2.3817,0.3817,-0.2290,42.65,On Surface
74850,-0.0670,9.9790,1.4461,-2.3359,0.6260,-0.1221,42.60,On Surface
74900,-0.0287,9.9742,1.4389,-2.3053,0.6565,-0.1679,42.60,On Surface
74950,-0.0527,9.9000,1.4461,-1.8779,0.5191,-0.2290,42.79,On Surface
75000,-0.0239,9.9288,1.4437,-2.2901,0.5649,-0.3511,42.41,On Surface
75050,-0.0383,9.9407,1.4437,-2.2748,0.5038,0.0763,42.32,On Surface
75100,-0.0479,9.9671,1.4437,-2.0916,0.4885,0.1527,42.51,On Surface
75150,-0.0287,9.9503,1.3838,-2.0916,0.6260,-0.1221,42.65,On Surface
75200,-0.0263,9.8976,1.3719,-2.5649,0.7634,-0.2443,42.98,On Surface
75250,-0.0359,9.9168,1.4126,-2.4733,0.1985,-0.3053,42.79,On Surface
75300,-0.0144,9.8904,1.4245,-2.2137,0.7176,-0.0916,42.60,On Surface
75350,-0.0072,9.9072,1.4006,-2.2137,0.6260,-0.1221,42.79,On Surface
75400,-0.0407,9.9527,1.4676,-2.4580,0.3969,-0.0458,42.41,On Surface
75450,0.0144,9.9168,1.4389,-2.4733,0.3969,-0.1069,42.65,On Surface
75500,0.0168,9.9072,1.4030,-2.3206,0.3053,-0.1069,42.79,On Surface
75550,-0.0359,9.9240,1.4557,-2.3817,0.4733,0.0611,42.93,On Surface
75600,0.0168,9.9359,1.4150,-2.3969,0.4275,-0.1221,42.79,On Surface
75650,0.0048,9.9216,1.4126,-2.5954,0.3969,-0.1221,42.65,On Surface
75700,-0.0479,9.9551,1.3958,-2.5038,0.4122,-0.0611,42.79,On Surface
75750,-0.0072,9.9264,1.4724,-2.2901,0.7786,-0.1221,42.65,On Surface
75800,-0.0670,9.9000,1.4006,-2.4427,0.4275,-0.0458,42.27,On Surface
75850,-0.0455,9.9240,1.4341,-2.4580,0.7634,-0.0611,42.79,On Surface
75900,-0.0072,9.9264,1.4054,-2.3969,0.6412,-0.4427,42.60,On Surface
75950,0.0024,9.9288,1.4605,-2.3053,0.5802,0.1527,42.65,On Surface
76000,-0.0024,9.9383,1.4748,-2.2901,0.4580,-0.0458,42.65,On Surface
76050,0.0048,9.9000,1.4030,-2.7481,0.5802,-0.2748,42.84,On Surface
76100,-0.0503,9.9551,1.3791,-2.5038,0.2290,-0.1527,42.41,On Surface
76150,-0.0120,9.8881,1.4868,-2.5496,0.7634,-0.1985,42.46,On Surface
76200,-0.0192,9.9431,1.4102,-2.4122,0.5649,-0.0763,42.79,On Surface
76250,-0.0072,9.9144,1.4054,-2.3969,0.5802,-0.2748,42.65,On Surface
76300,-0.0024,9.8928,1.3719,-2.3969,0.4885,-0.2595,42.51,On Surface
76350,-0.0048,9.9216,1.4126,-2.1374,0.7176,-0.1221,42.65,On Surface
76400,-0.0120,9.9072,1.3886,-2.2137,0.6565,-0.3969,42.84,On Surface
76450,-0.0144,9.9264,1.4006,-2.5344,0.3969,0.0305,42.60,On Surface
76500,-0.0239,9.9072,1.4365,-2.5496,0.4275,0.0763,42.79,On Surface
76550,-0.0335,9.9144,1.4078,-2.7023,0.3359,-0.2748,42.51,On Surface
76600,-0.0215,9.9024,1.4509,-2.2748,0.4427,-0.3206,42.79,On Surface
76650,0.0120,9.9240,1.4222,-2.5344,0.1527,0.0458,42.79,On Surface
76700,-0.0239,9.9288,1.3719,-2.2290,0.5344,-0.0763,42.46,On Surface
76750,-0.0072,9.9192,1.4198,-2.6718,0.6870,-0.1832,42.84,On Surface
76800,-0.0144,9.9359,1.4078,-2.1679,0.5954,-0.2137,42.65,On Surface
76850,-0.0766,9.9144,1.4868,-2.4122,0.6107,0.0153,42.41,On Surface
76900,0.0000,9.9192,1.4030,-2.2595,0.2290,-0.1221,42.65,On Surface
76950,-0.0431,9.9168,1.3934,-2.4733,0.5344,-0.3206,42.84,On Surface
77000,-0.0335,9.8881,1.4102,-2.3359,0.5496,0.0611,42.84,On Surface
77050,-0.0120,9.9168,1.4269,-2.5038,0.5649,-0.0763,42.60,On Surface
77100,-0.0192,9.8928,1.4389,-2.6412,0.2595,0.1069,42.93,On Surface
77150,-0.0694,9.9407,1.4102,-2.7176,0.3206,-0.1679,42.60,On Surface
77200,-0.0551,9.9216,1.4150,-2.6260,0.8397,-0.3053,42.60,On Surface
77250,-0.0646,9.9455,1.4174,-2.2290,0.4885,-0.1527,42.60,On Surface
77300,-0.0120,9.9335,1.4509,-2.3969,0.6260,-0.1069,42.93,On Surface
77350,-0.0383,9.9264,1.4317,-2.0916,0.5344,-0.2290,42.51,On Surface
77400,-0.0215,9.9072,1.4126,-2.5191,0.3053,0.1069,42.65,On Surface
77450,0.0048,9.9072,1.4365,-2.2290,0.5496,-0.1527,42.74,On Surface
77500,0.0000,9.9335,1.4389,-2.2748,0.2595,-0.2290,42.79,On Surface
77550,-0.0144,9.9000,1.3767,-2.4885,0.6260,0.1679,42.46,On Surface
77600,-0.0383,9.9335,1.4150,-2.2137,0.7023,-0.0153,42.84,On Surface
77650,-0.0335,9.9479,1.3886,-2.3206,0.8244,-0.0458,42.41,On Surface
77700,-0.0646,9.9455,1.3647,-2.4122,0.5344,-0.1374,42.79,On Surface
77750,-0.0335,9.9575,1.4102,-2.3359,0.5344,-0.1985,42.60,On Surface
77800,-0.0215,9.9168,1.4222,-2.1527,0.3359,-0.1374,42.79,On Surface
77850,-0.0383,9.9096,1.4365,-2.1985,0.4580,-0.2137,42.84,On Surface
77900,-0.0144,9.9168,1.3599,-2.2443,0.5344,-0.1985,42.60,On Surface
77950,-0.0144,9.9455,1.4461,-2.0763,0.3206,-0.1679,42.51,On Surface
78000,-0.0239,9.9000,1.4030,-2.3969,0.2748,-0.0611,42.32,On Surface
78050,-0.0239,9.9144,1.4557,-2.2748,0.3664,-0.2443,42.65,On Surface
78100,-0.0048,9.9288,1.3551,-2.4275,0.2443,-0.1374,42.65,On Surface
78150,-0.0144,9.9359,1.3743,-2.4275,0.4275,-0.1527,42.46,On Surface
78200,-0.0407,9.9311,1.4269,-2.4427,0.5802,-0.1679,42.65,On Surface
78250,-0.0215,9.9311,1.3910,-2.2443,0.6870,-0.1985,42.93,On Surface
78300,-0.0503,9.9575,1.4150,-2.3664,0.7176,-0.1221,42.93,On Surface
78350,-0.0287,9.9431,1.4700,-2.4733,0.5649,-0.3511,42.98,On Surface
78400,0.0048,9.9431,1.4222,-2.4122,0.3969,-0.2748,42.79,On Surface
78450,-0.0192,9.9072,1.4126,-2.4733,0.4122,0.1527,42.84,On Surface
78500,-0.0024,9.8904,1.4198,-2.2443,0.3969,0.1069,42.74,On Surface
78550,-0.0024,9.9048,1.4341,-2.5038,0.4580,-0.1374,42.65,On Surface
78600,0.0024,9.9455,1.3671,-2.3359,0.1374,-0.2443,42.60,On Surface
78650,-0.0096,9.9192,1.3886,-2.1679,0.5191,-0.0458,42.65,On Surface
78700,-0.0144,9.9431,1.4317,-2.5649,0.5496,-0.3969,42.32,On Surface
78750,-0.0263,9.9431,1.4461,-2.2595,0.5038,-0.0458,42.65,On Surface
78800,0.0120,9.9192,1.3934,-2.2443,0.7328,-0.2290,42.84,On Surface
78850,-0.0120,9.9311,1.4437,-2.1679,0.2748,-0.1527,42.60,On Surface
78900,-0.0215,9.9383,1.4317,-2.1679,0.2290,-0.3511,42.46,On Surface
78950,-0.0072,9.9503,1.4533,-2.2595,0.5344,-0.1832,42.98,On Surface
79000,-0.0096,9.8928,1.4269,-2.5802,0.3053,-0.3053,42.60,On Surface
79050,0.0096,9.9024,1.4245,-2.1985,0.6870,-0.1832,42.84,On Surface
79100,-0.0670,9.9551,1.4245,-2.4427,0.3511,-0.1985,42.74,On Surface
79150,-0.0024,9.9288,1.4461,-2.4122,0.4885,-0.1221,42.84,On Surface
79200,0.0263,9.9144,1.4222,-2.6565,0.4427,-0.0611,42.60,On Surface
79250,-0.0479,9.9359,1.4245,-2.5649,0.5649,-0.1985,42.65,On Surface
79300,-0.0263,9.9455,1.4006,-2.3206,0.6718,-0.3511,42.41,On Surface
79350,-0.0383,9.9120,1.4676,-2.1679,0.6260,-0.1374,42.46,On Surface
79400,-0.0048,9.9335,1.4605,-2.2595,0.5802,-0.0611,42.98,On Surface
79450,0.0048,9.9431,1.4485,-2.2748,0.4733,-0.2901,42.79,On Surface
79500,0.0048,9.9000,1.4557,-2.5802,0.5954,-0.1985,42.46,On Surface
79550,-0.0120,9.8952,1.4102,-2.2748,0.5496,-0.3664,42.65,On Surface
79600,-0.0407,9.9072,1.3623,-2.5038,0.5191,0.0916,42.60,On Surface
79650,-0.0144,9.9359,1.4940,-2.4275,0.3817,-0.2443,42.79,On Surface
79700,-0.0024,9.9120,1.4198,-2.5038,0.6260,-0.2290,42.60,On Surface
79750,-0.0527,9.9000,1.4365,-2.4885,0.3206,-0.2443,42.93,On Surface
79800,-0.0359,9.9479,1.3862,-2.4733,0.6412,-0.1374,42.46,On Surface
79850,-0.0359,9.9431,1.4126,-2.3969,0.6870,-0.1221,42.60,On Surface
79900,-0.0168,9.9024,1.4102,-2.3511,0.5038,-0.3359,42.74,On Surface
79950,0.0048,9.9192,1.4461,-2.4733,0.5496,-0.1832,42.65,On Surface
80000,-0.0527,9.8881,1.4653,-2.5496,0.4733,-0.1527,42.79,On Surface
80050,-0.0455,9.9072,1.4964,-2.5802,0.4427,-0.2290,42.46,On Surface
80100,-0.0646,9.9407,1.4102,-2.4733,0.4427,-0.4885,42.74,On Surface
80150,-0.0072,9.8785,1.4198,-2.7328,0.3664,-0.3817,42.84,On Surface
80200,-0.0359,9.9335,1.3815,-2.5649,0.4275,-0.1985,42.60,On Surface
80250,-0.0431,9.9647,1.3886,-2.5954,0.4885,-0.3359,42.65,On Surface
80300,-0.0239,9.9048,1.4389,-2.3969,0.4733,-0.4122,42.79,On Surface
80350,-0.0503,9.9120,1.4317,-2.2290,0.6870,0.0000,42.79,On Surface
80400,-0.0335,9.9048,1.4102,-2.2595,0.5802,-0.1374,42.74,On Surface
80450,-0.0335,9.8641,1.4557,-2.3206,0.3511,-0.1221,42.79,On Surface
80500,0.0024,9.9168,1.4269,-2.7328,0.5038,0.0153,42.65,On Surface
80550,-0.0335,9.9503,1.4509,-2.5954,0.3206,-0.2748,42.84,On Surface
80600,-0.0527,9.8904,1.3743,-2.3511,0.5191,-0.1221,42.41,On Surface
80650,-0.0192,9.9311,1.4461,-2.2901,0.3817,-0.3206,42.51,On Surface
80700,-0.0431,9.9264,1.4293,-2.2748,0.8092,0.0153,42.60,On Surface
80750,-0.0646,9.9431,1.4126,-2.2290,0.6718,-0.2595,42.60,On Surface
80800,-0.0048,9.9431,1.4509,-2.2901,0.7023,-0.2595,42.65,On Surface
80850,-0.0048,9.9096,1.4605,-2.0763,0.3817,-0.1527,42.65,On Surface
80900,-0.0263,9.9264,1.4293,-2.0153,0.3206,-0.0763,42.93,On Surface
80950,0.0168,9.9024,1.4126,-2.1679,0.4122,-0.2748,42.60,On Surface
81000,-0.0192,9.9072,1.3551,-2.3969,0.3817,0.0305,42.51,On Surface
81050,-0.0335,9.8833,1.4030,-2.3969,0.5191,-0.0153,42.65,On Surface
81100,-0.0383,9.9168,1.4629,-2.3053,0.4427,0.0153,42.41,On Surface
81150,-0.0431,9.8833,1.4150,-2.1832,0.3817,0.1221,42.51,On Surface
81200,-0.0144,9.9288,1.4653,-2.4733,0.7176,-0.0916,42.60,On Surface
81250,-0.0670,9.9790,1.4198,-2.2595,0.6870,-0.0763,42.60,On Surface
81300,-0.0383,9.9168,1.4198,-2.0305,0.6412,-0.0153,42.60,On Surface
81350,-0.0503,9.9551,1.4389,-2.1527,0.5954,-0.0458,42.60,On Surface
81400,-0.0527,9.9288,1.4676,-2.0763,0.4427,0.0153,42.79,On Surface
81450,0.0048,9.9264,1.4676,-2.3664,0.4733,-0.1679,42.93,On Surface
81500,-0.0263,9.9383,1.4054,-2.1832,0.2595,-0.0763,42.74,On Surface
81550,-0.0048,9.9335,1.4102,-2.2748,0.4733,-0.2290,42.93,On Surface
81600,-0.0527,9.9311,1.4533,-2.4885,0.5191,0.0000,42.65,On Surface
81650,-0.0311,9.9455,1.4030,-2.3053,0.5344,-0.1069,42.51,On Surface
81700,-0.0527,9.9623,1.4557,-2.1221,0.7481,-0.3969,42.79,On Surface
81750,-0.0455,9.9623,1.4174,-2.4885,0.6107,-0.1221,42.79,On Surface
81800,-0.0287,9.9144,1.4629,-2.2137,0.5344,-0.3817,42.84,On Surface
81850,-0.0503,9.9647,1.3934,-2.1679,0.1985,-0.1221,42.51,On Surface
81900,0.0024,9.9479,1.4988,-2.5191,0.3969,-0.0305,42.65,On Surface
81950,0.0024,9.9000,1.4437,-2.2137,0.4275,0.1069,42.60,On Surface
82000,-0.0192,9.9192,1.4102,-2.1374,0.5802,0.0916,42.60,On Surface
82050,-0.0455,9.9264,1.3862,-2.3664,0.5344,-0.2290,42.79,On Surface
82100,-0.0455,9.8952,1.4413,-2.5954,0.3206,-0.0458,42.46,On Surface
82150,-0.0503,9.9216,1.4413,-2.4275,0.3053,-0.1832,42.60,On Surface
82200,-0.0168,9.9024,1.4676,-2.5038,0.2901,-0.1679,42.41,On Surface
82250,-0.0359,9.9216,1.3527,-2.3664,0.1985,-0.2901,42.74,On Surface
82300,0.0000,9.9647,1.4293,-2.1221,0.5496,-0.3206,42.46,On Surface
82350,-0.0646,9.9742,1.4317,-2.1374,0.3969,-0.1221,42.74,On Surface
82400,-0.0263,9.8881,1.4437,-2.3817,0.4275,-0.2748,42.79,On Surface
82450,-0.0048,9.8928,1.4341,-2.2137,0.1832,-0.1221,42.93,On Surface
82500,-0.0383,9.9431,1.5251,-2.5038,0.8092,-0.2595,42.65,On Surface
82550,-0.0048,9.9168,1.4102,-2.2137,0.4733,-0.2290,42.65,On Surface
82600,-0.0527,9.9096,1.4126,-2.5649,0.4427,-0.4580,42.65,On Surface
82650,-0.0527,9.9240,1.4509,-2.2901,0.5038,-0.2901,42.74,On Surface
82700,-0.0168,9.9072,1.3312,-2.1985,0.3817,-0.0763,42.79,On Surface
82750,-0.0120,9.9168,1.3743,-2.3817,0.4580,-0.2443,42.74,On Surface
82800,-0.0359,9.9335,1.4078,-2.2290,0.6718,-0.0458,42.51,On Surface
82850,-0.0215,9.9240,1.4198,-2.4427,0.7023,0.1069,42.74,On Surface
82900,-0.0503,9.9216,1.3838,-2.3817,0.4580,-0.2443,42.65,On Surface
82950,-0.0168,9.9311,1.4293,-2.3359,0.5038,-0.0916,42.65,On Surface
83000,-0.0192,9.9311,1.4198,-2.5038,0.5344,-0.1985,42.74,On Surface
83050,-0.0096,9.9048,1.4485,-2.7328,0.3664,0.1527,42.74,On Surface
83100,-0.0359,9.9288,1.4341,-2.5954,0.5496,-0.2443,42.60,On Surface
83150,-0.0407,9.9695,1.3910,-2.3969,0.3664,-0.0153,42.60,On Surface
83200,-0.0670,9.9551,1.4102,-2.3969,0.6260,-0.0611,42.65,On Surface
83250,-0.0096,9.9144,1.4126,-2.3664,0.5496,-0.0763,42.27,On Surface
83300,-0.0383,9.9527,1.4174,-2.1985,0.3359,-0.3664,42.84,On Surface
83350,-0.0144,9.9120,1.3934,-2.2443,0.6107,-0.1985,42.79,On Surface
83400,0.0000,9.9096,1.4557,-2.4427,0.6260,-0.1832,42.60,On Surface
83450,0.0048,9.9072,1.4365,-2.5496,0.1221,-0.1374,42.65,On Surface
83500,-0.0144,9.9000,1.4269,-2.7328,0.3359,0.1221,42.93,On Surface
83550,-0.0287,9.9311,1.4198,-2.2595,0.5496,-0.1069,42.60,On Surface
83600,-0.0383,9.8928,1.4389,-2.4580,0.3664,-0.1832,42.60,On Surface
83650,-0.0239,9.9383,1.4078,-2.3969,0.5954,-0.1832,42.74,On Surface
83700,-0.0335,9.8928,1.4174,-2.4733,0.6718,-0.3511,42.60,On Surface
83750,-0.0455,9.9168,1.4748,-2.3359,0.4427,-0.2290,42.84,On Surface
83800,-0.0192,9.9240,1.3743,-2.1985,0.5496,-0.1679,42.65,On Surface
83850,0.0072,9.9192,1.4317,-2.4885,0.3359,-0.1832,42.79,On Surface
83900,-0.0120,9.9048,1.3695,-2.4885,0.3511,-0.1527,42.60,On Surface
83950,0.0168,9.9264,1.4269,-2.2901,0.5038,-0.0611,42.60,On Surface
84000,-0.0359,9.9407,1.4413,-2.4275,0.0153,-0.1374,42.60,On Surface
84050,-0.0407,9.9503,1.3647,-2.3359,0.5954,0.0000,42.65,On Surface
84100,-0.0168,9.9359,1.3862,-2.2443,0.7786,-0.3206,42.65,On Surface
84150,-0.0599,9.9144,1.4485,-2.1069,0.4733,-0.3053,42.65,On Surface
84200,-0.0263,9.9695,1.4150,-2.2595,0.4427,-0.2290,42.46,On Surface
84250,-0.0622,9.9311,1.4317,-2.3206,0.5038,-0.2901,42.93,On Surface
84300,-0.0575,9.9575,1.3910,-2.3359,0.3969,-0.0611,42.65,On Surface
84350,0.0048,9.9288,1.4269,-2.5344,0.1679,-0.2748,42.65,On Surface
84400,-0.0072,9.9120,1.4198,-2.5038,0.2290,-0.2290,42.79,On Surface
84450,-0.0383,9.9168,1.4533,-2.3664,0.6107,0.2901,42.60,On Surface
84500,-0.0239,9.9240,1.4317,-2.4122,0.4580,-0.2137,42.93,On Surface
84550,-0.0407,9.9335,1.4030,-2.4580,0.5344,-0.1221,42.65,On Surface
84600,-0.0383,9.9359,1.4772,-2.3511,0.5496,-0.2290,42.79,On Surface
84650,-0.0048,9.9240,1.4413,-2.4275,0.3206,-0.0611,42.84,On Surface
84700,-0.0742,9.9431,1.3503,-2.3969,0.3359,-0.0763,42.93,On Surface
84750,-0.0503,9.9311,1.3958,-2.3664,0.2290,-0.2290,42.65,On Surface
84800,-0.0407,9.9311,1.4437,-2.2901,0.6718,-0.2595,42.41,On Surface
84850,-0.0359,9.8904,1.4006,-2.4733,0.2595,0.0000,42.65,On Surface
84900,-0.0407,9.9335,1.3886,-2.2748,0.2595,-0.1069,42.60,On Surface
84950,-0.0192,9.9264,1.4126,-2.3359,0.4580,-0.1679,42.74,On Surface
85000,-0.0192,9.9359,1.4102,-2.0611,0.5496,0.0305,42.65,On Surface
85050,-0.0718,9.9120,1.4006,-2.4275,0.4580,-0.2290,42.74,On Surface
85100,-0.0622,9.9335,1.3958,-2.3359,0.5191,-0.4427,42.51,On Surface
85150,-0.0335,9.8904,1.4126,-2.2595,0.1221,-0.4885,42.60,On Surface
85200,-0.0239,9.8976,1.4413,-2.2748,0.6718,0.0000,42.79,On Surface
85250,-0.0263,9.9144,1.5107,-2.2901,0.4885,-0.0305,42.74,On Surface
85300,-0.0503,9.9048,1.4245,-2.2137,0.4580,-0.1221,42.65,On Surface
85350,-0.0168,9.9024,1.4102,-2.3053,0.3664,-0.1221,42.65,On Surface
85400,-0.0287,9.9000,1.4533,-2.3359,0.5649,-0.1679,42.65,On Surface
85450,0.0072,9.9288,1.4293,-2.5344,0.2443,-0.0916,42.74,On Surface
85500,-0.0192,9.8857,1.4150,-2.3206,0.5344,-0.2443,42.74,On Surface
85550,-0.0311,9.9072,1.3479,-2.2137,0.3206,-0.4885,42.65,On Surface
85600,-0.0551,9.9264,1.4557,-2.5496,0.5191,-0.2290,42.51,On Surface
85650,-0.0599,9.9431,1.3791,-2.4733,0.4275,-0.1985,42.41,On Surface
85700,-0.0096,9.9407,1.4485,-2.2595,0.6718,0.0458,42.84,On Surface
85750,0.0048,9.9024,1.4222,-2.2443,0.5496,-0.1527,42.51,On Surface
85800,-0.0383,9.8833,1.4748,-2.5344,0.4885,0.1069,42.46,On Surface
85850,-0.0383,9.9240,1.3743,-2.2595,0.5191,-0.1679,42.74,On Surface
85900,0.0096,9.9144,1.4509,-2.3359,0.3817,-0.3053,42.74,On Surface
85950,-0.0120,9.9096,1.4724,-2.2595,0.2901,-0.2595,42.60,On Surface
86000,-0.0503,9.9120,1.3958,-2.3969,0.3664,0.0458,42.46,On Surface
86050,-0.0192,9.9335,1.4150,-2.5038,0.4733,-0.1527,42.65,On Surface
86100,-0.0120,9.9096,1.4389,-2.2137,0.6565,-0.1832,42.74,On Surface
86150,0.0072,9.9192,1.4317,-2.3664,0.2748,-0.3206,42.79,On Surface
86200,-0.0168,9.9072,1.4437,-2.2901,0.6107,0.0000,42.65,On Surface
86250,0.0048,9.9264,1.4557,-2.3969,0.4427,-0.2748,42.74,On Surface
86300,0.0120,9.9288,1.4078,-2.3664,0.4733,-0.2137,42.98,On Surface
86350,-0.0072,9.9144,1.4605,-2.4122,0.5038,-0.1679,42.46,On Surface
86400,-0.0072,9.8976,1.4102,-2.6565,0.4580,0.1679,42.84,On Surface
86450,-0.0048,9.9575,1.4222,-2.5496,0.4275,-0.0153,42.79,On Surface
86500,-0.0192,9.9120,1.4126,-2.4733,0.4122,-0.3206,42.84,On Surface
86550,0.0048,9.9216,1.4676,-2.2748,0.7786,-0.1069,42.65,On Surface
86600,-0.0383,9.9383,1.4389,-2.4580,0.6260,-0.1069,42.51,On Surface
86650,0.0000,9.9144,1.4269,-2.3817,0.5191,-0.1069,42.65,On Surface
86700,0.0024,9.9383,1.4293,-2.3359,0.5954,-0.3359,42.74,On Surface
86750,0.0048,9.9000,1.4868,-2.5191,0.5649,-0.1527,42.60,On Surface
86800,-0.0287,9.9072,1.4030,-2.3817,0.5496,-0.2137,42.74,On Surface
86850,-0.0287,9.9479,1.4102,-2.5191,0.5191,-0.1527,42.74,On Surface
86900,-0.0215,9.9120,1.4916,-2.6870,0.4733,-0.2137,42.93,On Surface
86950,-0.0263,9.9096,1.4341,-2.3817,0.5191,-0.1221,42.60,On Surface
87000,0.0048,9.9048,1.4341,-2.3969,0.5649,-0.0305,42.65,On Surface
87050,-0.0359,9.8928,1.4198,-2.3511,0.5954,0.0763,42.79,On Surface
87100,-0.0287,9.9288,1.3479,-2.3664,0.6870,-0.0611,42.65,On Surface
87150,-0.0192,9.9647,1.3599,-2.3664,0.4580,-0.2748,42.46,On Surface
87200,-0.0144,9.9144,1.4605,-2.5649,0.4733,-0.1985,42.74,On Surface
87250,-0.0120,9.9048,1.3934,-2.0916,0.4580,-0.2595,42.79,On Surface
87300,-0.0120,9.8809,1.4413,-2.2748,0.4122,-0.2748,42.65,On Surface
87350,-0.0168,9.9240,1.4892,-2.3817,0.2595,-0.3359,42.79,On Surface
87400,-0.0431,9.9096,1.4748,-2.3664,0.5649,-0.1069,42.65,On Surface
87450,-0.0383,9.9335,1.4006,-2.4122,0.2901,0.0305,42.60,On Surface
87500,-0.0407,9.8641,1.4150,-2.5649,0.5344,-0.3511,42.65,On Surface
87550,-0.0431,9.9072,1.4150,-2.3969,0.6412,-0.2137,42.84,On Surface
87600,-0.0551,9.9790,1.4174,-2.3817,0.4427,0.0000,42.65,On Surface
87650,-0.0311,9.9455,1.4126,-2.1527,0.3511,-0.1069,42.60,On Surface
87700,-0.0455,9.9311,1.4054,-2.3511,0.4580,-0.2443,42.65,On Surface
87750,-0.0120,9.8952,1.3791,-2.3511,0.5802,0.0000,42.60,On Surface
87800,-0.0383,9.9120,1.4365,-2.2290,0.5344,-0.2443,42.74,On Surface
87850,-0.0407,9.9144,1.4748,-2.4427,0.5344,-0.0763,42.46,On Surface
87900,-0.0599,9.9216,1.3934,-2.3817,0.4122,-0.0611,42.65,On Surface
87950,-0.0335,9.9407,1.4245,-2.5038,0.5191,-0.1374,42.60,On Surface
88000,-0.0215,9.9623,1.4198,-2.5344,0.6107,0.1679,42.65,On Surface
88050,-0.0766,9.9240,1.3719,-2.4122,0.4580,-0.1985,42.93,On Surface
88100,-0.0311,9.9575,1.4054,-2.3053,0.5038,-0.1985,42.74,On Surface
88150,-0.0479,9.9479,1.3862,-2.2901,0.5496,-0.0458,42.46,On Surface
88200,-0.0527,9.9359,1.3982,-2.2748,0.5802,-0.1221,42.84,On Surface
88250,-0.0575,9.9551,1.4844,-2.2443,0.4580,-0.1221,42.79,On Surface
88300,-0.0096,9.9455,1.4389,-2.0916,0.6412,-0.0611,42.51,On Surface
88350,-0.0263,9.9168,1.4317,-2.3053,0.4275,0.1374,42.79,On Surface
88400,-0.0120,9.8737,1.3647,-2.3511,0.2595,-0.1985,42.79,On Surface
88450,-0.0335,9.8952,1.3503,-2.3359,0.5649,-0.0763,42.84,On Surface
88500,-0.0239,9.9479,1.4222,-2.3359,0.5649,-0.1679,42.79,On Surface
88550,-0.0120,9.9527,1.3910,-2.4580,0.4275,-0.1985,42.65,On Surface
88600,-0.0455,9.9264,1.4245,-2.0458,0.4733,0.0305,42.65,On Surface
88650,-0.0024,9.9288,1.4365,-2.1527,0.1679,0.1527,42.93,On Surface
88700,-0.0120,9.9359,1.4293,-2.2595,0.5344,-0.2748,42.84,On Surface
88750,-0.0311,9.9359,1.4437,-2.3206,0.4275,-0.0458,42.65,On Surface
88800,-0.0048,9.9407,1.4269,-2.2901,0.2137,-0.0763,42.84,On Surface
88850,0.0024,9.9503,1.4150,-2.2748,0.4427,0.0458,42.74,On Surface
88900,0.0096,9.9311,1.4030,-2.3206,0.6107,-0.1679,43.12,On Surface
88950,-0.0072,9.9216,1.3455,-2.4580,0.3359,-0.1832,42.84,On Surface
89000,-0.0311,9.9599,1.4150,-2.5191,0.7786,0.0000,42.51,On Surface
89050,0.0000,9.9647,1.4724,-2.3053,0.3664,-0.1985,42.65,On Surface
89100,-0.0239,9.9359,1.3934,-2.2137,0.4275,-0.1679,42.79,On Surface
89150,-0.0455,9.9479,1.4245,-2.3206,0.5954,-0.2137,42.60,On Surface
89200,-0.0383,9.9096,1.4030,-2.2443,0.4885,-0.0763,42.84,On Surface
89250,0.0168,9.8904,1.4557,-2.1374,0.5649,-0.0458,42.74,On Surface
89300,0.0048,9.9024,1.4150,-2.5038,0.6107,0.0458,42.65,On Surface
89350,-0.0455,9.8785,1.4174,-2.6260,0.2595,0.0763,42.93,On Surface
89400,-0.0239,9.9120,1.4198,-2.5038,0.6412,-0.1069,42.84,On Surface
89450,-0.0335,9.9311,1.4245,-2.5496,0.5038,0.1069,42.93,On Surface
89500,-0.0263,9.9479,1.4054,-2.7176,0.1832,0.0611,42.65,On Surface
89550,-0.0311,9.9527,1.4054,-2.3664,0.4885,0.0458,42.79,On Surface
89600,-0.0168,9.9072,1.3886,-2.2748,0.6870,-0.3511,42.60,On Surface
89650,-0.0072,9.9288,1.4078,-2.1221,0.4885,0.1832,42.79,On Surface
89700,-0.0072,9.9120,1.4700,-2.2901,0.3664,-0.2290,42.51,On Surface
89750,-0.0742,9.9288,1.4700,-2.3511,0.4733,-0.0458,42.65,On Surface
89800,0.0000,9.9264,1.4509,-2.4580,0.4275,-0.1374,42.79,On Surface
89850,0.0144,9.8785,1.4485,-2.3969,0.5649,-0.1069,42.65,On Surface
89900,-0.0024,9.8952,1.4772,-2.3664,0.3053,-0.0305,42.79,On Surface
89950,-0.0144,9.9144,1.4222,-2.4122,0.5191,-0.2748,42.79,On Surface
90000,-0.0551,9.9623,1.4030,-2.5496,0.4122,-0.1527,42.84,On Surface
90050,-0.0311,9.9695,1.3982,-2.2901,0.7328,-0.1679,42.74,On Surface
90100,-0.0311,9.9599,1.4293,-2.4733,0.5954,-0.1221,42.84,On Surface
90150,-0.0527,9.9359,1.4365,-2.1985,0.4427,-0.1527,42.51,On Surface
90200,-0.0144,9.9120,1.4198,-2.2290,0.3969,-0.2137,42.60,On Surface
90250,-0.0048,9.8952,1.4078,-2.2748,0.2901,-0.1679,42.79,On Surface
90300,-0.0120,9.9048,1.4198,-2.5649,0.3511,-0.1527,42.65,On Surface
90350,0.0048,9.9024,1.4222,-2.3664,0.9008,-0.0763,42.65,On Surface
90400,-0.0239,9.9000,1.4629,-2.4733,0.6412,-0.1069,42.65,On Surface
90450,-0.0168,9.9718,1.4222,-2.5496,0.3053,-0.0458,42.65,On Surface
90500,-0.0551,9.9766,1.3838,-2.4275,0.3511,-0.1832,42.60,On Surface
90550,-0.0287,9.9024,1.4222,-2.3817,0.4275,-0.1832,42.79,On Surface
90600,-0.0024,9.9072,1.3623,-2.3969,0.7328,0.0000,42.51,On Surface
90650,-0.0551,9.9311,1.3910,-2.3817,0.3053,-0.1679,42.74,On Surface
90700,-0.0144,9.9072,1.4676,-2.2595,0.6260,-0.1221,42.46,On Surface
90750,-0.0479,9.9144,1.4461,-2.4885,0.2748,-0.1221,42.74,On Surface
90800,0.0024,9.9431,1.3695,-2.5344,0.2901,-0.2748,42.84,On Surface
90850,-0.0383,9.9359,1.4820,-2.4122,0.4275,-0.3206,42.98,On Surface
90900,0.0096,9.9120,1.4413,-2.3664,0.4733,-0.1679,42.79,On Surface
90950,-0.0407,9.9240,1.4006,-2.3206,0.4427,-0.1374,42.93,On Surface
91000,-0.0599,9.9359,1.4269,-2.2748,0.5954,0.0000,42.32,On Surface
91050,-0.0048,9.9383,1.5012,-2.3969,0.6870,0.0000,42.93,On Surface
91100,-0.0599,9.9551,1.3527,-2.3664,0.8244,-0.1985,42.84,On Surface
91150,-0.0335,9.9311,1.4102,-2.3206,0.3817,-0.2748,42.65,On Surface
91200,-0.0431,9.9216,1.4174,-2.1679,0.3664,0.0153,42.74,On Surface
91250,-0.0287,9.8928,1.4317,-2.2443,0.3817,-0.1832,42.79,On Surface
91300,0.0000,9.9144,1.4078,-2.3206,0.5496,0.0611,42.79,On Surface
91350,-0.0215,9.9072,1.3982,-2.5191,0.3053,-0.0305,42.51,On Surface
91400,-0.0215,9.9192,1.4293,-2.4122,0.1985,-0.4427,42.60,On Surface
91450,-0.0096,9.9311,1.4317,-2.4275,0.4733,0.1221,42.65,On Surface
91500,-0.0479,9.9240,1.3575,-2.4427,0.4733,-0.1069,42.65,On Surface
91550,-0.0287,9.9240,1.4198,-2.2137,0.4580,-0.3969,42.65,On Surface
91600,-0.0575,9.9407,1.3719,-2.4275,0.5191,-0.1985,42.60,On Surface
91650,-0.0287,9.9288,1.4605,-2.2901,0.6107,-0.1679,42.46,On Surface
91700,-0.0431,9.8904,1.4629,-2.2443,0.7481,0.2595,42.65,On Surface
91750,-0.0527,9.9120,1.4198,-2.2290,0.4885,-0.0458,42.93,On Surface
91800,-0.0718,9.9144,1.3767,-2.1985,0.3664,0.1069,42.79,On Surface
91850,-0.0239,9.9096,1.4533,-2.3206,0.3359,0.4427,42.79,On Surface
91900,-0.0359,9.9479,1.4174,-2.4122,0.3511,-0.0611,42.65,On Surface
91950,-0.0599,9.8952,1.4054,-2.4580,0.5038,-0.0153,42.65,On Surface
92000,-0.0503,9.9431,1.4605,-2.4275,0.5344,-0.3206,42.84,On Surface
92050,-0.0144,9.9431,1.4341,-2.2748,0.5344,-0.0153,42.74,On Surface
92100,-0.0335,9.9479,1.4269,-2.3817,0.6412,-0.1832,42.46,On Surface
92150,-0.0287,9.9311,1.4653,-2.2443,0.1985,-0.0458,42.74,On Surface
92200,-0.0359,9.9479,1.3934,-2.2748,0.4275,0.0611,42.74,On Surface
92250,-0.0551,9.9311,1.4269,-2.3511,0.1069,-0.1069,42.93,On Surface
92300,-0.0335,9.9288,1.4581,-2.3817,0.4733,-0.0611,42.60,On Surface
92350,-0.0168,9.9527,1.4198,-2.5191,0.6260,0.2595,42.74,On Surface
92400,-0.0479,9.9479,1.3934,-2.3817,0.4275,-0.1679,42.74,On Surface
92450,-0.0527,9.9335,1.4078,-2.3359,0.7634,-0.3359,42.79,On Surface
92500,-0.0311,9.9264,1.3886,-2.2290,0.4580,-0.2443,42.74,On Surface
92550,-0.0383,9.9288,1.4198,-2.5344,0.5954,-0.0916,42.65,On Surface
92600,-0.0024,9.8857,1.4389,-2.3053,0.6412,-0.0916,42.51,On Surface
92650,-0.0048,9.8952,1.3719,-2.0305,0.4885,-0.0153,42.60,On Surface
92700,-0.0311,9.9072,1.4509,-2.3511,0.6260,-0.0611,42.79,On Surface
92750,-0.0096,9.8952,1.4748,-2.1527,0.5954,0.0000,42.65,On Surface
92800,0.0192,9.9383,1.4509,-2.4885,0.4580,-0.0763,42.60,On Surface
92850,-0.0120,9.9000,1.4748,-2.4885,0.3206,0.1069,42.79,On Surface
92900,-0.0239,9.9503,1.3862,-2.1832,0.5038,-0.0763,42.93,On Surface
92950,-0.0239,9.9647,1.4341,-2.5496,0.6412,-0.2595,42.65,On Surface
93000,-0.0096,9.9359,1.4174,-2.4275,0.5954,0.0916,42.41,On Surface
93050,-0.0048,9.9335,1.4174,-2.2748,0.3817,-0.1069,42.65,On Surface
93100,-0.0479,9.9264,1.4676,-2.2595,0.3053,0.0458,42.79,On Surface
93150,-0.0287,9.9048,1.3743,-2.1832,0.5954,-0.4427,42.79,On Surface
93200,-0.0144,9.9192,1.4030,-2.4580,0.6718,-0.4275,42.79,On Surface
93250,0.0024,9.8928,1.4509,-2.2901,0.4427,0.0000,42.60,On Surface
93300,-0.0096,9.9000,1.4198,-2.4122,0.4733,-0.1832,42.79,On Surface
93350,0.0000,9.9551,1.3886,-2.5802,0.4275,-0.0916,42.51,On Surface
93400,-0.0263,9.9288,1.4198,-2.6107,0.5802,0.1985,42.93,On Surface
93450,-0.0048,9.9527,1.4485,-2.4580,0.4580,0.0763,42.74,On Surface
93500,-0.0359,9.9766,1.4509,-2.4275,0.5496,-0.1069,42.84,On Surface
93550,0.0144,9.9623,1.4054,-2.5344,0.5344,-0.3817,42.60,On Surface
93600,-0.0215,9.9431,1.4006,-2.3511,0.5038,-0.3511,42.74,On Surface
93650,-0.0383,9.9072,1.3958,-2.0000,0.8092,-0.3817,42.84,On Surface
93700,-0.0192,9.9479,1.4437,-2.3511,0.5649,-0.1985,43.02,On Surface
93750,-0.0024,9.8928,1.4389,-2.4275,0.5954,-0.2290,42.60,On Surface
93800,-0.0168,9.9335,1.4724,-2.5802,0.1985,0.0153,42.93,On Surface
93850,-0.0024,9.9407,1.4700,-2.3969,0.6107,0.0916,42.74,On Surface
93900,-0.0287,9.8737,1.4126,-2.3053,0.2290,0.0916,42.98,On Surface
93950,-0.0335,9.9407,1.4461,-2.4580,0.6565,-0.2290,42.98,On Surface
94000,-0.0335,9.9455,1.4461,-2.5038,0.7328,-0.2290,42.60,On Surface
94050,-0.0072,9.9335,1.3815,-2.9160,0.5802,-0.3053,42.60,On Surface
94100,-0.0096,9.9311,1.4653,-2.3206,0.5954,0.0611,42.93,On Surface
94150,-0.0455,9.9455,1.4054,-2.3359,0.6870,-0.2443,42.60,On Surface
94200,-0.0096,9.9144,1.4126,-2.3206,0.5954,-0.0153,42.74,On Surface
94250,0.0263,9.8833,1.4054,-2.4885,0.7328,-0.1527,42.93,On Surface
94300,-0.0024,9.8809,1.4964,-2.3969,0.5191,-0.1069,42.74,On Surface
94350,-0.0431,9.9072,1.4796,-2.5191,0.3511,-0.1832,42.79,On Surface
94400,-0.0551,9.9814,1.4653,-2.5496,0.6260,-0.1832,42.79,On Surface
94450,-0.0479,9.9335,1.4557,-2.3053,0.6260,-0.1985,42.60,On Surface
94500,-0.0287,9.9814,1.4413,-2.3664,0.8092,0.0153,42.60,On Surface
94550,-0.0551,9.9096,1.4245,-2.3664,0.4580,-0.0611,42.84,On Surface
94600,-0.0575,9.8665,1.4269,-2.2595,0.2595,-0.1069,42.60,On Surface
94650,-0.0120,9.9240,1.3815,-2.2901,0.5038,-0.1069,42.79,On Surface
94700,-0.0359,9.9335,1.4413,-1.9847,0.5802,-0.0153,42.46,On Surface
94750,-0.0192,9.9168,1.4317,-2.4427,-0.0153,-0.0916,42.46,On Surface
94800,-0.0072,9.9144,1.4413,-2.3359,0.2443,0.0305,42.79,On Surface
94850,0.0000,9.9216,1.4365,-2.3511,0.4733,0.0458,42.60,On Surface
94900,-0.0072,9.9000,1.3886,-2.3511,0.2748,0.0763,42.41,On Surface
94950,0.0024,9.9120,1.4222,-2.2595,0.7481,0.0763,42.79,On Surface
95000,-0.0766,9.9144,1.4293,-2.4275,0.3206,-0.2443,42.74,On Surface
95050,-0.0383,9.9647,1.4317,-2.2595,0.3817,-0.1069,42.79,On Surface
95100,-0.0359,9.9048,1.4653,-2.3664,0.3664,-0.1832,42.60,On Surface
95150,-0.0503,9.9144,1.4653,-2.2443,0.5954,-0.1221,42.84,On Surface
95200,-0.0575,9.9096,1.4102,-2.3969,0.2595,-0.2137,42.60,On Surface
95250,-0.0503,9.9240,1.4317,-2.2290,0.5038,0.0458,42.84,On Surface
95300,-0.0096,9.8976,1.4269,-2.4427,0.4885,0.0611,42.60,On Surface
95350,-0.0694,9.9503,1.4150,-2.4580,0.1985,0.0458,42.84,On Surface
95400,-0.0239,9.9311,1.4293,-2.3817,0.5802,-0.0153,42.65,On Surface
95450,-0.0311,9.9503,1.4174,-2.6260,0.5649,0.0458,42.74,On Surface
95500,-0.0192,9.9216,1.4341,-2.2595,0.5496,-0.0153,42.65,On Surface
95550,-0.0144,9.9742,1.4581,-2.0763,0.6260,-0.0916,43.02,On Surface
95600,-0.0359,9.9551,1.4365,-2.2595,0.5954,-0.1374,42.84,On Surface
95650,0.0144,9.9144,1.3743,-2.3053,0.4275,-0.1069,42.93,On Surface
95700,-0.0024,9.9048,1.4724,-2.3817,0.3206,-0.2595,42.41,On Surface
95750,-0.0239,9.9264,1.4078,-2.3359,0.4885,-0.1221,42.65,On Surface
95800,-0.0120,9.8881,1.4557,-2.3969,0.5954,-0.1527,42.98,On Surface
95850,-0.0455,9.9671,1.4150,-2.2443,0.3511,-0.0305,42.60,On Surface
95900,-0.0431,9.9407,1.4054,-2.1832,0.5038,-0.1679,42.74,On Surface
95950,-0.0335,9.9551,1.3910,-2.5802,0.4885,-0.1679,42.79,On Surface
96000,-0.0096,9.8952,1.4078,-2.3664,0.3359,-0.3817,42.79,On Surface
96050,-0.0407,9.9431,1.3623,-2.3511,0.6718,0.1832,42.79,On Surface
96100,0.0120,9.9264,1.4030,-2.2137,0.4122,-0.1221,42.79,On Surface
96150,0.0192,9.9264,1.4748,-2.3817,0.5496,-0.1374,42.79,On Surface
96200,-0.0383,9.9048,1.4413,-2.7328,0.3206,-0.1527,42.51,On Surface
96250,0.0024,9.9264,1.3647,-2.3206,0.3817,-0.1221,42.60,On Surface
96300,-0.0311,9.9575,1.3934,-2.3053,0.5649,-0.0458,42.65,On Surface
96350,0.0096,9.9503,1.4245,-2.1374,0.3053,0.0916,42.79,On Surface
96400,-0.0766,9.9383,1.4150,-2.4885,0.3817,-0.4580,42.93,On Surface
96450,-0.0215,9.9335,1.4581,-2.5802,0.1527,-0.2137,42.74,On Surface
96500,-0.0263,9.9599,1.3575,-2.3511,0.2748,-0.0763,42.98,On Surface
96550,0.0407,9.9240,1.4533,-2.1374,0.1221,-0.1527,42.74,On Surface
96600,0.0024,9.8952,1.4485,-2.5649,0.6412,-0.0611,42.93,On Surface
96650,-0.0048,9.9168,1.3838,-2.1679,0.4580,-0.3053,42.79,On Surface
96700,0.0192,9.8904,1.4174,-2.4427,0.6412,-0.2443,42.74,On Surface
96750,-0.0263,9.9335,1.4006,-2.3817,0.6718,-0.2748,42.84,On Surface
96800,-0.0072,9.9623,1.3958,-2.5191,0.3817,0.1527,42.79,On Surface
96850,-0.0263,9.8952,1.3862,-2.5802,0.4733,-0.3511,42.27,On Surface
96900,-0.0239,9.9359,1.3862,-2.2901,0.3511,-0.2595,42.79,On Surface
96950,-0.0215,9.9527,1.4030,-2.2443,0.5344,0.0000,42.41,On Surface
97000,-0.0048,9.9503,1.3551,-2.4427,0.5954,0.0153,42.84,On Surface
97050,-0.0192,9.8785,1.4509,-2.5649,0.4275,-0.0916,42.93,On Surface
97100,0.0335,9.9144,1.4317,-2.4427,0.5344,-0.1679,42.65,On Surface
97150,-0.0096,9.9240,1.4868,-2.4580,0.5649,-0.1527,42.74,On Surface
97200,-0.0263,9.9503,1.3599,-2.3664,0.4427,-0.2290,42.60,On Surface
97250,-0.0072,9.9144,1.4245,-2.5496,0.7023,-0.1832,42.65,On Surface
97300,-0.0215,9.8952,1.4222,-2.5191,0.6565,-0.2748,42.74,On Surface
97350,-0.0455,9.9216,1.3479,-2.2290,0.6412,-0.1679,42.84,On Surface
97400,-0.0455,9.9599,1.4605,-2.3969,0.4733,-0.0611,42.51,On Surface
97450,-0.0215,9.9096,1.3743,-2.2748,0.6260,-0.2748,42.65,On Surface
97500,-0.0670,9.8713,1.4533,-2.3817,0.1374,-0.2901,42.84,On Surface
97550,-0.0646,9.9359,1.4413,-2.2290,0.3969,0.1679,42.46,On Surface
97600,-0.0192,9.8761,1.4389,-2.5649,0.2443,-0.3969,42.74,On Surface
97650,-0.0120,9.9216,1.4389,-2.2595,0.2595,-0.0305,42.79,On Surface
97700,-0.0024,9.9407,1.4245,-2.5496,0.2290,-0.0458,42.93,On Surface
97750,-0.0431,9.9503,1.4629,-2.5649,0.2901,-0.1069,42.79,On Surface
97800,-0.0479,9.9527,1.3958,-2.3359,0.7328,-0.0916,42.65,On Surface
97850,-0.0311,9.9407,1.4269,-2.5344,0.4885,0.0000,42.93,On Surface
97900,-0.0407,9.9431,1.3982,-2.4885,0.5649,-0.2443,42.93,On Surface
97950,-0.0239,9.9096,1.3862,-2.4885,0.4275,-0.0763,42.93,On Surface
98000,-0.0431,9.8904,1.4006,-2.4122,0.3206,-0.3053,42.93,On Surface
98050,-0.0479,9.9311,1.4413,-2.4427,0.3969,-0.1221,42.98,On Surface
98100,-0.0144,9.9288,1.4245,-2.0153,0.5802,-0.2595,42.79,On Surface
98150,-0.0072,9.8928,1.4509,-2.3969,0.5344,0.0000,42.60,On Surface
98200,-0.0215,9.9120,1.3934,-2.2290,0.4275,0.1985,42.74,On Surface
98250,-0.0048,9.9120,1.4222,-2.3359,0.3206,0.0916,42.98,On Surface
98300,-0.0048,9.9311,1.3862,-2.3969,0.5954,0.2290,42.65,On Surface
98350,-0.0622,9.9551,1.3838,-2.6412,0.4427,0.0153,42.93,On Surface
98400,-0.0383,9.9240,1.4102,-2.2137,0.5802,-0.0153,42.51,On Surface
98450,-0.0383,9.9168,1.4700,-2.1832,0.3511,-0.2137,42.84,On Surface
98500,-0.0335,9.9359,1.3982,-2.0763,0.6870,-0.1679,42.46,On Surface
98550,0.0048,9.9096,1.4557,-2.2595,0.5191,-0.1679,42.93,On Surface
98600,-0.0431,9.8857,1.4653,-2.3511,0.5191,-0.0458,42.93,On Surface
98650,-0.0096,9.9096,1.4533,-2.1221,0.6260,-0.0763,42.65,On Surface
98700,-0.0120,9.9048,1.3671,-2.6870,0.1374,-0.1832,42.74,On Surface
98750,-0.0072,9.9455,1.3671,-2.3664,0.3969,-0.3053,42.60,On Surface
98800,-0.0263,9.9551,1.4102,-2.3664,0.3969,-0.1221,42.65,On Surface
98850,-0.0575,9.9575,1.3791,-2.3053,0.6718,-0.0458,42.74,On Surface
98900,-0.0527,9.9575,1.4437,-2.3511,0.3511,-0.0153,42.84,On Surface
98950,-0.0215,9.9311,1.4198,-2.5802,0.4733,-0.1069,42.65,On Surface
99000,-0.0431,9.9311,1.4102,-2.2595,0.3206,-0.0916,42.60,On Surface
99050,-0.0479,9.9311,1.4222,-2.0916,0.1985,-0.1069,42.79,On Surface
99100,-0.0383,9.9479,1.4222,-2.1679,0.2748,-0.1985,42.79,On Surface
99150,-0.0144,9.9120,1.4222,-2.5038,0.7176,-0.2290,42.79,On Surface
99200,-0.0527,9.9431,1.4150,-2.3817,0.3206,-0.0611,42.60,On Surface
99250,-0.0431,9.9527,1.3743,-2.5496,0.4580,-0.2595,42.79,On Surface
99300,-0.0383,9.9072,1.4102,-2.5344,0.5649,-0.1374,42.74,On Surface
99350,-0.0311,9.9264,1.4341,-2.3511,0.5649,-0.1679,42.74,On Surface
99400,-0.0455,9.9479,1.4509,-2.1985,0.6107,0.0000,42.65,On Surface
99450,-0.0239,9.9264,1.5203,-2.1069,0.7481,0.1069,42.51,On Surface
99500,-0.0407,9.9024,1.4054,-2.3664,0.2748,-0.0305,42.84,On Surface
99550,0.0024,9.9264,1.4581,-2.2443,0.3817,-0.1679,42.46,On Surface
99600,0.0239,9.8857,1.4269,-2.2443,0.5954,-0.1527,42.93,On Surface
99650,-0.0431,9.8881,1.4269,-2.4122,0.2595,-0.1832,42.93,On Surface
99700,-0.0192,9.9144,1.4102,-2.2443,0.4122,0.1679,42.60,On Surface
99750,-0.0144,9.9431,1.4533,-2.2595,0.5038,-0.1221,42.79,On Surface
99800,-0.0575,9.9647,1.4293,-2.6260,0.4733,0.0305,42.79,On Surface
99850,-0.0168,9.9503,1.4485,-2.4427,0.7176,-0.1679,42.79,On Surface
99900,-0.0383,9.9599,1.4820,-2.4275,0.6565,-0.0763,42.60,On Surface
99950,0.0120,9.9383,1.4126,-2.7023,0.7176,-0.3359,42.65,On Surface
100000,0.0048,9.9575,1.4509,-2.3053,0.4885,-0.2595,42.93,On Surface
100050,-0.0072,9.8928,1.4653,-2.3053,0.4885,-0.1527,42.79,On Surface
100100,-0.0048,9.9096,1.4365,-2.3817,0.7023,-0.1679,42.65,On Surface
100150,-0.0144,9.9311,1.4629,-2.4733,0.4885,-0.1069,42.65,On Surface
100200,-0.0168,9.8881,1.3240,-2.5496,0.4122,-0.2443,42.60,On Surface
100250,-0.0503,9.9359,1.3934,-2.4275,0.6565,-0.0611,42.65,On Surface
100300,-0.0407,9.9695,1.3312,-2.5649,0.6260,-0.2443,42.74,On Surface
100350,-0.0215,9.9335,1.4174,-2.6260,0.6565,-0.0611,42.79,On Surface
100400,-0.0192,9.9407,1.4245,-2.2290,0.7939,-0.1527,42.93,On Surface
100450,-0.0287,9.8976,1.4269,-2.4580,0.2595,-0.4580,42.84,On Surface
100500,-0.0263,9.9455,1.4700,-2.4427,0.7786,0.1527,42.79,On Surface
100550,-0.0263,9.9527,1.4485,-2.1985,0.8092,-0.0305,42.98,On Surface
100600,0.0000,9.9359,1.4245,-2.4427,0.5038,0.0153,42.93,On Surface
100650,-0.0407,9.9240,1.3982,-2.6107,0.3359,0.0153,42.93,On Surface
100700,-0.0144,9.9383,1.4676,-2.4122,0.6718,-0.4275,42.79,On Surface
100750,-0.0479,9.8952,1.4293,-2.3359,0.4580,-0.1985,42.60,On Surface
100800,-0.0192,9.9096,1.4341,-2.5954,0.6870,0.2290,42.60,On Surface
100850,-0.0215,9.9240,1.4198,-2.2290,0.6718,-0.2748,42.79,On Surface
100900,-0.0335,9.9359,1.4198,-2.2595,0.5038,-0.1374,42.79,On Surface
100950,-0.0120,9.9048,1.4485,-2.5496,0.5496,-0.1374,42.84,On Surface
101000,-0.0503,9.9240,1.4126,-2.1527,0.5649,-0.1832,42.84,On Surface
101050,-0.0072,9.8857,1.3886,-2.4580,0.3664,-0.0916,42.84,On Surface
101100,0.0096,9.9024,1.3910,-2.4122,0.4580,-0.1985,42.74,On Surface
101150,-0.0024,9.9000,1.3910,-2.3969,0.8397,-0.1832,42.79,On Surface
101200,-0.0048,9.9288,1.4293,-2.6260,0.3817,0.0611,42.84,On Surface
101250,-0.0479,9.9575,1.4365,-2.0763,0.4122,-0.0305,42.74,On Surface
101300,-0.0383,9.9503,1.4198,-2.5649,0.3206,-0.0916,42.74,On Surface
101350,-0.0335,9.9551,1.4653,-2.3053,0.5649,-0.0763,42.60,On Surface
101400,-0.0024,9.9096,1.4653,-2.2901,0.7328,0.1069,42.74,On Surface
101450,-0.0311,9.9144,1.4365,-2.4122,0.7023,-0.2901,42.79,On Surface
101500,-0.0096,9.9407,1.3958,-2.4122,0.3511,-0.1069,42.65,On Surface
101550,-0.0335,9.9216,1.4676,-2.3817,0.3053,-0.2595,42.46,On Surface
101600,-0.0263,9.9240,1.4964,-2.4885,0.3817,-0.0153,42.79,On Surface
101650,-0.0527,9.9695,1.4102,-2.4122,0.5344,0.0305,42.79,On Surface
101700,-0.0215,9.9623,1.4150,-2.5038,0.4885,-0.0611,42.74,On Surface
101750,-0.0383,9.9527,1.4293,-2.4733,0.7023,0.0611,42.84,On Surface
101800,-0.0168,9.9216,1.3072,-2.3053,0.3359,-0.3206,42.98,On Surface
101850,-0.0168,9.9335,1.3767,-2.1985,0.4427,-0.5802,42.79,On Surface
101900,-0.0599,9.9407,1.3958,-2.2290,0.3511,-0.1527,42.79,On Surface
101950,-0.0072,9.9311,1.3647,-2.1374,0.2595,0.0458,42.98,On Surface
102000,-0.0694,9.9407,1.4533,-2.3206,0.4427,-0.0458,42.65,On Surface
102050,-0.0383,9.9000,1.4150,-2.5802,0.7023,-0.2901,42.65,On Surface
102100,-0.0024,9.9383,1.4030,-2.3817,0.2901,-0.1374,42.60,On Surface
102150,-0.0215,9.9096,1.3934,-2.4580,0.2443,0.0305,42.60,On Surface
102200,-0.0431,9.9718,1.3982,-2.3053,0.4885,0.0763,42.84,On Surface
102250,-0.0431,9.9264,1.3838,-2.2443,0.6107,-0.3359,42.84,On Surface
102300,-0.0144,9.9479,1.4102,-2.3817,0.5496,-0.0763,42.51,On Surface
102350,-0.0287,9.9072,1.4006,-2.1985,0.5802,-0.1985,42.60,On Surface
102400,-0.0407,9.9527,1.4198,-2.3817,0.4275,-0.1221,42.60,On Surface
102450,-0.0239,9.9096,1.3838,-2.0611,0.6107,-0.0305,42.51,On Surface
102500,-0.0048,9.9311,1.4102,-2.1985,0.4122,-0.2901,42.79,On Surface
102550,-0.0024,9.9335,1.4365,-2.3511,0.4427,-0.2595,42.74,On Surface
102600,-0.0263,9.9216,1.3695,-2.4275,0.3817,0.0153,42.60,On Surface
102650,-0.0239,9.9359,1.4317,-2.1679,0.1832,-0.2748,42.93,On Surface
102700,-0.0120,9.9455,1.4245,-2.1985,0.5649,-0.1985,42.98,On Surface
102750,-0.0383,9.9455,1.4006,-2.3053,0.6260,-0.1374,42.98,On Surface
102800,-0.0215,9.9335,1.4293,-2.2290,0.2443,-0.2595,42.60,On Surface
102850,-0.0359,9.9407,1.4509,-2.4275,0.4580,-0.0763,42.46,On Surface
102900,-0.0599,9.9120,1.4174,-2.2748,0.8244,-0.2290,42.60,On Surface
102950,-0.0215,9.9240,1.4557,-2.0916,0.6107,0.0305,42.79,On Surface
103000,-0.0239,9.8952,1.4844,-2.2901,0.4580,0.0153,42.98,On Surface
103050,0.0096,9.9072,1.4006,-2.3664,0.6260,0.1069,42.74,On Surface
103100,0.0192,9.9072,1.3791,-2.7023,0.4427,-0.0305,42.98,On Surface
103150,-0.0359,9.9359,1.3623,-2.6412,0.3817,-0.1679,42.84,On Surface
103200,-0.0503,9.9647,1.4485,-2.3511,0.4885,-0.2290,42.84,On Surface
103250,-0.0311,9.9192,1.4054,-2.3359,0.7328,-0.1374,42.60,On Surface
103300,-0.0311,9.9311,1.4006,-2.3969,0.3969,-0.0611,42.93,On Surface
103350,-0.0335,9.9144,1.4317,-2.1221,0.4733,0.0000,42.74,On Surface
103400,-0.0144,9.9407,1.4198,-2.5496,0.1985,-0.2748,42.93,On Surface
103450,-0.0168,9.9192,1.4916,-2.5191,0.3664,-0.2137,42.65,On Surface
103500,-0.0096,9.9240,1.4413,-2.4122,0.4122,0.0305,42.65,On Surface
103550,-0.0024,9.9431,1.4557,-2.7176,0.2748,-0.0763,42.60,On Surface
103600,-0.0048,9.9048,1.4485,-2.3664,0.5344,-0.2290,42.65,On Surface
103650,-0.0024,9.9335,1.3767,-2.6107,0.4885,-0.1221,42.74,On Surface
103700,-0.0431,9.9288,1.4461,-2.2748,0.8092,-0.0458,42.79,On Surface
103750,-0.0168,9.9718,1.3886,-2.5038,0.4275,-0.2748,42.65,On Surface
103800,-0.0455,9.9551,1.4557,-2.6718,0.4580,-0.0916,42.46,On Surface
103850,-0.0024,9.8737,1.4557,-2.4275,0.2443,0.0305,42.79,On Surface
103900,-0.0215,9.9216,1.4198,-2.1527,0.1985,0.1374,42.65,On Surface
103950,-0.0048,9.9311,1.4724,-2.3053,0.3359,-0.3359,42.65,On Surface
104000,-0.0551,9.9000,1.4509,-2.2748,0.7634,-0.2443,42.74,On Surface
104050,-0.0168,9.9072,1.4437,-2.5344,0.5191,-0.1679,42.84,On Surface
104100,0.0072,9.9288,1.4413,-2.4427,0.3664,-0.3359,42.51,On Surface
104150,-0.0383,9.9168,1.4365,-2.4580,0.3664,-0.4122,42.65,On Surface
104200,-0.0072,9.9527,1.3815,-2.5496,0.7328,0.0611,42.46,On Surface
104250,0.0024,9.9503,1.4437,-2.5038,0.4580,-0.2137,42.79,On Surface
104300,-0.0646,9.9288,1.4341,-2.4275,0.4733,-0.2748,42.65,On Surface
104350,-0.0407,9.9144,1.4724,-2.6718,0.4733,0.0916,42.98,On Surface
104400,0.0144,9.9000,1.4126,-2.3817,0.4580,-0.0305,42.74,On Surface
104450,0.0000,9.8976,1.4653,-2.2748,0.3664,-0.2290,42.84,On Surface
104500,-0.0096,9.9000,1.4509,-2.5191,0.4275,-0.1527,42.93,On Surface
104550,-0.0168,9.8952,1.4293,-2.3969,0.4122,-0.2595,42.79,On Surface
104600,-0.0335,9.9335,1.3288,-2.4427,0.5496,-0.2290,42.65,On Surface
104650,-0.0215,9.8928,1.3982,-2.5496,0.5344,-0.0458,43.12,On Surface
104700,-0.0646,9.9096,1.4605,-2.4885,0.4427,-0.3664,42.79,On Surface
104750,-0.0311,9.9192,1.4222,-2.6565,0.5191,0.1069,42.74,On Surface
104800,-0.0120,9.9407,1.4222,-2.1832,0.4427,0.2290,42.60,On Surface
104850,-0.0239,9.9000,1.4006,-2.1069,0.6260,-0.2137,42.79,On Surface
104900,-0.0168,9.9288,1.4150,-2.1374,0.5496,-0.0153,42.65,On Surface
104950,-0.0144,9.8785,1.4389,-2.3053,0.2137,0.0153,42.98,On Surface
105000,-0.0072,9.9120,1.3982,-2.4885,0.1832,-0.0458,42.65,On Surface
105050,0.0096,9.9024,1.4102,-2.2290,0.4580,0.0611,42.79,On Surface
105100,-0.0120,9.9288,1.4102,-2.1374,0.2901,0.0153,42.46,On Surface
105150,-0.0599,9.9072,1.4030,-2.3969,0.4275,-0.1374,42.74,On Surface
105200,-0.0072,9.9168,1.4174,-2.5344,0.1832,0.0458,42.74,On Surface
105250,-0.0551,9.9647,1.4054,-2.2137,0.6565,-0.1221,42.84,On Surface
105300,-0.0311,9.9120,1.3910,-2.5649,0.0153,0.1679,42.93,On Surface
105350,-0.0383,9.9264,1.3982,-2.2901,0.4427,-0.1679,42.93,On Surface
105400,-0.0072,9.9144,1.4389,-2.4885,0.4275,-0.1069,42.79,On Surface
105450,-0.0670,9.9072,1.4245,-2.3511,0.3511,-0.1374,42.60,On Surface
105500,0.0000,9.9216,1.4916,-2.3359,0.4275,-0.0916,42.93,On Surface
105550,-0.0359,9.8809,1.3791,-2.2443,0.4580,0.0458,42.79,On Surface
105600,-0.0144,9.8976,1.4222,-2.5649,0.1985,0.0000,42.65,On Surface
105650,-0.0048,9.9168,1.4126,-2.2901,0.5038,-0.0763,42.79,On Surface
105700,-0.0287,9.9527,1.3671,-2.3511,0.6412,-0.2595,42.79,On Surface
105750,-0.0814,9.9288,1.4102,-2.4427,0.5191,0.0305,42.65,On Surface
105800,-0.0814,9.9144,1.4868,-2.1374,0.5649,-0.0611,42.84,On Surface
105850,-0.0479,9.9359,1.4581,-2.4122,0.5954,-0.0153,42.79,On Surface
105900,-0.0479,9.9671,1.4030,-2.1374,0.5038,-0.1832,42.60,On Surface
105950,-0.0479,9.9599,1.4245,-1.9847,0.8397,0.0611,42.60,On Surface
106000,-0.0168,9.9216,1.4030,-2.3206,0.5649,0.0153,42.74,On Surface
106050,-0.0527,9.9407,1.4581,-2.3359,0.2443,-0.0305,42.79,On Surface
106100,0.0000,9.9216,1.4868,-2.2595,0.3969,-0.1374,42.60,On Surface
106150,-0.0144,9.9264,1.4485,-2.3969,0.2443,0.0458,42.84,On Surface
106200,-0.0431,9.9575,1.4078,-2.0916,0.5954,0.0000,42.51,On Surface
106250,-0.0551,9.9359,1.4150,-2.3664,0.6412,-0.2443,42.79,On Surface
106300,-0.0335,9.9695,1.3910,-2.1832,0.5649,-0.2748,42.79,On Surface
106350,-0.0311,9.9264,1.3862,-2.2137,0.6870,0.0000,42.79,On Surface
106400,-0.0096,9.9599,1.3982,-2.2290,0.3817,0.3206,42.74,On Surface
106450,-0.0168,9.9048,1.3838,-2.3359,0.2901,0.1221,42.79,On Surface
106500,-0.0192,9.9096,1.5012,-2.3359,0.2595,-0.3359,42.98,On Surface
106550,-0.0192,9.9168,1.3862,-2.3817,0.3817,-0.0611,42.93,On Surface
106600,-0.0048,9.9144,1.4724,-2.3511,0.1679,-0.0305,42.93,On Surface
106650,-0.0168,9.8952,1.4365,-2.6260,0.5344,-0.1527,42.79,On Surface
106700,-0.0120,9.9168,1.4126,-2.3206,0.1069,-0.1679,42.79,On Surface
106750,-0.0120,9.9407,1.4269,-2.3664,0.5344,-0.0611,42.60,On Surface
106800,-0.0096,9.9240,1.3934,-2.4427,0.7786,-0.1221,42.93,On Surface
106850,-0.0192,9.9359,1.4557,-2.5191,0.5496,-0.1832,42.65,On Surface
106900,-0.0096,9.9192,1.4437,-2.2595,0.5802,0.1221,42.79,On Surface
106950,0.0144,9.9311,1.5203,-2.2290,0.3969,-0.1985,42.79,On Surface
107000,-0.0024,9.9599,1.4198,-2.5191,0.6718,-0.2290,42.60,On Surface
107050,-0.0239,9.8713,1.4245,-2.3206,0.5802,-0.1985,42.84,On Surface
107100,0.0000,9.9240,1.4078,-2.5038,0.4885,0.1221,42.79,On Surface
107150,-0.0192,9.9335,1.4222,-2.3511,0.3664,-0.2137,42.60,On Surface
107200,-0.0144,9.9383,1.4245,-2.5649,0.6260,-0.1679,42.79,On Surface
107250,0.0072,9.9144,1.3767,-2.3206,0.3969,-0.1832,42.93,On Surface
107300,-0.0455,9.9000,1.4126,-2.5191,0.1374,-0.1527,42.65,On Surface
107350,-0.0120,9.9168,1.4102,-2.5344,0.4580,-0.1832,42.65,On Surface
107400,-0.0096,9.9096,1.4006,-2.1679,0.3817,0.0000,42.84,On Surface
107450,-0.0407,9.9192,1.3599,-2.2137,0.2748,-0.1221,42.79,On Surface
107500,0.0311,9.9383,1.4485,-2.3359,0.5038,-0.2443,42.65,On Surface
107550,-0.0072,9.9096,1.4078,-2.6260,0.5038,-0.1069,42.46,On Surface
107600,0.0000,9.9383,1.4509,-2.4885,0.0611,-0.1221,42.98,On Surface
107650,-0.0168,9.9048,1.4222,-2.5802,0.5649,-0.0611,42.60,On Surface
107700,-0.0599,9.9551,1.4557,-2.5344,0.6107,0.0153,42.74,On Surface
107750,-0.0263,9.9048,1.4676,-2.3969,0.3511,-0.2443,42.65,On Surface
107800,-0.0479,9.9623,1.4198,-2.4275,0.6260,-0.1221,42.60,On Surface
107850,-0.0311,9.9503,1.4437,-2.2137,0.5038,-0.3053,42.65,On Surface
107900,-0.0120,9.9503,1.4437,-2.4275,0.3817,-0.2443,42.65,On Surface
107950,-0.0215,9.9383,1.4389,-2.5344,0.1527,-0.1374,42.79,On Surface
108000,0.0000,9.9359,1.4150,-2.2748,0.4122,0.0305,42.84,On Surface
108050,-0.0120,9.8928,1.4365,-2.3969,0.7481,0.2137,42.79,On Surface
108100,0.0168,9.8857,1.4581,-2.4885,0.4275,-0.0305,42.79,On Surface
108150,-0.0479,9.9096,1.4054,-2.6107,0.3817,-0.0763,42.93,On Surface
108200,0.0168,9.9264,1.3791,-2.5954,0.7328,-0.3359,42.84,On Surface
108250,-0.0575,9.9072,1.4102,-2.4275,0.5649,-0.0458,42.93,On Surface
108300,-0.0192,9.9383,1.4245,-2.4427,0.4427,-0.2595,42.65,On Surface
108350,-0.0096,9.9503,1.4006,-2.3053,0.3817,-0.0916,42.84,On Surface
108400,0.0144,9.8833,1.4413,-2.6412,0.5496,-0.0153,42.74,On Surface
108450,-0.0335,9.9407,1.4317,-2.1374,0.5191,-0.3053,42.65,On Surface
108500,-0.0096,9.9024,1.4389,-2.3206,0.5496,0.0763,42.79,On Surface
108550,-0.0407,9.9120,1.4533,-2.4580,0.1985,-0.0916,42.60,On Surface
108600,-0.0431,9.9455,1.4245,-2.5954,0.2290,-0.1679,42.79,On Surface
108650,-0.0383,9.9024,1.4533,-2.3817,0.3664,0.1221,42.74,On Surface
108700,-0.0527,9.9551,1.3958,-2.4427,0.5802,-0.2748,42.65,On Surface
108750,-0.0192,9.9575,1.4150,-2.5191,0.6565,-0.2443,42.74,On Surface
108800,-0.0263,9.9742,1.3791,-2.3206,0.4580,0.1374,42.60,On Surface
108850,-0.0144,9.9431,1.5036,-2.3817,0.3817,-0.1679,42.60,On Surface
108900,-0.0144,9.9264,1.4174,-2.3817,0.6260,-0.1527,42.79,On Surface
108950,0.0239,9.8593,1.4509,-2.1985,0.4580,0.0153,42.65,On Surface
109000,-0.0287,9.9000,1.4341,-2.2748,0.4122,0.1832,42.84,On Surface
109050,-0.0479,9.9048,1.4605,-2.3206,0.1985,0.0305,42.60,On Surface
109100,-0.0383,9.9264,1.3815,-2.1221,0.7481,-0.0611,42.93,On Surface
109150,-0.0239,9.8761,1.4293,-2.3511,0.1832,-0.1069,42.79,On Surface
109200,-0.0048,9.9311,1.3527,-2.4733,0.3969,-0.2748,42.46,On Surface
109250,0.0215,9.9431,1.4174,-2.4275,0.6260,-0.0153,42.93,On Surface
109300,-0.0168,9.9431,1.4006,-2.2748,0.3969,0.2595,42.51,On Surface
109350,-0.0120,9.9527,1.4030,-2.0153,0.5344,0.0305,42.79,On Surface
109400,-0.0479,9.9216,1.4293,-2.0763,0.4275,-0.0153,42.98,On Surface
109450,-0.0192,9.8857,1.4102,-2.2901,0.3969,-0.0153,42.60,On Surface
109500,-0.0479,9.9240,1.4293,-2.2901,0.3969,-0.0611,42.74,On Surface
109550,-0.0120,9.9288,1.3791,-2.5344,0.2443,-0.3359,42.74,On Surface
109600,-0.0096,9.9479,1.4269,-2.1985,0.3664,-0.0763,42.65,On Surface
109650,0.0048,9.9647,1.3958,-2.1832,0.3817,-0.3511,42.84,On Surface
109700,-0.0431,9.9599,1.4006,-2.1527,0.3206,-0.2901,42.60,On Surface
109750,-0.0072,10.0006,1.4174,-2.3511,0.6718,-0.1374,42.98,On Surface
109800,-0.0120,9.8857,1.4317,-2.5802,0.4733,-0.2443,42.98,On Surface
109850,0.0000,9.9168,1.4078,-2.2290,0.5191,0.0305,42.60,On Surface
109900,-0.0383,9.9288,1.4509,-2.2443,0.3206,-0.0305,42.60,On Surface
109950,0.0120,9.9503,1.4748,-2.3206,0.7481,-0.0763,42.51,On Surface
110000,-0.0359,9.9503,1.4581,-2.2901,0.2595,-0.0763,42.84,On Surface
110050,-0.0239,9.9575,1.4772,-2.3817,0.4885,-0.0763,42.93,On Surface
110100,-0.0192,9.8976,1.4054,-2.3969,0.4427,-0.0611,42.93,On Surface
110150,-0.0670,9.8737,1.3575,-2.3817,0.4275,0.1679,42.51,On Surface
110200,-0.0096,9.9359,1.4485,-2.5649,0.4275,-0.2748,42.74,On Surface
110250,-0.0503,9.9838,1.3791,-2.5344,0.5496,0.0000,42.65,On Surface
110300,-0.0503,9.9407,1.3862,-2.4427,0.5191,-0.2901,42.98,On Surface
110350,-0.0527,9.9264,1.3958,-2.2443,0.4580,-0.4122,42.93,On Surface
110400,-0.0144,9.8952,1.4557,-2.1527,0.5802,-0.1374,42.93,On Surface
110450,0.0000,9.9192,1.4533,-2.3969,0.4275,-0.2443,42.84,On Surface
110500,-0.0048,9.8976,1.4700,-2.5954,0.5038,-0.3664,43.12,On Surface
110550,-0.0359,9.9096,1.3767,-2.2443,0.3359,-0.2137,42.65,On Surface
110600,0.0072,9.9000,1.3767,-2.4885,0.3053,-0.1679,42.60,On Surface
110650,0.0000,9.9383,1.4102,-2.6718,0.5649,-0.2595,42.98,On Surface
110700,0.0000,9.9383,1.4174,-2.4733,0.5802,-0.4275,42.60,On Surface
110750,-0.0407,9.9264,1.3719,-2.5649,0.9008,-0.1069,42.65,On Surface
110800,-0.0335,9.9527,1.4174,-2.1374,0.7176,-0.2901,42.65,On Surface
110850,-0.0215,9.9216,1.3958,-2.2748,0.4275,-0.1069,42.65,On Surface
110900,-0.0311,9.9144,1.4557,-2.1985,0.3817,-0.2443,42.79,On Surface
110950,-0.0120,9.8928,1.4509,-2.4122,0.3969,-0.0153,42.98,On Surface
111000,-0.0048,9.8737,1.4341,-2.4427,0.4427,-0.1069,42.84,On Surface
111050,-0.0215,9.9192,1.4317,-2.3969,0.4122,-0.0153,42.84,On Surface
111100,-0.0215,9.9288,1.4389,-2.6565,0.2748,0.0305,42.65,On Surface
111150,-0.0359,9.8881,1.4341,-2.3817,0.5344,-0.1832,42.74,On Surface
111200,-0.0311,9.9288,1.4054,-2.5496,0.5038,-0.4275,42.65,On Surface
111250,-0.0431,9.9216,1.3791,-2.3969,0.4885,0.0000,42.74,On Surface
111300,-0.0575,9.9383,1.4605,-2.5038,0.4275,-0.2290,42.65,On Surface
111350,-0.0479,9.9024,1.4102,-2.3359,0.6718,-0.1069,42.65,On Surface
111400,-0.0072,9.9264,1.4365,-2.4733,0.6412,-0.0916,42.74,On Surface
111450,-0.0192,9.9192,1.3910,-2.1679,0.4733,-0.1832,42.65,On Surface
111500,-0.0239,9.9168,1.3336,-2.6412,0.5954,-0.3206,42.84,On Surface
111550,0.0287,9.8904,1.3791,-2.4580,0.3969,-0.2290,42.79,On Surface
111600,-0.0479,9.9216,1.4102,-2.3053,0.7176,-0.2443,42.65,On Surface
111650,-0.0527,9.9096,1.3815,-2.6412,0.3664,-0.1527,42.93,On Surface
111700,-0.0383,9.9120,1.3647,-2.3511,0.7939,-0.4122,42.74,On Surface
111750,-0.0215,9.9311,1.4126,-2.5038,0.6870,-0.4122,42.74,On Surface
111800,-0.0048,9.9359,1.3599,-2.4580,0.7939,-0.1985,42.84,On Surface
111850,-0.0215,9.9192,1.4245,-2.1679,0.4580,-0.3053,42.93,On Surface
111900,-0.0168,9.9024,1.5060,-2.4733,0.6565,-0.3053,42.79,On Surface
111950,-0.0215,9.9096,1.4293,-2.5038,0.4733,-0.1221,42.84,On Surface
112000,-0.0479,9.9144,1.4629,-2.3817,0.5344,0.0000,42.65,On Surface
112050,-0.0072,9.9216,1.4365,-2.4580,0.4733,-0.2748,42.98,On Surface
112100,-0.0455,9.9144,1.4222,-2.5191,0.6107,-0.2901,42.93,On Surface
112150,-0.0215,9.9311,1.4461,-2.5802,0.4427,-0.3053,42.46,On Surface
112200,-0.0096,9.9311,1.3886,-2.5496,0.4733,-0.2748,42.84,On Surface
112250,-0.0838,9.9120,1.4222,-2.4733,0.5802,-0.1832,42.84,On Surface
112300,-0.0215,9.9479,1.4293,-2.3664,0.3206,-0.2443,42.93,On Surface
112350,-0.0239,9.9000,1.4509,-2.3206,0.4885,-0.0153,42.79,On Surface
112400,-0.0359,9.9264,1.3838,-2.4427,0.8092,-0.3359,42.51,On Surface
112450,-0.0072,9.9240,1.4533,-2.1527,0.3359,-0.0611,42.84,On Surface
112500,-0.0431,9.9551,1.4461,-2.6412,0.3053,-0.0305,42.79,On Surface
112550,-0.0048,9.9311,1.4054,-2.5649,0.5038,-0.0611,42.79,On Surface
112600,-0.0359,9.9575,1.4054,-2.4122,0.3969,-0.0305,42.60,On Surface
112650,-0.0287,9.9407,1.4269,-2.5802,0.8397,-0.3359,42.84,On Surface
112700,-0.0311,9.9647,1.4245,-2.1374,0.5496,-0.1679,42.65,On Surface
112750,-0.0263,9.9551,1.4437,-2.3511,0.5344,0.0153,42.93,On Surface
112800,-0.0311,9.9216,1.4509,-2.3511,0.3511,0.0305,42.65,On Surface
112850,-0.0311,9.9311,1.4557,-2.2443,0.4580,-0.0153,42.65,On Surface
112900,-0.0192,9.9048,1.4485,-2.5496,0.5802,-0.1069,42.93,On Surface
112950,-0.0239,9.9264,1.3934,-2.3817,0.4275,-0.0611,42.60,On Surface
113000,-0.0479,9.9168,1.3886,-2.3664,0.2443,0.0611,42.93,On Surface
113050,-0.0431,9.9599,1.3791,-2.4427,0.3511,-0.0305,42.84,On Surface
113100,-0.0407,9.8809,1.3958,-2.4427,0.6565,-0.1832,42.65,On Surface
113150,-0.0575,9.9383,1.3886,-1.9847,0.4733,-0.2137,42.46,On Surface
113200,-0.0048,9.9096,1.4126,-2.2901,0.2137,0.0458,42.93,On Surface
113250,-0.0479,9.9192,1.3599,-2.2137,0.5344,-0.0458,42.93,On Surface
113300,-0.0455,9.9216,1.4581,-2.1527,0.6870,-0.1221,42.84,On Surface
113350,0.0048,9.9407,1.4365,-2.1374,0.6260,-0.1069,42.84,On Surface
113400,-0.0096,9.9359,1.4748,-2.1832,0.4580,0.1069,42.84,On Surface
113450,-0.0263,9.9240,1.4293,-2.1832,0.3053,-0.2137,42.65,On Surface
113500,-0.0335,9.9120,1.4102,-2.1679,0.7176,-0.1221,42.93,On Surface
113550,-0.0431,9.9455,1.3910,-2.3359,0.3206,0.0000,42.74,On Surface
113600,-0.0503,9.9216,1.4078,-2.3664,0.5191,-0.1527,42.93,On Surface
113650,-0.0287,9.8976,1.4222,-2.3817,0.7634,-0.2443,42.60,On Surface
113700,-0.0072,9.9264,1.4030,-2.1527,0.4275,-0.0611,42.79,On Surface
113750,-0.0455,9.9671,1.4461,-2.0916,0.4733,-0.3664,42.84,On Surface
113800,-0.0287,9.9192,1.4317,-2.4733,0.4885,0.1069,42.79,On Surface
113850,-0.0287,9.8833,1.4581,-2.2443,0.1221,-0.2137,42.60,On Surface
113900,-0.0311,9.9240,1.4102,-2.5649,0.2901,-0.0611,42.93,On Surface
113950,-0.0048,9.8904,1.3910,-2.3817,0.3664,-0.0916,42.93,On Surface
114000,-0.0192,9.9168,1.4844,-2.8397,0.4275,-0.1221,42.98,On Surface
114050,-0.0048,9.8976,1.4102,-2.3817,0.5038,-0.0153,42.93,On Surface
114100,-0.0215,9.9455,1.3791,-2.4580,0.3359,-0.1069,42.74,On Surface
114150,0.0072,9.9383,1.3671,-2.1374,0.7939,0.0611,42.79,On Surface
114200,-0.0311,9.9575,1.4653,-2.5649,0.7634,-0.2901,42.65,On Surface
114250,-0.0359,9.9527,1.3934,-2.1069,0.6107,-0.3206,42.65,On Surface
114300,-0.0168,9.9096,1.4365,-2.4733,0.5802,0.2290,42.60,On Surface
114350,-0.0215,9.9144,1.4054,-2.3664,0.6718,-0.1527,42.79,On Surface
114400,-0.0215,9.9024,1.4509,-2.2901,0.4427,-0.0305,43.02,On Surface
114450,-0.0287,9.8737,1.4437,-2.4885,0.3511,0.0763,42.79,On Surface
114500,0.0168,9.9024,1.4174,-2.3969,0.5191,-0.0153,42.74,On Surface
114550,-0.0263,9.9192,1.4102,-2.3969,0.5344,0.0763,42.98,On Surface
114600,-0.0455,9.9359,1.4964,-2.3359,0.4427,-0.0458,42.84,On Surface
114650,-0.0144,9.9527,1.3958,-2.2443,0.2443,-0.0305,42.65,On Surface
114700,-0.0120,9.9288,1.3815,-2.2443,0.5496,-0.1985,42.93,On Surface
114750,0.0287,9.9024,1.4317,-2.4275,0.6107,-0.3817,42.79,On Surface
114800,-0.0503,9.9335,1.4988,-2.2595,0.3511,-0.0763,43.12,On Surface
114850,-0.0168,9.9048,1.4629,-2.6718,0.3206,-0.1679,42.65,On Surface
114900,-0.0263,9.9024,1.4245,-2.4733,0.4275,-0.2595,42.93,On Surface
114950,-0.0192,9.9144,1.3719,-2.4275,0.1374,-0.0458,42.93,On Surface
115000,-0.0287,9.9192,1.4581,-2.4885,0.3511,-0.0763,42.93,On Surface
115050,-0.0120,9.9264,1.4389,-2.6412,0.4885,-0.2290,42.93,On Surface
115100,-0.0215,9.9335,1.3982,-2.3206,0.5344,-0.1221,42.60,On Surface
115150,-0.0455,9.9431,1.4629,-2.3664,0.3664,-0.1069,42.84,On Surface
115200,-0.0527,9.9335,1.3408,-2.2443,0.6870,-0.1832,42.93,On Surface
115250,-0.0335,9.9072,1.4198,-2.4275,0.6107,-0.0763,42.65,On Surface
115300,0.0000,9.9264,1.4006,-2.3359,0.5038,-0.1985,42.98,On Surface
115350,0.0263,9.9335,1.4245,-2.4733,0.5344,-0.2137,42.60,On Surface
115400,-0.0359,9.8641,1.4557,-2.4885,0.4885,-0.2901,42.98,On Surface
115450,-0.0479,9.9144,1.4198,-2.2748,0.4580,-0.3053,42.98,On Surface
115500,-0.0359,9.9120,1.4629,-2.3206,0.4580,0.0916,42.84,On Surface
115550,-0.0048,9.9407,1.4820,-2.6260,0.3664,-0.1374,42.84,On Surface
115600,-0.0670,9.9024,1.4126,-2.6107,0.3511,-0.1679,42.84,On Surface
115650,-0.0383,9.9120,1.4198,-2.3206,0.7328,-0.3359,42.98,On Surface
115700,-0.0263,9.9096,1.3647,-2.3664,0.3511,-0.2748,43.12,On Surface
115750,-0.0335,9.9288,1.3695,-2.3359,0.4580,-0.1069,42.79,On Surface
115800,-0.0096,9.9503,1.3958,-2.3206,0.4733,0.0153,42.79,On Surface
115850,-0.0575,9.8881,1.4245,-2.2290,0.4275,-0.0916,42.46,On Surface
115900,-0.0048,9.9144,1.4317,-2.2595,0.3359,-0.2595,42.74,On Surface
115950,-0.0215,9.9192,1.3910,-2.3969,0.3969,-0.0916,42.79,On Surface
116000,0.0000,9.9000,1.4724,-2.2595,0.3206,-0.2748,42.74,On Surface
116050,-0.0287,9.9168,1.4916,-2.2901,0.1679,-0.0153,42.60,On Surface
116100,-0.0096,9.9096,1.4198,-2.5344,0.2595,0.0153,42.79,On Surface
116150,-0.0072,9.9383,1.4293,-2.5191,0.3053,-0.1374,42.74,On Surface
116200,-0.0263,9.9335,1.4461,-2.2901,0.6412,-0.0916,42.60,On Surface
116250,-0.0479,9.8928,1.4533,-2.3664,0.4580,0.0000,42.65,On Surface
116300,-0.0311,9.9886,1.4437,-2.2137,0.5496,-0.1985,42.74,On Surface
116350,-0.0311,9.8857,1.4557,-2.2901,0.5954,-0.1832,42.93,On Surface
116400,-0.0479,9.9431,1.4317,-2.4885,0.4580,0.0611,42.65,On Surface
116450,-0.0407,9.9216,1.3336,-2.3511,0.4580,-0.1679,42.65,On Surface
116500,-0.0287,9.9120,1.4676,-2.3969,0.2137,-0.0458,42.79,On Surface
116550,-0.0168,9.9024,1.4222,-2.2443,0.3969,-0.1069,42.65,On Surface
116600,-0.0144,9.9311,1.4293,-2.4733,0.7176,-0.2290,42.98,On Surface
116650,0.0120,9.9431,1.4150,-2.3969,0.4580,-0.1069,42.93,On Surface
116700,-0.0168,9.9527,1.3408,-2.4275,0.3817,0.2443,42.84,On Surface
116750,-0.0192,9.9479,1.4126,-2.3511,0.5802,-0.1069,42.74,On Surface
116800,-0.0168,9.9120,1.3719,-2.4427,0.3359,-0.0153,42.93,On Surface
116850,-0.0168,9.9264,1.3862,-2.1985,0.3053,0.1832,42.65,On Surface
116900,0.0024,9.9647,1.3791,-2.5038,0.2443,-0.1069,42.65,On Surface
116950,-0.0335,9.9264,1.4245,-2.2443,0.3053,0.0153,42.60,On Surface
117000,-0.0287,9.9144,1.4653,-2.1832,0.5649,-0.0153,42.84,On Surface
117050,-0.0311,9.9120,1.4222,-2.4275,0.3511,-0.1527,42.98,On Surface
117100,-0.0263,9.9168,1.4892,-2.3359,0.5802,-0.1374,42.74,On Surface
117150,-0.0192,9.9311,1.3791,-2.4122,0.5038,-0.0763,42.65,On Surface
117200,-0.0575,9.9407,1.3671,-2.1069,0.6412,0.0305,42.74,On Surface
117250,-0.0383,9.9455,1.3671,-2.6107,0.3511,-0.2748,42.60,On Surface
117300,-0.0407,9.9192,1.4126,-2.2443,0.2595,-0.1832,42.98,On Surface
117350,-0.0814,9.9407,1.4772,-2.1679,0.3969,-0.0305,42.84,On Surface
117400,-0.0479,9.9216,1.3982,-2.2443,0.7023,-0.1527,42.22,On Surface
117450,-0.0311,9.9431,1.4245,-2.5802,0.4275,0.0458,42.51,On Surface
117500,-0.0048,9.9000,1.4485,-2.2290,0.3817,-0.1527,42.65,On Surface
117550,-0.0335,9.9120,1.4030,-2.1069,0.5496,-0.0763,42.74,On Surface
117600,0.0000,9.9264,1.4269,-2.6107,0.2748,-0.1832,42.65,On Surface
117650,-0.0120,9.9048,1.4150,-2.3206,0.3817,-0.4122,42.65,On Surface
117700,-0.0311,9.9527,1.3503,-2.5802,0.2290,-0.1069,42.79,On Surface
117750,-0.0239,9.9671,1.4437,-2.6107,0.5649,0.0763,42.65,On Surface
117800,-0.0311,9.9407,1.3575,-2.3511,0.5802,-0.2901,42.79,On Surface
117850,-0.0287,9.9335,1.3336,-2.4275,0.3511,-0.4580,42.74,On Surface
117900,-0.0383,9.9288,1.4006,-2.1221,0.5496,-0.3206,42.79,On Surface
117950,-0.0479,9.9359,1.3767,-2.3664,0.0611,-0.1832,42.74,On Surface
118000,-0.0287,9.8976,1.4174,-2.4275,0.5649,-0.1832,42.79,On Surface
118050,-0.0215,9.9000,1.3743,-2.7328,0.2595,0.0305,42.79,On Surface
118100,-0.0431,9.9264,1.4437,-2.4733,0.4885,-0.3053,42.93,On Surface
118150,-0.0215,9.9048,1.4078,-2.4885,0.4275,-0.2595,42.84,On Surface
118200,0.0048,9.8833,1.4222,-2.4122,0.5649,0.1221,42.79,On Surface
118250,-0.0670,9.9599,1.4653,-2.5496,0.6565,-0.0305,42.79,On Surface
118300,-0.0694,9.9455,1.3910,-2.3511,0.7176,-0.2595,42.51,On Surface
118350,-0.0383,9.9575,1.3886,-2.3511,0.5496,-0.1832,42.74,On Surface
118400,-0.0192,9.9551,1.4868,-2.3817,0.2748,-0.0458,42.93,On Surface
118450,-0.0048,9.8881,1.4293,-2.5954,0.1679,-0.1832,42.60,On Surface
118500,-0.0096,9.9072,1.4317,-2.4885,0.4733,-0.1374,42.65,On Surface
118550,-0.0575,9.9000,1.4293,-2.5191,0.4275,-0.3359,42.79,On Surface
118600,0.0120,9.9120,1.4293,-2.4885,0.3053,-0.2137,42.98,On Surface
118650,-0.0311,9.9240,1.3982,-2.4580,0.2595,-0.3817,42.98,On Surface
118700,-0.0359,9.9000,1.3168,-2.4580,0.7481,-0.2443,42.84,On Surface
118750,-0.0215,9.9527,1.3934,-2.5038,0.5954,0.0000,42.93,On Surface
118800,0.0024,9.9503,1.3886,-2.4427,0.4122,-0.1832,42.93,On Surface
118850,-0.0311,9.9599,1.4724,-2.5344,0.5954,-0.0763,42.93,On Surface
118900,-0.0239,9.9144,1.4413,-2.3511,0.2290,-0.1221,42.98,On Surface
118950,-0.0215,9.8928,1.4485,-2.2901,0.6718,-0.1679,42.74,On Surface
119000,-0.0024,9.8665,1.4437,-2.7023,0.4122,0.0458,42.98,On Surface
119050,-0.0072,9.9168,1.3910,-2.4275,0.4427,-0.1374,42.93,On Surface
119100,-0.0503,9.9072,1.3982,-2.4733,0.4885,-0.0611,42.65,On Surface
119150,0.0048,9.8665,1.4389,-2.6718,0.6565,-0.1374,42.65,On Surface
119200,-0.0120,9.9455,1.3767,-2.3359,0.7023,-0.3817,42.98,On Surface
119250,-0.0263,9.9527,1.3479,-2.4427,0.4427,-0.0458,42.74,On Surface
119300,-0.0431,9.9168,1.3934,-2.3969,0.3969,-0.1679,42.65,On Surface
119350,-0.0311,9.9240,1.4054,-2.3511,0.4122,-0.1832,42.93,On Surface
119400,-0.0407,9.9264,1.4844,-2.1832,0.4122,-0.0611,42.74,On Surface
119450,-0.0024,9.9359,1.3982,-2.4580,0.2748,-0.0916,42.60,On Surface
119500,0.0072,9.9072,1.4126,-2.1679,0.3359,-0.1221,42.84,On Surface
119550,-0.0096,9.9024,1.4437,-2.6107,0.4427,-0.3359,42.79,On Surface
119600,-0.0407,9.9144,1.4198,-2.2748,0.5038,-0.2290,42.46,On Surface
119650,-0.0192,9.9144,1.4317,-2.4122,0.6107,0.0153,42.65,On Surface
119700,-0.0575,9.9551,1.4126,-2.3664,0.6107,-0.2595,42.93,On Surface
119750,-0.0527,9.9503,1.4198,-2.1832,0.5344,-0.1679,42.60,On Surface
119800,-0.0455,9.9311,1.4437,-2.3053,0.5191,-0.0153,42.84,On Surface
119850,-0.0359,9.9311,1.4461,-2.2901,0.6718,-0.3053,42.93,On Surface
119900,-0.0096,9.9264,1.4054,-2.3053,0.0763,-0.1832,42.79,On Surface
119950,-0.0287,9.9240,1.4389,-2.2595,0.4427,-0.2137,42.79,On Surface
120000,-0.0359,9.9120,1.3408,-2.3053,0.2595,-0.3053,42.60,On Surface
120050,-0.0527,9.8833,1.3671,-2.6260,0.2901,0.1374,42.74,On Surface
120100,-0.0551,9.9168,1.4293,-2.2901,0.4733,-0.0611,42.74,On Surface
120150,-0.0287,9.9240,1.3599,-2.2443,0.3969,-0.0611,42.84,On Surface
120200,-0.0383,9.9551,1.3743,-2.3053,0.2901,-0.0153,43.02,On Surface
120250,-0.0024,9.9144,1.3455,-2.3206,0.3817,-0.2443,42.74,On Surface
120300,-0.0024,9.9383,1.4748,-2.3359,0.2443,0.0000,42.65,On Surface
120350,-0.0455,9.9431,1.4629,-2.3053,0.6107,-0.0305,42.98,On Surface
120400,-0.0096,9.9551,1.4605,-2.1679,0.7786,-0.0763,42.93,On Surface
120450,-0.0120,9.8976,1.4844,-2.2595,0.3359,0.0763,42.74,On Surface
120500,-0.0263,9.9048,1.4748,-2.3817,0.6107,0.0305,42.93,On Surface
120550,-0.0431,9.9503,1.4509,-2.1985,0.6870,0.0305,42.93,On Surface
120600,-0.0120,9.8904,1.4676,-2.5038,0.3817,0.0611,42.84,On Surface
120650,-0.0311,9.9814,1.4150,-2.4580,0.5954,0.0000,42.74,On Surface
120700,-0.0335,9.9383,1.4102,-2.4275,0.4580,-0.3969,42.65,On Surface
120750,-0.0120,9.9000,1.3886,-2.1527,0.5496,0.1069,42.65,On Surface
120800,-0.0168,9.9024,1.4317,-2.1985,0.5649,-0.2901,42.74,On Surface
120850,-0.0096,9.9455,1.4222,-2.2595,0.6107,0.0000,42.79,On Surface
120900,-0.0192,9.9072,1.3886,-2.6565,0.3359,-0.0916,42.98,On Surface
120950,-0.0192,9.8809,1.4174,-2.2595,0.6412,-0.0305,42.60,On Surface
121000,-0.0335,9.9264,1.4150,-2.4580,0.5344,0.0916,42.79,On Surface
121050,-0.0215,9.9359,1.4269,-2.6107,0.5802,0.0916,42.93,On Surface
121100,-0.0096,9.9288,1.3815,-2.4580,0.2901,-0.1221,42.79,On Surface
121150,-0.0215,9.9335,1.4389,-2.7328,0.4733,0.0763,42.60,On Surface
121200,0.0072,9.9311,1.4174,-2.3206,0.5802,-0.3511,42.79,On Surface
121250,-0.0479,9.9144,1.4126,-2.6412,0.4733,-0.2748,42.74,On Surface
121300,-0.0120,9.9240,1.3934,-2.1069,0.7328,0.0763,42.74,On Surface
121350,-0.0622,9.9216,1.4269,-2.3053,0.4427,-0.1679,42.93,On Surface
121400,-0.0024,9.9144,1.4533,-2.3511,0.6718,-0.3053,42.84,On Surface
121450,-0.0383,9.8785,1.4581,-2.4885,0.0763,-0.1069,42.93,On Surface
121500,0.0120,9.9048,1.4245,-2.2137,0.8092,-0.0153,42.79,On Surface
121550,-0.0048,9.9335,1.3862,-2.6718,0.4122,-0.2290,42.74,On Surface
121600,-0.0120,9.8928,1.3815,-2.3664,0.2748,0.2901,42.74,On Surface
121650,-0.0096,9.9264,1.3719,-2.5649,0.5191,-0.2137,42.93,On Surface
121700,-0.0503,9.9240,1.3767,-2.5649,0.4885,0.1527,42.74,On Surface
121750,-0.0622,9.9335,1.3719,-2.5344,0.6412,-0.1069,42.60,On Surface
121800,-0.0096,9.9599,1.4030,-2.2443,0.5802,-0.2595,42.93,On Surface
121850,0.0048,9.9790,1.4102,-2.3511,0.7023,-0.3053,42.65,On Surface
121900,-0.0287,9.8976,1.4365,-2.2595,0.8855,-0.2595,42.93,On Surface
121950,-0.0072,9.9072,1.4581,-2.4580,0.1832,-0.2595,42.98,On Surface
122000,0.0120,9.9240,1.4006,-2.2901,0.7023,-0.3359,42.79,On Surface
122050,-0.0311,9.9000,1.4222,-2.5496,0.5191,-0.0916,42.84,On Surface
122100,-0.0096,9.9264,1.4485,-2.6565,0.4275,-0.3359,42.79,On Surface
122150,-0.0359,9.9575,1.4365,-2.5649,0.5496,-0.0458,42.93,On Surface
122200,-0.0551,9.9383,1.4700,-2.4885,0.4885,-0.0611,42.79,On Surface
122250,-0.0144,9.9311,1.4006,-2.3664,0.3969,-0.3053,42.93,On Surface
122300,-0.0192,9.9168,1.3934,-2.2901,0.6870,-0.1527,42.79,On Surface
122350,-0.0120,9.9575,1.4198,-2.3817,0.4275,-0.1069,42.84,On Surface
122400,-0.0359,9.8904,1.4605,-2.3817,0.5496,-0.3206,42.74,On Surface
122450,0.0144,9.9240,1.4413,-2.5344,0.7481,-0.0916,42.65,On Surface
122500,-0.0144,9.9192,1.3767,-2.4275,0.6260,-0.1221,42.65,On Surface
122550,-0.0455,9.8952,1.4078,-2.7328,0.3206,-0.2748,42.98,On Surface
122600,-0.0287,9.9264,1.4078,-2.3511,0.5649,-0.3359,42.93,On Surface
122650,-0.0455,9.9551,1.3743,-2.2137,0.4733,-0.1985,42.98,On Surface
122700,-0.0527,9.9192,1.4341,-2.3206,0.5802,-0.1527,42.79,On Surface
122750,-0.0072,9.9048,1.4102,-2.5038,0.5038,-0.2595,42.98,On Surface
122800,-0.0120,9.8761,1.4509,-2.2595,0.3969,-0.3511,42.79,On Surface
122850,-0.0215,9.9216,1.3958,-2.3511,0.3359,0.1679,42.51,On Surface
122900,-0.0503,9.8904,1.3886,-2.3359,0.3053,-0.0916,42.93,On Surface
122950,-0.0192,9.9192,1.4533,-2.5954,0.3206,-0.1679,42.79,On Surface
123000,-0.0239,9.9096,1.3838,-2.3664,0.7023,-0.2137,43.02,On Surface
123050,-0.0670,9.9551,1.4269,-2.2137,0.6565,0.0458,42.93,On Surface
123100,-0.0168,9.9144,1.3647,-2.3359,0.1985,0.0000,42.79,On Surface
123150,-0.0359,9.9551,1.4245,-2.4275,0.3206,-0.1221,42.79,On Surface
123200,-0.0192,9.9072,1.4820,-2.0916,0.5344,-0.2443,43.02,On Surface
123250,-0.0335,9.9072,1.4437,-2.1221,0.3053,-0.0153,42.98,On Surface
123300,0.0024,9.8881,1.3048,-2.2137,0.4122,-0.1069,42.84,On Surface
123350,-0.0359,9.9407,1.3982,-2.2748,0.4580,0.0458,42.74,On Surface
123400,-0.0144,9.9120,1.4150,-2.3817,0.3511,-0.1527,43.02,On Surface
123450,0.0024,9.9000,1.4078,-2.3817,0.4733,-0.0763,42.74,On Surface
123500,-0.0024,9.9168,1.4245,-2.4275,0.4122,-0.1374,42.60,On Surface
123550,-0.0359,9.9024,1.3862,-2.2901,0.3206,0.0000,42.74,On Surface
123600,-0.0503,9.9407,1.4389,-2.3053,0.3664,0.0763,42.51,On Surface
123650,-0.0670,9.9431,1.4102,-2.3817,0.2901,0.0153,42.51,On Surface
123700,-0.0263,9.9264,1.4006,-2.4580,0.4122,0.1832,42.93,On Surface
123750,-0.0407,9.9335,1.3791,-2.0153,0.3969,-0.3969,42.93,On Surface
123800,-0.0239,9.9264,1.4293,-2.1985,0.4275,-0.3053,42.60,On Surface
123850,-0.0096,9.9407,1.4198,-2.2748,0.3817,0.2595,42.79,On Surface
123900,-0.0646,9.9192,1.4006,-2.2748,0.3359,-0.0916,42.79,On Surface
123950,-0.0551,9.9551,1.4102,-2.2290,0.3359,0.0000,42.79,On Surface
124000,-0.0479,9.9359,1.4653,-2.1985,0.2595,-0.0458,42.93,On Surface
124050,-0.0263,9.9455,1.4222,-2.3817,0.4580,-0.2137,42.65,On Surface
124100,0.0048,9.8904,1.4006,-2.3969,0.4122,-0.1679,42.93,On Surface
124150,-0.0455,9.9288,1.4269,-2.5649,0.3053,-0.3053,42.65,On Surface
124200,-0.0072,9.9216,1.3886,-2.2748,0.3053,-0.1221,42.93,On Surface
124250,-0.0263,9.9407,1.4724,-2.1527,0.5802,-0.1832,42.65,On Surface
124300,-0.0120,9.9240,1.4485,-2.1679,0.3664,-0.1221,42.98,On Surface
124350,-0.0335,9.9096,1.4174,-2.1221,0.4580,-0.0458,42.93,On Surface
124400,-0.0551,9.9120,1.4461,-2.5802,0.3664,0.0153,43.02,On Surface
124450,-0.0383,9.9335,1.4461,-2.2137,0.5802,-0.1679,42.93,On Surface
124500,-0.0335,9.9192,1.4293,-2.3817,0.6718,0.0611,42.84,On Surface
124550,0.0000,9.9000,1.3575,-2.2137,0.1527,-0.1069,42.93,On Surface
124600,0.0000,9.9335,1.4293,-2.3817,0.4122,-0.1374,42.65,On Surface
124650,-0.0335,9.9479,1.4150,-2.2595,0.3053,-0.3206,42.93,On Surface
124700,-0.0287,9.9120,1.4485,-2.5038,0.1985,0.0153,42.98,On Surface
124750,0.0048,9.9072,1.3599,-2.3359,0.3664,-0.2595,42.93,On Surface
124800,-0.0479,9.9144,1.4006,-2.5649,0.6870,0.0000,42.98,On Surface
124850,-0.0455,9.8976,1.4700,-2.2901,0.4275,-0.3053,43.02,On Surface
124900,-0.0287,9.9383,1.3503,-2.5802,0.5038,-0.1679,42.79,On Surface
124950,-0.0215,9.9383,1.3910,-2.1527,0.7176,-0.2443,42.74,On Surface
125000,-0.0311,9.9479,1.3791,-2.3359,0.3969,-0.0305,42.84,On Surface
125050,0.0096,9.9264,1.4245,-2.3053,0.6565,-0.1985,42.93,On Surface
125100,-0.0072,9.9335,1.4150,-2.6565,0.5038,-0.2290,42.79,On Surface
125150,-0.0144,9.9264,1.4054,-2.1985,0.2137,-0.3511,42.93,On Surface
125200,-0.0407,9.9359,1.3743,-2.5344,0.4122,0.0305,43.12,On Surface
125250,-0.0168,9.9335,1.4461,-2.7786,0.3511,-0.1527,42.74,On Surface
125300,0.0072,9.9311,1.4198,-2.5038,0.6260,-0.1221,42.98,On Surface
125350,0.0048,9.9311,1.4245,-2.3817,0.2748,-0.2595,43.02,On Surface
125400,0.0120,9.9575,1.4245,-2.2443,0.3511,-0.3359,42.84,On Surface
125450,-0.0383,9.9383,1.3671,-2.5649,0.5344,0.0458,42.65,On Surface
125500,-0.0168,9.9431,1.4629,-2.6412,0.4427,-0.3053,42.98,On Surface
125550,-0.0335,9.9479,1.4365,-2.5649,0.5191,-0.2748,42.79,On Surface
125600,0.0287,9.9647,1.3838,-2.7023,0.6107,0.0153,42.98,On Surface
125650,-0.0335,9.8881,1.3503,-2.4427,0.5344,-0.4122,42.84,On Surface
125700,-0.0479,9.8881,1.3934,-2.5954,0.3053,-0.1679,42.98,On Surface
125750,-0.0096,9.9024,1.3910,-2.3511,0.5038,0.0916,43.12,On Surface
125800,-0.0239,9.9144,1.3575,-2.4275,0.2443,0.0458,42.74,On Surface
125850,0.0192,9.9383,1.4198,-2.2595,0.4275,-0.0458,42.93,On Surface
125900,0.0024,9.9383,1.4054,-2.2443,0.5344,-0.0305,42.79,On Surface
125950,-0.0215,9.9335,1.4676,-2.6412,0.3969,-0.2595,42.84,On Surface
126000,-0.0335,9.9144,1.3695,-2.3511,0.2137,-0.1374,42.84,On Surface
126050,-0.0144,9.9383,1.3958,-2.5496,0.3206,-0.1985,42.65,On Surface
126100,-0.0239,9.9024,1.4078,-2.2443,0.3817,0.0458,42.79,On Surface
126150,-0.0192,9.9048,1.3934,-2.4580,0.3359,-0.3664,42.60,On Surface
126200,0.0096,9.9264,1.4174,-2.3817,0.5954,-0.0153,42.98,On Surface
126250,-0.0239,9.8904,1.3743,-2.2137,0.3817,0.1832,42.65,On Surface
126300,-0.0168,9.9072,1.4293,-2.0916,0.6412,0.0611,42.79,On Surface
126350,-0.0168,9.9192,1.3958,-2.4580,0.1374,-0.0916,42.74,On Surface
126400,-0.0120,9.9144,1.4581,-2.4122,0.4427,-0.2443,42.93,On Surface
126450,-0.0383,9.9240,1.3599,-2.3969,0.3817,-0.1221,42.74,On Surface
126500,-0.0120,9.9335,1.4413,-2.3969,0.4580,-0.0611,42.93,On Surface
126550,0.0335,9.9264,1.4389,-2.5649,0.4733,0.0000,42.93,On Surface
126600,-0.0287,9.9431,1.4413,-2.1679,0.4122,0.0763,42.79,On Surface
126650,-0.0335,9.9288,1.4102,-2.4122,0.5038,-0.0458,42.74,On Surface
126700,0.0000,9.9311,1.4030,-2.6260,0.5344,0.1069,42.74,On Surface
126750,-0.0144,9.9120,1.4605,-2.2290,0.3206,-0.2290,42.79,On Surface
126800,-0.0431,9.9335,1.3862,-2.3817,0.3969,-0.1985,42.60,On Surface
126850,-0.0168,9.9144,1.3623,-2.3664,0.6260,-0.0305,42.84,On Surface
126900,0.0192,9.9120,1.4126,-2.3817,0.5802,-0.1069,42.79,On Surface
126950,0.0000,9.9264,1.4389,-2.2901,0.3053,-0.1221,42.65,On Surface
127000,-0.0455,9.9814,1.3743,-2.1832,0.6870,-0.3053,42.51,On Surface
127050,0.0000,9.9072,1.4461,-2.4885,0.8550,-0.1069,42.65,On Surface
127100,-0.0144,9.9503,1.3982,-2.3969,0.4580,0.0000,42.79,On Surface
127150,-0.0311,9.9168,1.4341,-2.2748,0.2290,-0.3359,42.79,On Surface
127200,-0.0479,9.9120,1.4581,-2.3053,0.1374,-0.2290,42.79,On Surface
127250,-0.0455,9.9240,1.4269,-2.5802,0.5038,0.0000,42.79,On Surface
127300,-0.0215,9.9192,1.4006,-2.2290,0.4580,-0.1527,42.79,On Surface
127350,-0.0263,9.9048,1.4413,-2.1679,0.5649,-0.3817,42.98,On Surface
127400,-0.0048,9.8976,1.4126,-2.3053,0.4427,0.0916,42.65,On Surface
127450,-0.0239,9.9503,1.4102,-2.4122,0.6107,-0.0611,42.93,On Surface
127500,-0.0359,9.9455,1.3958,-2.1985,0.5344,0.0763,42.93,On Surface
127550,-0.0144,9.9240,1.4413,-1.9695,0.3817,-0.1069,42.79,On Surface
127600,-0.0622,9.9096,1.4174,-2.4580,0.4580,-0.0763,42.65,On Surface
127650,0.0144,9.9192,1.3982,-2.5954,0.5038,-0.2290,42.65,On Surface
127700,-0.0599,9.9024,1.4389,-2.4885,0.5649,0.0153,42.60,On Surface
127750,-0.0311,9.9000,1.3791,-2.0458,0.3664,-0.0153,43.26,On Surface
127800,-0.0503,9.8617,1.4892,-2.2595,0.2901,0.0916,42.93,On Surface
127850,-0.0383,9.9407,1.4317,-2.3664,0.4580,0.0305,42.98,On Surface
127900,-0.0215,9.9479,1.3719,-2.3053,0.4427,0.0458,42.79,On Surface
127950,-0.0096,9.9551,1.4174,-2.3359,0.5344,-0.2595,42.74,On Surface
128000,-0.0407,9.9192,1.4988,-2.6260,0.3511,0.0611,42.84,On Surface
128050,-0.0311,9.8737,1.4198,-2.4580,0.3359,-0.2137,42.65,On Surface
128100,0.0096,9.9455,1.4317,-2.4275,0.3969,-0.0305,42.65,On Surface
128150,-0.0551,9.8665,1.3551,-2.4122,0.4885,-0.0458,42.60,On Surface
128200,-0.0168,9.9311,1.4006,-2.3511,0.5496,-0.1374,42.98,On Surface
128250,-0.0263,9.8904,1.3695,-2.1679,0.4580,-0.1069,42.98,On Surface
128300,0.0000,9.9503,1.4054,-2.3817,0.8092,0.0458,42.79,On Surface
128350,-0.0694,9.9455,1.4006,-2.2290,0.4733,-0.3206,42.79,On Surface
128400,0.0168,9.9144,1.4054,-2.3206,0.2901,-0.0305,42.74,On Surface
128450,-0.0622,9.8952,1.4485,-2.4122,0.5038,-0.2290,42.79,On Surface
128500,-0.0263,9.8713,1.3288,-2.3664,0.5802,-0.0458,42.79,On Surface
128550,-0.0383,9.9335,1.3599,-2.4580,0.4427,-0.2443,42.65,On Surface
128600,-0.0742,9.9383,1.3791,-2.5649,0.4885,-0.1069,42.79,On Surface
128650,0.0000,9.9407,1.4269,-2.2748,0.5954,-0.1527,42.93,On Surface
128700,-0.0551,9.9551,1.4557,-2.2748,0.2901,-0.0916,42.79,On Surface
128750,-0.0048,9.8904,1.3719,-2.5344,0.5344,0.0153,43.02,On Surface
128800,0.0096,9.9623,1.3791,-2.5038,0.0153,-0.2137,42.84,On Surface
128850,-0.0383,9.9024,1.4174,-2.3511,0.4580,-0.1374,42.79,On Surface
128900,-0.0144,9.9311,1.4030,-2.7023,0.1527,-0.3664,42.79,On Surface
128950,-0.0120,9.9192,1.4389,-2.2595,0.3817,-0.1221,42.79,On Surface
129000,-0.0646,9.9479,1.4676,-2.3969,0.3664,0.0916,43.02,On Surface
129050,-0.0072,9.9383,1.3982,-2.3969,0.5038,-0.0763,42.84,On Surface
129100,0.0048,9.9144,1.4892,-2.2595,0.5191,-0.0763,42.79,On Surface
129150,-0.0072,9.9192,1.4102,-2.4275,0.3053,0.1374,42.65,On Surface
129200,-0.0144,9.8904,1.4078,-2.5802,0.5038,-0.0305,42.60,On Surface
129250,-0.0407,9.9623,1.3767,-2.5954,0.3511,-0.2595,42.79,On Surface
129300,-0.0072,9.9048,1.4341,-2.3359,0.5191,-0.2290,42.79,On Surface
129350,0.0000,9.8976,1.3168,-2.3053,0.5344,0.0153,42.65,On Surface
129400,-0.0287,9.9024,1.4389,-2.5649,0.5649,-0.1069,42.65,On Surface
129450,-0.0311,9.9192,1.4006,-2.5038,0.5649,-0.1527,42.65,On Surface
129500,-0.0168,9.8881,1.5012,-2.3817,0.6718,0.3053,42.79,On Surface
129550,-0.0503,9.9192,1.4222,-2.6107,0.2443,0.0000,42.98,On Surface
129600,-0.0599,9.9383,1.4293,-2.6107,0.5038,0.1832,43.02,On Surface
129650,-0.0144,9.9551,1.4269,-2.3053,0.6870,0.0305,42.74,On Surface
129700,0.0239,9.9671,1.3767,-2.3817,0.6565,-0.2137,42.79,On Surface
129750,-0.0144,9.9407,1.4245,-2.6107,0.4885,-0.0611,42.65,On Surface
129800,-0.0072,9.9647,1.4629,-2.2595,0.5649,-0.0763,42.98,On Surface
129850,0.0144,9.9072,1.4293,-2.5038,0.4122,0.0916,42.74,On Surface
129900,-0.0407,9.9168,1.4868,-2.3969,0.1527,0.0153,42.93,On Surface
129950,-0.0287,9.9096,1.4030,-2.5954,0.3511,-0.0153,42.79,On Surface
130000,0.0024,9.9503,1.4269,-2.3206,0.4733,-0.0458,42.93,On Surface
130050,-0.0192,9.9192,1.4030,-2.8244,0.4885,0.1832,42.84,On Surface
130100,-0.0431,9.9431,1.3815,-2.7634,0.5344,-0.0153,43.02,On Surface
130150,-0.0144,9.9431,1.3767,-2.2443,0.3969,0.1069,42.79,On Surface
130200,-0.0168,9.9551,1.4389,-2.2901,0.6260,0.0916,42.93,On Surface
130250,-0.0144,9.9575,1.4126,-2.2290,0.3359,-0.2290,43.02,On Surface
130300,-0.0215,9.9000,1.4653,-2.2901,0.3664,-0.3206,42.46,On Surface
130350,-0.0239,9.9431,1.4030,-2.2901,0.4122,-0.0916,42.65,On Surface
130400,-0.0215,9.8857,1.3838,-2.2290,0.3664,0.0611,42.74,On Surface
130450,-0.0622,9.9383,1.4629,-2.1985,0.3969,-0.1221,42.79,On Surface
130500,0.0024,9.9072,1.3671,-2.0763,0.3817,-0.2748,42.79,On Surface
130550,-0.0263,9.9168,1.4748,-2.2595,0.4580,0.0305,42.98,On Surface
130600,-0.0168,9.9024,1.3934,-2.2443,0.4275,-0.1221,42.84,On Surface
130650,-0.0215,9.9431,1.3982,-2.4122,0.3969,0.1374,42.79,On Surface
130700,-0.0527,9.9192,1.4269,-2.3053,0.3969,-0.4122,42.93,On Surface
130750,0.0431,9.9240,1.4629,-2.4580,0.3511,-0.2595,42.84,On Surface
130800,-0.0120,9.9335,1.3862,-2.2443,0.4275,-0.2901,42.79,On Surface
130850,-0.0311,9.9096,1.4174,-2.2137,0.2748,-0.4122,42.65,On Surface
130900,-0.0503,9.9072,1.4102,-2.4885,0.4122,-0.2443,42.65,On Surface
130950,-0.0120,9.8904,1.4365,-2.3206,0.5191,0.1832,42.74,On Surface
131000,-0.0431,9.8976,1.3886,-2.3664,0.6107,0.1527,42.98,On Surface
131050,-0.0048,9.9359,1.4269,-2.2595,0.3969,-0.3359,42.74,On Surface
131100,-0.0144,9.9503,1.4605,-2.2748,0.3664,-0.1832,42.93,On Surface
131150,-0.0431,9.9024,1.4509,-2.4427,0.3664,-0.0916,43.02,On Surface
131200,-0.0120,9.9072,1.4437,-2.4885,0.4580,-0.2137,42.74,On Surface
131250,-0.0622,9.9216,1.3623,-2.5802,0.1679,-0.0763,42.65,On Surface
131300,0.0287,9.9359,1.4509,-2.5802,0.9618,0.1527,42.79,On Surface
131350,-0.0527,9.8952,1.4126,-2.3817,0.3969,0.1832,42.93,On Surface
131400,-0.0359,9.9216,1.4150,-2.5038,0.3664,0.0458,42.93,On Surface
131450,-0.0192,9.9216,1.4317,-2.3511,0.8092,-0.0916,42.93,On Surface
131500,0.0000,9.9335,1.3862,-2.2748,0.5496,0.1374,42.93,On Surface
131550,-0.0503,9.9479,1.4485,-2.1832,0.4275,-0.3206,42.93,On Surface
131600,0.0048,9.8833,1.3599,-2.3969,0.2748,-0.1985,42.93,On Surface
131650,-0.0120,9.8881,1.4485,-2.2595,0.5496,0.1374,42.98,On Surface
131700,0.0000,9.9192,1.3982,-2.3053,0.5649,-0.0916,42.74,On Surface
131750,-0.0335,9.9024,1.4030,-2.3664,0.2443,0.1221,42.98,On Surface
131800,-0.0287,9.9575,1.4102,-2.4885,0.6870,0.0458,42.79,On Surface
131850,0.0072,9.9527,1.4030,-2.2901,0.6718,-0.3511,42.93,On Surface
131900,-0.0048,9.9790,1.4653,-2.1069,0.5496,-0.0153,42.79,On Surface
131950,-0.0407,9.9311,1.4006,-2.1832,0.4885,0.0458,42.79,On Surface
132000,0.0048,9.9288,1.3815,-2.4733,0.2137,-0.1221,42.98,On Surface
132050,-0.0215,9.8857,1.4222,-2.2901,0.7634,-0.1679,42.79,On Surface
132100,-0.0144,9.9192,1.4030,-2.5649,0.3817,-0.1221,42.84,On Surface
132150,-0.0527,9.8785,1.3838,-2.2137,0.5344,-0.2595,42.60,On Surface
132200,0.0287,9.9000,1.3862,-2.2748,0.5191,-0.0305,42.60,On Surface
132250,-0.0383,9.9192,1.3982,-2.5802,0.6718,-0.0305,42.60,On Surface
132300,-0.0239,9.9168,1.3934,-2.3817,0.8397,-0.1069,42.93,On Surface
132350,-0.0311,9.9359,1.4653,-2.2595,0.5954,-0.1069,42.74,On Surface
132400,-0.0455,9.8976,1.3862,-2.3817,0.5954,0.0153,43.02,On Surface
132450,-0.0311,9.9048,1.3551,-2.4427,0.6870,-0.0153,42.93,On Surface
132500,0.0024,9.9216,1.4078,-2.7023,0.5954,-0.1527,43.02,On Surface
132550,-0.0048,9.8737,1.4461,-2.3664,0.4733,-0.1527,42.84,On Surface
132600,-0.0455,9.8928,1.4006,-2.2748,0.6718,-0.1527,42.93,On Surface
132650,-0.0431,9.9647,1.4174,-2.3359,0.3511,-0.1527,42.79,On Surface
132700,0.0096,9.8976,1.3695,-2.3664,0.3664,0.0458,42.51,On Surface
132750,-0.0311,9.9431,1.4269,-2.6412,0.5038,-0.2901,42.60,On Surface
132800,-0.0503,9.9383,1.4102,-2.4427,0.5344,-0.0763,42.74,On Surface
132850,-0.0048,9.9072,1.3695,-2.1069,0.5496,-0.1985,42.65,On Surface
132900,0.0000,9.9120,1.4365,-2.4885,0.5344,-0.1374,42.93,On Surface
132950,0.0192,9.8857,1.4485,-2.5038,0.3206,0.0153,42.93,On Surface
133000,-0.0407,9.9168,1.3719,-2.6107,0.3817,-0.2901,42.98,On Surface
133050,-0.0048,9.9527,1.4269,-2.5954,0.5802,-0.1069,42.98,On Surface
133100,-0.0120,9.9455,1.4245,-2.5038,0.3664,-0.0611,42.79,On Surface
133150,-0.0168,9.9335,1.4006,-2.2748,0.6260,-0.0611,42.98,On Surface
133200,-0.0239,9.9455,1.3288,-2.1221,0.5496,-0.1679,42.93,On Surface
133250,-0.0287,9.9144,1.4126,-2.2901,0.7023,-0.1069,42.79,On Surface
133300,-0.0192,9.9120,1.4724,-2.1679,0.5496,0.0763,42.93,On Surface
133350,-0.0144,9.9335,1.3910,-2.5038,0.3664,-0.3817,42.98,On Surface
133400,-0.0024,9.8904,1.4198,-2.5038,0.3817,-0.1832,42.79,On Surface
133450,-0.0168,9.9335,1.3815,-2.4122,0.3969,-0.1374,43.12,On Surface
133500,-0.0527,9.9216,1.4222,-2.2901,0.3206,-0.0153,42.60,On Surface
133550,-0.0359,9.9575,1.3982,-2.3664,0.5344,-0.1374,42.65,On Surface
133600,-0.0072,9.9527,1.3886,-2.3664,0.6565,-0.1985,42.98,On Surface
133650,-0.0718,9.9479,1.3623,-2.2748,0.8244,-0.0763,42.98,On Surface
133700,-0.0503,9.9479,1.3623,-2.3664,0.3664,-0.0305,42.93,On Surface
133750,-0.0144,9.9431,1.5323,-2.3206,0.8397,-0.2290,42.84,On Surface
133800,0.0168,9.8928,1.5036,-2.1832,0.5038,-0.1374,42.98,On Surface
133850,-0.0215,9.8976,1.4485,-2.2137,0.3969,-0.2290,42.65,On Surface
133900,-0.0120,9.9048,1.4198,-2.3969,0.3817,-0.1985,42.60,On Surface
133950,-0.0215,9.9144,1.4245,-2.1221,0.5344,-0.2137,42.60,On Surface
134000,-0.0287,9.9288,1.4293,-2.2443,0.4122,-0.1221,42.65,On Surface
134050,-0.0048,9.9695,1.3982,-2.3206,0.5954,-0.2290,42.79,On Surface
134100,0.0168,9.9168,1.4437,-2.2443,0.7786,-0.2290,42.79,On Surface
134150,-0.0144,9.9000,1.4150,-2.4122,0.5191,-0.2595,42.93,On Surface
134200,-0.0503,9.9048,1.3647,-2.0916,0.4427,-0.1069,42.79,On Surface
134250,-0.0407,9.8809,1.4389,-2.2290,0.4885,0.0153,42.65,On Surface
134300,-0.0072,9.9264,1.3982,-2.2595,0.3664,0.1527,42.60,On Surface
134350,-0.0120,9.9048,1.4605,-2.4733,0.2748,-0.1679,42.79,On Surface
134400,-0.0263,9.9407,1.4365,-2.0763,0.1985,-0.0458,42.84,On Surface
134450,-0.0144,9.8713,1.4030,-2.3359,0.4885,0.0916,42.93,On Surface
134500,-0.0168,9.9359,1.4102,-2.3511,0.5802,0.1832,42.98,On Surface
134550,-0.0239,9.9120,1.4748,-2.4580,0.0763,-0.3053,42.79,On Surface
134600,-0.0431,9.9024,1.4174,-2.4122,0.4427,-0.0611,42.93,On Surface
134650,-0.0311,9.9383,1.3910,-2.0000,0.6870,-0.2748,42.93,On Surface
134700,-0.0096,9.9383,1.4437,-2.4427,0.7328,-0.0305,42.93,On Surface
134750,-0.0239,9.9311,1.3862,-2.0000,0.4733,-0.1221,42.93,On Surface
134800,-0.0096,9.9240,1.4653,-2.4733,0.2443,0.1221,42.74,On Surface
134850,0.0168,9.9288,1.4269,-2.3817,0.5802,-0.0763,43.12,On Surface
134900,-0.0455,9.9048,1.4293,-2.4580,0.5191,-0.1832,42.98,On Surface
134950,-0.0479,9.9144,1.4222,-2.4275,0.3206,0.0458,42.79,On Surface
135000,-0.0048,9.9599,1.3671,-2.3359,0.7481,0.0611,42.98,On Surface
135050,-0.0239,9.9479,1.4198,-2.2443,0.3359,-0.3206,43.02,On Surface
135100,-0.0096,9.9264,1.3815,-2.3969,0.4733,0.1069,42.84,On Surface
135150,-0.0168,9.9192,1.4748,-2.3969,0.4733,0.0916,42.93,On Surface
135200,0.0024,9.9288,1.4102,-2.5344,0.3664,-0.0611,42.93,On Surface
135250,-0.0024,9.9288,1.3743,-2.4580,0.4122,-0.2901,42.93,On Surface
135300,0.0024,9.9503,1.3431,-2.4122,0.1985,0.0153,42.65,On Surface
135350,0.0000,9.9120,1.3695,-2.7939,0.2137,-0.0305,42.93,On Surface
135400,-0.0120,9.9168,1.3527,-2.5191,0.2595,-0.0611,42.79,On Surface
135450,-0.0359,9.8833,1.4341,-2.4733,0.4885,0.0611,42.60,On Surface
135500,-0.0503,9.9072,1.3575,-2.6107,0.3359,-0.0305,42.74,On Surface
135550,-0.0479,9.9647,1.4437,-2.3969,0.4885,-0.1985,42.60,On Surface
135600,-0.0168,9.9000,1.4317,-2.5496,0.4122,-0.4427,42.93,On Surface
135650,-0.0479,9.9072,1.4293,-2.4275,0.8092,-0.1527,42.98,On Surface
135700,-0.0503,9.9000,1.3838,-2.3359,0.3511,-0.0611,42.98,On Surface
135750,-0.0215,9.8928,1.4078,-2.3817,0.6718,-0.1985,42.79,On Surface
135800,0.0263,9.9383,1.4748,-2.4885,0.4733,-0.1985,43.02,On Surface
135850,-0.0407,9.9479,1.3958,-2.1679,0.5038,-0.0153,42.79,On Surface
135900,-0.0024,9.9000,1.3743,-2.3664,0.3664,-0.0305,42.65,On Surface
135950,0.0144,9.9264,1.3791,-2.6107,0.4427,-0.1069,42.93,On Surface
136000,-0.0455,9.9335,1.4150,-2.4275,0.2443,-0.5191,43.02,On Surface
136050,0.0072,9.9718,1.3934,-2.6107,0.5496,-0.1832,42.65,On Surface
136100,0.0024,9.9407,1.4581,-2.4122,0.3817,-0.2595,42.74,On Surface
136150,-0.0359,9.8761,1.4198,-2.1985,0.5496,-0.1069,42.93,On Surface
136200,-0.0263,9.9527,1.4509,-2.2290,0.6565,-0.1679,42.79,On Surface
136250,-0.0383,9.8833,1.4269,-2.5802,0.6260,-0.1374,42.84,On Surface
136300,-0.0168,9.9048,1.4198,-2.4427,0.3969,-0.1832,42.84,On Surface
136350,-0.0527,9.9479,1.3862,-2.5344,0.2748,-0.1527,42.74,On Surface
136400,-0.0192,9.8928,1.3934,-2.7176,0.6718,-0.2290,42.84,On Surface
136450,-0.0431,9.9000,1.4461,-2.5038,0.5802,-0.0153,42.74,On Surface
136500,-0.0192,9.9120,1.3360,-2.4733,0.5802,0.0458,42.60,On Surface
136550,-0.0479,9.9359,1.3743,-2.2290,0.4427,-0.0305,42.65,On Surface
136600,-0.0192,9.9335,1.4605,-2.1832,0.7176,-0.1832,42.65,On Surface
136650,-0.0359,9.9096,1.4389,-2.2901,0.5802,-0.1374,42.74,On Surface
136700,-0.0215,9.9216,1.3958,-2.3206,0.4122,-0.1069,42.93,On Surface
136750,-0.0263,9.8809,1.4126,-2.4733,0.2443,-0.1985,42.84,On Surface
136800,-0.0527,9.8976,1.4198,-2.4122,0.3359,0.1985,42.79,On Surface
136850,-0.0622,9.9311,1.3886,-2.6565,0.1374,-0.0916,42.84,On Surface
136900,-0.0646,9.9000,1.3551,-2.5038,0.4580,0.0916,42.84,On Surface
136950,-0.0527,9.8976,1.3527,-2.5954,0.6565,0.0611,42.74,On Surface
137000,-0.0455,9.9407,1.4317,-2.4733,0.4733,-0.1374,43.26,On Surface
137050,-0.0575,9.9455,1.4485,-2.3817,0.8092,-0.0458,42.46,On Surface
137100,-0.0551,9.9647,1.3599,-2.1221,0.5191,0.1374,42.98,On Surface
137150,-0.0335,9.9192,1.4078,-2.4122,0.6260,-0.1679,43.02,On Surface
137200,-0.0335,9.9096,1.4676,-2.4580,0.3206,-0.0763,42.98,On Surface
137250,-0.0168,9.8809,1.4150,-2.3206,0.1679,0.0763,42.93,On Surface
137300,-0.0096,9.8665,1.4269,-2.5038,0.4885,-0.1832,43.02,On Surface
137350,-0.0096,9.9335,1.4533,-2.3053,0.3206,0.0000,42.98,On Surface
137400,-0.0120,9.9168,1.4198,-2.3969,0.3053,0.0305,42.93,On Surface
137450,-0.0263,9.9431,1.4676,-2.4580,0.3817,0.0153,42.98,On Surface
137500,-0.0742,9.9144,1.3815,-2.3817,0.3053,-0.1221,42.93,On Surface
137550,-0.0503,9.9431,1.3838,-2.1985,0.3511,-0.2137,42.98,On Surface
137600,-0.0168,9.9695,1.4461,-2.0458,0.1985,-0.0916,42.84,On Surface
137650,-0.0527,9.9575,1.3886,-2.3053,0.4580,0.0000,43.26,On Surface
137700,-0.0120,9.9096,1.4078,-2.3206,0.5038,-0.3817,42.79,On Surface
137750,-0.0455,9.9311,1.4030,-2.0763,0.6260,-0.1832,42.93,On Surface
137800,-0.0048,9.9048,1.4102,-2.2443,0.2290,-0.1679,43.02,On Surface
137850,-0.0144,9.9335,1.4293,-2.1985,0.3817,-0.0611,42.74,On Surface
137900,-0.0048,9.9288,1.4269,-2.5954,0.2443,-0.3206,42.74,On Surface
137950,-0.0072,9.9192,1.4293,-2.3206,0.4427,-0.0916,42.93,On Surface
138000,-0.0311,9.9647,1.4341,-2.3053,0.4122,-0.2290,42.84,On Surface
138050,-0.0383,9.9431,1.4222,-2.2290,0.4733,0.0916,42.74,On Surface
138100,-0.0215,9.9431,1.4078,-2.4275,0.4275,0.1221,42.65,On Surface
138150,-0.0287,9.9479,1.4317,-2.3817,0.7328,-0.3206,42.93,On Surface
138200,-0.0551,9.9407,1.4006,-2.4122,0.2595,0.0763,42.84,On Surface
138250,-0.0239,9.9048,1.4485,-2.1985,0.5038,-0.1832,42.98,On Surface
138300,0.0048,9.9575,1.4269,-2.3969,0.2137,-0.2901,42.98,On Surface
138350,-0.0024,9.9623,1.3958,-2.4427,0.3053,-0.2137,42.93,On Surface
138400,0.0024,9.8809,1.4222,-2.4733,0.6260,-0.1374,42.93,On Surface
138450,0.0024,9.9527,1.4269,-2.0000,0.5649,0.1527,42.93,On Surface
138500,-0.0431,9.9479,1.3910,-2.1679,0.6260,-0.1985,42.60,On Surface
138550,-0.0287,9.8952,1.4054,-2.5038,0.6107,-0.2443,42.93,On Surface
138600,-0.0503,9.9527,1.4006,-2.3969,0.7176,0.0305,42.98,On Surface
138650,-0.0072,9.9240,1.3647,-2.4427,0.4122,-0.3664,42.93,On Surface
138700,-0.0192,9.9120,1.3958,-2.3511,0.5802,0.1221,42.93,On Surface
138750,-0.0359,9.8952,1.4174,-2.1374,0.4122,-0.3511,42.79,On Surface
138800,-0.0168,9.8809,1.4222,-2.4885,0.5038,-0.4275,42.79,On Surface
138850,-0.0287,9.9192,1.4269,-2.3969,0.3969,-0.1374,42.93,On Surface
138900,-0.0311,9.9072,1.4054,-2.3817,0.4427,-0.1832,42.79,On Surface
138950,-0.0455,9.9431,1.4174,-2.4275,0.5344,-0.4275,42.84,On Surface
139000,-0.0407,9.9431,1.3982,-2.1832,0.5649,-0.3359,42.84,On Surface
139050,-0.0383,9.9288,1.4437,-2.3969,0.4122,-0.2290,42.84,On Surface
139100,-0.0431,9.9264,1.3671,-2.3511,0.5344,-0.0763,42.93,On Surface
139150,-0.0120,9.9096,1.4365,-2.3053,0.5954,0.1679,42.98,On Surface
139200,0.0120,9.9024,1.4006,-2.4122,0.4122,-0.0763,42.84,On Surface
139250,-0.0024,9.9168,1.4006,-2.4122,0.1527,-0.2595,43.02,On Surface
139300,-0.0144,9.9335,1.4605,-2.3511,0.6565,-0.1374,42.93,On Surface
139350,-0.0144,9.9311,1.4533,-2.7176,0.6870,0.0153,42.98,On Surface
139400,-0.0120,9.9407,1.3815,-2.5344,0.8244,-0.0458,42.84,On Surface
139450,-0.0527,9.9407,1.4245,-2.3206,0.4427,-0.1221,43.02,On Surface
139500,-0.0622,9.9455,1.3743,-2.1527,0.2748,-0.1832,42.93,On Surface
139550,-0.0359,9.9192,1.3982,-2.2901,0.5496,-0.0153,42.93,On Surface
139600,0.0000,9.9455,1.4748,-2.3511,0.6107,-0.3511,43.02,On Surface
139650,-0.0072,9.9264,1.4030,-2.4885,0.3359,0.1527,42.93,On Surface
139700,-0.0239,9.9311,1.4102,-2.5038,0.2443,0.0611,42.65,On Surface
139750,0.0072,9.8881,1.4413,-2.3053,0.5038,-0.0458,42.93,On Surface
139800,-0.0144,9.8952,1.4269,-2.1527,0.4885,-0.3511,43.02,On Surface
139850,-0.0239,9.9383,1.4126,-2.5038,0.6107,0.1069,43.12,On Surface
139900,-0.0359,9.9503,1.3958,-2.3359,0.5344,-0.1985,42.74,On Surface
139950,-0.0215,9.9168,1.4102,-2.4885,0.6565,-0.0458,42.93,On Surface
140000,-0.0144,9.9288,1.4365,-2.2443,0.4427,-0.0458,43.12,On Surface
140050,-0.0670,9.9503,1.4317,-1.9695,0.5802,-0.0611,42.79,On Surface
140100,-0.0048,9.9072,1.3934,-2.3969,0.5038,-0.0305,42.93,On Surface
140150,-0.0287,9.8881,1.4198,-2.2595,0.4275,-0.1069,43.02,On Surface
140200,-0.0024,9.8809,1.4293,-2.1679,0.4580,-0.2748,42.51,On Surface
140250,-0.0048,9.9072,1.4844,-2.4580,0.5038,-0.1679,42.65,On Surface
140300,-0.0144,9.8857,1.3982,-2.4427,0.4733,0.1069,42.79,On Surface
140350,0.0096,9.9407,1.4006,-2.6565,0.4885,-0.1069,42.93,On Surface
140400,-0.0455,9.9431,1.4581,-2.3206,0.6718,-0.1221,42.84,On Surface
140450,-0.0622,9.8785,1.3384,-2.3206,0.5344,-0.4122,42.65,On Surface
140500,-0.0120,9.9216,1.3934,-2.3817,0.5649,-0.2137,43.02,On Surface
140550,-0.0287,9.9216,1.3527,-2.4580,0.5649,-0.0763,42.93,On Surface
140600,0.0144,9.8928,1.3982,-2.1221,0.3817,-0.2901,42.93,On Surface
140650,0.0024,9.9431,1.3982,-2.2748,0.5802,-0.1374,42.79,On Surface
140700,-0.0144,9.9240,1.4413,-2.3053,0.4580,0.2137,42.98,On Surface
140750,-0.0239,9.9431,1.4317,-2.3359,0.3359,0.0000,42.79,On Surface
140800,0.0024,9.9551,1.4653,-2.2595,0.2901,0.0000,42.79,On Surface
140850,0.0263,9.9000,1.4054,-2.3511,0.4427,0.0611,42.74,On Surface
140900,-0.0144,9.8881,1.3910,-2.6565,0.4427,-0.0305,42.98,On Surface
140950,-0.0335,9.9264,1.4054,-2.2290,0.3053,-0.1527,42.93,On Surface
141000,-0.0168,9.9288,1.3767,-2.4427,0.3511,-0.2901,42.65,On Surface
141050,-0.0479,9.9311,1.4054,-2.3969,0.5344,-0.0458,42.84,On Surface
141100,-0.0144,9.9264,1.4676,-2.0305,0.4580,0.1221,42.65,On Surface
141150,-0.0072,9.9311,1.3910,-2.3969,0.4885,-0.1527,42.84,On Surface
141200,-0.0551,9.9240,1.4054,-2.1679,0.3511,-0.4733,42.84,On Surface
141250,-0.0144,9.9192,1.4365,-2.2290,0.4427,0.0305,42.74,On Surface
141300,0.0072,9.9264,1.4485,-2.2595,0.4885,-0.0305,42.79,On Surface
141350,-0.0263,9.9311,1.3934,-2.1985,0.6565,-0.1985,42.93,On Surface
141400,-0.0622,9.9264,1.4676,-2.1069,0.3359,-0.1985,42.93,On Surface
141450,-0.0168,9.8976,1.4748,-2.4122,0.5496,-0.1374,42.79,On Surface
141500,-0.0335,10.0006,1.4892,-2.4122,0.5954,-0.2290,42.93,On Surface
141550,-0.0407,9.9359,1.3958,-2.3817,0.4580,-0.0153,42.84,On Surface
141600,-0.0024,9.9335,1.3791,-2.1374,0.3817,-0.2290,42.79,On Surface
141650,-0.0215,9.9024,1.3934,-2.5344,0.3664,-0.0458,42.74,On Surface
141700,-0.0263,9.9000,1.3695,-2.3359,0.4580,-0.3206,42.93,On Surface
141750,-0.0407,9.9431,1.4365,-2.4427,0.2595,0.0153,42.98,On Surface
141800,-0.0024,9.8952,1.3958,-2.1374,0.5344,-0.2290,42.98,On Surface
141850,-0.0287,9.8689,1.4102,-2.5038,0.5038,-0.2595,42.84,On Surface
141900,0.0192,9.8689,1.4078,-2.3817,0.4275,-0.1527,42.93,On Surface
141950,-0.0311,9.9168,1.4174,-2.2595,0.4427,-0.1221,42.79,On Surface
142000,-0.0144,9.8928,1.3695,-2.1985,0.3664,-0.1832,43.02,On Surface
142050,-0.0096,9.9527,1.4748,-2.7176,0.7176,-0.4122,42.79,On Surface
142100,-0.0048,10.0006,1.4245,-2.3664,0.5191,-0.2290,42.74,On Surface
142150,-0.0503,9.9335,1.4317,-2.5191,0.4122,-0.2901,42.93,On Surface
142200,-0.0144,9.9168,1.4102,-2.3817,0.6870,-0.2137,42.60,On Surface
142250,-0.0407,9.9072,1.4102,-2.3664,0.5038,-0.1679,43.26,On Surface
142300,-0.0646,9.9072,1.4126,-2.3206,0.4885,-0.1527,42.79,On Surface
142350,-0.0120,9.8785,1.4126,-2.2901,0.5038,0.0305,42.93,On Surface
142400,-0.0024,9.9311,1.4461,-2.3053,0.7176,-0.1221,42.84,On Surface
142450,-0.0192,9.8641,1.3743,-2.4427,0.3817,-0.0916,42.98,On Surface
142500,-0.0048,9.9335,1.4317,-2.1985,0.5496,-0.3817,42.79,On Surface
142550,0.0000,9.9144,1.3886,-2.3969,0.2290,-0.2901,43.02,On Surface
142600,-0.0239,9.9311,1.3479,-2.3664,0.6107,-0.1221,42.51,On Surface
142650,-0.0239,9.9479,1.3743,-2.3969,0.5954,-0.2443,43.02,On Surface
142700,-0.0192,9.9335,1.4102,-2.5954,0.3053,-0.1221,42.93,On Surface
142750,-0.0311,9.9551,1.4126,-2.6412,0.6412,-0.0916,42.84,On Surface
142800,0.0072,9.9503,1.4341,-2.0153,0.7176,-0.2137,42.65,On Surface
142850,-0.0263,9.9048,1.4389,-2.2748,0.5649,-0.3053,42.79,On Surface
142900,0.0168,9.8569,1.4222,-2.5038,0.4885,-0.3206,42.79,On Surface
142950,-0.0239,9.8857,1.4126,-2.4885,0.4427,-0.2443,42.93,On Surface
143000,-0.0096,9.9048,1.3815,-2.5649,0.5038,-0.1832,42.93,On Surface
143050,0.0144,9.8785,1.4724,-2.5649,0.3206,-0.2748,43.02,On Surface
143100,-0.0096,9.9024,1.4054,-2.6565,0.6870,-0.1221,43.02,On Surface
143150,-0.0479,9.9335,1.2905,-2.5954,0.6412,-0.4275,42.93,On Surface
143200,-0.0431,9.8976,1.3743,-2.2595,0.6107,-0.0458,42.93,On Surface
143250,-0.0383,9.8737,1.4581,-2.3969,0.4427,-0.2443,42.98,On Surface
143300,0.0048,9.9216,1.3982,-2.1679,0.6107,-0.1832,42.79,On Surface
143350,-0.0072,9.9192,1.4653,-2.4885,0.1832,-0.1527,42.93,On Surface
143400,-0.0120,9.9024,1.4341,-2.3053,0.4733,-0.1679,42.93,On Surface
143450,-0.0168,9.9024,1.4605,-2.5191,0.6260,-0.1069,42.79,On Surface
143500,-0.0096,9.9024,1.4174,-2.4427,0.4733,-0.0763,42.98,On Surface
143550,-0.0551,9.9120,1.4150,-2.3969,0.4275,-0.1374,42.79,On Surface
143600,0.0048,9.9000,1.3982,-2.5344,0.7786,0.1221,43.12,On Surface
143650,-0.0479,9.9575,1.4365,-2.0458,0.7328,-0.1527,42.93,On Surface
143700,-0.0599,9.9192,1.4078,-2.3359,0.5802,-0.2443,42.98,On Surface
143750,-0.0455,9.9144,1.4964,-2.7023,0.3511,-0.1221,42.65,On Surface
143800,-0.0479,9.9168,1.4245,-2.2901,0.5496,-0.2748,42.74,On Surface
143850,-0.0383,9.9335,1.3791,-2.3817,0.5649,-0.1221,43.02,On Surface
143900,-0.0407,9.8833,1.4269,-2.1985,0.4275,-0.0458,43.31,On Surface
143950,0.0239,9.9096,1.3671,-2.3817,0.4275,-0.1527,42.51,On Surface
144000,-0.0359,9.9240,1.4293,-2.1985,0.4122,0.0305,42.98,On Surface
144050,-0.0239,9.9120,1.4006,-2.3511,0.3817,0.1527,42.84,On Surface
144100,-0.0503,9.9000,1.4030,-2.4885,0.4427,0.0458,42.74,On Surface
144150,0.0000,9.9335,1.4341,-2.4275,0.7481,-0.1221,42.74,On Surface
144200,-0.0694,9.9479,1.4533,-2.4275,0.5496,-0.0916,42.93,On Surface
144250,-0.0359,9.8976,1.4006,-2.2137,0.4122,-0.0305,42.98,On Surface
144300,-0.0192,9.9192,1.4102,-2.3969,0.5038,0.0153,43.02,On Surface
144350,-0.0551,9.9288,1.3862,-2.4427,0.2748,0.0153,42.79,On Surface
144400,0.0000,9.8952,1.4676,-2.1374,0.3206,-0.1069,43.12,On Surface
144450,-0.0311,9.9048,1.4413,-2.3664,0.3206,0.0153,42.93,On Surface
144500,-0.0383,9.9264,1.4629,-2.1221,0.4733,-0.1069,42.98,On Surface
144550,-0.0431,9.9383,1.3934,-2.4275,0.5038,-0.1374,42.79,On Surface
144600,-0.0263,9.9455,1.4030,-2.3359,0.4122,0.1221,43.02,On Surface
144650,-0.0551,9.9407,1.3599,-2.4275,0.5038,-0.4580,42.84,On Surface
144700,-0.0263,9.9048,1.4030,-2.3053,0.5344,-0.1832,42.98,On Surface
144750,-0.0311,9.9407,1.4509,-2.3664,0.3053,0.0000,42.98,On Surface
144800,-0.0479,9.9120,1.4389,-2.1527,0.3359,-0.1527,42.79,On Surface
144850,-0.0215,9.8976,1.4174,-2.0916,0.5038,-0.0305,42.84,On Surface
144900,-0.0215,9.9383,1.4413,-2.2748,0.5191,0.0458,43.02,On Surface
144950,-0.0168,9.9120,1.4030,-2.0611,0.3664,-0.0916,42.93,On Surface
145000,-0.0096,9.9048,1.3958,-2.3359,0.1374,-0.1069,43.02,On Surface
145050,-0.0144,9.9311,1.4245,-2.4427,0.2748,-0.3053,42.65,On Surface
145100,-0.0263,9.9288,1.3527,-2.2290,0.5649,0.0458,42.98,On Surface
145150,-0.0527,9.9240,1.4245,-2.1069,0.4733,-0.2290,42.84,On Surface
145200,-0.0287,9.9838,1.4796,-2.6107,0.4580,-0.1374,42.79,On Surface
145250,-0.0646,9.9144,1.4557,-2.3817,0.7176,-0.0153,42.98,On Surface
145300,0.0024,9.9144,1.4653,-2.2595,0.4122,-0.1221,42.93,On Surface
145350,-0.0239,9.8928,1.3336,-2.3511,0.4275,-0.1679,42.79,On Surface
145400,-0.0335,9.9120,1.4245,-2.1374,0.5038,0.1985,43.12,On Surface
145450,0.0192,9.8976,1.4078,-2.3511,0.2443,0.0000,42.65,On Surface
145500,-0.0168,9.9096,1.4365,-2.2290,0.4275,-0.1985,42.60,On Surface
145550,-0.0096,9.9288,1.4293,-2.2137,0.4580,0.0763,42.79,On Surface
145600,-0.0144,9.9359,1.3862,-2.6107,0.7328,-0.0763,42.98,On Surface
145650,-0.0215,9.9623,1.4030,-2.4122,0.1374,-0.1374,42.79,On Surface
145700,-0.0311,9.9599,1.3527,-2.4122,0.6260,-0.2290,42.65,On Surface
145750,-0.0383,9.9264,1.4485,-2.3359,0.5649,0.0153,42.79,On Surface
145800,-0.0263,9.9168,1.4365,-2.4733,0.5954,-0.2748,43.12,On Surface
145850,0.0048,9.8881,1.4030,-2.4580,0.3359,-0.0611,42.74,On Surface
145900,0.0192,9.8617,1.4293,-2.3359,0.4580,-0.0916,42.79,On Surface
145950,-0.0192,9.8928,1.3958,-2.7328,0.6260,-0.0458,42.65,On Surface
146000,-0.0383,9.9024,1.4102,-2.5954,0.5496,-0.1069,42.79,On Surface
146050,0.0120,9.9096,1.4772,-2.6412,0.7176,-0.0305,42.93,On Surface
146100,-0.0168,9.9455,1.4629,-2.2443,0.6870,0.1374,42.93,On Surface
146150,-0.0072,9.9383,1.3886,-2.3664,0.5038,0.0000,42.74,On Surface
146200,-0.0383,9.9431,1.4293,-2.5649,0.3359,-0.1832,42.93,On Surface
146250,-0.0239,9.9527,1.4605,-2.1069,0.2443,-0.0916,42.79,On Surface
146300,-0.0383,9.9503,1.4174,-2.3817,0.6107,-0.1985,42.79,On Surface
146350,-0.0096,9.9264,1.4653,-2.4122,0.6260,-0.1679,42.98,On Surface
146400,-0.0048,9.8952,1.3862,-2.3969,0.1679,-0.1832,42.93,On Surface
146450,-0.0383,9.8952,1.4748,-2.3359,0.6107,-0.0305,42.98,On Surface
146500,0.0192,9.9120,1.4509,-2.5954,0.2137,-0.0611,42.98,On Surface
146550,0.0239,9.9383,1.3575,-2.6870,0.3664,-0.0916,42.79,On Surface
146600,-0.0455,9.9048,1.4174,-2.5191,0.6565,0.0305,42.93,On Surface
146650,-0.0215,9.9335,1.3910,-2.2443,0.5802,-0.5038,42.93,On Surface
146700,-0.0263,9.9216,1.3862,-2.4733,0.5038,0.0000,43.26,On Surface
146750,-0.0575,9.9527,1.3791,-2.3511,0.5038,-0.1221,42.79,On Surface
146800,-0.0455,9.9192,1.4078,-2.4885,0.5954,-0.2443,42.98,On Surface
146850,-0.0215,9.9335,1.4150,-2.4580,0.3359,-0.0458,43.02,On Surface
146900,-0.0311,9.9216,1.4293,-2.2748,0.5344,-0.0611,42.93,On Surface
146950,0.0239,9.9168,1.3982,-2.5496,0.3817,-0.2290,42.60,On Surface
147000,-0.0120,9.9407,1.4317,-2.6565,0.5649,-0.1985,43.02,On Surface
147050,-0.0359,9.9455,1.4054,-2.3664,0.4580,0.0000,42.98,On Surface
147100,0.0024,9.8761,1.4198,-2.6260,0.3817,-0.2137,42.93,On Surface
147150,-0.0431,9.9192,1.3910,-2.3511,0.3664,-0.3817,42.79,On Surface
147200,-0.0335,9.9383,1.3886,-2.3817,0.5344,-0.2443,42.98,On Surface
147250,-0.0479,9.9288,1.3862,-2.3053,0.4733,-0.1679,43.02,On Surface
147300,-0.0359,9.9335,1.3982,-2.3817,0.5649,-0.2137,42.65,On Surface
147350,-0.0072,9.9431,1.4030,-2.1221,0.6565,0.0458,42.65,On Surface
147400,-0.0168,9.9335,1.3958,-2.3359,0.4885,-0.1527,42.60,On Surface
147450,-0.0455,9.9000,1.3934,-2.3969,0.2901,-0.1679,42.79,On Surface
147500,-0.0215,9.9359,1.4222,-2.3359,0.5344,0.1832,42.98,On Surface
147550,-0.0335,9.9120,1.4461,-2.4122,0.4275,-0.0611,42.93,On Surface
147600,0.0096,9.9216,1.3862,-2.3664,0.2443,0.0153,43.02,On Surface
147650,-0.0096,9.9862,1.3910,-2.4275,0.4122,-0.0611,43.12,On Surface
147700,-0.0311,9.9335,1.3767,-2.3511,0.7176,0.0611,42.98,On Surface
147750,-0.0670,9.8857,1.3743,-2.2901,0.8397,-0.1985,42.93,On Surface
147800,-0.0431,9.9288,1.4006,-2.0000,0.4733,0.0000,42.98,On Surface
147850,-0.0431,9.9383,1.3934,-2.2901,0.6107,-0.0458,42.98,On Surface
147900,-0.0599,9.9264,1.4341,-2.1527,0.7328,0.1832,42.93,On Surface
147950,-0.0239,9.9144,1.4150,-2.2595,0.4122,-0.0916,42.93,On Surface
148000,-0.0527,9.9024,1.3838,-2.3206,0.5038,-0.0305,42.74,On Surface
148050,-0.0311,9.9503,1.4006,-2.3817,0.2443,-0.1221,42.84,On Surface
148100,-0.0383,9.9359,1.4150,-2.3511,0.6107,0.0763,42.98,On Surface
148150,-0.0192,9.9216,1.3886,-2.4733,0.4580,-0.1527,42.65,On Surface
148200,-0.0359,9.9623,1.3910,-2.7176,0.4885,0.0763,42.93,On Surface
148250,-0.0383,9.9264,1.4222,-2.4733,0.4885,-0.0153,42.65,On Surface
148300,-0.0096,9.9455,1.2929,-2.1985,0.5344,-0.1374,42.98,On Surface
148350,-0.0359,9.9311,1.3767,-2.5496,0.6718,-0.0305,42.93,On Surface
148400,-0.0072,9.9264,1.4389,-2.3969,0.4122,-0.1679,43.12,On Surface
148450,-0.0383,9.9216,1.4581,-2.3359,0.4427,0.1069,42.98,On Surface
148500,-0.0192,9.9072,1.4078,-2.4885,0.3664,-0.0305,42.74,On Surface
148550,-0.0862,9.9096,1.4605,-2.3053,0.4427,-0.2137,42.65,On Surface
148600,-0.0551,9.9359,1.3934,-2.4885,0.4885,-0.2595,42.93,On Surface
148650,-0.0335,9.9383,1.4198,-2.2901,0.3817,0.0611,42.93,On Surface
148700,-0.0455,9.9599,1.3862,-2.4580,0.4733,-0.0153,43.12,On Surface
148750,0.0000,9.9551,1.4198,-2.2290,0.6260,-0.0305,42.74,On Surface
148800,-0.0120,9.9311,1.4916,-2.3511,0.7023,-0.0611,42.79,On Surface
148850,-0.0192,9.9431,1.3767,-2.2901,0.2137,-0.2443,42.98,On Surface
148900,0.0024,9.9120,1.4054,-2.1069,0.4275,-0.1527,42.74,On Surface
148950,-0.0239,9.9240,1.4269,-2.4122,0.1069,0.0153,42.93,On Surface
149000,-0.0479,9.9096,1.4054,-2.5344,0.4885,-0.2443,42.98,On Surface
149050,-0.0048,9.9120,1.4557,-2.4122,0.3664,-0.0763,43.12,On Surface
149100,-0.0144,9.9407,1.3767,-2.2595,0.4427,-0.2748,42.74,On Surface
149150,-0.0072,9.9335,1.4174,-2.4580,0.1527,-0.0763,43.02,On Surface
149200,-0.0048,9.9431,1.3838,-2.4885,0.4885,-0.1527,42.84,On Surface
149250,-0.0287,9.9551,1.4533,-2.3969,0.2748,-0.1069,42.98,On Surface
149300,-0.0144,9.9383,1.3240,-2.4427,0.2748,-0.3969,42.74,On Surface
149350,-0.0239,9.8928,1.3886,-2.1527,0.6260,-0.0153,42.65,On Surface
149400,0.0000,9.9216,1.4461,-2.2137,0.4275,-0.1069,43.17,On Surface
149450,0.0000,9.8928,1.4054,-2.4885,0.4885,-0.1832,42.93,On Surface
149500,-0.0622,9.8689,1.4174,-2.5954,0.1832,-0.2748,42.84,On Surface
149550,0.0048,9.9168,1.4365,-2.3664,0.4733,-0.2290,43.02,On Surface
149600,0.0215,9.9240,1.3838,-2.3206,0.5496,-0.0458,42.79,On Surface
149650,-0.0048,9.9096,1.4341,-2.8092,0.4122,-0.0763,42.98,On Surface
149700,-0.0048,9.9264,1.3647,-2.6107,0.2595,-0.2290,42.98,On Surface
149750,0.0168,9.9096,1.4222,-2.5191,0.7176,0.0458,42.98,On Surface
149800,-0.0144,9.9192,1.4198,-2.6107,0.4122,-0.0611,42.79,On Surface
149850,-0.0359,9.9072,1.4868,-2.5038,0.5038,-0.1374,42.98,On Surface
149900,0.0096,9.9072,1.3647,-2.5344,0.5038,-0.1527,42.84,On Surface
149950,-0.0215,9.9335,1.4198,-2.5038,0.5649,0.0458,42.98,On Surface
150000,-0.0407,9.8928,1.3934,-2.5344,0.4733,0.1221,42.79,On Surface
150050,-0.0215,9.9192,1.3982,-2.3511,0.5191,0.0458,42.98,On Surface
150100,-0.0359,9.9431,1.3886,-2.2901,0.4275,-0.0458,43.02,On Surface
150150,0.0096,9.9359,1.4078,-2.5038,0.5038,-0.1985,42.84,On Surface
150200,-0.0407,9.9096,1.4557,-2.5649,0.5649,-0.3359,42.79,On Surface
150250,-0.0335,9.9479,1.4222,-2.3053,0.5954,-0.2290,42.93,On Surface
150300,0.0024,9.8809,1.4006,-2.5496,0.5496,-0.2595,42.98,On Surface
150350,-0.0335,9.9455,1.4222,-2.1679,0.4885,-0.1679,42.98,On Surface
150400,-0.0072,9.8857,1.3479,-2.5191,0.5649,-0.2595,42.84,On Surface
150450,0.0120,9.9216,1.3743,-2.5496,0.6107,-0.1527,43.02,On Surface
150500,-0.0096,9.9311,1.4317,-2.4427,0.3969,0.0763,43.12,On Surface
150550,-0.0527,9.9096,1.4365,-2.4733,0.3053,-0.2137,42.65,On Surface
150600,-0.0239,9.9335,1.3815,-2.8092,0.4427,-0.1069,43.17,On Surface
150650,-0.0527,9.8976,1.4102,-2.4733,0.5802,-0.0153,42.84,On Surface
150700,-0.0407,9.9288,1.3767,-2.2290,0.5649,-0.2443,42.74,On Surface
150750,-0.0431,9.9096,1.4078,-2.3511,0.3817,-0.2748,42.84,On Surface
150800,-0.0287,9.9288,1.4365,-2.5344,0.3206,-0.1527,42.84,On Surface
150850,-0.0287,9.8976,1.4892,-2.4122,0.5038,0.0305,42.79,On Surface
150900,-0.0096,9.8976,1.3647,-2.3359,0.3664,-0.0305,42.98,On Surface
150950,-0.0335,9.9024,1.4389,-1.9237,0.6260,0.0763,42.98,On Surface
151000,-0.0263,9.9168,1.4413,-2.3511,0.5038,-0.2137,42.84,On Surface
151050,-0.0335,9.8904,1.4317,-2.4122,0.3664,-0.1985,42.93,On Surface
151100,-0.0168,9.9072,1.4293,-2.6718,0.2595,-0.0611,42.93,On Surface
151150,-0.0072,9.9551,1.3886,-2.1832,0.4275,-0.2137,43.02,On Surface
151200,-0.0287,9.9335,1.3958,-2.3359,0.5038,-0.0305,42.84,On Surface
151250,-0.0551,9.9479,1.4126,-2.4885,0.3206,-0.0458,42.84,On Surface
151300,-0.0359,9.9168,1.3838,-2.3053,0.5344,-0.0916,43.02,On Surface
151350,-0.0311,9.9144,1.4365,-2.2901,0.5038,-0.1527,42.93,On Surface
151400,-0.0551,9.9455,1.3695,-2.1679,0.4885,-0.0305,43.02,On Surface
151450,-0.0024,9.9383,1.4174,-2.0305,0.4122,-0.2137,43.26,On Surface
151500,-0.0383,9.8928,1.3815,-2.1832,0.4885,0.2137,43.12,On Surface
151550,-0.0479,9.9311,1.3551,-2.2595,-0.0153,0.0916,42.98,On Surface
151600,-0.0239,9.9192,1.4198,-2.1985,0.5649,-0.0458,42.84,On Surface
151650,-0.0263,9.8857,1.4150,-2.5649,0.3359,-0.2443,42.79,On Surface
151700,-0.0168,9.9575,1.3910,-2.4275,0.2290,-0.0916,42.65,On Surface
151750,-0.0455,9.9216,1.3934,-2.5496,0.4733,-0.1679,42.98,On Surface
151800,-0.0287,9.9599,1.3719,-2.2595,0.5649,0.0458,42.93,On Surface
151850,-0.0311,9.9383,1.4653,-2.4733,0.3817,-0.0458,42.65,On Surface
151900,-0.0551,9.9335,1.3743,-2.1374,0.4427,-0.1527,42.93,On Surface
151950,0.0000,9.9240,1.4102,-2.3053,0.5191,-0.1527,42.79,On Surface
152000,-0.0790,9.8857,1.4054,-2.1985,0.3664,0.0458,42.84,On Surface
152050,-0.0048,9.9168,1.4222,-2.2748,0.3359,0.0763,43.02,On Surface
152100,-0.0335,9.9168,1.4748,-2.3206,0.6718,-0.0153,42.98,On Surface
152150,0.0000,9.8833,1.4126,-2.5344,0.3664,-0.1221,42.98,On Surface
152200,-0.0215,9.9647,1.4078,-2.3817,0.2443,-0.0305,42.93,On Surface
152250,-0.0503,9.9335,1.4317,-2.1527,0.4275,-0.2137,42.74,On Surface
152300,-0.0287,9.9335,1.3671,-2.1832,0.4122,-0.3511,43.12,On Surface
152350,-0.0096,9.9383,1.3527,-2.2595,0.6412,0.0153,42.98,On Surface
152400,0.0000,9.9072,1.4485,-2.2595,0.4580,-0.1069,42.93,On Surface
152450,-0.0383,9.9240,1.4102,-2.3664,0.3969,-0.1527,42.93,On Surface
152500,-0.0072,9.9311,1.4605,-2.3359,0.3969,-0.1985,42.84,On Surface
152550,-0.0311,9.9024,1.4509,-2.5344,0.3359,-0.0458,43.02,On Surface
152600,-0.0144,9.9168,1.4341,-2.5649,0.4427,-0.1985,42.93,On Surface
152650,0.0000,9.9264,1.3958,-2.3969,0.3969,-0.0153,42.98,On Surface
152700,-0.0359,9.9383,1.4006,-2.6260,0.3359,0.0000,42.93,On Surface
152750,-0.0431,9.9240,1.3958,-2.2137,0.7023,-0.4427,43.02,On Surface
152800,0.0215,9.9359,1.4293,-2.4733,0.6718,-0.1221,42.98,On Surface
152850,-0.0048,9.9766,1.4269,-2.6412,0.3053,-0.2443,42.98,On Surface
152900,0.0192,9.9096,1.4222,-2.3664,0.5649,-0.0305,42.98,On Surface
152950,-0.0455,9.9216,1.3503,-2.3053,0.5344,0.0611,42.84,On Surface
153000,-0.0263,9.9000,1.4245,-2.4275,0.2595,-0.0611,42.65,On Surface
153050,-0.0527,9.9096,1.3910,-2.6870,0.4427,-0.4885,42.79,On Surface
153100,0.0383,9.9240,1.3360,-2.3817,0.7023,0.0305,42.79,On Surface
153150,-0.0239,9.9407,1.4605,-2.5344,0.6412,0.1374,43.17,On Surface
153200,-0.0431,9.9288,1.3838,-2.5038,0.4427,-0.0305,42.84,On Surface
153250,-0.0407,9.9096,1.4222,-2.6718,0.6412,-0.3206,42.79,On Surface
153300,-0.0551,9.9335,1.4198,-2.4427,0.6260,0.0763,42.65,On Surface
153350,-0.0287,9.9144,1.4485,-2.2137,0.2595,-0.1985,42.84,On Surface
153400,-0.0024,9.9120,1.4006,-2.3817,0.4885,-0.0458,42.84,On Surface
153450,0.0024,9.8713,1.3671,-2.5038,0.4122,-0.2901,42.84,On Surface
153500,-0.0215,9.9000,1.4078,-2.5649,0.4885,-0.1832,42.84,On Surface
153550,0.0024,9.8928,1.4461,-2.5954,0.2748,-0.0305,42.79,On Surface
153600,-0.0144,9.9192,1.3719,-2.6107,0.4427,-0.1679,42.51,On Surface
153650,-0.0575,9.9048,1.3958,-2.6565,0.5954,0.0305,42.93,On Surface
153700,-0.0455,9.9168,1.3312,-2.4733,0.5191,-0.1221,42.98,On Surface
153750,-0.0168,9.9742,1.3240,-2.6718,0.3664,0.0153,42.93,On Surface
153800,-0.0263,9.9335,1.3599,-2.3206,0.8397,-0.4275,43.02,On Surface
153850,-0.0527,9.9072,1.3288,-2.3817,0.1679,-0.2290,43.02,On Surface
153900,-0.0120,9.9000,1.3384,-2.4733,0.3817,-0.2137,42.93,On Surface
153950,-0.0359,9.9048,1.4461,-2.7328,0.3511,0.0458,42.93,On Surface
154000,0.0000,9.9240,1.4389,-2.3053,0.4275,-0.0611,43.02,On Surface
154050,-0.0048,9.9168,1.4365,-2.5191,0.3817,0.0916,42.93,On Surface
154100,-0.0359,9.9216,1.4413,-2.5649,0.4122,-0.1069,42.79,On Surface
154150,-0.0263,9.9671,1.3862,-2.5038,0.6870,-0.1832,42.74,On Surface
154200,-0.0910,9.9766,1.4389,-2.5649,0.4580,-0.3359,42.93,On Surface
154250,-0.0239,9.9575,1.4509,-2.7023,0.4275,-0.1527,42.79,On Surface
154300,-0.0024,9.9383,1.3527,-2.4427,0.5496,-0.1985,43.12,On Surface
154350,-0.0407,9.9240,1.4844,-2.4427,0.4122,0.1069,42.93,On Surface
154400,-0.0024,9.8785,1.4317,-2.0611,0.1374,-0.1221,42.98,On Surface
154450,-0.0192,9.9192,1.4293,-2.5038,0.2901,-0.1374,42.98,On Surface
154500,-0.0407,9.9096,1.4293,-2.3817,0.6412,0.0153,43.02,On Surface
154550,-0.0311,9.9359,1.4102,-2.3817,0.2137,-0.0458,42.74,On Surface
154600,-0.0455,9.9168,1.4557,-2.2901,0.3664,-0.2137,42.79,On Surface
154650,-0.0575,9.9168,1.4509,-2.3817,0.6107,0.0763,42.84,On Surface
154700,-0.0599,9.9575,1.4245,-2.3053,0.4122,-0.1679,42.79,On Surface
154750,-0.0359,9.9240,1.4676,-2.2137,0.5038,-0.1069,43.31,On Surface
154800,0.0024,9.9503,1.4461,-2.4122,0.6718,-0.0153,43.12,On Surface
154850,-0.0622,9.9264,1.3384,-2.4427,0.2901,0.0305,43.02,On Surface
154900,0.0144,9.9264,1.4245,-2.1374,0.2901,0.0000,42.93,On Surface
154950,-0.0359,9.9216,1.4461,-2.3817,0.3511,0.0305,42.93,On Surface
155000,-0.0263,9.9503,1.4102,-2.6565,0.4275,0.1069,42.74,On Surface
155050,-0.0599,9.8497,1.3743,-2.4122,0.5496,-0.0153,43.02,On Surface
155100,-0.0024,9.8976,1.4461,-2.3053,0.4427,-0.3359,42.79,On Surface
155150,-0.0263,9.9623,1.3743,-2.3053,0.7481,-0.1221,42.93,On Surface
155200,-0.0622,9.9407,1.3647,-2.4427,0.4275,-0.1832,42.84,On Surface
155250,-0.0407,9.9671,1.4341,-2.0305,0.6260,-0.1985,42.65,On Surface
155300,-0.0072,9.9455,1.4126,-2.4885,0.5344,-0.1374,42.79,On Surface
155350,-0.0024,9.9192,1.3647,-2.3511,0.3664,-0.1832,42.79,On Surface
155400,-0.0072,9.8833,1.4629,-2.3053,0.2443,0.1527,43.12,On Surface
155450,-0.0096,9.8952,1.3815,-2.2290,0.4580,-0.3206,42.79,On Surface
155500,0.0024,9.9072,1.4245,-2.1985,0.2901,0.0153,42.93,On Surface
155550,-0.0144,9.9216,1.3958,-2.4122,0.2748,0.0305,42.98,On Surface
155600,-0.0192,9.9335,1.3695,-2.3817,0.6260,0.0611,42.98,On Surface
155650,-0.0263,9.9311,1.4293,-2.2595,0.2901,0.1221,42.84,On Surface
155700,-0.0335,9.9695,1.3815,-2.1832,0.7481,-0.1832,42.79,On Surface
155750,-0.0144,9.9000,1.3599,-2.3817,0.5954,-0.0153,43.02,On Surface
155800,0.0168,9.9192,1.4245,-1.9695,0.2748,-0.1374,43.31,On Surface
155850,0.0311,9.9144,1.4748,-2.3817,0.7023,-0.1832,42.79,On Surface
155900,0.0000,9.9240,1.4581,-2.3969,0.1832,-0.1527,43.02,On Surface
155950,0.0000,9.9311,1.3838,-2.4427,0.3206,0.1985,42.93,On Surface
156000,-0.0359,9.9240,1.4485,-2.4733,0.5802,-0.2443,42.79,On Surface
156050,-0.0168,9.9407,1.3671,-2.7023,0.4885,-0.1069,42.84,On Surface
156100,-0.0192,9.9383,1.3791,-2.3969,0.6260,0.0611,42.79,On Surface
156150,-0.0239,9.9407,1.4245,-2.5496,0.4275,-0.4122,42.65,On Surface
156200,-0.0239,9.9288,1.3958,-2.4275,0.4580,-0.2137,42.84,On Surface
156250,-0.0527,9.9240,1.3862,-2.3817,0.6260,-0.1221,42.98,On Surface
156300,0.0168,9.9455,1.3862,-2.3053,0.5802,-0.1374,42.93,On Surface
156350,-0.0192,9.9144,1.4293,-2.5802,0.4580,-0.2595,42.84,On Surface
156400,-0.0048,9.9192,1.4413,-2.3817,0.4427,-0.2443,42.93,On Surface
156450,0.0120,9.9192,1.4222,-2.2137,0.4275,0.0153,43.26,On Surface
156500,-0.0311,9.9120,1.3838,-2.5496,0.2748,-0.1985,42.98,On Surface
156550,-0.0287,9.9407,1.4174,-2.3969,0.2290,-0.0916,42.84,On Surface
156600,-0.0096,9.9096,1.4461,-2.5496,0.2901,-0.2595,43.17,On Surface
156650,-0.0431,9.9599,1.3791,-2.3206,0.6565,-0.0611,42.93,On Surface
156700,0.0000,9.9168,1.3838,-2.5954,0.6107,-0.2901,43.17,On Surface
156750,-0.0431,9.9264,1.4269,-2.4885,0.7939,-0.2595,42.84,On Surface
156800,-0.0168,9.9359,1.4533,-2.4885,0.5496,-0.0305,42.84,On Surface
156850,-0.0120,9.9168,1.4389,-2.6412,0.4427,-0.1374,42.93,On Surface
156900,-0.0192,9.9096,1.3815,-2.4122,0.3206,-0.2443,42.65,On Surface
156950,-0.0407,9.8833,1.3910,-2.3817,0.1832,-0.1527,43.12,On Surface
157000,-0.0551,9.9168,1.4030,-2.7634,0.3206,-0.1374,42.74,On Surface
157050,-0.0383,9.8881,1.3886,-2.5954,0.5344,0.1069,42.79,On Surface
157100,-0.0239,9.9551,1.3767,-2.5191,0.2595,0.0611,42.93,On Surface
157150,0.0000,9.9431,1.4126,-2.7481,0.6107,-0.3817,42.93,On Surface
157200,-0.0407,9.9168,1.3982,-2.5191,0.4733,-0.0153,43.26,On Surface
157250,-0.0383,9.9311,1.4269,-2.6718,0.3511,-0.2748,42.98,On Surface
157300,-0.0287,9.9192,1.4198,-2.2901,0.4275,-0.0916,42.98,On Surface
157350,-0.0192,9.8689,1.4676,-2.4580,0.3511,-0.4885,42.51,On Surface
157400,-0.0311,9.9048,1.3982,-2.5802,0.5649,-0.3511,42.98,On Surface
157450,-0.0072,9.9096,1.3862,-2.3359,0.5496,0.0458,42.98,On Surface
157500,-0.0431,9.9647,1.3958,-2.3664,0.8244,-0.2290,42.98,On Surface
157550,-0.0383,9.9096,1.3671,-2.3664,0.4427,-0.2595,43.02,On Surface
157600,-0.0263,9.9192,1.4509,-2.3206,0.5344,-0.0611,43.02,On Surface
157650,-0.0263,9.9024,1.4245,-2.6412,0.5954,-0.1679,42.84,On Surface
157700,-0.0239,9.9096,1.4413,-2.4122,0.5649,-0.1221,42.74,On Surface
157750,-0.0359,9.9527,1.4198,-2.2290,0.3817,-0.1221,42.84,On Surface
157800,-0.0335,9.9000,1.4557,-2.2748,0.7023,-0.1679,42.93,On Surface
157850,0.0048,9.9311,1.3934,-2.3969,0.5954,-0.0305,42.93,On Surface
157900,-0.0192,9.9144,1.4054,-2.1985,0.6412,-0.1985,42.93,On Surface
157950,-0.0670,9.9623,1.4509,-2.7634,0.3359,-0.1985,42.93,On Surface
158000,-0.0479,9.9240,1.4341,-2.3053,-0.0153,0.0153,42.98,On Surface
158050,-0.0239,9.9216,1.4126,-2.6260,0.1069,-0.3511,42.93,On Surface
158100,-0.0814,9.9240,1.4126,-2.3969,0.4275,-0.3359,42.98,On Surface
158150,-0.0215,9.9431,1.4198,-2.5496,0.5344,-0.1985,43.17,On Surface
158200,-0.0048,9.9790,1.4245,-2.3206,0.4885,-0.1985,42.93,On Surface
158250,-0.0215,9.9288,1.4269,-2.4275,0.3664,-0.1985,43.02,On Surface
158300,-0.0263,9.9168,1.3838,-2.3206,0.3664,-0.2595,42.98,On Surface
158350,-0.0215,9.9144,1.4533,-2.4275,0.2748,-0.1527,42.79,On Surface
158400,-0.0024,9.8785,1.4198,-2.3817,0.3969,-0.2290,42.93,On Surface
158450,-0.0024,9.9264,1.4341,-2.4885,0.5496,-0.0305,42.60,On Surface
158500,-0.0383,9.9120,1.4844,-2.2137,0.6260,-0.0611,43.12,On Surface
158550,-0.0359,9.9455,1.4198,-2.6107,0.5802,-0.2443,42.74,On Surface
158600,-0.0479,9.9120,1.3958,-2.3053,0.5496,0.0458,42.79,On Surface
158650,-0.0192,9.8857,1.4126,-2.4122,0.4580,-0.1679,43.02,On Surface
158700,-0.0287,9.9359,1.4006,-2.3053,0.3053,0.2595,42.79,On Surface
158750,-0.0335,9.9527,1.4150,-2.3817,0.5038,0.0763,42.79,On Surface
158800,-0.0144,9.9072,1.4006,-2.4427,0.5191,0.1069,42.79,On Surface
158850,-0.0383,9.9192,1.4222,-2.0916,0.3969,0.0000,42.79,On Surface
158900,-0.0072,9.9359,1.4509,-2.3053,0.3511,-0.0458,42.98,On Surface
158950,-0.0263,9.9048,1.4245,-2.2748,0.5496,-0.0916,42.98,On Surface
159000,-0.0287,9.9575,1.3791,-2.3664,0.3969,-0.2290,42.84,On Surface
159050,-0.0311,9.9192,1.4269,-2.1069,0.2901,-0.1985,43.02,On Surface
159100,-0.0144,9.9335,1.3862,-2.2748,0.2595,-0.1679,42.84,On Surface
159150,-0.0120,9.9024,1.3767,-2.5802,0.3969,-0.4733,42.98,On Surface
159200,-0.0503,9.9240,1.3958,-2.4122,0.5344,-0.0153,42.93,On Surface
159250,-0.0192,9.9814,1.3982,-2.2443,0.3664,-0.2901,43.02,On Surface
159300,-0.0215,9.9264,1.4078,-2.2595,0.4580,-0.2443,42.74,On Surface
159350,-0.0287,9.9383,1.4174,-2.5496,0.3969,-0.1679,42.79,On Surface
159400,-0.0072,9.8881,1.3767,-2.2595,0.4885,0.0153,42.98,On Surface
159450,-0.0096,9.8809,1.4748,-2.2290,0.3206,0.1374,42.98,On Surface
159500,0.0192,9.9264,1.4198,-2.2595,0.4733,-0.2290,43.17,On Surface
159550,-0.0383,9.9120,1.4461,-2.3969,0.6260,0.0000,43.02,On Surface
159600,-0.0311,9.8976,1.3384,-2.5038,0.2290,0.0153,42.79,On Surface
159650,-0.0048,9.9455,1.3719,-2.2595,0.5496,-0.0458,42.79,On Surface
159700,-0.0311,9.8833,1.3815,-2.5649,0.3664,-0.1679,42.79,On Surface
159750,0.0024,9.9144,1.4269,-2.3053,0.5344,-0.2290,42.84,On Surface
159800,0.0048,9.8904,1.3934,-2.2595,0.7176,-0.1069,43.02,On Surface
159850,-0.0599,9.9551,1.4485,-2.4733,0.4427,-0.2443,42.65,On Surface
159900,0.0192,9.8641,1.4245,-2.2443,0.5649,-0.0916,42.93,On Surface
159950,-0.0407,9.8976,1.3719,-2.0611,0.6718,-0.2290,43.02,On Surface
160000,-0.0144,9.8617,1.4916,-2.6107,0.4885,-0.0305,42.98,On Surface
160050,-0.0215,9.9120,1.4461,-2.3359,0.6107,-0.0611,42.93,On Surface
160100,-0.0287,9.9359,1.4150,-2.3817,0.4427,0.0000,42.84,On Surface
160150,-0.0359,9.9359,1.4222,-2.6412,0.5802,-0.1527,43.17,On Surface
160200,-0.0359,9.8976,1.3767,-2.5191,0.7023,-0.1679,42.79,On Surface
160250,-0.0335,9.9311,1.4317,-2.6260,0.5954,-0.2137,43.12,On Surface
160300,-0.0311,9.8689,1.3934,-2.4122,0.3359,-0.1832,43.17,On Surface
160350,-0.0192,9.9264,1.4006,-2.4275,0.6565,-0.0916,43.02,On Surface
160400,-0.0215,9.9144,1.4245,-2.3817,0.4733,-0.0763,42.98,On Surface
160450,-0.0192,9.8761,1.4293,-2.4580,0.3359,-0.0916,43.12,On Surface
160500,-0.0239,9.9192,1.4629,-2.4275,0.3969,-0.0153,42.93,On Surface
160550,-0.0024,9.9383,1.3743,-2.5191,0.6565,0.1679,42.79,On Surface
160600,-0.0359,9.8857,1.3791,-2.5649,0.5649,0.0000,42.98,On Surface
160650,-0.0120,9.8952,1.4222,-2.7481,0.5496,-0.0916,42.98,On Surface
160700,-0.0527,9.9383,1.4437,-2.4427,0.8092,0.0305,43.12,On Surface
160750,-0.0359,9.9120,1.3719,-2.4885,0.5344,-0.1374,42.98,On Surface
160800,-0.0024,9.9359,1.4126,-2.4580,0.6718,0.0763,42.98,On Surface
160850,-0.0215,9.9359,1.4269,-2.5802,0.2748,0.0458,43.17,On Surface
160900,-0.0359,9.9240,1.4389,-2.2290,0.3053,-0.0611,42.79,On Surface
160950,-0.0120,9.9048,1.5012,-2.3053,0.5954,-0.2748,43.17,On Surface
161000,0.0000,9.8785,1.4605,-2.6718,0.2137,-0.3053,42.93,On Surface
161050,-0.0215,9.9335,1.4341,-2.6412,0.2290,-0.1069,42.98,On Surface
161100,-0.0120,9.8976,1.3910,-2.3969,0.0305,0.0000,42.60,On Surface
161150,-0.0527,9.9527,1.4437,-2.3817,0.5954,-0.3206,42.93,On Surface
161200,-0.0742,9.9144,1.4413,-2.3053,0.5038,-0.0763,43.12,On Surface
161250,-0.0311,9.9168,1.4557,-2.2901,0.5802,-0.0763,42.93,On Surface
161300,-0.0479,9.9527,1.4078,-2.0763,0.6107,-0.2137,42.98,On Surface
161350,-0.0670,9.9383,1.3527,-2.3053,0.3206,0.0153,42.93,On Surface
161400,0.0144,9.8952,1.4389,-2.3664,0.3664,-0.2290,43.02,On Surface
161450,0.0192,9.8857,1.4653,-2.3969,0.3511,-0.0611,42.79,On Surface
161500,-0.0311,9.9407,1.4293,-2.4885,0.4885,0.1527,42.98,On Surface
161550,-0.0120,9.8952,1.3910,-2.6412,0.3969,-0.3359,42.84,On Surface
161600,-0.0168,9.9024,1.3886,-2.3664,0.6107,0.0153,42.98,On Surface
161650,-0.0407,9.9383,1.3982,-2.2137,0.7328,-0.1985,43.26,On Surface
161700,-0.0431,9.9479,1.3647,-2.3511,0.3359,0.0458,43.17,On Surface
161750,-0.0431,9.9192,1.3982,-2.2901,0.3053,-0.0763,42.79,On Surface
161800,-0.0192,9.9383,1.3958,-2.2137,0.5496,-0.1374,42.98,On Surface
161850,-0.0263,9.9120,1.3599,-2.4733,0.3969,0.0305,42.98,On Surface
161900,-0.0144,9.9216,1.4365,-2.1527,0.4885,0.0763,43.02,On Surface
161950,0.0024,9.9383,1.4413,-2.2748,0.4122,0.0153,42.98,On Surface
162000,-0.0215,9.9264,1.4198,-2.4885,0.2595,0.0000,42.74,On Surface
162050,-0.0527,9.9144,1.3862,-2.1527,0.2290,-0.1221,42.93,On Surface
162100,-0.0359,9.9288,1.4222,-2.4275,0.5038,-0.1832,42.79,On Surface
162150,-0.0096,9.9575,1.3599,-2.3969,0.4427,0.2748,42.98,On Surface
162200,-0.0527,9.9311,1.3599,-2.5344,0.4122,-0.1527,42.84,On Surface
162250,-0.0431,9.9288,1.4078,-2.4122,0.2290,-0.1221,42.98,On Surface
162300,-0.0239,9.9623,1.3743,-2.4427,0.5802,0.0305,43.12,On Surface
162350,0.0000,9.9000,1.4293,-2.2595,0.3511,-0.1527,42.65,On Surface
162400,-0.0359,9.9144,1.4030,-2.1374,0.2595,0.0305,43.12,On Surface
162450,-0.0096,9.9168,1.3743,-2.4275,0.3969,-0.2137,42.93,On Surface
162500,-0.0359,9.9024,1.4892,-2.4275,0.4122,0.0763,42.98,On Surface
162550,-0.0168,9.9503,1.4317,-2.1985,0.6412,-0.0305,42.98,On Surface
162600,-0.0239,9.9383,1.3958,-2.4885,0.5191,-0.0916,42.65,On Surface
162650,-0.0407,9.9479,1.4150,-2.2443,0.5038,0.0611,42.79,On Surface
162700,-0.0168,9.9264,1.4317,-2.5038,0.4733,-0.0763,42.74,On Surface
162750,-0.0335,9.9288,1.4126,-2.3664,0.4275,-0.1985,42.93,On Surface
162800,-0.0575,9.9311,1.4293,-2.2748,0.2901,-0.0763,42.79,On Surface
162850,0.0000,9.9288,1.3910,-2.4733,0.6107,-0.0916,42.98,On Surface
162900,-0.0120,9.8928,1.4102,-2.4580,0.5954,-0.0916,42.74,On Surface
162950,-0.0072,9.9383,1.4126,-2.3053,0.2595,-0.1527,43.02,On Surface
163000,-0.0479,9.9072,1.3767,-2.3664,0.4122,-0.2290,42.93,On Surface
163050,0.0120,9.9096,1.4437,-2.4427,0.3664,-0.1985,42.84,On Surface
163100,-0.0287,9.8833,1.4461,-2.3206,0.5191,-0.1374,42.79,On Surface
163150,-0.0120,9.9072,1.4437,-2.6718,0.5038,0.0305,42.98,On Surface
163200,-0.0024,9.9503,1.3958,-2.4275,0.2443,0.0611,42.98,On Surface
163250,-0.0144,9.9383,1.4413,-2.4427,0.6565,-0.0611,42.93,On Surface
163300,-0.0024,9.9479,1.3264,-2.4733,0.4733,-0.1374,43.12,On Surface
163350,-0.0215,9.9120,1.4030,-2.3664,0.5802,-0.2290,42.98,On Surface
163400,0.0096,9.9168,1.4341,-2.1221,0.4885,0.1221,42.74,On Surface
163450,-0.0311,9.9000,1.3647,-2.4275,0.3664,0.1374,42.65,On Surface
163500,-0.0263,9.9264,1.3886,-2.3206,0.4427,-0.1985,43.02,On Surface
163550,-0.0215,9.9216,1.3384,-2.6718,0.4275,-0.1679,43.17,On Surface
163600,-0.0287,9.8809,1.3791,-2.4733,0.6107,-0.2290,42.65,On Surface
163650,-0.0096,9.9359,1.3934,-2.4427,0.6260,-0.2137,42.98,On Surface
163700,-0.0311,9.9216,1.3982,-2.1985,0.3359,-0.0458,42.84,On Surface
163750,-0.0144,9.9024,1.4868,-2.3664,0.5954,-0.3969,42.93,On Surface
163800,-0.0072,9.8952,1.4509,-2.0916,0.5496,-0.2137,42.93,On Surface
163850,-0.0431,9.9120,1.4437,-2.5954,0.5038,-0.0305,42.98,On Surface
163900,-0.0239,9.9168,1.4245,-2.4427,0.4275,-0.0305,42.93,On Surface
163950,-0.0335,9.8785,1.4317,-2.5038,0.4427,0.0763,42.93,On Surface
164000,-0.0527,9.8785,1.4485,-2.5191,0.4427,0.0458,42.93,On Surface
164050,-0.0407,9.9503,1.4653,-2.2748,0.6260,-0.0763,42.98,On Surface
164100,-0.0383,9.9383,1.4006,-2.3053,0.5038,-0.1985,42.93,On Surface
164150,-0.0359,9.9311,1.3862,-2.4885,0.7023,-0.3206,43.02,On Surface
164200,-0.0192,9.9192,1.4605,-2.3053,0.4275,-0.0153,42.93,On Surface
164250,-0.0239,9.9311,1.4006,-2.1221,0.5344,-0.1221,42.98,On Surface
164300,-0.0144,9.9168,1.3695,-2.5649,0.4275,-0.3206,43.12,On Surface
164350,-0.0215,9.8976,1.4389,-2.4275,0.3817,-0.0763,42.93,On Surface
164400,-0.0096,9.9359,1.4006,-2.4733,0.4580,-0.0458,42.65,On Surface
164450,-0.0599,9.9192,1.4126,-2.5649,0.5344,-0.2443,42.79,On Surface
164500,-0.0192,9.9168,1.4317,-2.4580,0.3664,-0.0611,42.98,On Surface
164550,-0.0311,9.9335,1.4222,-2.5954,0.4885,-0.4427,42.79,On Surface
164600,-0.0192,9.9096,1.3958,-2.5191,0.6412,-0.0916,43.31,On Surface
164650,-0.0096,9.9240,1.3455,-2.5191,0.5038,-0.3053,42.93,On Surface
164700,-0.0144,9.9407,1.3791,-2.5496,0.5344,-0.0611,42.93,On Surface
164750,-0.0263,9.9096,1.4557,-2.3664,0.4427,-0.1221,42.98,On Surface
164800,-0.0120,9.8976,1.4054,-2.4275,0.3511,-0.1221,42.93,On Surface
164850,0.0287,9.9024,1.4317,-2.2137,0.3511,-0.1832,43.17,On Surface
164900,-0.0311,9.9814,1.4365,-2.4122,0.3206,-0.0611,43.02,On Surface
164950,-0.0192,9.9503,1.4150,-2.1679,0.5038,-0.0916,42.98,On Surface
165000,-0.0287,9.9311,1.3527,-2.2290,0.6107,-0.0916,42.98,On Surface
165050,-0.0120,9.9048,1.4054,-2.1985,0.5649,0.1374,42.51,On Surface
165100,-0.0239,9.9695,1.4581,-2.2443,0.5191,-0.1069,42.93,On Surface
165150,-0.0263,9.8952,1.3982,-2.2748,0.6107,-0.3817,43.26,On Surface
165200,-0.0311,9.8976,1.4509,-2.2595,0.5038,-0.0611,42.93,On Surface
165250,-0.0359,9.8809,1.3767,-2.3664,0.4885,-0.3206,43.02,On Surface
165300,-0.0263,9.8952,1.4389,-2.4885,0.5802,-0.0305,43.02,On Surface
165350,-0.0670,9.9551,1.4030,-2.1832,0.6107,-0.2748,43.17,On Surface
165400,-0.0599,9.9240,1.4222,-2.4885,0.4733,0.1985,42.79,On Surface
165450,-0.0838,9.9288,1.4078,-2.3206,0.2595,-0.2290,42.93,On Surface
165500,-0.0622,9.9144,1.3767,-2.2137,0.4733,-0.0611,42.74,On Surface
165550,-0.0814,9.9551,1.3719,-2.2595,0.5649,-0.0611,43.02,On Surface
165600,-0.0335,9.9000,1.3455,-2.3511,0.2748,-0.0305,43.17,On Surface
165650,-0.0168,9.8928,1.4341,-2.4275,0.3969,-0.0305,42.93,On Surface
165700,0.0120,9.8713,1.4389,-2.6718,0.1374,-0.0611,42.93,On Surface
165750,-0.0287,9.9000,1.4964,-2.3206,0.4427,0.2748,43.12,On Surface
165800,-0.0503,9.9144,1.4245,-2.4580,0.3053,0.1374,42.79,On Surface
165850,-0.0359,9.9288,1.3743,-2.2901,0.4580,-0.0458,42.93,On Surface
165900,0.0000,9.9096,1.4054,-2.5191,0.3511,-0.2290,43.17,On Surface
165950,-0.0455,9.9096,1.3815,-2.2901,0.3206,-0.2137,42.98,On Surface
166000,-0.0407,9.9048,1.4150,-2.3511,0.3511,-0.2748,43.02,On Surface
166050,-0.0144,9.9479,1.4150,-2.1069,0.5038,-0.0458,42.93,On Surface
166100,-0.0215,9.9048,1.4676,-2.0153,0.3817,0.0305,43.12,On Surface
166150,0.0000,9.9000,1.3503,-2.4580,0.4275,-0.1069,43.12,On Surface
166200,0.0024,9.9240,1.4365,-2.4885,0.6412,-0.1221,43.02,On Surface
166250,-0.0263,9.9144,1.3455,-2.5649,0.6412,0.1527,42.93,On Surface
166300,-0.0239,9.9024,1.3815,-2.2443,0.6412,0.1679,42.98,On Surface
166350,-0.0144,9.9288,1.3791,-2.4122,0.7023,0.0305,43.02,On Surface
166400,-0.0311,9.9671,1.3408,-2.4427,0.4275,-0.1527,42.93,On Surface
166450,0.0072,9.9359,1.4150,-2.2748,0.3511,-0.1832,42.93,On Surface
166500,-0.0311,9.9288,1.3767,-2.2137,0.6870,-0.1527,42.98,On Surface
166550,-0.0048,9.9288,1.4317,-1.9237,0.6107,-0.3053,42.65,On Surface
166600,-0.0263,9.9311,1.4198,-2.2443,0.3969,0.0611,43.02,On Surface
166650,-0.0072,9.9407,1.4533,-2.4275,0.5802,-0.1985,42.98,On Surface
166700,-0.0215,9.9240,1.4293,-2.2137,0.4580,-0.3664,42.93,On Surface
166750,-0.0431,9.9288,1.3862,-2.7023,0.6718,-0.3511,43.17,On Surface
166800,-0.0048,9.8785,1.3719,-2.3053,0.5496,-0.1069,42.98,On Surface
166850,-0.0215,9.9288,1.4102,-2.1832,0.4733,-0.0916,43.12,On Surface
166900,-0.0287,9.9072,1.3767,-2.3053,0.6107,-0.1374,43.12,On Surface
166950,-0.0335,9.9192,1.4078,-2.4122,0.4885,-0.2290,42.98,On Surface
167000,-0.0239,9.9120,1.3815,-2.6107,0.2137,-0.1985,43.12,On Surface
167050,0.0120,9.9383,1.4557,-2.4733,0.5954,-0.0153,42.93,On Surface
167100,-0.0263,9.9096,1.3647,-2.3511,0.7023,-0.0458,43.26,On Surface
167150,-0.0096,9.8665,1.3838,-2.2901,0.5496,-0.0611,42.79,On Surface
167200,0.0048,9.9407,1.4222,-2.6260,0.3359,0.1832,42.98,On Surface
167250,-0.0503,9.9240,1.4748,-2.4885,0.6107,0.1069,43.02,On Surface
167300,-0.0192,9.9216,1.3527,-2.6565,0.4885,-0.3511,43.17,On Surface
167350,-0.0359,9.9431,1.3599,-2.4427,0.4275,-0.3206,42.98,On Surface
167400,-0.0359,9.9000,1.4365,-2.4733,0.5344,-0.3206,42.93,On Surface
167450,-0.0192,9.9575,1.3599,-2.3053,0.4122,-0.0763,43.31,On Surface
167500,-0.0239,9.9288,1.3791,-2.4122,0.5038,-0.3511,43.17,On Surface
167550,-0.0239,9.9072,1.4365,-2.6260,0.3817,-0.2290,42.93,On Surface
167600,-0.0024,9.8833,1.4437,-2.2290,0.3664,-0.0611,42.79,On Surface
167650,-0.0335,9.9000,1.4006,-2.3511,0.5954,0.0916,42.93,On Surface
167700,-0.0479,9.9383,1.4509,-2.3053,0.2595,-0.3206,42.98,On Surface
167750,0.0048,9.9383,1.4317,-2.5649,0.4427,-0.1221,42.79,On Surface
167800,-0.0383,9.9647,1.4126,-2.3511,0.6107,-0.1527,42.93,On Surface
167850,-0.0168,9.9766,1.3743,-2.1679,0.5954,-0.2595,42.93,On Surface
167900,-0.0048,9.9431,1.3312,-2.5038,0.2595,-0.1832,42.93,On Surface
167950,-0.0431,9.9048,1.3671,-2.3511,0.7176,-0.1985,42.84,On Surface
168000,-0.0527,9.9024,1.3767,-2.4885,0.3053,-0.0458,42.79,On Surface
168050,-0.0263,9.9240,1.4102,-2.4122,0.3359,0.0153,42.98,On Surface
168100,0.0287,9.9168,1.4293,-2.5191,0.3053,-0.2748,42.79,On Surface
168150,-0.0335,9.9240,1.4581,-2.5802,0.4733,-0.1374,43.17,On Surface
168200,-0.0215,9.9120,1.4054,-1.9084,0.5038,0.0000,42.74,On Surface
168250,-0.0239,9.9216,1.3886,-2.4580,0.5038,-0.1832,42.98,On Surface
168300,-0.0383,9.9335,1.3623,-2.5496,0.4122,-0.1679,42.93,On Surface
168350,-0.0263,9.9766,1.3623,-2.4733,0.5496,-0.4580,43.12,On Surface
168400,-0.0455,9.9216,1.3815,-2.2901,0.3817,-0.1832,43.02,On Surface
168450,0.0000,9.9072,1.4006,-2.4427,0.5344,-0.0153,42.98,On Surface
168500,-0.0551,9.9311,1.4078,-2.2137,0.3206,-0.2443,43.02,On Surface
168550,-0.0048,9.9311,1.4916,-2.0611,0.7176,-0.2443,43.12,On Surface
168600,-0.0168,9.9072,1.3144,-2.4733,0.2290,-0.1221,43.12,On Surface
168650,-0.0263,9.9024,1.4605,-2.1985,0.6565,-0.0458,42.98,On Surface
168700,-0.0072,9.8809,1.3743,-2.1679,0.4122,-0.1985,42.98,On Surface
168750,-0.0359,9.8976,1.4676,-2.0763,0.4580,0.0000,42.93,On Surface
168800,0.0000,9.9575,1.4006,-2.2290,0.4275,-0.0458,42.98,On Surface
168850,-0.0359,9.9383,1.3575,-2.4275,0.6565,-0.0611,42.98,On Surface
168900,-0.0694,9.9503,1.4269,-2.1069,0.5344,-0.0305,43.02,On Surface
168950,-0.0407,9.9264,1.4293,-2.3969,0.0916,0.0000,43.12,On Surface
169000,-0.0503,9.9383,1.3982,-2.1527,0.6107,-0.1679,42.98,On Surface
169050,-0.0407,9.9359,1.4198,-2.0763,0.4885,-0.2901,43.26,On Surface
169100,-0.0407,9.8593,1.4198,-2.3053,0.5344,0.1221,42.98,On Surface
169150,0.0072,9.9072,1.4126,-2.2290,0.2443,-0.0305,42.79,On Surface
169200,-0.0192,9.9072,1.3934,-2.3206,0.4885,0.0305,43.26,On Surface
169250,-0.0383,9.9431,1.4293,-2.3511,0.5954,-0.2901,43.26,On Surface
169300,-0.0335,9.9335,1.3743,-2.4885,0.5496,-0.0916,42.93,On Surface
169350,-0.0311,9.8928,1.3455,-2.2443,0.5802,-0.0153,42.79,On Surface
169400,-0.0192,9.9383,1.3934,-2.2290,0.5802,-0.2290,42.93,On Surface
169450,-0.0120,9.9311,1.4341,-2.1832,0.4733,-0.2290,43.17,On Surface
169500,-0.0072,9.9240,1.3886,-2.3817,0.5038,-0.2901,42.93,On Surface
169550,-0.0359,9.8904,1.4126,-2.2901,0.4427,-0.2901,42.98,On Surface
169600,-0.0239,9.9048,1.4198,-2.5954,0.3817,-0.2290,43.12,On Surface
169650,-0.0287,9.9264,1.4581,-2.4122,0.0611,-0.1069,42.65,On Surface
169700,-0.0239,9.8881,1.3958,-2.4427,0.5954,-0.1221,42.98,On Surface
169750,-0.0814,9.9048,1.3910,-2.2748,0.4885,-0.0763,43.02,On Surface
169800,-0.0263,9.8809,1.4341,-2.3664,0.5954,-0.1374,43.02,On Surface
169850,-0.0455,9.9311,1.4006,-2.3969,0.6412,-0.3206,42.79,On Surface
169900,-0.0024,9.9407,1.3934,-2.2137,0.5802,-0.1679,42.93,On Surface
169950,-0.0431,9.9240,1.4341,-2.0153,0.4885,0.4122,42.84,On Surface
170000,0.0263,9.9335,1.3838,-2.4733,0.3511,0.0458,42.84,On Surface
170050,0.0144,9.8785,1.4724,-2.5038,0.5191,-0.1679,42.93,On Surface
170100,-0.0024,9.8881,1.4940,-2.4580,0.5649,-0.3664,42.98,On Surface
170150,-0.0048,9.9527,1.3910,-2.4885,0.4122,-0.0916,42.74,On Surface
170200,-0.0287,9.8952,1.3838,-2.6870,0.3511,-0.1221,43.17,On Surface
170250,-0.0120,9.9072,1.3910,-2.3359,0.3053,-0.0305,42.84,On Surface
170300,-0.0311,9.9503,1.3120,-2.4122,0.3969,-0.1985,42.98,On Surface
170350,0.0072,9.9431,1.4317,-2.7023,0.4122,-0.0611,42.98,On Surface
170400,-0.0239,9.9335,1.3695,-2.5038,0.3817,-0.2901,42.79,On Surface
170450,-0.0455,9.9144,1.3288,-2.5649,0.3969,-0.4427,43.17,On Surface
170500,-0.0263,9.8737,1.3671,-2.4885,0.3969,-0.2137,42.79,On Surface
170550,0.0024,9.9096,1.4533,-2.3511,0.3511,0.0305,42.60,On Surface
170600,-0.0192,9.8641,1.4150,-2.2595,0.4733,-0.1069,43.02,On Surface
170650,-0.0407,9.8904,1.3527,-2.5649,0.5191,0.0916,42.98,On Surface
170700,-0.0287,9.8833,1.4054,-2.2595,0.4580,0.0000,43.02,On Surface
170750,-0.0383,9.9168,1.4078,-2.4275,0.2137,-0.4122,43.02,On Surface
170800,-0.0503,9.8928,1.4269,-2.5496,0.3206,-0.2901,42.93,On Surface
170850,-0.0407,9.9192,1.4030,-2.2748,0.7939,-0.1985,42.93,On Surface
170900,-0.0359,9.9527,1.4341,-2.6412,0.6260,-0.2290,42.98,On Surface
170950,-0.0263,9.9288,1.3527,-2.5191,0.6412,-0.0611,42.93,On Surface
171000,-0.0144,9.9288,1.4078,-2.4122,0.5038,-0.1985,42.98,On Surface
171050,0.0000,9.9072,1.4006,-2.5344,0.5038,-0.4885,43.02,On Surface
171100,-0.0168,9.9120,1.3527,-2.3817,0.3817,-0.0763,42.93,On Surface
171150,0.0192,9.9000,1.4413,-2.5191,0.2748,-0.0611,42.98,On Surface
171200,-0.0192,9.8833,1.3767,-2.2748,0.7481,0.0916,42.79,On Surface
171250,-0.0263,9.9335,1.3791,-2.3817,0.6870,0.1221,42.84,On Surface
171300,-0.0335,9.9240,1.3910,-2.2748,0.5191,-0.3053,43.02,On Surface
171350,-0.0431,9.9551,1.4150,-2.4733,0.5649,-0.1832,43.17,On Surface
171400,-0.0575,9.9264,1.3910,-2.5038,0.7328,0.0153,43.17,On Surface
171450,-0.0431,9.9048,1.4317,-2.3511,0.5038,-0.1374,43.12,On Surface
171500,0.0335,9.9096,1.4437,-2.3511,0.3664,0.1374,42.98,On Surface
171550,-0.0263,9.9168,1.4030,-2.2901,0.4427,-0.1832,42.93,On Surface
171600,-0.0263,9.9048,1.4413,-2.5344,0.4427,-0.1832,42.93,On Surface
171650,-0.0455,9.9288,1.4533,-2.3664,0.5649,-0.3053,42.98,On Surface
171700,0.0048,9.9000,1.3719,-2.2137,0.5191,-0.0305,42.93,On Surface
171750,-0.0096,9.8928,1.3886,-2.5191,0.3817,-0.0458,42.98,On Surface
171800,-0.0431,9.9192,1.4365,-2.4122,0.7786,-0.2443,43.02,On Surface
171850,-0.0527,9.9168,1.4054,-2.3969,0.3969,-0.1985,43.02,On Surface
171900,-0.0215,9.9240,1.4389,-2.3664,0.5344,-0.2290,43.02,On Surface
171950,-0.0096,9.9431,1.4150,-2.2748,0.3511,-0.2595,42.84,On Surface
172000,-0.0192,9.9072,1.4150,-2.4427,0.4885,-0.1832,42.98,On Surface
172050,-0.0239,9.9192,1.4653,-2.3053,0.5344,-0.0305,43.02,On Surface
172100,-0.0192,9.9000,1.4174,-2.5954,0.2748,-0.2137,42.79,On Surface
172150,-0.0239,9.9000,1.3719,-2.6565,0.1832,0.0763,42.98,On Surface
172200,-0.0311,9.8833,1.3982,-2.3359,0.5344,0.0153,42.93,On Surface
172250,-0.0168,9.9335,1.3934,-2.2901,0.4885,-0.0153,42.93,On Surface
172300,-0.0431,9.9359,1.3982,-2.5344,0.5954,-0.0305,42.84,On Surface
172350,-0.0311,9.9192,1.3767,-2.1374,0.6260,-0.2443,42.79,On Surface
172400,-0.0455,9.9168,1.3575,-2.0916,0.6412,-0.0153,43.12,On Surface
172450,-0.0263,9.9575,1.4509,-2.3664,0.3511,-0.1527,42.79,On Surface
172500,0.0024,9.9527,1.3695,-2.0916,0.5191,-0.0458,42.93,On Surface
172550,-0.0287,9.8833,1.3838,-2.4733,0.3817,-0.0916,42.93,On Surface
172600,0.0000,9.9216,1.4437,-2.5649,0.2443,-0.2443,42.93,On Surface
172650,-0.0192,9.9335,1.4174,-2.4580,0.3969,0.0000,42.93,On Surface
172700,-0.0072,9.9479,1.4389,-2.3359,0.3969,-0.0458,42.98,On Surface
172750,-0.0311,9.9144,1.3671,-2.5802,0.5649,0.0916,43.17,On Surface
172800,-0.0287,9.9575,1.4054,-2.8397,0.2748,-0.0458,42.98,On Surface
172850,-0.0192,9.9599,1.4102,-2.4580,0.5191,0.1221,43.17,On Surface
172900,-0.0622,9.9910,1.3551,-2.4122,0.3817,-0.0763,43.17,On Surface
172950,-0.0048,9.9455,1.3815,-2.1069,0.4427,-0.0763,42.60,On Surface
173000,-0.0192,9.9192,1.4365,-2.2748,0.6107,-0.1679,43.12,On Surface
173050,0.0144,9.9024,1.4030,-2.4427,0.4885,-0.1374,42.60,On Surface
173100,-0.0096,9.9527,1.4389,-2.3053,0.2290,0.0000,43.17,On Surface
173150,-0.0622,9.9311,1.3719,-2.3206,0.5496,-0.0305,42.98,On Surface
173200,-0.0096,9.9000,1.3743,-2.5496,0.1221,-0.0458,43.02,On Surface
173250,0.0024,9.9575,1.4317,-2.5802,0.5802,-0.2290,43.02,On Surface
173300,-0.0431,9.9311,1.3647,-2.1985,0.4580,-0.3969,42.98,On Surface
173350,-0.0072,9.9168,1.3791,-2.5649,0.4733,-0.0305,42.74,On Surface
173400,0.0096,9.9000,1.4245,-2.2748,0.6107,0.0611,43.02,On Surface
173450,-0.0096,9.9359,1.3767,-2.0611,0.4275,-0.3359,42.98,On Surface
173500,-0.0096,9.9503,1.4389,-2.2901,0.5802,-0.2137,42.98,On Surface
173550,0.0000,9.8617,1.4030,-2.3053,0.3969,-0.1832,43.02,On Surface
173600,-0.0287,9.9072,1.4269,-2.4733,0.4733,-0.1374,43.02,On Surface
173650,-0.0120,9.9240,1.3719,-2.6718,0.5954,-0.0763,42.98,On Surface
173700,-0.0072,9.9551,1.3503,-2.3206,0.4580,-0.2748,43.26,On Surface
173750,-0.0096,9.9120,1.3934,-2.6107,0.5038,-0.4122,42.98,On Surface
173800,-0.0096,9.8689,1.4222,-2.3053,0.5954,-0.1221,43.02,On Surface
173850,-0.0431,9.9168,1.3934,-2.5954,0.5496,0.1679,43.17,On Surface
173900,-0.0455,9.9383,1.4102,-2.3817,0.7939,-0.2595,42.79,On Surface
173950,-0.0168,9.9455,1.3767,-2.5954,0.3969,-0.2748,42.79,On Surface
174000,-0.0120,9.9096,1.3838,-2.3969,0.4580,-0.0916,42.98,On Surface
174050,-0.0335,9.8976,1.4174,-2.1679,0.2748,-0.0916,43.02,On Surface
174100,-0.0192,9.9000,1.4557,-2.2290,0.6412,0.1374,43.12,On Surface
174150,-0.0192,9.8952,1.3862,-2.6718,0.5802,-0.2443,42.98,On Surface
174200,-0.0311,9.9048,1.3695,-2.4885,0.3206,-0.3053,43.12,On Surface
174250,-0.0455,9.9264,1.3264,-2.3969,0.2901,0.1679,42.98,On Surface
174300,-0.0239,9.9264,1.4054,-2.2595,0.7481,0.2137,42.98,On Surface
174350,-0.0503,9.9311,1.3743,-2.5191,0.6412,-0.2901,42.98,On Surface
174400,-0.0263,9.9096,1.3958,-2.4580,0.4427,-0.1679,43.12,On Surface
174450,0.0000,9.9072,1.3719,-2.5802,0.3206,-0.3206,42.84,On Surface
174500,-0.0359,9.9335,1.3982,-2.0916,0.4122,0.2595,42.98,On Surface
174550,0.0120,9.8904,1.4078,-2.5802,0.3206,-0.2137,42.98,On Surface
174600,-0.0215,9.9120,1.4437,-2.3053,0.2748,-0.0305,43.12,On Surface
174650,-0.0168,9.9192,1.3815,-2.5496,0.5038,0.0153,42.84,On Surface
174700,-0.0168,9.8928,1.4030,-2.3969,0.3969,-0.0611,43.02,On Surface
174750,-0.0455,9.9168,1.3527,-2.4122,0.4885,-0.1832,42.93,On Surface
174800,-0.0431,9.9264,1.3862,-2.4427,0.5038,0.0458,42.98,On Surface
174850,-0.0407,9.9264,1.3671,-2.3206,0.7023,-0.1832,42.93,On Surface
174900,-0.0335,9.9359,1.3431,-2.2290,0.5496,-0.3206,43.02,On Surface
174950,-0.0215,9.9240,1.3623,-2.3969,0.4733,-0.0153,43.02,On Surface
175000,-0.0575,9.9024,1.4198,-2.4580,0.4275,0.1221,42.98,On Surface
175050,-0.0359,9.9072,1.4509,-2.4733,0.6718,-0.1832,42.93,On Surface
175100,-0.0072,9.8952,1.3623,-2.6107,0.5802,-0.2443,42.79,On Surface
175150,-0.0311,9.9647,1.4557,-2.2901,0.7481,0.0305,42.79,On Surface
175200,-0.0646,9.9288,1.4030,-2.2595,0.5344,0.0916,43.35,On Surface
175250,-0.0527,9.9096,1.3767,-2.3359,0.3206,-0.2901,43.02,On Surface
175300,-0.0455,9.9407,1.4389,-2.3817,0.4885,-0.0916,42.74,On Surface
175350,-0.0239,9.9096,1.4485,-2.2595,0.2443,-0.0916,42.98,On Surface
175400,-0.0287,9.9431,1.4365,-2.1221,0.6718,0.0305,42.74,On Surface
175450,-0.0311,9.9192,1.4341,-2.3817,0.3206,-0.2137,42.84,On Surface
175500,0.0120,9.9168,1.4820,-2.4580,0.1221,-0.0305,42.79,On Surface
175550,-0.0239,9.9168,1.4174,-2.4275,0.6870,-0.0458,43.02,On Surface
175600,-0.0215,9.9000,1.4006,-2.2443,0.6107,0.3511,42.98,On Surface
175650,-0.0048,9.9240,1.4078,-2.3664,0.4580,-0.0458,43.02,On Surface
175700,0.0144,9.9168,1.3623,-2.3511,0.6565,-0.0763,42.98,On Surface
175750,-0.0168,9.9335,1.4365,-2.3206,0.4580,-0.1679,42.93,On Surface
175800,-0.0479,9.9479,1.3479,-2.1679,0.6107,-0.1069,42.79,On Surface
175850,-0.0383,9.9383,1.3958,-2.2137,0.3664,-0.0305,42.93,On Surface
175900,-0.0575,9.9479,1.4245,-2.4275,0.6870,-0.1069,43.02,On Surface
175950,-0.0383,9.9264,1.4916,-2.0763,0.5191,0.1832,42.98,On Surface
176000,-0.0311,9.8952,1.4413,-2.3206,0.6718,0.0000,42.93,On Surface
176050,-0.0192,9.9216,1.3527,-2.6718,0.1985,-0.3206,43.12,On Surface
176100,-0.0742,9.9192,1.4078,-2.3053,0.4275,-0.2748,43.02,On Surface
176150,-0.0168,9.9288,1.3527,-2.5649,0.5191,0.1374,43.26,On Surface
176200,0.0120,9.9838,1.4150,-2.1832,0.6718,-0.0916,43.17,On Surface
176250,-0.0192,9.9599,1.3791,-2.1221,0.4427,-0.0611,43.31,On Surface
176300,-0.0096,9.9718,1.4222,-2.1069,0.3969,-0.5802,43.12,On Surface
176350,0.0144,9.9096,1.3791,-2.3817,0.3664,-0.0763,42.84,On Surface
176400,-0.0215,9.8976,1.3934,-2.4580,0.2443,-0.3053,43.35,On Surface
176450,0.0024,9.9240,1.4389,-2.2901,0.1985,0.0153,43.26,On Surface
176500,-0.0503,9.8976,1.4892,-2.3511,0.4275,-0.0458,42.74,On Surface
176550,-0.0048,9.9144,1.4269,-2.1069,0.6870,-0.0305,42.93,On Surface
176600,-0.0646,9.9072,1.4054,-2.7328,0.5191,-0.1832,42.79,On Surface
176650,0.0096,9.9144,1.3958,-2.3817,0.8855,-0.0611,43.26,On Surface
176700,-0.0048,9.9359,1.4437,-2.2595,0.7481,-0.0763,43.02,On Surface
176750,-0.0215,9.9144,1.4078,-2.3969,0.3969,-0.1985,43.12,On Surface
176800,-0.0239,9.9168,1.3623,-2.3969,0.5496,-0.1374,42.84,On Surface
176850,-0.0263,9.9383,1.4461,-2.3511,0.3511,-0.2901,43.12,On Surface
176900,0.0096,9.9144,1.4150,-2.3511,0.6718,-0.2137,43.02,On Surface
176950,-0.0239,9.9168,1.4389,-1.9847,0.1985,0.1221,43.02,On Surface
177000,-0.0359,9.8928,1.4389,-2.4275,0.5649,-0.2748,43.26,On Surface
177050,0.0120,9.9096,1.4724,-2.7328,0.5802,-0.2137,42.93,On Surface
177100,-0.0144,9.9168,1.3647,-2.5496,0.3511,-0.2901,42.98,On Surface
177150,-0.0096,9.9311,1.4389,-2.3206,0.7328,0.0153,43.02,On Surface
177200,-0.0120,9.9216,1.4102,-2.5191,0.4580,-0.3359,43.12,On Surface
177250,-0.0335,9.9455,1.4198,-2.1985,0.7023,-0.1069,42.98,On Surface
177300,-0.0120,9.8952,1.4796,-2.5802,0.5038,-0.2748,42.79,On Surface
177350,0.0144,9.9216,1.4509,-2.3206,0.5649,-0.1069,42.93,On Surface
177400,-0.0096,9.8809,1.4533,-2.3359,0.5802,-0.1221,43.12,On Surface
177450,-0.0239,9.9311,1.4605,-2.3664,0.7634,-0.1679,42.65,On Surface
177500,0.0048,9.8928,1.4222,-2.2748,0.3359,-0.1374,42.98,On Surface
177550,-0.0407,9.9311,1.3791,-2.6718,0.6718,-0.3817,42.79,On Surface
177600,-0.0287,9.9311,1.3384,-2.8244,0.5802,-0.1221,43.12,On Surface
177650,-0.0192,9.9383,1.3647,-2.3969,0.2901,-0.3053,43.02,On Surface
177700,-0.0072,9.9168,1.4126,-2.4733,0.8092,-0.1374,42.93,On Surface
177750,-0.0862,9.8976,1.3982,-2.3969,0.3359,0.0611,42.84,On Surface
177800,0.0000,9.9120,1.4078,-2.1374,0.5038,0.0153,43.12,On Surface
177850,-0.0239,9.8904,1.4054,-2.3359,0.4427,-0.2748,42.79,On Surface
177900,-0.0263,9.9120,1.3815,-2.5954,0.5954,-0.1221,43.02,On Surface
177950,-0.0263,9.9192,1.4485,-2.5954,0.6107,-0.0458,43.12,On Surface
178000,-0.0120,9.9192,1.3982,-2.6107,0.4275,-0.0611,42.84,On Surface
178050,0.0287,9.9264,1.4245,-2.4122,0.4427,-0.2443,43.31,On Surface
178100,0.0048,9.9120,1.4269,-2.5649,0.5802,0.0611,42.79,On Surface
178150,-0.0192,9.9695,1.4317,-2.4733,0.4580,0.0305,43.02,On Surface
178200,-0.0431,9.9216,1.3886,-2.5496,0.8855,-0.0153,43.26,On Surface
178250,-0.0192,9.8928,1.4102,-2.4122,0.5344,-0.0916,43.26,On Surface
178300,-0.0575,9.8976,1.3958,-2.2901,0.5344,-0.0458,43.12,On Surface
178350,-0.0455,9.9192,1.3695,-2.6107,0.4122,-0.2443,42.93,On Surface
178400,-0.0287,9.9192,1.4245,-2.4733,0.4580,-0.1679,43.17,On Surface
178450,-0.0120,9.9383,1.4006,-2.3664,0.5191,-0.1832,43.12,On Surface
178500,-0.0072,9.8857,1.4365,-2.3359,0.3511,-0.1069,42.84,On Surface
178550,-0.0096,9.9024,1.3934,-2.3969,0.5344,0.0305,43.02,On Surface
178600,-0.0575,9.9503,1.4413,-2.5802,0.8244,0.0153,42.98,On Surface
178650,-0.0479,9.9192,1.4269,-2.3511,0.5954,0.0305,43.12,On Surface
178700,-0.0311,9.9288,1.4413,-2.2595,0.4427,-0.1069,42.60,On Surface
178750,-0.0335,9.9862,1.3336,-2.1679,0.3359,-0.2443,43.02,On Surface
178800,-0.0239,9.9455,1.4198,-2.2748,0.4885,0.1527,42.84,On Surface
178850,0.0048,9.9311,1.4413,-2.2137,0.5496,-0.2595,42.79,On Surface
178900,-0.0215,9.9335,1.4198,-2.2901,0.7023,-0.0458,43.12,On Surface
178950,0.0024,9.9359,1.3647,-2.5038,0.3817,0.0305,43.02,On Surface
179000,-0.0694,9.8928,1.4389,-2.4427,0.4885,-0.0763,42.98,On Surface
179050,-0.0168,9.8665,1.4269,-2.3664,0.4885,-0.0763,42.84,On Surface
179100,-0.0407,9.9359,1.3671,-2.4733,0.5649,-0.2443,43.02,On Surface
179150,-0.0287,9.9527,1.4245,-2.5496,0.4275,-0.1374,42.84,On Surface
179200,-0.0694,9.9311,1.3575,-2.1985,0.5649,-0.2595,43.02,On Surface
179250,-0.0072,9.9335,1.3958,-2.6412,0.2137,-0.1527,43.02,On Surface
179300,-0.0215,9.9264,1.3982,-2.1679,0.2901,-0.1985,42.84,On Surface
179350,0.0072,9.9216,1.3695,-2.4275,0.5344,-0.1221,43.17,On Surface
179400,-0.0287,9.9335,1.3695,-2.1985,0.3359,-0.1069,42.93,On Surface
179450,0.0072,9.9216,1.4437,-2.2137,0.4122,-0.0305,42.84,On Surface
179500,0.0000,9.9695,1.4365,-2.4122,0.4275,-0.1374,42.93,On Surface
179550,-0.0048,9.9168,1.3982,-1.9389,0.6260,0.0916,42.79,On Surface
179600,-0.0215,9.9359,1.3743,-2.5496,0.5038,0.0458,43.12,On Surface
179650,-0.0048,9.9335,1.3671,-2.3969,0.5802,-0.0305,42.79,On Surface
179700,-0.0120,9.9240,1.3886,-2.2901,0.5344,0.0000,42.84,On Surface
179750,-0.0359,9.9144,1.3599,-2.4427,0.5649,0.1832,42.93,On Surface
179800,-0.0503,9.9335,1.3838,-2.4885,0.4275,-0.2748,43.02,On Surface
179850,-0.0120,9.9671,1.3862,-2.3817,0.5038,-0.1527,42.93,On Surface
179900,-0.0072,9.8809,1.4413,-2.3359,0.5496,-0.1679,42.79,On Surface
179950,-0.0096,9.9000,1.4269,-2.5038,0.2901,-0.2595,42.98,On Surface
180000,-0.0024,9.9240,1.4198,-2.2748,0.5038,0.2137,42.93,On Surface
180050,-0.0144,9.8928,1.4030,-2.5649,0.5496,0.0000,42.65,On Surface
180100,-0.0144,9.9240,1.4174,-2.3359,0.5191,-0.1985,42.98,On Surface
180150,-0.0072,9.9168,1.3551,-2.6870,0.5496,0.0000,42.93,On Surface
180200,-0.0407,9.9527,1.4030,-2.2595,0.5954,-0.1985,42.98,On Surface
180250,-0.0359,9.9551,1.3815,-2.3969,0.5954,-0.0153,42.65,On Surface
180300,-0.0503,9.8809,1.3886,-2.3511,0.3969,-0.2443,43.02,On Surface
180350,0.0168,9.9288,1.4389,-2.4427,0.4427,-0.3664,43.45,On Surface
180400,-0.0048,9.9216,1.4126,-2.2137,0.3817,-0.1679,42.93,On Surface
180450,0.0024,9.9000,1.3910,-2.4122,0.3511,0.1069,42.84,On Surface
180500,-0.0048,9.9120,1.4150,-2.4122,0.5496,-0.2137,42.93,On Surface
180550,-0.0359,9.8593,1.4102,-2.4427,0.2901,-0.3206,43.02,On Surface
180600,-0.0215,9.9216,1.3791,-2.6870,0.4733,0.0153,43.02,On Surface
180650,-0.0144,9.8976,1.4006,-2.5191,0.6718,-0.0153,43.12,On Surface
180700,-0.0287,9.9335,1.4676,-2.3053,0.6870,-0.1374,42.98,On Surface
180750,-0.0192,9.9120,1.4150,-2.5191,0.5954,-0.1832,43.26,On Surface
180800,-0.0096,9.9359,1.4006,-2.3664,0.3664,-0.1069,42.98,On Surface
180850,-0.0120,9.9048,1.3958,-2.6260,0.4275,0.0458,42.93,On Surface
180900,-0.0048,9.8928,1.4557,-2.1985,0.5344,-0.1527,43.12,On Surface
180950,-0.0072,9.9144,1.4437,-2.1221,0.5954,0.0763,43.02,On Surface
181000,-0.0168,9.9216,1.4054,-2.6718,0.3053,-0.2290,42.98,On Surface
181050,-0.0024,9.9359,1.3934,-2.3511,0.3664,-0.0305,43.02,On Surface
181100,0.0239,9.9216,1.4605,-2.2443,0.4122,0.0611,42.79,On Surface
181150,-0.0096,9.9048,1.3288,-2.3664,0.5802,-0.2443,43.26,On Surface
181200,-0.0096,9.9240,1.3862,-2.2137,0.7786,-0.1374,43.17,On Surface
181250,-0.0287,9.9551,1.3934,-2.3053,0.6565,-0.3359,42.84,On Surface
181300,-0.0622,9.9359,1.3767,-2.4122,0.7176,0.0916,43.02,On Surface
181350,-0.0359,9.9144,1.4341,-2.5802,0.4122,-0.1679,43.02,On Surface
181400,-0.0144,9.9551,1.4796,-2.4733,0.2748,-0.1985,43.02,On Surface
181450,0.0024,9.9551,1.3862,-2.3511,0.2595,-0.0153,43.02,On Surface
181500,0.0072,9.8976,1.3527,-2.3053,0.6718,-0.4427,42.98,On Surface
181550,-0.0144,9.8833,1.4198,-2.4275,0.3359,-0.0763,42.98,On Surface
181600,-0.0383,9.9288,1.4078,-2.2443,0.4885,-0.2290,43.17,On Surface
181650,-0.0287,9.9264,1.3312,-2.6870,0.6870,-0.1069,43.17,On Surface
181700,-0.0335,9.9359,1.4317,-2.4122,0.3969,0.0763,42.93,On Surface
181750,-0.0239,9.9359,1.3886,-2.6260,0.5344,-0.1985,43.17,On Surface
181800,-0.0215,9.9192,1.3168,-2.1832,0.3817,0.0611,42.98,On Surface
181850,-0.0311,9.9383,1.4078,-2.5344,0.3664,-0.2748,42.79,On Surface
181900,-0.0383,9.8785,1.4222,-2.3511,0.4580,-0.2443,43.17,On Surface
181950,-0.0814,9.9479,1.3886,-2.4275,0.3969,0.0305,42.98,On Surface
182000,-0.0144,9.9168,1.4174,-2.0458,0.4427,0.0305,42.98,On Surface
182050,-0.0048,9.8857,1.3958,-2.4122,0.2443,-0.2748,43.12,On Surface
182100,-0.0168,9.9144,1.4102,-2.1985,0.4580,0.0458,42.93,On Surface
182150,-0.0287,9.9240,1.3910,-2.3053,0.5191,-0.0305,43.12,On Surface
182200,-0.0144,9.9455,1.3671,-2.2748,0.5344,-0.0153,43.02,On Surface
182250,-0.0215,9.9359,1.4078,-2.3817,0.5344,-0.1832,43.17,On Surface
182300,-0.0622,9.9527,1.4389,-2.3969,0.5038,-0.1374,42.79,On Surface
182350,-0.0599,9.9096,1.4102,-2.1985,0.5802,-0.1374,42.98,On Surface
182400,-0.0215,9.9431,1.3551,-2.3664,0.5344,-0.1985,43.12,On Surface
182450,-0.0575,9.9144,1.4174,-2.0916,0.3969,-0.1679,43.12,On Surface
182500,0.0000,9.8857,1.4413,-2.4885,0.3053,-0.2137,42.93,On Surface
182550,-0.0168,9.9072,1.3886,-2.1527,0.5191,0.0458,42.98,On Surface
182600,-0.0168,9.9240,1.4581,-2.2595,0.4275,-0.0153,42.84,On Surface
182650,-0.0144,9.9311,1.3431,-2.3817,0.5802,-0.0458,42.93,On Surface
182700,-0.0311,9.9407,1.4078,-2.2595,0.3359,0.1374,42.98,On Surface
182750,-0.0168,9.8928,1.3455,-2.3969,0.5802,-0.0458,42.93,On Surface
182800,-0.0335,9.9383,1.3838,-2.2137,0.6107,0.0305,42.93,On Surface
182850,-0.0263,9.9814,1.4174,-2.1985,0.4427,-0.2443,42.98,On Surface
182900,0.0000,9.9288,1.3743,-2.2137,0.4427,-0.0611,43.31,On Surface
182950,-0.0215,9.9048,1.4485,-2.3206,0.3359,0.0153,43.26,On Surface
183000,-0.0311,9.9072,1.3647,-2.3511,0.3817,-0.0916,43.12,On Surface
183050,-0.0096,9.9503,1.4413,-2.2901,0.3206,-0.1069,42.84,On Surface
183100,0.0072,9.8928,1.4269,-2.3664,0.5649,-0.2137,43.12,On Surface
183150,-0.0096,9.9024,1.4054,-2.4427,0.2595,-0.0153,42.79,On Surface
183200,-0.0455,9.9311,1.3910,-2.4580,0.5038,-0.0763,43.02,On Surface
183250,0.0000,9.9216,1.3240,-2.0458,0.6870,-0.1221,42.93,On Surface
183300,-0.0311,9.9335,1.3791,-2.5191,0.3969,-0.2901,42.98,On Surface
183350,-0.0144,9.9096,1.4126,-2.4427,0.6718,0.0305,43.17,On Surface
183400,-0.0120,9.9048,1.4126,-2.5649,0.8397,0.0763,42.93,On Surface
183450,-0.0144,9.9455,1.4078,-2.3206,0.5038,0.0763,42.93,On Surface
183500,-0.0096,9.8976,1.3958,-2.2748,0.6107,0.0611,42.93,On Surface
183550,0.0239,9.8833,1.4916,-2.1679,0.2901,-0.0611,43.02,On Surface
183600,-0.0024,9.9527,1.3838,-2.5649,0.4580,-0.2137,42.93,On Surface
183650,0.0263,9.9216,1.4174,-2.2901,0.5191,-0.1069,42.84,On Surface
183700,-0.0287,9.9048,1.4030,-2.4275,0.3511,-0.0458,43.02,On Surface
183750,-0.0072,9.9024,1.4245,-2.3817,0.5954,-0.0916,43.12,On Surface
183800,-0.0335,9.9695,1.4126,-2.6565,0.9313,-0.3664,42.93,On Surface
183850,0.0263,9.9551,1.3743,-2.4885,0.4733,-0.3053,42.98,On Surface
183900,-0.0048,9.9311,1.3743,-2.3969,0.5649,0.0458,42.93,On Surface
183950,-0.0383,9.9168,1.4030,-2.3053,0.5496,-0.3053,43.02,On Surface
184000,-0.0239,9.9144,1.3791,-2.4275,0.5954,0.0153,42.79,On Surface
184050,0.0192,9.9168,1.3671,-2.4427,0.3359,-0.1221,43.02,On Surface
184100,-0.0144,9.9120,1.4078,-2.2748,0.5649,0.1374,42.98,On Surface
184150,-0.0407,9.8617,1.4629,-2.5038,0.5038,-0.0916,42.98,On Surface
184200,-0.0551,9.8713,1.4006,-2.6718,0.1985,-0.1527,43.02,On Surface
184250,-0.0096,9.9024,1.3982,-2.2748,0.7786,-0.0916,42.79,On Surface
184300,-0.0599,9.9288,1.3743,-2.4427,0.7634,-0.0458,42.93,On Surface
184350,-0.0215,9.9335,1.3503,-2.6260,0.5344,-0.1832,42.93,On Surface
184400,-0.0024,9.9288,1.4581,-2.3511,0.5191,-0.0458,43.12,On Surface
184450,-0.0551,9.9479,1.3695,-2.4580,0.6565,-0.2595,43.12,On Surface
184500,-0.0192,9.9407,1.4198,-2.1527,0.5954,-0.2748,43.17,On Surface
184550,-0.0335,9.9144,1.4126,-2.0763,0.4427,-0.0916,43.26,On Surface
184600,0.0192,9.8881,1.4461,-2.2901,0.2748,-0.1679,42.79,On Surface
184650,0.0024,9.9240,1.4198,-2.5344,0.6260,-0.2443,42.98,On Surface
184700,-0.0239,9.9192,1.3503,-2.5496,0.5038,-0.1832,43.02,On Surface
184750,-0.0311,9.9455,1.4054,-2.5954,0.5038,-0.0153,42.93,On Surface
184800,-0.0503,9.9359,1.4054,-2.5649,0.3817,-0.1374,42.98,On Surface
184850,-0.0407,9.9359,1.4054,-2.3206,0.6412,-0.0611,43.02,On Surface
184900,-0.0479,9.9527,1.4222,-2.7176,0.3664,0.0763,42.93,On Surface
184950,-0.0048,9.9144,1.4341,-2.4427,0.4733,-0.3206,42.98,On Surface
185000,-0.0215,9.9240,1.4509,-2.4733,0.8550,-0.3206,42.84,On Surface
185050,0.0024,9.8881,1.3838,-2.3817,0.4580,-0.0611,43.17,On Surface
185100,0.0192,9.8833,1.4557,-2.1527,0.4122,0.1221,42.98,On Surface
185150,-0.0096,9.9120,1.4222,-2.4885,0.2595,-0.0763,42.98,On Surface
185200,0.0096,9.9240,1.4006,-2.4733,0.6412,0.2290,43.26,On Surface
185250,-0.0335,9.8952,1.3527,-2.4122,0.5649,0.1069,42.98,On Surface
185300,-0.0335,9.9431,1.4245,-2.4580,0.6260,-0.0305,42.84,On Surface
185350,-0.0455,9.9264,1.3958,-2.3053,0.3969,-0.0153,42.84,On Surface
185400,-0.0311,9.9288,1.4150,-2.2748,0.4885,-0.0763,42.98,On Surface
185450,-0.0215,9.9024,1.3719,-2.3359,0.1374,-0.1374,43.26,On Surface
185500,-0.0239,9.8665,1.4341,-2.3969,0.6260,0.0000,43.35,On Surface
185550,0.0048,9.9431,1.4700,-2.1985,0.5802,-0.2443,42.93,On Surface
185600,-0.0431,9.9623,1.4269,-2.3053,0.3511,0.0458,42.93,On Surface
185650,-0.0287,9.9766,1.3791,-2.1374,0.6260,-0.0763,42.98,On Surface
185700,-0.0072,9.9000,1.3862,-2.3206,0.5496,0.1069,43.02,On Surface
185750,-0.0024,9.9479,1.3934,-2.4733,0.3664,-0.2290,42.98,On Surface
185800,-0.0359,9.9048,1.4150,-2.2748,0.5496,-0.0153,43.45,On Surface
185850,-0.0168,9.8952,1.4413,-2.1985,0.5191,0.0763,43.02,On Surface
185900,-0.0048,9.9096,1.4748,-2.3817,0.3359,0.0000,43.02,On Surface
185950,-0.0287,9.9072,1.3767,-2.6107,0.0305,0.0763,43.02,On Surface
186000,0.0024,9.9192,1.4389,-2.1679,0.4733,-0.1679,42.98,On Surface
186050,-0.0239,9.9120,1.4006,-2.3969,0.4275,0.0916,43.12,On Surface
186100,-0.0096,9.9503,1.4150,-2.3359,0.3359,-0.0153,42.93,On Surface
186150,-0.0479,9.9766,1.4054,-2.3053,0.3206,0.1069,42.93,On Surface
186200,-0.0599,9.8833,1.3862,-2.3664,0.6412,0.0458,43.12,On Surface
186250,-0.0192,9.9264,1.3815,-2.5344,0.3969,-0.2290,43.17,On Surface
186300,-0.0192,9.9742,1.4389,-2.3359,0.6107,-0.1069,42.93,On Surface
186350,-0.0383,9.9192,1.3910,-2.1527,0.3969,-0.0153,43.02,On Surface
186400,0.0407,9.9216,1.4916,-2.3206,0.6565,-0.1985,42.98,On Surface
186450,-0.0096,9.9455,1.4365,-2.2595,0.5344,-0.1069,42.93,On Surface
186500,-0.0503,9.8833,1.4054,-2.5649,0.3664,-0.2290,42.79,On Surface
186550,0.0215,9.9192,1.3982,-2.3511,0.4122,0.0458,43.17,On Surface
186600,-0.0120,9.9527,1.4222,-2.3817,0.5649,0.0305,43.02,On Surface
186650,-0.0215,9.9311,1.3838,-2.6565,0.3206,-0.3664,43.17,On Surface
186700,0.0144,9.9599,1.3886,-2.6107,0.7023,-0.3359,43.02,On Surface
186750,0.0000,9.9072,1.4605,-2.1374,0.6870,0.0611,42.98,On Surface
186800,-0.0431,9.9168,1.3958,-2.1679,0.3969,-0.0458,42.98,On Surface
186850,-0.0407,9.8857,1.4437,-2.1527,0.3969,-0.0916,43.02,On Surface
186900,0.0048,9.9024,1.4772,-2.1985,0.3511,0.0916,42.98,On Surface
186950,0.0000,9.9192,1.4461,-2.2290,0.5649,-0.2595,42.93,On Surface
187000,0.0096,9.9168,1.4629,-2.3511,0.4427,-0.1985,42.93,On Surface
187050,-0.0072,9.9264,1.2881,-2.5344,0.4580,-0.1069,43.02,On Surface
187100,-0.0311,9.9527,1.3743,-2.3817,0.5038,-0.4885,42.93,On Surface
187150,-0.0239,9.9311,1.3815,-2.3359,0.5038,0.0153,42.98,On Surface
187200,0.0000,9.9120,1.4006,-2.4427,0.6718,-0.2595,42.98,On Surface
187250,-0.0239,9.9503,1.4533,-2.4275,0.4275,-0.3511,43.02,On Surface
187300,-0.0192,9.9048,1.3886,-2.4885,0.6412,0.2137,43.02,On Surface
187350,-0.0527,9.9096,1.4509,-2.2443,0.5496,-0.2137,42.93,On Surface
187400,-0.0383,9.9240,1.3886,-2.4733,0.5344,-0.4275,43.02,On Surface
187450,0.0096,9.9120,1.3958,-2.1985,0.3664,0.0458,43.17,On Surface
187500,0.0000,9.9072,1.3886,-2.2595,0.5954,-0.0916,43.26,On Surface
187550,-0.0072,9.8833,1.5131,-2.4733,0.5649,0.0305,42.84,On Surface
187600,0.0072,9.9479,1.4126,-2.2443,0.4275,-0.3511,43.26,On Surface
187650,0.0215,9.9144,1.4485,-2.4122,0.5038,0.0458,43.02,On Surface
187700,0.0000,9.9168,1.4006,-2.3511,0.5802,-0.3053,43.02,On Surface
187750,-0.0239,9.9192,1.3743,-2.6260,0.6718,-0.1527,42.93,On Surface
187800,-0.0359,9.9383,1.3958,-2.2901,0.6107,-0.1985,43.02,On Surface
187850,-0.0239,9.9479,1.3431,-2.4122,0.4885,-0.1374,42.84,On Surface
187900,-0.0311,9.9527,1.3791,-2.2290,0.4275,-0.0611,42.98,On Surface
187950,-0.0455,9.9048,1.4317,-2.6412,0.5344,-0.1679,43.26,On Surface
188000,-0.0287,9.9120,1.4605,-2.3206,0.5496,-0.2901,42.65,On Surface
188050,-0.0335,9.9000,1.4293,-2.3359,0.2748,-0.1069,42.98,On Surface
188100,0.0144,9.9120,1.3958,-2.5191,0.4275,0.0000,42.98,On Surface
188150,-0.0311,9.9216,1.3599,-2.3817,0.7634,-0.4580,43.12,On Surface
188200,-0.0263,9.9168,1.4102,-2.5038,0.5954,-0.1221,43.26,On Surface
188250,-0.0431,9.9575,1.3743,-2.5038,0.4733,-0.1527,42.74,On Surface
188300,-0.0335,9.9288,1.4030,-2.3359,0.3511,-0.4427,42.84,On Surface
188350,-0.0215,9.9048,1.3336,-2.2595,0.5191,-0.2901,43.17,On Surface
188400,-0.0215,9.9120,1.3719,-2.5802,0.2290,0.0000,42.98,On Surface
188450,-0.0120,9.8976,1.3886,-2.7023,0.5038,0.0153,43.35,On Surface
188500,-0.0527,9.9048,1.4557,-2.7634,0.3359,0.0458,42.98,On Surface
188550,0.0072,9.9288,1.4365,-2.4885,0.4733,-0.2748,42.93,On Surface
188600,-0.0383,9.9575,1.3982,-2.1069,0.5649,-0.4733,42.79,On Surface
188650,-0.0407,9.9383,1.3862,-2.3206,0.5344,-0.4580,43.31,On Surface
188700,-0.0814,9.9647,1.4269,-2.5649,0.1832,-0.0763,43.35,On Surface
188750,-0.0335,9.8809,1.3455,-2.3664,0.4733,0.0153,42.98,On Surface
188800,-0.0575,9.9072,1.4245,-2.2290,0.4427,-0.2748,43.02,On Surface
188850,-0.0024,9.9072,1.3336,-2.5191,0.5649,-0.2137,43.12,On Surface
188900,-0.0383,9.9335,1.4245,-3.0382,0.2748,-0.0305,43.12,On Surface
188950,-0.0311,9.9455,1.3934,-2.3359,0.4427,-0.0611,43.02,On Surface
189000,-0.0215,9.9479,1.4102,-2.3511,0.4275,-0.1679,42.79,On Surface
189050,-0.0359,9.9431,1.3671,-2.2290,0.5038,-0.3359,42.51,On Surface
189100,0.0048,9.9240,1.4222,-2.4885,0.5496,-0.1985,42.93,On Surface
189150,-0.0311,9.9168,1.3743,-2.5649,0.3664,-0.2137,43.17,On Surface
189200,0.0048,9.9240,1.3958,-2.5038,0.5344,0.1069,43.02,On Surface
189250,0.0192,9.9048,1.4389,-2.1221,0.5802,-0.2901,42.98,On Surface
189300,-0.0024,9.9623,1.3455,-2.3664,0.3359,0.0916,42.98,On Surface
189350,-0.0407,9.9623,1.4365,-2.3206,0.2595,-0.0458,42.79,On Surface
189400,-0.0024,9.9359,1.4102,-2.1374,0.6107,-0.1221,43.26,On Surface
189450,-0.0144,9.9264,1.3934,-2.2443,0.4580,0.0763,42.79,On Surface
189500,-0.0335,9.9264,1.3791,-2.5954,0.2595,-0.1679,42.93,On Surface
189550,-0.0359,9.9455,1.4030,-2.2595,0.2748,0.0153,43.02,On Surface
189600,-0.0048,9.9288,1.3695,-2.3969,0.2748,-0.1985,43.17,On Surface
189650,-0.0144,9.9000,1.5012,-2.4733,0.4275,0.0153,42.98,On Surface
189700,0.0024,9.9024,1.3384,-2.3511,0.6412,0.0000,43.02,On Surface
189750,-0.0048,9.9407,1.3599,-2.3664,0.3359,-0.0153,43.35,On Surface
189800,-0.0072,9.9479,1.4317,-2.4885,0.2595,-0.1221,43.17,On Surface
189850,0.0120,9.9000,1.3216,-2.4733,0.5344,-0.0305,42.93,On Surface
189900,-0.0431,9.9096,1.4006,-2.1832,0.2901,-0.1374,42.98,On Surface
189950,-0.0287,9.9551,1.4485,-2.2748,0.2595,0.1527,43.12,On Surface
190000,-0.0215,9.9383,1.3791,-2.4580,0.5802,0.1221,43.26,On Surface
190050,-0.0120,9.8976,1.3886,-2.5802,0.3817,-0.1069,43.26,On Surface
190100,-0.0048,9.9168,1.3862,-2.4427,0.4733,0.0916,42.93,On Surface
190150,-0.0120,9.9383,1.3647,-2.3206,0.4580,0.0916,43.17,On Surface
190200,0.0024,9.9072,1.4006,-2.1832,0.5191,0.3053,43.17,On Surface
190250,-0.0120,9.9192,1.4653,-2.3969,0.4275,-0.2748,42.98,On Surface
190300,0.0096,9.9335,1.3815,-2.4122,0.3969,-0.1069,42.93,On Surface
190350,0.0024,9.9527,1.4269,-2.4733,0.4580,-0.1985,42.98,On Surface
190400,0.0120,9.9311,1.4078,-2.5038,0.6260,-0.0153,42.93,On Surface
190450,-0.0192,9.9168,1.4078,-2.2443,0.6412,-0.0153,43.26,On Surface
190500,0.0335,9.9264,1.3767,-2.4580,0.6718,-0.1069,42.98,On Surface
190550,-0.0144,9.9647,1.3958,-2.5038,0.5344,-0.1832,42.98,On Surface
190600,0.0024,9.9240,1.4533,-2.5344,0.3664,-0.2290,42.98,On Surface
190650,-0.0622,9.9288,1.4126,-2.4885,0.4885,0.0305,43.17,On Surface
190700,-0.0287,9.9359,1.4006,-2.5954,0.4275,-0.1985,42.98,On Surface
190750,-0.0168,9.9479,1.3360,-2.3206,0.7023,-0.0458,42.93,On Surface
190800,-0.0048,9.9120,1.4054,-2.4122,0.3817,0.1374,42.84,On Surface
190850,0.0287,9.9216,1.4174,-2.4733,0.5038,-0.2137,43.17,On Surface
190900,-0.0144,9.9168,1.4437,-2.3359,0.5038,-0.0611,42.93,On Surface
190950,-0.0144,9.8737,1.4317,-2.2901,0.4275,-0.1832,42.98,On Surface
191000,0.0120,9.9048,1.3336,-2.3053,0.6107,-0.1527,42.93,On Surface
191050,-0.0239,9.9048,1.4461,-2.2901,0.3664,-0.1679,42.98,On Surface
191100,0.0000,9.9455,1.3815,-2.4733,0.6260,-0.0458,42.79,On Surface
191150,-0.0622,9.9431,1.4102,-2.3511,0.8855,0.0000,42.79,On Surface
191200,0.0096,9.9311,1.4509,-2.3969,0.6260,-0.3359,42.79,On Surface
191250,0.0383,9.9048,1.4676,-2.5191,0.4275,0.2901,43.12,On Surface
191300,-0.0263,9.9264,1.3838,-2.1985,0.6260,-0.2595,42.79,On Surface
191350,-0.0048,9.9192,1.3551,-2.5496,0.5649,-0.2901,43.02,On Surface
191400,-0.0407,9.9264,1.3958,-2.6260,0.1069,0.1069,42.98,On Surface
191450,-0.0144,9.9575,1.3719,-2.4733,0.4580,-0.0153,42.98,On Surface
191500,-0.0215,9.9455,1.3838,-2.3817,0.5344,-0.2137,43.02,On Surface
191550,-0.0024,9.9000,1.4581,-2.2901,0.5496,-0.1221,43.02,On Surface
191600,-0.0239,9.9288,1.4030,-2.2748,0.5649,-0.1069,42.98,On Surface
191650,-0.0263,9.9383,1.3934,-2.3053,0.6260,0.0153,43.02,On Surface
191700,-0.0120,9.9192,1.3527,-2.2137,0.3817,-0.1679,42.93,On Surface
191750,-0.0144,9.9359,1.3815,-2.6260,0.5802,-0.0305,43.02,On Surface
191800,-0.0407,9.9072,1.3886,-2.5802,0.6412,-0.1069,42.74,On Surface
191850,-0.0263,9.9479,1.4030,-2.2901,0.3969,0.0305,42.79,On Surface
191900,0.0024,9.9335,1.3719,-2.4275,0.3359,0.0305,43.02,On Surface
191950,-0.0838,9.9216,1.3360,-2.3511,0.3817,-0.3053,43.12,On Surface
192000,-0.0048,9.9000,1.4150,-2.1527,0.5802,-0.2290,42.98,On Surface
192050,-0.0072,9.9335,1.3671,-2.2595,0.2901,-0.1985,43.31,On Surface
192100,0.0168,9.9264,1.4102,-2.6260,0.2595,-0.2290,43.12,On Surface
192150,-0.0694,9.9192,1.3815,-2.5802,0.5954,-0.2901,42.74,On Surface
192200,-0.0192,9.9527,1.4389,-2.3969,0.5191,0.0153,43.02,On Surface
192250,-0.0431,9.9431,1.3886,-2.4275,0.6260,-0.2901,42.79,On Surface
192300,0.0192,9.9407,1.4030,-2.2748,0.4733,-0.1832,42.93,On Surface
192350,-0.0168,9.8928,1.4030,-2.4122,0.5191,0.1527,43.31,On Surface
192400,-0.0455,9.9240,1.4150,-2.2443,0.1527,-0.2443,43.12,On Surface
192450,-0.0311,9.9000,1.4533,-2.3206,0.5191,-0.1985,43.02,On Surface
192500,-0.0287,9.8665,1.3886,-2.5191,0.4427,0.0916,43.02,On Surface
192550,-0.0239,9.9168,1.3934,-2.3511,0.3664,0.0458,43.26,On Surface
192600,-0.0622,9.9599,1.4461,-2.2595,0.7176,-0.1527,42.98,On Surface
192650,-0.0407,9.9575,1.4341,-2.3817,0.4427,0.2137,43.17,On Surface
192700,0.0072,9.9383,1.4245,-2.3053,0.3817,-0.1221,42.93,On Surface
192750,-0.0168,9.9407,1.3910,-2.2443,0.3969,-0.0611,42.79,On Surface
192800,-0.0120,9.9096,1.4605,-2.2137,0.4427,-0.0305,43.02,On Surface
192850,-0.0503,9.8952,1.4126,-2.1832,0.5191,-0.0305,42.93,On Surface
192900,-0.0455,9.9359,1.4461,-2.3664,0.4580,0.0916,42.79,On Surface
192950,-0.0239,9.8809,1.4126,-2.0916,0.5649,0.0458,43.17,On Surface
193000,-0.0287,9.9335,1.3623,-2.4580,0.4580,0.0153,42.98,On Surface
193050,-0.0287,9.9264,1.3958,-2.2748,0.5649,-0.1832,43.26,On Surface
193100,-0.0503,9.9024,1.3719,-2.2595,0.4275,0.0000,42.98,On Surface
193150,-0.0479,9.9455,1.4461,-2.3664,0.4580,0.0000,43.02,On Surface
193200,-0.0431,9.9096,1.4198,-2.2290,0.5191,-0.3206,42.93,On Surface
193250,0.0096,9.9288,1.3767,-2.1985,0.4580,-0.0763,42.98,On Surface
193300,-0.0239,9.9311,1.3719,-2.4122,0.4733,0.0458,42.98,On Surface
193350,-0.0144,9.9599,1.3527,-2.1985,0.4427,0.0611,42.98,On Surface
193400,-0.0120,9.9503,1.4844,-2.5649,0.4275,0.1221,42.93,On Surface
193450,-0.0120,9.9216,1.3767,-2.3053,0.7328,-0.0916,42.93,On Surface
193500,-0.0192,9.9264,1.3838,-2.4580,0.7786,-0.1679,42.98,On Surface
193550,-0.0311,9.9671,1.3527,-2.6412,0.5191,-0.1832,43.17,On Surface
193600,-0.0024,9.9311,1.3838,-2.4122,0.3511,-0.1832,43.12,On Surface
193650,-0.0551,9.8809,1.3671,-2.4427,0.6565,-0.2443,43.31,On Surface
193700,-0.0096,9.9144,1.3982,-2.4275,0.1985,0.1374,42.98,On Surface
193750,0.0072,9.9024,1.4198,-2.5344,0.4122,-0.0611,43.02,On Surface
193800,0.0263,9.9383,1.3216,-2.5344,0.4275,-0.1069,42.60,On Surface
193850,-0.0215,9.9288,1.4126,-2.3664,0.8550,-0.3053,43.26,On Surface
193900,0.0000,9.9335,1.3743,-2.5649,0.4733,-0.1832,43.12,On Surface
193950,-0.0383,9.9240,1.4413,-2.4580,0.5191,-0.0916,42.98,On Surface
194000,-0.0311,9.9431,1.4078,-2.2901,0.6412,-0.3817,42.93,On Surface
194050,-0.0431,9.9479,1.4102,-2.5191,0.7176,-0.2595,43.31,On Surface
194100,-0.0287,9.9216,1.4485,-2.5344,0.1069,-0.1221,43.02,On Surface
194150,-0.0120,9.8713,1.4174,-2.2290,0.4885,-0.2901,42.74,On Surface
194200,0.0048,9.9144,1.3743,-2.3817,0.3664,-0.0153,43.02,On Surface
194250,-0.0048,9.8641,1.4102,-2.1679,0.3053,-0.1985,42.98,On Surface
194300,-0.0287,9.9000,1.3791,-2.5344,0.1527,0.1527,42.98,On Surface
194350,-0.0072,9.9240,1.4461,-2.4580,0.5496,-0.1221,43.02,On Surface
194400,0.0000,9.9120,1.3312,-2.1985,0.4733,-0.0916,43.26,On Surface
194450,-0.0407,9.9288,1.3958,-2.3511,0.2137,0.1527,42.93,On Surface
194500,0.0000,9.9431,1.4844,-2.5649,0.5649,-0.3206,43.17,On Surface
194550,-0.0168,9.9240,1.3431,-2.5649,0.6565,-0.3969,43.26,On Surface
194600,-0.0096,9.9000,1.3958,-2.5802,0.3053,-0.3053,43.02,On Surface
194650,0.0048,9.9431,1.3647,-2.4733,0.5344,-0.2290,42.98,On Surface
194700,-0.0048,9.8881,1.4269,-2.6107,0.3969,-0.1374,42.98,On Surface
194750,-0.0072,9.8928,1.4054,-2.4733,0.4275,-0.0611,43.12,On Surface
194800,-0.0263,9.9455,1.3910,-2.5038,0.5344,-0.1527,43.12,On Surface
194850,-0.0790,9.9311,1.3910,-2.4580,0.3511,-0.0763,42.98,On Surface
194900,-0.0263,9.9048,1.4126,-2.5954,0.4580,-0.0305,42.98,On Surface
194950,-0.0311,9.9551,1.3815,-2.4122,0.6107,-0.2595,43.12,On Surface
195000,0.0120,9.9240,1.4245,-2.1832,0.6107,-0.1221,42.98,On Surface
195050,-0.0024,9.9024,1.4437,-2.4427,0.4580,0.1069,42.93,On Surface
195100,-0.0239,9.8689,1.4437,-2.3053,0.2595,0.2443,42.98,On Surface
195150,0.0359,9.9192,1.4293,-2.6260,0.5954,-0.2443,43.17,On Surface
195200,-0.0239,9.9144,1.3575,-2.5954,0.3817,-0.2137,42.98,On Surface
195250,-0.0383,9.9144,1.4078,-2.5038,0.5802,0.0000,42.93,On Surface
195300,-0.0383,9.9120,1.4485,-2.4275,0.5496,0.1527,43.02,On Surface
195350,-0.0311,9.9288,1.4748,-2.5344,0.5344,-0.1679,43.02,On Surface
195400,-0.0383,9.9288,1.3767,-2.4733,0.4580,-0.1069,43.02,On Surface
195450,-0.0431,9.9216,1.3886,-2.3206,0.4885,-0.1221,42.93,On Surface
195500,-0.0503,9.9000,1.4365,-2.3511,0.5649,-0.1679,42.98,On Surface
195550,-0.0048,9.9216,1.4389,-2.1374,0.2290,-0.0458,42.93,On Surface
195600,-0.0359,9.8881,1.4006,-2.3359,0.3359,0.1832,43.02,On Surface
195650,-0.0072,9.9431,1.4341,-2.1832,0.4885,-0.0611,43.12,On Surface
195700,-0.0431,9.8809,1.3934,-2.4122,0.3359,-0.0458,42.98,On Surface
195750,-0.0503,9.8881,1.3815,-2.5344,0.3817,0.1221,42.93,On Surface
195800,0.0096,9.9431,1.4078,-2.3664,0.6870,-0.2137,42.93,On Surface
195850,-0.0718,9.9431,1.3767,-2.4427,0.7176,0.0611,43.02,On Surface
195900,-0.0575,9.9575,1.4461,-2.3053,0.3664,-0.1679,43.26,On Surface
195950,-0.0383,9.9264,1.3336,-2.1832,0.4885,-0.0458,42.93,On Surface
196000,-0.0215,9.9479,1.4078,-2.2443,0.3511,-0.0305,43.17,On Surface
196050,-0.0287,9.9383,1.4078,-2.0763,0.5954,-0.1221,43.02,On Surface
196100,-0.0455,9.9120,1.4126,-2.1527,0.2290,-0.1679,42.93,On Surface
196150,-0.0168,9.9455,1.4102,-2.1985,0.3817,-0.1069,43.02,On Surface
196200,0.0048,9.9383,1.4102,-2.4427,0.3817,0.0000,43.12,On Surface
196250,0.0215,9.9000,1.3479,-2.1221,0.1374,0.1221,43.02,On Surface
196300,-0.0168,9.9575,1.4126,-2.4122,0.3206,-0.1221,42.74,On Surface
196350,-0.0862,9.9790,1.3695,-2.1374,0.5191,-0.0305,42.98,On Surface
196400,0.0168,9.9335,1.4365,-2.3969,0.5802,-0.0763,43.12,On Surface
196450,-0.0383,9.9742,1.3647,-2.3969,0.3664,0.0611,43.17,On Surface
196500,-0.0407,9.9383,1.4629,-2.3206,0.5344,-0.0763,43.02,On Surface
196550,-0.0455,9.9335,1.4317,-2.1985,0.3206,0.1069,42.98,On Surface
196600,-0.0048,9.9024,1.4078,-2.3969,0.5038,-0.1221,43.26,On Surface
196650,-0.0383,9.9192,1.4030,-2.4733,0.6870,-0.1527,42.93,On Surface
196700,-0.0239,9.9096,1.3671,-2.2901,0.3206,-0.1832,42.79,On Surface
196750,-0.0192,9.9264,1.4317,-2.4275,0.4122,-0.1374,43.02,On Surface
196800,-0.0311,9.9862,1.4437,-2.4733,0.1985,-0.1069,42.65,On Surface
196850,-0.0215,9.8976,1.4174,-2.6107,0.5344,-0.3359,42.93,On Surface
196900,-0.0383,9.9144,1.3791,-2.2443,0.7328,-0.1374,42.93,On Surface
196950,-0.0192,9.9264,1.4317,-2.1832,0.5038,-0.1221,43.31,On Surface
197000,0.0144,9.9024,1.4461,-2.3359,0.4885,-0.1221,43.02,On Surface
197050,0.0120,9.9240,1.4006,-2.2443,0.5496,-0.2290,42.93,On Surface
197100,-0.0048,9.9288,1.4581,-2.5344,0.1527,-0.2595,43.17,On Surface
197150,0.0072,9.8928,1.4317,-2.4275,0.4275,-0.1069,42.74,On Surface
197200,-0.0096,9.9216,1.4461,-2.3664,0.6412,0.0611,43.02,On Surface
197250,-0.0168,9.9096,1.4557,-2.3053,0.5496,-0.1985,42.74,On Surface
197300,0.0048,9.9216,1.3862,-2.5344,0.5191,0.0611,43.35,On Surface
197350,-0.0239,9.9407,1.4557,-2.4580,0.3511,-0.4580,42.79,On Surface
197400,-0.0192,9.9671,1.3431,-2.5191,0.7176,-0.0611,42.93,On Surface
197450,-0.0503,9.9192,1.3838,-2.5649,0.7176,-0.2595,43.26,On Surface
197500,-0.0694,9.9407,1.4365,-2.2748,0.7634,-0.3817,43.12,On Surface
197550,-0.0335,9.9479,1.3958,-2.2901,0.5649,-0.4427,43.17,On Surface
197600,0.0239,9.8689,1.3599,-2.5038,0.4122,-0.1069,43.02,On Surface
197650,-0.0048,9.9168,1.3886,-2.2137,0.6565,-0.0611,42.93,On Surface
197700,-0.0263,9.8665,1.4317,-2.6107,0.1374,-0.1679,42.98,On Surface
197750,-0.0072,9.9120,1.4078,-2.4275,0.5038,-0.0763,43.26,On Surface
197800,-0.0527,9.9551,1.4102,-2.4122,0.5344,-0.1069,43.31,On Surface
197850,-0.0168,9.9311,1.4317,-2.5038,0.5649,-0.1679,42.98,On Surface
197900,-0.0096,9.9144,1.3743,-2.3969,0.5954,-0.2137,43.26,On Surface
197950,0.0263,9.9383,1.3288,-2.6718,0.6412,-0.4733,43.02,On Surface
198000,0.0000,9.9216,1.3815,-2.4885,0.6718,-0.3206,42.98,On Surface
198050,0.0072,9.9335,1.5179,-2.3511,0.6718,-0.1221,42.98,On Surface
198100,0.0048,9.9120,1.4150,-2.3511,0.4885,-0.1069,42.98,On Surface
198150,-0.0239,9.8952,1.4078,-2.3969,0.2901,0.0763,43.12,On Surface
198200,-0.0048,9.8474,1.4198,-2.3206,0.5496,-0.1985,43.12,On Surface
198250,0.0120,9.9120,1.4748,-2.4122,0.4885,-0.3206,42.98,On Surface
198300,-0.0359,9.9479,1.3551,-2.6107,0.5802,-0.2748,43.12,On Surface
198350,-0.0503,9.9024,1.4293,-2.3206,0.3664,-0.0153,42.98,On Surface
198400,-0.0575,9.9407,1.3551,-2.6260,0.5191,-0.0305,43.02,On Surface
198450,-0.0431,9.9455,1.3503,-2.4733,0.5649,-0.2901,43.02,On Surface
198500,-0.0120,9.9264,1.4245,-2.6565,0.5954,-0.3206,42.93,On Surface
198550,0.0120,9.9120,1.4174,-2.3817,0.5649,-0.2443,43.02,On Surface
198600,-0.0048,9.8809,1.3910,-2.5496,0.3511,-0.0916,42.79,On Surface
198650,-0.0359,9.9575,1.4126,-2.2290,0.4122,-0.4122,43.12,On Surface
198700,-0.0263,9.8857,1.3910,-2.4427,0.7176,-0.1832,42.65,On Surface
198750,-0.0120,9.9072,1.3695,-2.3969,0.5038,-0.1069,42.84,On Surface
198800,-0.0215,9.9311,1.3216,-2.5191,0.4733,0.1527,43.12,On Surface
198850,-0.0311,9.9288,1.3599,-2.4733,0.6565,-0.0763,42.98,On Surface
198900,0.0024,9.9503,1.3958,-2.4122,0.5802,-0.3511,42.98,On Surface
198950,-0.0311,9.9288,1.3862,-2.4122,0.6260,-0.0305,42.79,On Surface
199000,-0.0168,9.9575,1.3886,-2.6718,0.3359,-0.3053,43.02,On Surface
199050,-0.0335,9.9407,1.4293,-2.3053,0.7481,-0.0305,43.17,On Surface
199100,-0.0192,9.9168,1.4006,-2.1221,0.5496,-0.0611,43.35,On Surface
199150,-0.0024,9.9240,1.4006,-2.4122,0.4122,-0.1069,43.26,On Surface
199200,0.0335,9.9240,1.4078,-2.3969,0.4275,-0.0458,43.12,On Surface
199250,0.0000,9.9096,1.4844,-2.2901,0.5954,-0.0916,42.98,On Surface
199300,-0.0072,9.9216,1.4485,-2.5344,0.3359,0.1527,42.93,On Surface
199350,0.0048,9.9359,1.4006,-2.4733,0.5191,0.0000,42.98,On Surface
199400,-0.0383,9.9407,1.3551,-2.7328,0.3359,-0.2290,43.02,On Surface
199450,-0.0239,9.9647,1.3743,-2.5649,0.4733,-0.4275,43.12,On Surface
199500,-0.0503,9.9479,1.4293,-1.9695,0.4733,-0.4733,43.26,On Surface
199550,-0.0407,9.9431,1.3958,-2.1832,0.2901,-0.0916,43.12,On Surface
199600,0.0144,9.9192,1.4485,-2.2137,0.5802,-0.0305,42.79,On Surface
199650,-0.0431,9.9240,1.4030,-2.1985,0.2595,0.2290,43.17,On Surface
199700,0.0048,9.9048,1.4102,-2.3817,0.3053,-0.0153,42.93,On Surface
199750,-0.0120,9.9288,1.4461,-2.5191,0.3817,0.3206,42.98,On Surface
199800,-0.0144,9.8928,1.4078,-2.3359,0.2595,0.1374,43.12,On Surface
199850,-0.0383,9.9575,1.4006,-2.3053,0.2901,-0.1832,42.93,On Surface
199900,-0.0359,9.9335,1.3958,-2.3053,0.5344,-0.0458,42.98,On Surface
199950,-0.0168,9.9479,1.4437,-2.4275,0.4885,-0.3206,42.98,On Surface
200000,-0.0192,9.9455,1.4629,-2.3359,0.4122,0.2748,43.45,On Surface
200050,0.0072,9.9479,1.4078,-2.3664,0.6412,0.1221,43.26,On Surface
200100,-0.0527,9.9168,1.3982,-2.3969,0.7176,-0.1832,43.17,On Surface
200150,-0.0479,9.9216,1.4030,-2.3664,0.4580,0.1679,43.02,On Surface
200200,0.0048,9.9335,1.4389,-2.2290,0.3511,0.0305,42.98,On Surface
200250,0.0000,9.9048,1.4293,-2.4733,0.4275,0.0153,42.98,On Surface
200300,0.0120,9.8857,1.3886,-2.4580,0.5496,-0.1374,42.93,On Surface
200350,-0.0096,9.9431,1.4269,-2.4427,0.5496,0.1221,42.98,On Surface
200400,0.0144,9.8928,1.3551,-2.2443,0.5038,-0.3206,42.79,On Surface
200450,-0.0599,9.9168,1.3815,-2.4885,0.6718,-0.0153,43.02,On Surface
200500,-0.0287,9.8952,1.3623,-2.4275,0.4122,-0.0611,43.12,On Surface
200550,-0.0168,9.9311,1.3862,-2.2443,0.5649,-0.2290,42.98,On Surface
200600,0.0072,9.9383,1.4174,-2.4427,0.6565,-0.1832,42.74,On Surface
200650,-0.0048,9.9120,1.4293,-2.3817,0.5344,-0.2595,42.93,On Surface
200700,-0.0359,9.9623,1.3982,-2.3664,0.2595,-0.0916,43.12,On Surface
200750,0.0096,9.9216,1.4174,-2.3817,0.4580,-0.0305,43.17,On Surface
200800,-0.0144,9.9383,1.4102,-2.4885,0.5954,-0.0153,42.98,On Surface
200850,-0.0287,9.9527,1.4054,-2.0916,0.4427,-0.0305,43.31,On Surface
200900,-0.0239,9.9048,1.3838,-2.4122,0.1985,0.0153,42.98,On Surface
200950,-0.0144,9.9335,1.3431,-2.3206,0.4580,-0.0305,42.93,On Surface
201000,-0.0311,9.9024,1.3958,-2.7786,0.4275,0.0000,42.98,On Surface
201050,-0.0311,9.9455,1.3575,-2.5344,0.6412,0.1832,42.93,On Surface
201100,-0.0263,9.8952,1.3910,-2.6412,0.6412,-0.1374,42.93,On Surface
201150,-0.0383,9.9288,1.3815,-2.4122,0.3817,-0.1221,42.93,On Surface
201200,0.0359,9.9144,1.3934,-2.4885,0.3053,-0.2748,42.84,On Surface
201250,-0.0024,9.9000,1.4245,-2.1221,0.5344,0.1221,42.98,On Surface
201300,0.0192,9.8689,1.4317,-2.2901,0.4427,-0.2595,42.98,On Surface
201350,-0.0072,9.9264,1.3767,-2.5191,0.3664,-0.0611,42.84,On Surface
201400,0.0168,9.9072,1.3838,-2.7634,0.7939,-0.1374,42.98,On Surface
201450,-0.0287,9.9407,1.3910,-2.4427,0.3664,-0.0916,43.02,On Surface
201500,-0.0359,9.9623,1.4389,-2.3664,0.3511,-0.1832,42.98,On Surface
201550,0.0048,9.9479,1.4317,-2.3817,0.5038,-0.2748,43.02,On Surface
201600,-0.0311,9.9311,1.4724,-2.4122,0.4427,-0.2137,42.98,On Surface
201650,-0.0311,9.8976,1.3551,-2.4427,0.5649,-0.0458,43.02,On Surface
201700,-0.0239,9.9192,1.3934,-2.2443,0.5954,-0.1527,42.79,On Surface
201750,0.0120,9.9240,1.4341,-2.4580,0.6870,0.1069,42.84,On Surface
201800,0.0000,9.8928,1.4102,-2.3359,0.4275,-0.2901,42.98,On Surface
201850,-0.0168,9.8689,1.4365,-2.5344,0.6107,-0.2137,42.98,On Surface
201900,-0.0311,9.9168,1.4293,-2.3969,0.5038,-0.0916,43.17,On Surface
201950,0.0168,9.8952,1.3695,-2.3664,0.3359,-0.2901,42.98,On Surface
202000,0.0215,9.9072,1.3743,-2.6260,0.4275,-0.1221,43.12,On Surface
202050,-0.0479,9.9264,1.3360,-2.3206,0.3664,-0.1374,43.02,On Surface
202100,-0.0407,9.9072,1.4126,-2.5954,0.3817,-0.3053,42.93,On Surface
202150,-0.0048,9.9000,1.3168,-2.7176,0.4275,-0.3817,43.26,On Surface
202200,-0.0311,9.9647,1.3910,-2.2901,0.5649,0.0916,42.98,On Surface
202250,-0.0168,9.9551,1.3623,-2.5344,0.7176,-0.2595,42.93,On Surface
202300,-0.0215,9.9240,1.3264,-2.4275,0.4122,-0.0458,43.12,On Surface
202350,-0.0335,9.8904,1.3743,-2.4275,0.4427,-0.1985,42.98,On Surface
202400,-0.0335,9.8689,1.3862,-2.3206,0.4122,-0.1985,42.84,On Surface
202450,-0.0335,9.9048,1.3623,-2.4427,0.3817,0.1374,42.98,On Surface
202500,-0.0192,9.9527,1.4485,-2.2901,0.4427,-0.0916,42.93,On Surface
202550,-0.0239,9.9192,1.3958,-2.3664,0.4580,-0.2901,43.17,On Surface
202600,-0.0120,9.9311,1.3910,-2.3206,0.4275,-0.1221,42.93,On Surface
202650,-0.0263,9.9599,1.3671,-2.2137,0.5649,-0.3511,42.93,On Surface
202700,-0.0335,9.9024,1.3958,-2.1832,0.3511,-0.3206,42.93,On Surface
202750,-0.0168,9.9048,1.3647,-2.3664,0.5802,0.2748,43.17,On Surface
202800,-0.0215,9.8928,1.4222,-2.1069,0.3817,0.1069,42.79,On Surface
202850,0.0048,9.9240,1.4102,-2.6718,0.3969,-0.1069,43.02,On Surface
202900,-0.0192,9.9431,1.4150,-2.3511,0.4427,-0.1679,42.98,On Surface
202950,0.0000,9.9455,1.3767,-2.4885,0.4427,-0.3359,42.98,On Surface
203000,-0.0599,9.9599,1.3862,-2.4580,0.3817,-0.1527,43.02,On Surface
203050,-0.0287,9.9814,1.3767,-2.5344,0.7481,-0.2748,43.12,On Surface
203100,-0.0718,9.9551,1.3575,-2.3359,0.4885,-0.3664,43.02,On Surface
203150,-0.0431,9.9599,1.4269,-2.3511,0.3359,-0.0458,43.02,On Surface
203200,-0.0622,9.8809,1.4700,-2.3511,0.5802,-0.1374,43.02,On Surface
203250,-0.0024,9.9527,1.4317,-2.2443,0.5954,-0.2748,42.74,On Surface
203300,-0.0168,9.9120,1.4102,-2.3664,0.5496,0.0916,43.26,On Surface
203350,-0.0239,9.9096,1.5514,-2.3359,0.5802,0.0916,43.02,On Surface
203400,-0.0096,9.8881,1.3910,-2.4122,0.5191,-0.0611,43.02,On Surface
203450,-0.0072,9.9383,1.4174,-2.2748,0.4885,-0.0763,43.12,On Surface
203500,-0.0120,9.9144,1.4078,-2.4122,0.3206,-0.1069,43.12,On Surface
203550,-0.0646,9.9527,1.3862,-2.4122,0.3053,-0.0458,43.12,On Surface
203600,-0.0192,9.9455,1.3982,-2.1221,0.4580,-0.3206,42.98,On Surface
203650,-0.0359,9.9431,1.3647,-2.1985,0.7328,0.0916,43.12,On Surface
203700,-0.0168,9.9144,1.3910,-2.1221,0.5344,-0.0305,42.93,On Surface
203750,-0.0120,9.9240,1.4557,-2.1679,0.6107,-0.1679,43.26,On Surface
203800,-0.0144,9.9288,1.3982,-2.3817,0.4885,0.0763,42.84,On Surface
203850,0.0335,9.9288,1.4198,-2.1527,0.4122,-0.1527,42.93,On Surface
203900,0.0144,9.9359,1.4245,-2.4580,0.1985,-0.2137,43.17,On Surface
203950,-0.0024,9.9288,1.3623,-2.2443,0.3817,0.1374,42.93,On Surface
204000,0.0192,9.9168,1.3838,-2.2443,0.7176,-0.0458,42.93,On Surface
204050,-0.0383,9.9311,1.4413,-2.3817,0.5649,-0.0153,43.17,On Surface
204100,-0.0168,9.9072,1.3671,-2.4122,0.4122,-0.0611,43.26,On Surface
204150,-0.0144,9.9718,1.4269,-2.4885,0.2748,-0.1985,42.93,On Surface
204200,0.0000,9.9144,1.4461,-2.3511,0.4427,-0.0611,43.35,On Surface
204250,-0.0072,9.8976,1.4700,-2.2443,0.6107,-0.1832,43.12,On Surface
204300,0.0024,9.9120,1.4413,-2.2901,0.3969,-0.0153,43.02,On Surface
204350,-0.0072,9.9168,1.4150,-2.1985,0.3511,-0.0611,42.98,On Surface
204400,-0.0263,9.9168,1.4102,-2.6565,0.3511,0.1374,43.02,On Surface
204450,0.0503,9.8904,1.4317,-2.4885,0.2290,-0.1527,43.02,On Surface
204500,-0.0311,9.9144,1.3695,-2.0458,0.3817,-0.0611,42.84,On Surface
204550,0.0000,9.8904,1.4317,-2.4275,0.4427,-0.2443,43.12,On Surface
204600,-0.0503,9.9359,1.3862,-2.4885,0.5038,-0.2748,42.98,On Surface
204650,-0.0120,9.9144,1.4198,-2.3511,0.5191,-0.0611,43.12,On Surface
204700,0.0239,9.8952,1.3958,-2.3206,0.5191,-0.0763,43.26,On Surface
204750,0.0168,9.9216,1.4365,-2.4733,0.5344,-0.0305,42.98,On Surface
204800,-0.0096,9.9072,1.3934,-2.4580,0.3053,-0.1527,43.12,On Surface
204850,-0.0263,9.9431,1.4150,-2.1832,0.4275,-0.3359,43.02,On Surface
204900,0.0048,9.9623,1.4006,-2.5802,0.5649,-0.4733,43.17,On Surface
204950,-0.0192,9.8976,1.3743,-2.4580,0.5802,-0.1679,43.35,On Surface
205000,-0.0311,9.9575,1.3982,-2.4580,0.4885,-0.2290,43.02,On Surface
205050,-0.0192,9.9479,1.3551,-2.3817,0.4580,-0.0611,42.93,On Surface
205100,-0.0287,9.9288,1.4437,-2.4122,0.7176,-0.1221,42.93,On Surface
205150,-0.0144,9.9288,1.3767,-2.6565,0.8244,-0.2748,43.12,On Surface
205200,-0.0168,9.9599,1.3312,-2.3053,0.4427,-0.3053,42.84,On Surface
205250,-0.0335,9.8569,1.4222,-2.3969,0.2901,-0.0611,42.93,On Surface
205300,-0.0239,9.9072,1.3551,-2.2290,0.6260,-0.0458,43.26,On Surface
205350,0.0024,9.8881,1.4198,-2.3664,0.2901,-0.1374,42.93,On Surface
205400,-0.0215,9.9000,1.3743,-2.3817,0.4427,-0.0611,43.17,On Surface
205450,-0.0048,9.9048,1.3838,-2.5802,0.2748,-0.0763,42.93,On Surface
205500,-0.0311,9.9335,1.3791,-2.5649,0.6107,0.0305,42.79,On Surface
205550,-0.0168,9.9503,1.3599,-2.3969,0.7786,-0.1527,43.26,On Surface
205600,-0.0383,9.9144,1.3551,-2.4122,0.6107,-0.0916,43.26,On Surface
205650,-0.0239,9.9383,1.4389,-2.3969,0.5344,-0.2443,43.02,On Surface
205700,-0.0024,9.9216,1.3360,-2.3359,0.4580,-0.0305,43.17,On Surface
205750,-0.0192,9.9120,1.3838,-2.4275,0.3206,-0.1832,42.79,On Surface
205800,-0.0335,9.8665,1.3767,-2.5038,0.2901,-0.1679,43.02,On Surface
205850,-0.0359,9.8904,1.4437,-2.4122,0.5954,0.0611,43.12,On Surface
205900,-0.0407,9.9096,1.3527,-2.5038,0.6107,-0.1221,43.02,On Surface
205950,0.0263,9.8904,1.3695,-2.4580,0.3817,-0.2290,42.98,On Surface
206000,-0.0455,9.9144,1.3934,-2.1069,0.6107,-0.1679,42.79,On Surface
206050,-0.0263,9.9144,1.3527,-2.2595,0.5954,0.1679,42.93,On Surface
206100,-0.0192,9.9383,1.4222,-2.2748,0.6260,-0.0153,42.98,On Surface
206150,-0.0311,9.8952,1.3623,-2.2290,0.4275,-0.1374,42.65,On Surface
206200,-0.0048,9.9264,1.4317,-2.4733,0.5496,-0.4580,43.02,On Surface
206250,-0.0120,9.9168,1.4629,-2.4427,0.4275,-0.2290,43.17,On Surface
206300,0.0072,9.8665,1.4724,-2.4427,0.5649,-0.1069,42.93,On Surface
206350,0.0120,9.8952,1.3743,-2.1527,0.5038,-0.1832,43.12,On Surface
206400,-0.0431,9.9192,1.4245,-2.3664,0.7176,-0.0611,43.12,On Surface
206450,-0.0120,9.9335,1.3886,-2.4122,0.4885,-0.3664,42.98,On Surface
206500,-0.0383,9.9695,1.3671,-2.4122,0.4580,-0.0916,42.79,On Surface
206550,-0.0431,9.9407,1.3671,-2.1679,0.7939,-0.2290,42.93,On Surface
206600,-0.0431,9.9168,1.4222,-2.3359,0.4275,0.0153,43.17,On Surface
206650,-0.0144,9.9503,1.3958,-2.3969,0.6260,-0.2443,42.98,On Surface
206700,-0.0359,9.9192,1.4102,-2.2901,0.5496,-0.1069,43.17,On Surface
206750,-0.0287,9.9144,1.4102,-2.3511,0.6260,-0.1069,43.02,On Surface
206800,0.0072,9.9120,1.4317,-2.2290,0.3969,-0.0305,43.26,On Surface
206850,-0.0479,9.9000,1.4605,-2.2443,0.7328,-0.2443,42.98,On Surface
206900,-0.0048,9.9264,1.3408,-2.1985,0.3817,0.0458,42.79,On Surface
206950,0.0168,9.9192,1.4796,-2.4275,0.4275,-0.0458,42.93,On Surface
207000,-0.0096,9.9335,1.4341,-2.4580,0.5496,-0.1679,43.12,On Surface
207050,-0.0503,9.9359,1.3647,-2.5496,0.5802,-0.1069,42.98,On Surface
207100,-0.0263,9.9288,1.3910,-2.5496,0.4885,-0.0916,43.02,On Surface
207150,-0.0215,9.9192,1.4293,-2.3206,0.6107,-0.1221,42.65,On Surface
207200,-0.0144,9.9311,1.3862,-2.4275,0.5802,0.0153,43.12,On Surface
207250,-0.0383,9.9120,1.4581,-2.2748,0.6107,0.5191,42.93,On Surface
207300,-0.0024,9.9455,1.4198,-2.3664,0.4885,-0.0763,43.02,On Surface
207350,0.0000,9.9000,1.4868,-2.1679,0.3664,-0.0305,42.65,On Surface
207400,-0.0192,9.9431,1.4054,-2.4427,0.4733,-0.2595,42.98,On Surface
207450,-0.0287,9.9647,1.3910,-2.2595,0.4580,-0.1527,42.98,On Surface
207500,-0.0431,9.9383,1.3551,-2.4580,0.5954,-0.0916,42.93,On Surface
207550,-0.0263,9.9503,1.4198,-2.4122,0.5954,-0.1832,42.93,On Surface
207600,-0.0072,9.9264,1.3719,-2.2290,0.4427,0.0153,43.12,On Surface
207650,-0.0311,9.9240,1.3934,-2.1527,0.1221,-0.2595,43.17,On Surface
207700,0.0024,9.9120,1.3767,-2.3359,0.5038,-0.1221,43.12,On Surface
207750,-0.0239,9.8952,1.3838,-2.4427,0.3359,-0.0305,43.17,On Surface
207800,-0.0168,9.9407,1.4030,-2.2595,0.5191,-0.3664,43.17,On Surface
207850,-0.0048,9.9072,1.4389,-2.3511,0.3664,-0.2290,43.02,On Surface
207900,-0.0024,9.9671,1.4222,-2.3206,0.2901,-0.2290,42.84,On Surface
207950,-0.0311,9.9072,1.3958,-2.3817,0.5649,-0.2137,42.93,On Surface
208000,-0.0407,9.9575,1.4389,-2.5649,0.8550,-0.1985,42.93,On Surface
208050,-0.0431,9.9479,1.4102,-2.4427,0.4122,-0.0916,42.79,On Surface
208100,-0.0144,9.9048,1.3934,-2.5038,0.6260,-0.1985,42.98,On Surface
208150,-0.0287,9.9048,1.3838,-2.2443,0.2595,0.0763,42.79,On Surface
208200,0.0024,9.8785,1.3312,-2.3053,0.4580,0.1069,42.93,On Surface
208250,-0.0096,9.8904,1.4222,-2.3206,0.5344,0.0153,42.93,On Surface
208300,-0.0239,9.9503,1.4485,-2.3664,0.6107,-0.1527,42.98,On Surface
208350,-0.0024,9.8785,1.3647,-2.5191,0.4427,-0.2443,43.17,On Surface
208400,-0.0024,9.9024,1.4006,-2.4122,0.4885,0.2443,43.17,On Surface
208450,-0.0551,9.9240,1.3719,-2.3359,0.4427,-0.0916,42.98,On Surface
208500,-0.0311,9.9311,1.4102,-2.4885,0.5344,-0.2443,43.17,On Surface
208550,-0.0407,9.9192,1.4772,-2.3053,0.3053,0.1374,42.93,On Surface
208600,-0.0215,9.9192,1.4557,-2.5496,0.4580,-0.3664,43.26,On Surface
208650,-0.0383,9.9144,1.3551,-2.3969,0.6718,-0.1069,42.98,On Surface
208700,0.0072,9.8881,1.4102,-2.2748,0.6718,-0.1374,42.98,On Surface
208750,-0.0048,9.9264,1.4030,-2.3969,0.6107,-0.0763,42.79,On Surface
208800,-0.0215,9.9024,1.3551,-2.6107,0.4733,-0.3053,42.93,On Surface
208850,-0.0096,9.9144,1.3910,-2.6870,0.5649,-0.1527,43.26,On Surface
208900,-0.0048,9.9431,1.3336,-2.1985,0.5344,-0.1527,43.35,On Surface
208950,-0.0287,9.9168,1.4150,-2.8244,0.4733,-0.2901,42.98,On Surface
209000,-0.0335,9.8928,1.3791,-2.5802,0.5191,0.0000,42.93,On Surface
209050,-0.0168,9.9192,1.3910,-2.2290,0.3817,-0.1527,43.26,On Surface
209100,-0.0383,9.9048,1.4293,-2.1527,0.5191,0.0611,42.93,On Surface
209150,-0.0359,9.9288,1.4030,-2.4885,0.2443,-0.1679,43.02,On Surface
209200,-0.0096,9.8904,1.3862,-2.1221,0.2748,-0.3206,43.26,On Surface
209250,0.0024,9.8857,1.4461,-2.4733,0.5649,-0.0916,43.02,On Surface
209300,-0.0215,9.9144,1.3838,-2.5038,0.2901,-0.0611,43.02,On Surface
209350,-0.0383,9.9168,1.3695,-2.5038,0.6565,-0.2901,43.12,On Surface
209400,-0.0144,9.9862,1.4485,-2.3359,0.5496,-0.2137,43.02,On Surface
209450,-0.0527,9.9599,1.4174,-2.4275,0.2595,-0.1374,42.98,On Surface
209500,-0.0239,9.9264,1.4030,-2.5496,0.4733,0.1374,43.02,On Surface
209550,-0.0479,9.9072,1.4078,-2.4733,0.3511,-0.0458,43.17,On Surface
209600,0.0072,9.9120,1.3599,-2.1374,0.2443,-0.3969,43.02,On Surface
209650,-0.0263,9.8761,1.4006,-2.2443,0.3664,0.1069,43.26,On Surface
209700,0.0072,9.9168,1.4030,-2.4580,0.5344,-0.0611,42.84,On Surface
209750,-0.0455,9.9048,1.4198,-2.3206,0.4275,-0.2748,43.17,On Surface
209800,0.0048,9.8976,1.4054,-2.3664,0.4885,0.0305,43.12,On Surface
209850,-0.0287,9.9288,1.4437,-2.1679,0.5802,0.0763,43.02,On Surface
209900,-0.0287,9.9216,1.3719,-2.2137,0.3969,-0.3053,42.93,On Surface
209950,-0.0551,9.9407,1.4509,-2.2595,0.5496,-0.2901,42.84,On Surface
210000,0.0000,9.9575,1.4174,-2.5496,0.3511,-0.2595,43.17,On Surface
210050,-0.0311,9.9192,1.4341,-2.3206,0.2443,0.1374,42.93,On Surface
210100,0.0072,9.9120,1.4413,-2.2595,0.5802,-0.0916,42.98,On Surface
210150,-0.0407,9.8785,1.4174,-2.3817,0.4427,-0.3053,42.93,On Surface
210200,-0.0407,9.9503,1.3886,-2.2443,0.5191,-0.0916,43.12,On Surface
210250,-0.0646,9.9096,1.3336,-2.3359,0.5344,-0.0916,42.79,On Surface
210300,-0.0144,9.9503,1.4006,-2.5954,0.5344,0.0916,43.02,On Surface
210350,-0.0168,9.9240,1.3982,-2.1069,0.5649,-0.0153,42.79,On Surface
210400,-0.0359,9.9168,1.4389,-2.4122,0.6718,-0.0763,43.31,On Surface
210450,-0.0144,9.9192,1.3599,-2.3053,0.3664,-0.0916,43.02,On Surface
210500,-0.0239,9.9359,1.3551,-2.2443,0.3817,0.1069,42.93,On Surface
210550,-0.0287,9.9096,1.4078,-2.7176,0.2901,0.2290,42.93,On Surface
210600,-0.0144,9.9216,1.3264,-2.3053,0.4427,-0.0611,42.98,On Surface
210650,-0.0287,9.9383,1.4245,-2.3511,0.6107,-0.1832,42.93,On Surface
210700,-0.0096,9.9647,1.3862,-2.5496,0.4580,-0.2748,43.12,On Surface
210750,-0.0359,9.9766,1.4030,-2.3206,0.4733,-0.0916,43.12,On Surface
210800,-0.0407,9.9647,1.3958,-2.1985,0.8092,-0.1069,43.12,On Surface
210850,-0.0431,9.9311,1.3815,-2.3053,0.5649,-0.2595,42.93,On Surface
210900,-0.0383,9.9168,1.3647,-2.2595,0.2748,-0.0305,42.98,On Surface
210950,-0.0359,9.8785,1.3719,-2.2901,0.4580,-0.0153,43.02,On Surface
211000,-0.0311,9.8857,1.4485,-2.3206,0.3511,-0.2595,43.17,On Surface
211050,-0.0263,9.9288,1.4293,-2.1832,0.3359,-0.2290,42.93,On Surface
211100,-0.0120,9.9311,1.3862,-2.5191,0.3359,0.0611,43.02,On Surface
211150,0.0192,9.9144,1.4150,-2.4275,0.7176,-0.0763,42.79,On Surface
211200,-0.0192,9.9383,1.4365,-2.2595,0.1221,-0.1221,43.17,On Surface
211250,-0.0215,9.9407,1.3910,-2.2901,0.4580,0.1374,43.12,On Surface
211300,-0.0239,9.9000,1.4245,-2.1832,0.5344,-0.2901,42.93,On Surface
211350,0.0024,9.9288,1.3671,-2.1527,0.8092,-0.1069,43.12,On Surface
211400,-0.0144,9.9144,1.3886,-2.4275,0.2901,-0.3053,42.84,On Surface
211450,-0.0024,9.9503,1.4365,-2.5496,0.3664,-0.0305,42.79,On Surface
211500,-0.0215,9.9072,1.3647,-2.4427,0.4885,-0.0763,42.93,On Surface
211550,-0.0215,9.9240,1.4198,-2.3359,0.5191,-0.1832,43.35,On Surface
211600,0.0000,9.9575,1.3719,-2.5038,0.6107,0.0611,43.17,On Surface
211650,-0.0239,9.9192,1.3719,-2.3664,0.6565,-0.0611,43.17,On Surface
211700,-0.0192,9.9503,1.4533,-2.4275,0.5954,-0.3053,43.17,On Surface
211750,0.0000,9.9264,1.4078,-2.7023,0.3206,-0.0611,42.98,On Surface
211800,-0.0072,9.9503,1.4317,-2.5038,0.4885,0.0000,42.93,On Surface
211850,0.0024,9.9551,1.4078,-2.2137,0.3664,-0.1221,43.26,On Surface
211900,0.0024,9.8689,1.3815,-2.7786,0.5496,-0.1527,43.02,On Surface
211950,-0.0168,9.9168,1.4078,-2.4733,0.3664,0.0153,43.02,On Surface
212000,-0.0024,9.9024,1.4198,-2.5191,0.2595,-0.2595,43.02,On Surface
212050,0.0239,9.9311,1.3527,-2.5649,0.4733,-0.0916,43.12,On Surface
212100,-0.0335,9.9695,1.4174,-2.7176,0.4885,-0.3053,43.17,On Surface
212150,-0.0479,9.9335,1.4102,-2.4275,0.6412,-0.4275,43.31,On Surface
212200,-0.0431,9.9120,1.4030,-2.2748,0.4580,-0.1679,42.98,On Surface
212250,-0.0048,9.9335,1.3671,-2.4885,0.6718,-0.4122,42.60,On Surface
212300,-0.0359,9.8952,1.3384,-2.5344,0.5344,-0.1069,43.12,On Surface
212350,0.0024,9.9000,1.4293,-2.3664,0.6565,0.0153,42.93,On Surface
212400,0.0024,9.9240,1.3455,-2.5496,0.3053,-0.0153,42.93,On Surface
212450,-0.0527,9.8976,1.3886,-2.3206,0.4427,0.0458,43.02,On Surface
212500,-0.0144,9.9359,1.4174,-2.3511,0.4275,-0.2595,43.12,On Surface
212550,-0.0168,9.9048,1.3719,-2.7634,0.4733,-0.5496,43.12,On Surface
212600,-0.0192,9.9407,1.4413,-2.4427,0.5191,0.0153,43.02,On Surface
212650,-0.0575,9.8976,1.4269,-2.3359,0.2290,-0.1069,42.98,On Surface
212700,-0.0024,9.8976,1.4509,-2.2443,0.4580,-0.0153,42.93,On Surface
212750,-0.0359,9.9120,1.4102,-2.5954,0.1679,-0.1679,42.93,On Surface
212800,-0.0287,9.9527,1.4844,-2.3664,0.3664,-0.1985,43.35,On Surface
212850,-0.0168,9.9407,1.3671,-2.6565,0.5038,0.0763,43.12,On Surface
212900,-0.0048,9.9407,1.4006,-2.4885,0.6260,-0.4580,43.17,On Surface
212950,-0.0551,9.9455,1.4006,-2.3664,0.3817,-0.1832,42.79,On Surface
213000,-0.0263,9.9431,1.3815,-2.3817,0.5496,-0.0305,42.79,On Surface
213050,0.0024,9.9359,1.3862,-2.3817,0.4427,-0.2901,42.60,On Surface
213100,0.0048,9.9455,1.4030,-2.3206,0.2748,-0.1679,42.93,On Surface
213150,-0.0239,9.9383,1.4269,-2.3817,0.5344,-0.2290,43.12,On Surface
213200,0.0144,9.8928,1.4365,-2.2748,0.7023,0.1985,43.02,On Surface
213250,-0.0192,9.9288,1.3838,-2.4885,0.3206,-0.2748,42.98,On Surface
213300,-0.0096,9.9192,1.4150,-2.4275,0.5649,-0.1527,43.17,On Surface
213350,-0.0215,9.9072,1.4245,-2.4580,0.2595,0.0000,42.93,On Surface
213400,-0.0263,9.9168,1.3862,-2.5038,0.3511,0.0153,42.98,On Surface
213450,-0.0479,9.9311,1.4557,-2.2901,0.6107,0.2748,43.02,On Surface
213500,-0.0575,9.9335,1.4054,-2.1374,0.7176,-0.0458,43.02,On Surface
213550,-0.0383,9.9383,1.4078,-2.4427,0.4122,0.0305,43.02,On Surface
213600,-0.0168,9.9288,1.3767,-2.3511,0.5038,-0.2443,42.98,On Surface
213650,-0.0168,9.9359,1.4198,-2.2901,0.3817,0.1374,42.98,On Surface
213700,-0.0215,9.8904,1.4341,-2.2901,0.2748,0.0763,43.12,On Surface
213750,-0.0335,9.8904,1.4150,-2.2748,0.7176,0.1069,42.93,On Surface
213800,0.0000,9.9072,1.3886,-2.2290,0.3206,-0.1679,43.17,On Surface
213850,-0.0359,9.9048,1.3527,-2.5344,0.6412,-0.0611,43.17,On Surface
213900,-0.0263,9.8928,1.3982,-2.3664,0.3969,-0.1679,43.17,On Surface
213950,-0.0622,9.9120,1.4126,-2.6412,0.5496,0.0916,43.12,On Surface
214000,-0.0239,9.9479,1.3862,-2.3817,0.7634,-0.2290,42.93,On Surface
214050,-0.0168,9.9096,1.4245,-2.1679,0.2443,-0.1679,43.12,On Surface
214100,-0.0048,9.9455,1.4724,-2.4427,0.5344,-0.1679,43.02,On Surface
214150,0.0096,9.9311,1.4054,-2.0458,0.5344,0.0458,43.45,On Surface
214200,-0.0215,9.9288,1.4198,-2.2137,0.4733,0.2901,43.12,On Surface
214250,-0.0168,9.9264,1.4054,-2.3053,0.3817,-0.1985,42.93,On Surface
214300,-0.0120,9.8976,1.4102,-2.4733,0.6260,-0.1679,42.93,On Surface
214350,-0.0048,9.9383,1.3695,-2.5038,0.4580,-0.0458,42.98,On Surface
214400,-0.0120,9.9551,1.3910,-2.4733,0.7786,0.1069,43.02,On Surface
214450,-0.0527,9.9216,1.4341,-2.5649,0.4733,-0.1069,43.17,On Surface
214500,-0.0168,9.9575,1.3743,-2.3817,0.2748,-0.0153,42.98,On Surface
214550,-0.0072,9.9359,1.4054,-2.5496,0.6718,-0.2901,42.79,On Surface
214600,0.0072,9.9335,1.3934,-2.4122,0.5802,-0.2595,42.79,On Surface
214650,0.0096,9.9192,1.4006,-2.2595,0.3817,-0.3817,43.02,On Surface
214700,0.0072,9.9168,1.3862,-2.2137,0.2595,-0.0458,43.02,On Surface
214750,-0.0263,9.9096,1.4245,-2.1985,0.3969,0.0611,43.02,On Surface
214800,-0.0431,9.8976,1.4629,-2.4885,0.5496,-0.1679,43.17,On Surface
214850,-0.0239,9.9216,1.4030,-2.3969,0.4885,0.0763,42.93,On Surface
214900,-0.0120,9.9503,1.3862,-2.3969,0.5344,-0.1374,43.35,On Surface
214950,0.0000,9.9264,1.3838,-2.4580,0.6107,-0.1985,43.26,On Surface
215000,-0.0024,9.9096,1.3695,-2.4427,0.7328,-0.1374,42.98,On Surface
215050,-0.0048,9.9120,1.3623,-2.4275,0.5649,-0.5649,42.98,On Surface
215100,-0.0072,9.9575,1.4269,-2.3664,0.7634,-0.1679,43.31,On Surface
215150,-0.0192,9.8881,1.3551,-2.6565,0.5191,-0.1832,43.17,On Surface
215200,-0.0335,9.9168,1.4365,-2.3511,0.7328,-0.0458,43.26,On Surface
215250,-0.0024,9.8881,1.4557,-2.5496,0.6107,-0.1679,42.98,On Surface
215300,-0.0215,9.9072,1.4437,-2.3511,0.4275,-0.2137,42.93,On Surface
215350,-0.0048,9.9024,1.4174,-2.3664,0.3511,-0.1527,43.26,On Surface
215400,-0.0120,9.9575,1.4389,-2.3053,0.4733,-0.1221,43.12,On Surface
215450,-0.0359,9.9407,1.4006,-2.5802,0.5802,-0.1832,42.84,On Surface
215500,-0.0335,9.9168,1.4365,-2.6718,0.6870,-0.0458,43.17,On Surface
215550,-0.0503,9.9671,1.3695,-2.1221,0.4427,-0.1069,42.98,On Surface
215600,-0.0551,9.9000,1.4006,-2.4122,0.3359,-0.1374,42.79,On Surface
215650,-0.0263,9.9096,1.3455,-2.5191,0.6412,-0.2290,42.93,On Surface
215700,-0.0144,9.9024,1.3647,-2.2443,0.4275,-0.2290,42.93,On Surface
215750,-0.0168,9.8904,1.3958,-2.4275,0.2595,-0.1832,43.02,On Surface
215800,-0.0192,9.9024,1.4581,-2.4275,0.6107,0.0305,42.98,On Surface
215850,-0.0168,9.9311,1.3934,-2.2443,0.5649,0.0916,43.02,On Surface
215900,0.0168,9.9335,1.3743,-2.5496,0.5038,-0.1679,42.93,On Surface
215950,-0.0239,9.8833,1.4030,-2.5496,0.6107,0.0611,43.02,On Surface
216000,-0.0383,9.9168,1.4102,-2.2748,0.7176,-0.1069,42.65,On Surface
216050,-0.0455,9.9647,1.3815,-2.1374,0.7634,-0.1221,42.93,On Surface
216100,-0.0479,9.9599,1.3982,-2.3969,0.4122,0.0763,43.12,On Surface
216150,-0.0335,9.9000,1.4102,-2.2595,0.5954,0.0153,43.31,On Surface
216200,-0.0263,9.8976,1.4150,-2.5649,0.4580,-0.0458,43.17,On Surface
216250,-0.0120,9.9359,1.4078,-2.1221,0.3664,0.1069,42.98,On Surface
216300,-0.0455,9.9264,1.3958,-2.5344,0.3817,0.0153,43.02,On Surface
216350,-0.0287,9.9383,1.4126,-2.4275,0.4580,-0.0153,43.02,On Surface
216400,-0.0407,9.9072,1.3551,-2.1221,0.6107,-0.0763,43.02,On Surface
216450,-0.0335,9.9335,1.4245,-2.3511,0.4733,-0.0153,43.17,On Surface
216500,0.0096,9.9479,1.4245,-2.2901,0.5954,-0.1527,42.84,On Surface
216550,-0.0431,9.9671,1.3623,-2.3511,0.6565,-0.3206,42.98,On Surface
216600,-0.0192,9.9096,1.4126,-2.1527,0.2443,-0.0458,43.17,On Surface
216650,-0.0168,9.9192,1.3791,-2.2595,0.4580,-0.2443,43.02,On Surface
216700,-0.0287,9.9216,1.4437,-2.2137,0.4733,-0.0611,42.93,On Surface
216750,-0.0048,9.9072,1.4581,-2.4427,0.2443,0.1832,42.79,On Surface
216800,-0.0503,9.9240,1.3791,-2.1985,0.3817,-0.1985,43.26,On Surface
216850,-0.0575,9.9479,1.4245,-2.5344,0.1679,0.0000,43.17,On Surface
216900,-0.0622,9.9240,1.3767,-2.3969,0.5496,-0.2290,43.17,On Surface
216950,-0.0120,9.9814,1.4198,-2.4733,0.5191,-0.0305,42.98,On Surface
217000,-0.0239,9.9120,1.4030,-2.2595,0.7481,-0.0458,43.17,On Surface
217050,-0.0144,9.9192,1.3384,-2.3053,0.3664,-0.0305,42.93,On Surface
217100,-0.0287,9.9718,1.4293,-2.3664,0.4122,-0.0916,43.31,On Surface
217150,-0.0551,9.9359,1.3934,-2.1832,0.3053,-0.1221,42.98,On Surface
217200,-0.0311,9.9240,1.3815,-2.4580,0.1985,-0.2290,42.98,On Surface
217250,-0.0024,9.9455,1.4892,-2.2901,0.4733,-0.1069,42.98,On Surface
217300,-0.0287,9.8928,1.3958,-2.2290,0.4275,0.0305,42.79,On Surface
217350,-0.0455,9.9527,1.3599,-2.3359,0.4580,0.0305,43.02,On Surface
217400,0.0000,9.9311,1.3838,-2.2748,0.4427,0.1374,42.84,On Surface
217450,-0.0455,9.9551,1.3719,-2.3664,0.5191,0.0153,43.17,On Surface
217500,-0.0215,9.9240,1.3384,-2.1679,0.3053,-0.2595,43.26,On Surface
217550,-0.0287,9.9144,1.3671,-2.3053,0.5496,-0.1985,42.93,On Surface
217600,-0.0215,9.9048,1.4102,-2.3969,0.2443,-0.1985,42.79,On Surface
217650,0.0048,9.8881,1.4006,-2.1832,0.4427,-0.2595,43.02,On Surface
217700,-0.0048,9.8665,1.4389,-2.2290,0.4122,-0.1069,42.93,On Surface
217750,-0.0072,9.9335,1.4054,-2.5038,0.2901,-0.0611,43.26,On Surface
217800,0.0359,9.9072,1.3288,-2.2595,0.5344,0.0763,42.98,On Surface
217850,0.0000,9.9407,1.3695,-2.5496,0.4275,-0.1221,43.26,On Surface
217900,-0.0096,9.9288,1.3838,-2.3969,0.2748,-0.0611,43.26,On Surface
217950,-0.0455,9.9407,1.3982,-2.3511,0.5038,-0.1832,43.49,On Surface
218000,-0.0072,9.9168,1.3767,-2.5038,0.3664,-0.1679,43.02,On Surface
218050,-0.0479,9.9288,1.4054,-2.2748,0.3817,-0.3053,42.84,On Surface
218100,0.0072,9.8976,1.4174,-2.3053,0.4580,-0.3053,43.17,On Surface
218150,-0.0024,9.9431,1.3815,-2.4885,0.3206,-0.1985,43.12,On Surface
218200,-0.0120,9.9240,1.3838,-2.4427,0.4733,-0.1985,42.93,On Surface
218250,0.0215,9.9000,1.3743,-2.2901,0.4122,-0.2748,42.98,On Surface
218300,-0.0599,9.9168,1.4006,-2.5344,0.3053,-0.0153,43.17,On Surface
218350,-0.0239,9.9192,1.3623,-2.3206,0.7023,-0.1221,43.02,On Surface
218400,-0.0359,9.8809,1.3671,-2.4427,0.4733,-0.0305,43.02,On Surface
218450,-0.0383,9.8928,1.3479,-2.6260,0.3053,-0.3511,42.79,On Surface
218500,-0.0096,9.9503,1.3599,-2.4580,0.5344,-0.3511,42.98,On Surface
218550,-0.0072,9.8761,1.3886,-2.5191,0.4885,-0.1985,42.93,On Surface
218600,-0.0072,9.9000,1.4030,-2.1221,0.7023,-0.3053,42.98,On Surface
218650,0.0096,9.9240,1.3503,-2.4427,0.5954,0.0153,42.93,On Surface
218700,-0.0096,9.9144,1.3791,-2.5649,0.2443,0.0916,42.98,On Surface
218750,-0.0239,9.9120,1.3767,-2.3817,0.3511,-0.0916,43.12,On Surface
218800,-0.0215,9.9096,1.4126,-2.5496,0.7328,-0.2748,43.12,On Surface
218850,-0.0311,9.9335,1.3384,-2.5344,0.7328,-0.0458,42.79,On Surface
218900,-0.0120,9.9359,1.4054,-2.5954,0.5038,-0.0763,42.93,On Surface
218950,-0.0431,9.9335,1.4102,-2.2290,0.7023,-0.0305,43.02,On Surface
219000,-0.0144,9.8928,1.4365,-2.4733,0.4733,-0.0153,43.26,On Surface
219050,-0.0072,9.9168,1.4533,-2.3817,0.6870,-0.1221,43.17,On Surface
219100,-0.0263,9.9168,1.3695,-2.3511,0.4580,-0.0763,42.93,On Surface
219150,-0.0144,9.9240,1.3503,-2.4885,0.3969,-0.1527,42.93,On Surface
219200,0.0000,9.9407,1.4365,-2.5954,0.6260,0.0000,42.98,On Surface
219250,-0.0239,9.9168,1.4317,-2.4427,0.4580,-0.1527,43.26,On Surface
219300,-0.0120,9.9311,1.3599,-2.6565,0.2137,-0.2443,43.02,On Surface
219350,-0.0239,9.9335,1.4006,-2.4885,0.8550,-0.5954,42.60,On Surface
219400,-0.0335,9.9168,1.4341,-2.4427,0.6412,-0.1374,42.98,On Surface
219450,-0.0120,9.9359,1.4054,-2.3053,0.5802,-0.3359,43.02,On Surface
219500,-0.0048,9.9288,1.4317,-2.3206,0.7634,-0.0458,43.17,On Surface
219550,-0.0263,9.9264,1.4198,-2.2290,0.3206,-0.1069,43.17,On Surface
219600,-0.0335,9.9072,1.3982,-2.2443,0.5191,0.0763,42.84,On Surface
219650,0.0048,9.9144,1.3527,-2.3511,0.2748,0.0611,43.31,On Surface
219700,-0.0335,9.9288,1.3719,-2.5496,0.6260,-0.2901,42.93,On Surface
219750,-0.0144,9.8976,1.4269,-2.4122,0.5496,-0.0153,42.98,On Surface
219800,0.0000,9.9431,1.3958,-2.4427,0.3969,-0.0305,43.02,On Surface
219850,-0.0239,9.9168,1.3431,-2.3817,0.4427,-0.1985,42.98,On Surface
219900,-0.0407,9.9072,1.3767,-2.2901,0.5802,-0.1221,42.93,On Surface
219950,-0.0551,9.9216,1.3623,-2.7481,0.5344,-0.0763,43.02,On Surface
220000,-0.0551,9.9168,1.3982,-2.4580,0.9313,-0.2595,42.93,On Surface
220050,-0.0718,9.9240,1.3767,-2.3206,0.2290,0.0305,43.02,On Surface
220100,-0.0263,9.9096,1.3982,-2.3359,0.3664,-0.1679,42.98,On Surface
220150,-0.0072,9.9335,1.4174,-2.4122,0.5649,0.0916,43.02,On Surface
220200,-0.0072,9.9048,1.4269,-2.0763,0.2901,0.0000,42.98,On Surface
220250,-0.0120,9.9264,1.4245,-2.4122,0.3359,-0.1221,42.93,On Surface
220300,-0.0048,9.9383,1.4222,-2.1832,0.2901,-0.0153,42.98,On Surface
220350,-0.0239,9.9503,1.3958,-2.4275,0.5802,0.0458,42.93,On Surface
220400,-0.0311,9.9216,1.3695,-2.1221,0.5038,-0.3206,43.12,On Surface
220450,-0.0263,9.9288,1.3264,-2.2137,0.4122,-0.0916,42.98,On Surface
220500,0.0072,9.9072,1.3575,-2.4885,0.3359,-0.2290,43.31,On Surface
220550,-0.0215,9.9551,1.3479,-2.2901,0.4122,-0.0611,43.26,On Surface
220600,-0.0239,9.9120,1.3767,-2.3206,0.4275,-0.3359,42.79,On Surface
220650,-0.0359,9.9288,1.3503,-2.1679,0.3511,-0.1832,42.98,On Surface
220700,-0.0120,9.9407,1.4485,-2.5496,0.6107,0.1069,43.17,On Surface
220750,-0.0144,9.8976,1.4557,-2.2595,0.5344,-0.2595,43.02,On Surface
220800,0.0000,9.9216,1.4485,-2.3817,0.7023,-0.1832,43.26,On Surface
220850,0.0072,9.9168,1.4389,-2.4580,0.3664,0.0458,42.98,On Surface
220900,-0.0192,9.9168,1.4006,-2.5802,0.3817,-0.1221,42.98,On Surface
220950,-0.0168,9.9120,1.3575,-2.6107,0.4275,-0.1069,42.93,On Surface
221000,0.0072,9.9551,1.4365,-2.5038,0.3969,0.0611,42.98,On Surface
221050,-0.0311,9.9431,1.4317,-2.1985,0.4580,-0.1832,42.98,On Surface
221100,-0.0263,9.9072,1.4078,-2.5954,0.1374,0.0763,42.84,On Surface
221150,-0.0455,9.9359,1.3336,-2.3053,0.6260,-0.3359,42.79,On Surface
221200,0.0192,9.9695,1.4269,-2.4275,0.6107,-0.1679,42.93,On Surface
221250,-0.0120,9.9120,1.3791,-2.3511,0.2443,-0.2748,43.02,On Surface
221300,-0.0287,9.8857,1.4126,-2.4427,0.5802,-0.0458,43.02,On Surface
221350,0.0168,9.8928,1.4485,-2.3511,0.4122,0.0000,43.12,On Surface
221400,-0.0359,9.9288,1.3791,-2.3206,0.5496,-0.0305,42.84,On Surface
221450,-0.0479,9.9551,1.3767,-2.4275,0.4122,-0.1679,43.02,On Surface
221500,0.0072,9.9671,1.4006,-2.2443,0.2290,-0.0611,43.17,On Surface
221550,0.0072,9.9288,1.3743,-2.4580,0.6412,-0.1527,43.31,On Surface
221600,0.0144,9.9192,1.3360,-2.2595,0.5344,-0.2443,43.35,On Surface
221650,-0.0359,9.9790,1.3838,-2.4733,0.5344,-0.1374,43.17,On Surface
221700,-0.0096,9.9048,1.4078,-2.0458,0.5344,-0.1374,43.02,On Surface
221750,-0.0120,9.9000,1.3695,-2.3664,0.4580,0.1679,43.02,On Surface
221800,-0.0048,9.9120,1.3910,-2.3817,0.4733,-0.1985,43.02,On Surface
221850,0.0024,9.9192,1.3886,-2.5496,0.2443,0.0153,42.93,On Surface
221900,0.0024,9.9168,1.3384,-2.6260,0.2443,-0.0916,42.79,On Surface
221950,-0.0048,9.9455,1.3743,-2.4427,0.3664,-0.1679,43.02,On Surface
222000,-0.0096,9.9431,1.3503,-2.2901,0.6870,-0.1832,43.31,On Surface
222050,-0.0168,9.9144,1.3934,-2.6718,0.5344,-0.2748,42.93,On Surface
222100,-0.0024,9.9000,1.4198,-2.5802,0.6260,-0.0153,43.02,On Surface
222150,-0.0503,9.9216,1.3455,-2.2595,0.6718,-0.2595,42.98,On Surface
222200,-0.0311,9.9096,1.4222,-2.7481,0.3206,-0.2443,43.02,On Surface
222250,0.0215,9.8402,1.4365,-2.5038,0.3206,-0.0305,43.02,On Surface
222300,0.0144,9.9120,1.4078,-2.5038,0.5802,-0.0916,42.98,On Surface
222350,0.0239,9.9168,1.4269,-2.5802,0.5344,-0.1069,43.31,On Surface
222400,0.0192,9.9288,1.4389,-2.3511,0.6718,-0.3664,43.26,On Surface
222450,-0.0311,9.9455,1.3479,-2.5496,0.6107,0.0458,42.98,On Surface
222500,-0.0455,9.9335,1.4198,-2.6260,0.5496,-0.1985,43.17,On Surface
222550,-0.0024,9.9718,1.3647,-2.6260,0.5038,-0.1832,42.98,On Surface
222600,-0.0263,9.9359,1.3767,-2.3664,0.5496,-0.3053,43.12,On Surface
222650,-0.0192,9.8952,1.3575,-2.5344,0.5954,-0.1832,43.02,On Surface
222700,-0.0120,9.9192,1.4150,-2.3664,0.3511,-0.2595,43.35,On Surface
222750,-0.0168,9.9407,1.3838,-2.1985,0.3664,-0.2443,43.02,On Surface
222800,-0.0120,9.8928,1.4006,-2.3206,0.5954,0.0305,43.02,On Surface
222850,0.0120,9.9120,1.4293,-2.3664,0.5802,-0.1374,43.17,On Surface
222900,-0.0168,9.9264,1.4174,-2.5802,0.6107,-0.3053,42.98,On Surface
222950,0.0168,9.8857,1.4629,-2.3817,0.5496,-0.1679,43.02,On Surface
223000,0.0120,9.9383,1.3599,-2.5802,0.6718,-0.1985,43.17,On Surface
223050,-0.0335,9.9311,1.3767,-2.4275,0.6260,-0.1832,42.93,On Surface
223100,-0.0311,9.8928,1.4102,-2.4733,0.5191,-0.0763,42.93,On Surface
223150,-0.0192,9.9000,1.4820,-2.2290,0.5191,-0.2748,43.12,On Surface
223200,-0.0215,9.9264,1.3743,-2.3511,0.2901,-0.3206,43.12,On Surface
223250,-0.0024,9.9240,1.3695,-2.4427,0.3359,-0.3053,42.98,On Surface
223300,-0.0120,9.9311,1.4198,-2.3817,0.6107,0.0153,43.26,On Surface
223350,-0.0215,9.9455,1.4676,-2.2595,0.2443,-0.1832,42.84,On Surface
223400,-0.0120,9.8928,1.3886,-2.4580,0.4275,0.0458,42.98,On Surface
223450,-0.0048,9.9240,1.3647,-2.4275,0.5649,0.1069,43.17,On Surface
223500,-0.0215,9.9288,1.3838,-2.3206,0.4427,-0.2443,43.02,On Surface
223550,-0.0335,9.9240,1.3743,-2.3359,0.5496,-0.0153,43.26,On Surface
223600,-0.0479,9.9742,1.4150,-2.0763,0.5191,-0.1374,42.98,On Surface
223650,-0.0335,9.9623,1.3767,-2.4122,0.5802,-0.1069,42.84,On Surface
223700,-0.0120,9.9264,1.4006,-2.2137,0.3511,0.0000,43.12,On Surface
223750,-0.0215,9.9407,1.4365,-2.2748,0.4275,-0.0611,43.26,On Surface
223800,0.0048,9.9359,1.3599,-2.2595,0.2901,-0.0916,43.26,On Surface
223850,-0.0646,9.9120,1.3384,-2.3053,0.6870,-0.0153,43.12,On Surface
223900,-0.0359,9.9216,1.3886,-2.4580,0.5649,-0.2137,43.02,On Surface
223950,-0.0431,9.9072,1.3743,-2.3969,0.3053,0.0916,42.98,On Surface
224000,-0.0192,9.9695,1.3336,-2.2443,0.3053,-0.0305,42.74,On Surface
224050,-0.0359,9.9455,1.3838,-2.1679,0.5038,-0.0611,43.26,On Surface
224100,-0.0263,9.9072,1.3862,-2.1985,0.5496,-0.0153,42.98,On Surface
224150,-0.0168,9.9144,1.4413,-2.3969,0.4427,-0.3053,43.02,On Surface
224200,-0.0144,9.9096,1.3455,-2.1985,0.3359,0.1069,43.12,On Surface
224250,-0.0287,9.9311,1.4126,-2.1832,0.8397,0.0458,42.98,On Surface
224300,0.0000,9.9264,1.3982,-2.2443,0.7481,-0.0458,43.31,On Surface
224350,0.0048,9.8976,1.3575,-2.4275,0.3969,-0.2748,42.84,On Surface
224400,-0.0287,9.9359,1.3767,-2.3359,0.5649,-0.0916,43.17,On Surface
224450,-0.0359,9.9527,1.3886,-2.2901,0.4733,0.0305,42.98,On Surface
224500,-0.0335,9.9407,1.3695,-2.5496,0.5954,-0.1679,42.98,On Surface
224550,-0.0551,9.9647,1.3527,-2.1527,0.6718,-0.1069,42.93,On Surface
224600,-0.0048,9.8809,1.4174,-2.4580,0.4733,0.1374,43.02,On Surface
224650,-0.0048,9.9048,1.3719,-2.3817,0.4580,-0.2901,43.02,On Surface
224700,-0.0239,9.9120,1.3862,-2.4580,0.4427,-0.1221,42.98,On Surface
224750,0.0120,9.8689,1.4413,-2.3969,0.4275,-0.1069,43.02,On Surface
224800,-0.0335,9.8833,1.4006,-2.1832,0.2901,-0.2748,42.98,On Surface
224850,0.0120,9.9168,1.3838,-2.4122,0.5496,0.0763,43.31,On Surface
224900,0.0192,9.9000,1.3958,-2.6107,0.6412,-0.1221,42.98,On Surface
224950,-0.0024,9.9311,1.3743,-2.5802,0.5191,0.2748,43.02,On Surface
225000,-0.0287,9.9742,1.3838,-2.3053,0.6870,-0.1374,43.02,On Surface
225050,-0.0239,9.9216,1.3767,-2.3969,0.4580,-0.1527,42.98,On Surface
225100,-0.0431,9.9742,1.4940,-2.1832,0.3359,-0.1374,43.02,On Surface
225150,0.0000,9.9024,1.3838,-2.4122,0.3511,0.1069,43.12,On Surface
225200,-0.0263,9.9024,1.4222,-2.3664,0.4580,-0.2901,43.17,On Surface
225250,0.0000,9.9000,1.4365,-2.3817,0.4733,-0.2290,43.12,On Surface
225300,-0.0168,9.9048,1.3695,-2.4275,0.3206,-0.3664,42.93,On Surface
225350,-0.0192,9.9024,1.3982,-2.3206,0.4580,-0.2595,43.02,On Surface
225400,-0.0431,9.9264,1.3958,-2.6718,0.5344,-0.0916,43.17,On Surface
225450,-0.0694,9.9479,1.3886,-2.6412,0.5649,-0.1985,43.26,On Surface
225500,-0.0239,9.9311,1.3599,-2.3359,0.7023,0.1069,43.02,On Surface
225550,0.0000,9.9168,1.3671,-2.3359,0.4427,-0.3206,43.02,On Surface
225600,-0.0311,9.8713,1.3503,-2.4733,0.3817,0.0153,43.12,On Surface
225650,0.0000,9.8881,1.4485,-2.3511,0.1985,-0.2137,43.02,On Surface
225700,-0.0168,9.9264,1.3551,-2.3359,0.5802,-0.0611,43.17,On Surface
225750,0.0144,9.9216,1.4533,-2.4275,0.3969,-0.0916,43.26,On Surface
225800,0.0287,9.8904,1.4341,-2.5191,0.4275,-0.1527,43.02,On Surface
225850,-0.0168,9.9120,1.4413,-2.1374,0.6870,-0.1221,43.02,On Surface
225900,0.0144,9.8976,1.4341,-2.7481,0.5649,-0.2595,43.02,On Surface
225950,-0.0192,9.9383,1.4054,-2.5649,0.5954,-0.4580,43.17,On Surface
226000,-0.0287,9.9264,1.3719,-2.3817,0.4580,-0.0153,43.17,On Surface
226050,-0.0263,9.9335,1.4437,-2.6107,0.4733,-0.2595,43.02,On Surface
226100,-0.0407,9.9264,1.4461,-2.2901,0.4122,-0.2443,43.17,On Surface
226150,-0.0263,9.9551,1.4629,-2.5038,0.3817,-0.2595,43.12,On Surface
226200,0.0072,9.8689,1.3862,-2.4733,0.5649,-0.2595,42.98,On Surface
226250,-0.0263,9.9096,1.4700,-2.1985,0.4580,-0.2290,42.93,On Surface
226300,0.0048,9.9216,1.4054,-2.3664,0.3969,-0.2443,43.17,On Surface
226350,0.0072,9.8857,1.4317,-2.2290,0.4122,0.0763,43.02,On Surface
226400,0.0215,9.8809,1.4006,-2.5191,0.4275,0.0763,43.12,On Surface
226450,-0.0168,9.8952,1.4126,-2.4733,0.7328,-0.2901,43.02,On Surface
226500,-0.0215,9.9311,1.3408,-2.2901,0.6412,-0.4275,43.12,On Surface
226550,-0.0455,9.9695,1.3408,-2.5344,0.5191,-0.1221,43.31,On Surface
226600,-0.0287,9.9551,1.4198,-2.4427,0.5954,0.1069,43.26,On Surface
226650,-0.0503,9.8881,1.4102,-2.4275,0.5954,-0.1985,42.98,On Surface
226700,-0.0383,9.9311,1.4413,-2.2901,0.4427,-0.2290,43.26,On Surface
226750,-0.0407,9.8833,1.3982,-2.5802,0.5191,0.0763,42.84,On Surface
226800,0.0263,9.9383,1.3982,-2.4275,0.4580,-0.1527,42.98,On Surface
226850,-0.0168,9.9311,1.3815,-2.6718,0.5038,0.2595,43.12,On Surface
226900,-0.0263,9.9311,1.3838,-2.5649,0.4122,-0.2137,42.93,On Surface
226950,-0.0144,9.9216,1.3479,-2.4275,0.5191,-0.1679,43.17,On Surface
227000,-0.0263,9.9359,1.4245,-2.4885,0.5496,0.1985,42.93,On Surface
227050,-0.0766,9.9671,1.3886,-2.3969,0.5802,0.1374,42.98,On Surface
227100,-0.0239,9.9216,1.3886,-2.2443,0.4580,-0.1832,43.26,On Surface
227150,-0.0120,9.9048,1.3862,-2.3969,0.4122,0.0000,43.02,On Surface
227200,0.0072,9.9192,1.4030,-2.2443,0.5038,-0.4275,43.12,On Surface
227250,-0.0192,9.9072,1.4126,-2.2443,0.1679,-0.1832,42.98,On Surface
227300,-0.0048,9.9168,1.4796,-2.2290,0.5802,-0.3359,43.17,On Surface
227350,0.0311,9.8881,1.4605,-2.4427,0.5191,-0.0916,42.93,On Surface
227400,-0.0431,9.9527,1.3575,-2.4885,0.6412,-0.2137,43.17,On Surface
227450,-0.0646,9.9527,1.3838,-2.3969,0.4733,0.0916,42.98,On Surface
227500,-0.0239,9.9431,1.4174,-2.3969,0.5344,0.0458,42.84,On Surface
227550,-0.0359,9.9527,1.3671,-2.1679,0.4885,-0.1527,43.02,On Surface
227600,-0.0215,9.9527,1.4126,-2.1679,0.3359,-0.1679,42.93,On Surface
227650,0.0072,9.9192,1.4126,-2.4275,0.4733,-0.0458,43.02,On Surface
227700,-0.0144,9.9240,1.4293,-2.1374,0.3206,0.0153,43.02,On Surface
227750,-0.0168,9.8928,1.3695,-2.5038,0.5038,-0.1221,43.12,On Surface
227800,-0.0503,9.9144,1.4629,-2.3817,0.2901,-0.2748,42.98,On Surface
227850,-0.0168,9.9072,1.4150,-2.3817,0.3817,0.0763,43.02,On Surface
227900,-0.0024,9.9096,1.4509,-2.2137,0.1679,0.0153,43.02,On Surface
227950,-0.0192,9.9359,1.3360,-2.2443,0.4275,-0.0153,42.79,On Surface
228000,-0.0120,9.9503,1.4293,-2.3511,0.4885,-0.1832,42.79,On Surface
228050,-0.0551,9.9695,1.3815,-2.3969,0.4122,-0.1069,42.79,On Surface
228100,-0.0431,9.9240,1.4054,-2.3969,0.5802,-0.2901,43.17,On Surface
228150,-0.0024,9.9216,1.4317,-2.1069,0.2137,-0.1832,42.98,On Surface
228200,-0.0024,9.8857,1.4126,-2.3664,0.2748,-0.3359,43.02,On Surface
228250,-0.0120,9.8617,1.3240,-2.5649,0.2901,-0.1221,43.17,On Surface
228300,0.0072,9.9383,1.4365,-2.2595,0.5191,-0.0153,42.93,On Surface
228350,-0.0431,9.9120,1.3599,-2.3969,0.4733,-0.2443,42.79,On Surface
228400,-0.0646,9.9407,1.3838,-2.5344,0.5496,-0.2290,43.02,On Surface
228450,-0.0311,9.9264,1.3815,-2.4275,0.1527,-0.1069,43.12,On Surface
228500,-0.0215,9.9264,1.3958,-2.5038,0.2290,-0.0458,43.12,On Surface
228550,-0.0024,9.9383,1.4341,-2.2901,0.5954,0.0611,42.74,On Surface
228600,-0.0072,9.9407,1.3623,-2.2290,0.4733,-0.3511,42.98,On Surface
228650,-0.0072,9.9335,1.4509,-2.4275,0.5191,-0.0763,42.93,On Surface
228700,-0.0120,9.9168,1.4676,-2.5802,0.4580,0.0611,42.93,On Surface
228750,-0.0168,9.9383,1.4174,-2.3053,0.5191,-0.1679,43.26,On Surface
228800,-0.0383,9.9096,1.3910,-2.1527,0.4885,-0.0611,43.12,On Surface
228850,0.0072,9.8881,1.3791,-2.4427,0.5344,-0.1374,42.98,On Surface
228900,-0.0096,9.9431,1.4006,-2.5344,0.6107,-0.0153,42.93,On Surface
228950,-0.0215,9.9359,1.4174,-2.3664,0.6565,-0.2595,43.02,On Surface
229000,-0.0287,9.9144,1.3384,-2.3053,0.4885,-0.2748,43.02,On Surface
229050,0.0120,9.8952,1.3767,-2.4275,0.3206,-0.1679,43.12,On Surface
229100,0.0048,9.9168,1.4006,-2.3511,0.5344,-0.2443,42.93,On Surface
229150,-0.0287,9.9000,1.3910,-2.4122,0.6260,-0.1221,43.12,On Surface
229200,-0.0335,9.9096,1.4078,-2.6412,0.4275,0.0458,43.02,On Surface
229250,0.0239,9.9120,1.4245,-2.2901,0.3817,-0.1679,42.84,On Surface
229300,-0.0383,9.8904,1.4126,-2.5038,0.5344,0.0153,43.12,On Surface
229350,0.0000,9.9048,1.4054,-2.3511,0.5802,-0.2137,42.93,On Surface
229400,-0.0239,9.9072,1.4245,-2.7023,0.5344,-0.0611,42.93,On Surface
229450,-0.0263,9.9168,1.3048,-2.3359,0.7023,-0.1679,43.17,On Surface
229500,0.0000,9.9407,1.4030,-2.3664,0.3511,-0.2137,43.17,On Surface
229550,-0.0072,9.9455,1.4245,-2.3817,0.5344,-0.5344,43.02,On Surface
229600,-0.0024,9.8976,1.4030,-2.1985,0.2748,0.1679,43.17,On Surface
229650,-0.0192,9.9359,1.4174,-2.4733,0.3359,-0.1527,43.02,On Surface
229700,-0.0287,9.8881,1.3791,-2.3969,0.5191,-0.0611,43.12,On Surface
229750,0.0263,9.9000,1.3934,-2.5344,0.3053,-0.1069,43.02,On Surface
229800,-0.0048,9.8785,1.4030,-2.4580,0.1679,0.0611,43.12,On Surface
229850,-0.0383,9.9000,1.3767,-2.6107,0.4122,-0.3817,42.93,On Surface
229900,-0.0335,9.8881,1.3671,-2.5191,0.7481,0.0000,43.26,On Surface
229950,-0.0048,9.9479,1.3910,-2.5496,0.4122,-0.1679,43.02,On Surface
230000,-0.0144,9.9958,1.4126,-2.2748,0.4275,-0.1221,42.93,On Surface
230050,0.0048,9.9503,1.3623,-2.4427,0.2901,-0.1374,42.98,On Surface
230100,-0.0527,9.8881,1.4102,-2.1832,0.4885,-0.1374,43.26,On Surface
230150,-0.0263,9.9311,1.4245,-2.2748,0.3206,-0.0916,42.98,On Surface
230200,-0.0263,9.9407,1.4293,-2.2748,0.4733,-0.1679,42.79,On Surface
230250,-0.0144,9.8881,1.3934,-2.4122,0.4733,0.0458,43.12,On Surface
230300,-0.0287,9.9072,1.4222,-2.4885,0.7786,0.1069,42.98,On Surface
230350,-0.0407,9.8976,1.4126,-2.3817,0.2137,0.0305,43.02,On Surface
230400,0.0383,9.9359,1.4054,-2.3969,0.5496,-0.2137,43.12,On Surface
230450,0.0024,9.9503,1.3599,-2.2901,0.6870,-0.1374,42.93,On Surface
230500,-0.0192,9.9431,1.3767,-2.3969,0.6260,-0.1527,43.12,On Surface
230550,-0.0215,9.9575,1.3408,-2.3053,0.2748,0.0458,43.17,On Surface
230600,-0.0192,9.9024,1.3695,-2.3206,0.4580,-0.2290,43.31,On Surface
230650,-0.0120,9.9216,1.4796,-2.1832,0.6260,-0.0305,42.98,On Surface
230700,-0.0551,9.9455,1.3312,-2.4885,0.1374,0.0000,43.02,On Surface
230750,0.0263,9.8857,1.4174,-2.1527,0.5344,-0.0458,42.98,On Surface
230800,-0.0335,9.9240,1.4102,-2.2137,0.5649,0.1221,43.02,On Surface
230850,-0.0407,9.9431,1.4509,-2.1527,0.4580,0.0305,43.17,On Surface
230900,-0.0144,9.9383,1.3910,-2.2595,0.5649,0.0611,42.79,On Surface
230950,-0.0263,9.9144,1.3551,-2.3053,0.3053,-0.1832,42.98,On Surface
231000,-0.0168,9.9383,1.3934,-2.4885,0.5649,0.0305,43.31,On Surface
231050,-0.0527,9.9599,1.3575,-2.2748,0.5802,-0.0916,43.02,On Surface
231100,-0.0359,9.9192,1.4102,-2.2443,0.6412,-0.0153,43.02,On Surface
231150,-0.0263,9.9335,1.3671,-2.3664,0.5038,-0.0916,42.93,On Surface
231200,-0.0192,9.8904,1.3791,-2.4122,0.3359,0.0000,42.98,On Surface
231250,0.0239,9.9575,1.4102,-1.9695,0.4733,-0.0611,43.49,On Surface
231300,0.0335,9.9216,1.3862,-2.5649,0.6107,-0.0611,43.26,On Surface
231350,-0.0359,9.9240,1.3958,-2.3817,0.3817,-0.4122,42.93,On Surface
231400,-0.0215,9.9623,1.3048,-2.3359,0.4885,-0.1374,43.02,On Surface
231450,-0.0383,9.9623,1.4198,-2.3664,0.2901,0.0153,42.79,On Surface
231500,-0.0048,9.9288,1.3958,-2.4733,0.5344,0.0305,42.93,On Surface
231550,-0.0192,9.9695,1.3791,-2.0458,0.4580,-0.3359,42.98,On Surface
231600,-0.0407,9.9718,1.3958,-2.3511,0.6412,-0.1985,43.02,On Surface
231650,-0.0599,9.9072,1.4389,-2.3359,0.3969,-0.2901,43.17,On Surface
231700,-0.0024,9.9311,1.3958,-2.1985,0.4427,-0.2748,42.93,On Surface
231750,-0.0072,9.9240,1.4198,-2.3206,0.4275,-0.4122,42.74,On Surface
231800,-0.0168,9.9168,1.3815,-2.5496,0.5344,-0.1221,43.45,On Surface
231850,-0.0024,9.9000,1.3743,-2.4733,0.3969,-0.1374,42.93,On Surface
231900,0.0144,9.9407,1.3671,-2.2748,0.2595,-0.4275,43.02,On Surface
231950,-0.0192,9.9000,1.3695,-2.7176,0.4427,-0.0916,42.93,On Surface
232000,0.0048,9.9359,1.3838,-2.4885,0.6565,-0.1832,42.93,On Surface
232050,-0.0072,9.9742,1.3408,-2.5954,0.7023,-0.3817,43.12,On Surface
232100,0.0000,9.8904,1.3431,-2.3511,0.3817,0.0305,43.17,On Surface
232150,-0.0263,9.9311,1.3743,-2.2137,0.5038,-0.3664,42.79,On Surface
232200,0.0239,9.9072,1.3910,-2.5191,0.3511,-0.3053,43.26,On Surface
232250,0.0096,9.8737,1.3647,-2.4427,0.1985,0.0305,42.84,On Surface
232300,0.0024,9.9096,1.3767,-2.4427,0.3969,-0.1374,43.26,On Surface
232350,0.0024,9.9168,1.3862,-2.5038,0.6718,-0.0305,42.84,On Surface
232400,-0.0335,9.9216,1.3575,-2.4733,0.5344,-0.1832,43.12,On Surface
232450,-0.0263,9.9718,1.4126,-2.6107,0.6260,0.0000,42.98,On Surface
232500,0.0000,9.9359,1.3791,-2.3817,0.3969,-0.3817,43.02,On Surface
232550,-0.0407,9.9216,1.4102,-2.3206,0.8092,0.0000,43.26,On Surface
232600,0.0000,9.9718,1.3886,-2.5954,0.4275,0.0000,43.02,On Surface
232650,-0.0192,9.9144,1.3982,-2.2748,0.4427,-0.1374,43.02,On Surface
232700,-0.0048,9.9096,1.4533,-2.4885,0.5496,-0.3817,42.98,On Surface
232750,-0.0096,9.8976,1.4533,-2.4885,0.3817,-0.1527,43.12,On Surface
232800,0.0144,9.9024,1.4245,-2.6718,0.5038,-0.2443,42.93,On Surface
232850,-0.0072,9.9096,1.3982,-2.3206,0.5191,-0.0153,43.12,On Surface
232900,0.0120,9.9479,1.3575,-2.3664,0.4427,-0.1527,43.35,On Surface
232950,0.0096,9.9072,1.3743,-2.4733,0.4885,-0.0763,43.26,On Surface
233000,-0.0215,9.9599,1.3838,-2.3511,0.8702,0.0000,43.17,On Surface
233050,-0.0575,9.9671,1.3886,-2.7176,0.7939,-0.4275,42.98,On Surface
233100,0.0000,9.9096,1.3815,-2.3511,0.3511,-0.1985,43.17,On Surface
233150,-0.0335,9.9096,1.3815,-2.3053,0.7481,-0.3359,43.02,On Surface
233200,-0.0551,9.8952,1.3910,-2.3969,0.5649,-0.1832,43.02,On Surface
233250,0.0407,9.9024,1.4581,-2.6412,0.2595,-0.2901,42.79,On Surface
233300,-0.0575,9.8976,1.4030,-2.4427,0.1985,-0.1527,42.98,On Surface
233350,-0.0335,9.9503,1.3719,-2.4427,0.6565,0.0611,43.02,On Surface
233400,-0.0072,9.9048,1.4317,-2.4275,0.5038,-0.1832,42.98,On Surface
233450,-0.0311,9.9671,1.3479,-2.4733,0.5649,-0.1069,42.93,On Surface
233500,-0.0742,9.9575,1.3431,-2.0458,0.6718,-0.1985,43.26,On Surface
233550,-0.0215,9.9335,1.3767,-2.1985,0.7328,-0.1832,42.79,On Surface
233600,-0.0311,9.9288,1.3599,-2.1374,0.5802,-0.2748,43.02,On Surface
233650,-0.0359,9.9503,1.3671,-2.1374,0.1985,-0.0153,43.17,On Surface
233700,-0.0335,9.9000,1.3862,-2.3664,0.2748,-0.1069,43.26,On Surface
233750,-0.0575,9.9120,1.3934,-2.3969,0.3817,-0.3969,43.17,On Surface
233800,-0.0383,9.9216,1.3910,-2.1985,0.3817,-0.0458,43.31,On Surface
233850,-0.0168,9.8761,1.4174,-2.3969,0.4733,0.1374,43.17,On Surface
233900,0.0072,9.9335,1.4054,-2.2137,0.4122,-0.0611,42.98,On Surface
233950,-0.0551,9.9671,1.3838,-2.3206,0.3817,-0.1985,43.17,On Surface
234000,-0.0455,9.9264,1.3886,-2.4733,0.2290,-0.2748,43.12,On Surface
234050,-0.0168,9.9431,1.3695,-2.2901,0.3969,-0.1221,42.84,On Surface
234100,-0.0096,9.9551,1.3599,-2.3053,0.3664,-0.0763,42.93,On Surface
234150,0.0144,9.9240,1.3791,-2.3511,0.3817,0.1832,42.93,On Surface
234200,-0.0407,9.9096,1.4485,-2.2137,0.4885,-0.3206,43.02,On Surface
234250,-0.0120,9.9000,1.4437,-2.3206,0.5191,-0.0458,42.93,On Surface
234300,-0.0407,9.9072,1.4126,-2.2595,0.3053,0.1069,43.31,On Surface
234350,-0.0120,9.8761,1.4629,-2.3511,0.3206,-0.0153,43.02,On Surface
234400,0.0096,9.8904,1.3575,-2.3053,0.4122,0.2137,43.12,On Surface
234450,-0.0096,9.9503,1.3910,-2.3053,0.6260,-0.1832,43.02,On Surface
234500,-0.0551,9.9575,1.3695,-2.1832,0.7023,0.1374,43.31,On Surface
234550,0.0215,9.9216,1.3551,-2.5344,0.5649,-0.1221,42.93,On Surface
234600,-0.0215,9.9383,1.4126,-2.3206,0.7176,-0.1374,42.98,On Surface
234650,-0.0383,9.9240,1.3312,-2.3511,0.3969,-0.2443,43.02,On Surface
234700,-0.0263,9.9216,1.4413,-2.3359,0.4885,0.0458,42.93,On Surface
234750,-0.0287,9.9120,1.4054,-2.2595,0.5649,-0.0458,43.12,On Surface
234800,0.0096,9.9431,1.3886,-2.3206,0.1832,-0.0153,43.17,On Surface
234850,0.0144,9.9096,1.3336,-2.3206,0.5496,0.1374,43.02,On Surface
234900,0.0168,9.9120,1.3767,-2.2901,0.3664,-0.0763,42.93,On Surface
234950,0.0120,9.9000,1.3455,-2.5649,0.5038,-0.2290,43.26,On Surface
235000,-0.0239,9.9503,1.3695,-2.3053,0.5496,0.1221,42.93,On Surface
235050,-0.0168,9.9335,1.3910,-2.4580,0.5496,-0.2748,43.02,On Surface
235100,-0.0192,9.9024,1.3815,-2.4580,0.4733,-0.2137,43.12,On Surface
235150,-0.0192,9.9479,1.3838,-2.3969,0.5038,0.0000,42.93,On Surface
235200,-0.0192,9.9407,1.4222,-2.4275,0.5038,-0.1374,42.93,On Surface
235250,-0.0120,9.9551,1.4509,-2.1985,0.4275,-0.4580,42.93,On Surface
235300,0.0311,9.8952,1.4413,-2.3053,0.5496,0.2748,42.98,On Surface
235350,-0.0455,9.9048,1.3934,-2.1679,0.4885,-0.3817,43.02,On Surface
235400,0.0000,9.9407,1.3982,-2.3817,0.4885,0.0153,43.26,On Surface
235450,-0.0072,9.9407,1.3982,-2.3817,0.7023,-0.1985,43.17,On Surface
235500,-0.0144,9.9455,1.4126,-2.5191,0.5496,-0.1527,42.98,On Surface
235550,-0.0144,9.9264,1.3360,-2.1985,0.5954,-0.3969,42.79,On Surface
235600,-0.0287,9.9024,1.3862,-2.6260,0.5802,-0.2137,43.02,On Surface
235650,-0.0287,9.9503,1.3575,-2.2595,0.7328,-0.3206,42.93,On Surface
235700,0.0024,9.9311,1.4509,-2.2137,0.3359,-0.4580,43.45,On Surface
235750,0.0120,9.9072,1.3264,-2.4122,0.4275,0.1069,42.79,On Surface
235800,0.0359,9.8928,1.4078,-2.3053,0.3817,-0.2748,43.17,On Surface
235850,0.0000,9.8952,1.4126,-2.5954,0.4122,-0.0916,43.12,On Surface
235900,0.0120,9.9048,1.4102,-2.5344,0.3359,-0.0153,43.26,On Surface
235950,-0.0192,9.9144,1.4174,-2.1679,0.6565,-0.0763,43.12,On Surface
236000,0.0024,9.9000,1.3551,-2.5954,0.6565,-0.2595,43.26,On Surface
236050,-0.0455,9.9192,1.3743,-2.2748,0.5344,0.0916,42.93,On Surface
236100,-0.0192,9.9718,1.4030,-2.3664,0.6565,-0.3664,43.26,On Surface
236150,-0.0215,9.9096,1.3886,-2.4275,0.4580,-0.3969,43.12,On Surface
236200,-0.0215,9.9311,1.4078,-2.5649,0.4885,-0.0611,42.79,On Surface
236250,0.0048,9.9407,1.4485,-2.3206,0.5038,0.0153,43.26,On Surface
236300,0.0287,9.9288,1.3479,-2.5649,0.4580,-0.1221,43.02,On Surface
236350,0.0096,9.8857,1.4509,-2.2137,0.5038,0.0305,43.17,On Surface
236400,0.0168,9.9359,1.4533,-2.3206,0.3969,-0.0153,43.12,On Surface
236450,-0.0168,9.9072,1.3599,-2.4427,0.3969,-0.1221,42.98,On Surface
236500,-0.0024,9.9288,1.3599,-2.6260,0.5649,-0.2901,42.93,On Surface
236550,0.0048,9.8928,1.4078,-2.3969,0.5038,-0.3359,43.02,On Surface
236600,-0.0431,9.9431,1.3982,-2.4427,0.3511,-0.1985,42.93,On Surface
236650,-0.0192,9.9144,1.3575,-2.4122,0.3664,-0.1069,42.93,On Surface
236700,-0.0144,9.8881,1.3743,-2.4885,0.4122,0.0153,42.93,On Surface
236750,-0.0455,9.9383,1.4222,-2.3511,0.4122,-0.2901,43.31,On Surface
236800,0.0048,9.9024,1.3791,-2.3817,0.5649,-0.1374,42.84,On Surface
236850,-0.0144,9.9407,1.4126,-2.4733,0.7634,-0.2443,43.02,On Surface
236900,-0.0144,9.9383,1.4126,-2.3206,0.1374,0.0611,43.31,On Surface
236950,-0.0622,9.9742,1.3743,-2.2290,0.5038,0.1832,43.02,On Surface
237000,-0.0359,9.8952,1.3599,-2.5344,0.2443,-0.1374,43.12,On Surface
237050,-0.0024,9.9048,1.3958,-2.5649,0.3359,-0.1527,42.98,On Surface
237100,0.0000,9.9551,1.3791,-2.6260,0.4733,0.1221,42.93,On Surface
237150,-0.0599,9.9383,1.3312,-2.2901,0.5344,-0.3359,43.02,On Surface
237200,-0.0239,9.9048,1.3671,-2.6260,0.5344,-0.0763,43.12,On Surface
237250,0.0239,9.9455,1.4676,-2.2901,0.4275,-0.3359,43.02,On Surface
237300,-0.0287,9.9168,1.3862,-2.2748,0.2137,0.0458,43.31,On Surface
237350,-0.0335,9.9479,1.4222,-2.3206,0.3359,-0.1221,42.98,On Surface
237400,0.0120,9.8809,1.4557,-2.5344,0.7481,0.0305,43.31,On Surface
237450,-0.0024,9.9048,1.3575,-2.2137,0.3664,0.1374,42.79,On Surface
237500,-0.0144,9.9311,1.3958,-2.4122,0.4275,-0.2290,43.02,On Surface
237550,-0.0503,9.9359,1.3743,-2.4733,0.5191,-0.0305,43.12,On Surface
237600,-0.0479,9.9383,1.3479,-2.3511,0.3664,-0.1221,42.98,On Surface
237650,-0.0168,9.9168,1.3360,-2.2748,0.6107,-0.0763,42.93,On Surface
237700,-0.0335,9.9096,1.4341,-2.2290,0.4427,-0.1832,43.12,On Surface
237750,-0.0168,9.9407,1.3838,-2.3969,0.2443,-0.0763,42.98,On Surface
237800,0.0024,9.8928,1.4006,-2.2443,0.5496,-0.1374,42.98,On Surface
237850,0.0000,9.9192,1.4748,-2.3969,0.1679,-0.0458,42.93,On Surface
237900,-0.0048,9.9359,1.3934,-2.5496,0.7939,-0.1221,43.12,On Surface
237950,-0.0479,9.9024,1.4174,-2.2901,0.5649,-0.1221,42.93,On Surface
238000,-0.0120,9.9455,1.4030,-2.4580,0.2901,0.0000,43.26,On Surface
238050,-0.0024,9.9766,1.4102,-2.4122,0.5954,0.1069,42.93,On Surface
238100,-0.0335,9.9024,1.3958,-2.2290,0.4275,-0.1985,43.02,On Surface
238150,-0.0431,9.9479,1.4557,-2.0916,0.3969,-0.1069,43.26,On Surface
238200,-0.0263,9.8833,1.3527,-2.2901,0.0305,-0.1679,43.26,On Surface
238250,0.0072,9.9024,1.3767,-2.2137,0.4275,-0.1374,43.12,On Surface
238300,-0.0479,9.9407,1.4222,-2.1374,0.6260,-0.1832,43.26,On Surface
238350,-0.0407,9.9024,1.4126,-2.3206,0.1221,-0.1069,43.02,On Surface
238400,0.0311,9.8904,1.3910,-2.3817,0.5191,0.0611,42.79,On Surface
238450,-0.0192,9.9072,1.3719,-2.5344,0.5954,-0.0305,42.93,On Surface
238500,-0.0024,9.9599,1.3791,-2.2595,0.5496,-0.3359,43.17,On Surface
238550,0.0120,9.9240,1.3575,-2.4427,0.6565,0.0000,42.98,On Surface
238600,-0.0215,9.9455,1.4222,-2.3359,0.6412,-0.1832,42.79,On Surface
238650,0.0000,9.9264,1.4413,-2.2443,0.5802,-0.1985,43.31,On Surface
238700,-0.0215,9.9120,1.4030,-2.2290,0.3817,-0.1679,43.12,On Surface
238750,0.0359,9.9216,1.4581,-2.3206,0.5802,-0.1527,43.17,On Surface
238800,0.0168,9.9623,1.3838,-2.3053,0.4733,0.0000,43.12,On Surface
238850,-0.0407,9.9575,1.3982,-2.5649,0.2595,0.0305,43.35,On Surface
238900,-0.0192,9.9311,1.3384,-2.3969,0.5649,-0.1679,43.17,On Surface
238950,-0.0646,9.9168,1.3527,-2.4122,0.2595,-0.2595,42.79,On Surface
239000,-0.0359,9.9264,1.4222,-2.4580,0.3511,-0.1985,43.17,On Surface
239050,-0.0431,9.9311,1.3360,-2.4733,0.7176,-0.1069,43.12,On Surface
239100,-0.0144,9.8952,1.3455,-2.0763,0.5038,-0.2595,43.26,On Surface
239150,0.0096,9.9048,1.3815,-2.2748,0.4122,-0.1069,43.02,On Surface
239200,-0.0383,9.9288,1.4126,-2.4427,0.5344,-0.1069,43.26,On Surface
239250,-0.0311,9.9168,1.4700,-2.4885,0.3664,-0.1832,42.93,On Surface
239300,0.0215,9.8785,1.3767,-2.7328,0.4733,-0.3817,42.93,On Surface
239350,-0.0311,9.9192,1.3910,-2.4733,0.4580,-0.0763,43.26,On Surface
239400,-0.0096,9.9527,1.3910,-2.4580,0.4427,-0.3206,42.93,On Surface
239450,-0.0192,9.9407,1.4006,-2.3359,0.5191,-0.1374,42.98,On Surface
239500,-0.0239,9.9024,1.3144,-2.3817,0.6260,-0.2137,42.98,On Surface
239550,-0.0144,9.9264,1.3671,-2.4580,0.4733,-0.0458,43.35,On Surface
239600,0.0096,9.9359,1.4365,-2.1374,0.2443,-0.1374,43.02,On Surface
239650,-0.0096,9.9192,1.3719,-2.3206,0.3359,-0.1832,42.93,On Surface
239700,-0.0287,9.8928,1.4222,-2.3053,0.6565,-0.1679,43.12,On Surface
239750,0.0287,9.9264,1.3312,-2.4580,0.5802,-0.1985,42.93,On Surface
239800,-0.0048,9.8641,1.4222,-2.5191,0.6565,-0.0763,43.31,On Surface
239850,-0.0144,9.8904,1.3455,-2.6260,0.5496,-0.3664,43.02,On Surface
239900,-0.0455,9.9359,1.4269,-2.3359,0.4275,0.0305,43.12,On Surface
239950,-0.0575,9.9192,1.3743,-2.4275,0.7481,-0.3817,42.65,On Surface
240000,0.0000,9.8976,1.4078,-2.5649,0.3053,-0.0916,43.17,On Surface
240050,-0.0407,9.9742,1.4054,-2.3359,0.4733,-0.0611,43.26,On Surface
240100,-0.0407,9.9096,1.4078,-2.4733,0.4122,-0.2748,43.02,On Surface
240150,-0.0311,9.9072,1.4509,-2.4580,0.3053,-0.2901,43.17,On Surface
240200,0.0239,9.8857,1.3862,-2.3969,0.6870,0.0916,43.26,On Surface
240250,-0.0072,9.9216,1.3982,-2.1374,0.4580,0.0916,43.02,On Surface
240300,-0.0144,9.9311,1.4054,-2.4580,0.4427,-0.0611,42.93,On Surface
240350,-0.0335,9.9551,1.3647,-2.1985,0.6718,-0.0153,42.98,On Surface
240400,-0.0144,9.9503,1.3671,-2.3969,0.7023,-0.4275,42.93,On Surface
240450,-0.0551,9.9551,1.3958,-2.5038,0.6565,-0.0763,43.02,On Surface
240500,-0.0599,9.9407,1.3982,-2.5038,0.3969,-0.0763,43.35,On Surface
240550,-0.0335,9.9455,1.3647,-2.2901,0.5344,-0.2290,43.02,On Surface
240600,-0.0263,9.9120,1.3623,-2.2901,0.3664,-0.1221,42.98,On Surface
240650,-0.0168,9.8904,1.4245,-2.1985,0.4122,-0.2748,43.02,On Surface
240700,-0.0407,9.9048,1.3455,-2.4580,0.5038,-0.2290,42.98,On Surface
240750,-0.0383,9.8857,1.4581,-2.3511,0.5038,-0.0458,42.93,On Surface
240800,-0.0096,9.9216,1.3886,-2.3053,0.6260,-0.1221,43.26,On Surface
240850,0.0048,9.9096,1.3934,-2.5802,0.4733,0.0458,43.26,On Surface
240900,-0.0527,9.9311,1.4078,-2.4427,0.6107,0.0000,43.17,On Surface
240950,-0.0096,9.9359,1.3934,-2.2901,0.7176,-0.2443,42.98,On Surface
241000,-0.0287,9.8928,1.3862,-2.2748,0.4733,-0.1527,42.98,On Surface
241050,-0.0575,9.9192,1.3479,-2.1985,0.4580,-0.1374,42.98,On Surface
241100,-0.0790,9.9431,1.4150,-2.2748,0.4580,0.0763,43.02,On Surface
241150,0.0000,9.9407,1.3958,-2.1679,0.3511,0.0305,43.12,On Surface
241200,-0.0120,9.9120,1.4150,-2.2443,0.3053,0.1221,42.93,On Surface
241250,-0.0048,9.9359,1.4772,-2.2595,0.5038,-0.1527,42.98,On Surface
241300,-0.0335,9.9096,1.4030,-2.3817,0.1985,-0.1832,43.17,On Surface
241350,-0.0144,9.8952,1.3815,-2.4122,0.2748,-0.1985,43.12,On Surface
241400,-0.0599,9.9072,1.3551,-2.4580,0.4580,-0.2290,42.93,On Surface
241450,-0.0072,9.9575,1.3815,-2.4275,0.6412,0.0458,43.02,On Surface
241500,-0.0407,9.9599,1.3719,-2.5191,0.5038,0.1527,43.17,On Surface
241550,-0.0407,9.9479,1.4030,-2.2748,0.5191,0.0153,42.93,On Surface
241600,-0.0144,9.9551,1.3719,-2.0763,0.4580,-0.0763,42.98,On Surface
241650,-0.0096,9.9120,1.4317,-2.2290,0.6260,-0.3664,42.98,On Surface
241700,0.0048,9.9407,1.4054,-2.3053,0.1374,0.2290,43.26,On Surface
241750,-0.0048,9.9288,1.3815,-2.3969,0.3817,0.0916,42.93,On Surface
241800,-0.0287,9.9072,1.4629,-2.4275,0.3664,-0.2901,42.98,On Surface
241850,0.0072,9.9024,1.3551,-2.4580,0.7481,-0.1221,42.79,On Surface
241900,-0.0431,9.9240,1.3695,-2.4733,0.2595,0.0153,43.31,On Surface
241950,-0.0622,9.9623,1.3120,-2.4275,0.4885,-0.0763,43.26,On Surface
242000,-0.0120,9.9192,1.3815,-2.3511,0.4275,0.0916,42.93,On Surface
242050,0.0000,9.9072,1.3671,-2.3817,0.5038,-0.3969,43.26,On Surface
242100,-0.0407,9.9407,1.4341,-2.1069,0.5649,0.1221,43.17,On Surface
242150,-0.0096,9.9192,1.3958,-2.1679,0.4885,-0.4427,43.26,On Surface
242200,-0.0407,9.8928,1.3838,-2.5649,0.3969,-0.2443,43.35,On Surface
242250,0.0431,9.9144,1.3575,-2.3817,0.5038,0.1985,42.93,On Surface
242300,-0.0455,9.8952,1.3623,-2.5191,0.4427,-0.1221,43.12,On Surface
242350,-0.0311,9.9335,1.4796,-2.3359,0.4580,-0.1679,43.12,On Surface
242400,-0.0168,9.9240,1.3599,-2.4733,0.1374,-0.0763,43.02,On Surface
242450,-0.0048,9.9455,1.4126,-2.4427,0.7023,-0.3053,43.26,On Surface
242500,-0.0263,9.9383,1.3599,-2.5496,0.6107,-0.3511,43.02,On Surface
242550,-0.0215,9.9359,1.4222,-2.4580,0.5344,0.0458,42.98,On Surface
242600,-0.0144,9.9000,1.3671,-2.3664,0.4885,-0.2901,43.02,On Surface
242650,-0.0144,9.9431,1.4174,-2.5038,0.2901,-0.0763,42.93,On Surface
242700,0.0215,9.9048,1.3886,-2.5802,0.4275,-0.1527,43.02,On Surface
242750,-0.0144,9.9288,1.4222,-2.3206,0.2595,-0.1069,42.74,On Surface
242800,0.0144,9.8928,1.4102,-2.5344,0.2137,0.2137,42.98,On Surface
242850,-0.0072,9.9288,1.3791,-2.5038,0.4885,-0.1832,43.26,On Surface
242900,0.0192,9.9527,1.3623,-2.5038,0.7634,0.0611,42.79,On Surface
242950,0.0287,9.9168,1.3982,-2.5038,0.2137,-0.3511,42.98,On Surface
243000,-0.0431,9.8976,1.4269,-2.4885,0.6718,0.0763,42.79,On Surface
243050,0.0168,9.9455,1.3671,-2.3511,0.6260,-0.1069,42.98,On Surface
243100,-0.0192,9.9096,1.4317,-2.3053,0.3969,-0.1832,43.02,On Surface
243150,-0.0096,9.9407,1.4222,-2.4427,0.7023,-0.1374,42.93,On Surface
243200,-0.0263,9.9407,1.3695,-2.4122,0.3359,-0.2748,43.12,On Surface
243250,-0.0479,9.9527,1.3503,-2.4733,0.4122,-0.0916,43.35,On Surface
243300,-0.0144,9.8952,1.3384,-2.5191,0.7328,-0.1985,43.12,On Surface
243350,-0.0144,9.9048,1.3982,-2.3969,0.6565,-0.1832,42.84,On Surface
243400,-0.0263,9.9120,1.3910,-2.2290,0.4885,-0.0916,42.93,On Surface
243450,-0.0239,9.9288,1.4269,-2.4580,0.4122,-0.2137,43.12,On Surface
243500,0.0072,9.8952,1.3958,-2.3664,0.2595,-0.1985,43.17,On Surface
243550,0.0144,9.9264,1.3910,-2.5649,0.1069,-0.0305,43.12,On Surface
243600,-0.0263,9.8809,1.3958,-2.4885,0.4427,-0.1832,43.17,On Surface
243650,-0.0144,9.9192,1.3599,-2.3053,0.7023,-0.3206,43.35,On Surface
243700,0.0024,9.9144,1.3695,-2.4733,0.7481,-0.1374,43.02,On Surface
243750,-0.0455,9.9240,1.4126,-2.4733,0.6718,-0.4885,42.93,On Surface
243800,-0.0383,9.9527,1.4006,-2.5649,0.4275,-0.1985,42.98,On Surface
243850,-0.0383,9.9575,1.3719,-2.1985,0.4580,-0.2748,42.93,On Surface
243900,-0.0670,9.8713,1.4006,-2.5649,0.5649,-0.1679,42.98,On Surface
243950,-0.0407,9.8857,1.3192,-2.3206,0.5496,-0.0153,42.98,On Surface
244000,-0.0263,9.8928,1.3934,-2.5344,0.5344,-0.2443,42.98,On Surface
244050,-0.0838,9.9718,1.4198,-2.5038,0.1679,-0.1832,43.26,On Surface
244100,-0.0383,9.9048,1.3647,-2.3359,0.5496,0.0611,42.93,On Surface
244150,-0.0072,9.9311,1.3336,-2.4580,0.5649,0.0000,43.12,On Surface
244200,-0.0168,9.9168,1.4030,-2.4122,0.4885,-0.0458,42.93,On Surface
244250,0.0000,9.9168,1.3384,-2.2748,0.5954,-0.2443,43.17,On Surface
244300,-0.0192,9.9216,1.3767,-2.5191,0.6870,-0.2748,43.17,On Surface
244350,-0.0168,9.9311,1.3767,-2.2748,0.5038,-0.5649,42.98,On Surface
244400,-0.0192,9.8833,1.3360,-2.2595,0.4733,0.1069,42.98,On Surface
244450,-0.0383,9.9288,1.3623,-1.9847,0.2137,0.3817,43.12,On Surface
244500,-0.0192,9.9455,1.4341,-2.3359,0.2901,-0.2443,43.17,On Surface
244550,-0.0407,9.9503,1.4102,-2.3206,0.6107,-0.1221,42.98,On Surface
244600,-0.0263,9.9551,1.4389,-2.5344,0.4427,-0.1985,42.98,On Surface
244650,-0.0096,9.9479,1.3910,-2.2901,0.6718,-0.1221,43.31,On Surface
244700,-0.0263,9.9120,1.4150,-2.3359,0.4275,0.1679,43.31,On Surface
244750,-0.0072,9.9192,1.3910,-2.1832,0.3511,0.0611,43.02,On Surface
244800,-0.0024,9.9048,1.3551,-2.2443,0.3053,0.0763,42.98,On Surface
244850,0.0120,9.9623,1.3838,-2.3206,0.3664,-0.0153,43.02,On Surface
244900,-0.0263,9.9192,1.3838,-2.5344,0.5649,-0.0305,43.26,On Surface
244950,-0.0599,9.9455,1.3934,-2.2901,0.2443,0.0611,43.12,On Surface
245000,-0.0215,9.9240,1.4485,-2.0763,0.4275,-0.0611,43.31,On Surface
245050,-0.0263,9.9288,1.3120,-2.2595,0.4885,0.1832,42.98,On Surface
245100,0.0144,9.9623,1.4365,-2.5038,0.8092,-0.1221,42.84,On Surface
245150,-0.0144,9.9240,1.4030,-2.2137,0.4427,0.0000,43.12,On Surface
245200,-0.0239,9.9311,1.3910,-2.3053,0.5038,0.0000,43.26,On Surface
245250,-0.0551,9.9311,1.4389,-2.0305,0.5344,-0.2595,42.98,On Surface
245300,-0.0192,9.9120,1.3791,-2.4122,0.3359,-0.1832,43.02,On Surface
245350,-0.0311,9.9144,1.4150,-2.3359,0.2290,-0.0611,42.98,On Surface
245400,-0.0144,9.9431,1.3886,-2.5191,0.0458,-0.3053,42.93,On Surface
245450,0.0096,9.9407,1.3599,-2.1832,0.3511,-0.1679,43.17,On Surface
245500,-0.0263,9.9288,1.4653,-2.3359,0.4122,-0.1679,42.93,On Surface
245550,-0.0096,9.9288,1.4437,-2.4733,0.6870,-0.1679,42.74,On Surface
245600,-0.0407,9.9264,1.4150,-1.9695,0.1527,-0.0916,43.12,On Surface
245650,-0.0024,9.9048,1.4317,-2.5191,0.3206,0.0000,42.98,On Surface
245700,0.0168,9.9168,1.3838,-2.1832,0.3206,-0.2443,43.12,On Surface
245750,-0.0144,9.9288,1.3838,-2.2443,0.4885,-0.1374,43.12,On Surface
245800,0.0503,9.9024,1.3312,-2.4427,0.7634,-0.2290,43.17,On Surface
245850,0.0000,9.9335,1.4365,-2.3969,0.5496,-0.1374,43.12,On Surface
245900,-0.0215,9.9072,1.4245,-2.5038,0.4580,0.0000,43.12,On Surface
245950,0.0120,9.8976,1.3527,-2.4885,0.5649,-0.3664,42.93,On Surface
246000,-0.0263,9.9599,1.4174,-2.3817,0.5649,-0.4275,42.79,On Surface
246050,-0.0120,9.9288,1.3599,-2.4275,0.5649,-0.2595,43.17,On Surface
246100,0.0192,9.9647,1.3767,-2.7023,0.3817,-0.1221,43.02,On Surface
246150,-0.0239,9.9120,1.3886,-2.4275,0.6870,0.0000,43.17,On Surface
246200,-0.0048,9.9335,1.4198,-2.4733,0.4580,-0.1679,42.98,On Surface
246250,0.0431,9.9575,1.4102,-2.6718,0.1221,-0.3969,42.98,On Surface
246300,-0.0168,9.9168,1.3886,-2.5496,0.4427,-0.0611,42.93,On Surface
246350,-0.0144,9.8904,1.3958,-2.5802,0.5649,-0.0916,42.93,On Surface
246400,-0.0120,9.9359,1.4629,-2.3359,0.6260,-0.2595,43.02,On Surface
246450,-0.0239,9.9359,1.4030,-2.5191,0.4427,-0.1527,42.93,On Surface
246500,0.0359,9.9288,1.3767,-2.4275,0.7328,-0.1832,43.31,On Surface
246550,-0.0359,9.9288,1.4269,-2.4885,0.4427,-0.0763,42.98,On Surface
246600,-0.0263,9.9168,1.3815,-2.6870,0.2137,-0.0305,43.12,On Surface
246650,-0.0144,9.9264,1.3336,-2.4122,0.5954,-0.1374,43.17,On Surface
246700,-0.0239,9.9503,1.3958,-2.5802,0.3359,-0.3053,42.98,On Surface
246750,0.0048,9.9072,1.2785,-2.3206,0.5802,-0.0153,42.98,On Surface
246800,0.0192,9.9072,1.3408,-2.4580,0.5954,-0.2595,42.98,On Surface
246850,-0.0407,9.9311,1.4126,-2.4275,0.2901,0.0000,43.26,On Surface
246900,-0.0359,9.9383,1.3767,-2.6107,0.6412,-0.1069,42.84,On Surface
246950,-0.0072,9.9431,1.3838,-2.2290,0.5038,-0.1679,43.17,On Surface
247000,0.0024,9.9431,1.3838,-2.4122,0.5649,-0.2290,43.12,On Surface
247050,0.0024,9.9072,1.4078,-2.3664,0.3511,-0.2290,43.12,On Surface
247100,-0.0192,9.9288,1.3384,-2.3053,0.4580,0.0000,42.98,On Surface
247150,-0.0192,9.9527,1.4389,-2.5802,0.4122,-0.1221,42.79,On Surface
247200,-0.0168,9.9575,1.4102,-2.5038,0.4733,-0.0458,43.26,On Surface
247250,-0.0575,9.9024,1.4174,-2.2748,0.6107,-0.4733,42.98,On Surface
247300,-0.0192,9.9311,1.3982,-2.4580,0.3969,-0.0611,43.02,On Surface
247350,-0.0215,9.9096,1.4126,-2.3969,0.2748,0.0000,42.79,On Surface
247400,-0.0215,9.9048,1.4198,-2.3206,0.3969,-0.1221,42.93,On Surface
247450,-0.0599,9.9503,1.4150,-2.4580,0.3511,-0.1679,42.93,On Surface
247500,-0.0407,9.8904,1.3623,-2.6718,0.2137,0.0153,42.84,On Surface
247550,-0.0431,9.9096,1.3719,-2.4580,0.5954,0.0153,43.02,On Surface
247600,-0.0862,9.9048,1.3527,-2.3053,0.5802,-0.2290,43.17,On Surface
247650,-0.0168,9.9479,1.4245,-2.3969,0.7176,-0.1527,43.12,On Surface
247700,-0.0120,9.9048,1.3886,-2.1527,0.5038,0.0611,43.12,On Surface
247750,0.0000,9.9072,1.3767,-2.3053,0.3206,-0.1679,42.93,On Surface
247800,-0.0144,9.9240,1.3934,-2.4427,0.2901,0.1221,43.02,On Surface
247850,-0.0383,9.9264,1.4437,-2.4275,0.3206,-0.1374,42.79,On Surface
247900,-0.0168,9.9647,1.3958,-2.1527,0.4275,-0.1221,43.17,On Surface
247950,-0.0072,9.9240,1.3455,-2.4885,0.4885,-0.1221,42.98,On Surface
248000,-0.0287,9.9216,1.4341,-2.3206,0.5191,-0.0763,42.98,On Surface
248050,-0.0311,9.9048,1.3527,-2.3206,0.2443,-0.0305,43.35,On Surface
248100,-0.0622,9.9311,1.3910,-2.3206,0.3359,-0.3053,42.98,On Surface
248150,0.0120,9.9479,1.3934,-2.2748,0.4885,0.0458,43.02,On Surface
248200,-0.0072,9.9192,1.3743,-2.4122,0.5038,-0.1374,43.02,On Surface
248250,-0.0192,9.9240,1.3671,-2.2595,0.5344,0.1221,42.93,On Surface
248300,-0.0790,9.9551,1.3982,-2.2443,0.6107,0.0458,42.93,On Surface
248350,-0.0311,9.9455,1.3910,-2.1985,0.6565,-0.0916,43.02,On Surface
248400,-0.0192,9.8665,1.3216,-2.3053,0.3664,0.0916,42.98,On Surface
248450,-0.0024,9.8952,1.4174,-2.3359,0.3511,-0.2137,43.35,On Surface
248500,-0.0359,9.9120,1.4365,-2.3053,0.4733,-0.0763,42.93,On Surface
248550,-0.0120,9.9000,1.4581,-2.5344,0.3053,-0.2443,43.31,On Surface
248600,-0.0359,9.9024,1.4006,-2.3969,0.6260,-0.1374,42.98,On Surface
248650,-0.0359,9.9383,1.4102,-2.4122,0.3664,-0.0458,42.93,On Surface
248700,-0.0479,9.9359,1.4485,-2.4122,0.6107,-0.1679,43.17,On Surface
248750,0.0120,9.9120,1.3695,-2.2901,0.5344,-0.1832,43.02,On Surface
248800,0.0168,9.8785,1.3599,-2.3969,0.3664,-0.0763,43.17,On Surface
248850,0.0263,9.9120,1.4389,-2.5038,0.6107,-0.2137,43.02,On Surface
248900,-0.0263,9.9264,1.3862,-2.5191,0.4885,0.0611,42.79,On Surface
248950,-0.0383,9.9264,1.3862,-1.9389,0.3969,-0.2443,42.79,On Surface
249000,0.0048,9.9144,1.3886,-2.5191,0.6718,-0.0305,43.02,On Surface
249050,-0.0120,9.9311,1.3838,-2.2137,0.5344,-0.2137,43.12,On Surface
249100,-0.0599,9.9288,1.4245,-2.2901,0.5954,-0.1069,43.26,On Surface
249150,0.0072,9.9024,1.3575,-2.2137,0.5191,-0.2748,42.98,On Surface
249200,-0.0072,9.9120,1.4245,-2.3664,0.7328,-0.1527,43.02,On Surface
249250,0.0120,9.9168,1.4150,-2.4275,0.4427,-0.2137,43.12,On Surface
249300,-0.0311,9.9383,1.4245,-2.2443,0.5038,-0.0763,42.98,On Surface
249350,0.0239,9.9407,1.4317,-2.3817,0.5802,-0.3053,42.98,On Surface
249400,0.0024,9.9096,1.3910,-2.4427,0.4733,-0.1221,42.93,On Surface
249450,-0.0144,9.9311,1.3575,-2.4733,0.6412,-0.1527,43.12,On Surface
249500,0.0048,9.9407,1.3336,-2.5954,0.5038,0.1374,43.02,On Surface
249550,-0.0096,9.9168,1.4126,-2.4885,0.5038,-0.1679,42.98,On Surface
249600,0.0000,9.8952,1.4461,-2.3359,0.5496,0.1527,42.79,On Surface
249650,-0.0192,9.9120,1.3671,-2.4122,0.5344,-0.0458,43.12,On Surface
249700,-0.0431,9.9024,1.4509,-2.3817,0.5344,-0.1679,42.98,On Surface
249750,-0.0359,9.9120,1.3767,-2.5344,0.4275,0.0153,43.12,On Surface
249800,-0.0096,9.9048,1.3575,-2.4885,0.6412,-0.2137,43.02,On Surface
249850,0.0048,9.9120,1.4078,-2.5191,0.7939,-0.0763,43.31,On Surface
249900,0.0120,9.8833,1.3958,-2.2901,0.5191,-0.3206,42.79,On Surface
249950,0.0000,9.8713,1.3934,-2.5802,0.4122,-0.1679,43.02,On Surface
250000,-0.0527,9.9000,1.4150,-2.5496,0.4580,-0.1221,43.02,On Surface
250050,-0.0144,9.9072,1.3719,-2.3817,0.6260,-0.1679,42.84,On Surface
250100,-0.0431,9.9072,1.3838,-2.3817,0.6718,-0.0916,42.98,On Surface
250150,-0.0311,9.9311,1.4245,-2.5038,0.5344,-0.1374,43.12,On Surface
250200,-0.0215,9.9431,1.3838,-2.3053,0.4427,-0.2595,42.98,On Surface
250250,-0.0192,9.9383,1.4605,-2.3664,0.6412,0.0763,42.93,On Surface
250300,0.0192,9.8928,1.3767,-2.7786,0.5344,-0.2290,42.98,On Surface
250350,0.0144,9.8976,1.3575,-2.5191,0.6412,-0.1985,42.93,On Surface
250400,-0.0120,9.9479,1.3431,-2.5344,0.5038,-0.0458,43.35,On Surface
250450,-0.0144,9.9359,1.4054,-2.6107,0.1985,-0.1069,43.02,On Surface
250500,-0.0359,9.8952,1.4174,-2.4275,0.6260,-0.1527,43.26,On Surface
250550,-0.0359,9.9311,1.3312,-2.3053,0.6412,-0.3359,42.98,On Surface
250600,-0.0263,9.9455,1.3862,-2.3664,0.4275,-0.3817,42.93,On Surface
250650,-0.0287,9.9311,1.3958,-2.0305,0.4580,-0.2137,43.12,On Surface
250700,0.0168,9.8976,1.3647,-2.3817,0.5496,-0.1832,42.93,On Surface
250750,-0.0287,9.9264,1.4054,-2.5038,0.4275,0.1069,42.93,On Surface
250800,-0.0192,9.9048,1.4102,-2.3969,0.4885,-0.1679,43.02,On Surface
250850,-0.0383,9.9264,1.3838,-2.4275,0.6565,-0.0611,43.12,On Surface
250900,-0.0287,9.9479,1.3910,-2.4733,0.3053,-0.0611,43.17,On Surface
250950,-0.0407,9.9168,1.3719,-2.2443,0.4122,-0.1221,42.93,On Surface
251000,-0.0359,9.9479,1.4078,-2.2443,0.5954,-0.1985,43.17,On Surface
251050,0.0048,9.9311,1.3838,-2.2137,0.6260,-0.2595,43.02,On Surface
251100,-0.0455,9.9072,1.3551,-2.0763,0.6412,-0.0916,42.98,On Surface
251150,0.0096,9.9264,1.4581,-2.1985,0.4122,-0.3969,43.02,On Surface
251200,-0.0359,9.9072,1.3479,-2.5496,0.2748,-0.1374,42.79,On Surface
251250,-0.0431,9.9455,1.3479,-2.3511,0.2137,-0.1527,43.26,On Surface
251300,-0.0431,9.9671,1.4102,-2.1832,0.5954,0.0000,43.26,On Surface
251350,0.0000,9.9311,1.3599,-2.2901,0.5954,-0.3511,43.02,On Surface
251400,-0.0383,9.9120,1.3934,-2.3511,0.7023,-0.3206,43.12,On Surface
251450,-0.0072,9.9144,1.4102,-2.3664,0.2443,-0.1069,43.12,On Surface
251500,-0.0311,9.9096,1.4198,-2.1832,0.6107,0.0000,43.02,On Surface
251550,0.0000,9.9216,1.4126,-2.1985,0.5344,-0.1221,43.02,On Surface
251600,0.0120,9.8976,1.4437,-2.3511,0.1832,-0.0916,42.79,On Surface
251650,0.0144,9.9335,1.3384,-2.2290,0.4885,-0.0611,43.02,On Surface
251700,-0.0263,9.9240,1.3695,-2.3817,0.4885,-0.1679,42.79,On Surface
251750,-0.0551,9.9479,1.3623,-2.2443,0.2901,0.1527,43.17,On Surface
251800,-0.0455,9.9407,1.4653,-2.4122,0.5191,-0.0305,43.02,On Surface
251850,-0.0407,9.9551,1.3575,-2.2443,0.1832,-0.1374,42.93,On Surface
251900,-0.0431,9.9335,1.4174,-2.2443,0.3053,-0.2290,43.02,On Surface
251950,-0.0144,9.9359,1.4126,-2.3359,0.5649,0.2290,42.98,On Surface
252000,-0.0024,9.9144,1.3767,-2.2290,0.5802,-0.1069,43.12,On Surface
252050,-0.0072,9.9288,1.4198,-2.3359,0.4580,-0.0153,42.79,On Surface
252100,0.0024,9.9431,1.3743,-2.6260,0.3817,0.1832,43.02,On Surface
252150,-0.0192,9.9288,1.4054,-2.5344,0.6565,-0.0916,42.98,On Surface
252200,-0.0575,9.9766,1.3623,-2.2137,0.6260,-0.1069,43.02,On Surface
252250,-0.0215,9.8904,1.3575,-2.2748,0.2443,-0.1374,42.93,On Surface
252300,-0.0048,9.9383,1.3838,-2.2290,0.6107,-0.0305,42.79,On Surface
252350,0.0096,9.9072,1.3408,-2.2595,0.4122,0.1374,43.17,On Surface
252400,-0.0192,9.9335,1.4222,-2.3664,0.3664,0.0611,43.26,On Surface
252450,-0.0168,9.9048,1.3982,-2.2901,0.3511,-0.2290,42.93,On Surface
252500,-0.0263,9.9240,1.3934,-2.3206,0.3664,-0.1069,43.17,On Surface
252550,0.0144,9.9192,1.3982,-2.0000,0.6412,-0.0916,42.79,On Surface
252600,-0.0120,9.9431,1.3743,-2.4427,0.8092,-0.4885,43.12,On Surface
252650,-0.0096,9.9288,1.3767,-2.3359,0.4122,-0.3053,43.02,On Surface
252700,-0.0263,9.9240,1.3815,-1.8779,0.5496,0.1985,43.12,On Surface
252750,-0.0024,9.9216,1.3647,-2.5954,0.7023,0.0763,42.93,On Surface
252800,0.0096,9.8833,1.3743,-2.4580,0.4275,-0.0916,43.26,On Surface
252850,-0.0072,9.9144,1.4102,-2.3511,0.4733,0.1679,43.17,On Surface
252900,-0.0239,9.8857,1.3743,-2.2137,0.5954,0.0153,42.98,On Surface
252950,0.0024,9.8881,1.4437,-2.3817,0.5344,0.2443,42.98,On Surface
253000,0.0215,9.9503,1.3647,-2.3969,0.7328,-0.0916,43.26,On Surface
253050,0.0144,9.9359,1.3623,-2.3969,0.6412,-0.2290,43.12,On Surface
253100,0.0479,9.9288,1.4150,-2.7023,0.4580,-0.2443,42.98,On Surface
253150,-0.0263,9.9455,1.3982,-2.1832,0.5954,-0.3206,42.93,On Surface
253200,0.0000,9.9407,1.3886,-2.3053,0.6565,-0.3511,43.02,On Surface
253250,0.0120,9.9168,1.4054,-2.5649,0.6565,-0.4733,43.02,On Surface
253300,0.0048,9.9072,1.4078,-2.7634,0.4733,-0.2443,43.02,On Surface
253350,-0.0359,9.8713,1.4078,-2.4885,0.5802,-0.0916,43.35,On Surface
253400,-0.0311,9.8904,1.3671,-2.2137,0.5191,-0.0916,43.26,On Surface
253450,-0.0120,9.9288,1.3910,-2.4885,0.5496,-0.0763,43.12,On Surface
253500,-0.0048,9.9024,1.4222,-2.3969,0.6718,-0.1221,42.74,On Surface
253550,0.0287,9.9527,1.3719,-2.5496,0.4427,-0.1832,43.17,On Surface
253600,-0.0239,9.9311,1.3743,-2.2443,0.5954,-0.4122,42.98,On Surface
253650,-0.0120,9.9623,1.3862,-2.4885,0.5649,-0.2748,42.98,On Surface
253700,-0.0024,9.9216,1.3838,-2.5802,0.4275,-0.1527,42.98,On Surface
253750,0.0168,9.9120,1.4078,-2.2290,0.3664,0.0305,42.93,On Surface
253800,0.0407,9.9024,1.4078,-2.2748,0.1832,-0.0305,43.35,On Surface
253850,-0.0072,9.8378,1.3886,-2.3817,0.4427,-0.0305,42.93,On Surface
253900,-0.0239,9.9383,1.3767,-2.5191,0.6412,-0.2595,42.98,On Surface
253950,0.0479,9.9479,1.4557,-2.5496,0.5496,0.1832,43.31,On Surface
254000,-0.0192,9.9240,1.3815,-2.5038,0.3511,0.0916,43.35,On Surface
254050,-0.0527,9.9838,1.4222,-2.5802,0.5191,-0.1374,43.02,On Surface
254100,-0.0359,9.9479,1.3216,-2.2901,0.4733,-0.1985,42.98,On Surface
254150,-0.0239,9.9288,1.4245,-2.3511,0.5496,-0.2443,43.26,On Surface
254200,-0.0192,9.9240,1.4245,-2.2595,0.3359,-0.0916,42.93,On Surface
254250,0.0072,9.8904,1.4054,-2.4427,0.5649,-0.0916,42.93,On Surface
254300,0.0215,9.9335,1.3958,-2.3969,0.5344,-0.2595,42.79,On Surface
254350,-0.0670,9.9192,1.4269,-2.3969,0.3511,-0.0153,43.02,On Surface
254400,-0.0335,9.9623,1.3767,-2.3511,0.3817,0.0763,43.02,On Surface
254450,-0.0287,9.8928,1.4054,-2.7634,0.5038,-0.1527,42.98,On Surface
254500,-0.0215,9.9431,1.3479,-2.5038,0.6870,-0.1985,42.74,On Surface
254550,-0.0215,9.9288,1.4054,-2.2443,0.5954,-0.2443,42.98,On Surface
254600,-0.0431,9.9551,1.4413,-2.2137,0.1527,-0.2290,43.17,On Surface
254650,-0.0239,9.9359,1.3479,-2.2595,0.6565,-0.1374,43.35,On Surface
254700,-0.0622,9.8976,1.4317,-2.0611,0.3359,-0.2443,42.98,On Surface
254750,0.0072,9.9096,1.4389,-2.2748,0.1985,-0.1221,43.02,On Surface
254800,-0.0168,9.9455,1.4317,-2.2137,0.1679,-0.1832,43.49,On Surface
254850,-0.0263,9.8785,1.3982,-2.4580,0.3053,-0.1221,43.26,On Surface
254900,-0.0168,9.9311,1.4150,-2.4122,0.3664,0.2290,42.79,On Surface
254950,-0.0407,9.9575,1.3958,-2.3664,0.4122,-0.0153,42.93,On Surface
255000,0.0096,9.9168,1.4150,-2.4122,0.4427,-0.4275,43.17,On Surface
255050,-0.0527,9.9264,1.4222,-2.3664,0.5802,-0.1069,42.98,On Surface
255100,-0.0263,9.9120,1.3815,-2.3359,0.3664,0.1527,42.98,On Surface
255150,-0.0192,9.9216,1.3408,-2.3664,0.3053,-0.1374,42.93,On Surface
255200,-0.0192,9.8833,1.4030,-2.2748,0.3817,-0.2901,43.12,On Surface
255250,0.0024,9.9335,1.3862,-2.2748,0.4580,-0.1221,42.98,On Surface
255300,-0.0120,9.9431,1.2857,-2.2748,0.3511,-0.0916,42.79,On Surface
255350,-0.0407,9.9359,1.4653,-2.2901,0.4275,0.0305,42.79,On Surface
255400,-0.0072,9.9048,1.4365,-2.1527,0.4733,-0.4275,43.12,On Surface
255450,-0.0359,9.9479,1.3910,-2.5038,0.6412,-0.0916,42.93,On Surface
255500,-0.0503,9.9407,1.3815,-2.4122,0.6107,-0.0458,42.93,On Surface
255550,-0.0168,9.9551,1.4126,-2.2595,0.2748,-0.3359,43.12,On Surface
255600,-0.0192,9.9647,1.3336,-2.4427,0.4427,0.0763,42.65,On Surface
255650,-0.0479,9.9335,1.3479,-2.3206,0.4427,-0.0153,43.02,On Surface
255700,-0.0168,9.9479,1.3767,-2.3969,0.5496,-0.3206,43.12,On Surface
255750,-0.0503,9.9096,1.4150,-2.5191,0.3664,0.0458,42.93,On Surface
255800,0.0192,9.9551,1.4533,-2.2443,0.3817,-0.2595,42.79,On Surface
255850,0.0000,9.9192,1.3719,-2.4275,0.4275,-0.2137,42.93,On Surface
255900,-0.0383,9.9216,1.4533,-2.3664,0.4122,0.1527,43.02,On Surface
255950,-0.0048,9.9551,1.4509,-2.2290,0.5802,0.0611,43.31,On Surface
256000,-0.0383,9.9359,1.3815,-2.3206,0.5802,0.0153,42.98,On Surface
256050,-0.0239,9.9288,1.3384,-2.4580,0.4427,-0.3969,43.12,On Surface
256100,-0.0287,9.9455,1.3599,-2.2137,0.5344,-0.1985,42.98,On Surface
256150,0.0072,9.9431,1.3982,-2.3206,0.6412,-0.3359,43.02,On Surface
256200,-0.0072,9.9048,1.4198,-2.1221,0.3511,-0.1374,42.98,On Surface
256250,0.0072,9.9311,1.4198,-2.3359,0.5649,0.0153,43.02,On Surface
256300,0.0144,9.8904,1.4341,-2.2748,0.2901,0.0000,43.26,On Surface
256350,0.0239,9.9311,1.4126,-2.3359,0.2748,-0.0611,43.35,On Surface
256400,-0.0239,9.8761,1.3671,-2.3053,0.6412,0.0153,43.12,On Surface
256450,0.0000,9.8761,1.4006,-2.4122,0.6412,0.1679,43.35,On Surface
256500,-0.0120,9.9192,1.3791,-2.1985,0.6565,-0.2748,43.12,On Surface
256550,0.0024,9.9575,1.3312,-2.5038,0.5191,-0.0458,42.98,On Surface
256600,-0.0431,9.9288,1.3743,-2.7328,0.3664,-0.1221,43.17,On Surface
256650,-0.0168,9.9144,1.4222,-2.5344,0.2901,-0.2137,43.02,On Surface
256700,-0.0192,9.9288,1.3958,-2.5344,0.3969,-0.2748,42.79,On Surface
256750,-0.0263,9.9192,1.4317,-2.1832,0.5038,-0.1221,43.17,On Surface
256800,-0.0215,9.9000,1.4030,-2.1221,0.3511,0.0305,42.98,On Surface
256850,-0.0215,9.9551,1.4150,-2.2901,0.4733,0.1985,43.02,On Surface
256900,-0.0455,9.9048,1.3719,-2.5038,0.2595,0.1069,43.17,On Surface
256950,0.0048,9.9431,1.4150,-2.3664,0.3664,-0.2290,43.17,On Surface
257000,-0.0168,9.9072,1.3001,-2.3817,0.6412,-0.1069,42.98,On Surface
257050,-0.0311,9.9311,1.3838,-2.4275,0.7023,0.0153,43.12,On Surface
257100,-0.0407,9.9240,1.4198,-2.5649,0.5954,-0.1832,43.02,On Surface
257150,-0.0239,9.9288,1.3982,-2.3969,0.6565,-0.2443,43.02,On Surface
257200,-0.0024,9.9455,1.3791,-2.4275,0.3511,0.1069,42.98,On Surface
257250,0.0000,9.9527,1.4078,-2.3969,0.6412,-0.2290,43.31,On Surface
257300,-0.0359,9.8904,1.4245,-2.6107,0.5496,-0.1832,42.98,On Surface
257350,-0.0263,9.8689,1.4006,-2.2137,0.4885,0.0153,42.93,On Surface
257400,-0.0096,9.9144,1.4102,-2.3511,0.4580,-0.2443,43.17,On Surface
257450,-0.0168,9.9144,1.4629,-2.4427,0.5038,-0.3053,43.12,On Surface
257500,0.0024,9.9383,1.3910,-2.3053,0.5038,-0.1832,42.93,On Surface
257550,-0.0168,9.9072,1.3743,-2.6260,0.4275,-0.1221,43.26,On Surface
257600,-0.0168,9.9192,1.3551,-2.6718,0.7328,-0.2137,43.02,On Surface
257650,-0.0168,9.9383,1.3886,-2.5496,0.3969,-0.0458,43.12,On Surface
257700,-0.0383,9.9718,1.3384,-2.4275,0.4885,-0.2748,42.98,On Surface
257750,-0.0215,9.9527,1.3910,-2.5344,0.5496,-0.0153,43.26,On Surface
257800,-0.0215,9.9288,1.3886,-2.2290,0.3664,0.0763,43.02,On Surface
257850,-0.0359,9.9527,1.3503,-2.3053,0.6565,-0.0916,43.02,On Surface
257900,0.0263,9.8761,1.3336,-2.4122,0.5496,-0.1527,43.31,On Surface
257950,-0.0072,9.9144,1.4102,-2.4427,0.3969,-0.1985,43.02,On Surface
258000,-0.0335,9.8976,1.4150,-2.4427,0.2748,-0.0611,43.02,On Surface
258050,-0.0263,9.9288,1.3886,-2.3359,0.6565,-0.0305,42.98,On Surface
258100,-0.0431,9.9144,1.3958,-2.4733,0.3969,0.1374,43.31,On Surface
258150,-0.0527,9.9407,1.4437,-2.5344,0.5802,0.0000,42.65,On Surface
258200,0.0096,9.9503,1.3934,-2.3817,0.7939,-0.0458,42.93,On Surface
258250,-0.0599,9.9695,1.3551,-2.3511,0.2443,-0.1221,43.26,On Surface
258300,-0.0479,9.9551,1.3767,-2.0000,0.5191,-0.3817,42.79,On Surface
258350,-0.0287,9.9671,1.4006,-2.2748,0.4122,0.1832,43.02,On Surface
258400,-0.0407,9.9024,1.4820,-2.2443,0.4885,-0.2901,43.17,On Surface
258450,0.0096,9.9096,1.4245,-2.4122,0.4885,-0.2595,43.12,On Surface
258500,-0.0431,9.9144,1.4533,-2.2748,0.4733,0.0153,42.93,On Surface
258550,-0.0024,9.9024,1.4293,-2.3053,0.5038,-0.0153,42.98,On Surface
258600,-0.0096,9.9216,1.3551,-2.2901,0.3817,0.0916,42.98,On Surface
258650,-0.0215,9.9216,1.3982,-2.1527,0.6412,-0.2443,42.79,On Surface
258700,-0.0359,9.9575,1.4030,-2.3511,0.3664,0.0611,43.02,On Surface
258750,-0.0192,9.9288,1.4126,-2.1832,0.5802,-0.1374,43.02,On Surface
258800,0.0120,9.9024,1.3647,-2.3511,0.5496,-0.1679,43.17,On Surface
258850,-0.0215,9.9192,1.4581,-2.4122,0.3969,-0.1069,43.02,On Surface
258900,-0.0287,9.9216,1.4054,-2.1985,0.5496,0.0305,43.12,On Surface
258950,-0.0215,9.9503,1.4605,-2.2901,0.4427,0.0916,43.12,On Surface
259000,-0.0479,9.9359,1.4293,-2.1679,0.5191,-0.0305,42.93,On Surface
259050,-0.0239,9.9383,1.3910,-2.1985,0.4427,-0.1832,43.12,On Surface
259100,-0.0048,9.9718,1.3862,-2.3817,0.6107,-0.2137,42.93,On Surface
259150,-0.0024,9.9168,1.3551,-2.3664,0.6565,-0.0458,42.79,On Surface
259200,-0.0215,9.9264,1.4629,-2.4427,0.6260,-0.3511,42.98,On Surface
259250,-0.0431,9.9718,1.3719,-2.2137,0.4885,-0.3664,42.84,On Surface
259300,-0.0263,9.8976,1.3551,-2.3817,0.4733,-0.0153,43.31,On Surface
259350,0.0072,9.9383,1.2905,-2.3664,0.5191,-0.1527,42.79,On Surface
259400,-0.0263,9.9096,1.3767,-2.2290,0.4427,0.0305,42.79,On Surface
259450,0.0024,9.9311,1.4150,-2.2595,0.4580,-0.2901,42.93,On Surface
259500,-0.0192,9.9311,1.3503,-2.4580,0.4733,-0.1527,43.17,On Surface
259550,-0.0168,9.9096,1.3862,-2.3053,0.5649,-0.5038,42.93,On Surface
259600,-0.0048,9.9407,1.3958,-2.3511,0.4580,-0.2137,43.26,On Surface
259650,-0.0048,9.9240,1.4102,-2.2290,0.5344,-0.3359,43.02,On Surface
259700,-0.0383,9.9838,1.3264,-2.5191,0.3817,-0.2443,43.02,On Surface
259750,0.0072,9.9144,1.3479,-2.5496,0.5954,-0.2137,43.02,On Surface
259800,-0.0599,9.9192,1.3623,-2.1985,0.5802,-0.1527,43.17,On Surface
259850,-0.0096,9.9431,1.3934,-2.4427,0.7328,-0.0611,43.02,On Surface
259900,-0.0407,9.9311,1.3767,-2.3969,0.3206,-0.2443,43.02,On Surface
259950,0.0072,9.8904,1.3719,-2.1679,0.3053,-0.4427,42.98,On Surface
260000,-0.0144,9.9216,1.3910,-2.4427,0.5038,-0.1069,42.98,On Surface
260050,0.0168,9.9024,1.4245,-2.4885,0.1985,-0.2137,43.02,On Surface
260100,0.0048,9.9288,1.3623,-2.3206,0.7939,-0.3359,42.98,On Surface
260150,-0.0287,9.9240,1.4317,-2.3359,0.4733,0.1221,43.12,On Surface
260200,-0.0144,9.9383,1.3551,-2.6412,0.2748,0.1069,43.02,On Surface
260250,-0.0168,9.9264,1.3815,-2.2443,0.4733,0.0153,43.17,On Surface
260300,-0.0407,9.8976,1.4317,-2.2290,0.4275,-0.1679,42.93,On Surface
260350,-0.0551,9.9623,1.3886,-2.1832,0.5802,-0.3817,42.84,On Surface
260400,-0.0192,9.9216,1.3719,-2.4580,0.3053,-0.0916,42.93,On Surface
260450,-0.0479,9.8713,1.4102,-2.3664,0.6107,-0.1679,42.93,On Surface
260500,-0.0431,9.9144,1.3886,-2.4580,0.5344,-0.2748,43.12,On Surface
260550,-0.0479,9.9216,1.4222,-2.4427,0.3511,-0.1069,42.93,On Surface
260600,-0.0192,9.9311,1.4245,-2.5344,0.5038,0.0458,42.93,On Surface
260650,0.0072,9.9240,1.3743,-2.5802,0.3817,-0.4580,43.17,On Surface
260700,-0.0239,9.9168,1.4054,-2.4885,0.7328,-0.2748,42.98,On Surface
260750,0.0096,9.9503,1.3599,-2.4580,0.5344,-0.1679,42.98,On Surface
260800,-0.0359,9.9335,1.3791,-2.3206,0.4885,-0.3359,43.17,On Surface
260850,-0.0192,9.9288,1.4317,-2.4427,0.4733,-0.0153,43.17,On Surface
260900,0.0144,9.9024,1.3934,-2.4580,0.5038,-0.1221,43.02,On Surface
260950,-0.0192,9.9359,1.3503,-2.4427,0.5954,-0.1985,42.93,On Surface
261000,-0.0239,9.9024,1.3958,-2.3511,0.3359,-0.5496,42.93,On Surface
261050,-0.0239,9.9766,1.4533,-2.7023,0.2443,-0.2290,42.93,On Surface
261100,-0.0599,9.9407,1.3312,-2.4580,0.3969,-0.0458,43.02,On Surface
261150,0.0527,9.9000,1.4054,-2.3053,0.4580,-0.1374,42.93,On Surface
261200,-0.0455,9.9551,1.3719,-2.4275,0.5496,-0.1679,43.02,On Surface
261250,-0.0431,9.9431,1.3767,-2.3053,0.4885,-0.1221,42.98,On Surface
261300,-0.0096,9.9479,1.3599,-2.2443,0.3969,-0.0458,42.93,On Surface
261350,-0.0359,9.9479,1.4365,-2.4122,0.4427,-0.0763,43.17,On Surface
261400,-0.0096,9.9192,1.3431,-2.4122,0.4580,-0.1985,43.02,On Surface
261450,0.0048,9.9311,1.3719,-2.6565,0.4885,0.0000,43.02,On Surface
261500,0.0024,9.9288,1.3719,-2.2901,0.7023,-0.0153,42.98,On Surface
261550,-0.0311,9.9335,1.4150,-2.2290,0.7481,-0.1832,42.98,On Surface
261600,0.0239,9.9527,1.4293,-2.8092,0.2748,0.0611,42.98,On Surface
261650,-0.0120,9.9503,1.4365,-2.1221,0.3511,0.0763,42.98,On Surface
261700,-0.0096,9.9790,1.3934,-2.3817,0.2748,0.0153,42.98,On Surface
261750,-0.0551,9.9431,1.3838,-2.5344,0.5496,-0.0916,43.02,On Surface
261800,-0.0192,9.9455,1.4150,-2.3206,0.5802,-0.1679,42.93,On Surface
261850,-0.0311,9.8761,1.4461,-2.3206,0.6565,-0.1069,43.26,On Surface
261900,0.0072,9.9288,1.4222,-2.3359,0.3969,0.1985,43.31,On Surface
261950,-0.0024,9.9479,1.3623,-2.5496,0.3359,0.0153,43.12,On Surface
262000,-0.0120,9.9000,1.4461,-2.3664,0.5191,-0.0305,42.93,On Surface
262050,-0.0263,9.9144,1.3934,-2.5496,0.4580,-0.0611,42.79,On Surface
262100,0.0263,9.8976,1.3695,-2.3206,0.3969,-0.1527,43.02,On Surface
262150,0.0024,9.9024,1.4222,-2.3511,0.2901,-0.1985,42.84,On Surface
262200,-0.0311,9.9359,1.3910,-2.4580,0.5649,-0.1832,42.93,On Surface
262250,0.0000,9.9551,1.3982,-2.5344,0.3817,-0.1221,43.02,On Surface
262300,-0.0120,9.9431,1.4102,-2.4885,0.3817,0.0153,42.98,On Surface
262350,-0.0215,9.9455,1.4126,-2.2901,0.3511,-0.1374,43.12,On Surface
262400,-0.0024,9.9407,1.3886,-2.3053,0.5802,-0.4275,42.98,On Surface
262450,0.0168,9.8785,1.4581,-2.3206,0.3511,-0.0458,43.12,On Surface
262500,-0.0096,9.9168,1.4222,-2.1985,0.4885,0.2137,42.98,On Surface
262550,-0.0215,9.9311,1.3862,-2.5954,0.4733,-0.0153,43.31,On Surface
262600,-0.0383,9.9264,1.3384,-2.2748,0.3053,0.0000,42.93,On Surface
262650,-0.0407,9.9599,1.3264,-2.2901,0.7481,-0.1985,43.02,On Surface
262700,-0.0359,9.9886,1.3910,-2.2595,0.5496,0.1374,42.98,On Surface
262750,-0.0192,9.9311,1.3934,-2.3511,0.4122,-0.2290,42.98,On Surface
262800,-0.0144,9.9288,1.3671,-2.1527,0.5344,0.0305,43.12,On Surface
262850,-0.0599,9.9216,1.3743,-2.6107,0.2290,-0.1832,43.02,On Surface
262900,-0.0168,9.9024,1.4269,-2.4122,0.4885,-0.1527,42.98,On Surface
262950,-0.0096,9.9096,1.3958,-2.3817,0.6107,-0.0916,43.26,On Surface
263000,0.0024,9.8857,1.3862,-2.4885,0.2443,-0.1527,43.26,On Surface
263050,0.0048,9.9407,1.3695,-2.4733,0.5038,0.0153,42.98,On Surface
263100,-0.0144,9.9168,1.4078,-2.3359,0.6718,-0.0611,43.12,On Surface
263150,0.0072,9.9503,1.3527,-2.2748,0.6107,-0.0763,42.98,On Surface
263200,-0.0096,9.9120,1.3886,-2.3969,0.4427,-0.2443,42.93,On Surface
263250,-0.0215,9.9431,1.3958,-2.5802,0.4275,-0.2595,43.12,On Surface
263300,-0.0192,9.9407,1.4365,-2.3053,0.7176,0.0458,42.79,On Surface
263350,0.0120,9.9335,1.3503,-2.2748,0.5649,-0.0916,43.31,On Surface
263400,-0.0263,9.8881,1.3408,-2.5038,0.6107,-0.3206,42.79,On Surface
263450,-0.0144,9.9335,1.3982,-2.5038,0.4580,-0.1374,42.93,On Surface
263500,-0.0048,9.9120,1.3599,-2.3664,0.3969,-0.0458,42.93,On Surface
263550,-0.0311,9.9048,1.3384,-2.5496,0.7939,-0.1985,43.26,On Surface
263600,-0.0335,9.8928,1.3431,-2.5496,0.4885,-0.3359,42.98,On Surface
263650,-0.0168,9.9120,1.3168,-2.4275,0.3817,-0.2443,42.98,On Surface
263700,-0.0383,9.9359,1.4222,-2.5038,0.4427,-0.1679,42.84,On Surface
263750,0.0215,9.9096,1.3288,-2.4122,1.0382,0.1221,43.12,On Surface
263800,-0.0168,9.8928,1.4413,-2.1832,0.6412,-0.1069,43.12,On Surface
263850,-0.0359,9.9311,1.4126,-2.5954,0.4275,-0.0153,42.84,On Surface
263900,-0.0072,9.9264,1.3599,-2.3359,0.6870,-0.3053,42.98,On Surface
263950,-0.0287,9.9192,1.4078,-2.1832,0.4427,-0.1832,42.79,On Surface
264000,-0.0048,9.9168,1.3838,-2.3359,0.4733,0.0000,43.26,On Surface
264050,-0.0599,9.9120,1.4245,-2.3664,0.5954,-0.0763,43.02,On Surface
264100,-0.0024,9.9120,1.3815,-2.5344,0.3817,0.0000,43.26,On Surface
264150,-0.0431,9.9240,1.4126,-2.2290,0.3359,-0.1832,42.79,On Surface
264200,-0.0120,9.9216,1.3743,-2.3817,0.4427,-0.4427,42.98,On Surface
264250,-0.0120,9.9647,1.4054,-2.4427,0.7176,-0.1069,42.93,On Surface
264300,-0.0359,9.9431,1.3934,-2.2595,0.7176,-0.1832,43.02,On Surface
264350,0.0096,9.8761,1.4126,-2.3817,0.4580,-0.1679,43.17,On Surface
264400,-0.0168,9.9144,1.3982,-2.5344,0.7023,-0.1221,42.84,On Surface
264450,0.0096,9.9096,1.4102,-2.3359,0.4275,-0.0916,43.02,On Surface
264500,-0.0048,9.9168,1.3982,-2.5038,0.4733,-0.1527,43.26,On Surface
264550,-0.0024,9.9240,1.3599,-2.5038,0.3664,-0.2137,43.12,On Surface
264600,-0.0431,9.9335,1.3695,-2.5954,0.5954,0.1069,43.02,On Surface
264650,-0.0551,9.9335,1.3360,-2.0305,0.7176,0.0611,42.84,On Surface
264700,-0.0048,9.9264,1.4198,-2.3817,0.6260,-0.2901,42.79,On Surface
264750,-0.0335,9.9120,1.4150,-2.4733,0.4580,-0.1221,42.74,On Surface
264800,-0.0383,9.9503,1.3886,-2.3817,0.6870,0.0153,43.31,On Surface
264850,-0.0383,9.8976,1.4102,-2.5191,0.3969,-0.1527,43.26,On Surface
264900,-0.0144,9.8976,1.3791,-2.3511,0.6412,-0.3511,43.26,On Surface
264950,-0.0120,9.9048,1.3431,-2.3664,0.2748,-0.1374,42.98,On Surface
265000,0.0048,9.9288,1.4365,-2.1374,0.4733,0.1832,42.79,On Surface
265050,-0.0144,9.8928,1.4102,-2.4427,0.3817,0.0153,43.17,On Surface
265100,-0.0311,9.9144,1.3360,-2.2137,0.7481,-0.0458,43.02,On Surface
265150,-0.0335,9.9742,1.4078,-2.6870,0.4122,-0.1221,42.98,On Surface
265200,-0.0096,9.9527,1.3647,-2.5649,0.4122,0.0305,43.02,On Surface
265250,-0.0383,9.9359,1.4150,-2.3053,0.3664,-0.0916,43.02,On Surface
265300,-0.0503,9.9096,1.3767,-2.2137,0.3511,-0.1527,42.79,On Surface
265350,-0.0239,9.9120,1.3838,-2.2901,0.5496,-0.0458,42.98,On Surface
265400,-0.0096,9.9120,1.4341,-1.8779,0.4580,-0.0916,42.98,On Surface
265450,-0.0120,9.8857,1.4054,-2.2901,0.2290,-0.1221,43.02,On Surface
265500,-0.0263,9.8881,1.3838,-2.3817,0.5954,0.0763,43.02,On Surface
265550,-0.0168,9.9144,1.3958,-2.4427,0.2748,-0.1221,42.98,On Surface
265600,-0.0407,9.9144,1.3671,-2.1374,0.2595,-0.1374,43.12,On Surface
265650,-0.0599,9.9575,1.3527,-2.3817,0.3817,0.0000,43.02,On Surface
265700,-0.0263,9.9000,1.3503,-2.4122,0.3817,-0.0611,42.93,On Surface
265750,-0.0168,9.9216,1.3408,-2.3511,0.3206,0.1221,43.02,On Surface
265800,-0.0527,9.9599,1.3910,-2.3511,0.3511,-0.2748,43.02,On Surface
265850,-0.0168,9.9216,1.4054,-2.0916,0.4427,0.1221,42.93,On Surface
265900,-0.0096,9.9264,1.4269,-2.2137,0.2748,-0.0153,42.74,On Surface
265950,-0.0120,9.8641,1.3934,-2.3359,0.2290,-0.2595,42.98,On Surface
266000,0.0192,9.9335,1.4222,-2.4122,0.2901,0.3053,43.17,On Surface
266050,-0.0168,9.8881,1.4126,-2.4427,0.5344,0.0916,43.12,On Surface
266100,0.0000,9.8785,1.4293,-2.2595,0.5191,-0.1985,43.12,On Surface
266150,-0.0407,9.9503,1.4150,-2.6870,0.1832,-0.3817,43.12,On Surface
266200,-0.0383,9.9479,1.4078,-2.4733,0.6412,0.1527,42.93,On Surface
266250,-0.0072,9.9407,1.3671,-2.3664,0.4427,-0.0611,43.45,On Surface
266300,-0.0383,9.9838,1.3791,-2.0305,0.7023,-0.1985,43.02,On Surface
266350,0.0048,9.9168,1.3599,-2.1374,0.5344,-0.1679,42.98,On Surface
266400,-0.0359,9.9024,1.3503,-2.3053,0.2748,-0.1221,42.98,On Surface
266450,-0.0168,9.9000,1.3743,-2.2290,0.6412,-0.0763,42.98,On Surface
266500,0.0120,9.9120,1.3838,-2.3053,0.4733,-0.1374,43.26,On Surface
266550,-0.0215,9.9144,1.3815,-2.5344,0.3969,0.1221,43.02,On Surface
266600,-0.0168,9.9240,1.4269,-2.7176,0.3664,-0.1374,42.93,On Surface
266650,-0.0168,9.9096,1.3958,-2.2443,0.4580,-0.1527,42.98,On Surface
266700,-0.0646,9.9311,1.4054,-2.4733,0.2443,-0.0153,42.98,On Surface
266750,-0.0215,9.9335,1.3791,-2.3053,0.5954,-0.0458,42.98,On Surface
266800,-0.0311,9.9120,1.3910,-2.3511,0.4733,-0.1527,43.26,On Surface
266850,-0.0239,9.9120,1.4269,-2.3817,0.7634,-0.1985,43.12,On Surface
266900,-0.0144,9.9048,1.4198,-2.3817,0.3969,-0.0458,43.26,On Surface
266950,-0.0120,9.8976,1.3767,-2.5038,0.5496,-0.0305,43.02,On Surface
267000,-0.0335,9.9288,1.4317,-2.6412,0.5649,0.0458,42.98,On Surface
267050,-0.0479,9.9192,1.4222,-2.5954,0.2748,-0.2901,42.98,On Surface
267100,-0.0024,9.9551,1.3886,-2.5954,0.3511,-0.0763,43.17,On Surface
267150,-0.0120,9.9192,1.3815,-2.7176,0.5649,-0.1679,43.26,On Surface
267200,-0.0263,9.9455,1.4126,-2.5344,0.4122,0.0000,43.35,On Surface
267250,0.0168,9.9479,1.3934,-2.5344,0.6565,-0.3053,42.93,On Surface
267300,-0.0335,9.9359,1.4126,-2.3664,0.5038,-0.1832,42.93,On Surface
267350,-0.0383,9.9288,1.3647,-2.5496,0.5954,-0.3511,43.35,On Surface
267400,-0.0096,9.9192,1.3743,-2.3817,0.6718,-0.1374,43.31,On Surface
267450,0.0024,9.9120,1.3623,-2.2595,0.6565,0.0000,42.93,On Surface
267500,0.0239,9.9048,1.4293,-2.3817,0.6412,-0.1374,42.93,On Surface
267550,0.0096,9.9120,1.4581,-2.5344,0.8092,-0.0458,42.98,On Surface
267600,-0.0431,9.9120,1.3336,-2.3359,0.4427,-0.0305,43.12,On Surface
267650,-0.0096,9.9096,1.3503,-2.5802,0.4427,-0.4122,43.12,On Surface
267700,-0.0407,9.9216,1.3551,-2.4885,0.6565,-0.3817,43.26,On Surface
267750,-0.0359,9.9240,1.4030,-2.3206,0.8244,0.1527,42.79,On Surface
267800,-0.0311,9.9168,1.3599,-2.5954,0.4427,-0.0916,43.31,On Surface
267850,-0.0263,9.9311,1.3527,-2.2290,0.6260,-0.2137,43.02,On Surface
267900,-0.0048,9.9240,1.4078,-2.6412,0.3969,-0.2290,42.98,On Surface
267950,-0.0096,9.8641,1.4102,-2.3817,0.3817,-0.1374,43.02,On Surface
268000,0.0383,9.9168,1.4461,-2.3664,0.2443,-0.2901,42.98,On Surface
268050,-0.0359,9.9311,1.3791,-2.5954,0.6718,-0.2901,42.93,On Surface
268100,-0.0215,9.9647,1.4629,-2.3817,0.3359,-0.0153,43.31,On Surface
268150,-0.0144,9.9647,1.4365,-2.3969,0.7023,-0.1221,42.84,On Surface
268200,-0.0455,9.9503,1.3934,-2.2443,0.5496,0.0000,43.26,On Surface
268250,-0.0431,9.9407,1.4030,-2.5496,0.1832,-0.1679,42.93,On Surface
268300,-0.0599,9.9431,1.3982,-2.1069,0.7176,-0.1679,42.98,On Surface
268350,-0.0239,9.9144,1.4102,-2.5496,0.4885,-0.1221,43.12,On Surface
268400,-0.0215,9.9024,1.4317,-2.1679,0.4733,0.0305,42.93,On Surface
268450,-0.0215,9.9072,1.4150,-2.4885,0.4275,-0.1374,43.02,On Surface
268500,-0.0024,9.8952,1.4389,-2.7481,0.3664,0.1527,43.02,On Surface
268550,-0.0335,9.9144,1.4102,-2.2290,0.4275,0.0000,42.79,On Surface
268600,-0.0263,9.8809,1.3767,-2.3053,0.5344,0.0611,43.02,On Surface
268650,-0.0383,9.9695,1.3431,-2.2901,0.7176,-0.0611,43.02,On Surface
268700,-0.0694,9.9192,1.4509,-2.1221,0.6107,-0.2595,42.93,On Surface
268750,-0.0335,9.9240,1.3743,-2.2595,0.4580,-0.0153,42.98,On Surface
268800,-0.0263,9.9407,1.3862,-2.5649,0.4580,-0.2443,42.98,On Surface
268850,-0.0263,9.9144,1.3767,-2.4580,0.5344,-0.2595,43.12,On Surface
268900,-0.0168,9.9120,1.3719,-1.9695,0.5191,-0.1832,42.98,On Surface
268950,-0.0263,9.9383,1.4557,-2.2901,0.3359,0.1221,42.98,On Surface
269000,-0.0120,9.9311,1.4030,-2.1374,0.5038,-0.1221,43.12,On Surface
269050,-0.0287,9.9072,1.4030,-2.3053,0.5802,-0.0916,43.17,On Surface
269100,-0.0287,9.9120,1.3910,-2.2901,0.4275,-0.3206,43.12,On Surface
269150,-0.0311,9.9407,1.3862,-2.2137,0.6412,-0.1374,43.12,On Surface
269200,-0.0503,9.9383,1.3671,-2.2595,0.3053,-0.0305,43.02,On Surface
269250,-0.0479,9.9407,1.3048,-2.3817,0.5496,-0.3511,43.26,On Surface
269300,-0.0359,9.9383,1.3695,-2.3206,0.7328,-0.0611,43.26,On Surface
269350,-0.0192,9.9551,1.4365,-2.4580,0.3969,-0.4427,42.93,On Surface
269400,-0.0024,9.9192,1.3982,-2.3664,0.6870,-0.1374,42.98,On Surface
269450,-0.0096,9.9096,1.3934,-2.1221,0.1527,-0.1527,43.02,On Surface
269500,0.0096,9.9096,1.3671,-2.5496,0.3053,0.1527,43.17,On Surface
269550,-0.0072,9.9120,1.3910,-2.4733,0.4580,-0.3053,43.17,On Surface
269600,-0.0096,9.9335,1.4245,-2.3817,0.2901,-0.0763,42.98,On Surface
269650,0.0000,9.9359,1.3886,-2.5191,0.3664,-0.2137,43.02,On Surface
269700,-0.0287,9.9264,1.4174,-2.4427,0.4733,0.0000,42.93,On Surface
269750,-0.0048,9.9240,1.3431,-2.5191,0.5649,0.1221,42.98,On Surface
269800,0.0024,9.9264,1.3886,-2.4733,0.5038,-0.2901,43.45,On Surface
269850,-0.0168,9.9240,1.3958,-2.0458,0.5954,-0.2901,43.12,On Surface
269900,-0.0215,9.9168,1.4078,-2.5649,0.4275,-0.1069,43.17,On Surface
269950,-0.0048,9.9000,1.4557,-2.1985,0.7634,0.2443,43.31,On Surface
270000,-0.0072,9.9144,1.4245,-2.3817,0.3511,-0.0458,43.02,On Surface
270050,0.0168,9.9359,1.3910,-2.4885,0.4733,0.1069,43.17,On Surface
270100,-0.0359,9.9240,1.4365,-2.3969,0.4275,-0.0611,43.12,On Surface
270150,-0.0168,9.9192,1.3958,-2.4122,0.6718,-0.1374,43.26,On Surface
270200,-0.0144,9.9479,1.3719,-2.5954,0.5954,-0.2443,43.12,On Surface
270250,-0.0263,9.9311,1.3838,-2.3664,0.4275,-0.0611,43.17,On Surface
270300,0.0048,9.9240,1.3838,-2.7939,0.5191,-0.3206,42.93,On Surface
270350,-0.0287,9.9407,1.3982,-2.5344,0.7634,-0.0916,42.93,On Surface
270400,-0.0383,9.9120,1.3671,-2.5344,0.5191,-0.0305,42.98,On Surface
270450,0.0096,9.8904,1.3575,-2.2901,0.3206,-0.1221,43.31,On Surface
270500,-0.0192,9.9335,1.4269,-2.3206,0.4733,0.0458,43.26,On Surface
270550,0.0048,9.9024,1.4102,-2.1679,0.5802,-0.1069,42.98,On Surface
270600,-0.0168,9.8976,1.3791,-2.6412,0.6260,-0.1374,43.02,On Surface
270650,-0.0263,9.9048,1.4533,-2.4427,0.5954,0.0153,42.98,On Surface
270700,-0.0862,9.9168,1.4245,-2.6412,0.2290,-0.1985,42.79,On Surface
270750,-0.0407,9.9431,1.3001,-2.6260,0.4122,-0.1679,43.02,On Surface
270800,-0.0096,9.9551,1.3743,-2.3053,0.7176,-0.2748,42.93,On Surface
270850,-0.0479,9.9503,1.4126,-2.4122,0.2901,-0.0916,43.12,On Surface
270900,-0.0239,9.9264,1.4700,-2.5344,0.2901,-0.1221,43.17,On Surface
270950,-0.0263,9.9168,1.3623,-2.3817,0.6870,-0.2137,42.84,On Surface
271000,-0.0335,9.8928,1.4653,-2.4580,0.3511,-0.1221,43.12,On Surface
271050,-0.0431,9.9240,1.4293,-2.4122,0.6565,-0.0305,42.98,On Surface
271100,-0.0263,9.9024,1.3192,-2.5496,0.3053,0.0305,42.98,On Surface
271150,-0.0168,9.9335,1.3838,-2.3206,0.4275,-0.0763,43.02,On Surface
271200,-0.0192,9.9671,1.4102,-2.3969,0.6565,0.0305,43.12,On Surface
271250,0.0024,9.9623,1.3408,-2.5649,0.6718,-0.0763,43.17,On Surface
271300,-0.0431,9.9311,1.3551,-2.3511,0.6107,-0.1527,43.02,On Surface
271350,-0.0192,9.8928,1.4437,-2.4427,0.7328,-0.2290,42.84,On Surface
271400,-0.0168,9.9192,1.4174,-2.4427,0.4122,-0.0916,42.93,On Surface
271450,-0.0359,9.9264,1.4581,-2.3969,0.4427,-0.2290,42.98,On Surface
271500,0.0000,9.9240,1.4365,-2.3053,0.4885,-0.1374,43.17,On Surface
271550,-0.0359,9.8785,1.3934,-2.2137,0.7328,-0.1221,42.98,On Surface
271600,-0.0383,9.9120,1.4198,-2.4885,0.4885,-0.4580,43.26,On Surface
271650,-0.0024,9.9527,1.3719,-2.4122,0.3511,-0.0916,42.84,On Surface
271700,-0.0096,9.9383,1.4222,-2.7328,0.4733,-0.2137,43.02,On Surface
271750,-0.0359,9.9383,1.3503,-2.4427,0.6718,-0.1069,42.84,On Surface
271800,0.0024,9.9288,1.3527,-2.4580,0.7023,-0.0458,43.35,On Surface
271850,-0.0359,9.9503,1.4269,-2.3053,0.6412,-0.3206,42.98,On Surface
271900,-0.0335,9.9264,1.4174,-2.0916,0.4122,-0.1069,43.12,On Surface
271950,0.0048,9.9024,1.3910,-2.2290,0.2748,-0.1985,43.02,On Surface
272000,-0.0407,9.9072,1.3719,-2.5038,0.2901,-0.0611,43.17,On Surface
272050,-0.0239,9.9359,1.4317,-2.1527,0.4885,0.1527,43.12,On Surface
272100,-0.0335,9.9264,1.3767,-2.2901,0.8397,-0.4427,42.98,On Surface
272150,-0.0311,9.9192,1.3958,-2.6565,0.3969,-0.1679,42.93,On Surface
272200,-0.0407,9.9264,1.4054,-2.5496,0.4275,-0.3664,42.98,On Surface
272250,0.0215,9.9575,1.3791,-2.4733,1.0840,0.0611,42.93,On Surface
272300,-0.0215,9.9120,1.3791,-2.1679,0.3664,-0.2137,43.17,On Surface
272350,0.0192,9.9288,1.3647,-2.3664,0.5344,0.0000,43.02,On Surface
272400,-0.0646,9.9048,1.3982,-2.4427,0.3969,-0.1069,43.12,On Surface
272450,-0.0072,9.9431,1.4341,-2.0458,0.5496,-0.1527,43.26,On Surface
272500,-0.0239,9.8976,1.4461,-2.2137,0.5496,0.0000,42.98,On Surface
272550,-0.0048,9.9144,1.3862,-2.2137,0.3664,-0.0611,42.98,On Surface
272600,0.0168,9.9551,1.3599,-2.3206,0.5191,-0.0305,43.02,On Surface
272650,-0.0072,9.9192,1.3862,-2.5191,0.7634,-0.1679,43.02,On Surface
272700,0.0000,9.9623,1.3815,-2.5649,0.5802,-0.2137,42.79,On Surface
272750,-0.0527,9.9359,1.3240,-2.4122,0.3664,-0.0916,43.02,On Surface
272800,-0.0263,9.9623,1.3910,-2.3359,0.5496,-0.0611,42.98,On Surface
272850,-0.0359,9.9168,1.3360,-2.3053,0.5954,0.0458,43.17,On Surface
272900,0.0072,9.9072,1.3527,-2.0763,0.7328,-0.0916,43.12,On Surface
272950,-0.0144,9.9359,1.4245,-2.4427,0.6260,0.1221,42.93,On Surface
273000,-0.0096,9.8904,1.4605,-2.2901,0.1527,-0.1985,43.02,On Surface
273050,0.0024,9.9431,1.3527,-2.1679,0.3511,-0.1985,42.98,On Surface
273100,-0.0311,9.9240,1.3479,-2.4733,0.4733,-0.1527,43.35,On Surface
273150,-0.0287,9.9455,1.3527,-2.5802,0.7328,0.0458,42.93,On Surface
273200,-0.0239,9.9431,1.3743,-2.3511,0.6565,-0.2443,42.98,On Surface
273250,0.0192,9.9551,1.3671,-2.3359,0.6260,-0.1985,43.02,On Surface
273300,-0.0479,9.9335,1.3623,-2.5496,0.5038,-0.1374,43.02,On Surface
273350,-0.0263,9.9192,1.4078,-2.2901,0.5802,-0.2748,42.93,On Surface
273400,-0.0168,9.9264,1.3695,-2.2443,0.5344,-0.2595,43.26,On Surface
273450,-0.0263,9.9096,1.3838,-2.4427,0.4275,0.0000,43.02,On Surface
273500,0.0024,9.9240,1.4437,-2.5496,0.4275,-0.0916,43.12,On Surface
273550,-0.0048,9.9048,1.4174,-2.3664,0.4885,0.1679,43.17,On Surface
273600,0.0239,9.9288,1.4030,-2.2595,0.5344,-0.2443,43.02,On Surface
273650,0.0024,9.9216,1.2953,-2.7328,0.3664,-0.0611,43.02,On Surface
273700,-0.0048,9.9048,1.3455,-2.5344,0.7786,-0.0611,42.98,On Surface
273750,-0.0096,9.9383,1.3455,-2.4885,0.3969,-0.1069,43.02,On Surface
273800,-0.0359,9.9455,1.4078,-2.2901,0.7481,-0.3969,42.93,On Surface
273850,0.0144,9.9311,1.4461,-2.4885,0.4275,-0.3511,43.12,On Surface
273900,0.0072,9.8881,1.4174,-2.3511,0.7939,-0.0763,43.02,On Surface
273950,0.0096,9.9120,1.4245,-2.6412,0.2290,0.0611,43.02,On Surface
274000,0.0096,9.8857,1.4030,-2.5496,0.4275,-0.2901,42.93,On Surface
274050,0.0048,9.9216,1.3048,-2.2748,0.4733,-0.0916,43.45,On Surface
274100,-0.0120,9.8761,1.3719,-2.3359,0.4122,-0.1832,42.84,On Surface
274150,0.0168,9.9168,1.3384,-2.4427,0.5954,-0.3511,43.02,On Surface
274200,-0.0168,9.9431,1.3838,-2.6260,0.6107,-0.1374,42.98,On Surface
274250,-0.0311,9.9096,1.3336,-2.3053,0.5802,-0.1527,42.93,On Surface
274300,-0.0431,9.9599,1.4198,-2.5802,0.4885,-0.1679,43.02,On Surface
274350,-0.0168,9.9671,1.3455,-2.7481,0.4275,-0.4427,43.31,On Surface
274400,-0.0096,9.9000,1.3862,-2.3817,0.4885,-0.1221,42.84,On Surface
274450,0.0144,9.9216,1.4772,-2.4275,0.6412,-0.1374,43.31,On Surface
274500,-0.0120,9.8737,1.4269,-2.2290,0.4733,0.0916,42.98,On Surface
274550,0.0120,9.8904,1.4389,-2.5038,0.5802,-0.3206,43.02,On Surface
274600,-0.0359,9.9072,1.4006,-2.4427,0.5038,-0.3053,43.02,On Surface
274650,-0.0120,9.9335,1.3264,-2.5344,0.4122,-0.0763,43.35,On Surface
274700,-0.0287,9.9288,1.3264,-2.5191,0.2137,-0.1527,43.26,On Surface
274750,-0.0048,9.8976,1.4676,-2.7481,0.4275,-0.2748,43.26,On Surface
274800,-0.0479,9.9144,1.3719,-2.2748,0.6718,-0.2443,42.93,On Surface
274850,-0.0239,9.9048,1.3934,-2.4122,0.4122,-0.2443,42.79,On Surface
274900,-0.0096,9.9024,1.3838,-2.5649,0.2595,-0.3359,42.93,On Surface
274950,-0.0215,9.8904,1.4389,-2.4733,0.0916,-0.1527,42.98,On Surface
275000,-0.0359,9.9024,1.3838,-2.2290,0.2290,0.1527,42.93,On Surface
275050,0.0168,9.8904,1.4245,-2.3359,0.2901,-0.2595,43.31,On Surface
275100,-0.0120,9.9455,1.3336,-2.3817,0.3511,-0.1221,42.98,On Surface
275150,0.0168,9.9359,1.3431,-2.5191,0.3969,-0.2137,43.17,On Surface
275200,-0.0168,9.9551,1.4245,-2.4580,0.7023,-0.2748,43.12,On Surface
275250,0.0024,9.9407,1.4006,-2.4275,0.6107,-0.2901,42.93,On Surface
275300,-0.0048,9.9503,1.3815,-2.5802,0.5344,0.1221,43.02,On Surface
275350,0.0024,9.9264,1.3719,-2.5496,0.5191,-0.0763,42.79,On Surface
275400,-0.0287,9.9240,1.3599,-2.2443,0.3206,-0.0305,43.26,On Surface
275450,-0.0215,9.9383,1.4006,-1.9237,0.6260,-0.3206,43.17,On Surface
275500,-0.0215,9.9240,1.3503,-2.1374,0.3817,0.1069,42.98,On Surface
275550,-0.0120,9.9144,1.4222,-2.3817,0.4580,0.1985,42.98,On Surface
275600,-0.0263,9.9383,1.4461,-2.4580,0.4733,-0.1069,42.84,On Surface
275650,0.0192,9.9096,1.3336,-2.2290,0.5344,-0.0916,43.02,On Surface
275700,-0.0599,9.9240,1.3767,-2.2901,0.5038,0.1832,43.31,On Surface
275750,-0.0120,9.9407,1.3791,-2.4580,0.1985,-0.0153,43.45,On Surface
275800,-0.0192,9.9383,1.3623,-2.5496,0.5038,-0.1985,42.98,On Surface
275850,-0.0168,9.9168,1.4150,-2.5344,0.6718,-0.3817,43.02,On Surface
275900,0.0000,9.9264,1.3527,-2.1832,0.6718,0.0305,42.84,On Surface
275950,-0.0239,9.9335,1.3599,-2.4733,0.5496,0.0916,43.02,On Surface
276000,-0.0551,9.8833,1.4102,-2.4580,0.3969,0.0458,43.12,On Surface
276050,-0.0096,9.9551,1.4102,-2.4275,0.4580,-0.1374,42.74,On Surface
276100,0.0120,9.9575,1.3958,-2.5038,0.5496,-0.0458,42.93,On Surface
276150,-0.0168,9.9479,1.3264,-2.4275,0.4580,0.1221,43.02,On Surface
276200,-0.0096,9.9527,1.3096,-2.2443,0.3511,-0.1069,43.02,On Surface
276250,-0.0383,9.9527,1.4365,-2.3359,0.3511,-0.3053,43.17,On Surface
276300,-0.0239,9.8904,1.4461,-2.2290,0.6107,-0.3664,43.26,On Surface
276350,-0.0144,9.9264,1.4293,-2.3969,0.3969,0.0458,42.98,On Surface
276400,0.0144,9.9144,1.3647,-2.1985,0.6870,-0.2137,42.93,On Surface
276450,-0.0311,9.9335,1.4054,-2.2443,0.3969,0.0305,43.26,On Surface
276500,-0.0144,9.9311,1.4365,-2.1985,0.5649,0.1679,43.31,On Surface
276550,-0.0120,9.9311,1.4341,-2.4885,0.5191,-0.1679,43.02,On Surface
276600,-0.0144,9.9790,1.3288,-2.2290,0.4580,-0.2595,43.02,On Surface
276650,-0.0599,9.9407,1.3455,-2.4275,0.0916,-0.1832,43.17,On Surface
276700,-0.0407,9.9096,1.3384,-2.3511,0.7481,-0.0611,43.17,On Surface
276750,-0.0215,9.9168,1.3479,-2.4275,0.5802,-0.0458,42.79,On Surface
276800,0.0096,9.8952,1.3958,-2.1985,0.8397,0.0153,43.17,On Surface
276850,-0.0215,9.9096,1.4605,-2.4275,0.5191,0.1527,42.98,On Surface
276900,0.0000,9.9168,1.4581,-2.2901,0.6107,-0.3664,42.98,On Surface
276950,0.0096,9.9359,1.4413,-2.6260,0.4275,0.1221,43.02,On Surface
277000,-0.0263,9.9479,1.4317,-2.5038,0.4427,-0.1069,42.93,On Surface
277050,-0.0144,9.9168,1.3599,-2.6718,0.3359,-0.2748,43.35,On Surface
277100,-0.0311,9.9335,1.3360,-2.3206,0.4733,-0.2290,42.93,On Surface
277150,-0.0263,9.9024,1.3384,-2.3053,0.6870,-0.1679,42.79,On Surface
277200,-0.0144,9.9359,1.4557,-2.1527,0.3817,-0.2443,42.98,On Surface
277250,-0.0168,9.9168,1.4078,-2.4122,0.4885,-0.2595,43.17,On Surface
277300,-0.0120,9.8952,1.4126,-2.0916,0.4733,-0.0763,42.98,On Surface
277350,-0.0144,9.9168,1.4198,-2.4122,0.4885,-0.0458,43.17,On Surface
277400,0.0239,9.8713,1.3575,-2.4427,0.5038,-0.0611,42.98,On Surface
277450,-0.0192,9.9311,1.3479,-2.3053,0.3817,0.0305,43.02,On Surface
277500,-0.0215,9.8689,1.3120,-2.5649,0.5802,-0.1374,43.02,On Surface
277550,-0.0048,9.9168,1.4198,-2.3359,0.5038,-0.1069,43.31,On Surface
277600,0.0048,9.9431,1.3384,-2.7939,0.4275,-0.2443,43.02,On Surface
277650,-0.0383,9.9575,1.4269,-2.3053,0.5802,-0.3206,42.98,On Surface
277700,-0.0263,9.8976,1.3719,-2.5496,0.6718,-0.3511,43.31,On Surface
277750,-0.0120,9.9096,1.3719,-2.3664,0.4580,-0.2901,42.79,On Surface
277800,-0.0455,9.8904,1.4269,-2.7634,0.3206,-0.2290,43.02,On Surface
277850,-0.0144,9.9168,1.4222,-2.5802,0.3053,0.0763,43.17,On Surface
277900,0.0096,9.8857,1.3719,-2.4580,0.2290,-0.3206,42.98,On Surface
277950,-0.0239,9.9311,1.3982,-2.1832,0.3053,-0.2748,43.26,On Surface
278000,-0.0311,9.9000,1.3958,-2.5496,0.3053,0.0305,43.17,On Surface
278050,-0.0168,9.9264,1.3144,-2.5649,0.5191,-0.3511,43.31,On Surface
278100,-0.0311,9.8952,1.3910,-2.4733,0.4275,-0.2290,43.02,On Surface
278150,-0.0335,9.9192,1.3910,-2.2443,0.6870,-0.1679,43.12,On Surface
278200,0.0048,9.9000,1.3408,-2.3053,0.5954,-0.0611,43.12,On Surface
278250,-0.0168,9.9647,1.3360,-2.3359,0.6565,-0.0611,42.98,On Surface
278300,-0.0287,9.9120,1.3815,-2.4733,0.2901,-0.1527,42.98,On Surface
278350,-0.0431,9.8881,1.4198,-2.7634,0.4122,-0.1069,42.93,On Surface
278400,-0.0168,9.9000,1.3982,-2.3511,0.2901,-0.2137,42.79,On Surface
278450,-0.0407,9.8952,1.3671,-2.5649,0.3206,0.1221,43.02,On Surface
278500,-0.0192,9.9240,1.4293,-2.3817,0.4580,-0.3053,43.26,On Surface
278550,-0.0072,9.9359,1.4174,-2.5496,0.5191,-0.2290,43.02,On Surface
278600,-0.0455,9.9671,1.3743,-2.3511,0.5954,-0.3969,43.17,On Surface
278650,-0.0479,9.9359,1.4365,-2.3359,0.1221,-0.2748,43.17,On Surface
278700,-0.0311,9.9096,1.3623,-2.6260,0.4733,-0.1221,43.17,On Surface
278750,-0.0407,9.9551,1.4269,-2.2748,0.5344,-0.3969,43.02,On Surface
278800,-0.0048,9.9359,1.4557,-1.9389,0.3511,-0.2290,43.17,On Surface
278850,-0.0192,9.9240,1.4389,-2.3664,0.4733,-0.0305,43.02,On Surface
278900,-0.0096,9.8785,1.3862,-2.4580,0.2748,-0.2137,42.93,On Surface
278950,0.0096,9.9120,1.3838,-2.3817,0.5191,-0.0916,42.93,On Surface
279000,-0.0048,9.9311,1.3815,-2.3359,0.2290,-0.2290,43.12,On Surface
279050,-0.0072,9.9048,1.4054,-2.2137,0.6260,-0.0916,43.26,On Surface
279100,-0.0239,9.9742,1.3958,-2.4275,0.6260,-0.0153,43.12,On Surface
279150,-0.0431,9.9647,1.4293,-2.2290,0.7481,0.0153,43.02,On Surface
279200,0.0024,9.9240,1.3862,-2.5802,0.6565,-0.1832,43.49,On Surface
279250,-0.0359,9.9264,1.4126,-2.2290,0.4122,0.0916,43.26,On Surface
279300,-0.0024,9.9359,1.4317,-2.2137,0.6565,-0.2137,43.31,On Surface
279350,-0.0192,9.9144,1.4293,-2.4122,0.2595,0.0458,42.98,On Surface
279400,0.0072,9.9359,1.4269,-2.3817,0.4275,0.0611,43.26,On Surface
279450,-0.0096,9.8713,1.3551,-2.4122,0.7023,0.0916,43.02,On Surface
279500,-0.0144,9.9623,1.3886,-2.3053,0.5038,-0.0916,42.79,On Surface
279550,-0.0407,9.8857,1.3479,-2.1374,0.3969,-0.1374,43.26,On Surface
279600,-0.0072,9.9288,1.3862,-2.2290,0.6565,-0.1374,43.02,On Surface
279650,-0.0144,9.9288,1.4006,-2.3359,0.7023,-0.2137,43.02,On Surface
279700,-0.0120,9.9503,1.3575,-2.3511,0.6107,0.0305,43.02,On Surface
279750,-0.0096,9.9024,1.3958,-2.4275,0.1374,0.0458,42.79,On Surface
279800,0.0215,9.9000,1.4054,-2.3511,0.3206,-0.0153,43.02,On Surface
279850,-0.0144,9.8952,1.3312,-2.6565,0.1985,-0.0916,43.02,On Surface
279900,-0.0215,9.9096,1.4150,-2.2137,0.1985,0.2443,42.93,On Surface
279950,-0.0192,9.9551,1.3575,-2.4275,0.7786,-0.0611,43.17,On Surface
280000,-0.0215,9.9383,1.3958,-2.3206,0.6870,-0.0763,43.02,On Surface
280050,-0.0192,9.9431,1.3767,-2.4275,0.3206,-0.1985,43.26,On Surface
280100,-0.0239,9.9623,1.4078,-2.5344,0.4275,-0.3359,43.02,On Surface
280150,0.0000,9.9168,1.4437,-2.1527,0.7176,-0.0916,43.26,On Surface
280200,-0.0048,9.9168,1.3384,-2.0305,0.5496,0.0000,43.17,On Surface
280250,0.0096,9.8904,1.3623,-2.3359,0.3359,-0.1221,43.17,On Surface
280300,0.0311,9.9024,1.4198,-2.4885,0.6718,0.1069,42.84,On Surface
280350,0.0311,9.8928,1.4269,-2.4885,0.4122,-0.1832,42.98,On Surface
280400,0.0096,9.8833,1.3695,-2.3664,0.4733,-0.2595,42.93,On Surface
280450,0.0311,9.9335,1.3767,-2.4580,0.6565,-0.1527,43.02,On Surface
280500,-0.0168,9.9599,1.4174,-2.7176,0.4275,0.0000,42.93,On Surface
280550,-0.0479,9.9647,1.3958,-2.2137,0.4580,-0.1985,42.98,On Surface
280600,0.0192,9.9264,1.4054,-2.3664,0.4122,-0.3664,42.98,On Surface
280650,-0.0239,9.9048,1.3455,-2.2290,0.4122,-0.2901,43.17,On Surface
280700,-0.0551,9.9288,1.3503,-2.5038,0.3206,0.0153,43.17,On Surface
280750,0.0215,9.9264,1.3767,-2.1679,0.5802,-0.0611,42.98,On Surface
280800,-0.0215,9.8521,1.4006,-2.4122,0.2901,-0.0305,42.84,On Surface
280850,-0.0120,9.9264,1.3886,-2.4275,0.5038,0.0153,43.02,On Surface
280900,-0.0048,9.8593,1.3647,-2.4275,0.3817,-0.0763,43.02,On Surface
280950,0.0048,9.9359,1.3503,-2.5344,0.5038,-0.0916,43.31,On Surface
281000,-0.0215,9.9335,1.4150,-2.6412,0.2748,-0.2290,42.84,On Surface
281050,0.0072,9.9096,1.4245,-2.6565,0.4122,-0.3053,43.17,On Surface
281100,0.0000,9.9192,1.4126,-2.6412,0.5344,-0.1985,42.98,On Surface
281150,-0.0048,9.9407,1.3623,-2.2595,0.6870,-0.4733,43.12,On Surface
281200,-0.0192,9.9120,1.3982,-2.3359,0.3206,-0.1069,43.02,On Surface
281250,-0.0144,9.9216,1.4198,-2.3969,0.5191,-0.0458,43.02,On Surface
281300,0.0192,9.8785,1.4222,-2.2595,0.4580,-0.0458,42.98,On Surface
281350,-0.0192,9.8785,1.3958,-2.4122,0.4427,-0.1527,43.12,On Surface
281400,-0.0383,9.8976,1.3743,-2.5649,0.3359,-0.2443,43.26,On Surface
281450,-0.0479,9.9335,1.4030,-2.6412,0.7328,-0.1069,43.31,On Surface
281500,0.0000,9.8474,1.4126,-2.4427,0.5344,-0.1374,43.02,On Surface
281550,-0.0479,9.9551,1.3623,-2.4275,0.2290,-0.0916,42.98,On Surface
281600,0.0048,9.8713,1.4126,-2.4885,0.4427,-0.2901,42.93,On Surface
281650,-0.0192,9.9335,1.3719,-2.2290,0.7023,-0.1374,43.12,On Surface
281700,-0.0072,9.8976,1.3982,-2.2901,0.3053,-0.0153,43.26,On Surface
281750,0.0096,9.8881,1.4437,-2.3969,0.3359,-0.2290,43.31,On Surface
281800,0.0072,9.8833,1.4509,-2.4580,0.5191,-0.3359,42.98,On Surface
281850,0.0335,9.9120,1.4150,-2.5344,0.3511,-0.2290,43.12,On Surface
281900,0.0215,9.8761,1.3695,-2.3817,0.6412,-0.2901,43.02,On Surface
281950,0.0024,9.9048,1.4126,-2.5191,0.3817,-0.2901,42.93,On Surface
282000,-0.0048,9.9455,1.3982,-2.5191,0.5344,-0.2137,43.12,On Surface
282050,-0.0311,9.9479,1.4078,-2.2290,0.7176,0.1679,42.98,On Surface
282100,-0.0670,9.9192,1.3647,-2.2901,0.3206,-0.0763,43.35,On Surface
282150,-0.0239,9.9216,1.3934,-2.3053,0.5344,-0.4885,42.93,On Surface
282200,-0.0239,9.9311,1.4102,-2.1374,0.5649,-0.1832,43.12,On Surface
282250,-0.0215,9.9072,1.3886,-2.2901,0.3359,0.0000,42.98,On Surface
282300,-0.0646,9.9168,1.3934,-2.2443,0.2748,0.0916,43.17,On Surface
282350,-0.0048,9.9168,1.4341,-2.2748,0.1985,0.0305,43.02,On Surface
282400,-0.0215,9.8904,1.3862,-2.3969,0.6412,-0.1679,43.02,On Surface
282450,0.0120,9.9072,1.4245,-2.3511,0.4580,0.0611,43.31,On Surface
282500,-0.0311,9.9264,1.4102,-2.3359,0.4885,-0.1069,43.02,On Surface
282550,-0.0646,9.9359,1.3695,-2.2443,0.5954,-0.1679,42.93,On Surface
282600,-0.0527,9.9479,1.3791,-2.1985,0.3969,0.2137,43.17,On Surface
282650,-0.0383,9.9551,1.4150,-2.2595,0.4122,-0.1679,43.02,On Surface
282700,-0.0215,9.9359,1.4054,-2.3664,0.6107,0.0458,43.02,On Surface
282750,0.0144,9.9455,1.3671,-2.4427,0.3053,-0.4733,43.02,On Surface
282800,-0.0096,9.9311,1.4341,-2.3817,0.2290,-0.1832,42.79,On Surface
282850,0.0024,9.9072,1.4461,-2.1832,0.3511,0.0153,43.12,On Surface
282900,-0.0455,9.9144,1.4557,-2.3206,0.3511,-0.1832,43.12,On Surface
282950,-0.0192,9.9216,1.3551,-2.5038,0.5496,-0.2748,43.02,On Surface
283000,-0.0622,9.9288,1.3216,-2.6565,0.5191,-0.1985,43.02,On Surface
283050,-0.0646,9.9599,1.4102,-2.2595,0.5649,-0.1221,43.17,On Surface
283100,-0.0503,9.9431,1.3336,-2.3817,0.3817,-0.2748,42.98,On Surface
283150,-0.0072,9.9335,1.3048,-2.3969,0.7939,0.0916,42.98,On Surface
283200,-0.0431,9.9359,1.4150,-2.4427,0.3969,-0.1221,43.12,On Surface
283250,-0.0120,9.8857,1.3551,-2.3664,0.2290,-0.0763,43.17,On Surface
283300,-0.0144,9.9264,1.3599,-2.3511,0.4122,-0.0763,43.02,On Surface
283350,-0.0479,9.9383,1.4198,-2.2748,0.4122,0.2137,43.26,On Surface
283400,-0.0144,9.9120,1.4269,-2.3817,0.6260,-0.0458,42.93,On Surface
283450,-0.0503,9.9335,1.3671,-2.6107,0.5191,-0.0611,43.02,On Surface
283500,0.0192,9.9527,1.3862,-2.3053,0.4122,-0.3206,42.98,On Surface
283550,-0.0168,9.9407,1.3623,-2.4885,0.7328,-0.0153,42.98,On Surface
283600,-0.0215,9.9551,1.3551,-2.1679,0.4580,-0.2901,43.17,On Surface
283650,-0.0024,9.9407,1.3743,-2.2290,0.6260,-0.1374,42.98,On Surface
283700,-0.0335,9.9048,1.4030,-2.1679,0.4885,-0.2137,43.17,On Surface
283750,0.0024,9.9311,1.4030,-2.5649,0.3664,-0.1069,43.02,On Surface
283800,0.0263,9.9240,1.4341,-2.1985,0.4122,-0.2137,43.12,On Surface
283850,-0.0335,9.9048,1.4030,-2.4427,0.3511,0.0153,43.12,On Surface
283900,0.0168,9.8809,1.3288,-2.5802,0.3817,-0.3511,43.17,On Surface
283950,-0.0287,9.9455,1.4293,-2.0763,0.5191,0.0153,43.26,On Surface
284000,-0.0192,9.9359,1.3695,-2.2290,0.7023,-0.0305,43.02,On Surface
284050,-0.0503,9.9383,1.3719,-2.6107,0.5038,-0.1985,43.12,On Surface
284100,-0.0311,9.9288,1.3910,-2.5191,0.3511,-0.0916,42.98,On Surface
284150,-0.0048,9.9168,1.3982,-2.2901,0.5038,-0.0916,43.17,On Surface
284200,-0.0287,9.8904,1.4413,-2.4427,0.4275,-0.2595,43.12,On Surface
284250,-0.0168,9.9096,1.3862,-2.1527,0.6718,0.0458,43.02,On Surface
284300,-0.0144,9.9144,1.4126,-2.5496,0.3359,-0.0305,43.26,On Surface
284350,-0.0239,9.9455,1.3551,-2.3206,0.0916,0.0000,43.12,On Surface
284400,0.0000,9.9024,1.4006,-2.4885,0.6412,0.1069,42.98,On Surface
284450,-0.0096,9.9216,1.3503,-2.4122,0.4122,0.0916,43.17,On Surface
284500,0.0192,9.9168,1.3479,-2.3664,0.4427,0.0153,42.93,On Surface
284550,-0.0479,9.9096,1.3216,-2.4275,0.7023,0.0153,42.93,On Surface
284600,-0.0239,9.9144,1.3647,-2.4427,0.4733,-0.4122,42.98,On Surface
284650,0.0024,9.9383,1.4126,-2.3511,0.7634,-0.2595,42.98,On Surface
284700,-0.0120,9.9431,1.3982,-2.3511,0.6870,0.0763,42.98,On Surface
284750,-0.0144,9.8857,1.3791,-2.4580,0.3664,-0.3817,43.02,On Surface
284800,-0.0048,9.9024,1.4222,-2.2748,0.3969,-0.1374,42.93,On Surface
284850,0.0120,9.9431,1.4222,-2.4580,0.1221,-0.0458,42.98,On Surface
284900,-0.0287,9.8952,1.4222,-2.7328,0.4733,-0.2595,43.45,On Surface
284950,-0.0335,9.9240,1.3168,-2.5038,0.5649,0.1985,42.98,On Surface
285000,-0.0575,9.9120,1.4198,-2.5344,0.1374,0.0611,43.12,On Surface
285050,-0.0120,9.9096,1.3934,-2.5649,0.7023,-0.0458,43.31,On Surface
285100,-0.0120,9.9120,1.3815,-2.3664,0.2901,-0.0916,43.12,On Surface
285150,-0.0311,9.9431,1.3862,-2.6565,0.7481,-0.3664,43.02,On Surface
285200,-0.0144,9.8785,1.3647,-2.0000,0.6870,-0.4427,43.02,On Surface
285250,-0.0383,9.9264,1.4198,-2.4885,0.4580,-0.1374,43.02,On Surface
285300,-0.0120,9.9288,1.3384,-2.3969,0.3817,-0.2748,42.93,On Surface
285350,-0.0503,9.9479,1.3982,-2.4275,0.2443,-0.3053,43.17,On Surface
285400,0.0000,9.9288,1.4030,-2.3664,0.5802,0.0305,43.26,On Surface
285450,-0.0144,9.9192,1.3647,-2.3206,0.4580,-0.2901,43.31,On Surface
285500,-0.0551,9.9000,1.3910,-2.5344,0.4122,-0.1985,42.98,On Surface
285550,-0.0431,9.9288,1.3599,-2.5038,0.5954,-0.2595,42.98,On Surface
285600,0.0144,9.9479,1.3408,-2.4580,0.6565,-0.0916,43.26,On Surface
285650,-0.0168,9.9240,1.3671,-2.3511,0.5191,-0.1069,42.84,On Surface
285700,-0.0311,9.9240,1.3815,-2.3511,0.5496,-0.1527,42.79,On Surface
285750,-0.0335,9.9288,1.4222,-2.1679,0.6412,0.0305,43.17,On Surface
285800,-0.0359,9.8761,1.4269,-2.1832,0.2137,0.0458,42.93,On Surface
285850,-0.0239,9.8833,1.4150,-2.3206,0.4733,-0.1679,43.26,On Surface
285900,-0.0431,9.8976,1.3886,-2.3511,0.3359,-0.0916,43.26,On Surface
285950,-0.0455,9.9168,1.3958,-2.6718,0.3511,0.1985,42.79,On Surface
286000,-0.0479,9.9240,1.4222,-2.5038,0.4580,-0.1221,43.12,On Surface
286050,-0.0239,9.9718,1.3695,-2.4580,0.3969,-0.0916,42.98,On Surface
286100,-0.0215,9.9790,1.3791,-2.4427,0.5954,-0.0153,43.17,On Surface
286150,-0.0120,9.9383,1.4102,-2.5191,0.2901,-0.1985,43.17,On Surface
286200,-0.0168,9.9072,1.3695,-2.3969,0.2901,-0.1069,43.26,On Surface
286250,-0.0407,9.9527,1.4341,-2.0916,0.2748,0.0000,43.17,On Surface
286300,-0.0144,9.9120,1.3982,-2.3359,0.1069,0.1374,43.17,On Surface
286350,-0.0239,9.9192,1.4341,-2.6260,0.4580,0.1221,43.02,On Surface
286400,-0.0096,9.9048,1.3838,-2.1527,0.3664,0.0153,43.12,On Surface
286450,-0.0168,9.9144,1.3647,-2.5649,0.2443,-0.0611,42.98,On Surface
286500,-0.0215,9.8665,1.3695,-2.5191,0.4122,-0.0763,43.02,On Surface
286550,-0.0359,9.9192,1.3958,-2.1527,0.4580,0.2748,42.98,On Surface
286600,-0.0263,9.9144,1.4006,-2.5496,0.5954,-0.1985,43.12,On Surface
286650,0.0024,9.9288,1.4222,-2.6107,0.6565,0.0000,43.12,On Surface
286700,-0.0311,9.9240,1.4126,-2.3359,0.3817,-0.1832,42.93,On Surface
286750,-0.0144,9.9407,1.4126,-2.1679,0.6565,-0.1069,42.98,On Surface
286800,-0.0168,9.9455,1.3312,-2.3817,0.5038,0.1374,42.98,On Surface
286850,-0.0192,9.8881,1.4365,-2.4580,0.5802,-0.0153,42.98,On Surface
286900,-0.0120,9.9192,1.3623,-2.4427,0.5496,-0.0763,43.02,On Surface
286950,-0.0311,9.9096,1.3360,-2.2137,0.5496,-0.0305,43.12,On Surface
287000,-0.0048,9.9359,1.4150,-2.5038,0.2748,0.0153,43.26,On Surface
287050,-0.0263,9.9551,1.4365,-2.2443,0.2748,-0.3511,42.93,On Surface
287100,-0.0263,9.9503,1.4102,-2.2137,0.3969,-0.1985,43.12,On Surface
287150,-0.0239,9.9335,1.4222,-2.3664,0.5649,-0.1221,42.98,On Surface
287200,-0.0335,9.9311,1.4006,-2.1832,0.4427,-0.0611,43.02,On Surface
287250,-0.0503,9.9288,1.4054,-2.4275,0.3969,-0.0305,43.26,On Surface
287300,0.0359,9.8593,1.3838,-2.3969,0.2443,-0.0458,43.17,On Surface
287350,0.0263,9.9096,1.3838,-2.5802,0.2137,-0.3053,43.31,On Surface
287400,0.0287,9.9216,1.4198,-2.1832,0.4122,-0.0458,42.98,On Surface
287450,-0.0048,9.9144,1.3886,-2.3359,0.4580,0.0000,42.98,On Surface
287500,-0.0359,9.9288,1.4485,-2.5038,0.4580,0.0153,42.93,On Surface
287550,-0.0431,9.9288,1.3503,-2.3511,0.3359,-0.0763,43.02,On Surface
287600,0.0335,9.9048,1.3838,-2.3511,0.5191,-0.0763,43.02,On Surface
287650,0.0024,9.9168,1.4222,-2.2748,0.3969,0.2290,43.17,On Surface
287700,0.0192,9.9335,1.3623,-2.1985,0.4733,-0.2901,42.93,On Surface
287750,-0.0168,9.9120,1.3934,-2.3817,0.2137,-0.1985,42.98,On Surface
287800,-0.0168,9.8928,1.3408,-2.4885,0.3206,-0.0763,43.26,On Surface
287850,0.0072,9.8904,1.3240,-2.4427,0.5802,0.2443,43.26,On Surface
287900,-0.0215,9.9168,1.3024,-2.4427,0.4122,-0.0763,43.12,On Surface
287950,-0.0311,9.8976,1.3982,-2.5496,0.7328,-0.2595,43.02,On Surface
288000,0.0239,9.9407,1.3408,-2.5191,0.7328,-0.0916,43.17,On Surface
288050,-0.0096,9.9311,1.3958,-2.3206,0.7939,0.0000,43.02,On Surface
288100,0.0024,9.9288,1.3216,-2.4427,0.2443,-0.1221,42.84,On Surface
288150,0.0000,9.9647,1.4605,-2.2748,0.5038,-0.0153,43.26,On Surface
288200,-0.0192,9.8952,1.4102,-2.2595,0.7023,-0.2748,43.02,On Surface
288250,0.0215,9.9599,1.4102,-2.4733,0.7328,-0.0763,43.02,On Surface
288300,-0.0096,9.8809,1.3647,-2.3817,0.5954,-0.0153,43.12,On Surface
288350,-0.0527,9.9024,1.4006,-2.3817,0.5344,-0.1069,42.98,On Surface
288400,-0.0383,9.8689,1.3695,-2.3511,0.3053,-0.2290,43.12,On Surface
288450,-0.0168,9.9288,1.3623,-2.3817,0.6565,0.0763,43.02,On Surface
288500,-0.0239,9.9527,1.3048,-2.5344,0.4427,-0.2901,42.65,On Surface
288550,-0.0455,9.9383,1.4198,-2.5496,0.3969,-0.1832,42.98,On Surface
288600,-0.0359,9.9240,1.4030,-2.7176,0.5344,-0.1221,42.98,On Surface
288650,-0.0072,9.9168,1.3623,-2.5344,0.4580,-0.2443,42.98,On Surface
288700,0.0024,9.9503,1.3958,-2.6412,0.4275,-0.1985,43.17,On Surface
288750,-0.0048,9.8402,1.3551,-2.3359,0.4122,-0.2137,43.02,On Surface
288800,-0.0168,9.9311,1.4174,-2.2901,0.2748,-0.3664,43.02,On Surface
288850,-0.0239,9.9072,1.4293,-2.5496,0.4122,0.1832,43.17,On Surface
288900,-0.0311,9.9000,1.3791,-2.4885,0.4580,0.0305,42.93,On Surface
288950,0.0192,9.9431,1.3719,-2.4122,0.4275,-0.0611,42.93,On Surface
289000,0.0000,9.9216,1.3886,-2.6107,0.5038,-0.1679,43.02,On Surface
289050,-0.0431,9.9311,1.3240,-2.7176,0.5344,-0.0305,42.79,On Surface
289100,-0.0383,9.9407,1.4030,-2.4733,0.4885,0.0611,42.93,On Surface
289150,-0.0120,9.9695,1.3671,-2.3664,0.6565,-0.0305,43.12,On Surface
289200,-0.0599,9.8833,1.3072,-2.3359,0.6565,-0.1679,43.02,On Surface
289250,-0.0263,9.8833,1.4437,-2.2443,0.3969,-0.0763,43.17,On Surface
289300,-0.0431,9.9144,1.4653,-2.4733,0.3969,0.1985,43.31,On Surface
289350,0.0024,9.9264,1.3767,-2.3511,0.3359,0.1679,43.17,On Surface
289400,-0.0024,9.9120,1.4341,-2.3053,0.5802,-0.1832,43.02,On Surface
289450,-0.0072,9.9048,1.4174,-2.2137,0.6870,-0.1832,43.17,On Surface
289500,-0.0144,9.9647,1.4078,-2.4427,0.4275,0.0458,43.17,On Surface
289550,0.0239,9.9120,1.4653,-2.4275,0.3511,-0.0611,43.35,On Surface
289600,-0.0742,9.9240,1.3743,-2.4122,0.3969,-0.3664,42.98,On Surface
289650,-0.0335,9.9503,1.4030,-2.3359,0.5038,0.0000,43.31,On Surface
289700,-0.0431,9.9695,1.3862,-2.2443,0.5191,-0.0763,43.17,On Surface
289750,-0.0479,9.9383,1.4126,-2.4885,0.4427,0.2290,43.17,On Surface
289800,-0.0311,9.8904,1.4772,-2.3359,0.4885,-0.1221,43.26,On Surface
289850,-0.0599,9.8785,1.3695,-2.2595,0.1679,0.0611,42.98,On Surface
289900,-0.0407,9.9096,1.3503,-2.4275,0.5344,0.1221,42.98,On Surface
289950,-0.0455,9.9048,1.4341,-2.6107,0.3969,0.0458,43.02,On Surface
290000,-0.0239,9.9216,1.3575,-2.2748,0.5344,-0.1679,42.98,On Surface
290050,-0.0192,9.9671,1.3599,-2.1221,0.4122,-0.3053,43.02,On Surface
290100,-0.0311,9.9048,1.4030,-2.4733,0.3511,-0.2290,43.02,On Surface
290150,-0.0096,9.9264,1.4078,-2.0916,0.5038,-0.0763,43.02,On Surface
290200,-0.0239,9.9551,1.4006,-2.3664,0.5954,-0.1374,43.17,On Surface
290250,0.0000,9.9048,1.3910,-2.3206,0.4885,-0.0305,43.12,On Surface
290300,-0.0335,9.9647,1.3647,-2.4733,0.4733,-0.0763,43.26,On Surface
290350,-0.0192,9.9168,1.4198,-2.4122,0.6565,0.1374,42.93,On Surface
290400,-0.0120,9.9503,1.3671,-2.2748,0.4885,0.1374,43.02,On Surface
290450,-0.0120,9.9072,1.3982,-2.4580,0.3664,-0.4427,42.98,On Surface
290500,-0.0527,9.9766,1.3743,-2.4275,0.3969,-0.2137,42.93,On Surface
290550,0.0144,9.9455,1.3431,-2.3206,0.5802,-0.0916,43.31,On Surface
290600,0.0048,9.9240,1.3575,-2.0611,0.4580,-0.1069,43.02,On Surface
290650,0.0072,9.9168,1.3551,-2.2748,0.4580,-0.0305,43.12,On Surface
290700,0.0072,9.9072,1.3743,-2.4122,0.4733,0.0153,43.12,On Surface
290750,0.0048,9.9000,1.3695,-2.3664,0.4427,0.0153,43.02,On Surface
290800,0.0192,9.8976,1.3336,-2.3511,0.2595,-0.1679,42.93,On Surface
290850,-0.0335,9.9264,1.4222,-2.4122,0.7023,-0.0916,42.98,On Surface
290900,-0.0024,9.9048,1.4102,-2.5344,0.3817,-0.2137,43.02,On Surface
290950,-0.0072,9.9359,1.4365,-2.2748,0.5191,-0.0153,43.31,On Surface
291000,-0.0215,9.9383,1.3623,-2.2901,0.6107,-0.1069,43.02,On Surface
291050,-0.0215,9.9144,1.3455,-2.5802,0.7176,-0.2595,43.45,On Surface
291100,-0.0407,9.9431,1.3647,-2.2901,0.8397,-0.1679,42.93,On Surface
291150,-0.0168,9.9455,1.4150,-2.6565,0.5344,0.0000,43.02,On Surface
291200,-0.0072,9.9096,1.4461,-2.2901,0.3511,-0.2748,43.26,On Surface
291250,0.0072,9.8857,1.4437,-2.3206,0.4275,-0.0458,43.02,On Surface
291300,-0.0239,9.9144,1.3958,-2.3359,0.3511,-0.0611,43.12,On Surface
291350,0.0024,9.8952,1.3671,-2.2901,0.5038,-0.0916,43.02,On Surface
291400,-0.0120,9.8857,1.3934,-2.4122,0.6412,-0.0916,43.26,On Surface
291450,-0.0407,9.8976,1.4174,-2.4275,0.3817,0.1527,43.31,On Surface
291500,0.0239,9.9383,1.3479,-2.3664,0.5038,-0.2290,43.02,On Surface
291550,-0.0311,9.9742,1.3312,-2.5038,0.7481,-0.3359,43.02,On Surface
291600,-0.0383,9.8904,1.3695,-2.3817,0.4122,-0.2595,42.79,On Surface
291650,0.0168,9.9264,1.4174,-2.4580,0.2443,-0.2901,42.98,On Surface
291700,-0.0144,9.9144,1.3647,-2.5954,0.3206,-0.2137,43.31,On Surface
291750,-0.0048,9.9120,1.3934,-2.4275,0.4885,-0.3511,43.02,On Surface
291800,0.0048,9.9144,1.4150,-2.7328,0.5191,-0.0458,43.02,On Surface
291850,0.0048,9.9144,1.4198,-2.7328,0.1832,0.0153,43.12,On Surface
291900,-0.0144,9.9144,1.3886,-2.4275,0.4885,-0.1985,42.98,On Surface
291950,-0.0168,9.9599,1.4126,-2.4427,0.2595,0.0305,43.17,On Surface
292000,-0.0287,9.9240,1.3240,-2.5344,0.3511,-0.1832,43.17,On Surface
292050,-0.0096,9.9455,1.3647,-2.3817,0.5344,-0.1832,43.02,On Surface
292100,-0.0503,9.9527,1.3695,-2.3359,0.4427,0.0153,43.02,On Surface
292150,-0.0072,9.9311,1.3767,-2.1221,0.4885,-0.1527,43.26,On Surface
292200,0.0024,9.9192,1.3982,-2.4885,0.5344,-0.1069,43.02,On Surface
292250,-0.0120,9.8857,1.4054,-2.4122,0.4122,-0.0458,43.17,On Surface
292300,0.0215,9.9455,1.3838,-2.4885,0.3359,-0.3359,43.02,On Surface
292350,-0.0192,9.8833,1.3767,-2.4580,0.3206,-0.1527,43.26,On Surface
292400,0.0024,9.9192,1.4389,-2.5954,0.2748,-0.2290,43.02,On Surface
292450,0.0072,9.9359,1.3527,-2.5649,0.3511,0.0916,43.31,On Surface
292500,-0.0215,9.9216,1.3503,-2.2748,0.6260,-0.2290,43.02,On Surface
292550,-0.0335,9.9168,1.3743,-2.3359,0.6870,0.0000,43.02,On Surface
292600,-0.0096,9.9335,1.3647,-2.2290,0.3206,-0.4580,43.12,On Surface
292650,-0.0431,9.9264,1.3503,-2.2290,0.4733,0.0763,43.12,On Surface
292700,-0.0120,9.9742,1.3360,-2.4885,0.4580,-0.0153,43.17,On Surface
292750,-0.0503,9.8857,1.4581,-2.5496,0.3511,-0.1832,43.02,On Surface
292800,-0.0168,9.9264,1.4198,-2.3359,0.2748,-0.2137,43.12,On Surface
292850,-0.0359,9.8928,1.4150,-2.4275,0.4580,-0.2595,43.12,On Surface
292900,0.0072,9.8809,1.4293,-2.2748,0.5344,-0.2290,42.98,On Surface
292950,-0.0048,9.9455,1.4150,-2.3511,0.6107,0.1679,43.17,On Surface
293000,-0.0072,9.8928,1.4245,-2.3206,0.4275,-0.3664,43.02,On Surface
293050,-0.0479,9.9503,1.3575,-2.3664,0.3359,-0.1069,42.65,On Surface
293100,-0.0718,9.9479,1.3336,-2.1832,0.5191,-0.2290,43.12,On Surface
293150,0.0215,9.9671,1.4413,-2.4275,0.4427,0.1374,42.84,On Surface
293200,-0.0287,9.9359,1.3791,-2.4122,0.4733,-0.2443,43.31,On Surface
293250,-0.0455,9.9144,1.3575,-2.2137,0.2901,-0.2290,42.79,On Surface
293300,0.0000,9.8928,1.4485,-2.2137,0.3969,0.0611,42.93,On Surface
293350,-0.0072,9.9264,1.3719,-2.1832,0.3664,0.0458,43.12,On Surface
293400,-0.0287,9.8833,1.4030,-2.1221,0.4580,0.1527,43.45,On Surface
293450,0.0168,9.9120,1.3815,-2.3511,0.4275,0.0000,43.02,On Surface
293500,-0.0479,9.9168,1.3503,-2.1832,0.1374,-0.2290,43.31,On Surface
293550,-0.0192,9.9144,1.3838,-2.4122,0.2137,-0.1527,42.98,On Surface
293600,-0.0527,9.9311,1.4054,-2.3511,0.5496,-0.1527,43.02,On Surface
293650,-0.0215,9.9335,1.3886,-2.5038,0.6565,0.0611,43.45,On Surface
293700,0.0048,9.9479,1.3910,-2.3359,0.5496,0.0153,43.17,On Surface
293750,-0.0407,9.9000,1.4078,-2.4733,0.1985,-0.2443,42.98,On Surface
293800,0.0000,9.8689,1.3455,-2.3053,0.6870,0.0153,43.26,On Surface
293850,-0.0215,9.8976,1.3934,-2.2901,0.3053,-0.0458,43.17,On Surface
293900,-0.0072,9.9335,1.3791,-2.4580,0.5344,-0.2290,42.98,On Surface
293950,-0.0168,9.9048,1.4629,-2.5649,0.3511,-0.0916,43.26,On Surface
294000,-0.0192,9.8857,1.4006,-2.2748,0.1832,-0.0458,43.45,On Surface
294050,0.0048,9.9024,1.4317,-2.3053,0.5344,-0.1069,43.02,On Surface
294100,-0.0359,9.9455,1.3551,-2.4122,0.5802,-0.0305,43.12,On Surface
294150,-0.0263,9.9503,1.3791,-2.3969,0.3053,0.1527,43.02,On Surface
294200,-0.0263,9.9264,1.3551,-2.5038,0.1374,0.2748,43.12,On Surface
294250,-0.0479,9.9024,1.3838,-2.2901,0.7176,0.0305,43.26,On Surface
294300,-0.0168,9.9383,1.3479,-2.2748,0.4427,-0.0305,43.02,On Surface
294350,-0.0383,9.9024,1.4174,-2.2595,0.2901,-0.5191,43.12,On Surface
294400,0.0072,9.9144,1.3958,-2.5038,0.3817,-0.1527,43.02,On Surface
294450,0.0072,9.9288,1.4413,-2.5954,0.3053,0.0458,43.17,On Surface
294500,-0.0120,9.9024,1.3312,-2.5038,0.4580,-0.1374,43.17,On Surface
294550,0.0048,9.9359,1.3599,-2.1679,0.5191,-0.1069,43.02,On Surface
294600,-0.0072,9.9120,1.3671,-2.2137,0.5496,0.1374,43.02,On Surface
294650,-0.0359,9.9216,1.3982,-2.3817,0.4427,-0.2443,42.98,On Surface
294700,-0.0096,9.9431,1.3934,-2.4885,0.6107,-0.2443,43.31,On Surface
294750,0.0168,9.9216,1.3503,-2.5038,0.4275,0.0458,43.35,On Surface
294800,-0.0024,9.8761,1.4102,-2.2595,0.4122,-0.1221,42.84,On Surface
294850,0.0048,9.9072,1.4509,-2.3664,0.5038,0.0153,43.31,On Surface
294900,-0.0024,9.8737,1.4365,-2.5191,0.5954,-0.2595,43.26,On Surface
294950,0.0048,9.8833,1.3719,-2.3664,0.4122,0.0458,42.93,On Surface
295000,-0.0503,9.9144,1.3695,-2.5496,0.4580,-0.1832,43.02,On Surface
295050,0.0168,9.8833,1.4054,-2.4733,0.5496,-0.1069,43.35,On Surface
295100,-0.0215,9.9958,1.3838,-2.3359,0.3511,-0.1527,43.45,On Surface
295150,-0.0072,9.8904,1.3982,-2.3206,0.5496,-0.2137,43.31,On Surface
295200,-0.0072,9.9288,1.4269,-2.2595,0.5954,-0.0916,43.31,On Surface
295250,-0.0048,9.9168,1.4030,-2.3206,0.1679,-0.1985,43.17,On Surface
295300,0.0120,9.8928,1.3815,-2.5038,0.4580,-0.3817,43.35,On Surface
295350,0.0072,9.9000,1.4461,-2.5649,0.3206,-0.1832,43.12,On Surface
295400,0.0120,9.9359,1.4653,-2.3511,0.3511,-0.2901,42.84,On Surface
295450,-0.0215,9.9072,1.4102,-2.5802,0.4733,-0.1679,42.93,On Surface
295500,0.0311,9.9288,1.3767,-2.3664,0.2137,0.0305,43.31,On Surface
295550,-0.0096,9.9695,1.3743,-2.6260,0.6107,0.1221,42.98,On Surface
295600,-0.0455,9.9216,1.3479,-2.5954,0.3664,0.0305,43.26,On Surface
295650,-0.0335,9.9431,1.4006,-2.6412,0.4275,-0.1985,43.12,On Surface
295700,-0.0048,9.9144,1.3838,-2.4427,0.4885,-0.4733,43.12,On Surface
295750,-0.0215,9.9120,1.4054,-2.3817,0.4122,0.0611,43.02,On Surface
295800,-0.0431,9.8952,1.4126,-2.3817,0.5496,-0.1069,42.93,On Surface
295850,-0.0239,9.8833,1.4389,-2.4427,0.0763,-0.1679,43.17,On Surface
295900,0.0048,9.9072,1.3982,-2.4885,0.6565,0.0611,43.12,On Surface
295950,-0.0144,9.8857,1.3934,-2.1985,0.4275,0.0916,43.12,On Surface
296000,-0.0096,9.9264,1.4174,-2.3817,0.3206,-0.0763,43.17,On Surface
296050,-0.0431,9.9575,1.3671,-2.1985,0.2901,-0.0916,43.31,On Surface
296100,-0.0383,9.9551,1.3982,-2.3664,0.5954,-0.1679,43.35,On Surface
296150,-0.0263,9.9359,1.4078,-2.3969,0.2595,-0.0458,42.84,On Surface
296200,-0.0287,9.9240,1.3934,-2.3817,0.5954,-0.1069,42.93,On Surface
296250,-0.0024,9.9838,1.3934,-2.1374,0.5496,-0.1069,43.02,On Surface
296300,-0.0359,9.9311,1.4126,-2.3511,0.4885,-0.0153,43.12,On Surface
296350,0.0048,9.9072,1.4102,-2.4580,0.5802,-0.3511,43.31,On Surface
296400,0.0192,9.9288,1.4006,-2.3206,0.5496,0.1679,43.17,On Surface
296450,-0.0024,9.9216,1.4054,-2.1069,0.5496,-0.0305,42.79,On Surface
296500,0.0120,9.9551,1.3336,-2.5649,0.3969,-0.2137,43.31,On Surface
296550,-0.0431,9.9551,1.3886,-2.4733,0.5954,-0.1679,43.26,On Surface
296600,-0.0551,9.9527,1.4341,-2.4885,0.4122,-0.0458,42.84,On Surface
296650,-0.0048,9.9311,1.4030,-2.3817,0.4733,-0.2290,43.02,On Surface
296700,-0.0670,9.9647,1.4102,-2.1374,0.2443,-0.0916,43.02,On Surface
296750,-0.0072,9.9264,1.4126,-2.3511,0.5344,-0.2595,43.26,On Surface
296800,-0.0527,9.9623,1.4389,-2.1374,0.6260,-0.0458,43.31,On Surface
296850,-0.0431,9.9240,1.4413,-2.3817,0.4122,0.1985,42.79,On Surface
296900,-0.0168,9.9455,1.3503,-2.3817,0.4580,0.0611,43.12,On Surface
296950,-0.0335,9.9144,1.3695,-2.4885,0.4275,0.1985,42.84,On Surface
297000,-0.0192,9.9479,1.3791,-2.3664,0.3969,-0.1832,43.35,On Surface
297050,0.0287,9.9623,1.3910,-2.1221,0.3053,-0.1527,43.17,On Surface
297100,-0.0479,9.9886,1.3862,-2.4275,0.3969,-0.0458,43.02,On Surface
297150,-0.0359,9.9024,1.3455,-2.4122,0.5038,0.0611,43.17,On Surface
297200,-0.0359,9.9599,1.3695,-2.2290,0.2137,0.0305,43.02,On Surface
297250,0.0168,9.9527,1.4198,-2.1985,0.4427,0.1374,43.02,On Surface
297300,-0.0048,9.9335,1.4509,-2.5038,0.1679,0.0305,42.93,On Surface
297350,-0.0120,9.8976,1.4078,-2.1985,0.5038,0.0000,42.93,On Surface
297400,0.0215,9.8833,1.4581,-2.3359,0.7328,0.1221,43.02,On Surface
297450,-0.0168,9.9288,1.3503,-2.4122,0.5191,-0.0916,43.17,On Surface
297500,0.0263,9.9383,1.3838,-2.3511,0.2901,0.0611,43.02,On Surface
297550,-0.0144,9.9288,1.3886,-2.5496,0.5191,-0.1527,43.17,On Surface
297600,-0.0455,9.9383,1.3910,-2.2443,0.6870,0.0000,43.12,On Surface
297650,-0.0455,9.9407,1.3431,-2.3053,0.2748,-0.1679,43.12,On Surface
297700,0.0168,9.9264,1.3479,-2.2137,0.3511,-0.0611,43.02,On Surface
297750,-0.0359,9.9311,1.3958,-2.1527,0.3969,0.1679,43.17,On Surface
297800,-0.0144,9.9072,1.3958,-2.1679,0.4275,-0.3511,43.12,On Surface
297850,-0.0192,9.9096,1.3743,-2.4580,0.3511,-0.1679,42.93,On Surface
297900,-0.0263,9.9264,1.3958,-2.3817,0.8702,-0.2443,43.26,On Surface
297950,-0.0168,9.9024,1.4102,-2.4580,0.6412,-0.4275,43.12,On Surface
298000,0.0263,9.9096,1.4245,-2.2748,0.4122,-0.0153,42.98,On Surface
298050,0.0048,9.8976,1.3503,-2.4885,0.4275,-0.2748,43.26,On Surface
298100,-0.0168,9.9575,1.3599,-2.2595,0.4580,-0.0763,43.45,On Surface
298150,-0.0120,9.9479,1.4174,-2.4580,0.5649,-0.3511,43.26,On Surface
298200,-0.0024,9.8904,1.4245,-2.3359,0.3969,-0.3817,43.02,On Surface
298250,-0.0096,9.8928,1.3982,-2.3969,0.4122,-0.4275,42.93,On Surface
298300,0.0000,9.9024,1.3743,-2.1069,0.6412,-0.0305,42.98,On Surface
298350,0.0359,9.9048,1.4174,-2.3359,0.5496,0.0000,43.17,On Surface
298400,-0.0192,9.8857,1.4222,-2.3206,0.3664,-0.1069,43.02,On Surface
298450,-0.0383,9.9024,1.3527,-2.6870,0.5496,-0.0305,42.93,On Surface
298500,0.0024,9.9096,1.3767,-2.3053,0.3969,-0.0305,43.12,On Surface
298550,-0.0192,9.9431,1.4293,-2.6107,0.3053,-0.2443,43.12,On Surface
298600,-0.0455,9.9383,1.3384,-2.5191,0.7634,-0.2443,43.02,On Surface
298650,-0.0622,9.9623,1.4126,-2.4580,0.5191,-0.0153,43.02,On Surface
298700,0.0000,9.9431,1.4365,-2.3664,0.6260,-0.2595,43.02,On Surface
298750,-0.0144,9.9288,1.3791,-2.1374,0.4275,-0.1985,43.12,On Surface
298800,-0.0192,9.8809,1.3934,-2.5649,0.3053,-0.0611,43.17,On Surface
298850,-0.0024,9.8928,1.4030,-2.4885,0.4427,-0.0916,43.02,On Surface
298900,-0.0192,9.8857,1.4485,-2.5649,0.2901,-0.0763,43.35,On Surface
298950,-0.0024,9.9216,1.3910,-2.3511,0.4885,-0.0458,43.35,On Surface
299000,-0.0024,9.9527,1.4198,-2.6870,0.4122,-0.1832,43.31,On Surface
299050,-0.0599,9.9527,1.3934,-2.3969,0.4733,-0.2748,43.31,On Surface
299100,-0.0024,9.9072,1.3479,-2.3053,0.5802,0.0763,43.35,On Surface
299150,-0.0455,9.9311,1.4413,-2.5954,0.5344,-0.1069,43.02,On Surface
299200,0.0096,9.9000,1.4102,-2.1527,0.4122,-0.0763,42.93,On Surface
299250,0.0000,9.9000,1.4150,-2.4275,0.3511,-0.2748,43.12,On Surface
299300,-0.0359,9.8881,1.3192,-2.5802,0.2290,-0.1374,43.12,On Surface
299350,-0.0144,9.9288,1.3958,-2.6718,0.1832,0.0916,43.26,On Surface
299400,0.0024,9.8904,1.3216,-2.3359,0.3817,-0.1527,43.17,On Surface
299450,0.0000,9.9431,1.3719,-2.8702,0.5191,0.0000,43.12,On Surface
299500,0.0072,9.9072,1.3767,-2.6412,0.4885,-0.0763,43.02,On Surface
299550,-0.0479,9.9718,1.4269,-2.3817,0.6107,-0.3817,42.79,On Surface
299600,0.0120,9.9742,1.4078,-2.5954,0.4580,-0.4427,43.35,On Surface
299650,0.0168,9.9264,1.4222,-2.3359,0.3969,0.0000,42.84,On Surface
299700,-0.0048,9.9311,1.4437,-2.5344,0.3817,-0.1221,42.98,On Surface
299750,-0.0527,9.8713,1.4317,-2.5038,0.3206,-0.0763,42.84,On Surface
299800,0.0024,9.8952,1.4126,-2.1985,0.4885,-0.0916,43.02,On Surface
299850,-0.0144,9.9096,1.4269,-2.1832,0.2901,-0.0305,43.02,On Surface
299900,-0.0431,9.9120,1.4126,-2.3969,0.3969,-0.1679,43.02,On Surface
299950,-0.0383,9.8976,1.4150,-2.2290,0.4580,0.0305,42.93,On Surface
300000,-0.0239,9.9216,1.3695,-2.3664,0.6107,-0.1832,43.02,On Surface
300050,-0.0503,9.9647,1.3743,-2.2595,0.3817,-0.0153,42.98,On Surface
300100,-0.0072,9.9359,1.3647,-2.1832,0.4427,-0.0153,43.35,On Surface
300150,-0.0335,9.9264,1.3934,-2.3206,0.5344,-0.1985,42.93,On Surface
300200,0.0144,9.8928,1.4102,-2.3664,0.3359,-0.0305,42.93,On Surface
300250,0.0024,9.9144,1.4748,-2.4427,0.3664,-0.1527,43.02,On Surface
300300,0.0335,9.9192,1.4078,-2.1679,0.4122,0.0458,43.02,On Surface
300350,-0.0096,9.8976,1.4365,-2.1374,0.7481,0.0458,43.17,On Surface
300400,-0.0072,9.9144,1.3695,-2.2901,0.7023,-0.0916,43.12,On Surface
300450,-0.0144,9.9647,1.3479,-2.1679,0.4733,-0.0305,43.12,On Surface
300500,-0.0192,9.9671,1.3719,-2.3511,0.3359,0.3206,42.98,On Surface
300550,-0.0168,9.9527,1.3671,-2.3664,0.1374,-0.2290,43.17,On Surface
300600,0.0024,9.9335,1.3096,-2.1679,0.6260,-0.3664,43.26,On Surface
300650,-0.0072,9.9192,1.4365,-2.4733,0.6412,-0.1069,43.26,On Surface
300700,-0.0048,9.9192,1.3743,-2.2595,0.3969,-0.0611,42.98,On Surface
300750,-0.0383,9.9311,1.3982,-2.1985,0.4427,-0.1832,43.02,On Surface
300800,0.0192,9.9335,1.4293,-2.2290,0.4733,-0.2443,43.26,On Surface
300850,0.0048,9.9072,1.4557,-2.5496,0.2901,0.0153,43.02,On Surface
300900,0.0144,9.9383,1.3240,-2.5496,0.4733,0.1221,42.98,On Surface
300950,0.0024,9.9359,1.3982,-2.3359,0.3817,0.1069,43.02,On Surface
301000,-0.0479,9.9503,1.3551,-2.6260,0.4733,-0.4580,43.17,On Surface
301050,-0.0215,9.9264,1.3455,-2.4885,0.3664,0.0153,43.31,On Surface
301100,0.0192,9.9695,1.3958,-2.1527,0.4733,-0.1221,43.12,On Surface
301150,-0.0335,9.9096,1.3743,-2.5496,0.6260,-0.3511,43.02,On Surface
301200,-0.0144,9.9000,1.4054,-2.0611,0.7634,-0.0153,43.31,On Surface
301250,-0.0503,9.8881,1.4533,-2.3053,0.1374,-0.0611,43.02,On Surface
301300,-0.0144,9.8833,1.3815,-2.4427,0.0763,0.0153,43.02,On Surface
301350,-0.0024,9.9144,1.3336,-2.3359,0.2290,-0.4122,42.93,On Surface
301400,-0.0335,9.9240,1.3192,-2.3206,0.3664,-0.1527,42.98,On Surface
301450,-0.0192,9.9383,1.3575,-2.4275,0.6870,0.0000,43.02,On Surface
301500,-0.0024,9.9551,1.4222,-2.3664,0.3511,-0.1221,43.26,On Surface
301550,-0.0168,9.9311,1.3384,-2.3969,0.5496,-0.1527,42.98,On Surface
301600,-0.0168,9.9335,1.4222,-2.4580,0.2443,-0.0763,42.93,On Surface
301650,0.0024,9.9264,1.3910,-2.2748,0.4733,-0.2443,42.98,On Surface
301700,-0.0311,9.9503,1.4245,-2.1832,0.3053,-0.0763,43.02,On Surface
301750,-0.0120,9.9288,1.3695,-2.3664,0.3817,-0.2443,43.02,On Surface
301800,-0.0431,9.9335,1.3575,-2.3206,0.4580,-0.1679,42.84,On Surface
301850,-0.0120,9.9000,1.3743,-2.5802,0.3969,0.0153,42.98,On Surface
301900,-0.0335,9.9216,1.3934,-2.2748,0.3664,-0.1832,43.12,On Surface
301950,-0.0359,9.9216,1.3743,-2.5038,0.6565,-0.1679,43.26,On Surface
302000,-0.0263,9.9479,1.4509,-2.3359,0.5191,0.1985,42.98,On Surface
302050,-0.0287,9.9359,1.3934,-2.5649,0.7481,-0.2901,43.35,On Surface
302100,-0.0144,9.9575,1.3815,-2.3664,0.7023,0.0458,43.02,On Surface
302150,0.0239,9.8881,1.3479,-2.5344,0.7786,-0.0763,43.31,On Surface
302200,-0.0144,9.8833,1.3336,-2.4580,0.2595,-0.2443,42.98,On Surface
302250,-0.0144,9.8689,1.4174,-2.3206,0.4733,-0.0458,43.17,On Surface
302300,0.0503,9.9383,1.3671,-2.5496,0.7786,-0.2443,42.93,On Surface
302350,0.0311,9.9264,1.4150,-2.6412,0.5344,-0.2137,43.45,On Surface
302400,0.0120,9.9503,1.3862,-2.5496,0.5649,-0.4122,42.93,On Surface
302450,-0.0239,9.9311,1.3838,-2.5344,0.5954,-0.0763,43.35,On Surface
302500,-0.0072,9.9288,1.3599,-2.1985,0.5496,-0.2137,43.17,On Surface
302550,0.0024,9.9335,1.4030,-2.5954,0.4885,-0.0916,42.98,On Surface
302600,-0.0215,9.9790,1.4126,-2.1679,0.3817,-0.3053,42.98,On Surface
302650,0.0192,9.9335,1.4102,-2.3053,0.2595,-0.1985,43.17,On Surface
302700,-0.0192,9.8976,1.4174,-2.3817,0.4427,-0.1221,43.17,On Surface
302750,-0.0096,9.9168,1.4222,-2.4580,0.5496,-0.2443,42.98,On Surface
302800,-0.0359,9.8904,1.3671,-2.5191,0.6107,-0.0458,42.98,On Surface
302850,-0.0120,9.9072,1.4126,-2.3817,0.4275,-0.0763,43.26,On Surface
302900,0.0000,9.9192,1.3862,-2.4122,0.7176,-0.0916,43.17,On Surface
302950,-0.0383,9.9527,1.4222,-2.6107,0.5038,-0.0916,43.17,On Surface
303000,-0.0024,9.9192,1.3815,-2.5496,0.5191,-0.3511,43.17,On Surface
303050,-0.0335,9.8952,1.3503,-2.3206,0.5649,-0.2748,43.02,On Surface
303100,-0.0072,9.9096,1.3551,-2.3511,0.6412,0.1832,43.02,On Surface
303150,-0.0311,9.9383,1.3743,-2.2901,0.1985,-0.1679,42.79,On Surface
303200,-0.0096,9.9024,1.4102,-2.6718,0.1374,-0.0916,43.12,On Surface
303250,-0.0048,9.9168,1.4461,-2.7176,0.3359,-0.1221,42.98,On Surface
303300,-0.0263,9.8857,1.3647,-2.3969,0.3511,0.1221,42.98,On Surface
303350,-0.0215,9.9168,1.3623,-2.4122,0.2901,0.1221,43.31,On Surface
303400,-0.0215,9.9383,1.3264,-2.4885,0.6107,-0.1221,42.98,On Surface
303450,-0.0287,9.9240,1.3599,-2.3511,0.3359,-0.1527,43.35,On Surface
303500,-0.0287,9.9359,1.2905,-2.1985,0.6565,0.1679,43.35,On Surface
303550,-0.0287,9.9072,1.4365,-2.0916,0.4885,-0.1527,43.02,On Surface
303600,-0.0287,9.9311,1.3408,-2.3511,0.3511,0.0305,43.26,On Surface
303650,-0.0431,9.9072,1.4245,-2.2595,0.3969,-0.0305,43.26,On Surface
303700,-0.0335,9.9072,1.4413,-2.1832,0.5344,-0.1374,42.98,On Surface
303750,-0.0024,9.9264,1.3551,-2.4885,0.5038,-0.0763,43.02,On Surface
303800,-0.0263,9.9359,1.4676,-2.4733,0.4275,-0.1985,42.98,On Surface
303850,-0.0383,9.9311,1.4030,-2.3359,0.6718,-0.0458,42.84,On Surface
303900,-0.0072,9.9144,1.3886,-2.3969,0.3664,-0.1069,43.12,On Surface
303950,-0.0383,9.9527,1.3695,-2.3206,0.4122,-0.3359,43.12,On Surface
304000,-0.0144,9.9192,1.3958,-2.4580,0.6260,-0.1069,43.31,On Surface
304050,-0.0168,9.9264,1.3671,-2.4427,0.2748,-0.0763,43.17,On Surface
304100,-0.0718,9.9144,1.3886,-2.2137,0.6718,-0.0458,42.93,On Surface
304150,-0.0263,9.9288,1.3886,-2.3664,0.4580,0.1221,43.02,On Surface
304200,0.0072,9.9288,1.3527,-2.3053,0.3664,-0.0611,43.26,On Surface
304250,0.0000,9.8737,1.4509,-2.1527,0.4122,0.1679,42.84,On Surface
304300,0.0072,9.9264,1.4317,-2.4427,0.4275,0.0153,42.93,On Surface
304350,-0.0335,9.8928,1.4102,-2.1221,0.6412,0.0763,43.26,On Surface
304400,-0.0168,9.9096,1.4437,-2.1985,0.2595,0.0763,43.12,On Surface
304450,-0.0335,9.9455,1.4126,-2.4122,0.4275,0.0000,43.02,On Surface
304500,-0.0503,9.9718,1.4006,-2.2748,0.5038,0.1221,43.12,On Surface
304550,-0.0527,9.9455,1.3575,-2.4580,0.3817,-0.2901,42.98,On Surface
304600,0.0144,9.8976,1.3503,-2.2290,0.7328,-0.0458,42.98,On Surface
304650,-0.0263,9.9479,1.3958,-2.1527,0.5191,-0.1527,42.93,On Surface
304700,0.0168,9.8952,1.4485,-2.3053,0.1985,-0.1069,43.35,On Surface
304750,-0.0024,9.9216,1.3791,-2.5038,0.3053,-0.1527,43.35,On Surface
304800,-0.0120,9.8928,1.4054,-2.5954,0.1527,0.0611,43.02,On Surface
304850,-0.0551,9.9024,1.3910,-2.4427,0.5649,0.0000,43.26,On Surface
304900,-0.0239,9.9072,1.3551,-2.3664,0.6565,-0.0153,43.02,On Surface
304950,-0.0096,9.9359,1.3982,-2.6107,0.5649,-0.1679,42.98,On Surface
305000,-0.0168,9.9240,1.4102,-2.5496,0.5649,-0.0763,43.26,On Surface
305050,-0.0096,9.9120,1.3575,-2.3359,0.5649,-0.2595,43.35,On Surface
305100,-0.0215,9.9288,1.4006,-2.5191,0.7786,-0.3511,43.17,On Surface
305150,-0.0215,9.9455,1.3838,-2.4122,0.6260,-0.0916,42.98,On Surface
305200,-0.0239,9.9383,1.3671,-2.4733,0.7328,-0.1679,43.31,On Surface
305250,-0.0215,9.9168,1.3671,-2.3206,0.2748,-0.1221,42.98,On Surface
305300,0.0168,9.9000,1.3479,-2.4275,0.5038,-0.1069,42.98,On Surface
305350,-0.0215,9.9072,1.4293,-2.3053,0.2748,-0.2901,43.12,On Surface
305400,0.0263,9.8952,1.4006,-2.1679,0.2901,-0.3359,42.98,On Surface
305450,-0.0551,9.8665,1.3815,-2.6260,0.5191,0.1069,43.35,On Surface
305500,-0.0359,9.9168,1.3431,-2.3359,0.6260,-0.1679,42.93,On Surface
305550,-0.0335,9.9096,1.3719,-2.4885,0.3664,-0.2748,42.98,On Surface
305600,-0.0215,9.9024,1.3288,-2.5649,0.3206,-0.0611,43.02,On Surface
305650,0.0000,9.9096,1.3815,-2.4122,0.6565,-0.1832,43.12,On Surface
305700,-0.0168,9.9216,1.3719,-2.4122,0.5344,-0.2748,43.02,On Surface
305750,-0.0120,9.8857,1.4126,-2.4122,0.3817,-0.1985,43.02,On Surface
305800,0.0120,9.8497,1.3743,-2.4122,0.3969,-0.1679,43.12,On Surface
305850,-0.0024,9.8976,1.4533,-2.6870,0.5038,-0.3359,43.31,On Surface
305900,-0.0215,9.9264,1.4030,-2.3053,0.6870,-0.1832,42.93,On Surface
305950,-0.0263,9.9192,1.3384,-2.3359,0.7939,-0.1985,43.31,On Surface
306000,-0.0311,9.9264,1.3767,-2.3206,0.3969,-0.3206,43.02,On Surface
306050,-0.0455,9.9144,1.4078,-2.3817,0.4275,-0.1374,43.12,On Surface
306100,-0.0646,9.9240,1.3408,-2.2595,0.4427,0.1221,43.17,On Surface
306150,-0.0144,9.8857,1.3743,-2.3969,0.2290,-0.0916,43.02,On Surface
306200,-0.0335,9.9096,1.3384,-2.3664,0.6412,0.0305,43.26,On Surface
306250,-0.0287,9.9024,1.4365,-2.4733,0.7481,-0.2748,43.02,On Surface
306300,0.0120,9.9120,1.4054,-2.4885,0.4275,-0.2901,43.12,On Surface
306350,-0.0311,9.9048,1.4054,-2.6260,0.6412,0.0153,43.26,On Surface
306400,-0.0120,9.9168,1.3815,-2.5191,0.5344,-0.0153,43.12,On Surface
306450,0.0192,9.9431,1.3623,-2.3359,0.5954,-0.1221,43.31,On Surface
306500,-0.0335,9.9000,1.3862,-2.4427,0.4122,-0.1832,43.12,On Surface
306550,0.0168,9.9024,1.4245,-2.4427,0.6260,-0.1527,43.02,On Surface
306600,-0.0192,9.9359,1.3599,-2.4733,0.4122,0.0763,43.35,On Surface
306650,-0.0455,9.9479,1.4676,-2.4580,0.3359,-0.1069,42.98,On Surface
306700,-0.0359,9.9575,1.3719,-2.1832,0.6107,-0.1374,42.98,On Surface
306750,0.0048,9.9072,1.3743,-2.5191,0.4275,0.0153,42.98,On Surface
306800,-0.0192,9.9264,1.3647,-2.3511,0.6260,-0.0305,42.98,On Surface
306850,-0.0407,9.9000,1.4078,-2.5954,0.3969,-0.1221,43.26,On Surface
306900,-0.0215,9.9383,1.3838,-2.5496,0.0458,0.0611,43.26,On Surface
306950,-0.0287,9.9910,1.3647,-2.4733,0.5954,0.1221,43.31,On Surface
307000,-0.0120,9.9599,1.3743,-2.3664,0.4427,-0.0763,42.60,On Surface
307050,-0.0479,9.9551,1.4102,-2.4427,0.5802,-0.3053,42.98,On Surface
307100,-0.0287,9.8689,1.4581,-2.1221,0.5191,-0.1679,43.02,On Surface
307150,0.0000,9.9192,1.4317,-2.3817,0.3969,-0.1374,42.98,On Surface
307200,0.0144,9.8952,1.3408,-2.2290,0.3206,-0.0458,43.26,On Surface
307250,0.0215,9.9240,1.4868,-2.4427,0.2901,-0.0611,42.84,On Surface
307300,-0.0120,9.9096,1.4030,-2.1985,0.6870,-0.2748,43.12,On Surface
307350,-0.0096,9.9838,1.3838,-2.3969,0.5038,0.0153,43.17,On Surface
307400,-0.0239,9.9359,1.3288,-2.3359,0.7176,-0.1985,43.02,On Surface
307450,-0.0311,9.9814,1.3503,-2.3359,0.7176,-0.2595,42.84,On Surface
307500,-0.0359,9.9359,1.4317,-2.0763,0.5038,-0.1374,42.93,On Surface
307550,-0.0575,9.9120,1.3910,-2.1832,0.3359,0.1221,43.26,On Surface
307600,-0.0048,9.9240,1.3815,-2.5954,0.2595,-0.3053,43.02,On Surface
307650,-0.0311,9.9072,1.3886,-2.0916,0.2901,-0.1985,43.31,On Surface
307700,-0.0192,9.9216,1.4509,-2.3511,0.6718,-0.1985,43.12,On Surface
307750,-0.0335,9.9455,1.3695,-2.5496,0.6412,-0.0916,43.26,On Surface
307800,0.0048,9.9240,1.3910,-2.2290,0.4122,-0.1832,42.98,On Surface
307850,-0.0168,9.9431,1.3934,-2.2748,0.4733,-0.0763,43.12,On Surface
307900,-0.0048,9.9551,1.3695,-2.4885,0.2137,-0.0305,43.12,On Surface
307950,-0.0455,9.9359,1.3336,-2.0763,0.7634,-0.4885,43.45,On Surface
308000,-0.0287,10.0006,1.3575,-2.1985,0.4427,0.0000,43.02,On Surface
308051,0.0096,9.9335,1.4126,-2.5038,0.4122,-0.2901,42.98,On Surface
308101,-0.0168,9.9000,1.4509,-2.2290,0.3511,-0.0153,43.02,On Surface
308151,0.0000,9.9048,1.4198,-2.1832,0.5191,-0.1374,43.35,On Surface
308201,-0.0144,9.9144,1.3192,-2.5954,0.4122,-0.1679,43.12,On Surface
308251,-0.0215,9.9120,1.3838,-2.2901,0.2748,0.1985,43.02,On Surface
308301,-0.0096,9.8904,1.3791,-2.3664,0.7481,-0.0458,43.17,On Surface
308351,-0.0096,9.9144,1.3240,-2.3053,0.5344,-0.2137,43.12,On Surface
308401,-0.0048,9.9383,1.3623,-2.2901,0.4580,-0.0458,43.17,On Surface
308451,-0.0144,9.9503,1.3384,-2.3511,0.6260,-0.1374,43.02,On Surface
308501,-0.0287,9.9455,1.4174,-2.4733,0.5496,-0.1069,43.02,On Surface
308551,-0.0359,9.9407,1.4341,-2.3817,0.3359,-0.0153,43.26,On Surface
308601,0.0287,9.8761,1.3527,-2.4580,0.5954,0.0458,43.31,On Surface
308651,0.0192,9.8881,1.4317,-2.4580,0.4122,-0.2748,43.26,On Surface
308701,-0.0024,9.9216,1.3934,-2.4427,0.2595,0.1221,43.12,On Surface
308751,-0.0144,9.9120,1.3479,-2.5954,0.3969,0.0305,43.17,On Surface
308801,0.0048,9.8928,1.3024,-2.5496,0.7328,0.1374,42.98,On Surface
308851,-0.0527,9.9216,1.3527,-2.5649,0.4885,-0.0305,43.17,On Surface
308901,-0.0455,9.9383,1.4269,-2.1374,0.7481,-0.2290,43.12,On Surface
308951,-0.0192,9.9288,1.3647,-2.4122,0.6565,-0.0763,43.12,On Surface
309014,-0.0694,9.9288,1.4126,-2.3969,0.6412,0.0305,43.17,On Surface
309064,-0.0527,9.9120,1.3958,-2.2748,0.5496,-0.0153,43.12,On Surface
309114,-0.0383,9.9407,1.3743,-2.3817,0.4885,0.0763,43.12,On Surface
309164,-0.0311,9.9144,1.3791,-2.3664,0.4275,-0.0611,42.93,On Surface
309214,-0.0287,9.9168,1.4078,-2.4580,0.3053,-0.0153,42.98,On Surface
309264,-0.0072,9.9216,1.3815,-2.2595,0.3053,0.3664,43.26,On Surface
309314,-0.0072,9.9048,1.3599,-2.4122,0.4275,-0.3206,43.02,On Surface
309364,-0.0431,9.9024,1.4174,-2.2901,0.3969,-0.1832,42.98,On Surface
309414,0.0000,9.9383,1.3647,-2.3053,0.6718,-0.2901,43.17,On Surface
309464,-0.0407,9.9695,1.3455,-2.2748,0.5496,-0.1985,43.02,On Surface
309514,-0.0527,9.9431,1.3862,-2.2595,0.6870,-0.1374,43.26,On Surface
309564,-0.0455,9.9240,1.4006,-2.3206,0.6260,-0.1679,42.93,On Surface
309614,-0.0215,9.9695,1.4222,-2.0763,0.3969,-0.2748,43.02,On Surface
309664,0.0168,9.9359,1.3910,-2.3359,0.4580,0.1679,43.12,On Surface
309714,-0.0215,9.9000,1.3838,-2.0305,0.4122,-0.1221,42.98,On Surface
309764,0.0000,9.9264,1.3264,-2.5191,0.4580,-0.1985,42.93,On Surface
309814,-0.0503,9.8833,1.4341,-2.6260,0.6260,-0.1527,43.26,On Surface
309864,-0.0335,9.9551,1.3791,-2.3664,0.4427,0.1527,43.31,On Surface
309914,-0.0335,9.9455,1.3767,-2.5802,0.5344,-0.0763,43.12,On Surface
309964,-0.0335,9.9575,1.3336,-2.2137,0.8092,0.1374,43.31,On Surface
310014,-0.0311,9.9503,1.3623,-2.4580,0.1374,-0.2443,43.35,On Surface
310064,-0.0239,9.9359,1.3455,-2.3359,0.5649,-0.1985,43.31,On Surface
310114,-0.0287,9.9814,1.4150,-2.3206,0.4885,0.0611,42.65,On Surface
310164,0.0359,9.9335,1.4126,-2.3511,0.4427,0.0305,43.17,On Surface
310214,-0.0096,9.8904,1.4102,-2.4580,0.4580,-0.1374,43.26,On Surface
310264,0.0215,9.9407,1.4605,-2.1832,0.5038,-0.1527,43.17,On Surface
310314,-0.0335,9.9120,1.3958,-2.5191,0.3817,0.0458,43.12,On Surface
310364,-0.0120,9.9527,1.4078,-2.2137,0.4427,-0.1527,43.26,On Surface
310414,-0.0311,9.9647,1.3647,-2.2748,0.5191,-0.1374,43.35,On Surface
310464,-0.0120,9.9192,1.3240,-2.3359,0.3969,-0.2443,43.31,On Surface
310514,-0.0431,9.9742,1.2857,-2.2901,0.7023,-0.0305,42.84,On Surface
310564,-0.0192,9.9527,1.3695,-2.5344,0.5649,-0.1985,42.93,On Surface
310614,-0.0144,9.9311,1.3838,-2.5038,0.3969,-0.2137,43.31,On Surface
310664,0.0048,9.8976,1.4413,-2.3206,0.4275,0.1069,43.35,On Surface
310714,0.0479,9.8761,1.3982,-2.6260,0.4122,-0.1527,42.98,On Surface
310764,0.0120,9.9168,1.3671,-2.2748,0.8244,-0.0916,43.02,On Surface
310814,-0.0144,9.9024,1.4557,-2.3817,0.5191,0.0153,43.17,On Surface
310864,-0.0263,9.9072,1.3815,-2.6412,0.3206,-0.2137,43.02,On Surface
310914,-0.0192,9.9311,1.4533,-2.5649,0.5191,-0.0916,43.02,On Surface
310964,0.0144,9.9527,1.4150,-2.5191,0.4580,0.2748,43.12,On Surface
311014,0.0048,9.9168,1.3384,-2.1527,0.7481,-0.0916,43.12,On Surface
311064,0.0072,9.9335,1.4030,-2.5038,0.5802,-0.3359,43.31,On Surface
311114,-0.0335,9.8928,1.3288,-2.3206,0.3206,-0.2748,43.02,On Surface
311164,0.0287,9.9144,1.3743,-2.4580,0.7786,0.0305,42.79,On Surface
311214,-0.0120,9.9024,1.3934,-2.5038,0.3969,-0.1527,42.93,On Surface
311264,-0.0168,9.8904,1.4533,-2.3359,0.6107,0.0458,43.12,On Surface
311314,-0.0096,9.8928,1.3934,-2.5802,0.4580,0.0763,43.17,On Surface
311364,0.0383,9.9264,1.3551,-2.5191,0.4122,-0.3664,43.12,On Surface
311414,0.0000,9.9120,1.3551,-2.3664,0.4122,-0.1069,43.17,On Surface
311464,-0.0311,9.9431,1.4341,-2.5954,0.7786,-0.1374,43.17,On Surface
311514,-0.0168,9.9216,1.3695,-2.1832,0.6565,-0.0458,43.35,On Surface
311564,0.0192,9.9120,1.4222,-2.6870,0.1679,0.1069,43.17,On Surface
311614,-0.0407,9.9527,1.4030,-2.5191,0.7939,-0.3053,43.26,On Surface
311664,-0.0551,9.9240,1.4078,-2.3206,0.1832,-0.2137,43.45,On Surface
311714,-0.0120,9.9240,1.4245,-2.6870,0.4580,-0.1374,43.35,On Surface
311764,0.0024,9.9216,1.3503,-2.2748,0.4885,-0.1832,43.12,On Surface
311814,-0.0144,9.9240,1.3431,-2.1374,0.3969,-0.0916,43.35,On Surface
311864,-0.0239,9.9359,1.3791,-2.5649,0.3053,-0.0611,43.02,On Surface
311914,-0.0287,9.9216,1.3431,-2.3817,0.1679,0.1221,43.12,On Surface
311964,-0.0551,9.9192,1.3838,-2.6718,0.6107,-0.2595,43.12,On Surface
312014,-0.0455,9.9240,1.3671,-2.4427,0.7176,0.0305,43.35,On Surface
312064,-0.0144,9.9311,1.3982,-2.2595,0.4733,-0.0153,43.26,On Surface
312114,-0.0407,9.9383,1.3599,-2.1679,0.5038,-0.1069,43.02,On Surface
312164,-0.0263,9.9192,1.4293,-2.3053,0.5038,-0.1221,43.17,On Surface
312214,-0.0527,9.9168,1.4461,-2.6718,0.5191,0.2748,42.84,On Surface
312264,-0.0168,9.9120,1.3910,-2.5496,0.4122,-0.3053,43.02,On Surface
312314,-0.0239,9.9144,1.4509,-2.3664,0.2443,-0.1221,43.02,On Surface
312364,-0.0168,9.9144,1.3360,-2.4122,0.3969,-0.1374,42.98,On Surface
312414,-0.0192,9.9479,1.4150,-2.4122,0.7634,-0.0763,43.02,On Surface
312464,-0.0120,9.9216,1.3838,-2.1679,0.7786,-0.0153,42.93,On Surface
312514,-0.0335,9.9575,1.3168,-2.2443,0.5496,0.0305,43.02,On Surface
312564,-0.0359,9.9359,1.3336,-2.3511,0.5191,-0.0458,43.26,On Surface
312614,-0.0263,9.8904,1.3815,-2.1832,0.4275,-0.2748,43.12,On Surface
312664,-0.0120,9.9216,1.4629,-2.3053,0.5649,0.1374,43.12,On Surface
312714,-0.0024,9.8928,1.3910,-2.2137,0.1527,0.0916,43.12,On Surface
312764,-0.0120,9.8976,1.3767,-2.3053,0.4580,0.0916,43.02,On Surface
312814,0.0192,9.9048,1.4030,-2.3969,0.5496,-0.0305,43.26,On Surface
312864,-0.0359,9.9479,1.3623,-2.3511,0.5649,0.1679,43.12,On Surface
312914,-0.0192,9.9551,1.3599,-2.6412,0.5344,0.0916,42.74,On Surface
312964,-0.0479,9.9359,1.4174,-2.3969,0.6412,-0.2595,43.17,On Surface
313014,-0.0551,9.9264,1.3815,-2.0305,0.7786,0.0458,43.17,On Surface
313064,-0.0215,9.9431,1.4269,-2.2748,0.4275,-0.1679,43.31,On Surface
313114,-0.0215,9.9096,1.3862,-2.3969,0.3206,-0.1069,43.31,On Surface
313164,-0.0287,9.8761,1.4581,-2.3817,0.4427,-0.1679,43.17,On Surface
313214,-0.0096,9.8569,1.3982,-2.1985,0.3511,-0.2443,43.31,On Surface
313264,0.0072,9.8641,1.4245,-2.3053,0.4275,-0.1221,43.02,On Surface
313314,-0.0120,9.8928,1.3527,-2.3817,0.5802,0.0305,43.02,On Surface
313364,-0.0215,9.9479,1.3455,-2.2443,0.4427,-0.2748,43.02,On Surface
313414,-0.0072,9.9359,1.3982,-2.4580,0.5038,-0.1679,43.02,On Surface
313464,-0.0383,9.9264,1.3360,-2.3053,0.2443,-0.1527,43.12,On Surface
313514,-0.0455,9.9455,1.3719,-2.2901,0.5191,-0.1985,43.02,On Surface
313564,-0.0479,9.9431,1.3695,-2.4427,0.2748,-0.2443,43.02,On Surface
313614,-0.0072,9.9096,1.4198,-2.5191,0.3053,-0.1221,43.31,On Surface
313664,0.0024,9.8976,1.3623,-2.2137,0.2901,-0.0916,43.17,On Surface
313714,-0.0192,9.9168,1.3384,-2.4427,0.6870,0.0611,43.17,On Surface
313764,-0.0311,9.9359,1.3575,-2.4427,0.3206,0.0153,43.26,On Surface
313814,-0.0072,9.9431,1.4293,-1.9847,0.5649,-0.1527,43.31,On Surface
313864,0.0000,9.9288,1.3599,-2.3969,0.6870,0.0458,43.12,On Surface
313914,-0.0311,9.9072,1.4198,-2.5802,0.5649,-0.0916,43.17,On Surface
313964,0.0048,9.9192,1.3599,-2.3359,0.7176,-0.2290,43.12,On Surface
314014,-0.0575,9.9479,1.3743,-2.5038,0.6107,-0.1527,43.26,On Surface
314064,-0.0287,9.9048,1.3264,-2.0153,0.5344,-0.0916,43.12,On Surface
314114,-0.0024,9.8952,1.4198,-2.5649,0.5191,-0.0611,43.02,On Surface
314164,-0.0096,9.8952,1.4150,-2.5954,0.4427,0.0611,42.98,On Surface
314214,0.0144,9.9120,1.3599,-2.3511,0.5038,-0.3817,43.31,On Surface
314264,-0.0144,9.9144,1.3743,-2.4885,0.3206,0.0916,43.12,On Surface
314314,0.0000,9.9072,1.4389,-2.2901,0.2901,-0.0763,42.93,On Surface
314364,-0.0383,9.9192,1.3767,-2.3511,0.5038,0.2137,43.02,On Surface
314414,-0.0096,9.8928,1.3791,-2.4733,0.6870,0.0458,43.17,On Surface
314464,-0.0383,9.9383,1.3479,-2.5954,0.4733,-0.2595,43.17,On Surface
314514,-0.0455,9.9407,1.3886,-2.3817,1.0382,-0.2595,43.02,On Surface
314564,-0.0144,9.8881,1.3551,-2.2595,0.7328,-0.0153,43.31,On Surface
314614,0.0239,9.9264,1.3767,-1.9847,0.5954,-0.0763,42.84,On Surface
314664,-0.0192,9.9168,1.3599,-2.4580,0.5649,-0.0763,43.12,On Surface
314714,0.0120,9.9072,1.3791,-2.3817,0.4580,-0.0153,43.02,On Surface
314764,-0.0192,9.8976,1.3791,-2.4275,0.4122,0.1527,42.93,On Surface
314814,-0.0024,9.9024,1.4150,-2.1527,0.4122,-0.1374,42.93,On Surface
314864,-0.0120,9.9168,1.4126,-2.5344,0.6260,0.0153,43.17,On Surface
314914,-0.0359,9.9240,1.3815,-2.1679,0.5191,-0.0458,42.98,On Surface
314964,-0.0239,9.9264,1.3743,-2.5802,0.3359,-0.1679,43.02,On Surface
315014,-0.0192,9.9575,1.4174,-2.1374,0.3969,-0.2290,42.84,On Surface
315064,0.0192,9.9383,1.3575,-2.4580,0.5344,-0.3817,43.02,On Surface
315114,-0.0407,9.8976,1.4461,-2.1527,0.5038,-0.0763,43.26,On Surface
315164,-0.0431,9.9024,1.4198,-2.4580,0.5649,0.0153,43.02,On Surface
315214,-0.0144,9.8809,1.4293,-2.1374,0.0153,-0.0458,43.12,On Surface
315264,0.0072,9.8952,1.3862,-2.2748,0.3664,-0.1985,43.26,On Surface
315314,-0.0455,9.9335,1.4102,-2.1069,0.6260,-0.2901,42.93,On Surface
315364,-0.0096,9.9311,1.4102,-2.3969,0.5191,0.1374,43.12,On Surface
315414,-0.0239,9.9288,1.3671,-2.5496,0.2748,-0.1374,42.74,On Surface
315464,-0.0192,9.9455,1.3791,-2.5038,0.6107,0.0458,43.26,On Surface
315514,-0.0192,9.9407,1.4198,-2.2443,0.5802,-0.2137,43.35,On Surface
315564,-0.0239,9.9311,1.3623,-2.1832,0.3969,0.0153,43.45,On Surface
315614,-0.0335,9.8881,1.3982,-2.1679,0.5496,-0.0305,42.98,On Surface
315664,0.0192,9.8928,1.4126,-2.2290,0.4275,-0.0763,43.02,On Surface
315714,-0.0192,9.8857,1.4126,-2.3664,0.3817,-0.0305,43.12,On Surface
315764,-0.0407,9.9288,1.4437,-2.4122,0.4122,-0.2290,42.98,On Surface
315814,0.0096,9.9311,1.3551,-2.5802,0.3664,0.1679,42.98,On Surface
315864,-0.0144,9.9503,1.3862,-2.4275,0.1832,-0.2901,43.02,On Surface
315914,-0.0168,9.9575,1.3503,-2.2443,0.5191,0.1527,43.12,On Surface
315964,-0.0144,9.9766,1.4557,-2.4275,0.5649,-0.0611,43.02,On Surface
316014,-0.0239,9.9383,1.3336,-2.3359,0.5344,-0.0611,43.17,On Surface
316064,-0.0479,9.9264,1.3934,-2.2901,0.2290,-0.3969,43.45,On Surface
316114,-0.0144,9.9742,1.3575,-2.1985,0.3053,-0.3053,43.17,On Surface
316164,-0.0024,9.9048,1.4030,-2.4122,-0.0305,-0.1069,43.02,On Surface
316214,-0.0503,9.8713,1.4198,-2.3359,0.2748,-0.2290,42.98,On Surface
316264,-0.0192,9.9048,1.4030,-2.3359,0.4733,-0.1679,43.17,On Surface
316314,-0.0168,9.9192,1.3838,-2.2901,0.5038,0.0763,43.02,On Surface
316364,-0.0144,9.9359,1.3958,-2.3969,0.5496,0.0000,42.98,On Surface
316414,-0.0048,9.9455,1.4222,-2.4885,0.2748,-0.0763,43.02,On Surface
316464,-0.0455,9.9455,1.3886,-2.3969,0.4733,-0.1374,43.12,On Surface
316514,-0.0359,9.9335,1.3791,-2.2901,0.3359,-0.0763,43.45,On Surface
316564,-0.0096,9.9000,1.3743,-2.2748,0.5038,-0.3206,43.12,On Surface
316614,-0.0383,9.9240,1.3575,-2.3664,0.2137,-0.2595,43.12,On Surface
316664,-0.0599,9.9072,1.3886,-2.4733,0.4427,-0.2748,43.26,On Surface
316714,0.0072,9.9048,1.3934,-2.3969,0.4122,0.0458,43.26,On Surface
316764,-0.0215,9.9096,1.3743,-2.6870,0.4122,-0.0305,43.45,On Surface
316814,-0.0072,9.9168,1.4006,-2.4122,0.3511,-0.1527,43.17,On Surface
316864,-0.0144,9.9455,1.3384,-2.3511,0.3511,-0.0611,43.02,On Surface
316914,-0.0311,9.9359,1.3503,-2.4580,0.5038,0.0916,42.98,On Surface
316964,-0.0096,9.9407,1.3695,-2.3664,0.1221,0.1374,42.84,On Surface
317014,-0.0239,9.9575,1.3886,-2.5649,0.3817,-0.2901,43.26,On Surface
317064,-0.0096,9.9503,1.4724,-2.5344,0.1527,-0.1069,42.84,On Surface
317114,0.0072,9.9048,1.3886,-2.2443,0.3817,-0.0916,43.17,On Surface
317164,0.0503,9.9383,1.3623,-2.0458,0.4885,0.0763,43.02,On Surface
317214,0.0024,9.8737,1.4269,-2.4580,0.4275,-0.1679,43.17,On Surface
317264,-0.0263,9.8952,1.3551,-2.5954,0.4580,-0.1832,43.12,On Surface
317314,-0.0407,9.9120,1.3982,-2.3053,0.5191,-0.2901,43.31,On Surface
317364,-0.0335,9.9024,1.3791,-2.1221,0.3511,-0.2443,42.84,On Surface
317414,0.0048,9.9000,1.4269,-2.3969,0.5802,-0.4275,43.02,On Surface
317464,0.0144,9.9359,1.3934,-2.5802,0.5344,-0.1527,43.26,On Surface
317514,0.0096,9.9240,1.3408,-2.3511,0.3969,-0.0916,43.02,On Surface
317564,-0.0048,9.9072,1.3527,-2.2901,0.6565,-0.3359,43.17,On Surface
317614,-0.0096,9.9335,1.3599,-2.5038,0.4885,-0.3053,43.12,On Surface
317664,-0.0383,9.9216,1.4533,-2.3053,0.4275,-0.0153,43.17,On Surface
317714,-0.0263,9.8809,1.4054,-2.4427,0.5496,-0.0916,42.98,On Surface
317764,-0.0192,9.9024,1.4772,-2.3664,0.4427,0.0153,43.35,On Surface
317814,-0.0287,9.9288,1.4413,-2.4733,0.2901,-0.2290,43.26,On Surface
317864,-0.0144,9.8904,1.3671,-2.4122,0.7634,-0.3359,43.35,On Surface
317914,-0.0120,9.9647,1.3216,-2.2748,0.5038,0.0153,43.17,On Surface
317964,-0.0215,9.9120,1.3384,-2.5191,0.5344,-0.0763,42.98,On Surface
318014,-0.0383,9.9359,1.3767,-2.5649,0.5954,-0.1221,43.31,On Surface
318064,-0.0359,9.9072,1.3431,-2.5649,0.5038,-0.1679,42.98,On Surface
318114,-0.0287,9.9024,1.3551,-2.3359,0.3053,-0.1832,43.02,On Surface
318164,-0.0192,9.9407,1.3623,-2.3359,0.6412,-0.2137,42.93,On Surface
318214,-0.0263,9.9359,1.4605,-2.6260,0.3511,-0.3206,42.98,On Surface
318264,0.0024,9.8665,1.3886,-2.3053,0.5191,-0.1221,43.02,On Surface
318314,-0.0120,9.9240,1.3958,-2.3969,0.3053,-0.1374,43.02,On Surface
318364,-0.0144,9.8928,1.4341,-2.4275,0.6870,-0.3511,42.98,On Surface
318414,-0.0168,9.9311,1.3671,-2.2901,0.5496,0.0611,43.02,On Surface
318464,-0.0215,9.9216,1.3479,-2.4580,0.3511,-0.0611,43.35,On Surface
318514,0.0263,9.9623,1.4341,-2.5191,0.5649,-0.1069,43.02,On Surface
318564,-0.0575,9.9216,1.3599,-2.0916,0.4885,-0.0916,43.35,On Surface
318614,-0.0479,9.9264,1.3479,-2.0763,0.7328,-0.0458,42.98,On Surface
318664,-0.0527,9.8689,1.4006,-2.3969,0.7786,0.0458,43.26,On Surface
318714,-0.0024,9.8833,1.4102,-2.4122,0.7023,-0.0153,43.02,On Surface
318764,-0.0024,9.8713,1.3910,-2.0916,0.5191,-0.1679,43.17,On Surface
318814,0.0168,9.8833,1.3623,-2.6412,0.3359,-0.1527,43.02,On Surface
318864,-0.0168,9.9168,1.4317,-2.5038,0.4275,-0.0458,42.84,On Surface
318914,0.0096,9.9695,1.3527,-2.4427,0.5038,-0.3206,43.12,On Surface
318964,-0.0287,9.9479,1.3791,-2.4275,0.4733,0.0153,43.31,On Surface
319014,-0.0527,9.9503,1.4293,-2.4427,0.7939,-0.3053,43.02,On Surface
319064,-0.0024,9.9551,1.3982,-2.4122,0.2443,-0.1374,42.93,On Surface
319114,-0.0575,9.9575,1.3743,-1.9542,0.4122,-0.2901,43.12,On Surface
319164,-0.0383,9.9024,1.4102,-2.2901,0.6565,-0.1679,43.02,On Surface
319214,0.0215,9.9120,1.3958,-2.0000,0.3359,-0.0763,42.98,On Surface
319264,0.0311,9.9240,1.3431,-2.4275,0.6870,-0.0611,43.35,On Surface
319314,-0.0024,9.9431,1.3695,-2.2443,0.5802,-0.0611,43.17,On Surface
319364,-0.0239,9.8952,1.3791,-2.5802,0.4885,-0.0305,43.12,On Surface
319414,-0.0168,9.9000,1.3815,-2.2443,0.5344,-0.1069,43.31,On Surface
319464,-0.0503,9.9192,1.3838,-2.3511,0.6565,-0.0458,43.26,On Surface
319514,-0.0287,9.9407,1.3288,-2.2137,0.5344,-0.0763,42.93,On Surface
319564,-0.0048,9.8833,1.3527,-2.1374,0.5038,0.0916,43.45,On Surface
319614,-0.0144,9.9455,1.3838,-2.3817,0.4122,0.0458,43.02,On Surface
319664,-0.0024,9.9311,1.3958,-2.2137,0.4427,-0.4427,43.31,On Surface
319714,0.0192,9.9264,1.3934,-2.3664,0.2137,0.1374,42.98,On Surface
319764,-0.0072,9.9096,1.3910,-2.3664,0.2595,-0.0916,43.17,On Surface
319814,-0.0096,9.9335,1.4150,-2.1985,0.5496,0.0153,43.31,On Surface
319864,-0.0144,9.9216,1.3479,-2.3206,0.4427,-0.2443,43.17,On Surface
319914,0.0024,9.9383,1.3503,-2.4580,0.3817,-0.0916,43.12,On Surface
319964,-0.0287,9.9575,1.3599,-2.3664,0.4733,0.0458,43.02,On Surface
320014,-0.0263,9.9479,1.4245,-2.3053,0.3817,-0.5191,42.93,On Surface
320064,-0.0168,9.9575,1.3958,-2.3969,0.4122,-0.5038,42.93,On Surface
320114,0.0000,9.9096,1.3862,-2.3511,0.5191,-0.3053,43.17,On Surface
320164,0.0120,9.9216,1.3982,-2.2901,0.3969,-0.0153,42.98,On Surface
320214,0.0024,9.9192,1.3503,-2.3969,0.6718,-0.1985,43.02,On Surface
320264,-0.0144,9.9288,1.4724,-2.4122,0.3053,-0.0763,43.02,On Surface
320314,0.0072,9.9192,1.3503,-2.2443,0.5191,-0.0611,42.98,On Surface
320364,-0.0048,9.9359,1.3623,-2.3206,0.6107,0.0000,42.93,On Surface
320414,-0.0096,9.9311,1.3001,-2.3817,0.4580,-0.0916,43.02,On Surface
320464,0.0215,9.9431,1.3862,-2.3511,0.3969,-0.1527,43.35,On Surface
320514,-0.0551,9.9479,1.4509,-2.6412,0.1832,-0.0153,43.12,On Surface
320564,-0.0479,9.9335,1.3336,-2.3664,0.5191,-0.4427,43.17,On Surface
320614,0.0311,9.9455,1.3695,-2.4733,0.7176,-0.2901,43.02,On Surface
320664,-0.0239,9.9479,1.4341,-2.1985,0.6260,-0.1374,43.02,On Surface
320714,-0.0215,9.9407,1.3791,-2.3053,0.4885,0.0153,42.98,On Surface
320764,-0.0096,9.9120,1.4174,-2.4122,0.1985,-0.1069,42.98,On Surface
320814,-0.0192,9.9144,1.4126,-2.1374,0.5649,-0.2290,43.02,On Surface
320864,0.0144,9.9144,1.4269,-2.4122,0.6107,-0.1221,43.31,On Surface
320914,0.0239,9.9072,1.3623,-2.5802,0.2901,-0.4275,43.02,On Surface
320964,0.0024,9.9623,1.3886,-2.3664,0.5649,-0.0153,43.12,On Surface
321014,-0.0215,9.9192,1.3623,-2.4580,0.7023,0.0000,43.26,On Surface
321064,-0.0479,9.9671,1.4054,-2.6260,0.4733,-0.0611,43.17,On Surface
321114,0.0000,9.9455,1.3791,-2.3817,0.5038,-0.2137,42.98,On Surface
321164,0.0024,9.9264,1.3623,-2.5191,0.8397,-0.3664,42.98,On Surface
321214,-0.0096,9.9288,1.4413,-2.5344,0.3053,-0.0916,43.31,On Surface
321264,0.0168,9.8857,1.3838,-2.4885,0.4885,-0.3053,43.02,On Surface
321314,0.0239,9.9168,1.4317,-2.5496,0.5802,-0.1832,42.65,On Surface
321364,-0.0096,9.9144,1.3934,-2.4275,0.5191,-0.4885,42.93,On Surface
321414,0.0287,9.9144,1.3934,-2.4580,0.3206,-0.1221,43.17,On Surface
321464,-0.0048,9.9024,1.3791,-2.3664,0.5802,-0.2595,43.26,On Surface
321514,-0.0144,9.9407,1.3551,-2.3053,0.4733,0.1069,43.31,On Surface
321564,-0.0383,9.9311,1.4102,-2.4885,0.2595,-0.2443,43.02,On Surface
321614,-0.0192,9.8976,1.3192,-2.5802,0.5191,-0.2595,42.93,On Surface
321664,-0.0168,9.9000,1.4293,-2.3664,0.4580,-0.2595,43.31,On Surface
321714,-0.0168,9.9311,1.3958,-2.4275,0.4885,-0.1221,43.12,On Surface
321764,-0.0215,9.9048,1.3982,-2.1221,0.5954,-0.3206,43.12,On Surface
321814,-0.0311,9.9192,1.4150,-2.3206,0.2290,-0.1374,43.45,On Surface
321864,-0.0239,9.9144,1.3743,-2.3206,0.5344,-0.1985,43.26,On Surface
321914,0.0000,9.9120,1.3719,-2.3817,0.4885,0.2137,43.02,On Surface
321964,-0.0072,9.8881,1.3767,-2.3511,0.3969,-0.0153,43.12,On Surface
322014,-0.0383,9.9479,1.3767,-2.5649,0.2290,-0.1527,42.98,On Surface
322064,-0.0287,9.9359,1.3072,-2.4122,0.5038,-0.1527,43.17,On Surface
322114,-0.0670,9.9240,1.3623,-2.4122,0.3664,-0.0763,42.93,On Surface
322164,-0.0335,9.9431,1.3503,-2.3969,0.5496,-0.5038,43.02,On Surface
322214,-0.0120,9.9359,1.4102,-2.3206,0.6412,-0.1832,42.84,On Surface
322264,-0.0431,9.9455,1.3336,-2.2901,0.5344,-0.3206,43.35,On Surface
322314,-0.0431,9.9048,1.3934,-2.4275,0.6107,-0.0611,42.93,On Surface
322364,-0.0263,9.9288,1.3862,-2.1679,0.6718,0.0000,42.98,On Surface
322414,-0.0239,9.9048,1.3599,-2.3511,0.1374,-0.1069,43.17,On Surface
322464,0.0072,9.9072,1.3767,-2.2290,0.7939,-0.1069,43.31,On Surface
322514,-0.0096,9.9192,1.4245,-2.5496,0.4275,-0.2901,43.02,On Surface
322564,-0.0335,9.9264,1.4198,-2.3053,0.3969,0.0763,43.12,On Surface
322614,-0.0215,9.9383,1.3910,-2.1832,0.4733,-0.1679,43.02,On Surface
322664,-0.0479,9.9599,1.3910,-2.3359,0.3969,-0.0763,42.98,On Surface
322714,-0.0287,9.9264,1.3934,-2.2443,0.5344,-0.4275,43.26,On Surface
322764,-0.0048,9.9311,1.3551,-2.2137,0.4885,-0.0611,43.02,On Surface
322814,-0.0311,9.9383,1.4461,-2.4580,0.3053,0.1069,43.31,On Surface
322864,-0.0311,9.9240,1.4126,-2.3511,0.2901,0.1221,43.02,On Surface
322914,-0.0096,9.9192,1.4054,-2.6260,0.5802,0.0458,43.02,On Surface
322964,-0.0383,9.9383,1.3934,-2.3969,0.8092,-0.0305,43.02,On Surface
323014,-0.0072,9.9383,1.3527,-2.3053,0.6718,-0.0611,43.17,On Surface
323064,-0.0263,9.9575,1.4030,-2.3664,0.3817,-0.1069,42.98,On Surface
323114,-0.0503,9.9311,1.4102,-2.3053,0.7481,-0.1527,43.31,On Surface
323164,-0.0239,9.9335,1.3503,-2.1374,0.5649,-0.2290,43.12,On Surface
323214,-0.0383,9.9311,1.3791,-2.4275,0.4427,-0.1832,43.45,On Surface
323264,0.0000,9.9024,1.3791,-1.9695,0.3969,0.0458,42.98,On Surface
323314,-0.0024,9.9192,1.3455,-2.3817,0.2443,-0.1679,43.02,On Surface
323364,-0.0096,9.9000,1.3862,-1.9237,0.5954,-0.0458,43.12,On Surface
323414,0.0096,9.8761,1.3288,-2.2748,0.6260,-0.0763,43.17,On Surface
323464,-0.0455,9.9335,1.3671,-2.4275,0.4733,0.1069,42.98,On Surface
323514,-0.0359,9.9407,1.3671,-2.4427,0.5649,0.0000,43.12,On Surface
323564,-0.0551,9.9742,1.3479,-2.3511,0.4427,-0.2595,43.26,On Surface
323614,-0.0383,9.9072,1.3623,-2.2290,0.5954,-0.0305,43.17,On Surface
323664,-0.0311,9.9144,1.3743,-2.3511,0.6260,-0.2137,43.02,On Surface
323714,-0.0335,9.9120,1.4126,-2.3359,0.3664,-0.0763,43.02,On Surface
323764,-0.0311,9.9024,1.3431,-2.2901,0.3664,-0.2748,43.17,On Surface
323814,0.0192,9.8689,1.4245,-2.3817,0.6870,-0.1527,43.02,On Surface
323864,0.0000,9.8976,1.4317,-2.3053,0.4427,-0.1374,42.93,On Surface
323914,0.0287,9.9120,1.3575,-2.3969,0.5038,-0.0458,43.12,On Surface
323964,0.0359,9.9527,1.3767,-2.4733,0.3969,-0.1221,42.98,On Surface
324014,0.0024,9.9575,1.3910,-2.3969,0.2443,-0.3206,42.93,On Surface
324064,-0.0479,9.9431,1.3815,-2.4427,0.3817,-0.2748,43.17,On Surface
324114,-0.0192,9.9144,1.3360,-2.4733,0.6565,-0.0458,43.26,On Surface
324164,-0.0455,9.9096,1.3862,-2.3817,0.3359,-0.2290,43.26,On Surface
324214,0.0000,9.9144,1.2857,-2.2137,0.2290,-0.1527,42.98,On Surface
324264,-0.0192,9.9240,1.3886,-2.5802,0.5191,-0.0763,43.26,On Surface
324314,-0.0335,9.9407,1.3408,-2.5344,0.5191,-0.0916,43.26,On Surface
324364,-0.0359,9.9192,1.3910,-2.3817,0.5954,0.0000,42.79,On Surface
324414,-0.0168,9.9144,1.3886,-2.3359,0.7328,-0.0916,43.17,On Surface
324464,-0.0024,9.9216,1.4006,-2.1069,0.5954,-0.0611,43.31,On Surface
324514,-0.0048,9.8881,1.4150,-2.4122,0.5802,-0.4427,43.17,On Surface
324564,-0.0383,9.9383,1.3886,-2.5954,0.5649,-0.0763,43.12,On Surface
324614,-0.0383,9.9024,1.3671,-2.3206,0.5802,-0.3511,43.12,On Surface
324664,0.0215,9.8785,1.4054,-2.4122,0.5038,-0.1679,43.12,On Surface
324714,-0.0503,9.9096,1.4365,-2.3969,0.7176,-0.1069,43.17,On Surface
324764,-0.0215,9.9240,1.3910,-2.4275,0.3969,-0.3206,43.26,On Surface
324814,0.0024,9.9216,1.3910,-2.2443,0.3817,-0.1679,42.79,On Surface
324864,-0.0192,9.9096,1.4269,-2.5344,0.5344,-0.0763,42.93,On Surface
324914,-0.0144,9.9311,1.3791,-2.3817,0.4733,-0.1069,43.12,On Surface
324964,-0.0646,9.9479,1.3767,-2.5802,0.4885,-0.1069,43.02,On Surface
325014,-0.0096,9.9288,1.3503,-2.1985,0.5191,-0.1832,42.93,On Surface
325064,-0.0407,9.9120,1.4078,-2.4275,0.6565,-0.0763,42.84,On Surface
325114,-0.0144,9.9288,1.4126,-2.2137,0.5344,0.0000,42.98,On Surface
325164,0.0096,9.8713,1.3982,-2.5344,0.2443,-0.1221,43.02,On Surface
325214,-0.0048,9.9216,1.3767,-2.4427,0.5344,0.1069,42.98,On Surface
325264,-0.0192,9.9048,1.3791,-2.5344,0.2290,-0.1832,43.02,On Surface
325314,0.0000,9.9192,1.4198,-2.4733,0.3511,0.0305,43.31,On Surface
325364,-0.0168,9.8952,1.3551,-2.6107,0.4427,-0.1069,43.17,On Surface
325414,-0.0120,9.9216,1.3551,-2.3359,0.3817,-0.0458,42.98,On Surface
325464,-0.0479,9.9766,1.3312,-2.0763,0.4427,-0.1221,43.12,On Surface
325514,-0.0096,9.9240,1.3312,-2.3664,0.5954,-0.5191,43.35,On Surface
325564,-0.0383,9.9144,1.3623,-2.3359,0.5191,-0.1832,43.17,On Surface
325614,-0.0024,9.9120,1.3623,-2.2901,0.3817,-0.2595,43.12,On Surface
325664,-0.0024,9.9264,1.4078,-2.2901,0.8092,-0.1069,42.93,On Surface
325714,-0.0335,9.8952,1.3743,-2.3359,0.3664,0.0611,43.12,On Surface
325764,-0.0383,9.9240,1.3815,-2.4275,0.3053,-0.1221,43.31,On Surface
325814,-0.0263,9.9240,1.3503,-2.5802,0.4275,-0.1679,43.17,On Surface
325864,-0.0096,9.9288,1.3743,-2.5649,0.3206,-0.1679,43.31,On Surface
325914,-0.0239,9.9335,1.4030,-2.3206,0.6565,-0.1221,43.02,On Surface
325964,-0.0024,9.9407,1.3767,-2.3053,0.4885,-0.0458,43.26,On Surface
326014,-0.0048,9.9575,1.3479,-2.5191,0.3511,-0.0916,42.98,On Surface
326064,-0.0072,9.9527,1.4006,-2.2290,0.3664,-0.1374,43.17,On Surface
326114,-0.0311,9.9671,1.4174,-2.1374,0.5496,-0.1985,43.02,On Surface
326164,-0.0048,9.9288,1.4174,-2.1679,0.3511,-0.1374,43.12,On Surface
326214,-0.0479,9.9120,1.3455,-2.4580,0.5496,-0.3511,43.31,On Surface
326264,0.0000,9.9240,1.3695,-2.3053,0.3053,0.1679,43.02,On Surface
326314,-0.0383,9.9479,1.3743,-2.3511,0.5649,0.1069,43.12,On Surface
326364,-0.0024,9.9335,1.4006,-2.1069,0.7176,0.0153,43.12,On Surface
326414,-0.0239,9.9240,1.4054,-2.3817,0.2901,0.0305,43.02,On Surface
326464,-0.0024,9.9168,1.3312,-2.3053,0.5038,0.0153,43.17,On Surface
326514,-0.0575,9.9144,1.4126,-2.4122,0.4275,-0.1069,43.02,On Surface
326564,0.0072,9.9240,1.4126,-2.2137,0.4733,-0.0305,43.02,On Surface
326614,-0.0072,9.9551,1.3551,-2.1679,0.4733,0.0305,43.26,On Surface
326664,-0.0215,9.9335,1.4365,-2.3053,0.4580,-0.2443,43.17,On Surface
326714,-0.0048,9.9192,1.3982,-2.5038,0.0611,0.1069,43.12,On Surface
326764,-0.0287,9.8809,1.3647,-2.1679,0.3511,0.0763,43.17,On Surface
326814,-0.0359,9.9311,1.4317,-2.2595,0.2595,0.1679,43.26,On Surface
326864,-0.0120,9.9192,1.3431,-2.6565,0.4885,-0.0153,43.35,On Surface
326914,-0.0263,9.9623,1.3815,-2.3969,0.5038,-0.1832,43.26,On Surface
326964,-0.0096,9.9503,1.4054,-2.4580,0.5802,-0.1221,43.12,On Surface
327014,-0.0048,9.9479,1.3408,-2.1069,0.4122,0.2290,42.98,On Surface
327064,0.0048,9.8857,1.3695,-2.2290,0.3511,0.0763,43.45,On Surface
327114,-0.0192,9.9192,1.3431,-2.4275,0.3664,0.0611,43.12,On Surface
327164,-0.0024,9.9096,1.3815,-2.2748,0.4885,-0.0305,43.35,On Surface
327214,-0.0096,9.9048,1.4174,-2.3359,0.7176,-0.0916,43.31,On Surface
327264,-0.0072,9.9264,1.4293,-2.3969,0.3053,-0.2290,43.02,On Surface
327314,-0.0144,9.8976,1.3623,-2.5649,0.3359,0.0458,43.02,On Surface
327364,0.0024,9.9527,1.3958,-2.2290,0.3969,-0.1985,43.35,On Surface
327414,0.0287,9.9431,1.3767,-2.3817,0.5038,-0.0305,43.26,On Surface
327464,-0.0096,9.9120,1.3958,-2.3206,0.5038,-0.1679,43.02,On Surface
327514,-0.0215,9.9096,1.3886,-2.5496,0.3053,-0.1374,42.93,On Surface
327564,-0.0263,9.9192,1.4269,-2.2443,0.4427,-0.0763,43.31,On Surface
327614,0.0096,9.8904,1.3958,-2.3969,0.6107,-0.1832,43.12,On Surface
327664,0.0048,9.9120,1.4198,-2.3053,0.5038,-0.2137,42.98,On Surface
327714,0.0024,9.9024,1.4054,-2.1832,0.6412,-0.2748,43.31,On Surface
327764,-0.0192,9.8521,1.3503,-2.3969,0.3511,-0.1374,43.02,On Surface
327814,0.0096,9.9240,1.3982,-2.4580,0.6107,-0.1527,43.54,On Surface
327864,0.0096,9.9503,1.3384,-2.4580,0.4885,-0.2748,43.17,On Surface
327914,-0.0048,9.9120,1.3479,-2.4275,0.6412,-0.1679,43.26,On Surface
327964,0.0215,9.9311,1.4006,-2.4733,0.5802,-0.3511,42.79,On Surface
328014,-0.0168,9.9096,1.4317,-2.2595,0.5802,-0.2137,43.12,On Surface
328064,-0.0120,9.9168,1.3695,-2.3206,0.6870,-0.0916,43.02,On Surface
328114,-0.0024,9.9216,1.3934,-2.5496,0.6107,-0.1374,43.17,On Surface
328164,-0.0192,9.9192,1.4174,-2.4427,0.5954,-0.3053,42.98,On Surface
328214,0.0120,9.8593,1.4102,-2.5344,0.5802,-0.1221,42.84,On Surface
328264,-0.0263,9.9048,1.3503,-2.8092,0.3817,-0.1832,43.35,On Surface
328314,-0.0048,9.8857,1.4437,-2.8244,0.2901,-0.1069,43.02,On Surface
328364,-0.0120,9.8881,1.3743,-2.6107,0.6260,-0.1374,42.93,On Surface
328414,0.0024,9.9072,1.3886,-2.4275,0.4580,-0.2443,43.17,On Surface
328464,0.0048,9.9383,1.3671,-2.3817,0.6718,0.0153,43.12,On Surface
328514,-0.0287,9.9383,1.3910,-2.4275,0.6565,0.0000,42.93,On Surface
328564,-0.0072,9.9240,1.4269,-2.4580,0.5496,0.0458,43.02,On Surface
328614,0.0239,9.8976,1.3886,-2.3511,0.3359,-0.1985,42.93,On Surface
328664,-0.0239,9.9120,1.3384,-2.3817,0.4885,-0.3053,43.17,On Surface
328714,0.0000,9.9000,1.3551,-2.4580,0.4275,0.0611,43.17,On Surface
328764,-0.0024,9.9096,1.4365,-2.6260,0.3969,0.0305,42.93,On Surface
328814,-0.0120,9.8952,1.3791,-2.4427,0.5496,-0.0763,42.98,On Surface
328864,-0.0311,9.9431,1.3767,-2.4122,0.6107,-0.1985,43.31,On Surface
328914,-0.0239,9.9671,1.4006,-2.5649,0.5496,-0.1221,43.02,On Surface
328964,-0.0192,9.9048,1.3599,-2.4275,0.3359,-0.1221,43.02,On Surface
329014,0.0000,9.9240,1.4030,-2.5649,0.3969,-0.3053,43.31,On Surface
329064,-0.0120,9.9503,1.3886,-2.3664,0.6412,0.0458,43.12,On Surface
329114,0.0000,9.9288,1.4341,-2.6107,0.5038,-0.1374,43.31,On Surface
329164,-0.0263,9.8976,1.4174,-2.3359,0.5191,-0.2595,43.12,On Surface
329214,0.0024,9.9359,1.3934,-2.5496,0.6260,-0.1374,43.17,On Surface
329264,-0.0168,9.8713,1.4222,-2.3969,0.3053,0.1374,43.12,On Surface
329314,-0.0096,9.9575,1.3695,-2.3664,0.2137,-0.0611,43.02,On Surface
329364,0.0048,9.8976,1.3240,-2.3053,0.4122,-0.0611,43.49,On Surface
329414,-0.0335,9.9024,1.3862,-2.3206,0.5649,-0.2137,42.84,On Surface
329464,-0.0239,9.9288,1.3671,-2.2901,0.4580,-0.1679,43.31,On Surface
329514,-0.0287,9.9335,1.4174,-2.3053,0.4733,-0.2290,43.17,On Surface
329564,-0.0287,9.9695,1.3886,-2.2443,0.4427,0.0611,43.12,On Surface
329614,-0.0215,9.8928,1.3910,-2.4427,0.2443,-0.3664,42.93,On Surface
329664,-0.0455,9.9431,1.3527,-2.2901,0.3053,-0.0611,43.02,On Surface
329714,-0.0168,9.8689,1.4102,-2.0763,0.7328,-0.3969,43.02,On Surface
329764,-0.0239,9.9359,1.4533,-2.2748,0.5344,-0.1069,43.12,On Surface
329814,-0.0120,9.9264,1.3408,-2.5038,0.2595,-0.2137,43.02,On Surface
329864,-0.0359,9.9144,1.4150,-2.2595,0.4580,0.0305,43.12,On Surface
329914,-0.0383,9.9311,1.3312,-2.2901,0.5496,-0.0611,43.12,On Surface
329964,-0.0311,9.9335,1.3623,-2.1679,0.3359,-0.1374,43.02,On Surface
330020,-0.0599,9.9048,1.3982,-2.4275,0.2290,-0.2595,43.17,On Surface
330070,-0.0072,9.9216,1.4676,-2.2443,0.5649,-0.4122,43.26,On Surface
330120,0.0000,9.9000,1.3767,-2.3511,0.4122,-0.1221,43.26,On Surface
330170,0.0048,9.9024,1.4030,-2.4885,0.4580,-0.3664,43.26,On Surface
330220,0.0048,9.9335,1.3527,-2.3969,0.4580,-0.0153,42.98,On Surface
330270,-0.0048,9.9359,1.3982,-2.4427,0.4427,-0.1832,42.93,On Surface
330320,-0.0096,9.9335,1.4126,-2.5344,0.5649,-0.2290,43.02,On Surface
330370,-0.0168,9.9407,1.3360,-2.3969,0.5802,-0.4122,42.98,On Surface
330420,-0.0120,9.9934,1.3958,-2.3511,0.3969,-0.0153,43.26,On Surface
330470,-0.0335,9.9455,1.3503,-2.3511,0.4580,-0.2443,42.98,On Surface
330520,0.0072,9.8904,1.4222,-2.2901,0.5954,0.0153,43.35,On Surface
330570,-0.0120,9.8952,1.3934,-2.4427,0.5344,-0.1832,43.12,On Surface
330620,-0.0359,9.9503,1.4030,-2.1679,0.5496,-0.3053,43.02,On Surface
330670,0.0000,9.9144,1.3838,-2.4580,0.3969,0.1527,43.02,On Surface
330720,0.0000,9.8737,1.4102,-2.3359,0.7328,-0.2595,42.98,On Surface
330770,-0.0311,9.9311,1.3527,-2.5649,0.4733,-0.0153,43.35,On Surface
330820,-0.0072,9.9359,1.3264,-2.4580,0.5038,-0.0611,43.17,On Surface
330870,-0.0503,9.9144,1.4557,-2.3511,0.6718,-0.2137,42.98,On Surface
330920,-0.0479,9.9311,1.4222,-2.5038,0.5191,-0.1679,42.98,On Surface
330970,-0.0048,9.9240,1.3743,-2.5649,0.5496,0.0305,42.98,On Surface
331020,-0.0048,9.9048,1.3551,-2.3969,0.7328,-0.1832,43.17,On Surface
331070,0.0072,9.9168,1.3479,-2.3817,0.3206,-0.0916,43.35,On Surface
331120,0.0024,9.9311,1.4389,-2.3359,0.4580,0.0458,43.26,On Surface
331170,-0.0263,9.9072,1.3479,-2.4122,0.6412,-0.1832,43.12,On Surface
331220,-0.0551,9.9311,1.3264,-2.3359,0.6718,-0.2290,43.12,On Surface
331270,-0.0096,9.9527,1.4126,-2.5802,0.5954,0.0916,43.35,On Surface
331320,-0.0168,9.9096,1.4102,-2.3359,0.4275,-0.3969,42.93,On Surface
331370,-0.0239,9.9431,1.3647,-2.4580,0.6870,-0.1832,42.93,On Surface
331420,-0.0527,9.9240,1.4293,-2.3511,0.6107,0.0000,43.17,On Surface
331470,0.0024,9.8928,1.3958,-2.3511,0.3664,-0.1832,43.26,On Surface
331520,-0.0311,9.9311,1.3862,-2.4122,0.5496,-0.2290,43.12,On Surface
331570,-0.0263,9.9240,1.4389,-2.3817,0.5038,0.0458,43.02,On Surface
331620,-0.0120,9.9024,1.3527,-2.4733,0.3817,-0.0916,43.17,On Surface
331670,-0.0311,9.9072,1.3838,-2.3817,0.3053,0.0458,43.26,On Surface
331720,0.0120,9.9742,1.3695,-2.3511,0.4275,0.0916,42.98,On Surface
331770,-0.0311,9.9264,1.3312,-2.4122,0.5038,-0.1221,42.98,On Surface
331820,0.0000,9.9288,1.3886,-2.1832,0.7023,-0.3206,43.02,On Surface
331870,-0.0670,9.9288,1.4150,-2.4427,0.4275,-0.2595,42.93,On Surface
331920,0.0048,9.9096,1.3815,-2.3053,0.5954,-0.0458,43.26,On Surface
331970,-0.0120,9.9168,1.4054,-2.3359,0.6260,0.1069,43.17,On Surface
332029,-0.0192,9.9000,1.3599,-2.2290,0.4580,-0.3969,43.26,On Surface
332079,-0.0287,9.9383,1.3408,-2.2290,0.5802,-0.1527,42.93,On Surface
332129,-0.0335,9.9288,1.3599,-2.3511,0.5649,-0.0916,42.93,On Surface
332179,0.0144,9.8761,1.3719,-2.4580,0.2443,-0.0916,42.93,On Surface
332229,-0.0215,9.9168,1.3838,-2.3969,0.5191,-0.0611,43.02,On Surface
332279,-0.0192,9.9192,1.3910,-2.3969,0.3664,-0.2290,42.98,On Surface
332329,-0.0383,9.9407,1.3886,-2.4275,0.5344,-0.0305,42.93,On Surface
332379,-0.0096,9.9072,1.3743,-2.6412,0.6565,-0.0305,43.02,On Surface
332429,-0.0120,9.9431,1.3647,-2.5649,0.3664,-0.3359,43.12,On Surface
332479,-0.0287,9.9359,1.3599,-2.0916,0.5038,0.0000,43.17,On Surface
332529,-0.0455,9.9503,1.3815,-2.6107,0.4427,-0.2137,43.12,On Surface
332579,-0.0551,9.9072,1.4150,-2.2748,0.7328,-0.1374,43.02,On Surface
332629,-0.0311,9.9216,1.3910,-2.1527,0.7023,-0.5496,43.17,On Surface
332679,0.0024,9.9503,1.3815,-2.3359,0.3053,-0.0763,43.45,On Surface
332729,0.0168,9.9120,1.3767,-2.5344,0.4122,-0.1679,43.35,On Surface
332779,-0.0263,9.8785,1.3479,-2.5344,0.6107,0.0763,43.12,On Surface
332829,-0.0287,9.9096,1.4365,-2.3664,0.5802,-0.1374,42.98,On Surface
332879,-0.0168,9.8857,1.3623,-2.6565,0.3664,0.0153,42.98,On Surface
332929,-0.0072,9.9431,1.3551,-2.5344,0.5191,-0.2901,42.98,On Surface
332979,-0.0024,9.9527,1.4437,-2.4885,0.7634,0.0611,43.02,On Surface
333029,-0.0096,9.9407,1.3719,-2.2748,0.9008,-0.3206,43.26,On Surface
333079,-0.0431,9.9359,1.3934,-2.6718,0.3206,-0.2748,42.98,On Surface
333129,0.0000,9.9431,1.3934,-2.1374,0.6260,-0.1374,43.02,On Surface
333179,-0.0239,9.8976,1.3695,-2.3053,0.6870,0.0153,43.31,On Surface
333229,-0.0144,9.8809,1.3815,-2.4427,0.6412,-0.3969,42.79,On Surface
333279,-0.0215,9.9120,1.4006,-2.5038,0.6870,-0.1985,43.45,On Surface
333329,0.0000,9.9407,1.3623,-2.4275,0.7176,-0.1832,43.17,On Surface
333379,-0.0503,9.8857,1.3982,-2.3817,0.5038,-0.0458,42.98,On Surface
333429,-0.0120,9.9527,1.4126,-2.5954,0.4733,-0.3511,43.12,On Surface
333479,-0.0407,9.9311,1.3384,-2.4885,0.3511,0.0000,43.12,On Surface
333529,-0.0479,9.9216,1.4054,-2.4733,0.6260,-0.3206,42.93,On Surface
333579,0.0048,9.9024,1.3264,-2.5649,0.5649,-0.0153,43.02,On Surface
333629,-0.0383,9.9479,1.4341,-2.5344,0.3206,-0.4275,43.45,On Surface
333679,-0.0215,9.9144,1.3838,-2.2137,0.4275,-0.1832,43.02,On Surface
333729,0.0048,9.9431,1.4150,-2.4427,0.4427,-0.1221,42.93,On Surface
333779,-0.0096,9.8857,1.3503,-2.5038,0.3206,0.0458,43.02,On Surface
333829,-0.0168,9.9335,1.3815,-2.3359,0.2748,-0.2595,43.02,On Surface
333879,-0.0048,9.9240,1.3288,-2.5191,0.6107,-0.1374,43.02,On Surface
333929,-0.0335,9.9647,1.3168,-2.5954,0.1679,-0.0763,43.26,On Surface
333979,0.0144,9.9407,1.3767,-2.2443,0.5649,0.1221,43.26,On Surface
334029,-0.0263,9.9431,1.3408,-2.2290,0.3969,-0.2595,43.12,On Surface
334079,-0.0215,9.9647,1.3575,-2.3969,0.4122,-0.3206,43.12,On Surface
334129,0.0072,9.9240,1.4245,-2.3359,0.6565,0.1985,43.17,On Surface
334179,-0.0431,9.9168,1.3623,-2.1374,0.4275,0.0611,43.02,On Surface
334229,-0.0742,9.9144,1.4006,-2.1832,0.5191,-0.0916,43.49,On Surface
334279,-0.0311,9.9168,1.4198,-2.3817,0.4885,-0.0611,43.26,On Surface
334329,-0.0215,9.9264,1.4605,-2.6565,0.4733,0.1221,42.98,On Surface
334379,-0.0120,9.9383,1.3815,-2.5344,0.3664,0.0305,43.17,On Surface
334429,0.0024,9.9431,1.3695,-2.6870,0.4733,-0.2290,43.17,On Surface
334479,-0.0239,9.9407,1.3838,-2.5038,0.4580,0.0000,42.98,On Surface
334529,-0.0455,9.9455,1.4222,-2.2748,0.5191,0.0000,43.17,On Surface
334579,-0.0479,9.9383,1.4030,-2.2137,0.3511,-0.1069,43.26,On Surface
334629,0.0000,9.8857,1.3503,-2.4885,0.3359,-0.2443,43.31,On Surface
334679,-0.0215,9.9000,1.3958,-2.2290,0.4275,-0.2137,42.84,On Surface
334729,-0.0168,9.8952,1.3791,-2.3817,0.3664,-0.0611,42.98,On Surface
334779,-0.0096,9.8833,1.3647,-2.3664,0.5954,-0.0763,43.12,On Surface
334829,0.0335,9.8976,1.3719,-2.2901,0.3817,-0.1374,43.45,On Surface
334879,-0.0215,9.9072,1.4006,-2.1679,0.4580,0.0153,43.26,On Surface
334929,-0.0335,9.9264,1.3527,-2.4733,0.2443,-0.0305,42.98,On Surface
334979,-0.0024,9.9407,1.3934,-2.1985,0.6260,-0.3053,43.31,On Surface
335029,-0.0383,9.9431,1.4126,-2.5344,0.3664,-0.1069,43.12,On Surface
335079,-0.0215,9.8976,1.3336,-2.2748,0.6718,-0.0611,43.12,On Surface
335129,0.0000,9.9192,1.3527,-2.4580,0.4885,-0.0763,43.12,On Surface
335179,-0.0024,9.9503,1.4222,-2.0153,0.4427,-0.0763,42.93,On Surface
335229,0.0455,9.9192,1.4030,-2.3511,0.6565,-0.2290,42.98,On Surface
335279,-0.0192,9.9144,1.3599,-2.1832,0.2137,0.0000,43.12,On Surface
335329,0.0168,9.9144,1.3743,-2.2290,0.3817,-0.1527,43.02,On Surface
335379,-0.0168,9.9311,1.3575,-2.6260,0.3817,-0.1069,42.98,On Surface
335429,-0.0024,9.9311,1.4581,-2.6718,0.5802,0.2137,43.02,On Surface
335479,-0.0120,9.9168,1.3958,-2.0305,0.4427,0.0153,42.98,On Surface
335529,0.0048,9.9192,1.4245,-2.5191,0.3817,-0.1527,43.31,On Surface
335579,-0.0144,9.9000,1.3384,-2.3817,0.7176,-0.1679,43.35,On Surface
335629,0.0072,9.9671,1.4293,-2.3053,0.3206,0.0611,43.02,On Surface
335679,0.0000,9.9120,1.3551,-2.3511,0.5344,0.1527,43.17,On Surface
335729,-0.0024,9.9216,1.3671,-2.3511,0.6870,-0.2748,43.31,On Surface
335779,0.0431,9.8928,1.3671,-2.4275,0.2595,0.0305,42.98,On Surface
335829,0.0479,9.9168,1.3815,-2.4580,0.2901,-0.1069,42.98,On Surface
335879,-0.0024,9.9000,1.3551,-2.7023,0.4427,-0.2443,43.12,On Surface
335929,0.0000,9.9575,1.3862,-2.5344,0.3969,0.0153,43.35,On Surface
335979,-0.0287,9.9742,1.3982,-2.6565,0.4275,-0.4427,43.35,On Surface
336029,-0.0096,9.9383,1.3623,-2.5038,0.2137,-0.1832,43.12,On Surface
336079,-0.0048,9.9671,1.4365,-2.4122,0.6107,0.0458,43.02,On Surface
336129,0.0048,9.9072,1.3647,-2.5038,0.1985,-0.3206,43.26,On Surface
336179,0.0096,9.9000,1.4078,-2.4580,0.6565,-0.1679,43.02,On Surface
336229,-0.0144,9.9000,1.3910,-2.3511,0.4122,-0.0305,43.12,On Surface
336279,-0.0120,9.9216,1.3791,-2.4580,0.5496,-0.4275,43.12,On Surface
336329,0.0072,9.9192,1.3934,-2.3511,0.5038,0.0153,43.12,On Surface
336379,-0.0072,9.9072,1.3431,-2.6412,0.4580,-0.1374,43.31,On Surface
336429,-0.0215,9.9216,1.3264,-2.3664,0.6107,0.0763,42.79,On Surface
336479,-0.0215,9.9335,1.4006,-2.5191,0.4885,-0.1374,43.31,On Surface
336529,-0.0479,9.9671,1.3791,-2.5649,0.3969,-0.1527,43.17,On Surface
336579,-0.0263,9.9000,1.3001,-2.3511,0.7481,-0.0916,43.35,On Surface
336629,0.0192,9.9311,1.4078,-2.4275,0.6870,-0.0611,42.98,On Surface
336679,-0.0024,9.9359,1.4030,-2.3969,0.6260,-0.3664,43.02,On Surface
336729,-0.0120,9.8928,1.3886,-2.6107,0.5344,-0.1221,43.12,On Surface
336779,0.0120,9.8952,1.4341,-2.3969,0.3511,-0.1985,43.02,On Surface
336829,-0.0072,9.9096,1.4102,-2.5496,0.4580,-0.1069,43.26,On Surface
336879,-0.0024,9.8928,1.4078,-2.6565,0.5649,-0.0611,43.35,On Surface
336929,0.0120,9.8881,1.4581,-2.6107,0.2748,-0.1069,43.26,On Surface
336979,-0.0335,9.9335,1.3623,-2.4122,0.6107,-0.0153,43.12,On Surface
337029,-0.0503,9.9096,1.4078,-2.2748,0.5954,-0.0916,42.98,On Surface
337079,0.0024,9.9359,1.3743,-2.3969,0.4885,0.0153,43.26,On Surface
337129,-0.0335,9.9335,1.4078,-2.1374,0.5649,0.0763,43.02,On Surface
337179,-0.0263,9.8665,1.4269,-2.2137,0.5496,-0.1374,43.35,On Surface
337229,-0.0287,9.9192,1.3503,-2.3359,0.5496,-0.0763,42.98,On Surface
337279,-0.0192,9.9072,1.3910,-2.3817,0.5649,-0.0153,43.02,On Surface
337329,-0.0287,9.9240,1.4629,-2.5802,0.4275,-0.1069,42.98,On Surface
337379,0.0048,9.9048,1.3431,-2.5954,0.2901,-0.1069,43.12,On Surface
337429,-0.0455,9.9264,1.3767,-2.6260,0.5496,-0.1527,43.02,On Surface
337479,-0.0215,9.9168,1.4006,-2.1985,0.8855,-0.1374,43.31,On Surface
337529,-0.0311,9.9575,1.4078,-2.3969,0.2901,-0.2290,43.35,On Surface
337579,-0.0383,9.9120,1.3599,-2.4275,0.2595,-0.1374,43.26,On Surface
337629,-0.0192,9.9407,1.4078,-2.2290,0.5649,0.2290,42.98,On Surface
337679,-0.0479,9.9240,1.3886,-2.4427,0.5344,-0.1221,43.02,On Surface
337729,-0.0024,9.9192,1.4078,-2.3817,0.4733,-0.3206,43.17,On Surface
337779,0.0215,9.9407,1.4078,-2.2595,0.6718,-0.0305,43.12,On Surface
337829,-0.0120,9.8952,1.3719,-2.1527,0.3817,0.0000,42.79,On Surface
337879,-0.0120,9.9192,1.3743,-2.1374,0.4885,0.0305,43.31,On Surface
337929,-0.0239,9.9216,1.3791,-2.3664,0.2748,-0.0611,43.35,On Surface
337979,-0.0311,9.9311,1.3791,-2.2748,0.5802,-0.2595,43.17,On Surface
338029,0.0048,9.9742,1.3671,-2.3969,0.7328,-0.1679,43.17,On Surface
338079,-0.0263,9.9455,1.4461,-2.4580,0.3969,-0.3053,42.98,On Surface
338129,-0.0311,9.9623,1.3719,-2.3053,0.4122,-0.3511,42.98,On Surface
338179,-0.0407,9.9575,1.4102,-2.2137,0.3969,-0.0611,43.31,On Surface
338229,0.0000,9.9455,1.3503,-2.3511,0.5954,-0.1221,43.12,On Surface
338279,-0.0527,9.9790,1.3791,-2.5496,0.0763,0.0763,43.26,On Surface
338329,0.0215,9.9311,1.4126,-2.4122,0.4885,-0.1374,43.17,On Surface
338379,-0.0072,9.9168,1.3862,-2.1832,0.3511,-0.2748,43.17,On Surface
338429,-0.0383,9.9216,1.3479,-2.3511,0.6260,-0.0916,43.17,On Surface
338479,-0.0096,9.9192,1.4198,-2.3664,0.3206,-0.0153,43.17,On Surface
338529,0.0215,9.9431,1.3838,-2.5649,0.4427,0.0611,43.02,On Surface
338579,0.0144,9.9144,1.3527,-2.3359,0.5649,-0.0305,42.84,On Surface
338629,0.0048,9.9024,1.3408,-2.4122,0.6412,-0.1832,43.31,On Surface
338679,0.0096,9.9311,1.4222,-2.3206,0.3053,-0.0305,43.31,On Surface
338729,-0.0024,9.9168,1.3575,-2.2290,0.6565,-0.0763,43.35,On Surface
338779,-0.0168,9.8857,1.3527,-2.3511,0.3206,-0.2290,43.17,On Surface
338829,-0.0287,9.9335,1.3312,-2.2748,0.6107,0.0611,43.17,On Surface
338879,-0.0263,9.9359,1.3838,-2.2748,0.5038,0.1832,43.12,On Surface
338929,0.0024,9.9311,1.3599,-2.4275,0.4733,0.1832,43.17,On Surface
338979,-0.0239,9.9072,1.3838,-2.1985,0.5649,-0.0763,43.17,On Surface
339029,-0.0144,9.9096,1.3503,-2.2748,0.5191,-0.0305,43.31,On Surface
339079,-0.0263,9.9168,1.4054,-2.2443,0.5191,-0.0305,43.12,On Surface
339129,0.0622,9.9455,1.3408,-2.4733,0.3664,-0.2443,43.31,On Surface
339179,-0.0048,9.8904,1.3695,-2.4580,0.5802,0.0763,43.12,On Surface
339229,0.0072,9.8928,1.4245,-2.5191,0.3664,-0.1679,43.17,On Surface
339279,-0.0359,9.9168,1.3982,-2.5802,0.2290,0.1221,43.31,On Surface
339329,-0.0120,9.9359,1.4102,-2.2443,0.3664,-0.1374,43.26,On Surface
339379,-0.0096,9.9311,1.3934,-2.6718,0.4580,-0.1832,42.93,On Surface
339429,-0.0383,9.9000,1.3671,-2.3206,0.6412,-0.2290,42.98,On Surface
339479,-0.0407,9.9264,1.3695,-2.4427,0.5038,-0.2137,43.26,On Surface
339529,-0.0239,9.9599,1.3671,-2.4580,0.4580,-0.5344,43.12,On Surface
339579,-0.0168,9.9144,1.3886,-2.7176,0.6565,-0.2290,43.35,On Surface
339629,-0.0335,9.9168,1.3838,-2.3664,0.5038,-0.1679,42.84,On Surface
339679,-0.0120,9.8713,1.4413,-2.3664,0.4580,-0.2748,42.98,On Surface
339729,-0.0335,9.8761,1.3886,-2.2137,0.1832,-0.1832,43.02,On Surface
339779,-0.0048,9.9192,1.4102,-2.4885,0.4733,-0.1527,42.93,On Surface
339829,0.0335,9.9288,1.2905,-2.2443,0.6870,-0.2137,43.12,On Surface
339879,-0.0215,9.9455,1.3838,-2.5038,0.3511,-0.0763,43.17,On Surface
339929,-0.0144,9.9407,1.3623,-2.2901,0.5038,0.1374,42.93,On Surface
339979,-0.0359,9.9264,1.3791,-2.5496,0.5191,-0.1832,42.79,On Surface
340029,0.0215,9.9288,1.3384,-2.1221,0.5344,-0.0305,43.31,On Surface
340079,-0.0599,9.9072,1.3815,-2.3969,0.5496,-0.2290,43.12,On Surface
340129,-0.0311,9.9096,1.3862,-2.5802,0.4275,-0.0611,43.12,On Surface
340179,-0.0072,9.9479,1.4126,-2.2595,0.4733,-0.2290,43.35,On Surface
340229,-0.0072,9.8904,1.3647,-2.4733,0.4733,-0.0611,42.93,On Surface
340279,-0.0072,9.8976,1.3934,-2.6565,0.6565,-0.1527,43.31,On Surface
340329,-0.0311,9.9311,1.3455,-2.5038,0.4122,0.0305,43.17,On Surface
340379,0.0144,9.9024,1.3958,-2.6718,0.4275,-0.1832,43.02,On Surface
340429,-0.0096,9.9575,1.3384,-2.4580,0.7328,-0.3817,42.98,On Surface
340479,-0.0359,9.9096,1.3575,-2.3359,0.5344,-0.2290,43.02,On Surface
340529,-0.0287,9.9311,1.3886,-2.2595,0.7176,-0.1985,43.26,On Surface
340579,-0.0168,9.9383,1.3623,-2.2595,0.6565,-0.1832,43.12,On Surface
340629,-0.0311,9.9144,1.3767,-2.3969,0.2290,-0.3359,42.98,On Surface
340679,-0.0072,9.9120,1.3958,-2.4885,0.5344,-0.2137,43.12,On Surface
340729,-0.0239,9.9168,1.3240,-2.5649,0.3664,-0.2748,43.26,On Surface
340779,-0.0144,9.8976,1.4126,-2.6107,0.5344,-0.0305,42.98,On Surface
340829,0.0024,9.9144,1.3791,-2.5496,0.3206,-0.2137,42.98,On Surface
340879,-0.0455,9.9479,1.3743,-2.2137,0.7176,-0.1832,43.12,On Surface
340929,-0.0048,9.9311,1.3551,-2.4885,0.1679,-0.0458,43.17,On Surface
340979,-0.0455,9.9072,1.3575,-2.2901,0.3359,0.0000,43.31,On Surface
341029,-0.0527,9.9288,1.4102,-2.4885,0.4427,-0.0153,43.26,On Surface
341079,0.0024,9.9192,1.3527,-2.2137,0.2595,-0.2748,42.79,On Surface
341129,-0.0311,9.9695,1.4102,-2.5038,0.1985,-0.0458,43.17,On Surface
341179,-0.0024,9.9048,1.3982,-2.5344,0.4427,0.0000,42.98,On Surface
341229,-0.0215,9.9527,1.3743,-2.3664,0.5649,-0.0305,42.79,On Surface
341279,-0.0072,9.9168,1.3623,-2.5191,0.7023,0.0458,43.45,On Surface
341329,-0.0263,9.9503,1.3575,-2.2137,0.5954,-0.0611,43.02,On Surface
341379,-0.0527,9.9551,1.3695,-2.3053,0.6870,-0.2443,43.02,On Surface
341429,-0.0551,9.9551,1.3934,-2.4733,0.5038,0.0916,43.26,On Surface
341479,-0.0072,9.9599,1.3695,-2.4275,0.5344,-0.1985,42.98,On Surface
341529,-0.0120,9.9551,1.3934,-1.9847,0.5496,0.1221,43.17,On Surface
341579,-0.0694,9.9407,1.3815,-2.5191,0.3817,0.0000,42.98,On Surface
341629,0.0096,9.9024,1.3647,-2.1832,0.3664,-0.0916,43.02,On Surface
341679,0.0239,9.8976,1.3886,-2.3664,0.2290,0.0916,43.26,On Surface
341729,-0.0359,9.9144,1.3719,-2.1679,0.2748,0.1527,43.17,On Surface
341779,-0.0239,9.9000,1.3455,-2.3206,0.1985,-0.0153,43.17,On Surface
341829,0.0335,9.9479,1.3551,-2.4733,0.4122,-0.0763,43.26,On Surface
341879,-0.0263,9.9048,1.3240,-2.3969,0.3969,-0.1069,43.31,On Surface
341929,-0.0311,9.9455,1.3719,-2.3511,0.3664,-0.0916,42.98,On Surface
341979,-0.0048,9.9503,1.3910,-2.3817,0.3664,-0.1221,43.02,On Surface
342029,-0.0335,9.9407,1.4557,-2.2748,0.6412,-0.0611,43.12,On Surface
342079,-0.0311,9.9096,1.3886,-2.4580,0.4885,0.2748,43.02,On Surface
342129,0.0144,9.9288,1.3575,-2.3511,0.5496,-0.1527,43.31,On Surface
342179,-0.0096,9.8904,1.4126,-2.3817,0.4122,-0.1527,43.26,On Surface
342229,-0.0287,9.9407,1.3599,-2.2443,0.2901,-0.2137,43.17,On Surface
342279,-0.0335,9.9192,1.3240,-2.4122,0.4427,0.0153,43.35,On Surface
342329,-0.0383,9.9527,1.3024,-2.2595,0.6260,-0.0153,43.26,On Surface
342379,-0.0239,9.9192,1.4030,-2.4122,0.4885,-0.0458,43.02,On Surface
342429,0.0383,9.9407,1.3838,-2.0916,0.4427,0.1221,43.12,On Surface
342479,-0.0024,9.9551,1.3336,-2.1985,0.6412,-0.0153,43.31,On Surface
342529,-0.0120,9.9599,1.3815,-2.2748,0.3817,-0.0611,43.02,On Surface
342579,-0.0215,9.8857,1.3743,-2.2748,0.4427,0.0305,43.12,On Surface
342629,0.0263,9.8928,1.4365,-2.4885,0.2748,-0.0458,43.35,On Surface
342679,0.0215,9.9455,1.3767,-2.1221,0.6107,-0.0153,43.02,On Surface
342729,0.0287,9.9407,1.3958,-2.5344,0.5191,-0.1832,43.17,On Surface
342779,-0.0215,9.9120,1.3647,-2.2748,0.5954,-0.1679,43.31,On Surface
342829,-0.0168,9.9359,1.3791,-2.4275,0.3969,0.0305,43.12,On Surface
342879,-0.0072,9.9527,1.4102,-2.3817,0.5649,0.1832,43.35,On Surface
342929,-0.0263,9.9072,1.3623,-2.5344,0.4580,-0.0763,42.93,On Surface
342979,0.0120,9.9264,1.3910,-2.5496,0.4580,-0.2290,42.98,On Surface
343029,0.0096,9.9072,1.3743,-2.5038,0.5038,-0.3359,43.26,On Surface
343079,0.0000,9.8857,1.3551,-2.4275,0.6412,-0.2595,43.17,On Surface
343129,0.0287,9.8952,1.4030,-2.2595,0.2137,-0.2748,43.12,On Surface
343179,-0.0168,9.9000,1.3503,-2.4733,0.5191,-0.0153,43.26,On Surface
343229,-0.0048,9.9000,1.3910,-2.4122,0.3511,-0.2290,42.79,On Surface
343279,-0.0335,9.9216,1.4198,-2.4427,0.4122,-0.0305,43.17,On Surface
343329,-0.0072,9.8833,1.3503,-2.4733,0.4275,-0.1221,43.02,On Surface
343379,-0.0311,9.9503,1.3767,-2.4275,0.8092,-0.2595,43.17,On Surface
343429,-0.0383,9.9192,1.3599,-2.4733,0.5344,-0.1069,43.26,On Surface
343479,-0.0120,9.9383,1.3120,-2.3664,0.5191,-0.1985,43.02,On Surface
343529,-0.0096,9.9503,1.3503,-2.3206,0.5802,-0.1985,43.31,On Surface
343579,0.0287,9.9192,1.3910,-2.2290,0.3817,-0.2595,43.12,On Surface
343629,0.0215,9.8928,1.3719,-2.3817,0.4427,-0.2901,43.12,On Surface
343679,0.0024,9.8928,1.3958,-2.4122,0.4580,-0.1374,43.02,On Surface
343729,0.0192,9.8569,1.4054,-2.3969,0.3817,-0.1069,43.12,On Surface
343779,0.0096,9.8928,1.3838,-2.3359,0.7023,-0.1832,43.12,On Surface
343829,-0.0455,9.9264,1.2785,-2.2595,0.2137,0.0611,42.98,On Surface
343879,-0.0383,9.9407,1.3575,-2.2137,0.5954,-0.3206,42.98,On Surface
343929,-0.0239,9.9455,1.3815,-2.6260,0.2748,-0.2137,42.93,On Surface
343979,-0.0096,9.9455,1.3623,-2.4427,0.5954,-0.0611,43.02,On Surface
344029,-0.0311,9.9311,1.4724,-2.5649,0.1985,-0.3359,43.02,On Surface
344079,-0.0239,9.9168,1.3815,-2.2443,0.6565,-0.1069,43.02,On Surface
344129,-0.0215,9.9048,1.3767,-2.5038,0.5344,0.0305,43.31,On Surface
344179,-0.0120,9.8857,1.4724,-2.2290,0.3969,-0.0916,43.17,On Surface
344229,0.0000,9.9000,1.4365,-2.3053,0.2595,-0.1069,43.17,On Surface
344279,-0.0263,9.9479,1.3958,-2.5496,0.3817,0.1221,43.12,On Surface
344329,-0.0192,9.9527,1.3623,-2.3664,0.3664,-0.1221,43.26,On Surface
344379,-0.0287,9.9503,1.3791,-2.5802,0.5802,-0.0458,43.02,On Surface
344429,-0.0287,9.9144,1.3144,-2.4580,0.7176,0.0763,43.12,On Surface
344479,-0.0383,9.9072,1.3743,-2.4885,0.3511,-0.4122,42.93,On Surface
344529,-0.0120,9.8881,1.4174,-2.3511,0.5038,0.2748,43.02,On Surface
344579,-0.0239,9.9216,1.3934,-2.4733,0.5038,-0.1374,43.12,On Surface
344629,0.0383,9.9072,1.4653,-2.2290,0.3664,-0.1527,43.02,On Surface
344679,-0.0096,9.9168,1.4102,-2.3817,0.4885,0.0000,43.02,On Surface
344729,-0.0120,9.9527,1.4269,-2.3053,0.3359,-0.0916,43.17,On Surface
344779,-0.0431,9.9144,1.4174,-2.5496,0.2443,-0.0153,43.26,On Surface
344829,-0.0455,9.9479,1.3862,-2.4733,0.3969,-0.0153,42.98,On Surface
344879,0.0048,9.9647,1.3719,-2.3817,0.5191,-0.2595,43.26,On Surface
344929,-0.0407,9.9599,1.3958,-2.6870,0.4427,-0.0458,43.17,On Surface
344979,-0.0048,9.9479,1.4222,-2.1527,0.2443,-0.0305,43.12,On Surface
345029,-0.0622,9.9288,1.4557,-2.1069,0.5191,-0.1985,43.26,On Surface
345079,-0.0048,9.9311,1.4054,-2.1679,0.4275,-0.1374,43.35,On Surface
345129,-0.0024,9.9192,1.3695,-2.3359,0.2137,0.1985,43.26,On Surface
345179,-0.0383,9.8952,1.3455,-2.3206,0.2443,-0.0458,43.26,On Surface
345229,-0.0120,9.9311,1.4269,-2.5649,0.5496,-0.1374,43.12,On Surface
345279,0.0144,9.9048,1.3312,-2.6260,0.8397,0.0458,42.98,On Surface
345329,-0.0287,9.9288,1.4102,-2.2595,0.7481,-0.2290,43.31,On Surface
345379,-0.0311,9.9168,1.4437,-2.2748,0.5954,-0.4885,43.26,On Surface
345429,-0.0383,9.9144,1.4078,-2.3664,0.6260,0.0611,43.31,On Surface
345479,-0.0192,9.9551,1.3934,-2.3053,0.3359,-0.0611,43.31,On Surface
345529,0.0096,9.9072,1.3551,-2.3053,-0.1679,-0.0153,43.26,On Surface
345579,0.0215,9.8833,1.4126,-2.2901,0.2901,-0.1527,43.02,On Surface
345629,0.0144,9.9479,1.3599,-2.4733,0.5802,-0.0458,43.17,On Surface
345679,-0.0311,9.9264,1.3527,-2.3053,0.5954,0.1069,43.45,On Surface
345729,-0.0239,9.9144,1.3886,-2.2901,0.3817,0.1069,43.26,On Surface
345779,-0.0407,9.9264,1.3384,-2.3053,0.6870,-0.2137,43.12,On Surface
345829,-0.0120,9.9407,1.2905,-2.3053,0.5191,-0.1374,43.17,On Surface
345879,0.0048,9.9455,1.4102,-2.1374,0.7328,-0.0916,43.17,On Surface
345929,0.0024,9.9048,1.3791,-2.2748,0.7328,-0.2290,43.17,On Surface
345979,-0.0263,9.8952,1.4317,-2.4427,0.4427,-0.4427,43.31,On Surface
346029,0.0144,9.8904,1.3455,-2.3969,0.3969,0.0763,43.12,On Surface
346079,0.0048,9.9192,1.3695,-2.4580,0.3817,-0.3206,43.17,On Surface
346129,-0.0311,9.9072,1.3599,-2.4275,0.5496,-0.0611,43.12,On Surface
346179,-0.0215,9.9431,1.3431,-2.5038,0.6107,-0.0611,43.17,On Surface
346229,0.0120,9.9264,1.3336,-2.4275,0.4275,-0.2901,42.98,On Surface
346279,-0.0168,9.9168,1.3791,-2.4733,0.4885,-0.1985,42.93,On Surface
346329,-0.0359,9.9024,1.3719,-2.3053,0.4122,-0.1374,43.17,On Surface
346379,0.0048,9.9790,1.3862,-2.5802,0.2290,-0.2290,42.98,On Surface
346429,-0.0359,9.9359,1.3431,-2.2748,0.2901,-0.1985,43.26,On Surface
346479,0.0072,9.9216,1.4413,-2.3511,0.6260,-0.2137,43.17,On Surface
346529,-0.0215,9.8857,1.4030,-2.3817,0.3511,-0.0458,43.35,On Surface
346579,-0.0215,9.9216,1.3791,-2.3817,0.5954,-0.0305,42.98,On Surface
346629,-0.0359,9.8569,1.3527,-2.3817,0.3511,-0.2137,43.26,On Surface
346679,0.0239,9.8641,1.4030,-2.6412,0.5802,-0.1069,43.17,On Surface
346729,-0.0120,9.9431,1.3431,-2.3511,0.5802,0.0763,43.26,On Surface
346779,-0.0192,9.9407,1.4054,-2.4580,0.4122,-0.0305,43.17,On Surface
346829,-0.0024,9.9192,1.4054,-2.1985,0.5954,-0.2137,43.26,On Surface
346879,0.0215,9.9335,1.3886,-2.5954,0.7786,-0.3206,43.12,On Surface
346929,-0.0527,9.9311,1.4054,-2.3053,0.6412,-0.3817,42.98,On Surface
346979,-0.0120,9.9240,1.3551,-2.3969,0.6718,-0.1527,42.93,On Surface
347029,-0.0192,9.9192,1.3647,-2.3969,0.3053,-0.2748,43.02,On Surface
347079,0.0144,9.8833,1.3934,-2.5649,0.2137,-0.0611,43.12,On Surface
347129,-0.0694,9.8976,1.3743,-2.3664,0.3206,-0.1069,42.98,On Surface
347179,-0.0263,9.9000,1.4078,-2.6565,0.4885,-0.1221,42.98,On Surface
347229,0.0263,9.9168,1.3623,-2.4275,0.5649,-0.2901,43.17,On Surface
347279,-0.0287,9.9575,1.3671,-2.5496,0.4427,0.1221,43.12,On Surface
347329,0.0120,9.9718,1.3958,-2.4733,0.4580,0.0153,43.02,On Surface
347379,-0.0431,9.9503,1.4126,-2.5954,0.5344,0.0458,43.31,On Surface
347429,-0.0048,9.9479,1.4102,-2.2595,0.3511,-0.2901,43.02,On Surface
347479,-0.0527,9.9120,1.3838,-2.6565,0.4733,-0.1374,42.84,On Surface
347529,-0.0263,9.9264,1.4437,-2.4275,0.3511,-0.1832,43.17,On Surface
347579,-0.0192,9.8809,1.3527,-2.6565,0.4733,-0.1069,42.84,On Surface
347629,-0.0383,9.9503,1.4126,-2.4122,0.5496,-0.1679,42.98,On Surface
347679,-0.0431,9.9383,1.3767,-2.5496,0.7328,-0.1069,43.31,On Surface
347729,-0.0479,9.9240,1.3408,-2.4733,0.4885,0.0153,43.02,On Surface
347779,-0.0527,9.9623,1.3719,-2.5038,0.4275,-0.2595,43.02,On Surface
347829,-0.0407,9.9479,1.3791,-2.3359,0.3664,-0.1679,42.98,On Surface
347879,-0.0311,9.9311,1.3886,-2.3511,0.7328,0.0000,43.17,On Surface
347929,0.0000,9.9407,1.4078,-2.3664,0.4580,-0.0153,43.35,On Surface
347979,0.0072,9.9144,1.3886,-2.5649,0.6565,-0.2748,43.26,On Surface
348029,-0.0120,9.9599,1.3743,-2.4275,0.2748,-0.2290,43.17,On Surface
348079,0.0024,9.9240,1.4222,-2.1985,0.1679,0.0458,43.26,On Surface
348129,0.0024,9.9359,1.3551,-2.3511,0.5802,0.1374,43.02,On Surface
348179,-0.0527,9.9503,1.4054,-2.7023,0.5038,-0.1832,42.74,On Surface
348229,-0.0048,9.9623,1.3168,-2.3969,0.8397,-0.1221,42.98,On Surface
348279,-0.0431,9.9718,1.3431,-2.4427,0.2901,-0.2901,43.02,On Surface
348329,-0.0479,9.9599,1.4269,-2.3206,0.5344,0.0000,43.12,On Surface
348379,-0.0407,9.9383,1.3096,-2.2595,0.5344,-0.1832,43.17,On Surface
348429,-0.0431,9.9814,1.4317,-2.2595,0.5649,-0.1069,43.12,On Surface
348479,-0.0359,9.9000,1.3791,-2.3206,0.3053,-0.1374,42.98,On Surface
348529,-0.0287,9.9048,1.4365,-2.3817,0.2748,-0.1221,43.02,On Surface
348579,-0.0287,9.9575,1.3575,-2.4122,0.5344,-0.0458,43.35,On Surface
348629,-0.0670,9.9264,1.3934,-2.4885,0.3969,-0.1527,43.12,On Surface
348679,-0.0215,9.9503,1.3479,-2.3511,0.6412,-0.1374,43.26,On Surface
348729,-0.0024,9.9000,1.3886,-2.5038,0.5038,-0.0916,43.02,On Surface
348779,-0.0335,9.8976,1.2881,-2.3511,0.7176,-0.2595,43.35,On Surface
348829,-0.0479,9.9623,1.3862,-2.3511,0.5802,-0.1069,42.98,On Surface
348879,-0.0359,9.9216,1.3838,-2.3664,0.6412,0.0000,42.93,On Surface
348929,-0.0048,9.9192,1.4293,-2.2443,0.4427,-0.0916,42.93,On Surface
348979,0.0144,9.8952,1.4150,-2.4580,0.4885,0.0153,43.12,On Surface
349029,-0.0048,9.9240,1.4126,-2.4580,0.4427,0.0916,42.98,On Surface
349079,-0.0168,9.9695,1.4150,-2.4427,0.6260,-0.1832,43.31,On Surface
349129,-0.0024,9.9144,1.3958,-2.4122,0.2748,-0.0153,43.35,On Surface
349179,-0.0144,9.9503,1.4724,-2.2901,0.5344,-0.3053,43.26,On Surface
349229,-0.0144,9.9527,1.3336,-2.4122,0.4122,-0.0763,43.26,On Surface
349279,-0.0096,9.9503,1.3168,-2.3969,0.5954,-0.0763,43.26,On Surface
349329,-0.0024,9.9144,1.3527,-2.5191,0.3969,-0.1985,43.35,On Surface
349379,0.0168,9.9479,1.3503,-2.2748,0.5954,-0.1374,43.45,On Surface
349429,-0.0311,9.9096,1.3743,-2.1985,0.5649,-0.2290,43.26,On Surface
349479,-0.0096,9.9096,1.3910,-2.5344,0.4580,-0.1527,43.26,On Surface
349529,-0.0192,9.9216,1.3719,-2.3359,0.4885,-0.1679,42.98,On Surface
349579,-0.0024,9.9431,1.4317,-2.3053,0.4427,-0.0458,43.35,On Surface
349629,0.0048,9.9144,1.3144,-2.3817,0.1832,-0.0916,43.17,On Surface
349679,-0.0263,9.9455,1.3455,-2.7023,0.7023,-0.1527,43.17,On Surface
349729,-0.0335,9.9503,1.3958,-2.3664,0.4122,-0.3817,43.31,On Surface
349779,-0.0215,9.9335,1.3719,-2.4122,0.5191,-0.0458,43.02,On Surface
349829,-0.0144,9.9647,1.3001,-2.4580,0.4885,-0.2290,43.02,On Surface
349879,0.0144,9.9192,1.3743,-2.6107,0.5344,-0.1985,43.12,On Surface
349929,-0.0215,9.9647,1.3431,-2.2595,0.7481,-0.0916,43.12,On Surface
349979,-0.0192,9.9288,1.3527,-2.3664,0.5649,0.1527,42.98,On Surface
350029,-0.0263,9.9168,1.3958,-2.2748,0.4122,-0.1221,43.02,On Surface
350079,0.0383,9.8641,1.3527,-2.2901,0.5649,-0.0458,43.26,On Surface
350129,0.0072,9.8833,1.4054,-2.3817,0.7939,0.0763,43.26,On Surface
350179,-0.0096,9.9264,1.3599,-2.8397,0.5954,0.1527,43.45,On Surface
350229,-0.0527,9.9264,1.4413,-2.6107,0.4275,-0.1985,43.26,On Surface
350279,0.0120,9.9096,1.3384,-2.4885,0.3511,-0.3206,42.98,On Surface
350329,0.0096,9.9383,1.4054,-2.4427,0.5802,-0.1679,43.17,On Surface
350379,0.0096,9.9144,1.3886,-2.3969,0.5496,-0.1832,42.98,On Surface
350429,-0.0407,9.9048,1.3838,-2.4885,0.7023,-0.1069,43.02,On Surface
350479,0.0000,9.9072,1.4317,-2.1985,0.2901,-0.1832,43.02,On Surface
350529,0.0024,9.9503,1.3743,-2.5496,0.3053,-0.0458,43.12,On Surface
350579,-0.0527,9.9503,1.3503,-2.5649,0.2290,-0.1221,42.98,On Surface
350629,0.0263,9.8881,1.4222,-2.5649,0.7023,-0.1985,43.35,On Surface
350679,0.0072,9.9048,1.3886,-2.5038,0.5496,-0.2595,43.02,On Surface
350729,-0.0168,9.9264,1.3551,-2.5191,0.5954,-0.0305,43.12,On Surface
350779,-0.0359,9.9264,1.3168,-2.3969,0.7176,0.2290,42.98,On Surface
350829,0.0120,9.9311,1.3743,-2.4733,0.5802,-0.1832,43.26,On Surface
350879,-0.0168,9.9479,1.3455,-2.3053,0.4275,-0.2595,43.02,On Surface
350929,-0.0383,9.9144,1.3192,-2.5954,0.5038,0.0305,43.12,On Surface
350979,0.0287,9.9024,1.4198,-2.5344,0.2748,0.1069,43.12,On Surface
351032,-0.0168,9.9359,1.4269,-2.3053,0.6107,0.0153,43.02,On Surface
351082,-0.0407,9.9455,1.3527,-2.4122,0.3206,0.0611,43.31,On Surface
351132,-0.0407,9.9072,1.3312,-2.3511,0.3511,-0.1679,43.02,On Surface
351182,0.0192,9.9192,1.4126,-2.3969,0.4275,-0.0763,42.98,On Surface
351232,-0.0263,9.9431,1.3695,-2.4885,0.4885,-0.2443,43.45,On Surface
351282,-0.0383,9.9503,1.3815,-2.4733,0.5344,0.0611,43.12,On Surface
351332,-0.0215,9.9599,1.4293,-2.4275,0.2748,-0.0305,43.17,On Surface
351382,-0.0048,9.9216,1.4126,-2.4427,0.2901,-0.0611,43.02,On Surface
351432,-0.0192,9.9288,1.3288,-2.3359,0.3206,0.0000,43.12,On Surface
351482,-0.0527,9.9311,1.3910,-2.4122,0.4275,0.0305,43.31,On Surface
351532,-0.0120,9.9383,1.3719,-2.2595,0.2137,-0.0153,42.98,On Surface
351582,-0.0838,9.9575,1.3934,-2.1832,0.3359,-0.0916,42.98,On Surface
351632,-0.0048,9.9862,1.3599,-2.1985,0.3206,-0.0916,43.35,On Surface
351682,-0.0311,9.9359,1.3695,-2.2595,0.4580,0.0305,42.98,On Surface
351732,-0.0503,9.9192,1.2905,-2.3053,0.4885,-0.0916,43.26,On Surface
351782,-0.0096,9.9120,1.4413,-2.4427,0.4427,0.1069,43.31,On Surface
351832,0.0048,9.9072,1.3958,-2.3053,0.4885,-0.1374,43.35,On Surface
351882,0.0048,9.8952,1.4222,-2.2137,0.4122,0.1527,43.17,On Surface
351932,0.0000,9.9120,1.4198,-2.4122,0.3664,-0.1069,42.98,On Surface
351982,0.0000,9.9168,1.4293,-2.3053,0.6260,-0.0458,42.98,On Surface
352032,-0.0120,9.9311,1.4150,-2.4122,0.3511,0.1527,43.17,On Surface
352082,-0.0072,9.9000,1.3431,-2.5038,0.2748,-0.0458,43.02,On Surface
352132,-0.0215,9.9311,1.3360,-2.5496,0.6412,-0.1069,42.98,On Surface
352182,-0.0192,9.9623,1.4365,-2.2901,0.5191,-0.2290,43.35,On Surface
352232,-0.0120,9.9503,1.3767,-2.1985,0.7481,-0.1374,43.17,On Surface
352282,-0.0144,9.9766,1.2857,-2.3969,0.3664,-0.1985,43.02,On Surface
352332,-0.0168,9.9192,1.4126,-2.1374,0.4580,-0.0305,42.98,On Surface
352382,0.0311,9.9288,1.3982,-2.3817,0.5954,-0.2137,43.12,On Surface
352432,0.0144,9.8904,1.3958,-2.3664,0.7786,-0.1679,42.93,On Surface
352482,-0.0239,9.9144,1.3551,-2.5191,0.2595,0.0763,43.12,On Surface
352532,0.0215,9.9024,1.4078,-2.2290,0.3817,0.0000,43.02,On Surface
352582,-0.0096,9.9431,1.4150,-2.5191,0.5954,-0.1527,43.02,On Surface
352632,-0.0383,9.9718,1.3527,-2.2290,0.6565,-0.1374,43.02,On Surface
352682,-0.0455,9.9527,1.3982,-2.1221,0.5191,-0.0916,43.02,On Surface
352732,-0.0383,9.9288,1.4078,-2.6107,0.1985,-0.1069,43.26,On Surface
352782,-0.0407,9.9168,1.3623,-2.3206,0.7023,-0.1374,43.02,On Surface
352832,0.0144,9.9311,1.4102,-1.9695,0.5649,-0.0305,43.17,On Surface
352882,0.0168,9.9072,1.4078,-2.7634,0.5344,-0.2290,43.02,On Surface
352932,-0.0072,9.9479,1.3958,-2.3817,0.6107,-0.1221,43.02,On Surface
352982,-0.0120,9.9144,1.3791,-2.6107,0.1069,-0.3511,43.26,On Surface
353032,0.0120,9.9096,1.3623,-2.3511,0.6260,0.0611,43.12,On Surface
353082,0.0215,9.9383,1.3312,-2.7481,0.3053,-0.2748,42.98,On Surface
353132,-0.0096,9.9264,1.3791,-2.4427,0.5649,-0.0153,43.02,On Surface
353182,-0.0455,9.9527,1.2737,-2.4427,0.4580,-0.1527,42.98,On Surface
353232,-0.0168,9.9048,1.4341,-2.5038,0.4733,0.1069,43.35,On Surface
353282,0.0024,9.9335,1.4293,-2.3969,0.5344,-0.2137,42.79,On Surface
353332,0.0144,9.9000,1.4269,-2.4427,0.5191,-0.1069,43.12,On Surface
353382,-0.0215,9.8904,1.4006,-2.3053,0.5038,0.0000,42.79,On Surface
353432,-0.0263,9.8809,1.3815,-2.6107,0.5496,-0.0458,43.17,On Surface
353482,-0.0144,9.9335,1.4150,-2.5191,0.3817,-0.1985,43.35,On Surface
353532,-0.0311,9.8976,1.3599,-2.3511,0.6718,-0.0153,42.93,On Surface
353582,-0.0239,9.9599,1.3455,-2.5191,0.3511,-0.0611,43.12,On Surface
353632,-0.0168,9.9599,1.3767,-2.4427,0.6565,-0.1679,43.17,On Surface
353682,0.0024,9.9407,1.3599,-2.5038,0.4885,-0.1069,43.17,On Surface
353732,-0.0144,9.9048,1.3695,-2.1985,0.6870,-0.2901,42.84,On Surface
353782,-0.0287,9.9383,1.3982,-2.1985,0.6260,-0.0458,43.17,On Surface
353832,-0.0359,9.8809,1.3862,-2.4427,0.4733,0.1069,43.17,On Surface
353882,0.0359,9.9168,1.3886,-2.5038,0.2901,0.0458,43.02,On Surface
353932,-0.0072,9.9072,1.3551,-2.6107,0.2443,-0.1374,43.02,On Surface
353982,-0.0215,9.9335,1.3360,-2.6107,0.5954,-0.1069,43.17,On Surface
354032,-0.0168,9.9335,1.3671,-2.6260,0.5496,-0.1374,43.12,On Surface
354082,-0.0694,9.9599,1.4150,-2.6870,0.4733,-0.1832,43.02,On Surface
354132,-0.0407,9.9407,1.3671,-2.2290,0.7328,-0.2748,42.93,On Surface
354182,0.0024,9.9120,1.3312,-2.3817,0.6260,0.1679,43.12,On Surface
354232,-0.0024,9.9144,1.4030,-2.2748,0.6565,-0.0458,43.35,On Surface
354282,-0.0479,9.9216,1.4581,-2.5191,0.4122,-0.2443,42.93,On Surface
354332,-0.0024,9.9144,1.3982,-2.3511,0.4275,-0.3817,43.26,On Surface
354382,-0.0120,9.8737,1.3336,-2.5802,0.2595,-0.1374,43.17,On Surface
354432,-0.0144,9.8785,1.4389,-2.3359,0.5954,-0.1069,43.31,On Surface
354482,-0.0144,9.9072,1.3982,-2.0458,0.1985,-0.1985,42.93,On Surface
354532,-0.0790,9.9575,1.3599,-2.5649,0.5802,-0.2595,42.98,On Surface
354582,-0.0024,9.9240,1.3767,-2.3359,0.5802,-0.3511,43.35,On Surface
354632,-0.0551,9.9742,1.3958,-2.2748,0.7023,-0.4427,43.02,On Surface
354682,-0.0192,9.9551,1.4198,-2.4427,0.5802,-0.2595,43.26,On Surface
354732,-0.0168,9.9527,1.3862,-2.3359,0.5038,-0.2901,43.12,On Surface
354782,-0.0359,9.8881,1.4006,-1.9542,0.3053,-0.0153,43.35,On Surface
354832,-0.0359,9.8976,1.3838,-2.1527,0.4885,0.0916,43.35,On Surface
354882,0.0048,9.9240,1.4054,-2.1832,0.4885,-0.0153,42.98,On Surface
354932,-0.0239,9.9503,1.3910,-2.2901,0.5496,0.0916,43.02,On Surface
354982,-0.0120,9.9551,1.3599,-2.2290,0.7176,-0.0916,43.02,On Surface
355032,-0.0096,9.9383,1.3982,-2.5038,0.4885,-0.2290,43.12,On Surface
355082,-0.0503,9.9623,1.4054,-2.4733,0.4122,-0.0916,43.17,On Surface
355132,-0.0287,9.9431,1.3599,-2.5496,0.8092,-0.0153,43.26,On Surface
355182,-0.0311,9.9790,1.3503,-2.4733,0.2748,0.0763,42.93,On Surface
355232,-0.0120,9.9072,1.3479,-2.2748,0.4885,0.0458,42.98,On Surface
355282,-0.0263,9.9335,1.4245,-2.3969,0.2595,0.1527,42.93,On Surface
355332,0.0239,9.8881,1.3791,-2.4580,0.3969,-0.0916,42.79,On Surface
355382,-0.0048,9.9288,1.3408,-2.5496,0.2901,-0.2901,42.98,On Surface
355432,-0.0192,9.9192,1.3934,-2.2595,0.1832,-0.2595,43.02,On Surface
355482,-0.0048,9.9072,1.3695,-2.3664,0.5954,-0.1221,43.02,On Surface
355532,-0.0359,9.9311,1.3934,-2.6718,0.5954,-0.3817,43.26,On Surface
355582,-0.0144,9.9455,1.3336,-2.3206,0.5496,-0.1985,43.17,On Surface
355632,-0.0239,9.9551,1.4006,-2.3206,0.5191,-0.0458,43.26,On Surface
355682,-0.0120,9.9240,1.3719,-2.3511,0.3359,0.0611,43.02,On Surface
355732,-0.0311,9.9144,1.3815,-2.4275,0.3206,-0.2290,43.02,On Surface
355782,-0.0144,9.9000,1.3910,-2.3664,0.6260,0.0000,43.12,On Surface
355832,0.0096,9.9072,1.3431,-2.2443,0.3969,-0.0305,43.17,On Surface
355882,-0.0311,9.9096,1.3934,-2.3969,0.6718,0.0000,42.93,On Surface
355932,-0.0503,9.9431,1.3671,-2.4885,0.5954,-0.0458,42.79,On Surface
355982,0.0144,9.8761,1.3264,-2.3206,0.5496,-0.2290,43.26,On Surface
356032,-0.0144,9.9431,1.3599,-2.6412,0.6718,-0.0153,43.26,On Surface
356082,-0.0072,9.9455,1.3838,-2.2595,0.6107,-0.1985,43.12,On Surface
356132,0.0048,9.9240,1.3743,-2.5038,0.2443,-0.2901,43.02,On Surface
356182,-0.0215,9.9311,1.3408,-2.6565,0.4275,-0.1527,43.02,On Surface
356232,-0.0072,9.9096,1.4293,-2.1832,0.4122,0.1679,42.98,On Surface
356282,-0.0287,9.8833,1.3479,-2.5954,0.7939,0.0458,43.02,On Surface
356332,0.0431,9.9216,1.3791,-2.5954,0.3817,-0.0305,43.31,On Surface
356382,-0.0407,9.9192,1.3120,-2.5038,0.3359,-0.2443,43.12,On Surface
356432,-0.0455,9.9335,1.3360,-2.3511,0.4122,-0.0305,43.02,On Surface
356482,0.0120,9.9192,1.3479,-2.5802,0.4733,-0.2595,43.12,On Surface
356532,-0.0072,9.9599,1.4245,-2.5344,0.5954,-0.0763,42.98,On Surface
356582,-0.0287,9.9647,1.3886,-2.4275,0.3817,-0.0458,43.31,On Surface
356632,0.0000,9.8928,1.3455,-2.3206,0.6565,-0.0763,42.98,On Surface
356682,0.0120,9.9288,1.4437,-2.4122,0.5954,-0.3206,43.12,On Surface
356732,0.0024,9.9120,1.3503,-2.4275,0.5954,-0.1374,43.17,On Surface
356782,0.0431,9.8904,1.3815,-2.7328,0.4122,-0.3664,43.17,On Surface
356832,-0.0048,9.9168,1.4174,-2.5038,0.7786,0.0458,43.17,On Surface
356882,-0.0072,9.9144,1.3551,-2.5191,0.3053,-0.0763,43.26,On Surface
356932,-0.0287,9.9335,1.3527,-2.3206,0.3359,-0.1374,43.26,On Surface
356982,0.0024,9.9503,1.4078,-2.3359,0.2901,-0.2290,43.17,On Surface
357032,0.0144,9.9096,1.3815,-2.5038,0.4580,0.0305,43.17,On Surface
357082,0.0072,9.9359,1.3743,-2.1679,0.5649,-0.2290,42.79,On Surface
357132,-0.0048,9.9407,1.3120,-2.4122,0.5344,-0.2137,43.02,On Surface
357182,-0.0072,9.9647,1.3384,-2.7939,0.4275,-0.2443,43.02,On Surface
357232,-0.0024,9.9527,1.3264,-2.6718,0.4580,-0.1221,42.98,On Surface
357282,-0.0335,9.9335,1.3408,-2.5954,0.2595,-0.3053,43.17,On Surface
357332,0.0431,9.8857,1.3503,-2.3969,0.6107,-0.2443,42.98,On Surface
357382,-0.0144,9.9120,1.3575,-2.2901,0.5496,-0.1221,42.98,On Surface
357432,-0.0024,9.9168,1.3360,-2.4122,0.3969,0.0458,43.45,On Surface
357482,0.0144,9.8952,1.3838,-2.5954,0.4885,-0.4885,43.45,On Surface
357532,-0.0431,9.9216,1.3072,-2.3206,0.6718,-0.1832,43.17,On Surface
357582,-0.0072,9.9144,1.3647,-2.5649,0.4275,-0.1832,43.17,On Surface
357632,0.0072,9.9623,1.4078,-2.5344,0.4122,-0.2290,43.12,On Surface
357682,-0.0527,9.9335,1.3623,-2.4733,0.4885,-0.0611,43.12,On Surface
357732,-0.0335,9.8904,1.4102,-2.2748,0.5496,-0.1221,43.31,On Surface
357782,-0.0239,9.9096,1.3862,-2.5191,0.6718,-0.1985,43.45,On Surface
357832,-0.0192,9.9240,1.3599,-2.1832,0.2137,0.0000,42.93,On Surface
357882,-0.0168,9.9407,1.4078,-2.1832,0.3817,-0.1221,43.12,On Surface
357932,-0.0144,9.9216,1.3791,-2.5191,0.2748,0.1374,43.31,On Surface
357982,-0.0168,9.9000,1.3312,-2.5649,0.5191,-0.0611,43.17,On Surface
358032,-0.0096,9.9264,1.3815,-2.4733,0.5038,0.0305,42.98,On Surface
358082,-0.0239,9.9192,1.3719,-2.6870,0.5344,-0.1832,42.98,On Surface
358132,-0.0383,9.9718,1.4054,-2.2748,0.2748,-0.1679,43.02,On Surface
358182,-0.0431,9.9838,1.3838,-2.0763,0.3206,-0.0611,43.02,On Surface
358232,-0.0048,9.9599,1.3862,-2.3359,0.5954,0.1221,42.93,On Surface
358282,-0.0287,9.9000,1.4078,-1.9237,0.4885,-0.0458,43.17,On Surface
358332,0.0072,9.8976,1.4198,-2.3206,0.4275,-0.0153,43.02,On Surface
358382,0.0000,9.9192,1.4317,-2.2137,0.4427,-0.0153,42.93,On Surface
358432,-0.0120,9.9000,1.3623,-2.2595,0.5802,0.1374,43.17,On Surface
358482,-0.0383,9.9551,1.3264,-2.4885,0.4275,0.0611,43.31,On Surface
358532,-0.0287,9.9527,1.4150,-2.7023,0.3664,0.0611,42.65,On Surface
358582,-0.0215,9.9431,1.4078,-2.5038,0.5344,0.0458,43.02,On Surface
358632,0.0192,9.9455,1.3815,-2.4427,0.4580,0.0916,43.12,On Surface
358682,-0.0263,9.9407,1.3192,-2.1985,0.4885,-0.2443,43.26,On Surface
358732,0.0072,9.9024,1.3815,-2.1679,0.2290,-0.3359,42.93,On Surface
358782,-0.0168,9.9383,1.3551,-2.2595,0.6565,0.0000,43.02,On Surface
358832,0.0096,9.9024,1.3647,-2.4733,0.3817,0.2748,42.79,On Surface
358882,-0.0239,9.9335,1.3791,-2.3359,0.1985,-0.2137,43.02,On Surface
358932,0.0024,9.9192,1.3503,-2.5191,0.5802,-0.1221,43.02,On Surface
358982,-0.0335,9.9311,1.3240,-2.5038,0.5954,-0.2748,43.12,On Surface
359032,0.0024,9.9335,1.4126,-2.4885,0.5802,-0.0153,43.17,On Surface
359082,-0.0048,9.9431,1.3767,-2.3969,0.5038,-0.0305,43.26,On Surface
359132,0.0000,9.9766,1.3695,-2.2137,0.3969,0.2137,42.98,On Surface
359182,-0.0072,9.9527,1.3958,-2.2901,0.2901,-0.0763,43.31,On Surface
359232,-0.0120,9.9383,1.4222,-2.4885,0.5496,-0.2748,42.93,On Surface
359282,0.0072,9.8833,1.3647,-2.4122,0.4275,0.0153,43.02,On Surface
359332,0.0048,9.9168,1.3575,-2.1374,0.6412,0.0916,43.31,On Surface
359382,0.0239,9.9431,1.4317,-2.6565,0.2595,0.0458,43.17,On Surface
359432,-0.0168,9.9216,1.3384,-2.3359,0.4122,0.1679,43.31,On Surface
359482,-0.0239,9.9335,1.3360,-2.4122,0.3969,-0.1069,42.98,On Surface
359532,-0.0455,9.9144,1.2689,-2.3817,0.4733,-0.0916,43.17,On Surface
359582,0.0431,9.9311,1.3503,-2.4275,0.4733,-0.0458,43.12,On Surface
359632,-0.0359,9.9216,1.3240,-2.2137,0.3359,-0.2290,43.31,On Surface
359682,-0.0024,9.9383,1.3551,-2.1221,0.7634,-0.1985,43.26,On Surface
359732,-0.0120,9.9240,1.4485,-2.2290,0.3664,-0.1832,43.31,On Surface
359782,0.0000,9.8976,1.4317,-2.3664,0.2901,0.0763,43.12,On Surface
359832,-0.0144,9.9455,1.4198,-2.3511,0.4122,-0.1069,43.12,On Surface
359882,0.0287,9.9000,1.4293,-2.4275,0.4885,-0.1069,43.02,On Surface
359932,-0.0072,9.9790,1.3599,-2.3359,0.5038,0.0153,43.12,On Surface
359982,0.0024,9.9335,1.3647,-2.4885,0.6260,-0.0305,42.65,On Surface
360032,-0.0048,9.9168,1.4174,-2.3817,0.3817,0.0916,43.17,On Surface
360082,-0.0287,9.9551,1.3048,-2.5191,0.4122,0.0611,43.26,On Surface
360132,-0.0048,9.8976,1.3815,-2.3511,0.4275,-0.3359,42.93,On Surface
360182,0.0120,9.9240,1.4150,-2.1527,0.5344,-0.4122,42.98,On Surface
360232,-0.0024,9.9288,1.4485,-2.3969,0.3206,0.0916,42.98,On Surface
360282,0.0048,9.9000,1.4150,-2.5496,0.4427,-0.0763,43.17,On Surface
360332,0.0168,9.8928,1.4126,-2.4733,0.3053,-0.3206,43.26,On Surface
360382,0.0120,9.9335,1.3719,-2.5649,0.4580,0.0916,43.02,On Surface
360432,-0.0192,9.8952,1.3982,-2.2901,0.5802,-0.0611,43.35,On Surface
360482,0.0120,9.9096,1.3503,-2.7023,0.6107,-0.1527,43.17,On Surface
360532,-0.0239,9.9335,1.3862,-2.4122,0.4885,-0.2595,42.93,On Surface
360582,-0.0048,9.9431,1.3815,-2.5191,0.6107,-0.1679,43.12,On Surface
360632,-0.0431,9.9527,1.4245,-2.2290,0.5954,-0.0916,43.26,On Surface
360682,-0.0096,9.9000,1.4006,-2.5344,0.4275,0.0305,42.93,On Surface
360732,0.0096,9.8952,1.4365,-2.1374,0.3664,0.0763,43.12,On Surface
360782,0.0000,9.9431,1.4174,-2.3817,0.6107,-0.2290,42.98,On Surface
360832,0.0168,9.9216,1.3886,-2.5802,0.4885,-0.0458,43.02,On Surface
360882,-0.0048,9.9096,1.3886,-2.5344,0.6565,-0.0763,42.98,On Surface
360932,-0.0096,9.9192,1.4030,-2.3053,0.7176,-0.3053,43.45,On Surface
360982,-0.0120,9.9551,1.3695,-2.3359,0.7176,0.1374,42.93,On Surface
361032,-0.0287,9.9216,1.4054,-2.7023,0.5954,-0.1527,43.02,On Surface
361082,-0.0431,9.9240,1.3288,-2.1832,0.6107,0.0305,43.02,On Surface
361132,0.0144,9.9455,1.3408,-2.3664,0.4580,-0.0153,43.02,On Surface
361182,-0.0407,9.9431,1.4006,-2.3664,0.4885,-0.2595,43.02,On Surface
361232,-0.0144,9.9431,1.3886,-2.2137,0.5802,-0.2595,43.12,On Surface
361282,-0.0311,9.8785,1.4006,-2.3359,0.5496,-0.1832,42.93,On Surface
361332,-0.0024,9.9144,1.4150,-2.0458,0.4275,-0.1985,42.93,On Surface
361382,0.0000,9.9335,1.4198,-2.3206,0.2901,-0.1832,42.74,On Surface
361432,-0.0144,9.8881,1.3360,-2.5344,0.3664,-0.1527,42.84,On Surface
361482,0.0048,9.9288,1.3958,-2.5344,0.4580,-0.2290,43.26,On Surface
361532,-0.0168,9.9192,1.3719,-2.3053,0.5802,-0.0763,42.93,On Surface
361582,-0.0359,9.9431,1.3886,-2.2595,0.5191,-0.3053,42.93,On Surface
361632,-0.0144,9.9503,1.3767,-2.2137,0.6718,-0.2137,43.45,On Surface
361682,-0.0263,9.9335,1.4102,-2.3206,0.3206,0.0916,43.02,On Surface
361732,0.0168,9.9168,1.3886,-2.2901,0.2748,-0.2137,42.98,On Surface
361782,0.0048,9.9264,1.3527,-2.3969,0.2290,0.2290,43.35,On Surface
361832,-0.0168,9.9096,1.3743,-2.0153,0.1832,0.0611,43.17,On Surface
361882,-0.0431,9.9359,1.3815,-2.2901,0.2748,-0.2595,43.02,On Surface
361932,-0.0766,9.9599,1.3479,-2.3511,0.4122,-0.0458,42.98,On Surface
361982,-0.0287,9.9359,1.3671,-2.3359,0.5954,-0.2137,42.98,On Surface
362032,-0.0263,9.9742,1.3599,-2.3206,0.4885,-0.1985,43.26,On Surface
362082,-0.0335,9.9671,1.3982,-2.2290,0.3817,-0.1679,43.12,On Surface
362132,-0.0383,9.9647,1.4222,-2.2901,0.3969,-0.3206,43.02,On Surface
362182,-0.0168,9.9311,1.3671,-2.2901,0.4885,0.1985,43.17,On Surface
362232,0.0072,9.8952,1.4150,-2.5496,0.5496,-0.1221,43.17,On Surface
362282,-0.0215,9.9096,1.4222,-2.1527,0.4122,0.0916,43.17,On Surface
362332,0.0096,9.9431,1.4078,-2.3969,0.3817,-0.1679,43.17,On Surface
362382,-0.0263,9.9024,1.3503,-2.6565,0.2748,-0.0916,42.98,On Surface
362432,-0.0168,9.9503,1.3910,-2.3359,0.4885,-0.1832,43.02,On Surface
362482,-0.0455,9.9096,1.3599,-2.5038,0.4427,-0.1527,43.12,On Surface
362532,-0.0431,9.9288,1.3958,-2.4733,0.3969,-0.1985,43.26,On Surface
362582,-0.0024,9.9311,1.4078,-2.4580,0.3511,-0.1374,43.17,On Surface
362632,-0.0311,9.9144,1.4078,-2.3664,0.3817,-0.1985,43.02,On Surface
362682,-0.0527,9.8976,1.4150,-2.1832,0.5802,-0.0153,43.17,On Surface
362732,0.0144,9.9144,1.3767,-2.3511,0.3969,-0.1069,42.98,On Surface
362782,0.0024,9.9144,1.3551,-2.3206,0.2595,0.2137,42.98,On Surface
362832,0.0239,9.9264,1.3072,-2.3359,0.1679,0.0000,42.79,On Surface
362882,-0.0168,9.9120,1.3503,-2.4427,0.5344,-0.1832,43.02,On Surface
362932,-0.0335,9.9311,1.3623,-2.6412,0.3359,-0.0458,43.17,On Surface
362982,-0.0072,9.9288,1.3264,-2.3664,0.7023,-0.0611,42.93,On Surface
363032,-0.0144,9.9551,1.4078,-2.3206,0.6718,-0.1221,43.12,On Surface
363082,-0.0503,9.9144,1.3982,-2.1679,0.5802,-0.1832,42.93,On Surface
363132,-0.0096,9.9096,1.3671,-2.3206,0.5344,-0.0611,43.02,On Surface
363182,-0.0192,9.9072,1.3503,-2.3053,0.4275,-0.2595,43.12,On Surface
363232,-0.0024,9.9216,1.3767,-2.4275,0.5649,0.0916,42.84,On Surface
363282,-0.0072,9.9288,1.3599,-2.6412,0.2595,-0.0916,43.35,On Surface
363332,0.0287,9.9455,1.3767,-2.4580,0.4427,-0.2137,43.54,On Surface
363382,-0.0024,9.9527,1.4030,-2.3969,0.5954,-0.1832,43.26,On Surface
363432,-0.0024,9.9359,1.3072,-2.2290,0.5038,-0.2137,43.17,On Surface
363482,-0.0431,9.9335,1.3264,-2.2290,0.6718,-0.3511,43.02,On Surface
363532,0.0168,9.9144,1.3431,-2.5038,0.6412,-0.0305,43.12,On Surface
363582,-0.0455,9.9599,1.3862,-2.5038,0.2443,-0.2137,43.12,On Surface
363632,-0.0048,9.8809,1.3551,-2.7328,0.6107,-0.1069,43.26,On Surface
363682,-0.0407,9.8952,1.4030,-2.2137,0.5344,-0.1679,43.02,On Surface
363732,-0.0192,9.9048,1.3791,-2.4122,0.6565,-0.1832,43.26,On Surface
363782,0.0072,9.8881,1.3719,-2.5344,0.7176,-0.1985,43.12,On Surface
363832,0.0120,9.9455,1.4198,-2.5802,0.5649,-0.1679,43.02,On Surface
363882,-0.0120,9.9503,1.3791,-2.2901,0.3817,-0.3359,42.98,On Surface
363932,-0.0024,9.9240,1.4030,-2.4427,0.5344,-0.1069,43.26,On Surface
363982,-0.0407,9.9144,1.4006,-2.5038,0.4580,-0.3359,43.31,On Surface
364032,-0.0359,9.9000,1.3886,-2.5344,0.7481,0.0611,43.31,On Surface
364082,-0.0407,9.9288,1.3982,-2.4122,0.7939,-0.2901,43.12,On Surface
364132,-0.0311,9.9144,1.4078,-2.4885,0.5496,0.0611,42.98,On Surface
364182,-0.0263,9.8976,1.3431,-2.5496,0.5344,-0.2748,43.17,On Surface
364232,-0.0072,9.9311,1.3838,-2.5344,0.4427,-0.0916,43.12,On Surface
364282,-0.0048,9.9240,1.3767,-2.3817,0.2748,-0.2137,43.12,On Surface
364332,-0.0144,9.9479,1.3264,-2.2595,0.5802,0.1374,43.26,On Surface
364382,-0.0048,9.9551,1.3815,-2.3206,0.8550,-0.1832,43.02,On Surface
364432,-0.0287,9.9527,1.3001,-2.5649,0.5191,-0.0611,43.17,On Surface
364482,-0.0479,9.9120,1.4102,-2.3511,0.3817,-0.0305,42.98,On Surface
364532,0.0024,9.9168,1.3695,-2.2290,0.3511,-0.0763,42.98,On Surface
364582,0.0096,9.9311,1.4102,-2.4885,0.3664,-0.1527,42.84,On Surface
364632,-0.0431,9.8928,1.3240,-2.3817,0.7023,-0.0458,43.31,On Surface
364682,-0.0335,9.9048,1.4198,-2.3511,0.4122,-0.1985,42.93,On Surface
364732,0.0048,9.8904,1.4102,-2.5038,0.6107,0.2595,43.26,On Surface
364782,0.0192,9.9144,1.4102,-2.4275,0.5802,0.1679,42.98,On Surface
364832,0.0024,9.9144,1.3455,-2.3206,0.3817,0.0000,43.35,On Surface
364882,0.0024,9.9551,1.3503,-2.1985,0.3664,-0.1832,42.93,On Surface
364932,-0.0407,9.9766,1.3767,-2.8702,0.5802,-0.3053,42.98,On Surface
364982,-0.0144,9.9120,1.4006,-2.3969,0.6870,-0.3359,42.93,On Surface
365032,-0.0551,9.9264,1.3431,-2.4733,0.7328,-0.2137,43.12,On Surface
365082,-0.0335,9.9192,1.3862,-2.2595,0.5954,-0.3664,43.02,On Surface
365132,-0.0120,9.9240,1.3982,-2.5038,0.4427,-0.0916,43.26,On Surface
365182,-0.0431,9.9000,1.4389,-2.4427,0.4122,0.1374,42.98,On Surface
365232,-0.0383,9.9383,1.4150,-2.2748,0.3206,0.1679,43.17,On Surface
365282,0.0096,9.9431,1.3791,-2.4580,0.4885,-0.0611,43.02,On Surface
365332,-0.0311,9.9503,1.4293,-2.0000,0.2901,0.0000,43.17,On Surface
365382,0.0096,9.9359,1.4653,-2.3053,0.4275,0.0458,43.02,On Surface
365432,-0.0263,9.9503,1.3838,-2.4733,0.5496,-0.2137,43.45,On Surface
365482,-0.0335,9.9335,1.3575,-2.3053,0.7786,-0.0763,43.17,On Surface
365532,-0.0239,9.9096,1.3575,-2.1832,0.5496,-0.0153,43.26,On Surface
365582,-0.0144,9.9000,1.4293,-2.2137,0.2901,0.0763,43.12,On Surface
365632,0.0048,9.9503,1.3647,-2.2901,0.4885,-0.0305,43.26,On Surface
365682,-0.0096,9.9335,1.3072,-2.1832,0.4427,-0.2137,42.98,On Surface
365732,-0.0192,9.9407,1.3815,-2.5802,0.4275,-0.2595,43.17,On Surface
365782,-0.0192,9.9407,1.3958,-2.6107,0.4427,0.0458,42.93,On Surface
365832,0.0048,9.9024,1.3240,-2.5954,0.5191,-0.0458,43.02,On Surface
365882,0.0000,9.9647,1.3623,-2.5802,0.5344,-0.0611,42.84,On Surface
365932,-0.0192,9.9455,1.3575,-2.3053,0.3969,-0.2137,43.02,On Surface
365982,-0.0239,9.9288,1.3791,-2.1985,0.5344,-0.1527,43.26,On Surface
366032,0.0024,9.9096,1.3767,-2.4427,0.4275,-0.0305,42.98,On Surface
366082,-0.0192,9.9096,1.4030,-2.2748,0.5191,-0.1374,43.02,On Surface
366132,0.0120,9.9096,1.4629,-2.3206,0.4427,-0.1221,43.45,On Surface
366182,-0.0144,9.9407,1.4365,-2.4122,0.2443,-0.1832,42.98,On Surface
366232,0.0072,9.9192,1.4341,-2.2443,0.3969,-0.2137,43.12,On Surface
366282,-0.0048,9.9072,1.3982,-2.3359,0.3053,-0.2137,43.02,On Surface
366332,-0.0096,9.9479,1.3815,-2.5344,0.4427,-0.0305,42.79,On Surface
366382,-0.0479,9.9503,1.3120,-2.5344,0.5954,-0.1221,43.35,On Surface
366432,-0.0096,9.9288,1.3575,-2.4122,0.3817,-0.2901,43.26,On Surface
366482,-0.0048,9.9335,1.4222,-2.4122,0.6412,-0.2748,43.12,On Surface
366532,-0.0096,9.9479,1.4437,-2.0305,0.7176,0.2137,43.17,On Surface
366582,-0.0048,9.9072,1.3815,-2.4427,0.6870,-0.2748,43.02,On Surface
366632,0.0000,9.9048,1.3958,-2.4427,0.3664,-0.2443,43.02,On Surface
366682,-0.0239,9.9192,1.3551,-2.2901,0.6260,-0.1985,42.98,On Surface
366732,0.0048,9.9048,1.4006,-2.6412,0.5954,-0.1985,42.93,On Surface
366782,-0.0311,9.9240,1.3431,-2.3511,0.2748,-0.1221,42.98,On Surface
366832,-0.0024,9.9216,1.4269,-2.1221,0.4580,-0.2901,42.98,On Surface
366882,-0.0192,9.9479,1.3264,-2.4122,0.7481,-0.3359,42.93,On Surface
366932,-0.0120,9.9383,1.3527,-2.4733,0.5496,-0.1374,43.02,On Surface
366982,-0.0311,9.8785,1.3862,-2.5344,0.3664,-0.1985,42.98,On Surface
367032,0.0215,9.9192,1.3623,-2.4733,0.2748,-0.1374,43.35,On Surface
367082,0.0168,9.9264,1.3982,-2.2443,0.2901,-0.3359,42.93,On Surface
367132,0.0120,9.9168,1.3815,-2.7176,0.4275,-0.3359,43.26,On Surface
367182,-0.0048,9.9503,1.3862,-2.5344,0.6107,-0.1221,43.17,On Surface
367232,-0.0144,9.9216,1.3838,-2.5802,0.7786,-0.2595,43.12,On Surface
367282,-0.0120,9.9671,1.3479,-2.1985,0.4427,-0.3206,42.98,On Surface
367332,-0.0311,9.9431,1.3575,-2.3817,0.5954,-0.2137,43.02,On Surface
367382,-0.0407,9.9096,1.3384,-2.3817,0.6565,0.0000,43.35,On Surface
367432,-0.0407,9.9359,1.4006,-2.3969,0.5496,-0.2595,43.26,On Surface
367482,-0.0192,9.9144,1.3934,-2.3969,0.3206,-0.3053,43.17,On Surface
367532,-0.0311,9.8904,1.3527,-2.5802,0.4580,-0.0611,43.02,On Surface
367582,0.0311,9.9168,1.4006,-2.3664,0.7786,-0.3053,42.98,On Surface
367632,-0.0239,9.9311,1.3815,-2.2443,0.5344,-0.0763,43.02,On Surface
367682,0.0311,9.9048,1.3958,-2.3511,0.3206,0.0153,43.35,On Surface
367732,0.0072,9.9575,1.3719,-2.6260,0.7481,-0.2595,43.02,On Surface
367782,0.0048,9.8881,1.3551,-2.5496,0.6565,-0.1985,42.98,On Surface
367832,-0.0287,9.9240,1.4293,-2.4427,0.4427,0.0611,42.98,On Surface
367882,-0.0263,9.9503,1.4030,-2.3969,0.5649,0.0611,42.84,On Surface
367932,-0.0239,9.9240,1.4126,-2.5802,0.6718,-0.1069,43.17,On Surface
367982,0.0144,9.9120,1.3695,-2.5344,0.2595,0.0305,43.02,On Surface
368032,-0.0048,9.9503,1.4078,-2.2901,0.4427,0.0305,42.93,On Surface
368082,0.0096,9.8857,1.3886,-2.2748,0.3053,-0.0763,43.17,On Surface
368132,-0.0072,9.9551,1.4030,-2.4122,0.2137,0.0458,43.02,On Surface
368182,-0.0072,9.8904,1.3623,-2.3817,0.1374,-0.1985,43.02,On Surface
368232,-0.0311,9.9096,1.3431,-2.5344,0.3664,-0.2137,43.02,On Surface
368282,-0.0215,9.9503,1.3024,-2.6107,0.3969,0.0763,43.02,On Surface
368332,-0.0479,9.9407,1.3431,-2.3053,0.5496,-0.0153,43.02,On Surface
368382,-0.0215,9.9288,1.3479,-2.3511,0.3664,-0.1221,43.17,On Surface
368432,0.0072,9.9359,1.4293,-2.3053,0.5649,0.0305,43.17,On Surface
368482,0.0048,9.9264,1.3575,-2.3359,0.6412,-0.2443,43.35,On Surface
368532,-0.0670,9.9431,1.3815,-2.1985,0.7328,-0.0611,42.98,On Surface
368582,0.0072,9.9168,1.4796,-2.0458,0.3206,-0.2137,43.26,On Surface
368632,-0.0048,9.9240,1.3743,-2.2137,0.4275,-0.1069,42.93,On Surface
368682,-0.0144,9.8976,1.4269,-2.2595,0.5954,-0.1374,42.93,On Surface
368732,0.0192,9.8952,1.3479,-2.3969,0.5038,0.0611,43.02,On Surface
368782,0.0024,9.9311,1.3336,-2.5344,0.4885,-0.2901,43.17,On Surface
368832,-0.0431,9.9359,1.4030,-2.3511,0.2443,-0.3969,42.93,On Surface
368882,-0.0215,9.9647,1.3647,-2.4580,0.4580,0.0611,42.98,On Surface
368932,-0.0311,9.9096,1.3384,-2.5038,0.4122,0.1221,43.12,On Surface
368982,0.0072,9.9359,1.4222,-2.3664,0.6107,-0.0153,43.12,On Surface
369032,0.0000,9.9168,1.4150,-2.1221,0.4122,-0.0305,42.79,On Surface
369082,-0.0168,9.9192,1.3647,-2.0153,0.2748,0.1221,43.17,On Surface
369132,0.0144,9.9359,1.3767,-2.3206,0.4580,-0.0763,42.93,On Surface
369182,-0.0072,9.8904,1.4557,-2.1221,0.5802,-0.1069,43.31,On Surface
369232,0.0215,9.9359,1.3527,-2.3969,0.1832,-0.2290,43.26,On Surface
369282,0.0048,9.9359,1.3767,-2.3511,0.6870,-0.2595,43.02,On Surface
369332,0.0192,9.9335,1.3767,-2.3053,0.3206,-0.0153,42.93,On Surface
369382,0.0048,9.9311,1.3575,-2.5802,0.5191,0.0000,43.02,On Surface
369432,-0.0311,9.9240,1.3479,-2.2901,0.6107,0.0153,43.02,On Surface
369482,-0.0144,9.9096,1.3743,-2.6107,0.6870,0.0458,43.17,On Surface
369532,-0.0263,9.9479,1.4413,-2.1221,0.2748,0.0916,43.12,On Surface
369582,-0.0239,9.9455,1.3647,-2.3969,0.4580,-0.2137,42.98,On Surface
369632,-0.0215,9.9383,1.3910,-2.2443,0.5038,-0.1221,43.02,On Surface
369682,-0.0024,9.9192,1.3982,-2.4275,0.5038,-0.1374,43.31,On Surface
369732,-0.0024,9.8976,1.4317,-2.2137,0.4580,0.0305,43.12,On Surface
369782,0.0024,9.9288,1.2929,-2.4733,0.4122,0.1374,43.17,On Surface
369832,-0.0263,9.9288,1.3240,-2.5496,0.6412,-0.1221,43.26,On Surface
369882,-0.0144,9.9455,1.3455,-2.3817,0.5649,-0.1069,43.26,On Surface
369932,-0.0120,9.9431,1.3455,-2.4885,0.4427,-0.3206,43.02,On Surface
369982,0.0359,9.9264,1.4222,-2.7023,0.4885,-0.1374,42.98,On Surface
370032,-0.0192,9.9168,1.3527,-2.0916,0.5038,-0.2595,43.02,On Surface
370082,-0.0024,9.9216,1.4222,-2.4275,0.5802,-0.0305,43.17,On Surface
370132,-0.0311,9.9240,1.3862,-2.4427,0.5802,-0.0916,43.26,On Surface
370182,-0.0287,9.8928,1.3982,-2.5038,0.3664,0.1527,43.17,On Surface
370232,-0.0192,9.8857,1.3647,-2.2290,0.4733,-0.1985,43.12,On Surface
370282,0.0215,9.9240,1.3527,-2.3969,0.4885,-0.3359,42.98,On Surface
370332,-0.0455,9.9407,1.3455,-2.3969,0.5802,-0.4122,43.12,On Surface
370382,0.0048,9.8833,1.3886,-2.3817,0.5649,-0.1374,43.02,On Surface
370432,-0.0144,9.9503,1.3695,-2.5191,0.4733,0.2595,42.98,On Surface
370482,-0.0479,9.9407,1.3240,-2.4122,0.5496,-0.1069,43.02,On Surface
370532,-0.0215,9.9048,1.3503,-2.4580,0.8092,-0.2137,43.45,On Surface
370582,-0.0192,9.9599,1.3048,-2.2290,0.5649,0.0916,42.93,On Surface
370632,-0.0503,9.9431,1.3336,-2.5649,0.6260,-0.2595,43.17,On Surface
370682,-0.0215,9.9335,1.3719,-2.4427,0.4580,-0.0611,43.02,On Surface
370732,-0.0168,9.9144,1.3695,-2.3969,0.5802,0.0153,42.98,On Surface
370782,-0.0024,9.9120,1.3695,-2.5038,0.4580,-0.1069,43.17,On Surface
370832,-0.0359,9.8904,1.3575,-2.5038,0.5802,-0.1832,42.84,On Surface
370882,0.0072,9.9407,1.3599,-2.7176,0.5191,-0.0763,43.02,On Surface
370932,-0.0431,9.9168,1.3743,-2.7023,0.6870,-0.0916,42.93,On Surface
370982,-0.0455,9.9216,1.3815,-2.4275,0.4122,-0.0916,42.98,On Surface
371032,-0.0311,9.9623,1.3647,-2.2290,0.4427,-0.0916,43.45,On Surface
371082,-0.0407,9.9240,1.4006,-2.1069,0.2748,-0.0763,43.26,On Surface
371132,-0.0168,9.9335,1.3934,-2.4427,0.5802,-0.2901,43.02,On Surface
371182,-0.0551,9.9168,1.4054,-2.6718,0.4885,-0.1527,42.84,On Surface
371232,0.0096,9.9168,1.3934,-2.7939,0.3206,-0.0916,43.45,On Surface
371282,-0.0263,9.8904,1.3336,-2.3664,0.2901,-0.2137,43.02,On Surface
371332,0.0168,9.9503,1.4269,-2.5954,0.4580,-0.1527,42.79,On Surface
371382,-0.0096,9.9551,1.3503,-2.4275,0.3969,-0.1527,43.31,On Surface
371432,-0.0239,9.9479,1.3384,-2.1985,0.7939,0.2443,43.17,On Surface
371482,-0.0311,9.9144,1.3575,-2.6412,0.4427,0.0611,42.93,On Surface
371532,-0.0048,9.9311,1.3240,-2.3206,0.4885,-0.2137,42.98,On Surface
371582,0.0024,9.9288,1.4054,-2.4580,0.3969,-0.4122,43.26,On Surface
371632,-0.0335,9.9192,1.3838,-2.3053,0.4275,-0.2137,42.98,On Surface
371682,-0.0120,9.9264,1.3791,-2.3664,0.4580,-0.0611,42.98,On Surface
371732,-0.0215,9.8857,1.3886,-2.5649,0.4885,-0.1679,43.12,On Surface
371782,0.0024,9.8952,1.3838,-2.3511,0.5649,-0.1679,43.02,On Surface
371832,-0.0072,9.9671,1.3838,-2.3511,0.5344,0.0458,43.02,On Surface
371882,-0.0239,9.9168,1.3384,-2.5649,0.2901,0.1374,43.02,On Surface
371932,-0.0335,9.9671,1.3743,-2.2595,0.1832,-0.1221,43.02,On Surface
371982,-0.0599,9.9479,1.3862,-2.4580,0.7176,-0.4122,43.02,On Surface
372032,-0.0287,9.9168,1.3647,-2.4275,0.6260,-0.0458,43.02,On Surface
372082,-0.0431,9.9144,1.4389,-2.4733,0.3664,0.0916,43.02,On Surface
372132,-0.0120,9.9096,1.4269,-2.2595,0.3511,0.0611,43.17,On Surface
372182,-0.0455,9.9120,1.4150,-2.3053,0.3664,0.1527,42.98,On Surface
372232,-0.0287,9.9240,1.4653,-2.7023,0.2290,-0.2290,43.17,On Surface
372282,-0.0239,9.8761,1.3288,-2.4427,0.4580,-0.0153,42.93,On Surface
372332,0.0024,9.9718,1.4030,-2.2137,0.5038,0.0000,43.17,On Surface
372382,-0.0287,9.9288,1.3862,-2.4885,0.4733,-0.2901,43.12,On Surface
372432,-0.0263,9.9503,1.4269,-2.5191,0.4885,-0.1527,42.98,On Surface
372482,-0.0311,9.9718,1.3312,-2.4580,0.6260,0.0305,43.17,On Surface
372532,-0.0263,9.9982,1.3958,-2.2901,0.4580,-0.1985,42.98,On Surface
372582,-0.0072,9.8689,1.3743,-2.1985,0.2290,-0.1679,43.02,On Surface
372632,0.0096,9.9192,1.4317,-2.1679,0.3053,-0.1374,43.31,On Surface
372682,-0.0024,9.9575,1.3791,-2.4580,0.3969,-0.0763,43.31,On Surface
372732,-0.0024,9.9048,1.4365,-2.7328,0.4885,-0.1069,43.17,On Surface
372782,-0.0215,9.9311,1.4222,-2.0305,0.4733,-0.0305,42.98,On Surface
372832,-0.0287,9.9527,1.3791,-2.2901,0.4885,-0.1527,43.26,On Surface
372882,-0.0551,9.9359,1.3527,-2.3817,0.5038,0.0000,43.12,On Surface
372932,-0.0120,9.9383,1.3120,-2.3969,0.4122,-0.1069,43.26,On Surface
372982,-0.0168,9.9383,1.3767,-2.0611,0.5191,-0.3053,43.26,On Surface
373032,-0.0048,9.9168,1.3767,-2.5344,0.5496,-0.1832,43.26,On Surface
373082,-0.0192,9.9120,1.3791,-2.2443,0.3206,0.0305,43.02,On Surface
373132,0.0168,9.9096,1.3671,-2.2137,0.5191,0.0000,42.98,On Surface
373182,0.0000,9.9407,1.3743,-2.1832,0.3359,-0.0611,42.98,On Surface
373232,-0.0287,9.9000,1.3671,-2.3969,0.4885,-0.2290,43.26,On Surface
373282,0.0048,9.9192,1.3791,-2.4427,0.4733,0.0000,42.84,On Surface
373332,0.0215,9.9264,1.3791,-2.1985,0.7176,0.0153,42.93,On Surface
373382,-0.0168,9.9599,1.3192,-2.2595,0.3969,0.1527,43.02,On Surface
373432,0.0096,9.9790,1.4102,-2.5802,0.4122,-0.2748,43.12,On Surface
373482,0.0024,9.9671,1.4078,-2.1985,0.5496,-0.1221,43.12,On Surface
373532,0.0215,9.9455,1.3743,-2.1527,0.6260,-0.1679,43.02,On Surface
373582,-0.0096,9.9048,1.3360,-2.4427,0.6107,-0.2443,43.02,On Surface
373632,-0.0192,9.8952,1.4365,-2.4122,0.6107,-0.0153,42.98,On Surface
373682,0.0263,9.9335,1.3503,-2.3817,0.4427,-0.3206,42.98,On Surface
373732,0.0311,9.9192,1.3958,-2.5802,0.5191,-0.0916,42.98,On Surface
373782,0.0072,9.8952,1.3048,-2.4122,0.6412,0.0000,43.26,On Surface
373832,-0.0192,9.9479,1.3431,-2.6870,0.3664,-0.2595,43.02,On Surface
373882,-0.0096,9.9192,1.3455,-2.2443,0.4580,-0.1985,42.93,On Surface
373932,-0.0096,9.9407,1.4222,-2.1527,0.4733,-0.2748,42.98,On Surface
373982,-0.0263,9.9431,1.4269,-2.3206,0.5191,-0.3359,42.93,On Surface
374032,-0.0311,9.9096,1.4222,-2.4122,0.3053,-0.2290,43.12,On Surface
374082,0.0144,9.8904,1.4269,-2.5191,0.5038,-0.2443,43.26,On Surface
374132,-0.0144,9.9407,1.3743,-2.6107,0.2290,-0.3511,43.02,On Surface
374182,-0.0168,9.8976,1.3599,-2.3969,0.5038,0.0458,43.02,On Surface
374232,-0.0072,9.9168,1.4198,-2.4122,0.4580,-0.2290,43.12,On Surface
374282,-0.0144,9.8881,1.3815,-2.3817,0.7023,-0.1832,42.98,On Surface
374332,0.0024,9.9192,1.3862,-2.5954,0.6412,0.0000,43.12,On Surface
374382,0.0048,9.9575,1.4222,-2.5344,0.6107,-0.0458,43.02,On Surface
374432,0.0048,9.9048,1.4102,-2.4427,0.4122,-0.1374,43.02,On Surface
374482,0.0096,9.9431,1.3575,-2.0458,0.6107,-0.3511,42.93,On Surface
374532,-0.0096,9.9240,1.4054,-2.6565,0.4580,-0.1679,43.12,On Surface
374582,-0.0120,9.9335,1.4030,-2.5191,0.5038,0.0153,43.17,On Surface
374632,-0.0048,9.8881,1.3647,-2.3511,0.7176,-0.0458,43.02,On Surface
374682,-0.0072,9.8833,1.3743,-2.2137,0.5954,-0.1069,42.98,On Surface
374732,-0.0168,9.9048,1.4030,-2.3969,0.3206,0.1374,43.02,On Surface
374782,0.0048,9.9383,1.3743,-2.5496,0.5344,-0.1221,42.98,On Surface
374832,-0.0192,9.9503,1.3958,-2.4275,0.7481,-0.1985,42.93,On Surface
374882,-0.0263,9.9431,1.4150,-2.6412,0.3053,-0.2443,42.93,On Surface
374932,-0.0479,9.9383,1.3623,-2.5496,0.4427,-0.3664,42.98,On Surface
374982,-0.0575,9.9599,1.3647,-2.2901,0.7328,-0.0763,43.02,On Surface
375032,-0.0311,9.9455,1.3934,-2.3969,0.3359,0.0305,43.02,On Surface
375082,-0.0287,9.9311,1.4485,-2.2901,0.7786,-0.1221,43.31,On Surface
375132,0.0024,9.9072,1.3575,-2.3511,0.5038,-0.1985,43.17,On Surface
375182,-0.0168,9.9407,1.3695,-2.2595,0.3359,0.0763,42.93,On Surface
375232,0.0072,9.9240,1.4102,-2.2290,0.4427,-0.0611,42.98,On Surface
375282,-0.0215,9.9072,1.3623,-2.2901,0.1527,0.1527,43.26,On Surface
375332,-0.0024,9.9288,1.3575,-2.5191,0.4427,-0.2595,43.35,On Surface
375382,0.0072,9.9024,1.4341,-2.6565,0.6107,0.0458,43.02,On Surface
375432,-0.0575,9.9814,1.3815,-2.3817,0.5496,-0.2443,43.02,On Surface
375482,-0.0455,9.9599,1.3671,-2.5344,0.3969,-0.3053,43.02,On Surface
375532,-0.0215,9.9766,1.4198,-2.3206,0.9466,-0.0611,43.17,On Surface
375582,-0.0096,9.9431,1.3743,-2.1221,0.6870,-0.3664,43.26,On Surface
375632,0.0359,9.9527,1.4054,-2.5038,0.4122,-0.1374,42.84,On Surface
375682,0.0144,9.9024,1.4030,-2.1527,0.6565,-0.3359,42.93,On Surface
375732,-0.0072,9.9479,1.4533,-2.3969,0.6107,0.0916,42.93,On Surface
375782,-0.0144,9.9335,1.4365,-2.3664,0.2901,0.0000,43.02,On Surface
375832,0.0168,9.9048,1.3934,-2.5191,0.4733,-0.1069,43.17,On Surface
375882,0.0096,9.9383,1.3695,-2.2290,0.2595,0.0305,42.98,On Surface
375932,0.0072,9.9551,1.3838,-2.5649,0.3206,0.0000,43.12,On Surface
375982,-0.0192,9.9671,1.3431,-2.3664,0.5038,-0.0916,42.98,On Surface
376032,-0.0168,9.9407,1.3647,-2.1374,0.4885,0.1221,42.98,On Surface
376082,-0.0215,9.9671,1.3192,-2.3817,0.7328,-0.1374,43.02,On Surface
376132,-0.0263,9.9335,1.3982,-2.3511,0.3206,0.1069,42.98,On Surface
376182,-0.0072,9.8881,1.4389,-2.3664,0.1679,-0.2137,43.26,On Surface
376232,-0.0168,9.9264,1.3767,-2.3206,0.1985,-0.2137,43.26,On Surface
376282,-0.0048,9.9671,1.3934,-2.2595,0.5954,-0.1679,42.98,On Surface
376332,-0.0215,9.9455,1.3240,-2.6260,0.4122,-0.2901,43.35,On Surface
376382,-0.0168,9.9311,1.3360,-2.8702,0.4427,-0.2137,43.12,On Surface
376432,-0.0168,9.9288,1.3671,-2.3053,0.7023,-0.1069,43.17,On Surface
376482,-0.0192,9.9264,1.3982,-2.5344,0.5802,-0.0611,42.93,On Surface
376532,-0.0072,9.9216,1.3791,-2.4733,0.6107,-0.0611,43.17,On Surface
376582,-0.0144,9.9072,1.3599,-2.3206,0.6260,-0.3206,42.98,On Surface
376632,-0.0239,9.9311,1.3767,-2.1985,0.6412,0.0153,43.26,On Surface
376682,-0.0192,9.8833,1.4006,-2.4885,0.0611,-0.3511,43.12,On Surface
376732,0.0096,9.8904,1.3264,-1.9695,0.5038,-0.1374,43.02,On Surface
376782,0.0431,9.9216,1.3599,-2.3969,0.4275,-0.0611,43.35,On Surface
376832,-0.0072,9.8952,1.3360,-2.5344,0.4580,0.0000,43.17,On Surface
376882,0.0168,9.9024,1.3791,-2.3359,0.4275,-0.0458,43.26,On Surface
376932,-0.0383,9.9431,1.3695,-2.5191,0.7176,-0.1527,42.98,On Surface
376982,-0.0192,9.9695,1.4006,-2.5649,0.5496,-0.2595,42.74,On Surface
377032,-0.0287,9.9742,1.3791,-2.3817,0.6107,0.0916,43.35,On Surface
377082,0.0287,9.9335,1.3240,-2.4885,0.5191,0.0916,43.12,On Surface
377132,-0.0024,9.9072,1.3623,-2.3969,0.5802,-0.0611,43.02,On Surface
377182,0.0192,9.8881,1.3719,-2.2595,0.7634,-0.0458,42.98,On Surface
377232,-0.0024,9.8928,1.3886,-2.3817,0.5344,-0.0458,43.31,On Surface
377282,-0.0144,9.9120,1.4269,-2.3969,0.2290,-0.0458,42.93,On Surface
377332,0.0048,9.9072,1.3671,-2.5496,0.1679,-0.1679,43.12,On Surface
377382,0.0000,9.8881,1.3958,-2.5038,0.3206,-0.2443,43.26,On Surface
377432,0.0144,9.9383,1.4629,-2.3817,0.4580,-0.1679,42.93,On Surface
377482,-0.0527,9.9431,1.3767,-2.4427,0.5496,-0.2901,43.17,On Surface
377532,0.0311,9.8809,1.3743,-2.3053,0.4733,0.0611,43.12,On Surface
377582,-0.0024,9.9431,1.3360,-2.1832,0.3053,-0.1374,42.79,On Surface
377632,0.0215,9.9168,1.3455,-2.3359,0.6107,-0.1527,43.02,On Surface
377682,-0.0239,9.9240,1.4222,-2.4885,0.4580,-0.0153,43.02,On Surface
377732,-0.0120,9.9527,1.3719,-2.1679,0.4580,-0.0916,43.02,On Surface
377782,0.0000,9.9024,1.3072,-2.6260,0.3969,-0.1374,43.02,On Surface
377832,-0.0215,9.8857,1.4724,-2.4275,0.3053,0.0000,43.02,On Surface
377882,-0.0072,9.8976,1.4461,-2.5649,0.3664,-0.1679,43.02,On Surface
377932,-0.0192,9.9288,1.3336,-2.6870,0.2137,0.0458,43.35,On Surface
377982,0.0144,9.9048,1.3623,-2.5496,0.5344,0.0611,42.98,On Surface
378032,-0.0239,9.9575,1.3168,-2.5802,0.4275,-0.0458,42.98,On Surface
378082,-0.0359,9.9431,1.3551,-2.5649,0.4427,-0.3053,42.98,On Surface
378132,0.0024,9.9216,1.4198,-2.3206,0.5038,-0.1527,43.02,On Surface
378182,-0.0287,9.9168,1.3958,-2.2443,0.3511,-0.1832,42.93,On Surface
378232,-0.0120,9.9192,1.4174,-2.3053,0.3664,-0.2290,43.12,On Surface
378282,-0.0120,9.8976,1.3743,-2.3969,0.6718,-0.3664,43.31,On Surface
378332,-0.0048,9.9192,1.4078,-2.6107,0.5954,0.0458,43.02,On Surface
378382,0.0000,9.9144,1.4174,-2.5496,0.4580,-0.0305,42.93,On Surface
378432,-0.0239,9.9216,1.3982,-2.1221,0.3817,-0.1985,43.02,On Surface
378482,-0.0527,9.8904,1.3527,-2.5191,0.5038,-0.2443,42.98,On Surface
378532,-0.0359,9.9527,1.4102,-2.1985,0.2748,-0.0458,42.93,On Surface
378582,-0.0383,9.9455,1.3671,-2.3969,0.7176,-0.3053,43.31,On Surface
378632,-0.0335,9.9264,1.3384,-2.4275,0.5649,-0.1679,42.98,On Surface
378682,0.0096,9.9288,1.3144,-2.4885,0.2901,0.1069,43.31,On Surface
378732,-0.0311,9.9431,1.3575,-2.5649,0.4733,-0.0458,42.84,On Surface
378782,0.0168,9.8952,1.3958,-2.5649,0.1527,0.0916,42.93,On Surface
378832,-0.0120,9.8952,1.3815,-2.4275,0.5038,-0.1985,42.93,On Surface
378882,0.0072,9.9144,1.3958,-2.4427,0.2137,-0.1374,42.98,On Surface
378932,0.0000,9.9144,1.3910,-2.3053,0.3359,0.0305,42.93,On Surface
378982,-0.0239,9.9551,1.3479,-2.2748,0.2748,-0.1832,42.98,On Surface
379032,-0.0192,9.9623,1.3264,-2.5496,0.5802,-0.2137,43.17,On Surface
379082,-0.0551,9.9479,1.3647,-2.3664,0.7328,-0.1221,43.31,On Surface
379132,-0.0263,9.9359,1.3647,-2.2137,0.6107,-0.0153,42.84,On Surface
379182,-0.0407,9.9479,1.4269,-2.3664,0.4733,-0.1069,42.98,On Surface
379232,-0.0168,9.9431,1.3168,-2.1527,0.4427,-0.2901,43.45,On Surface
379282,-0.0096,9.9623,1.4006,-2.3817,0.3817,-0.1985,43.12,On Surface
379332,-0.0192,9.9216,1.3862,-2.3969,0.6107,0.0153,43.17,On Surface
379382,-0.0024,9.8952,1.3815,-2.5038,0.2901,-0.0153,43.26,On Surface
379432,-0.0072,9.9168,1.3695,-2.1374,0.1832,0.0305,43.26,On Surface
379482,-0.0192,9.9096,1.4078,-2.3053,0.5344,0.0153,42.93,On Surface
379532,-0.0407,9.8833,1.4126,-2.5496,0.4275,-0.1985,42.93,On Surface
379582,-0.0311,9.9623,1.3815,-2.1527,0.7328,0.0611,43.26,On Surface
379632,-0.0144,9.9551,1.3743,-2.3969,0.3359,0.0916,43.31,On Surface
379682,-0.0263,9.9144,1.3671,-2.3969,0.3969,-0.0458,43.12,On Surface
379732,-0.0287,9.9407,1.4533,-2.3206,0.4885,-0.0458,43.35,On Surface
379782,-0.0479,9.9000,1.3982,-2.3969,0.3206,-0.2748,43.26,On Surface
379832,0.0048,9.9096,1.4102,-1.8015,0.5954,-0.0763,42.93,On Surface
379882,-0.0072,9.9072,1.3982,-2.3053,0.2901,0.2137,43.12,On Surface
379932,0.0120,9.9192,1.3312,-2.2443,0.1527,-0.1527,43.12,On Surface
379982,0.0311,9.9288,1.4724,-2.3359,0.4885,-0.1832,42.93,On Surface
380032,-0.0359,9.8904,1.3360,-2.3206,0.4733,-0.2443,43.02,On Surface
380082,0.0144,9.9335,1.3048,-2.6260,0.3817,0.1069,43.26,On Surface
380132,0.0048,9.9359,1.3623,-2.4580,0.5191,-0.0153,42.98,On Surface
380182,-0.0215,9.8904,1.4245,-2.4580,0.4427,-0.1069,42.98,On Surface
380232,0.0096,9.9192,1.4006,-2.1527,0.6412,0.0000,43.17,On Surface
380282,-0.0144,9.8976,1.4389,-2.1069,0.6412,-0.1221,43.02,On Surface
380332,-0.0239,9.9575,1.4509,-2.1985,0.5038,-0.3206,43.02,On Surface
380382,0.0168,9.9216,1.3360,-2.4275,0.3969,-0.1832,42.98,On Surface
380432,-0.0168,9.9240,1.3408,-2.5496,0.7634,-0.3206,43.17,On Surface
380482,0.0072,9.9144,1.4102,-2.4122,0.3511,0.1679,43.02,On Surface
380532,-0.0287,9.9311,1.3503,-2.5191,0.2595,0.0153,42.93,On Surface
380582,0.0192,9.9455,1.4078,-2.5191,0.4580,-0.1679,43.12,On Surface
380632,-0.0479,9.9527,1.4485,-2.3664,0.8092,-0.3664,42.98,On Surface
380682,-0.0239,9.9479,1.3767,-2.5191,0.6870,0.1527,43.02,On Surface
380732,-0.0311,9.9431,1.4198,-2.5344,0.4122,-0.2290,43.17,On Surface
380782,-0.0144,9.9383,1.3479,-2.3817,0.9008,-0.2137,42.98,On Surface
380832,-0.0168,9.9335,1.3647,-2.3817,0.4275,-0.0763,43.17,On Surface
380882,-0.0192,9.9000,1.3958,-2.3511,0.5802,-0.1985,42.93,On Surface
380932,0.0168,9.9335,1.3647,-2.3206,0.4580,-0.3664,42.98,On Surface
380982,-0.0215,9.8976,1.4629,-2.4733,0.4885,-0.3053,42.98,On Surface
381032,0.0096,9.9240,1.3623,-2.5344,0.3206,-0.0153,42.98,On Surface
381082,0.0024,9.9072,1.3934,-2.2901,0.0305,-0.1679,43.12,On Surface
381132,-0.0168,9.9431,1.3384,-2.7176,0.6718,-0.0305,42.98,On Surface
381182,0.0072,9.9527,1.3623,-2.4122,0.6565,0.1221,43.02,On Surface
381232,0.0239,9.9048,1.4389,-2.4275,0.7023,-0.2901,42.98,On Surface
381282,-0.0048,9.9120,1.3072,-2.3359,0.7328,-0.2748,42.98,On Surface
381332,-0.0479,9.9192,1.3958,-2.0611,0.7786,-0.2137,43.02,On Surface
381382,0.0024,9.8952,1.3958,-2.3206,0.3969,-0.1527,43.02,On Surface
381432,-0.0192,9.9048,1.3455,-2.5038,0.4122,-0.0916,42.98,On Surface
381482,-0.0048,9.9288,1.4269,-2.5802,0.3206,-0.0763,43.26,On Surface
381532,-0.0168,9.9359,1.3384,-2.1832,0.2901,0.0611,43.26,On Surface
381582,-0.0311,9.9359,1.3336,-2.6870,0.3206,-0.1985,42.98,On Surface
381632,0.0000,9.9216,1.3934,-2.7328,0.4580,-0.0916,42.79,On Surface
381682,0.0000,9.9383,1.3384,-2.5191,0.4733,-0.0763,43.02,On Surface
381732,-0.0192,9.9383,1.3791,-2.4885,0.4580,-0.1069,43.17,On Surface
381782,-0.0455,9.9383,1.3575,-2.3511,0.4580,-0.3053,43.02,On Surface
381832,-0.0120,9.9383,1.3527,-2.4122,0.3206,-0.0611,43.26,On Surface
381882,-0.0168,9.9311,1.3240,-2.1679,0.6260,0.2901,43.02,On Surface
381932,-0.0287,9.9335,1.3575,-2.3359,0.2290,-0.4733,42.93,On Surface
381982,-0.0192,9.9335,1.3216,-2.1985,0.5954,-0.0305,43.17,On Surface
382032,0.0096,9.9455,1.3719,-2.4122,0.3817,0.0153,42.98,On Surface
382082,-0.0263,9.9335,1.4676,-2.6107,0.3969,-0.1527,42.93,On Surface
382132,-0.0120,9.9072,1.3431,-2.2290,0.5038,-0.2748,43.26,On Surface
382182,-0.0359,9.9168,1.3551,-2.5191,0.5954,0.1221,43.26,On Surface
382232,-0.0503,9.9982,1.4102,-2.4733,0.4427,-0.1679,42.84,On Surface
382282,-0.0287,9.9431,1.3575,-2.1679,0.2748,-0.0916,43.02,On Surface
382332,-0.0383,9.9383,1.4102,-2.1832,0.4427,-0.0611,42.98,On Surface
382382,-0.0455,9.9575,1.4126,-2.2443,0.5038,-0.1679,43.12,On Surface
382432,-0.0287,9.9240,1.4222,-2.1069,0.1985,-0.0611,43.17,On Surface
382482,0.0096,9.8809,1.4006,-2.3206,0.2748,-0.3511,43.35,On Surface
382532,0.0000,9.9144,1.3958,-2.0611,0.3511,-0.0305,43.45,On Surface
382582,-0.0192,9.8928,1.3719,-2.1221,0.3664,-0.0763,43.26,On Surface
382632,-0.0215,9.9144,1.3527,-2.6565,0.3817,-0.0305,43.02,On Surface
382682,-0.0215,9.9383,1.3982,-2.4122,0.4427,0.0458,42.98,On Surface
382732,-0.0383,9.9048,1.3791,-2.2748,0.4580,-0.2901,43.02,On Surface
382782,-0.0263,9.9407,1.3623,-2.3817,0.1679,-0.3664,43.02,On Surface
382832,-0.0287,9.9288,1.3455,-2.1527,0.4275,-0.0458,43.31,On Surface
382882,-0.0622,9.9623,1.3791,-2.3969,0.4427,-0.0916,43.12,On Surface
382932,-0.0263,9.9096,1.3599,-2.2748,0.4580,-0.0611,43.17,On Surface
382982,-0.0263,9.9288,1.3958,-2.3817,0.5496,0.0153,43.02,On Surface
383032,-0.0024,9.9383,1.4054,-2.2137,0.3969,0.1069,43.02,On Surface
383082,0.0024,9.9024,1.3767,-2.1832,0.4427,-0.1374,43.02,On Surface
383132,-0.0096,9.9240,1.3815,-2.3511,0.4885,-0.1221,43.26,On Surface
383182,-0.0120,9.9359,1.3001,-2.4427,0.4885,-0.1679,43.02,On Surface
383232,-0.0503,9.9168,1.3312,-2.4580,0.4122,0.1985,42.93,On Surface
383282,-0.0311,9.9144,1.4006,-2.2137,0.5191,-0.0458,43.17,On Surface
383332,0.0000,9.9096,1.3910,-2.1527,0.5802,0.0611,43.17,On Surface
383382,0.0000,9.9192,1.3695,-2.3511,0.5191,-0.3817,43.12,On Surface
383432,-0.0192,9.9000,1.3431,-2.2748,0.4427,-0.3817,43.26,On Surface
383482,0.0144,9.9120,1.4317,-2.3511,0.4122,-0.1374,43.02,On Surface
383532,0.0072,9.9335,1.3910,-2.2901,0.3969,-0.0611,43.12,On Surface
383582,-0.0287,9.9503,1.4078,-2.3206,0.5344,0.0458,43.12,On Surface
383632,-0.0024,9.9383,1.3958,-2.5802,0.3511,0.3817,43.31,On Surface
383682,-0.0551,9.9623,1.3838,-2.4122,0.5802,0.0916,43.26,On Surface
383732,0.0120,9.9216,1.4245,-2.4580,0.6412,-0.0763,42.84,On Surface
383782,-0.0120,9.9359,1.4078,-2.3969,0.7481,-0.3359,43.31,On Surface
383832,0.0120,9.9455,1.3503,-2.4122,0.4885,-0.0763,43.17,On Surface
383882,0.0024,9.9383,1.3791,-2.3206,0.4427,-0.0916,42.79,On Surface
383932,-0.0120,9.8904,1.3647,-2.5802,0.5496,-0.3664,42.98,On Surface
383982,-0.0215,9.8904,1.4150,-2.3511,0.5802,-0.1221,43.31,On Surface
384032,0.0000,9.9240,1.3958,-2.5802,0.4733,-0.2137,42.93,On Surface
384082,-0.0479,9.9120,1.4222,-2.4427,0.3206,0.0916,43.17,On Surface
384132,-0.0120,9.9671,1.3719,-2.6412,0.5954,0.0763,42.93,On Surface
384182,-0.0599,9.9048,1.3264,-2.4427,0.5038,-0.2595,42.93,On Surface
384232,0.0000,9.9431,1.3479,-2.3511,0.7023,0.0916,43.02,On Surface
384282,-0.0407,9.9407,1.3623,-2.3664,0.4427,-0.0153,43.12,On Surface
384332,0.0335,9.9551,1.3312,-2.3664,0.5344,-0.2443,42.93,On Surface
384382,0.0048,9.9288,1.3144,-2.4122,0.4427,-0.3206,43.12,On Surface
384432,0.0048,9.9192,1.4269,-2.4733,0.4580,-0.3511,43.26,On Surface
384482,-0.0072,9.9144,1.3982,-2.5191,0.5191,-0.0611,43.02,On Surface
384532,0.0192,9.9288,1.3910,-2.5038,0.3817,-0.1679,42.98,On Surface
384582,-0.0192,9.9671,1.4461,-2.3053,0.6412,-0.2901,42.98,On Surface
384632,0.0144,9.9048,1.3743,-2.3817,0.5649,-0.2137,43.02,On Surface
384682,0.0072,9.9144,1.3408,-2.3817,0.5649,-0.2137,43.02,On Surface
384732,-0.0192,9.9072,1.3958,-2.4427,0.7176,-0.3206,42.98,On Surface
384782,-0.0072,9.9383,1.3719,-2.4733,0.2595,-0.1832,43.02,On Surface
384832,-0.0072,9.9599,1.3431,-2.1527,0.5038,-0.0763,43.12,On Surface
384882,-0.0192,9.8833,1.3791,-2.1985,0.5496,-0.0611,43.17,On Surface
384932,-0.0263,9.8952,1.3958,-2.3206,0.5649,-0.1985,43.26,On Surface
384982,0.0168,9.8785,1.4150,-2.4733,0.4122,-0.3206,43.12,On Surface
385032,0.0048,9.9288,1.4317,-2.3664,0.4885,0.2748,42.79,On Surface
385082,-0.0168,9.9383,1.4341,-2.3664,0.4885,-0.3664,43.02,On Surface
385132,-0.0096,9.9551,1.3503,-2.2137,0.3969,-0.3817,42.98,On Surface
385182,-0.0239,9.9335,1.3886,-2.6107,0.5344,-0.2901,43.12,On Surface
385232,-0.0431,9.9407,1.3958,-2.4580,0.3053,0.1069,43.45,On Surface
385282,-0.0311,9.9623,1.3168,-2.5954,0.5802,-0.3664,43.02,On Surface
385332,-0.0503,9.8881,1.4006,-2.2748,0.6565,0.1374,42.98,On Surface
385382,-0.0383,9.8952,1.3695,-2.3969,0.7634,-0.1374,42.98,On Surface
385432,-0.0239,9.8904,1.4389,-2.4580,0.3359,-0.0611,42.84,On Surface
385482,-0.0192,9.9096,1.4485,-2.3817,0.2595,0.0305,43.35,On Surface
385532,-0.0287,9.9311,1.3599,-2.3664,0.3359,-0.2443,42.93,On Surface
385582,-0.0048,9.9383,1.2977,-2.3206,0.4733,-0.3359,42.98,On Surface
385632,-0.0192,9.9000,1.3503,-2.3664,0.4885,0.1527,43.02,On Surface
385682,-0.0048,9.9479,1.3647,-2.3359,0.5802,0.0153,42.98,On Surface
385732,-0.0239,9.9527,1.3168,-2.3969,0.6412,-0.0916,43.35,On Surface
385782,0.0192,9.9575,1.3168,-2.5649,0.5344,-0.2595,43.02,On Surface
385832,-0.0263,9.9742,1.4605,-2.1069,0.8092,0.0611,42.98,On Surface
385882,-0.0311,9.9311,1.4317,-2.2443,0.5344,-0.3817,43.17,On Surface
385932,-0.0168,9.9072,1.3982,-2.3817,0.3511,0.0763,43.02,On Surface
385982,0.0024,9.9120,1.3767,-2.2290,0.5649,-0.1221,42.98,On Surface
386032,-0.0024,9.9575,1.3767,-2.3206,0.4275,-0.0763,43.17,On Surface
386082,-0.0144,9.9096,1.4198,-2.3053,0.4580,-0.1985,43.17,On Surface
386132,0.0072,9.9575,1.3695,-2.3206,0.5496,0.0305,42.98,On Surface
386182,0.0215,9.9479,1.3240,-2.2901,0.6107,0.0916,43.02,On Surface
386232,-0.0072,9.9264,1.3838,-2.4275,0.2901,-0.0611,43.26,On Surface
386282,-0.0096,9.9695,1.3671,-2.3511,0.3969,0.0000,43.12,On Surface
386332,-0.0144,9.9431,1.4365,-2.4275,0.5649,-0.2901,43.26,On Surface
386382,-0.0024,9.9742,1.3791,-2.4580,0.3817,-0.1221,43.31,On Surface
386432,-0.0096,9.9647,1.3599,-2.4733,0.3664,-0.1374,43.12,On Surface
386482,-0.0120,9.8833,1.4054,-2.2290,0.4580,0.1069,43.26,On Surface
386532,-0.0359,9.9407,1.3934,-2.4580,0.3664,-0.0153,43.02,On Surface
386582,-0.0479,9.9072,1.3958,-2.2901,0.3206,0.0916,43.17,On Surface
386632,-0.0120,9.9742,1.4054,-2.3511,0.4427,-0.0153,43.02,On Surface
386682,-0.0024,9.9383,1.4054,-2.2748,0.5038,0.1679,42.93,On Surface
386732,-0.0192,9.9575,1.3479,-2.3969,0.4122,-0.1221,43.02,On Surface
386782,0.0072,9.9359,1.3910,-2.1679,0.5954,-0.1221,43.02,On Surface
386832,-0.0239,9.9647,1.3312,-2.5191,0.2901,-0.0305,42.98,On Surface
386882,-0.0383,9.9024,1.3455,-2.2748,0.5802,-0.2137,42.93,On Surface
386932,0.0144,9.9264,1.3671,-2.3817,0.4885,-0.2137,42.84,On Surface
386982,0.0144,9.9240,1.3791,-2.5954,0.4427,-0.1679,43.02,On Surface
387032,0.0144,9.9192,1.3695,-2.2443,0.4427,-0.0763,42.93,On Surface
387082,-0.0096,9.9431,1.3647,-2.2595,0.2901,-0.0458,42.93,On Surface
387132,0.0263,9.9455,1.3288,-2.5038,0.5649,-0.1527,43.02,On Surface
387182,0.0072,9.9335,1.3838,-2.5802,0.5802,-0.1679,43.26,On Surface
387232,0.0072,9.9216,1.3982,-2.6107,0.8092,-0.0763,42.79,On Surface
387282,0.0287,9.9455,1.3719,-2.4580,0.4580,-0.2748,43.02,On Surface
387332,-0.0359,9.9503,1.3144,-2.3969,0.4580,-0.0153,43.17,On Surface
387382,-0.0024,9.9216,1.3623,-2.3511,0.5038,-0.3053,42.98,On Surface
387432,0.0096,9.8474,1.3719,-2.1527,0.3817,0.1221,43.26,On Surface
387482,0.0215,9.9311,1.3982,-2.1679,0.4122,-0.3206,43.17,On Surface
387532,-0.0024,9.8857,1.3671,-2.3511,0.4580,-0.1069,43.26,On Surface
387582,0.0000,9.8785,1.3910,-2.5191,0.5954,0.0000,43.35,On Surface
387632,0.0263,9.9479,1.3527,-2.6107,0.2748,0.0153,43.17,On Surface
387682,-0.0287,9.9527,1.3719,-2.2748,0.6718,-0.0916,43.26,On Surface
387732,-0.0239,9.9647,1.3719,-2.1832,0.6565,-0.0305,42.93,On Surface
387782,-0.0215,9.9192,1.3934,-2.5191,0.5496,-0.0153,42.98,On Surface
387832,0.0168,9.9335,1.4437,-2.3664,0.5649,-0.2137,42.93,On Surface
387882,-0.0168,9.9599,1.3838,-2.4885,0.5038,-0.1679,43.45,On Surface
387932,-0.0024,9.9407,1.3743,-2.2901,0.8855,0.2595,42.93,On Surface
387982,0.0120,9.9120,1.3360,-2.3511,0.4885,0.0153,43.02,On Surface
388032,0.0287,9.8976,1.3910,-2.3969,0.5038,-0.0153,42.93,On Surface
388082,0.0144,9.8928,1.3503,-2.4122,0.4580,0.0000,43.26,On Surface
388132,0.0335,9.9000,1.3551,-2.4733,0.3359,0.1527,43.02,On Surface
388182,-0.0670,9.9359,1.4054,-2.8092,0.4580,-0.1527,42.93,On Surface
388232,-0.0383,9.9359,1.3838,-2.2137,0.3511,-0.1832,42.98,On Surface
388282,-0.0215,9.9527,1.3815,-2.3969,0.6718,-0.1221,43.02,On Surface
388332,0.0239,9.9647,1.3575,-2.0611,0.6870,-0.0611,43.12,On Surface
388382,0.0000,9.9383,1.3743,-2.5802,0.6870,-0.0916,43.02,On Surface
388432,-0.0096,9.9216,1.3479,-2.3053,0.5802,-0.2137,43.02,On Surface
388482,-0.0072,9.9168,1.4245,-2.3817,0.2290,0.0000,42.79,On Surface
388532,-0.0168,9.9192,1.4030,-2.5496,0.4122,-0.3511,43.12,On Surface
388582,-0.0383,9.8904,1.3791,-2.6107,0.3053,-0.1069,43.31,On Surface
388632,-0.0335,9.9551,1.3910,-2.3817,0.5344,-0.4122,43.45,On Surface
388682,-0.0335,9.9503,1.3575,-2.3969,0.7328,-0.2443,43.02,On Surface
388732,0.0239,9.9407,1.3527,-2.3664,0.7481,-0.2595,43.12,On Surface
388782,-0.0168,9.9335,1.4245,-2.3664,0.3969,-0.1374,43.02,On Surface
388832,-0.0239,9.9240,1.4150,-2.3664,0.2595,-0.0305,43.02,On Surface
388882,-0.0144,9.9503,1.4150,-2.1985,0.5802,-0.0458,43.45,On Surface
388932,0.0192,9.9120,1.4174,-2.3206,0.3664,-0.0305,43.12,On Surface
388982,0.0048,9.9192,1.3958,-2.5191,0.6107,0.3053,43.35,On Surface
389032,-0.0048,9.9431,1.3982,-2.4427,0.6260,0.0611,42.93,On Surface
389082,0.0239,9.9288,1.3695,-2.3511,0.3969,-0.0763,43.02,On Surface
389132,0.0120,9.9264,1.3623,-2.4122,0.7176,0.0763,42.93,On Surface
389182,-0.0622,9.9814,1.3431,-2.4275,0.2901,-0.0916,43.02,On Surface
389232,-0.0096,9.9671,1.3791,-2.5191,0.3817,-0.2443,43.12,On Surface
389282,-0.0072,9.9288,1.3599,-2.3206,0.5038,-0.1832,43.31,On Surface
389332,0.0000,9.8952,1.3838,-2.0305,0.5802,-0.2137,43.31,On Surface
389382,-0.0311,9.9168,1.3791,-2.5344,0.4427,0.0458,43.26,On Surface
389432,-0.0335,9.9264,1.4126,-2.4580,0.5038,0.0763,42.98,On Surface
389482,-0.0407,9.9000,1.3623,-2.1985,0.3817,0.1221,42.93,On Surface
389532,-0.0024,9.8928,1.3886,-2.4580,0.2290,-0.0458,42.98,On Surface
389582,-0.0144,9.9192,1.4078,-2.1985,0.2748,-0.2901,43.17,On Surface
389632,0.0000,9.9407,1.3575,-2.3206,0.4580,0.0153,42.98,On Surface
389682,0.0048,9.9718,1.3862,-2.4427,0.5191,0.0305,42.98,On Surface
389732,-0.0551,9.9431,1.4126,-2.2290,0.5191,-0.0153,42.93,On Surface
389782,-0.0215,9.9479,1.3671,-2.4275,0.4580,-0.2443,42.93,On Surface
389832,0.0120,9.9647,1.3336,-2.0916,0.5649,-0.0611,43.02,On Surface
389882,0.0287,9.9096,1.4174,-2.2137,0.3969,-0.1832,42.98,On Surface
389932,-0.0120,9.9240,1.4198,-2.3053,0.4580,-0.0916,43.17,On Surface
389982,-0.0096,9.9551,1.4030,-2.3359,0.6565,-0.0305,43.02,On Surface
390032,0.0096,9.8952,1.4413,-2.2595,0.3511,-0.3664,43.12,On Surface
390082,-0.0048,9.9144,1.3024,-2.0916,0.3511,-0.1527,42.93,On Surface
390132,-0.0215,9.9288,1.3647,-2.3969,0.5649,-0.1374,43.02,On Surface
390182,-0.0479,9.9671,1.3934,-2.3511,0.5649,-0.0305,43.17,On Surface
390232,0.0048,9.9383,1.3240,-2.6260,0.5038,-0.1832,43.17,On Surface
390282,0.0168,9.9335,1.3551,-2.1679,0.7328,-0.3969,43.26,On Surface
390332,-0.0048,9.9192,1.3503,-2.3969,0.4122,-0.2290,43.17,On Surface
390382,-0.0527,9.9575,1.3886,-2.3817,0.4427,0.0153,42.98,On Surface
390432,-0.0215,9.9455,1.3982,-2.3511,0.3969,-0.0763,42.98,On Surface
390482,0.0431,9.9383,1.3838,-2.3664,0.2901,-0.2290,43.31,On Surface
390532,0.0168,9.9288,1.3934,-2.2290,0.2595,-0.2748,42.98,On Surface
390582,0.0263,9.9024,1.4413,-2.3817,0.3969,-0.1221,43.02,On Surface
390632,-0.0215,9.9120,1.3623,-2.3511,0.3817,-0.2137,42.84,On Surface
390682,-0.0383,9.9288,1.4054,-2.5649,0.4275,-0.1679,43.12,On Surface
390732,-0.0383,9.9120,1.2857,-2.5649,0.4275,-0.0153,42.84,On Surface
390782,0.0168,9.9455,1.2977,-2.6107,0.4733,0.2748,43.12,On Surface
390832,0.0000,9.9192,1.3455,-2.4275,0.5649,-0.1832,43.31,On Surface
390882,-0.0239,9.9431,1.3384,-2.2290,0.4580,0.0153,43.02,On Surface
390932,-0.0407,9.9455,1.3192,-2.2748,0.6260,-0.2595,43.17,On Surface
390982,-0.0144,9.9192,1.4389,-2.4122,0.2595,-0.4733,43.31,On Surface
391032,0.0000,9.9144,1.3886,-2.7023,0.3969,-0.0916,42.93,On Surface
391082,-0.0048,9.9120,1.3575,-2.6718,0.3053,-0.1985,43.26,On Surface
391132,-0.0072,9.9096,1.4222,-2.4122,0.5649,-0.2137,43.02,On Surface
391182,0.0144,9.9359,1.3934,-2.5954,0.6107,-0.1374,43.12,On Surface
391232,-0.0048,9.9144,1.4030,-2.5802,0.3359,-0.2901,43.02,On Surface
391282,0.0048,9.9575,1.3838,-2.4733,0.3664,-0.1221,42.98,On Surface
391332,-0.0527,9.9718,1.3551,-2.6107,0.4885,-0.2137,43.02,On Surface
391382,-0.0311,9.9359,1.3216,-2.4885,0.6107,-0.0611,43.17,On Surface
391432,-0.0096,9.9455,1.3886,-2.3969,0.7328,-0.2137,42.98,On Surface
391482,-0.0096,9.9671,1.3623,-2.3359,0.7939,0.0611,43.35,On Surface
391532,0.0048,9.8857,1.3455,-2.3206,0.4580,-0.2748,43.26,On Surface
391582,-0.0359,9.8737,1.3886,-2.6107,0.4885,-0.1527,42.79,On Surface
391632,0.0239,9.9048,1.3910,-2.4580,0.3817,-0.0916,42.79,On Surface
391682,-0.0192,9.9407,1.4102,-2.4580,0.2901,-0.1985,42.98,On Surface
391732,0.0120,9.9431,1.4245,-2.4122,0.2595,-0.5191,43.26,On Surface
391782,-0.0120,9.9120,1.3982,-2.6412,0.6412,-0.2137,43.02,On Surface
391832,-0.0311,9.9479,1.3862,-2.1527,0.4275,-0.1221,42.98,On Surface
391882,-0.0431,9.9168,1.3671,-2.3206,0.3969,-0.1221,42.79,On Surface
391932,-0.0048,9.9311,1.4150,-2.5954,0.3817,-0.0763,42.98,On Surface
391982,0.0024,9.9216,1.4006,-2.3511,0.1985,-0.1679,43.35,On Surface
392032,-0.0120,9.9288,1.3479,-2.1832,0.3969,-0.1985,43.02,On Surface
392082,-0.0192,9.9240,1.3982,-2.2443,0.5191,-0.0763,42.93,On Surface
392132,0.0048,9.9264,1.3575,-2.4885,0.6107,-0.0916,42.98,On Surface
392182,-0.0359,9.9335,1.3791,-2.4427,0.5954,-0.1985,43.26,On Surface
392232,-0.0239,9.9383,1.3623,-2.2290,0.5344,-0.0611,42.98,On Surface
392282,0.0096,9.9407,1.3264,-2.4580,0.6718,-0.1527,43.02,On Surface
392332,-0.0048,9.9599,1.4102,-2.3359,0.7634,-0.0305,42.93,On Surface
392382,-0.0359,9.9383,1.3791,-2.4122,0.4427,-0.2595,43.12,On Surface
392432,0.0263,9.9072,1.4509,-2.1527,0.3359,-0.0153,43.26,On Surface
392482,0.0000,9.9335,1.3120,-2.3664,0.6565,0.0458,43.17,On Surface
392532,-0.0024,9.9192,1.4533,-2.2595,0.4427,-0.1069,43.26,On Surface
392582,-0.0431,9.9288,1.3647,-2.3359,0.3664,-0.2748,42.93,On Surface
392632,-0.0168,9.9264,1.4078,-2.4580,0.5496,-0.1832,43.02,On Surface
392682,-0.0024,9.9647,1.4150,-2.5191,0.1832,-0.0916,43.02,On Surface
392732,-0.0024,9.9551,1.4006,-2.3359,0.2595,0.1221,42.79,On Surface
392782,-0.0503,9.9264,1.3623,-2.1527,0.2748,-0.2595,43.17,On Surface
392832,-0.0359,9.8809,1.4269,-2.2290,0.5191,0.0916,42.98,On Surface
392882,-0.0096,9.9072,1.3647,-2.2443,0.2443,0.0458,42.98,On Surface
392932,-0.0024,9.9192,1.3479,-2.2137,0.4275,-0.0916,43.17,On Surface
392982,0.0335,9.9168,1.4006,-2.3664,0.6412,-0.1832,43.02,On Surface
393032,0.0024,9.8881,1.3958,-2.3817,0.4580,-0.1832,43.12,On Surface
393082,0.0168,9.9383,1.4437,-2.4885,0.2443,0.0763,43.02,On Surface
393132,0.0144,9.8928,1.3886,-2.5344,0.2595,-0.1527,42.65,On Surface
393182,0.0024,9.9718,1.3336,-2.1679,0.5802,-0.2443,43.17,On Surface
393232,0.0024,9.9120,1.4006,-2.2748,0.6107,-0.2290,42.98,On Surface
393282,-0.0287,9.9359,1.3144,-2.1985,0.5802,-0.1527,43.02,On Surface
393332,-0.0072,9.9431,1.3695,-2.1679,0.6870,-0.0305,42.98,On Surface
393382,-0.0192,9.9264,1.3647,-2.4122,0.4427,-0.0763,43.02,On Surface
393432,0.0000,9.9072,1.3838,-2.1679,0.6870,-0.1069,42.84,On Surface
393482,0.0431,9.9120,1.3551,-2.2748,0.2901,0.0611,43.12,On Surface
393532,0.0215,9.9359,1.3695,-2.3817,0.4733,-0.2137,43.26,On Surface
393582,-0.0072,9.9335,1.3503,-2.3359,0.6260,-0.0763,43.12,On Surface
393632,-0.0120,9.9455,1.3791,-2.3817,0.4580,-0.1374,42.84,On Surface
393682,-0.0239,9.9311,1.4198,-2.5802,0.5038,-0.1985,43.26,On Surface
393732,0.0096,9.9407,1.4006,-2.4427,0.4580,-0.0153,43.02,On Surface
393782,-0.0120,9.9359,1.3120,-2.4275,0.6565,-0.0611,42.84,On Surface
393832,0.0168,9.9575,1.3360,-2.3664,0.5344,-0.2290,43.12,On Surface
393882,-0.0024,9.9599,1.3838,-2.6260,0.3511,-0.3664,43.31,On Surface
393932,-0.0072,9.9383,1.3767,-2.1527,0.5954,0.0000,43.26,On Surface
393982,0.0599,9.8833,1.4245,-2.5496,0.1832,-0.3511,43.26,On Surface
394032,0.0192,9.9431,1.4078,-2.2901,0.4427,-0.0611,43.26,On Surface
394082,-0.0192,9.9311,1.3838,-2.4885,0.3359,0.1221,42.93,On Surface
394132,-0.0168,9.9288,1.3838,-2.5191,0.8550,0.1221,43.12,On Surface
394182,0.0048,9.8904,1.3527,-2.3359,0.6260,0.1221,43.02,On Surface
394232,-0.0168,9.9288,1.3958,-2.5954,0.5344,-0.1221,42.98,On Surface
394282,0.0096,9.9264,1.3575,-2.3817,0.4733,-0.0305,43.31,On Surface
394332,-0.0144,9.9551,1.3384,-2.4427,0.6107,-0.1832,42.79,On Surface
394382,-0.0168,9.9000,1.4078,-2.3664,0.6260,-0.0305,42.93,On Surface
394432,-0.0096,9.9311,1.4054,-2.1527,0.4427,-0.3359,42.98,On Surface
394482,-0.0168,9.9503,1.4054,-2.2901,0.3969,-0.0153,42.98,On Surface
394532,-0.0335,9.9264,1.3599,-2.2290,0.4733,0.0305,43.02,On Surface
394582,0.0000,9.9311,1.3623,-2.7176,0.3664,-0.0611,43.17,On Surface
394632,-0.0048,9.9072,1.4413,-2.5038,0.5191,-0.2595,42.84,On Surface
394682,0.0168,9.9168,1.3072,-2.7481,0.5344,-0.1985,43.02,On Surface
394732,-0.0144,9.9335,1.3934,-2.5649,0.3969,-0.2748,42.98,On Surface
394782,-0.0239,9.9216,1.3647,-2.5038,0.7634,-0.2290,43.02,On Surface
394832,-0.0239,9.9335,1.3719,-2.3053,0.7939,-0.3664,43.02,On Surface
394882,-0.0239,9.9359,1.3431,-2.2748,0.7481,-0.3053,43.26,On Surface
394932,-0.0120,9.9168,1.3647,-2.3511,0.6718,-0.4122,43.12,On Surface
394982,-0.0215,9.9311,1.3934,-2.3206,0.4427,0.2137,43.35,On Surface
395032,-0.0239,9.9383,1.4341,-2.3969,0.2595,-0.0611,42.98,On Surface
395082,0.0144,9.9096,1.4030,-2.6260,0.3817,-0.1679,42.93,On Surface
395132,-0.0096,9.8976,1.3599,-2.3817,0.4427,0.1069,42.93,On Surface
395182,-0.0192,9.9359,1.3503,-2.5954,0.4733,-0.1832,43.12,On Surface
395232,0.0215,9.9407,1.3120,-2.6107,0.6718,-0.2595,42.79,On Surface
395282,-0.0670,9.9264,1.3958,-2.3511,0.5649,-0.1527,43.35,On Surface
395332,-0.0215,9.9120,1.3551,-2.3359,0.6718,-0.2748,42.98,On Surface
395382,-0.0024,9.9695,1.3862,-2.3817,0.5344,-0.2137,42.98,On Surface
395432,-0.0144,9.9120,1.3384,-2.3664,0.7786,-0.2748,43.12,On Surface
395482,0.0048,9.9311,1.4102,-2.3053,0.4122,-0.1069,43.26,On Surface
395532,-0.0287,9.9359,1.4006,-2.2901,0.5038,-0.0611,43.02,On Surface
395582,-0.0192,9.9048,1.3791,-2.1527,0.3206,0.0305,43.17,On Surface
395632,-0.0072,9.9048,1.3934,-2.1527,0.2748,0.1679,42.93,On Surface
395682,-0.0335,9.9551,1.3216,-2.5496,0.6565,0.2137,43.17,On Surface
395732,-0.0144,9.9264,1.3001,-2.5954,0.5496,0.1221,43.02,On Surface
395782,-0.0239,9.9168,1.3647,-2.4122,0.7481,0.0916,42.84,On Surface
395832,-0.0024,9.9575,1.3599,-2.2443,0.4580,-0.2748,43.12,On Surface
395882,-0.0144,9.9551,1.3791,-2.3511,0.3664,-0.1985,42.93,On Surface
395932,-0.0311,9.9168,1.3982,-2.2901,0.5038,-0.2901,43.17,On Surface
395982,-0.0335,9.9144,1.4150,-2.3053,0.4122,-0.1221,42.98,On Surface
396032,-0.0096,9.9240,1.3958,-2.4122,0.4885,-0.1679,42.84,On Surface
396082,0.0048,9.9288,1.3479,-2.3206,0.7176,-0.0916,43.02,On Surface
396132,-0.0479,9.9096,1.4509,-2.2595,0.5649,0.0305,43.02,On Surface
396182,-0.0287,9.9431,1.3455,-2.2748,0.4122,0.0000,43.02,On Surface
396232,-0.0048,9.9048,1.4198,-2.4733,0.5954,-0.1221,43.02,On Surface
396282,0.0072,9.9288,1.3527,-2.1069,0.4580,-0.0916,43.12,On Surface
396332,0.0144,9.9192,1.4054,-2.6412,0.5191,-0.0153,43.02,On Surface
396382,-0.0192,9.9407,1.3144,-2.1069,0.5344,0.0305,43.17,On Surface
396432,-0.0215,9.9168,1.3647,-2.3206,0.4733,0.1679,43.02,On Surface
396482,-0.0215,9.9192,1.3479,-2.2595,0.5038,0.0458,42.93,On Surface
396532,-0.0120,9.9455,1.4030,-2.2443,0.3206,0.2595,43.17,On Surface
396582,0.0072,9.8952,1.3671,-2.5802,0.4122,-0.0153,43.02,On Surface
396632,-0.0144,9.9407,1.3408,-2.4275,0.2595,-0.3206,42.98,On Surface
396682,-0.0503,9.9359,1.3767,-2.3053,0.5954,-0.1832,43.35,On Surface
396732,-0.0096,9.9551,1.3312,-2.3053,0.4733,-0.0916,42.98,On Surface
396782,0.0072,9.9527,1.3791,-2.1985,0.4733,-0.4275,43.17,On Surface
396832,0.0144,9.9359,1.3360,-2.3359,0.5954,-0.3511,42.93,On Surface
396882,-0.0168,9.9120,1.3958,-2.3206,0.7176,-0.0305,42.79,On Surface
396932,-0.0144,9.9311,1.3336,-2.4427,0.5344,0.0458,43.17,On Surface
396982,0.0215,9.9096,1.3408,-2.0916,0.3817,0.1527,43.12,On Surface
397032,-0.0168,9.8928,1.3982,-2.4580,0.1985,-0.2290,43.12,On Surface
397082,0.0239,9.9120,1.3982,-2.3206,0.3664,-0.1069,42.98,On Surface
397132,0.0096,9.9311,1.3719,-2.5191,0.6718,-0.0916,43.17,On Surface
397182,-0.0024,9.9551,1.3527,-2.4427,0.6718,0.1069,42.98,On Surface
397232,-0.0024,9.9335,1.3838,-2.3664,0.6412,-0.0305,42.98,On Surface
397282,-0.0168,9.9120,1.4245,-2.2748,0.7176,-0.1832,42.84,On Surface
397332,-0.0072,9.9192,1.3910,-2.4580,0.5649,-0.4580,42.98,On Surface
397382,-0.0096,9.9407,1.3408,-2.3511,0.4122,-0.2443,43.12,On Surface
397432,-0.0144,9.9264,1.3886,-2.4275,0.4885,-0.2290,43.17,On Surface
397482,0.0287,9.9000,1.3743,-2.3206,0.5802,-0.0916,42.93,On Surface
397532,0.0407,9.8928,1.4102,-2.3969,0.4733,-0.0153,43.02,On Surface
397582,0.0072,9.9216,1.4533,-2.3817,0.4275,-0.1679,43.02,On Surface
397632,-0.0168,9.8761,1.3527,-2.5038,0.4275,-0.1221,42.93,On Surface
397682,0.0168,9.9264,1.3216,-2.7786,0.4427,0.1985,42.98,On Surface
397732,-0.0120,9.9072,1.3384,-2.4580,0.5191,0.0458,43.17,On Surface
397782,-0.0024,9.9264,1.3838,-2.3664,0.4885,-0.1069,42.93,On Surface
397832,-0.0048,9.9407,1.3527,-2.4580,0.5496,-0.2748,43.26,On Surface
397882,-0.0192,9.9623,1.3264,-1.9695,0.3206,-0.3664,42.98,On Surface
397932,-0.0144,9.9000,1.3671,-2.5954,0.3511,-0.1527,43.02,On Surface
397982,-0.0168,9.9072,1.3671,-2.4733,0.5649,-0.1527,43.02,On Surface
398032,-0.0263,9.9288,1.3767,-2.4122,0.3511,-0.2137,43.02,On Surface
398082,-0.0359,9.8881,1.3910,-2.3969,0.5344,-0.1679,43.12,On Surface
398132,0.0024,9.9024,1.3862,-2.5344,0.5496,0.0916,43.45,On Surface
398182,0.0168,9.8952,1.3527,-2.5802,0.7634,-0.2137,43.02,On Surface
398232,-0.0072,9.8761,1.3958,-2.4733,0.3969,0.1374,42.98,On Surface
398282,-0.0192,9.9335,1.3719,-2.4275,0.7176,-0.0611,42.98,On Surface
398332,-0.0072,9.9144,1.3144,-2.4275,0.3511,-0.2137,43.12,On Surface
398382,-0.0479,9.9144,1.3551,-2.2901,0.7786,-0.1832,43.02,On Surface
398432,0.0000,9.9695,1.3815,-2.2595,0.6718,0.0153,42.98,On Surface
398482,0.0024,9.9479,1.3001,-2.5038,0.5954,-0.1374,43.17,On Surface
398532,0.0024,9.8928,1.4509,-2.3053,0.6565,-0.0153,43.31,On Surface
398582,0.0168,9.9024,1.3910,-2.4122,0.5038,0.0305,43.17,On Surface
398632,-0.0287,9.9144,1.3551,-2.3053,0.6260,-0.1832,43.12,On Surface
398682,-0.0072,9.9024,1.4317,-2.4275,0.2901,-0.1374,42.74,On Surface
398732,0.0144,9.9216,1.3575,-2.7481,0.5038,-0.1985,43.12,On Surface
398782,0.0168,9.9048,1.4245,-2.3969,0.4275,-0.2290,42.65,On Surface
398832,0.0096,9.9407,1.4078,-2.3817,0.4275,0.0153,42.79,On Surface
398882,-0.0215,9.9072,1.3647,-2.5802,0.4733,-0.2290,43.17,On Surface
398932,-0.0096,9.9742,1.3623,-2.2901,0.5802,-0.1679,43.12,On Surface
398982,-0.0527,9.9383,1.4222,-2.4427,0.5191,-0.4427,42.98,On Surface
399032,-0.0359,9.9120,1.3862,-2.3511,0.3817,-0.2290,43.35,On Surface
399082,-0.0096,9.9120,1.3719,-2.5954,0.2595,-0.0611,42.98,On Surface
399132,-0.0407,9.9192,1.3551,-2.3969,0.3053,-0.1985,42.98,On Surface
399182,-0.0718,9.8713,1.3336,-2.3817,0.1985,-0.1679,43.17,On Surface
399232,0.0024,9.9120,1.3862,-2.5954,0.3511,0.1374,43.02,On Surface
399282,0.0120,9.9072,1.4317,-2.3817,0.5191,0.0611,43.26,On Surface
399332,-0.0359,9.9838,1.4293,-2.3511,0.4885,0.0000,42.93,On Surface
399382,-0.0407,9.9718,1.3384,-2.4885,0.4427,-0.0305,43.26,On Surface
399432,-0.0144,9.9575,1.3958,-2.5191,0.4275,-0.2443,42.98,On Surface
399482,-0.0239,9.9407,1.4102,-2.2748,0.3511,0.0000,43.02,On Surface
399532,-0.0359,9.9335,1.3695,-2.3206,0.4122,-0.3817,43.02,On Surface
399582,0.0144,9.9240,1.4126,-2.0305,0.4885,0.0458,43.26,On Surface
399632,0.0000,9.9479,1.4078,-2.2595,0.2901,-0.1985,43.02,On Surface
399682,0.0072,9.9455,1.4150,-2.3511,0.5802,-0.0458,42.98,On Surface
399732,0.0311,9.9096,1.3623,-2.2137,0.8244,-0.2137,42.98,On Surface
399782,-0.0527,9.9623,1.3216,-2.3664,0.5038,0.0916,43.02,On Surface
399832,-0.0359,9.9718,1.3527,-2.5496,0.3664,-0.0458,42.98,On Surface
399882,0.0000,9.9455,1.3982,-2.3053,0.2901,-0.2748,42.98,On Surface
399932,0.0239,9.9096,1.3647,-2.4733,0.3359,-0.0611,42.98,On Surface
399982,-0.0144,9.9407,1.3791,-2.3511,0.3206,-0.1069,43.26,On Surface
400032,0.0096,9.9144,1.3958,-2.3206,0.4427,0.0611,42.74,On Surface
400082,-0.0335,9.9455,1.3982,-2.1832,0.3053,-0.1679,43.17,On Surface
400132,0.0072,9.9407,1.3479,-2.4733,0.3053,0.0305,42.79,On Surface
400182,0.0120,9.9000,1.4222,-2.3969,0.3359,-0.3969,43.12,On Surface
400232,0.0168,9.9096,1.3886,-2.3206,0.3817,0.2443,43.12,On Surface
400282,0.0239,9.9288,1.3767,-2.3817,0.3969,-0.0763,43.02,On Surface
400332,-0.0527,9.9120,1.4317,-2.3969,0.4122,0.1374,42.98,On Surface
400382,-0.0144,9.9766,1.2881,-2.5802,0.2748,-0.0763,42.98,On Surface
400432,-0.0551,9.9407,1.2881,-2.2901,0.5191,-0.3817,42.93,On Surface
400482,-0.0024,9.9575,1.4030,-2.1374,0.3969,0.2290,43.35,On Surface
400532,-0.0096,9.9240,1.3719,-2.3664,0.7023,-0.3206,43.02,On Surface
400582,0.0096,9.9216,1.3719,-2.2748,0.4122,-0.2137,43.02,On Surface
400632,0.0192,9.8737,1.3503,-2.3817,0.6260,-0.0916,42.93,On Surface
400682,0.0239,9.9144,1.4150,-2.2290,0.4427,-0.0153,43.17,On Surface
400732,-0.0335,9.9335,1.4245,-2.5344,0.5649,-0.0458,43.17,On Surface
400782,0.0239,9.9264,1.3168,-2.6107,0.3053,0.1527,43.12,On Surface
400832,-0.0096,9.9144,1.3192,-2.2290,0.5344,-0.0916,43.26,On Surface
400882,-0.0120,9.9431,1.3719,-2.2595,0.5802,-0.1374,42.93,On Surface
400932,-0.0431,9.9383,1.3910,-2.4122,0.4122,-0.2137,43.12,On Surface
400982,-0.0120,9.9455,1.3623,-2.4275,0.3511,-0.1679,42.98,On Surface
401032,-0.0263,9.9311,1.3408,-2.1832,0.6412,-0.1679,43.12,On Surface
401082,0.0215,9.9072,1.3743,-2.2595,0.5802,-0.1069,43.12,On Surface
401132,0.0431,9.9120,1.3719,-2.4733,0.3359,0.0916,42.98,On Surface
401182,0.0359,9.8976,1.3599,-2.1985,0.6260,-0.1221,43.02,On Surface
401232,0.0048,9.9000,1.3599,-2.3206,0.3511,0.1069,43.17,On Surface
401282,0.0168,9.9072,1.3623,-2.5649,0.2137,-0.0611,42.98,On Surface
401332,-0.0120,9.9264,1.3862,-2.3206,0.6107,-0.1374,42.74,On Surface
401382,0.0024,9.9359,1.3479,-2.6107,0.3511,-0.1374,43.12,On Surface
401432,-0.0239,9.9072,1.3743,-2.3664,0.4580,0.0305,43.12,On Surface
401482,-0.0168,9.8928,1.3743,-2.5802,0.4580,-0.2443,43.26,On Surface
401532,0.0072,9.9072,1.3647,-2.2901,0.4885,-0.1374,43.12,On Surface
401582,0.0168,9.8904,1.3455,-2.4275,0.6412,0.0916,43.35,On Surface
401632,0.0072,9.9216,1.3336,-2.3664,0.4733,0.1069,42.98,On Surface
401682,-0.0287,9.8928,1.4413,-2.4427,0.4122,-0.5191,42.84,On Surface
401732,-0.0383,9.9216,1.4030,-2.5954,0.2901,0.2137,43.02,On Surface
401782,-0.0622,9.9335,1.4629,-2.7328,0.2901,-0.0763,43.12,On Surface
401832,-0.0096,9.9240,1.3360,-2.4122,0.7481,-0.3511,43.02,On Surface
401882,0.0024,9.9383,1.2833,-2.2748,0.7634,-0.1985,43.12,On Surface
401932,-0.0311,9.8737,1.3384,-2.4733,0.6412,-0.2595,42.98,On Surface
401982,-0.0431,9.9335,1.3743,-2.6260,0.7328,-0.2443,42.98,On Surface
402032,-0.0311,9.9407,1.3264,-2.1221,0.5802,-0.1832,43.17,On Surface
402082,-0.0168,9.9335,1.4102,-2.3817,0.4427,-0.2137,43.35,On Surface
402132,-0.0407,9.9407,1.3815,-2.3817,0.5802,-0.1527,43.17,On Surface
402182,-0.0048,9.9216,1.4126,-2.3053,0.5191,-0.0763,43.17,On Surface
402232,-0.0311,9.9168,1.4126,-2.3053,0.5649,-0.1985,42.98,On Surface
402282,-0.0096,9.8928,1.3695,-2.2443,0.8092,0.0916,43.26,On Surface
402332,-0.0168,9.9264,1.3431,-2.7023,0.3359,-0.1679,42.79,On Surface
402382,0.0024,9.9814,1.3599,-2.5496,0.1832,-0.1679,43.17,On Surface
402432,-0.0168,9.9575,1.3910,-2.6565,0.4580,-0.3969,43.02,On Surface
402482,-0.0359,9.9216,1.3455,-2.4733,0.4427,-0.1679,43.02,On Surface
402532,-0.0024,9.9024,1.4102,-2.6412,0.6870,-0.3817,42.98,On Surface
402582,-0.0575,9.9264,1.3575,-2.4122,0.5649,-0.0458,42.93,On Surface
402632,0.0072,9.9024,1.3934,-2.4733,0.5038,-0.1985,43.02,On Surface
402682,-0.0263,9.9407,1.3958,-2.3359,0.6260,0.0000,42.93,On Surface
402732,0.0239,9.9264,1.3815,-2.3817,0.3053,-0.1221,42.74,On Surface
402782,0.0096,9.9048,1.4413,-2.2443,0.2748,-0.3206,42.98,On Surface
402832,0.0215,9.9671,1.3743,-2.5954,0.4122,0.2443,43.17,On Surface
402882,0.0024,9.9551,1.3886,-2.4122,0.3359,0.1985,42.98,On Surface
402932,-0.0527,9.9647,1.3479,-2.3359,0.2901,-0.0153,43.26,On Surface
402982,-0.0527,9.9886,1.3838,-2.4580,0.4885,-0.1069,42.79,On Surface
403032,-0.0048,9.9503,1.3479,-2.2595,0.2290,0.0458,42.79,On Surface
403082,-0.0383,9.9551,1.3479,-2.5802,0.5496,0.0611,43.26,On Surface
403132,-0.0383,9.9383,1.3695,-2.2901,0.1679,0.1679,43.02,On Surface
403182,-0.0120,9.9264,1.3048,-2.2595,0.3359,-0.0763,42.79,On Surface
403232,0.0120,9.9383,1.3599,-2.2290,0.3053,-0.0611,42.98,On Surface
403282,-0.0168,9.9096,1.4126,-2.3206,0.3359,-0.0153,43.26,On Surface
403332,0.0072,9.9168,1.3862,-2.4733,0.5344,-0.3817,43.02,On Surface
403382,-0.0072,9.9311,1.3767,-2.4122,0.6565,0.0000,43.02,On Surface
403432,-0.0192,9.9359,1.3384,-2.4275,0.5191,0.0458,42.79,On Surface
403482,0.0024,9.9264,1.3431,-2.1221,0.4427,0.0458,43.02,On Surface
403532,0.0024,9.9024,1.3168,-2.3359,0.3817,-0.1679,42.98,On Surface
403582,0.0120,9.9695,1.4461,-2.2137,0.5649,-0.2595,43.02,On Surface
403632,-0.0192,9.9216,1.4461,-2.3206,0.5344,0.0611,42.93,On Surface
403682,-0.0072,9.9072,1.4365,-2.3969,0.3511,-0.3359,43.17,On Surface
403732,-0.0168,9.9240,1.3910,-2.1832,0.3053,-0.0763,43.12,On Surface
403782,0.0120,9.9455,1.3408,-2.3664,0.2137,0.0153,43.02,On Surface
403832,0.0479,9.9048,1.3767,-2.4427,0.2595,-0.1679,43.02,On Surface
403882,-0.0048,9.9335,1.3479,-2.2595,0.3511,0.1679,43.02,On Surface
403932,0.0072,9.9192,1.3623,-2.4275,0.4733,-0.1374,43.02,On Surface
403982,-0.0503,9.9479,1.3360,-2.1374,0.6107,0.0458,42.79,On Surface
404032,-0.0335,9.9455,1.3647,-2.2137,0.3206,-0.4427,43.26,On Surface
404082,-0.0287,9.8928,1.4174,-2.4122,0.4275,0.1374,42.84,On Surface
404132,-0.0120,9.8976,1.4222,-2.3206,0.2595,-0.5038,42.93,On Surface
404182,0.0503,9.9623,1.4437,-2.2137,0.5344,0.0458,43.35,On Surface
404232,0.0024,9.9216,1.3910,-2.5649,0.3817,-0.1374,42.93,On Surface
404282,0.0287,9.9048,1.3719,-2.5802,0.4580,-0.2290,43.02,On Surface
404332,-0.0383,9.9240,1.3431,-2.6565,0.3511,-0.1527,42.98,On Surface
404382,-0.0048,9.8928,1.3767,-2.7023,0.3969,-0.1069,43.26,On Surface
404432,-0.0048,9.9575,1.3910,-2.6412,0.4733,-0.1985,43.17,On Surface
404482,0.0120,9.9479,1.3336,-2.6107,0.5191,0.0305,43.17,On Surface
404532,0.0120,9.9192,1.3431,-2.3969,0.1832,-0.2595,43.12,On Surface
404582,-0.0120,9.9240,1.4174,-2.2443,0.5802,-0.1069,43.02,On Surface
404632,-0.0575,9.9000,1.4078,-2.3969,0.3817,-0.1679,42.93,On Surface
404682,0.0287,9.8928,1.3599,-2.2290,0.3359,-0.2290,43.02,On Surface
404732,0.0096,9.9120,1.3719,-2.7634,0.3359,-0.3206,42.98,On Surface
404782,0.0024,9.9120,1.3791,-2.6565,0.2137,-0.0153,43.02,On Surface
404832,0.0215,9.9240,1.3647,-2.4885,0.3511,0.1527,43.12,On Surface
404882,0.0215,9.9814,1.3551,-2.6412,0.2748,-0.1221,43.02,On Surface
404932,-0.0287,9.9311,1.3599,-2.2290,0.5038,-0.0763,42.98,On Surface
404982,-0.0215,9.9120,1.3719,-2.2290,0.6718,-0.2137,43.12,On Surface
405032,-0.0431,9.9216,1.4317,-2.5191,0.2290,-0.3206,42.98,On Surface
405082,-0.0192,9.8928,1.3527,-2.7176,0.7481,-0.1679,42.98,On Surface
405132,0.0215,9.9024,1.3431,-2.1069,0.6412,-0.0458,43.26,On Surface
405182,0.0263,9.9024,1.3743,-2.5496,0.4122,-0.1832,43.26,On Surface
405232,-0.0215,9.8857,1.3958,-2.5038,0.5802,-0.1679,43.02,On Surface
405282,0.0000,9.8737,1.4126,-2.3206,0.2443,-0.0763,43.02,On Surface
405332,-0.0096,9.8952,1.3934,-2.5344,0.4733,-0.0153,42.93,On Surface
405382,-0.0359,9.9288,1.3791,-2.4427,0.6107,0.0305,43.17,On Surface
405432,-0.0311,9.9216,1.3192,-2.2901,0.4427,-0.3511,43.26,On Surface
405482,-0.0072,9.9527,1.3455,-2.4122,0.7481,-0.1374,43.02,On Surface
405532,0.0024,9.9216,1.3743,-2.6565,0.7176,-0.1221,42.79,On Surface
405582,-0.0168,9.8904,1.3934,-2.3969,0.5038,-0.2595,43.02,On Surface
405632,-0.0168,9.9240,1.3958,-2.3817,0.5038,-0.2443,43.31,On Surface
405682,-0.0168,9.8785,1.4389,-2.4580,0.0916,-0.0458,43.02,On Surface
405732,0.0192,9.9527,1.4006,-2.2290,0.3206,0.0305,42.98,On Surface
405782,-0.0168,9.9455,1.3934,-2.5496,0.4885,0.0458,43.26,On Surface
405832,-0.0287,9.9335,1.3360,-2.4427,0.5496,-0.2137,42.98,On Surface
405882,-0.0192,9.9216,1.3360,-2.4427,0.3359,-0.2137,42.98,On Surface
405932,-0.0359,9.9192,1.3408,-2.3053,0.4427,0.0458,43.35,On Surface
405982,-0.0120,9.9551,1.4269,-2.2137,0.7328,-0.1527,42.98,On Surface
406032,-0.0192,9.9383,1.3815,-2.5496,0.3511,-0.1527,42.93,On Surface
406082,-0.0455,9.9024,1.3791,-2.1527,0.2290,-0.1221,43.12,On Surface
406132,-0.0096,9.9192,1.3958,-2.2901,0.4427,-0.2748,42.84,On Surface
406182,-0.0192,9.8833,1.3886,-2.1985,0.2290,0.1374,42.98,On Surface
406232,-0.0120,9.9479,1.4030,-2.5649,0.3664,-0.2595,43.17,On Surface
406282,0.0431,9.8952,1.3767,-2.3053,0.6870,-0.3206,42.84,On Surface
406332,0.0239,9.9240,1.3910,-2.3359,0.4427,-0.1221,43.12,On Surface
406382,-0.0192,9.9647,1.3862,-2.4733,0.5344,0.1374,43.12,On Surface
406432,-0.0599,9.9335,1.3575,-2.4427,0.3969,-0.1221,43.31,On Surface
406482,-0.0479,9.9455,1.4054,-2.2901,0.3206,-0.2290,42.98,On Surface
406532,-0.0503,9.9479,1.3982,-2.4885,0.3969,0.0611,43.02,On Surface
406582,-0.0144,9.9048,1.4174,-2.2443,0.1832,-0.0763,42.65,On Surface
406632,-0.0599,9.9024,1.3743,-2.4275,0.4885,0.1679,42.74,On Surface
406682,-0.0144,9.8881,1.3671,-2.1985,0.5496,-0.0611,43.26,On Surface
406732,0.0407,9.9240,1.3719,-2.5496,0.3664,0.0305,43.12,On Surface
406782,0.0096,9.9479,1.4030,-2.3969,0.4275,-0.0611,43.12,On Surface
406832,-0.0239,9.9527,1.3695,-2.3359,0.4580,0.0000,42.93,On Surface
406882,-0.0048,9.9288,1.3910,-2.4733,0.4275,-0.2137,42.74,On Surface
406932,-0.0311,9.9527,1.3408,-2.2443,0.4885,0.1221,43.02,On Surface
406982,-0.0407,9.9718,1.3120,-2.2290,0.2137,-0.1679,43.12,On Surface
407032,0.0048,9.9192,1.3503,-2.2901,0.5649,0.0916,42.98,On Surface
407082,0.0144,9.9024,1.3886,-2.0916,0.4580,-0.2748,43.02,On Surface
407132,-0.0096,9.9216,1.4461,-2.2901,0.3664,-0.2137,42.93,On Surface
407182,-0.0503,9.9144,1.3934,-2.3664,0.4427,-0.0305,43.17,On Surface
407232,0.0096,9.8904,1.4245,-2.2901,0.5496,-0.2595,43.26,On Surface
407282,0.0000,9.9599,1.3240,-2.3053,0.4427,-0.0305,43.17,On Surface
407332,0.0120,9.9192,1.3384,-2.5496,0.3664,-0.2290,43.12,On Surface
407382,0.0192,9.9383,1.3479,-2.4733,0.5344,0.1985,43.02,On Surface
407432,0.0024,9.9551,1.3431,-2.6107,0.5191,-0.0153,42.93,On Surface
407482,-0.0431,9.9383,1.3288,-2.3664,0.7023,-0.2137,43.17,On Surface
407532,0.0072,9.8952,1.2977,-2.3664,0.4275,-0.3969,42.65,On Surface
407582,0.0048,9.9072,1.3910,-2.1069,0.6412,-0.0916,43.02,On Surface
407632,0.0000,9.9192,1.4030,-2.0153,0.3969,-0.0153,43.02,On Surface
407682,0.0335,9.9144,1.3934,-2.3664,0.3359,-0.2290,43.12,On Surface
407732,0.0120,9.9144,1.3671,-2.4580,0.3053,-0.3053,42.98,On Surface
407782,0.0096,9.9264,1.4030,-2.4733,0.6870,0.0305,43.17,On Surface
407832,-0.0383,9.9264,1.3743,-2.3969,0.3511,-0.2443,42.93,On Surface
407882,0.0000,9.9264,1.2905,-2.5802,0.3053,-0.0611,43.02,On Surface
407932,-0.0455,9.9311,1.3527,-2.2595,0.6107,-0.2137,43.02,On Surface
407982,-0.0120,9.9096,1.3647,-2.4885,0.6260,-0.0916,42.98,On Surface
408032,-0.0024,9.9120,1.3982,-2.4885,0.5038,0.0153,43.12,On Surface
408082,0.0048,9.9288,1.3838,-2.5038,0.2137,-0.1985,43.02,On Surface
408132,-0.0215,9.9192,1.3934,-2.3359,0.1527,-0.1221,42.84,On Surface
408182,0.0024,9.8665,1.3527,-2.5954,0.7481,-0.2901,43.02,On Surface
408232,0.0000,9.9192,1.4605,-2.4733,0.5038,-0.0611,42.93,On Surface
408282,-0.0024,9.9144,1.4102,-2.5802,0.3206,-0.1069,43.02,On Surface
408332,-0.0383,9.9551,1.4509,-2.3511,0.3206,-0.0611,43.02,On Surface
408382,-0.0622,9.9383,1.4198,-2.7176,0.4275,0.0611,43.02,On Surface
408432,0.0215,9.9383,1.4174,-2.5954,0.4122,0.0611,42.93,On Surface
408482,-0.0024,9.9240,1.3623,-2.3359,0.4885,-0.0763,42.98,On Surface
408532,-0.0263,9.9527,1.4030,-2.6565,0.6870,-0.0916,43.02,On Surface
408582,-0.0383,9.9096,1.3408,-2.1679,0.2748,-0.1374,43.02,On Surface
408632,-0.0072,9.9000,1.3360,-2.2901,0.5344,-0.0458,42.98,On Surface
408682,-0.0120,9.8881,1.3599,-2.3511,0.6718,-0.0916,43.02,On Surface
408732,0.0551,9.9192,1.3934,-2.2290,0.5954,-0.3359,43.12,On Surface
408782,-0.0192,9.9024,1.3695,-2.5344,0.2137,-0.0763,42.93,On Surface
408832,-0.0287,9.9431,1.3479,-2.5344,0.5191,-0.4885,43.02,On Surface
408882,-0.0120,9.9455,1.3671,-2.4580,0.3053,-0.1221,43.12,On Surface
408932,-0.0048,9.9479,1.3503,-2.2748,0.6565,0.0000,43.12,On Surface
408982,0.0263,9.9503,1.3551,-2.5496,0.7939,0.0611,42.93,On Surface
409032,-0.0168,9.9264,1.3647,-2.6260,0.4275,0.0305,43.02,On Surface
409082,0.0024,9.9120,1.3886,-2.3053,0.5496,-0.5038,43.12,On Surface
409132,0.0168,9.9168,1.3934,-2.5954,0.3817,-0.0611,43.26,On Surface
409182,0.0120,9.9455,1.3623,-2.5802,0.3206,0.1069,43.02,On Surface
409232,0.0000,9.9048,1.4198,-2.5191,0.2748,-0.0305,42.98,On Surface
409282,-0.0120,9.9288,1.4293,-2.3206,0.3817,-0.0458,42.98,On Surface
409332,0.0000,9.9216,1.3575,-2.4275,0.4580,-0.0458,43.26,On Surface
409382,-0.0263,9.9311,1.3934,-2.3359,0.5344,-0.2595,43.02,On Surface
409432,-0.0144,9.9311,1.3001,-2.3053,0.6107,-0.0916,43.02,On Surface
409482,0.0215,9.9311,1.3503,-2.4733,0.4885,0.1679,42.98,On Surface
409532,-0.0383,9.9527,1.4437,-2.3664,0.2595,-0.1679,42.79,On Surface
409582,-0.0144,9.9527,1.3910,-2.2443,0.4275,-0.0763,42.93,On Surface
409632,-0.0455,9.9407,1.4222,-2.2443,0.4275,-0.0458,42.98,On Surface
409682,0.0072,9.9072,1.4222,-2.0611,0.2443,-0.0916,42.74,On Surface
409732,0.0072,9.9311,1.3958,-2.0458,0.3969,0.0916,42.79,On Surface
409782,0.0239,9.9527,1.4006,-2.5038,0.4275,0.0000,43.26,On Surface
409832,-0.0575,9.9383,1.4389,-2.5344,0.5496,0.0916,43.17,On Surface
409882,-0.0359,9.9407,1.4174,-2.2290,0.4885,0.1221,43.17,On Surface
409932,-0.0215,9.9599,1.4150,-2.1069,0.3664,-0.0916,43.26,On Surface
409982,-0.0718,9.9216,1.3886,-2.2290,0.7634,-0.0611,43.02,On Surface
410032,0.0000,9.9599,1.4126,-2.5191,0.3664,-0.1679,42.98,On Surface
410082,-0.0144,9.9120,1.3408,-2.3359,0.2901,-0.1374,43.26,On Surface
410132,-0.0048,9.9024,1.3479,-2.4580,0.7634,-0.1832,43.02,On Surface
410182,0.0048,9.9096,1.3791,-2.2748,0.4275,0.0305,42.79,On Surface
410232,-0.0024,9.8952,1.3743,-2.4275,0.5038,-0.0458,43.12,On Surface
410282,0.0168,9.9479,1.3862,-2.1069,0.5954,0.0763,43.02,On Surface
410332,-0.0192,9.9096,1.3527,-2.3359,0.5038,-0.1069,43.31,On Surface
410382,-0.0215,9.9240,1.3671,-2.2748,0.3511,0.0458,42.93,On Surface
410432,0.0144,9.9527,1.3527,-2.3664,0.5802,-0.1679,43.02,On Surface
410482,-0.0311,9.9647,1.2833,-2.2595,0.6412,-0.1069,43.02,On Surface
410532,-0.0192,9.9144,1.3862,-2.3359,0.3664,-0.0916,43.31,On Surface
410582,-0.0120,9.9288,1.3815,-2.4122,0.4580,-0.2443,42.74,On Surface
410632,-0.0311,9.9144,1.4174,-2.3206,0.5038,-0.0611,43.02,On Surface
410682,0.0096,9.9168,1.3599,-2.1069,0.3969,-0.1069,43.26,On Surface
410732,0.0359,9.9479,1.4389,-2.3511,0.4275,-0.0458,42.98,On Surface
410782,-0.0192,9.9168,1.3623,-2.3359,0.5802,-0.2290,42.98,On Surface
410832,-0.0192,9.9359,1.3815,-2.5496,0.3511,-0.1069,43.02,On Surface
410882,-0.0287,9.9311,1.3503,-2.3664,0.4275,-0.1985,43.26,On Surface
410932,-0.0239,9.9264,1.4341,-2.2901,0.4427,-0.1985,43.02,On Surface
410982,-0.0335,9.9623,1.3671,-2.1527,0.4885,0.0611,43.02,On Surface
411032,-0.0455,9.9766,1.3838,-2.0305,0.4122,-0.2748,43.17,On Surface
411082,0.0120,9.9072,1.4150,-2.4885,0.6870,-0.1985,42.98,On Surface
411132,0.0096,9.9431,1.3791,-2.1069,0.5191,-0.0916,43.12,On Surface
411182,0.0335,9.9359,1.3886,-2.1832,0.6412,-0.1679,42.98,On Surface
411232,-0.0335,9.9024,1.3767,-2.4427,0.2901,-0.1527,43.12,On Surface
411282,0.0383,9.9288,1.3767,-2.3511,0.2595,-0.0763,43.17,On Surface
411332,0.0072,9.8976,1.3719,-2.4427,0.5191,-0.2595,43.26,On Surface
411382,0.0168,9.9000,1.3527,-2.4427,0.4733,0.1221,42.98,On Surface
411432,-0.0024,9.9168,1.3862,-2.7176,0.5191,-0.1527,43.12,On Surface
411482,-0.0599,9.9838,1.3647,-2.2290,0.7023,-0.2290,43.02,On Surface
411532,-0.0215,9.9431,1.3910,-2.7023,0.5954,-0.0611,43.02,On Surface
411582,0.0072,9.9599,1.3360,-2.3053,0.6260,-0.0611,43.17,On Surface
411632,-0.0120,9.9240,1.3384,-2.5191,0.5191,-0.3817,43.02,On Surface
411682,0.0120,9.9407,1.3336,-2.5649,0.5191,-0.2901,43.12,On Surface
411732,0.0096,9.9288,1.4006,-2.4427,0.6565,0.0916,43.02,On Surface
411782,-0.0263,9.8713,1.3431,-2.3969,0.4275,-0.0458,42.98,On Surface
411832,0.0168,9.9240,1.3934,-2.2290,0.5038,-0.2137,43.02,On Surface
411882,0.0096,9.9383,1.4054,-2.3969,0.4580,-0.1221,42.98,On Surface
411932,0.0000,9.9216,1.4150,-2.6565,0.5802,0.0000,42.93,On Surface
411982,-0.0287,9.9647,1.3719,-2.3206,0.6412,-0.3969,42.98,On Surface
412032,-0.0144,9.9431,1.3671,-2.5344,0.5954,-0.0916,43.31,On Surface
412082,-0.0144,9.8928,1.3479,-2.5344,0.6870,-0.1679,42.84,On Surface
412132,-0.0168,9.9216,1.3168,-2.2901,0.6870,-0.2748,43.17,On Surface
412182,0.0239,9.9048,1.3384,-2.3206,0.3206,-0.4275,43.12,On Surface
412232,-0.0048,9.9072,1.3360,-2.3969,0.5802,-0.1374,42.84,On Surface
412282,0.0263,9.9168,1.3719,-2.4580,0.5038,0.1527,43.17,On Surface
412332,0.0024,9.8881,1.4174,-2.1374,0.1679,0.1221,43.12,On Surface
412382,-0.0311,9.8881,1.3671,-2.5802,0.4427,-0.1221,42.93,On Surface
412432,-0.0024,9.9335,1.3599,-2.2901,0.4122,0.1069,42.79,On Surface
412482,0.0024,9.9527,1.3623,-2.2748,0.3969,-0.2748,42.93,On Surface
412532,0.0072,9.9288,1.3575,-2.3969,0.5496,0.1832,42.98,On Surface
412582,-0.0072,9.9383,1.4054,-2.4427,0.4885,-0.3511,42.93,On Surface
412632,0.0048,9.9359,1.3791,-2.3817,0.5344,-0.1527,43.02,On Surface
412682,-0.0096,9.9048,1.3551,-2.3511,0.5344,-0.2290,43.02,On Surface
412732,-0.0096,9.9192,1.4078,-2.5191,0.4122,-0.2443,42.98,On Surface
412782,-0.0192,9.9168,1.3144,-2.3206,0.3359,-0.1679,42.98,On Surface
412832,0.0192,9.9096,1.3575,-2.3664,0.7481,-0.0611,43.26,On Surface
412882,-0.0168,9.9216,1.3120,-2.3206,0.4427,-0.1374,43.02,On Surface
412932,-0.0407,9.9288,1.3815,-2.5496,0.4580,-0.0611,42.98,On Surface
412982,0.0168,9.9335,1.3455,-2.6107,0.5191,-0.2290,42.93,On Surface
413032,0.0048,9.9575,1.4006,-2.3664,0.3664,-0.1374,43.02,On Surface
413082,-0.0215,9.9024,1.4198,-2.2748,0.3206,-0.1221,43.31,On Surface
413132,-0.0383,9.9120,1.4437,-2.3817,0.2290,-0.2443,42.98,On Surface
413182,-0.0287,9.9335,1.4030,-2.4580,0.3664,-0.0458,42.79,On Surface
413232,0.0215,9.9551,1.4030,-2.2137,0.4733,0.0305,42.93,On Surface
413282,0.0024,9.9240,1.3886,-2.4275,0.4580,0.1527,43.26,On Surface
413332,-0.0335,9.9575,1.3479,-2.3817,0.4275,-0.0153,43.02,On Surface
413382,-0.0359,9.9120,1.3168,-2.2137,0.5496,-0.0916,42.98,On Surface
413432,0.0024,9.9407,1.3791,-2.1832,0.4275,-0.2290,43.02,On Surface
413482,-0.0335,9.9407,1.3767,-2.4275,0.5802,-0.2748,42.98,On Surface
413532,-0.0431,9.9240,1.3575,-2.2137,0.3817,0.0916,43.17,On Surface
413582,0.0383,9.9216,1.3719,-2.0000,0.7023,-0.1527,43.02,On Surface
413632,0.0072,9.9359,1.4269,-2.2748,0.3206,0.1374,42.98,On Surface
413682,0.0215,9.8976,1.4030,-2.1985,0.2137,-0.0153,42.98,On Surface
413732,-0.0048,9.8785,1.4054,-2.2595,0.3511,-0.1374,42.98,On Surface
413782,-0.0120,9.9431,1.4317,-2.3969,0.4275,-0.1679,42.93,On Surface
413832,-0.0168,9.9216,1.3886,-2.4275,0.3053,-0.0153,43.12,On Surface
413882,-0.0239,9.9718,1.3815,-2.2443,0.3969,-0.0763,42.98,On Surface
413932,0.0144,9.9886,1.4054,-2.3359,0.5038,-0.1985,43.02,On Surface
413982,-0.0192,9.9383,1.3527,-2.3053,0.5496,0.1069,42.98,On Surface
414032,-0.0215,9.9216,1.4006,-2.4122,0.5191,-0.1221,43.02,On Surface
414082,-0.0263,9.9168,1.3671,-2.2443,0.5038,-0.1374,43.17,On Surface
414132,0.0144,9.8904,1.3623,-2.3969,0.3969,-0.3053,42.79,On Surface
414182,0.0239,9.9479,1.3503,-2.1679,0.5649,-0.0916,43.02,On Surface
414232,-0.0096,9.9120,1.3767,-2.0763,0.4122,0.0458,42.93,On Surface
414282,-0.0287,9.9048,1.4054,-2.4427,0.4275,-0.1985,42.98,On Surface
414332,0.0096,9.9359,1.3623,-2.3511,0.1374,-0.1221,42.98,On Surface
414382,0.0024,9.9503,1.3455,-2.3817,0.5038,-0.0916,43.26,On Surface
414432,0.0215,9.9359,1.3455,-2.3511,0.6260,0.0000,42.98,On Surface
414482,-0.0215,9.9264,1.4293,-2.4733,0.6565,-0.1679,42.98,On Surface
414532,0.0000,9.9647,1.4150,-2.3511,0.2901,-0.1832,43.02,On Surface
414582,0.0072,9.9192,1.3360,-2.1221,0.3053,-0.2443,42.98,On Surface
414632,0.0072,9.9000,1.3838,-2.1985,0.5344,0.0458,43.12,On Surface
414682,-0.0192,9.9383,1.4293,-2.2901,0.4275,-0.1374,43.02,On Surface
414732,-0.0072,9.9455,1.3958,-2.5191,0.2443,-0.0458,42.98,On Surface
414782,0.0096,9.9431,1.3647,-2.6260,0.3969,0.2137,43.12,On Surface
414832,0.0168,9.9240,1.3216,-2.5802,0.6565,0.0611,42.79,On Surface
414882,-0.0192,9.8881,1.3527,-2.2595,0.4122,-0.3053,43.17,On Surface
414932,-0.0359,9.9264,1.3479,-2.3511,0.6107,-0.3053,42.98,On Surface
414982,-0.0192,9.9479,1.3408,-2.1527,0.7939,-0.0763,43.31,On Surface
415032,-0.0311,9.9024,1.3982,-2.3053,0.5649,-0.1679,42.98,On Surface
415082,-0.0096,9.8904,1.3862,-2.4122,0.4427,0.0611,43.02,On Surface
415132,-0.0024,9.9240,1.3958,-2.4580,0.3817,-0.0916,42.98,On Surface
415182,0.0335,9.8952,1.3527,-2.5038,0.2137,-0.1527,43.17,On Surface
415232,0.0383,9.9048,1.4245,-2.5802,0.2748,-0.0916,43.02,On Surface
415282,0.0000,9.9048,1.3934,-2.4122,0.3359,-0.0458,42.79,On Surface
415332,-0.0311,9.9288,1.3886,-2.5344,0.2595,-0.0305,43.12,On Surface
415382,-0.0383,9.9359,1.3599,-2.5954,0.7634,-0.3511,43.12,On Surface
415432,-0.0072,9.9311,1.3360,-2.7176,0.3969,-0.0763,42.84,On Surface
415482,-0.0192,9.9216,1.3862,-2.4275,0.6412,-0.2290,42.93,On Surface
415532,0.0120,9.9216,1.3719,-2.4122,0.6107,-0.2137,43.26,On Surface
415582,-0.0239,9.8904,1.3671,-2.2595,0.3664,0.0458,42.79,On Surface
415632,-0.0215,9.9216,1.3934,-2.5191,0.4885,-0.0153,43.26,On Surface
415682,0.0000,9.9240,1.3910,-2.5954,0.1679,-0.1832,42.79,On Surface
415732,0.0144,9.9264,1.3767,-2.4580,0.3817,-0.0153,43.17,On Surface
415782,0.0311,9.9551,1.3982,-2.5496,0.1832,-0.1985,43.31,On Surface
415832,-0.0024,9.9120,1.3838,-2.3359,0.1221,-0.2290,42.98,On Surface
415882,-0.0311,9.9647,1.3934,-2.5038,0.3817,-0.2443,43.12,On Surface
415932,-0.0144,9.9264,1.3647,-2.5191,0.4275,-0.1069,43.12,On Surface
415982,-0.0072,9.9527,1.4006,-2.3664,0.4580,-0.2901,42.84,On Surface
416032,0.0335,9.9479,1.3384,-2.3206,0.5802,-0.1221,43.17,On Surface
416082,-0.0192,9.9359,1.4126,-2.5344,0.3817,-0.1679,43.26,On Surface
416132,-0.0120,9.9192,1.4269,-2.2443,0.5038,-0.0305,43.17,On Surface
416182,0.0120,9.9168,1.3503,-2.2595,0.5038,-0.1679,42.98,On Surface
416232,-0.0096,9.8976,1.3743,-2.2443,0.4122,0.0305,43.02,On Surface
416282,-0.0144,9.9264,1.3240,-2.2443,0.2137,-0.0611,43.26,On Surface
416332,-0.0263,9.9048,1.4150,-2.3053,0.5344,0.0305,42.93,On Surface
416382,-0.0072,9.9479,1.3336,-2.3817,0.3664,-0.2595,42.98,On Surface
416432,0.0144,9.9766,1.3503,-2.3969,0.5191,-0.2901,42.98,On Surface
416482,-0.0551,9.9599,1.3551,-2.4427,0.3206,-0.4885,42.98,On Surface
416532,-0.0311,9.9168,1.3719,-2.1985,0.5649,-0.2901,43.12,On Surface
416582,-0.0168,9.9311,1.3623,-2.4427,0.5802,-0.4122,43.17,On Surface
416632,0.0024,9.9096,1.3815,-2.1069,0.5344,0.0458,43.17,On Surface
416682,0.0096,9.9264,1.4054,-2.4122,0.5802,-0.1679,43.02,On Surface
416732,-0.0096,9.9335,1.4676,-2.3664,0.4885,-0.2595,43.12,On Surface
416782,-0.0215,9.9575,1.3743,-2.5191,0.4580,0.0000,42.93,On Surface
416832,-0.0287,9.9503,1.3719,-2.3511,0.4122,-0.0153,43.02,On Surface
416882,-0.0383,9.9479,1.3599,-2.3511,0.2595,-0.2137,43.02,On Surface
416932,-0.0072,9.9288,1.3910,-2.4885,0.4580,-0.1527,43.02,On Surface
416982,-0.0120,9.9455,1.3192,-2.3511,0.3664,-0.1985,42.98,On Surface
417032,0.0168,9.9000,1.5036,-2.1679,0.4122,0.0153,42.98,On Surface
417082,-0.0479,9.9383,1.3479,-2.3359,0.3817,0.0153,43.12,On Surface
417132,0.0048,9.9455,1.3767,-2.4122,0.8092,0.0763,43.31,On Surface
417182,0.0263,9.9192,1.4054,-2.3511,0.4427,-0.2137,42.98,On Surface
417232,-0.0048,9.9168,1.4078,-2.7023,0.3969,0.2901,43.02,On Surface
417282,-0.0048,9.9335,1.3671,-2.3053,0.4427,0.2290,42.98,On Surface
417332,-0.0407,9.9623,1.3312,-2.4427,0.3664,-0.0458,43.02,On Surface
417382,0.0120,9.9455,1.3671,-2.4427,0.3359,-0.1832,42.93,On Surface
417432,0.0263,9.9096,1.3767,-2.3511,0.6107,-0.1374,42.98,On Surface
417482,-0.0120,9.9168,1.4006,-2.1985,0.3664,-0.1832,43.02,On Surface
417532,-0.0168,9.9575,1.3623,-1.9847,0.2748,-0.3206,42.98,On Surface
417582,-0.0048,9.9551,1.3623,-2.1985,0.2290,-0.1069,43.26,On Surface
417632,0.0168,9.9335,1.3647,-2.4885,0.5038,-0.1374,42.93,On Surface
417682,-0.0311,9.9503,1.4102,-2.1832,0.4427,-0.0611,43.02,On Surface
417732,0.0072,9.9407,1.3144,-2.5191,0.7481,-0.0763,43.17,On Surface
417782,0.0192,9.9240,1.3360,-2.4580,0.5496,-0.2748,42.98,On Surface
417832,-0.0024,9.9695,1.3743,-2.4275,0.8092,-0.6260,42.98,On Surface
417882,-0.0048,9.9335,1.3623,-2.5496,0.2595,0.1374,43.12,On Surface
417932,-0.0168,9.9455,1.3384,-2.3664,0.3817,-0.3664,42.93,On Surface
417982,-0.0215,9.9359,1.3288,-2.2137,0.6412,-0.0611,43.26,On Surface
418032,-0.0311,9.8976,1.3886,-2.1985,0.4580,-0.0305,43.02,On Surface
418082,-0.0024,9.9120,1.4198,-2.3206,0.2901,-0.1527,43.02,On Surface
418132,-0.0359,9.9311,1.4006,-2.4427,0.4733,0.0153,43.26,On Surface
418182,-0.0144,9.9048,1.4126,-2.2901,0.3359,-0.1221,43.02,On Surface
418232,-0.0168,9.9599,1.3192,-2.5038,0.5344,-0.0305,43.26,On Surface
418282,0.0215,9.9120,1.3886,-2.2748,0.3511,-0.2137,43.02,On Surface
418332,-0.0239,9.9527,1.3838,-2.4275,0.4733,-0.0763,42.93,On Surface
418382,-0.0287,9.9264,1.3527,-2.3664,0.7786,-0.0611,42.98,On Surface
418432,-0.0096,9.8689,1.3264,-2.4122,0.5649,-0.1832,42.93,On Surface
418482,0.0455,9.9575,1.4605,-2.2137,0.5344,-0.1527,42.74,On Surface
418532,0.0192,9.9072,1.3599,-2.4275,0.0611,-0.1374,42.79,On Surface
418582,-0.0024,9.9311,1.3743,-2.5802,0.4427,-0.1221,42.98,On Surface
418632,-0.0215,9.9288,1.3767,-2.3511,0.5191,0.0458,43.26,On Surface
418682,0.0048,9.9168,1.3599,-2.3511,0.2290,-0.1069,42.98,On Surface
418732,-0.0168,9.9288,1.4245,-2.6107,0.5191,-0.1221,43.02,On Surface
418782,-0.0383,9.9096,1.4030,-2.3969,0.4427,-0.3664,43.35,On Surface
418832,0.0096,9.9671,1.3623,-2.3511,0.4275,-0.1832,42.93,On Surface
418882,0.0048,9.9479,1.3431,-2.4885,0.7176,-0.0763,42.98,On Surface
418932,-0.0263,9.9288,1.3240,-2.2290,0.5344,-0.2137,42.93,On Surface
418982,0.0048,9.9335,1.3408,-2.4427,0.5954,-0.0763,43.17,On Surface
419032,-0.0383,9.9288,1.3336,-2.4733,0.6870,-0.2595,42.98,On Surface
419082,0.0168,9.8952,1.3910,-2.3359,0.4885,-0.0916,43.26,On Surface
419132,-0.0311,9.9144,1.3791,-2.4275,0.3053,0.0458,43.17,On Surface
419182,0.0168,9.8713,1.3695,-2.3664,0.3206,-0.2595,43.12,On Surface
419232,0.0096,9.8976,1.4150,-2.3969,0.4122,0.0305,43.12,On Surface
419282,-0.0168,9.8881,1.3815,-2.5496,0.4580,-0.0153,43.17,On Surface
419332,-0.0192,9.9120,1.3479,-2.6412,0.2901,-0.0305,42.98,On Surface
419382,-0.0311,9.9048,1.3671,-2.6412,0.5496,-0.1069,43.02,On Surface
419432,0.0024,9.9264,1.3599,-2.5496,0.3817,-0.2748,42.93,On Surface
419482,-0.0287,9.9599,1.3719,-2.1985,0.6260,-0.1679,42.98,On Surface
419532,-0.0311,9.9335,1.3599,-2.3969,0.5954,-0.2748,43.12,On Surface
419582,0.0168,9.9479,1.4198,-2.3359,0.3817,-0.1832,42.98,On Surface
419632,-0.0407,9.9216,1.3623,-2.5344,0.7176,-0.0916,42.74,On Surface
419682,0.0024,9.9048,1.3934,-2.3511,0.4275,-0.0611,43.02,On Surface
419732,-0.0144,9.9168,1.3862,-2.7481,0.4122,0.0763,43.26,On Surface
419782,0.0072,9.9096,1.4054,-2.5954,0.5344,0.0000,43.12,On Surface
419832,0.0000,9.9288,1.4293,-2.4427,0.3817,-0.0153,43.02,On Surface
419882,-0.0215,9.9431,1.3455,-2.4733,0.3359,-0.1985,42.98,On Surface
419932,-0.0215,9.9264,1.3599,-2.2137,0.5344,-0.3511,42.93,On Surface
419982,0.0024,9.9623,1.3671,-2.2443,0.6260,0.0458,42.98,On Surface
420032,-0.0383,9.9431,1.3719,-2.1832,0.4885,-0.3206,42.98,On Surface
420082,0.0311,9.9575,1.4222,-2.5191,0.3664,-0.1679,43.02,On Surface
420132,0.0048,9.9264,1.3886,-2.1679,0.5496,-0.1374,42.98,On Surface
420182,0.0024,9.9096,1.3934,-2.4733,0.3053,-0.1527,42.93,On Surface
420232,0.0168,9.9000,1.4245,-2.2595,0.5496,-0.1527,42.98,On Surface
420282,0.0144,9.9264,1.3838,-2.3817,0.3817,-0.0305,42.79,On Surface
420332,-0.0072,9.9575,1.4102,-2.3053,0.5038,-0.0153,42.98,On Surface
420382,-0.0599,9.9407,1.3647,-2.1985,0.5649,-0.0611,42.98,On Surface
420432,-0.0335,9.9503,1.3144,-2.5649,0.6107,0.2137,43.26,On Surface
420482,-0.0575,9.9671,1.3240,-2.4275,0.5954,-0.0458,42.98,On Surface
420532,-0.0192,9.9407,1.3671,-2.2290,0.5496,-0.0458,43.02,On Surface
420582,0.0192,9.9575,1.3695,-2.3359,0.4427,-0.2901,42.51,On Surface
420632,-0.0120,9.9431,1.3910,-2.2595,0.6565,-0.1527,43.17,On Surface
420682,-0.0168,9.9120,1.3719,-2.3206,0.3053,0.2901,43.12,On Surface
420732,0.0215,9.9096,1.4222,-2.3817,0.6412,0.0153,42.93,On Surface
420782,-0.0048,9.9311,1.4150,-2.3511,0.3664,-0.1221,42.79,On Surface
420832,-0.0072,9.9024,1.3527,-2.2443,0.2901,-0.2748,42.79,On Surface
420882,-0.0263,9.9359,1.4102,-2.3664,0.6107,-0.1221,42.79,On Surface
420932,-0.0239,9.9647,1.3384,-2.5038,0.7176,-0.0153,43.02,On Surface
420982,0.0000,9.9192,1.3527,-2.1374,0.5344,0.0153,43.02,On Surface
421032,0.0000,9.9742,1.3671,-2.5038,0.3817,0.0305,42.84,On Surface
421082,-0.0072,9.9455,1.3838,-2.4427,0.3359,-0.2595,42.98,On Surface
421132,-0.0192,9.9096,1.3647,-2.3511,0.4733,-0.1069,43.02,On Surface
421182,-0.0072,9.9240,1.3408,-2.1679,0.5191,-0.1221,42.98,On Surface
421232,0.0024,9.9168,1.3575,-2.3053,0.6870,-0.1832,42.79,On Surface
421282,-0.0048,9.8952,1.3958,-2.3969,0.1832,-0.2137,43.02,On Surface
421332,0.0096,9.9000,1.3455,-2.5038,0.4733,-0.0763,43.26,On Surface
421382,-0.0335,9.9671,1.4150,-2.2901,0.2595,-0.0611,42.93,On Surface
421432,0.0144,9.9335,1.3695,-2.5344,0.5496,0.1679,43.31,On Surface
421482,-0.0120,9.9407,1.3862,-2.6412,0.7328,-0.0916,42.84,On Surface
421532,-0.0192,9.9335,1.3934,-2.4427,0.4733,0.1374,42.84,On Surface
421582,-0.0215,9.9503,1.3958,-2.2901,0.4580,0.1527,43.17,On Surface
421632,-0.0192,9.9311,1.4126,-2.1985,0.3511,-0.3969,43.02,On Surface
421682,0.0000,9.9288,1.3958,-2.5496,0.5038,-0.0611,42.98,On Surface
421732,0.0048,9.9288,1.4269,-2.4580,0.3053,-0.1221,43.12,On Surface
421782,0.0096,9.9168,1.3360,-2.3359,0.5496,0.0611,43.26,On Surface
421832,0.0096,9.9240,1.3551,-2.3511,0.7481,0.1069,42.93,On Surface
421882,-0.0383,9.9431,1.3982,-2.4733,0.5802,-0.1985,42.98,On Surface
421932,-0.0120,9.9359,1.3551,-2.6870,0.3969,-0.0305,42.98,On Surface
421982,-0.0335,9.9192,1.3360,-2.3969,0.6260,-0.2137,42.93,On Surface
422032,-0.0503,9.9311,1.3240,-2.3664,0.4275,-0.1374,43.02,On Surface
422082,0.0168,9.9527,1.3815,-2.5344,0.5802,-0.1374,43.02,On Surface
422132,-0.0168,9.9407,1.4269,-2.2137,0.3206,-0.0916,42.98,On Surface
422182,0.0024,9.9024,1.3982,-2.2443,0.6107,-0.0916,43.17,On Surface
422232,0.0311,9.9024,1.4054,-2.4427,0.3969,0.0611,42.98,On Surface
422282,-0.0144,9.9048,1.4222,-2.5802,0.3664,0.1221,42.79,On Surface
422332,-0.0144,9.8976,1.3575,-2.5496,0.6412,0.0611,42.79,On Surface
422382,-0.0024,9.9168,1.3910,-2.4427,0.6565,-0.1527,42.93,On Surface
422432,-0.0048,9.9264,1.3431,-2.3817,0.7176,-0.2443,43.12,On Surface
422482,-0.0335,9.9288,1.3599,-2.4275,0.5649,-0.0916,42.93,On Surface
422532,-0.0096,9.9288,1.3719,-2.3053,0.4427,-0.2137,43.02,On Surface
422582,0.0192,9.9240,1.3862,-2.2748,0.7328,-0.1679,42.93,On Surface
422632,-0.0215,9.9383,1.3647,-2.4580,0.5649,-0.1832,43.12,On Surface
422682,0.0359,9.8928,1.3743,-2.3817,0.4885,-0.1374,42.93,On Surface
422732,-0.0455,9.9575,1.3431,-2.4427,0.3969,-0.1069,43.02,On Surface
422782,-0.0120,9.8928,1.3982,-2.1069,0.5802,-0.2595,42.98,On Surface
422832,-0.0024,9.8689,1.4126,-2.2748,0.5344,-0.1221,42.79,On Surface
422882,0.0072,9.9072,1.4102,-2.6260,0.5954,-0.0153,42.93,On Surface
422932,-0.0048,9.8928,1.3958,-2.3817,0.5496,-0.2748,42.98,On Surface
422982,-0.0407,9.9359,1.3336,-2.5191,0.6718,-0.2595,43.12,On Surface
423032,-0.0359,9.9575,1.3862,-2.5191,0.7023,-0.1832,43.31,On Surface
423082,-0.0263,9.9623,1.3503,-2.3969,0.4122,-0.1527,42.98,On Surface
423132,-0.0168,9.9168,1.2977,-2.7023,0.1832,-0.1527,42.93,On Surface
423182,-0.0359,9.9431,1.4030,-2.3817,0.6260,-0.3206,42.93,On Surface
423232,-0.0096,9.9407,1.4102,-2.4885,0.5802,-0.0611,42.79,On Surface
423282,0.0096,9.8785,1.4102,-2.3969,0.5496,-0.0153,43.02,On Surface
423332,-0.0431,9.9120,1.4245,-2.3969,0.3511,-0.0916,43.12,On Surface
423382,-0.0048,9.9192,1.3527,-2.2595,0.5649,-0.0916,42.98,On Surface
423432,0.0144,9.9575,1.3719,-2.2595,0.2443,-0.2137,43.02,On Surface
423482,0.0096,9.9527,1.3958,-2.3511,0.5191,-0.2901,43.17,On Surface
423532,-0.0215,9.9599,1.3264,-2.5649,0.3359,-0.3053,42.98,On Surface
423582,0.0263,9.9527,1.3192,-2.3206,0.5038,-0.0458,42.98,On Surface
423632,-0.0120,9.9359,1.3767,-2.1374,0.4733,-0.1527,42.98,On Surface
423682,-0.0311,9.9407,1.4054,-2.2901,0.4427,-0.4122,42.98,On Surface
423732,-0.0239,9.9240,1.4269,-2.3053,0.4122,-0.1527,43.02,On Surface
423782,-0.0359,9.9240,1.3886,-2.1679,0.4275,-0.0916,43.02,On Surface
423832,-0.0527,9.9192,1.4293,-2.6565,0.3664,-0.1069,43.02,On Surface
423882,-0.0455,9.9623,1.3551,-2.5802,0.3206,-0.1069,43.26,On Surface
423932,0.0192,9.9288,1.2929,-2.4275,0.4885,-0.0153,42.98,On Surface
423982,-0.0072,9.9383,1.3599,-2.2595,0.5649,-0.1069,42.93,On Surface
424032,-0.0479,9.9431,1.3934,-2.3511,0.5496,-0.1374,42.93,On Surface
424082,-0.0120,9.9575,1.3264,-2.3664,0.4733,0.2137,42.74,On Surface
424132,-0.0359,9.9120,1.3982,-2.2901,0.7481,0.0305,42.98,On Surface
424182,-0.0455,9.9096,1.3886,-2.2137,0.5649,-0.1832,42.93,On Surface
424232,-0.0144,9.9288,1.4222,-2.3206,0.1832,-0.1985,43.17,On Surface
424282,0.0048,9.9144,1.3336,-2.4427,0.4122,-0.1374,42.98,On Surface
424332,-0.0192,9.9288,1.3671,-2.3817,0.4122,0.0611,43.02,On Surface
424382,-0.0192,9.9455,1.4102,-2.3511,0.1679,-0.0305,43.02,On Surface
424432,-0.0359,9.9455,1.3599,-2.6107,0.5649,0.0458,43.02,On Surface
424482,-0.0048,9.9479,1.3048,-2.3053,0.4427,-0.1069,43.45,On Surface
424532,-0.0407,9.9311,1.3767,-2.3053,0.4733,-0.3817,42.98,On Surface
424582,-0.0551,9.9503,1.4748,-2.1527,0.3664,-0.0611,43.26,On Surface
424632,-0.0192,9.9431,1.3815,-2.4427,0.5191,-0.2901,43.02,On Surface
424682,-0.0048,9.9288,1.3958,-2.2290,0.3511,-0.0916,43.02,On Surface
424732,0.0120,9.9072,1.3791,-2.1221,0.4580,0.0153,42.98,On Surface
424782,-0.0239,9.9120,1.3886,-2.3969,0.3511,0.0153,42.84,On Surface
424832,0.0024,9.9024,1.3862,-2.4122,0.3511,0.0916,42.98,On Surface
424882,-0.0072,9.9359,1.3623,-2.3664,0.3359,0.0611,43.35,On Surface
424932,-0.0096,9.9311,1.3695,-2.2443,0.5344,-0.1374,42.74,On Surface
424982,-0.0215,9.9814,1.3719,-2.3206,0.4275,0.0153,43.17,On Surface
425032,0.0287,9.9144,1.3695,-2.1679,0.3817,-0.1069,43.12,On Surface
425082,0.0120,9.9240,1.4006,-2.4275,0.2748,-0.2137,43.17,On Surface
425132,-0.0407,9.9024,1.4102,-2.3817,0.5496,-0.2443,43.02,On Surface
425182,0.0000,9.9144,1.3408,-2.3511,0.4122,0.2443,43.17,On Surface
425232,0.0551,9.9216,1.3479,-2.3359,0.4122,-0.2137,43.17,On Surface
425282,0.0000,9.9335,1.3479,-2.4580,0.3511,0.0153,43.02,On Surface
425332,0.0215,9.9168,1.3144,-2.2748,0.5344,0.1374,42.79,On Surface
425382,-0.0096,9.9048,1.3599,-2.2748,0.7786,-0.2443,42.98,On Surface
425432,0.0024,9.9479,1.3168,-2.4733,0.3817,-0.3969,42.98,On Surface
425482,-0.0383,9.9216,1.3503,-2.5191,0.6412,-0.0916,43.26,On Surface
425532,-0.0215,9.9144,1.3719,-2.4122,0.5344,-0.0458,43.12,On Surface
425582,0.0096,9.8833,1.4150,-2.3359,0.5191,-0.3053,42.84,On Surface
425632,0.0287,9.9168,1.4126,-2.0000,0.4733,-0.2290,42.84,On Surface
425682,0.0120,9.9240,1.3886,-2.4275,0.6565,-0.1221,43.35,On Surface
425732,-0.0096,9.9264,1.3886,-2.5344,0.2748,-0.1527,43.02,On Surface
425782,0.0192,9.9072,1.4102,-2.3206,0.4885,0.0458,42.98,On Surface
425832,0.0000,9.9383,1.3695,-2.5649,0.5344,-0.1679,42.98,On Surface
425882,-0.0335,9.9120,1.3144,-2.4275,0.7786,-0.0458,42.98,On Surface
425932,-0.0287,9.9192,1.3264,-2.7328,0.7786,-0.1985,43.17,On Surface
425982,0.0000,9.9264,1.3958,-2.5038,0.4427,-0.1832,43.02,On Surface
426032,-0.0527,9.9335,1.3503,-2.5191,0.5038,-0.2748,42.98,On Surface
426082,-0.0335,9.9048,1.3575,-2.4427,0.4580,-0.1985,43.12,On Surface
426132,0.0215,9.9168,1.3695,-2.4885,0.3969,-0.3206,42.93,On Surface
426182,-0.0120,9.9192,1.3288,-2.4427,0.2290,-0.3206,42.79,On Surface
426232,-0.0144,9.9407,1.3695,-2.4122,0.3511,0.2595,42.84,On Surface
426282,0.0048,9.9072,1.3886,-2.3817,0.7786,-0.2748,42.93,On Surface
426332,-0.0311,9.9383,1.3599,-2.5496,0.5649,-0.1985,42.98,On Surface
426382,-0.0407,9.9479,1.3910,-2.4733,0.5954,0.0763,42.93,On Surface
426432,-0.0335,9.9288,1.4437,-2.4885,0.2901,-0.1679,43.12,On Surface
426482,-0.0335,9.9599,1.3910,-2.2290,0.5649,-0.0611,42.98,On Surface
426532,-0.0407,9.9120,1.4222,-2.2901,0.4427,-0.2748,43.26,On Surface
426582,0.0072,9.9144,1.3767,-2.4733,0.2137,-0.1527,42.84,On Surface
426632,0.0000,9.9407,1.3934,-2.3511,0.4275,0.0305,42.60,On Surface
426682,0.0048,9.9072,1.4078,-2.2137,0.3053,-0.1679,43.02,On Surface
426732,-0.0096,9.9575,1.3360,-2.1832,0.4733,-0.1832,42.93,On Surface
426782,-0.0527,9.9575,1.3479,-2.1985,0.3969,0.0458,42.93,On Surface
426832,-0.0048,9.9503,1.3910,-2.4427,0.4885,-0.3206,42.93,On Surface
426882,0.0048,9.9455,1.2905,-2.3511,0.4580,-0.1069,43.17,On Surface
426932,-0.0359,9.9527,1.3623,-2.4427,0.4427,-0.1221,43.02,On Surface
426982,-0.0287,9.9647,1.4102,-2.3511,0.4733,-0.1221,42.98,On Surface
427032,-0.0024,9.9240,1.3551,-2.4580,0.3969,-0.2290,42.98,On Surface
427082,-0.0192,9.9096,1.4509,-2.3817,0.0763,0.1374,43.12,On Surface
427132,-0.0048,9.9407,1.3479,-2.1069,0.4122,-0.0458,43.12,On Surface
427182,-0.0048,9.8881,1.4078,-2.2290,0.4580,0.1221,42.79,On Surface
427232,0.0048,9.9599,1.3767,-2.2748,0.3969,0.0916,42.65,On Surface
427282,-0.0383,9.9335,1.3838,-2.4275,0.3969,-0.3511,43.12,On Surface
427332,-0.0527,9.9240,1.3431,-2.3053,0.3817,-0.1374,42.74,On Surface
427382,-0.0096,9.9575,1.3384,-2.3359,0.1069,0.0000,43.26,On Surface
427432,-0.0072,9.9359,1.3695,-2.1527,0.5191,0.0611,43.02,On Surface
427482,-0.0455,9.9288,1.3384,-2.3664,0.5649,-0.0458,43.35,On Surface
427532,-0.0168,9.8976,1.4461,-2.1985,0.5344,0.1221,42.98,On Surface
427582,-0.0215,9.9120,1.4198,-2.4733,0.5954,0.2748,43.12,On Surface
427632,-0.0455,9.9240,1.3862,-2.2595,0.3359,0.0458,43.26,On Surface
427682,0.0192,9.9311,1.3743,-2.3206,0.2443,0.0153,43.26,On Surface
427732,-0.0168,9.9527,1.3934,-2.4885,0.7023,-0.0458,43.12,On Surface
427782,-0.0383,9.9407,1.3360,-2.7328,0.3511,0.0000,42.84,On Surface
427832,-0.0359,9.9718,1.3551,-2.2443,0.2595,0.0458,43.31,On Surface
427882,-0.0407,9.9144,1.3862,-2.1069,0.3664,-0.1527,43.02,On Surface
427932,0.0120,9.9503,1.3623,-2.4122,0.7176,-0.1527,43.02,On Surface
427982,0.0239,9.9359,1.3695,-2.3511,0.2595,0.1832,43.02,On Surface
428032,-0.0215,9.9407,1.3743,-2.1221,0.4427,-0.0458,43.17,On Surface
428082,0.0431,9.9335,1.3815,-2.3511,0.3664,0.0000,43.12,On Surface
428132,-0.0144,9.9000,1.3982,-2.4122,0.2443,-0.0305,43.02,On Surface
428182,0.0072,9.9192,1.3934,-2.4733,0.2290,-0.0305,43.17,On Surface
428232,0.0096,9.9216,1.3791,-2.5191,0.5191,0.0305,43.26,On Surface
428282,0.0263,9.9383,1.3599,-2.3969,0.4885,-0.0916,42.93,On Surface
428332,0.0192,9.9503,1.4198,-2.4275,0.4122,-0.1527,42.98,On Surface
428382,0.0144,9.9359,1.3743,-2.3969,0.5802,-0.3511,42.84,On Surface
428432,-0.0168,9.9647,1.4030,-2.2595,0.5496,-0.1221,42.93,On Surface
428482,0.0024,9.9718,1.3431,-2.2901,0.5344,0.0000,42.93,On Surface
428532,-0.0239,9.9144,1.3551,-2.4427,0.4427,0.0000,43.17,On Surface
428582,0.0072,9.9335,1.3815,-2.5191,0.6412,-0.0763,43.12,On Surface
428632,0.0096,9.9192,1.4317,-2.3359,0.3817,0.1069,42.93,On Surface
428682,-0.0096,9.8785,1.3312,-2.2595,0.5954,0.0611,43.17,On Surface
428732,0.0000,9.9359,1.3360,-2.2137,0.3511,0.1527,43.02,On Surface
428782,-0.0024,9.9144,1.4078,-2.2748,0.6107,-0.1527,43.02,On Surface
428832,-0.0072,9.8904,1.3527,-2.5954,0.4733,0.1069,43.12,On Surface
428882,0.0335,9.9096,1.3312,-2.3206,0.3511,-0.2137,42.93,On Surface
428932,-0.0192,9.9240,1.3048,-2.5954,0.2901,-0.1985,42.98,On Surface
428982,-0.0120,9.9575,1.3862,-2.4733,0.0611,0.1832,42.93,On Surface
429032,-0.0048,9.9144,1.3767,-2.3817,0.3664,-0.2137,42.74,On Surface
429082,0.0024,9.9048,1.3886,-2.2290,0.9771,-0.0916,42.98,On Surface
429132,0.0000,9.9048,1.3144,-2.4275,0.4733,-0.2595,43.26,On Surface
429182,0.0239,9.9431,1.3551,-2.3511,0.3969,-0.0763,43.02,On Surface
429232,0.0359,9.8761,1.3982,-2.4733,0.3206,-0.0153,42.93,On Surface
429282,-0.0263,9.9407,1.3695,-2.5954,0.4733,-0.3053,42.98,On Surface
429332,0.0120,9.9120,1.3551,-2.2595,0.4427,-0.1374,43.02,On Surface
429382,-0.0527,9.9288,1.3384,-2.8702,0.8244,-0.0305,43.02,On Surface
429432,-0.0287,9.9455,1.3096,-2.2595,0.4580,0.1374,43.26,On Surface
429482,-0.0192,9.9862,1.3527,-2.5191,0.6565,-0.1374,43.12,On Surface
429532,-0.0287,9.9479,1.3527,-2.5191,0.8550,-0.1527,43.17,On Surface
429582,0.0048,9.9264,1.3024,-2.2443,0.4580,-0.2443,43.26,On Surface
429632,-0.0168,9.9168,1.3623,-2.3511,0.3969,-0.1679,43.17,On Surface
429682,-0.0024,9.9216,1.4126,-2.2748,0.5649,-0.1221,42.98,On Surface
429732,-0.0239,9.9168,1.4389,-2.5954,0.3053,-0.2137,42.93,On Surface
429782,-0.0311,9.8761,1.4820,-2.2901,0.3511,-0.1221,42.98,On Surface
429832,-0.0527,9.9096,1.3886,-2.4733,0.2595,0.0153,42.98,On Surface
429882,0.0072,9.9479,1.3719,-2.6412,0.3511,0.0305,42.93,On Surface
429932,-0.0168,9.9479,1.3791,-2.5191,0.5802,-0.1985,43.02,On Surface
429982,-0.0072,9.9551,1.3695,-2.4733,0.7634,0.0458,43.02,On Surface
430032,-0.0455,9.9311,1.3144,-2.3664,0.2748,-0.0458,42.79,On Surface
430082,-0.0239,9.9599,1.3719,-2.4275,0.4733,-0.2443,43.02,On Surface
430132,-0.0168,9.9192,1.3862,-2.5344,0.5038,-0.2748,42.84,On Surface
430182,0.0120,9.9311,1.3288,-2.0916,0.2595,-0.2443,43.02,On Surface
430232,0.0144,9.8569,1.4389,-2.3664,0.1221,-0.0763,42.65,On Surface
430282,0.0000,9.9096,1.3886,-2.3664,0.5344,-0.0458,43.35,On Surface
430332,0.0000,9.9383,1.3934,-2.4427,0.3817,-0.1374,42.93,On Surface
430382,-0.0287,9.9216,1.4245,-2.3969,0.3359,0.1221,43.17,On Surface
430432,0.0144,9.9551,1.3886,-2.2748,0.5802,-0.0763,42.98,On Surface
430482,-0.0096,9.9311,1.3001,-2.4885,0.5344,0.0000,42.79,On Surface
430532,-0.0503,9.9527,1.3743,-2.2137,0.5344,-0.2443,43.26,On Surface
430582,-0.0168,9.9144,1.4078,-2.3511,0.3817,-0.2901,43.12,On Surface
430632,-0.0359,9.9455,1.4198,-2.1221,0.8550,0.0305,43.26,On Surface
430682,-0.0096,9.9431,1.3551,-2.2595,0.4733,-0.0458,42.98,On Surface
430732,-0.0096,9.9072,1.3743,-2.2748,0.5802,-0.0763,43.02,On Surface
430782,-0.0072,9.9024,1.4006,-2.0916,0.0305,0.0611,43.31,On Surface
430832,-0.0096,9.9216,1.3384,-2.4275,0.5038,-0.0916,42.98,On Surface
430882,0.0168,9.9335,1.3815,-2.2443,0.5191,-0.1069,43.26,On Surface
430932,0.0168,9.9455,1.3767,-2.3664,0.5802,-0.0458,42.93,On Surface
430982,-0.0263,9.9575,1.3982,-2.2901,0.3206,-0.0916,43.02,On Surface
431032,0.0024,9.9048,1.3862,-2.1832,0.4733,-0.0763,43.12,On Surface
431082,0.0024,9.9647,1.3886,-2.0153,0.7023,-0.0763,43.12,On Surface
431132,-0.0335,9.9455,1.3791,-2.2443,0.5496,0.1069,42.93,On Surface
431182,-0.0192,9.8952,1.4102,-2.4122,0.2443,-0.0611,42.98,On Surface
431232,0.0311,9.9671,1.4006,-2.3817,0.6107,0.1374,42.79,On Surface
431282,0.0048,9.9264,1.3886,-2.3969,0.3969,-0.0458,42.98,On Surface
431332,-0.0335,9.9120,1.3934,-2.2901,0.3817,0.0000,43.17,On Surface
431382,-0.0096,9.9479,1.3671,-2.4275,0.5954,0.0458,43.26,On Surface
431432,0.0072,9.9359,1.3431,-2.5038,0.5802,-0.0458,43.02,On Surface
431482,0.0096,9.9623,1.3192,-2.2595,0.6870,-0.0916,43.17,On Surface
431532,-0.0359,9.8976,1.3623,-2.2748,0.3359,-0.4122,42.93,On Surface
431582,0.0168,9.9240,1.3551,-2.5344,0.7481,-0.0153,43.12,On Surface
431632,-0.0024,9.8833,1.4150,-2.3359,0.6870,-0.2443,43.12,On Surface
431682,-0.0287,9.9144,1.3934,-2.4427,0.3817,-0.2443,42.98,On Surface
431732,-0.0311,9.9407,1.3623,-2.5802,0.2748,-0.3206,42.98,On Surface
431782,-0.0192,9.9120,1.4269,-2.2595,0.4427,0.0153,42.98,On Surface
431832,0.0000,9.9120,1.3647,-2.6260,0.3664,-0.0763,43.17,On Surface
431882,0.0144,9.9264,1.3934,-2.4427,0.5496,-0.1221,42.98,On Surface
431932,0.0048,9.9407,1.3695,-2.3664,0.6565,0.1527,42.84,On Surface
431982,-0.0215,9.9766,1.3958,-2.5649,0.5191,-0.2595,43.12,On Surface
432032,-0.0503,9.9766,1.4150,-2.3969,0.7634,-0.1527,43.02,On Surface
432082,-0.0024,9.9695,1.3503,-2.1221,0.6260,-0.3206,42.93,On Surface
432132,-0.0335,9.9575,1.4365,-2.2137,0.4885,-0.3817,42.79,On Surface
432182,-0.0215,9.9048,1.3767,-2.5802,0.2137,-0.2595,42.93,On Surface
432232,-0.0072,9.9120,1.3695,-2.4275,0.2290,-0.4275,42.98,On Surface
432282,-0.0239,9.9407,1.3767,-2.4580,0.4427,-0.1679,43.02,On Surface
432332,-0.0120,9.9048,1.3910,-2.2748,0.5038,-0.2748,43.17,On Surface
432382,0.0239,9.9024,1.3527,-2.5038,0.4733,0.0153,43.17,On Surface
432432,0.0096,9.9168,1.3671,-2.4733,0.6412,0.0458,42.98,On Surface
432482,0.0024,9.9575,1.3431,-2.4885,0.7634,-0.2748,42.79,On Surface
432532,0.0000,9.9551,1.3431,-2.3053,0.5038,-0.3817,43.02,On Surface
432582,0.0359,9.9072,1.4150,-2.5191,0.3206,-0.3664,42.98,On Surface
432632,-0.0096,9.9311,1.3527,-2.4275,0.5954,0.1069,43.02,On Surface
432682,0.0479,9.9311,1.4054,-2.3664,0.4427,-0.1832,43.02,On Surface
432732,0.0263,9.9096,1.3264,-2.1832,0.4580,-0.2901,43.02,On Surface
432782,0.0359,9.9000,1.3431,-2.5802,0.2901,-0.0916,42.98,On Surface
432832,0.0311,9.9072,1.4006,-2.4427,0.4885,-0.0458,42.93,On Surface
432882,-0.0024,9.8976,1.3791,-2.3817,0.6870,-0.1221,43.02,On Surface
432932,0.0239,9.9647,1.3312,-2.7023,0.3359,-0.3511,43.02,On Surface
432982,0.0263,9.9455,1.3479,-2.3511,0.7176,-0.1069,42.98,On Surface
433032,0.0072,9.9048,1.4030,-2.3664,0.5954,-0.2901,43.02,On Surface
433082,-0.0455,9.9455,1.3791,-2.4733,0.2748,-0.2137,43.26,On Surface
433132,0.0239,9.9455,1.3575,-2.5191,0.6412,0.0305,42.84,On Surface
433182,-0.0239,9.9144,1.4222,-2.3206,0.1985,-0.1069,42.93,On Surface
433232,-0.0311,9.9216,1.3910,-2.4427,0.4122,-0.2290,43.31,On Surface
433282,-0.0503,9.9144,1.3671,-2.5038,0.3511,-0.0153,42.93,On Surface
433332,-0.0431,9.9000,1.4317,-2.3664,0.4733,0.0611,43.26,On Surface
433382,-0.0048,9.9216,1.3551,-2.2595,0.6565,-0.0611,42.98,On Surface
433432,-0.0024,9.9264,1.3408,-2.5649,0.4275,0.1374,43.12,On Surface
433482,-0.0048,9.9024,1.3264,-2.2595,0.1527,-0.0153,43.17,On Surface
433532,-0.0407,9.9575,1.3479,-2.3511,0.7939,-0.1221,43.17,On Surface
433582,0.0096,9.9024,1.3264,-2.2901,0.4122,-0.2137,42.98,On Surface
433632,-0.0359,9.9599,1.3815,-2.0763,0.5496,-0.0611,42.79,On Surface
433682,-0.0359,9.9359,1.3623,-1.9847,0.3511,0.1374,43.17,On Surface
433732,0.0024,9.9072,1.4509,-2.2901,0.2290,-0.0153,42.98,On Surface
433782,0.0168,9.9814,1.3168,-2.4733,0.3664,-0.1527,43.02,On Surface
433832,-0.0287,9.9240,1.4317,-2.3511,0.2595,0.0611,42.93,On Surface
433882,-0.0192,9.9623,1.3431,-2.6260,0.4885,-0.0916,42.79,On Surface
433932,-0.0144,9.9264,1.3551,-2.6870,0.3817,-0.1374,43.02,On Surface
433982,-0.0192,9.9359,1.3623,-2.4122,0.5191,-0.0458,42.79,On Surface
434032,-0.0120,9.8976,1.3551,-2.1221,0.8397,-0.1832,42.93,On Surface
434082,-0.0287,9.9695,1.3671,-2.3511,0.3969,-0.0916,43.12,On Surface
434132,-0.0024,9.9240,1.2785,-2.2901,0.3206,0.0458,43.12,On Surface
434182,0.0239,9.9647,1.3862,-2.4733,0.2137,-0.0763,42.79,On Surface
434232,-0.0072,9.8833,1.3599,-2.1527,0.3969,0.1832,43.26,On Surface
434282,-0.0024,9.9048,1.3886,-2.2901,0.4733,-0.0916,42.84,On Surface
434332,-0.0335,9.9288,1.4461,-2.2748,0.3359,-0.0305,43.12,On Surface
434382,0.0048,9.8881,1.4006,-2.4733,0.5496,-0.2901,43.12,On Surface
434432,0.0192,9.9335,1.3575,-2.6260,0.3359,-0.0458,42.93,On Surface
434482,-0.0215,9.9455,1.3360,-2.2901,0.5496,-0.1069,42.93,On Surface
434532,-0.0048,9.9742,1.3647,-2.3359,0.5038,-0.0305,43.12,On Surface
434582,-0.0168,9.9647,1.3455,-2.5496,0.4122,-0.0153,43.12,On Surface
434632,-0.0024,9.8952,1.3719,-2.3664,0.6412,-0.3511,42.98,On Surface
434682,-0.0263,9.9455,1.4030,-2.3511,0.4885,-0.3053,43.02,On Surface
434732,-0.0072,9.9359,1.3599,-2.2137,0.3511,-0.3511,43.02,On Surface
434782,-0.0072,9.9311,1.3815,-2.5802,0.2443,-0.1527,43.17,On Surface
434832,0.0024,9.9192,1.3862,-2.3206,0.1374,-0.0305,42.98,On Surface
434882,-0.0096,9.9000,1.3551,-2.3359,0.4122,-0.0458,43.02,On Surface
434932,0.0096,9.8833,1.3767,-2.2290,0.3359,-0.1069,42.98,On Surface
434982,0.0263,9.9575,1.4150,-2.4275,0.5191,-0.0763,43.02,On Surface
435032,-0.0144,9.9503,1.3527,-2.2443,0.5649,0.0153,42.98,On Surface
435082,-0.0048,9.9599,1.3168,-2.3511,0.5954,-0.4275,42.98,On Surface
435132,-0.0072,9.9096,1.3647,-2.5802,0.2748,-0.0916,43.17,On Surface
435182,-0.0215,9.9479,1.4126,-2.2748,0.6412,-0.3053,43.26,On Surface
435232,0.0192,9.9168,1.3886,-2.5344,0.2748,-0.0763,43.02,On Surface
435282,0.0096,9.8952,1.4389,-2.2595,0.6412,0.0611,42.98,On Surface
435332,-0.0072,9.9383,1.3767,-2.3053,0.2748,-0.2595,43.02,On Surface
435382,-0.0144,9.9311,1.3503,-2.4733,0.7786,-0.0916,43.17,On Surface
435432,0.0048,9.9527,1.4006,-2.6870,0.4733,-0.2443,42.93,On Surface
435482,-0.0215,9.9599,1.3527,-2.2137,0.6412,-0.2137,43.02,On Surface
435532,-0.0024,9.9144,1.3288,-2.3817,0.4733,-0.1069,42.98,On Surface
435582,0.0120,9.9048,1.3360,-2.5191,0.3664,0.0916,42.93,On Surface
435632,0.0048,9.9359,1.3336,-2.4275,0.5954,-0.0916,42.74,On Surface
435682,-0.0024,9.9503,1.4126,-2.2443,0.4885,0.0000,43.26,On Surface
435732,0.0192,9.9240,1.3958,-2.4580,0.2137,-0.1221,43.12,On Surface
435782,0.0192,9.9168,1.3599,-2.3817,0.1985,-0.0611,43.12,On Surface
435832,-0.0287,9.9240,1.3958,-2.3817,0.6718,-0.1221,43.12,On Surface
435882,0.0287,9.9431,1.3767,-2.6260,0.5954,-0.0153,43.45,On Surface
435932,0.0072,9.9311,1.3599,-2.5649,0.5344,-0.1374,42.93,On Surface
435982,-0.0287,9.9551,1.3336,-2.2595,0.5496,-0.1832,42.93,On Surface
436032,-0.0287,9.9144,1.3192,-2.5344,0.4733,-0.1527,43.02,On Surface
436082,0.0000,9.9503,1.3527,-2.3359,0.6718,-0.2443,42.98,On Surface
436132,-0.0120,9.9599,1.3599,-2.5344,0.5649,-0.1221,42.93,On Surface
436182,0.0120,9.9072,1.3743,-2.3206,0.6260,-0.3817,43.17,On Surface
436232,-0.0263,9.8928,1.4126,-2.5802,0.2901,-0.1679,42.98,On Surface
436282,0.0072,9.9048,1.3551,-2.4122,0.2595,0.1679,43.02,On Surface
436332,0.0096,9.9048,1.3503,-2.4122,0.5954,-0.3969,43.17,On Surface
436382,-0.0144,9.9096,1.3886,-2.5038,0.4275,-0.2901,42.93,On Surface
436432,0.0000,9.9431,1.3767,-2.7023,0.3817,-0.1221,42.93,On Surface
436482,-0.0383,9.9192,1.3431,-2.5191,0.6565,0.1679,43.12,On Surface
436532,-0.0120,9.9288,1.3288,-2.7328,0.4733,-0.3511,43.02,On Surface
436582,-0.0072,9.9240,1.3647,-2.6260,0.5344,-0.0916,43.02,On Surface
436632,0.0120,9.9551,1.3360,-2.4885,0.3664,-0.0153,43.35,On Surface
436682,0.0024,9.9168,1.4198,-2.4580,0.1985,0.0305,42.98,On Surface
436732,0.0096,9.8809,1.3455,-2.3817,0.6260,-0.4122,43.02,On Surface
436782,-0.0215,9.9288,1.4030,-2.5038,0.3359,-0.1527,43.35,On Surface
436832,-0.0120,9.9144,1.3767,-2.3664,0.4885,0.0763,43.17,On Surface
436882,-0.0120,9.9479,1.3767,-2.5649,0.1985,-0.1374,42.98,On Surface
436932,-0.0215,9.9216,1.3767,-2.4275,0.5038,-0.0763,42.79,On Surface
436982,-0.0455,9.9503,1.3958,-2.3664,0.7176,0.0305,42.79,On Surface
437032,0.0048,9.9383,1.3503,-2.5038,0.5344,-0.3206,43.12,On Surface
437082,-0.0239,9.9383,1.3408,-2.3817,0.4733,-0.1069,42.79,On Surface
437132,-0.0048,9.9575,1.4437,-2.3511,0.5496,-0.2137,42.74,On Surface
437182,-0.0239,9.9000,1.4317,-2.1221,0.3969,-0.0305,42.74,On Surface
437232,0.0263,9.9000,1.4653,-2.1985,0.5038,-0.0153,42.84,On Surface
437282,-0.0383,9.9359,1.3838,-2.4733,0.3969,0.1527,42.79,On Surface
437332,-0.0407,9.9288,1.4245,-2.3053,0.4122,-0.1527,42.98,On Surface
437382,0.0048,9.9335,1.3886,-2.2443,0.1527,-0.0458,43.02,On Surface
437432,-0.0431,9.9647,1.3503,-2.3817,0.3817,-0.2290,42.84,On Surface
437482,-0.0263,9.9192,1.3072,-2.5802,0.3511,-0.3664,43.02,On Surface
437532,-0.0431,9.9168,1.3575,-2.5344,0.2595,-0.0305,42.98,On Surface
437582,0.0120,9.9192,1.4174,-2.4580,0.5038,-0.0458,43.12,On Surface
437632,-0.0335,10.0054,1.3575,-2.3511,0.4733,-0.5496,43.35,On Surface
437682,0.0096,9.9120,1.3455,-2.5191,0.6107,-0.1527,43.17,On Surface
437732,0.0072,9.9407,1.3599,-2.1221,0.3817,0.0611,42.98,On Surface
437782,-0.0048,9.8952,1.4413,-2.1985,0.5496,-0.0611,42.93,On Surface
437832,0.0168,9.9096,1.4102,-2.3817,0.5191,-0.1374,43.12,On Surface
437882,-0.0144,9.9072,1.3144,-2.3664,0.3817,-0.2443,43.02,On Surface
437932,-0.0048,9.9359,1.3623,-2.4122,0.5496,0.3206,43.31,On Surface
437982,-0.0096,9.9359,1.3384,-2.3511,0.3817,-0.0763,42.84,On Surface
438032,-0.0239,9.9431,1.3479,-2.5344,0.7634,-0.0763,42.98,On Surface
438082,-0.0120,9.9359,1.3360,-2.3664,0.4275,0.0458,42.98,On Surface
438132,-0.0239,9.9288,1.3910,-2.3206,0.5038,-0.1527,42.98,On Surface
438182,-0.0120,9.9216,1.3312,-2.1069,0.5191,0.0305,42.98,On Surface
438232,0.0168,9.9311,1.3647,-2.2901,0.6107,-0.1679,43.02,On Surface
438282,0.0048,9.8928,1.3862,-2.3053,0.4122,-0.2290,42.98,On Surface
438332,0.0287,9.9431,1.4054,-2.5191,0.4885,-0.1832,42.93,On Surface
438382,-0.0024,9.8952,1.3695,-2.4122,0.4733,-0.1069,43.02,On Surface
438432,0.0168,9.9359,1.3719,-2.2901,0.4885,0.0153,42.98,On Surface
438482,0.0359,9.9168,1.3216,-2.0305,0.8092,0.0611,42.93,On Surface
438532,0.0311,9.9096,1.3791,-2.3511,0.6870,-0.0763,42.93,On Surface
438582,-0.0144,9.9335,1.3791,-2.5496,0.2748,-0.1221,42.98,On Surface
438632,0.0263,9.9479,1.3671,-2.3511,0.3969,-0.0305,43.35,On Surface
438682,0.0048,9.9240,1.3910,-2.4733,0.3817,-0.2137,42.74,On Surface
438732,-0.0072,9.9335,1.3743,-2.4580,0.5802,-0.1679,42.93,On Surface
438782,-0.0096,9.9240,1.3791,-2.3053,0.6107,-0.2901,43.17,On Surface
438832,-0.0239,9.8689,1.3982,-2.4733,0.4427,-0.3053,43.02,On Surface
438882,0.0239,9.9623,1.3647,-2.5344,0.1527,-0.1679,42.79,On Surface
438932,0.0215,9.9359,1.3743,-2.5496,0.3817,-0.2595,42.79,On Surface
438982,0.0096,9.9096,1.3599,-2.4885,0.5344,-0.0458,43.31,On Surface
439032,-0.0359,9.9383,1.3264,-2.3053,0.4427,0.0305,42.93,On Surface
439082,0.0048,9.9647,1.3408,-2.5344,0.6412,-0.1679,43.02,On Surface
439132,-0.0024,9.9288,1.3264,-2.4580,0.6107,0.1221,43.17,On Surface
439182,0.0239,9.9264,1.3527,-2.1985,0.7786,-0.0458,42.93,On Surface
439232,-0.0263,9.9216,1.4174,-2.5191,0.6565,0.1374,43.12,On Surface
439282,0.0000,9.9072,1.3575,-2.1527,0.2901,-0.1832,42.98,On Surface
439332,0.0527,9.8952,1.3647,-2.5496,0.3206,-0.2748,43.02,On Surface
439382,0.0072,9.9168,1.3431,-2.2901,0.5496,-0.3359,42.79,On Surface
439432,0.0263,9.9335,1.3791,-2.3511,0.4275,-0.2137,42.98,On Surface
439482,0.0431,9.9216,1.3384,-2.3511,0.5191,0.0000,43.12,On Surface
439532,0.0263,9.9671,1.3599,-2.3969,0.6260,0.1069,43.12,On Surface
439582,-0.0072,9.9575,1.3096,-2.4733,0.3817,-0.1527,43.26,On Surface
439632,0.0024,9.9431,1.2809,-2.5954,0.5038,-0.2901,42.98,On Surface
439682,-0.0072,9.9168,1.4485,-2.6718,0.4275,-0.1679,42.79,On Surface
439732,0.0144,9.9000,1.3360,-2.3817,0.6107,-0.2901,42.93,On Surface
439782,-0.0048,9.9407,1.3958,-2.2901,0.3817,0.0611,43.02,On Surface
439832,-0.0024,9.8785,1.3719,-2.3817,0.3969,-0.3664,42.98,On Surface
439882,-0.0407,9.8904,1.3431,-2.7023,0.7481,0.0305,42.93,On Surface
439932,-0.0263,9.9192,1.4102,-2.1832,0.7328,-0.0305,42.98,On Surface
439982,-0.0096,9.9311,1.3838,-2.3359,0.5954,-0.2901,42.84,On Surface
440032,-0.0263,9.9599,1.3862,-2.5344,0.5344,-0.1832,43.12,On Surface
440082,-0.0383,9.9455,1.3910,-2.4122,0.8855,-0.2290,42.98,On Surface
440132,-0.0024,9.9527,1.3719,-2.5191,0.2290,-0.4427,42.65,On Surface
440182,-0.0215,9.9288,1.3360,-2.3969,0.6107,-0.0763,42.84,On Surface
440232,0.0096,9.9359,1.4509,-2.5038,0.5038,-0.1069,42.98,On Surface
440282,0.0120,9.9144,1.3862,-2.2443,0.5649,0.1069,42.84,On Surface
440332,-0.0287,9.9168,1.4150,-2.4580,0.2901,-0.0305,42.98,On Surface
440382,-0.0383,9.9120,1.4245,-2.3969,0.3969,-0.1221,42.93,On Surface
440432,0.0120,9.9168,1.3240,-2.2137,0.7176,-0.0458,43.02,On Surface
440482,-0.0192,9.8904,1.3048,-2.5649,0.5954,0.0305,42.98,On Surface
440532,-0.0048,9.9359,1.3575,-2.3053,0.5649,-0.2748,43.02,On Surface
440582,-0.0168,9.9671,1.3431,-2.2748,0.3664,-0.1985,42.98,On Surface
440632,-0.0096,9.9288,1.3527,-2.1985,0.4427,-0.1832,42.93,On Surface
440682,0.0335,9.9144,1.4030,-2.2137,0.4733,-0.0916,43.02,On Surface
440732,-0.0096,9.9192,1.3647,-2.3664,0.6260,-0.2595,43.35,On Surface
440782,0.0144,9.9216,1.3360,-2.3511,0.7023,-0.1832,42.79,On Surface
440832,-0.0455,9.9144,1.4269,-2.6260,0.1679,-0.1832,42.84,On Surface
440882,-0.0144,9.9264,1.4317,-2.4885,0.2137,0.0458,43.02,On Surface
440932,0.0048,9.9407,1.3671,-2.4733,0.5496,-0.1069,42.98,On Surface
440982,-0.0096,9.9383,1.3527,-2.0458,0.4275,0.3817,43.02,On Surface
441032,-0.0192,9.9311,1.3503,-2.5496,0.6412,0.0000,42.98,On Surface
441082,-0.0096,9.9335,1.3910,-2.0916,0.4122,-0.0763,42.84,On Surface
441132,0.0311,9.9311,1.4030,-2.1985,0.5191,-0.0305,42.98,On Surface
441182,0.0024,9.9407,1.4174,-2.1985,0.2748,-0.1679,42.84,On Surface
441232,-0.0024,9.8881,1.3982,-2.5038,0.3206,-0.1679,43.35,On Surface
441282,-0.0096,9.9335,1.3695,-2.1832,0.5344,-0.0153,43.26,On Surface
441332,-0.0168,9.9096,1.3791,-2.1679,0.4885,-0.1832,43.26,On Surface
441382,0.0000,9.9264,1.3815,-2.5496,0.2443,0.0916,43.02,On Surface
441432,-0.0072,9.9647,1.4341,-2.4427,0.7023,-0.0305,43.02,On Surface
441482,0.0024,9.9479,1.3910,-2.5191,0.5802,-0.3206,42.98,On Surface
441532,-0.0407,9.9862,1.3934,-2.3359,0.3664,-0.1832,43.12,On Surface
441582,-0.0072,9.9335,1.4006,-2.2290,0.3817,-0.2137,43.02,On Surface
441632,-0.0048,9.9311,1.3815,-2.1832,0.7176,-0.0763,42.84,On Surface
441682,-0.0168,9.9503,1.4054,-2.1069,0.4427,-0.0458,43.02,On Surface
441732,0.0144,9.8809,1.4461,-2.4885,0.4580,0.0305,42.98,On Surface
441782,0.0215,9.8976,1.3982,-2.2290,0.3664,-0.1679,42.98,On Surface
441832,-0.0048,9.9359,1.3958,-2.4580,0.2443,-0.1221,42.93,On Surface
441882,0.0239,9.9024,1.3767,-2.3969,0.5191,-0.1832,42.98,On Surface
441932,0.0192,9.9311,1.3767,-2.7023,0.1985,0.1221,42.79,On Surface
441982,0.0287,9.9144,1.3288,-2.4275,0.5802,-0.2290,42.93,On Surface
442032,0.0192,9.9192,1.3767,-2.2748,0.5496,-0.2443,42.93,On Surface
442082,-0.0239,9.9144,1.3144,-2.4122,0.1374,0.1069,43.12,On Surface
442132,-0.0144,9.8833,1.3623,-2.3817,0.3053,-0.0916,42.93,On Surface
442182,-0.0455,9.9192,1.3671,-2.3511,0.6107,0.0153,42.84,On Surface
442232,-0.0096,9.8617,1.3695,-2.3969,0.8397,-0.1221,43.17,On Surface
442282,-0.0072,9.9144,1.4030,-2.3969,0.4885,-0.3664,43.02,On Surface
442332,0.0263,9.8952,1.4341,-2.2901,0.5802,-0.4733,42.93,On Surface
442382,0.0144,9.9120,1.3838,-2.5191,0.6718,0.1374,42.98,On Surface
442432,-0.0359,9.9120,1.3001,-2.4733,0.3359,-0.2137,43.02,On Surface
442482,0.0120,9.9192,1.3240,-2.4885,0.7176,-0.2137,42.98,On Surface
442532,0.0287,9.9647,1.3336,-2.4580,0.5496,0.0611,42.93,On Surface
442582,0.0000,9.9695,1.3719,-2.3359,0.8855,-0.1374,43.02,On Surface
442632,0.0024,9.8881,1.3216,-2.7023,0.2137,-0.1374,42.93,On Surface
442682,-0.0120,9.9096,1.3527,-2.2748,0.4885,-0.0916,42.84,On Surface
442732,0.0168,9.8665,1.3815,-2.4733,0.3817,-0.1832,42.93,On Surface
442782,0.0192,9.9479,1.3408,-2.3359,0.4580,0.1069,43.26,On Surface
442832,-0.0048,9.8833,1.4126,-2.3969,0.4580,0.0458,42.79,On Surface
442882,0.0215,9.9168,1.3958,-2.3969,0.5649,-0.0611,42.93,On Surface
442932,-0.0024,9.9599,1.4030,-2.4275,0.5344,-0.0305,42.93,On Surface
442982,-0.0263,9.9647,1.4078,-2.4275,0.6107,-0.1679,43.02,On Surface
443032,-0.0287,9.9072,1.3288,-2.4122,0.8397,-0.1069,43.17,On Surface
443082,-0.0192,9.9359,1.3336,-2.5954,0.5496,-0.4580,42.93,On Surface
443132,0.0120,9.9048,1.3096,-2.3511,0.4275,-0.2290,42.93,On Surface
443182,0.0263,9.9096,1.3958,-2.4580,0.4733,-0.1069,42.79,On Surface
443232,0.0383,9.9216,1.3719,-2.5496,0.3664,0.0305,43.02,On Surface
443282,0.0215,9.8952,1.3623,-2.3511,0.5954,-0.0916,43.17,On Surface
443332,-0.0239,9.8976,1.3551,-2.5191,0.6107,0.0305,42.98,On Surface
443382,0.0000,9.9335,1.3838,-2.4427,0.5802,-0.1679,42.98,On Surface
443432,0.0144,9.9383,1.3838,-2.7176,0.5802,-0.1069,42.84,On Surface
443482,-0.0479,9.9695,1.3503,-2.3053,0.5191,-0.1985,42.93,On Surface
443532,-0.0287,9.9120,1.3647,-2.4580,0.4733,-0.3511,43.26,On Surface
443582,-0.0048,9.8952,1.4245,-2.2901,0.3969,-0.0916,43.12,On Surface
443632,-0.0407,9.9479,1.3551,-2.4580,0.5649,-0.1985,42.93,On Surface
443682,-0.0024,9.8833,1.4078,-2.4580,0.3511,0.0153,43.31,On Surface
443732,-0.0192,9.9072,1.3647,-2.6107,0.5344,-0.2748,42.98,On Surface
443782,0.0192,9.8881,1.3982,-2.3969,0.2443,0.1527,42.93,On Surface
443832,0.0048,9.8881,1.4485,-2.4580,0.3817,-0.0611,42.98,On Surface
443882,-0.0527,9.9096,1.3743,-2.6718,0.4885,0.0611,43.02,On Surface
443932,-0.0096,9.9407,1.3144,-2.5802,0.4733,-0.2137,42.79,On Surface
443982,-0.0311,9.9503,1.3575,-2.5344,0.7023,-0.1985,42.93,On Surface
444032,-0.0072,9.9479,1.2977,-2.4580,0.4580,-0.3359,42.98,On Surface
444082,-0.0215,9.9144,1.3743,-2.5038,0.3969,-0.1832,43.02,On Surface
444132,-0.0144,9.9503,1.3527,-2.2748,0.3817,-0.2595,42.93,On Surface
444182,-0.0096,9.9359,1.4054,-2.2290,0.6107,-0.0916,42.98,On Surface
444232,-0.0503,9.8928,1.4365,-2.5038,0.5649,0.0000,43.12,On Surface
444282,-0.0287,9.9000,1.3767,-2.4580,0.4275,0.1374,43.35,On Surface
444332,-0.0670,9.9240,1.3623,-2.3511,0.5954,-0.0153,43.02,On Surface
444382,-0.0215,9.9575,1.3384,-2.5038,0.4580,-0.1527,42.93,On Surface
444432,-0.0239,9.9527,1.3695,-2.4275,0.6565,-0.1374,43.02,On Surface
444482,-0.0383,9.9359,1.3551,-2.1374,0.7939,0.0458,43.02,On Surface
444532,-0.0168,9.9359,1.3791,-2.3206,0.3817,-0.2290,43.12,On Surface
444582,-0.0072,9.9527,1.3623,-2.1374,0.3511,-0.0153,43.02,On Surface
444632,-0.0144,9.9120,1.3815,-2.5344,0.3969,-0.2290,42.93,On Surface
444682,-0.0192,9.9240,1.3958,-2.1374,0.5649,-0.0458,43.12,On Surface
444732,0.0024,9.9455,1.3982,-2.4733,0.0458,-0.1985,43.02,On Surface
444782,0.0096,9.8833,1.4653,-2.4122,0.3664,-0.0611,42.93,On Surface
444832,-0.0024,9.9288,1.3623,-2.3664,0.2901,-0.0458,43.02,On Surface
444882,-0.0144,9.9431,1.3695,-2.3511,0.6107,-0.0763,42.84,On Surface
444932,0.0168,9.9264,1.3408,-2.2748,0.4580,-0.1069,42.93,On Surface
444982,-0.0263,9.9455,1.3096,-2.4427,0.2748,0.0458,43.26,On Surface
445032,-0.0431,9.9599,1.2689,-2.1985,0.6260,0.0000,42.93,On Surface
445082,-0.0048,9.9311,1.3312,-2.1985,0.6412,0.0763,43.17,On Surface
445132,0.0144,9.9503,1.3575,-2.3664,0.5038,-0.3359,43.17,On Surface
445182,0.0096,9.9383,1.4293,-2.3664,0.4733,0.0763,42.98,On Surface
445232,-0.0096,9.9024,1.3791,-2.1069,0.7023,0.0000,42.98,On Surface
445282,0.0144,9.8737,1.3527,-2.6870,0.3664,-0.2901,43.12,On Surface
445332,0.0120,9.9407,1.3791,-2.3969,0.5191,0.0000,42.93,On Surface
445382,0.0192,9.8881,1.3431,-2.4885,0.6107,-0.1221,42.98,On Surface
445432,0.0120,9.9096,1.4174,-2.5802,0.3511,0.0000,42.93,On Surface
445482,0.0072,9.9647,1.3958,-2.2290,0.3817,-0.1985,42.98,On Surface
445532,-0.0120,9.9431,1.3408,-2.3053,0.5496,-0.2901,42.98,On Surface
445582,0.0120,9.9455,1.3455,-2.5954,0.4733,-0.0458,43.02,On Surface
445632,-0.0431,9.9503,1.3527,-2.3817,0.4885,-0.0458,42.93,On Surface
445682,0.0239,9.9240,1.4006,-2.5191,0.3359,-0.3511,42.93,On Surface
445732,0.0239,9.9144,1.3815,-2.3053,0.6565,0.0611,42.84,On Surface
445782,-0.0144,9.9120,1.3862,-2.3969,0.6565,-0.0305,42.93,On Surface
445832,0.0335,9.8713,1.4006,-2.4733,0.1527,-0.1374,43.02,On Surface
445882,-0.0096,9.8976,1.3695,-2.4733,0.2595,-0.3206,42.93,On Surface
445932,-0.0287,9.9575,1.3551,-2.6565,0.7328,-0.2137,42.93,On Surface
445982,-0.0072,9.9335,1.2809,-2.3511,0.5954,-0.1221,42.93,On Surface
446032,0.0192,9.9407,1.3647,-2.6260,0.6565,-0.2290,42.74,On Surface
446082,-0.0168,9.9623,1.3886,-2.2290,0.5954,-0.1679,42.98,On Surface
446132,-0.0024,9.9192,1.4245,-2.1985,0.6870,-0.1832,42.93,On Surface
446182,0.0287,9.9335,1.4078,-2.2595,0.7176,0.0153,43.35,On Surface
446232,-0.0263,9.8713,1.3695,-2.3206,0.7481,-0.2137,42.79,On Surface
446282,0.0335,9.9311,1.4222,-2.4885,0.4275,-0.2290,42.98,On Surface
446332,-0.0192,9.9096,1.3503,-2.4427,0.4122,-0.0153,43.02,On Surface
446382,0.0168,9.9240,1.4341,-2.6107,0.3664,-0.1069,43.02,On Surface
446432,0.0287,9.9479,1.3791,-2.6260,0.3969,0.0305,42.98,On Surface
446482,0.0072,9.9216,1.3455,-2.4275,0.5496,-0.1527,43.02,On Surface
446532,0.0168,9.9455,1.3599,-2.5496,0.3206,-0.3664,43.02,On Surface
446582,-0.0096,9.9311,1.3431,-2.7634,0.7176,-0.1985,43.17,On Surface
446632,0.0048,9.9383,1.3695,-2.3359,0.5038,-0.1527,42.84,On Surface
446682,0.0168,9.9288,1.3623,-2.1985,0.7176,0.0000,43.31,On Surface
446732,0.0096,9.9000,1.3120,-2.3817,0.4733,-0.2137,43.12,On Surface
446782,0.0024,9.8809,1.3910,-2.4733,0.0916,0.0458,42.98,On Surface
446832,-0.0024,9.9431,1.3168,-2.2901,0.5191,-0.3206,42.98,On Surface
446882,0.0048,9.9431,1.3599,-2.7939,0.6107,-0.1832,42.98,On Surface
446932,-0.0072,9.9623,1.3024,-2.5344,0.7634,-0.0305,42.93,On Surface
446982,-0.0072,9.9216,1.4054,-2.5802,0.4275,-0.2290,42.79,On Surface
447032,0.0215,9.9407,1.3599,-2.2290,0.5344,-0.1832,42.84,On Surface
447082,-0.0215,9.9479,1.3910,-2.5344,0.4275,0.0000,42.74,On Surface
447132,-0.0407,9.9599,1.3288,-2.3817,0.5191,-0.2748,43.02,On Surface
447182,-0.0527,9.9599,1.3336,-2.2290,0.3053,-0.0763,42.98,On Surface
447232,0.0144,9.8809,1.3719,-2.0458,0.2595,-0.1069,42.98,On Surface
447282,-0.0096,9.8881,1.4174,-2.1374,0.4275,0.1069,42.93,On Surface
447332,-0.0192,9.9455,1.4222,-2.2290,0.4122,0.0916,43.02,On Surface
447382,-0.0215,9.9144,1.3671,-2.6412,0.4580,-0.0458,43.17,On Surface
447432,-0.0239,9.9647,1.3815,-2.2901,0.5344,-0.0305,43.26,On Surface
447482,0.0000,9.9886,1.4006,-2.4427,0.4733,-0.0763,43.02,On Surface
447532,0.0287,9.9407,1.3623,-2.4427,0.4580,-0.2443,43.12,On Surface
447582,-0.0024,9.9168,1.3910,-2.1679,0.3969,-0.2748,42.93,On Surface
447632,-0.0168,9.8976,1.3934,-2.2595,0.2290,-0.0458,43.17,On Surface
447682,0.0024,9.9479,1.3575,-2.5191,0.4427,-0.1069,43.26,On Surface
447732,0.0120,9.9024,1.3479,-2.3053,0.5344,-0.1527,43.02,On Surface
447782,-0.0144,9.9575,1.4317,-2.3053,0.5649,-0.1069,43.02,On Surface
447832,0.0335,9.9240,1.3431,-2.3969,0.3206,-0.0305,43.02,On Surface
447882,0.0048,9.9072,1.3575,-2.4580,0.5802,0.0153,43.02,On Surface
447932,-0.0072,9.9240,1.4174,-2.1679,0.5191,-0.1221,42.98,On Surface
447982,-0.0383,9.9407,1.3096,-2.3206,0.5496,-0.1221,43.31,On Surface
448032,-0.0144,9.9192,1.3671,-2.4733,0.7023,-0.3817,43.02,On Surface
448082,-0.0239,9.8976,1.3551,-2.2290,0.6870,0.1374,43.02,On Surface
448132,0.0120,9.8809,1.3838,-2.3053,0.3511,-0.1221,43.02,On Surface
448182,0.0000,9.9455,1.3719,-2.5496,0.1832,-0.0916,43.02,On Surface
448232,-0.0144,9.9503,1.3838,-2.2901,0.1374,-0.0458,43.12,On Surface
448282,-0.0096,9.9407,1.3192,-2.4580,0.3511,0.1832,42.98,On Surface
448332,0.0144,9.9216,1.3096,-2.3817,0.3053,-0.1679,42.93,On Surface
448382,-0.0311,9.9359,1.2929,-2.5954,0.5954,0.1679,43.02,On Surface
448432,-0.0144,9.9311,1.3934,-2.2595,0.3817,-0.1069,42.93,On Surface
448482,0.0144,9.9192,1.3982,-2.3206,0.6412,-0.0458,42.79,On Surface
448532,-0.0168,9.9479,1.4174,-2.4427,0.4122,0.0611,43.02,On Surface
448582,0.0120,9.9168,1.3288,-2.1679,0.3664,0.0000,43.17,On Surface
448632,-0.0168,9.9311,1.4102,-2.4885,0.4733,-0.1527,43.17,On Surface
448682,-0.0263,9.9144,1.3815,-2.2748,0.3511,0.1374,42.93,On Surface
448732,0.0215,9.9120,1.4245,-2.1679,0.2748,-0.1679,42.98,On Surface
448782,-0.0551,9.9288,1.3001,-2.3969,0.3053,-0.0611,43.02,On Surface
448832,-0.0024,9.9455,1.4030,-2.2748,0.4885,-0.1221,42.79,On Surface
448882,0.0000,9.9288,1.3815,-2.5344,0.7481,-0.1374,43.02,On Surface
448932,0.0215,9.9503,1.3144,-2.3817,0.9008,0.0305,42.93,On Surface
448982,-0.0144,9.9264,1.3886,-2.3053,0.3053,-0.2595,42.98,On Surface
449032,0.0120,9.9359,1.3072,-2.4275,0.3511,-0.1374,43.26,On Surface
449082,0.0000,9.9335,1.4293,-2.4275,0.3359,0.1985,43.12,On Surface
449132,0.0359,9.9192,1.3862,-2.2901,0.4122,-0.0153,42.93,On Surface
449182,-0.0072,9.9120,1.3408,-2.4580,0.2595,-0.2443,43.26,On Surface
449232,-0.0239,9.8976,1.2761,-2.3053,0.4122,0.0153,42.84,On Surface
449282,-0.0096,9.9383,1.3575,-2.4885,0.5038,-0.0916,43.02,On Surface
449332,-0.0072,9.9192,1.3479,-2.4580,0.5954,0.0000,42.79,On Surface
449382,-0.0670,9.9216,1.3264,-2.5344,0.8855,-0.1374,42.79,On Surface
449432,0.0024,9.9527,1.3455,-2.4275,0.4580,-0.1374,42.93,On Surface
449482,0.0048,9.9216,1.4030,-2.3053,0.5954,-0.1374,43.26,On Surface
449532,-0.0024,9.9647,1.4126,-2.2137,0.7023,0.1221,43.02,On Surface
449582,0.0239,9.8857,1.3575,-2.3664,0.6565,-0.2443,42.98,On Surface
449632,0.0024,9.9240,1.3408,-2.5191,0.4427,-0.2443,42.98,On Surface
449682,-0.0311,9.9264,1.3671,-2.3053,0.3664,-0.1374,42.84,On Surface
449732,0.0048,9.9216,1.4006,-2.5496,0.6718,-0.3359,43.35,On Surface
449782,-0.0120,9.9455,1.3647,-2.2901,0.6412,-0.1527,43.02,On Surface
449832,-0.0144,9.9647,1.3671,-2.5802,0.1679,-0.2443,43.02,On Surface
449882,-0.0311,9.9335,1.3479,-2.3969,0.4885,-0.2748,42.93,On Surface
449932,0.0072,9.9311,1.3503,-2.5344,0.4733,-0.0763,42.93,On Surface
449982,-0.0287,9.9479,1.4126,-2.5038,0.3511,-0.0458,42.98,On Surface
450032,-0.0311,9.8833,1.3240,-2.3511,0.2595,-0.2443,43.02,On Surface
450082,0.0287,9.9168,1.4509,-2.1069,0.7023,-0.1527,42.65,On Surface
450132,-0.0263,9.8857,1.3551,-2.4733,0.4885,-0.0763,43.12,On Surface
450182,0.0168,9.9288,1.3934,-2.1832,0.3817,0.0153,42.93,On Surface
450232,-0.0024,9.9551,1.3934,-2.2137,0.5802,-0.1832,42.98,On Surface
450282,-0.0024,9.9479,1.4198,-2.8244,0.4122,0.0000,42.60,On Surface
450332,-0.0455,9.9359,1.3575,-2.3817,0.2901,0.0458,42.79,On Surface
450382,0.0072,9.9718,1.3384,-2.5038,0.5802,-0.0611,43.02,On Surface
450432,0.0048,9.9551,1.4245,-2.2290,0.7481,-0.1527,42.93,On Surface
450482,0.0096,9.9264,1.4102,-2.3511,0.7023,0.0305,42.93,On Surface
450532,-0.0383,9.9168,1.3647,-2.4733,0.4580,-0.1679,42.93,On Surface
450582,-0.0024,9.9072,1.3144,-2.5038,0.3206,-0.0916,43.02,On Surface
450632,0.0048,9.8904,1.3838,-2.3969,0.5954,-0.0153,42.93,On Surface
450682,-0.0239,9.9479,1.4389,-2.4733,0.2443,-0.0916,43.02,On Surface
450732,0.0144,9.9311,1.3503,-2.5038,0.4122,0.0153,42.98,On Surface
450782,-0.0215,9.9024,1.3527,-2.5496,0.5191,-0.0763,43.26,On Surface
450832,-0.0479,9.9359,1.3288,-2.4427,0.6870,0.0000,42.93,On Surface
450882,-0.0120,9.9431,1.4054,-2.5344,0.1985,-0.0153,42.98,On Surface
450932,-0.0072,9.9216,1.3838,-2.3053,0.6107,-0.2290,42.93,On Surface
450982,-0.0096,9.9575,1.3838,-2.3053,0.4427,-0.1374,43.26,On Surface
451032,-0.0263,9.9575,1.3719,-2.1221,0.6718,0.0000,42.79,On Surface
451082,0.0431,9.9455,1.4293,-2.5038,0.5649,-0.3664,43.02,On Surface
451132,0.0072,9.9096,1.4006,-2.2443,0.3969,-0.0763,43.17,On Surface
451182,-0.0192,9.9742,1.3791,-2.1985,0.1527,-0.2137,42.74,On Surface
451232,-0.0455,9.9144,1.3384,-2.3817,0.1985,0.1221,42.93,On Surface
451282,-0.0215,9.9335,1.3551,-2.3664,0.4733,0.1069,42.93,On Surface
451332,-0.0359,9.9072,1.3934,-2.3053,0.3053,-0.1221,43.17,On Surface
451382,-0.0215,9.9335,1.3024,-2.2748,0.5496,-0.1679,42.79,On Surface
451432,-0.0335,9.9216,1.3838,-2.1069,0.5496,-0.2137,43.12,On Surface
451482,-0.0407,9.9072,1.3431,-2.1527,0.2443,-0.1527,42.93,On Surface
451532,-0.0168,9.8761,1.3695,-2.1679,0.1832,-0.0763,43.02,On Surface
451582,0.0048,9.8881,1.4245,-2.4885,0.5802,-0.1527,43.26,On Surface
451632,-0.0096,9.9072,1.3838,-2.3969,0.4122,0.0305,42.79,On Surface
451682,0.0048,9.9240,1.3551,-2.1832,0.7023,-0.0611,43.26,On Surface
451732,-0.0072,9.9838,1.3791,-2.5496,0.5954,-0.0153,43.12,On Surface
451782,-0.0096,9.9407,1.3431,-2.5802,0.3053,0.1679,42.98,On Surface
451832,-0.0479,9.9455,1.3623,-2.3511,0.2290,-0.1832,42.74,On Surface
451882,-0.0096,9.9527,1.3527,-2.5344,0.5344,-0.0458,43.02,On Surface
451932,-0.0431,9.9479,1.3455,-2.3664,0.5344,0.0611,43.12,On Surface
451982,0.0144,9.9264,1.3934,-2.3206,0.6565,0.3206,42.98,On Surface
452032,-0.0072,9.9431,1.3886,-2.0000,0.5954,-0.1221,43.02,On Surface
452082,-0.0024,9.8904,1.4030,-2.3969,0.4122,0.1069,42.79,On Surface
452132,0.0000,9.9192,1.3264,-2.5344,0.2595,0.1069,42.98,On Surface
452182,-0.0072,9.9144,1.3767,-2.5649,0.2137,0.0153,42.98,On Surface
452232,-0.0120,9.9407,1.2977,-2.4580,0.4275,0.1832,43.12,On Surface
452282,0.0359,9.9192,1.3958,-2.3511,0.4580,-0.1985,43.26,On Surface
452332,0.0048,9.9551,1.3216,-2.5496,0.5191,-0.0763,42.79,On Surface
452382,-0.0215,9.9359,1.3695,-2.2137,0.8855,-0.2290,43.26,On Surface
452432,-0.0072,9.9311,1.3264,-2.4275,0.7939,-0.1069,42.98,On Surface
452482,-0.0359,9.9575,1.4245,-2.5802,0.3511,-0.4275,42.79,On Surface
452532,-0.0168,9.9886,1.4078,-2.6260,0.1832,-0.3206,42.93,On Surface
452582,0.0024,9.9000,1.3910,-2.5649,0.2901,0.0611,42.93,On Surface
452632,-0.0192,9.9288,1.3695,-2.4733,0.3511,0.0916,43.02,On Surface
452682,-0.0431,9.9383,1.3862,-2.5038,0.6870,-0.2290,42.93,On Surface
452732,-0.0024,9.9335,1.3336,-2.4580,0.3817,0.0458,43.12,On Surface
452782,-0.0144,9.9240,1.2833,-2.5802,0.8855,0.0458,42.98,On Surface
452832,-0.0048,9.9216,1.3575,-2.4275,0.5649,-0.3053,43.12,On Surface
452882,-0.0239,9.9120,1.3312,-2.4427,0.4885,-0.0305,42.93,On Surface
452932,-0.0263,9.9527,1.2905,-2.2290,0.6565,-0.1679,43.12,On Surface
452982,0.0144,9.9168,1.4389,-2.3206,0.5191,-0.3664,43.02,On Surface
453032,-0.0024,9.8904,1.3934,-2.4122,0.5954,-0.0458,43.02,On Surface
453082,0.0479,9.8737,1.3719,-2.4122,0.5496,-0.2901,42.84,On Surface
453132,0.0048,9.9048,1.3479,-2.5802,0.4427,-0.5038,42.79,On Surface
453182,0.0455,9.9096,1.3767,-2.5649,0.6718,-0.3511,43.02,On Surface
453232,-0.0192,9.9216,1.3910,-2.3359,0.5802,-0.3817,42.98,On Surface
453282,-0.0335,9.9144,1.3312,-2.2443,0.2595,0.2748,42.98,On Surface
453332,0.0024,9.9479,1.3743,-2.4733,0.5649,-0.1221,43.12,On Surface
453382,-0.0120,9.9431,1.3479,-2.5649,0.3206,-0.1221,43.02,On Surface
453432,-0.0359,9.9335,1.3144,-2.4275,0.2443,-0.1832,43.35,On Surface
453482,-0.0072,9.9072,1.3671,-2.2748,0.5344,-0.2137,42.65,On Surface
453532,0.0072,9.9407,1.3647,-2.2748,0.4733,-0.3817,42.84,On Surface
453582,-0.0239,9.9120,1.3958,-2.5649,0.4122,-0.1374,42.98,On Surface
453632,0.0263,9.8785,1.4078,-2.3664,0.6718,0.0611,42.98,On Surface
453682,0.0192,9.8952,1.3431,-2.4275,0.4122,-0.0305,43.45,On Surface
453732,-0.0072,9.8737,1.3695,-2.5038,0.8244,0.0000,43.02,On Surface
453782,0.0048,9.9120,1.3958,-2.6565,0.5649,0.1221,42.93,On Surface
453832,-0.0407,9.9407,1.3408,-2.3359,0.5496,-0.0763,43.02,On Surface
453882,-0.0239,9.9072,1.3695,-2.4580,0.5649,-0.1374,42.84,On Surface
453932,-0.0335,9.9431,1.3551,-2.3053,0.6718,0.1527,42.79,On Surface
453982,-0.0192,9.9264,1.4245,-2.4580,0.6260,-0.1221,43.12,On Surface
454032,-0.0263,9.9455,1.3838,-2.3206,0.6565,-0.1832,42.84,On Surface
454082,-0.0120,9.9072,1.4030,-2.3053,0.6565,-0.1374,42.98,On Surface
454132,0.0215,9.9096,1.3743,-2.3359,0.6565,-0.0916,42.93,On Surface
454182,-0.0335,9.9000,1.3719,-2.1679,0.5802,-0.2595,43.31,On Surface
454232,-0.0431,9.9000,1.3671,-2.5038,0.3969,-0.2901,43.12,On Surface
454282,-0.0287,9.9288,1.3192,-2.4580,0.3359,0.0458,42.79,On Surface
454332,-0.0503,9.9216,1.3886,-2.4427,0.3664,0.0305,42.79,On Surface
454382,0.0000,9.9168,1.3479,-2.5802,0.3053,-0.0611,43.26,On Surface
454432,0.0024,9.9455,1.3408,-2.5954,0.6870,0.0611,42.84,On Surface
454482,-0.0168,9.9599,1.3910,-2.1832,0.6412,-0.1832,43.02,On Surface
454532,-0.0096,9.9216,1.4126,-2.1985,0.4733,-0.4122,43.02,On Surface
454582,-0.0311,9.9311,1.3671,-2.3664,0.6107,0.0763,42.93,On Surface
454632,-0.0192,9.8976,1.4245,-2.1069,0.4427,-0.0916,43.02,On Surface
454682,0.0168,9.9048,1.4078,-2.1985,0.4275,-0.2595,43.02,On Surface
454732,-0.0024,9.8737,1.3551,-2.6565,0.4733,0.0153,43.02,On Surface
454782,-0.0287,9.9216,1.3815,-2.4580,0.6412,0.0153,42.98,On Surface
454832,-0.0359,9.9647,1.3623,-2.3664,0.2595,-0.0763,42.93,On Surface
454882,-0.0622,9.9455,1.3815,-2.5038,0.4427,-0.0458,43.26,On Surface
454932,-0.0120,9.9407,1.3767,-2.2595,0.5038,-0.2748,42.93,On Surface
454982,-0.0239,9.9575,1.3910,-2.3359,0.0458,-0.1679,42.93,On Surface
455032,-0.0120,9.9216,1.3791,-2.3664,0.4580,-0.0305,42.84,On Surface
455082,-0.0072,9.9216,1.3791,-2.2443,0.3664,-0.0763,43.02,On Surface
455132,-0.0383,9.9024,1.4030,-2.1221,0.2901,-0.1985,43.31,On Surface
455182,0.0407,9.9216,1.4126,-2.4122,0.3664,-0.0153,42.93,On Surface
455232,-0.0144,9.9168,1.3934,-2.3817,0.4733,-0.1832,43.02,On Surface
455282,0.0192,9.9671,1.4317,-2.5954,0.3969,-0.0153,43.12,On Surface
455332,-0.0192,9.9216,1.3862,-2.4122,0.4122,-0.2290,42.93,On Surface
455382,-0.0215,9.9024,1.3431,-2.3206,0.3664,-0.0916,42.79,On Surface
455432,-0.0455,9.9383,1.3934,-2.5496,0.5038,-0.3053,42.98,On Surface
455482,-0.0263,9.9311,1.3240,-2.2595,0.8702,-0.1374,42.93,On Surface
455532,-0.0168,9.9886,1.3934,-2.2137,0.5496,-0.1985,42.93,On Surface
455582,0.0144,9.9335,1.3838,-2.1679,0.2443,-0.3206,43.17,On Surface
455632,0.0359,9.9288,1.3408,-2.4733,0.1832,0.0763,43.02,On Surface
455682,0.0168,9.9048,1.3455,-2.3053,0.3664,-0.0611,42.93,On Surface
455732,0.0215,9.8665,1.3623,-2.2290,0.2290,-0.1679,42.98,On Surface
455782,0.0144,9.9048,1.3958,-2.4580,0.6260,0.0611,42.79,On Surface
455832,-0.0335,9.9551,1.3455,-2.5954,0.4275,-0.3206,43.02,On Surface
455882,-0.0168,9.9790,1.3312,-2.2748,0.5802,-0.2290,42.93,On Surface
455932,-0.0192,9.9623,1.3264,-2.4885,0.3053,-0.0458,43.17,On Surface
455982,-0.0168,9.9599,1.3910,-2.5496,0.3206,-0.4580,43.02,On Surface
456032,0.0287,9.9455,1.3551,-2.3664,0.6107,-0.3664,42.79,On Surface
456082,0.0096,9.9335,1.4269,-2.4122,0.5191,-0.1527,43.02,On Surface
456132,-0.0120,9.8641,1.3168,-2.5496,0.5038,-0.3053,42.79,On Surface
456182,0.0000,9.9240,1.3599,-2.3817,0.6412,-0.0458,42.98,On Surface
456232,-0.0192,9.9144,1.3192,-2.2748,0.3511,-0.0916,43.31,On Surface
456282,0.0120,9.9335,1.3934,-2.5649,0.5344,0.0305,42.79,On Surface
456332,-0.0215,9.8976,1.3455,-2.3969,0.3969,-0.1374,42.79,On Surface
456382,0.0072,9.9264,1.3288,-2.5344,0.5496,0.0458,43.26,On Surface
456432,-0.0168,9.9000,1.3408,-2.5038,0.9160,-0.3511,42.79,On Surface
456482,-0.0096,9.9455,1.3623,-2.5038,0.7023,-0.6412,42.93,On Surface
456532,-0.0120,9.9335,1.3551,-2.1985,0.7481,-0.0153,43.02,On Surface
456582,0.0168,9.9431,1.3838,-2.2595,0.5496,-0.3053,42.79,On Surface
456632,-0.0215,9.9048,1.3838,-2.4733,0.5038,-0.0153,43.12,On Surface
456682,-0.0120,9.9096,1.3886,-2.3664,0.5038,-0.2290,43.02,On Surface
456732,-0.0048,9.8928,1.4078,-2.5649,0.5496,-0.3511,42.79,On Surface
456782,0.0311,9.9264,1.3384,-2.4733,0.4122,0.1527,42.93,On Surface
456832,-0.0359,9.9623,1.3647,-2.4885,0.5038,-0.2901,43.02,On Surface
456882,-0.0311,9.9575,1.3647,-2.5191,0.3511,-0.0611,43.02,On Surface
456932,-0.0431,9.9264,1.3910,-2.2901,0.9466,-0.1069,42.98,On Surface
456982,0.0407,9.8809,1.3982,-2.3206,0.5649,-0.1374,43.02,On Surface
457032,-0.0311,9.9383,1.3551,-2.5954,0.6565,-0.0611,42.79,On Surface
457082,0.0239,9.9072,1.3168,-2.5344,0.3969,-0.0305,43.02,On Surface
457132,-0.0096,9.8857,1.3791,-2.4580,0.4733,-0.1985,42.98,On Surface
457182,-0.0287,9.9168,1.3599,-2.5649,0.7176,-0.1679,42.93,On Surface
457232,0.0000,9.9479,1.3767,-2.4580,0.3206,-0.1527,43.12,On Surface
457282,-0.0072,9.9311,1.3791,-2.3664,0.6718,-0.1069,42.98,On Surface
457332,-0.0168,9.9359,1.3336,-2.1679,0.6565,-0.2137,43.02,On Surface
457382,-0.0192,9.9431,1.3647,-2.4580,0.3664,-0.1679,42.79,On Surface
457432,-0.0192,9.9503,1.3479,-2.3817,0.4427,-0.3359,43.02,On Surface
457482,-0.0096,9.9096,1.3431,-2.5954,0.4580,-0.0611,42.98,On Surface
457532,-0.0048,9.8641,1.4198,-2.4733,0.3359,-0.0763,43.02,On Surface
457582,-0.0072,9.9288,1.3910,-2.3664,0.5344,-0.2595,42.79,On Surface
457632,0.0024,9.8857,1.3815,-2.3053,0.3359,0.0763,42.93,On Surface
457682,-0.0335,9.9311,1.3599,-2.3969,0.4427,0.0000,42.98,On Surface
457732,-0.0287,9.8904,1.2833,-2.2748,0.2748,-0.2901,42.93,On Surface
457782,-0.0239,9.8785,1.4126,-2.5649,0.5649,0.0916,42.98,On Surface
457832,-0.0239,9.9407,1.3791,-2.2748,0.3664,0.0000,43.17,On Surface
457882,-0.0215,9.9216,1.4126,-2.3511,0.7023,-0.3053,42.93,On Surface
457932,-0.0239,9.9455,1.3623,-2.4733,0.5496,-0.1985,42.98,On Surface
457982,0.0144,9.9000,1.3527,-2.3969,0.3511,-0.2137,42.84,On Surface
458032,-0.0215,9.9024,1.3982,-2.1221,0.5191,0.0153,43.17,On Surface
458082,-0.0335,9.8857,1.3599,-2.3511,0.3053,0.0000,43.02,On Surface
458132,-0.0239,9.9192,1.2929,-2.0153,0.5344,-0.1832,42.98,On Surface
458182,0.0192,9.9311,1.3719,-2.2748,0.2748,0.1985,42.79,On Surface
458232,-0.0335,9.9599,1.3072,-2.4580,0.5344,-0.0153,42.79,On Surface
458282,-0.0263,9.9695,1.3312,-2.3969,0.3817,-0.0763,42.93,On Surface
458332,-0.0168,9.9455,1.3001,-2.3664,0.3817,-0.0458,43.02,On Surface
458382,-0.0024,9.9431,1.3312,-2.2901,0.4885,-0.2137,43.02,On Surface
458432,-0.0503,9.9288,1.3958,-2.4885,0.4580,-0.2901,42.93,On Surface
458482,-0.0311,9.9288,1.4150,-2.3511,0.1374,0.1374,42.93,On Surface
458532,0.0311,9.9383,1.4293,-2.3817,0.4122,0.0000,43.17,On Surface
458582,0.0168,9.8881,1.3431,-2.5954,0.3664,-0.0916,42.98,On Surface
458632,-0.0072,9.9192,1.3551,-2.4580,0.2595,0.0000,43.12,On Surface
458682,-0.0072,9.9311,1.3001,-2.4733,0.3664,-0.0153,43.02,On Surface
458732,0.0120,9.9575,1.3695,-2.1985,0.4427,0.0305,43.35,On Surface
458782,-0.0335,9.9671,1.3384,-2.3664,0.2137,0.0458,42.65,On Surface
458832,-0.0192,9.9216,1.3336,-2.3206,0.4580,-0.0458,42.93,On Surface
458882,-0.0239,9.9527,1.3838,-2.2595,0.5038,-0.3053,42.84,On Surface
458932,0.0048,9.9192,1.3024,-2.3817,0.4580,-0.0153,42.93,On Surface
458982,-0.0120,9.8976,1.3695,-2.2290,0.5649,0.0153,43.17,On Surface
459032,0.0072,9.9096,1.3719,-2.2901,0.5344,-0.1374,43.02,On Surface
459082,0.0287,9.9383,1.3958,-2.3969,0.3511,-0.2137,42.93,On Surface
459132,0.0168,9.9120,1.3719,-2.4122,0.2137,-0.1527,42.93,On Surface
459182,-0.0192,9.8976,1.3096,-2.2137,0.3511,-0.0305,43.26,On Surface
459232,0.0024,9.9383,1.3815,-2.3664,0.5496,0.0916,42.74,On Surface
459282,-0.0024,9.9288,1.3575,-2.5649,0.5802,-0.0305,43.02,On Surface
459332,-0.0096,9.9527,1.3360,-2.6260,0.4427,-0.1832,42.98,On Surface
459382,0.0024,9.9192,1.2809,-2.5191,0.5802,-0.1374,42.84,On Surface
459432,-0.0359,9.9479,1.3719,-2.4733,0.5191,-0.0305,42.93,On Surface
459482,0.0072,9.9479,1.3599,-2.4733,0.5802,-0.0458,42.98,On Surface
459532,0.0048,9.9168,1.3695,-2.3511,0.7023,-0.1374,42.93,On Surface
459582,-0.0024,9.9120,1.4365,-2.3359,0.5802,-0.2595,43.02,On Surface
459632,0.0287,9.9311,1.3719,-2.4885,0.5954,-0.1679,42.79,On Surface
459682,0.0383,9.9144,1.3815,-2.1069,0.4733,-0.1985,42.98,On Surface
459732,0.0072,9.8952,1.3455,-2.5038,0.4580,0.0305,42.98,On Surface
459782,0.0622,9.9096,1.2833,-2.8092,0.3969,-0.1985,43.35,On Surface
459832,0.0144,9.9718,1.3671,-2.4885,0.6565,-0.1679,42.98,On Surface
459882,0.0168,9.9599,1.3264,-2.4885,0.3664,-0.0611,43.02,On Surface
459932,0.0096,9.9192,1.3096,-2.5344,0.6870,-0.1985,43.02,On Surface
459982,-0.0120,9.9671,1.4054,-2.4122,0.6412,-0.1221,42.84,On Surface
460032,0.0120,9.8976,1.3934,-2.2748,0.5038,-0.1069,42.79,On Surface
460082,-0.0455,9.9024,1.3527,-2.2290,0.4885,-0.2443,42.79,On Surface
460132,-0.0144,9.9479,1.3767,-2.2901,0.3359,-0.3359,42.93,On Surface
460182,0.0239,9.9048,1.3886,-2.6260,0.4885,-0.3969,43.02,On Surface
460232,0.0192,9.8641,1.3934,-2.1832,0.3206,-0.1527,43.02,On Surface
460282,-0.0192,9.9288,1.3695,-2.2901,0.6412,0.0611,43.02,On Surface
460332,-0.0335,9.9048,1.2953,-2.6107,0.4122,-0.3359,42.79,On Surface
460382,-0.0168,9.9240,1.4054,-2.4733,0.6107,-0.0763,42.98,On Surface
460432,-0.0144,9.9024,1.4222,-2.5344,0.4427,-0.0458,43.02,On Surface
460482,-0.0144,9.9383,1.3431,-2.6260,0.2748,-0.1374,43.02,On Surface
460532,-0.0287,9.9383,1.3815,-2.5038,0.3817,-0.1221,42.98,On Surface
460582,-0.0168,9.9096,1.3767,-2.1832,0.5649,-0.1374,42.98,On Surface
460632,-0.0192,9.8928,1.3886,-2.5649,0.6107,-0.1832,43.02,On Surface
460682,0.0072,9.9335,1.3647,-2.2595,0.5191,-0.2290,42.93,On Surface
460732,0.0072,9.9288,1.4126,-2.3053,0.1985,-0.1527,43.12,On Surface
460782,-0.0144,9.9072,1.3886,-2.4733,0.4275,-0.0763,43.02,On Surface
460832,-0.0168,9.9072,1.3934,-2.6260,0.5344,-0.1527,43.17,On Surface
460882,-0.0239,9.9311,1.3862,-2.2443,0.4885,-0.1679,42.79,On Surface
460932,-0.0120,9.9455,1.3168,-2.2443,0.5802,-0.0763,43.31,On Surface
460982,0.0072,9.9503,1.3647,-2.5191,0.3511,-0.3511,42.98,On Surface
461032,-0.0311,9.9120,1.3695,-2.3511,0.7176,-0.1679,43.02,On Surface
461082,-0.0168,9.8904,1.3575,-2.4427,0.1679,-0.0305,42.79,On Surface
461132,-0.0120,9.9264,1.4030,-2.2443,0.3817,0.1069,42.93,On Surface
461182,-0.0455,9.9144,1.4054,-2.3817,0.4122,-0.0305,42.79,On Surface
461232,-0.0239,9.9048,1.3886,-2.5038,0.3664,-0.0763,43.02,On Surface
461282,-0.0192,9.9551,1.3815,-2.4427,0.2595,0.0153,43.02,On Surface
461332,-0.0311,9.9647,1.3384,-2.3664,0.4122,-0.1832,42.84,On Surface
461382,-0.0646,9.9359,1.4126,-2.0763,0.6260,-0.2443,43.02,On Surface
461432,-0.0766,9.9623,1.3575,-2.1069,0.4122,0.0611,42.98,On Surface
461482,-0.0215,9.9407,1.3312,-2.4427,0.6260,-0.1527,42.98,On Surface
461532,-0.0622,9.9048,1.3719,-2.1679,0.6260,-0.2137,42.79,On Surface
461582,0.0072,9.9335,1.3886,-2.3511,0.4733,0.0305,42.79,On Surface
461632,-0.0215,9.8881,1.3551,-2.4122,0.3359,-0.2137,42.93,On Surface
461682,-0.0239,9.9240,1.3695,-2.4885,0.3969,-0.3053,43.17,On Surface
461732,-0.0263,9.9216,1.4126,-2.3053,0.3817,0.1679,43.02,On Surface
461782,-0.0024,9.9264,1.3910,-2.2595,0.2901,0.0763,42.84,On Surface
461832,-0.0239,9.9144,1.3599,-2.3206,0.2137,-0.1679,43.31,On Surface
461882,-0.0359,9.9742,1.3455,-2.4122,0.4427,-0.0611,42.79,On Surface
461932,0.0048,9.9479,1.3815,-2.1985,0.6107,0.1374,43.31,On Surface
461982,0.0144,9.9431,1.3551,-2.1832,0.2748,-0.0763,43.02,On Surface
462032,0.0024,9.9359,1.4245,-2.1985,0.3511,0.0153,43.26,On Surface
462082,-0.0048,9.9288,1.3599,-2.3206,0.5802,0.0458,43.12,On Surface
462132,-0.0120,9.9575,1.4317,-2.1527,0.2901,-0.0458,43.26,On Surface
462182,0.0048,9.9264,1.4006,-2.5802,0.4122,-0.0611,42.93,On Surface
462232,-0.0072,9.9359,1.4126,-2.4427,0.3969,-0.0305,43.35,On Surface
462282,-0.0407,9.9311,1.3288,-2.3359,0.5191,0.0000,42.84,On Surface
462332,-0.0215,9.9120,1.3288,-2.5496,0.5191,0.0458,43.12,On Surface
462382,-0.0335,9.9216,1.3551,-2.2443,0.6412,-0.0916,42.84,On Surface
462432,-0.0192,9.9359,1.3719,-2.5191,0.6870,0.1221,42.79,On Surface
462482,-0.0335,9.9168,1.3743,-2.1985,0.7328,-0.0458,43.02,On Surface
462532,-0.0527,9.9288,1.3815,-2.2137,0.3817,-0.4733,42.84,On Surface
462582,-0.0168,9.9096,1.4006,-2.4275,0.5191,-0.1374,43.02,On Surface
462632,0.0192,9.9096,1.4006,-2.3206,0.2748,-0.0458,42.79,On Surface
462682,0.0120,9.9383,1.4317,-2.4275,0.5191,-0.1985,42.98,On Surface
462732,-0.0335,9.9407,1.3408,-2.3359,0.7176,-0.2443,43.02,On Surface
462782,-0.0048,9.9216,1.4030,-2.5344,0.5344,0.0611,42.93,On Surface
462832,-0.0120,9.9240,1.3288,-2.5496,0.5344,-0.1527,43.02,On Surface
462882,0.0335,9.9407,1.3791,-2.3817,0.4733,-0.2290,42.93,On Surface
462932,-0.0383,9.9718,1.3288,-2.4733,0.5496,-0.2748,42.98,On Surface
462982,-0.0024,9.9359,1.3168,-2.5038,0.5496,0.1527,42.93,On Surface
463032,-0.0455,9.9311,1.3910,-2.1069,0.5038,-0.0763,42.93,On Surface
463082,0.0168,9.8617,1.3910,-2.4122,0.5802,-0.2443,42.93,On Surface
463132,0.0096,9.8976,1.3719,-2.5954,0.4733,0.1679,42.93,On Surface
463182,0.0000,9.9359,1.3838,-2.5496,0.5496,-0.2290,43.12,On Surface
463232,0.0096,9.8857,1.3360,-2.4580,0.3053,0.0305,42.98,On Surface
463282,0.0311,9.9599,1.3503,-2.2443,0.6412,-0.3359,42.98,On Surface
463332,-0.0048,9.9359,1.3767,-2.2137,0.5649,-0.1069,42.74,On Surface
463382,-0.0096,9.9264,1.3384,-2.4275,0.7328,-0.2748,43.12,On Surface
463432,0.0048,9.9216,1.2977,-2.3817,0.4122,-0.1069,42.98,On Surface
463482,-0.0215,9.9288,1.3815,-2.4275,0.4580,-0.3359,43.02,On Surface
463532,0.0335,9.9575,1.3072,-2.2595,0.7023,-0.2443,42.79,On Surface
463582,-0.0072,9.9335,1.3431,-2.3664,0.6107,0.0000,42.98,On Surface
463632,0.0335,9.8952,1.3910,-2.4427,0.4275,-0.1679,42.98,On Surface
463682,0.0000,9.9311,1.3551,-2.5496,0.2443,0.0000,42.93,On Surface
463732,0.0000,9.9192,1.3168,-2.5191,0.4275,-0.0916,42.84,On Surface
463782,0.0168,9.9383,1.3623,-2.5649,0.5344,-0.1374,42.79,On Surface
463832,-0.0335,9.9072,1.3479,-2.4580,0.6260,-0.2595,43.17,On Surface
463882,-0.0575,9.9288,1.2665,-2.4122,0.4580,-0.2595,43.17,On Surface
463932,0.0096,9.9455,1.4006,-2.3359,0.3359,-0.2901,42.98,On Surface
463982,-0.0215,9.9168,1.3886,-2.7176,0.3664,0.0153,42.84,On Surface
464032,-0.0072,9.9383,1.4174,-2.4733,0.3511,-0.0611,42.98,On Surface
464082,-0.0072,9.8952,1.3886,-2.6565,0.5954,0.0458,43.02,On Surface
464132,-0.0263,9.8881,1.3791,-2.2901,0.2290,-0.1221,42.93,On Surface
464182,-0.0215,9.9335,1.3671,-2.3206,0.4275,-0.0763,43.12,On Surface
464232,-0.0168,9.9407,1.3743,-2.3969,0.6412,-0.1527,43.02,On Surface
464282,-0.0215,9.9383,1.3767,-2.4733,0.4122,-0.0611,42.84,On Surface
464332,-0.0455,9.9383,1.3360,-2.2748,0.3511,-0.1985,42.74,On Surface
464382,0.0120,9.9383,1.4222,-2.2748,0.3053,-0.0458,42.93,On Surface
464432,-0.0072,9.9216,1.4461,-2.2290,0.5954,-0.1679,43.17,On Surface
464482,-0.0335,9.9599,1.3671,-2.3511,0.2290,-0.3053,43.02,On Surface
464532,-0.0192,9.9072,1.3743,-2.1221,0.4122,-0.0763,43.26,On Surface
464582,-0.0144,9.9431,1.4341,-2.2901,0.3817,-0.0458,42.93,On Surface
464632,0.0359,9.9024,1.3934,-2.3969,0.3206,0.2748,43.02,On Surface
464682,0.0096,9.9048,1.3431,-2.3359,0.2901,-0.2443,42.84,On Surface
464732,-0.0359,9.9288,1.3886,-2.5496,0.2290,-0.2595,42.93,On Surface
464782,-0.0072,9.9527,1.3384,-2.4275,0.5038,0.1374,42.98,On Surface
464832,0.0215,9.9695,1.3503,-2.5038,0.4122,-0.0153,42.93,On Surface
464882,-0.0646,9.9479,1.3743,-2.3969,0.3053,-0.0305,43.02,On Surface
464932,-0.0407,9.9455,1.3479,-2.1221,0.6260,-0.0611,43.12,On Surface
464982,-0.0407,9.9288,1.3767,-2.0305,0.4733,-0.0458,42.93,On Surface
465032,-0.0024,9.9240,1.3240,-2.2901,0.3053,0.0000,43.35,On Surface
465082,-0.0168,9.9335,1.3599,-2.2290,0.6565,-0.2443,43.12,On Surface
465132,-0.0168,9.9527,1.3958,-2.2595,0.3969,-0.0763,43.02,On Surface
465182,0.0048,9.8761,1.4006,-2.4733,0.4427,0.0153,42.93,On Surface
465232,0.0120,9.9240,1.3455,-2.2901,0.2748,0.0305,43.12,On Surface
465282,-0.0072,9.9216,1.4245,-2.3206,0.3053,-0.1069,42.79,On Surface
465332,-0.0239,9.9288,1.3767,-2.6412,0.7481,0.0763,42.93,On Surface
465382,-0.0335,9.9695,1.3599,-2.2443,0.6260,0.0305,42.74,On Surface
465432,0.0048,9.9455,1.3384,-2.5038,0.4122,-0.1832,43.26,On Surface
465482,0.0096,9.9024,1.4293,-2.3511,0.2443,-0.0611,42.79,On Surface
465532,0.0120,9.9311,1.4054,-2.1985,0.6718,0.2290,43.02,On Surface
465582,-0.0024,9.9431,1.4533,-2.3969,0.4275,-0.1069,43.31,On Surface
465632,-0.0096,9.8928,1.3623,-2.4275,0.2137,-0.1221,43.02,On Surface
465682,0.0335,9.9096,1.3719,-2.2443,0.4427,0.0916,42.79,On Surface
465732,-0.0048,9.9288,1.3910,-2.5496,0.3206,-0.1221,43.02,On Surface
465782,-0.0287,9.9240,1.3168,-2.4580,0.4733,-0.1985,43.02,On Surface
465832,-0.0383,9.9431,1.3264,-2.2901,0.7023,0.0000,42.79,On Surface
465882,0.0000,9.9240,1.3479,-2.2901,0.2290,0.1221,43.17,On Surface
465932,-0.0311,9.9479,1.3479,-2.3969,0.6107,-0.2748,42.74,On Surface
465982,0.0072,9.9551,1.4006,-2.2901,0.2748,-0.1679,43.02,On Surface
466032,0.0024,9.9168,1.3982,-2.2748,0.6412,0.2137,42.93,On Surface
466082,0.0096,9.9072,1.3192,-2.3511,0.2748,0.0000,43.12,On Surface
466132,-0.0072,9.9288,1.3623,-2.3817,0.7634,-0.1832,42.98,On Surface
466182,0.0120,9.8833,1.3479,-2.3664,0.1832,0.0916,42.98,On Surface
466232,-0.0096,9.9479,1.3144,-2.1679,0.4275,-0.2443,43.02,On Surface
466282,-0.0072,9.9551,1.3767,-2.3817,0.3664,-0.1069,43.17,On Surface
466332,0.0335,9.9359,1.3719,-2.3969,0.5954,-0.0763,42.93,On Surface
466382,0.0000,9.9264,1.3910,-2.2901,0.5191,-0.0611,42.93,On Surface
466432,-0.0455,9.9599,1.3336,-2.1069,0.8092,-0.1221,42.79,On Surface
466482,0.0024,9.9216,1.3886,-2.4427,0.6107,-0.1374,42.93,On Surface
466532,-0.0263,9.9575,1.3527,-2.3206,0.6565,-0.2443,42.93,On Surface
466582,0.0120,9.9311,1.3671,-2.3511,0.3969,-0.2290,43.17,On Surface
466632,0.0215,9.8976,1.3886,-2.3969,0.8397,0.0305,43.02,On Surface
466682,-0.0024,9.9120,1.3408,-2.4580,0.4275,-0.1221,42.79,On Surface
466732,-0.0192,9.9048,1.3623,-2.4275,0.5802,-0.0763,42.98,On Surface
466782,0.0024,9.9671,1.3719,-2.5344,0.5954,-0.5496,42.79,On Surface
466832,-0.0072,9.9479,1.3527,-2.4427,0.7023,-0.1221,43.26,On Surface
466882,-0.0335,9.9335,1.3216,-2.1221,0.5344,-0.0916,43.26,On Surface
466932,-0.0335,9.9264,1.4030,-2.4885,0.4427,-0.0458,42.74,On Surface
466982,0.0239,9.9216,1.3575,-2.2443,0.5344,-0.3664,42.98,On Surface
467032,-0.0072,9.8928,1.3862,-2.4580,0.5191,-0.0153,42.93,On Surface
467082,0.0096,9.8904,1.4222,-2.5954,0.3053,-0.0153,43.02,On Surface
467132,0.0024,9.9264,1.3719,-2.5191,0.4885,-0.0305,43.02,On Surface
467182,0.0048,9.9240,1.3647,-2.6260,0.6260,-0.0916,43.02,On Surface
467232,0.0024,9.9120,1.3312,-2.4427,0.5954,-0.3206,43.26,On Surface
467282,-0.0072,9.9479,1.3288,-2.5802,0.6412,-0.2901,43.17,On Surface
467332,-0.0670,9.9407,1.3024,-2.5649,0.8550,-0.2290,42.98,On Surface
467382,-0.0359,9.9240,1.3982,-2.4885,0.4580,-0.2443,42.79,On Surface
467432,-0.0527,9.9240,1.4341,-2.5802,0.6107,-0.1985,43.31,On Surface
467482,0.0048,9.9024,1.4054,-2.2748,0.6870,-0.1679,43.02,On Surface
467532,-0.0120,9.8904,1.3743,-2.4427,0.2595,-0.0763,43.02,On Surface
467582,0.0096,9.9240,1.3503,-2.2137,0.4427,-0.1221,42.93,On Surface
467632,0.0168,9.9527,1.4150,-2.3511,0.5496,-0.0916,43.31,On Surface
467682,-0.0215,9.9240,1.3096,-2.4580,0.5496,-0.1832,43.17,On Surface
467732,-0.0168,9.9599,1.3791,-2.5802,0.4122,-0.0305,43.12,On Surface
467782,-0.0239,9.9742,1.3743,-2.1527,0.5191,-0.0153,43.02,On Surface
467832,0.0144,9.9216,1.3024,-2.4427,0.4427,0.0763,42.65,On Surface
467882,-0.0215,9.9168,1.3647,-2.3206,0.4122,-0.1221,42.93,On Surface
467932,-0.0503,9.9479,1.4413,-2.0916,0.5802,-0.1374,43.02,On Surface
467982,0.0551,9.9216,1.3767,-2.2137,0.0916,0.1374,43.12,On Surface
468032,-0.0407,9.9120,1.4078,-2.4122,0.4885,-0.1832,43.02,On Surface
468082,-0.0096,9.9144,1.3719,-2.2595,0.4275,0.1221,42.65,On Surface
468132,0.0024,9.9718,1.3958,-2.3969,0.6260,-0.0611,42.93,On Surface
468182,-0.0359,9.8904,1.3791,-2.3511,0.5038,0.1679,42.98,On Surface
468232,-0.0383,9.8952,1.4030,-2.5954,0.3817,0.1527,43.17,On Surface
468282,-0.0311,9.9000,1.4030,-2.3206,0.8092,-0.1832,43.17,On Surface
468332,-0.0096,9.9024,1.3671,-2.4122,0.3053,-0.4580,42.98,On Surface
468382,-0.0072,9.9551,1.3791,-2.3053,0.3969,-0.0763,43.17,On Surface
468432,-0.0096,9.9431,1.3623,-2.3969,0.4733,0.0000,42.98,On Surface
468482,-0.0168,9.9072,1.3791,-2.2901,0.4427,-0.0763,42.79,On Surface
468532,0.0048,9.9120,1.4054,-2.2595,0.4733,-0.1069,42.93,On Surface
468582,0.0096,9.9383,1.4222,-2.3817,0.1832,0.0153,42.84,On Surface
468632,0.0096,9.9168,1.3144,-2.5191,0.3969,0.1679,42.79,On Surface
468682,-0.0072,9.9407,1.3599,-2.4427,0.3206,-0.1069,43.17,On Surface
468732,-0.0311,9.9120,1.3120,-2.4122,0.2290,-0.0458,42.98,On Surface
468782,0.0048,9.9599,1.3862,-2.5038,0.3817,-0.0305,42.93,On Surface
468832,-0.0072,9.9359,1.3671,-2.4885,0.5954,0.0153,42.79,On Surface
468882,0.0000,9.9311,1.3431,-2.3053,0.4427,0.2137,43.12,On Surface
468932,-0.0120,9.9264,1.4054,-2.3969,0.4122,-0.0611,43.02,On Surface
468982,0.0024,9.9335,1.3838,-2.3817,0.5802,-0.0611,42.98,On Surface
469032,0.0192,9.9359,1.4533,-2.2443,0.4885,-0.0916,43.26,On Surface
469082,-0.0072,9.9311,1.3647,-2.2137,0.4275,-0.5191,42.93,On Surface
469132,-0.0072,9.9000,1.3551,-2.3359,0.4580,-0.3053,43.02,On Surface
469182,-0.0048,9.9407,1.3599,-2.3817,0.4122,-0.1374,42.93,On Surface
469232,-0.0072,9.9383,1.3072,-2.4427,0.7328,-0.1985,42.60,On Surface
469282,-0.0431,9.9311,1.3048,-2.3359,0.5802,0.0763,42.98,On Surface
469332,-0.0311,9.9288,1.4102,-2.3817,0.5496,-0.2595,42.98,On Surface
469382,-0.0168,9.9599,1.3886,-2.3053,0.5038,-0.2443,42.93,On Surface
469432,-0.0096,9.8809,1.3958,-2.3664,0.3053,-0.1832,42.98,On Surface
469482,-0.0072,9.8952,1.3958,-2.5649,0.2901,-0.2290,43.12,On Surface
469532,0.0048,9.9264,1.4078,-2.3053,0.3664,-0.1221,42.84,On Surface
469582,0.0431,9.9096,1.4054,-2.0916,0.0000,-0.0305,43.12,On Surface
469632,0.0048,9.9407,1.3312,-2.6260,0.3817,0.2901,43.26,On Surface
469682,-0.0239,9.9503,1.4198,-2.5191,0.1832,0.1832,43.02,On Surface
469732,0.0263,9.9527,1.3455,-2.3359,0.6565,-0.1832,42.98,On Surface
469782,-0.0335,9.9503,1.3384,-2.6718,0.4733,0.0153,42.93,On Surface
469832,-0.0359,9.8809,1.3527,-2.3359,0.6565,0.0153,42.74,On Surface
469882,-0.0144,9.9335,1.3886,-2.2290,0.7939,-0.2290,42.98,On Surface
469932,-0.0239,9.8904,1.3503,-2.0916,0.5344,-0.3053,43.12,On Surface
469982,0.0168,9.8976,1.3647,-2.3359,0.4885,0.0458,43.12,On Surface
470032,0.0096,9.9024,1.3671,-2.3053,0.3664,0.0611,42.98,On Surface
470082,-0.0144,9.9072,1.3671,-2.4122,0.3969,-0.1221,43.02,On Surface
470132,-0.0287,9.9192,1.3623,-2.3511,0.4733,-0.1985,43.02,On Surface
470182,0.0311,9.9742,1.4126,-2.4885,0.3817,-0.1679,42.93,On Surface
470232,0.0000,9.9120,1.3815,-2.2748,0.5802,0.0458,42.93,On Surface
470282,-0.0144,9.9216,1.3408,-2.6107,0.2595,-0.0916,42.93,On Surface
470332,0.0000,9.9407,1.3647,-2.5191,0.5344,0.0153,42.98,On Surface
470382,-0.0215,9.9455,1.3072,-2.4122,0.5344,-0.3206,43.26,On Surface
470432,-0.0670,9.9264,1.3479,-2.3359,0.5344,-0.1221,43.02,On Surface
470482,-0.0335,9.9216,1.3479,-2.4885,0.6260,-0.1374,42.98,On Surface
470532,0.0192,9.8904,1.3551,-2.4275,0.6718,-0.3053,42.98,On Surface
470582,-0.0263,9.9311,1.3719,-2.5496,0.3206,-0.2290,43.26,On Surface
470632,0.0192,9.9168,1.3575,-2.4275,0.4122,-0.1374,43.12,On Surface
470682,-0.0407,9.9192,1.3431,-2.5191,0.7786,-0.2137,42.74,On Surface
470732,0.0000,9.9671,1.3192,-2.6565,0.6565,-0.1374,42.98,On Surface
470782,-0.0168,9.9216,1.3815,-2.4122,0.5496,-0.2443,42.93,On Surface
470832,-0.0383,9.9503,1.3719,-2.4275,0.6107,-0.4275,42.98,On Surface
470882,-0.0455,9.9431,1.3527,-2.2748,0.7786,0.0000,43.26,On Surface
470932,-0.0072,9.9264,1.3503,-2.3969,0.7023,-0.0763,43.02,On Surface
470982,0.0000,9.9264,1.3719,-2.5038,0.8397,-0.3817,43.02,On Surface
471032,-0.0024,9.8976,1.4198,-2.4885,0.3206,-0.0611,42.93,On Surface
471082,0.0024,9.9024,1.3791,-2.2901,0.2748,-0.0611,43.12,On Surface
471132,0.0096,9.9144,1.3360,-2.5649,0.6107,-0.1069,43.26,On Surface
471182,-0.0383,9.9407,1.3838,-2.4580,0.2748,-0.0305,43.02,On Surface
471232,0.0000,9.9168,1.3312,-2.3511,0.6412,0.0916,42.79,On Surface
471282,0.0120,9.9311,1.3288,-2.3053,0.5496,-0.1069,42.98,On Surface
471332,-0.0359,9.9359,1.4030,-2.5649,0.3359,-0.0763,43.26,On Surface
471382,0.0024,9.9216,1.3120,-2.3206,0.7023,-0.3053,43.02,On Surface
471432,0.0000,9.9527,1.3958,-2.3817,0.2595,-0.1832,43.02,On Surface
471482,-0.0192,9.9383,1.4054,-2.3359,0.4580,-0.0305,42.79,On Surface
471532,-0.0359,9.9240,1.3312,-2.5191,0.6260,-0.0458,43.31,On Surface
471582,0.0192,9.9072,1.4030,-2.2443,0.7023,-0.1527,42.84,On Surface
471632,0.0000,9.9455,1.4269,-2.3664,0.2137,-0.1221,42.84,On Surface
471682,0.0096,9.9335,1.3695,-2.4275,0.3053,-0.1832,43.02,On Surface
471732,-0.0575,9.9216,1.3862,-2.5344,0.5802,-0.0916,43.02,On Surface
471782,-0.0215,9.9551,1.3096,-2.3206,0.3664,0.0916,42.93,On Surface
471832,-0.0144,9.8881,1.3072,-2.4580,0.3664,-0.0305,43.02,On Surface
471882,0.0072,9.9192,1.3168,-2.0916,0.6565,-0.0458,43.12,On Surface
471932,-0.0192,9.9383,1.3743,-2.2443,0.5344,-0.1069,43.02,On Surface
471982,-0.0383,9.9383,1.3719,-2.2290,0.2137,-0.0153,43.02,On Surface
472032,0.0096,9.9096,1.4102,-2.1985,0.5038,-0.0611,42.98,On Surface
472082,0.0120,9.8952,1.3623,-2.4122,0.3206,-0.1221,42.93,On Surface
472132,-0.0024,9.9216,1.3910,-2.2595,0.3053,0.1069,42.79,On Surface
472182,-0.0024,9.9048,1.3431,-2.2901,0.5496,0.0305,43.02,On Surface
472232,-0.0455,9.9288,1.3623,-2.5802,0.3206,0.0763,42.93,On Surface
472282,-0.0359,9.9455,1.3192,-2.4885,0.4885,-0.0763,42.74,On Surface
472332,0.0096,9.9264,1.3838,-2.1985,0.4122,0.2443,42.98,On Surface
472382,0.0000,9.9742,1.4078,-2.1679,0.5496,-0.2137,43.02,On Surface
472432,-0.0383,10.0006,1.4461,-2.1832,0.2901,-0.2595,42.93,On Surface
472482,0.0168,9.9407,1.3647,-2.4580,0.4275,-0.2443,43.17,On Surface
472532,-0.0048,9.8904,1.3910,-2.3359,0.2901,-0.0916,43.02,On Surface
472582,0.0263,9.9407,1.3527,-2.1832,0.2595,-0.1832,43.26,On Surface
472632,-0.0287,9.8952,1.3815,-2.3969,0.4427,-0.1985,42.79,On Surface
472682,0.0431,9.9264,1.3695,-2.2290,0.5496,-0.0611,42.79,On Surface
472732,0.0120,9.9216,1.3767,-2.6870,0.3206,0.1832,42.93,On Surface
472782,0.0431,9.9575,1.3240,-2.3511,0.5802,-0.1069,43.26,On Surface
472832,-0.0168,9.9240,1.3551,-2.4122,0.4122,-0.2595,43.02,On Surface
472882,0.0072,9.9503,1.3001,-2.1069,0.4733,-0.3969,42.84,On Surface
472932,0.0215,9.9096,1.3934,-2.2443,0.6718,-0.3511,42.98,On Surface
472982,0.0072,9.9072,1.3767,-2.5496,0.5954,-0.4427,42.98,On Surface
473032,0.0215,9.9216,1.4461,-2.2137,0.6260,-0.0611,43.02,On Surface
473082,0.0024,9.8952,1.4365,-2.2443,0.4427,-0.1985,42.79,On Surface
473132,0.0096,9.9192,1.3647,-2.5496,0.5802,-0.1832,42.98,On Surface
473182,-0.0096,9.9335,1.3934,-2.4275,0.2901,-0.1069,43.17,On Surface
473232,-0.0192,9.9144,1.3599,-2.5038,0.5496,-0.0305,43.17,On Surface
473282,0.0239,9.9096,1.3623,-2.4122,0.4275,-0.1527,43.02,On Surface
473332,0.0000,9.9479,1.3815,-2.4885,0.1679,-0.0763,43.02,On Surface
473382,0.0144,9.8928,1.3958,-2.3359,0.4122,-0.2595,43.12,On Surface
473432,-0.0168,9.9335,1.3575,-2.3053,0.5191,-0.1679,43.26,On Surface
473482,-0.0048,9.9000,1.3743,-2.3053,0.4275,-0.2137,43.02,On Surface
473532,0.0192,9.8809,1.3384,-2.4427,0.5191,0.0153,43.12,On Surface
473582,0.0215,9.9024,1.3958,-2.4885,0.2290,0.1527,42.93,On Surface
473632,-0.0239,9.9383,1.3551,-2.5649,0.5344,-0.3359,43.02,On Surface
473682,0.0000,9.9264,1.3743,-2.3969,0.4733,-0.1679,43.02,On Surface
473732,0.0168,9.9072,1.3264,-2.5191,0.5344,0.1832,43.26,On Surface
473782,-0.0144,9.9311,1.3048,-2.5038,0.5802,-0.2748,43.02,On Surface
473832,-0.0072,9.9264,1.3575,-2.4733,0.5038,-0.3206,42.74,On Surface
473882,-0.0359,9.9455,1.3910,-2.3817,0.4885,0.0153,42.84,On Surface
473932,-0.0168,9.8857,1.3599,-2.5802,0.4275,-0.1374,42.74,On Surface
473982,0.0192,9.8617,1.3647,-2.3969,0.4580,-0.0153,42.79,On Surface
474032,0.0000,9.9024,1.3791,-2.4580,0.2748,-0.1832,43.17,On Surface
474082,-0.0096,9.9168,1.3384,-2.5649,0.5191,0.0763,42.98,On Surface
474132,0.0144,9.9048,1.3336,-2.3817,0.4275,-0.1221,43.02,On Surface
474182,-0.0407,9.9431,1.3479,-2.5802,0.3053,-0.1527,42.93,On Surface
474232,-0.0239,9.9048,1.3743,-2.2901,0.5496,-0.2595,42.79,On Surface
474282,-0.0144,9.9335,1.3886,-2.4427,0.3359,-0.2290,42.79,On Surface
474332,0.0120,9.9335,1.3360,-2.4275,0.8397,-0.1069,42.74,On Surface
474382,-0.0120,9.9479,1.3240,-2.4275,0.4122,-0.2137,43.31,On Surface
474432,0.0168,9.8976,1.3312,-2.3817,0.3969,-0.3206,42.93,On Surface
474482,0.0000,9.8857,1.3958,-2.5496,0.5649,-0.1832,43.12,On Surface
474532,-0.0024,9.9311,1.3767,-2.5496,0.3817,0.2443,42.98,On Surface
474582,-0.0192,9.9264,1.3695,-2.2290,0.7023,-0.2748,42.98,On Surface
474632,0.0000,9.9527,1.3431,-2.1985,0.4275,-0.1832,42.98,On Surface
474682,0.0048,9.9000,1.3575,-2.7786,0.5649,-0.0763,42.98,On Surface
474732,-0.0215,9.9479,1.3886,-2.3053,0.5344,0.0916,42.93,On Surface
474782,-0.0239,9.9168,1.3503,-2.3053,0.3053,-0.2748,43.12,On Surface
474832,0.0000,9.9311,1.3815,-2.3053,0.2748,-0.4580,42.98,On Surface
474882,-0.0215,9.9264,1.3384,-2.2290,0.3511,-0.1679,42.93,On Surface
474932,-0.0168,9.8976,1.3455,-2.1832,0.5802,0.0611,42.93,On Surface
474982,0.0048,9.9192,1.3982,-2.4275,0.2748,0.0763,42.74,On Surface
475032,0.0096,9.9335,1.3862,-2.5191,0.4733,-0.1069,43.02,On Surface
475082,-0.0407,9.9407,1.3767,-2.1527,0.5496,-0.1679,42.93,On Surface
475132,-0.0239,9.9551,1.3216,-2.1069,0.4275,-0.0916,42.79,On Surface
475182,0.0024,9.9575,1.3527,-2.1985,0.4885,0.1069,42.93,On Surface
475232,-0.0239,9.9264,1.3384,-2.3359,0.5038,0.0000,43.02,On Surface
475282,-0.0263,9.9671,1.4006,-2.4427,0.3969,-0.0305,42.79,On Surface
475332,-0.0263,9.9575,1.3360,-2.1527,0.4885,-0.3817,43.31,On Surface
475382,-0.0359,9.8976,1.3623,-2.1679,0.5649,-0.0763,42.98,On Surface
475432,-0.0192,9.9240,1.3671,-2.4580,0.3359,-0.2137,42.98,On Surface
475482,0.0048,9.8952,1.3862,-2.4275,0.4275,-0.1527,43.02,On Surface
475532,0.0192,9.9024,1.3264,-2.2137,0.2443,-0.1527,43.35,On Surface
475582,0.0024,9.9383,1.3623,-2.2748,0.4580,-0.1832,42.93,On Surface
475632,0.0000,9.9623,1.3910,-2.4122,0.3664,0.0305,42.65,On Surface
475682,-0.0335,9.9359,1.3934,-2.1527,0.3664,0.0458,43.02,On Surface
475732,-0.0144,9.9671,1.3120,-2.1374,0.5954,-0.2137,43.31,On Surface
475782,0.0120,9.9479,1.3527,-2.1221,0.6870,0.0763,43.02,On Surface
475832,-0.0215,9.9479,1.3623,-2.1985,0.8397,-0.2290,42.84,On Surface
475882,0.0503,9.9144,1.3934,-2.1527,0.2290,-0.3359,43.26,On Surface
475932,0.0072,9.9048,1.3168,-2.2137,0.4275,-0.0916,43.12,On Surface
475982,-0.0192,9.9120,1.3479,-2.3053,0.6260,0.0458,42.93,On Surface
476032,-0.0192,9.9264,1.3647,-2.2443,0.3664,-0.1221,42.98,On Surface
476082,0.0000,9.9288,1.3982,-2.1221,0.4733,-0.2748,42.65,On Surface
476132,0.0048,9.9311,1.3240,-2.3206,0.6412,-0.1527,43.12,On Surface
476182,-0.0239,9.9288,1.3910,-2.3359,0.1221,-0.1832,42.93,On Surface
476232,0.0024,9.9503,1.3934,-2.2443,0.2443,0.1374,42.93,On Surface
476282,0.0048,9.9790,1.3551,-2.2595,0.5344,-0.3359,42.93,On Surface
476332,-0.0311,9.9072,1.3360,-2.4580,0.6870,-0.0153,43.12,On Surface
476382,-0.0215,9.9216,1.3575,-2.1832,0.6870,-0.1527,42.98,On Surface
476432,0.0072,9.9264,1.4078,-2.2443,0.3359,-0.0763,42.93,On Surface
476482,0.0096,9.8785,1.3216,-2.3359,0.4427,-0.0305,43.26,On Surface
476532,0.0215,9.9288,1.3479,-2.6260,0.2595,-0.0153,42.84,On Surface
476582,-0.0168,9.9048,1.3599,-2.5038,0.3817,0.0000,43.12,On Surface
476632,-0.0287,9.8881,1.3192,-2.3817,0.7176,-0.2137,43.12,On Surface
476682,0.0215,9.9024,1.4102,-2.3664,0.5649,-0.3817,42.65,On Surface
476732,-0.0407,9.9934,1.3360,-2.5649,0.5344,0.1069,43.17,On Surface
476782,0.0120,9.9623,1.3431,-2.3969,0.3511,-0.2595,43.02,On Surface
476832,0.0024,9.9359,1.4245,-2.5649,0.2137,-0.2290,42.93,On Surface
476882,0.0239,9.9551,1.4629,-2.3664,0.3053,-0.0916,42.98,On Surface
476932,0.0144,9.9120,1.3408,-2.5191,0.2595,-0.0458,42.98,On Surface
476982,0.0024,9.8881,1.4054,-2.4122,0.3969,0.0611,43.12,On Surface
477032,0.0120,9.9240,1.3934,-2.3053,0.3206,0.0458,42.98,On Surface
477082,-0.0072,9.9527,1.3671,-2.7481,0.3817,-0.1527,43.12,On Surface
477132,-0.0144,9.9359,1.3503,-2.3511,0.4427,-0.1527,42.93,On Surface
477182,-0.0263,9.9192,1.3623,-2.7176,0.5954,-0.1832,43.12,On Surface
477232,-0.0144,9.9288,1.3479,-2.4275,0.7328,-0.0305,42.98,On Surface
477282,-0.0383,9.9455,1.3862,-2.4733,0.5038,-0.2443,43.31,On Surface
477332,0.0000,9.9216,1.3192,-2.0916,0.6870,-0.2137,42.98,On Surface
477382,-0.0048,9.9359,1.4269,-2.1221,0.6412,-0.1679,42.79,On Surface
477432,0.0120,9.9264,1.3838,-2.3053,0.4580,0.1832,43.12,On Surface
477482,-0.0096,9.8641,1.3647,-2.3511,0.3664,0.0305,42.79,On Surface
477532,-0.0072,9.9168,1.4509,-2.6565,0.4275,-0.4733,43.12,On Surface
477582,0.0096,9.9288,1.3767,-2.6260,0.1374,0.0000,42.79,On Surface
477632,-0.0096,9.8928,1.3551,-2.5954,0.3969,-0.2137,43.12,On Surface
477682,-0.0144,9.9048,1.3479,-2.4885,0.5038,-0.2290,43.17,On Surface
477732,-0.0599,9.9383,1.3886,-2.3664,0.5802,-0.1069,42.84,On Surface
477782,-0.0215,9.9503,1.3838,-2.5191,0.4275,-0.2137,43.02,On Surface
477832,0.0287,9.9192,1.4198,-2.2901,0.4427,-0.0458,42.98,On Surface
477882,-0.0072,9.9240,1.3455,-2.6260,0.3511,0.0000,42.93,On Surface
477932,0.0192,9.9407,1.3934,-2.2595,0.3206,0.0305,43.02,On Surface
477982,-0.0120,9.9120,1.4198,-2.6412,0.5038,0.1221,42.84,On Surface
478032,-0.0335,9.9024,1.4054,-2.5802,0.5038,-0.0458,42.98,On Surface
478082,0.0024,9.9144,1.3479,-2.2748,0.6412,-0.2137,42.65,On Surface
478132,-0.0479,9.9000,1.4126,-2.4885,0.6870,-0.2137,43.02,On Surface
478182,0.0072,9.9192,1.4006,-2.6718,0.4427,-0.0305,42.98,On Surface
478232,0.0168,9.9862,1.2953,-2.3206,0.3664,-0.0305,42.84,On Surface
478282,-0.0024,9.9311,1.3408,-2.3053,0.5496,0.0000,42.98,On Surface
478332,-0.0263,9.9814,1.3408,-2.4733,0.7023,-0.0916,43.02,On Surface
478382,0.0072,9.9647,1.3575,-2.5496,0.1527,-0.2137,42.98,On Surface
478432,0.0024,9.9479,1.3168,-2.5191,0.3511,-0.1069,42.93,On Surface
478482,-0.0120,9.9335,1.3671,-2.3817,0.5802,-0.2137,42.98,On Surface
478532,-0.0096,9.9503,1.4054,-2.2748,0.1527,-0.1985,43.12,On Surface
478582,-0.0551,9.9407,1.3743,-2.3817,0.2137,-0.2290,42.93,On Surface
478632,-0.0215,9.9527,1.3958,-2.2595,0.5038,0.0305,43.02,On Surface
478682,0.0048,9.9599,1.3336,-2.4427,0.3817,-0.0458,43.02,On Surface
478732,-0.0431,9.9455,1.3240,-2.5496,0.6260,0.0763,43.02,On Surface
478782,-0.0335,9.9264,1.3288,-2.3206,0.2290,-0.1374,42.93,On Surface
478832,-0.0383,9.9120,1.2977,-2.0763,0.2595,0.0153,42.98,On Surface
478882,-0.0120,9.9455,1.4389,-2.1527,0.3053,-0.0305,42.60,On Surface
478932,-0.0072,9.9359,1.3312,-2.3511,0.6412,-0.1985,42.74,On Surface
478982,-0.0144,9.9240,1.3791,-2.1374,0.5649,-0.1832,42.98,On Surface
479032,0.0048,9.9288,1.3240,-2.1221,0.3511,-0.0458,42.98,On Surface
479082,0.0024,9.9192,1.3240,-2.2443,0.2290,0.1527,42.93,On Surface
479132,-0.0024,9.9168,1.3599,-2.3206,0.3817,-0.0916,42.93,On Surface
479182,-0.0144,9.8928,1.3623,-2.3206,0.3511,0.1221,42.98,On Surface
479232,-0.0120,9.9623,1.3743,-2.3359,0.7328,-0.0763,42.93,On Surface
479282,0.0311,9.9479,1.3431,-2.5344,0.2901,-0.2595,42.98,On Surface
479332,-0.0694,9.9742,1.3288,-2.3511,0.5038,-0.0458,43.02,On Surface
479382,0.0024,9.9240,1.3408,-2.3817,0.5954,-0.1221,42.93,On Surface
479432,0.0335,9.9048,1.3599,-2.1985,0.4275,-0.0153,43.02,On Surface
479482,0.0287,9.9072,1.3623,-2.3206,0.2443,0.1221,42.98,On Surface
479532,0.0096,9.9240,1.4054,-2.1832,0.5191,0.0305,42.93,On Surface
479582,0.0048,9.9096,1.3838,-2.4580,0.3053,-0.3511,43.02,On Surface
479632,0.0168,9.9407,1.3096,-2.5191,0.6412,-0.0763,42.93,On Surface
479682,-0.0383,9.9695,1.3024,-2.5191,0.5496,0.0763,42.84,On Surface
479732,-0.0263,9.9575,1.3695,-2.3359,0.5649,-0.1985,42.84,On Surface
479782,-0.0479,9.9240,1.4126,-2.3206,0.5802,-0.2443,43.02,On Surface
479832,-0.0072,9.9168,1.3838,-2.0458,0.3969,-0.0458,43.17,On Surface
479882,0.0287,9.9168,1.3431,-2.7023,0.3969,-0.0916,42.98,On Surface
479932,-0.0239,9.9120,1.3886,-2.5802,0.3053,-0.3359,43.02,On Surface
479982,0.0311,9.9144,1.3767,-2.5038,0.5344,-0.3206,42.79,On Surface
480032,0.0072,9.9383,1.4341,-2.3511,0.3359,-0.1679,42.84,On Surface
480082,0.0000,9.9144,1.4030,-2.2443,0.3359,0.1069,42.79,On Surface
480132,-0.0120,9.9623,1.3671,-2.5496,0.4580,-0.1374,43.02,On Surface
480182,0.0239,9.9264,1.2641,-2.3206,0.3969,-0.2290,42.98,On Surface
480232,0.0383,9.8904,1.3192,-2.4885,0.4733,-0.3511,42.79,On Surface
480282,-0.0120,9.9647,1.4030,-2.4580,0.5954,-0.1527,42.98,On Surface
480332,-0.0168,9.9359,1.4317,-2.2901,0.5344,-0.2748,43.17,On Surface
480382,0.0311,9.9072,1.3862,-2.4122,0.5344,-0.2137,42.98,On Surface
480432,-0.0096,9.8904,1.3934,-2.1374,0.5496,-0.0305,43.02,On Surface
480482,0.0120,9.9168,1.3096,-2.3206,0.4885,0.0305,42.74,On Surface
480532,0.0120,9.9072,1.3024,-2.7634,0.6565,-0.2137,42.79,On Surface
480582,-0.0024,9.9120,1.4102,-2.3664,0.7328,-0.1069,42.65,On Surface
480632,-0.0024,9.9311,1.3695,-2.5649,0.5802,-0.0305,43.17,On Surface
480682,0.0120,9.8833,1.3048,-2.4427,0.4122,0.0763,42.98,On Surface
480732,-0.0048,9.9718,1.3479,-2.2290,0.2443,-0.1832,43.26,On Surface
480782,-0.0239,9.9647,1.3455,-2.4733,0.3817,-0.2595,42.98,On Surface
480832,-0.0263,9.9359,1.3934,-2.3511,0.0763,-0.1374,42.84,On Surface
480882,0.0072,9.9240,1.4030,-2.4580,0.6565,0.0153,42.98,On Surface
480932,0.0551,9.9072,1.4365,-2.5954,0.2290,-0.4427,43.02,On Surface
480982,0.0096,9.9311,1.3575,-2.3206,0.5954,-0.0916,43.17,On Surface
481032,0.0383,9.9024,1.3408,-2.5496,0.4885,-0.2137,42.79,On Surface
481082,-0.0048,9.9407,1.3503,-2.5344,0.4427,-0.1527,42.98,On Surface
481132,-0.0072,9.9264,1.3455,-2.4885,0.3053,-0.1832,43.17,On Surface
481182,-0.0024,9.9120,1.3336,-2.2748,0.6260,-0.3206,42.84,On Surface
481232,-0.0048,9.9288,1.3384,-2.5496,0.7176,-0.4275,42.93,On Surface
481282,-0.0263,9.9551,1.3575,-2.3511,0.3359,0.0000,43.02,On Surface
481332,-0.0096,9.9288,1.4748,-2.1832,0.5802,-0.1985,42.65,On Surface
481382,-0.0311,9.8737,1.3743,-2.0916,0.7176,-0.0611,43.02,On Surface
481432,-0.0335,9.9192,1.3551,-2.4122,0.4275,-0.1221,42.93,On Surface
481482,-0.0096,9.9431,1.3862,-1.9695,0.5496,-0.0611,42.98,On Surface
481532,0.0072,9.9096,1.3695,-2.3511,0.2595,0.0458,43.02,On Surface
481582,0.0000,9.9431,1.3599,-2.4427,0.4275,-0.1679,43.12,On Surface
481632,-0.0215,9.9575,1.3647,-2.4580,0.5496,0.0763,42.93,On Surface
481682,-0.0048,9.9647,1.3479,-2.5038,0.3359,0.1069,42.79,On Surface
481732,-0.0431,9.9551,1.3838,-2.1985,0.7328,-0.1374,42.98,On Surface
481782,0.0024,9.9240,1.3647,-2.4275,0.5649,0.0458,42.98,On Surface
481832,-0.0192,9.9240,1.3503,-2.1221,0.6565,-0.2595,42.79,On Surface
481882,-0.0048,9.9264,1.3431,-2.4885,0.3664,-0.0611,42.98,On Surface
481932,-0.0024,9.9192,1.3982,-2.5191,0.1527,-0.1374,42.79,On Surface
481982,-0.0096,9.9359,1.3623,-2.4122,0.3664,-0.1679,42.93,On Surface
482032,-0.0527,9.9072,1.4102,-2.4122,0.3969,-0.1679,42.98,On Surface
482082,-0.0048,9.9311,1.3168,-2.2290,0.7176,-0.0916,42.79,On Surface
482132,-0.0599,9.9575,1.3384,-2.1374,0.4885,0.1527,42.98,On Surface
482182,-0.0287,9.9623,1.3431,-2.1069,0.3664,-0.0916,42.98,On Surface
482232,-0.0096,9.9264,1.3934,-2.4122,0.4885,-0.0916,42.74,On Surface
482282,-0.0048,9.9407,1.3431,-2.4275,0.5496,0.0305,42.93,On Surface
482332,-0.0431,9.9264,1.4078,-2.4122,0.4122,-0.0458,43.02,On Surface
482382,-0.0024,9.9072,1.4245,-2.3206,0.0458,-0.1221,43.02,On Surface
482432,0.0144,9.9216,1.3288,-2.3664,0.7023,0.0305,42.93,On Surface
482482,-0.0192,9.9216,1.3815,-2.2901,0.5496,0.1527,42.84,On Surface
482532,0.0024,9.9240,1.3767,-2.2290,0.2443,0.1374,42.74,On Surface
482582,-0.0120,9.9216,1.3384,-1.9389,0.2748,-0.1069,42.93,On Surface
482632,0.0024,9.8881,1.3886,-2.4580,0.2595,0.1374,43.02,On Surface
482682,-0.0120,9.9192,1.3623,-2.3359,0.7023,0.0458,42.79,On Surface
482732,-0.0096,9.9647,1.3767,-2.2595,0.5496,0.0153,43.02,On Surface
482782,0.0096,9.9431,1.3623,-2.2595,0.4733,-0.3359,42.79,On Surface
482832,0.0048,9.9264,1.4174,-2.2901,0.6565,0.0153,42.98,On Surface
482882,-0.0072,9.9240,1.3623,-2.1679,0.5649,-0.2595,42.79,On Surface
482932,-0.0048,9.8928,1.3862,-2.3206,0.5649,-0.2901,43.17,On Surface
482982,0.0215,9.8952,1.3288,-2.2290,0.4580,-0.0611,42.93,On Surface
483032,0.0000,9.9240,1.4317,-2.4122,0.5191,-0.1527,42.79,On Surface
483082,-0.0072,9.8617,1.3743,-2.4427,0.4122,-0.1069,42.79,On Surface
483132,-0.0096,9.9311,1.3623,-2.5344,0.4275,-0.0305,43.17,On Surface
483182,-0.0192,9.9718,1.4102,-2.5954,0.2137,-0.0763,42.79,On Surface
483232,0.0048,9.9216,1.3264,-2.2443,0.3053,0.0458,42.98,On Surface
483282,-0.0120,9.9024,1.3671,-2.4427,0.4275,-0.1069,43.02,On Surface
483332,0.0192,9.9503,1.4006,-2.5649,0.4427,-0.1985,43.12,On Surface
483382,0.0072,9.9311,1.3934,-2.3664,0.6412,-0.0763,42.93,On Surface
483432,0.0144,9.9120,1.3838,-2.4580,0.3359,-0.0916,43.17,On Surface
483482,0.0239,9.9120,1.3743,-2.3664,0.3969,-0.1069,42.93,On Surface
483532,0.0048,9.9551,1.3862,-2.4733,0.5038,-0.1069,42.74,On Surface
483582,-0.0215,9.9455,1.3288,-2.4275,0.3359,-0.2595,42.98,On Surface
483632,-0.0144,9.9503,1.3623,-2.3511,0.6107,-0.0611,42.98,On Surface
483682,-0.0168,9.9335,1.4102,-2.3206,0.5649,-0.0153,43.02,On Surface
483732,-0.0096,9.9527,1.3910,-2.2748,0.5954,-0.1985,42.93,On Surface
483782,0.0048,9.9335,1.3862,-2.2748,0.7786,-0.2290,43.02,On Surface
483832,0.0168,9.9311,1.3623,-2.2443,0.5649,-0.1221,43.12,On Surface
483882,-0.0120,9.9288,1.3719,-2.1374,0.6870,-0.3817,42.84,On Surface
483932,0.0000,9.9288,1.4341,-2.3053,0.5802,-0.1832,43.12,On Surface
483982,0.0335,9.9192,1.3551,-2.5802,0.4580,-0.2137,42.93,On Surface
484032,-0.0024,9.9240,1.4245,-2.5344,0.3817,-0.4885,43.02,On Surface
484082,0.0024,9.9096,1.3408,-2.3206,0.5954,-0.0916,43.02,On Surface
484132,-0.0239,9.9479,1.3288,-2.4885,0.7176,-0.1221,43.17,On Surface
484182,-0.0407,9.9527,1.3791,-2.4122,0.5802,-0.2290,43.17,On Surface
484232,0.0096,9.9551,1.3384,-2.3053,0.5954,-0.2137,42.84,On Surface
484282,0.0024,9.9192,1.3168,-2.4122,0.6565,-0.2137,42.93,On Surface
484332,-0.0311,9.9311,1.3791,-2.3817,0.5496,-0.2290,42.79,On Surface
484382,-0.0096,9.8881,1.3096,-2.3359,0.4427,-0.2137,42.98,On Surface
484432,-0.0263,9.9024,1.3599,-2.3206,0.4122,-0.1221,42.98,On Surface
484482,0.0239,9.9072,1.3168,-2.3969,0.1832,0.1221,43.17,On Surface
484532,-0.0383,9.9359,1.3455,-2.5649,0.5038,-0.1069,42.79,On Surface
484582,-0.0120,9.9168,1.4030,-2.5038,0.7328,-0.1832,42.84,On Surface
484632,0.0287,9.9096,1.3192,-2.3206,0.5191,-0.0153,42.98,On Surface
484682,0.0287,9.9455,1.3360,-2.6107,0.4275,0.0458,43.02,On Surface
484732,-0.0048,9.9886,1.2953,-2.5802,0.4427,-0.2137,43.02,On Surface
484782,-0.0072,9.9527,1.3647,-2.4275,0.2748,-0.0153,42.84,On Surface
484832,0.0072,9.9527,1.3408,-2.2595,0.2595,0.0000,42.84,On Surface
484882,0.0096,9.9695,1.3982,-2.1679,0.2748,-0.1679,43.26,On Surface
484932,-0.0168,9.9192,1.4389,-2.3969,0.3053,-0.3359,42.79,On Surface
484982,0.0000,9.9264,1.3910,-2.4427,0.5191,-0.3053,43.02,On Surface
485032,-0.0120,9.9335,1.3743,-2.4275,0.2901,-0.0153,43.26,On Surface
485082,-0.0168,9.9216,1.3551,-2.4427,0.5038,-0.0458,42.65,On Surface
485132,0.0096,9.9718,1.3384,-2.3664,0.3817,0.1221,42.93,On Surface
485182,-0.0144,9.9718,1.3623,-2.3664,0.5344,-0.1527,43.02,On Surface
485232,0.0024,9.9503,1.3216,-2.4580,0.8397,0.0000,42.98,On Surface
485282,-0.0192,9.9431,1.3312,-2.4885,0.3817,-0.1221,42.98,On Surface
485332,0.0144,9.9431,1.3408,-2.6260,0.1221,-0.2748,42.93,On Surface
485382,-0.0120,9.9144,1.3671,-2.5344,0.3817,-0.0916,42.98,On Surface
485432,-0.0551,9.9192,1.3527,-2.2748,0.4885,-0.1374,42.93,On Surface
485482,0.0120,9.9120,1.4126,-2.3053,0.4733,-0.1374,43.02,On Surface
485532,-0.0048,9.9455,1.4341,-2.4427,0.2748,0.2290,42.84,On Surface
485582,-0.0024,9.9551,1.3743,-2.2901,0.3206,-0.1221,42.98,On Surface
485632,0.0000,9.9288,1.3934,-2.4885,0.3359,-0.2137,43.26,On Surface
485682,0.0096,9.9407,1.3431,-2.3817,0.5496,-0.0916,42.98,On Surface
485732,-0.0048,9.9647,1.3527,-2.1832,0.4580,0.1985,42.79,On Surface
485782,-0.0335,9.9671,1.2641,-2.1527,0.6260,-0.1374,43.17,On Surface
485832,0.0359,9.9288,1.3815,-2.2443,0.3053,-0.0916,42.98,On Surface
485882,0.0096,9.9527,1.3815,-2.1374,0.4885,-0.2443,42.65,On Surface
485932,0.0096,9.9192,1.3503,-2.3053,0.5954,0.0000,42.98,On Surface
485982,0.0263,9.9096,1.4054,-2.4122,0.4427,-0.1527,42.65,On Surface
486032,-0.0263,9.9048,1.3719,-2.2137,0.5191,-0.1374,42.93,On Surface
486082,-0.0359,9.9479,1.3838,-2.1679,0.4580,0.0611,42.65,On Surface
486132,0.0263,9.9407,1.3791,-2.3053,0.4122,-0.0763,42.84,On Surface
486182,-0.0311,9.9527,1.3216,-2.3817,0.2290,-0.1069,42.93,On Surface
486232,0.0120,9.9431,1.3455,-2.0611,0.5344,-0.1679,42.74,On Surface
486282,0.0024,9.9503,1.3743,-2.4427,0.5649,0.0305,42.98,On Surface
486332,-0.0215,9.9455,1.3719,-2.2595,0.5344,-0.3053,42.74,On Surface
486382,0.0359,9.9742,1.3719,-2.5191,0.2137,-0.1374,42.98,On Surface
486432,0.0239,9.8904,1.3743,-2.3511,0.6260,-0.1527,43.12,On Surface
486482,0.0192,9.8833,1.3886,-2.3817,0.4275,-0.3359,42.74,On Surface
486532,0.0072,9.9024,1.3934,-2.3053,0.2290,-0.4580,42.98,On Surface
486582,-0.0168,9.9168,1.4174,-2.3206,0.3969,0.0611,43.02,On Surface
486632,0.0144,9.8785,1.3120,-2.3511,0.5954,0.1527,42.93,On Surface
486682,0.0239,9.9407,1.3791,-2.4885,0.7481,-0.2901,42.98,On Surface
486732,0.0048,9.9264,1.3264,-2.4122,0.4885,-0.1069,42.98,On Surface
486782,0.0024,9.9288,1.3431,-2.2290,0.3359,-0.1374,43.02,On Surface
486832,0.0383,9.9431,1.3767,-2.3053,0.4580,-0.3206,42.98,On Surface
486882,0.0144,9.9407,1.3408,-2.4885,0.1679,-0.0611,43.02,On Surface
486932,0.0311,9.9431,1.3647,-2.5191,0.7481,-0.2290,42.79,On Surface
486982,0.0048,9.9168,1.3575,-2.3359,0.3359,-0.2443,42.79,On Surface
487032,-0.0024,9.9240,1.3072,-2.4122,0.3359,-0.0916,43.12,On Surface
487082,0.0000,9.9455,1.3096,-2.3817,0.4275,-0.0763,42.74,On Surface
487132,-0.0311,9.9264,1.3767,-2.3511,0.6412,-0.3969,42.93,On Surface
487182,-0.0239,9.9096,1.3336,-2.3053,0.6412,-0.1527,43.02,On Surface
487232,0.0024,9.9311,1.3408,-2.3053,0.5191,-0.1679,42.84,On Surface
487282,0.0024,9.9671,1.3527,-2.5344,0.3664,0.0153,42.79,On Surface
487332,0.0287,9.9311,1.4174,-2.1527,0.5191,-0.2748,42.79,On Surface
487382,0.0287,9.9168,1.3360,-2.3206,0.7481,-0.1832,42.93,On Surface
487432,0.0120,9.9192,1.3767,-2.3817,0.5038,0.0305,43.17,On Surface
487482,0.0503,9.9048,1.3599,-2.3817,0.4427,-0.1221,42.84,On Surface
487532,-0.0024,9.9168,1.3862,-2.5649,0.3511,-0.0763,42.65,On Surface
487582,0.0120,9.9503,1.4030,-2.4885,0.3359,-0.1527,42.98,On Surface
487632,0.0120,9.9599,1.3455,-2.4580,0.5954,-0.5038,42.98,On Surface
487682,-0.0048,9.9575,1.3024,-2.2290,0.6870,-0.2443,42.98,On Surface
487732,-0.0383,9.9048,1.3886,-2.6260,0.4427,-0.3359,43.02,On Surface
487782,-0.0048,9.9120,1.3671,-2.2290,0.3817,-0.0305,43.02,On Surface
487832,0.0144,9.9144,1.2929,-2.3817,0.5038,0.0000,42.93,On Surface
487882,-0.0024,9.9144,1.3503,-2.2443,0.3206,0.0611,42.98,On Surface
487932,0.0239,9.9096,1.4150,-2.3664,0.1832,-0.2595,43.02,On Surface
487982,0.0239,9.9288,1.2785,-2.4122,0.5802,-0.0153,42.93,On Surface
488032,-0.0096,9.9264,1.3360,-2.5344,0.3206,-0.1374,42.98,On Surface
488082,-0.0192,9.9311,1.3886,-2.3969,0.6260,-0.0763,42.98,On Surface
488132,-0.0383,9.9671,1.3408,-2.4733,0.4733,0.0611,42.98,On Surface
488182,-0.0168,9.9575,1.3575,-2.5802,0.5496,0.0000,43.02,On Surface
488232,-0.0215,9.9383,1.3216,-2.6565,0.3206,-0.3359,42.93,On Surface
488282,-0.0431,9.9383,1.2833,-2.0458,0.6107,-0.3206,43.02,On Surface
488332,-0.0287,9.9072,1.3671,-2.2901,0.5496,0.0458,42.98,On Surface
488382,-0.0024,9.9359,1.4126,-2.5954,0.1832,-0.1679,43.12,On Surface
488432,-0.0215,9.9264,1.3719,-2.4580,0.4733,-0.3053,42.93,On Surface
488482,-0.0144,9.9479,1.4533,-2.5191,0.6565,-0.0763,42.93,On Surface
488532,-0.0287,9.9072,1.3647,-2.4885,0.4885,-0.1069,42.98,On Surface
488582,-0.0455,9.9192,1.3767,-2.3664,0.2595,0.1527,42.79,On Surface
488632,-0.0239,9.9503,1.3838,-2.2443,0.7023,-0.2137,43.12,On Surface
488682,-0.0503,9.9311,1.3479,-2.3817,0.6870,-0.0763,43.02,On Surface
488732,0.0215,9.9192,1.3360,-2.4275,0.4733,-0.3206,42.65,On Surface
488782,-0.0096,9.9455,1.3767,-2.2748,0.3664,-0.1221,42.98,On Surface
488832,-0.0383,9.9240,1.4365,-2.3511,0.3817,0.0916,42.98,On Surface
488882,-0.0096,9.9096,1.4317,-2.2290,0.2137,0.0000,43.26,On Surface
488932,0.0168,9.9144,1.3336,-2.3511,0.4275,0.0916,42.93,On Surface
488982,0.0096,9.9000,1.3934,-2.3664,0.3511,-0.1069,43.02,On Surface
489032,-0.0096,9.9742,1.4126,-2.2595,0.4885,0.2137,42.93,On Surface
489082,-0.0072,9.9790,1.3503,-2.2137,0.3359,0.0153,42.98,On Surface
489132,0.0120,9.9551,1.3096,-2.3664,0.6565,0.0305,42.98,On Surface
489182,-0.0527,9.9551,1.3288,-2.2595,0.4580,-0.0916,43.02,On Surface
489232,-0.0646,9.9790,1.3599,-2.2901,0.2595,-0.0916,43.12,On Surface
489282,-0.0311,9.9383,1.3336,-2.3511,0.5496,-0.0916,42.79,On Surface
489332,-0.0239,9.9383,1.3910,-1.9847,0.3969,-0.1679,43.02,On Surface
489382,0.0120,9.9168,1.4150,-2.3359,0.5344,-0.0611,43.02,On Surface
489432,0.0072,9.9240,1.3982,-2.2443,0.2748,-0.1527,43.02,On Surface
489482,0.0263,9.9240,1.3815,-2.2901,0.2290,-0.0458,42.98,On Surface
489532,0.0168,9.8881,1.3551,-2.3206,0.3206,0.1985,42.93,On Surface
489582,0.0359,9.9886,1.3216,-2.3664,0.3817,-0.0763,42.98,On Surface
489632,0.0168,9.9790,1.3671,-2.5038,0.5038,-0.1832,42.98,On Surface
489682,-0.0239,9.9288,1.3479,-2.5191,0.6412,-0.1832,42.93,On Surface
489732,-0.0407,9.9359,1.3791,-2.3053,0.1069,0.0305,42.74,On Surface
489782,0.0215,9.9240,1.3503,-2.2748,0.6260,-0.1679,42.93,On Surface
489832,-0.0096,9.9120,1.3671,-2.4275,0.3664,-0.0305,42.93,On Surface
489882,-0.0239,9.9431,1.3862,-2.3511,0.2595,0.0458,43.26,On Surface
489932,-0.0096,9.9383,1.3408,-2.5344,0.2137,-0.1527,42.84,On Surface
489982,-0.0215,9.9024,1.3599,-2.3206,0.1832,-0.0153,42.93,On Surface
490032,0.0335,9.9527,1.3360,-2.2901,0.7481,-0.0763,42.93,On Surface
490082,0.0048,9.9311,1.3862,-2.3511,0.5954,0.0611,42.98,On Surface
490132,0.0072,9.9311,1.3838,-2.3053,0.5344,-0.3359,42.93,On Surface
490182,0.0144,9.9671,1.3455,-2.5191,0.4733,-0.2137,42.98,On Surface
490232,-0.0192,9.9647,1.3862,-2.2748,0.8092,-0.2137,42.79,On Surface
490282,0.0215,9.9455,1.2953,-2.4122,0.5802,-0.2290,42.93,On Surface
490332,-0.0120,9.9288,1.3384,-2.4733,0.3206,0.1221,43.12,On Surface
490382,0.0024,9.9335,1.3623,-2.3511,0.4275,-0.2443,42.79,On Surface
490432,0.0120,9.9096,1.3982,-2.2137,0.4885,-0.1221,43.02,On Surface
490482,-0.0192,9.9407,1.4006,-2.5954,0.5038,-0.1069,42.98,On Surface
490532,-0.0263,9.9311,1.3791,-2.3817,0.1832,-0.1832,42.84,On Surface
490582,0.0215,9.9383,1.3599,-2.6870,0.5344,-0.1527,43.02,On Surface
490632,-0.0144,9.9383,1.3408,-2.3511,0.4733,-0.1069,42.98,On Surface
490682,0.0215,9.9335,1.3288,-2.4275,0.5038,0.0611,43.12,On Surface
490732,-0.0383,9.9527,1.3264,-2.6718,0.5496,-0.0305,42.84,On Surface
490782,-0.0287,9.9168,1.3791,-2.3359,0.5954,-0.3206,42.98,On Surface
490832,0.0120,9.9072,1.3336,-2.1679,0.4275,-0.4427,43.02,On Surface
490882,0.0359,9.8785,1.3455,-2.4122,0.6412,-0.4733,42.93,On Surface
490932,0.0263,9.9192,1.3791,-2.3511,0.4733,-0.3359,42.93,On Surface
490982,0.0192,9.8593,1.4150,-2.5802,0.3511,-0.0611,42.98,On Surface
491032,-0.0144,9.9479,1.3862,-2.3359,0.3969,-0.0458,42.93,On Surface
491082,-0.0311,9.9718,1.3862,-2.5038,0.7481,-0.1832,43.17,On Surface
491132,-0.0096,9.9359,1.2977,-2.3511,0.4427,-0.1221,42.98,On Surface
491182,-0.0144,9.9790,1.3743,-2.4275,0.7328,-0.0458,43.17,On Surface
491232,0.0024,9.9048,1.3671,-2.5802,0.6718,-0.1679,42.84,On Surface
491282,-0.0239,9.9240,1.3551,-2.6565,0.5802,-0.2595,42.98,On Surface
491332,-0.0503,9.9311,1.3455,-2.5344,0.3969,0.0305,43.02,On Surface
491382,-0.0239,9.9144,1.3838,-2.1069,0.4580,0.0916,42.93,On Surface
491432,0.0287,9.9192,1.4174,-2.3053,0.6260,-0.3511,42.84,On Surface
491482,0.0120,9.9192,1.3431,-2.3664,0.4733,-0.0763,42.93,On Surface
491532,0.0024,9.8904,1.3120,-2.5496,0.1985,0.1985,42.98,On Surface
491582,0.0072,9.9024,1.3623,-2.5344,0.6107,0.0000,42.98,On Surface
491632,-0.0096,9.9096,1.4078,-2.4885,0.4427,-0.2137,42.93,On Surface
491682,-0.0263,9.9742,1.2833,-2.2595,0.6718,-0.1679,43.02,On Surface
491732,-0.0072,9.9527,1.4054,-2.7328,0.5954,-0.1832,43.17,On Surface
491782,-0.0144,9.9383,1.4269,-2.6260,0.5038,-0.2290,43.02,On Surface
491832,-0.0144,9.9742,1.4413,-2.3511,0.2595,-0.1679,42.93,On Surface
491882,-0.0096,9.9072,1.3551,-2.3969,0.1985,-0.3664,42.93,On Surface
491932,-0.0144,9.9120,1.3216,-2.2443,0.2290,-0.1985,42.93,On Surface
491982,0.0168,9.9048,1.3719,-2.5344,0.4733,-0.1069,43.12,On Surface
492032,0.0072,9.8952,1.3910,-2.4733,0.4122,0.1374,43.17,On Surface
492082,-0.0239,9.9288,1.3144,-2.5038,0.6412,0.1069,42.84,On Surface
492132,-0.0168,9.9216,1.3455,-2.5038,0.6565,-0.2290,43.12,On Surface
492182,-0.0024,9.9264,1.3527,-2.4580,0.6870,0.0458,42.74,On Surface
492232,-0.0790,9.9359,1.3360,-2.4580,0.6107,-0.4275,42.79,On Surface
492282,-0.0479,9.9311,1.3838,-2.3664,0.3053,-0.4275,42.93,On Surface
492332,-0.0239,9.9407,1.3934,-2.3359,0.4275,0.0611,42.79,On Surface
492382,-0.0239,9.9216,1.4126,-2.2901,0.4885,-0.3206,43.17,On Surface
492432,-0.0263,9.9144,1.4030,-2.0763,0.0153,-0.2290,42.79,On Surface
492482,0.0048,9.9072,1.4006,-2.3359,0.4275,0.1679,42.93,On Surface
492532,-0.0263,9.9359,1.3767,-2.2595,0.3969,-0.0916,42.84,On Surface
492582,0.0144,9.9264,1.3958,-2.3817,0.1985,0.0458,42.84,On Surface
492632,0.0239,9.9264,1.3647,-2.4122,0.3664,0.0305,42.93,On Surface
492682,0.0096,9.9335,1.3408,-2.3664,0.5954,0.1679,42.93,On Surface
492732,-0.0383,9.9623,1.3958,-2.3817,0.3969,-0.2901,42.84,On Surface
492782,-0.0407,9.9455,1.4102,-2.5802,0.3511,-0.1374,42.93,On Surface
492832,-0.0096,9.9000,1.4006,-2.4122,0.1679,-0.0763,43.12,On Surface
492882,0.0000,9.9288,1.4102,-2.1221,0.3359,0.1985,42.98,On Surface
492932,-0.0096,9.8976,1.3815,-2.3664,0.2443,-0.1374,42.98,On Surface
492982,-0.0048,9.8952,1.3815,-2.2901,0.2748,-0.1069,43.26,On Surface
493032,-0.0239,9.9551,1.3695,-2.4580,0.6565,-0.0153,43.17,On Surface
493082,-0.0335,9.9240,1.3719,-2.5038,0.5344,0.1221,43.02,On Surface
493132,-0.0192,9.9431,1.3671,-2.4885,0.4427,-0.1221,43.12,On Surface
493182,-0.0168,9.9766,1.3360,-2.5954,0.2595,-0.1832,42.93,On Surface
493232,-0.0239,9.9695,1.3431,-2.2137,0.4885,-0.0763,43.02,On Surface
493282,-0.0072,9.9575,1.3815,-2.1679,0.3053,-0.0611,43.02,On Surface
493332,0.0072,9.9240,1.3479,-2.3664,0.5802,-0.0458,42.84,On Surface
493382,0.0048,9.9479,1.3240,-2.1832,0.5038,-0.3969,42.93,On Surface
493432,-0.0311,9.9024,1.3623,-2.3359,0.2748,-0.0305,42.93,On Surface
493482,0.0024,9.8904,1.4006,-2.3206,0.5038,-0.2901,43.17,On Surface
493532,0.0359,9.9311,1.3934,-2.3664,0.2748,-0.1221,42.84,On Surface
493582,0.0000,9.9503,1.4222,-2.3969,0.2443,-0.1069,42.65,On Surface
493632,0.0072,9.9168,1.3408,-2.5191,0.5344,0.0611,43.02,On Surface
493682,0.0215,9.9096,1.3503,-2.1679,0.5191,-0.2443,42.84,On Surface
493732,0.0000,9.9503,1.3072,-2.3817,0.6107,-0.1679,42.98,On Surface
493782,-0.0072,9.9551,1.3048,-2.2901,0.6412,-0.1527,42.98,On Surface
493832,0.0239,9.9503,1.3503,-2.5038,0.4427,-0.2290,42.93,On Surface
493882,-0.0503,9.9551,1.3886,-2.5344,0.5191,-0.1374,42.84,On Surface
493932,-0.0144,9.9120,1.3815,-2.3511,0.5496,0.0763,42.65,On Surface
493982,-0.0359,9.9192,1.3623,-2.3817,0.4580,0.0458,42.79,On Surface
494032,0.0383,9.9000,1.3623,-2.3511,0.5191,-0.0305,42.93,On Surface
494082,0.0311,9.9000,1.3623,-2.5954,0.5649,-0.2901,42.93,On Surface
494132,0.0048,9.8976,1.3336,-2.1985,0.4733,0.0000,43.12,On Surface
494182,0.0215,9.9048,1.3695,-2.4885,0.4733,-0.1069,42.93,On Surface
494232,-0.0048,9.9288,1.3551,-2.6260,0.4427,-0.3053,42.79,On Surface
494282,0.0168,9.9240,1.3815,-2.5344,0.4733,-0.1069,42.98,On Surface
494332,0.0120,9.9335,1.3862,-2.4885,0.6718,-0.0763,42.79,On Surface
494382,0.0311,9.9144,1.3384,-2.1069,0.4885,-0.2290,43.02,On Surface
494432,-0.0096,9.9335,1.3886,-2.6412,0.3664,-0.0916,43.02,On Surface
494482,0.0120,9.9407,1.4006,-2.3206,0.6412,-0.0153,42.98,On Surface
494532,0.0263,9.8785,1.3743,-2.2137,0.3206,-0.2290,42.93,On Surface
494582,0.0024,9.8689,1.3982,-2.3969,0.7176,-0.0763,42.79,On Surface
494632,0.0096,9.9359,1.4437,-2.3359,0.1985,-0.0305,43.02,On Surface
494682,0.0024,9.9335,1.3695,-2.2901,0.5649,-0.0916,42.93,On Surface
494732,0.0048,9.9383,1.3431,-2.6565,0.5344,-0.3969,42.79,On Surface
494782,0.0024,9.9479,1.3264,-2.3053,0.5802,-0.0763,42.93,On Surface
494832,-0.0168,9.9551,1.3360,-2.3664,0.5344,-0.0458,42.93,On Surface
494882,-0.0215,9.9096,1.3168,-2.4733,0.3359,-0.1527,42.79,On Surface
494932,-0.0168,9.9527,1.3767,-2.5802,0.8244,-0.2290,43.31,On Surface
494982,-0.0072,9.9000,1.3958,-2.2901,0.6718,-0.2748,43.31,On Surface
495032,0.0024,9.9479,1.3862,-2.5344,0.2290,-0.1985,43.02,On Surface
495082,-0.0168,9.9000,1.4245,-2.4275,0.4427,-0.1985,42.74,On Surface
495132,0.0239,9.9168,1.3623,-2.5802,0.5344,-0.1069,42.93,On Surface
495182,-0.0551,9.9144,1.3384,-2.5038,0.3969,0.2748,42.65,On Surface
495232,-0.0120,9.9072,1.3216,-2.5191,0.5038,0.0611,42.79,On Surface
495282,-0.0311,9.9599,1.3408,-2.3817,0.3664,-0.0305,42.98,On Surface
495332,-0.0120,9.9072,1.3599,-2.2748,0.4122,0.0000,42.93,On Surface
495382,-0.0407,9.9910,1.3910,-2.1527,0.4122,-0.4580,42.93,On Surface
495432,-0.0455,9.9024,1.3886,-2.0458,0.2290,-0.0458,42.98,On Surface
495482,0.0120,9.9216,1.3934,-2.4122,0.6565,-0.3511,42.79,On Surface
495532,0.0024,9.9599,1.3575,-2.3053,0.3053,-0.0153,43.02,On Surface
495582,-0.0048,9.9144,1.3264,-2.3053,0.3817,-0.1069,43.02,On Surface
495632,-0.0024,9.9359,1.3719,-2.2290,0.3817,-0.1069,43.12,On Surface
495682,0.0024,9.9240,1.3791,-2.5496,0.5496,0.2137,42.84,On Surface
495732,-0.0120,9.9647,1.3455,-2.3817,0.5954,0.1832,42.98,On Surface
495782,-0.0024,9.9527,1.3862,-2.0916,0.5649,-0.0153,42.98,On Surface
495832,-0.0479,9.9503,1.3527,-2.3359,0.2595,-0.1527,42.98,On Surface
495882,-0.0192,9.9024,1.3479,-2.3206,0.4275,-0.1679,43.12,On Surface
495932,-0.0144,9.9383,1.3791,-2.1985,0.4580,-0.0916,42.93,On Surface
495982,-0.0311,9.9048,1.3120,-2.2901,0.2137,0.0458,42.98,On Surface
496032,-0.0048,9.9144,1.3503,-2.4427,0.3664,0.0611,42.84,On Surface
496082,-0.0192,9.9192,1.4078,-2.3206,0.1832,-0.2443,42.79,On Surface
496132,0.0024,9.9623,1.3671,-2.3053,0.4580,0.1679,42.98,On Surface
496182,-0.0072,9.8521,1.3455,-2.3664,0.5496,-0.1374,42.93,On Surface
496232,0.0072,9.9527,1.3695,-2.3817,0.5954,0.1221,42.93,On Surface
496282,0.0192,9.9742,1.2330,-2.5954,0.6870,-0.0305,42.93,On Surface
496332,-0.0287,9.9264,1.3767,-2.3359,0.3817,-0.0153,43.02,On Surface
496382,0.0335,9.9671,1.3695,-2.5649,0.6870,0.0305,42.93,On Surface
496432,-0.0168,9.9814,1.3599,-2.1679,0.3359,-0.1069,42.98,On Surface
496482,0.0000,9.9479,1.3815,-2.1069,0.4122,-0.1679,42.79,On Surface
496532,0.0263,9.9240,1.4102,-2.3511,0.5649,0.0916,43.02,On Surface
496582,0.0072,9.9407,1.4006,-2.4733,0.6260,0.1679,42.79,On Surface
496632,-0.0024,9.9599,1.3623,-2.2290,0.3053,-0.0458,43.02,On Surface
496682,-0.0024,9.8976,1.3527,-2.3664,0.5344,-0.1069,43.02,On Surface
496732,-0.0072,9.9383,1.3719,-2.2443,0.7023,0.0000,42.74,On Surface
496782,-0.0144,9.9695,1.3503,-2.2748,0.5038,-0.1985,43.02,On Surface
496832,0.0072,9.9623,1.3288,-2.5038,0.4427,-0.2443,42.93,On Surface
496882,0.0000,9.9311,1.3336,-2.2901,0.4427,0.0305,42.79,On Surface
496932,-0.0096,9.9479,1.3767,-2.4580,0.3053,-0.1374,42.84,On Surface
496982,-0.0144,9.9216,1.3695,-2.0458,0.5038,0.0305,42.65,On Surface
497032,-0.0048,9.9311,1.4389,-2.6565,0.2748,-0.0153,42.93,On Surface
497082,0.0096,9.9240,1.4222,-2.1527,0.4275,-0.3053,43.17,On Surface
497132,-0.0144,9.9144,1.3192,-2.4275,0.4580,0.0458,42.84,On Surface
497182,0.0599,9.9311,1.3551,-2.4275,0.5649,-0.2595,42.93,On Surface
497232,0.0024,9.9288,1.3575,-2.6565,0.5802,-0.2595,43.02,On Surface
497282,0.0072,9.9455,1.3503,-2.2290,0.6260,0.3053,42.98,On Surface
497332,-0.0024,9.9766,1.3503,-2.7328,0.5496,-0.3511,42.93,On Surface
497382,0.0287,9.9766,1.3431,-2.6870,0.3511,0.0153,43.02,On Surface
497432,-0.0144,9.9048,1.4198,-2.3817,0.7176,-0.2290,43.31,On Surface
497482,0.0024,9.9311,1.3719,-2.2901,0.7023,0.0611,42.79,On Surface
497532,0.0215,9.9072,1.3815,-2.3206,0.5496,0.0611,43.02,On Surface
497582,0.0048,9.9311,1.3958,-2.2443,0.5191,-0.1985,42.93,On Surface
497632,-0.0192,9.9024,1.3647,-2.2137,0.8244,-0.2748,43.02,On Surface
497682,0.0024,9.9240,1.3958,-2.4580,0.4427,-0.2595,42.79,On Surface
497732,-0.0120,9.9240,1.3312,-2.6565,0.3053,-0.1679,42.93,On Surface
497782,-0.0287,9.9407,1.3024,-2.2595,0.6718,-0.2748,42.93,On Surface
497832,0.0144,9.9120,1.3384,-2.5496,0.5191,-0.5344,43.31,On Surface
497882,-0.0144,9.9288,1.3503,-2.5802,0.3206,-0.2595,42.84,On Surface
497932,-0.0503,9.9359,1.3431,-2.4427,0.5496,0.0763,42.79,On Surface
497982,-0.0263,9.9144,1.3216,-2.3053,0.3359,-0.0916,42.98,On Surface
498032,0.0335,9.9383,1.3719,-2.3511,0.3664,-0.2137,43.02,On Surface
498082,-0.0168,9.8617,1.4030,-2.3969,0.0763,-0.0611,42.79,On Surface
498132,-0.0431,9.9264,1.3144,-2.4427,0.5191,-0.1679,42.93,On Surface
498182,-0.0096,9.9168,1.3216,-2.6870,0.7328,0.0000,43.02,On Surface
498232,-0.0287,9.9455,1.3408,-2.3664,0.5496,-0.2748,42.79,On Surface
498282,-0.0383,9.9168,1.3384,-2.2137,0.5038,0.0305,42.93,On Surface
498332,0.0287,9.9335,1.3743,-2.5191,0.8702,-0.2137,42.98,On Surface
498382,-0.0383,9.9120,1.4245,-2.4122,0.7481,-0.4733,43.17,On Surface
498432,-0.0311,9.9359,1.3551,-2.4885,0.7023,-0.1832,43.26,On Surface
498482,0.0192,9.8904,1.4317,-2.2443,0.5038,-0.1985,42.93,On Surface
498532,-0.0287,9.9288,1.4245,-2.4427,0.4580,-0.2748,42.79,On Surface
498582,0.0144,9.9383,1.4102,-2.3359,0.5038,-0.0763,42.93,On Surface
498632,-0.0096,9.9551,1.4293,-2.4122,0.1832,0.1374,42.74,On Surface
498682,-0.0120,9.9264,1.4006,-2.1679,0.5344,0.0153,43.02,On Surface
498732,0.0024,9.9216,1.3647,-2.3053,0.3664,-0.0305,42.93,On Surface
498782,-0.0287,9.9264,1.3599,-2.5344,0.2137,-0.0458,42.93,On Surface
498832,0.0048,9.9335,1.3551,-2.3511,0.3511,-0.2595,42.93,On Surface
498882,-0.0479,9.9264,1.3647,-2.4275,0.3817,0.1832,42.98,On Surface
498932,0.0096,9.8928,1.3527,-2.3206,0.6718,0.1069,42.93,On Surface
498982,-0.0359,9.9240,1.3527,-2.3969,0.6260,0.1679,43.02,On Surface
499032,0.0215,9.8833,1.3647,-2.4275,0.4580,-0.1069,43.02,On Surface
499082,-0.0120,9.9335,1.3743,-2.3969,0.5496,0.1374,42.93,On Surface
499132,-0.0072,9.9575,1.3312,-2.3206,0.2290,0.0916,42.98,On Surface
499182,0.0096,9.9503,1.3360,-2.4275,0.3817,-0.0458,42.74,On Surface
499232,-0.0215,9.9790,1.3144,-2.1221,0.5038,-0.0916,42.84,On Surface
499282,-0.0311,9.9335,1.3719,-2.4427,0.3511,-0.1374,42.60,On Surface
499332,-0.0263,9.9623,1.3360,-2.2290,0.4122,-0.1374,42.84,On Surface
499382,-0.0024,9.9192,1.3575,-2.5496,0.5649,0.1832,42.79,On Surface
499432,-0.0192,9.9335,1.3791,-2.4885,0.4275,-0.1527,42.98,On Surface
499482,-0.0239,9.9407,1.3671,-2.5496,0.4122,-0.1069,42.74,On Surface
499532,-0.0192,9.9144,1.3503,-2.3359,0.4122,0.0458,43.17,On Surface
499582,0.0000,9.9264,1.3527,-2.3817,0.2748,0.0458,42.74,On Surface
499632,-0.0096,9.9503,1.3264,-2.2901,0.2901,0.0305,43.26,On Surface
499682,-0.0407,9.9599,1.3312,-2.4427,0.2901,0.0000,42.93,On Surface
499732,-0.0359,9.9431,1.3743,-2.5038,0.4733,0.0458,43.12,On Surface
499782,-0.0024,9.9671,1.3479,-2.1985,0.3511,0.0611,42.84,On Surface
499832,-0.0024,9.9335,1.3408,-2.1679,0.4122,-0.1374,43.02,On Surface
499882,0.0287,9.9192,1.4341,-2.1374,0.3817,-0.1679,42.98,On Surface
499932,-0.0144,9.9311,1.3791,-2.5344,0.3664,-0.0916,43.12,On Surface
499982,-0.0120,9.9240,1.3958,-2.4275,0.3969,-0.2290,42.98,On Surface
500032,-0.0096,9.9407,1.4054,-2.2748,0.6870,-0.0763,42.79,On Surface
500082,-0.0431,9.9503,1.4102,-2.7328,0.0611,-0.1985,43.12,On Surface
500132,-0.0263,9.9718,1.3815,-2.4885,0.3053,-0.0153,43.02,On Surface
500182,-0.0215,9.9311,1.3503,-2.0458,0.3511,-0.2748,42.93,On Surface
500232,0.0072,9.9359,1.3791,-2.4275,0.8244,-0.1069,42.79,On Surface
500282,-0.0024,9.9455,1.2809,-2.2137,0.3664,-0.1221,43.26,On Surface
500332,-0.0024,9.9407,1.3431,-2.3817,0.3664,-0.0153,43.02,On Surface
500382,-0.0144,9.9288,1.3647,-2.5038,0.3511,-0.3664,42.93,On Surface
500432,0.0096,9.8833,1.3647,-2.2748,0.2748,-0.0458,42.98,On Surface
500482,0.0072,9.9240,1.3431,-2.1985,0.0000,-0.1527,43.02,On Surface
500532,-0.0024,9.9407,1.3934,-2.3817,0.4122,-0.0458,43.17,On Surface
500582,-0.0096,9.9335,1.3958,-2.5191,0.4580,-0.2290,42.84,On Surface
500632,0.0239,9.9431,1.2665,-2.7328,0.4580,-0.0763,42.84,On Surface
500682,-0.0263,9.9527,1.3695,-2.5344,0.3359,-0.1221,42.98,On Surface
500732,-0.0383,9.9264,1.3743,-2.3053,0.8397,-0.3053,42.84,On Surface
500782,0.0048,9.9120,1.3192,-2.4122,0.5344,-0.1069,42.74,On Surface
500832,0.0120,9.9288,1.4006,-2.3359,0.4275,-0.1221,43.02,On Surface
500882,0.0168,9.9599,1.3743,-2.0916,0.3969,-0.0916,42.74,On Surface
500932,0.0239,9.9192,1.3910,-2.3359,0.5954,-0.2443,42.93,On Surface
500982,-0.0263,9.9311,1.4126,-2.2748,0.4885,-0.3206,43.31,On Surface
501032,0.0359,9.9192,1.3144,-2.2748,0.4122,-0.1679,43.02,On Surface
501082,0.0024,9.9216,1.3312,-2.2901,0.2137,-0.1221,42.98,On Surface
501132,-0.0024,9.9240,1.3503,-2.5649,0.3359,-0.1679,42.98,On Surface
501182,0.0359,9.9359,1.3743,-2.6565,0.3206,0.0916,42.98,On Surface
501232,0.0407,9.9359,1.3647,-2.3817,0.6565,-0.1374,42.98,On Surface
501282,-0.0335,9.9240,1.3001,-2.1985,0.4733,-0.1221,43.12,On Surface
501332,-0.0215,9.9072,1.4054,-2.3206,0.4275,-0.1221,42.93,On Surface
501382,0.0144,9.9311,1.3695,-2.0916,0.5191,0.0305,43.17,On Surface
501432,0.0096,9.8976,1.3551,-2.4427,0.3817,-0.1679,42.93,On Surface
501482,0.0144,9.8904,1.4030,-2.6565,0.6412,-0.0611,42.98,On Surface
501532,0.0048,9.9024,1.4102,-2.4580,0.2137,-0.1527,43.02,On Surface
501582,-0.0072,9.8904,1.3096,-2.5191,0.5344,-0.1527,42.74,On Surface
501632,0.0072,9.9359,1.2905,-2.5954,0.6412,-0.2443,42.84,On Surface
501682,-0.0431,9.9192,1.3695,-2.4427,0.5344,-0.2901,42.98,On Surface
501732,-0.0215,9.9288,1.3048,-2.3511,0.5802,-0.3664,43.12,On Surface
501782,0.0120,9.9503,1.3791,-2.5191,0.4885,-0.1069,43.02,On Surface
501832,0.0072,9.9383,1.3815,-2.2595,0.5038,-0.3359,42.93,On Surface
501882,-0.0215,9.9240,1.3647,-2.3969,0.7481,-0.0763,42.65,On Surface
501932,0.0024,9.9264,1.3503,-2.3053,0.4885,0.0305,42.79,On Surface
501982,-0.0072,9.9120,1.3384,-2.4275,0.6870,-0.3817,42.60,On Surface
502032,-0.0311,9.9527,1.3671,-2.3969,0.5496,-0.1832,42.98,On Surface
502082,-0.0072,9.9455,1.3671,-2.3817,0.6260,-0.2748,43.26,On Surface
502132,-0.0287,9.9120,1.3815,-2.4580,0.5649,-0.1069,43.02,On Surface
502182,-0.0431,9.9599,1.4102,-2.5496,0.6260,-0.1985,42.98,On Surface
502232,-0.0335,9.9264,1.3455,-2.3817,0.5191,-0.1679,42.93,On Surface
502282,0.0192,9.8952,1.4150,-2.3206,0.5802,-0.3206,42.79,On Surface
502332,-0.0287,9.8976,1.3384,-2.3817,0.4580,-0.1221,42.79,On Surface
502382,0.0048,9.9120,1.4054,-2.5038,0.2290,0.1527,42.98,On Surface
502432,0.0096,9.9240,1.3264,-2.6565,0.6718,-0.0611,42.74,On Surface
502482,-0.0263,9.9264,1.3503,-2.2595,0.3359,-0.0763,42.65,On Surface
502532,-0.0431,9.9407,1.3336,-2.4733,0.6870,0.3511,42.79,On Surface
502582,-0.0431,9.9623,1.3695,-2.7176,0.2290,0.0916,43.26,On Surface
502632,0.0168,9.9599,1.3527,-2.6565,0.4885,-0.2137,43.02,On Surface
502682,-0.0503,9.9383,1.3743,-2.4275,0.2748,-0.3359,42.98,On Surface
502732,-0.0144,9.9264,1.3958,-2.3359,0.6718,-0.1221,42.65,On Surface
502782,-0.0024,9.9431,1.4844,-2.2290,0.2595,0.0611,43.02,On Surface
502832,0.0072,9.9503,1.4198,-2.3969,0.4122,0.0611,42.98,On Surface
502882,0.0120,9.9383,1.4581,-2.5954,0.3969,0.0763,42.98,On Surface
502932,0.0096,9.9599,1.3192,-2.3664,0.3359,0.0305,43.12,On Surface
502982,0.0048,9.9455,1.3838,-2.5496,0.3206,-0.3359,43.12,On Surface
503032,0.0024,9.9551,1.3072,-2.4580,0.7634,-0.2595,42.98,On Surface
503082,-0.0455,9.9168,1.3671,-2.4275,0.4275,-0.1527,43.12,On Surface
503132,-0.0096,9.9814,1.3527,-2.4122,0.3053,-0.1832,42.98,On Surface
503182,-0.0311,9.9335,1.3551,-2.1832,0.5344,-0.0305,42.74,On Surface
503232,0.0048,9.9383,1.3767,-2.4427,0.0763,-0.0763,42.93,On Surface
503282,-0.0048,9.9311,1.3886,-2.1679,0.5191,-0.3969,43.02,On Surface
503332,0.0192,9.8904,1.3958,-2.3817,0.3664,0.1679,42.98,On Surface
503382,-0.0120,9.9072,1.4126,-2.0611,0.7023,-0.0763,42.98,On Surface
503432,0.0239,9.9192,1.3695,-2.4580,0.4733,0.2137,42.93,On Surface
503482,-0.0455,9.9599,1.4054,-2.1374,0.7023,-0.1374,42.98,On Surface
503532,-0.0407,9.9575,1.3743,-2.3511,0.1679,-0.1679,42.98,On Surface
503582,-0.0120,9.9335,1.3503,-2.5954,0.5954,-0.2290,42.79,On Surface
503632,0.0000,9.9431,1.3815,-2.2443,0.4427,0.1527,43.31,On Surface
503682,-0.0168,9.9359,1.3815,-2.1221,0.3664,-0.0916,42.84,On Surface
503732,0.0359,9.9335,1.3743,-2.2748,0.4275,0.0153,42.84,On Surface
503782,0.0048,9.9192,1.2737,-2.3206,0.4275,-0.1679,42.98,On Surface
503832,0.0096,9.8833,1.4006,-2.3206,0.5344,-0.1069,42.93,On Surface
503882,0.0096,9.9120,1.3216,-2.3206,0.3053,-0.2443,42.93,On Surface
503932,-0.0048,9.9599,1.4126,-2.2748,0.6718,-0.1832,43.02,On Surface
503982,0.0503,9.9048,1.4150,-2.6412,0.3511,-0.0763,42.98,On Surface
504032,-0.0072,9.9407,1.3360,-2.4885,0.4275,-0.1985,42.93,On Surface
504082,-0.0120,9.9431,1.3503,-2.2901,0.3511,-0.2901,42.93,On Surface
504132,-0.0048,9.8952,1.3192,-2.4427,0.4885,-0.2137,42.84,On Surface
504182,-0.0239,9.9599,1.3408,-2.3359,0.3817,-0.0763,43.02,On Surface
504232,0.0072,9.9431,1.3503,-2.2748,0.3664,-0.0763,43.02,On Surface
504282,0.0096,9.9288,1.4078,-2.1527,0.3969,-0.1221,43.02,On Surface
504332,0.0000,9.9096,1.3384,-2.4427,0.2748,-0.1069,43.17,On Surface
504382,-0.0311,9.9407,1.3791,-2.4275,0.5954,-0.1221,42.79,On Surface
504432,0.0024,9.9120,1.3264,-2.2443,0.4275,-0.2748,43.02,On Surface
504482,0.0096,9.9264,1.3144,-2.5802,0.6718,-0.1832,43.02,On Surface
504532,-0.0072,9.9311,1.3024,-2.5649,0.6260,-0.1221,42.84,On Surface
504582,-0.0215,9.9359,1.4174,-2.5496,0.5496,0.0763,43.02,On Surface
504632,-0.0024,9.9431,1.3575,-2.3817,0.5649,-0.1221,42.93,On Surface
504682,0.0000,9.9383,1.3312,-2.5802,0.2443,-0.1374,43.26,On Surface
504732,-0.0072,9.9455,1.3599,-2.4733,0.4733,-0.0458,42.93,On Surface
504782,0.0144,9.8785,1.3791,-2.6565,0.3206,0.0000,43.02,On Surface
504832,-0.0048,9.8713,1.3216,-2.4885,0.3053,-0.1221,42.98,On Surface
504882,0.0311,9.9718,1.3958,-2.4122,0.5649,-0.0305,43.17,On Surface
504932,-0.0024,9.9000,1.3647,-2.5344,0.4733,0.0916,42.98,On Surface
504982,0.0072,9.9335,1.3838,-2.2748,0.3817,-0.2290,42.93,On Surface
505032,-0.0144,9.9264,1.3958,-2.7328,0.3817,-0.1679,42.93,On Surface
505082,-0.0263,9.9479,1.3288,-2.5954,0.7176,0.0000,42.84,On Surface
505132,-0.0263,9.9575,1.3408,-2.3206,0.5496,-0.3206,42.93,On Surface
505182,0.0000,9.9359,1.3862,-2.5038,0.9008,0.0000,43.02,On Surface
505232,0.0311,9.9575,1.4557,-1.9847,0.7328,-0.2137,42.93,On Surface
505282,-0.0239,9.9335,1.3910,-2.2443,0.1832,-0.2137,42.93,On Surface
505332,0.0287,9.9216,1.4413,-2.3511,0.5954,-0.0458,42.98,On Surface
505382,0.0431,9.9048,1.4006,-2.3817,0.6107,-0.3206,43.02,On Surface
505432,0.0168,9.8928,1.4078,-2.6260,0.6260,-0.3817,42.98,On Surface
505482,0.0000,9.9623,1.4126,-2.5496,0.4885,-0.1985,42.93,On Surface
505532,0.0072,9.9072,1.3527,-2.4580,0.5649,-0.2290,43.02,On Surface
505582,0.0072,9.9168,1.3072,-2.2595,0.5496,-0.0611,43.02,On Surface
505632,0.0000,9.9479,1.3599,-2.6260,0.6718,-0.2901,43.02,On Surface
505682,-0.0359,9.9599,1.4174,-2.4885,0.4275,-0.1374,43.17,On Surface
505732,-0.0239,9.9120,1.3024,-2.5954,0.5191,-0.2595,42.93,On Surface
505782,-0.0455,9.9335,1.3934,-2.4122,0.3511,-0.1374,43.02,On Surface
505832,-0.0144,9.8881,1.3527,-2.2901,0.4427,-0.3511,43.26,On Surface
505882,0.0000,9.9096,1.4078,-2.2137,0.3664,-0.0153,43.17,On Surface
505932,-0.0311,9.9311,1.3862,-2.3053,0.5496,-0.4122,43.02,On Surface
505982,-0.0287,9.9503,1.3958,-2.3206,0.3053,-0.1985,43.02,On Surface
506032,-0.0120,9.9647,1.3360,-2.3969,0.6412,-0.2595,42.79,On Surface
506082,0.0144,9.9575,1.4222,-2.2443,0.6870,-0.2290,42.79,On Surface
506132,-0.0072,9.9695,1.3767,-2.4275,0.5191,-0.2748,43.02,On Surface
506182,-0.0335,9.9479,1.4700,-2.3511,0.4885,0.0305,42.98,On Surface
506232,0.0024,9.9192,1.3455,-2.5038,0.6107,0.0305,42.98,On Surface
506282,0.0048,9.9383,1.3862,-2.1527,0.5038,-0.0611,43.26,On Surface
506332,-0.0335,9.9383,1.4030,-2.3511,0.3359,-0.1985,43.12,On Surface
506382,0.0096,9.9264,1.3312,-2.3359,0.5038,-0.1069,42.93,On Surface
506432,-0.0024,9.9479,1.3431,-2.4427,0.3206,-0.1374,42.93,On Surface
506482,-0.0215,9.9240,1.2977,-2.3511,0.5038,-0.2595,43.26,On Surface
506532,-0.0215,9.9240,1.3599,-2.4885,0.5954,-0.1069,42.98,On Surface
506582,-0.0024,9.9216,1.3815,-2.3053,0.3511,-0.0153,42.84,On Surface
506632,-0.0383,9.9695,1.3623,-2.4580,0.3664,-0.1679,42.79,On Surface
506682,0.0000,9.9144,1.3647,-2.6260,0.3664,0.0763,42.98,On Surface
506732,0.0000,9.9096,1.3503,-2.1374,0.2595,-0.1527,42.79,On Surface
506782,0.0024,9.9240,1.3527,-2.3969,0.1679,-0.1985,43.02,On Surface
506832,0.0144,9.9096,1.4269,-2.2137,0.3511,-0.3206,42.98,On Surface
506882,-0.0215,9.9072,1.3886,-2.5344,0.2290,-0.0611,42.98,On Surface
506932,-0.0383,9.9359,1.3455,-2.5344,0.3817,-0.1374,42.98,On Surface
506982,-0.0431,9.9527,1.3144,-2.5496,0.5038,-0.2290,43.17,On Surface
507032,-0.0120,9.9503,1.4006,-2.3206,0.5802,0.0916,43.31,On Surface
507082,0.0096,9.9359,1.4078,-2.4733,0.4580,-0.1832,42.93,On Surface
507132,-0.0072,10.0102,1.3623,-2.1679,0.5496,-0.0763,42.98,On Surface
507182,-0.0239,9.9096,1.4150,-2.2595,0.5802,-0.0611,43.12,On Surface
507232,0.0000,9.9431,1.3575,-2.1527,0.4275,-0.0916,42.98,On Surface
507282,0.0311,9.9599,1.3719,-2.3053,0.2443,-0.0916,42.79,On Surface
507332,-0.0072,9.9311,1.3455,-2.2443,0.4580,0.1527,42.93,On Surface
507382,0.0263,9.9455,1.3503,-2.1527,0.1985,-0.2901,42.98,On Surface
507432,0.0431,9.9359,1.3647,-2.2290,0.6565,-0.1679,42.98,On Surface
507482,0.0263,9.9527,1.3647,-2.1221,0.5038,0.1221,43.02,On Surface
507532,0.0359,9.9383,1.3001,-2.5344,0.4733,-0.1069,42.98,On Surface
507582,0.0048,9.9455,1.3479,-2.6107,0.5496,-0.0305,43.17,On Surface
507632,0.0168,9.9264,1.3910,-2.4427,0.4580,-0.2290,43.02,On Surface
507682,-0.0048,9.9623,1.3767,-2.1679,0.6565,-0.2748,42.79,On Surface
507732,-0.0263,9.9240,1.3431,-2.5038,0.6565,-0.1374,42.93,On Surface
507782,-0.0215,9.9479,1.3958,-2.3969,0.2290,-0.0763,43.26,On Surface
507832,-0.0575,9.9168,1.3934,-2.3664,0.4122,-0.1832,43.02,On Surface
507882,0.0646,9.8569,1.3599,-2.3817,0.3206,-0.0153,42.93,On Surface
507932,0.0144,9.9359,1.3048,-2.3511,0.1832,-0.1374,42.93,On Surface
507982,0.0168,9.9216,1.3719,-2.5802,0.6412,-0.3664,42.79,On Surface
508032,-0.0263,9.9527,1.2833,-2.6565,0.6412,-0.0458,42.93,On Surface
508082,-0.0096,9.9120,1.3647,-2.5649,0.7939,0.0000,42.98,On Surface
508132,-0.0503,9.9503,1.3408,-2.2443,0.5802,0.0458,43.02,On Surface
508182,0.0335,9.9264,1.3551,-2.6260,0.4427,0.1069,42.93,On Surface
508232,0.0263,9.8785,1.4126,-2.4580,0.3359,-0.1679,42.93,On Surface
508282,0.0359,9.9623,1.3623,-2.3664,0.7939,-0.0611,43.02,On Surface
508332,0.0239,9.9240,1.4341,-2.2901,0.4122,0.0916,42.79,On Surface
508382,-0.0239,9.9335,1.3743,-2.4122,0.3359,-0.0153,43.02,On Surface
508432,-0.0048,9.9359,1.3336,-2.4733,0.5802,0.2137,42.93,On Surface
508482,-0.0263,9.9120,1.3551,-2.4885,0.6565,-0.2137,42.98,On Surface
508532,-0.0192,9.9359,1.3216,-2.6260,0.6260,-0.1374,42.84,On Surface
508582,-0.0287,9.9383,1.3479,-2.6565,0.6412,-0.0305,42.98,On Surface
508632,-0.0192,9.9455,1.3312,-2.4580,0.6718,0.0153,42.98,On Surface
508682,0.0024,9.9192,1.4341,-2.4275,0.5649,-0.2137,42.84,On Surface
508732,0.0239,9.8737,1.3599,-2.3664,0.3817,-0.2901,42.65,On Surface
508782,-0.0407,9.9192,1.3455,-2.5649,0.3511,-0.1069,42.79,On Surface
508832,0.0096,9.8976,1.3384,-2.4122,0.3053,-0.0153,43.17,On Surface
508882,-0.0311,9.9551,1.3647,-2.4122,0.2748,-0.1069,43.12,On Surface
508932,-0.0168,9.9551,1.3815,-2.2595,0.5649,-0.2748,43.02,On Surface
508982,-0.0263,9.9359,1.3503,-2.5496,0.6870,-0.0611,43.02,On Surface
509032,-0.0527,9.9623,1.3479,-2.5038,0.5038,-0.2137,42.84,On Surface
509082,-0.0120,9.9216,1.3671,-2.4885,0.5954,-0.1985,42.60,On Surface
509132,-0.0048,9.9599,1.4102,-2.4275,0.3817,-0.3969,42.93,On Surface
509182,-0.0215,9.9575,1.4174,-2.0305,0.2137,-0.1985,42.74,On Surface
509232,-0.0407,9.9335,1.3479,-2.3359,0.6565,-0.0153,42.93,On Surface
509282,-0.0144,9.9311,1.3695,-2.4122,0.4122,-0.0153,42.79,On Surface
509332,-0.0311,9.9240,1.4006,-2.2290,0.3969,-0.1679,43.17,On Surface
509382,0.0144,9.8785,1.3647,-2.4275,0.5038,-0.1069,43.12,On Surface
509432,0.0024,9.9383,1.3838,-2.3359,0.1679,-0.2443,43.02,On Surface
509482,-0.0024,9.9766,1.3791,-2.5496,0.4122,-0.1679,43.12,On Surface
509532,-0.0622,9.9120,1.3910,-2.3664,0.5038,0.1679,42.93,On Surface
509582,-0.0431,9.9623,1.3886,-2.6107,0.6412,-0.1527,42.79,On Surface
509632,0.0431,9.9335,1.3599,-2.1221,0.5344,0.1679,42.79,On Surface
509682,-0.0287,9.9718,1.4269,-2.3359,0.5802,-0.1221,43.35,On Surface
509732,-0.0048,9.8809,1.3144,-2.3053,0.4427,-0.2290,42.98,On Surface
509782,-0.0120,9.9718,1.3743,-2.3206,0.3664,-0.0153,42.93,On Surface
509832,-0.0215,9.9120,1.3216,-2.2901,0.3511,-0.1069,43.02,On Surface
509882,-0.0048,9.9503,1.3671,-2.1985,0.3359,0.0305,42.98,On Surface
509932,-0.0192,9.9503,1.3647,-2.4122,0.3664,0.1679,42.98,On Surface
509982,-0.0024,9.9838,1.3575,-2.2595,0.3664,-0.1527,42.79,On Surface
510032,-0.0168,9.9575,1.3551,-2.3359,0.5344,-0.2748,42.93,On Surface
510082,-0.0479,9.9527,1.3815,-2.1832,0.3969,-0.2290,43.12,On Surface
510132,0.0024,9.9264,1.3336,-2.4885,0.4885,-0.2290,42.84,On Surface
510182,-0.0239,9.8928,1.3623,-2.5802,0.4275,-0.2290,42.93,On Surface
510232,0.0168,9.8665,1.4341,-1.9695,0.6412,0.0000,42.98,On Surface
510282,-0.0120,9.9024,1.3623,-2.4580,0.3206,0.0153,42.74,On Surface
510332,-0.0527,9.9311,1.4724,-2.2443,0.1221,0.0458,42.98,On Surface
510382,0.0168,9.9671,1.3719,-2.2137,0.5344,0.0305,43.02,On Surface
510432,0.0096,9.9623,1.3288,-2.4580,0.5954,-0.4275,43.12,On Surface
510482,-0.0072,9.9671,1.3408,-2.1679,0.4275,-0.2443,43.26,On Surface
510532,0.0048,9.9383,1.4198,-2.1069,0.4733,0.0458,42.98,On Surface
510582,-0.0215,9.9383,1.3695,-2.2137,0.3817,-0.2290,42.65,On Surface
510632,-0.0263,9.9527,1.3671,-2.5191,0.7939,-0.0611,42.93,On Surface
510682,0.0144,9.9335,1.3527,-2.3511,0.4733,-0.2748,42.93,On Surface
510732,-0.0096,9.9000,1.3599,-2.1221,0.4427,-0.0611,43.12,On Surface
510782,0.0096,9.8785,1.3838,-2.1374,0.5344,0.0611,42.98,On Surface
510832,0.0144,9.8904,1.4030,-2.1374,0.3817,0.0611,43.31,On Surface
510882,-0.0024,9.9311,1.4102,-2.4427,0.5496,-0.1832,42.60,On Surface
510932,0.0024,9.9862,1.4030,-2.4580,0.5496,-0.0916,42.98,On Surface
510982,-0.0311,9.9479,1.3671,-2.4275,0.6260,-0.1221,43.12,On Surface
511032,-0.0048,9.9671,1.3886,-2.3817,0.3664,-0.0916,42.79,On Surface
511082,0.0072,9.9335,1.4509,-2.3664,0.4733,-0.1069,42.98,On Surface
511132,0.0096,9.9335,1.3958,-2.3817,0.5802,-0.1069,42.79,On Surface
511182,-0.0144,9.8833,1.3575,-2.5191,0.5649,-0.1374,42.46,On Surface
511232,0.0072,9.8952,1.3431,-2.1679,0.4580,-0.2748,43.02,On Surface
511282,0.0048,9.9264,1.3048,-2.3969,0.4427,-0.0153,42.93,On Surface
511332,0.0120,9.8952,1.3384,-2.3511,0.3969,0.0153,42.93,On Surface
511382,-0.0215,9.9264,1.3719,-2.3969,0.4275,-0.1679,43.02,On Surface
511432,0.0048,9.9311,1.3168,-2.3664,0.6107,-0.1374,43.12,On Surface
511482,0.0072,9.9718,1.3072,-2.4580,0.5802,-0.0916,43.12,On Surface
511532,-0.0144,9.9431,1.3599,-2.3053,0.5802,-0.2137,43.26,On Surface
511582,-0.0096,9.9216,1.3455,-2.4427,0.4733,-0.0916,42.98,On Surface
511632,0.0024,9.9264,1.4198,-2.3664,0.1679,-0.1527,42.98,On Surface
511682,0.0335,9.9144,1.3623,-2.2290,0.2137,-0.1679,42.79,On Surface
511732,0.0072,9.9288,1.3240,-2.4427,0.4427,-0.1374,42.93,On Surface
511782,-0.0024,9.9048,1.3671,-2.5344,0.2290,0.0153,42.65,On Surface
511832,0.0599,9.9144,1.3623,-2.4122,0.5802,-0.1527,43.02,On Surface
511882,0.0120,9.9216,1.3695,-2.4275,0.5496,-0.0916,42.93,On Surface
511932,-0.0168,9.9359,1.2953,-2.6260,0.6870,0.0458,43.02,On Surface
511982,0.0215,9.9599,1.3982,-2.4733,0.4580,-0.0611,42.98,On Surface
512032,0.0024,9.9216,1.3144,-2.3664,0.2595,-0.1527,42.60,On Surface
512082,-0.0048,9.9264,1.3336,-2.2595,0.6565,-0.2137,42.98,On Surface
512132,-0.0359,9.9120,1.3934,-2.4580,0.7328,-0.2290,42.98,On Surface
512182,0.0048,9.9192,1.3527,-2.1679,0.6565,0.0611,42.93,On Surface
512232,0.0263,9.9072,1.3791,-2.2443,0.6260,-0.3053,42.98,On Surface
512282,0.0168,9.9455,1.3647,-2.6718,0.6718,-0.0611,43.02,On Surface
512332,0.0096,9.9240,1.3910,-2.5496,0.5344,-0.1069,43.12,On Surface
512382,-0.0287,9.9359,1.3862,-2.3817,0.5496,-0.0763,42.98,On Surface
512432,0.0168,9.9575,1.3479,-2.5802,0.2901,-0.1221,42.79,On Surface
512482,0.0192,9.9455,1.3503,-2.3817,0.9160,-0.1679,43.02,On Surface
512532,-0.0335,9.9383,1.3503,-2.3817,0.4885,0.0611,43.02,On Surface
512582,-0.0431,9.9790,1.3288,-2.3359,0.3664,-0.2290,43.02,On Surface
512632,-0.0120,9.9359,1.3336,-2.4885,0.3359,-0.1221,42.65,On Surface
512682,-0.0335,9.9216,1.3264,-2.3817,0.6718,-0.0153,42.98,On Surface
512732,0.0024,9.8881,1.3288,-2.5802,0.3511,-0.1832,42.98,On Surface
512782,0.0120,9.9096,1.4006,-2.3969,0.2748,-0.2137,42.60,On Surface
512832,0.0263,9.9431,1.3551,-2.4122,0.3817,-0.0305,42.74,On Surface
512882,0.0048,9.9072,1.3647,-2.6107,0.5496,0.1374,43.02,On Surface
512932,-0.0168,9.9120,1.3982,-2.3206,0.2748,0.0153,42.79,On Surface
512982,-0.0168,9.9120,1.3958,-2.2443,0.4885,-0.0153,42.84,On Surface
513032,0.0024,9.9383,1.3743,-2.2901,0.4122,-0.0153,42.79,On Surface
513082,-0.0120,9.9479,1.4078,-2.3817,0.4885,-0.1832,43.12,On Surface
513132,-0.0024,9.9671,1.3982,-2.1679,0.3359,0.0458,42.98,On Surface
513182,-0.0239,9.9599,1.3336,-2.4275,0.4427,-0.0305,42.98,On Surface
513232,-0.0215,9.9288,1.3527,-2.3206,0.3359,-0.0305,43.12,On Surface
513282,-0.0024,9.8904,1.3791,-2.3511,0.4122,-0.0153,42.84,On Surface
513332,-0.0215,9.9575,1.3815,-2.4122,0.2748,-0.2443,42.79,On Surface
513382,-0.0048,9.9359,1.4485,-2.2290,0.4885,-0.3053,43.12,On Surface
513432,-0.0192,9.9431,1.3336,-2.2748,0.2595,0.0000,42.84,On Surface
513482,0.0287,9.9647,1.3719,-2.4733,0.5802,0.0153,42.98,On Surface
513532,-0.0407,9.9168,1.3791,-2.2443,0.5802,0.0153,43.17,On Surface
513582,-0.0120,9.9575,1.3767,-2.4885,0.3969,0.1374,42.93,On Surface
513632,-0.0215,9.9551,1.3671,-2.2443,0.4885,-0.1985,42.98,On Surface
513682,-0.0072,9.9335,1.3408,-2.4885,0.3206,-0.3359,42.93,On Surface
513732,-0.0072,9.9671,1.3551,-2.2137,0.4580,0.1221,42.79,On Surface
513782,0.0000,9.9240,1.3815,-2.3206,0.9008,0.0458,43.02,On Surface
513832,0.0024,9.8857,1.4006,-2.3206,0.3359,-0.0611,42.74,On Surface
513882,0.0168,9.9311,1.3503,-2.2595,0.3664,-0.0611,43.02,On Surface
513932,-0.0215,9.9431,1.3815,-2.5649,0.2290,-0.1527,42.93,On Surface
513982,-0.0120,9.9479,1.3479,-2.4122,0.4275,-0.0611,42.74,On Surface
514032,0.0120,9.9551,1.3431,-2.2443,0.4885,-0.0611,42.98,On Surface
514082,-0.0431,9.9431,1.3336,-2.2443,0.5649,0.0000,42.79,On Surface
514132,-0.0263,9.9551,1.3120,-2.4275,0.5344,0.0153,42.74,On Surface
514182,-0.0335,9.9288,1.3431,-2.2901,0.4122,0.0763,42.93,On Surface
514232,0.0311,9.9120,1.3384,-2.4580,0.5344,-0.1069,42.93,On Surface
514282,0.0239,9.8976,1.3934,-2.6412,0.4733,-0.2595,42.93,On Surface
514332,0.0311,9.8737,1.3862,-2.3206,0.3053,-0.0763,42.98,On Surface
514382,-0.0168,9.9192,1.4126,-2.2137,0.4885,-0.3817,43.02,On Surface
514432,0.0144,9.9216,1.4126,-2.4733,0.5191,-0.1527,42.93,On Surface
514482,-0.0144,9.9503,1.3527,-2.4427,0.2748,-0.3053,42.74,On Surface
514532,-0.0072,9.9383,1.3958,-2.5496,0.4733,-0.0763,43.02,On Surface
514582,0.0096,9.9383,1.2977,-2.4275,0.5649,-0.0916,42.84,On Surface
514632,0.0144,9.9216,1.3527,-2.5344,0.7481,-0.2443,42.98,On Surface
514682,-0.0479,9.9575,1.3862,-2.3359,0.3969,-0.3664,42.84,On Surface
514732,-0.0096,9.9264,1.3336,-2.2595,0.7481,-0.2290,42.93,On Surface
514782,0.0431,9.8952,1.4102,-2.1374,0.5344,-0.3206,42.98,On Surface
514832,0.0144,9.8928,1.3288,-2.3969,0.2748,-0.0916,43.26,On Surface
514882,0.0287,9.8809,1.3934,-2.2443,0.4885,-0.1679,42.74,On Surface
514932,0.0192,9.9479,1.3408,-2.5496,0.5344,-0.1832,42.84,On Surface
514982,0.0144,9.9216,1.3886,-2.4275,0.3206,0.0000,42.98,On Surface
515032,0.0024,9.9072,1.3551,-2.5954,0.7023,-0.0916,43.02,On Surface
515082,0.0000,9.9144,1.3982,-2.4122,0.4275,0.1832,43.17,On Surface
515132,-0.0072,9.9551,1.3575,-2.3053,0.6412,0.0916,42.84,On Surface
515182,0.0192,9.9431,1.3767,-2.4122,0.6107,-0.2137,42.98,On Surface
515232,-0.0096,9.9240,1.3767,-2.2595,0.7634,-0.2137,42.79,On Surface
515282,-0.0287,9.9264,1.3336,-2.3359,0.6870,-0.1527,43.12,On Surface
515332,-0.0168,9.9335,1.3551,-2.2290,0.5649,-0.2290,43.17,On Surface
515382,0.0120,9.9000,1.3886,-2.4427,0.3817,0.1069,43.17,On Surface
515432,0.0192,9.9407,1.3599,-2.5038,0.1679,0.1527,43.02,On Surface
515482,-0.0335,9.9024,1.3719,-2.4427,0.5191,-0.0305,42.93,On Surface
515532,-0.0120,9.9240,1.3024,-2.4580,0.5802,-0.3359,43.26,On Surface
515582,-0.0215,9.9144,1.3120,-2.4427,0.5191,0.0000,42.74,On Surface
515632,-0.0168,9.9647,1.3527,-2.5496,0.4427,-0.1832,43.02,On Surface
515682,0.0239,9.9671,1.2905,-2.4885,0.8092,-0.1985,42.93,On Surface
515732,-0.0168,9.9359,1.3288,-2.2748,0.5344,-0.1527,42.79,On Surface
515782,-0.0359,9.8928,1.3455,-2.4580,0.5038,-0.2443,43.26,On Surface
515832,-0.0024,9.9048,1.4317,-2.3817,0.2443,-0.1069,43.12,On Surface
515882,0.0096,9.9383,1.3168,-2.3969,0.4275,-0.0916,42.98,On Surface
515932,-0.0311,9.9383,1.4413,-2.1832,0.3053,-0.1069,42.93,On Surface
515982,-0.0144,9.9527,1.3288,-2.5344,0.4733,-0.0916,43.02,On Surface
516032,-0.0455,9.9527,1.3264,-2.4122,0.5802,-0.0611,42.98,On Surface
516082,-0.0263,9.9503,1.3719,-2.2137,0.7023,-0.0916,42.98,On Surface
516132,-0.0575,9.9599,1.3431,-2.4733,0.7786,-0.1374,42.84,On Surface
516182,-0.0072,9.8976,1.3360,-2.2901,0.5649,-0.3511,43.02,On Surface
516232,-0.0215,9.9335,1.4245,-2.3206,0.7023,-0.0458,42.84,On Surface
516282,-0.0072,9.9168,1.3096,-2.1679,0.3664,-0.1832,43.02,On Surface
516332,-0.0287,9.9000,1.3527,-2.2137,0.4427,0.0611,42.93,On Surface
516382,0.0048,9.9192,1.3982,-2.3664,0.6412,0.0153,42.74,On Surface
516432,-0.0215,9.9240,1.4676,-2.3664,0.1069,0.1069,42.93,On Surface
516482,-0.0287,9.9359,1.3312,-2.1679,0.4580,0.0153,42.93,On Surface
516532,0.0024,9.9527,1.3815,-2.4580,0.5802,-0.2290,42.84,On Surface
516582,-0.0335,9.9407,1.3599,-2.2595,0.3664,-0.1069,42.84,On Surface
516632,-0.0455,9.9671,1.3934,-2.5038,0.3511,-0.3053,42.98,On Surface
516682,-0.0575,9.9335,1.4078,-2.2137,0.1527,-0.1832,43.12,On Surface
516732,-0.0287,9.9168,1.3767,-2.1527,0.4733,0.0153,42.79,On Surface
516782,-0.0287,9.9527,1.3360,-2.1221,0.4580,-0.3969,43.02,On Surface
516832,-0.0096,9.9096,1.3767,-2.1069,0.4885,-0.2443,42.84,On Surface
516882,0.0120,9.9431,1.3719,-2.1527,0.4122,0.0305,43.26,On Surface
516932,0.0072,9.8881,1.3815,-2.4427,0.3817,-0.2748,42.79,On Surface
516982,0.0335,9.9359,1.3767,-2.1374,0.2290,-0.0916,42.98,On Surface
517033,0.0144,9.9288,1.3264,-2.5496,0.3969,0.0153,43.26,On Surface
517083,-0.0359,9.9910,1.3527,-2.4733,0.5954,-0.1069,42.74,On Surface
517133,0.0192,9.9359,1.3982,-2.4427,0.5802,-0.1374,43.12,On Surface
517183,-0.0120,9.9623,1.3815,-2.0916,0.6412,-0.0916,42.93,On Surface
517233,-0.0120,9.8952,1.3312,-2.2137,0.3969,-0.1985,42.98,On Surface
517283,-0.0072,9.9216,1.3862,-2.2595,0.4427,-0.0916,42.93,On Surface
517333,-0.0168,9.9311,1.3527,-2.0916,0.3053,0.1374,43.02,On Surface
517383,-0.0024,9.9120,1.3048,-2.3969,0.4275,-0.1832,43.12,On Surface
517433,-0.0335,9.9335,1.3431,-2.1374,0.5038,-0.3206,43.17,On Surface
517483,-0.0215,9.9359,1.3336,-2.4275,0.2443,-0.2137,42.79,On Surface
517533,-0.0239,9.9168,1.3288,-2.6870,0.5344,-0.1679,42.98,On Surface
517583,-0.0120,9.9431,1.3551,-2.5802,0.6718,0.0916,42.84,On Surface
517633,0.0192,9.9455,1.3623,-2.2595,0.3206,-0.3053,42.79,On Surface
517683,0.0287,9.9335,1.3192,-2.4122,0.5191,-0.0763,42.93,On Surface
517733,0.0048,9.9288,1.3791,-2.4275,0.4122,-0.1374,42.65,On Surface
517783,-0.0024,9.9120,1.3455,-2.5802,0.6565,0.0000,42.93,On Surface
517833,-0.0168,9.9120,1.3599,-2.4275,0.3511,-0.0153,43.02,On Surface
517883,-0.0239,9.9096,1.3551,-2.2443,0.5954,-0.0916,42.93,On Surface
517933,0.0215,9.9814,1.3599,-2.3359,0.6718,-0.1985,43.02,On Surface
517983,-0.0024,9.9335,1.3384,-2.3206,0.5496,-0.1069,42.98,On Surface
518033,0.0168,9.9862,1.4222,-2.3817,0.5649,-0.3969,42.98,On Surface
518083,-0.0287,9.9383,1.3791,-2.3511,0.5802,0.0916,42.98,On Surface
518133,-0.0144,9.9144,1.4269,-2.4275,0.5496,-0.3053,42.93,On Surface
518183,0.0144,9.8952,1.3958,-2.1985,0.4885,0.0000,42.93,On Surface
518233,-0.0383,9.9407,1.3862,-2.3053,0.2901,-0.0763,43.02,On Surface
518283,0.0024,9.9503,1.3671,-2.5038,0.2748,0.0916,42.93,On Surface
518333,-0.0479,9.9503,1.3599,-2.4733,0.5344,-0.0916,43.02,On Surface
518383,-0.0479,9.9551,1.2977,-2.5344,0.3053,-0.0916,43.31,On Surface
518433,-0.0311,9.9024,1.3001,-2.3511,0.3969,-0.2901,42.79,On Surface
518483,-0.0144,9.9335,1.3384,-2.4733,0.6107,-0.2290,42.93,On Surface
518533,-0.0072,9.9335,1.4437,-2.3206,0.3969,-0.0153,42.98,On Surface
518583,0.0335,9.9072,1.3431,-2.3206,0.5191,-0.0611,42.93,On Surface
518633,-0.0263,9.9192,1.3934,-2.3511,0.4733,-0.0153,42.93,On Surface
518683,0.0168,9.8928,1.3623,-2.4580,0.2901,-0.0916,42.74,On Surface
518733,0.0024,9.9623,1.4006,-2.4885,0.6412,-0.0763,42.79,On Surface
518783,0.0215,9.9240,1.3599,-2.5496,0.3511,0.1221,43.02,On Surface
518833,0.0192,9.9024,1.3408,-2.5038,0.4122,-0.1374,42.65,On Surface
518883,-0.0407,9.9359,1.3599,-2.4580,0.6565,-0.0763,42.74,On Surface
518933,-0.0024,9.9407,1.3360,-2.6260,0.6260,-0.0611,43.02,On Surface
518983,-0.0048,9.9383,1.3934,-2.5954,0.5802,-0.3817,43.02,On Surface
519033,-0.0168,9.9335,1.3862,-2.6107,0.5802,0.0611,42.74,On Surface
519083,0.0024,9.9264,1.3527,-2.3664,0.5649,-0.4427,42.84,On Surface
519133,-0.0263,9.9431,1.4126,-2.3817,0.4885,-0.3359,42.74,On Surface
519183,-0.0239,9.9192,1.4006,-2.5038,0.4885,-0.1832,42.93,On Surface
519233,-0.0407,9.9216,1.4030,-2.2595,0.3969,-0.0458,42.93,On Surface
519283,0.0168,9.9144,1.3408,-2.5191,0.1679,-0.0763,43.02,On Surface
519333,-0.0215,9.9407,1.3671,-2.5344,0.3969,0.1679,42.93,On Surface
519383,0.0024,9.9407,1.3360,-2.3969,0.7328,-0.0458,43.02,On Surface
519433,-0.0311,9.9383,1.3886,-2.2901,0.5496,-0.0153,43.02,On Surface
519483,-0.0215,9.9647,1.3671,-2.3969,0.4275,-0.1832,43.02,On Surface
519533,0.0144,9.9168,1.3240,-2.3664,0.3206,-0.0153,42.93,On Surface
519583,-0.0479,9.9599,1.3455,-2.4580,0.3053,-0.2595,43.02,On Surface
519633,-0.0168,9.9216,1.3838,-2.3053,0.4427,-0.1832,42.98,On Surface
519683,-0.0287,9.8976,1.4461,-2.1069,0.2595,-0.2137,42.65,On Surface
519733,0.0311,9.9120,1.3623,-2.3511,0.3817,-0.0763,42.93,On Surface
519783,-0.0024,9.9216,1.3695,-2.3969,0.3969,0.0916,43.12,On Surface
519833,-0.0239,9.9216,1.4341,-2.4580,0.5954,-0.3053,42.93,On Surface
519883,-0.0144,9.9455,1.3838,-2.4885,0.5038,-0.1527,43.02,On Surface
519933,-0.0192,9.9742,1.4054,-2.4885,0.6565,0.0305,43.02,On Surface
519983,-0.0599,9.9096,1.3599,-2.5191,0.4122,-0.1069,42.93,On Surface
520033,-0.0239,9.9192,1.3767,-1.9695,0.6412,-0.0458,43.02,On Surface
520083,-0.0287,9.9240,1.4126,-2.3053,0.3969,-0.1679,43.12,On Surface
520133,-0.0024,9.8833,1.3336,-2.2137,0.3817,-0.0305,42.93,On Surface
520183,0.0407,9.9072,1.3575,-2.2290,0.5191,-0.0458,42.98,On Surface
520233,0.0024,9.9455,1.4269,-2.3359,0.5038,-0.0763,42.84,On Surface
520283,-0.0072,9.9192,1.3384,-2.1832,0.3206,-0.0763,43.02,On Surface
520333,-0.0215,9.9359,1.3934,-2.3206,0.2443,-0.1069,43.02,On Surface
520383,0.0407,9.9599,1.3886,-2.6412,0.2748,-0.1527,42.98,On Surface
520433,-0.0072,9.9599,1.3384,-2.4733,0.6718,0.0153,42.79,On Surface
520483,0.0168,9.9455,1.3910,-2.4122,0.4580,-0.2901,42.84,On Surface
520533,-0.0335,9.9623,1.3551,-2.2595,0.4122,0.0305,42.65,On Surface
520583,-0.0407,9.9527,1.3958,-2.4122,0.7023,-0.1374,42.84,On Surface
520633,-0.0263,9.9407,1.3312,-2.2595,0.5344,-0.0763,42.84,On Surface
520683,-0.0120,9.9335,1.3910,-2.2137,0.2901,-0.1832,42.93,On Surface
520733,0.0239,9.9072,1.3527,-2.1985,0.5038,0.2137,43.02,On Surface
520783,0.0024,9.9264,1.3743,-2.3969,0.5344,-0.1985,42.79,On Surface
520833,0.0024,9.9383,1.3192,-2.2901,0.7328,-0.0916,42.93,On Surface
520883,0.0239,9.9695,1.3575,-2.2443,0.4427,-0.1527,43.02,On Surface
520933,-0.0431,9.9431,1.3288,-2.5649,0.6565,-0.0763,42.98,On Surface
520983,-0.0359,9.9383,1.3479,-2.1832,0.2748,-0.1069,42.98,On Surface
521033,0.0144,9.9647,1.4724,-2.1527,0.6260,-0.1221,42.79,On Surface
521083,-0.0168,9.9192,1.4245,-2.0000,0.4427,0.0000,43.02,On Surface
521133,0.0311,9.9216,1.4245,-2.2748,0.3206,-0.0611,42.93,On Surface
521183,0.0000,9.8904,1.4054,-2.5954,0.3969,-0.1527,42.93,On Surface
521233,-0.0048,9.9359,1.3934,-2.2595,0.3817,-0.1985,42.74,On Surface
521283,0.0048,9.9311,1.3527,-2.3969,0.4885,-0.2443,43.12,On Surface
521333,-0.0048,9.9264,1.3431,-2.2595,0.3664,-0.1679,43.02,On Surface
521383,-0.0192,9.9216,1.3192,-2.3053,0.9466,-0.3511,43.02,On Surface
521433,-0.0694,9.9096,1.3671,-2.4885,0.5802,-0.2443,42.98,On Surface
521483,0.0048,9.9599,1.3168,-2.3511,0.4580,-0.2595,42.98,On Surface
521533,-0.0096,9.8952,1.3862,-2.2748,0.4733,-0.2901,42.93,On Surface
521583,0.0024,9.9407,1.2977,-2.2901,0.3053,-0.5344,42.93,On Surface
521633,-0.0192,9.9144,1.3910,-2.3511,0.3664,-0.0153,43.02,On Surface
521683,0.0192,9.9144,1.3312,-2.3511,0.5802,-0.0458,42.93,On Surface
521733,0.0383,9.9479,1.3575,-2.3359,0.5802,-0.0305,43.12,On Surface
521783,0.0048,9.9335,1.3599,-2.2137,0.6870,-0.2595,43.17,On Surface
521833,-0.0335,9.9072,1.3360,-2.4733,0.4885,-0.1679,42.93,On Surface
521883,-0.0215,9.9431,1.2881,-2.6107,0.5649,-0.1527,42.79,On Surface
521933,-0.0120,9.9311,1.3240,-2.4122,0.5649,-0.1221,42.98,On Surface
521983,-0.0024,9.9311,1.3503,-2.4427,0.6412,-0.1985,42.98,On Surface
522033,0.0192,9.9048,1.3791,-2.4275,0.4122,-0.0611,42.84,On Surface
522083,0.0168,9.9144,1.3479,-2.4580,0.4580,-0.0458,43.02,On Surface
522133,0.0048,9.9072,1.3719,-2.5649,0.6565,-0.0763,42.93,On Surface
522183,0.0215,9.8761,1.3623,-2.6718,0.4580,0.0458,42.98,On Surface
522233,0.0383,9.9264,1.4198,-2.6107,0.4885,-0.0916,42.93,On Surface
522283,0.0072,9.9623,1.3431,-2.6107,0.6260,0.0305,42.93,On Surface
522333,-0.0407,9.9096,1.3575,-2.3969,0.5954,-0.1374,42.98,On Surface
522383,-0.0096,9.9790,1.3216,-2.3359,0.6412,-0.0458,43.12,On Surface
522433,-0.0383,9.9383,1.3815,-2.3969,0.6718,-0.2443,42.84,On Surface
522483,-0.0599,9.9431,1.3288,-2.4122,0.4427,-0.3053,42.98,On Surface
522533,-0.0072,9.9479,1.4581,-2.4733,0.4580,-0.3206,42.84,On Surface
522583,0.0072,9.9359,1.3551,-2.2901,0.5038,-0.1679,42.93,On Surface
522633,-0.0048,9.9264,1.3791,-2.6260,0.4275,0.0305,42.98,On Surface
522683,0.0359,9.9048,1.3958,-2.4733,0.6870,0.0763,42.84,On Surface
522733,-0.0072,9.9192,1.3431,-2.3511,0.5038,-0.0916,42.93,On Surface
522783,-0.0287,9.8976,1.3671,-2.5802,0.3969,-0.2595,42.84,On Surface
522833,-0.0527,9.9311,1.4245,-2.3053,0.7176,-0.1679,43.02,On Surface
522883,-0.0096,9.9431,1.3216,-2.4580,0.7634,0.0611,43.17,On Surface
522933,-0.0335,9.9335,1.2785,-2.6870,0.5649,-0.0153,42.84,On Surface
522983,0.0048,9.9455,1.4126,-2.1985,0.4733,-0.0611,42.93,On Surface
523033,0.0000,9.9024,1.3671,-2.1832,0.2748,-0.1527,42.98,On Surface
523083,0.0192,9.9120,1.3599,-2.3969,0.3359,-0.0458,42.93,On Surface
523133,0.0000,9.9407,1.3575,-2.5649,0.1985,-0.1374,42.98,On Surface
523183,0.0048,9.9335,1.4629,-2.4122,0.3206,0.0153,42.84,On Surface
523233,-0.0144,9.9144,1.3719,-2.1832,0.6870,-0.1374,42.98,On Surface
523283,0.0239,9.9216,1.3695,-2.5649,0.3511,-0.1069,42.93,On Surface
523333,-0.0048,9.9192,1.4150,-2.6107,0.4580,0.0458,42.65,On Surface
523383,-0.0120,9.9575,1.3791,-2.5191,0.4275,-0.0305,43.02,On Surface
523433,-0.0120,9.9431,1.3384,-2.5038,0.4885,-0.0153,42.79,On Surface
523483,-0.0239,9.9527,1.3527,-2.2443,0.4122,-0.2595,43.02,On Surface
523533,-0.0311,9.9288,1.3527,-2.2290,0.4427,0.0458,43.02,On Surface
523583,-0.0215,9.9814,1.3767,-2.2595,0.3817,0.0763,42.79,On Surface
523633,-0.0335,9.9359,1.4054,-2.3664,0.3969,0.0305,42.93,On Surface
523683,0.0072,9.9048,1.3408,-2.3817,0.1985,-0.0763,42.98,On Surface
523733,0.0096,9.8785,1.3599,-1.9695,0.3817,0.1679,43.02,On Surface
523783,0.0263,9.9216,1.3671,-2.2901,0.4885,0.2137,42.74,On Surface
523833,-0.0120,9.9359,1.3288,-2.3969,0.4275,-0.0458,42.74,On Surface
523883,0.0479,9.9671,1.3791,-2.5191,0.5954,-0.1221,43.02,On Surface
523933,-0.0215,9.9718,1.3910,-2.6718,0.4427,-0.2290,42.84,On Surface
523983,-0.0168,9.9192,1.3551,-2.3053,0.5954,0.0153,42.93,On Surface
524033,0.0072,9.9814,1.3743,-2.1985,0.6870,-0.2595,42.74,On Surface
524083,0.0024,9.9599,1.3264,-2.3206,0.4580,-0.3053,42.79,On Surface
524133,0.0072,9.9455,1.3695,-2.3511,0.1527,-0.1527,42.74,On Surface
524183,-0.0599,9.9455,1.3503,-2.4733,0.4122,-0.1985,42.79,On Surface
524233,-0.0048,9.9479,1.4150,-2.1527,0.3817,-0.1221,42.84,On Surface
524283,0.0263,9.9096,1.3336,-2.3206,0.3969,-0.0763,42.79,On Surface
524333,0.0192,9.9527,1.3431,-2.3817,0.5344,0.2901,42.98,On Surface
524383,-0.0192,9.9647,1.3647,-2.4427,0.2443,-0.0305,43.17,On Surface
524433,-0.0192,9.9264,1.3455,-2.3664,0.4885,-0.1069,42.93,On Surface
524483,-0.0120,9.9527,1.3216,-2.3511,0.4733,-0.3053,42.93,On Surface
524533,0.0192,9.9647,1.3479,-2.3664,0.6260,-0.3206,42.79,On Surface
524583,-0.0048,9.9216,1.4006,-2.5344,0.5038,-0.0763,42.93,On Surface
524633,0.0120,9.9383,1.3743,-2.4427,0.4275,-0.2901,42.93,On Surface
524683,-0.0263,9.9000,1.3647,-2.1985,0.3969,-0.3511,43.02,On Surface
524733,0.0215,9.9407,1.3360,-2.3817,0.5191,-0.1985,43.02,On Surface
524783,-0.0024,9.9503,1.3527,-2.2290,0.1374,-0.2901,43.02,On Surface
524833,0.0120,9.9096,1.3599,-2.4275,0.4580,-0.0611,42.98,On Surface
524883,-0.0168,9.9264,1.3671,-2.2748,0.3206,0.0153,42.93,On Surface
524933,-0.0335,9.9335,1.3647,-2.4885,0.6412,0.0153,42.98,On Surface
524983,-0.0072,9.9359,1.3743,-2.6870,0.3664,-0.0611,42.93,On Surface
525033,-0.0120,9.9551,1.3408,-2.6260,0.5038,0.0458,42.98,On Surface
525083,-0.0072,9.9479,1.3336,-2.5191,0.6260,-0.1374,42.84,On Surface
525133,-0.0263,9.9120,1.3336,-2.4427,0.2595,0.0458,42.98,On Surface
525183,0.0479,9.8857,1.3958,-2.2901,0.7176,-0.1679,43.02,On Surface
525233,0.0263,9.9096,1.3743,-2.3511,0.3817,-0.0763,43.12,On Surface
525283,0.0024,9.9431,1.4485,-2.3206,0.8550,-0.1679,42.79,On Surface
525333,0.0072,9.9072,1.3862,-2.3969,0.4122,-0.2901,42.79,On Surface
525383,-0.0096,9.9216,1.3767,-2.7023,0.7328,0.1221,43.02,On Surface
525433,0.0144,9.9695,1.3216,-2.5496,0.4122,-0.0458,42.98,On Surface
525483,-0.0024,9.9096,1.3192,-2.5344,0.4885,0.1069,42.98,On Surface
525533,-0.0192,9.9671,1.3120,-2.4275,0.3053,-0.1985,42.93,On Surface
525583,-0.0144,9.9551,1.3671,-2.4275,0.5496,-0.1069,42.74,On Surface
525633,-0.0239,9.9527,1.3743,-2.3969,0.7328,-0.1374,42.93,On Surface
525683,-0.0168,9.8952,1.3312,-2.4885,0.5191,-0.4885,43.12,On Surface
525733,0.0144,9.9024,1.3360,-2.3664,0.4885,0.0153,42.98,On Surface
525783,-0.0503,9.9048,1.3671,-2.4275,0.4885,-0.3664,42.93,On Surface
525833,0.0168,9.9455,1.3815,-2.3359,0.7176,-0.1221,42.74,On Surface
525883,0.0455,9.9048,1.3791,-2.4580,0.4733,-0.1527,42.93,On Surface
525933,-0.0072,9.9072,1.3767,-2.4733,0.7176,-0.1221,42.93,On Surface
525983,0.0072,9.9192,1.3623,-2.3969,0.4885,-0.2901,42.65,On Surface
526033,-0.0048,9.9503,1.4030,-2.3053,0.5954,0.1069,42.79,On Surface
526083,0.0024,9.9311,1.3647,-2.3053,0.6107,-0.0916,42.93,On Surface
526133,-0.0335,9.9311,1.3551,-2.7481,0.3359,-0.0153,43.35,On Surface
526183,-0.0192,9.9359,1.3479,-2.5344,0.4885,-0.3817,42.65,On Surface
526233,-0.0527,9.9742,1.3886,-2.4427,0.1069,-0.1527,42.93,On Surface
526283,-0.0024,9.9407,1.3886,-2.3359,0.5038,0.0153,42.93,On Surface
526333,-0.0024,9.9168,1.3288,-2.4427,0.2595,-0.3359,43.02,On Surface
526383,0.0048,9.9551,1.3719,-2.3511,0.6412,-0.2595,42.98,On Surface
526433,-0.0359,9.9431,1.3647,-2.2290,0.1679,-0.0153,43.17,On Surface
526483,-0.0168,9.9431,1.3168,-2.5038,0.5191,-0.3053,43.02,On Surface
526533,0.0144,9.9240,1.3743,-2.3359,0.4122,-0.4733,42.93,On Surface
526583,-0.0168,9.9814,1.2474,-2.2443,0.5802,-0.2290,42.98,On Surface
526633,-0.0383,9.9551,1.3288,-2.4122,0.4733,-0.3359,42.79,On Surface
526683,-0.0287,9.9335,1.3360,-2.1985,0.4427,-0.1069,43.17,On Surface
526733,-0.0168,9.9671,1.3551,-2.3817,0.4427,-0.0611,43.02,On Surface
526783,0.0120,9.9144,1.4174,-2.1527,0.5038,-0.1679,43.02,On Surface
526833,-0.0263,9.8881,1.4198,-2.4122,0.1069,-0.0611,42.79,On Surface
526883,0.0311,9.9048,1.3264,-2.5191,0.4580,-0.0763,43.02,On Surface
526933,-0.0599,9.9599,1.3575,-2.3053,0.3206,0.0153,42.93,On Surface
526983,0.0144,9.9671,1.3623,-2.4733,0.2137,0.1527,42.93,On Surface
527033,0.0000,9.9647,1.3695,-2.4427,0.5038,-0.1679,42.93,On Surface
527083,-0.0311,9.9527,1.3599,-2.3511,0.5038,-0.3817,43.02,On Surface
527133,-0.0072,9.9479,1.3120,-2.1679,0.5802,0.0763,43.02,On Surface
527183,0.0311,9.9264,1.3982,-2.0305,0.6870,-0.3206,42.79,On Surface
527233,-0.0287,9.9288,1.3144,-2.1985,0.3664,-0.2443,42.84,On Surface
527283,0.0096,9.9216,1.3455,-2.3053,0.4733,0.0458,42.79,On Surface
527333,0.0072,9.9240,1.3767,-2.2443,0.3359,0.0305,42.93,On Surface
527383,-0.0239,9.9264,1.4581,-2.3206,0.4427,0.0458,43.12,On Surface
527433,0.0000,9.9168,1.3599,-2.3664,0.4885,-0.1985,42.98,On Surface
527483,0.0215,9.9311,1.3408,-2.5344,0.2443,-0.1679,42.93,On Surface
527533,0.0335,9.9407,1.2785,-2.4275,0.2748,-0.3053,42.98,On Surface
527583,-0.0215,9.9383,1.3192,-2.2595,0.8702,0.0000,42.74,On Surface
527633,-0.0239,9.9479,1.4245,-2.2595,0.7939,-0.0763,43.12,On Surface
527683,-0.0168,9.9407,1.3336,-2.2748,0.3664,-0.1221,42.98,On Surface
527733,-0.0215,9.9647,1.3360,-2.3053,0.3053,-0.4122,42.79,On Surface
527783,0.0168,9.9359,1.4126,-2.2901,0.4885,-0.1679,42.93,On Surface
527833,0.0120,9.9024,1.3958,-2.2748,0.1374,-0.2748,42.65,On Surface
527883,0.0311,9.9575,1.3695,-2.3664,0.2595,0.0458,43.02,On Surface
527933,0.0599,9.9072,1.3527,-2.3969,0.3664,0.0916,43.02,On Surface
527983,0.0096,9.9120,1.3575,-2.2443,0.3664,-0.2137,43.17,On Surface
528033,0.0024,9.9575,1.3336,-2.4122,0.4122,0.0153,42.79,On Surface
528083,-0.0694,9.9335,1.3767,-2.2748,0.3511,-0.0611,42.98,On Surface
528133,0.0287,9.9551,1.3240,-2.3511,0.6718,-0.1985,42.65,On Surface
528183,0.0120,9.9216,1.4174,-2.6260,0.6870,-0.1985,43.02,On Surface
528233,-0.0311,9.9671,1.3312,-2.2443,0.7176,0.1679,42.93,On Surface
528283,-0.0168,9.9216,1.4078,-2.5038,0.3359,-0.5191,42.98,On Surface
528333,0.0024,9.9264,1.4150,-2.2595,0.6412,-0.1985,43.02,On Surface
528383,-0.0144,9.9216,1.3216,-2.3053,0.4733,0.0916,43.02,On Surface
528433,0.0024,9.9024,1.3886,-2.3664,0.4275,-0.1221,42.98,On Surface
528483,0.0527,9.9240,1.3240,-2.3511,0.4885,-0.0763,43.02,On Surface
528533,0.0048,9.9335,1.3623,-2.2901,0.4122,-0.0763,42.79,On Surface
528583,0.0239,9.9144,1.3527,-2.6412,0.3359,-0.3206,43.02,On Surface
528633,-0.0670,9.9527,1.3479,-2.6870,0.5038,-0.4122,42.93,On Surface
528683,0.0144,9.9288,1.3216,-2.9160,0.3511,-0.0153,42.93,On Surface
528733,0.0000,9.9718,1.3551,-2.4275,0.6107,-0.3664,43.26,On Surface
528783,-0.0144,9.9168,1.3767,-2.3053,0.3511,-0.1985,42.93,On Surface
528833,0.0383,9.8904,1.3384,-2.4580,0.4885,-0.1221,43.02,On Surface
528883,-0.0120,9.8928,1.3168,-2.4275,0.5038,-0.1069,42.98,On Surface
528933,0.0215,9.9096,1.3982,-2.1985,0.7939,-0.1374,43.02,On Surface
528983,-0.0072,9.9335,1.3934,-2.6412,0.3053,0.0763,43.12,On Surface
529033,0.0479,9.9048,1.3599,-2.3053,0.3206,-0.1374,42.79,On Surface
529083,-0.0096,9.9000,1.3551,-2.5802,0.6718,-0.2901,42.98,On Surface
529133,-0.0096,9.9479,1.3695,-2.5191,0.4733,-0.1221,42.74,On Surface
529183,-0.0024,9.9407,1.3288,-2.1832,0.6107,0.0000,43.12,On Surface
529233,-0.0215,9.9288,1.3958,-2.4885,0.4733,0.0153,42.93,On Surface
529283,-0.0335,9.9383,1.3551,-2.4580,0.2748,-0.3206,42.84,On Surface
529333,0.0192,9.9120,1.3336,-2.1985,0.3969,-0.1985,42.74,On Surface
529383,0.0383,9.9264,1.3791,-2.5802,0.4733,0.0763,43.02,On Surface
529433,-0.0072,9.9072,1.4054,-2.6107,0.2901,0.0305,42.98,On Surface
529483,-0.0263,9.9288,1.2905,-2.5649,0.5191,-0.1221,42.98,On Surface
529533,-0.0048,9.9192,1.3264,-2.4275,0.4885,-0.1069,42.93,On Surface
529583,-0.0239,9.9695,1.4102,-2.3817,0.4427,0.0611,43.17,On Surface
529633,-0.0096,9.9431,1.3551,-2.4580,0.4427,-0.0458,42.84,On Surface
529683,-0.0192,9.9695,1.3408,-2.3969,0.5038,-0.0305,42.93,On Surface
529733,-0.0287,9.9216,1.3575,-2.7023,0.4885,-0.2137,42.98,On Surface
529783,0.0168,9.8976,1.3384,-2.4427,0.5649,-0.0611,42.93,On Surface
529833,0.0120,9.8976,1.3575,-2.1679,0.4122,-0.0305,43.17,On Surface
529883,-0.0287,9.8809,1.2617,-2.1374,0.4733,0.0611,42.98,On Surface
529933,-0.0024,9.8761,1.3312,-2.5038,0.3511,-0.1679,43.12,On Surface
529983,-0.0287,9.8952,1.2977,-2.2901,0.6260,0.0916,43.02,On Surface
530033,-0.0024,9.9455,1.3719,-2.3206,0.5038,-0.1069,42.79,On Surface
530083,-0.0503,9.9383,1.3838,-2.2290,0.4733,-0.1679,42.93,On Surface
530133,-0.0144,9.9551,1.3408,-2.5496,0.3359,-0.0458,42.79,On Surface
530183,-0.0263,9.9048,1.3647,-2.2443,0.4275,-0.1527,43.02,On Surface
530233,-0.0287,9.8976,1.3455,-2.4275,0.5191,-0.3053,42.98,On Surface
530283,-0.0144,9.8976,1.4365,-2.3817,0.3511,-0.0458,42.93,On Surface
530333,-0.0168,9.9647,1.4437,-2.1985,0.1679,0.0763,42.79,On Surface
530383,0.0048,9.8928,1.3527,-2.3511,0.2443,-0.1069,42.84,On Surface
530433,-0.0239,9.9096,1.4509,-2.3359,0.3511,-0.2290,42.93,On Surface
530483,0.0000,9.9455,1.3695,-2.1221,0.4427,0.1527,42.93,On Surface
530533,-0.0359,9.9527,1.3024,-2.3664,0.5344,-0.1221,43.26,On Surface
530583,0.0120,9.9527,1.3144,-2.4275,0.6260,-0.0916,42.98,On Surface
530633,-0.0120,9.9359,1.3312,-2.0611,0.5802,-0.0458,42.79,On Surface
530683,-0.0263,9.9120,1.3240,-2.4885,0.5496,0.0611,42.93,On Surface
530733,0.0048,9.9264,1.3479,-2.3206,0.3664,-0.0305,42.93,On Surface
530783,0.0215,9.8881,1.3120,-2.4275,0.2595,0.1832,43.17,On Surface
530833,-0.0192,9.9216,1.4030,-2.3511,0.6870,-0.0458,43.02,On Surface
530883,-0.0335,9.8761,1.3886,-2.3206,0.5191,-0.0458,42.74,On Surface
530933,-0.0096,9.9072,1.3144,-2.3053,0.3969,-0.1679,42.79,On Surface
530983,-0.0120,9.9120,1.3838,-2.2137,0.2901,-0.1985,42.98,On Surface
531033,0.0407,9.9455,1.3719,-2.3359,0.7023,-0.2443,43.02,On Surface
531083,0.0431,9.9599,1.3360,-2.1832,0.3359,-0.1832,42.84,On Surface
531133,0.0000,9.9647,1.3360,-2.3053,0.2443,-0.3511,43.02,On Surface
531183,-0.0096,9.9742,1.3360,-2.0916,0.6565,0.0305,43.02,On Surface
531233,0.0215,9.9192,1.3551,-2.4122,0.5649,0.0458,42.79,On Surface
531283,0.0144,9.9096,1.4006,-2.3664,0.4427,0.0153,43.02,On Surface
531333,0.0215,9.9288,1.3168,-2.5496,0.3969,0.0916,42.98,On Surface
531383,-0.0072,9.8857,1.3719,-2.2901,0.4885,-0.0611,42.93,On Surface
531433,-0.0215,9.8761,1.3862,-2.4580,0.4275,-0.2901,42.79,On Surface
531483,0.0000,9.9335,1.3791,-2.5496,0.4885,0.0763,42.98,On Surface
531533,-0.0335,9.9575,1.3623,-2.4733,0.1221,0.0305,42.79,On Surface
531583,0.0335,9.9120,1.3431,-2.3359,0.3511,-0.1832,42.74,On Surface
531633,-0.0072,9.9503,1.3384,-2.3969,0.3817,-0.2748,42.84,On Surface
531683,0.0168,9.9288,1.3360,-2.3969,0.5344,-0.1221,42.84,On Surface
531733,0.0311,9.9383,1.3336,-2.4275,0.3359,-0.1374,42.93,On Surface
531783,0.0024,9.9311,1.3503,-2.6260,0.5496,-0.0458,42.93,On Surface
531833,-0.0096,9.9168,1.4317,-2.3206,0.4885,-0.0305,42.98,On Surface
531883,0.0096,9.8952,1.4198,-2.3053,0.5344,0.0916,42.79,On Surface
531933,0.0120,9.9288,1.3479,-2.3206,0.2748,-0.0611,42.79,On Surface
531983,0.0311,9.9407,1.3575,-2.5344,0.5191,-0.0305,42.65,On Surface
532033,-0.0096,9.8928,1.3838,-2.5038,0.3206,-0.2901,42.84,On Surface
532083,-0.0192,9.9383,1.2522,-2.3206,0.5802,0.0000,42.79,On Surface
532133,-0.0096,9.9144,1.3455,-2.4122,0.4885,-0.3359,42.98,On Surface
532183,0.0072,9.8928,1.3312,-2.2290,0.4427,-0.2137,43.02,On Surface
532233,-0.0192,9.9144,1.4150,-2.4275,0.4733,-0.4122,42.93,On Surface
532283,-0.0096,9.9168,1.3551,-2.4427,0.5954,-0.4122,42.93,On Surface
532333,0.0239,9.8833,1.3982,-2.3969,0.3817,-0.0153,43.12,On Surface
532383,-0.0287,9.9192,1.3815,-2.3206,0.4885,-0.0611,42.98,On Surface
532433,-0.0072,9.9671,1.3623,-2.4275,0.3969,-0.2595,43.02,On Surface
532483,0.0311,9.9024,1.3695,-2.5038,0.4427,-0.2137,42.84,On Surface
532533,-0.0431,9.9407,1.3288,-2.4275,0.4733,0.1374,42.93,On Surface
532583,0.0096,9.9527,1.3096,-2.4885,0.3969,0.0611,43.17,On Surface
532633,-0.0168,9.9623,1.3623,-2.3511,0.6718,-0.3359,42.98,On Surface
532683,-0.0239,9.9048,1.3910,-2.3969,0.8702,-0.0458,42.84,On Surface
532733,0.0000,9.9407,1.3767,-2.5038,0.5802,-0.1527,43.12,On Surface
532783,0.0096,9.9072,1.3743,-2.5496,0.4580,-0.2137,42.79,On Surface
532833,0.0144,9.8857,1.4150,-2.4733,0.6260,-0.1374,42.98,On Surface
532883,0.0311,9.9288,1.3431,-2.3206,0.5802,-0.0458,42.98,On Surface
532933,0.0192,9.9527,1.3743,-2.5954,0.3359,-0.1679,42.98,On Surface
532983,0.0239,9.9359,1.4245,-2.5802,0.4580,-0.0611,42.93,On Surface
533033,0.0072,9.9527,1.3599,-2.6565,0.3359,-0.1221,42.98,On Surface
533083,-0.0144,9.9431,1.3288,-2.3969,0.5191,0.0458,42.93,On Surface
533133,0.0048,9.9431,1.3384,-2.2748,0.4275,-0.1069,43.12,On Surface
533183,-0.0168,9.9503,1.3695,-2.5496,0.4427,-0.3053,43.26,On Surface
533233,-0.0072,9.9551,1.3408,-2.1832,0.8092,-0.2290,42.84,On Surface
533283,-0.0287,9.9240,1.4222,-2.2443,0.6107,0.0611,42.79,On Surface
533333,-0.0072,9.9359,1.3958,-2.1985,0.1832,-0.1985,42.51,On Surface
533383,0.0144,9.9000,1.3791,-2.3053,0.4122,-0.0916,42.93,On Surface
533433,-0.0239,9.9599,1.3288,-2.4427,0.4885,-0.0305,42.65,On Surface
533483,-0.0072,9.9551,1.4078,-2.3206,0.5649,0.1069,42.65,On Surface
533533,0.0072,9.9527,1.3408,-2.4733,0.6260,-0.2748,42.74,On Surface
533583,0.0192,9.9551,1.3288,-2.5038,0.5496,0.0458,42.51,On Surface
533633,-0.0048,9.9623,1.3312,-2.2901,0.5191,-0.1832,42.93,On Surface
533683,-0.0383,9.9264,1.3647,-2.4580,0.2748,-0.1069,43.02,On Surface
533733,0.0000,9.9192,1.4269,-2.3817,0.5344,0.0458,43.12,On Surface
533783,0.0239,9.9024,1.3838,-2.3206,0.3206,-0.0305,42.84,On Surface
533833,-0.0048,9.9575,1.3623,-2.3206,0.0763,-0.3053,43.02,On Surface
533883,-0.0311,9.9216,1.3336,-2.3053,0.3511,-0.1374,42.93,On Surface
533933,0.0120,9.9503,1.3575,-2.1527,0.1527,-0.0611,43.02,On Surface
533983,0.0192,9.9120,1.4006,-2.2901,0.3511,-0.0916,42.60,On Surface
534033,-0.0287,9.9766,1.3360,-2.2595,0.7023,0.1679,42.79,On Surface
534083,0.0000,9.9838,1.2737,-2.5496,0.4275,-0.0305,43.02,On Surface
534133,-0.0120,9.9527,1.2953,-2.3664,0.4122,-0.0763,42.65,On Surface
534183,-0.0455,9.9455,1.3958,-2.2290,0.4733,-0.1832,42.98,On Surface
534233,-0.0120,9.9431,1.3719,-2.2290,0.4122,-0.0305,42.74,On Surface
534283,0.0144,9.9335,1.3623,-2.1527,0.5038,-0.3053,42.93,On Surface
534333,-0.0311,9.9120,1.3336,-2.2901,0.2748,-0.2443,42.84,On Surface
534383,-0.0192,9.9024,1.3623,-2.3817,0.2137,-0.1832,42.98,On Surface
534433,0.0072,9.9048,1.3599,-2.3206,0.5038,0.1221,42.65,On Surface
534483,-0.0120,9.9407,1.3647,-2.1985,0.3053,0.1069,43.02,On Surface
534533,-0.0192,9.9144,1.3791,-2.3206,0.4733,-0.0763,42.79,On Surface
534583,-0.0072,9.9168,1.3934,-2.3817,0.4275,-0.3511,42.98,On Surface
534633,-0.0239,9.9359,1.3216,-2.3817,0.6565,-0.1679,42.79,On Surface
534683,-0.0120,9.9695,1.3743,-2.2290,0.5496,0.0916,42.93,On Surface
534733,-0.0311,9.9599,1.4461,-2.3511,0.3053,-0.1985,42.98,On Surface
534783,-0.0024,9.9096,1.3671,-2.5802,0.3817,-0.2137,42.74,On Surface
534833,0.0215,9.9096,1.3767,-2.5191,0.3664,-0.2290,42.98,On Surface
534883,-0.0048,9.9168,1.3958,-2.3817,0.5802,-0.2137,42.93,On Surface
534933,0.0072,9.9120,1.3503,-2.3206,0.3817,-0.1832,43.12,On Surface
534983,0.0335,9.9240,1.3575,-2.4122,0.5802,-0.1069,42.98,On Surface
535033,0.0024,9.9264,1.3024,-2.1679,0.5038,-0.0763,42.79,On Surface
535083,-0.0215,9.9479,1.3192,-2.3817,0.3359,-0.0916,43.02,On Surface
535133,-0.0407,9.9718,1.3767,-2.4122,0.4275,0.0458,42.93,On Surface
535183,-0.0072,9.9790,1.3886,-2.3664,0.4427,0.0305,42.98,On Surface
535233,0.0096,9.9455,1.3623,-2.4733,0.2595,-0.1221,42.84,On Surface
535283,0.0215,9.9575,1.3838,-2.2748,0.1985,-0.3664,43.17,On Surface
535333,0.0192,9.8952,1.4126,-2.4122,0.4275,-0.1985,43.26,On Surface
535383,-0.0120,9.9144,1.3384,-2.4275,0.5802,0.0305,42.74,On Surface
535433,0.0024,9.8976,1.3862,-2.4122,0.5191,0.0153,42.79,On Surface
535483,0.0215,9.9192,1.3431,-2.3053,0.5038,-0.2137,43.02,On Surface
535533,0.0024,9.9192,1.2689,-2.6107,0.6260,-0.1985,42.74,On Surface
535583,-0.0072,9.9503,1.3527,-2.1832,0.7176,-0.1221,42.93,On Surface
535633,0.0024,9.9144,1.3815,-2.3359,0.5191,-0.0763,43.12,On Surface
535683,-0.0024,9.9072,1.3599,-2.4427,0.5496,-0.1221,43.12,On Surface
535733,0.0000,9.9503,1.3982,-2.4122,0.7939,-0.2290,42.79,On Surface
535783,0.0144,9.8809,1.3551,-2.3206,0.5344,-0.0305,42.98,On Surface
535833,0.0599,9.8928,1.3551,-2.4122,0.4427,0.0763,42.98,On Surface
535883,-0.0144,9.8904,1.3336,-2.3053,0.4885,-0.1069,42.84,On Surface
535933,0.0000,9.9431,1.3336,-2.3359,0.5954,-0.5496,42.79,On Surface
535983,0.0335,9.9120,1.3647,-2.4275,0.6260,-0.2137,42.93,On Surface
536033,0.0000,9.9623,1.3671,-2.6260,0.5344,-0.1832,43.02,On Surface
536083,-0.0024,9.9288,1.3743,-2.2595,0.8550,-0.1221,43.02,On Surface
536133,-0.0263,9.9718,1.3144,-2.3511,0.5496,-0.1832,43.02,On Surface
536183,0.0144,9.9288,1.3264,-2.3359,0.6718,-0.3206,42.79,On Surface
536233,-0.0168,9.9000,1.3862,-2.3664,0.5344,-0.3511,43.17,On Surface
536283,-0.0359,9.8881,1.3216,-2.2901,0.4427,0.1069,42.79,On Surface
536333,-0.0096,9.8881,1.3575,-2.4733,0.6412,-0.1679,42.65,On Surface
536383,0.0215,9.8857,1.3527,-2.3206,0.4580,-0.3053,42.93,On Surface
536433,-0.0072,9.9335,1.3527,-2.3206,0.5496,0.1679,42.93,On Surface
536483,0.0024,9.9551,1.3264,-2.4733,0.3359,0.0305,42.98,On Surface
536533,-0.0263,9.9144,1.3072,-2.3359,0.5191,-0.1679,42.93,On Surface
536583,-0.0407,9.9264,1.3360,-2.5038,0.4427,-0.2443,42.93,On Surface
536633,-0.0455,9.9671,1.3479,-2.2748,0.4580,-0.0153,42.98,On Surface
536683,-0.0239,9.9479,1.3910,-2.4122,0.7328,-0.3359,42.98,On Surface
536733,-0.0072,9.9671,1.3838,-2.3511,0.6107,-0.0458,42.74,On Surface
536783,0.0192,9.9575,1.3551,-2.3511,0.6565,0.0000,42.84,On Surface
536833,-0.0407,9.9144,1.3623,-2.4275,0.2748,-0.2290,42.93,On Surface
536883,-0.0144,9.9455,1.4006,-2.4885,0.2290,-0.1221,42.93,On Surface
536933,-0.0024,9.9168,1.3934,-2.5038,0.1679,0.1069,43.12,On Surface
536983,-0.0048,9.9623,1.3671,-2.4733,0.3969,-0.1069,42.79,On Surface
537033,0.0024,9.9311,1.3360,-2.5191,0.4733,-0.2443,43.02,On Surface
537083,0.0120,9.9718,1.2617,-2.4275,0.5191,-0.0305,42.74,On Surface
537133,-0.0407,9.9359,1.3336,-2.2443,0.5191,0.0305,43.17,On Surface
537183,-0.0120,9.9407,1.3001,-2.3817,0.3817,-0.2290,43.02,On Surface
537233,-0.0479,9.9383,1.2977,-2.1679,0.6565,-0.0611,42.79,On Surface
537283,-0.0072,9.9120,1.3479,-2.4275,0.4885,-0.1832,42.79,On Surface
537333,0.0239,9.9575,1.4413,-2.5344,0.3053,-0.0611,43.12,On Surface
537383,-0.0120,9.9168,1.3575,-2.3206,0.5038,0.1832,43.12,On Surface
537433,0.0024,9.9144,1.3336,-2.4733,0.0000,0.1221,42.79,On Surface
537483,0.0455,9.9144,1.3862,-2.3359,0.6107,0.2748,42.84,On Surface
537533,-0.0096,9.9599,1.3144,-2.2443,0.5191,-0.1679,43.17,On Surface
537583,0.0096,9.9288,1.3479,-2.2748,0.4275,0.0611,42.79,On Surface
537633,-0.0455,9.9359,1.3096,-2.0916,0.6412,-0.2290,42.74,On Surface
537683,-0.0407,9.9359,1.3455,-2.3969,0.3664,-0.2137,42.65,On Surface
537733,0.0215,9.9216,1.3455,-2.3817,0.6718,-0.1527,42.93,On Surface
537783,-0.0192,9.9168,1.4054,-2.3206,0.6565,0.0458,42.65,On Surface
537833,-0.0024,9.9383,1.3455,-2.5344,0.4122,0.1374,42.93,On Surface
537883,0.0048,9.8761,1.3599,-2.3969,0.3359,-0.1832,42.65,On Surface
537933,-0.0048,9.8833,1.3647,-2.4427,0.3053,0.1374,42.98,On Surface
537983,0.0048,9.9288,1.4102,-2.3969,0.5496,-0.1679,42.98,On Surface
538033,-0.0407,9.9407,1.3360,-2.4427,0.4885,-0.1679,43.12,On Surface
538083,0.0096,9.9359,1.3886,-2.2748,0.3817,0.0611,42.79,On Surface
538133,-0.0192,9.9551,1.3144,-2.5496,0.4733,-0.0763,42.74,On Surface
538183,-0.0072,9.9431,1.4629,-2.3053,0.4427,0.0458,42.93,On Surface
538233,-0.0192,9.9742,1.3719,-2.3664,0.2290,-0.1679,42.98,On Surface
538283,-0.0048,9.9455,1.3671,-2.3664,0.3511,-0.2137,42.98,On Surface
538333,0.0335,9.9120,1.3719,-2.2901,0.2748,-0.0916,43.02,On Surface
538383,0.0359,9.9311,1.4054,-2.3206,0.3206,-0.3817,43.02,On Surface
538433,0.0455,9.8761,1.3240,-2.2290,0.5344,0.0305,42.74,On Surface
538483,-0.0072,9.9431,1.3048,-2.3969,0.2290,-0.1832,42.79,On Surface
538533,0.0048,9.9216,1.3623,-2.1985,0.4427,0.0305,43.02,On Surface
538583,-0.0335,9.9288,1.2857,-2.1069,0.4580,-0.1069,42.79,On Surface
538633,-0.0048,9.9192,1.3264,-2.5191,0.4275,-0.3206,42.98,On Surface
538683,0.0000,9.9718,1.3144,-2.5191,0.7939,-0.2290,42.98,On Surface
538733,-0.0072,9.9671,1.3886,-1.9084,0.4733,0.0611,42.98,On Surface
538783,0.0192,9.9048,1.3336,-2.2901,0.4580,-0.2443,42.79,On Surface
538833,0.0239,9.9311,1.3551,-2.6260,0.4733,-0.0305,42.98,On Surface
538883,-0.0048,9.8904,1.4485,-2.3206,0.3969,0.0000,42.93,On Surface
538933,0.0000,9.9240,1.3695,-2.3817,0.3664,-0.1832,43.02,On Surface
538983,-0.0072,9.9120,1.3120,-2.2290,0.3359,0.0305,43.12,On Surface
539033,-0.0120,9.9072,1.2977,-2.3969,0.3969,-0.3053,43.02,On Surface
539083,-0.0192,9.9718,1.2665,-2.4427,0.6412,-0.3359,43.02,On Surface
539133,-0.0168,9.9407,1.3120,-2.5344,0.3664,-0.2595,43.26,On Surface
539183,0.0215,9.9168,1.3360,-2.5802,0.6260,-0.2137,42.93,On Surface
539233,-0.0072,9.9383,1.3479,-2.2748,0.5191,-0.1832,42.79,On Surface
539283,0.0000,9.9647,1.3958,-2.0458,0.4580,-0.0305,42.93,On Surface
539333,0.0239,9.9120,1.3838,-2.1985,0.4427,-0.3053,42.98,On Surface
539383,0.0168,9.8833,1.3479,-2.4275,0.3817,-0.0305,42.93,On Surface
539433,0.0024,9.9168,1.3096,-2.6412,0.3817,0.0153,42.84,On Surface
539483,-0.0215,9.8904,1.3264,-2.2748,0.4275,-0.0763,42.98,On Surface
539533,0.0096,9.9240,1.3575,-2.4427,0.5038,-0.1374,42.93,On Surface
539583,0.0263,9.9335,1.3455,-2.4885,0.6718,-0.0916,42.84,On Surface
539633,0.0000,9.9192,1.3743,-2.3817,0.4885,-0.2290,42.98,On Surface
539683,-0.0431,9.9431,1.3767,-2.5649,0.5802,-0.1221,42.93,On Surface
539733,0.0072,9.9431,1.3647,-2.4580,0.7939,-0.3053,42.93,On Surface
539783,-0.0096,9.9264,1.3719,-2.4733,0.4733,-0.0611,42.79,On Surface
539833,-0.0192,9.9072,1.3767,-2.2901,0.3053,-0.0611,42.79,On Surface
539883,0.0670,9.9120,1.4054,-2.5802,0.5496,-0.0916,43.02,On Surface
539933,0.0000,9.8713,1.3671,-2.6260,0.4885,0.0763,43.35,On Surface
539983,0.0096,9.9311,1.3623,-2.7328,0.3206,-0.1221,42.98,On Surface
540033,0.0024,9.9096,1.3288,-2.5954,0.5802,-0.3053,42.93,On Surface
540083,-0.0263,9.9311,1.3671,-2.7023,0.4733,-0.1679,42.79,On Surface
540133,-0.0120,9.9264,1.3264,-2.3817,0.8397,-0.1985,42.93,On Surface
540183,-0.0287,9.9886,1.3838,-2.7023,0.4885,0.0458,42.98,On Surface
540233,-0.0144,9.9862,1.3384,-2.4122,0.7481,-0.3206,42.65,On Surface
540283,0.0383,9.9407,1.3551,-2.2748,0.5038,-0.2443,42.98,On Surface
540333,0.0239,9.9359,1.3575,-2.1832,0.3511,-0.0458,43.02,On Surface
540383,-0.0383,9.9335,1.3719,-2.2901,0.6107,-0.0458,43.02,On Surface
540433,0.0048,9.9479,1.3743,-2.3969,0.3664,-0.0153,43.12,On Surface
540483,-0.0192,9.8928,1.3862,-2.4122,0.4275,-0.3359,42.93,On Surface
540533,0.0096,9.9455,1.3719,-2.6412,0.4122,-0.0916,42.79,On Surface
540583,-0.0072,9.9527,1.4174,-2.5191,0.5038,-0.1985,42.65,On Surface
540633,-0.0335,9.9407,1.3455,-2.6870,0.4122,-0.0916,42.98,On Surface
540683,-0.0383,9.9527,1.3408,-1.9542,0.6107,-0.0611,43.02,On Surface
540733,-0.0120,9.9575,1.3312,-2.3664,0.4275,-0.3206,42.79,On Surface
540783,-0.0048,9.9455,1.3719,-2.4427,0.3206,-0.1679,43.12,On Surface
540833,0.0048,9.9240,1.3982,-2.6412,0.1832,-0.1374,43.12,On Surface
540883,0.0192,9.8928,1.4269,-2.3664,0.4427,-0.0153,43.02,On Surface
540933,0.0335,9.9168,1.3934,-2.4885,0.3206,-0.1069,42.98,On Surface
540983,-0.0215,9.9407,1.3360,-2.3511,0.5191,-0.0763,42.93,On Surface
541033,-0.0168,9.9240,1.3599,-2.5191,0.4275,0.1069,43.02,On Surface
541083,-0.0575,9.9288,1.3982,-2.3359,0.4580,0.0000,42.98,On Surface
541133,-0.0551,9.9335,1.3288,-2.3053,0.3817,-0.2595,42.93,On Surface
541183,-0.0527,9.9766,1.3743,-2.1374,0.4275,-0.0305,42.98,On Surface
541233,-0.0335,9.9311,1.3288,-2.2290,0.3817,-0.0458,42.93,On Surface
541283,-0.0096,9.9168,1.3216,-2.5038,0.5191,0.0611,43.02,On Surface
541333,0.0144,9.9671,1.4341,-2.3053,0.5038,-0.0763,42.93,On Surface
541383,-0.0335,9.9000,1.4485,-2.1985,0.3664,-0.2901,42.74,On Surface
541433,0.0000,9.9479,1.4389,-2.4122,0.4122,-0.0916,42.74,On Surface
541483,0.0072,9.9192,1.3695,-2.4580,0.4275,-0.0611,42.60,On Surface
541533,-0.0192,9.9311,1.3791,-2.1069,0.5954,-0.0916,42.93,On Surface
541583,-0.0024,9.9335,1.3791,-2.3511,0.3969,0.0305,42.79,On Surface
541633,-0.0096,9.9742,1.3527,-2.3969,0.5344,-0.0458,42.79,On Surface
541683,0.0048,9.9311,1.4413,-2.1679,0.3817,0.0000,42.98,On Surface
541733,0.0024,9.9503,1.3408,-2.2901,0.3359,0.0305,42.98,On Surface
541783,0.0120,9.9958,1.3623,-2.3664,0.2595,-0.0305,43.12,On Surface
541833,-0.0407,9.9120,1.3671,-2.2443,0.2443,-0.1985,42.98,On Surface
541883,0.0120,9.8881,1.3599,-2.3053,0.3053,0.0916,43.12,On Surface
541933,0.0120,9.9072,1.3264,-2.4122,0.2901,-0.1832,42.79,On Surface
541983,0.0120,9.9479,1.3336,-2.2748,0.4122,0.0611,42.79,On Surface
542033,0.0215,9.9264,1.2833,-2.5344,0.3817,-0.1985,42.93,On Surface
542083,-0.0096,9.9335,1.3408,-2.5344,0.3969,-0.0763,42.93,On Surface
542133,-0.0072,9.9407,1.4269,-2.3969,0.5344,-0.1985,43.17,On Surface
542183,0.0215,9.9359,1.3336,-2.4733,0.2748,-0.1069,42.98,On Surface
542233,-0.0096,9.9455,1.4006,-2.3969,0.2595,-0.2901,42.98,On Surface
542283,-0.0024,9.9335,1.4198,-2.1832,0.4122,0.0611,42.60,On Surface
542333,0.0120,9.9575,1.4078,-2.1679,0.5496,-0.1985,42.79,On Surface
542383,-0.0168,9.9048,1.3719,-2.3206,0.5649,-0.1527,43.17,On Surface
542433,0.0215,9.9383,1.3862,-2.1832,0.4122,-0.3206,43.26,On Surface
542483,0.0144,9.9264,1.3671,-2.3817,0.2901,-0.3359,42.79,On Surface
542533,0.0335,9.9072,1.3647,-2.5802,0.4885,-0.2901,43.02,On Surface
542583,0.0168,9.9503,1.3288,-2.8092,0.1527,-0.1832,42.98,On Surface
542633,0.0311,9.8833,1.3767,-2.3359,0.5496,0.0458,42.98,On Surface
542683,0.0120,9.9264,1.3910,-2.3053,0.6260,-0.0763,42.98,On Surface
542733,0.0048,9.9383,1.3743,-2.4733,0.3359,-0.2595,42.93,On Surface
542783,0.0431,9.9359,1.3192,-2.3053,0.5954,-0.0458,43.26,On Surface
542833,-0.0192,9.9264,1.3886,-2.3817,0.4733,-0.2137,42.84,On Surface
542883,0.0048,9.8928,1.3527,-2.5954,0.2290,-0.1069,42.93,On Surface
542933,-0.0215,9.8928,1.3120,-2.3969,0.4427,-0.2748,43.02,On Surface
542983,0.0215,9.9359,1.3934,-2.6565,0.3359,-0.1679,42.79,On Surface
543033,0.0144,9.9024,1.3934,-2.1832,0.5649,0.1374,43.02,On Surface
543083,-0.0239,9.9240,1.3695,-2.3206,0.9008,-0.1069,42.60,On Surface
543133,-0.0311,9.9216,1.3599,-2.4580,0.5954,-0.1832,42.98,On Surface
543183,0.0120,9.9264,1.4126,-2.5496,0.4122,0.0763,42.74,On Surface
543233,0.0000,9.9503,1.3120,-2.5954,0.6107,-0.0916,43.02,On Surface
543283,0.0239,9.9072,1.3743,-2.6260,0.6565,-0.0763,42.98,On Surface
543333,0.0024,9.9240,1.4054,-2.3817,0.4885,-0.1527,43.17,On Surface
543383,0.0144,9.9288,1.3527,-2.2901,0.6565,0.0000,43.12,On Surface
543433,0.0311,9.9168,1.3791,-2.4885,0.5496,-0.1221,43.02,On Surface
543483,-0.0024,9.9311,1.3551,-2.3359,0.4275,-0.2443,42.93,On Surface
543533,-0.0192,9.9695,1.4054,-2.5191,0.5649,-0.1374,42.74,On Surface
543583,-0.0120,9.9695,1.3695,-2.5191,0.5954,-0.1679,42.98,On Surface
543633,0.0048,9.9407,1.4174,-2.5344,0.6107,-0.2137,43.02,On Surface
543683,-0.0239,9.9072,1.3695,-2.4122,0.3664,0.0000,42.98,On Surface
543733,-0.0072,9.9096,1.3527,-2.6260,0.3664,-0.0611,42.93,On Surface
543783,0.0072,9.8881,1.3551,-2.0305,0.5038,0.2443,42.98,On Surface
543833,-0.0072,9.9288,1.4102,-2.5344,0.5038,0.0458,42.98,On Surface
543883,-0.0024,9.9144,1.3408,-2.3053,0.3511,-0.0458,42.98,On Surface
543933,0.0000,9.9311,1.3599,-2.3664,0.3817,-0.0458,42.93,On Surface
543983,-0.0383,9.9503,1.3431,-2.2901,0.5802,0.1221,42.74,On Surface
544033,-0.0192,9.9264,1.3838,-2.2595,0.5802,-0.1374,42.74,On Surface
544083,-0.0096,9.9479,1.3431,-2.0458,0.6870,-0.0916,42.84,On Surface
544133,-0.0311,9.8809,1.2953,-2.3817,0.5344,-0.1069,42.84,On Surface
544183,0.0024,9.9000,1.3384,-2.2901,0.5649,-0.2901,42.98,On Surface
544233,-0.0215,9.9311,1.3503,-2.3206,0.4275,-0.2901,42.84,On Surface
544283,0.0048,9.9096,1.3408,-2.3206,0.4580,-0.1527,42.98,On Surface
544333,0.0048,9.9359,1.3551,-2.3359,0.5954,0.1069,43.02,On Surface
544383,0.0048,9.9144,1.3623,-2.2137,0.1985,-0.2290,42.93,On Surface
544433,0.0048,9.9407,1.3503,-2.3206,0.2901,-0.0763,42.74,On Surface
544483,-0.0359,9.9479,1.3096,-2.3053,0.7328,0.0305,43.17,On Surface
544533,0.0144,9.9479,1.3360,-2.4427,0.3053,-0.1221,42.65,On Surface
544583,-0.0096,9.9527,1.3072,-2.4122,0.6718,-0.0305,43.02,On Surface
544633,-0.0024,9.9383,1.3623,-2.5954,0.5344,-0.2748,42.93,On Surface
544683,0.0096,9.9240,1.3647,-2.3511,0.5954,0.0153,42.93,On Surface
544733,0.0239,9.9551,1.3647,-2.1374,0.4427,0.0611,42.65,On Surface
544783,0.0072,9.9144,1.3479,-2.0458,0.6718,-0.0763,42.65,On Surface
544833,0.0144,9.9455,1.3527,-2.2595,0.2748,-0.1679,43.02,On Surface
544883,0.0024,9.9359,1.3479,-2.4275,0.1832,-0.1832,43.12,On Surface
544933,-0.0263,9.9431,1.3551,-2.2748,0.4427,-0.1374,42.98,On Surface
544983,-0.0239,9.9383,1.3527,-2.2595,0.5496,0.1374,42.74,On Surface
545033,0.0072,9.9742,1.3312,-2.4275,0.3969,0.1374,42.74,On Surface
545083,-0.0192,9.9359,1.3575,-2.1069,0.5496,-0.1069,42.93,On Surface
545133,0.0024,9.9742,1.3360,-2.2290,0.6565,0.1221,43.02,On Surface
545183,-0.0192,9.9551,1.4030,-2.4275,0.3511,-0.0611,42.84,On Surface
545233,-0.0192,9.9000,1.3934,-2.3053,0.5649,-0.0763,42.79,On Surface
545283,-0.0359,9.9359,1.3743,-2.3511,0.3664,0.2290,43.26,On Surface
545333,0.0311,9.8928,1.3719,-2.5802,0.5954,-0.2901,42.93,On Surface
545383,0.0192,9.9359,1.3623,-2.1985,0.5954,-0.1069,42.93,On Surface
545433,0.0144,9.9216,1.3862,-2.1985,0.4275,-0.2748,42.84,On Surface
545483,0.0144,9.9072,1.3671,-2.4580,0.3664,-0.2443,42.93,On Surface
545533,0.0311,9.9144,1.3527,-2.5802,0.3511,-0.1069,42.84,On Surface
545583,-0.0144,9.9359,1.3815,-2.2748,0.4427,-0.0153,43.02,On Surface
545633,-0.0144,9.9742,1.3192,-2.3053,0.6718,-0.2443,42.93,On Surface
545683,0.0048,9.9335,1.3599,-2.4427,0.3817,-0.1221,43.02,On Surface
545733,0.0024,9.9264,1.4245,-2.2443,0.6870,0.1221,42.98,On Surface
545783,0.0024,9.9479,1.3503,-2.4275,0.6107,0.1679,43.02,On Surface
545833,0.0168,9.9383,1.3815,-2.1527,0.6260,-0.0153,42.60,On Surface
545883,0.0263,9.9216,1.3815,-2.3053,0.4580,-0.0305,42.93,On Surface
545933,-0.0168,9.9192,1.3240,-2.3817,0.8397,-0.1985,42.93,On Surface
545983,0.0024,9.9144,1.2785,-2.2290,0.3206,0.1527,42.74,On Surface
546033,-0.0263,9.9623,1.3312,-2.5649,0.5191,-0.3053,42.98,On Surface
546083,0.0024,9.9144,1.3551,-2.5649,0.8092,0.0000,42.98,On Surface
546133,-0.0407,9.9335,1.3719,-2.5496,0.6107,0.1221,42.79,On Surface
546183,0.0072,9.9383,1.2977,-2.6260,0.3969,-0.0458,42.84,On Surface
546233,-0.0239,9.9288,1.3551,-2.3817,0.3817,-0.1374,42.79,On Surface
546283,0.0263,9.9359,1.3360,-2.5191,0.2901,-0.0916,43.17,On Surface
546333,-0.0096,9.9216,1.3719,-2.5802,0.5802,-0.0153,43.02,On Surface
546383,0.0311,9.9000,1.3408,-2.5954,0.2290,-0.1069,43.26,On Surface
546433,0.0575,9.9479,1.2977,-2.1832,0.5649,-0.2595,42.84,On Surface
546483,0.0024,9.9288,1.3599,-2.7481,0.4885,-0.0763,43.17,On Surface
546533,-0.0239,9.9503,1.4102,-2.6260,0.6565,-0.2901,42.98,On Surface
546583,-0.0383,9.9359,1.3743,-2.4275,0.5344,0.1069,42.84,On Surface
546633,0.0024,9.9072,1.3623,-2.3817,0.7939,-0.3053,42.74,On Surface
546683,-0.0024,9.9551,1.3695,-2.4427,0.5649,-0.1374,42.79,On Surface
546733,0.0120,9.9216,1.3815,-2.3053,0.4885,-0.3969,42.93,On Surface
546783,-0.0024,9.9024,1.3934,-2.4122,0.4733,0.0153,42.93,On Surface
546833,-0.0096,9.9455,1.3360,-2.2748,0.4580,-0.3511,43.02,On Surface
546883,0.0048,9.9335,1.3719,-2.6107,0.1679,-0.0611,42.98,On Surface
546933,0.0144,9.8952,1.3360,-2.2901,0.6718,-0.0763,42.93,On Surface
546983,0.0120,9.9479,1.3264,-2.4275,0.2595,-0.1832,43.17,On Surface
547033,0.0072,9.9599,1.3288,-2.3359,0.4733,-0.1069,43.12,On Surface
547083,-0.0168,9.9264,1.3455,-2.2443,0.3053,-0.1832,42.98,On Surface
547133,-0.0024,9.9647,1.4461,-2.4733,0.5802,0.1069,42.98,On Surface
547183,-0.0120,9.9072,1.3743,-2.1527,0.4427,-0.3969,43.26,On Surface
547233,0.0120,9.9144,1.3479,-2.3206,0.4122,0.1221,42.84,On Surface
547283,-0.0072,9.9096,1.4054,-2.2748,0.4733,-0.0153,42.98,On Surface
547333,-0.0096,9.9623,1.3001,-2.4427,0.5038,0.0153,42.93,On Surface
547383,0.0311,9.9359,1.3312,-2.3817,0.1221,-0.1527,42.98,On Surface
547433,0.0024,9.9096,1.3240,-2.3511,0.5649,0.0763,42.79,On Surface
547483,-0.0144,9.9527,1.3599,-2.4275,0.4580,-0.0458,42.84,On Surface
547533,-0.0263,9.9551,1.3455,-2.4427,0.4580,0.0916,42.98,On Surface
547583,-0.0120,9.9288,1.3815,-2.6718,0.3206,-0.2595,42.65,On Surface
547633,0.0215,9.9335,1.3743,-2.2137,0.5649,0.1985,42.93,On Surface
547683,0.0000,9.9359,1.3958,-2.3664,0.3664,0.0000,42.98,On Surface
547733,-0.0048,9.9216,1.4054,-2.2443,0.6107,-0.2290,42.98,On Surface
547783,0.0024,9.9144,1.3910,-2.5802,0.4733,0.0611,42.98,On Surface
547833,-0.0192,9.9096,1.3455,-2.5038,0.5191,-0.2748,42.93,On Surface
547883,-0.0311,9.9503,1.3240,-2.6107,0.5038,-0.5191,42.74,On Surface
547933,0.0024,9.9335,1.3144,-2.4122,0.6565,-0.0305,42.93,On Surface
547983,0.0000,9.9479,1.3216,-2.1374,0.3817,-0.2748,43.02,On Surface
548033,-0.0455,9.9383,1.3886,-2.1832,0.4275,0.0153,42.79,On Surface
548083,-0.0120,9.9240,1.3431,-2.0305,0.4580,-0.0763,42.93,On Surface
548133,0.0024,9.8952,1.4222,-2.3206,0.3969,0.0153,42.98,On Surface
548183,-0.0287,9.9264,1.3719,-2.3053,0.4122,-0.0153,42.98,On Surface
548233,-0.0144,9.9120,1.3192,-2.3359,0.5954,-0.0916,42.93,On Surface
548283,-0.0024,9.9383,1.3048,-2.4885,0.5191,0.1221,42.79,On Surface
548333,0.0096,9.9790,1.3240,-2.3511,0.4275,-0.0305,42.79,On Surface
548383,0.0120,9.9623,1.3240,-2.4580,0.3817,-0.2595,42.79,On Surface
548433,-0.0239,9.9695,1.3671,-2.3359,0.6565,-0.4427,43.26,On Surface
548483,0.0072,9.9599,1.3336,-2.3511,0.5191,0.1374,42.98,On Surface
548533,0.0000,9.9623,1.3001,-2.0458,0.3969,-0.1832,42.93,On Surface
548583,-0.0048,9.9216,1.3910,-2.1985,0.3664,-0.0153,42.79,On Surface
548633,0.0096,9.9503,1.3264,-1.9084,0.3664,0.0153,43.02,On Surface
548683,0.0239,9.9264,1.3503,-2.2290,0.3511,-0.0305,42.79,On Surface
548733,0.0000,9.9240,1.3647,-2.3969,0.2901,-0.2290,43.02,On Surface
548783,0.0144,9.9407,1.3719,-2.4427,0.5191,-0.1527,42.79,On Surface
548833,-0.0096,9.8761,1.3192,-2.3969,0.5954,0.0000,42.98,On Surface
548883,0.0024,9.9455,1.2809,-2.1985,0.3359,-0.0305,43.12,On Surface
548933,0.0096,9.9551,1.2761,-2.7481,0.4427,0.0916,43.02,On Surface
548983,-0.0239,9.9599,1.3791,-2.3969,0.6870,-0.3206,42.93,On Surface
549033,0.0144,9.9192,1.3623,-2.3817,0.5191,-0.1832,42.93,On Surface
549083,0.0120,9.9359,1.3336,-2.4427,0.5496,-0.2137,43.12,On Surface
549133,0.0096,9.9288,1.3695,-2.1985,0.5954,0.0916,42.84,On Surface
549183,-0.0215,9.9264,1.3958,-2.5649,0.2443,-0.2290,42.93,On Surface
549233,-0.0168,9.9072,1.3479,-2.3969,0.5038,-0.3206,42.65,On Surface
549283,0.0287,9.9144,1.3551,-2.2137,0.4427,-0.2137,43.12,On Surface
549333,-0.0335,9.9192,1.3551,-2.6718,0.4733,-0.0305,43.02,On Surface
549383,-0.0024,9.9288,1.3838,-2.4275,0.2748,-0.0916,43.02,On Surface
549433,0.0048,9.9359,1.3192,-2.4122,0.5191,-0.0305,43.02,On Surface
549483,-0.0575,9.9216,1.3719,-2.5802,0.4427,-0.0611,43.02,On Surface
549533,-0.0120,9.9335,1.3743,-2.4122,0.6260,-0.2443,42.93,On Surface
549583,0.0168,9.9311,1.3072,-2.5038,0.7481,-0.2748,42.74,On Surface
549633,0.0120,9.9192,1.3384,-2.5344,0.3969,-0.0611,42.93,On Surface
549683,0.0263,9.8833,1.3623,-2.2748,0.7328,-0.2901,42.93,On Surface
549733,0.0311,9.8857,1.3503,-2.3053,0.3664,-0.0305,42.93,On Surface
549783,0.0311,9.8881,1.3886,-2.7328,0.7328,0.0763,42.93,On Surface
549833,0.0072,9.9216,1.4174,-2.4427,0.4427,-0.3359,43.12,On Surface
549883,0.0120,9.8952,1.4054,-2.4885,0.4275,-0.2137,42.79,On Surface
549933,0.0168,9.9623,1.3312,-2.4885,0.5344,0.0000,42.98,On Surface
549983,0.0072,9.9790,1.3838,-2.6107,0.1832,-0.1374,42.93,On Surface
550033,-0.0048,9.9623,1.3408,-2.5344,0.4275,-0.0763,42.60,On Surface
550083,0.0000,9.9192,1.3431,-2.3206,0.6412,-0.3053,43.02,On Surface
550133,-0.0144,9.9407,1.3647,-2.3969,0.4733,-0.0916,43.02,On Surface
550183,-0.0239,9.9024,1.3551,-2.3511,0.5802,-0.0763,43.02,On Surface
550233,0.0263,9.9168,1.3527,-2.3664,0.5038,0.0000,42.79,On Surface
550283,0.0359,9.9383,1.3551,-2.5038,0.4733,-0.3511,42.98,On Surface
550333,0.0168,9.9335,1.4174,-2.5649,0.2901,-0.3817,43.02,On Surface
550383,-0.0048,9.8881,1.4557,-2.3053,0.2137,0.2748,42.65,On Surface
550433,-0.0096,9.9144,1.3048,-2.5038,0.5038,-0.1527,42.93,On Surface
550483,0.0168,9.8976,1.4054,-2.4580,0.5802,-0.1679,42.79,On Surface
550533,-0.0335,9.9910,1.3312,-2.5649,0.3206,-0.1679,42.79,On Surface
550583,-0.0072,9.9335,1.3862,-2.4427,0.5496,-0.1832,42.84,On Surface
550633,0.0000,9.9407,1.3958,-2.5802,0.5344,-0.0458,42.74,On Surface
550683,-0.0407,9.9144,1.3431,-2.4885,0.1985,-0.2443,42.74,On Surface
550733,-0.0455,9.9216,1.3336,-2.3053,0.4580,-0.0916,42.60,On Surface
550783,0.0096,9.9742,1.3168,-2.0763,0.4275,-0.0763,43.02,On Surface
550833,-0.0144,9.9216,1.4245,-2.1679,0.4580,-0.2290,42.98,On Surface
550883,0.0072,9.9144,1.3408,-2.2290,0.3969,0.0305,42.93,On Surface
550933,-0.0144,9.9168,1.3743,-2.4885,0.1679,-0.1374,42.84,On Surface
550983,-0.0239,9.9623,1.3288,-2.3664,0.4427,-0.0305,43.02,On Surface
551033,-0.0287,9.9311,1.3671,-2.0763,0.5038,-0.1985,42.74,On Surface
551083,0.0048,9.9695,1.3719,-2.4733,0.4427,-0.3206,43.02,On Surface
551133,-0.0383,9.9168,1.3647,-2.2748,0.1985,-0.2595,42.93,On Surface
551183,-0.0359,9.9383,1.3695,-2.1221,0.2748,0.1069,42.98,On Surface
551233,-0.0096,9.9551,1.3910,-2.2595,0.2748,-0.1069,42.98,On Surface
551283,0.0263,9.9168,1.3599,-2.4122,0.3969,-0.0916,42.98,On Surface
551333,0.0144,9.9264,1.3815,-2.2290,0.4275,-0.0916,42.98,On Surface
551383,-0.0096,9.9240,1.3192,-2.2748,0.2748,-0.0305,43.12,On Surface
551433,-0.0072,9.9359,1.3647,-2.1832,0.5191,-0.0153,42.79,On Surface
551483,-0.0072,9.9910,1.3001,-2.4427,0.6412,0.0763,42.98,On Surface
551533,-0.0120,9.9599,1.3096,-2.3359,0.7634,0.1679,42.79,On Surface
551583,0.0048,9.9455,1.3527,-2.3511,0.6107,-0.0305,42.79,On Surface
551633,0.0024,9.9311,1.3527,-2.0000,0.5191,-0.0153,42.93,On Surface
551683,-0.0311,9.9144,1.3719,-2.2595,0.3969,-0.1679,42.98,On Surface
551733,-0.0239,9.9527,1.4389,-2.3817,0.5496,0.0153,42.98,On Surface
551783,0.0239,9.9192,1.4269,-2.3206,0.4885,-0.0458,43.02,On Surface
551833,-0.0263,9.8952,1.3958,-2.2595,0.4275,0.0305,42.60,On Surface
551883,0.0263,9.9024,1.4006,-2.2443,0.3053,-0.1679,42.98,On Surface
551933,0.0215,9.9192,1.3623,-2.5954,0.4733,-0.0153,42.93,On Surface
551983,0.0000,9.9479,1.3527,-2.2901,0.2443,-0.1374,42.84,On Surface
552033,-0.0431,9.9479,1.3431,-2.2290,0.5344,0.0763,42.98,On Surface
552083,-0.0287,9.9407,1.3479,-2.3664,0.3359,-0.2443,42.93,On Surface
552133,0.0048,9.9695,1.3527,-2.4427,0.3359,0.0916,43.12,On Surface
552183,-0.0455,9.9383,1.3767,-2.3817,0.6718,-0.2748,43.12,On Surface
552233,0.0144,9.9144,1.3336,-2.3053,0.4275,-0.0916,42.79,On Surface
552283,-0.0024,9.9192,1.3120,-2.3664,0.5496,-0.1985,43.02,On Surface
552333,0.0072,9.9335,1.3647,-2.2137,0.3969,0.0000,42.84,On Surface
552383,-0.0192,9.9048,1.3455,-2.2443,0.5649,-0.2290,42.93,On Surface
552433,0.0239,9.9096,1.4222,-2.5191,0.2748,-0.1374,42.60,On Surface
552483,0.0215,9.9240,1.3551,-2.2443,0.3511,-0.0611,42.93,On Surface
552533,0.0335,9.9718,1.3551,-2.3206,0.6718,-0.2443,42.93,On Surface
552583,-0.0096,9.9575,1.3599,-2.3511,0.4122,-0.3359,42.46,On Surface
552633,0.0072,9.9096,1.2977,-2.3817,0.4885,-0.0305,42.93,On Surface
552683,0.0072,9.9311,1.3647,-2.5038,0.5649,-0.0458,42.84,On Surface
552733,-0.0479,9.9216,1.3431,-2.3053,0.7023,-0.1221,42.93,On Surface
552783,0.0192,9.9216,1.4054,-2.2443,0.3511,-0.1985,42.98,On Surface
552833,0.0239,9.9120,1.3767,-2.1069,0.3359,-0.1832,43.12,On Surface
552883,0.0072,9.8713,1.2905,-2.3359,0.5954,0.0153,43.02,On Surface
552933,0.0144,9.9551,1.3431,-2.4122,0.3511,0.0763,42.98,On Surface
552983,0.0144,9.9455,1.3120,-2.4885,0.8244,-0.2748,42.98,On Surface
553033,-0.0192,9.9264,1.4174,-2.5191,0.6107,-0.2290,43.02,On Surface
553083,-0.0024,9.9479,1.3240,-2.4885,0.5496,0.0916,42.79,On Surface
553133,-0.0120,9.9240,1.3815,-2.4275,0.6107,-0.3817,43.02,On Surface
553183,0.0144,9.9527,1.4269,-2.2443,0.6870,-0.2137,42.98,On Surface
553233,-0.0048,9.9311,1.4126,-2.6107,0.6565,-0.1221,43.17,On Surface
553283,0.0359,9.8976,1.3599,-2.3969,0.4885,-0.2443,42.93,On Surface
553333,0.0239,9.9120,1.3671,-2.2901,0.4733,-0.1069,43.17,On Surface
553383,0.0239,9.8976,1.4581,-2.6565,0.3817,-0.1679,42.98,On Surface
553433,-0.0263,9.8928,1.3479,-2.5802,0.3511,-0.1374,42.79,On Surface
553483,-0.0215,9.8689,1.3336,-2.3206,0.5344,-0.1527,42.93,On Surface
553533,-0.0215,9.9168,1.3431,-2.3206,0.5954,-0.2290,42.98,On Surface
553583,0.0239,9.9551,1.3336,-2.3359,0.4275,-0.0458,42.98,On Surface
553633,-0.0120,9.9072,1.3575,-2.4580,0.5038,-0.0916,42.93,On Surface
553683,0.0048,9.9288,1.3815,-2.3969,0.6870,-0.1985,42.98,On Surface
553733,-0.0192,9.9407,1.3575,-2.2443,0.5802,0.0000,42.84,On Surface
553783,0.0215,9.8809,1.4150,-2.3053,0.5496,-0.1679,42.98,On Surface
553833,-0.0168,9.9264,1.3934,-2.3969,0.2748,0.0153,42.79,On Surface
553883,0.0048,9.9264,1.4054,-2.4733,0.3053,0.1527,42.98,On Surface
553933,0.0096,9.9288,1.3096,-2.5496,0.4885,-0.1374,42.93,On Surface
553983,-0.0168,9.9288,1.4174,-2.5344,0.3359,-0.2595,42.98,On Surface
554033,-0.0144,9.9359,1.3623,-2.4580,0.2443,0.0458,43.17,On Surface
554083,-0.0144,9.9695,1.3671,-2.0763,0.2595,0.0153,42.84,On Surface
554133,-0.0096,9.9359,1.3144,-2.5038,0.4733,-0.1221,43.02,On Surface
554183,-0.0407,9.9455,1.3360,-2.4427,0.4733,-0.1985,43.02,On Surface
554233,-0.0215,9.9192,1.3551,-2.4275,0.3817,0.0916,43.02,On Surface
554283,0.0096,9.9144,1.3934,-2.5038,0.1679,-0.1221,42.79,On Surface
554333,0.0287,9.8904,1.3479,-2.4427,0.5649,0.0305,42.93,On Surface
554383,-0.0072,9.9383,1.3958,-2.3359,0.4122,-0.1221,42.93,On Surface
554433,0.0072,9.9048,1.2905,-2.4580,0.3969,0.1069,43.02,On Surface
554483,-0.0168,9.9503,1.3647,-2.3969,0.5191,-0.2290,43.02,On Surface
554533,-0.0575,9.9240,1.3743,-2.2443,0.4885,0.1832,42.93,On Surface
554583,0.0048,9.9311,1.3719,-2.4885,0.4580,-0.0153,43.02,On Surface
554633,0.0168,9.9671,1.3120,-2.3969,0.3664,0.0763,42.93,On Surface
554683,-0.0335,9.9024,1.4222,-2.2443,0.3817,-0.0153,42.79,On Surface
554733,-0.0144,9.9168,1.3527,-2.2137,0.1069,-0.2137,42.93,On Surface
554783,0.0168,9.9359,1.4222,-2.2443,0.2748,-0.1679,42.84,On Surface
554833,-0.0215,9.9048,1.3575,-2.3817,0.2595,0.2290,42.93,On Surface
554883,0.0144,9.9575,1.3216,-2.3359,0.6107,-0.0916,42.93,On Surface
554933,-0.0168,9.9000,1.3479,-2.3664,0.3053,-0.0458,43.02,On Surface
554983,0.0335,9.9359,1.2761,-2.2443,0.4427,0.0153,42.98,On Surface
555033,-0.0144,9.9407,1.3144,-2.2901,0.5802,0.0153,42.93,On Surface
555083,-0.0168,9.9431,1.3599,-2.1985,0.5802,-0.0916,43.02,On Surface
555133,-0.0144,9.9359,1.3719,-2.3511,0.2748,-0.1374,42.74,On Surface
555183,0.0120,9.8952,1.4030,-2.4427,0.4885,-0.1374,42.93,On Surface
555233,0.0120,9.9024,1.3096,-2.1221,0.4275,0.0458,42.84,On Surface
555283,0.0383,9.9240,1.4006,-2.3359,0.3053,-0.3053,43.02,On Surface
555333,-0.0120,9.9359,1.3886,-2.4122,0.4885,-0.1679,42.84,On Surface
555383,0.0479,9.9383,1.3886,-2.2137,0.4733,-0.1679,42.65,On Surface
555433,-0.0096,9.9431,1.3120,-2.3664,0.7939,-0.2290,42.93,On Surface
555483,-0.0335,9.9455,1.2929,-2.4885,0.7634,-0.3817,42.98,On Surface
555533,-0.0192,9.9216,1.2953,-2.3817,0.6870,0.1985,43.12,On Surface
555583,-0.0120,9.9120,1.3431,-2.1679,0.7634,-0.3206,42.79,On Surface
555633,-0.0263,9.9048,1.3982,-2.1679,0.3359,-0.0916,42.93,On Surface
555683,-0.0263,9.9240,1.3336,-2.4122,0.3664,0.1679,42.74,On Surface
555733,0.0215,9.8857,1.3695,-2.3817,0.3359,-0.0763,42.79,On Surface
555783,0.0551,9.9311,1.3312,-2.4275,0.5038,-0.1679,43.26,On Surface
555833,0.0192,9.9120,1.3216,-2.4122,0.6260,-0.1221,42.98,On Surface
555883,-0.0168,9.8976,1.3024,-2.1679,0.6412,-0.0153,43.12,On Surface
555933,0.0359,9.9862,1.3719,-2.3969,0.2290,-0.3511,43.12,On Surface
555983,0.0215,9.9383,1.3431,-2.6870,0.5496,-0.0153,42.79,On Surface
556033,-0.0168,9.9311,1.4006,-2.4427,0.7176,0.0000,43.02,On Surface
556083,-0.0096,9.9455,1.3647,-2.4427,0.6718,-0.2595,42.84,On Surface
556133,-0.0072,9.9335,1.3647,-2.4580,0.4580,-0.1679,42.79,On Surface
556183,0.0048,9.9192,1.4126,-2.4122,0.5649,0.0000,42.79,On Surface
556233,0.0096,9.8497,1.3312,-2.1985,0.4122,0.0000,42.98,On Surface
556283,-0.0096,9.8833,1.3671,-2.5344,0.5802,-0.1679,42.84,On Surface
556333,-0.0359,9.9048,1.3408,-2.4122,0.4275,-0.2443,43.02,On Surface
556383,-0.0048,9.9192,1.4078,-2.6718,0.4885,-0.2748,43.02,On Surface
556433,0.0311,9.9216,1.2881,-2.5649,0.5496,-0.1221,43.17,On Surface
556483,-0.0024,9.9359,1.3192,-2.7176,0.6412,-0.0305,42.74,On Surface
556533,0.0072,9.9503,1.3120,-2.2748,0.5954,0.1985,42.98,On Surface
556583,0.0048,9.9144,1.2713,-2.4733,0.4427,-0.0458,42.93,On Surface
556633,0.0192,9.9455,1.3575,-2.5954,0.4580,-0.1679,43.02,On Surface
556683,0.0455,9.9192,1.3312,-2.1679,0.6718,-0.0916,42.93,On Surface
556733,-0.0048,9.9216,1.3910,-2.1221,0.4427,-0.1985,43.12,On Surface
556783,-0.0072,9.9192,1.3910,-2.5496,0.6565,0.0916,42.65,On Surface
556833,0.0048,9.9216,1.3575,-2.4427,0.4885,0.0611,42.84,On Surface
556883,-0.0144,9.8976,1.3671,-2.3053,0.3511,-0.0458,43.02,On Surface
556933,-0.0096,9.8881,1.3192,-2.5038,0.6107,0.1221,43.02,On Surface
556983,0.0144,9.9192,1.3360,-2.6260,0.5802,-0.3817,42.65,On Surface
557033,0.0048,9.8928,1.3096,-2.4275,0.4580,-0.2137,43.02,On Surface
557083,-0.0048,9.9335,1.2713,-2.4885,0.5649,-0.1374,43.17,On Surface
557133,0.0024,9.9551,1.4293,-2.0611,0.5649,-0.3359,42.93,On Surface
557183,0.0048,9.9240,1.3336,-2.4733,0.5954,-0.3511,43.02,On Surface
557233,-0.0215,9.9359,1.3024,-2.2443,0.4427,-0.2137,43.17,On Surface
557283,0.0239,9.9144,1.4126,-2.5038,0.5496,-0.2137,43.12,On Surface
557333,0.0048,9.9335,1.4006,-2.3053,0.5649,-0.0305,43.17,On Surface
557383,-0.0192,9.9479,1.3719,-2.4733,0.6260,-0.2595,42.93,On Surface
557433,-0.0144,9.9000,1.3815,-2.7481,0.6870,-0.2748,42.98,On Surface
557483,-0.0239,9.9766,1.3815,-2.5038,0.5649,-0.0763,42.84,On Surface
557533,-0.0144,9.9431,1.3551,-2.3053,0.7176,-0.0763,43.02,On Surface
557583,-0.0168,9.9359,1.3360,-2.3359,0.4122,-0.2595,42.93,On Surface
557633,-0.0096,9.9407,1.3862,-2.2748,0.0000,-0.4580,43.02,On Surface
557683,-0.0096,9.9000,1.3216,-2.3359,0.7328,0.0305,42.98,On Surface
557733,0.0000,9.9120,1.3695,-2.4122,0.5344,-0.2290,42.98,On Surface
557783,0.0024,9.9048,1.2689,-2.4885,0.4122,-0.1527,43.02,On Surface
557833,-0.0287,9.9359,1.3551,-2.1679,0.5649,-0.0458,42.79,On Surface
557883,0.0048,9.9455,1.3216,-2.4427,0.3053,-0.1374,42.93,On Surface
557933,0.0000,9.9192,1.3671,-2.5191,0.5954,0.0611,42.93,On Surface
557983,-0.0215,9.9695,1.3910,-2.5649,0.3664,-0.0916,42.93,On Surface
558033,-0.0383,9.9335,1.3384,-2.4427,0.5649,-0.2290,43.02,On Surface
558083,-0.0239,9.9335,1.3527,-2.5191,0.4122,-0.2290,43.26,On Surface
558133,-0.0239,9.9551,1.3551,-2.3359,0.6565,-0.2137,43.02,On Surface
558183,0.0503,9.9383,1.3767,-2.2595,0.5344,0.1221,43.02,On Surface
558233,0.0024,9.8881,1.3264,-2.5191,0.6260,-0.1679,42.93,On Surface
558283,-0.0096,9.9120,1.3168,-2.3511,0.3969,-0.3817,42.98,On Surface
558333,-0.0096,9.8833,1.3336,-2.3053,0.4275,-0.1221,42.74,On Surface
558383,-0.0192,9.9216,1.3647,-2.5649,0.4427,0.0000,43.02,On Surface
558433,-0.0263,9.9503,1.3767,-2.5038,0.4885,-0.1221,42.98,On Surface
558483,-0.0144,9.9575,1.3910,-2.4885,0.5191,0.0305,42.79,On Surface
558533,0.0168,9.9431,1.3288,-2.3206,0.5344,-0.0458,42.79,On Surface
558583,0.0311,9.9623,1.3599,-2.2443,0.3664,0.2137,42.93,On Surface
558633,0.0335,9.8952,1.3479,-2.2901,0.5038,-0.0305,43.12,On Surface
558683,-0.0144,9.9096,1.4078,-2.2748,0.4733,-0.3511,42.98,On Surface
558733,0.0120,9.9216,1.3527,-2.2901,0.5344,0.0000,43.02,On Surface
558783,-0.0024,9.9479,1.3288,-2.2901,0.4122,-0.0458,42.98,On Surface
558833,-0.0024,9.9216,1.3791,-2.3511,0.3206,0.0305,42.79,On Surface
558883,0.0024,9.9288,1.3910,-2.3511,0.1832,-0.3359,42.93,On Surface
558933,-0.0168,9.9335,1.3024,-2.3359,0.5344,-0.1069,42.84,On Surface
558983,-0.0311,9.9455,1.3743,-2.5649,0.5496,-0.1374,42.93,On Surface
559033,0.0287,9.9479,1.3240,-2.5496,0.5802,0.0611,42.98,On Surface
559083,0.0072,9.9455,1.3503,-2.3969,0.6107,-0.2290,43.02,On Surface
559133,0.0072,9.9288,1.3072,-2.3359,0.5038,-0.1374,43.02,On Surface
559183,0.0096,9.9168,1.3479,-2.1985,0.4733,-0.1527,42.65,On Surface
559233,0.0168,9.9192,1.3575,-2.2748,0.6412,-0.2748,42.79,On Surface
559283,-0.0120,9.9048,1.3455,-2.2290,0.3511,-0.1985,42.98,On Surface
559333,0.0072,9.9311,1.4126,-2.3206,0.3817,-0.0763,42.93,On Surface
559383,0.0144,9.9335,1.3695,-2.4275,0.4122,0.0000,43.12,On Surface
559433,0.0120,9.9551,1.4174,-2.3511,0.4885,0.1069,43.02,On Surface
559483,0.0024,9.9120,1.4174,-2.3511,0.6260,-0.2443,42.98,On Surface
559533,-0.0192,9.9431,1.2953,-2.4885,0.7481,0.0153,42.93,On Surface
559583,0.0311,9.9551,1.2929,-2.3053,0.5344,0.0763,43.12,On Surface
559633,-0.0096,9.8976,1.3024,-2.3206,0.4733,0.0305,42.65,On Surface
559683,-0.0215,9.9216,1.3743,-2.2137,0.5954,-0.0916,42.98,On Surface
559733,0.0263,9.8904,1.3575,-2.3664,0.5038,-0.1527,42.98,On Surface
559783,-0.0144,9.9144,1.4126,-2.6260,0.5496,0.0916,42.93,On Surface
559833,0.0144,9.9359,1.3599,-2.0916,0.3969,0.0153,42.79,On Surface
559883,-0.0024,9.9120,1.3958,-2.4885,0.3053,-0.1527,42.84,On Surface
559933,0.0024,9.8833,1.3288,-2.4885,0.4275,-0.1832,42.84,On Surface
559983,-0.0048,9.9144,1.3072,-2.7634,0.4122,-0.0763,42.65,On Surface
560033,-0.0144,9.9311,1.3671,-2.5038,0.6718,-0.2901,42.74,On Surface
560083,0.0072,9.9120,1.3575,-2.2137,0.7176,0.0305,42.93,On Surface
560133,-0.0096,9.9455,1.3312,-2.8397,0.5954,-0.1527,43.02,On Surface
560183,0.0096,9.9551,1.3791,-2.3817,0.4275,-0.2595,42.93,On Surface
560233,-0.0263,9.9240,1.3862,-2.4275,0.4427,-0.0916,42.84,On Surface
560283,-0.0455,9.8952,1.3647,-2.3359,0.7023,-0.2443,42.79,On Surface
560333,-0.0168,9.9144,1.3001,-2.1679,0.7023,-0.2443,43.02,On Surface
560383,-0.0024,9.9216,1.4030,-2.3053,0.7176,-0.2748,42.93,On Surface
560433,0.0407,9.9216,1.3479,-2.5191,0.4275,-0.3817,42.93,On Surface
560483,-0.0215,9.9168,1.3120,-2.7176,0.5191,0.0611,43.02,On Surface
560533,-0.0192,9.9048,1.3240,-2.5344,0.7176,-0.3817,42.93,On Surface
560583,0.0120,9.9527,1.3934,-2.3359,0.2290,-0.1985,43.12,On Surface
560633,-0.0168,9.9671,1.3958,-2.3664,0.7023,-0.2595,42.79,On Surface
560683,-0.0359,9.9072,1.4126,-2.6107,0.1221,-0.0153,43.02,On Surface
560733,-0.0192,9.9311,1.4317,-2.5191,0.4733,-0.1527,42.65,On Surface
560783,0.0383,9.8928,1.3671,-2.2901,0.1832,-0.3206,42.93,On Surface
560833,0.0120,9.9120,1.3623,-2.5802,0.4122,-0.3511,42.60,On Surface
560883,-0.0239,9.9503,1.3575,-2.4885,0.2901,-0.1069,42.79,On Surface
560933,-0.0120,9.9671,1.3862,-2.4733,0.4427,0.0153,43.02,On Surface
560983,-0.0215,9.9072,1.3001,-2.5344,0.3359,0.0000,43.02,On Surface
561033,-0.0622,9.9623,1.3024,-2.4275,0.3817,0.1374,42.93,On Surface
561083,-0.0024,9.9264,1.3527,-2.3969,0.3511,0.0000,43.12,On Surface
561133,-0.0239,9.9216,1.3695,-2.0916,0.7023,-0.0305,42.79,On Surface
561183,0.0048,9.9503,1.3192,-2.2443,0.6260,0.1679,42.93,On Surface
561233,-0.0096,9.8952,1.3886,-2.3053,0.3664,0.0458,43.17,On Surface
561283,-0.0024,9.9192,1.3240,-2.3664,0.2290,0.1527,43.12,On Surface
561333,-0.0168,9.9599,1.4629,-2.3359,0.2595,0.1221,42.79,On Surface
561383,-0.0048,9.9240,1.4293,-2.3511,0.5802,-0.0305,42.93,On Surface
561433,0.0072,9.9168,1.4245,-2.5649,0.3359,-0.0458,42.93,On Surface
561483,0.0000,9.9216,1.3791,-2.4275,0.4122,-0.2290,42.93,On Surface
561533,-0.0024,9.9311,1.3479,-2.3664,0.2901,-0.3053,42.98,On Surface
561583,-0.0192,9.9718,1.2857,-2.4122,0.7939,0.0458,42.93,On Surface
561633,-0.0192,9.9671,1.3503,-2.3359,0.5954,0.0611,42.98,On Surface
561683,-0.0407,9.9671,1.3216,-2.3969,0.5038,-0.4122,42.93,On Surface
561733,-0.0048,9.9311,1.3216,-2.3359,0.4580,-0.1069,42.79,On Surface
561783,-0.0263,9.9048,1.3336,-2.1374,0.4122,-0.2290,42.98,On Surface
561833,0.0144,9.9192,1.3264,-2.2595,0.1832,0.1527,43.26,On Surface
561883,-0.0192,9.9216,1.3527,-2.1985,0.7023,-0.1069,43.02,On Surface
561933,-0.0431,9.8833,1.3551,-2.2137,0.3969,0.0153,42.98,On Surface
561983,0.0120,9.9264,1.3336,-2.1374,0.5344,-0.0153,43.26,On Surface
562033,-0.0120,9.9240,1.3336,-2.7634,0.5802,0.0305,42.74,On Surface
562083,-0.0168,9.9551,1.3599,-2.4580,0.4275,-0.1221,42.98,On Surface
562133,-0.0335,9.9551,1.3551,-2.3206,0.4275,-0.1527,42.79,On Surface
562183,-0.0024,9.9240,1.4126,-2.5191,0.5038,-0.2748,42.84,On Surface
562233,-0.0072,9.9264,1.4198,-2.2443,0.4275,-0.0763,42.93,On Surface
562283,-0.0048,9.9503,1.3623,-2.0763,0.3511,0.1985,42.93,On Surface
562333,0.0120,9.8976,1.4605,-2.5496,0.1221,-0.0305,42.84,On Surface
562383,0.0192,9.9120,1.3886,-2.2748,0.2443,0.0458,42.93,On Surface
562433,-0.0144,9.9000,1.3599,-2.3511,0.3969,-0.1527,42.98,On Surface
562483,-0.0024,9.9096,1.3288,-2.2595,0.3511,-0.0763,42.98,On Surface
562533,-0.0096,9.8928,1.3120,-2.2137,0.5344,-0.0763,42.98,On Surface
562583,-0.0239,9.9168,1.3360,-2.6260,0.5496,-0.0153,42.98,On Surface
562633,-0.0144,9.9192,1.3791,-2.4427,0.5802,-0.2137,43.02,On Surface
562683,-0.0024,9.9000,1.3791,-2.1985,0.4885,-0.2137,42.93,On Surface
562733,0.0168,9.9527,1.3408,-2.2595,0.5344,0.0000,43.17,On Surface
562783,-0.0024,9.9072,1.4078,-2.3053,0.5038,0.0458,42.98,On Surface
562833,-0.0383,9.9264,1.3815,-2.3969,0.2748,0.0763,42.98,On Surface
562883,-0.0168,9.8857,1.3479,-2.0458,0.4275,0.0458,43.12,On Surface
562933,0.0000,9.9000,1.3408,-2.3969,0.5191,-0.5191,42.84,On Surface
562983,0.0048,9.9288,1.3695,-2.4122,0.2595,0.0305,42.93,On Surface
563033,0.0000,9.9240,1.3527,-2.3664,0.5802,-0.2748,42.79,On Surface
563083,0.0000,9.9288,1.3910,-2.6718,0.4122,-0.1679,43.02,On Surface
563133,-0.0144,9.9790,1.3815,-2.4122,0.7328,-0.0916,42.98,On Surface
563183,0.0144,9.9599,1.3312,-2.5954,0.4580,-0.2901,43.02,On Surface
563233,-0.0383,9.9240,1.3695,-2.3206,0.7634,-0.4427,42.79,On Surface
563283,-0.0168,9.9527,1.3575,-2.5038,0.4885,-0.1374,42.93,On Surface
563333,0.0431,9.9455,1.3048,-2.4885,0.5496,-0.2595,42.98,On Surface
563383,0.0192,9.9096,1.3384,-2.5344,0.8397,-0.0611,43.02,On Surface
563433,-0.0072,9.8833,1.3240,-2.4275,0.3664,-0.2443,43.02,On Surface
563483,0.0144,9.9096,1.3695,-2.3817,0.3664,-0.0153,42.79,On Surface
563533,-0.0072,9.9407,1.3479,-2.3511,0.6718,-0.0458,42.84,On Surface
563583,0.0215,9.9407,1.3336,-2.5191,0.5954,-0.1832,42.98,On Surface
563633,-0.0096,9.9407,1.3527,-2.5191,0.6412,-0.1221,42.60,On Surface
563683,0.0024,9.9718,1.3455,-2.2748,0.6565,-0.0611,42.79,On Surface
563733,0.0192,9.9503,1.2905,-2.3359,0.5038,-0.2443,43.02,On Surface
563783,-0.0024,9.9359,1.3647,-2.5038,0.5954,-0.3359,42.79,On Surface
563833,-0.0168,9.9288,1.3479,-2.4733,0.7481,0.0305,42.93,On Surface
563883,0.0287,9.9144,1.3767,-2.5802,0.3817,-0.0153,42.98,On Surface
563933,0.0192,9.9168,1.3336,-2.4427,0.0153,-0.0916,42.93,On Surface
563983,0.0287,9.9048,1.3982,-2.4733,0.4427,-0.0763,42.79,On Surface
564033,0.0024,9.9048,1.3168,-2.4733,0.5191,0.0153,42.74,On Surface
564083,0.0072,9.9527,1.3934,-2.4580,0.7328,-0.1832,42.79,On Surface
564133,0.0239,9.9168,1.3815,-2.5344,0.3664,-0.1832,42.98,On Surface
564183,-0.0120,9.9575,1.3431,-2.4885,0.5191,-0.3206,42.93,On Surface
564233,0.0120,9.9335,1.3264,-2.5954,0.7023,-0.3817,42.98,On Surface
564283,0.0168,9.9192,1.3144,-2.0763,0.6412,-0.3969,42.79,On Surface
564333,0.0000,9.9383,1.3288,-2.1832,0.5649,-0.2443,42.79,On Surface
564383,0.0359,9.9288,1.3623,-2.2748,0.2748,0.3511,42.79,On Surface
564433,-0.0024,9.9120,1.3647,-2.1985,0.4122,-0.2748,42.98,On Surface
564483,0.0072,9.9359,1.3455,-2.3817,0.3817,-0.0458,43.02,On Surface
564533,0.0024,9.9120,1.3719,-2.4733,0.3817,0.0458,42.93,On Surface
564583,0.0096,9.9551,1.3312,-2.2748,0.1832,-0.0153,43.02,On Surface
564633,-0.0215,9.9311,1.3384,-2.7328,0.5038,-0.0763,43.02,On Surface
564683,0.0024,9.9479,1.3168,-2.2443,0.3511,-0.3817,42.79,On Surface
564733,0.0072,9.9671,1.3408,-2.2290,0.6107,-0.1374,42.93,On Surface
564783,-0.0120,9.9431,1.3862,-2.4427,0.1679,-0.2443,43.02,On Surface
564833,-0.0048,9.9455,1.3527,-2.0611,0.4427,-0.3206,42.79,On Surface
564883,0.0335,9.9216,1.4030,-2.4580,0.2901,-0.0916,42.79,On Surface
564933,0.0287,9.9503,1.4389,-2.3969,0.4733,-0.2443,43.02,On Surface
564983,0.0168,9.9240,1.3934,-2.2290,0.3359,0.0458,42.98,On Surface
565033,-0.0335,9.9503,1.3671,-2.5954,0.4885,-0.2290,42.93,On Surface
565083,-0.0239,9.9311,1.3384,-2.3511,0.7634,0.0305,42.60,On Surface
565133,-0.0263,9.9288,1.3599,-2.3817,0.5802,-0.1221,42.79,On Surface
565183,-0.0168,9.9407,1.3336,-2.2290,0.5496,0.0458,42.79,On Surface
565233,-0.0455,9.9431,1.3551,-2.4885,0.5038,-0.0763,42.98,On Surface
565283,-0.0048,9.9359,1.3336,-2.1985,0.2443,-0.1374,42.98,On Surface
565333,-0.0168,9.9479,1.3575,-2.2137,0.4427,-0.0763,42.98,On Surface
565383,-0.0024,9.9168,1.3264,-2.1374,0.3053,-0.2137,42.98,On Surface
565433,0.0024,9.8904,1.3168,-2.4275,0.5802,-0.0611,42.84,On Surface
565483,0.0215,9.9575,1.3647,-2.0000,0.3969,-0.1985,42.98,On Surface
565533,0.0024,9.8737,1.3791,-2.4733,0.3359,-0.1374,42.79,On Surface
565583,0.0192,9.9120,1.3120,-2.2901,0.6718,0.0305,43.02,On Surface
565633,-0.0072,9.9695,1.3264,-2.6565,0.4580,-0.0916,42.98,On Surface
565683,-0.0215,9.9695,1.3096,-2.2901,0.5496,-0.2290,43.02,On Surface
565733,-0.0096,9.9455,1.3288,-2.4275,0.3511,-0.1221,42.84,On Surface
565783,-0.0096,9.9455,1.3312,-2.2595,0.7176,0.1679,42.93,On Surface
565833,-0.0215,9.9551,1.3527,-2.1221,0.3969,0.3206,42.84,On Surface
565883,-0.0287,9.9264,1.3384,-2.3511,0.4427,0.0763,42.98,On Surface
565933,0.0311,9.8833,1.4413,-2.4580,0.2595,-0.0611,42.84,On Surface
565983,0.0000,9.8833,1.3767,-2.2443,0.5038,-0.1527,42.93,On Surface
566033,0.0383,9.9192,1.3791,-2.2901,0.4580,-0.1221,42.98,On Surface
566083,0.0000,9.9216,1.2881,-2.2290,0.3664,0.0000,42.93,On Surface
566133,-0.0072,9.8952,1.3096,-2.4580,0.5802,-0.1069,43.02,On Surface
566183,0.0072,9.9503,1.3384,-2.1069,0.3664,-0.1832,42.98,On Surface
566233,0.0048,9.9216,1.3695,-2.6565,0.5649,-0.1679,42.84,On Surface
566283,0.0120,9.9599,1.3838,-2.3969,0.4275,-0.1069,42.84,On Surface
566333,0.0287,9.9383,1.3886,-2.3511,0.3969,-0.2290,42.93,On Surface
566383,0.0048,9.9311,1.2929,-2.4733,0.6260,-0.1374,42.84,On Surface
566433,-0.0168,9.8857,1.3384,-2.0763,0.3969,-0.3511,42.93,On Surface
566483,0.0239,9.9024,1.3168,-2.5649,0.5191,-0.0763,43.02,On Surface
566533,0.0383,9.9311,1.3312,-2.3206,0.2748,-0.2137,42.84,On Surface
566583,0.0072,9.9024,1.3479,-2.4122,0.4885,-0.1679,43.02,On Surface
566633,-0.0024,9.9144,1.3575,-2.5649,0.3664,-0.1832,42.93,On Surface
566683,-0.0072,9.9216,1.3910,-2.3969,0.5954,-0.0916,42.84,On Surface
566733,-0.0120,9.9575,1.3264,-2.3969,0.4885,-0.3359,42.98,On Surface
566783,-0.0192,9.9168,1.3503,-2.2595,0.6565,0.0153,43.26,On Surface
566833,0.0072,9.9240,1.3958,-2.4427,0.5496,-0.3206,42.98,On Surface
566883,0.0000,9.9359,1.3192,-2.2443,0.6412,-0.0916,43.12,On Surface
566933,-0.0144,9.9240,1.3192,-2.5344,0.3817,0.0611,42.98,On Surface
566983,-0.0215,9.9120,1.3455,-2.4122,0.4275,0.1679,42.98,On Surface
567033,0.0048,9.9599,1.3096,-2.4122,0.4733,-0.2290,42.98,On Surface
567083,-0.0096,9.9168,1.3336,-2.4427,0.4427,-0.1832,42.98,On Surface
567133,-0.0024,9.9431,1.3695,-2.3511,0.3511,-0.0458,43.12,On Surface
567183,0.0168,9.9288,1.3838,-2.1527,0.4427,-0.0458,42.84,On Surface
567233,0.0168,9.9288,1.2809,-2.4122,0.3664,-0.0916,42.79,On Surface
567283,0.0072,9.9240,1.3240,-2.5191,0.3817,-0.4122,42.98,On Surface
567333,-0.0287,9.9264,1.3144,-2.5496,0.7634,0.0763,42.79,On Surface
567383,0.0072,9.9024,1.3695,-2.4275,0.2595,0.0305,42.93,On Surface
567433,0.0239,9.9120,1.3575,-2.3969,0.3206,-0.1679,42.79,On Surface
567483,-0.0215,9.9096,1.3719,-2.5496,0.3817,-0.0916,43.02,On Surface
567533,0.0024,9.9240,1.3647,-2.4885,0.4427,-0.0458,43.02,On Surface
567583,0.0215,9.9024,1.3288,-2.3053,0.4122,-0.1832,42.93,On Surface
567633,-0.0192,9.9311,1.3647,-2.5802,0.0916,-0.1985,42.98,On Surface
567683,-0.0120,9.9288,1.3599,-2.4733,0.7939,-0.1374,43.02,On Surface
567733,-0.0455,9.9647,1.4389,-2.5344,0.5191,-0.0916,43.02,On Surface
567783,-0.0215,9.9335,1.3240,-2.8092,0.3969,-0.3359,42.93,On Surface
567833,-0.0144,9.9359,1.3862,-2.2137,0.9160,-0.1832,43.12,On Surface
567883,-0.0096,9.9024,1.3695,-2.3511,0.8702,-0.3053,42.93,On Surface
567933,0.0287,9.9359,1.3455,-2.2748,0.2137,0.1221,42.98,On Surface
567983,0.0215,9.8689,1.3815,-2.3817,0.2748,-0.4122,42.93,On Surface
568033,0.0192,9.8904,1.3384,-2.8550,0.1679,-0.0153,42.93,On Surface
568083,-0.0263,9.9192,1.3168,-2.4885,0.5802,0.1527,42.93,On Surface
568133,-0.0239,9.9264,1.2929,-2.4580,0.2137,-0.1374,42.98,On Surface
568183,0.0144,9.9000,1.3264,-2.3817,0.7176,-0.0763,42.79,On Surface
568233,-0.0311,9.9120,1.3910,-2.2901,0.6107,-0.4275,43.02,On Surface
568283,-0.0287,10.0030,1.3072,-2.3053,0.4733,-0.0763,42.98,On Surface
568333,-0.0024,9.9048,1.3408,-2.2748,0.2290,-0.2290,42.93,On Surface
568383,0.0024,9.9072,1.3671,-2.4275,0.1069,-0.0458,42.98,On Surface
568433,-0.0168,9.9359,1.3647,-2.3511,0.4580,-0.0763,42.98,On Surface
568483,0.0024,9.9551,1.3264,-2.3664,0.3817,0.0763,43.02,On Surface
568533,0.0000,9.8881,1.3503,-2.5191,0.4580,-0.0611,43.02,On Surface
568583,-0.0072,9.9096,1.3791,-2.3359,0.5802,-0.2595,42.93,On Surface
568633,-0.0144,9.9455,1.3384,-2.3817,0.3664,0.0000,42.79,On Surface
568683,-0.0192,9.9934,1.3958,-2.3206,0.5954,-0.0916,43.02,On Surface
568733,0.0168,9.9695,1.3455,-2.2443,0.4275,-0.1069,42.60,On Surface
568783,-0.0096,9.9096,1.3072,-2.2137,0.3969,-0.2748,42.84,On Surface
568833,-0.0048,9.9599,1.3455,-2.3664,0.5344,-0.0458,43.02,On Surface
568883,0.0192,9.9383,1.3144,-2.1679,0.2443,0.0305,42.93,On Surface
568933,0.0335,9.8833,1.4222,-2.2137,0.4733,0.1374,42.93,On Surface
568983,0.0072,9.9120,1.3815,-2.4733,0.3206,-0.0305,42.93,On Surface
569033,0.0048,9.9216,1.3096,-2.5344,0.3817,-0.0305,42.98,On Surface
569083,0.0192,9.9503,1.3695,-2.3817,0.5191,-0.0153,42.79,On Surface
569133,0.0168,9.8976,1.3001,-2.3359,0.3359,-0.1221,42.79,On Surface
569183,0.0048,9.9503,1.3671,-2.4122,0.1069,-0.1527,42.93,On Surface
569233,-0.0192,9.9264,1.3431,-2.2443,0.3664,-0.1069,42.79,On Surface
569283,-0.0120,9.9431,1.3934,-2.3664,0.2595,-0.0763,42.98,On Surface
569333,-0.0048,9.9527,1.3144,-2.3359,0.5038,-0.1221,42.65,On Surface
569383,0.0168,9.9551,1.3886,-2.0763,0.5954,-0.1221,42.84,On Surface
569433,0.0335,9.9048,1.3288,-2.3664,0.3664,-0.1527,43.02,On Surface
569483,-0.0144,9.9024,1.3431,-2.1679,0.3511,-0.1221,43.02,On Surface
569533,0.0096,9.9766,1.3671,-2.3969,0.4733,-0.0763,43.02,On Surface
569583,-0.0359,9.9024,1.3384,-2.4427,0.3206,0.0763,42.98,On Surface
569633,0.0263,9.9623,1.3503,-2.4580,0.6718,-0.0916,42.74,On Surface
569683,0.0000,9.9766,1.3192,-2.3511,0.6870,-0.0916,42.79,On Surface
569733,0.0000,9.9216,1.3479,-2.2748,0.3511,-0.1374,42.84,On Surface
569783,0.0263,9.9503,1.3455,-2.2595,0.1985,-0.0458,42.79,On Surface
569833,0.0335,9.9000,1.3623,-2.3206,0.5954,-0.0763,42.93,On Surface
569883,0.0072,9.8928,1.3934,-2.1679,0.6107,-0.0763,42.84,On Surface
569933,0.0335,9.8665,1.3623,-2.4733,0.4275,-0.0305,42.98,On Surface
569983,0.0215,9.9120,1.3815,-2.2595,0.6718,-0.2748,42.98,On Surface
570033,0.0120,9.9359,1.3144,-2.4122,0.3511,-0.0305,42.98,On Surface
570083,-0.0024,9.9383,1.3384,-2.6107,0.6412,-0.1679,42.93,On Surface
570133,-0.0120,9.9479,1.3288,-2.4427,0.4122,-0.1069,42.79,On Surface
570183,0.0024,9.9479,1.3072,-2.4580,0.6412,-0.1374,42.79,On Surface
570233,-0.0024,9.9479,1.2929,-2.0305,0.5954,-0.2901,42.98,On Surface
570283,0.0383,9.9048,1.3647,-2.2748,0.5802,-0.1069,42.65,On Surface
570333,0.0263,9.9216,1.3479,-2.2443,0.3359,-0.0763,42.98,On Surface
570383,0.0742,9.9144,1.3048,-2.3664,0.7634,-0.2595,43.02,On Surface
570433,0.0239,9.9455,1.3719,-2.1221,0.4885,-0.1985,43.02,On Surface
570483,0.0335,9.9192,1.3264,-2.4580,0.5038,-0.0763,42.98,On Surface
570533,0.0048,9.9120,1.3479,-2.4427,0.5344,-0.0153,42.79,On Surface
570583,-0.0215,9.9527,1.3623,-2.5344,0.4275,-0.2748,42.93,On Surface
570633,-0.0239,9.9431,1.3192,-2.3664,0.4122,-0.1374,43.17,On Surface
570683,0.0263,9.9240,1.3695,-2.3664,0.6260,0.0763,42.79,On Surface
570733,0.0072,9.9264,1.3695,-2.4580,0.5191,-0.1221,42.79,On Surface
570783,0.0335,9.9264,1.3815,-2.5038,0.5649,-0.1679,42.79,On Surface
570833,-0.0192,9.8952,1.3431,-2.1069,0.5649,-0.0763,42.93,On Surface
570883,-0.0024,9.9144,1.3719,-2.1832,0.6260,-0.2137,43.02,On Surface
570933,-0.0192,9.9264,1.3479,-2.3206,0.4427,0.0763,42.93,On Surface
570983,0.0287,9.9599,1.3144,-2.5649,0.5038,0.0916,43.02,On Surface
571033,-0.0263,9.9168,1.3240,-2.5802,0.5954,-0.3969,42.79,On Surface
571083,-0.0263,9.9359,1.3312,-2.2595,0.3053,0.0153,42.93,On Surface
571133,0.0000,9.9790,1.3024,-2.5496,0.7328,-0.0916,43.02,On Surface
571183,0.0096,9.8928,1.3862,-2.5038,0.4885,-0.2290,42.93,On Surface
571233,0.0024,9.9407,1.3408,-2.4885,0.5496,-0.2901,42.98,On Surface
571283,0.0144,9.9120,1.3384,-2.1527,0.3359,-0.0916,43.02,On Surface
571333,-0.0383,9.9096,1.4317,-2.4580,0.3664,-0.1985,43.31,On Surface
571383,0.0263,9.9000,1.3934,-2.4733,0.4427,-0.1069,42.93,On Surface
571433,-0.0239,9.9527,1.3024,-2.3511,0.5649,-0.1374,42.65,On Surface
571483,0.0048,9.9168,1.3431,-2.4275,0.2595,-0.0153,42.93,On Surface
571533,-0.0455,9.9000,1.3120,-2.4122,0.5191,0.0305,43.02,On Surface
571583,0.0024,9.9647,1.3862,-2.4427,0.4122,-0.0153,43.02,On Surface
571633,-0.0192,9.9503,1.3360,-2.3359,0.6107,-0.1374,42.98,On Surface
571683,-0.0287,9.9599,1.3479,-2.2748,0.4122,-0.0305,42.93,On Surface
571733,0.0072,9.9168,1.3815,-2.2901,0.5649,-0.2901,42.93,On Surface
571783,-0.0024,9.9335,1.3767,-2.0305,0.3969,0.0000,43.02,On Surface
571833,0.0000,9.9288,1.3503,-2.2901,0.2595,-0.3053,43.02,On Surface
571883,0.0120,9.9431,1.3527,-2.2748,0.4427,-0.0153,42.65,On Surface
571933,0.0239,9.9575,1.3695,-2.1985,0.4733,-0.2901,43.02,On Surface
571983,0.0096,9.8976,1.3647,-2.3817,0.5191,-0.0611,42.93,On Surface
572033,0.0359,9.9359,1.3503,-2.3053,0.3969,0.2595,42.84,On Surface
572083,0.0215,9.9383,1.3623,-2.2137,0.4733,-0.2443,43.12,On Surface
572133,-0.0527,9.9048,1.3982,-2.6412,0.4275,-0.0153,42.98,On Surface
572183,-0.0335,9.9144,1.4030,-2.3511,0.3969,-0.0458,43.02,On Surface
572233,-0.0096,9.9335,1.3815,-2.4427,0.4122,0.1832,42.98,On Surface
572283,-0.0144,9.9359,1.2713,-2.3969,0.3969,-0.3053,42.93,On Surface
572333,0.0144,9.9407,1.3982,-2.3359,0.3664,-0.1832,43.02,On Surface
572383,0.0407,9.8857,1.3479,-2.2901,0.2290,-0.3664,42.93,On Surface
572433,0.0072,9.9359,1.3503,-2.3359,0.3664,0.0763,42.79,On Surface
572483,-0.0024,9.9288,1.4054,-2.4122,0.7023,-0.1069,43.02,On Surface
572533,0.0000,9.9359,1.3886,-2.5191,0.3817,-0.3511,42.98,On Surface
572583,0.0120,9.9335,1.3599,-2.3511,0.5649,-0.1069,42.93,On Surface
572633,-0.0096,9.9479,1.2809,-2.3359,0.6260,-0.0153,42.84,On Surface
572683,-0.0048,9.9671,1.3168,-2.2901,0.4122,-0.0916,42.98,On Surface
572733,-0.0144,9.9431,1.3408,-2.3359,0.4275,-0.0916,42.93,On Surface
572783,-0.0359,9.9359,1.4389,-2.3969,0.5344,0.0000,43.02,On Surface
572833,0.0000,9.9288,1.4365,-2.2137,0.4733,0.0305,43.02,On Surface
572883,-0.0048,9.9000,1.3958,-2.2595,0.2290,-0.0611,42.74,On Surface
572933,0.0048,9.9359,1.3767,-2.3664,0.1832,-0.1069,42.79,On Surface
572983,0.0072,9.9048,1.3431,-2.5649,0.2290,-0.0763,42.79,On Surface
573033,0.0072,9.9120,1.3503,-2.3969,0.4275,-0.0611,42.93,On Surface
573083,-0.0024,9.9431,1.4222,-2.3206,0.3969,-0.0153,42.79,On Surface
573133,0.0000,9.9503,1.3264,-2.4580,0.5038,0.0611,42.93,On Surface
573183,0.0024,9.9527,1.3001,-2.4275,0.3817,0.2290,42.98,On Surface
573233,0.0120,9.9479,1.3958,-2.5191,0.4733,-0.2290,43.12,On Surface
573283,0.0048,9.9144,1.3982,-2.1069,0.1985,-0.1679,43.02,On Surface
573333,0.0048,9.9000,1.3455,-2.2748,0.4733,-0.0763,42.60,On Surface
573383,0.0120,9.9168,1.3312,-2.1069,0.5496,-0.0458,42.79,On Surface
573433,0.0072,9.9264,1.3695,-2.4733,0.7481,0.0763,43.17,On Surface
573483,0.0431,9.9192,1.3647,-2.1679,0.5191,-0.0763,42.93,On Surface
573533,0.0024,9.9240,1.3336,-2.4885,0.5954,0.1985,42.93,On Surface
573583,0.0048,9.9383,1.3599,-2.3511,0.3359,-0.2443,42.98,On Surface
573633,0.0072,9.9599,1.3623,-2.3053,0.5038,-0.0763,42.74,On Surface
573683,0.0000,9.9551,1.3384,-2.4580,0.2595,-0.2595,42.93,On Surface
573733,-0.0383,9.9359,1.3312,-2.2595,0.8855,-0.0153,42.74,On Surface
573783,0.0000,9.9000,1.4006,-2.2290,0.4275,-0.1679,42.93,On Surface
573833,0.0120,9.9144,1.3503,-2.2443,0.3359,-0.0305,42.93,On Surface
573883,0.0048,9.9096,1.3862,-2.4733,0.4580,-0.1374,42.93,On Surface
573933,0.0575,9.9024,1.3048,-2.4275,0.6565,-0.1374,42.98,On Surface
573983,-0.0072,9.8665,1.3910,-2.4885,0.3511,-0.1221,42.98,On Surface
574033,0.0072,9.9264,1.3982,-2.4275,0.5802,0.0763,42.93,On Surface
574083,0.0000,9.9623,1.3216,-2.7634,0.5649,-0.2901,43.02,On Surface
574133,-0.0168,9.9479,1.3647,-2.4122,0.6718,-0.1374,42.74,On Surface
574183,-0.0048,9.9288,1.3623,-2.5496,0.7939,0.0305,42.79,On Surface
574233,0.0287,9.9288,1.2905,-2.3817,0.3664,-0.1374,42.74,On Surface
574283,0.0000,9.9311,1.3503,-2.4275,0.6718,-0.2137,42.93,On Surface
574333,0.0192,9.9120,1.3048,-2.5954,0.4733,-0.2137,42.84,On Surface
574383,0.0168,9.8569,1.2953,-2.5802,0.4885,-0.2443,42.93,On Surface
574433,0.0144,9.8833,1.3551,-2.3817,0.6565,0.0458,42.84,On Surface
574483,0.0048,9.9024,1.3312,-2.3817,0.5649,-0.2290,43.12,On Surface
574533,0.0048,9.9431,1.2833,-2.1832,0.6260,-0.2748,42.93,On Surface
574583,-0.0263,9.9695,1.3264,-2.5344,0.7786,-0.1679,42.79,On Surface
574633,0.0048,9.9575,1.3240,-2.6412,0.5038,-0.0458,42.79,On Surface
574683,0.0215,9.9431,1.3647,-2.4885,0.4885,-0.0458,43.02,On Surface
574733,0.0096,9.9551,1.3240,-2.4122,0.2443,-0.0916,42.98,On Surface
574783,0.0000,9.9551,1.3934,-2.0305,0.6870,-0.1527,43.02,On Surface
574833,-0.0192,9.9192,1.3910,-2.5344,0.2748,-0.1985,42.60,On Surface
574883,-0.0072,9.8952,1.3910,-2.4885,0.3664,-0.0611,42.65,On Surface
574933,0.0024,9.8785,1.3479,-2.5038,0.4885,-0.1069,42.84,On Surface
574983,-0.0120,9.9407,1.3096,-2.4580,0.4733,-0.0153,42.74,On Surface
575033,-0.0192,9.9216,1.3144,-2.4733,0.4580,-0.0763,42.84,On Surface
575083,-0.0144,9.9718,1.3096,-2.3969,0.5954,-0.0611,42.65,On Surface
575133,-0.0239,9.9216,1.2977,-2.8244,0.4885,-0.0763,42.93,On Surface
575183,-0.0072,9.9431,1.3192,-2.3664,0.4580,-0.1221,42.98,On Surface
575233,-0.0192,9.9575,1.3695,-2.1832,0.3817,0.0153,43.26,On Surface
575283,0.0311,9.9503,1.4030,-2.2137,0.2595,-0.1069,42.79,On Surface
575333,0.0048,9.8641,1.4174,-2.2901,0.2137,-0.1679,42.93,On Surface
575383,0.0359,9.9288,1.3623,-2.4427,0.2901,0.0305,42.79,On Surface
575433,0.0263,9.9072,1.3431,-2.2137,0.5344,0.0611,43.02,On Surface
575483,0.0431,9.9359,1.3479,-2.5344,0.1527,-0.1985,42.84,On Surface
575533,-0.0072,9.9072,1.2881,-2.5191,0.2901,-0.0916,42.79,On Surface
575583,-0.0263,9.9455,1.3647,-2.2290,0.3664,-0.1221,42.93,On Surface
575633,0.0000,9.9718,1.3360,-2.2137,0.4275,-0.0611,43.26,On Surface
575683,0.0096,9.9479,1.3695,-2.3664,0.2748,0.1985,42.98,On Surface
575733,-0.0048,9.9527,1.4413,-2.2137,0.2595,-0.2901,42.74,On Surface
575783,-0.0144,9.9096,1.3288,-2.2443,0.3359,-0.0458,42.93,On Surface
575833,0.0311,9.9168,1.3910,-2.5649,0.2137,-0.1527,42.84,On Surface
575883,-0.0168,9.9192,1.3455,-2.4275,0.5191,-0.0305,42.84,On Surface
575933,0.0215,9.9383,1.3815,-2.5496,0.6412,0.2901,43.02,On Surface
575983,-0.0120,9.9503,1.3336,-2.3969,0.3664,0.0153,42.98,On Surface
576033,-0.0096,9.9479,1.3384,-2.4122,0.6718,-0.1985,42.93,On Surface
576083,-0.0239,9.9695,1.3455,-2.2595,0.3664,0.0153,42.98,On Surface
576133,0.0120,9.9479,1.3120,-2.2748,0.3053,-0.0458,42.98,On Surface
576183,-0.0144,9.9599,1.3791,-2.3817,0.4275,-0.2290,42.79,On Surface
576233,0.0192,9.9599,1.3886,-2.4580,0.3664,0.2137,43.02,On Surface
576283,0.0239,9.9120,1.3886,-2.1985,0.3206,-0.2137,42.98,On Surface
576333,-0.0239,9.9048,1.3479,-2.4733,0.2901,-0.1527,42.74,On Surface
576383,-0.0239,9.9479,1.3479,-2.4580,0.3817,0.1069,42.93,On Surface
576433,0.0024,9.9216,1.3551,-2.4122,0.3053,-0.0611,42.60,On Surface
576483,-0.0239,9.9216,1.2953,-2.4427,0.4733,0.0458,43.12,On Surface
576533,-0.0024,9.9024,1.3479,-2.5038,0.5802,0.0916,42.65,On Surface
576583,-0.0144,9.9335,1.3216,-2.3969,0.6260,-0.2443,42.74,On Surface
576633,0.0096,9.9072,1.3743,-2.2748,0.5344,-0.0153,42.79,On Surface
576683,0.0024,9.9120,1.3599,-2.3053,0.2748,-0.0763,42.93,On Surface
576733,0.0215,9.9407,1.3743,-2.2595,0.3664,-0.2901,43.26,On Surface
576783,-0.0144,9.9168,1.3671,-2.3511,0.4427,-0.2443,42.79,On Surface
576833,0.0072,9.9000,1.3024,-2.2290,0.3969,-0.0763,43.02,On Surface
576883,-0.0024,9.9288,1.3527,-2.4733,0.4733,-0.1832,43.35,On Surface
576933,0.0168,9.9527,1.3408,-2.7481,0.4275,-0.0763,43.02,On Surface
576983,0.0431,9.9455,1.3360,-2.6870,0.5649,-0.2595,42.79,On Surface
577033,-0.0359,9.9216,1.3455,-2.4885,0.2901,-0.4122,42.65,On Surface
577083,-0.0048,9.9551,1.3240,-2.3206,0.5344,-0.0916,42.65,On Surface
577133,0.0239,9.9048,1.3288,-2.4427,0.3969,-0.2290,42.65,On Surface
577183,-0.0072,9.9120,1.3551,-2.3511,0.6870,-0.1069,42.93,On Surface
577233,0.0263,9.9096,1.3408,-2.3206,0.3817,-0.2595,43.02,On Surface
577283,-0.0096,9.9192,1.3384,-2.2748,0.6107,-0.0153,42.79,On Surface
577333,0.0192,9.9000,1.3671,-2.2748,0.6260,-0.2137,42.84,On Surface
577383,0.0072,9.9120,1.3647,-2.4427,0.4122,-0.1527,42.93,On Surface
577433,-0.0024,9.9048,1.3264,-2.5802,0.1374,-0.3664,42.84,On Surface
577483,-0.0024,9.9383,1.2450,-2.4733,0.3664,0.1374,42.93,On Surface
577533,-0.0311,9.9671,1.3862,-2.3969,0.6718,-0.2443,42.93,On Surface
577583,0.0168,9.9623,1.3958,-2.4733,0.5802,-0.1985,42.93,On Surface
577633,0.0551,9.8952,1.3336,-2.5802,0.6412,-0.3053,42.79,On Surface
577683,0.0263,9.9168,1.3647,-2.3359,0.4275,-0.0916,42.93,On Surface
577733,0.0455,9.9096,1.3671,-2.5496,0.4122,0.0305,42.98,On Surface
577783,0.0383,9.9311,1.3479,-2.5954,0.5954,-0.0305,42.65,On Surface
577833,0.0072,9.8713,1.3288,-2.5344,0.4427,0.0153,42.93,On Surface
577883,0.0359,9.9623,1.3240,-2.2595,0.5344,0.0305,43.02,On Surface
577933,-0.0048,9.9311,1.3767,-2.4580,0.4427,-0.2595,43.17,On Surface
577983,-0.0215,9.9311,1.3431,-2.3969,0.2595,-0.1069,42.93,On Surface
578033,-0.0024,9.9311,1.3599,-2.5038,0.3359,0.0305,42.84,On Surface
578083,-0.0024,9.9288,1.3168,-2.4427,0.6870,0.0916,42.84,On Surface
578133,-0.0048,9.8809,1.3575,-2.3359,0.2901,-0.4275,42.79,On Surface
578183,0.0311,9.9120,1.3551,-2.3664,0.5191,0.0000,42.93,On Surface
578233,-0.0144,9.9527,1.3527,-2.2290,0.4275,-0.0458,42.93,On Surface
578283,-0.0048,9.9120,1.3767,-2.6107,0.4427,-0.2748,42.93,On Surface
578333,-0.0072,9.9455,1.3527,-2.5038,0.4275,0.0305,42.98,On Surface
578383,-0.0263,9.9575,1.3240,-2.1221,0.6565,-0.1374,42.79,On Surface
578433,0.0120,9.9383,1.3599,-2.5802,0.3664,-0.1679,42.79,On Surface
578483,-0.0144,9.9718,1.3431,-2.4885,0.4275,0.0611,42.79,On Surface
578533,-0.0239,9.9551,1.3767,-2.4580,0.5496,0.0000,43.02,On Surface
578583,-0.0527,9.9000,1.3982,-2.4122,0.5191,0.0458,43.26,On Surface
578633,-0.0024,9.8761,1.3695,-2.3053,0.5649,-0.0763,42.84,On Surface
578683,0.0072,9.8881,1.3216,-2.2290,0.3511,0.0611,42.79,On Surface
578733,0.0192,9.9479,1.3408,-2.3664,0.5649,-0.0153,42.98,On Surface
578783,0.0215,9.9407,1.3360,-2.1679,0.4733,-0.0458,42.98,On Surface
578833,0.0287,9.9048,1.3791,-2.2748,0.4275,-0.0153,42.79,On Surface
578883,-0.0096,9.9455,1.2737,-2.3359,0.4122,0.1985,42.93,On Surface
578933,-0.0120,9.9359,1.3647,-2.0611,0.3359,-0.1832,42.93,On Surface
578983,-0.0144,9.9288,1.3815,-2.3511,0.2290,-0.1832,42.98,On Surface
579033,-0.0024,9.9551,1.3958,-2.5802,0.2443,-0.3053,42.93,On Surface
579083,-0.0072,9.9503,1.3719,-2.2443,0.4275,0.0000,42.93,On Surface
579133,0.0168,9.9096,1.4030,-2.5344,0.2901,0.0305,42.74,On Surface
579183,0.0096,9.8904,1.4006,-2.2901,0.2290,-0.1832,42.93,On Surface
579233,-0.0479,9.9407,1.3024,-2.3511,0.3969,0.0458,42.74,On Surface
579283,0.0120,9.9551,1.3024,-2.3817,0.1679,-0.1221,42.84,On Surface
579333,0.0192,9.9144,1.3455,-2.2443,0.3664,-0.2137,42.93,On Surface
579383,-0.0144,9.9383,1.3479,-2.4122,0.5191,-0.0153,42.79,On Surface
579433,0.0263,9.9288,1.3671,-2.3053,0.4275,-0.2595,42.98,On Surface
579483,0.0144,9.9359,1.3048,-2.4580,0.5191,-0.2901,42.93,On Surface
579533,-0.0024,9.9599,1.2857,-2.3664,0.1374,-0.0153,42.93,On Surface
579583,0.0000,9.8737,1.3886,-2.3053,0.6870,0.0458,42.98,On Surface
579633,0.0311,9.9264,1.4030,-2.4733,0.5191,0.1374,42.79,On Surface
579683,0.0407,9.9240,1.3336,-2.3359,0.3053,-0.1069,42.98,On Surface
579733,0.0407,9.9407,1.3815,-2.2748,0.4885,-0.0916,43.02,On Surface
579783,0.0000,9.9359,1.3671,-2.2290,0.3817,-0.1832,42.98,On Surface
579833,-0.0096,9.9599,1.3503,-2.4580,0.4122,0.1527,42.84,On Surface
579883,-0.0168,9.9958,1.3551,-2.3359,0.4580,-0.2137,42.98,On Surface
579933,-0.0120,9.9647,1.2953,-2.4122,0.3511,-0.0611,42.98,On Surface
579983,0.0024,9.9599,1.3743,-2.4427,0.6412,0.1527,43.12,On Surface
580033,-0.0048,9.9072,1.3072,-2.2137,0.5038,-0.1527,42.98,On Surface
580083,-0.0215,9.9311,1.2905,-2.0458,0.5191,-0.1527,42.98,On Surface
580133,0.0168,9.8833,1.3838,-2.1221,0.3206,0.1221,42.79,On Surface
580183,-0.0168,9.9264,1.3288,-2.4427,0.3511,-0.2443,43.02,On Surface
580233,0.0096,9.9144,1.4102,-2.1985,0.4733,-0.0611,42.79,On Surface
580283,0.0000,9.9048,1.3623,-2.5954,0.2595,-0.0458,42.74,On Surface
580333,0.0359,9.9216,1.3575,-2.1985,0.5802,0.0305,43.12,On Surface
580383,0.0120,9.9359,1.3695,-2.2901,0.5344,-0.2137,42.98,On Surface
580433,0.0096,9.9264,1.3312,-2.3817,0.6718,0.0458,43.02,On Surface
580483,-0.0120,9.9311,1.3264,-2.2901,0.5191,-0.0305,42.98,On Surface
580533,0.0144,9.9311,1.3599,-2.4427,0.2290,-0.0458,42.65,On Surface
580583,-0.0239,9.9288,1.4030,-2.2748,0.5496,-0.1069,42.93,On Surface
580633,0.0000,9.8881,1.3551,-2.4733,0.2595,-0.1374,43.17,On Surface
580683,0.0479,9.9096,1.3815,-2.2137,0.3206,0.0611,43.12,On Surface
580733,-0.0168,9.9216,1.3791,-2.3511,0.6412,-0.3969,42.98,On Surface
580783,0.0024,9.9311,1.3743,-2.4122,0.5344,-0.2901,43.02,On Surface
580833,-0.0168,9.9120,1.3695,-2.3359,0.7023,-0.0611,43.12,On Surface
580883,0.0144,9.8904,1.2785,-2.4275,0.5038,-0.1069,42.79,On Surface
580933,-0.0168,9.9264,1.3072,-2.6107,0.7328,-0.1679,43.02,On Surface
580983,0.0048,9.9431,1.2809,-2.6412,0.8702,-0.1985,43.12,On Surface
581033,0.0072,9.9024,1.3479,-2.3359,0.6260,-0.1832,42.79,On Surface
581083,0.0144,9.9264,1.3360,-2.1832,0.4275,-0.1221,42.93,On Surface
581133,-0.0096,9.9216,1.3408,-2.6565,0.3359,-0.0916,43.12,On Surface
581183,0.0407,9.8809,1.3551,-2.6718,0.4733,-0.1985,43.12,On Surface
581233,0.0120,9.8833,1.3336,-2.2595,0.5954,-0.1527,43.02,On Surface
581283,0.0168,9.9192,1.4054,-2.5954,0.3511,-0.0611,42.79,On Surface
581333,-0.0120,9.9144,1.2737,-2.5191,0.6565,-0.0153,42.93,On Surface
581383,-0.0120,9.9311,1.4126,-2.5802,0.5038,-0.1527,42.65,On Surface
581433,-0.0144,9.9168,1.3360,-2.4733,0.6260,-0.2443,42.93,On Surface
581483,0.0096,9.9240,1.3192,-2.4580,0.5649,-0.1832,43.02,On Surface
581533,0.0048,9.9264,1.3240,-2.3053,0.6107,-0.0916,42.98,On Surface
581583,0.0024,9.9431,1.3815,-2.5802,0.6870,-0.1527,42.84,On Surface
581633,-0.0239,9.9000,1.3216,-2.3664,0.5344,-0.3969,42.79,On Surface
581683,0.0239,9.8785,1.3312,-2.5038,0.3664,-0.1832,42.79,On Surface
581733,0.0024,9.9000,1.3384,-2.3206,0.1374,-0.1069,42.84,On Surface
581783,-0.0239,9.8881,1.3671,-2.4427,0.5802,0.0763,42.93,On Surface
581833,-0.0359,9.9479,1.3575,-2.4580,0.6870,-0.1374,42.93,On Surface
581883,0.0096,9.9264,1.4006,-2.5038,0.3817,-0.1374,42.98,On Surface
581933,0.0096,9.9647,1.3001,-2.4427,0.4275,-0.3206,42.98,On Surface
581983,-0.0527,9.9455,1.3838,-2.3817,0.5802,0.0458,43.02,On Surface
582033,-0.0383,9.9264,1.3599,-2.5802,0.4885,-0.1527,42.79,On Surface
582083,-0.0215,9.9144,1.3503,-2.2137,0.6107,-0.2443,42.74,On Surface
582133,-0.0048,9.8976,1.3695,-2.4733,0.3206,0.0000,42.98,On Surface
582183,0.0120,9.8761,1.3503,-2.2595,0.2137,-0.1679,42.93,On Surface
582233,-0.0024,9.9216,1.4102,-2.4122,0.3664,-0.2290,42.65,On Surface
582283,0.0144,9.9311,1.3312,-2.4122,0.3359,-0.0458,42.93,On Surface
582333,0.0287,9.9096,1.3647,-2.3664,0.3206,0.0305,42.79,On Surface
582383,0.0048,9.9455,1.3599,-2.3053,0.5954,-0.1527,42.93,On Surface
582433,-0.0335,9.9264,1.3623,-2.3359,0.4580,0.0305,43.02,On Surface
582483,-0.0407,9.9934,1.3408,-2.3359,0.1985,-0.0763,42.98,On Surface
582533,-0.0072,9.9647,1.3838,-2.3969,0.2137,-0.2748,42.98,On Surface
582583,-0.0335,9.9048,1.3431,-2.1374,0.2443,-0.0611,42.93,On Surface
582633,0.0048,9.9359,1.3767,-2.4427,0.4580,0.0000,43.12,On Surface
582683,-0.0263,9.9311,1.3024,-2.1832,0.3511,-0.0305,42.93,On Surface
582733,-0.0072,9.9335,1.4102,-2.4733,0.1679,-0.0763,43.12,On Surface
582783,-0.0287,9.9359,1.3408,-2.4275,0.3359,0.0305,43.12,On Surface
582833,0.0048,9.9120,1.3408,-2.3511,0.5038,0.0000,42.79,On Surface
582883,-0.0239,9.9192,1.3072,-2.2748,0.6412,0.1679,42.93,On Surface
582933,0.0048,9.9695,1.3408,-2.2748,0.7328,-0.1221,42.93,On Surface
582983,0.0048,9.9838,1.3455,-2.3511,0.5954,0.0000,42.93,On Surface
583033,0.0000,9.9407,1.3216,-2.3053,0.2901,-0.0916,42.98,On Surface
583083,0.0096,9.9120,1.3527,-2.1527,0.4733,0.0611,42.84,On Surface
583133,0.0168,9.9168,1.3743,-2.3359,0.2901,0.0458,42.93,On Surface
583183,-0.0383,9.9240,1.3623,-2.4427,0.1374,0.0153,42.65,On Surface
583233,-0.0215,9.9264,1.3815,-2.4122,0.4885,-0.1985,42.93,On Surface
583283,0.0048,9.9264,1.4102,-2.2748,0.2595,-0.1069,42.93,On Surface
583333,0.0120,9.9599,1.2929,-2.5038,0.2290,0.1985,42.93,On Surface
583383,-0.0144,9.9359,1.3312,-2.2748,0.3511,0.0153,43.02,On Surface
583433,-0.0287,9.9671,1.3384,-2.3053,0.5191,-0.2290,43.12,On Surface
583483,0.0192,9.9742,1.3312,-2.4885,0.4733,-0.1679,42.84,On Surface
583533,-0.0599,9.9647,1.3647,-2.3206,0.5344,-0.1069,42.93,On Surface
583583,-0.0215,9.9216,1.3791,-2.2748,0.3817,-0.0916,42.79,On Surface
583633,0.0072,9.9240,1.3671,-2.2443,0.6870,0.1985,42.79,On Surface
583683,-0.0287,9.9383,1.2833,-2.1679,0.4122,0.0000,42.74,On Surface
583733,0.0072,9.9072,1.4413,-2.7328,0.2595,-0.1221,43.35,On Surface
583783,-0.0287,9.9072,1.3168,-2.3359,0.3511,-0.2290,42.65,On Surface
583833,-0.0335,9.9359,1.3527,-2.4427,0.4885,-0.1527,42.79,On Surface
583883,-0.0407,9.9383,1.3192,-2.4885,0.4580,-0.0763,42.93,On Surface
583933,0.0024,9.9000,1.3695,-2.1832,0.7634,-0.1527,42.93,On Surface
583983,0.0168,9.9383,1.3671,-2.5344,0.2443,0.0305,43.12,On Surface
584033,-0.0120,9.9072,1.3431,-2.2137,0.5191,-0.1679,42.93,On Surface
584083,-0.0072,9.9407,1.3599,-2.4427,0.5344,-0.1985,42.79,On Surface
584133,0.0048,9.9455,1.3096,-2.3664,0.6718,-0.0458,42.79,On Surface
584183,-0.0120,9.9048,1.3599,-2.4885,0.3511,-0.2901,42.74,On Surface
584233,0.0263,9.9503,1.3455,-2.6260,0.7481,-0.1374,42.98,On Surface
584283,0.0287,9.9335,1.2881,-2.5802,0.5038,-0.2595,43.02,On Surface
584333,0.0000,9.9503,1.3288,-2.6260,0.2595,-0.2290,43.31,On Surface
584383,0.0024,9.9311,1.3192,-2.5038,0.4885,-0.2595,43.02,On Surface
584433,-0.0263,9.9335,1.3551,-2.5038,0.3664,-0.1985,43.12,On Surface
584483,-0.0048,9.9311,1.3551,-2.5191,0.2901,-0.0305,43.02,On Surface
584533,0.0192,9.9503,1.3408,-2.2137,0.3664,0.0611,42.65,On Surface
584583,-0.0048,9.8833,1.3695,-2.3359,0.3053,-0.1527,42.93,On Surface
584633,0.0096,9.9383,1.3791,-2.1985,0.5191,-0.0916,43.12,On Surface
584683,-0.0048,9.9192,1.3479,-2.7481,0.3359,-0.2290,43.12,On Surface
584733,0.0192,9.9192,1.3360,-2.5649,0.4275,0.0458,43.02,On Surface
584783,0.0120,9.8928,1.3168,-2.3817,0.5954,-0.0153,42.93,On Surface
584833,-0.0072,9.9455,1.3216,-2.5954,0.3664,-0.3053,42.98,On Surface
584883,-0.0096,9.9311,1.3815,-2.5191,0.5191,-0.3359,42.74,On Surface
584933,-0.0120,9.9264,1.3455,-2.4275,0.4580,0.0611,42.98,On Surface
584983,0.0239,9.9551,1.3216,-2.3664,0.5496,-0.1069,43.02,On Surface
585033,-0.0072,9.9144,1.3838,-2.3664,0.5954,-0.2137,42.93,On Surface
585083,0.0359,9.8833,1.3336,-2.6260,0.3359,-0.4580,43.17,On Surface
585133,0.0000,9.9120,1.3695,-2.3969,0.3817,0.0305,42.98,On Surface
585183,0.0239,9.8857,1.3001,-2.4122,0.6565,-0.3817,42.98,On Surface
585233,-0.0144,9.9240,1.3264,-2.5191,0.1221,-0.2137,42.84,On Surface
585283,0.0215,9.9671,1.3240,-2.5191,0.6107,-0.1221,42.98,On Surface
585333,-0.0120,9.9144,1.3503,-2.1832,0.6718,-0.1527,42.98,On Surface
585383,0.0120,9.9551,1.3623,-2.1985,0.5649,-0.3359,42.79,On Surface
585433,-0.0479,9.9455,1.3455,-2.3969,0.4427,-0.1679,42.93,On Surface
585483,-0.0215,9.9335,1.3815,-2.3511,0.3969,-0.1985,43.12,On Surface
585533,0.0575,9.9359,1.3767,-2.2901,0.3664,0.1069,42.93,On Surface
585583,0.0239,9.9407,1.3743,-2.1832,0.3359,0.3511,43.02,On Surface
585633,0.0120,9.9647,1.3743,-2.7481,0.1221,-0.1374,42.74,On Surface
585683,0.0024,9.9407,1.3743,-2.3511,0.3053,0.1221,43.02,On Surface
585733,-0.0120,9.9383,1.2953,-2.4580,0.2901,-0.1985,42.84,On Surface
585783,-0.0048,9.9527,1.3791,-2.4427,0.4275,-0.1679,42.79,On Surface
585833,0.0000,9.9766,1.3695,-2.4427,0.3053,0.1069,42.79,On Surface
585883,0.0072,9.9000,1.3886,-2.3511,0.4733,0.0000,42.93,On Surface
585933,0.0335,9.9383,1.3743,-2.3206,0.5496,0.0916,42.98,On Surface
585983,-0.0048,9.9168,1.4150,-2.1679,0.3511,0.0458,42.98,On Surface
586033,-0.0192,9.9216,1.3982,-2.5038,0.2443,0.2290,42.98,On Surface
586083,0.0024,9.9479,1.3120,-2.5038,0.6260,-0.0458,43.12,On Surface
586133,-0.0215,9.9383,1.3312,-2.1527,0.5191,0.0153,42.93,On Surface
586183,0.0024,9.9479,1.3336,-2.3206,0.5191,-0.1527,42.79,On Surface
586233,0.0024,9.9192,1.2713,-2.3969,0.4275,-0.1985,43.02,On Surface
586283,-0.0048,9.9144,1.3336,-2.2595,0.3053,-0.1374,42.84,On Surface
586333,-0.0144,9.9144,1.3791,-2.3664,0.3206,-0.3817,42.93,On Surface
586383,-0.0072,9.9527,1.3312,-2.2901,0.7176,0.2748,42.79,On Surface
586433,0.0144,9.8928,1.3838,-2.1221,0.5344,0.1985,42.65,On Surface
586483,0.0287,9.9192,1.4174,-2.4122,0.3817,-0.1221,42.93,On Surface
586533,-0.0048,9.9311,1.4030,-2.4580,0.3053,-0.1069,43.02,On Surface
586583,0.0192,9.9192,1.3144,-2.2595,0.4885,-0.1069,43.02,On Surface
586633,-0.0287,9.9072,1.3408,-2.2901,0.3206,-0.1069,42.84,On Surface
586683,-0.0287,9.9623,1.3336,-2.4580,0.5191,-0.1069,42.93,On Surface
586733,-0.0622,9.9335,1.3360,-2.1832,0.4275,-0.4427,43.02,On Surface
586783,-0.0024,9.9551,1.3575,-2.3969,0.4733,0.1069,43.12,On Surface
586833,-0.0048,9.9623,1.3312,-2.3664,0.5802,-0.0611,42.98,On Surface
586883,-0.0096,9.9288,1.3743,-2.3511,0.3511,-0.1527,43.02,On Surface
586933,0.0407,9.9288,1.3671,-2.4275,0.4580,-0.0916,43.17,On Surface
586983,0.0048,9.9311,1.3862,-2.2901,0.3053,-0.1679,42.79,On Surface
587033,-0.0072,9.9216,1.3862,-2.3053,0.4427,0.0153,42.93,On Surface
587083,0.0072,9.9264,1.3192,-2.5038,0.4733,-0.1374,42.93,On Surface
587133,0.0144,9.9144,1.3072,-2.4275,0.3206,-0.1832,43.02,On Surface
587183,-0.0120,9.8857,1.3958,-2.5038,0.3053,-0.1527,42.93,On Surface
587233,-0.0024,9.9790,1.3479,-2.1221,0.5496,-0.1985,42.74,On Surface
587283,0.0000,9.9814,1.3599,-2.5496,0.5191,-0.0305,42.84,On Surface
587333,0.0048,9.9575,1.3671,-2.2748,0.5191,0.1221,42.98,On Surface
587383,-0.0048,9.9335,1.4078,-2.3969,0.7328,0.0000,43.02,On Surface
587433,0.0048,9.9335,1.3958,-2.2748,0.2595,-0.1985,42.93,On Surface
587483,0.0239,9.8976,1.2833,-2.4427,0.6412,0.0763,42.98,On Surface
587533,-0.0192,9.8928,1.3958,-2.5191,0.3664,-0.0611,42.98,On Surface
587583,-0.0048,9.9216,1.3408,-2.3969,0.3664,-0.1374,43.17,On Surface
587633,0.0048,9.9024,1.3312,-2.5954,0.5191,-0.1527,42.84,On Surface
587683,-0.0024,9.9503,1.3024,-2.4427,0.4580,-0.3511,42.93,On Surface
587733,0.0192,9.9288,1.2953,-2.2137,0.6565,-0.1221,42.79,On Surface
587783,-0.0192,9.9551,1.3312,-2.2443,0.6107,-0.1221,42.65,On Surface
587833,0.0120,9.9120,1.3599,-2.4275,0.6260,-0.1985,42.84,On Surface
587883,0.0024,9.8713,1.2665,-2.2137,0.6718,-0.0916,43.31,On Surface
587933,0.0168,9.9216,1.3767,-2.3817,0.6260,-0.1221,42.93,On Surface
587983,0.0455,9.9024,1.4102,-2.6718,0.5954,-0.0916,42.93,On Surface
588033,0.0168,9.9407,1.3958,-2.5954,0.4275,-0.2748,42.98,On Surface
588083,0.0622,9.9288,1.3312,-2.6107,0.3359,-0.3817,42.93,On Surface
588133,0.0335,9.9766,1.3647,-2.3817,0.5038,-0.1374,42.98,On Surface
588183,-0.0503,9.9431,1.3838,-2.4427,0.5191,-0.1832,42.79,On Surface
588233,0.0144,9.9575,1.3096,-2.7481,0.5191,-0.1221,42.98,On Surface
588283,-0.0287,9.9311,1.3264,-2.3664,0.5802,-0.1679,42.98,On Surface
588333,-0.0072,9.9024,1.3072,-2.3053,0.4122,-0.0153,42.93,On Surface
588383,0.0024,9.9383,1.3743,-2.4275,0.5191,-0.1527,42.60,On Surface
588433,-0.0096,9.8904,1.3408,-2.3817,0.5954,-0.5344,42.98,On Surface
588483,0.0168,9.9024,1.3503,-2.2443,0.3817,0.1679,43.12,On Surface
588533,0.0311,9.8857,1.3551,-2.4122,0.6718,-0.4427,42.98,On Surface
588583,-0.0168,9.9311,1.3575,-2.5649,0.3664,0.0458,43.12,On Surface
588633,-0.0335,9.9311,1.2857,-2.5038,0.5496,-0.2901,42.74,On Surface
588683,-0.0120,9.9527,1.3408,-2.3969,0.4733,0.0763,43.02,On Surface
588733,-0.0048,9.9455,1.3408,-2.5344,0.5649,-0.3206,42.98,On Surface
588783,-0.0287,9.9407,1.3599,-2.3817,0.6565,-0.1679,43.02,On Surface
588833,-0.0335,9.9575,1.3336,-2.3664,0.3817,-0.1221,42.84,On Surface
588883,-0.0311,9.9455,1.2905,-2.3511,0.1679,0.0458,42.93,On Surface
588933,-0.0263,9.9216,1.3767,-2.4275,0.1832,-0.1679,42.79,On Surface
588983,0.0024,9.9407,1.3767,-2.3969,0.4275,-0.1221,42.93,On Surface
589033,-0.0168,9.9359,1.3360,-2.1679,0.6260,-0.0458,42.79,On Surface
589083,0.0120,9.9096,1.3503,-2.3206,0.2443,0.1221,42.98,On Surface
589133,-0.0024,9.9311,1.2977,-2.3817,0.4275,0.1221,42.93,On Surface
589183,-0.0168,9.9575,1.3743,-2.2748,0.5191,-0.0611,42.93,On Surface
589233,-0.0359,9.9288,1.3743,-2.4885,0.3359,-0.1221,42.79,On Surface
589283,0.0096,9.9527,1.3671,-2.2137,0.7786,-0.1832,42.98,On Surface
589333,-0.0144,9.9455,1.3599,-2.4733,0.5496,-0.2290,43.02,On Surface
589383,0.0263,9.9072,1.3288,-2.5496,0.5191,0.1221,42.98,On Surface
589433,-0.0072,9.8881,1.3647,-2.4427,0.5191,-0.2748,43.12,On Surface
589483,0.0120,9.9168,1.3862,-2.3359,0.2748,-0.1221,42.93,On Surface
589533,0.0024,9.9288,1.3192,-2.5344,0.4885,-0.0458,42.79,On Surface
589583,0.0096,9.9407,1.3551,-2.4885,0.3511,-0.0763,42.79,On Surface
589633,0.0359,9.9623,1.3192,-2.4885,0.4427,-0.0763,43.02,On Surface
589683,-0.0168,9.8857,1.3479,-2.4122,0.3817,0.2443,42.84,On Surface
589733,-0.0239,9.9359,1.3120,-2.3206,0.4122,0.1832,43.02,On Surface
589783,0.0048,9.9407,1.3767,-2.3511,0.6718,0.0458,43.02,On Surface
589833,-0.0096,9.9455,1.3384,-2.4122,0.6565,-0.1679,43.02,On Surface
589883,-0.0239,9.9383,1.3719,-2.2290,0.1679,-0.1679,42.98,On Surface
589933,0.0168,9.8976,1.3144,-2.3206,0.4275,-0.1069,42.93,On Surface
589983,0.0000,9.9671,1.4054,-2.3817,0.1221,-0.1527,42.93,On Surface
590033,-0.0048,9.9216,1.3671,-2.2443,0.3511,0.0153,42.84,On Surface
590083,-0.0215,9.9311,1.3671,-2.4580,0.4733,-0.1832,43.02,On Surface
590133,-0.0263,9.9359,1.3431,-2.4275,0.7176,-0.1679,42.65,On Surface
590183,0.0215,9.9168,1.3647,-2.5496,0.4122,-0.1527,43.02,On Surface
590233,-0.0192,9.9671,1.3647,-2.3817,0.6565,-0.2595,42.98,On Surface
590283,-0.0192,9.9168,1.3743,-2.1985,0.4275,-0.1221,43.26,On Surface
590333,-0.0024,9.9335,1.3336,-2.3817,0.3511,0.1374,42.93,On Surface
590383,0.0024,9.9288,1.3862,-2.0916,0.5649,-0.0458,43.12,On Surface
590433,0.0215,9.9383,1.3575,-2.2137,0.6870,0.1221,42.65,On Surface
590483,-0.0168,9.9288,1.3982,-2.3206,0.2748,-0.1679,43.02,On Surface
590533,0.0192,9.9311,1.3288,-2.1985,0.1832,-0.0611,42.93,On Surface
590583,0.0215,9.9096,1.3168,-2.3817,0.6870,0.0916,43.02,On Surface
590633,-0.0144,9.9359,1.3264,-2.2595,0.3969,-0.0916,42.79,On Surface
590683,0.0263,9.9359,1.3384,-2.4427,0.4427,-0.0153,42.79,On Surface
590733,0.0335,9.9527,1.3982,-2.3817,0.7328,-0.1374,42.93,On Surface
590783,0.0024,9.9790,1.3431,-2.5344,0.3664,-0.2748,42.79,On Surface
590833,0.0048,9.9000,1.3216,-2.2901,0.5649,0.0153,43.17,On Surface
590883,-0.0072,9.9479,1.3288,-2.6565,0.4733,-0.1832,43.17,On Surface
590933,0.0120,9.9168,1.3455,-2.3359,0.4427,0.1069,42.84,On Surface
590983,0.0120,9.9383,1.3719,-2.2290,0.1221,0.0458,42.60,On Surface
591033,0.0311,9.9144,1.3312,-2.5191,0.2595,-0.1985,42.74,On Surface
591083,0.0048,9.9240,1.3527,-2.4580,0.5954,0.0916,42.79,On Surface
591133,-0.0072,9.9311,1.3144,-2.5954,0.2901,-0.0763,42.65,On Surface
591183,-0.0072,9.9359,1.3264,-2.7176,0.2443,0.0153,42.98,On Surface
591233,-0.0096,9.9216,1.3360,-2.5496,0.5191,-0.1221,43.02,On Surface
591283,0.0215,9.9240,1.3312,-2.3053,0.5191,-0.0763,42.79,On Surface
591333,0.0000,9.9671,1.3408,-2.1221,0.5496,-0.1069,42.98,On Surface
591383,0.0048,9.9048,1.4557,-2.6412,0.4122,-0.0916,43.02,On Surface
591433,0.0455,9.9024,1.3360,-2.4580,0.6870,-0.0611,42.65,On Surface
591483,0.0311,9.8928,1.3479,-2.5344,0.4122,-0.0763,43.12,On Surface
591533,0.0407,9.9407,1.3551,-2.4275,0.5649,-0.0916,42.93,On Surface
591583,0.0048,9.8904,1.3048,-2.4580,0.6260,-0.0763,43.02,On Surface
591633,-0.0168,9.9216,1.3336,-2.3817,0.5496,-0.2595,42.65,On Surface
591683,-0.0072,9.9240,1.2689,-2.4885,0.6718,0.0916,42.98,On Surface
591733,-0.0048,9.9455,1.2785,-2.3969,0.6565,0.0458,42.84,On Surface
591783,-0.0335,9.9479,1.3192,-2.5802,0.6107,-0.1374,42.98,On Surface
591833,0.0168,9.9455,1.2570,-2.0458,0.4580,0.0611,42.84,On Surface
591883,-0.0287,9.9072,1.3431,-2.2595,0.7328,0.0763,42.93,On Surface
591933,0.0359,9.8737,1.2953,-2.5954,0.8092,-0.1985,42.98,On Surface
591983,0.0192,9.9120,1.4198,-2.1832,0.4885,-0.1832,43.02,On Surface
592033,0.0168,9.9000,1.3815,-2.6565,0.5344,-0.2443,42.98,On Surface
592083,0.0072,9.9216,1.3767,-2.6260,0.2595,-0.3206,42.74,On Surface
592133,-0.0096,9.9551,1.3312,-2.3206,0.5954,-0.0153,43.02,On Surface
592183,-0.0144,9.9000,1.3838,-2.5344,0.5649,-0.2443,42.98,On Surface
592233,0.0239,9.9168,1.3360,-2.3053,0.3511,-0.2595,42.93,On Surface
592283,-0.0048,9.9407,1.3838,-2.0000,0.3817,0.1221,42.93,On Surface
592333,-0.0096,9.9431,1.3862,-2.2901,0.3511,-0.2748,42.84,On Surface
592383,-0.0192,9.9240,1.3743,-2.4122,0.4122,-0.1374,42.98,On Surface
592433,-0.0263,9.9264,1.4030,-2.3359,0.3969,-0.0305,42.79,On Surface
592483,0.0024,9.9144,1.3671,-2.2595,0.3206,0.1374,42.74,On Surface
592533,-0.0096,9.9623,1.3719,-2.4885,0.2290,-0.1374,43.02,On Surface
592583,-0.0479,9.9311,1.3862,-2.4122,0.5954,-0.0458,42.93,On Surface
592633,0.0000,9.9407,1.3024,-2.3511,0.5038,-0.1221,42.98,On Surface
592683,0.0144,9.9383,1.3072,-2.4275,0.3969,-0.1221,42.79,On Surface
592733,-0.0144,9.9790,1.3288,-2.3817,0.5496,-0.0916,42.98,On Surface
592783,-0.0886,9.9168,1.3431,-2.3206,0.1527,-0.0763,42.65,On Surface
592833,0.0048,9.9240,1.3838,-2.5802,0.1679,-0.3817,43.02,On Surface
592883,0.0096,9.9455,1.3767,-2.5344,0.5649,0.1221,43.12,On Surface
592933,-0.0144,9.9264,1.3503,-2.1832,0.4427,-0.1527,42.84,On Surface
592983,0.0000,9.9168,1.3527,-2.4275,0.4733,0.3053,42.98,On Surface
593033,0.0144,9.9216,1.3503,-2.2290,0.4275,-0.2901,42.98,On Surface
593083,0.0048,9.9407,1.3791,-2.6107,0.4580,0.1374,42.93,On Surface
593133,-0.0048,9.9216,1.3599,-2.4122,0.2290,0.0000,42.98,On Surface
593183,-0.0168,9.9527,1.3168,-2.3206,0.3359,-0.2137,43.02,On Surface
593233,-0.0096,9.9359,1.3001,-2.5954,0.4885,-0.3206,43.12,On Surface
593283,-0.0072,9.9359,1.3048,-2.3053,0.3511,0.2290,42.74,On Surface
593333,0.0168,9.9599,1.3336,-2.4427,0.2443,0.0000,42.93,On Surface
593383,0.0239,9.9024,1.3743,-2.2290,0.2748,0.1985,42.74,On Surface
593433,-0.0072,9.9120,1.3479,-2.4122,0.2595,-0.0916,42.79,On Surface
593483,0.0048,9.8665,1.3240,-2.0458,0.1832,-0.0305,42.84,On Surface
593533,0.0263,9.9288,1.3455,-2.3969,0.2748,0.0916,42.79,On Surface
593583,0.0000,9.9000,1.3647,-2.6260,0.5496,0.0305,42.98,On Surface
593633,-0.0120,9.9647,1.3791,-2.4580,0.3511,-0.0916,42.84,On Surface
593683,0.0263,9.9838,1.3072,-2.4580,0.3359,0.1527,42.65,On Surface
593733,-0.0120,9.9551,1.3527,-2.5344,0.2290,0.0916,42.98,On Surface
593783,-0.0287,9.9551,1.2881,-2.3664,0.4427,-0.2595,43.12,On Surface
593833,-0.0215,9.9527,1.3168,-2.0458,0.3817,-0.1069,42.65,On Surface
593883,-0.0072,9.9192,1.3216,-2.2748,0.1985,0.1679,42.98,On Surface
593933,0.0431,9.9527,1.3527,-2.0763,0.4122,-0.0916,43.12,On Surface
593983,0.0000,9.8737,1.3384,-2.4275,0.3817,-0.1832,42.79,On Surface
594033,0.0048,9.9288,1.3455,-2.2901,-0.0153,-0.1069,42.98,On Surface
594083,0.0000,9.9431,1.3336,-2.4733,0.3359,0.1832,43.12,On Surface
594133,0.0048,9.9096,1.3527,-2.5038,0.4427,0.3817,43.02,On Surface
594183,-0.0072,9.9311,1.3192,-2.6565,0.3053,0.0458,42.98,On Surface
594233,-0.0048,9.9527,1.3599,-2.2748,0.5038,-0.2748,42.98,On Surface
594283,0.0048,9.9311,1.3336,-2.4733,0.5954,0.0458,43.02,On Surface
594333,-0.0072,9.9120,1.3551,-2.5649,0.5649,-0.2290,43.02,On Surface
594383,0.0120,9.9168,1.4150,-2.3206,0.3206,-0.0153,42.93,On Surface
594433,0.0359,9.8857,1.3264,-1.9847,0.3511,-0.1374,42.65,On Surface
594483,-0.0144,9.9503,1.4054,-2.3206,0.5344,-0.0763,42.93,On Surface
594533,-0.0120,9.9383,1.3695,-2.4122,0.3511,-0.0763,42.93,On Surface
594583,0.0000,9.9264,1.3695,-2.3664,0.6260,-0.1221,42.98,On Surface
594633,0.0000,9.9431,1.3599,-2.6412,0.3206,-0.1832,42.93,On Surface
594683,-0.0479,9.9671,1.2594,-2.4885,0.4885,-0.1374,42.93,On Surface
594733,-0.0144,9.9240,1.3096,-2.3053,0.4733,0.2595,43.12,On Surface
594783,0.0431,9.9335,1.2881,-2.3359,0.6718,-0.2443,43.12,On Surface
594833,-0.0048,9.9718,1.3815,-2.3359,0.4733,-0.4122,42.79,On Surface
594883,0.0335,9.9407,1.3001,-2.4733,0.4733,-0.1374,42.93,On Surface
594933,-0.0120,9.8713,1.3240,-2.7023,0.3359,-0.1069,42.84,On Surface
594983,0.0072,9.9359,1.3862,-2.4275,0.3511,0.0611,42.93,On Surface
595033,-0.0287,9.8928,1.3599,-2.3969,0.3206,-0.0153,42.84,On Surface
595083,0.0120,9.9240,1.3671,-2.2748,0.3817,0.1221,42.93,On Surface
595133,-0.0311,9.9168,1.3575,-2.4733,0.5038,-0.2748,42.79,On Surface
595183,0.0048,9.9814,1.3096,-2.3664,0.7328,-0.1374,42.79,On Surface
595233,-0.0311,9.9671,1.3551,-2.3817,0.6260,-0.2443,42.79,On Surface
595283,-0.0024,9.9264,1.3479,-2.3817,0.8092,-0.0153,42.98,On Surface
595333,0.0072,9.8976,1.3240,-2.4733,0.3664,0.0611,42.79,On Surface
595383,-0.0215,9.9096,1.3479,-2.5344,0.6718,-0.2443,43.02,On Surface
595433,0.0215,9.9216,1.3479,-2.6718,0.4580,0.0153,42.93,On Surface
595483,-0.0096,9.9024,1.3312,-2.4275,0.5954,-0.1374,42.74,On Surface
595533,-0.0072,9.9120,1.3599,-2.5954,0.0458,-0.1069,43.12,On Surface
595583,0.0048,9.9718,1.3144,-2.6107,0.3969,-0.0916,42.93,On Surface
595633,-0.0048,9.9599,1.3240,-2.5038,0.6870,0.0000,42.98,On Surface
595683,-0.0048,9.9383,1.3575,-2.8092,0.6565,-0.1985,42.84,On Surface
595733,-0.0263,9.9790,1.3120,-2.2901,0.4580,-0.1679,43.02,On Surface
595783,-0.0359,9.9120,1.3815,-2.6260,0.2748,-0.1374,43.12,On Surface
595833,0.0215,9.9048,1.3312,-2.2443,0.3817,0.0611,42.98,On Surface
595883,0.0000,9.9407,1.3743,-2.1374,0.6870,-0.2595,42.98,On Surface
595933,-0.0024,9.8904,1.3527,-2.5496,0.4275,-0.1527,42.93,On Surface
595983,0.0383,9.9527,1.3264,-2.2137,0.5191,-0.0458,43.02,On Surface
596033,-0.0192,9.8904,1.3408,-2.3206,0.1679,-0.1527,43.02,On Surface
596083,-0.0622,9.9144,1.3408,-2.2290,0.3511,0.0000,43.02,On Surface
596133,-0.0503,9.9335,1.3120,-2.7023,0.3206,-0.0153,42.98,On Surface
596183,-0.0096,9.9431,1.3168,-2.3664,0.4580,-0.1832,42.65,On Surface
596233,-0.0479,9.9335,1.3958,-2.1679,0.3359,-0.2901,43.02,On Surface
596283,0.0048,9.9503,1.3910,-2.3664,0.3511,-0.1527,42.79,On Surface
596333,0.0096,9.9216,1.3575,-2.3206,0.6107,-0.2290,43.12,On Surface
596383,-0.0120,9.9311,1.3575,-2.3359,0.4580,0.0153,42.65,On Surface
596433,-0.0144,9.9407,1.4006,-2.2748,0.1985,-0.1221,42.98,On Surface
596483,-0.0048,9.9024,1.3982,-2.3206,0.3053,0.2290,42.79,On Surface
596533,-0.0168,9.9096,1.3671,-2.1832,0.2443,-0.1221,43.12,On Surface
596583,-0.0024,9.9192,1.3551,-2.1985,0.3817,-0.1527,42.74,On Surface
596633,-0.0120,9.9240,1.3408,-2.0916,0.6260,0.1374,42.65,On Surface
596683,-0.0120,9.9695,1.3264,-2.3359,0.5802,-0.0458,42.93,On Surface
596733,-0.0215,9.9599,1.3360,-2.1832,0.2901,-0.0916,42.79,On Surface
596783,-0.0120,9.9407,1.3527,-2.5038,0.2748,-0.2901,42.93,On Surface
596833,-0.0239,9.9383,1.3503,-2.3053,0.5344,0.1679,42.98,On Surface
596883,-0.0359,9.9264,1.3192,-2.2290,0.1374,-0.0305,42.98,On Surface
596933,0.0120,9.9192,1.3767,-2.3359,0.3206,0.1985,42.98,On Surface
596983,0.0383,9.9383,1.3431,-2.2748,0.1985,-0.0611,43.02,On Surface
597033,-0.0072,9.9599,1.3647,-2.4580,0.3359,-0.0153,42.65,On Surface
597083,0.0000,9.9503,1.3264,-2.4427,0.3511,0.0611,43.02,On Surface
597133,0.0000,9.9790,1.2905,-2.4427,0.7634,-0.1679,42.79,On Surface
597183,0.0072,9.9671,1.3551,-2.3664,0.4885,-0.1527,42.98,On Surface
597233,0.0096,9.9168,1.2977,-2.3206,0.4122,-0.3359,42.98,On Surface
597283,-0.0120,9.9264,1.3288,-2.4122,0.4733,-0.0153,42.98,On Surface
597333,-0.0479,9.9455,1.3384,-2.1985,0.3817,0.0153,43.02,On Surface
597383,-0.0096,9.9288,1.3264,-2.3664,0.5954,-0.2595,42.93,On Surface
597433,-0.0096,9.9072,1.3838,-2.6260,0.4733,-0.2137,42.84,On Surface
597483,-0.0048,9.9144,1.3168,-2.3206,0.3511,-0.2290,42.79,On Surface
597533,-0.0192,9.9072,1.3024,-2.6260,0.3053,0.0458,42.84,On Surface
597583,0.0144,9.9311,1.3743,-2.4427,0.7023,-0.2748,42.79,On Surface
597633,0.0072,9.8952,1.3072,-2.3511,0.6412,-0.1527,42.98,On Surface
597683,0.0072,9.9000,1.3264,-2.1985,0.4885,-0.2137,43.02,On Surface
597733,0.0072,9.9335,1.3719,-2.3817,0.5496,-0.0763,42.93,On Surface
597783,-0.0120,9.9431,1.3336,-2.3511,0.4733,-0.2290,42.84,On Surface
597833,-0.0215,9.9311,1.3575,-2.3511,0.5344,-0.2443,42.84,On Surface
597883,0.0239,9.8833,1.3743,-2.3969,0.5802,-0.1069,43.31,On Surface
597933,0.0192,9.9192,1.3527,-2.4580,0.2137,-0.0611,42.93,On Surface
597983,0.0215,9.8976,1.2785,-2.5344,0.2901,-0.4122,42.79,On Surface
598033,0.0479,9.9000,1.3575,-2.2748,0.6107,-0.1985,43.17,On Surface
598083,0.0287,9.9551,1.3767,-2.3206,0.4733,0.0000,43.17,On Surface
598133,-0.0311,9.8952,1.3024,-2.4122,0.3053,-0.3206,43.12,On Surface
598183,0.0096,9.9359,1.3815,-2.3664,0.5649,-0.1832,43.02,On Surface
598233,0.0072,9.9431,1.2761,-2.2290,0.3969,-0.0763,42.98,On Surface
598283,0.0192,9.9144,1.3575,-2.4580,0.5344,-0.0153,42.98,On Surface
598333,-0.0215,9.9335,1.3384,-2.7023,0.6565,-0.2290,42.98,On Surface
598383,0.0407,9.9024,1.3958,-2.3053,0.3206,-0.1527,42.98,On Surface
598433,0.0000,9.8976,1.3192,-2.5344,0.3053,-0.1679,42.84,On Surface
598483,-0.0024,9.9623,1.2785,-2.4122,0.5191,-0.2137,42.84,On Surface
598533,0.0239,9.9288,1.3551,-2.4733,0.1069,-0.1221,42.74,On Surface
598583,-0.0383,9.9359,1.3838,-2.4122,0.4733,-0.1221,42.93,On Surface
598633,-0.0096,9.9575,1.3048,-2.7176,0.3511,-0.0458,42.98,On Surface
598683,-0.0048,9.9311,1.3671,-2.5344,0.2595,0.0458,43.17,On Surface
598733,-0.0287,9.9240,1.3767,-2.3817,0.3817,-0.1679,43.17,On Surface
598783,0.0000,9.9503,1.3671,-2.3817,0.4580,-0.1069,42.93,On Surface
598833,-0.0024,9.9096,1.3527,-2.3511,0.4275,-0.1221,42.93,On Surface
598883,0.0120,9.9359,1.3503,-2.5496,0.3664,-0.0305,42.79,On Surface
598933,-0.0072,9.9431,1.3216,-2.4580,0.4733,-0.1832,43.12,On Surface
598983,0.0120,9.9288,1.3910,-2.4275,0.4580,-0.3053,42.98,On Surface
599033,0.0120,9.9216,1.3671,-2.5038,0.5038,-0.1679,42.84,On Surface
599083,-0.0024,9.9335,1.3719,-2.5649,0.7176,-0.2137,42.79,On Surface
599133,-0.0192,9.9527,1.2617,-2.5954,0.8397,-0.0916,42.79,On Surface
599183,0.0096,9.9551,1.3838,-2.4427,0.4885,-0.3359,42.98,On Surface
599233,0.0000,9.9814,1.3288,-2.6412,0.5191,-0.1527,42.98,On Surface
599283,-0.0168,9.9647,1.3838,-2.2595,0.3969,-0.2748,42.93,On Surface
599333,-0.0120,9.9359,1.3886,-2.4733,0.3359,-0.0153,42.93,On Surface
599383,0.0000,9.9144,1.3575,-2.2290,0.5038,-0.1527,42.98,On Surface
599433,-0.0120,9.9144,1.3216,-2.3053,0.5802,-0.0153,42.93,On Surface
599483,0.0096,9.9024,1.4006,-2.4122,0.4733,-0.2901,42.79,On Surface
599533,0.0263,9.9264,1.3360,-2.4580,0.4275,0.0305,43.02,On Surface
599583,-0.0192,9.9575,1.3671,-2.5496,0.4275,0.1527,42.84,On Surface
599633,0.0000,9.9407,1.3120,-2.5954,0.5954,-0.1527,43.12,On Surface
599683,-0.0120,9.9359,1.3408,-2.2443,0.5496,-0.2290,42.93,On Surface
599733,-0.0144,9.9072,1.3216,-2.5344,0.4885,0.1069,42.79,On Surface
599783,0.0096,9.9264,1.3431,-2.1527,0.5191,-0.0305,43.12,On Surface
599833,-0.0215,9.9240,1.3719,-2.1832,0.4427,-0.0763,42.79,On Surface
599883,-0.0263,9.9551,1.3743,-2.2137,0.2901,-0.1832,42.79,On Surface
599933,-0.0048,9.9048,1.4174,-2.4885,0.2748,-0.0458,42.98,On Surface
599983,-0.0096,9.9359,1.3623,-2.6107,0.2901,0.0305,42.98,On Surface
